timestamp,estacion,original_ppb,predicho_ppb,base_ppb,perfil_ppb,umbral_ppb,alerta_limpia
2025-10-31 00:00:00,SAC,3.0,14.9212475,21.036232,21.036231884057973,17.8196964263916,False
2025-10-31 01:00:00,SAC,3.0,14.357492,18.963503,18.963503649635037,17.8196964263916,False
2025-10-31 02:00:00,SAC,3.0,14.677915,17.84058,17.840579710144926,17.8196964263916,False
2025-10-31 03:00:00,SAC,3.0,14.006907,16.19178,16.19178082191781,17.8196964263916,False
2025-10-31 04:00:00,SAC,3.0,12.129456,13.367347,13.36734693877551,17.8196964263916,False
2025-10-31 05:00:00,SAC,4.0,8.882299,9.700681,9.700680272108844,17.8196964263916,False
2025-10-31 06:00:00,SAC,4.0,6.2911224,7.109589,7.109589041095891,17.8196964263916,False
2025-10-31 07:00:00,SAC,4.0,6.52859,8.054794,8.054794520547945,17.8196964263916,False
2025-10-31 08:00:00,SAC,8.0,11.105516,14.358621,14.358620689655172,17.8196964263916,False
2025-10-31 09:00:00,SAC,26.0,22.416122,28.0,28.0,17.8196964263916,False
2025-10-31 10:00:00,SAC,53.0,36.052708,45.095238,45.095238095238095,17.8196964263916,False
2025-10-31 11:00:00,SAC,67.0,45.283768,60.541668,60.541666666666664,17.8196964263916,True
2025-10-31 12:00:00,SAC,65.0,49.98721,70.77857,70.77857142857142,17.8196964263916,False
2025-10-31 13:00:00,SAC,76.0,53.3909,75.38298,75.38297872340425,17.8196964263916,True
2025-10-31 14:00:00,SAC,83.0,58.85798,76.942856,76.94285714285714,17.8196964263916,True
2025-10-31 15:00:00,SAC,91.0,58.207638,75.63704,75.63703703703703,17.8196964263916,True
2025-10-31 16:00:00,SAC,86.0,56.099163,70.1049,70.1048951048951,17.8196964263916,True
2025-10-31 17:00:00,SAC,69.0,51.996597,62.188812,62.18881118881119,17.8196964263916,False
2025-10-31 18:00:00,SAC,55.0,45.02409,52.889656,52.889655172413796,17.8196964263916,False
2025-10-31 19:00:00,SAC,50.0,38.943478,43.731033,43.73103448275862,17.8196964263916,False
2025-10-31 20:00:00,SAC,42.0,35.742916,35.944828,35.9448275862069,17.8196964263916,False
2025-10-31 21:00:00,SAC,4.0,34.06436,30.131035,30.131034482758622,17.8196964263916,True
2025-10-31 22:00:00,SAC,5.0,27.894707,26.103449,26.103448275862068,17.8196964263916,True
2025-10-31 23:00:00,SAC,5.0,21.229412,21.248226,21.24822695035461,17.8196964263916,False
2025-11-01 03:00:00,SAC,4.0,4.0834713,3.0,3.0,17.8196964263916,False
2025-11-01 04:00:00,SAC,4.0,4.055002,3.0,3.0,17.8196964263916,False
2025-11-01 05:00:00,SAC,4.0,4.615852,4.0,4.0,17.8196964263916,False
2025-11-01 06:00:00,SAC,6.0,3.8133714,4.0,4.0,17.8196964263916,False
2025-11-01 07:00:00,SAC,6.0,3.3957314,4.0,4.0,17.8196964263916,False
2025-11-01 08:00:00,SAC,13.0,5.7976074,8.0,8.0,17.8196964263916,False
2025-11-01 09:00:00,SAC,30.0,19.751213,26.0,26.0,17.8196964263916,False
2025-11-01 10:00:00,SAC,57.0,41.33155,53.0,53.0,17.8196964263916,False
2025-11-01 11:00:00,SAC,85.0,51.479862,67.0,67.0,17.8196964263916,True
2025-11-01 12:00:00,SAC,84.0,48.603752,65.0,65.0,17.8196964263916,True
2025-11-01 13:00:00,SAC,78.0,60.524086,76.0,76.0,17.8196964263916,False
2025-11-01 14:00:00,SAC,83.0,69.37921,83.0,83.0,17.8196964263916,False
2025-11-01 15:00:00,SAC,84.0,79.879524,91.0,91.0,17.8196964263916,False
2025-11-01 16:00:00,SAC,67.0,78.28796,86.0,86.0,17.8196964263916,False
2025-11-01 17:00:00,SAC,59.0,64.5296,69.0,69.0,17.8196964263916,False
2025-11-01 18:00:00,SAC,51.0,51.694115,55.0,55.0,17.8196964263916,False
2025-11-01 19:00:00,SAC,46.0,48.212772,50.0,50.0,17.8196964263916,False
2025-11-01 20:00:00,SAC,45.0,40.499737,42.0,42.0,17.8196964263916,False
2025-11-01 21:00:00,SAC,34.0,4.810379,4.0,4.0,17.8196964263916,True
2025-11-01 22:00:00,SAC,18.0,6.531057,5.0,5.0,17.8196964263916,False
2025-11-01 23:00:00,SAC,5.0,5.5795393,5.0,5.0,17.8196964263916,False
2025-11-02 00:00:00,SAC,4.0,3.0559895,3.0,3.0,17.8196964263916,False
2025-11-02 01:00:00,SAC,4.0,2.7743578,3.0,3.0,17.8196964263916,False
2025-11-02 02:00:00,SAC,4.0,3.2305117,3.0,3.0,17.8196964263916,False
2025-11-02 03:00:00,SAC,4.0,3.9781022,3.5,3.5,17.8196964263916,False
2025-11-02 04:00:00,SAC,4.0,4.5040593,3.5,3.5,17.8196964263916,False
2025-11-02 05:00:00,SAC,4.0,5.401182,4.0,4.0,17.8196964263916,False
2025-11-02 06:00:00,SAC,4.0,6.3673477,5.0,5.0,17.8196964263916,False
2025-11-02 07:00:00,SAC,10.0,6.099164,5.0,5.0,17.8196964263916,False
2025-11-02 08:00:00,SAC,27.0,11.795331,10.5,10.5,17.8196964263916,False
2025-11-02 09:00:00,SAC,42.0,28.709198,28.0,28.0,17.8196964263916,False
2025-11-02 10:00:00,SAC,51.0,51.1487,55.0,55.0,17.8196964263916,False
2025-11-02 11:00:00,SAC,65.0,65.37566,76.0,76.0,17.8196964263916,False
2025-11-02 12:00:00,SAC,72.0,57.40089,74.5,74.5,17.8196964263916,False
2025-11-02 13:00:00,SAC,79.0,58.025726,77.0,77.0,17.8196964263916,True
2025-11-02 14:00:00,SAC,73.0,63.13745,83.0,83.0,17.8196964263916,False
2025-11-02 16:00:00,SAC,60.0,57.56514,76.5,76.5,17.8196964263916,False
2025-11-02 17:00:00,SAC,48.0,46.088356,64.0,64.0,17.8196964263916,False
2025-11-02 18:00:00,SAC,36.0,36.470776,53.0,53.0,17.8196964263916,False
2025-11-02 19:00:00,SAC,28.0,33.47159,48.0,48.0,17.8196964263916,False
2025-11-02 20:00:00,SAC,22.0,31.838451,43.5,43.5,17.8196964263916,False
2025-11-02 21:00:00,SAC,22.0,10.993721,19.0,19.0,17.8196964263916,False
2025-11-02 22:00:00,SAC,17.0,7.51297,11.5,11.5,17.8196964263916,False
2025-11-02 23:00:00,SAC,18.0,5.049195,5.0,5.0,17.8196964263916,False
2025-11-03 00:00:00,SAC,22.0,7.077804,3.5,3.5,17.8196964263916,False
2025-11-03 01:00:00,SAC,23.0,9.4712515,3.5,3.5,17.8196964263916,False
2025-11-03 02:00:00,SAC,21.0,11.663315,3.5,3.5,17.8196964263916,False
2025-11-03 03:00:00,SAC,28.0,13.341742,3.6666667,3.6666666666666665,17.8196964263916,False
2025-11-03 04:00:00,SAC,30.0,14.719583,3.6666667,3.6666666666666665,17.8196964263916,False
2025-11-03 05:00:00,SAC,17.0,15.199858,4.0,4.0,17.8196964263916,False
2025-11-03 06:00:00,SAC,8.0,13.440861,4.6666665,4.666666666666667,17.8196964263916,False
2025-11-03 07:00:00,SAC,10.0,10.855346,6.6666665,6.666666666666667,17.8196964263916,False
2025-11-03 08:00:00,SAC,23.0,14.014102,16.0,16.0,17.8196964263916,False
2025-11-03 09:00:00,SAC,34.0,23.617826,32.666668,32.666666666666664,17.8196964263916,False
2025-11-03 10:00:00,SAC,39.0,38.04429,53.666668,53.666666666666664,17.8196964263916,False
2025-11-03 12:00:00,SAC,61.0,49.932,73.666664,73.66666666666667,17.8196964263916,False
2025-11-03 13:00:00,SAC,61.0,51.303734,77.666664,77.66666666666667,17.8196964263916,False
2025-11-03 14:00:00,SAC,73.0,52.74835,79.666664,79.66666666666667,17.8196964263916,True
2025-11-03 15:00:00,SAC,81.0,61.706047,87.5,87.5,17.8196964263916,True
2025-11-03 16:00:00,SAC,77.0,47.89798,71.0,71.0,17.8196964263916,True
2025-11-03 17:00:00,SAC,64.0,38.044956,58.666668,58.666666666666664,17.8196964263916,True
2025-11-03 18:00:00,SAC,35.0,28.537397,47.333332,47.333333333333336,17.8196964263916,False
2025-11-03 19:00:00,SAC,26.0,23.947994,41.333332,41.333333333333336,17.8196964263916,False
2025-11-03 20:00:00,SAC,20.0,21.735733,36.333332,36.333333333333336,17.8196964263916,False
2025-11-03 21:00:00,SAC,14.0,8.840382,20.0,20.0,17.8196964263916,False
2025-11-03 22:00:00,SAC,15.0,5.247568,13.333333,13.333333333333334,17.8196964263916,False
2025-11-03 23:00:00,SAC,11.0,4.7665396,9.333333,9.333333333333334,17.8196964263916,False
2025-11-04 00:00:00,SAC,18.0,8.890835,9.666667,9.666666666666666,17.8196964263916,False
2025-11-04 01:00:00,SAC,24.0,12.479406,10.0,10.0,17.8196964263916,False
2025-11-04 02:00:00,SAC,22.0,14.63006,9.333333,9.333333333333334,17.8196964263916,False
2025-11-04 03:00:00,SAC,20.0,17.555048,9.75,9.75,17.8196964263916,False
2025-11-04 04:00:00,SAC,17.0,18.706114,10.25,10.25,17.8196964263916,False
2025-11-04 05:00:00,SAC,6.0,14.723605,7.25,7.25,17.8196964263916,False
2025-11-04 06:00:00,SAC,5.0,11.667574,5.5,5.5,17.8196964263916,False
2025-11-04 07:00:00,SAC,13.0,11.420033,7.5,7.5,17.8196964263916,False
2025-11-04 08:00:00,SAC,20.0,19.326628,17.75,17.75,17.8196964263916,False
2025-11-04 09:00:00,SAC,26.0,29.831894,33.0,33.0,17.8196964263916,False
2025-11-04 10:00:00,SAC,36.0,40.96029,50.0,50.0,17.8196964263916,False
2025-11-04 11:00:00,SAC,51.0,55.985897,72.333336,72.33333333333333,17.8196964263916,False
2025-11-04 12:00:00,SAC,67.0,48.444717,70.5,70.5,17.8196964263916,True
2025-11-04 13:00:00,SAC,80.0,50.316986,73.5,73.5,17.8196964263916,True
2025-11-04 14:00:00,SAC,89.0,56.310932,78.0,78.0,17.8196964263916,True
2025-11-04 15:00:00,SAC,96.0,64.0776,85.333336,85.33333333333333,17.8196964263916,True
2025-11-04 16:00:00,SAC,102.0,54.093502,72.5,72.5,17.8196964263916,True
2025-11-04 17:00:00,SAC,71.0,44.988697,60.0,60.0,17.8196964263916,True
2025-11-04 18:00:00,SAC,56.0,31.188763,44.25,44.25,17.8196964263916,True
2025-11-04 19:00:00,SAC,41.0,24.050789,37.5,37.5,17.8196964263916,False
2025-11-04 20:00:00,SAC,41.0,22.38515,32.25,32.25,17.8196964263916,True
2025-11-04 21:00:00,SAC,35.0,11.093409,18.5,18.5,17.8196964263916,True
2025-11-04 22:00:00,SAC,9.0,8.755905,13.75,13.75,17.8196964263916,False
2025-11-04 23:00:00,SAC,12.0,6.638383,9.75,9.75,17.8196964263916,False
2025-11-05 00:00:00,SAC,10.0,9.867593,11.75,11.75,17.8196964263916,False
2025-11-05 01:00:00,SAC,7.0,13.101791,13.5,13.5,17.8196964263916,False
2025-11-05 02:00:00,SAC,9.0,13.00047,12.5,12.5,17.8196964263916,False
2025-11-05 03:00:00,SAC,6.0,13.052779,11.8,11.8,17.8196964263916,False
2025-11-05 04:00:00,SAC,7.0,13.134942,11.6,11.6,17.8196964263916,False
2025-11-05 05:00:00,SAC,7.0,8.347174,7.0,7.0,17.8196964263916,False
2025-11-05 06:00:00,SAC,4.0,5.6160274,5.4,5.4,17.8196964263916,False
2025-11-05 07:00:00,SAC,6.0,6.552677,8.6,8.6,17.8196964263916,False
2025-11-05 08:00:00,SAC,11.0,13.108926,18.2,18.2,17.8196964263916,False
2025-11-05 09:00:00,SAC,15.0,22.52428,31.6,31.6,17.8196964263916,False
2025-11-05 10:00:00,SAC,32.0,33.36956,47.2,47.2,17.8196964263916,False
2025-11-05 11:00:00,SAC,69.0,47.75516,67.0,67.0,17.8196964263916,True
2025-11-05 12:00:00,SAC,77.0,46.519215,69.8,69.8,17.8196964263916,True
2025-11-05 13:00:00,SAC,85.0,51.926987,74.8,74.8,17.8196964263916,True
2025-11-05 14:00:00,SAC,94.0,60.42385,80.2,80.2,17.8196964263916,True
2025-11-05 15:00:00,SAC,93.0,73.91278,88.0,88.0,17.8196964263916,True
2025-11-05 16:00:00,SAC,88.0,68.99328,78.4,78.4,17.8196964263916,True
2025-11-05 17:00:00,SAC,70.0,56.009827,62.2,62.2,17.8196964263916,False
2025-11-05 18:00:00,SAC,38.0,42.35892,46.6,46.6,17.8196964263916,False
2025-11-05 19:00:00,SAC,27.0,32.452854,38.2,38.2,17.8196964263916,False
2025-11-05 20:00:00,SAC,19.0,25.003109,34.0,34.0,17.8196964263916,False
2025-11-05 21:00:00,SAC,15.0,11.866278,21.8,21.8,17.8196964263916,False
2025-11-05 22:00:00,SAC,9.0,1.9011812,12.8,12.8,17.8196964263916,False
2025-11-05 23:00:00,SAC,3.0,-0.6083107,10.2,10.2,17.8196964263916,False
2025-11-06 00:00:00,SAC,3.0,2.768793,11.4,11.4,17.8196964263916,False
2025-11-06 01:00:00,SAC,4.0,6.5587244,12.2,12.2,17.8196964263916,False
2025-11-06 02:00:00,SAC,7.0,8.23947,11.8,11.8,17.8196964263916,False
2025-11-06 03:00:00,SAC,7.0,8.680213,10.833333,10.833333333333334,17.8196964263916,False
2025-11-06 04:00:00,SAC,7.0,9.637083,10.833333,10.833333333333334,17.8196964263916,False
2025-11-06 05:00:00,SAC,3.0,5.4670954,7.0,7.0,17.8196964263916,False
2025-11-06 06:00:00,SAC,3.0,1.9559171,5.1666665,5.166666666666667,17.8196964263916,False
2025-11-06 07:00:00,SAC,4.0,2.763866,8.166667,8.166666666666666,17.8196964263916,False
2025-11-06 08:00:00,SAC,8.0,8.663391,17.0,17.0,17.8196964263916,False
2025-11-06 09:00:00,SAC,19.0,17.038929,28.833334,28.833333333333332,17.8196964263916,False
2025-11-06 10:00:00,SAC,38.0,29.286116,44.666668,44.666666666666664,17.8196964263916,False
2025-11-06 11:00:00,SAC,60.0,47.915577,67.4,67.4,17.8196964263916,False
2025-11-06 12:00:00,SAC,78.0,49.376705,71.0,71.0,17.8196964263916,True
2025-11-06 13:00:00,SAC,89.0,56.049046,76.5,76.5,17.8196964263916,True
2025-11-06 14:00:00,SAC,94.0,66.65833,82.5,82.5,17.8196964263916,True
2025-11-06 15:00:00,SAC,100.0,80.62956,89.0,89.0,17.8196964263916,True
2025-11-06 16:00:00,SAC,102.0,79.31522,80.0,80.0,17.8196964263916,True
2025-11-06 17:00:00,SAC,89.0,68.12229,63.5,63.5,17.8196964263916,True
2025-11-06 18:00:00,SAC,67.0,50.268093,45.166668,45.166666666666664,17.8196964263916,False
2025-11-06 19:00:00,SAC,54.0,42.42983,36.333332,36.333333333333336,17.8196964263916,False
2025-11-06 20:00:00,SAC,54.0,35.196724,31.5,31.5,17.8196964263916,True
2025-11-06 21:00:00,SAC,21.0,18.968487,20.666666,20.666666666666668,17.8196964263916,False
2025-11-06 22:00:00,SAC,4.0,7.91103,12.166667,12.166666666666666,17.8196964263916,False
2025-11-06 23:00:00,SAC,3.0,5.5695534,9.0,9.0,17.8196964263916,False
2025-11-07 03:00:00,SAC,6.0,15.8622265,10.285714,10.285714285714286,17.8196964263916,False
2025-11-07 04:00:00,SAC,3.0,14.421253,10.285714,10.285714285714286,17.8196964263916,False
2025-11-07 05:00:00,SAC,3.0,10.655873,6.428571,6.428571428571429,17.8196964263916,False
2025-11-07 06:00:00,SAC,4.0,7.8543644,4.857143,4.857142857142857,17.8196964263916,False
2025-11-07 07:00:00,SAC,4.0,9.030877,7.571429,7.571428571428571,17.8196964263916,False
2025-11-07 08:00:00,SAC,7.0,15.438032,15.714286,15.714285714285714,17.8196964263916,False
2025-11-07 09:00:00,SAC,18.0,25.772175,27.428572,27.428571428571427,17.8196964263916,False
2025-11-07 10:00:00,SAC,45.0,40.61853,43.714287,43.714285714285715,17.8196964263916,False
2025-11-07 11:00:00,SAC,76.0,63.374287,66.166664,66.16666666666667,17.8196964263916,False
2025-11-07 12:00:00,SAC,99.0,62.999107,72.0,72.0,17.8196964263916,True
2025-11-07 13:00:00,SAC,107.0,70.48514,78.28571,78.28571428571429,17.8196964263916,True
2025-11-07 14:00:00,SAC,119.0,84.73261,84.14286,84.14285714285714,17.8196964263916,True
2025-11-07 15:00:00,SAC,127.0,95.04971,90.833336,90.83333333333333,17.8196964263916,True
2025-11-07 16:00:00,SAC,120.0,88.437004,83.14286,83.14285714285714,17.8196964263916,True
2025-11-07 17:00:00,SAC,97.0,72.798164,67.14286,67.14285714285714,17.8196964263916,True
2025-11-07 18:00:00,SAC,69.0,54.48637,48.285713,48.285714285714285,17.8196964263916,False
2025-11-07 19:00:00,SAC,64.0,45.59273,38.857143,38.857142857142854,17.8196964263916,True
2025-11-07 20:00:00,SAC,62.0,41.601315,34.714287,34.714285714285715,17.8196964263916,True
2025-11-07 21:00:00,SAC,36.0,27.94843,20.714285,20.714285714285715,17.8196964263916,False
2025-11-07 22:00:00,SAC,18.0,18.983774,11.0,11.0,17.8196964263916,False
2025-11-07 23:00:00,SAC,5.0,16.5806,8.142858,8.142857142857142,17.8196964263916,False
2025-11-08 00:00:00,SAC,4.0,19.892557,10.0,10.0,17.8196964263916,False
2025-11-08 01:00:00,SAC,5.0,19.694027,10.833333,10.833333333333334,17.8196964263916,False
2025-11-08 02:00:00,SAC,5.0,18.500368,11.0,11.0,17.8196964263916,False
2025-11-08 03:00:00,SAC,4.0,17.146732,9.75,9.75,17.8196964263916,False
2025-11-08 04:00:00,SAC,3.0,16.600266,9.375,9.375,17.8196964263916,False
2025-11-08 05:00:00,SAC,3.0,12.579656,6.0,6.0,17.8196964263916,False
2025-11-08 06:00:00,SAC,4.0,10.263358,4.75,4.75,17.8196964263916,False
2025-11-08 07:00:00,SAC,4.0,11.90548,7.125,7.125,17.8196964263916,False
2025-11-08 08:00:00,SAC,8.0,17.003273,14.625,14.625,17.8196964263916,False
2025-11-08 09:00:00,SAC,18.0,28.170776,26.25,26.25,17.8196964263916,False
2025-11-08 10:00:00,SAC,52.0,45.794502,43.875,43.875,17.8196964263916,False
2025-11-08 11:00:00,SAC,87.0,70.98216,67.57143,67.57142857142857,17.8196964263916,False
2025-11-08 12:00:00,SAC,107.0,81.88492,75.375,75.375,17.8196964263916,True
2025-11-08 13:00:00,SAC,122.0,86.01766,81.875,81.875,17.8196964263916,True
2025-11-08 14:00:00,SAC,137.0,91.52423,88.5,88.5,17.8196964263916,True
2025-11-08 15:00:00,SAC,146.0,98.486404,96.0,96.0,17.8196964263916,True
2025-11-08 16:00:00,SAC,152.0,91.692505,87.75,87.75,17.8196964263916,True
2025-11-08 17:00:00,SAC,119.0,77.306366,70.875,70.875,17.8196964263916,True
2025-11-08 18:00:00,SAC,61.0,59.855568,50.875,50.875,17.8196964263916,False
2025-11-08 19:00:00,SAC,58.0,48.299107,42.0,42.0,17.8196964263916,False
2025-11-08 20:00:00,SAC,58.0,41.112057,38.125,38.125,17.8196964263916,False
2025-11-08 21:00:00,SAC,11.0,22.98387,22.625,22.625,17.8196964263916,False
2025-11-08 22:00:00,SAC,4.0,9.600739,11.875,11.875,17.8196964263916,False
2025-11-08 23:00:00,SAC,4.0,6.352803,7.75,7.75,17.8196964263916,False
2025-11-09 00:00:00,SAC,5.0,9.742006,9.142858,9.142857142857142,17.8196964263916,False
2025-11-09 01:00:00,SAC,3.0,12.4109535,10.0,10.0,17.8196964263916,False
2025-11-09 02:00:00,SAC,4.0,13.64175,10.142858,10.142857142857142,17.8196964263916,False
2025-11-09 03:00:00,SAC,4.0,13.153282,9.111111,9.11111111111111,17.8196964263916,False
2025-11-09 04:00:00,SAC,4.0,12.738019,8.666667,8.666666666666666,17.8196964263916,False
2025-11-09 05:00:00,SAC,3.0,8.958223,5.6666665,5.666666666666667,17.8196964263916,False
2025-11-09 06:00:00,SAC,4.0,6.587286,4.6666665,4.666666666666667,17.8196964263916,False
2025-11-09 07:00:00,SAC,5.0,7.2237697,6.7777777,6.777777777777778,17.8196964263916,False
2025-11-09 08:00:00,SAC,13.0,12.664866,13.888889,13.88888888888889,17.8196964263916,False
2025-11-09 09:00:00,SAC,34.0,23.673458,25.333334,25.333333333333332,17.8196964263916,False
2025-11-09 10:00:00,SAC,57.0,44.068806,44.77778,44.77777777777778,17.8196964263916,False
2025-11-09 11:00:00,SAC,74.0,66.30799,70.0,70.0,17.8196964263916,False
2025-11-09 12:00:00,SAC,82.0,71.59076,78.888885,78.88888888888889,17.8196964263916,False
2025-11-09 13:00:00,SAC,77.0,78.92412,86.333336,86.33333333333333,17.8196964263916,False
2025-11-09 14:00:00,SAC,68.0,88.80343,93.888885,93.88888888888889,17.8196964263916,True
2025-11-09 15:00:00,SAC,55.0,98.867935,102.25,102.25,17.8196964263916,True
2025-11-09 16:00:00,SAC,50.0,92.01251,94.888885,94.88888888888889,17.8196964263916,True
2025-11-09 17:00:00,SAC,45.0,72.247734,76.22222,76.22222222222223,17.8196964263916,True
2025-11-09 18:00:00,SAC,41.0,46.59622,52.0,52.0,17.8196964263916,False
2025-11-09 19:00:00,SAC,38.0,37.790092,43.77778,43.77777777777778,17.8196964263916,False
2025-11-09 20:00:00,SAC,35.0,35.985992,40.333332,40.333333333333336,17.8196964263916,False
2025-11-09 21:00:00,SAC,37.0,18.26552,21.333334,21.333333333333332,17.8196964263916,True
2025-11-09 22:00:00,SAC,37.0,9.365627,11.0,11.0,17.8196964263916,True
2025-11-09 23:00:00,SAC,34.0,7.4971724,7.3333335,7.333333333333333,17.8196964263916,True
2025-11-10 00:00:00,SAC,30.0,10.679627,8.625,8.625,17.8196964263916,True
2025-11-10 01:00:00,SAC,29.0,14.48464,9.125,9.125,17.8196964263916,False
2025-11-10 02:00:00,SAC,28.0,18.210922,9.375,9.375,17.8196964263916,False
2025-11-10 03:00:00,SAC,20.0,19.20136,8.6,8.6,17.8196964263916,False
2025-11-10 04:00:00,SAC,23.0,17.768526,8.2,8.2,17.8196964263916,False
2025-11-10 05:00:00,SAC,28.0,12.89905,5.4,5.4,17.8196964263916,False
2025-11-10 06:00:00,SAC,27.0,7.497594,4.6,4.6,17.8196964263916,True
2025-11-10 07:00:00,SAC,19.0,2.844695,6.6,6.6,17.8196964263916,False
2025-11-10 08:00:00,SAC,26.0,3.859912,13.8,13.8,17.8196964263916,True
2025-11-10 09:00:00,SAC,25.0,10.995663,26.2,26.2,17.8196964263916,False
2025-11-10 10:00:00,SAC,22.0,27.532234,46.0,46.0,17.8196964263916,False
2025-11-10 11:00:00,SAC,27.0,49.370667,70.44444,70.44444444444444,17.8196964263916,True
2025-11-10 12:00:00,SAC,34.0,55.394012,79.2,79.2,17.8196964263916,True
2025-11-10 13:00:00,SAC,36.0,59.16789,85.4,85.4,17.8196964263916,True
2025-11-10 14:00:00,SAC,32.0,64.13809,91.3,91.3,17.8196964263916,True
2025-11-10 15:00:00,SAC,29.0,69.37302,97.0,97.0,17.8196964263916,True
2025-11-10 16:00:00,SAC,23.0,62.702164,90.4,90.4,17.8196964263916,True
2025-11-10 17:00:00,SAC,22.0,46.418312,73.1,73.1,17.8196964263916,True
2025-11-10 18:00:00,SAC,18.0,26.013765,50.9,50.9,17.8196964263916,False
2025-11-10 19:00:00,SAC,19.0,19.99312,43.2,43.2,17.8196964263916,False
2025-11-10 20:00:00,SAC,22.0,17.858887,39.8,39.8,17.8196964263916,False
2025-11-10 21:00:00,SAC,15.0,2.369793,22.9,22.9,17.8196964263916,False
2025-11-10 22:00:00,SAC,18.0,-4.725836,13.6,13.6,17.8196964263916,True
2025-11-10 23:00:00,SAC,16.0,-6.2942677,10.0,10.0,17.8196964263916,True
2025-11-11 00:00:00,SAC,21.0,-3.6169605,11.0,11.0,17.8196964263916,True
2025-11-11 01:00:00,SAC,14.0,-1.2068291,11.333333,11.333333333333334,17.8196964263916,False
2025-11-11 02:00:00,SAC,10.0,0.9757042,11.444445,11.444444444444445,17.8196964263916,False
2025-11-11 03:00:00,SAC,12.0,0.079120636,9.636364,9.636363636363637,17.8196964263916,False
2025-11-11 04:00:00,SAC,10.0,-0.44377136,9.545455,9.545454545454545,17.8196964263916,False
2025-11-11 05:00:00,SAC,4.0,-3.171269,7.4545455,7.454545454545454,17.8196964263916,False
2025-11-11 06:00:00,SAC,3.0,-5.3578076,6.6363635,6.636363636363637,17.8196964263916,False
2025-11-11 07:00:00,SAC,4.0,-5.2365756,7.7272725,7.7272727272727275,17.8196964263916,False
2025-11-11 08:00:00,SAC,9.0,0.8302326,14.909091,14.909090909090908,17.8196964263916,False
2025-11-11 09:00:00,SAC,21.0,10.605612,26.09091,26.09090909090909,17.8196964263916,False
2025-11-11 10:00:00,SAC,29.0,25.758652,43.81818,43.81818181818182,17.8196964263916,False
2025-11-11 11:00:00,SAC,38.0,44.388187,66.1,66.1,17.8196964263916,False
2025-11-11 12:00:00,SAC,53.0,49.238876,75.09091,75.0909090909091,17.8196964263916,False
2025-11-11 13:00:00,SAC,64.0,52.82442,80.90909,80.9090909090909,17.8196964263916,False
2025-11-11 14:00:00,SAC,66.0,58.020866,85.90909,85.9090909090909,17.8196964263916,False
2025-11-11 15:00:00,SAC,72.0,64.04148,90.2,90.2,17.8196964263916,False
2025-11-11 16:00:00,SAC,80.0,60.3587,84.27273,84.27272727272727,17.8196964263916,True
2025-11-11 17:00:00,SAC,63.0,45.620567,68.454544,68.45454545454545,17.8196964263916,False
2025-11-11 18:00:00,SAC,44.0,26.393362,47.909092,47.90909090909091,17.8196964263916,False
2025-11-11 19:00:00,SAC,39.0,21.921562,41.0,41.0,17.8196964263916,False
2025-11-11 20:00:00,SAC,26.0,21.450775,38.18182,38.18181818181818,17.8196964263916,False
2025-11-11 21:00:00,SAC,12.0,7.390897,22.181818,22.181818181818183,17.8196964263916,False
2025-11-11 22:00:00,SAC,9.0,1.309144,14.0,14.0,17.8196964263916,False
2025-11-11 23:00:00,SAC,7.0,0.13286686,10.545455,10.545454545454545,17.8196964263916,False
2025-11-12 00:00:00,SAC,7.0,3.7529964,12.0,12.0,17.8196964263916,False
2025-11-12 01:00:00,SAC,3.0,5.432059,11.6,11.6,17.8196964263916,False
2025-11-12 02:00:00,SAC,7.0,7.145786,11.3,11.3,17.8196964263916,False
2025-11-12 03:00:00,SAC,5.0,7.142865,9.833333,9.833333333333334,17.8196964263916,False
2025-11-12 04:00:00,SAC,6.0,7.906795,9.583333,9.583333333333334,17.8196964263916,False
2025-11-12 05:00:00,SAC,3.0,6.2719936,7.1666665,7.166666666666667,17.8196964263916,False
2025-11-12 06:00:00,SAC,3.0,5.6788626,6.3333335,6.333333333333333,17.8196964263916,False
2025-11-12 07:00:00,SAC,4.0,6.7128673,7.4166665,7.416666666666667,17.8196964263916,False
2025-11-12 08:00:00,SAC,6.0,13.63038,14.416667,14.416666666666666,17.8196964263916,False
2025-11-12 09:00:00,SAC,15.0,24.29921,25.666666,25.666666666666668,17.8196964263916,False
2025-11-12 10:00:00,SAC,41.0,38.498665,42.583332,42.583333333333336,17.8196964263916,False
2025-11-12 11:00:00,SAC,85.0,54.66555,63.545456,63.54545454545455,17.8196964263916,True
2025-11-12 12:00:00,SAC,99.0,61.235126,73.25,73.25,17.8196964263916,True
2025-11-12 13:00:00,SAC,107.0,69.082,79.5,79.5,17.8196964263916,True
2025-11-12 14:00:00,SAC,118.0,74.70495,84.25,84.25,17.8196964263916,True
2025-11-12 15:00:00,SAC,118.0,79.870316,88.545456,88.54545454545455,17.8196964263916,True
2025-11-12 16:00:00,SAC,104.0,77.20584,83.916664,83.91666666666667,17.8196964263916,True
2025-11-12 17:00:00,SAC,67.0,60.879326,68.0,68.0,17.8196964263916,False
2025-11-12 18:00:00,SAC,29.0,41.41373,47.583332,47.583333333333336,17.8196964263916,False
2025-11-12 19:00:00,SAC,14.0,31.349749,40.833332,40.833333333333336,17.8196964263916,False
2025-11-12 20:00:00,SAC,14.0,27.217731,37.166668,37.166666666666664,17.8196964263916,False
2025-11-12 21:00:00,SAC,3.0,12.338009,21.333334,21.333333333333332,17.8196964263916,False
2025-11-12 22:00:00,SAC,3.0,6.442629,13.583333,13.583333333333334,17.8196964263916,False
2025-11-12 23:00:00,SAC,3.0,5.5224986,10.25,10.25,17.8196964263916,False
2025-11-13 03:00:00,SAC,8.0,11.326189,9.461538,9.461538461538462,17.8196964263916,False
2025-11-13 04:00:00,SAC,4.0,11.116345,9.307693,9.307692307692308,17.8196964263916,False
2025-11-13 05:00:00,SAC,3.0,7.505266,6.8461537,6.846153846153846,17.8196964263916,False
2025-11-13 06:00:00,SAC,4.0,4.953886,6.076923,6.076923076923077,17.8196964263916,False
2025-11-13 07:00:00,SAC,5.0,3.7504888,7.1538463,7.153846153846154,17.8196964263916,False
2025-11-13 08:00:00,SAC,6.0,6.9673386,13.769231,13.76923076923077,17.8196964263916,False
2025-11-13 09:00:00,SAC,17.0,14.034336,24.846153,24.846153846153847,17.8196964263916,False
2025-11-13 10:00:00,SAC,40.0,27.605808,42.46154,42.46153846153846,17.8196964263916,False
2025-11-13 11:00:00,SAC,55.0,45.42224,65.333336,65.33333333333333,17.8196964263916,False
2025-11-13 12:00:00,SAC,68.0,50.207817,75.23077,75.23076923076923,17.8196964263916,False
2025-11-13 13:00:00,SAC,94.0,53.932964,81.61539,81.61538461538461,17.8196964263916,True
2025-11-13 14:00:00,SAC,91.0,59.00379,86.84615,86.84615384615384,17.8196964263916,True
2025-11-13 15:00:00,SAC,88.0,65.58183,91.0,91.0,17.8196964263916,True
2025-11-13 16:00:00,SAC,78.0,62.461205,85.46154,85.46153846153847,17.8196964263916,False
2025-11-13 17:00:00,SAC,51.0,51.435932,67.92308,67.92307692307692,17.8196964263916,False
2025-11-13 18:00:00,SAC,24.0,34.57652,46.153847,46.15384615384615,17.8196964263916,False
2025-11-13 19:00:00,SAC,14.0,28.827808,38.76923,38.76923076923077,17.8196964263916,False
2025-11-13 20:00:00,SAC,7.0,26.137817,35.384617,35.38461538461539,17.8196964263916,True
2025-11-13 21:00:00,SAC,4.0,11.639052,19.923077,19.923076923076923,17.8196964263916,False
2025-11-13 22:00:00,SAC,4.0,6.5309954,12.769231,12.76923076923077,17.8196964263916,False
2025-11-13 23:00:00,SAC,3.0,5.4013624,9.692307,9.692307692307692,17.8196964263916,False
2025-11-14 00:00:00,SAC,4.0,8.512126,11.545455,11.545454545454545,17.8196964263916,False
2025-11-14 01:00:00,SAC,3.0,8.990817,10.818182,10.818181818181818,17.8196964263916,False
2025-11-14 02:00:00,SAC,3.0,10.152282,10.909091,10.909090909090908,17.8196964263916,False
2025-11-14 03:00:00,SAC,3.0,8.965321,9.357142,9.357142857142858,17.8196964263916,False
2025-11-14 04:00:00,SAC,3.0,8.762667,8.928572,8.928571428571429,17.8196964263916,False
2025-11-14 05:00:00,SAC,4.0,6.5934916,6.571429,6.571428571428571,17.8196964263916,False
2025-11-14 06:00:00,SAC,4.0,6.230714,5.928571,5.928571428571429,17.8196964263916,False
2025-11-14 07:00:00,SAC,4.0,7.258722,7.0,7.0,17.8196964263916,False
2025-11-14 08:00:00,SAC,8.0,12.90184,13.214286,13.214285714285714,17.8196964263916,False
2025-11-14 09:00:00,SAC,14.0,21.628063,24.285715,24.285714285714285,17.8196964263916,False
2025-11-14 10:00:00,SAC,38.0,35.874622,42.285713,42.285714285714285,17.8196964263916,False
2025-11-14 11:00:00,SAC,65.0,54.61116,64.53846,64.53846153846153,17.8196964263916,False
2025-11-14 12:00:00,SAC,72.0,60.205963,74.71429,74.71428571428571,17.8196964263916,False
2025-11-14 13:00:00,SAC,91.0,65.906555,82.5,82.5,17.8196964263916,True
2025-11-14 14:00:00,SAC,86.0,71.297386,87.14286,87.14285714285714,17.8196964263916,False
2025-11-14 15:00:00,SAC,72.0,74.05847,90.76923,90.76923076923077,17.8196964263916,False
2025-11-14 16:00:00,SAC,61.0,66.13164,84.92857,84.92857142857143,17.8196964263916,False
2025-11-14 17:00:00,SAC,45.0,46.38585,66.71429,66.71428571428571,17.8196964263916,False
2025-11-14 18:00:00,SAC,14.0,23.352196,44.57143,44.57142857142857,17.8196964263916,False
2025-11-14 19:00:00,SAC,8.0,16.815035,37.0,37.0,17.8196964263916,False
2025-11-14 20:00:00,SAC,4.0,15.7707615,33.357143,33.357142857142854,17.8196964263916,False
2025-11-14 21:00:00,SAC,3.0,4.257416,18.785715,18.785714285714285,17.8196964263916,False
2025-11-14 22:00:00,SAC,4.0,0.91426754,12.142858,12.142857142857142,17.8196964263916,False
2025-11-14 23:00:00,SAC,4.0,0.5405216,9.214286,9.214285714285714,17.8196964263916,False
2025-11-15 00:00:00,SAC,3.0,4.993579,11.636364,11.636363636363637,17.8196964263916,False
2025-11-15 01:00:00,SAC,3.0,5.7893977,10.818182,10.818181818181818,17.8196964263916,False
2025-11-15 02:00:00,SAC,3.0,7.1936264,10.909091,10.909090909090908,17.8196964263916,False
2025-11-15 03:00:00,SAC,4.0,6.975341,9.357142,9.357142857142858,17.8196964263916,False
2025-11-15 04:00:00,SAC,4.0,7.3747168,8.928572,8.928571428571429,17.8196964263916,False
2025-11-15 05:00:00,SAC,3.0,5.4387474,6.571429,6.571428571428571,17.8196964263916,False
2025-11-15 06:00:00,SAC,3.0,5.0514884,5.928571,5.928571428571429,17.8196964263916,False
2025-11-15 07:00:00,SAC,4.0,6.293787,7.0,7.0,17.8196964263916,False
2025-11-15 08:00:00,SAC,10.0,12.2314,13.214286,13.214285714285714,17.8196964263916,False
2025-11-15 09:00:00,SAC,16.0,21.315615,23.428572,23.428571428571427,17.8196964263916,False
2025-11-15 10:00:00,SAC,34.0,36.43318,41.214287,41.214285714285715,17.8196964263916,False
2025-11-15 11:00:00,SAC,67.0,55.664524,64.38461,64.38461538461539,17.8196964263916,False
2025-11-15 13:00:00,SAC,87.0,63.63951,83.57143,83.57142857142857,17.8196964263916,True
2025-11-15 14:00:00,SAC,107.0,70.06711,87.35714,87.35714285714286,17.8196964263916,True
2025-11-15 15:00:00,SAC,89.0,72.41945,89.30769,89.3076923076923,17.8196964263916,False
2025-11-15 16:00:00,SAC,80.0,66.852165,83.14286,83.14285714285714,17.8196964263916,False
2025-11-15 17:00:00,SAC,63.0,49.912613,65.0,65.0,17.8196964263916,False
2025-11-15 18:00:00,SAC,60.0,26.808899,41.642857,41.642857142857146,17.8196964263916,True
2025-11-15 19:00:00,SAC,34.0,16.65468,34.0,34.0,17.8196964263916,False
2025-11-15 20:00:00,SAC,6.0,12.782047,30.642857,30.642857142857142,17.8196964263916,False
2025-11-15 21:00:00,SAC,6.0,3.0617466,18.714285,18.714285714285715,17.8196964263916,False
2025-11-15 22:00:00,SAC,6.0,-0.0709219,12.071428,12.071428571428571,17.8196964263916,False
2025-11-15 23:00:00,SAC,4.0,0.4517641,9.142858,9.142857142857142,17.8196964263916,False
2025-11-16 00:00:00,SAC,5.0,5.673071,10.916667,10.916666666666666,17.8196964263916,False
2025-11-16 01:00:00,SAC,4.0,7.928684,10.166667,10.166666666666666,17.8196964263916,False
2025-11-16 02:00:00,SAC,4.0,9.681263,10.25,10.25,17.8196964263916,False
2025-11-16 03:00:00,SAC,4.0,9.578652,9.357142,9.357142857142858,17.8196964263916,False
2025-11-16 04:00:00,SAC,4.0,9.581474,8.928572,8.928571428571429,17.8196964263916,False
2025-11-16 05:00:00,SAC,4.0,7.590988,6.5,6.5,17.8196964263916,False
2025-11-16 06:00:00,SAC,4.0,7.124447,5.714286,5.714285714285714,17.8196964263916,False
2025-11-16 07:00:00,SAC,4.0,8.421301,6.857143,6.857142857142857,17.8196964263916,False
2025-11-16 08:00:00,SAC,7.0,14.320137,13.0,13.0,17.8196964263916,False
2025-11-16 09:00:00,SAC,25.0,23.326998,22.428572,22.428571428571427,17.8196964263916,False
2025-11-16 10:00:00,SAC,57.0,39.172665,39.57143,39.57142857142857,17.8196964263916,True
2025-11-16 11:00:00,SAC,78.0,58.193165,63.0,63.0,17.8196964263916,True
2025-11-16 12:00:00,SAC,83.0,63.75766,74.53846,74.53846153846153,17.8196964263916,True
2025-11-16 13:00:00,SAC,87.0,70.89251,84.21429,84.21428571428571,17.8196964263916,False
2025-11-16 14:00:00,SAC,90.0,76.3546,89.07143,89.07142857142857,17.8196964263916,False
2025-11-16 15:00:00,SAC,80.0,77.449104,89.69231,89.6923076923077,17.8196964263916,False
2025-11-16 16:00:00,SAC,67.0,71.65163,84.07143,84.07142857142857,17.8196964263916,False
2025-11-16 17:00:00,SAC,44.0,52.377586,65.28571,65.28571428571429,17.8196964263916,False
2025-11-16 18:00:00,SAC,21.0,28.990332,42.285713,42.285714285714285,17.8196964263916,False
2025-11-16 19:00:00,SAC,24.0,19.23278,33.142857,33.142857142857146,17.8196964263916,False
2025-11-16 20:00:00,SAC,33.0,13.879654,27.857143,27.857142857142858,17.8196964263916,True
2025-11-16 21:00:00,SAC,10.0,3.7026787,16.714285,16.714285714285715,17.8196964263916,False
2025-11-16 22:00:00,SAC,19.0,1.3693018,11.214286,11.214285714285714,17.8196964263916,False
2025-11-16 23:00:00,SAC,4.0,1.9828382,9.071428,9.071428571428571,17.8196964263916,False
2025-11-17 00:00:00,SAC,4.0,6.0493517,11.0,11.0,17.8196964263916,False
2025-11-17 01:00:00,SAC,3.0,6.9046097,10.166667,10.166666666666666,17.8196964263916,False
2025-11-17 02:00:00,SAC,3.0,8.230345,10.25,10.25,17.8196964263916,False
2025-11-17 03:00:00,SAC,3.0,8.350785,9.357142,9.357142857142858,17.8196964263916,False
2025-11-17 04:00:00,SAC,3.0,8.830068,8.928572,8.928571428571429,17.8196964263916,False
2025-11-17 05:00:00,SAC,3.0,7.0340147,6.5,6.5,17.8196964263916,False
2025-11-17 06:00:00,SAC,3.0,6.68077,5.714286,5.714285714285714,17.8196964263916,False
2025-11-17 07:00:00,SAC,4.0,7.46793,6.428571,6.428571428571429,17.8196964263916,False
2025-11-17 08:00:00,SAC,8.0,12.676584,11.571428,11.571428571428571,17.8196964263916,False
2025-11-17 09:00:00,SAC,23.0,21.229464,21.214285,21.214285714285715,17.8196964263916,False
2025-11-17 10:00:00,SAC,45.0,37.262344,40.0,40.0,17.8196964263916,False
2025-11-17 11:00:00,SAC,79.0,55.815002,64.0,64.0,17.8196964263916,True
2025-11-17 12:00:00,SAC,84.0,61.5019,75.38461,75.38461538461539,17.8196964263916,True
2025-11-17 13:00:00,SAC,86.0,68.80542,84.78571,84.78571428571429,17.8196964263916,False
2025-11-17 14:00:00,SAC,88.0,74.06343,90.28571,90.28571428571429,17.8196964263916,False
2025-11-17 15:00:00,SAC,91.0,75.605865,89.0,89.0,17.8196964263916,False
2025-11-17 16:00:00,SAC,90.0,72.8603,84.57143,84.57142857142857,17.8196964263916,False
2025-11-17 17:00:00,SAC,68.0,56.62812,65.0,65.0,17.8196964263916,False
2025-11-17 18:00:00,SAC,55.0,35.004604,41.214287,41.214285714285715,17.8196964263916,True
2025-11-17 19:00:00,SAC,52.0,27.7175,32.857143,32.857142857142854,17.8196964263916,True
2025-11-17 20:00:00,SAC,53.0,24.738775,28.642857,28.642857142857142,17.8196964263916,True
2025-11-17 21:00:00,SAC,35.0,12.077103,15.857142,15.857142857142858,17.8196964263916,True
2025-11-17 22:00:00,SAC,22.0,9.496271,11.357142,11.357142857142858,17.8196964263916,False
2025-11-17 23:00:00,SAC,19.0,7.7848516,8.071428,8.071428571428571,17.8196964263916,False
2025-11-18 00:00:00,SAC,17.0,12.00189,9.5,9.5,17.8196964263916,False
2025-11-18 01:00:00,SAC,13.0,12.783192,8.5,8.5,17.8196964263916,False
2025-11-18 02:00:00,SAC,4.0,14.129711,8.75,8.75,17.8196964263916,False
2025-11-18 03:00:00,SAC,3.0,13.090591,7.571429,7.571428571428571,17.8196964263916,False
2025-11-18 04:00:00,SAC,3.0,12.917421,7.0,7.0,17.8196964263916,False
2025-11-18 05:00:00,SAC,3.0,11.698747,5.5,5.5,17.8196964263916,False
2025-11-18 06:00:00,SAC,3.0,11.657337,5.357143,5.357142857142857,17.8196964263916,False
2025-11-18 07:00:00,SAC,3.0,11.91924,6.0,6.0,17.8196964263916,False
2025-11-18 08:00:00,SAC,6.0,15.5934105,10.5,10.5,17.8196964263916,False
2025-11-18 09:00:00,SAC,28.0,24.202541,20.428572,20.428571428571427,17.8196964263916,False
2025-11-18 10:00:00,SAC,53.0,40.580673,40.42857,40.42857142857143,17.8196964263916,False
2025-11-18 11:00:00,SAC,85.0,58.02559,65.07143,65.07142857142857,17.8196964263916,True
2025-11-18 12:00:00,SAC,97.0,64.07151,77.15385,77.15384615384616,17.8196964263916,True
2025-11-18 13:00:00,SAC,93.0,69.5153,86.57143,86.57142857142857,17.8196964263916,True
2025-11-18 14:00:00,SAC,90.0,73.68516,91.35714,91.35714285714286,17.8196964263916,False
2025-11-18 15:00:00,SAC,93.0,72.85009,89.71429,89.71428571428571,17.8196964263916,True
2025-11-18 16:00:00,SAC,92.0,69.276505,85.5,85.5,17.8196964263916,True
2025-11-18 17:00:00,SAC,79.0,51.909554,65.28571,65.28571428571429,17.8196964263916,True
2025-11-18 18:00:00,SAC,64.0,34.301964,42.642857,42.642857142857146,17.8196964263916,True
2025-11-18 19:00:00,SAC,61.0,28.228598,34.714287,34.714285714285715,17.8196964263916,True
2025-11-18 20:00:00,SAC,53.0,26.223412,31.0,31.0,17.8196964263916,True
2025-11-18 21:00:00,SAC,11.0,14.900175,17.357143,17.357142857142858,17.8196964263916,False
2025-11-18 22:00:00,SAC,4.0,7.122034,11.857142,11.857142857142858,17.8196964263916,False
2025-11-18 23:00:00,SAC,4.0,4.785187,8.642858,8.642857142857142,17.8196964263916,False
2025-11-19 03:00:00,SAC,8.0,8.014024,6.357143,6.357142857142857,17.8196964263916,False
2025-11-19 04:00:00,SAC,5.0,8.98153,6.0,6.0,17.8196964263916,False
2025-11-19 05:00:00,SAC,3.0,8.6503,5.285714,5.285714285714286,17.8196964263916,False
2025-11-19 06:00:00,SAC,4.0,8.904803,5.214286,5.214285714285714,17.8196964263916,False
2025-11-19 07:00:00,SAC,4.0,9.038587,5.285714,5.285714285714286,17.8196964263916,False
2025-11-19 08:00:00,SAC,6.0,12.753437,9.5,9.5,17.8196964263916,False
2025-11-19 09:00:00,SAC,19.0,22.875484,20.571428,20.571428571428573,17.8196964263916,False
2025-11-19 10:00:00,SAC,44.0,41.54315,41.642857,41.642857142857146,17.8196964263916,False
2025-11-19 14:00:00,SAC,66.0,67.009735,91.42857,91.42857142857143,17.8196964263916,False
2025-11-19 15:00:00,SAC,60.0,65.44261,89.5,89.5,17.8196964263916,False
2025-11-19 16:00:00,SAC,52.0,62.977863,84.78571,84.78571428571429,17.8196964263916,False
2025-11-19 17:00:00,SAC,43.0,46.886833,65.85714,65.85714285714286,17.8196964263916,False
2025-11-19 18:00:00,SAC,52.0,25.780174,43.214287,43.214285714285715,17.8196964263916,True
2025-11-19 19:00:00,SAC,31.0,20.26183,36.142857,36.142857142857146,17.8196964263916,False
2025-11-19 20:00:00,SAC,2.0,17.859255,31.857143,31.857142857142858,17.8196964263916,False
2025-11-19 21:00:00,SAC,3.0,4.4337177,15.642858,15.642857142857142,17.8196964263916,False
2025-11-19 22:00:00,SAC,1.0,2.9172583,11.5,11.5,17.8196964263916,False
2025-11-19 23:00:00,SAC,1.0,1.6367722,8.071428,8.071428571428571,17.8196964263916,False
2025-11-20 00:00:00,SAC,5.0,4.399146,9.363636,9.363636363636363,17.8196964263916,False
2025-11-20 01:00:00,SAC,2.0,3.5590425,7.6363635,7.636363636363637,17.8196964263916,False
2025-11-20 02:00:00,SAC,2.0,4.1207495,7.090909,7.090909090909091,17.8196964263916,False
2025-11-20 03:00:00,SAC,1.0,4.436821,6.5,6.5,17.8196964263916,False
2025-11-20 04:00:00,SAC,0.0,5.0800657,5.857143,5.857142857142857,17.8196964263916,False
2025-11-20 05:00:00,SAC,1.0,5.2230835,5.0,5.0,17.8196964263916,False
2025-11-20 06:00:00,SAC,1.0,5.8936996,5.214286,5.214285714285714,17.8196964263916,False
2025-11-20 07:00:00,SAC,2.0,6.112569,5.142857,5.142857142857143,17.8196964263916,False
2025-11-20 08:00:00,SAC,4.0,9.727147,9.142858,9.142857142857142,17.8196964263916,False
2025-11-20 09:00:00,SAC,15.0,18.881533,20.857143,20.857142857142858,17.8196964263916,False
2025-11-20 10:00:00,SAC,37.0,37.353775,42.5,42.5,17.8196964263916,False
2025-11-20 11:00:00,SAC,62.0,56.71265,67.38461,67.38461538461539,17.8196964263916,False
2025-11-20 12:00:00,SAC,80.0,65.46973,79.666664,79.66666666666667,17.8196964263916,False
2025-11-20 13:00:00,SAC,90.0,75.91936,87.69231,87.6923076923077,17.8196964263916,False
2025-11-20 14:00:00,SAC,95.0,81.78694,89.42857,89.42857142857143,17.8196964263916,False
2025-11-20 15:00:00,SAC,111.0,83.40581,87.14286,87.14285714285714,17.8196964263916,True
2025-11-20 16:00:00,SAC,110.0,87.34326,82.21429,82.21428571428571,17.8196964263916,True
2025-11-20 17:00:00,SAC,69.0,71.24906,63.92857,63.92857142857143,17.8196964263916,False
2025-11-20 18:00:00,SAC,52.0,48.573082,44.214287,44.214285714285715,17.8196964263916,False
2025-11-20 19:00:00,SAC,48.0,39.402153,36.42857,36.42857142857143,17.8196964263916,False
2025-11-20 20:00:00,SAC,49.0,35.692482,30.642857,30.642857142857142,17.8196964263916,False
2025-11-20 21:00:00,SAC,45.0,21.685461,14.785714,14.785714285714286,17.8196964263916,True
2025-11-20 22:00:00,SAC,41.0,16.03393,10.928572,10.928571428571429,17.8196964263916,True
2025-11-20 23:00:00,SAC,42.0,10.287737,7.928571,7.928571428571429,17.8196964263916,True
2025-11-21 00:00:00,SAC,12.0,10.968152,9.545455,9.545454545454545,17.8196964263916,False
2025-11-21 01:00:00,SAC,2.0,8.746636,7.4545455,7.454545454545454,17.8196964263916,False
2025-11-21 02:00:00,SAC,1.0,7.7044234,6.6363635,6.636363636363637,17.8196964263916,False
2025-11-21 03:00:00,SAC,1.0,6.622821,6.071429,6.071428571428571,17.8196964263916,False
2025-11-21 04:00:00,SAC,2.0,6.3505735,5.357143,5.357142857142857,17.8196964263916,False
2025-11-21 05:00:00,SAC,1.0,5.9509673,4.857143,4.857142857142857,17.8196964263916,False
2025-11-21 06:00:00,SAC,1.0,5.3316274,5.071429,5.071428571428571,17.8196964263916,False
2025-11-21 07:00:00,SAC,2.0,4.84233,5.0,5.0,17.8196964263916,False
2025-11-21 08:00:00,SAC,8.0,8.160542,8.857142,8.857142857142858,17.8196964263916,False
2025-11-21 09:00:00,SAC,26.0,20.464039,20.571428,20.571428571428573,17.8196964263916,False
2025-11-21 11:00:00,SAC,75.0,64.61965,67.53846,67.53846153846153,17.8196964263916,False
2025-11-21 12:00:00,SAC,92.0,75.01435,79.833336,79.83333333333333,17.8196964263916,False
2025-11-21 13:00:00,SAC,101.0,81.79254,87.76923,87.76923076923077,17.8196964263916,True
2025-11-21 14:00:00,SAC,97.0,85.89872,89.5,89.5,17.8196964263916,False
2025-11-21 15:00:00,SAC,91.0,84.92559,87.92857,87.92857142857143,17.8196964263916,False
2025-11-21 16:00:00,SAC,67.0,79.4881,82.78571,82.78571428571429,17.8196964263916,False
2025-11-21 17:00:00,SAC,49.0,60.4519,62.5,62.5,17.8196964263916,False
2025-11-21 18:00:00,SAC,37.0,41.258472,43.142857,43.142857142857146,17.8196964263916,False
2025-11-21 19:00:00,SAC,25.0,32.854813,36.0,36.0,17.8196964263916,False
2025-11-21 20:00:00,SAC,22.0,26.004192,30.285715,30.285714285714285,17.8196964263916,False
2025-11-21 21:00:00,SAC,12.0,10.64784,16.5,16.5,17.8196964263916,False
2025-11-21 22:00:00,SAC,2.0,7.245216,13.571428,13.571428571428571,17.8196964263916,False
2025-11-21 23:00:00,SAC,2.0,4.961485,10.714286,10.714285714285714,17.8196964263916,False
2025-11-22 00:00:00,SAC,3.0,6.5275354,9.75,9.75,17.8196964263916,False
2025-11-22 01:00:00,SAC,10.0,6.2761583,7.0,7.0,17.8196964263916,False
2025-11-22 02:00:00,SAC,13.0,6.5790915,6.1666665,6.166666666666667,17.8196964263916,False
2025-11-22 03:00:00,SAC,9.0,7.0974402,5.714286,5.714285714285714,17.8196964263916,False
2025-11-22 04:00:00,SAC,8.0,7.3924103,5.285714,5.285714285714286,17.8196964263916,False
2025-11-22 05:00:00,SAC,3.0,7.505026,4.714286,4.714285714285714,17.8196964263916,False
2025-11-22 06:00:00,SAC,1.0,7.749243,4.857143,4.857142857142857,17.8196964263916,False
2025-11-22 07:00:00,SAC,4.0,7.0373306,4.857143,4.857142857142857,17.8196964263916,False
2025-11-22 08:00:00,SAC,7.0,10.026985,8.928572,8.928571428571429,17.8196964263916,False
2025-11-22 09:00:00,SAC,27.0,20.572237,21.142857,21.142857142857142,17.8196964263916,False
2025-11-22 10:00:00,SAC,46.0,37.29296,42.23077,42.23076923076923,17.8196964263916,False
2025-11-22 11:00:00,SAC,63.0,56.995033,67.46154,67.46153846153847,17.8196964263916,False
2025-11-22 12:00:00,SAC,74.0,63.48042,79.25,79.25,17.8196964263916,False
2025-11-22 13:00:00,SAC,83.0,68.86788,87.30769,87.3076923076923,17.8196964263916,False
2025-11-22 14:00:00,SAC,87.0,68.037605,87.92857,87.92857142857143,17.8196964263916,True
2025-11-22 15:00:00,SAC,81.0,65.45351,85.35714,85.35714285714286,17.8196964263916,False
2025-11-22 16:00:00,SAC,75.0,61.6321,79.0,79.0,17.8196964263916,False
2025-11-22 17:00:00,SAC,62.0,45.667236,59.07143,59.07142857142857,17.8196964263916,False
2025-11-22 18:00:00,SAC,32.0,23.667389,40.857143,40.857142857142854,17.8196964263916,False
2025-11-22 19:00:00,SAC,14.0,15.316727,33.214287,33.214285714285715,17.8196964263916,False
2025-11-22 20:00:00,SAC,12.0,9.592863,27.428572,27.428571428571427,17.8196964263916,False
2025-11-22 21:00:00,SAC,8.0,-0.8486185,14.785714,14.785714285714286,17.8196964263916,False
2025-11-22 22:00:00,SAC,4.0,-0.019859314,12.428572,12.428571428571429,17.8196964263916,False
2025-11-22 23:00:00,SAC,3.0,2.1875439,10.5,10.5,17.8196964263916,False
2025-11-23 00:00:00,SAC,3.0,4.526086,9.666667,9.666666666666666,17.8196964263916,False
2025-11-23 01:00:00,SAC,2.0,5.093107,7.4166665,7.416666666666667,17.8196964263916,False
2025-11-23 02:00:00,SAC,3.0,5.868964,6.8333335,6.833333333333333,17.8196964263916,False
2025-11-23 03:00:00,SAC,9.0,5.9791107,6.071429,6.071428571428571,17.8196964263916,False
2025-11-23 04:00:00,SAC,6.0,5.8520875,5.642857,5.642857142857143,17.8196964263916,False
2025-11-23 05:00:00,SAC,2.0,4.457524,4.714286,4.714285714285714,17.8196964263916,False
2025-11-23 06:00:00,SAC,1.0,3.3331327,4.642857,4.642857142857143,17.8196964263916,False
2025-11-23 07:00:00,SAC,2.0,2.7987137,4.857143,4.857142857142857,17.8196964263916,False
2025-11-23 08:00:00,SAC,12.0,5.775943,8.857142,8.857142857142858,17.8196964263916,False
2025-11-23 09:00:00,SAC,21.0,17.19249,21.785715,21.785714285714285,17.8196964263916,False
2025-11-23 10:00:00,SAC,33.0,32.383324,41.76923,41.76923076923077,17.8196964263916,False
2025-11-23 11:00:00,SAC,49.0,49.867897,65.61539,65.61538461538461,17.8196964263916,False
2025-11-23 12:00:00,SAC,58.0,56.747574,76.5,76.5,17.8196964263916,False
2025-11-23 13:00:00,SAC,62.0,62.495167,84.30769,84.3076923076923,17.8196964263916,False
2025-11-23 14:00:00,SAC,65.0,61.812798,84.35714,84.35714285714286,17.8196964263916,False
2025-11-23 15:00:00,SAC,65.0,57.962517,80.71429,80.71428571428571,17.8196964263916,False
2025-11-23 16:00:00,SAC,64.0,49.832977,73.5,73.5,17.8196964263916,False
2025-11-23 17:00:00,SAC,61.0,31.057232,55.0,55.0,17.8196964263916,True
2025-11-23 18:00:00,SAC,66.0,16.127953,38.785713,38.785714285714285,17.8196964263916,True
2025-11-23 19:00:00,SAC,57.0,10.509886,30.071428,30.071428571428573,17.8196964263916,True
2025-11-23 20:00:00,SAC,47.0,8.520397,24.142857,24.142857142857142,17.8196964263916,True
2025-11-23 21:00:00,SAC,27.0,2.2711506,14.571428,14.571428571428571,17.8196964263916,True
2025-11-23 22:00:00,SAC,13.0,1.4182281,12.428572,12.428571428571429,17.8196964263916,False
2025-11-23 23:00:00,SAC,2.0,1.0602417,10.428572,10.428571428571429,17.8196964263916,False
2025-11-24 00:00:00,SAC,2.0,2.3014545,9.5,9.5,17.8196964263916,False
2025-11-24 01:00:00,SAC,1.0,2.2971334,7.3333335,7.333333333333333,17.8196964263916,False
2025-11-24 02:00:00,SAC,1.0,3.4619253,6.75,6.75,17.8196964263916,False
2025-11-24 03:00:00,SAC,1.0,4.4458876,6.428571,6.428571428571429,17.8196964263916,False
2025-11-24 04:00:00,SAC,1.0,4.748102,5.785714,5.785714285714286,17.8196964263916,False
2025-11-24 05:00:00,SAC,1.0,3.8938112,4.642857,4.642857142857143,17.8196964263916,False
2025-11-24 06:00:00,SAC,1.0,3.7950099,4.428571,4.428571428571429,17.8196964263916,False
2025-11-24 07:00:00,SAC,2.0,3.7332091,4.642857,4.642857142857143,17.8196964263916,False
2025-11-24 08:00:00,SAC,4.0,6.991184,8.785714,8.785714285714286,17.8196964263916,False
2025-11-24 09:00:00,SAC,19.0,17.49682,20.857143,20.857142857142858,17.8196964263916,False
2025-11-24 10:00:00,SAC,49.0,33.57876,39.923077,39.92307692307692,17.8196964263916,False
2025-11-24 11:00:00,SAC,68.0,52.108875,63.692307,63.69230769230769,17.8196964263916,False
2025-11-24 12:00:00,SAC,81.0,58.897408,74.5,74.5,17.8196964263916,True
2025-11-24 13:00:00,SAC,93.0,65.62434,83.15385,83.15384615384616,17.8196964263916,True
2025-11-24 14:00:00,SAC,105.0,69.59386,84.14286,84.14285714285714,17.8196964263916,True
2025-11-24 15:00:00,SAC,109.0,72.85699,81.42857,81.42857142857143,17.8196964263916,True
2025-11-24 16:00:00,SAC,102.0,72.969215,74.5,74.5,17.8196964263916,True
2025-11-24 17:00:00,SAC,58.0,60.016335,56.142857,56.142857142857146,17.8196964263916,False
2025-11-24 18:00:00,SAC,50.0,46.19808,40.57143,40.57142857142857,17.8196964263916,False
2025-11-24 19:00:00,SAC,46.0,34.966732,31.428572,31.428571428571427,17.8196964263916,False
2025-11-24 20:00:00,SAC,39.0,28.77847,25.0,25.0,17.8196964263916,False
2025-11-24 21:00:00,SAC,40.0,17.355457,13.857142,13.857142857142858,17.8196964263916,True
2025-11-24 22:00:00,SAC,41.0,14.174116,10.714286,10.714285714285714,17.8196964263916,True
2025-11-24 23:00:00,SAC,42.0,10.810149,8.142858,8.142857142857142,17.8196964263916,True
2025-11-25 03:00:00,SAC,10.0,8.981864,5.071429,5.071428571428571,17.8196964263916,False
2025-11-25 04:00:00,SAC,17.0,6.3100414,4.214286,4.214285714285714,17.8196964263916,False
2025-11-25 05:00:00,SAC,2.0,4.5428586,2.7142856,2.7142857142857144,17.8196964263916,False
2025-11-25 06:00:00,SAC,1.0,3.876628,2.5714285,2.5714285714285716,17.8196964263916,False
2025-11-25 07:00:00,SAC,2.0,4.2826467,3.4285715,3.4285714285714284,17.8196964263916,False
2025-11-25 08:00:00,SAC,11.0,6.74741,7.214286,7.214285714285714,17.8196964263916,False
2025-11-25 09:00:00,SAC,21.0,19.026672,20.428572,20.428571428571427,17.8196964263916,False
2025-11-25 10:00:00,SAC,47.0,39.21873,42.0,42.0,17.8196964263916,False
2025-11-25 11:00:00,SAC,74.0,62.634064,66.84615,66.84615384615384,17.8196964263916,False
2025-11-25 12:00:00,SAC,93.0,73.57085,78.416664,78.41666666666667,17.8196964263916,True
2025-11-25 13:00:00,SAC,90.0,82.66706,87.53846,87.53846153846153,17.8196964263916,False
2025-11-25 14:00:00,SAC,65.0,84.18662,89.35714,89.35714285714286,17.8196964263916,True
2025-11-25 15:00:00,SAC,46.0,80.90119,87.14286,87.14285714285714,17.8196964263916,True
2025-11-25 16:00:00,SAC,43.0,72.20853,80.14286,80.14285714285714,17.8196964263916,True
2025-11-25 17:00:00,SAC,56.0,52.607536,58.714287,58.714285714285715,17.8196964263916,False
2025-11-25 18:00:00,SAC,60.0,41.003956,42.857143,42.857142857142854,17.8196964263916,True
2025-11-25 19:00:00,SAC,56.0,36.15521,33.357143,33.357142857142854,17.8196964263916,True
2025-11-25 20:00:00,SAC,39.0,32.384506,26.214285,26.214285714285715,17.8196964263916,False
2025-11-25 21:00:00,SAC,17.0,24.67257,15.642858,15.642857142857142,17.8196964263916,False
2025-11-25 22:00:00,SAC,6.0,21.47084,12.357142,12.357142857142858,17.8196964263916,False
2025-11-25 23:00:00,SAC,2.0,18.425169,10.0,10.0,17.8196964263916,False
2025-11-26 00:00:00,SAC,1.0,14.003005,5.909091,5.909090909090909,17.8196964263916,False
2025-11-26 01:00:00,SAC,1.0,12.792807,4.181818,4.181818181818182,17.8196964263916,False
2025-11-26 02:00:00,SAC,2.0,13.180585,4.0,4.0,17.8196964263916,False
2025-11-26 03:00:00,SAC,6.0,13.400122,4.928571,4.928571428571429,17.8196964263916,False
2025-11-26 04:00:00,SAC,7.0,12.914574,4.714286,4.714285714285714,17.8196964263916,False
2025-11-26 05:00:00,SAC,0.0,9.310019,2.5714285,2.5714285714285716,17.8196964263916,False
2025-11-26 06:00:00,SAC,1.0,7.728692,2.4285715,2.4285714285714284,17.8196964263916,False
2025-11-26 07:00:00,SAC,2.0,7.1808186,3.2857144,3.2857142857142856,17.8196964263916,False
2025-11-26 08:00:00,SAC,10.0,10.463522,7.357143,7.357142857142857,17.8196964263916,False
2025-11-26 09:00:00,SAC,19.0,23.261518,20.428572,20.428571428571427,17.8196964263916,False
2025-11-26 10:00:00,SAC,33.0,46.040283,43.384617,43.38461538461539,17.8196964263916,False
2025-11-26 11:00:00,SAC,53.0,70.222534,69.61539,69.61538461538461,17.8196964263916,False
2025-11-26 12:00:00,SAC,69.0,76.90122,81.75,81.75,17.8196964263916,False
2025-11-26 13:00:00,SAC,74.0,81.31183,89.53846,89.53846153846153,17.8196964263916,False
2025-11-26 14:00:00,SAC,76.0,77.24216,89.28571,89.28571428571429,17.8196964263916,False
2025-11-26 15:00:00,SAC,78.0,72.11628,85.28571,85.28571428571429,17.8196964263916,False
2025-11-26 16:00:00,SAC,62.0,71.05233,77.5,77.5,17.8196964263916,False
2025-11-26 17:00:00,SAC,24.0,50.6048,58.214287,58.214285714285715,17.8196964263916,True
2025-11-26 18:00:00,SAC,22.0,33.125336,44.0,44.0,17.8196964263916,False
2025-11-26 19:00:00,SAC,19.0,21.43445,34.57143,34.57142857142857,17.8196964263916,False
2025-11-26 20:00:00,SAC,18.0,14.519356,27.142857,27.142857142857142,17.8196964263916,False
2025-11-26 21:00:00,SAC,18.0,5.997573,16.0,16.0,17.8196964263916,False
2025-11-26 22:00:00,SAC,17.0,5.0691423,12.142858,12.142857142857142,17.8196964263916,False
2025-11-26 23:00:00,SAC,23.0,5.9986353,9.642858,9.642857142857142,17.8196964263916,False
2025-11-27 00:00:00,SAC,25.0,4.294065,5.3636365,5.363636363636363,17.8196964263916,True
2025-11-27 01:00:00,SAC,26.0,4.2761116,4.0,4.0,17.8196964263916,True
2025-11-27 02:00:00,SAC,27.0,4.676531,3.5454545,3.5454545454545454,17.8196964263916,True
2025-11-27 03:00:00,SAC,26.0,6.241254,5.0,5.0,17.8196964263916,True
2025-11-27 04:00:00,SAC,23.0,5.6919284,4.785714,4.785714285714286,17.8196964263916,False
2025-11-27 05:00:00,SAC,19.0,1.72283,2.357143,2.357142857142857,17.8196964263916,False
2025-11-27 06:00:00,SAC,8.0,-0.24015212,2.2857144,2.2857142857142856,17.8196964263916,False
2025-11-27 07:00:00,SAC,4.0,-1.4868827,3.142857,3.142857142857143,17.8196964263916,False
2025-11-27 08:00:00,SAC,11.0,0.45419407,7.642857,7.642857142857143,17.8196964263916,False
2025-11-27 09:00:00,SAC,22.0,10.51022,20.714285,20.714285714285715,17.8196964263916,False
2025-11-27 10:00:00,SAC,31.0,29.285694,42.76923,42.76923076923077,17.8196964263916,False
2025-11-27 11:00:00,SAC,38.0,49.618607,67.15385,67.15384615384616,17.8196964263916,False
2025-11-27 12:00:00,SAC,46.0,57.554924,79.25,79.25,17.8196964263916,False
2025-11-27 13:00:00,SAC,45.0,62.572643,87.0,87.0,17.8196964263916,False
2025-11-27 14:00:00,SAC,45.0,60.986767,86.28571,86.28571428571429,17.8196964263916,False
2025-11-27 15:00:00,SAC,41.0,56.916313,82.42857,82.42857142857143,17.8196964263916,False
2025-11-27 16:00:00,SAC,33.0,48.768814,74.5,74.5,17.8196964263916,False
2025-11-27 17:00:00,SAC,24.0,29.609436,55.142857,55.142857142857146,17.8196964263916,False
2025-11-27 18:00:00,SAC,19.0,18.825375,43.5,43.5,17.8196964263916,False
2025-11-27 20:00:00,SAC,16.0,5.82218,27.428572,27.428571428571427,17.8196964263916,False
2025-11-27 21:00:00,SAC,18.0,-2.0313282,17.071428,17.071428571428573,17.8196964263916,True
2025-11-27 22:00:00,SAC,17.0,-3.4555426,13.142858,13.142857142857142,17.8196964263916,True
2025-11-27 23:00:00,SAC,16.0,-2.9471169,11.071428,11.071428571428571,17.8196964263916,True
2025-11-28 00:00:00,SAC,15.0,-5.339102,7.0,7.0,17.8196964263916,True
2025-11-28 01:00:00,SAC,20.0,-5.0018983,5.8333335,5.833333333333333,17.8196964263916,True
2025-11-28 02:00:00,SAC,22.0,-4.067668,5.5,5.5,17.8196964263916,True
2025-11-28 03:00:00,SAC,23.0,-2.439643,6.285714,6.285714285714286,17.8196964263916,True
2025-11-28 04:00:00,SAC,19.0,-2.9406686,6.142857,6.142857142857143,17.8196964263916,True
2025-11-28 05:00:00,SAC,5.0,-5.9584866,3.5,3.5,17.8196964263916,False
2025-11-28 06:00:00,SAC,3.0,-6.6106195,2.5714285,2.5714285714285716,17.8196964263916,False
2025-11-28 07:00:00,SAC,2.0,-6.650687,3.0714285,3.0714285714285716,17.8196964263916,False
2025-11-28 08:00:00,SAC,10.0,-2.9990788,8.0,8.0,17.8196964263916,False
2025-11-28 09:00:00,SAC,18.0,8.458078,21.071428,21.071428571428573,17.8196964263916,False
2025-11-28 10:00:00,SAC,20.0,27.827848,42.076923,42.07692307692308,17.8196964263916,False
2025-11-28 16:00:00,SAC,26.0,48.137287,71.28571,71.28571428571429,17.8196964263916,True
2025-11-28 17:00:00,SAC,21.0,29.8149,53.214287,53.214285714285715,17.8196964263916,False
2025-11-28 18:00:00,SAC,5.0,21.087765,43.142857,43.142857142857146,17.8196964263916,False
2025-11-28 19:00:00,SAC,3.0,17.032318,36.53846,36.53846153846154,17.8196964263916,False
2025-11-28 20:00:00,SAC,2.0,10.797941,28.071428,28.071428571428573,17.8196964263916,False
2025-11-28 21:00:00,SAC,1.0,3.0287857,18.071428,18.071428571428573,17.8196964263916,False
2025-11-28 22:00:00,SAC,1.0,0.79787445,14.071428,14.071428571428571,17.8196964263916,False
2025-11-28 23:00:00,SAC,1.0,0.4328308,12.0,12.0,17.8196964263916,False
2025-11-29 00:00:00,SAC,1.0,-2.2010894,7.9166665,7.916666666666667,17.8196964263916,False
2025-11-29 01:00:00,SAC,0.0,-1.5586157,7.25,7.25,17.8196964263916,False
2025-11-29 02:00:00,SAC,0.0,-0.93470716,7.0833335,7.083333333333333,17.8196964263916,False
2025-11-29 03:00:00,SAC,1.0,0.400764,7.714286,7.714285714285714,17.8196964263916,False
2025-11-29 04:00:00,SAC,1.0,0.59561443,7.285714,7.285714285714286,17.8196964263916,False
2025-11-29 05:00:00,SAC,1.0,-2.7459066,3.5714285,3.5714285714285716,17.8196964263916,False
2025-11-29 06:00:00,SAC,1.0,-3.5108094,2.5,2.5,17.8196964263916,False
2025-11-29 07:00:00,SAC,2.0,-3.0026562,2.9285715,2.9285714285714284,17.8196964263916,False
2025-11-29 08:00:00,SAC,3.0,1.2674274,8.142858,8.142857142857142,17.8196964263916,False
2025-11-29 09:00:00,SAC,10.0,13.9099045,21.357143,21.357142857142858,17.8196964263916,False
2025-11-29 10:00:00,SAC,24.0,32.11208,40.692307,40.69230769230769,17.8196964263916,False
2025-11-29 11:00:00,SAC,49.0,54.5153,65.916664,65.91666666666667,17.8196964263916,False
2025-11-29 12:00:00,SAC,58.0,61.47254,77.90909,77.9090909090909,17.8196964263916,False
2025-11-29 13:00:00,SAC,65.0,62.24655,82.583336,82.58333333333333,17.8196964263916,False
2025-11-29 15:00:00,SAC,81.0,59.76171,79.61539,79.61538461538461,17.8196964263916,True
2025-11-29 16:00:00,SAC,67.0,48.814663,68.78571,68.78571428571429,17.8196964263916,True
2025-11-29 17:00:00,SAC,43.0,31.423273,51.5,51.5,17.8196964263916,False
2025-11-29 18:00:00,SAC,18.0,22.007923,42.5,42.5,17.8196964263916,False
2025-11-29 19:00:00,SAC,11.0,14.855814,36.153847,36.15384615384615,17.8196964263916,False
2025-11-29 20:00:00,SAC,26.0,7.7541904,27.928572,27.928571428571427,17.8196964263916,True
2025-11-29 21:00:00,SAC,3.0,-0.18102264,17.928572,17.928571428571427,17.8196964263916,False
2025-11-29 22:00:00,SAC,3.0,-0.95610714,13.857142,13.857142857142858,17.8196964263916,False
2025-11-29 23:00:00,SAC,2.0,0.20398235,11.785714,11.785714285714286,17.8196964263916,False
2025-11-30 00:00:00,SAC,2.0,-0.8957472,7.75,7.75,17.8196964263916,False
2025-11-30 01:00:00,SAC,2.0,0.5234513,7.0,7.0,17.8196964263916,False
2025-11-30 02:00:00,SAC,2.0,1.4655085,6.8333335,6.833333333333333,17.8196964263916,False
2025-11-30 03:00:00,SAC,2.0,3.1306572,7.5,7.5,17.8196964263916,False
2025-11-30 04:00:00,SAC,1.0,3.1503596,7.071429,7.071428571428571,17.8196964263916,False
2025-11-30 05:00:00,SAC,0.0,0.29468584,3.4285715,3.4285714285714284,17.8196964263916,False
2025-11-30 06:00:00,SAC,2.0,-0.8217628,2.357143,2.357142857142857,17.8196964263916,False
2025-11-30 07:00:00,SAC,2.0,-0.7649212,2.7857144,2.7857142857142856,17.8196964263916,False
2025-11-30 08:00:00,SAC,7.0,2.9918537,7.642857,7.642857142857143,17.8196964263916,False
2025-11-30 09:00:00,SAC,22.0,15.190361,20.928572,20.928571428571427,17.8196964263916,False
2025-11-30 10:00:00,SAC,40.0,32.150406,39.923077,39.92307692307692,17.8196964263916,False
2025-11-30 11:00:00,SAC,61.0,50.744896,64.416664,64.41666666666667,17.8196964263916,False
2025-11-30 12:00:00,SAC,82.0,60.126457,76.25,76.25,17.8196964263916,True
2025-11-30 13:00:00,SAC,88.0,63.402084,80.75,80.75,17.8196964263916,True
2025-11-30 14:00:00,SAC,92.0,62.614395,80.75,80.75,17.8196964263916,True
2025-11-30 15:00:00,SAC,87.0,61.886757,79.0,79.0,17.8196964263916,True
2025-11-30 16:00:00,SAC,70.0,52.943344,67.85714,67.85714285714286,17.8196964263916,False
2025-11-30 17:00:00,SAC,59.0,37.865913,50.07143,50.07142857142857,17.8196964263916,True
2025-11-30 18:00:00,SAC,56.0,31.148676,39.5,39.5,17.8196964263916,True
2025-11-30 19:00:00,SAC,43.0,32.146244,34.384617,34.38461538461539,17.8196964263916,False
2025-11-30 20:00:00,SAC,33.0,30.10864,29.357143,29.357142857142858,17.8196964263916,False
2025-11-30 21:00:00,SAC,32.0,21.207144,17.714285,17.714285714285715,17.8196964263916,False
2025-11-30 22:00:00,SAC,10.0,14.710955,13.642858,13.642857142857142,17.8196964263916,False
2025-11-30 23:00:00,SAC,4.0,11.261137,11.642858,11.642857142857142,17.8196964263916,False
2025-12-01 03:00:00,SAC,2.0,7.4344707,7.357143,7.357142857142857,17.8196964263916,False
2025-12-01 04:00:00,SAC,3.0,7.6603694,6.857143,6.857142857142857,17.8196964263916,False
2025-12-01 05:00:00,SAC,2.0,3.916149,3.142857,3.142857142857143,17.8196964263916,False
2025-12-01 06:00:00,SAC,2.0,2.9175847,2.2142856,2.2142857142857144,17.8196964263916,False
2025-12-01 07:00:00,SAC,2.0,3.153911,2.642857,2.642857142857143,17.8196964263916,False
2025-12-01 08:00:00,SAC,4.0,7.61581,7.642857,7.642857142857143,17.8196964263916,False
2025-12-01 09:00:00,SAC,15.0,20.700645,20.714285,20.714285714285715,17.8196964263916,False
2025-12-01 10:00:00,SAC,32.0,37.604584,38.615383,38.61538461538461,17.8196964263916,False
2025-12-01 11:00:00,SAC,54.0,57.618458,63.0,63.0,17.8196964263916,False
2025-12-01 12:00:00,SAC,63.0,64.712585,76.166664,76.16666666666667,17.8196964263916,False
2025-12-01 13:00:00,SAC,59.0,65.110245,80.833336,80.83333333333333,17.8196964263916,False
2025-12-01 14:00:00,SAC,53.0,59.873505,80.916664,80.91666666666667,17.8196964263916,False
2025-12-01 15:00:00,SAC,57.0,56.626404,79.53846,79.53846153846153,17.8196964263916,False
2025-12-01 16:00:00,SAC,58.0,44.356422,68.07143,68.07142857142857,17.8196964263916,False
2025-12-01 17:00:00,SAC,55.0,27.710285,51.142857,51.142857142857146,17.8196964263916,True
2025-12-01 18:00:00,SAC,46.0,19.229263,42.0,42.0,17.8196964263916,True
2025-12-01 19:00:00,SAC,40.0,14.03294,35.846153,35.84615384615385,17.8196964263916,True
2025-12-01 20:00:00,SAC,38.0,10.109728,29.357143,29.357142857142858,17.8196964263916,True
2025-12-01 21:00:00,SAC,33.0,3.6622334,19.285715,19.285714285714285,17.8196964263916,True
2025-12-01 22:00:00,SAC,22.0,1.4410648,13.0,13.0,17.8196964263916,True
2025-12-01 23:00:00,SAC,3.0,3.4293776,11.642858,11.642857142857142,17.8196964263916,False
2025-12-02 00:00:00,SAC,2.0,2.3602123,7.818182,7.818181818181818,17.8196964263916,False
2025-12-02 01:00:00,SAC,2.0,3.0562468,7.181818,7.181818181818182,17.8196964263916,False
2025-12-02 02:00:00,SAC,1.0,3.5869017,7.0,7.0,17.8196964263916,False
2025-12-02 03:00:00,SAC,2.0,4.380659,7.285714,7.285714285714286,17.8196964263916,False
2025-12-02 04:00:00,SAC,1.0,4.2984114,6.857143,6.857142857142857,17.8196964263916,False
2025-12-02 05:00:00,SAC,1.0,0.44260693,3.0714285,3.0714285714285716,17.8196964263916,False
2025-12-02 06:00:00,SAC,1.0,-0.80494714,2.142857,2.142857142857143,17.8196964263916,False
2025-12-02 07:00:00,SAC,2.0,-0.9313152,2.5,2.5,17.8196964263916,False
2025-12-02 08:00:00,SAC,4.0,3.0971723,7.357143,7.357142857142857,17.8196964263916,False
2025-12-02 09:00:00,SAC,19.0,14.990121,20.142857,20.142857142857142,17.8196964263916,False
2025-12-02 10:00:00,SAC,45.0,30.517925,37.615383,37.61538461538461,17.8196964263916,False
2025-12-02 11:00:00,SAC,71.0,48.645,60.916668,60.916666666666664,17.8196964263916,True
2025-12-02 12:00:00,SAC,81.0,59.019413,74.416664,74.41666666666667,17.8196964263916,True
2025-12-02 13:00:00,SAC,75.0,65.118416,78.583336,78.58333333333333,17.8196964263916,False
2025-12-02 14:00:00,SAC,66.0,63.02117,78.0,78.0,17.8196964263916,False
2025-12-02 15:00:00,SAC,59.0,59.45883,76.92308,76.92307692307692,17.8196964263916,False
2025-12-02 16:00:00,SAC,54.0,48.3226,65.78571,65.78571428571429,17.8196964263916,False
2025-12-02 17:00:00,SAC,54.0,34.93898,50.214287,50.214285714285715,17.8196964263916,True
2025-12-02 18:00:00,SAC,55.0,29.611454,41.357143,41.357142857142854,17.8196964263916,True
2025-12-02 19:00:00,SAC,43.0,24.822742,34.923077,34.92307692307692,17.8196964263916,True
2025-12-02 20:00:00,SAC,35.0,17.0937,28.285715,28.285714285714285,17.8196964263916,True
2025-12-02 21:00:00,SAC,25.0,9.343149,19.142857,19.142857142857142,17.8196964263916,False
2025-12-02 22:00:00,SAC,28.0,8.249569,13.0,13.0,17.8196964263916,True
2025-12-02 23:00:00,SAC,35.0,7.8103743,10.5,10.5,17.8196964263916,True
2025-12-03 00:00:00,SAC,31.0,5.034993,6.4545455,6.454545454545454,17.8196964263916,True
2025-12-03 01:00:00,SAC,26.0,5.3602605,6.181818,6.181818181818182,17.8196964263916,True
2025-12-03 02:00:00,SAC,39.0,6.237217,6.7272725,6.7272727272727275,17.8196964263916,True
2025-12-03 03:00:00,SAC,40.0,6.9513683,7.214286,7.214285714285714,17.8196964263916,True
2025-12-03 04:00:00,SAC,23.0,6.910566,6.714286,6.714285714285714,17.8196964263916,False
2025-12-03 05:00:00,SAC,3.0,2.7385437,2.9285715,2.9285714285714284,17.8196964263916,False
2025-12-03 06:00:00,SAC,2.0,0.2416457,2.0,2.0,17.8196964263916,False
2025-12-03 07:00:00,SAC,2.0,-0.40598798,2.4285715,2.4285714285714284,17.8196964263916,False
2025-12-03 08:00:00,SAC,4.0,3.1786084,7.214286,7.214285714285714,17.8196964263916,False
2025-12-03 09:00:00,SAC,18.0,13.452333,19.5,19.5,17.8196964263916,False
2025-12-03 10:00:00,SAC,42.0,28.171753,37.0,37.0,17.8196964263916,False
2025-12-03 11:00:00,SAC,68.0,45.15461,59.75,59.75,17.8196964263916,True
2025-12-03 12:00:00,SAC,95.0,54.24118,73.083336,73.08333333333333,17.8196964263916,True
2025-12-03 13:00:00,SAC,122.0,60.362965,77.083336,77.08333333333333,17.8196964263916,True
2025-12-03 14:00:00,SAC,78.0,61.723145,76.0,76.0,17.8196964263916,False
2025-12-03 15:00:00,SAC,58.0,58.895027,74.30769,74.3076923076923,17.8196964263916,False
2025-12-03 16:00:00,SAC,55.0,45.079735,63.07143,63.07142857142857,17.8196964263916,False
2025-12-03 17:00:00,SAC,52.0,32.97838,48.42857,48.42857142857143,17.8196964263916,True
2025-12-03 18:00:00,SAC,51.0,27.15018,40.714287,40.714285714285715,17.8196964263916,True
2025-12-03 19:00:00,SAC,47.0,21.87083,33.53846,33.53846153846154,17.8196964263916,True
2025-12-03 20:00:00,SAC,36.0,17.166252,27.0,27.0,17.8196964263916,True
2025-12-03 21:00:00,SAC,25.0,9.537941,20.142857,20.142857142857142,17.8196964263916,False
2025-12-03 22:00:00,SAC,20.0,4.7493887,14.714286,14.714285714285714,17.8196964263916,False
2025-12-03 23:00:00,SAC,2.0,3.7540054,12.714286,12.714285714285714,17.8196964263916,False
2025-12-04 00:00:00,SAC,2.0,0.44729328,8.5,8.5,17.8196964263916,False
2025-12-04 01:00:00,SAC,2.0,1.4166498,7.8333335,7.833333333333333,17.8196964263916,False
2025-12-04 02:00:00,SAC,2.0,4.8755875,9.416667,9.416666666666666,17.8196964263916,False
2025-12-04 03:00:00,SAC,2.0,5.757806,9.5,9.5,17.8196964263916,False
2025-12-04 04:00:00,SAC,2.0,5.7198734,8.0,8.0,17.8196964263916,False
2025-12-04 05:00:00,SAC,2.0,1.4028732,2.9285715,2.9285714285714284,17.8196964263916,False
2025-12-04 06:00:00,SAC,3.0,0.84441185,1.8571428,1.8571428571428572,17.8196964263916,False
2025-12-04 07:00:00,SAC,2.0,1.4271064,2.2857144,2.2857142857142856,17.8196964263916,False
2025-12-04 08:00:00,SAC,5.0,5.8120213,7.071429,7.071428571428571,17.8196964263916,False
2025-12-04 09:00:00,SAC,21.0,17.781345,19.428572,19.428571428571427,17.8196964263916,False
2025-12-04 12:00:00,SAC,84.0,61.352287,74.76923,74.76923076923077,17.8196964263916,True
2025-12-04 13:00:00,SAC,101.0,64.08783,80.53846,80.53846153846153,17.8196964263916,True
2025-12-04 14:00:00,SAC,112.0,60.391407,77.0,77.0,17.8196964263916,True
2025-12-04 15:00:00,SAC,119.0,58.3818,74.15385,74.15384615384616,17.8196964263916,True
2025-12-04 16:00:00,SAC,107.0,53.172447,63.285713,63.285714285714285,17.8196964263916,True
2025-12-04 17:00:00,SAC,67.0,38.973335,49.07143,49.07142857142857,17.8196964263916,True
2025-12-04 18:00:00,SAC,55.0,29.688263,40.642857,40.642857142857146,17.8196964263916,True
2025-12-04 19:00:00,SAC,46.0,23.622498,34.76923,34.76923076923077,17.8196964263916,True
2025-12-04 20:00:00,SAC,52.0,18.997982,29.428572,29.428571428571427,17.8196964263916,True
2025-12-04 21:00:00,SAC,28.0,9.522577,21.714285,21.714285714285715,17.8196964263916,True
2025-12-04 22:00:00,SAC,23.0,2.3032265,16.071428,16.071428571428573,17.8196964263916,True
2025-12-04 23:00:00,SAC,26.0,-0.7597122,12.785714,12.785714285714286,17.8196964263916,True
2025-12-05 00:00:00,SAC,15.0,-3.5524292,8.25,8.25,17.8196964263916,True
2025-12-05 01:00:00,SAC,7.0,-1.5862889,7.8333335,7.833333333333333,17.8196964263916,False
2025-12-05 02:00:00,SAC,5.0,1.8930306,9.416667,9.416666666666666,17.8196964263916,False
2025-12-05 03:00:00,SAC,4.0,3.9446888,9.571428,9.571428571428571,17.8196964263916,False
2025-12-05 04:00:00,SAC,5.0,4.735633,8.142858,8.142857142857142,17.8196964263916,False
2025-12-05 05:00:00,SAC,3.0,0.7383902,3.0,3.0,17.8196964263916,False
2025-12-05 06:00:00,SAC,3.0,0.5363281,2.0,2.0,17.8196964263916,False
2025-12-05 07:00:00,SAC,3.0,0.8232459,2.2857144,2.2857142857142856,17.8196964263916,False
2025-12-05 08:00:00,SAC,7.0,4.647216,7.142857,7.142857142857143,17.8196964263916,False
2025-12-05 09:00:00,SAC,12.0,15.332309,19.857143,19.857142857142858,17.8196964263916,False
2025-12-05 10:00:00,SAC,37.0,28.912874,36.833332,36.833333333333336,17.8196964263916,False
2025-12-05 11:00:00,SAC,51.0,46.501434,60.25,60.25,17.8196964263916,False
2025-12-05 12:00:00,SAC,68.0,56.274124,75.07692,75.07692307692308,17.8196964263916,False
2025-12-05 13:00:00,SAC,65.0,60.985947,81.38461,81.38461538461539,17.8196964263916,False
2025-12-05 14:00:00,SAC,59.0,54.621258,78.416664,78.41666666666667,17.8196964263916,False
2025-12-05 15:00:00,SAC,59.0,48.377357,74.76923,74.76923076923077,17.8196964263916,False
2025-12-05 16:00:00,SAC,59.0,37.862278,63.07143,63.07142857142857,17.8196964263916,True
2025-12-05 17:00:00,SAC,60.0,25.376911,48.92857,48.92857142857143,17.8196964263916,True
2025-12-05 18:00:00,SAC,52.0,19.301552,40.857143,40.857142857142854,17.8196964263916,True
2025-12-05 19:00:00,SAC,48.0,14.356085,34.615383,34.61538461538461,17.8196964263916,True
2025-12-05 20:00:00,SAC,47.0,10.620991,29.642857,29.642857142857142,17.8196964263916,True
2025-12-05 21:00:00,SAC,44.0,6.0077744,20.5,20.5,17.8196964263916,True
2025-12-05 22:00:00,SAC,42.0,4.35437,14.785714,14.785714285714286,17.8196964263916,True
2025-12-05 23:00:00,SAC,44.0,3.9962978,11.642858,11.642857142857142,17.8196964263916,True
2025-12-06 00:00:00,SAC,41.0,2.2835836,8.5,8.5,17.8196964263916,True
2025-12-06 01:00:00,SAC,31.0,3.3234816,8.25,8.25,17.8196964263916,True
2025-12-06 02:00:00,SAC,31.0,5.6194754,9.75,9.75,17.8196964263916,True
2025-12-06 03:00:00,SAC,41.0,5.931919,9.785714,9.785714285714286,17.8196964263916,True
2025-12-06 04:00:00,SAC,25.0,4.9178643,8.357142,8.357142857142858,17.8196964263916,True
2025-12-06 05:00:00,SAC,2.0,0.014754534,3.142857,3.142857142857143,17.8196964263916,False
2025-12-06 06:00:00,SAC,4.0,-1.2825472,2.142857,2.142857142857143,17.8196964263916,False
2025-12-06 07:00:00,SAC,3.0,-1.302697,2.357143,2.357142857142857,17.8196964263916,False
2025-12-06 08:00:00,SAC,6.0,2.5835147,7.071429,7.071428571428571,17.8196964263916,False
2025-12-06 09:00:00,SAC,17.0,12.366971,18.857143,18.857142857142858,17.8196964263916,False
2025-12-06 10:00:00,SAC,40.0,26.338825,36.846153,36.84615384615385,17.8196964263916,False
2025-12-06 11:00:00,SAC,61.0,41.201702,58.25,58.25,17.8196964263916,True
2025-12-06 12:00:00,SAC,81.0,51.33831,73.23077,73.23076923076923,17.8196964263916,True
2025-12-06 13:00:00,SAC,98.0,54.55075,78.61539,78.61538461538461,17.8196964263916,True
2025-12-06 14:00:00,SAC,83.0,51.401424,75.25,75.25,17.8196964263916,True
2025-12-06 15:00:00,SAC,70.0,48.509876,72.30769,72.3076923076923,17.8196964263916,True
2025-12-06 16:00:00,SAC,51.0,36.586594,62.5,62.5,17.8196964263916,False
2025-12-06 17:00:00,SAC,44.0,22.884026,49.714287,49.714285714285715,17.8196964263916,True
2025-12-06 18:00:00,SAC,38.0,16.840937,41.92857,41.92857142857143,17.8196964263916,True
2025-12-06 19:00:00,SAC,37.0,14.402447,36.384617,36.38461538461539,17.8196964263916,True
2025-12-06 20:00:00,SAC,37.0,13.942385,31.428572,31.428571428571427,17.8196964263916,True
2025-12-06 21:00:00,SAC,28.0,9.145413,22.785715,22.785714285714285,17.8196964263916,True
2025-12-06 22:00:00,SAC,23.0,7.0976057,17.642857,17.642857142857142,17.8196964263916,False
2025-12-06 23:00:00,SAC,3.0,6.1601458,14.642858,14.642857142857142,17.8196964263916,False
2025-12-07 03:00:00,SAC,8.0,7.3141365,12.071428,12.071428571428571,17.8196964263916,False
2025-12-07 04:00:00,SAC,2.0,6.9516487,9.571428,9.571428571428571,17.8196964263916,False
2025-12-07 05:00:00,SAC,2.0,0.10589981,3.0714285,3.0714285714285716,17.8196964263916,False
2025-12-07 06:00:00,SAC,2.0,-1.1369312,2.357143,2.357142857142857,17.8196964263916,False
2025-12-07 07:00:00,SAC,3.0,-1.7636282,2.2857144,2.2857142857142856,17.8196964263916,False
2025-12-07 08:00:00,SAC,7.0,2.2571397,7.0,7.0,17.8196964263916,False
2025-12-07 09:00:00,SAC,28.0,11.621573,18.142857,18.142857142857142,17.8196964263916,False
2025-12-07 10:00:00,SAC,51.0,26.067373,36.384617,36.38461538461539,17.8196964263916,True
2025-12-07 11:00:00,SAC,77.0,40.523438,58.083332,58.083333333333336,17.8196964263916,True
2025-12-07 12:00:00,SAC,75.0,53.88214,73.76923,73.76923076923077,17.8196964263916,True
2025-12-07 13:00:00,SAC,74.0,58.97197,79.76923,79.76923076923077,17.8196964263916,False
2025-12-07 14:00:00,SAC,86.0,52.791485,74.916664,74.91666666666667,17.8196964263916,True
2025-12-07 15:00:00,SAC,77.0,50.02941,71.46154,71.46153846153847,17.8196964263916,True
2025-12-07 16:00:00,SAC,67.0,39.384422,60.785713,60.785714285714285,17.8196964263916,True
2025-12-07 17:00:00,SAC,59.0,27.651592,48.42857,48.42857142857143,17.8196964263916,True
2025-12-07 18:00:00,SAC,51.0,21.228289,42.357143,42.357142857142854,17.8196964263916,True
2025-12-07 19:00:00,SAC,44.0,17.24879,38.153847,38.15384615384615,17.8196964263916,True
2025-12-07 20:00:00,SAC,20.0,12.142735,33.214287,33.214285714285715,17.8196964263916,False
2025-12-07 21:00:00,SAC,19.0,4.2952747,24.214285,24.214285714285715,17.8196964263916,False
2025-12-07 22:00:00,SAC,19.0,0.27355957,19.0,19.0,17.8196964263916,True
2025-12-07 23:00:00,SAC,19.0,-2.1624517,14.642858,14.642857142857142,17.8196964263916,True
2025-12-08 00:00:00,SAC,15.0,-2.2040768,12.454545,12.454545454545455,17.8196964263916,False
2025-12-08 01:00:00,SAC,25.0,-0.45532417,10.727273,10.727272727272727,17.8196964263916,True
2025-12-08 02:00:00,SAC,31.0,4.793399,12.0,12.0,17.8196964263916,True
2025-12-08 03:00:00,SAC,30.0,7.2797008,12.0,12.0,17.8196964263916,True
2025-12-08 04:00:00,SAC,27.0,6.302864,9.285714,9.285714285714286,17.8196964263916,True
2025-12-08 05:00:00,SAC,23.0,1.1662259,3.0714285,3.0714285714285716,17.8196964263916,True
2025-12-08 06:00:00,SAC,15.0,0.88628066,2.4285715,2.4285714285714284,17.8196964263916,False
2025-12-08 07:00:00,SAC,12.0,0.49462152,2.357143,2.357142857142857,17.8196964263916,False
2025-12-08 08:00:00,SAC,13.0,3.2739933,6.642857,6.642857142857143,17.8196964263916,False
2025-12-08 09:00:00,SAC,18.0,12.290563,18.642857,18.642857142857142,17.8196964263916,False
2025-12-08 10:00:00,SAC,28.0,26.661945,37.76923,37.76923076923077,17.8196964263916,False
2025-12-08 11:00:00,SAC,36.0,43.344765,60.416668,60.416666666666664,17.8196964263916,False
2025-12-08 12:00:00,SAC,35.0,53.234085,75.07692,75.07692307692308,17.8196964263916,True
2025-12-08 13:00:00,SAC,28.0,56.647232,80.69231,80.6923076923077,17.8196964263916,True
2025-12-08 14:00:00,SAC,34.0,51.806183,76.666664,76.66666666666667,17.8196964263916,False
2025-12-08 15:00:00,SAC,41.0,47.06144,72.38461,72.38461538461539,17.8196964263916,False
2025-12-08 16:00:00,SAC,34.0,34.95016,61.0,61.0,17.8196964263916,False
2025-12-08 17:00:00,SAC,23.0,21.434761,48.285713,48.285714285714285,17.8196964263916,False
2025-12-08 18:00:00,SAC,5.0,15.148293,41.285713,41.285714285714285,17.8196964263916,False
2025-12-08 19:00:00,SAC,3.0,13.185543,37.153847,37.15384615384615,17.8196964263916,False
2025-12-08 20:00:00,SAC,2.0,10.150072,31.285715,31.285714285714285,17.8196964263916,False
2025-12-08 21:00:00,SAC,2.0,5.411648,23.642857,23.642857142857142,17.8196964263916,False
2025-12-08 22:00:00,SAC,2.0,4.2573757,19.428572,19.428571428571427,17.8196964263916,False
2025-12-08 23:00:00,SAC,3.0,3.4580917,15.857142,15.857142857142858,17.8196964263916,False
2025-12-09 00:00:00,SAC,4.0,3.3791952,13.636364,13.636363636363637,17.8196964263916,False
2025-12-09 01:00:00,SAC,5.0,4.061352,12.909091,12.909090909090908,17.8196964263916,False
2025-12-09 02:00:00,SAC,2.0,7.0219946,14.727273,14.727272727272727,17.8196964263916,False
2025-12-09 03:00:00,SAC,3.0,7.1433797,14.071428,14.071428571428571,17.8196964263916,False
2025-12-09 04:00:00,SAC,2.0,5.142438,11.142858,11.142857142857142,17.8196964263916,False
2025-12-09 05:00:00,SAC,3.0,-0.5150347,4.642857,4.642857142857143,17.8196964263916,False
2025-12-09 06:00:00,SAC,3.0,-1.0851796,3.4285715,3.4285714285714284,17.8196964263916,False
2025-12-09 07:00:00,SAC,3.0,-0.81435394,3.0714285,3.0714285714285716,17.8196964263916,False
2025-12-09 08:00:00,SAC,7.0,3.743027,7.285714,7.285714285714286,17.8196964263916,False
2025-12-09 09:00:00,SAC,21.0,15.3191395,18.571428,18.571428571428573,17.8196964263916,False
2025-12-09 10:00:00,SAC,39.0,32.049343,36.153847,36.15384615384615,17.8196964263916,False
2025-12-09 11:00:00,SAC,52.0,47.855278,57.75,57.75,17.8196964263916,False
2025-12-09 12:00:00,SAC,58.0,54.553368,71.53846,71.53846153846153,17.8196964263916,False
2025-12-09 13:00:00,SAC,61.0,56.52456,75.69231,75.6923076923077,17.8196964263916,False
2025-12-09 14:00:00,SAC,71.0,53.321896,70.75,70.75,17.8196964263916,False
2025-12-09 15:00:00,SAC,75.0,49.434174,67.15385,67.15384615384616,17.8196964263916,True
2025-12-09 16:00:00,SAC,54.0,34.467987,56.142857,56.142857142857146,17.8196964263916,True
2025-12-09 17:00:00,SAC,53.0,24.49501,45.785713,45.785714285714285,17.8196964263916,True
2025-12-09 18:00:00,SAC,53.0,19.692476,38.07143,38.07142857142857,17.8196964263916,True
2025-12-09 19:00:00,SAC,54.0,16.141737,33.846153,33.84615384615385,17.8196964263916,True
2025-12-09 20:00:00,SAC,21.0,9.368988,28.642857,28.642857142857142,17.8196964263916,False
2025-12-09 22:00:00,SAC,12.0,2.1961374,16.642857,16.642857142857142,17.8196964263916,False
2025-12-09 23:00:00,SAC,8.0,1.1252975,13.071428,13.071428571428571,17.8196964263916,False
2025-12-10 00:00:00,SAC,7.0,4.075433,12.833333,12.833333333333334,17.8196964263916,False
2025-12-10 01:00:00,SAC,16.0,6.6869125,12.25,12.25,17.8196964263916,False
2025-12-10 02:00:00,SAC,11.0,9.607954,13.666667,13.666666666666666,17.8196964263916,False
2025-12-10 03:00:00,SAC,9.0,10.532394,13.571428,13.571428571428571,17.8196964263916,False
2025-12-10 04:00:00,SAC,5.0,7.9797688,10.071428,10.071428571428571,17.8196964263916,False
2025-12-10 06:00:00,SAC,3.0,1.5621014,3.5714285,3.5714285714285716,17.8196964263916,False
2025-12-10 07:00:00,SAC,3.0,1.1590977,3.142857,3.142857142857143,17.8196964263916,False
2025-12-10 08:00:00,SAC,5.0,4.642804,7.0,7.0,17.8196964263916,False
2025-12-10 09:00:00,SAC,10.0,15.905855,18.571428,18.571428571428573,17.8196964263916,False
2025-12-10 10:00:00,SAC,30.0,31.21865,35.53846,35.53846153846154,17.8196964263916,False
2025-12-10 11:00:00,SAC,57.0,44.750988,55.916668,55.916666666666664,17.8196964263916,False
2025-12-10 12:00:00,SAC,61.0,51.22625,68.84615,68.84615384615384,17.8196964263916,False
2025-12-10 13:00:00,SAC,71.0,53.562542,73.46154,73.46153846153847,17.8196964263916,False
2025-12-10 14:00:00,SAC,78.0,53.503136,71.25,71.25,17.8196964263916,True
2025-12-10 15:00:00,SAC,71.0,51.962933,69.38461,69.38461538461539,17.8196964263916,True
2025-12-10 16:00:00,SAC,55.0,38.733124,56.92857,56.92857142857143,17.8196964263916,False
2025-12-10 17:00:00,SAC,48.0,27.50018,45.57143,45.57142857142857,17.8196964263916,True
2025-12-10 18:00:00,SAC,17.0,22.055857,37.57143,37.57142857142857,17.8196964263916,False
2025-12-10 19:00:00,SAC,3.0,17.50397,33.692307,33.69230769230769,17.8196964263916,False
2025-12-10 20:00:00,SAC,7.0,8.723158,27.357143,27.357142857142858,17.8196964263916,False
2025-12-10 21:00:00,SAC,15.0,2.489544,21.23077,21.23076923076923,17.8196964263916,False
2025-12-10 22:00:00,SAC,13.0,0.33738518,17.071428,17.071428571428573,17.8196964263916,False
2025-12-10 23:00:00,SAC,7.0,0.8650398,13.5,13.5,17.8196964263916,False
2025-12-11 00:00:00,SAC,13.0,4.5816803,13.333333,13.333333333333334,17.8196964263916,False
2025-12-11 01:00:00,SAC,21.0,8.119972,13.5,13.5,17.8196964263916,False
2025-12-11 02:00:00,SAC,17.0,11.237415,14.416667,14.416666666666666,17.8196964263916,False
2025-12-11 03:00:00,SAC,5.0,10.804364,13.785714,13.785714285714286,17.8196964263916,False
2025-12-11 04:00:00,SAC,5.0,7.039057,9.928572,9.928571428571429,17.8196964263916,False
2025-12-11 05:00:00,SAC,4.0,1.9851182,5.076923,5.076923076923077,17.8196964263916,False
2025-12-11 06:00:00,SAC,2.0,0.5932331,3.7142856,3.7142857142857144,17.8196964263916,False
2025-12-11 07:00:00,SAC,3.0,0.04829383,3.2142856,3.2142857142857144,17.8196964263916,False
2025-12-11 08:00:00,SAC,5.0,2.980972,6.642857,6.642857142857143,17.8196964263916,False
2025-12-11 09:00:00,SAC,14.0,13.441164,17.928572,17.928571428571427,17.8196964263916,False
2025-12-11 10:00:00,SAC,27.0,27.908325,35.307693,35.30769230769231,17.8196964263916,False
2025-12-11 11:00:00,SAC,43.0,42.75814,56.25,56.25,17.8196964263916,False
2025-12-11 12:00:00,SAC,52.0,48.259914,68.23077,68.23076923076923,17.8196964263916,False
2025-12-11 13:00:00,SAC,59.0,48.857224,73.23077,73.23076923076923,17.8196964263916,False
2025-12-11 14:00:00,SAC,64.0,45.53042,71.416664,71.41666666666667,17.8196964263916,True
2025-12-11 15:00:00,SAC,64.0,43.190533,68.84615,68.84615384615384,17.8196964263916,True
2025-12-11 16:00:00,SAC,72.0,30.018764,56.42857,56.42857142857143,17.8196964263916,True
2025-12-11 17:00:00,SAC,40.0,20.580917,47.285713,47.285714285714285,17.8196964263916,True
2025-12-11 18:00:00,SAC,34.0,10.792065,37.214287,37.214285714285715,17.8196964263916,True
2025-12-11 19:00:00,SAC,52.0,9.319122,32.46154,32.46153846153846,17.8196964263916,True
2025-12-11 20:00:00,SAC,28.0,5.8829784,26.571428,26.571428571428573,17.8196964263916,True
2025-12-11 21:00:00,SAC,9.0,0.6316128,21.0,21.0,17.8196964263916,False
2025-12-11 22:00:00,SAC,13.0,-0.0009212494,16.785715,16.785714285714285,17.8196964263916,False
2025-12-11 23:00:00,SAC,9.0,0.7010536,12.357142,12.357142857142858,17.8196964263916,False
2025-12-12 00:00:00,SAC,6.0,4.654048,12.333333,12.333333333333334,17.8196964263916,False
2025-12-12 01:00:00,SAC,3.0,7.8252172,13.083333,13.083333333333334,17.8196964263916,False
2025-12-12 02:00:00,SAC,3.0,10.891502,13.583333,13.583333333333334,17.8196964263916,False
2025-12-12 03:00:00,SAC,3.0,11.542945,12.285714,12.285714285714286,17.8196964263916,False
2025-12-12 04:00:00,SAC,3.0,9.514018,8.642858,8.642857142857142,17.8196964263916,False
2025-12-12 05:00:00,SAC,3.0,6.0707636,3.9230769,3.923076923076923,17.8196964263916,False
2025-12-12 06:00:00,SAC,3.0,6.312812,3.2857144,3.2857142857142856,17.8196964263916,False
2025-12-12 07:00:00,SAC,3.0,6.9879656,3.142857,3.142857142857143,17.8196964263916,False
2025-12-12 08:00:00,SAC,5.0,10.277384,6.214286,6.214285714285714,17.8196964263916,False
2025-12-12 09:00:00,SAC,17.0,21.342367,17.357143,17.357142857142858,17.8196964263916,False
2025-12-12 10:00:00,SAC,36.0,38.231133,35.0,35.0,17.8196964263916,False
2025-12-12 11:00:00,SAC,70.0,52.925816,56.666668,56.666666666666664,17.8196964263916,False
2025-12-12 12:00:00,SAC,78.0,55.775597,68.69231,68.6923076923077,17.8196964263916,True
2025-12-12 13:00:00,SAC,66.0,58.64048,74.30769,74.3076923076923,17.8196964263916,False
2025-12-12 14:00:00,SAC,74.0,55.229008,73.0,73.0,17.8196964263916,True
2025-12-12 15:00:00,SAC,73.0,50.75975,70.61539,70.61538461538461,17.8196964263916,True
2025-12-12 16:00:00,SAC,49.0,40.55447,59.214287,59.214285714285715,17.8196964263916,False
2025-12-12 17:00:00,SAC,32.0,26.860752,48.42857,48.42857142857143,17.8196964263916,False
2025-12-12 18:00:00,SAC,36.0,15.858597,38.285713,38.285714285714285,17.8196964263916,True
2025-12-12 19:00:00,SAC,59.0,13.664259,33.857143,33.857142857142854,17.8196964263916,True
2025-12-12 20:00:00,SAC,48.0,11.470221,27.428572,27.428571428571427,17.8196964263916,True
2025-12-12 21:00:00,SAC,14.0,8.042538,20.307692,20.307692307692307,17.8196964263916,False
2025-12-12 22:00:00,SAC,3.0,4.843668,16.5,16.5,17.8196964263916,False
2025-12-12 23:00:00,SAC,9.0,1.6801462,11.857142,11.857142857142858,17.8196964263916,False
2025-12-13 03:00:00,SAC,5.0,7.1764235,10.857142,10.857142857142858,17.8196964263916,False
2025-12-13 04:00:00,SAC,2.0,6.763864,7.5,7.5,17.8196964263916,False
2025-12-13 05:00:00,SAC,3.0,4.310958,3.7692308,3.769230769230769,17.8196964263916,False
2025-12-13 06:00:00,SAC,3.0,4.8139687,3.2857144,3.2857142857142856,17.8196964263916,False
2025-12-13 07:00:00,SAC,3.0,5.460488,3.2142856,3.2142857142857144,17.8196964263916,False
2025-12-13 08:00:00,SAC,4.0,8.115731,5.857143,5.857142857142857,17.8196964263916,False
2025-12-13 09:00:00,SAC,11.0,18.230658,17.285715,17.285714285714285,17.8196964263916,False
2025-12-13 10:00:00,SAC,28.0,34.517143,36.23077,36.23076923076923,17.8196964263916,False
2025-12-13 11:00:00,SAC,49.0,50.344402,57.692307,57.69230769230769,17.8196964263916,False
2025-12-13 12:00:00,SAC,65.0,53.50036,69.35714,69.35714285714286,17.8196964263916,False
2025-12-13 13:00:00,SAC,71.0,52.9489,73.71429,73.71428571428571,17.8196964263916,True
2025-12-13 14:00:00,SAC,78.0,50.185883,73.07692,73.07692307692308,17.8196964263916,True
2025-12-13 15:00:00,SAC,85.0,47.161457,70.78571,70.78571428571429,17.8196964263916,True
2025-12-13 16:00:00,SAC,83.0,34.938255,60.857143,60.857142857142854,17.8196964263916,True
2025-12-13 17:00:00,SAC,60.0,22.094505,49.214287,49.214285714285715,17.8196964263916,True
2025-12-13 18:00:00,SAC,51.0,13.523729,40.5,40.5,17.8196964263916,True
2025-12-13 19:00:00,SAC,36.0,12.697498,37.857143,37.857142857142854,17.8196964263916,True
2025-12-13 20:00:00,SAC,24.0,7.406933,30.714285,30.714285714285715,17.8196964263916,False
2025-12-13 21:00:00,SAC,13.0,1.1581364,21.307692,21.307692307692307,17.8196964263916,False
2025-12-13 22:00:00,SAC,6.0,0.4687252,16.642857,16.642857142857142,17.8196964263916,False
2025-12-13 23:00:00,SAC,2.0,-0.16166306,12.428572,12.428571428571429,17.8196964263916,False
2025-12-14 00:00:00,SAC,2.0,2.4659014,12.545455,12.545454545454545,17.8196964263916,False
2025-12-14 01:00:00,SAC,2.0,5.1958303,12.727273,12.727272727272727,17.8196964263916,False
2025-12-14 02:00:00,SAC,2.0,8.249296,13.090909,13.090909090909092,17.8196964263916,False
2025-12-14 03:00:00,SAC,3.0,8.873848,11.142858,11.142857142857142,17.8196964263916,False
2025-12-14 04:00:00,SAC,3.0,6.9750915,7.571429,7.571428571428571,17.8196964263916,False
2025-12-14 05:00:00,SAC,5.0,4.1173415,3.9230769,3.923076923076923,17.8196964263916,False
2025-12-14 06:00:00,SAC,2.0,4.1828117,3.4285715,3.4285714285714284,17.8196964263916,False
2025-12-14 08:00:00,SAC,9.0,7.864449,5.928571,5.928571428571429,17.8196964263916,False
2025-12-14 09:00:00,SAC,20.0,19.741562,17.357143,17.357142857142858,17.8196964263916,False
2025-12-14 10:00:00,SAC,34.0,37.728493,36.53846,36.53846153846154,17.8196964263916,False
2025-12-14 11:00:00,SAC,48.0,51.730812,57.692307,57.69230769230769,17.8196964263916,False
2025-12-14 12:00:00,SAC,58.0,53.24942,69.85714,69.85714285714286,17.8196964263916,False
2025-12-14 13:00:00,SAC,59.0,51.3976,74.14286,74.14285714285714,17.8196964263916,False
2025-12-14 14:00:00,SAC,59.0,49.98845,73.42857,73.42857142857143,17.8196964263916,False
2025-12-14 15:00:00,SAC,46.0,46.46595,71.07143,71.07142857142857,17.8196964263916,False
2025-12-14 16:00:00,SAC,38.0,36.415115,62.0,62.0,17.8196964263916,False
2025-12-14 17:00:00,SAC,32.0,25.101612,50.42857,50.42857142857143,17.8196964263916,False
2025-12-14 18:00:00,SAC,25.0,18.351616,42.857143,42.857142857142854,17.8196964263916,False
2025-12-14 19:00:00,SAC,18.0,16.758997,39.642857,39.642857142857146,17.8196964263916,False
2025-12-14 20:00:00,SAC,18.0,9.562502,30.571428,30.571428571428573,17.8196964263916,False
2025-12-14 21:00:00,SAC,20.0,2.7762184,22.076923,22.076923076923077,17.8196964263916,False
2025-12-14 22:00:00,SAC,18.0,-0.39277458,16.857143,16.857142857142858,17.8196964263916,True
2025-12-14 23:00:00,SAC,16.0,-2.6149569,12.428572,12.428571428571429,17.8196964263916,True
2025-12-15 00:00:00,SAC,25.0,0.9526329,12.545455,12.545454545454545,17.8196964263916,True
2025-12-15 01:00:00,SAC,24.0,3.761176,12.727273,12.727272727272727,17.8196964263916,True
2025-12-15 02:00:00,SAC,24.0,4.2562647,13.090909,13.090909090909092,17.8196964263916,True
2025-12-15 03:00:00,SAC,21.0,2.8114176,11.214286,11.214285714285714,17.8196964263916,True
2025-12-15 04:00:00,SAC,21.0,-1.5224123,7.714286,7.714285714285714,17.8196964263916,True
2025-12-15 05:00:00,SAC,17.0,-5.563533,4.3076925,4.3076923076923075,17.8196964263916,True
2025-12-15 06:00:00,SAC,7.0,-7.4839487,3.4285715,3.4285714285714284,17.8196964263916,False
2025-12-15 07:00:00,SAC,7.0,-7.7894673,3.3846154,3.3846153846153846,17.8196964263916,False
2025-12-15 08:00:00,SAC,11.0,-6.1556144,6.071429,6.071428571428571,17.8196964263916,False
2025-12-15 09:00:00,SAC,17.0,2.5064392,17.214285,17.214285714285715,17.8196964263916,False
2025-12-15 10:00:00,SAC,24.0,20.482668,36.076923,36.07692307692308,17.8196964263916,False
2025-12-15 11:00:00,SAC,28.0,37.990746,56.692307,56.69230769230769,17.8196964263916,False
2025-12-15 12:00:00,SAC,29.0,46.807945,68.14286,68.14285714285714,17.8196964263916,False
2025-12-15 13:00:00,SAC,27.0,48.789314,72.07143,72.07142857142857,17.8196964263916,True
2025-12-15 14:00:00,SAC,26.0,46.481705,71.07143,71.07142857142857,17.8196964263916,True
2025-12-15 15:00:00,SAC,24.0,43.025593,68.14286,68.14285714285714,17.8196964263916,True
2025-12-15 16:00:00,SAC,25.0,34.759247,59.714287,59.714285714285715,17.8196964263916,False
2025-12-15 17:00:00,SAC,16.0,23.57567,48.5,48.5,17.8196964263916,False
2025-12-15 18:00:00,SAC,12.0,17.1175,40.642857,40.642857142857146,17.8196964263916,False
2025-12-15 19:00:00,SAC,7.0,16.685299,37.857143,37.857142857142854,17.8196964263916,False
2025-12-15 20:00:00,SAC,6.0,9.955708,29.5,29.5,17.8196964263916,False
2025-12-15 21:00:00,SAC,3.0,3.885336,21.153847,21.153846153846153,17.8196964263916,False
2025-12-15 22:00:00,SAC,3.0,2.5560064,17.428572,17.428571428571427,17.8196964263916,False
2025-12-15 23:00:00,SAC,2.0,0.26683426,13.285714,13.285714285714286,17.8196964263916,False
2025-12-16 00:00:00,SAC,2.0,1.5344248,13.583333,13.583333333333334,17.8196964263916,False
2025-12-16 01:00:00,SAC,2.0,2.613285,13.666667,13.666666666666666,17.8196964263916,False
2025-12-16 02:00:00,SAC,3.0,4.480261,14.0,14.0,17.8196964263916,False
2025-12-16 03:00:00,SAC,2.0,4.6603875,12.571428,12.571428571428571,17.8196964263916,False
2025-12-16 04:00:00,SAC,2.0,2.9471965,9.0,9.0,17.8196964263916,False
2025-12-16 05:00:00,SAC,2.0,0.8529134,5.4615383,5.461538461538462,17.8196964263916,False
2025-12-16 06:00:00,SAC,3.0,-0.07263565,3.7857144,3.7857142857142856,17.8196964263916,False
2025-12-16 07:00:00,SAC,3.0,-0.01782298,3.7692308,3.769230769230769,17.8196964263916,False
2025-12-16 08:00:00,SAC,4.0,2.1612449,6.571429,6.571428571428571,17.8196964263916,False
2025-12-16 10:00:00,SAC,30.0,27.437466,35.46154,35.46153846153846,17.8196964263916,False
2025-12-16 11:00:00,SAC,50.0,42.685234,54.692307,54.69230769230769,17.8196964263916,False
2025-12-16 12:00:00,SAC,63.0,47.800167,65.71429,65.71428571428571,17.8196964263916,False
2025-12-16 13:00:00,SAC,70.0,47.286552,69.78571,69.78571428571429,17.8196964263916,True
2025-12-16 14:00:00,SAC,73.0,45.067917,69.14286,69.14285714285714,17.8196964263916,True
2025-12-16 15:00:00,SAC,67.0,39.566402,65.78571,65.78571428571429,17.8196964263916,True
2025-12-16 16:00:00,SAC,52.0,30.452213,57.357143,57.357142857142854,17.8196964263916,True
2025-12-16 17:00:00,SAC,35.0,19.976892,45.714287,45.714285714285715,17.8196964263916,False
2025-12-16 18:00:00,SAC,40.0,14.035999,38.214287,38.214285714285715,17.8196964263916,True
2025-12-16 19:00:00,SAC,48.0,14.44059,35.5,35.5,17.8196964263916,True
2025-12-16 20:00:00,SAC,53.0,9.42922,27.214285,27.214285714285715,17.8196964263916,True
2025-12-16 21:00:00,SAC,39.0,4.6134357,18.846153,18.846153846153847,17.8196964263916,True
2025-12-16 22:00:00,SAC,8.0,5.8087673,16.071428,16.071428571428573,17.8196964263916,False
2025-12-16 23:00:00,SAC,50.0,5.335049,13.214286,13.214285714285714,17.8196964263916,True
2025-12-17 00:00:00,SAC,47.0,9.182987,13.583333,13.583333333333334,17.8196964263916,True
2025-12-17 01:00:00,SAC,47.0,12.888645,13.666667,13.666666666666666,17.8196964263916,True
2025-12-17 02:00:00,SAC,30.0,15.505932,14.166667,14.166666666666666,17.8196964263916,False
2025-12-17 03:00:00,SAC,16.0,14.863944,12.571428,12.571428571428571,17.8196964263916,False
2025-12-17 04:00:00,SAC,14.0,12.6433325,9.071428,9.071428571428571,17.8196964263916,False
2025-12-17 05:00:00,SAC,3.0,9.619043,5.5384617,5.538461538461538,17.8196964263916,False
2025-12-17 06:00:00,SAC,4.0,8.915924,3.9285715,3.9285714285714284,17.8196964263916,False
2025-12-17 07:00:00,SAC,4.0,9.520133,3.8461537,3.8461538461538463,17.8196964263916,False
2025-12-17 08:00:00,SAC,7.0,12.16764,6.571429,6.571428571428571,17.8196964263916,False
2025-12-17 09:00:00,SAC,15.0,21.706266,17.23077,17.23076923076923,17.8196964263916,False
2025-12-17 14:00:00,SAC,62.0,55.757374,69.64286,69.64285714285714,17.8196964263916,False
2025-12-17 15:00:00,SAC,62.0,43.77618,66.35714,66.35714285714286,17.8196964263916,True
2025-12-17 16:00:00,SAC,54.0,30.226072,57.214287,57.214285714285715,17.8196964263916,True
2025-12-17 17:00:00,SAC,39.0,18.884586,44.357143,44.357142857142854,17.8196964263916,True
2025-12-17 18:00:00,SAC,19.0,13.013924,37.142857,37.142857142857146,17.8196964263916,False
2025-12-17 19:00:00,SAC,8.0,13.0803795,35.857143,35.857142857142854,17.8196964263916,False
2025-12-17 20:00:00,SAC,10.0,7.9644547,28.5,28.5,17.8196964263916,False
2025-12-17 21:00:00,SAC,4.0,2.407074,19.923077,19.923076923076923,17.8196964263916,False
2025-12-17 22:00:00,SAC,2.0,0.053700447,14.642858,14.642857142857142,17.8196964263916,False
2025-12-17 23:00:00,SAC,2.0,2.7199326,14.285714,14.285714285714286,17.8196964263916,False
2025-12-18 00:00:00,SAC,2.0,6.326125,14.916667,14.916666666666666,17.8196964263916,False
2025-12-18 01:00:00,SAC,3.0,9.599767,15.416667,15.416666666666666,17.8196964263916,False
2025-12-18 02:00:00,SAC,2.0,9.541678,13.416667,13.416666666666666,17.8196964263916,False
2025-12-18 03:00:00,SAC,2.0,8.158539,10.857142,10.857142857142858,17.8196964263916,False
2025-12-18 04:00:00,SAC,2.0,6.4040627,8.428572,8.428571428571429,17.8196964263916,False
2025-12-18 05:00:00,SAC,2.0,4.0614877,5.5384617,5.538461538461538,17.8196964263916,False
2025-12-18 06:00:00,SAC,2.0,2.9538474,4.071429,4.071428571428571,17.8196964263916,False
2025-12-18 07:00:00,SAC,3.0,2.921286,4.0,4.0,17.8196964263916,False
2025-12-18 08:00:00,SAC,4.0,5.232783,6.785714,6.785714285714286,17.8196964263916,False
2025-12-18 09:00:00,SAC,13.0,14.123796,17.0,17.0,17.8196964263916,False
2025-12-18 10:00:00,SAC,40.0,28.51659,33.666668,33.666666666666664,17.8196964263916,False
2025-12-18 11:00:00,SAC,46.0,39.539864,51.833332,51.833333333333336,17.8196964263916,False
2025-12-18 12:00:00,SAC,49.0,40.71267,62.076923,62.07692307692308,17.8196964263916,False
2025-12-18 13:00:00,SAC,55.0,40.46016,65.38461,65.38461538461539,17.8196964263916,False
2025-12-18 14:00:00,SAC,62.0,42.161156,68.5,68.5,17.8196964263916,True
2025-12-18 15:00:00,SAC,52.0,39.679558,66.64286,66.64285714285714,17.8196964263916,False
2025-12-18 16:00:00,SAC,49.0,28.847652,57.142857,57.142857142857146,17.8196964263916,True
2025-12-18 17:00:00,SAC,46.0,16.199177,43.42857,43.42857142857143,17.8196964263916,True
2025-12-18 18:00:00,SAC,42.0,9.517918,34.857143,34.857142857142854,17.8196964263916,True
2025-12-18 19:00:00,SAC,45.0,9.435562,33.07143,33.07142857142857,17.8196964263916,True
2025-12-18 20:00:00,SAC,22.0,6.042404,26.642857,26.642857142857142,17.8196964263916,False
2025-12-18 21:00:00,SAC,4.0,1.0203876,18.307692,18.307692307692307,17.8196964263916,False
2025-12-18 22:00:00,SAC,3.0,-0.19194317,13.357142,13.357142857142858,17.8196964263916,False
2025-12-18 23:00:00,SAC,3.0,4.393121,14.285714,14.285714285714286,17.8196964263916,False
2025-12-19 03:00:00,SAC,3.0,9.065212,10.857142,10.857142857142858,17.8196964263916,False
2025-12-19 04:00:00,SAC,2.0,10.286997,8.428572,8.428571428571429,17.8196964263916,False
2025-12-19 05:00:00,SAC,2.0,9.434072,5.5384617,5.538461538461538,17.8196964263916,False
2025-12-19 06:00:00,SAC,3.0,10.565716,4.0,4.0,17.8196964263916,False
2025-12-19 07:00:00,SAC,3.0,12.655682,4.076923,4.076923076923077,17.8196964263916,False
2025-12-19 08:00:00,SAC,5.0,16.087627,6.714286,6.714285714285714,17.8196964263916,False
2025-12-19 09:00:00,SAC,15.0,25.187012,16.384615,16.384615384615383,17.8196964263916,False
2025-12-19 10:00:00,SAC,24.0,38.716698,34.153847,34.15384615384615,17.8196964263916,False
2025-12-19 11:00:00,SAC,39.0,46.262856,51.384617,51.38461538461539,17.8196964263916,False
2025-12-19 12:00:00,SAC,65.0,46.14984,59.384617,59.38461538461539,17.8196964263916,True
2025-12-19 13:00:00,SAC,77.0,43.302383,61.846153,61.84615384615385,17.8196964263916,True
2025-12-19 14:00:00,SAC,83.0,43.32843,64.92857,64.92857142857143,17.8196964263916,True
2025-12-19 15:00:00,SAC,88.0,37.377167,61.857143,61.857142857142854,17.8196964263916,True
2025-12-19 16:00:00,SAC,91.0,27.10822,53.0,53.0,17.8196964263916,True
2025-12-19 17:00:00,SAC,79.0,17.587893,41.92857,41.92857142857143,17.8196964263916,True
2025-12-19 18:00:00,SAC,37.0,12.737091,33.92857,33.92857142857143,17.8196964263916,True
2025-12-19 19:00:00,SAC,33.0,12.14053,33.0,33.0,17.8196964263916,True
2025-12-19 20:00:00,SAC,7.0,4.295204,24.5,24.5,17.8196964263916,False
2025-12-19 21:00:00,SAC,8.0,-1.8613071,16.461538,16.46153846153846,17.8196964263916,False
2025-12-19 22:00:00,SAC,5.0,-4.604368,11.928572,11.928571428571429,17.8196964263916,False
2025-12-19 23:00:00,SAC,2.0,-0.8007803,12.642858,12.642857142857142,17.8196964263916,False
2025-12-20 00:00:00,SAC,2.0,4.8358574,14.909091,14.909090909090908,17.8196964263916,False
2025-12-20 01:00:00,SAC,2.0,9.432363,16.272728,16.272727272727273,17.8196964263916,False
2025-12-20 02:00:00,SAC,2.0,10.7136965,14.181818,14.181818181818182,17.8196964263916,False
2025-12-20 03:00:00,SAC,2.0,9.776829,10.785714,10.785714285714286,17.8196964263916,False
2025-12-20 04:00:00,SAC,2.0,9.231565,8.214286,8.214285714285714,17.8196964263916,False
2025-12-20 05:00:00,SAC,2.0,8.143162,5.4615383,5.461538461538462,17.8196964263916,False
2025-12-20 06:00:00,SAC,3.0,8.15893,4.0,4.0,17.8196964263916,False
2025-12-20 07:00:00,SAC,3.0,9.629972,4.076923,4.076923076923077,17.8196964263916,False
2025-12-20 08:00:00,SAC,4.0,13.553921,6.571429,6.571428571428571,17.8196964263916,False
2025-12-20 09:00:00,SAC,12.0,25.044653,16.615385,16.615384615384617,17.8196964263916,False
2025-12-20 10:00:00,SAC,29.0,42.22873,33.153847,33.15384615384615,17.8196964263916,False
2025-12-20 11:00:00,SAC,55.0,51.635284,50.46154,50.46153846153846,17.8196964263916,False
2025-12-20 12:00:00,SAC,73.0,50.519314,59.153847,59.15384615384615,17.8196964263916,True
2025-12-20 13:00:00,SAC,69.0,48.56705,62.76923,62.76923076923077,17.8196964263916,True
2025-12-20 14:00:00,SAC,73.0,49.23306,66.64286,66.64285714285714,17.8196964263916,True
2025-12-20 15:00:00,SAC,81.0,47.07901,63.92857,63.92857142857143,17.8196964263916,True
2025-12-20 16:00:00,SAC,81.0,38.754868,55.285713,55.285714285714285,17.8196964263916,True
2025-12-20 17:00:00,SAC,86.0,25.929989,43.285713,43.285714285714285,17.8196964263916,True
2025-12-20 18:00:00,SAC,51.0,15.416605,32.857143,32.857142857142854,17.8196964263916,True
2025-12-20 19:00:00,SAC,53.0,12.181799,31.928572,31.928571428571427,17.8196964263916,True
2025-12-20 20:00:00,SAC,18.0,3.322094,21.642857,21.642857142857142,17.8196964263916,False
2025-12-20 21:00:00,SAC,13.0,-3.092475,13.692307,13.692307692307692,17.8196964263916,False
2025-12-20 22:00:00,SAC,9.0,-6.16292,9.285714,9.285714285714286,17.8196964263916,False
2025-12-20 23:00:00,SAC,3.0,-3.8463297,9.642858,9.642857142857142,17.8196964263916,False
2025-12-21 00:00:00,SAC,3.0,-0.025817871,11.363636,11.363636363636363,17.8196964263916,False
2025-12-21 01:00:00,SAC,3.0,4.421422,13.636364,13.636363636363637,17.8196964263916,False
2025-12-21 02:00:00,SAC,3.0,4.9897656,11.545455,11.545454545454545,17.8196964263916,False
2025-12-21 03:00:00,SAC,3.0,5.3814,8.0,8.0,17.8196964263916,False
2025-12-21 04:00:00,SAC,3.0,7.5044003,6.571429,6.571428571428571,17.8196964263916,False
2025-12-21 05:00:00,SAC,2.0,8.234936,5.4615383,5.461538461538462,17.8196964263916,False
2025-12-21 06:00:00,SAC,2.0,8.390346,3.9285715,3.9285714285714284,17.8196964263916,False
2025-12-21 07:00:00,SAC,3.0,10.073567,4.076923,4.076923076923077,17.8196964263916,False
2025-12-21 08:00:00,SAC,4.0,13.660433,6.428571,6.428571428571429,17.8196964263916,False
2025-12-21 09:00:00,SAC,11.0,24.2153,16.23077,16.23076923076923,17.8196964263916,False
2025-12-21 10:00:00,SAC,33.0,41.368286,32.307693,32.30769230769231,17.8196964263916,False
2025-12-21 11:00:00,SAC,61.0,54.05006,50.0,50.0,17.8196964263916,False
2025-12-21 12:00:00,SAC,70.0,50.05928,58.53846,58.53846153846154,17.8196964263916,True
2025-12-21 13:00:00,SAC,74.0,46.030727,60.53846,60.53846153846154,17.8196964263916,True
2025-12-21 14:00:00,SAC,84.0,47.489246,65.92857,65.92857142857143,17.8196964263916,True
2025-12-21 15:00:00,SAC,85.0,45.421215,64.71429,64.71428571428571,17.8196964263916,True
2025-12-21 16:00:00,SAC,85.0,37.20426,57.42857,57.42857142857143,17.8196964263916,True
2025-12-21 17:00:00,SAC,81.0,25.60873,46.285713,46.285714285714285,17.8196964263916,True
2025-12-21 18:00:00,SAC,66.0,14.239178,33.785713,33.785714285714285,17.8196964263916,True
2025-12-21 19:00:00,SAC,38.0,13.402002,33.07143,33.07142857142857,17.8196964263916,True
2025-12-21 20:00:00,SAC,18.0,2.5136967,20.285715,20.285714285714285,17.8196964263916,False
2025-12-21 21:00:00,SAC,16.0,-3.4572725,12.538462,12.538461538461538,17.8196964263916,True
2025-12-21 22:00:00,SAC,19.0,-5.0753345,8.285714,8.285714285714286,17.8196964263916,True
2025-12-21 23:00:00,SAC,16.0,-0.29295444,9.642858,9.642857142857142,17.8196964263916,False
2025-12-22 00:00:00,SAC,11.0,4.4191008,10.666667,10.666666666666666,17.8196964263916,False
2025-12-22 01:00:00,SAC,10.0,9.883504,12.75,12.75,17.8196964263916,False
2025-12-22 02:00:00,SAC,6.0,11.429169,10.833333,10.833333333333334,17.8196964263916,False
2025-12-22 03:00:00,SAC,12.0,10.638409,7.642857,7.642857142857143,17.8196964263916,False
2025-12-22 04:00:00,SAC,12.0,11.905815,6.642857,6.642857142857143,17.8196964263916,False
2025-12-22 05:00:00,SAC,11.0,12.652528,5.4615383,5.461538461538462,17.8196964263916,False
2025-12-22 06:00:00,SAC,3.0,11.957444,3.9285715,3.9285714285714284,17.8196964263916,False
2025-12-22 07:00:00,SAC,3.0,11.848545,4.076923,4.076923076923077,17.8196964263916,False
2025-12-22 08:00:00,SAC,6.0,13.485049,6.214286,6.214285714285714,17.8196964263916,False
2025-12-22 09:00:00,SAC,16.0,21.307129,14.923077,14.923076923076923,17.8196964263916,False
2025-12-22 10:00:00,SAC,29.0,31.730974,30.923077,30.923076923076923,17.8196964263916,False
2025-12-22 11:00:00,SAC,43.0,40.43448,48.76923,48.76923076923077,17.8196964263916,False
2025-12-22 12:00:00,SAC,52.0,41.80031,58.153847,58.15384615384615,17.8196964263916,False
2025-12-22 13:00:00,SAC,64.0,39.288483,60.53846,60.53846153846154,17.8196964263916,True
2025-12-22 14:00:00,SAC,69.0,41.853043,65.78571,65.78571428571429,17.8196964263916,True
2025-12-22 15:00:00,SAC,58.0,41.34049,65.28571,65.28571428571429,17.8196964263916,False
2025-12-22 16:00:00,SAC,31.0,32.994225,58.714287,58.714285714285715,17.8196964263916,False
2025-12-22 17:00:00,SAC,19.0,21.663836,47.857143,47.857142857142854,17.8196964263916,False
2025-12-22 18:00:00,SAC,9.0,9.419815,34.857143,34.857142857142854,17.8196964263916,False
2025-12-22 19:00:00,SAC,7.0,9.351345,32.642857,32.642857142857146,17.8196964263916,False
2025-12-22 20:00:00,SAC,7.0,-0.39437866,20.142857,20.142857142857142,17.8196964263916,False
2025-12-22 21:00:00,SAC,3.0,-5.274976,12.307693,12.307692307692308,17.8196964263916,False
2025-12-22 22:00:00,SAC,5.0,-6.8227673,8.285714,8.285714285714286,17.8196964263916,False
2025-12-22 23:00:00,SAC,2.0,-2.940033,9.428572,9.428571428571429,17.8196964263916,False
2025-12-23 00:00:00,SAC,2.0,0.55338,10.333333,10.333333333333334,17.8196964263916,False
2025-12-23 01:00:00,SAC,4.0,4.090145,11.5,11.5,17.8196964263916,False
2025-12-23 02:00:00,SAC,1.0,2.641745,8.75,8.75,17.8196964263916,False
2025-12-23 03:00:00,SAC,2.0,1.4125929,6.357143,6.357142857142857,17.8196964263916,False
2025-12-23 04:00:00,SAC,2.0,2.1650622,5.571429,5.571428571428571,17.8196964263916,False
2025-12-23 05:00:00,SAC,2.0,2.3429062,4.5384617,4.538461538461538,17.8196964263916,False
2025-12-23 06:00:00,SAC,2.0,1.290684,3.0714285,3.0714285714285716,17.8196964263916,False
2025-12-23 07:00:00,SAC,2.0,1.4203804,3.3846154,3.3846153846153846,17.8196964263916,False
2025-12-23 08:00:00,SAC,4.0,2.8694456,5.714286,5.714285714285714,17.8196964263916,False
2025-12-23 09:00:00,SAC,5.0,10.692526,14.769231,14.76923076923077,17.8196964263916,False
2025-12-23 10:00:00,SAC,5.0,23.796112,31.0,31.0,17.8196964263916,True
2025-12-23 11:00:00,SAC,20.0,37.278786,49.307693,49.30769230769231,17.8196964263916,False
2025-12-23 12:00:00,SAC,38.0,41.76571,59.46154,59.46153846153846,17.8196964263916,False
2025-12-23 13:00:00,SAC,53.0,39.8271,63.307693,63.30769230769231,17.8196964263916,False
2025-12-23 14:00:00,SAC,70.0,40.706993,68.28571,68.28571428571429,17.8196964263916,True
2025-12-23 15:00:00,SAC,80.0,38.810547,66.5,66.5,17.8196964263916,True
2025-12-23 16:00:00,SAC,76.0,33.60249,58.5,58.5,17.8196964263916,True
2025-12-23 17:00:00,SAC,71.0,24.151487,47.57143,47.57142857142857,17.8196964263916,True
2025-12-23 18:00:00,SAC,56.0,13.622734,35.142857,35.142857142857146,17.8196964263916,True
2025-12-23 19:00:00,SAC,26.0,12.564247,32.92857,32.92857142857143,17.8196964263916,False
2025-12-23 20:00:00,SAC,7.0,2.197462,20.5,20.5,17.8196964263916,False
2025-12-23 21:00:00,SAC,2.0,-4.2045517,12.384615,12.384615384615385,17.8196964263916,False
2025-12-23 22:00:00,SAC,3.0,-6.296335,8.5,8.5,17.8196964263916,False
2025-12-23 23:00:00,SAC,3.0,-1.6088133,9.357142,9.357142857142858,17.8196964263916,False
2025-12-24 00:00:00,SAC,4.0,3.1700497,10.166667,10.166666666666666,17.8196964263916,False
2025-12-24 01:00:00,SAC,2.0,7.4423923,11.416667,11.416666666666666,17.8196964263916,False
2025-12-24 02:00:00,SAC,2.0,7.3356204,8.666667,8.666666666666666,17.8196964263916,False
2025-12-24 03:00:00,SAC,2.0,6.2232084,6.285714,6.285714285714286,17.8196964263916,False
2025-12-24 04:00:00,SAC,2.0,6.726112,5.571429,5.571428571428571,17.8196964263916,False
2025-12-24 05:00:00,SAC,2.0,6.7051244,4.4615383,4.461538461538462,17.8196964263916,False
2025-12-24 06:00:00,SAC,2.0,6.2103453,3.0,3.0,17.8196964263916,False
2025-12-24 07:00:00,SAC,2.0,6.782184,3.3076923,3.3076923076923075,17.8196964263916,False
2025-12-24 08:00:00,SAC,3.0,8.359275,5.5,5.5,17.8196964263916,False
2025-12-24 09:00:00,SAC,5.0,13.819475,13.538462,13.538461538461538,17.8196964263916,False
2025-12-24 10:00:00,SAC,17.0,23.610851,28.384615,28.384615384615383,17.8196964263916,False
2025-12-24 11:00:00,SAC,29.0,33.247795,46.846153,46.84615384615385,17.8196964263916,False
2025-12-24 12:00:00,SAC,52.0,35.108257,57.923077,57.92307692307692,17.8196964263916,False
2025-12-24 13:00:00,SAC,75.0,35.706158,62.692307,62.69230769230769,17.8196964263916,True
2025-12-24 14:00:00,SAC,72.0,40.41845,68.21429,68.21428571428571,17.8196964263916,True
2025-12-24 15:00:00,SAC,69.0,40.82969,66.85714,66.85714285714286,17.8196964263916,True
2025-12-24 16:00:00,SAC,74.0,36.27305,60.07143,60.07142857142857,17.8196964263916,True
2025-12-24 17:00:00,SAC,74.0,27.936808,48.857143,48.857142857142854,17.8196964263916,True
2025-12-24 18:00:00,SAC,47.0,19.07106,35.357143,35.357142857142854,17.8196964263916,True
2025-12-24 19:00:00,SAC,35.0,14.352655,30.928572,30.928571428571427,17.8196964263916,True
2025-12-24 20:00:00,SAC,14.0,3.3811188,19.5,19.5,17.8196964263916,False
2025-12-24 21:00:00,SAC,6.0,-4.094784,11.642858,11.642857142857142,17.8196964263916,False
2025-12-24 22:00:00,SAC,6.0,-6.709563,7.857143,7.857142857142857,17.8196964263916,False
2025-12-24 23:00:00,SAC,9.0,-2.7638702,9.0,9.0,17.8196964263916,False
2025-12-25 03:00:00,SAC,4.0,2.8652775,5.785714,5.785714285714286,17.8196964263916,False
2025-12-25 04:00:00,SAC,4.0,6.31026,5.357143,5.357142857142857,17.8196964263916,False
2025-12-25 05:00:00,SAC,4.0,6.9100337,4.285714,4.285714285714286,17.8196964263916,False
2025-12-25 06:00:00,SAC,5.0,6.556082,2.9285715,2.9285714285714284,17.8196964263916,False
2025-12-25 07:00:00,SAC,4.0,6.403455,3.2307692,3.230769230769231,17.8196964263916,False
2025-12-25 08:00:00,SAC,8.0,7.1644263,5.357143,5.357142857142857,17.8196964263916,False
2025-12-25 09:00:00,SAC,19.0,12.171888,13.153846,13.153846153846153,17.8196964263916,False
2025-12-25 10:00:00,SAC,30.0,21.58784,27.384615,27.384615384615383,17.8196964263916,False
2025-12-25 11:00:00,SAC,48.0,30.413662,44.692307,44.69230769230769,17.8196964263916,False
2025-12-25 12:00:00,SAC,68.0,33.71753,57.23077,57.23076923076923,17.8196964263916,True
2025-12-25 13:00:00,SAC,77.0,34.953434,63.0,63.0,17.8196964263916,True
2025-12-25 14:00:00,SAC,77.0,39.90901,67.78571,67.78571428571429,17.8196964263916,True
2025-12-25 15:00:00,SAC,77.0,40.13734,66.71429,66.71428571428571,17.8196964263916,True
2025-12-25 16:00:00,SAC,61.0,37.107178,61.42857,61.42857142857143,17.8196964263916,True
2025-12-25 17:00:00,SAC,39.0,27.71091,50.714287,50.714285714285715,17.8196964263916,False
2025-12-25 18:00:00,SAC,23.0,15.331764,37.5,37.5,17.8196964263916,False
2025-12-25 19:00:00,SAC,17.0,12.033752,33.214287,33.214285714285715,17.8196964263916,False
2025-12-25 20:00:00,SAC,15.0,0.001335144,20.0,20.0,17.8196964263916,False
2025-12-25 21:00:00,SAC,11.0,-6.9659386,11.0,11.0,17.8196964263916,True
2025-12-25 22:00:00,SAC,4.0,-7.3969197,7.357143,7.357142857142857,17.8196964263916,False
2025-12-25 23:00:00,SAC,3.0,-1.2990999,9.142858,9.142857142857142,17.8196964263916,False
2025-12-26 00:00:00,SAC,3.0,4.359191,9.636364,9.636363636363637,17.8196964263916,False
2025-12-26 01:00:00,SAC,5.0,8.917285,9.272727,9.272727272727273,17.8196964263916,False
2025-12-26 02:00:00,SAC,6.0,10.045922,7.090909,7.090909090909091,17.8196964263916,False
2025-12-26 03:00:00,SAC,4.0,10.833057,5.714286,5.714285714285714,17.8196964263916,False
2025-12-26 04:00:00,SAC,4.0,12.517202,5.285714,5.285714285714286,17.8196964263916,False
2025-12-26 05:00:00,SAC,6.0,13.256951,4.285714,4.285714285714286,17.8196964263916,False
2025-12-26 06:00:00,SAC,3.0,12.936707,3.142857,3.142857142857143,17.8196964263916,False
2025-12-26 07:00:00,SAC,3.0,13.34005,3.3076923,3.3076923076923075,17.8196964263916,False
2025-12-26 08:00:00,SAC,5.0,14.860077,5.571429,5.571428571428571,17.8196964263916,False
2025-12-26 09:00:00,SAC,8.0,20.272491,13.538462,13.538461538461538,17.8196964263916,False
2025-12-26 10:00:00,SAC,16.0,29.2544,27.615385,27.615384615384617,17.8196964263916,False
2025-12-26 11:00:00,SAC,33.0,39.910545,45.076923,45.07692307692308,17.8196964263916,False
2025-12-26 12:00:00,SAC,50.0,45.033375,58.46154,58.46153846153846,17.8196964263916,False
2025-12-26 13:00:00,SAC,60.0,43.799133,64.38461,64.38461538461539,17.8196964263916,False
2025-12-26 14:00:00,SAC,61.0,43.276573,68.71429,68.71428571428571,17.8196964263916,False
2025-12-26 15:00:00,SAC,54.0,39.5242,67.64286,67.64285714285714,17.8196964263916,False
2025-12-26 16:00:00,SAC,33.0,31.817665,60.642857,60.642857142857146,17.8196964263916,False
2025-12-26 17:00:00,SAC,28.0,23.090393,50.642857,50.642857142857146,17.8196964263916,False
2025-12-26 18:00:00,SAC,9.0,11.000896,36.714287,36.714285714285715,17.8196964263916,False
2025-12-26 19:00:00,SAC,15.0,7.1875076,30.714285,30.714285714285715,17.8196964263916,False
2025-12-26 20:00:00,SAC,4.0,-1.8081036,19.071428,19.071428571428573,17.8196964263916,False
2025-12-26 21:00:00,SAC,2.0,-7.1130896,11.142858,11.142857142857142,17.8196964263916,False
2025-12-26 22:00:00,SAC,3.0,-7.773349,6.714286,6.714285714285714,17.8196964263916,False
2025-12-26 23:00:00,SAC,3.0,-0.25260067,8.714286,8.714285714285714,17.8196964263916,False
2025-12-27 00:00:00,SAC,2.0,4.666395,9.363636,9.363636363636363,17.8196964263916,False
2025-12-27 01:00:00,SAC,3.0,8.460881,9.454545,9.454545454545455,17.8196964263916,False
2025-12-27 02:00:00,SAC,3.0,9.612789,7.3636365,7.363636363636363,17.8196964263916,False
2025-12-27 03:00:00,SAC,3.0,11.03336,5.785714,5.785714285714286,17.8196964263916,False
2025-12-27 04:00:00,SAC,2.0,13.133208,5.357143,5.357142857142857,17.8196964263916,False
2025-12-27 05:00:00,SAC,3.0,13.958739,4.5,4.5,17.8196964263916,False
2025-12-27 06:00:00,SAC,3.0,13.715967,3.142857,3.142857142857143,17.8196964263916,False
2025-12-27 07:00:00,SAC,3.0,14.353677,3.3076923,3.3076923076923075,17.8196964263916,False
2025-12-27 08:00:00,SAC,3.0,16.325703,5.571429,5.571428571428571,17.8196964263916,False
2025-12-27 09:00:00,SAC,5.0,22.015575,12.846154,12.846153846153847,17.8196964263916,False
2025-12-27 10:00:00,SAC,21.0,31.534067,26.076923,26.076923076923077,17.8196964263916,False
2025-12-27 11:00:00,SAC,48.0,38.904842,42.23077,42.23076923076923,17.8196964263916,False
2025-12-27 12:00:00,SAC,64.0,41.958076,56.307693,56.30769230769231,17.8196964263916,True
2025-12-27 13:00:00,SAC,69.0,43.95374,63.923077,63.92307692307692,17.8196964263916,True
2025-12-27 14:00:00,SAC,65.0,46.430492,67.78571,67.78571428571429,17.8196964263916,True
2025-12-27 15:00:00,SAC,68.0,42.367363,66.28571,66.28571428571429,17.8196964263916,True
2025-12-27 16:00:00,SAC,69.0,34.989395,59.5,59.5,17.8196964263916,True
2025-12-27 17:00:00,SAC,67.0,26.77185,50.357143,50.357142857142854,17.8196964263916,True
2025-12-27 18:00:00,SAC,56.0,13.9079895,34.785713,34.785714285714285,17.8196964263916,True
2025-12-27 19:00:00,SAC,50.0,9.309729,27.571428,27.571428571428573,17.8196964263916,True
2025-12-27 20:00:00,SAC,45.0,-0.09263039,15.928572,15.928571428571429,17.8196964263916,True
2025-12-27 21:00:00,SAC,21.0,-2.3593082,10.285714,10.285714285714286,17.8196964263916,True
2025-12-27 22:00:00,SAC,39.0,-2.3327408,6.714286,6.714285714285714,17.8196964263916,True
2025-12-27 23:00:00,SAC,35.0,3.4866042,8.285714,8.285714285714286,17.8196964263916,True
2025-12-28 00:00:00,SAC,47.0,6.444622,8.75,8.75,17.8196964263916,True
2025-12-28 01:00:00,SAC,37.0,11.076734,8.916667,8.916666666666666,17.8196964263916,True
2025-12-28 02:00:00,SAC,28.0,12.986004,7.0,7.0,17.8196964263916,False
2025-12-28 03:00:00,SAC,3.0,14.902412,5.642857,5.642857142857143,17.8196964263916,False
2025-12-28 04:00:00,SAC,3.0,15.92132,5.357143,5.357142857142857,17.8196964263916,False
2025-12-28 05:00:00,SAC,4.0,16.9847,4.5,4.5,17.8196964263916,False
2025-12-28 06:00:00,SAC,3.0,16.536543,3.142857,3.142857142857143,17.8196964263916,False
2025-12-28 08:00:00,SAC,6.0,19.258205,5.5,5.5,17.8196964263916,False
2025-12-28 09:00:00,SAC,20.0,25.44948,12.384615,12.384615384615385,17.8196964263916,False
2025-12-28 10:00:00,SAC,43.0,33.831757,25.538462,25.53846153846154,17.8196964263916,False
2025-12-28 11:00:00,SAC,66.0,38.263832,42.153847,42.15384615384615,17.8196964263916,True
2025-12-28 12:00:00,SAC,77.0,41.09407,56.23077,56.23076923076923,17.8196964263916,True
2025-12-28 13:00:00,SAC,73.0,45.502068,63.76923,63.76923076923077,17.8196964263916,True
2025-12-28 14:00:00,SAC,84.0,45.950912,66.85714,66.85714285714286,17.8196964263916,True
2025-12-28 15:00:00,SAC,85.0,44.17757,65.07143,65.07142857142857,17.8196964263916,True
2025-12-28 16:00:00,SAC,80.0,39.20354,58.5,58.5,17.8196964263916,True
2025-12-28 17:00:00,SAC,67.0,34.41981,50.857143,50.857142857142854,17.8196964263916,True
2025-12-28 18:00:00,SAC,54.0,20.92792,35.142857,35.142857142857146,17.8196964263916,True
2025-12-28 19:00:00,SAC,42.0,15.666779,28.571428,28.571428571428573,17.8196964263916,True
2025-12-28 20:00:00,SAC,50.0,6.776024,17.428572,17.428571428571427,17.8196964263916,True
2025-12-28 21:00:00,SAC,23.0,3.582231,10.857142,10.857142857142858,17.8196964263916,True
2025-12-28 22:00:00,SAC,12.0,4.089574,9.071428,9.071428571428571,17.8196964263916,False
2025-12-28 23:00:00,SAC,19.0,8.239789,10.642858,10.642857142857142,17.8196964263916,False
2025-12-29 00:00:00,SAC,13.0,14.710709,12.5,12.5,17.8196964263916,False
2025-12-29 01:00:00,SAC,7.0,19.009106,11.833333,11.833333333333334,17.8196964263916,False
2025-12-29 02:00:00,SAC,8.0,17.711227,9.166667,9.166666666666666,17.8196964263916,False
2025-12-29 03:00:00,SAC,10.0,14.998323,5.642857,5.642857142857143,17.8196964263916,False
2025-12-29 04:00:00,SAC,5.0,14.917906,5.357143,5.357142857142857,17.8196964263916,False
2025-12-29 05:00:00,SAC,3.0,14.351147,4.428571,4.428571428571429,17.8196964263916,False
2025-12-29 06:00:00,SAC,3.0,13.607679,3.2142856,3.2142857142857144,17.8196964263916,False
2025-12-29 07:00:00,SAC,3.0,14.488572,3.3076923,3.3076923076923075,17.8196964263916,False
2025-12-29 08:00:00,SAC,5.0,16.791843,5.285714,5.285714285714286,17.8196964263916,False
2025-12-29 09:00:00,SAC,12.0,23.0573,12.384615,12.384615384615385,17.8196964263916,False
2025-12-29 10:00:00,SAC,30.0,32.49359,26.23077,26.23076923076923,17.8196964263916,False
2025-12-29 11:00:00,SAC,47.0,41.11119,43.53846,43.53846153846154,17.8196964263916,False
2025-12-29 12:00:00,SAC,63.0,44.523396,57.692307,57.69230769230769,17.8196964263916,True
2025-12-29 13:00:00,SAC,54.0,43.316452,64.84615,64.84615384615384,17.8196964263916,False
2025-12-29 14:00:00,SAC,52.0,41.672424,68.64286,68.64285714285714,17.8196964263916,False
2025-12-29 15:00:00,SAC,45.0,39.896873,67.85714,67.85714285714286,17.8196964263916,False
2025-12-29 16:00:00,SAC,38.0,33.86378,61.5,61.5,17.8196964263916,False
2025-12-29 17:00:00,SAC,32.0,26.233192,53.357143,53.357142857142854,17.8196964263916,False
2025-12-29 18:00:00,SAC,22.0,11.252329,37.214287,37.214285714285715,17.8196964263916,False
2025-12-29 19:00:00,SAC,19.0,6.2842636,30.285715,30.285714285714285,17.8196964263916,False
2025-12-29 20:00:00,SAC,16.0,-1.5288715,19.714285,19.714285714285715,17.8196964263916,False
2025-12-29 21:00:00,SAC,20.0,-7.5968895,11.071428,11.071428571428571,17.8196964263916,True
2025-12-29 22:00:00,SAC,16.0,-7.008872,8.642858,8.642857142857142,17.8196964263916,True
2025-12-29 23:00:00,SAC,15.0,0.4793787,10.857142,10.857142857142858,17.8196964263916,False
2025-12-30 00:00:00,SAC,15.0,6.3445816,11.5,11.5,17.8196964263916,False
2025-12-30 01:00:00,SAC,21.0,8.728812,10.416667,10.416666666666666,17.8196964263916,False
2025-12-30 02:00:00,SAC,22.0,8.9652605,7.8333335,7.833333333333333,17.8196964263916,False
2025-12-30 03:00:00,SAC,20.0,7.5567265,4.857143,4.857142857142857,17.8196964263916,False
2025-12-30 04:00:00,SAC,13.0,7.1447697,4.214286,4.214285714285714,17.8196964263916,False
2025-12-30 05:00:00,SAC,14.0,5.57225,3.4285715,3.4285714285714284,17.8196964263916,False
2025-12-30 06:00:00,SAC,13.0,2.9826963,2.9285715,2.9285714285714284,17.8196964263916,False
2025-12-30 07:00:00,SAC,7.0,-0.11557627,3.0,3.0,17.8196964263916,False
2025-12-30 08:00:00,SAC,15.0,-2.6546855,4.857143,4.857142857142857,17.8196964263916,False
2025-12-30 09:00:00,SAC,20.0,-0.8076687,12.0,12.0,17.8196964263916,True
2025-12-30 10:00:00,SAC,27.0,9.01622,26.692308,26.692307692307693,17.8196964263916,True
2025-12-30 11:00:00,SAC,36.0,23.636116,45.0,45.0,17.8196964263916,False
2025-12-30 12:00:00,SAC,39.0,36.779556,60.307693,60.30769230769231,17.8196964263916,False
2025-12-30 13:00:00,SAC,39.0,41.841995,66.92308,66.92307692307692,17.8196964263916,False
2025-12-30 14:00:00,SAC,42.0,44.435062,70.5,70.5,17.8196964263916,False
2025-12-30 15:00:00,SAC,45.0,41.880253,69.35714,69.35714285714286,17.8196964263916,False
2025-12-30 16:00:00,SAC,41.0,34.548218,62.42857,62.42857142857143,17.8196964263916,False
2025-12-30 17:00:00,SAC,37.0,27.191185,54.5,54.5,17.8196964263916,False
2025-12-30 18:00:00,SAC,29.0,12.351751,37.92857,37.92857142857143,17.8196964263916,False
2025-12-30 19:00:00,SAC,4.0,8.826876,31.142857,31.142857142857142,17.8196964263916,False
2025-12-30 20:00:00,SAC,5.0,1.6943207,20.428572,20.428571428571427,17.8196964263916,False
2025-12-30 21:00:00,SAC,3.0,-2.472104,12.285714,12.285714285714286,17.8196964263916,False
2025-12-30 22:00:00,SAC,2.0,-0.5369644,9.571428,9.571428571428571,17.8196964263916,False
2025-12-30 23:00:00,SAC,2.0,5.860203,11.785714,11.785714285714286,17.8196964263916,False
2025-12-31 03:00:00,SAC,4.0,7.021484,6.142857,6.142857142857143,17.8196964263916,False
2025-12-31 04:00:00,SAC,2.0,9.208734,5.0,5.0,17.8196964263916,False
2025-12-31 05:00:00,SAC,2.0,8.344351,4.285714,4.285714285714286,17.8196964263916,False
2025-12-31 06:00:00,SAC,3.0,7.240304,3.642857,3.642857142857143,17.8196964263916,False
2025-12-31 07:00:00,SAC,3.0,6.0158443,3.3076923,3.3076923076923075,17.8196964263916,False
2025-12-31 08:00:00,SAC,4.0,7.047703,5.642857,5.642857142857143,17.8196964263916,False
2025-12-31 09:00:00,SAC,9.0,11.915139,12.571428,12.571428571428571,17.8196964263916,False
2025-12-31 10:00:00,SAC,18.0,22.63209,26.461538,26.46153846153846,17.8196964263916,False
2025-12-31 11:00:00,SAC,38.0,34.447464,43.923077,43.92307692307692,17.8196964263916,False
2025-12-31 12:00:00,SAC,66.0,39.88069,58.46154,58.46153846153846,17.8196964263916,True
2025-12-31 13:00:00,SAC,73.0,41.146935,64.53846,64.53846153846153,17.8196964263916,True
2025-12-31 14:00:00,SAC,82.0,45.36349,68.28571,68.28571428571429,17.8196964263916,True
2025-12-31 15:00:00,SAC,86.0,42.902702,67.78571,67.78571428571429,17.8196964263916,True
2025-12-31 16:00:00,SAC,90.0,38.78866,61.642857,61.642857142857146,17.8196964263916,True
2025-12-31 17:00:00,SAC,73.0,34.935875,54.642857,54.642857142857146,17.8196964263916,True
2025-12-31 18:00:00,SAC,59.0,18.71766,37.142857,37.142857142857146,17.8196964263916,True
2025-12-31 19:00:00,SAC,48.0,10.353363,28.0,28.0,17.8196964263916,True
2025-12-31 20:00:00,SAC,40.0,-0.039871216,17.0,17.0,17.8196964263916,True
2025-12-31 21:00:00,SAC,43.0,-6.153228,9.714286,9.714285714285714,17.8196964263916,True
2025-12-31 22:00:00,SAC,42.0,-3.0505648,9.142858,9.142857142857142,17.8196964263916,True
2025-12-31 23:00:00,SAC,24.0,2.6538486,8.357142,8.357142857142858,17.8196964263916,True
