ataques,rechazos,aceptados_atacados,cancelaciones,alterados,detectados_alterados,alertas_cancelados,banda_local_cambiada,banda_local_sin_alerta,falsa_excedencia,falsa_excedencia_sin_alerta,ocultamiento,ocultamiento_sin_alerta,semilla,formato,mensajes,limpios,falsas_alarmas_limpios,tasa_real_ataque_pct,rechazo_ataques_pct,recall_alterados_pct,banda_sin_alerta_por_ataque_pct,banda_sin_alerta_por_aceptado_pct,fpr_limpios_pct,estacion,dias_sin_datos,dias_banda,dias_banda_sin_alerta_alterados,dias_banda_persiste_silenciosos,dias_banda_solo_valores,dias_banda_solo_perdidas,dias_falsa_excedencia,dias_falsa_excedencia_sin_alerta_alterados,dias_falsa_excedencia_persiste_silenciosos,dias_falsa_excedencia_solo_valores,dias_falsa_excedencia_solo_perdidas,dias_ocultamiento,dias_ocultamiento_sin_alerta_alterados,dias_ocultamiento_persiste_silenciosos,dias_ocultamiento_solo_valores,dias_ocultamiento_solo_perdidas
2,2,0,0,0,0,0,0,0,0,0,0,0,42,base,59,57,4,3.389830508474576,100.0,,0.0,,7.017543859649122,ACO,0,0,0,0,0,0,0,0,0,0,0,0,0,0,0,0
2,2,0,0,0,0,0,0,0,0,0,0,0,42,B,59,57,4,3.389830508474576,100.0,,0.0,,7.017543859649122,ACO,0,0,0,0,0,0,0,0,0,0,0,0,0,0,0,0
0,0,0,0,0,0,0,0,0,0,0,0,0,43,base,59,59,4,0.0,,,,,6.779661016949152,ACO,0,0,0,0,0,0,0,0,0,0,0,0,0,0,0,0
0,0,0,0,0,0,0,0,0,0,0,0,0,43,B,59,59,4,0.0,,,,,6.779661016949152,ACO,0,0,0,0,0,0,0,0,0,0,0,0,0,0,0,0
1,1,0,0,0,0,0,0,0,0,0,0,0,44,base,59,58,4,1.694915254237288,100.0,,0.0,,6.896551724137931,ACO,0,0,0,0,0,0,0,0,0,0,0,0,0,0,0,0
1,1,0,0,0,0,0,0,0,0,0,0,0,44,B,59,58,4,1.694915254237288,100.0,,0.0,,6.896551724137931,ACO,0,0,0,0,0,0,0,0,0,0,0,0,0,0,0,0
2,2,0,0,0,0,0,0,0,0,0,0,0,45,base,59,57,4,3.389830508474576,100.0,,0.0,,7.017543859649122,ACO,0,0,0,0,0,0,0,0,0,0,0,0,0,0,0,0
2,2,0,0,0,0,0,0,0,0,0,0,0,45,B,59,57,4,3.389830508474576,100.0,,0.0,,7.017543859649122,ACO,0,0,0,0,0,0,0,0,0,0,0,0,0,0,0,0
1,1,0,0,0,0,0,0,0,0,0,0,0,46,base,59,58,4,1.694915254237288,100.0,,0.0,,6.896551724137931,ACO,0,0,0,0,0,0,0,0,0,0,0,0,0,0,0,0
1,1,0,0,0,0,0,0,0,0,0,0,0,46,B,59,58,4,1.694915254237288,100.0,,0.0,,6.896551724137931,ACO,0,0,0,0,0,0,0,0,0,0,0,0,0,0,0,0
2,2,0,0,0,0,0,0,0,0,0,0,0,47,base,59,57,4,3.389830508474576,100.0,,0.0,,7.017543859649122,ACO,0,0,0,0,0,0,0,0,0,0,0,0,0,0,0,0
2,2,0,0,0,0,0,0,0,0,0,0,0,47,B,59,57,4,3.389830508474576,100.0,,0.0,,7.017543859649122,ACO,0,0,0,0,0,0,0,0,0,0,0,0,0,0,0,0
2,2,0,0,0,0,0,0,0,0,0,0,0,48,base,59,57,3,3.389830508474576,100.0,,0.0,,5.2631578947368425,ACO,0,0,0,0,0,0,0,0,0,0,0,0,0,0,0,0
2,2,0,0,0,0,0,0,0,0,0,0,0,48,B,59,57,3,3.389830508474576,100.0,,0.0,,5.2631578947368425,ACO,0,0,0,0,0,0,0,0,0,0,0,0,0,0,0,0
3,3,0,0,0,0,0,0,0,0,0,0,0,49,base,59,56,2,5.084745762711864,100.0,,0.0,,3.5714285714285716,ACO,0,0,0,0,0,0,0,0,0,0,0,0,0,0,0,0
3,3,0,0,0,0,0,0,0,0,0,0,0,49,B,59,56,2,5.084745762711864,100.0,,0.0,,3.5714285714285716,ACO,0,0,0,0,0,0,0,0,0,0,0,0,0,0,0,0
5,5,0,0,0,0,0,0,0,0,0,0,0,50,base,59,54,4,8.474576271186441,100.0,,0.0,,7.407407407407407,ACO,0,0,0,0,0,0,0,0,0,0,0,0,0,0,0,0
5,4,1,0,1,1,0,0,0,0,0,0,0,50,B,59,54,4,8.474576271186441,80.0,100.0,0.0,0.0,7.407407407407407,ACO,0,0,0,0,0,0,0,0,0,0,0,0,0,0,0,0
3,3,0,0,0,0,0,0,0,0,0,0,0,51,base,59,56,4,5.084745762711864,100.0,,0.0,,7.142857142857143,ACO,0,0,0,0,0,0,0,0,0,0,0,0,0,0,0,0
3,3,0,0,0,0,0,0,0,0,0,0,0,51,B,59,56,4,5.084745762711864,100.0,,0.0,,7.142857142857143,ACO,0,0,0,0,0,0,0,0,0,0,0,0,0,0,0,0
1,1,0,0,0,0,0,0,0,0,0,0,0,52,base,59,58,4,1.694915254237288,100.0,,0.0,,6.896551724137931,ACO,0,0,0,0,0,0,0,0,0,0,0,0,0,0,0,0
1,1,0,0,0,0,0,0,0,0,0,0,0,52,B,59,58,4,1.694915254237288,100.0,,0.0,,6.896551724137931,ACO,0,0,0,0,0,0,0,0,0,0,0,0,0,0,0,0
2,2,0,0,0,0,0,0,0,0,0,0,0,53,base,59,57,3,3.389830508474576,100.0,,0.0,,5.2631578947368425,ACO,0,0,0,0,0,0,0,0,0,0,0,0,0,0,0,0
2,2,0,0,0,0,0,0,0,0,0,0,0,53,B,59,57,3,3.389830508474576,100.0,,0.0,,5.2631578947368425,ACO,0,0,0,0,0,0,0,0,0,0,0,0,0,0,0,0
1,1,0,0,0,0,0,0,0,0,0,0,0,54,base,59,58,4,1.694915254237288,100.0,,0.0,,6.896551724137931,ACO,0,0,0,0,0,0,0,0,0,0,0,0,0,0,0,0
1,1,0,0,0,0,0,0,0,0,0,0,0,54,B,59,58,4,1.694915254237288,100.0,,0.0,,6.896551724137931,ACO,0,0,0,0,0,0,0,0,0,0,0,0,0,0,0,0
3,3,0,0,0,0,0,0,0,0,0,0,0,55,base,59,56,4,5.084745762711864,100.0,,0.0,,7.142857142857143,ACO,0,0,0,0,0,0,0,0,0,0,0,0,0,0,0,0
3,2,1,0,1,1,0,1,0,0,0,0,0,55,B,59,56,4,5.084745762711864,66.66666666666667,100.0,0.0,0.0,7.142857142857143,ACO,0,1,0,0,1,0,0,0,0,0,0,0,0,0,0,0
2,2,0,0,0,0,0,0,0,0,0,0,0,56,base,59,57,4,3.389830508474576,100.0,,0.0,,7.017543859649122,ACO,0,0,0,0,0,0,0,0,0,0,0,0,0,0,0,0
2,2,0,0,0,0,0,0,0,0,0,0,0,56,B,59,57,4,3.389830508474576,100.0,,0.0,,7.017543859649122,ACO,0,0,0,0,0,0,0,0,0,0,0,0,0,0,0,0
1,1,0,0,0,0,0,0,0,0,0,0,0,57,base,59,58,4,1.694915254237288,100.0,,0.0,,6.896551724137931,ACO,0,0,0,0,0,0,0,0,0,0,0,0,0,0,0,0
1,0,1,0,1,1,0,1,0,0,0,0,0,57,B,59,58,4,1.694915254237288,0.0,100.0,0.0,0.0,6.896551724137931,ACO,0,1,0,0,1,0,0,0,0,0,0,0,0,0,0,0
4,4,0,0,0,0,0,0,0,0,0,0,0,58,base,59,55,4,6.779661016949152,100.0,,0.0,,7.2727272727272725,ACO,0,0,0,0,0,0,0,0,0,0,0,0,0,0,0,0
4,4,0,0,0,0,0,0,0,0,0,0,0,58,B,59,55,4,6.779661016949152,100.0,,0.0,,7.2727272727272725,ACO,0,0,0,0,0,0,0,0,0,0,0,0,0,0,0,0
5,5,0,0,0,0,0,0,0,0,0,0,0,59,base,59,54,3,8.474576271186441,100.0,,0.0,,5.555555555555555,ACO,0,0,0,0,0,0,0,0,0,0,0,0,0,0,0,0
5,4,1,0,1,1,0,0,0,0,0,0,0,59,B,59,54,3,8.474576271186441,80.0,100.0,0.0,0.0,5.555555555555555,ACO,0,0,0,0,0,0,0,0,0,0,0,0,0,0,0,0
1,1,0,0,0,0,0,0,0,0,0,0,0,60,base,59,58,4,1.694915254237288,100.0,,0.0,,6.896551724137931,ACO,0,0,0,0,0,0,0,0,0,0,0,0,0,0,0,0
1,1,0,0,0,0,0,0,0,0,0,0,0,60,B,59,58,4,1.694915254237288,100.0,,0.0,,6.896551724137931,ACO,0,0,0,0,0,0,0,0,0,0,0,0,0,0,0,0
3,3,0,0,0,0,0,0,0,0,0,0,0,61,base,59,56,4,5.084745762711864,100.0,,0.0,,7.142857142857143,ACO,0,0,0,0,0,0,0,0,0,0,0,0,0,0,0,0
3,3,0,0,0,0,0,0,0,0,0,0,0,61,B,59,56,4,5.084745762711864,100.0,,0.0,,7.142857142857143,ACO,0,0,0,0,0,0,0,0,0,0,0,0,0,0,0,0
1,1,0,0,0,0,0,0,0,0,0,0,0,62,base,59,58,4,1.694915254237288,100.0,,0.0,,6.896551724137931,ACO,0,0,0,0,0,0,0,0,0,0,0,0,0,0,0,0
1,1,0,0,0,0,0,0,0,0,0,0,0,62,B,59,58,4,1.694915254237288,100.0,,0.0,,6.896551724137931,ACO,0,0,0,0,0,0,0,0,0,0,0,0,0,0,0,0
6,5,1,0,1,1,0,0,0,0,0,0,0,63,base,59,53,4,10.169491525423728,83.33333333333333,100.0,0.0,0.0,7.547169811320755,ACO,0,0,0,0,0,0,0,0,0,0,0,0,0,0,0,0
6,3,3,0,3,2,0,1,0,1,0,0,0,63,B,59,53,4,10.169491525423728,50.0,66.66666666666667,0.0,0.0,7.547169811320755,ACO,0,1,0,0,1,0,1,0,0,1,0,0,0,0,0,0
1,1,0,0,0,0,0,0,0,0,0,0,0,64,base,59,58,4,1.694915254237288,100.0,,0.0,,6.896551724137931,ACO,0,0,0,0,0,0,0,0,0,0,0,0,0,0,0,0
1,1,0,0,0,0,0,0,0,0,0,0,0,64,B,59,58,4,1.694915254237288,100.0,,0.0,,6.896551724137931,ACO,0,0,0,0,0,0,0,0,0,0,0,0,0,0,0,0
1,1,0,0,0,0,0,0,0,0,0,0,0,65,base,59,58,4,1.694915254237288,100.0,,0.0,,6.896551724137931,ACO,0,0,0,0,0,0,0,0,0,0,0,0,0,0,0,0
1,1,0,0,0,0,0,0,0,0,0,0,0,65,B,59,58,4,1.694915254237288,100.0,,0.0,,6.896551724137931,ACO,0,0,0,0,0,0,0,0,0,0,0,0,0,0,0,0
5,5,0,0,0,0,0,0,0,0,0,0,0,66,base,59,54,4,8.474576271186441,100.0,,0.0,,7.407407407407407,ACO,0,0,0,0,0,0,0,0,0,0,0,0,0,0,0,0
5,4,1,0,1,1,0,1,0,1,0,0,0,66,B,59,54,4,8.474576271186441,80.0,100.0,0.0,0.0,7.407407407407407,ACO,0,1,0,0,1,0,1,0,0,1,0,0,0,0,0,0
3,2,1,0,1,0,0,0,0,0,0,0,0,67,base,59,56,3,5.084745762711864,66.66666666666667,0.0,0.0,0.0,5.357142857142857,ACO,0,0,0,0,0,0,0,0,0,0,0,0,0,0,0,0
3,2,1,0,1,1,0,0,0,0,0,0,0,67,B,59,56,3,5.084745762711864,66.66666666666667,100.0,0.0,0.0,5.357142857142857,ACO,0,0,0,0,0,0,0,0,0,0,0,0,0,0,0,0
2,2,0,0,0,0,0,0,0,0,0,0,0,68,base,59,57,4,3.389830508474576,100.0,,0.0,,7.017543859649122,ACO,0,0,0,0,0,0,0,0,0,0,0,0,0,0,0,0
2,2,0,0,0,0,0,0,0,0,0,0,0,68,B,59,57,4,3.389830508474576,100.0,,0.0,,7.017543859649122,ACO,0,0,0,0,0,0,0,0,0,0,0,0,0,0,0,0
1,1,0,0,0,0,0,0,0,0,0,0,0,69,base,59,58,4,1.694915254237288,100.0,,0.0,,6.896551724137931,ACO,0,0,0,0,0,0,0,0,0,0,0,0,0,0,0,0
1,0,1,0,1,1,0,1,0,1,0,0,0,69,B,59,58,4,1.694915254237288,0.0,100.0,0.0,0.0,6.896551724137931,ACO,0,1,0,0,1,0,1,0,0,1,0,0,0,0,0,0
5,5,0,0,0,0,0,0,0,0,0,0,0,70,base,59,54,3,8.474576271186441,100.0,,0.0,,5.555555555555555,ACO,0,0,0,0,0,0,0,0,0,0,0,0,0,0,0,0
5,4,1,0,1,1,0,1,0,1,0,0,0,70,B,59,54,3,8.474576271186441,80.0,100.0,0.0,0.0,5.555555555555555,ACO,0,1,0,0,1,0,1,0,0,1,0,0,0,0,0,0
1,0,1,0,1,0,0,0,0,0,0,0,0,71,base,59,58,4,1.694915254237288,0.0,0.0,0.0,0.0,6.896551724137931,ACO,0,0,0,0,0,0,0,0,0,0,0,0,0,0,0,0
1,0,1,0,1,0,0,0,0,0,0,0,0,71,B,59,58,4,1.694915254237288,0.0,0.0,0.0,0.0,6.896551724137931,ACO,0,0,0,0,0,0,0,0,0,0,0,0,0,0,0,0
1,1,0,0,0,0,0,0,0,0,0,0,0,72,base,59,58,4,1.694915254237288,100.0,,0.0,,6.896551724137931,ACO,0,0,0,0,0,0,0,0,0,0,0,0,0,0,0,0
1,1,0,0,0,0,0,0,0,0,0,0,0,72,B,59,58,4,1.694915254237288,100.0,,0.0,,6.896551724137931,ACO,0,0,0,0,0,0,0,0,0,0,0,0,0,0,0,0
1,1,0,0,0,0,0,0,0,0,0,0,0,73,base,59,58,4,1.694915254237288,100.0,,0.0,,6.896551724137931,ACO,0,0,0,0,0,0,0,0,0,0,0,0,0,0,0,0
1,1,0,0,0,0,0,0,0,0,0,0,0,73,B,59,58,4,1.694915254237288,100.0,,0.0,,6.896551724137931,ACO,0,0,0,0,0,0,0,0,0,0,0,0,0,0,0,0
3,3,0,0,0,0,0,0,0,0,0,0,0,74,base,59,56,4,5.084745762711864,100.0,,0.0,,7.142857142857143,ACO,0,0,0,0,0,0,0,0,0,0,0,0,0,0,0,0
3,3,0,0,0,0,0,0,0,0,0,0,0,74,B,59,56,4,5.084745762711864,100.0,,0.0,,7.142857142857143,ACO,0,0,0,0,0,0,0,0,0,0,0,0,0,0,0,0
8,8,0,0,0,0,0,0,0,0,0,0,0,75,base,59,51,4,13.559322033898304,100.0,,0.0,,7.8431372549019605,ACO,0,0,0,0,0,0,0,0,0,0,0,0,0,0,0,0
8,8,0,0,0,0,0,0,0,0,0,0,0,75,B,59,51,4,13.559322033898304,100.0,,0.0,,7.8431372549019605,ACO,0,0,0,0,0,0,0,0,0,0,0,0,0,0,0,0
3,3,0,0,0,0,0,0,0,0,0,0,0,76,base,59,56,4,5.084745762711864,100.0,,0.0,,7.142857142857143,ACO,0,0,0,0,0,0,0,0,0,0,0,0,0,0,0,0
3,3,0,0,0,0,0,0,0,0,0,0,0,76,B,59,56,4,5.084745762711864,100.0,,0.0,,7.142857142857143,ACO,0,0,0,0,0,0,0,0,0,0,0,0,0,0,0,0
0,0,0,0,0,0,0,0,0,0,0,0,0,77,base,59,59,4,0.0,,,,,6.779661016949152,ACO,0,0,0,0,0,0,0,0,0,0,0,0,0,0,0,0
0,0,0,0,0,0,0,0,0,0,0,0,0,77,B,59,59,4,0.0,,,,,6.779661016949152,ACO,0,0,0,0,0,0,0,0,0,0,0,0,0,0,0,0
3,3,0,0,0,0,0,0,0,0,0,0,0,78,base,59,56,4,5.084745762711864,100.0,,0.0,,7.142857142857143,ACO,0,0,0,0,0,0,0,0,0,0,0,0,0,0,0,0
3,3,0,0,0,0,0,0,0,0,0,0,0,78,B,59,56,4,5.084745762711864,100.0,,0.0,,7.142857142857143,ACO,0,0,0,0,0,0,0,0,0,0,0,0,0,0,0,0
3,3,0,0,0,0,0,0,0,0,0,0,0,79,base,59,56,4,5.084745762711864,100.0,,0.0,,7.142857142857143,ACO,0,0,0,0,0,0,0,0,0,0,0,0,0,0,0,0
3,3,0,0,0,0,0,0,0,0,0,0,0,79,B,59,56,4,5.084745762711864,100.0,,0.0,,7.142857142857143,ACO,0,0,0,0,0,0,0,0,0,0,0,0,0,0,0,0
4,4,0,0,0,0,0,0,0,0,0,0,0,80,base,59,55,3,6.779661016949152,100.0,,0.0,,5.454545454545454,ACO,0,0,0,0,0,0,0,0,0,0,0,0,0,0,0,0
4,4,0,0,0,0,0,0,0,0,0,0,0,80,B,59,55,3,6.779661016949152,100.0,,0.0,,5.454545454545454,ACO,0,0,0,0,0,0,0,0,0,0,0,0,0,0,0,0
3,3,0,0,0,0,0,0,0,0,0,0,0,81,base,59,56,4,5.084745762711864,100.0,,0.0,,7.142857142857143,ACO,0,0,0,0,0,0,0,0,0,0,0,0,0,0,0,0
3,3,0,0,0,0,0,0,0,0,0,0,0,81,B,59,56,4,5.084745762711864,100.0,,0.0,,7.142857142857143,ACO,0,0,0,0,0,0,0,0,0,0,0,0,0,0,0,0
1,1,0,0,0,0,0,0,0,0,0,0,0,82,base,59,58,4,1.694915254237288,100.0,,0.0,,6.896551724137931,ACO,0,0,0,0,0,0,0,0,0,0,0,0,0,0,0,0
1,0,1,0,1,1,0,0,0,0,0,0,0,82,B,59,58,4,1.694915254237288,0.0,100.0,0.0,0.0,6.896551724137931,ACO,0,0,0,0,0,0,0,0,0,0,0,0,0,0,0,0
2,2,0,0,0,0,0,0,0,0,0,0,0,83,base,59,57,4,3.389830508474576,100.0,,0.0,,7.017543859649122,ACO,0,0,0,0,0,0,0,0,0,0,0,0,0,0,0,0
2,2,0,0,0,0,0,0,0,0,0,0,0,83,B,59,57,4,3.389830508474576,100.0,,0.0,,7.017543859649122,ACO,0,0,0,0,0,0,0,0,0,0,0,0,0,0,0,0
4,4,0,0,0,0,0,0,0,0,0,0,0,84,base,59,55,3,6.779661016949152,100.0,,0.0,,5.454545454545454,ACO,0,0,0,0,0,0,0,0,0,0,0,0,0,0,0,0
4,4,0,0,0,0,0,0,0,0,0,0,0,84,B,59,55,3,6.779661016949152,100.0,,0.0,,5.454545454545454,ACO,0,0,0,0,0,0,0,0,0,0,0,0,0,0,0,0
3,2,1,0,1,1,0,1,0,0,0,0,0,85,base,59,56,4,5.084745762711864,66.66666666666667,100.0,0.0,0.0,7.142857142857143,ACO,0,1,0,0,1,0,0,0,0,0,0,0,0,0,0,0
3,2,1,0,1,1,0,1,0,0,0,0,0,85,B,59,56,4,5.084745762711864,66.66666666666667,100.0,0.0,0.0,7.142857142857143,ACO,0,1,0,0,1,0,0,0,0,0,0,0,0,0,0,0
0,0,0,0,0,0,0,0,0,0,0,0,0,86,base,59,59,4,0.0,,,,,6.779661016949152,ACO,0,0,0,0,0,0,0,0,0,0,0,0,0,0,0,0
0,0,0,0,0,0,0,0,0,0,0,0,0,86,B,59,59,4,0.0,,,,,6.779661016949152,ACO,0,0,0,0,0,0,0,0,0,0,0,0,0,0,0,0
2,2,0,0,0,0,0,0,0,0,0,0,0,87,base,59,57,4,3.389830508474576,100.0,,0.0,,7.017543859649122,ACO,0,0,0,0,0,0,0,0,0,0,0,0,0,0,0,0
2,1,1,0,1,1,0,1,0,0,0,0,0,87,B,59,57,4,3.389830508474576,50.0,100.0,0.0,0.0,7.017543859649122,ACO,0,1,0,0,1,0,0,0,0,0,0,0,0,0,0,0
2,2,0,0,0,0,0,0,0,0,0,0,0,88,base,59,57,4,3.389830508474576,100.0,,0.0,,7.017543859649122,ACO,0,0,0,0,0,0,0,0,0,0,0,0,0,0,0,0
2,2,0,0,0,0,0,0,0,0,0,0,0,88,B,59,57,4,3.389830508474576,100.0,,0.0,,7.017543859649122,ACO,0,0,0,0,0,0,0,0,0,0,0,0,0,0,0,0
4,3,1,0,1,1,0,1,0,1,0,0,0,89,base,59,55,4,6.779661016949152,75.0,100.0,0.0,0.0,7.2727272727272725,ACO,0,1,0,0,1,0,1,0,0,1,0,0,0,0,0,0
4,3,1,0,1,1,0,1,0,1,0,0,0,89,B,59,55,4,6.779661016949152,75.0,100.0,0.0,0.0,7.2727272727272725,ACO,0,1,0,0,1,0,1,0,0,1,0,0,0,0,0,0
2,2,0,0,0,0,0,0,0,0,0,0,0,90,base,59,57,4,3.389830508474576,100.0,,0.0,,7.017543859649122,ACO,0,0,0,0,0,0,0,0,0,0,0,0,0,0,0,0
2,2,0,0,0,0,0,0,0,0,0,0,0,90,B,59,57,4,3.389830508474576,100.0,,0.0,,7.017543859649122,ACO,0,0,0,0,0,0,0,0,0,0,0,0,0,0,0,0
4,3,1,0,1,1,0,1,0,0,0,0,0,91,base,59,55,4,6.779661016949152,75.0,100.0,0.0,0.0,7.2727272727272725,ACO,0,1,0,0,1,0,0,0,0,0,0,0,0,0,0,0
4,3,1,0,1,1,0,1,0,0,0,0,0,91,B,59,55,4,6.779661016949152,75.0,100.0,0.0,0.0,7.2727272727272725,ACO,0,1,0,0,1,0,0,0,0,0,0,0,0,0,0,0
2,2,0,0,0,0,0,0,0,0,0,0,0,92,base,59,57,4,3.389830508474576,100.0,,0.0,,7.017543859649122,ACO,0,0,0,0,0,0,0,0,0,0,0,0,0,0,0,0
2,2,0,0,0,0,0,0,0,0,0,0,0,92,B,59,57,4,3.389830508474576,100.0,,0.0,,7.017543859649122,ACO,0,0,0,0,0,0,0,0,0,0,0,0,0,0,0,0
2,2,0,0,0,0,0,0,0,0,0,0,0,93,base,59,57,4,3.389830508474576,100.0,,0.0,,7.017543859649122,ACO,0,0,0,0,0,0,0,0,0,0,0,0,0,0,0,0
2,1,1,0,1,1,0,1,0,0,0,0,0,93,B,59,57,4,3.389830508474576,50.0,100.0,0.0,0.0,7.017543859649122,ACO,0,1,0,0,1,0,0,0,0,0,0,0,0,0,0,0
0,0,0,0,0,0,0,0,0,0,0,0,0,94,base,59,59,4,0.0,,,,,6.779661016949152,ACO,0,0,0,0,0,0,0,0,0,0,0,0,0,0,0,0
0,0,0,0,0,0,0,0,0,0,0,0,0,94,B,59,59,4,0.0,,,,,6.779661016949152,ACO,0,0,0,0,0,0,0,0,0,0,0,0,0,0,0,0
3,3,0,0,0,0,0,0,0,0,0,0,0,95,base,59,56,4,5.084745762711864,100.0,,0.0,,7.142857142857143,ACO,0,0,0,0,0,0,0,0,0,0,0,0,0,0,0,0
3,3,0,0,0,0,0,0,0,0,0,0,0,95,B,59,56,4,5.084745762711864,100.0,,0.0,,7.142857142857143,ACO,0,0,0,0,0,0,0,0,0,0,0,0,0,0,0,0
3,3,0,0,0,0,0,0,0,0,0,0,0,96,base,59,56,4,5.084745762711864,100.0,,0.0,,7.142857142857143,ACO,0,0,0,0,0,0,0,0,0,0,0,0,0,0,0,0
3,3,0,0,0,0,0,0,0,0,0,0,0,96,B,59,56,4,5.084745762711864,100.0,,0.0,,7.142857142857143,ACO,0,0,0,0,0,0,0,0,0,0,0,0,0,0,0,0
1,1,0,0,0,0,0,0,0,0,0,0,0,97,base,59,58,4,1.694915254237288,100.0,,0.0,,6.896551724137931,ACO,0,0,0,0,0,0,0,0,0,0,0,0,0,0,0,0
1,0,1,0,1,1,0,1,0,1,0,0,0,97,B,59,58,4,1.694915254237288,0.0,100.0,0.0,0.0,6.896551724137931,ACO,0,1,0,0,1,0,1,0,0,1,0,0,0,0,0,0
2,2,0,0,0,0,0,0,0,0,0,0,0,98,base,59,57,4,3.389830508474576,100.0,,0.0,,7.017543859649122,ACO,0,0,0,0,0,0,0,0,0,0,0,0,0,0,0,0
2,2,0,0,0,0,0,0,0,0,0,0,0,98,B,59,57,4,3.389830508474576,100.0,,0.0,,7.017543859649122,ACO,0,0,0,0,0,0,0,0,0,0,0,0,0,0,0,0
5,5,0,0,0,0,0,0,0,0,0,0,0,99,base,59,54,4,8.474576271186441,100.0,,0.0,,7.407407407407407,ACO,0,0,0,0,0,0,0,0,0,0,0,0,0,0,0,0
5,5,0,0,0,0,0,0,0,0,0,0,0,99,B,59,54,4,8.474576271186441,100.0,,0.0,,7.407407407407407,ACO,0,0,0,0,0,0,0,0,0,0,0,0,0,0,0,0
4,3,1,0,1,1,0,1,0,1,0,0,0,100,base,59,55,3,6.779661016949152,75.0,100.0,0.0,0.0,5.454545454545454,ACO,0,1,0,0,1,0,1,0,0,1,0,0,0,0,0,0
4,3,1,0,1,1,0,1,0,1,0,0,0,100,B,59,55,3,6.779661016949152,75.0,100.0,0.0,0.0,5.454545454545454,ACO,0,1,0,0,1,0,1,0,0,1,0,0,0,0,0,0
2,2,0,0,0,0,0,0,0,0,0,0,0,101,base,59,57,4,3.389830508474576,100.0,,0.0,,7.017543859649122,ACO,0,0,0,0,0,0,0,0,0,0,0,0,0,0,0,0
2,2,0,0,0,0,0,0,0,0,0,0,0,101,B,59,57,4,3.389830508474576,100.0,,0.0,,7.017543859649122,ACO,0,0,0,0,0,0,0,0,0,0,0,0,0,0,0,0
2,2,0,0,0,0,0,0,0,0,0,0,0,102,base,59,57,3,3.389830508474576,100.0,,0.0,,5.2631578947368425,ACO,0,0,0,0,0,0,0,0,0,0,0,0,0,0,0,0
2,1,1,0,1,1,0,0,0,0,0,0,0,102,B,59,57,3,3.389830508474576,50.0,100.0,0.0,0.0,5.2631578947368425,ACO,0,0,0,0,0,0,0,0,0,0,0,0,0,0,0,0
4,4,0,0,0,0,0,0,0,0,0,0,0,103,base,59,55,4,6.779661016949152,100.0,,0.0,,7.2727272727272725,ACO,0,0,0,0,0,0,0,0,0,0,0,0,0,0,0,0
4,3,1,0,1,0,0,0,0,0,0,0,0,103,B,59,55,4,6.779661016949152,75.0,0.0,0.0,0.0,7.2727272727272725,ACO,0,0,0,0,0,0,0,0,0,0,0,0,0,0,0,0
1,1,0,0,0,0,0,0,0,0,0,0,0,104,base,59,58,4,1.694915254237288,100.0,,0.0,,6.896551724137931,ACO,0,0,0,0,0,0,0,0,0,0,0,0,0,0,0,0
1,1,0,0,0,0,0,0,0,0,0,0,0,104,B,59,58,4,1.694915254237288,100.0,,0.0,,6.896551724137931,ACO,0,0,0,0,0,0,0,0,0,0,0,0,0,0,0,0
4,4,0,0,0,0,0,0,0,0,0,0,0,105,base,59,55,4,6.779661016949152,100.0,,0.0,,7.2727272727272725,ACO,0,0,0,0,0,0,0,0,0,0,0,0,0,0,0,0
4,4,0,0,0,0,0,0,0,0,0,0,0,105,B,59,55,4,6.779661016949152,100.0,,0.0,,7.2727272727272725,ACO,0,0,0,0,0,0,0,0,0,0,0,0,0,0,0,0
2,2,0,0,0,0,0,0,0,0,0,0,0,106,base,59,57,4,3.389830508474576,100.0,,0.0,,7.017543859649122,ACO,0,0,0,0,0,0,0,0,0,0,0,0,0,0,0,0
2,1,1,0,1,1,0,0,0,0,0,0,0,106,B,59,57,4,3.389830508474576,50.0,100.0,0.0,0.0,7.017543859649122,ACO,0,0,0,0,0,0,0,0,0,0,0,0,0,0,0,0
3,3,0,0,0,0,0,0,0,0,0,0,0,107,base,59,56,4,5.084745762711864,100.0,,0.0,,7.142857142857143,ACO,0,0,0,0,0,0,0,0,0,0,0,0,0,0,0,0
3,2,1,0,1,1,0,1,0,1,0,0,0,107,B,59,56,4,5.084745762711864,66.66666666666667,100.0,0.0,0.0,7.142857142857143,ACO,0,1,0,0,1,0,1,0,0,1,0,0,0,0,0,0
2,1,1,0,1,1,0,0,0,0,0,0,0,108,base,59,57,4,3.389830508474576,50.0,100.0,0.0,0.0,7.017543859649122,ACO,0,0,0,0,0,0,0,0,0,0,0,0,0,0,0,0
2,1,1,0,1,0,0,0,0,0,0,0,0,108,B,59,57,4,3.389830508474576,50.0,0.0,0.0,0.0,7.017543859649122,ACO,0,0,0,0,0,0,0,0,0,0,0,0,0,0,0,0
2,2,0,0,0,0,0,0,0,0,0,0,0,109,base,59,57,4,3.389830508474576,100.0,,0.0,,7.017543859649122,ACO,0,0,0,0,0,0,0,0,0,0,0,0,0,0,0,0
2,1,1,0,1,1,0,1,0,1,0,0,0,109,B,59,57,4,3.389830508474576,50.0,100.0,0.0,0.0,7.017543859649122,ACO,0,1,0,0,1,0,1,0,0,1,0,0,0,0,0,0
3,2,1,0,1,0,0,0,0,0,0,0,0,110,base,59,56,4,5.084745762711864,66.66666666666667,0.0,0.0,0.0,7.142857142857143,ACO,0,0,0,0,0,0,0,0,0,0,0,0,0,0,0,0
3,1,2,0,2,0,0,0,0,0,0,0,0,110,B,59,56,4,5.084745762711864,33.333333333333336,0.0,0.0,0.0,7.142857142857143,ACO,0,0,0,0,0,0,0,0,0,0,0,0,0,0,0,0
4,4,0,0,0,0,0,0,0,0,0,0,0,111,base,59,55,2,6.779661016949152,100.0,,0.0,,3.6363636363636362,ACO,0,0,0,0,0,0,0,0,0,0,0,0,0,0,0,0
4,4,0,0,0,0,0,0,0,0,0,0,0,111,B,59,55,2,6.779661016949152,100.0,,0.0,,3.6363636363636362,ACO,0,0,0,0,0,0,0,0,0,0,0,0,0,0,0,0
0,0,0,0,0,0,0,0,0,0,0,0,0,112,base,59,59,4,0.0,,,,,6.779661016949152,ACO,0,0,0,0,0,0,0,0,0,0,0,0,0,0,0,0
0,0,0,0,0,0,0,0,0,0,0,0,0,112,B,59,59,4,0.0,,,,,6.779661016949152,ACO,0,0,0,0,0,0,0,0,0,0,0,0,0,0,0,0
2,2,0,0,0,0,0,0,0,0,0,0,0,113,base,59,57,4,3.389830508474576,100.0,,0.0,,7.017543859649122,ACO,0,0,0,0,0,0,0,0,0,0,0,0,0,0,0,0
2,1,1,0,1,0,0,0,0,0,0,0,0,113,B,59,57,4,3.389830508474576,50.0,0.0,0.0,0.0,7.017543859649122,ACO,0,0,0,0,0,0,0,0,0,0,0,0,0,0,0,0
6,6,0,0,0,0,0,0,0,0,0,0,0,114,base,59,53,4,10.169491525423728,100.0,,0.0,,7.547169811320755,ACO,0,0,0,0,0,0,0,0,0,0,0,0,0,0,0,0
6,6,0,0,0,0,0,0,0,0,0,0,0,114,B,59,53,4,10.169491525423728,100.0,,0.0,,7.547169811320755,ACO,0,0,0,0,0,0,0,0,0,0,0,0,0,0,0,0
0,0,0,0,0,0,0,0,0,0,0,0,0,115,base,59,59,4,0.0,,,,,6.779661016949152,ACO,0,0,0,0,0,0,0,0,0,0,0,0,0,0,0,0
0,0,0,0,0,0,0,0,0,0,0,0,0,115,B,59,59,4,0.0,,,,,6.779661016949152,ACO,0,0,0,0,0,0,0,0,0,0,0,0,0,0,0,0
3,2,1,0,1,0,0,0,0,0,0,0,0,116,base,59,56,4,5.084745762711864,66.66666666666667,0.0,0.0,0.0,7.142857142857143,ACO,0,0,0,0,0,0,0,0,0,0,0,0,0,0,0,0
3,1,2,0,2,1,0,1,0,0,0,0,0,116,B,59,56,4,5.084745762711864,33.333333333333336,50.0,0.0,0.0,7.142857142857143,ACO,0,1,0,0,1,0,0,0,0,0,0,0,0,0,0,0
1,1,0,0,0,0,0,0,0,0,0,0,0,117,base,59,58,4,1.694915254237288,100.0,,0.0,,6.896551724137931,ACO,0,0,0,0,0,0,0,0,0,0,0,0,0,0,0,0
1,1,0,0,0,0,0,0,0,0,0,0,0,117,B,59,58,4,1.694915254237288,100.0,,0.0,,6.896551724137931,ACO,0,0,0,0,0,0,0,0,0,0,0,0,0,0,0,0
5,4,1,0,1,1,0,1,0,0,0,0,0,118,base,59,54,4,8.474576271186441,80.0,100.0,0.0,0.0,7.407407407407407,ACO,0,1,0,0,1,0,0,0,0,0,0,0,0,0,0,0
5,4,1,0,1,1,0,1,0,0,0,0,0,118,B,59,54,4,8.474576271186441,80.0,100.0,0.0,0.0,7.407407407407407,ACO,0,1,0,0,1,0,0,0,0,0,0,0,0,0,0,0
4,4,0,0,0,0,0,0,0,0,0,0,0,119,base,59,55,3,6.779661016949152,100.0,,0.0,,5.454545454545454,ACO,0,0,0,0,0,0,0,0,0,0,0,0,0,0,0,0
4,4,0,0,0,0,0,0,0,0,0,0,0,119,B,59,55,3,6.779661016949152,100.0,,0.0,,5.454545454545454,ACO,0,0,0,0,0,0,0,0,0,0,0,0,0,0,0,0
4,3,1,0,1,1,0,0,0,0,0,0,0,120,base,59,55,4,6.779661016949152,75.0,100.0,0.0,0.0,7.2727272727272725,ACO,0,0,0,0,0,0,0,0,0,0,0,0,0,0,0,0
4,2,2,0,2,1,0,0,0,0,0,0,0,120,B,59,55,4,6.779661016949152,50.0,50.0,0.0,0.0,7.2727272727272725,ACO,0,0,0,0,0,0,0,0,0,0,0,0,0,0,0,0
3,3,0,0,0,0,0,0,0,0,0,0,0,121,base,59,56,4,5.084745762711864,100.0,,0.0,,7.142857142857143,ACO,0,0,0,0,0,0,0,0,0,0,0,0,0,0,0,0
3,3,0,0,0,0,0,0,0,0,0,0,0,121,B,59,56,4,5.084745762711864,100.0,,0.0,,7.142857142857143,ACO,0,0,0,0,0,0,0,0,0,0,0,0,0,0,0,0
3,3,0,0,0,0,0,0,0,0,0,0,0,122,base,59,56,4,5.084745762711864,100.0,,0.0,,7.142857142857143,ACO,0,0,0,0,0,0,0,0,0,0,0,0,0,0,0,0
3,3,0,0,0,0,0,0,0,0,0,0,0,122,B,59,56,4,5.084745762711864,100.0,,0.0,,7.142857142857143,ACO,0,0,0,0,0,0,0,0,0,0,0,0,0,0,0,0
2,2,0,0,0,0,0,0,0,0,0,0,0,123,base,59,57,4,3.389830508474576,100.0,,0.0,,7.017543859649122,ACO,0,0,0,0,0,0,0,0,0,0,0,0,0,0,0,0
2,2,0,0,0,0,0,0,0,0,0,0,0,123,B,59,57,4,3.389830508474576,100.0,,0.0,,7.017543859649122,ACO,0,0,0,0,0,0,0,0,0,0,0,0,0,0,0,0
1,1,0,0,0,0,0,0,0,0,0,0,0,124,base,59,58,4,1.694915254237288,100.0,,0.0,,6.896551724137931,ACO,0,0,0,0,0,0,0,0,0,0,0,0,0,0,0,0
1,1,0,0,0,0,0,0,0,0,0,0,0,124,B,59,58,4,1.694915254237288,100.0,,0.0,,6.896551724137931,ACO,0,0,0,0,0,0,0,0,0,0,0,0,0,0,0,0
4,4,0,0,0,0,0,0,0,0,0,0,0,125,base,59,55,3,6.779661016949152,100.0,,0.0,,5.454545454545454,ACO,0,0,0,0,0,0,0,0,0,0,0,0,0,0,0,0
4,3,1,0,1,0,0,0,0,0,0,0,0,125,B,59,55,3,6.779661016949152,75.0,0.0,0.0,0.0,5.454545454545454,ACO,0,0,0,0,0,0,0,0,0,0,0,0,0,0,0,0
3,3,0,0,0,0,0,0,0,0,0,0,0,126,base,59,56,4,5.084745762711864,100.0,,0.0,,7.142857142857143,ACO,0,0,0,0,0,0,0,0,0,0,0,0,0,0,0,0
3,3,0,0,0,0,0,0,0,0,0,0,0,126,B,59,56,4,5.084745762711864,100.0,,0.0,,7.142857142857143,ACO,0,0,0,0,0,0,0,0,0,0,0,0,0,0,0,0
4,4,0,0,0,0,0,0,0,0,0,0,0,127,base,59,55,3,6.779661016949152,100.0,,0.0,,5.454545454545454,ACO,0,0,0,0,0,0,0,0,0,0,0,0,0,0,0,0
4,3,1,0,1,1,0,1,0,0,0,0,0,127,B,59,55,3,6.779661016949152,75.0,100.0,0.0,0.0,5.454545454545454,ACO,0,1,0,0,1,0,0,0,0,0,0,0,0,0,0,0
0,0,0,0,0,0,0,0,0,0,0,0,0,128,base,59,59,4,0.0,,,,,6.779661016949152,ACO,0,0,0,0,0,0,0,0,0,0,0,0,0,0,0,0
0,0,0,0,0,0,0,0,0,0,0,0,0,128,B,59,59,4,0.0,,,,,6.779661016949152,ACO,0,0,0,0,0,0,0,0,0,0,0,0,0,0,0,0
5,4,1,0,1,1,0,0,0,0,0,0,0,129,base,59,54,3,8.474576271186441,80.0,100.0,0.0,0.0,5.555555555555555,ACO,0,0,0,0,0,0,0,0,0,0,0,0,0,0,0,0
5,4,1,0,1,0,0,0,0,0,0,0,0,129,B,59,54,3,8.474576271186441,80.0,0.0,0.0,0.0,5.555555555555555,ACO,0,0,0,0,0,0,0,0,0,0,0,0,0,0,0,0
1,1,0,0,0,0,0,0,0,0,0,0,0,130,base,59,58,4,1.694915254237288,100.0,,0.0,,6.896551724137931,ACO,0,0,0,0,0,0,0,0,0,0,0,0,0,0,0,0
1,1,0,0,0,0,0,0,0,0,0,0,0,130,B,59,58,4,1.694915254237288,100.0,,0.0,,6.896551724137931,ACO,0,0,0,0,0,0,0,0,0,0,0,0,0,0,0,0
3,3,0,0,0,0,0,0,0,0,0,0,0,131,base,59,56,4,5.084745762711864,100.0,,0.0,,7.142857142857143,ACO,0,0,0,0,0,0,0,0,0,0,0,0,0,0,0,0
3,3,0,0,0,0,0,0,0,0,0,0,0,131,B,59,56,4,5.084745762711864,100.0,,0.0,,7.142857142857143,ACO,0,0,0,0,0,0,0,0,0,0,0,0,0,0,0,0
0,0,0,0,0,0,0,0,0,0,0,0,0,132,base,59,59,4,0.0,,,,,6.779661016949152,ACO,0,0,0,0,0,0,0,0,0,0,0,0,0,0,0,0
0,0,0,0,0,0,0,0,0,0,0,0,0,132,B,59,59,4,0.0,,,,,6.779661016949152,ACO,0,0,0,0,0,0,0,0,0,0,0,0,0,0,0,0
1,1,0,0,0,0,0,0,0,0,0,0,0,133,base,59,58,4,1.694915254237288,100.0,,0.0,,6.896551724137931,ACO,0,0,0,0,0,0,0,0,0,0,0,0,0,0,0,0
1,1,0,0,0,0,0,0,0,0,0,0,0,133,B,59,58,4,1.694915254237288,100.0,,0.0,,6.896551724137931,ACO,0,0,0,0,0,0,0,0,0,0,0,0,0,0,0,0
1,1,0,0,0,0,0,0,0,0,0,0,0,134,base,59,58,4,1.694915254237288,100.0,,0.0,,6.896551724137931,ACO,0,0,0,0,0,0,0,0,0,0,0,0,0,0,0,0
1,1,0,0,0,0,0,0,0,0,0,0,0,134,B,59,58,4,1.694915254237288,100.0,,0.0,,6.896551724137931,ACO,0,0,0,0,0,0,0,0,0,0,0,0,0,0,0,0
4,4,0,0,0,0,0,0,0,0,0,0,0,135,base,59,55,4,6.779661016949152,100.0,,0.0,,7.2727272727272725,ACO,0,0,0,0,0,0,0,0,0,0,0,0,0,0,0,0
4,4,0,0,0,0,0,0,0,0,0,0,0,135,B,59,55,4,6.779661016949152,100.0,,0.0,,7.2727272727272725,ACO,0,0,0,0,0,0,0,0,0,0,0,0,0,0,0,0
4,4,0,0,0,0,0,0,0,0,0,0,0,136,base,59,55,3,6.779661016949152,100.0,,0.0,,5.454545454545454,ACO,0,0,0,0,0,0,0,0,0,0,0,0,0,0,0,0
4,4,0,0,0,0,0,0,0,0,0,0,0,136,B,59,55,3,6.779661016949152,100.0,,0.0,,5.454545454545454,ACO,0,0,0,0,0,0,0,0,0,0,0,0,0,0,0,0
3,3,0,0,0,0,0,0,0,0,0,0,0,137,base,59,56,4,5.084745762711864,100.0,,0.0,,7.142857142857143,ACO,0,0,0,0,0,0,0,0,0,0,0,0,0,0,0,0
3,3,0,0,0,0,0,0,0,0,0,0,0,137,B,59,56,4,5.084745762711864,100.0,,0.0,,7.142857142857143,ACO,0,0,0,0,0,0,0,0,0,0,0,0,0,0,0,0
4,4,0,0,0,0,0,0,0,0,0,0,0,138,base,59,55,3,6.779661016949152,100.0,,0.0,,5.454545454545454,ACO,0,0,0,0,0,0,0,0,0,0,0,0,0,0,0,0
4,4,0,0,0,0,0,0,0,0,0,0,0,138,B,59,55,3,6.779661016949152,100.0,,0.0,,5.454545454545454,ACO,0,0,0,0,0,0,0,0,0,0,0,0,0,0,0,0
2,2,0,0,0,0,0,0,0,0,0,0,0,139,base,59,57,4,3.389830508474576,100.0,,0.0,,7.017543859649122,ACO,0,0,0,0,0,0,0,0,0,0,0,0,0,0,0,0
2,2,0,0,0,0,0,0,0,0,0,0,0,139,B,59,57,4,3.389830508474576,100.0,,0.0,,7.017543859649122,ACO,0,0,0,0,0,0,0,0,0,0,0,0,0,0,0,0
4,4,0,0,0,0,0,0,0,0,0,0,0,140,base,59,55,4,6.779661016949152,100.0,,0.0,,7.2727272727272725,ACO,0,0,0,0,0,0,0,0,0,0,0,0,0,0,0,0
4,4,0,0,0,0,0,0,0,0,0,0,0,140,B,59,55,4,6.779661016949152,100.0,,0.0,,7.2727272727272725,ACO,0,0,0,0,0,0,0,0,0,0,0,0,0,0,0,0
3,2,1,0,1,0,0,0,0,0,0,0,0,141,base,59,56,3,5.084745762711864,66.66666666666667,0.0,0.0,0.0,5.357142857142857,ACO,0,0,0,0,0,0,0,0,0,0,0,0,0,0,0,0
3,2,1,0,1,0,0,0,0,0,0,0,0,141,B,59,56,3,5.084745762711864,66.66666666666667,0.0,0.0,0.0,5.357142857142857,ACO,0,0,0,0,0,0,0,0,0,0,0,0,0,0,0,0
82,79,3,0,3,2,0,1,0,0,0,0,0,42,base,1671,1589,233,4.90724117295033,96.34146341463415,66.66666666666667,0.0,0.0,14.663310258023914,AJM,0,1,0,0,1,0,0,0,0,0,0,0,0,0,0,0
82,74,8,0,8,3,0,3,0,1,0,0,0,42,B,1671,1589,233,4.90724117295033,90.2439024390244,37.5,0.0,0.0,14.663310258023914,AJM,0,2,0,0,2,0,1,0,0,1,0,0,0,0,0,0
95,90,5,0,5,3,0,3,0,2,0,0,0,43,base,1671,1576,229,5.685218432076601,94.73684210526316,60.0,0.0,0.0,14.530456852791879,AJM,0,5,2,0,3,2,2,0,0,2,0,0,0,0,0,0
95,80,15,1,14,6,0,6,0,5,0,0,0,43,B,1671,1576,229,5.685218432076601,84.21052631578948,42.857142857142854,0.0,0.0,14.530456852791879,AJM,0,7,1,0,6,2,5,0,0,5,0,0,0,0,0,0
98,92,6,0,6,3,0,3,0,2,0,0,0,44,base,1671,1573,230,5.8647516457211255,93.87755102040816,50.0,0.0,0.0,14.621741894469167,AJM,0,2,0,0,2,0,2,0,0,2,0,0,0,0,0,0
98,82,16,0,16,7,0,6,0,4,0,0,0,44,B,1671,1573,230,5.8647516457211255,83.6734693877551,43.75,0.0,0.0,14.621741894469167,AJM,0,5,0,0,5,0,4,0,0,4,0,0,0,0,0,0
78,72,6,0,6,5,0,4,0,1,0,0,0,45,base,1671,1593,229,4.667863554757631,92.3076923076923,83.33333333333333,0.0,0.0,14.375392341494036,AJM,0,2,0,0,2,0,1,0,0,1,0,0,0,0,0,0
78,66,12,0,12,9,0,7,0,2,0,0,0,45,B,1671,1593,229,4.667863554757631,84.61538461538461,75.0,0.0,0.0,14.375392341494036,AJM,0,5,0,0,5,0,2,0,0,2,0,0,0,0,0,0
65,64,1,0,1,0,0,0,0,0,0,0,0,46,base,1671,1606,233,3.8898862956313587,98.46153846153847,0.0,0.0,0.0,14.508094645080947,AJM,0,1,1,0,0,1,0,0,0,0,0,0,0,0,0,0
65,59,6,2,4,1,0,1,0,0,0,0,0,46,B,1671,1606,233,3.8898862956313587,90.76923076923077,25.0,0.0,0.0,14.508094645080947,AJM,0,2,1,0,1,1,0,0,0,0,0,0,0,0,0,0
69,64,5,0,5,3,0,3,0,0,0,0,0,47,base,1671,1602,238,4.129263913824057,92.7536231884058,60.0,0.0,0.0,14.856429463171036,AJM,0,1,0,0,1,0,0,0,0,0,0,0,0,0,0,0
69,58,11,0,11,5,0,5,0,2,0,0,0,47,B,1671,1602,238,4.129263913824057,84.05797101449275,45.45454545454545,0.0,0.0,14.856429463171036,AJM,0,3,0,0,3,0,2,0,0,2,0,0,0,0,0,0
74,70,4,0,4,1,0,0,0,0,0,0,0,48,base,1671,1597,232,4.428485936564932,94.5945945945946,25.0,0.0,0.0,14.527238572323105,AJM,0,1,1,0,0,1,0,0,0,0,0,0,0,0,0,0
74,61,13,0,13,6,0,3,0,1,0,0,0,48,B,1671,1597,232,4.428485936564932,82.43243243243244,46.15384615384615,0.0,0.0,14.527238572323105,AJM,0,3,1,0,2,1,1,0,0,1,0,0,0,0,0,0
72,69,3,0,3,1,0,1,0,0,0,0,0,49,base,1671,1599,234,4.308797127468582,95.83333333333333,33.333333333333336,0.0,0.0,14.634146341463415,AJM,0,0,0,0,0,0,0,0,0,0,0,0,0,0,0,0
72,57,15,1,14,6,0,4,0,3,0,0,0,49,B,1671,1599,234,4.308797127468582,79.16666666666667,42.857142857142854,0.0,0.0,14.634146341463415,AJM,0,2,0,0,2,0,2,0,0,2,0,0,0,0,0,0
89,86,3,0,3,1,0,1,0,0,0,0,0,50,base,1671,1582,229,5.326152004787552,96.62921348314607,33.333333333333336,0.0,0.0,14.47534766118837,AJM,0,1,0,0,1,0,0,0,0,0,0,0,0,0,0,0
89,81,8,0,8,5,0,5,0,2,0,0,0,50,B,1671,1582,229,5.326152004787552,91.01123595505618,62.5,0.0,0.0,14.47534766118837,AJM,0,5,0,0,5,0,2,0,0,2,0,0,0,0,0,0
92,84,8,0,8,7,0,6,0,3,0,0,0,51,base,1671,1579,231,5.505685218432077,91.30434782608695,87.5,0.0,0.0,14.629512349588348,AJM,0,7,2,0,5,2,3,0,0,3,0,0,0,0,0,0
92,75,17,0,17,12,0,12,1,5,0,0,0,51,B,1671,1579,231,5.505685218432077,81.52173913043478,70.58823529411765,1.0869565217391304,5.882352941176471,14.629512349588348,AJM,0,10,2,0,8,2,5,0,0,5,0,0,0,0,0,0
79,70,9,0,9,4,0,3,0,1,0,0,0,52,base,1671,1592,236,4.727707959305805,88.60759493670886,44.44444444444444,0.0,0.0,14.824120603015075,AJM,0,1,0,0,1,0,1,0,0,1,0,0,0,0,0,0
79,60,19,1,18,6,0,7,2,3,0,0,0,52,B,1671,1592,236,4.727707959305805,75.9493670886076,33.333333333333336,2.5316455696202533,10.526315789473685,14.824120603015075,AJM,0,4,0,0,4,0,3,0,0,3,0,0,0,0,0,0
81,77,4,0,4,2,0,2,0,0,0,0,0,53,base,1671,1590,232,4.847396768402154,95.06172839506173,50.0,0.0,0.0,14.59119496855346,AJM,0,2,1,0,1,1,0,0,0,0,0,0,0,0,0,0
81,73,8,0,8,4,0,5,1,0,0,0,0,53,B,1671,1590,232,4.847396768402154,90.12345679012346,50.0,1.2345679012345678,12.5,14.59119496855346,AJM,0,3,1,1,3,0,0,0,0,0,0,0,0,0,0,0
71,68,3,0,3,1,0,1,0,0,0,0,0,54,base,1671,1600,233,4.248952722920407,95.77464788732394,33.333333333333336,0.0,0.0,14.5625,AJM,0,0,0,0,0,0,0,0,0,0,0,0,0,0,0,0
71,62,9,1,8,5,0,4,0,1,0,0,0,54,B,1671,1600,233,4.248952722920407,87.32394366197182,62.5,0.0,0.0,14.5625,AJM,0,3,0,0,3,0,1,0,0,1,0,0,0,0,0,0
101,95,6,0,6,3,0,3,1,0,0,0,0,55,base,1671,1570,225,6.044284859365649,94.05940594059406,50.0,0.9900990099009901,16.666666666666668,14.331210191082803,AJM,0,2,2,1,1,1,0,0,0,0,0,0,0,0,0,0
101,82,19,1,18,11,0,10,1,3,0,0,0,55,B,1671,1570,225,6.044284859365649,81.18811881188118,61.111111111111114,0.9900990099009901,5.2631578947368425,14.331210191082803,AJM,0,7,2,1,6,1,3,0,0,3,0,0,0,0,0,0
87,81,6,0,6,4,0,4,0,0,0,0,0,56,base,1671,1584,236,5.206463195691203,93.10344827586206,66.66666666666667,0.0,0.0,14.8989898989899,AJM,0,3,0,0,3,0,0,0,0,0,0,0,0,0,0,0
87,74,13,1,12,6,0,6,1,0,0,0,0,56,B,1671,1584,236,5.206463195691203,85.05747126436782,50.0,1.1494252873563218,7.6923076923076925,14.8989898989899,AJM,0,3,0,0,3,0,0,0,0,0,0,0,0,0,0,0
92,85,7,0,7,4,0,1,0,1,0,0,0,57,base,1671,1579,234,5.505685218432077,92.3913043478261,57.142857142857146,0.0,0.0,14.819506016466118,AJM,0,2,1,0,1,1,1,0,0,1,0,0,0,0,0,0
92,74,18,0,18,8,0,7,3,2,0,0,0,57,B,1671,1579,234,5.505685218432077,80.43478260869566,44.44444444444444,3.260869565217391,16.666666666666668,14.819506016466118,AJM,0,5,2,1,4,1,2,0,0,2,0,0,0,0,0,0
92,86,6,0,6,3,0,2,0,1,0,0,0,58,base,1671,1579,223,5.505685218432077,93.47826086956522,50.0,0.0,0.0,14.122862571247625,AJM,0,2,0,0,2,0,1,0,0,1,0,0,0,0,0,0
92,76,16,0,16,5,0,4,0,1,0,0,0,58,B,1671,1579,223,5.505685218432077,82.6086956521739,31.25,0.0,0.0,14.122862571247625,AJM,0,3,0,0,3,0,1,0,0,1,0,0,0,0,0,0
86,84,2,0,2,2,0,2,0,0,0,0,0,59,base,1671,1585,234,5.146618791143029,97.67441860465117,100.0,0.0,0.0,14.763406940063092,AJM,0,2,1,0,1,1,0,0,0,0,0,0,0,0,0,0
86,74,12,2,10,8,1,7,0,4,0,0,0,59,B,1671,1585,234,5.146618791143029,86.04651162790698,80.0,0.0,0.0,14.763406940063092,AJM,0,6,1,0,5,1,4,0,0,4,0,0,0,0,0,0
87,82,5,0,5,3,0,3,1,2,0,0,0,60,base,1671,1584,232,5.206463195691203,94.25287356321839,60.0,1.1494252873563218,20.0,14.646464646464647,AJM,0,2,0,0,2,0,2,0,0,2,0,0,0,0,0,0
87,68,19,0,19,11,0,13,2,5,0,0,0,60,B,1671,1584,232,5.206463195691203,78.16091954022988,57.89473684210526,2.2988505747126435,10.526315789473685,14.646464646464647,AJM,0,6,0,0,6,0,5,0,0,5,0,0,0,0,0,0
74,65,9,0,9,5,0,3,0,3,0,0,0,61,base,1671,1597,231,4.428485936564932,87.83783783783784,55.55555555555556,0.0,0.0,14.464621164683782,AJM,0,3,0,0,3,0,3,0,0,3,0,0,0,0,0,0
74,60,14,0,14,4,0,3,0,3,0,0,0,61,B,1671,1597,231,4.428485936564932,81.08108108108108,28.571428571428573,0.0,0.0,14.464621164683782,AJM,0,3,0,0,3,0,3,0,0,3,0,0,0,0,0,0
87,84,3,0,3,1,0,0,0,0,0,0,0,62,base,1671,1584,232,5.206463195691203,96.55172413793103,33.333333333333336,0.0,0.0,14.646464646464647,AJM,0,0,0,0,0,0,0,0,0,0,0,0,0,0,0,0
87,72,15,0,15,6,0,8,2,2,0,0,0,62,B,1671,1584,232,5.206463195691203,82.75862068965517,40.0,2.2988505747126435,13.333333333333334,14.646464646464647,AJM,0,2,0,0,2,0,2,0,0,2,0,0,0,0,0,0
93,86,7,0,7,4,0,4,1,2,0,0,0,63,base,1671,1578,232,5.565529622980251,92.47311827956989,57.142857142857146,1.075268817204301,14.285714285714286,14.702154626109,AJM,0,3,1,1,3,0,2,0,0,2,0,0,0,0,0,0
93,76,17,0,17,7,0,7,2,3,0,0,0,63,B,1671,1578,232,5.565529622980251,81.72043010752688,41.1764705882353,2.150537634408602,11.764705882352942,14.702154626109,AJM,0,6,1,1,6,0,3,0,0,3,0,0,0,0,0,0
101,96,5,0,5,5,0,5,0,1,0,0,0,64,base,1671,1570,225,6.044284859365649,95.04950495049505,100.0,0.0,0.0,14.331210191082803,AJM,0,2,0,0,2,0,1,0,0,1,0,0,0,0,0,0
101,90,11,1,10,8,1,8,0,3,0,0,0,64,B,1671,1570,225,6.044284859365649,89.10891089108911,80.0,0.0,0.0,14.331210191082803,AJM,0,4,0,0,4,0,3,0,0,3,0,0,0,0,0,0
87,81,6,0,6,4,0,4,0,1,0,0,0,65,base,1671,1584,226,5.206463195691203,93.10344827586206,66.66666666666667,0.0,0.0,14.267676767676768,AJM,0,2,1,0,1,1,1,0,0,1,0,0,0,0,0,0
87,73,14,1,13,4,0,4,0,2,0,0,0,65,B,1671,1584,226,5.206463195691203,83.9080459770115,30.76923076923077,0.0,0.0,14.267676767676768,AJM,0,3,1,0,2,1,2,0,0,2,0,0,0,0,0,0
98,90,8,0,8,6,0,3,0,0,0,0,0,66,base,1671,1573,231,5.8647516457211255,91.83673469387755,75.0,0.0,0.0,14.685314685314685,AJM,0,1,0,0,1,0,0,0,0,0,0,0,0,0,0,0
98,84,14,0,14,9,0,7,0,3,0,0,0,66,B,1671,1573,231,5.8647516457211255,85.71428571428571,64.28571428571429,0.0,0.0,14.685314685314685,AJM,0,4,0,0,4,0,3,0,0,3,0,0,0,0,0,0
88,80,8,0,8,4,0,4,0,0,0,0,0,67,base,1671,1583,225,5.266307600239378,90.9090909090909,50.0,0.0,0.0,14.213518635502211,AJM,0,1,0,0,1,0,0,0,0,0,0,0,0,0,0,0
88,72,16,0,16,9,0,7,0,2,0,0,0,67,B,1671,1583,225,5.266307600239378,81.81818181818181,56.25,0.0,0.0,14.213518635502211,AJM,0,5,0,0,5,0,2,0,0,2,0,0,0,0,0,0
101,94,7,0,7,3,0,3,0,1,0,0,0,68,base,1671,1570,230,6.044284859365649,93.06930693069307,42.857142857142854,0.0,0.0,14.64968152866242,AJM,0,1,0,0,1,0,1,0,0,1,0,0,0,0,0,0
101,82,19,0,19,10,0,9,0,2,0,0,0,68,B,1671,1570,230,6.044284859365649,81.18811881188118,52.63157894736842,0.0,0.0,14.64968152866242,AJM,0,5,0,0,5,0,2,0,0,2,0,0,0,0,0,0
82,72,10,0,10,5,0,3,1,1,0,0,0,69,base,1671,1589,232,4.90724117295033,87.8048780487805,50.0,1.2195121951219512,10.0,14.60037759597231,AJM,0,2,1,0,1,1,1,0,0,1,0,0,0,0,0,0
82,66,16,0,16,4,0,5,1,2,0,0,0,69,B,1671,1589,232,4.90724117295033,80.48780487804878,25.0,1.2195121951219512,6.25,14.60037759597231,AJM,0,3,1,0,2,1,2,0,0,2,0,0,0,0,0,0
72,68,4,0,4,2,0,2,1,0,0,0,0,70,base,1671,1599,231,4.308797127468582,94.44444444444444,50.0,1.3888888888888888,25.0,14.446529080675422,AJM,0,2,1,0,1,1,0,0,0,0,0,0,0,0,0,0
72,62,10,1,9,4,0,3,0,0,0,0,0,70,B,1671,1599,231,4.308797127468582,86.11111111111111,44.44444444444444,0.0,0.0,14.446529080675422,AJM,0,1,0,0,1,1,0,0,0,0,0,0,0,0,0,0
73,68,5,0,5,4,0,3,0,1,0,0,0,71,base,1671,1598,229,4.368641532016756,93.15068493150685,80.0,0.0,0.0,14.330413016270338,AJM,0,2,0,0,2,0,1,0,0,1,0,0,0,0,0,0
73,60,13,0,13,10,0,8,0,1,0,0,0,71,B,1671,1598,229,4.368641532016756,82.1917808219178,76.92307692307692,0.0,0.0,14.330413016270338,AJM,0,3,0,0,3,0,1,0,0,1,0,0,0,0,0,0
95,92,3,0,3,2,0,2,0,1,0,0,0,72,base,1671,1576,223,5.685218432076601,96.84210526315789,66.66666666666667,0.0,0.0,14.149746192893401,AJM,0,2,1,0,1,1,1,0,0,1,0,0,0,0,0,0
95,84,11,0,11,5,0,4,0,1,0,0,0,72,B,1671,1576,223,5.685218432076601,88.42105263157895,45.45454545454545,0.0,0.0,14.149746192893401,AJM,0,4,1,0,3,1,1,0,0,1,0,0,0,0,0,0
104,97,7,0,7,4,0,4,0,1,0,0,0,73,base,1671,1567,229,6.2238180730101735,93.26923076923077,57.142857142857146,0.0,0.0,14.613911933631142,AJM,0,3,1,0,2,2,1,0,0,1,0,0,0,0,0,0
104,84,20,1,19,9,0,8,0,5,0,0,0,73,B,1671,1567,229,6.2238180730101735,80.76923076923077,47.36842105263158,0.0,0.0,14.613911933631142,AJM,0,8,1,0,7,1,5,0,0,5,0,0,0,0,0,0
79,74,5,0,5,2,0,3,1,2,0,0,0,74,base,1671,1592,230,4.727707959305805,93.67088607594937,40.0,1.2658227848101267,20.0,14.447236180904522,AJM,0,4,2,1,3,1,2,0,0,2,0,0,0,0,0,0
79,71,8,0,8,5,0,6,1,3,0,0,0,74,B,1671,1592,230,4.727707959305805,89.87341772151899,62.5,1.2658227848101267,12.5,14.447236180904522,AJM,0,7,2,1,6,1,3,0,0,3,0,0,0,0,0,0
77,75,2,0,2,2,0,2,0,2,0,0,0,75,base,1671,1594,229,4.608019150209455,97.40259740259741,100.0,0.0,0.0,14.366373902132999,AJM,0,3,1,0,2,1,2,0,0,2,0,0,0,0,0,0
77,71,6,0,6,5,0,5,0,3,0,0,0,75,B,1671,1594,229,4.608019150209455,92.20779220779221,83.33333333333333,0.0,0.0,14.366373902132999,AJM,0,6,1,0,5,1,3,0,0,3,0,0,0,0,0,0
74,73,1,0,1,1,0,1,0,0,0,0,0,76,base,1671,1597,230,4.428485936564932,98.64864864864865,100.0,0.0,0.0,14.402003757044458,AJM,0,2,2,0,0,2,0,0,0,0,0,0,0,0,0,0
74,66,8,0,8,5,0,4,0,1,0,0,0,76,B,1671,1597,230,4.428485936564932,89.1891891891892,62.5,0.0,0.0,14.402003757044458,AJM,0,3,2,0,1,2,1,0,0,1,0,0,0,0,0,0
87,82,5,0,5,3,0,2,0,1,0,0,0,77,base,1671,1584,233,5.206463195691203,94.25287356321839,60.0,0.0,0.0,14.70959595959596,AJM,0,3,1,0,2,1,1,0,0,1,0,0,0,0,0,0
87,74,13,1,12,5,0,3,0,2,0,0,0,77,B,1671,1584,233,5.206463195691203,85.05747126436782,41.666666666666664,0.0,0.0,14.70959595959596,AJM,0,4,1,0,3,1,2,0,0,2,0,0,0,0,0,0
82,76,6,0,6,3,0,3,0,1,0,0,0,78,base,1671,1589,232,4.90724117295033,92.6829268292683,50.0,0.0,0.0,14.60037759597231,AJM,0,2,0,0,2,0,1,0,0,1,0,0,0,0,0,0
82,64,18,1,17,9,0,8,0,2,0,0,0,78,B,1671,1589,232,4.90724117295033,78.04878048780488,52.94117647058823,0.0,0.0,14.60037759597231,AJM,0,3,0,0,3,0,2,0,0,2,0,0,0,0,0,0
75,69,6,0,6,4,0,2,0,0,0,0,0,79,base,1671,1596,233,4.488330341113106,92.0,66.66666666666667,0.0,0.0,14.598997493734336,AJM,0,1,1,0,0,1,0,0,0,0,0,0,0,0,0,0
75,63,12,0,12,6,0,4,0,2,0,0,0,79,B,1671,1596,233,4.488330341113106,84.0,50.0,0.0,0.0,14.598997493734336,AJM,0,3,1,0,2,1,2,0,0,2,0,0,0,0,0,0
81,80,1,0,1,1,0,1,0,1,0,0,0,80,base,1671,1590,223,4.847396768402154,98.76543209876543,100.0,0.0,0.0,14.025157232704403,AJM,0,1,0,0,1,0,1,0,0,1,0,0,0,0,0,0
81,70,11,1,10,7,0,7,0,5,0,0,0,80,B,1671,1590,223,4.847396768402154,86.41975308641975,70.0,0.0,0.0,14.025157232704403,AJM,0,7,0,0,7,0,5,0,0,5,0,0,0,0,0,0
74,69,5,0,5,2,0,2,0,1,0,0,0,81,base,1671,1597,235,4.428485936564932,93.24324324324324,40.0,0.0,0.0,14.715090795241077,AJM,0,2,1,0,1,1,1,0,0,1,0,0,0,0,0,0
74,66,8,1,7,4,0,4,0,2,0,0,0,81,B,1671,1597,235,4.428485936564932,89.1891891891892,57.142857142857146,0.0,0.0,14.715090795241077,AJM,0,4,1,0,3,1,2,0,0,2,0,0,0,0,0,0
85,79,6,0,6,2,0,2,0,1,0,0,0,82,base,1671,1586,227,5.086774386594853,92.94117647058823,33.333333333333336,0.0,0.0,14.312736443883985,AJM,0,1,0,0,1,0,1,0,0,1,0,0,0,0,0,0
85,74,11,0,11,5,0,7,2,3,0,0,0,82,B,1671,1586,227,5.086774386594853,87.05882352941177,45.45454545454545,2.3529411764705883,18.181818181818183,14.312736443883985,AJM,0,4,0,0,4,0,3,0,0,3,0,0,0,0,0,0
77,74,3,0,3,3,0,3,0,2,0,0,0,83,base,1671,1594,231,4.608019150209455,96.1038961038961,100.0,0.0,0.0,14.491844416562108,AJM,0,4,1,0,3,1,2,0,0,2,0,0,0,0,0,0
77,66,11,0,11,7,0,7,0,5,0,0,0,83,B,1671,1594,231,4.608019150209455,85.71428571428571,63.63636363636363,0.0,0.0,14.491844416562108,AJM,0,7,0,0,7,0,5,0,0,5,0,0,0,0,0,0
83,76,7,0,7,3,0,2,0,1,0,0,0,84,base,1671,1588,227,4.967085577498504,91.56626506024097,42.857142857142854,0.0,0.0,14.294710327455919,AJM,0,1,0,0,1,0,1,0,0,1,0,0,0,0,0,0
83,67,16,0,16,10,0,7,1,2,0,0,0,84,B,1671,1588,227,4.967085577498504,80.72289156626506,62.5,1.2048192771084338,6.25,14.294710327455919,AJM,0,2,0,0,2,0,2,0,0,2,0,0,0,0,0,0
84,79,5,0,5,1,0,2,1,0,0,0,0,85,base,1671,1587,229,5.026929982046679,94.04761904761905,20.0,1.1904761904761905,20.0,14.429741650913673,AJM,0,1,0,0,1,0,0,0,0,0,0,0,0,0,0,0
84,70,14,1,13,6,0,6,1,0,0,0,0,85,B,1671,1587,229,5.026929982046679,83.33333333333333,46.15384615384615,1.1904761904761905,7.142857142857143,14.429741650913673,AJM,0,3,0,0,3,0,0,0,0,0,0,0,0,0,0,0
89,85,4,0,4,2,0,3,1,1,0,0,0,86,base,1671,1582,231,5.326152004787552,95.50561797752809,50.0,1.1235955056179776,25.0,14.601769911504425,AJM,0,1,0,0,1,0,1,0,0,1,0,0,0,0,0,0
89,79,10,1,9,3,0,2,0,1,0,0,0,86,B,1671,1582,231,5.326152004787552,88.76404494382022,33.333333333333336,0.0,0.0,14.601769911504425,AJM,0,1,0,0,1,0,1,0,0,1,0,0,0,0,0,0
71,67,4,0,4,3,0,3,0,0,0,0,0,87,base,1671,1600,230,4.248952722920407,94.36619718309859,75.0,0.0,0.0,14.375,AJM,0,4,1,0,3,1,0,0,0,0,0,0,0,0,0,0
71,58,13,1,12,8,0,6,0,3,0,0,0,87,B,1671,1600,230,4.248952722920407,81.69014084507042,66.66666666666667,0.0,0.0,14.375,AJM,0,7,1,0,6,1,3,0,0,3,0,0,0,0,0,0
84,82,2,0,2,1,0,1,0,1,0,0,0,88,base,1671,1587,234,5.026929982046679,97.61904761904762,50.0,0.0,0.0,14.744801512287335,AJM,0,1,0,0,1,0,1,0,0,1,0,0,0,0,0,0
84,76,8,0,8,4,0,4,0,2,0,0,0,88,B,1671,1587,234,5.026929982046679,90.47619047619048,50.0,0.0,0.0,14.744801512287335,AJM,0,2,0,0,2,0,2,0,0,2,0,0,0,0,0,0
87,84,3,0,3,2,0,2,0,1,0,0,0,89,base,1671,1584,233,5.206463195691203,96.55172413793103,66.66666666666667,0.0,0.0,14.70959595959596,AJM,0,1,0,0,1,0,1,0,0,1,0,0,0,0,0,0
87,77,10,1,9,4,0,3,0,1,0,0,0,89,B,1671,1584,233,5.206463195691203,88.50574712643679,44.44444444444444,0.0,0.0,14.70959595959596,AJM,0,1,0,0,1,0,1,0,0,1,0,0,0,0,0,0
69,63,6,0,6,2,0,2,0,0,0,0,0,90,base,1671,1602,233,4.129263913824057,91.30434782608695,33.333333333333336,0.0,0.0,14.544319600499376,AJM,0,1,0,0,1,0,0,0,0,0,0,0,0,0,0,0
69,57,12,0,12,5,0,4,0,0,0,0,0,90,B,1671,1602,233,4.129263913824057,82.6086956521739,41.666666666666664,0.0,0.0,14.544319600499376,AJM,0,2,0,0,2,0,0,0,0,0,0,0,0,0,0,0
87,84,3,0,3,2,0,2,0,2,0,0,0,91,base,1671,1584,228,5.206463195691203,96.55172413793103,66.66666666666667,0.0,0.0,14.393939393939394,AJM,0,2,0,0,2,0,2,0,0,2,0,0,0,0,0,0
87,74,13,0,13,9,0,8,0,6,0,0,0,91,B,1671,1584,228,5.206463195691203,85.05747126436782,69.23076923076923,0.0,0.0,14.393939393939394,AJM,0,5,0,0,5,0,5,0,0,5,0,0,0,0,0,0
85,83,2,0,2,1,0,0,0,0,0,0,0,92,base,1671,1586,230,5.086774386594853,97.6470588235294,50.0,0.0,0.0,14.501891551071878,AJM,0,1,1,0,0,1,0,0,0,0,0,0,0,0,0,0
85,79,6,0,6,3,0,3,0,0,0,0,0,92,B,1671,1586,230,5.086774386594853,92.94117647058823,50.0,0.0,0.0,14.501891551071878,AJM,0,3,1,0,2,1,0,0,0,0,0,0,0,0,0,0
78,75,3,0,3,2,0,1,0,0,0,0,0,93,base,1671,1593,226,4.667863554757631,96.15384615384616,66.66666666666667,0.0,0.0,14.18706842435656,AJM,0,1,0,0,1,0,0,0,0,0,0,0,0,0,0,0
78,62,16,1,15,5,0,4,1,1,0,0,0,93,B,1671,1593,226,4.667863554757631,79.48717948717949,33.333333333333336,1.2820512820512822,6.25,14.18706842435656,AJM,0,3,0,0,3,0,1,0,0,1,0,0,0,0,0,0
75,73,2,0,2,1,0,1,0,0,0,0,0,94,base,1671,1596,232,4.488330341113106,97.33333333333333,50.0,0.0,0.0,14.536340852130326,AJM,0,0,0,0,0,0,0,0,0,0,0,0,0,0,0,0
75,66,9,0,9,4,0,3,0,3,0,0,0,94,B,1671,1596,232,4.488330341113106,88.0,44.44444444444444,0.0,0.0,14.536340852130326,AJM,0,3,0,0,3,0,3,0,0,3,0,0,0,0,0,0
81,79,2,0,2,2,0,2,0,1,0,0,0,95,base,1671,1590,229,4.847396768402154,97.53086419753086,100.0,0.0,0.0,14.40251572327044,AJM,0,4,2,0,2,2,1,0,0,1,0,0,0,0,0,0
81,70,11,0,11,9,0,8,0,4,0,0,0,95,B,1671,1590,229,4.847396768402154,86.41975308641975,81.81818181818181,0.0,0.0,14.40251572327044,AJM,0,8,1,0,7,1,4,0,0,4,0,0,0,0,0,0
68,65,3,0,3,2,0,2,0,0,0,0,0,96,base,1671,1603,234,4.069419509275883,95.58823529411765,66.66666666666667,0.0,0.0,14.597629444791016,AJM,0,2,0,0,2,0,0,0,0,0,0,0,0,0,0,0
68,54,14,0,14,9,0,9,0,3,0,0,0,96,B,1671,1603,234,4.069419509275883,79.41176470588235,64.28571428571429,0.0,0.0,14.597629444791016,AJM,0,8,0,0,8,0,3,0,0,3,0,0,0,0,0,0
84,80,4,0,4,1,0,0,0,0,0,0,0,97,base,1671,1587,234,5.026929982046679,95.23809523809524,25.0,0.0,0.0,14.744801512287335,AJM,0,0,0,0,0,0,0,0,0,0,0,0,0,0,0,0
84,76,8,0,8,1,0,2,1,0,0,0,0,97,B,1671,1587,234,5.026929982046679,90.47619047619048,12.5,1.1904761904761905,12.5,14.744801512287335,AJM,0,1,0,0,1,0,0,0,0,0,0,0,0,0,0,0
94,86,8,0,8,3,0,3,0,0,0,0,0,98,base,1671,1577,227,5.6253740275284265,91.48936170212765,37.5,0.0,0.0,14.39441978440076,AJM,0,3,1,0,2,1,0,0,0,0,0,0,0,0,0,0
94,80,14,1,13,5,0,4,0,2,0,0,0,98,B,1671,1577,227,5.6253740275284265,85.1063829787234,38.46153846153846,0.0,0.0,14.39441978440076,AJM,0,5,1,0,4,1,2,0,0,2,0,0,0,0,0,0
94,86,8,0,8,6,0,4,0,2,0,0,0,99,base,1671,1577,229,5.6253740275284265,91.48936170212765,75.0,0.0,0.0,14.521242866201648,AJM,0,2,0,0,2,0,2,0,0,2,0,0,0,0,0,0
94,80,14,0,14,6,0,5,1,3,0,0,0,99,B,1671,1577,229,5.6253740275284265,85.1063829787234,42.857142857142854,1.0638297872340425,7.142857142857143,14.521242866201648,AJM,0,3,0,0,3,0,3,0,0,3,0,0,0,0,0,0
78,77,1,0,1,1,0,0,0,0,0,0,0,100,base,1671,1593,235,4.667863554757631,98.71794871794872,100.0,0.0,0.0,14.75204017576899,AJM,0,1,1,0,0,1,0,0,0,0,0,0,0,0,0,0
78,68,10,1,9,5,0,2,0,0,0,0,0,100,B,1671,1593,235,4.667863554757631,87.17948717948718,55.55555555555556,0.0,0.0,14.75204017576899,AJM,0,3,1,0,2,1,0,0,0,0,0,0,0,0,0,0
80,77,3,0,3,1,0,1,0,0,0,0,0,101,base,1671,1591,228,4.78755236385398,96.25,33.333333333333336,0.0,0.0,14.330609679446889,AJM,0,1,0,0,1,0,0,0,0,0,0,0,0,0,0,0
80,69,11,0,11,4,0,3,0,1,0,0,0,101,B,1671,1591,228,4.78755236385398,86.25,36.36363636363637,0.0,0.0,14.330609679446889,AJM,0,1,0,0,1,0,1,0,0,1,0,0,0,0,0,0
71,65,6,0,6,4,0,3,0,3,0,0,0,102,base,1671,1600,233,4.248952722920407,91.54929577464789,66.66666666666667,0.0,0.0,14.5625,AJM,0,3,0,0,3,0,3,0,0,3,0,0,0,0,0,0
71,60,11,1,10,5,0,4,0,2,0,0,0,102,B,1671,1600,233,4.248952722920407,84.50704225352112,50.0,0.0,0.0,14.5625,AJM,0,4,0,0,4,0,2,0,0,2,0,0,0,0,0,0
94,89,5,0,5,3,0,2,0,0,0,0,0,103,base,1671,1577,225,5.6253740275284265,94.68085106382979,60.0,0.0,0.0,14.267596702599873,AJM,0,1,0,0,1,0,0,0,0,0,0,0,0,0,0,0
94,83,11,0,11,8,0,6,0,1,0,0,0,103,B,1671,1577,225,5.6253740275284265,88.29787234042553,72.72727272727273,0.0,0.0,14.267596702599873,AJM,0,3,0,0,3,0,1,0,0,1,0,0,0,0,0,0
107,103,4,0,4,3,0,2,0,1,0,0,0,104,base,1671,1564,226,6.403351286654698,96.26168224299066,75.0,0.0,0.0,14.450127877237852,AJM,0,1,0,0,1,0,1,0,0,1,0,0,0,0,0,0
107,93,14,2,12,7,1,6,0,3,0,0,0,104,B,1671,1564,226,6.403351286654698,86.91588785046729,58.333333333333336,0.0,0.0,14.450127877237852,AJM,0,5,0,0,5,0,3,0,0,3,0,0,0,0,0,0
96,92,4,0,4,3,0,2,0,0,0,0,0,105,base,1671,1575,228,5.745062836624776,95.83333333333333,75.0,0.0,0.0,14.476190476190476,AJM,0,3,2,0,1,2,0,0,0,0,0,0,0,0,0,0
96,82,14,0,14,5,0,4,0,1,0,0,0,105,B,1671,1575,228,5.745062836624776,85.41666666666667,35.714285714285715,0.0,0.0,14.476190476190476,AJM,0,5,1,0,4,1,1,0,0,1,0,0,0,0,0,0
83,80,3,0,3,2,0,2,0,1,0,0,0,106,base,1671,1588,229,4.967085577498504,96.3855421686747,66.66666666666667,0.0,0.0,14.42065491183879,AJM,0,2,1,0,1,1,1,0,0,1,0,0,0,0,0,0
83,72,11,1,10,7,1,8,1,1,0,0,0,106,B,1671,1588,229,4.967085577498504,86.74698795180723,70.0,1.2048192771084338,9.090909090909092,14.42065491183879,AJM,0,6,1,0,5,1,1,0,0,1,0,0,0,0,0,0
91,84,7,0,7,6,0,4,0,1,0,0,0,107,base,1671,1580,236,5.445840813883902,92.3076923076923,85.71428571428571,0.0,0.0,14.936708860759493,AJM,0,3,1,0,2,1,1,0,0,1,0,0,0,0,0,0
91,75,16,0,16,10,0,8,0,2,0,0,0,107,B,1671,1580,236,5.445840813883902,82.41758241758242,62.5,0.0,0.0,14.936708860759493,AJM,0,6,1,0,5,1,2,0,0,2,0,0,0,0,0,0
72,70,2,0,2,2,0,2,0,0,0,0,0,108,base,1671,1599,234,4.308797127468582,97.22222222222223,100.0,0.0,0.0,14.634146341463415,AJM,0,0,0,0,0,0,0,0,0,0,0,0,0,0,0,0
72,64,8,0,8,5,0,5,0,1,0,0,0,108,B,1671,1599,234,4.308797127468582,88.88888888888889,62.5,0.0,0.0,14.634146341463415,AJM,0,2,0,0,2,0,1,0,0,1,0,0,0,0,0,0
70,68,2,0,2,1,0,1,0,0,0,0,0,109,base,1671,1601,226,4.189108318372233,97.14285714285714,50.0,0.0,0.0,14.116177389131792,AJM,0,0,0,0,0,0,0,0,0,0,0,0,0,0,0,0
70,54,16,1,15,5,0,4,0,2,0,0,0,109,B,1671,1601,226,4.189108318372233,77.14285714285714,33.333333333333336,0.0,0.0,14.116177389131792,AJM,0,3,0,0,3,0,2,0,0,2,0,0,0,0,0,0
88,85,3,0,3,3,0,3,0,1,0,0,0,110,base,1671,1583,230,5.266307600239378,96.5909090909091,100.0,0.0,0.0,14.529374605180038,AJM,0,2,1,0,1,1,1,0,0,1,0,0,0,0,0,0
88,75,13,2,11,7,1,6,0,2,0,0,0,110,B,1671,1583,230,5.266307600239378,85.22727272727273,63.63636363636363,0.0,0.0,14.529374605180038,AJM,0,4,1,0,3,1,2,0,0,2,0,0,0,0,0,0
82,77,5,0,5,4,0,4,0,2,0,0,0,111,base,1671,1589,228,4.90724117295033,93.90243902439025,80.0,0.0,0.0,14.348646947765891,AJM,0,5,1,0,4,1,2,0,0,2,0,0,0,0,0,0
82,71,11,0,11,7,0,7,0,2,0,0,0,111,B,1671,1589,228,4.90724117295033,86.58536585365853,63.63636363636363,0.0,0.0,14.348646947765891,AJM,0,8,1,0,7,1,2,0,0,2,0,0,0,0,0,0
86,83,3,0,3,1,0,1,0,0,0,0,0,112,base,1671,1585,233,5.146618791143029,96.51162790697674,33.333333333333336,0.0,0.0,14.700315457413248,AJM,0,1,0,0,1,0,0,0,0,0,0,0,0,0,0,0
86,75,11,2,9,5,0,5,0,2,0,0,0,112,B,1671,1585,233,5.146618791143029,87.20930232558139,55.55555555555556,0.0,0.0,14.700315457413248,AJM,0,4,0,0,4,0,2,0,0,2,0,0,0,0,0,0
100,95,5,0,5,4,0,3,0,1,0,0,0,113,base,1671,1571,228,5.9844404548174746,95.0,80.0,0.0,0.0,14.513049013367281,AJM,0,2,0,0,2,0,1,0,0,1,0,0,0,0,0,0
100,84,16,1,15,9,1,7,1,2,0,0,0,113,B,1671,1571,228,5.9844404548174746,84.0,60.0,1.0,6.25,14.513049013367281,AJM,0,4,0,0,4,0,2,0,0,2,0,0,0,0,0,0
90,87,3,0,3,3,0,2,0,0,0,0,0,114,base,1671,1581,226,5.3859964093357275,96.66666666666667,100.0,0.0,0.0,14.294750158127767,AJM,0,2,1,0,1,1,0,0,0,0,0,0,0,0,0,0
90,80,10,1,9,5,0,3,0,1,0,0,0,114,B,1671,1581,226,5.3859964093357275,88.88888888888889,55.55555555555556,0.0,0.0,14.294750158127767,AJM,0,3,1,0,2,1,1,0,0,1,0,0,0,0,0,0
84,79,5,0,5,2,0,1,0,0,0,0,0,115,base,1671,1587,230,5.026929982046679,94.04761904761905,40.0,0.0,0.0,14.492753623188406,AJM,0,1,0,0,1,0,0,0,0,0,0,0,0,0,0,0
84,74,10,0,10,6,0,2,0,1,0,0,0,115,B,1671,1587,230,5.026929982046679,88.0952380952381,60.0,0.0,0.0,14.492753623188406,AJM,0,2,0,0,2,0,1,0,0,1,0,0,0,0,0,0
89,83,6,0,6,5,0,4,0,2,0,0,0,116,base,1671,1582,226,5.326152004787552,93.25842696629213,83.33333333333333,0.0,0.0,14.285714285714286,AJM,0,4,0,0,4,0,2,0,0,2,0,0,0,0,0,0
89,73,16,0,16,11,0,8,0,2,0,0,0,116,B,1671,1582,226,5.326152004787552,82.02247191011236,68.75,0.0,0.0,14.285714285714286,AJM,0,5,0,0,5,0,2,0,0,2,0,0,0,0,0,0
78,77,1,0,1,0,0,0,0,0,0,0,0,117,base,1671,1593,233,4.667863554757631,98.71794871794872,0.0,0.0,0.0,14.62649089767734,AJM,0,0,0,0,0,0,0,0,0,0,0,0,0,0,0,0
78,70,8,1,7,3,0,2,0,1,0,0,0,117,B,1671,1593,233,4.667863554757631,89.74358974358974,42.857142857142854,0.0,0.0,14.62649089767734,AJM,0,2,0,0,2,0,1,0,0,1,0,0,0,0,0,0
100,97,3,0,3,1,0,1,0,0,0,0,0,118,base,1671,1571,226,5.9844404548174746,97.0,33.333333333333336,0.0,0.0,14.385741565881604,AJM,0,2,2,0,0,2,0,0,0,0,0,0,0,0,0,0
100,87,13,1,12,7,0,6,2,1,0,0,0,118,B,1671,1571,226,5.9844404548174746,87.0,58.333333333333336,2.0,15.384615384615385,14.385741565881604,AJM,0,3,1,0,2,1,1,0,0,1,0,0,0,0,0,0
89,82,7,0,7,6,0,4,0,1,0,0,0,119,base,1671,1582,231,5.326152004787552,92.13483146067416,85.71428571428571,0.0,0.0,14.601769911504425,AJM,0,2,0,0,2,0,1,0,0,1,0,0,0,0,0,0
89,75,14,1,13,7,0,6,0,3,0,0,0,119,B,1671,1582,231,5.326152004787552,84.26966292134831,53.84615384615385,0.0,0.0,14.601769911504425,AJM,0,4,0,0,4,0,3,0,0,3,0,0,0,0,0,0
85,79,6,0,6,6,0,5,0,3,0,0,0,120,base,1671,1586,228,5.086774386594853,92.94117647058823,100.0,0.0,0.0,14.37578814627995,AJM,0,3,0,0,3,0,3,0,0,3,0,0,0,0,0,0
85,74,11,0,11,8,0,7,0,4,0,0,0,120,B,1671,1586,228,5.086774386594853,87.05882352941177,72.72727272727273,0.0,0.0,14.37578814627995,AJM,0,4,0,0,4,0,4,0,0,4,0,0,0,0,0,0
88,84,4,0,4,1,0,1,0,0,0,0,0,121,base,1671,1583,229,5.266307600239378,95.45454545454545,25.0,0.0,0.0,14.466203411244473,AJM,0,1,0,0,1,0,0,0,0,0,0,0,0,0,0,0
88,78,10,0,10,4,0,3,0,0,0,0,0,121,B,1671,1583,229,5.266307600239378,88.63636363636364,40.0,0.0,0.0,14.466203411244473,AJM,0,2,0,0,2,0,0,0,0,0,0,0,0,0,0,0
80,79,1,0,1,0,0,1,1,0,0,0,0,122,base,1671,1591,234,4.78755236385398,98.75,0.0,1.25,100.0,14.707730986800755,AJM,0,0,0,0,0,0,0,0,0,0,0,0,0,0,0,0
80,69,11,0,11,7,0,9,2,2,0,0,0,122,B,1671,1591,234,4.78755236385398,86.25,63.63636363636363,2.5,18.181818181818183,14.707730986800755,AJM,0,4,1,1,4,0,2,0,0,2,0,0,0,0,0,0
84,81,3,0,3,3,0,2,0,2,0,0,0,123,base,1671,1587,232,5.026929982046679,96.42857142857143,100.0,0.0,0.0,14.61877756773787,AJM,0,3,1,0,2,1,2,0,0,2,0,0,0,0,0,0
84,75,9,0,9,8,0,7,1,4,0,0,0,123,B,1671,1587,232,5.026929982046679,89.28571428571429,88.88888888888889,1.1904761904761905,11.11111111111111,14.61877756773787,AJM,0,6,1,0,5,1,4,0,0,4,0,0,0,0,0,0
89,83,6,0,6,4,0,2,0,1,0,0,0,124,base,1671,1582,228,5.326152004787552,93.25842696629213,66.66666666666667,0.0,0.0,14.412136536030342,AJM,0,2,1,0,1,1,1,0,0,1,0,0,0,0,0,0
89,77,12,0,12,7,0,4,0,3,0,0,0,124,B,1671,1582,228,5.326152004787552,86.51685393258427,58.333333333333336,0.0,0.0,14.412136536030342,AJM,0,4,1,0,3,1,3,0,0,3,0,0,0,0,0,0
86,83,3,0,3,1,0,1,0,1,0,0,0,125,base,1671,1585,232,5.146618791143029,96.51162790697674,33.333333333333336,0.0,0.0,14.637223974763407,AJM,0,2,1,0,1,1,1,0,0,1,0,0,0,0,0,0
86,74,12,1,11,4,0,5,1,2,0,0,0,125,B,1671,1585,232,5.146618791143029,86.04651162790698,36.36363636363637,1.1627906976744187,8.333333333333334,14.637223974763407,AJM,0,3,1,0,2,1,2,0,0,2,0,0,0,0,0,0
82,79,3,0,3,1,0,1,0,0,0,0,0,126,base,1671,1589,231,4.90724117295033,96.34146341463415,33.333333333333336,0.0,0.0,14.537444933920705,AJM,0,1,0,0,1,0,0,0,0,0,0,0,0,0,0,0
82,76,6,0,6,2,0,2,0,0,0,0,0,126,B,1671,1589,231,4.90724117295033,92.6829268292683,33.333333333333336,0.0,0.0,14.537444933920705,AJM,0,1,0,0,1,0,0,0,0,0,0,0,0,0,0,0
88,83,5,0,5,3,0,3,0,3,0,0,0,127,base,1671,1583,234,5.266307600239378,94.31818181818181,60.0,0.0,0.0,14.7820593809223,AJM,0,4,1,0,3,1,3,0,0,3,0,0,0,0,0,0
88,69,19,3,16,11,1,9,1,6,0,0,0,127,B,1671,1583,234,5.266307600239378,78.4090909090909,68.75,1.1363636363636365,5.2631578947368425,14.7820593809223,AJM,0,6,0,0,6,0,6,0,0,6,0,0,0,0,0,0
81,79,2,0,2,1,0,0,0,0,0,0,0,128,base,1671,1590,233,4.847396768402154,97.53086419753086,50.0,0.0,0.0,14.654088050314465,AJM,0,0,0,0,0,0,0,0,0,0,0,0,0,0,0,0
81,76,5,0,5,3,0,2,0,0,0,0,0,128,B,1671,1590,233,4.847396768402154,93.82716049382717,60.0,0.0,0.0,14.654088050314465,AJM,0,2,0,0,2,0,0,0,0,0,0,0,0,0,0,0
77,74,3,0,3,2,0,3,1,1,0,0,0,129,base,1671,1594,231,4.608019150209455,96.1038961038961,66.66666666666667,1.2987012987012987,33.333333333333336,14.491844416562108,AJM,0,1,0,0,1,0,1,0,0,1,0,0,0,0,0,0
77,69,8,0,8,6,0,6,1,4,0,0,0,129,B,1671,1594,231,4.608019150209455,89.6103896103896,75.0,1.2987012987012987,12.5,14.491844416562108,AJM,0,5,0,0,5,0,4,0,0,4,0,0,0,0,0,0
86,84,2,0,2,1,0,1,0,0,0,0,0,130,base,1671,1585,229,5.146618791143029,97.67441860465117,50.0,0.0,0.0,14.447949526813881,AJM,0,1,0,0,1,0,0,0,0,0,0,0,0,0,0,0
86,79,7,0,7,5,0,5,0,1,0,0,0,130,B,1671,1585,229,5.146618791143029,91.86046511627907,71.42857142857143,0.0,0.0,14.447949526813881,AJM,0,3,0,0,3,0,1,0,0,1,0,0,0,0,0,0
73,73,0,0,0,0,0,0,0,0,0,0,0,131,base,1671,1598,232,4.368641532016756,100.0,,0.0,,14.518147684605758,AJM,0,1,1,0,0,1,0,0,0,0,0,0,0,0,0,0
73,61,12,1,11,7,0,7,0,3,0,0,0,131,B,1671,1598,232,4.368641532016756,83.56164383561644,63.63636363636363,0.0,0.0,14.518147684605758,AJM,0,5,1,0,4,1,3,0,0,3,0,0,0,0,0,0
71,68,3,0,3,0,0,0,0,0,0,0,0,132,base,1671,1600,229,4.248952722920407,95.77464788732394,0.0,0.0,0.0,14.3125,AJM,0,2,2,0,0,2,0,0,0,0,0,0,0,0,0,0
71,64,7,0,7,3,0,2,0,1,0,0,0,132,B,1671,1600,229,4.248952722920407,90.14084507042253,42.857142857142854,0.0,0.0,14.3125,AJM,0,3,2,0,1,2,1,0,0,1,0,0,0,0,0,0
85,81,4,0,4,1,0,1,0,0,0,0,0,133,base,1671,1586,229,5.086774386594853,95.29411764705883,25.0,0.0,0.0,14.438839848675915,AJM,0,2,1,0,1,1,0,0,0,0,0,0,0,0,0,0
85,73,12,0,12,5,0,5,0,1,0,0,0,133,B,1671,1586,229,5.086774386594853,85.88235294117646,41.666666666666664,0.0,0.0,14.438839848675915,AJM,0,5,1,0,4,1,1,0,0,1,0,0,0,0,0,0
83,80,3,0,3,2,0,3,1,2,0,0,0,134,base,1671,1588,233,4.967085577498504,96.3855421686747,66.66666666666667,1.2048192771084338,33.333333333333336,14.672544080604535,AJM,0,3,1,0,2,1,2,0,0,2,0,0,0,0,0,0
83,72,11,2,9,5,1,6,2,3,0,0,0,134,B,1671,1588,233,4.967085577498504,86.74698795180723,55.55555555555556,2.4096385542168677,18.181818181818183,14.672544080604535,AJM,0,5,1,0,4,1,3,0,0,3,0,0,0,0,0,0
84,79,5,0,5,1,0,1,0,1,0,0,0,135,base,1671,1587,231,5.026929982046679,94.04761904761905,20.0,0.0,0.0,14.555765595463138,AJM,0,3,2,0,1,2,1,0,0,1,0,0,0,0,0,0
84,68,16,2,14,5,0,5,0,2,0,0,0,135,B,1671,1587,231,5.026929982046679,80.95238095238095,35.714285714285715,0.0,0.0,14.555765595463138,AJM,0,3,1,0,2,1,2,0,0,2,0,0,0,0,0,0
90,83,7,0,7,2,0,2,0,1,0,0,0,136,base,1671,1581,230,5.3859964093357275,92.22222222222223,28.571428571428573,0.0,0.0,14.547754585705249,AJM,0,1,0,0,1,0,1,0,0,1,0,0,0,0,0,0
90,77,13,0,13,5,0,5,0,3,0,0,0,136,B,1671,1581,230,5.3859964093357275,85.55555555555556,38.46153846153846,0.0,0.0,14.547754585705249,AJM,0,3,0,0,3,0,3,0,0,3,0,0,0,0,0,0
90,84,6,0,6,6,0,3,0,2,0,0,0,137,base,1671,1581,228,5.3859964093357275,93.33333333333333,100.0,0.0,0.0,14.421252371916509,AJM,0,4,1,0,3,1,2,0,0,2,0,0,0,0,0,0
90,76,14,0,14,9,0,6,0,5,0,0,0,137,B,1671,1581,228,5.3859964093357275,84.44444444444444,64.28571428571429,0.0,0.0,14.421252371916509,AJM,0,6,0,0,6,0,5,0,0,5,0,0,0,0,0,0
90,86,4,0,4,1,0,1,0,1,0,0,0,138,base,1671,1581,230,5.3859964093357275,95.55555555555556,25.0,0.0,0.0,14.547754585705249,AJM,0,3,2,0,1,2,1,0,0,1,0,0,0,0,0,0
90,77,13,0,13,6,0,4,0,1,0,0,0,138,B,1671,1581,230,5.3859964093357275,85.55555555555556,46.15384615384615,0.0,0.0,14.547754585705249,AJM,0,5,2,0,3,2,1,0,0,1,0,0,0,0,0,0
84,78,6,0,6,1,0,2,1,0,0,0,0,139,base,1671,1587,229,5.026929982046679,92.85714285714286,16.666666666666668,1.1904761904761905,16.666666666666668,14.429741650913673,AJM,0,1,1,1,1,0,0,0,0,0,0,0,0,0,0,0
84,75,9,0,9,3,0,3,0,1,0,0,0,139,B,1671,1587,229,5.026929982046679,89.28571428571429,33.333333333333336,0.0,0.0,14.429741650913673,AJM,0,2,0,0,2,0,1,0,0,1,0,0,0,0,0,0
79,75,4,0,4,2,0,2,1,0,0,0,0,140,base,1671,1592,231,4.727707959305805,94.9367088607595,50.0,1.2658227848101267,25.0,14.510050251256281,AJM,0,5,4,1,2,3,0,0,0,0,0,0,0,0,0,0
79,70,9,0,9,5,0,5,1,2,0,0,0,140,B,1671,1592,231,4.727707959305805,88.60759493670886,55.55555555555556,1.2658227848101267,11.11111111111111,14.510050251256281,AJM,0,6,2,1,4,2,2,0,0,2,0,0,0,0,0,0
88,85,3,0,3,2,0,2,0,2,0,0,0,141,base,1671,1583,230,5.266307600239378,96.5909090909091,66.66666666666667,0.0,0.0,14.529374605180038,AJM,0,2,0,0,2,0,2,0,0,2,0,0,0,0,0,0
88,78,10,0,10,3,0,3,0,3,0,0,0,141,B,1671,1583,230,5.266307600239378,88.63636363636364,30.0,0.0,0.0,14.529374605180038,AJM,0,3,0,0,3,0,3,0,0,3,0,0,0,0,0,0
84,76,8,0,8,2,0,1,0,1,0,0,0,42,base,1681,1597,59,4.997025580011898,90.47619047619048,25.0,0.0,0.0,3.6944270507201002,ATI,0,1,0,0,1,0,1,0,0,1,0,0,0,0,0,0
84,68,16,0,16,5,0,4,0,3,0,0,0,42,B,1681,1597,59,4.997025580011898,80.95238095238095,31.25,0.0,0.0,3.6944270507201002,ATI,0,4,0,0,4,0,3,0,0,3,0,0,0,0,0,0
84,78,6,0,6,0,0,0,0,0,0,0,0,43,base,1681,1597,58,4.997025580011898,92.85714285714286,0.0,0.0,0.0,3.6318096430807763,ATI,0,0,0,0,0,0,0,0,0,0,0,0,0,0,0,0
84,70,14,0,14,4,0,3,0,2,0,0,0,43,B,1681,1597,58,4.997025580011898,83.33333333333333,28.571428571428573,0.0,0.0,3.6318096430807763,ATI,0,3,0,0,3,0,2,0,0,2,0,0,0,0,0,0
92,86,6,0,6,0,0,0,0,0,0,0,0,44,base,1681,1589,59,5.472932778108269,93.47826086956522,0.0,0.0,0.0,3.713027061044682,ATI,0,0,0,0,0,0,0,0,0,0,0,0,0,0,0,0
92,81,11,0,11,3,0,3,0,1,0,0,0,44,B,1681,1589,59,5.472932778108269,88.04347826086956,27.272727272727273,0.0,0.0,3.713027061044682,ATI,0,2,0,0,2,0,1,0,0,1,0,0,0,0,0,0
100,94,6,0,6,4,0,4,0,1,0,0,0,45,base,1681,1581,58,5.94883997620464,94.0,66.66666666666667,0.0,0.0,3.6685641998734977,ATI,0,2,0,0,2,0,1,0,0,1,0,0,0,0,0,0
100,88,12,0,12,10,0,9,0,5,0,0,0,45,B,1681,1581,58,5.94883997620464,88.0,83.33333333333333,0.0,0.0,3.6685641998734977,ATI,0,7,0,0,7,0,5,0,0,5,0,0,0,0,0,0
72,68,4,0,4,1,0,1,0,1,0,0,0,46,base,1681,1609,59,4.283164782867341,94.44444444444444,25.0,0.0,0.0,3.6668738346799254,ATI,0,1,0,0,1,0,1,0,0,1,0,0,0,0,0,0
72,60,12,1,11,5,0,5,0,2,0,0,0,46,B,1681,1609,59,4.283164782867341,83.33333333333333,45.45454545454545,0.0,0.0,3.6668738346799254,ATI,0,5,0,0,5,0,2,0,0,2,0,0,0,0,0,0
81,78,3,0,3,1,0,1,0,0,0,0,0,47,base,1681,1600,57,4.818560380725758,96.29629629629629,33.333333333333336,0.0,0.0,3.5625,ATI,0,0,0,0,0,0,0,0,0,0,0,0,0,0,0,0
81,72,9,0,9,5,0,5,0,1,0,0,0,47,B,1681,1600,57,4.818560380725758,88.88888888888889,55.55555555555556,0.0,0.0,3.5625,ATI,0,2,0,0,2,0,1,0,0,1,0,0,0,0,0,0
82,77,5,0,5,3,0,3,0,0,0,0,0,48,base,1681,1599,59,4.878048780487805,93.90243902439025,60.0,0.0,0.0,3.689806128830519,ATI,0,1,0,0,1,0,0,0,0,0,0,0,0,0,0,0
82,71,11,0,11,7,0,6,0,2,0,0,0,48,B,1681,1599,59,4.878048780487805,86.58536585365853,63.63636363636363,0.0,0.0,3.689806128830519,ATI,0,3,0,0,3,0,2,0,0,2,0,0,0,0,0,0
76,76,0,0,0,0,0,0,0,0,0,0,0,49,base,1681,1605,56,4.521118381915526,100.0,,0.0,,3.4890965732087227,ATI,0,1,1,0,0,1,0,0,0,0,0,0,0,0,0,0
76,68,8,0,8,4,0,3,0,2,0,0,0,49,B,1681,1605,56,4.521118381915526,89.47368421052632,50.0,0.0,0.0,3.4890965732087227,ATI,0,3,1,0,2,1,2,0,0,2,0,0,0,0,0,0
96,93,3,0,3,1,0,1,0,0,0,0,0,50,base,1681,1585,54,5.710886377156455,96.875,33.333333333333336,0.0,0.0,3.406940063091483,ATI,0,1,0,0,1,0,0,0,0,0,0,0,0,0,0,0
96,87,9,0,9,2,0,2,0,0,0,0,0,50,B,1681,1585,54,5.710886377156455,90.625,22.22222222222222,0.0,0.0,3.406940063091483,ATI,0,2,0,0,2,0,0,0,0,0,0,0,0,0,0,0
83,81,2,0,2,1,0,1,0,1,0,0,0,51,base,1681,1598,58,4.937537180249851,97.59036144578313,50.0,0.0,0.0,3.6295369211514394,ATI,0,1,0,0,1,0,1,0,0,1,0,0,0,0,0,0
83,78,5,0,5,2,0,2,0,1,0,0,0,51,B,1681,1598,58,4.937537180249851,93.97590361445783,40.0,0.0,0.0,3.6295369211514394,ATI,0,2,0,0,2,0,1,0,0,1,0,0,0,0,0,0
100,94,6,0,6,2,0,2,0,2,0,0,0,52,base,1681,1581,53,5.94883997620464,94.0,33.333333333333336,0.0,0.0,3.3523086654016447,ATI,0,2,0,0,2,0,2,0,0,2,0,0,0,0,0,0
100,86,14,2,12,7,0,6,0,4,0,0,0,52,B,1681,1581,53,5.94883997620464,86.0,58.333333333333336,0.0,0.0,3.3523086654016447,ATI,0,5,0,0,5,0,4,0,0,4,0,0,0,0,0,0
93,87,6,0,6,2,0,2,0,0,0,0,0,53,base,1681,1588,60,5.532421177870315,93.54838709677419,33.333333333333336,0.0,0.0,3.7783375314861463,ATI,0,3,2,0,1,2,0,0,0,0,0,0,0,0,0,0
93,81,12,0,12,7,0,6,0,1,0,0,0,53,B,1681,1588,60,5.532421177870315,87.09677419354838,58.333333333333336,0.0,0.0,3.7783375314861463,ATI,0,5,2,0,3,2,1,0,0,1,0,0,0,0,0,0
98,94,4,0,4,4,0,3,0,2,0,0,0,54,base,1681,1583,57,5.829863176680547,95.91836734693878,100.0,0.0,0.0,3.6007580543272266,ATI,0,3,0,0,3,0,2,0,0,2,0,0,0,0,0,0
98,83,15,1,14,7,0,6,0,3,0,0,0,54,B,1681,1583,57,5.829863176680547,84.6938775510204,50.0,0.0,0.0,3.6007580543272266,ATI,0,6,0,0,6,0,3,0,0,3,0,0,0,0,0,0
87,84,3,0,3,2,0,2,0,0,0,0,0,55,base,1681,1594,56,5.175490779298037,96.55172413793103,66.66666666666667,0.0,0.0,3.5131744040150563,ATI,0,2,0,0,2,0,0,0,0,0,0,0,0,0,0,0
87,80,7,0,7,4,0,4,0,2,0,0,0,55,B,1681,1594,56,5.175490779298037,91.95402298850574,57.142857142857146,0.0,0.0,3.5131744040150563,ATI,0,4,0,0,4,0,2,0,0,2,0,0,0,0,0,0
84,81,3,0,3,3,0,3,0,0,0,0,0,56,base,1681,1597,56,4.997025580011898,96.42857142857143,100.0,0.0,0.0,3.506574827802129,ATI,0,2,0,0,2,0,0,0,0,0,0,0,0,0,0,0
84,70,14,0,14,5,0,5,0,2,0,0,0,56,B,1681,1597,56,4.997025580011898,83.33333333333333,35.714285714285715,0.0,0.0,3.506574827802129,ATI,0,4,0,0,4,0,2,0,0,2,0,0,0,0,0,0
86,82,4,0,4,3,0,3,0,0,0,0,0,57,base,1681,1595,59,5.11600237953599,95.34883720930233,75.0,0.0,0.0,3.699059561128527,ATI,0,3,1,0,2,1,0,0,0,0,0,0,0,0,0,0
86,74,12,0,12,7,0,7,0,0,0,0,0,57,B,1681,1595,59,5.11600237953599,86.04651162790698,58.333333333333336,0.0,0.0,3.699059561128527,ATI,0,6,1,0,5,1,0,0,0,0,0,0,0,0,0,0
85,82,3,0,3,2,0,2,0,0,0,0,0,58,base,1681,1596,57,5.0565139797739445,96.47058823529412,66.66666666666667,0.0,0.0,3.5714285714285716,ATI,0,1,0,0,1,0,0,0,0,0,0,0,0,0,0,0
85,77,8,0,8,4,0,3,0,0,0,0,0,58,B,1681,1596,57,5.0565139797739445,90.58823529411765,50.0,0.0,0.0,3.5714285714285716,ATI,0,1,0,0,1,0,0,0,0,0,0,0,0,0,0,0
91,88,3,0,3,2,0,2,0,0,0,0,0,59,base,1681,1590,58,5.413444378346222,96.7032967032967,66.66666666666667,0.0,0.0,3.647798742138365,ATI,0,2,0,0,2,0,0,0,0,0,0,0,0,0,0,0
91,81,10,0,10,5,0,6,1,3,0,0,0,59,B,1681,1590,58,5.413444378346222,89.01098901098901,50.0,1.098901098901099,10.0,3.647798742138365,ATI,0,6,1,1,6,0,3,0,0,3,0,0,0,0,0,0
90,85,5,0,5,2,0,2,1,0,0,0,0,60,base,1681,1591,60,5.353955978584176,94.44444444444444,40.0,1.1111111111111112,20.0,3.771213073538655,ATI,0,2,1,1,2,0,0,0,0,0,0,0,0,0,0,0
90,76,14,0,14,4,0,3,0,1,0,0,0,60,B,1681,1591,60,5.353955978584176,84.44444444444444,28.571428571428573,0.0,0.0,3.771213073538655,ATI,0,2,0,0,2,0,1,0,0,1,0,0,0,0,0,0
83,76,7,0,7,2,0,2,0,1,0,0,0,61,base,1681,1598,59,4.937537180249851,91.56626506024097,28.571428571428573,0.0,0.0,3.6921151439299122,ATI,0,2,1,0,1,1,1,0,0,1,0,0,0,0,0,0
83,68,15,0,15,8,0,7,0,5,0,0,0,61,B,1681,1598,59,4.937537180249851,81.92771084337349,53.333333333333336,0.0,0.0,3.6921151439299122,ATI,0,5,0,0,5,1,5,0,0,5,0,0,0,0,0,0
91,85,6,0,6,3,0,2,0,0,0,0,0,62,base,1681,1590,61,5.413444378346222,93.4065934065934,50.0,0.0,0.0,3.8364779874213837,ATI,0,1,0,0,1,0,0,0,0,0,0,0,0,0,0,0
91,79,12,0,12,4,0,4,0,0,0,0,0,62,B,1681,1590,61,5.413444378346222,86.81318681318682,33.333333333333336,0.0,0.0,3.8364779874213837,ATI,0,2,0,0,2,0,0,0,0,0,0,0,0,0,0,0
82,78,4,0,4,3,0,3,0,1,0,0,0,63,base,1681,1599,60,4.878048780487805,95.1219512195122,75.0,0.0,0.0,3.75234521575985,ATI,0,3,0,0,3,0,1,0,0,1,0,0,0,0,0,0
82,66,16,0,16,7,0,7,1,3,0,0,0,63,B,1681,1599,60,4.878048780487805,80.48780487804878,43.75,1.2195121951219512,6.25,3.75234521575985,ATI,0,5,0,0,5,0,3,0,0,3,0,0,0,0,0,0
69,62,7,0,7,3,0,3,0,0,0,0,0,64,base,1681,1612,58,4.104699583581201,89.85507246376811,42.857142857142854,0.0,0.0,3.598014888337469,ATI,0,2,1,0,1,1,0,0,0,0,0,0,0,0,0,0
69,56,13,0,13,6,0,7,1,1,0,0,0,64,B,1681,1612,58,4.104699583581201,81.15942028985508,46.15384615384615,1.4492753623188406,7.6923076923076925,3.598014888337469,ATI,0,3,1,1,3,0,1,0,0,1,0,0,0,0,0,0
104,99,5,0,5,3,0,1,0,1,0,0,0,65,base,1681,1577,59,6.186793575252826,95.1923076923077,60.0,0.0,0.0,3.741280913126189,ATI,0,1,0,0,1,0,1,0,0,1,0,0,0,0,0,0
104,90,14,0,14,6,0,3,0,2,0,0,0,65,B,1681,1577,59,6.186793575252826,86.53846153846153,42.857142857142854,0.0,0.0,3.741280913126189,ATI,0,3,0,0,3,0,2,0,0,2,0,0,0,0,0,0
76,69,7,0,7,2,0,3,1,1,0,0,0,66,base,1681,1605,61,4.521118381915526,90.78947368421052,28.571428571428573,1.3157894736842106,14.285714285714286,3.8006230529595015,ATI,0,2,0,0,2,0,1,0,0,1,0,0,0,0,0,0
76,64,12,0,12,3,0,5,2,2,0,0,0,66,B,1681,1605,61,4.521118381915526,84.21052631578948,25.0,2.6315789473684212,16.666666666666668,3.8006230529595015,ATI,0,3,0,0,3,0,2,0,0,2,0,0,0,0,0,0
86,79,7,0,7,2,0,2,0,1,0,0,0,67,base,1681,1595,58,5.11600237953599,91.86046511627907,28.571428571428573,0.0,0.0,3.6363636363636362,ATI,0,2,1,0,1,1,1,0,0,1,0,0,0,0,0,0
86,73,13,0,13,6,0,5,0,2,0,0,0,67,B,1681,1595,58,5.11600237953599,84.88372093023256,46.15384615384615,0.0,0.0,3.6363636363636362,ATI,0,5,1,0,4,1,2,0,0,2,0,0,0,0,0,0
97,91,6,0,6,2,0,2,0,0,0,0,0,68,base,1681,1584,60,5.7703747769185005,93.81443298969072,33.333333333333336,0.0,0.0,3.787878787878788,ATI,0,1,0,0,1,0,0,0,0,0,0,0,0,0,0,0
97,83,14,0,14,8,0,8,0,4,0,0,0,68,B,1681,1584,60,5.7703747769185005,85.56701030927834,57.142857142857146,0.0,0.0,3.787878787878788,ATI,0,7,0,0,7,0,4,0,0,4,0,0,0,0,0,0
91,88,3,0,3,1,0,1,1,0,0,0,0,69,base,1681,1590,58,5.413444378346222,96.7032967032967,33.333333333333336,1.098901098901099,33.333333333333336,3.647798742138365,ATI,0,0,0,0,0,0,0,0,0,0,0,0,0,0,0,0
91,74,17,0,17,8,0,7,1,2,0,0,0,69,B,1681,1590,58,5.413444378346222,81.31868131868131,47.05882352941177,1.098901098901099,5.882352941176471,3.647798742138365,ATI,0,2,0,0,2,0,2,0,0,2,0,0,0,0,0,0
78,73,5,0,5,5,0,3,0,0,0,0,0,70,base,1681,1603,58,4.640095181439619,93.58974358974359,100.0,0.0,0.0,3.6182158452900812,ATI,0,1,0,0,1,0,0,0,0,0,0,0,0,0,0,0
78,66,12,0,12,6,0,6,0,1,0,0,0,70,B,1681,1603,58,4.640095181439619,84.61538461538461,50.0,0.0,0.0,3.6182158452900812,ATI,0,3,0,0,3,0,1,0,0,1,0,0,0,0,0,0
91,81,10,0,10,5,0,3,0,2,0,0,0,71,base,1681,1590,60,5.413444378346222,89.01098901098901,50.0,0.0,0.0,3.7735849056603774,ATI,0,4,1,0,3,1,2,0,0,2,0,0,0,0,0,0
91,68,23,0,23,12,0,9,0,5,0,0,0,71,B,1681,1590,60,5.413444378346222,74.72527472527473,52.17391304347826,0.0,0.0,3.7735849056603774,ATI,0,10,1,0,9,1,5,0,0,5,0,0,0,0,0,0
62,62,0,0,0,0,0,0,0,0,0,0,0,72,base,1681,1619,59,3.688280785246877,100.0,,0.0,,3.644224830142063,ATI,0,0,0,0,0,0,0,0,0,0,0,0,0,0,0,0
62,55,7,0,7,1,0,2,1,0,0,0,0,72,B,1681,1619,59,3.688280785246877,88.70967741935483,14.285714285714286,1.6129032258064515,14.285714285714286,3.644224830142063,ATI,0,0,0,0,0,0,0,0,0,0,0,0,0,0,0,0
84,81,3,0,3,2,0,2,0,0,0,0,0,73,base,1681,1597,57,4.997025580011898,96.42857142857143,66.66666666666667,0.0,0.0,3.5691922354414527,ATI,0,2,0,0,2,0,0,0,0,0,0,0,0,0,0,0
84,77,7,0,7,4,0,4,0,0,0,0,0,73,B,1681,1597,57,4.997025580011898,91.66666666666667,57.142857142857146,0.0,0.0,3.5691922354414527,ATI,0,4,0,0,4,0,0,0,0,0,0,0,0,0,0,0
79,72,7,0,7,3,0,2,0,0,0,0,0,74,base,1681,1602,60,4.699583581201666,91.13924050632912,42.857142857142854,0.0,0.0,3.745318352059925,ATI,0,2,0,0,2,0,0,0,0,0,0,0,0,0,0,0
79,67,12,0,12,4,0,3,0,1,0,0,0,74,B,1681,1602,60,4.699583581201666,84.81012658227849,33.333333333333336,0.0,0.0,3.745318352059925,ATI,0,3,0,0,3,0,1,0,0,1,0,0,0,0,0,0
100,96,4,0,4,2,0,2,0,0,0,0,0,75,base,1681,1581,59,5.94883997620464,96.0,50.0,0.0,0.0,3.7318153067678685,ATI,0,3,1,0,2,1,0,0,0,0,0,0,0,0,0,0
100,85,15,0,15,9,0,8,0,3,0,0,0,75,B,1681,1581,59,5.94883997620464,85.0,60.0,0.0,0.0,3.7318153067678685,ATI,0,8,1,0,7,1,3,0,0,3,0,0,0,0,0,0
70,67,3,0,3,1,0,1,0,0,0,0,0,76,base,1681,1611,58,4.164187983343248,95.71428571428571,33.333333333333336,0.0,0.0,3.6002482929857234,ATI,0,1,0,0,1,0,0,0,0,0,0,0,0,0,0,0
70,64,6,0,6,4,0,3,0,1,0,0,0,76,B,1681,1611,58,4.164187983343248,91.42857142857143,66.66666666666667,0.0,0.0,3.6002482929857234,ATI,0,3,0,0,3,0,1,0,0,1,0,0,0,0,0,0
84,81,3,0,3,2,0,2,0,1,0,0,0,77,base,1681,1597,60,4.997025580011898,96.42857142857143,66.66666666666667,0.0,0.0,3.757044458359424,ATI,0,2,0,0,2,0,1,0,0,1,0,0,0,0,0,0
84,70,14,1,13,6,0,6,0,2,0,0,0,77,B,1681,1597,60,4.997025580011898,83.33333333333333,46.15384615384615,0.0,0.0,3.757044458359424,ATI,0,4,0,0,4,0,2,0,0,2,0,0,0,0,0,0
86,82,4,0,4,2,0,2,0,0,0,0,0,78,base,1681,1595,60,5.11600237953599,95.34883720930233,50.0,0.0,0.0,3.761755485893417,ATI,0,1,0,0,1,0,0,0,0,0,0,0,0,0,0,0
86,74,12,0,12,4,0,5,1,2,0,0,0,78,B,1681,1595,60,5.11600237953599,86.04651162790698,33.333333333333336,1.1627906976744187,8.333333333333334,3.761755485893417,ATI,0,3,0,0,3,0,2,0,0,2,0,0,0,0,0,0
82,78,4,0,4,0,0,0,0,0,0,0,0,79,base,1681,1599,59,4.878048780487805,95.1219512195122,0.0,0.0,0.0,3.689806128830519,ATI,0,0,0,0,0,0,0,0,0,0,0,0,0,0,0,0
82,75,7,1,6,0,0,0,0,0,0,0,0,79,B,1681,1599,59,4.878048780487805,91.46341463414635,0.0,0.0,0.0,3.689806128830519,ATI,0,0,0,0,0,0,0,0,0,0,0,0,0,0,0,0
96,91,5,0,5,2,0,2,0,1,0,0,0,80,base,1681,1585,57,5.710886377156455,94.79166666666667,40.0,0.0,0.0,3.5962145110410093,ATI,0,2,0,0,2,0,1,0,0,1,0,0,0,0,0,0
96,87,9,0,9,3,0,3,0,0,0,0,0,80,B,1681,1585,57,5.710886377156455,90.625,33.333333333333336,0.0,0.0,3.5962145110410093,ATI,0,2,0,0,2,0,0,0,0,0,0,0,0,0,0,0
91,87,4,0,4,1,0,1,0,0,0,0,0,81,base,1681,1590,58,5.413444378346222,95.6043956043956,25.0,0.0,0.0,3.647798742138365,ATI,0,0,0,0,0,0,0,0,0,0,0,0,0,0,0,0
91,77,14,0,14,7,0,7,0,2,0,0,0,81,B,1681,1590,58,5.413444378346222,84.61538461538461,50.0,0.0,0.0,3.647798742138365,ATI,0,5,0,0,5,0,2,0,0,2,0,0,0,0,0,0
81,73,8,0,8,5,0,4,0,2,0,0,0,82,base,1681,1600,59,4.818560380725758,90.12345679012346,62.5,0.0,0.0,3.6875,ATI,0,2,0,0,2,0,2,0,0,2,0,0,0,0,0,0
81,66,15,0,15,6,0,6,0,3,0,0,0,82,B,1681,1600,59,4.818560380725758,81.48148148148148,40.0,0.0,0.0,3.6875,ATI,0,4,0,0,4,0,3,0,0,3,0,0,0,0,0,0
94,85,9,0,9,8,0,7,0,5,0,0,0,83,base,1681,1587,58,5.591909577632362,90.42553191489361,88.88888888888889,0.0,0.0,3.6546943919344677,ATI,0,6,0,0,6,0,5,0,0,5,0,0,0,0,0,0
94,80,14,0,14,11,0,11,0,7,0,0,0,83,B,1681,1587,58,5.591909577632362,85.1063829787234,78.57142857142857,0.0,0.0,3.6546943919344677,ATI,0,7,0,0,7,0,6,0,0,6,0,0,0,0,0,0
88,81,7,0,7,3,0,4,1,0,0,0,0,84,base,1681,1593,60,5.234979179060083,92.04545454545455,42.857142857142854,1.1363636363636365,14.285714285714286,3.766478342749529,ATI,0,2,2,0,0,2,0,0,0,0,0,0,0,0,0,0
88,67,21,0,21,14,0,15,1,6,0,0,0,84,B,1681,1593,60,5.234979179060083,76.13636363636364,66.66666666666667,1.1363636363636365,4.761904761904762,3.766478342749529,ATI,0,10,1,0,9,1,6,0,0,6,0,0,0,0,0,0
79,74,5,0,5,2,0,1,0,0,0,0,0,85,base,1681,1602,60,4.699583581201666,93.67088607594937,40.0,0.0,0.0,3.745318352059925,ATI,0,1,0,0,1,0,0,0,0,0,0,0,0,0,0,0
79,70,9,0,9,3,0,3,0,0,0,0,0,85,B,1681,1602,60,4.699583581201666,88.60759493670886,33.333333333333336,0.0,0.0,3.745318352059925,ATI,0,2,0,0,2,0,0,0,0,0,0,0,0,0,0,0
87,84,3,0,3,2,0,1,0,0,0,0,0,86,base,1681,1594,60,5.175490779298037,96.55172413793103,66.66666666666667,0.0,0.0,3.764115432873275,ATI,0,2,1,0,1,1,0,0,0,0,0,0,0,0,0,0
87,76,11,3,8,3,0,2,0,0,0,0,0,86,B,1681,1594,60,5.175490779298037,87.35632183908046,37.5,0.0,0.0,3.764115432873275,ATI,0,2,0,0,2,0,0,0,0,0,0,0,0,0,0,0
78,72,6,0,6,3,0,2,0,0,0,0,0,87,base,1681,1603,59,4.640095181439619,92.3076923076923,50.0,0.0,0.0,3.680598877105427,ATI,0,3,1,0,2,1,0,0,0,0,0,0,0,0,0,0
78,67,11,0,11,5,0,5,0,2,0,0,0,87,B,1681,1603,59,4.640095181439619,85.8974358974359,45.45454545454545,0.0,0.0,3.680598877105427,ATI,0,6,1,0,5,1,2,0,0,2,0,0,0,0,0,0
68,63,5,0,5,2,0,2,0,1,0,0,0,88,base,1681,1613,59,4.045211183819156,92.6470588235294,40.0,0.0,0.0,3.65778053316801,ATI,0,3,1,0,2,1,1,0,0,1,0,0,0,0,0,0
68,53,15,0,15,9,0,7,0,2,0,0,0,88,B,1681,1613,59,4.045211183819156,77.94117647058823,60.0,0.0,0.0,3.65778053316801,ATI,0,6,1,0,5,1,2,0,0,2,0,0,0,0,0,0
86,81,5,0,5,3,0,3,0,1,0,0,0,89,base,1681,1595,60,5.11600237953599,94.18604651162791,60.0,0.0,0.0,3.761755485893417,ATI,0,3,0,0,3,0,1,0,0,1,0,0,0,0,0,0
86,72,14,0,14,5,0,5,0,2,0,0,0,89,B,1681,1595,60,5.11600237953599,83.72093023255815,35.714285714285715,0.0,0.0,3.761755485893417,ATI,0,5,0,0,5,0,2,0,0,2,0,0,0,0,0,0
85,84,1,0,1,0,0,0,0,0,0,0,0,90,base,1681,1596,59,5.0565139797739445,98.82352941176471,0.0,0.0,0.0,3.6967418546365916,ATI,0,1,1,0,0,1,0,0,0,0,0,0,0,0,0,0
85,81,4,1,3,1,0,1,0,0,0,0,0,90,B,1681,1596,59,5.0565139797739445,95.29411764705883,33.333333333333336,0.0,0.0,3.6967418546365916,ATI,0,2,1,0,1,1,0,0,0,0,0,0,0,0,0,0
84,80,4,0,4,2,0,1,0,0,0,0,0,91,base,1681,1597,59,4.997025580011898,95.23809523809524,50.0,0.0,0.0,3.6944270507201002,ATI,0,3,2,0,1,2,0,0,0,0,0,0,0,0,0,0
84,68,16,0,16,6,0,6,0,2,0,0,0,91,B,1681,1597,59,4.997025580011898,80.95238095238095,37.5,0.0,0.0,3.6944270507201002,ATI,0,7,2,0,5,2,2,0,0,2,0,0,0,0,0,0
91,88,3,0,3,1,0,1,0,0,0,0,0,92,base,1681,1590,58,5.413444378346222,96.7032967032967,33.333333333333336,0.0,0.0,3.647798742138365,ATI,0,2,1,0,1,1,0,0,0,0,0,0,0,0,0,0
91,80,11,0,11,6,0,5,0,2,0,0,0,92,B,1681,1590,58,5.413444378346222,87.91208791208791,54.54545454545455,0.0,0.0,3.647798742138365,ATI,0,5,1,0,4,1,2,0,0,2,0,0,0,0,0,0
87,83,4,0,4,2,0,3,1,0,0,0,0,93,base,1681,1594,59,5.175490779298037,95.40229885057471,50.0,1.1494252873563218,25.0,3.7013801756587204,ATI,0,2,1,1,2,0,0,0,0,0,0,0,0,0,0,0
87,71,16,1,15,7,0,8,1,3,0,0,0,93,B,1681,1594,59,5.175490779298037,81.60919540229885,46.666666666666664,1.1494252873563218,6.25,3.7013801756587204,ATI,0,7,1,1,7,0,3,0,0,3,0,0,0,0,0,0
87,84,3,0,3,1,0,0,0,0,0,0,0,94,base,1681,1594,57,5.175490779298037,96.55172413793103,33.333333333333336,0.0,0.0,3.575909661229611,ATI,0,0,0,0,0,0,0,0,0,0,0,0,0,0,0,0
87,71,16,0,16,9,0,7,0,3,0,0,0,94,B,1681,1594,57,5.175490779298037,81.60919540229885,56.25,0.0,0.0,3.575909661229611,ATI,0,5,0,0,5,0,3,0,0,3,0,0,0,0,0,0
91,77,14,0,14,8,0,8,2,3,0,0,0,95,base,1681,1590,58,5.413444378346222,84.61538461538461,57.142857142857146,2.197802197802198,14.285714285714286,3.647798742138365,ATI,0,6,0,0,6,0,3,0,0,3,0,0,0,0,0,0
91,65,26,1,25,17,0,17,2,7,0,0,0,95,B,1681,1590,58,5.413444378346222,71.42857142857143,68.0,2.197802197802198,7.6923076923076925,3.647798742138365,ATI,0,12,0,0,12,0,7,0,0,7,0,0,0,0,0,0
73,73,0,0,0,0,0,0,0,0,0,0,0,96,base,1681,1608,61,4.3426531826293875,100.0,,0.0,,3.7935323383084576,ATI,0,1,1,0,0,1,0,0,0,0,0,0,0,0,0,0
73,61,12,0,12,9,0,8,0,4,0,0,0,96,B,1681,1608,61,4.3426531826293875,83.56164383561644,75.0,0.0,0.0,3.7935323383084576,ATI,0,7,1,0,6,1,4,0,0,4,0,0,0,0,0,0
72,68,4,0,4,2,0,1,1,0,0,0,0,97,base,1681,1609,57,4.283164782867341,94.44444444444444,50.0,1.3888888888888888,25.0,3.5425730267246736,ATI,0,0,0,0,0,0,0,0,0,0,0,0,0,0,0,0
72,65,7,0,7,1,0,2,1,0,0,0,0,97,B,1681,1609,57,4.283164782867341,90.27777777777777,14.285714285714286,1.3888888888888888,14.285714285714286,3.5425730267246736,ATI,0,0,0,0,0,0,0,0,0,0,0,0,0,0,0,0
79,72,7,0,7,3,0,3,0,1,0,0,0,98,base,1681,1602,56,4.699583581201666,91.13924050632912,42.857142857142854,0.0,0.0,3.495630461922597,ATI,0,3,0,0,3,0,1,0,0,1,0,0,0,0,0,0
79,66,13,0,13,5,0,5,0,2,0,0,0,98,B,1681,1602,56,4.699583581201666,83.54430379746836,38.46153846153846,0.0,0.0,3.495630461922597,ATI,0,5,0,0,5,0,2,0,0,2,0,0,0,0,0,0
85,82,3,0,3,2,0,2,0,1,0,0,0,99,base,1681,1596,58,5.0565139797739445,96.47058823529412,66.66666666666667,0.0,0.0,3.6340852130325816,ATI,0,2,1,0,1,1,1,0,0,1,0,0,0,0,0,0
85,76,9,0,9,5,0,5,1,1,0,0,0,99,B,1681,1596,58,5.0565139797739445,89.41176470588235,55.55555555555556,1.1764705882352942,11.11111111111111,3.6340852130325816,ATI,0,4,1,0,3,1,1,0,0,1,0,0,0,0,0,0
99,91,8,0,8,4,0,2,0,0,0,0,0,100,base,1681,1582,58,5.889351576442594,91.91919191919192,50.0,0.0,0.0,3.666245259165613,ATI,0,2,0,0,2,0,0,0,0,0,0,0,0,0,0,0
99,81,18,0,18,9,0,8,0,2,0,0,0,100,B,1681,1582,58,5.889351576442594,81.81818181818181,50.0,0.0,0.0,3.666245259165613,ATI,0,6,0,0,6,0,2,0,0,2,0,0,0,0,0,0
79,73,6,0,6,3,0,2,0,0,0,0,0,101,base,1681,1602,57,4.699583581201666,92.40506329113924,50.0,0.0,0.0,3.5580524344569286,ATI,0,1,0,0,1,0,0,0,0,0,0,0,0,0,0,0
79,65,14,0,14,5,0,5,0,2,0,0,0,101,B,1681,1602,57,4.699583581201666,82.27848101265823,35.714285714285715,0.0,0.0,3.5580524344569286,ATI,0,4,0,0,4,0,2,0,0,2,0,0,0,0,0,0
92,89,3,0,3,2,0,2,0,0,0,0,0,102,base,1681,1589,60,5.472932778108269,96.73913043478261,66.66666666666667,0.0,0.0,3.775959723096287,ATI,0,1,0,0,1,0,0,0,0,0,0,0,0,0,0,0
92,83,9,0,9,6,0,5,0,1,0,0,0,102,B,1681,1589,60,5.472932778108269,90.21739130434783,66.66666666666667,0.0,0.0,3.775959723096287,ATI,0,3,0,0,3,0,1,0,0,1,0,0,0,0,0,0
82,80,2,0,2,1,0,1,0,1,0,0,0,103,base,1681,1599,58,4.878048780487805,97.5609756097561,50.0,0.0,0.0,3.627267041901188,ATI,0,3,2,0,1,2,1,0,0,1,0,0,0,0,0,0
82,68,14,0,14,7,0,8,1,4,0,0,0,103,B,1681,1599,58,4.878048780487805,82.92682926829268,50.0,1.2195121951219512,7.142857142857143,3.627267041901188,ATI,0,8,1,0,7,1,4,0,0,4,0,0,0,0,0,0
75,68,7,0,7,4,0,3,1,0,0,0,0,104,base,1681,1606,60,4.46162998215348,90.66666666666667,57.142857142857146,1.3333333333333333,14.285714285714286,3.7359900373599,ATI,0,1,0,0,1,0,0,0,0,0,0,0,0,0,0,0
75,63,12,0,12,5,0,5,1,1,0,0,0,104,B,1681,1606,60,4.46162998215348,84.0,41.666666666666664,1.3333333333333333,8.333333333333334,3.7359900373599,ATI,0,3,0,0,3,0,1,0,0,1,0,0,0,0,0,0
93,90,3,0,3,3,0,3,0,1,0,0,0,105,base,1681,1588,60,5.532421177870315,96.7741935483871,100.0,0.0,0.0,3.7783375314861463,ATI,0,2,0,0,2,0,1,0,0,1,0,0,0,0,0,0
93,83,10,0,10,5,0,5,0,3,0,0,0,105,B,1681,1588,60,5.532421177870315,89.24731182795699,50.0,0.0,0.0,3.7783375314861463,ATI,0,4,0,0,4,0,3,0,0,3,0,0,0,0,0,0
71,67,4,0,4,2,0,2,0,0,0,0,0,106,base,1681,1610,57,4.223676383105294,94.36619718309859,50.0,0.0,0.0,3.540372670807453,ATI,0,3,1,0,2,1,0,0,0,0,0,0,0,0,0,0
71,59,12,0,12,8,0,8,0,3,0,0,0,106,B,1681,1610,57,4.223676383105294,83.09859154929578,66.66666666666667,0.0,0.0,3.540372670807453,ATI,0,8,1,0,7,1,3,0,0,3,0,0,0,0,0,0
79,74,5,0,5,3,0,2,0,2,0,0,0,107,base,1681,1602,57,4.699583581201666,93.67088607594937,60.0,0.0,0.0,3.5580524344569286,ATI,0,2,0,0,2,0,2,0,0,2,0,0,0,0,0,0
79,68,11,0,11,7,0,5,0,2,0,0,0,107,B,1681,1602,57,4.699583581201666,86.07594936708861,63.63636363636363,0.0,0.0,3.5580524344569286,ATI,0,4,0,0,4,0,2,0,0,2,0,0,0,0,0,0
101,93,8,0,8,2,0,3,2,0,0,0,0,108,base,1681,1580,58,6.008328375966687,92.07920792079207,25.0,1.9801980198019802,25.0,3.670886075949367,ATI,0,0,0,0,0,0,0,0,0,0,0,0,0,0,0,0
101,83,18,0,18,6,0,6,1,2,0,0,0,108,B,1681,1580,58,6.008328375966687,82.17821782178218,33.333333333333336,0.9900990099009901,5.555555555555555,3.670886075949367,ATI,0,4,0,0,4,0,2,0,0,2,0,0,0,0,0,0
84,78,6,0,6,4,0,3,0,0,0,0,0,109,base,1681,1597,58,4.997025580011898,92.85714285714286,66.66666666666667,0.0,0.0,3.6318096430807763,ATI,0,2,0,0,2,0,0,0,0,0,0,0,0,0,0,0
84,70,14,1,13,6,0,5,0,3,0,0,0,109,B,1681,1597,58,4.997025580011898,83.33333333333333,46.15384615384615,0.0,0.0,3.6318096430807763,ATI,0,4,0,0,4,0,3,0,0,3,0,0,0,0,0,0
96,92,4,0,4,3,0,3,0,0,0,0,0,110,base,1681,1585,53,5.710886377156455,95.83333333333333,75.0,0.0,0.0,3.3438485804416405,ATI,0,2,0,0,2,0,0,0,0,0,0,0,0,0,0,0
96,81,15,0,15,8,0,6,0,0,0,0,0,110,B,1681,1585,53,5.710886377156455,84.375,53.333333333333336,0.0,0.0,3.3438485804416405,ATI,0,3,0,0,3,0,0,0,0,0,0,0,0,0,0,0
90,83,7,0,7,3,0,2,0,1,0,0,0,111,base,1681,1591,58,5.353955978584176,92.22222222222223,42.857142857142854,0.0,0.0,3.6455059710873665,ATI,0,2,0,0,2,0,1,0,0,1,0,0,0,0,0,0
90,71,19,0,19,11,0,9,1,5,0,0,0,111,B,1681,1591,58,5.353955978584176,78.88888888888889,57.89473684210526,1.1111111111111112,5.2631578947368425,3.6455059710873665,ATI,0,7,0,0,7,0,5,0,0,5,0,0,0,0,0,0
96,91,5,0,5,4,0,4,0,0,0,0,0,112,base,1681,1585,56,5.710886377156455,94.79166666666667,80.0,0.0,0.0,3.533123028391167,ATI,0,3,0,0,3,0,0,0,0,0,0,0,0,0,0,0
96,80,16,0,16,10,0,8,0,3,0,0,0,112,B,1681,1585,56,5.710886377156455,83.33333333333333,62.5,0.0,0.0,3.533123028391167,ATI,0,6,0,0,6,0,3,0,0,3,0,0,0,0,0,0
87,82,5,0,5,2,0,2,0,0,0,0,0,113,base,1681,1594,59,5.175490779298037,94.25287356321839,40.0,0.0,0.0,3.7013801756587204,ATI,0,1,0,0,1,0,0,0,0,0,0,0,0,0,0,0
87,76,11,0,11,6,0,6,0,1,0,0,0,113,B,1681,1594,59,5.175490779298037,87.35632183908046,54.54545454545455,0.0,0.0,3.7013801756587204,ATI,0,5,0,0,5,0,1,0,0,1,0,0,0,0,0,0
69,64,5,0,5,2,0,1,0,0,0,0,0,114,base,1681,1612,60,4.104699583581201,92.7536231884058,40.0,0.0,0.0,3.7220843672456576,ATI,0,1,0,0,1,0,0,0,0,0,0,0,0,0,0,0
69,57,12,2,10,3,0,3,0,0,0,0,0,114,B,1681,1612,60,4.104699583581201,82.6086956521739,30.0,0.0,0.0,3.7220843672456576,ATI,0,3,0,0,3,0,0,0,0,0,0,0,0,0,0,0
92,90,2,0,2,2,0,2,0,0,0,0,0,115,base,1681,1589,57,5.472932778108269,97.82608695652173,100.0,0.0,0.0,3.587161736941473,ATI,0,2,0,0,2,0,0,0,0,0,0,0,0,0,0,0
92,76,16,0,16,11,0,11,1,2,0,0,0,115,B,1681,1589,57,5.472932778108269,82.6086956521739,68.75,1.0869565217391304,6.25,3.587161736941473,ATI,0,8,0,1,8,0,2,0,0,2,0,0,0,0,0,0
76,71,5,0,5,3,0,3,0,3,0,0,0,116,base,1681,1605,57,4.521118381915526,93.42105263157895,60.0,0.0,0.0,3.5514018691588785,ATI,0,4,1,0,3,1,3,0,0,3,0,0,0,0,0,0
76,65,11,0,11,8,0,7,0,1,0,0,0,116,B,1681,1605,57,4.521118381915526,85.52631578947368,72.72727272727273,0.0,0.0,3.5514018691588785,ATI,0,7,0,0,7,0,1,0,0,1,0,0,0,0,0,0
97,88,9,0,9,3,0,3,0,1,0,0,0,117,base,1681,1584,57,5.7703747769185005,90.72164948453609,33.333333333333336,0.0,0.0,3.5984848484848486,ATI,0,3,1,0,2,1,1,0,0,1,0,0,0,0,0,0
97,76,21,1,20,4,0,5,1,2,0,0,0,117,B,1681,1584,57,5.7703747769185005,78.35051546391753,20.0,1.0309278350515463,4.761904761904762,3.5984848484848486,ATI,0,5,1,1,5,0,2,0,0,2,0,0,0,0,0,0
120,115,5,0,5,1,0,2,1,0,0,0,0,118,base,1681,1561,57,7.138607971445568,95.83333333333333,20.0,0.8333333333333334,20.0,3.6515054452274183,ATI,0,1,0,0,1,0,0,0,0,0,0,0,0,0,0,0
120,101,19,1,18,14,0,14,0,6,0,0,0,118,B,1681,1561,57,7.138607971445568,84.16666666666667,77.77777777777777,0.0,0.0,3.6515054452274183,ATI,0,10,0,0,10,0,6,0,0,6,0,0,0,0,0,0
95,91,4,0,4,2,0,2,1,0,0,0,0,119,base,1681,1586,57,5.651397977394408,95.78947368421052,50.0,1.0526315789473684,25.0,3.5939470365699875,ATI,0,1,0,0,1,0,0,0,0,0,0,0,0,0,0,0
95,78,17,0,17,9,0,10,1,5,0,0,0,119,B,1681,1586,57,5.651397977394408,82.10526315789474,52.94117647058823,1.0526315789473684,5.882352941176471,3.5939470365699875,ATI,0,7,0,0,7,0,5,0,0,5,0,0,0,0,0,0
97,87,10,0,10,5,0,5,0,1,0,0,0,120,base,1681,1584,59,5.7703747769185005,89.69072164948453,50.0,0.0,0.0,3.724747474747475,ATI,0,5,2,0,3,2,1,0,0,1,0,0,0,0,0,0
97,78,19,0,19,10,0,9,0,2,0,0,0,120,B,1681,1584,59,5.7703747769185005,80.41237113402062,52.63157894736842,0.0,0.0,3.724747474747475,ATI,0,7,2,0,5,2,2,0,0,2,0,0,0,0,0,0
84,82,2,0,2,1,0,1,0,1,0,0,0,121,base,1681,1597,57,4.997025580011898,97.61904761904762,50.0,0.0,0.0,3.5691922354414527,ATI,0,2,1,0,1,1,1,0,0,1,0,0,0,0,0,0
84,73,11,0,11,4,0,5,1,2,0,0,0,121,B,1681,1597,57,4.997025580011898,86.9047619047619,36.36363636363637,1.1904761904761905,9.090909090909092,3.5691922354414527,ATI,0,4,1,0,3,1,2,0,0,2,0,0,0,0,0,0
87,85,2,0,2,0,0,0,0,0,0,0,0,122,base,1681,1594,55,5.175490779298037,97.70114942528735,0.0,0.0,0.0,3.450439146800502,ATI,0,1,1,0,0,1,0,0,0,0,0,0,0,0,0,0
87,78,9,0,9,4,0,5,1,2,0,0,0,122,B,1681,1594,55,5.175490779298037,89.65517241379311,44.44444444444444,1.1494252873563218,11.11111111111111,3.450439146800502,ATI,0,4,1,0,3,1,2,0,0,2,0,0,0,0,0,0
82,77,5,0,5,5,0,5,0,0,0,0,0,123,base,1681,1599,57,4.878048780487805,93.90243902439025,100.0,0.0,0.0,3.5647279549718576,ATI,0,3,0,0,3,0,0,0,0,0,0,0,0,0,0,0
82,72,10,0,10,9,0,8,0,1,0,0,0,123,B,1681,1599,57,4.878048780487805,87.8048780487805,90.0,0.0,0.0,3.5647279549718576,ATI,0,6,0,0,6,0,1,0,0,1,0,0,0,0,0,0
104,91,13,0,13,7,0,6,0,1,0,0,0,124,base,1681,1577,55,6.186793575252826,87.5,53.84615384615385,0.0,0.0,3.4876347495244135,ATI,0,5,1,0,4,1,1,0,0,1,0,0,0,0,0,0
104,83,21,0,21,9,0,9,0,2,0,0,0,124,B,1681,1577,55,6.186793575252826,79.8076923076923,42.857142857142854,0.0,0.0,3.4876347495244135,ATI,0,8,1,0,7,1,2,0,0,2,0,0,0,0,0,0
87,82,5,0,5,3,0,3,0,0,0,0,0,125,base,1681,1594,58,5.175490779298037,94.25287356321839,60.0,0.0,0.0,3.638644918444166,ATI,0,2,0,0,2,0,0,0,0,0,0,0,0,0,0,0
87,75,12,0,12,6,0,6,1,1,0,0,0,125,B,1681,1594,58,5.175490779298037,86.20689655172414,50.0,1.1494252873563218,8.333333333333334,3.638644918444166,ATI,0,3,0,0,3,0,1,0,0,1,0,0,0,0,0,0
83,80,3,0,3,2,0,1,0,1,0,0,0,126,base,1681,1598,58,4.937537180249851,96.3855421686747,66.66666666666667,0.0,0.0,3.6295369211514394,ATI,0,1,0,0,1,0,1,0,0,1,0,0,0,0,0,0
83,69,14,1,13,9,0,8,1,2,0,0,0,126,B,1681,1598,58,4.937537180249851,83.13253012048193,69.23076923076923,1.2048192771084338,7.142857142857143,3.6295369211514394,ATI,0,5,0,0,5,0,2,0,0,2,0,0,0,0,0,0
79,75,4,0,4,3,0,3,0,0,0,0,0,127,base,1681,1602,55,4.699583581201666,94.9367088607595,75.0,0.0,0.0,3.4332084893882646,ATI,0,2,1,0,1,1,0,0,0,0,0,0,0,0,0,0
79,67,12,0,12,7,0,6,1,2,0,0,0,127,B,1681,1602,55,4.699583581201666,84.81012658227849,58.333333333333336,1.2658227848101267,8.333333333333334,3.4332084893882646,ATI,0,6,1,0,5,1,2,0,0,2,0,0,0,0,0,0
95,86,9,0,9,3,0,3,0,1,0,0,0,128,base,1681,1586,57,5.651397977394408,90.52631578947368,33.333333333333336,0.0,0.0,3.5939470365699875,ATI,0,3,1,0,2,1,1,0,0,1,0,0,0,0,0,0
95,74,21,0,21,10,0,10,1,4,0,0,0,128,B,1681,1586,57,5.651397977394408,77.89473684210526,47.61904761904762,1.0526315789473684,4.761904761904762,3.5939470365699875,ATI,0,7,1,0,6,1,4,0,0,4,0,0,0,0,0,0
73,68,5,0,5,5,0,3,0,2,0,0,0,129,base,1681,1608,60,4.3426531826293875,93.15068493150685,100.0,0.0,0.0,3.7313432835820897,ATI,0,4,2,0,2,2,2,0,0,2,0,0,0,0,0,0
73,58,15,0,15,7,0,7,0,4,0,0,0,129,B,1681,1608,60,4.3426531826293875,79.45205479452055,46.666666666666664,0.0,0.0,3.7313432835820897,ATI,0,8,2,0,6,2,4,0,0,4,0,0,0,0,0,0
98,94,4,0,4,2,0,2,0,1,0,0,0,130,base,1681,1583,60,5.829863176680547,95.91836734693878,50.0,0.0,0.0,3.790271636133923,ATI,0,2,0,0,2,0,1,0,0,1,0,0,0,0,0,0
98,83,15,0,15,8,0,8,0,4,0,0,0,130,B,1681,1583,60,5.829863176680547,84.6938775510204,53.333333333333336,0.0,0.0,3.790271636133923,ATI,0,7,0,0,7,0,4,0,0,4,0,0,0,0,0,0
92,87,5,0,5,4,0,3,0,0,0,0,0,131,base,1681,1589,60,5.472932778108269,94.56521739130434,80.0,0.0,0.0,3.775959723096287,ATI,0,1,0,0,1,1,0,0,0,0,0,0,0,0,0,0
92,75,17,0,17,11,0,12,1,3,0,0,0,131,B,1681,1589,60,5.472932778108269,81.52173913043478,64.70588235294117,1.0869565217391304,5.882352941176471,3.775959723096287,ATI,0,10,1,0,9,1,3,0,0,3,0,0,0,0,0,0
77,75,2,0,2,2,0,2,0,1,0,0,0,132,base,1681,1604,54,4.580606781677573,97.40259740259741,100.0,0.0,0.0,3.3665835411471323,ATI,0,3,1,0,2,1,1,0,0,1,0,0,0,0,0,0
77,65,12,0,12,7,0,7,0,2,0,0,0,132,B,1681,1604,54,4.580606781677573,84.41558441558442,58.333333333333336,0.0,0.0,3.3665835411471323,ATI,0,5,1,0,4,1,2,0,0,2,0,0,0,0,0,0
78,72,6,0,6,4,0,4,0,2,0,0,0,133,base,1681,1603,59,4.640095181439619,92.3076923076923,66.66666666666667,0.0,0.0,3.680598877105427,ATI,0,3,0,0,3,0,2,0,0,2,0,0,0,0,0,0
78,67,11,0,11,6,0,6,1,2,0,0,0,133,B,1681,1603,59,4.640095181439619,85.8974358974359,54.54545454545455,1.2820512820512822,9.090909090909092,3.680598877105427,ATI,0,4,0,0,4,0,2,0,0,2,0,0,0,0,0,0
83,76,7,0,7,3,0,2,0,0,0,0,0,134,base,1681,1598,59,4.937537180249851,91.56626506024097,42.857142857142854,0.0,0.0,3.6921151439299122,ATI,0,2,0,0,2,0,0,0,0,0,0,0,0,0,0,0
83,64,19,1,18,9,0,7,0,2,0,0,0,134,B,1681,1598,59,4.937537180249851,77.10843373493977,50.0,0.0,0.0,3.6921151439299122,ATI,0,5,0,0,5,0,2,0,0,2,0,0,0,0,0,0
77,74,3,0,3,2,0,1,0,0,0,0,0,135,base,1681,1604,58,4.580606781677573,96.1038961038961,66.66666666666667,0.0,0.0,3.6159600997506236,ATI,0,2,1,0,1,1,0,0,0,0,0,0,0,0,0,0
77,68,9,0,9,4,0,4,0,1,0,0,0,135,B,1681,1604,58,4.580606781677573,88.31168831168831,44.44444444444444,0.0,0.0,3.6159600997506236,ATI,0,4,1,0,3,1,1,0,0,1,0,0,0,0,0,0
88,80,8,0,8,4,0,4,0,1,0,0,0,136,base,1681,1593,57,5.234979179060083,90.9090909090909,50.0,0.0,0.0,3.5781544256120528,ATI,0,3,1,0,2,1,1,0,0,1,0,0,0,0,0,0
88,73,15,0,15,6,0,6,0,2,0,0,0,136,B,1681,1593,57,5.234979179060083,82.95454545454545,40.0,0.0,0.0,3.5781544256120528,ATI,0,5,1,0,4,1,2,0,0,2,0,0,0,0,0,0
108,103,5,0,5,3,0,3,0,0,0,0,0,137,base,1681,1573,59,6.424747174301011,95.37037037037037,60.0,0.0,0.0,3.750794659885569,ATI,0,3,1,0,2,1,0,0,0,0,0,0,0,0,0,0
108,88,20,1,19,9,0,9,0,3,0,0,0,137,B,1681,1573,59,6.424747174301011,81.48148148148148,47.36842105263158,0.0,0.0,3.750794659885569,ATI,0,8,1,0,7,1,3,0,0,3,0,0,0,0,0,0
80,75,5,0,5,3,0,2,0,2,0,0,0,138,base,1681,1601,58,4.759071980963712,93.75,60.0,0.0,0.0,3.622735790131168,ATI,0,2,0,0,2,0,2,0,0,2,0,0,0,0,0,0
80,69,11,0,11,6,0,5,0,3,0,0,0,138,B,1681,1601,58,4.759071980963712,86.25,54.54545454545455,0.0,0.0,3.622735790131168,ATI,0,4,0,0,4,0,3,0,0,3,0,0,0,0,0,0
79,75,4,0,4,3,0,2,0,0,0,0,0,139,base,1681,1602,58,4.699583581201666,94.9367088607595,75.0,0.0,0.0,3.620474406991261,ATI,0,1,0,0,1,0,0,0,0,0,0,0,0,0,0,0
79,67,12,1,11,5,0,5,0,2,0,0,0,139,B,1681,1602,58,4.699583581201666,84.81012658227849,45.45454545454545,0.0,0.0,3.620474406991261,ATI,0,3,0,0,3,0,2,0,0,2,0,0,0,0,0,0
64,61,3,0,3,1,0,1,0,0,0,0,0,140,base,1681,1617,58,3.8072575847709698,95.3125,33.333333333333336,0.0,0.0,3.5868893011750154,ATI,0,1,1,0,0,1,0,0,0,0,0,0,0,0,0,0
64,54,10,0,10,4,0,4,0,0,0,0,0,140,B,1681,1617,58,3.8072575847709698,84.375,40.0,0.0,0.0,3.5868893011750154,ATI,0,3,1,0,2,1,0,0,0,0,0,0,0,0,0,0
85,80,5,0,5,4,0,3,1,1,0,0,0,141,base,1681,1596,59,5.0565139797739445,94.11764705882354,80.0,1.1764705882352942,20.0,3.6967418546365916,ATI,0,2,0,0,2,0,1,0,0,1,0,0,0,0,0,0
85,69,16,0,16,8,0,8,1,3,0,0,0,141,B,1681,1596,59,5.0565139797739445,81.17647058823529,50.0,1.1764705882352942,6.25,3.6967418546365916,ATI,0,5,0,0,5,0,3,0,0,3,0,0,0,0,0,0
22,21,1,0,1,0,0,0,0,0,0,0,0,42,base,478,456,79,4.602510460251046,95.45454545454545,0.0,0.0,0.0,17.32456140350877,BJU,0,0,0,0,0,0,0,0,0,0,0,0,0,0,0,0
22,20,2,0,2,1,0,0,0,0,0,0,0,42,B,478,456,79,4.602510460251046,90.9090909090909,50.0,0.0,0.0,17.32456140350877,BJU,0,0,0,0,0,0,0,0,0,0,0,0,0,0,0,0
31,29,2,0,2,1,0,0,0,0,0,0,0,43,base,478,447,73,6.485355648535565,93.54838709677419,50.0,0.0,0.0,16.33109619686801,BJU,0,0,0,0,0,0,0,0,0,0,0,0,0,0,0,0
31,26,5,0,5,3,0,1,0,0,0,0,0,43,B,478,447,73,6.485355648535565,83.87096774193549,60.0,0.0,0.0,16.33109619686801,BJU,0,0,0,0,0,0,0,0,0,0,0,0,0,0,0,0
32,32,0,0,0,0,0,0,0,0,0,0,0,44,base,478,446,75,6.694560669456067,100.0,,0.0,,16.816143497757846,BJU,0,0,0,0,0,0,0,0,0,0,0,0,0,0,0,0
32,30,2,0,2,2,0,0,0,0,0,0,0,44,B,478,446,75,6.694560669456067,93.75,100.0,0.0,0.0,16.816143497757846,BJU,0,0,0,0,0,0,0,0,0,0,0,0,0,0,0,0
41,36,5,0,5,3,0,1,0,1,0,0,0,45,base,478,437,73,8.577405857740585,87.8048780487805,60.0,0.0,0.0,16.704805491990847,BJU,0,1,0,0,1,0,1,0,0,1,0,0,0,0,0,0
41,30,11,2,9,5,1,3,0,1,0,0,0,45,B,478,437,73,8.577405857740585,73.17073170731707,55.55555555555556,0.0,0.0,16.704805491990847,BJU,0,2,0,0,2,0,1,0,0,1,0,0,0,0,0,0
14,13,1,0,1,1,0,1,0,1,0,0,0,46,base,478,464,76,2.928870292887029,92.85714285714286,100.0,0.0,0.0,16.379310344827587,BJU,0,1,0,0,1,0,1,0,0,1,0,0,0,0,0,0
14,13,1,0,1,1,0,1,0,1,0,0,0,46,B,478,464,76,2.928870292887029,92.85714285714286,100.0,0.0,0.0,16.379310344827587,BJU,0,1,0,0,1,0,1,0,0,1,0,0,0,0,0,0
21,20,1,0,1,0,0,1,1,0,0,0,0,47,base,478,457,77,4.393305439330544,95.23809523809524,0.0,4.761904761904762,100.0,16.849015317286653,BJU,0,0,0,0,0,0,0,0,0,0,0,0,0,0,0,0
21,18,3,0,3,0,0,1,1,0,0,0,0,47,B,478,457,77,4.393305439330544,85.71428571428571,0.0,4.761904761904762,33.333333333333336,16.849015317286653,BJU,0,0,0,0,0,0,0,0,0,0,0,0,0,0,0,0
24,22,2,0,2,1,0,1,0,0,0,0,0,48,base,478,454,77,5.02092050209205,91.66666666666667,50.0,0.0,0.0,16.96035242290749,BJU,0,0,0,0,0,0,0,0,0,0,0,0,0,0,0,0
24,18,6,0,6,2,0,2,0,0,0,0,0,48,B,478,454,77,5.02092050209205,75.0,33.333333333333336,0.0,0.0,16.96035242290749,BJU,0,0,0,0,0,0,0,0,0,0,0,0,0,0,0,0
25,23,2,0,2,0,0,0,0,0,0,0,0,49,base,478,453,76,5.2301255230125525,92.0,0.0,0.0,0.0,16.777041942604857,BJU,0,0,0,0,0,0,0,0,0,0,0,0,0,0,0,0
25,20,5,0,5,1,0,1,0,1,0,0,0,49,B,478,453,76,5.2301255230125525,80.0,20.0,0.0,0.0,16.777041942604857,BJU,0,1,0,0,1,0,1,0,0,1,0,0,0,0,0,0
19,18,1,0,1,0,0,0,0,0,0,0,0,50,base,478,459,77,3.9748953974895396,94.73684210526316,0.0,0.0,0.0,16.775599128540303,BJU,0,0,0,0,0,0,0,0,0,0,0,0,0,0,0,0
19,17,2,0,2,1,0,1,0,0,0,0,0,50,B,478,459,77,3.9748953974895396,89.47368421052632,50.0,0.0,0.0,16.775599128540303,BJU,0,1,0,0,1,0,0,0,0,0,0,0,0,0,0,0
21,18,3,0,3,2,0,2,0,1,0,0,0,51,base,478,457,74,4.393305439330544,85.71428571428571,66.66666666666667,0.0,0.0,16.192560175054705,BJU,0,1,0,0,1,0,1,0,0,1,0,0,0,0,0,0
21,16,5,0,5,3,0,3,0,2,0,0,0,51,B,478,457,74,4.393305439330544,76.19047619047619,60.0,0.0,0.0,16.192560175054705,BJU,0,2,0,0,2,0,2,0,0,2,0,0,0,0,0,0
32,31,1,0,1,1,0,1,0,1,0,0,0,52,base,478,446,72,6.694560669456067,96.875,100.0,0.0,0.0,16.143497757847534,BJU,0,1,0,0,1,0,1,0,0,1,0,0,0,0,0,0
32,29,3,0,3,3,0,2,0,2,0,0,0,52,B,478,446,72,6.694560669456067,90.625,100.0,0.0,0.0,16.143497757847534,BJU,0,2,0,0,2,0,2,0,0,2,0,0,0,0,0,0
27,27,0,0,0,0,0,0,0,0,0,0,0,53,base,478,451,76,5.648535564853557,100.0,,0.0,,16.851441241685144,BJU,0,0,0,0,0,0,0,0,0,0,0,0,0,0,0,0
27,23,4,2,2,0,1,0,0,0,0,0,0,53,B,478,451,76,5.648535564853557,85.18518518518519,0.0,0.0,0.0,16.851441241685144,BJU,0,0,0,0,0,0,0,0,0,0,0,0,0,0,0,0
27,26,1,0,1,1,0,1,0,1,0,0,0,54,base,478,451,71,5.648535564853557,96.29629629629629,100.0,0.0,0.0,15.742793791574279,BJU,0,1,0,0,1,0,1,0,0,1,0,0,0,0,0,0
27,25,2,0,2,1,0,1,0,1,0,0,0,54,B,478,451,71,5.648535564853557,92.5925925925926,50.0,0.0,0.0,15.742793791574279,BJU,0,1,0,0,1,0,1,0,0,1,0,0,0,0,0,0
22,22,0,0,0,0,0,0,0,0,0,0,0,55,base,478,456,79,4.602510460251046,100.0,,0.0,,17.32456140350877,BJU,0,0,0,0,0,0,0,0,0,0,0,0,0,0,0,0
22,21,1,0,1,1,0,1,0,0,0,0,0,55,B,478,456,79,4.602510460251046,95.45454545454545,100.0,0.0,0.0,17.32456140350877,BJU,0,0,0,0,0,0,0,0,0,0,0,0,0,0,0,0
27,25,2,0,2,1,0,0,0,0,0,0,0,56,base,478,451,74,5.648535564853557,92.5925925925926,50.0,0.0,0.0,16.407982261640797,BJU,0,0,0,0,0,0,0,0,0,0,0,0,0,0,0,0
27,21,6,1,5,3,0,0,0,0,0,0,0,56,B,478,451,74,5.648535564853557,77.77777777777777,60.0,0.0,0.0,16.407982261640797,BJU,0,0,0,0,0,0,0,0,0,0,0,0,0,0,0,0
36,35,1,0,1,0,0,0,0,0,0,0,0,57,base,478,442,72,7.531380753138075,97.22222222222223,0.0,0.0,0.0,16.289592760180994,BJU,0,0,0,0,0,0,0,0,0,0,0,0,0,0,0,0
36,31,5,0,5,2,0,1,0,0,0,0,0,57,B,478,442,72,7.531380753138075,86.11111111111111,40.0,0.0,0.0,16.289592760180994,BJU,0,0,0,0,0,0,0,0,0,0,0,0,0,0,0,0
27,27,0,0,0,0,0,0,0,0,0,0,0,58,base,478,451,77,5.648535564853557,100.0,,0.0,,17.073170731707318,BJU,0,0,0,0,0,0,0,0,0,0,0,0,0,0,0,0
27,24,3,0,3,2,0,1,0,0,0,0,0,58,B,478,451,77,5.648535564853557,88.88888888888889,66.66666666666667,0.0,0.0,17.073170731707318,BJU,0,1,0,0,1,0,0,0,0,0,0,0,0,0,0,0
29,28,1,0,1,1,0,0,0,0,0,0,0,59,base,478,449,77,6.066945606694561,96.55172413793103,100.0,0.0,0.0,17.14922048997773,BJU,0,0,0,0,0,0,0,0,0,0,0,0,0,0,0,0
29,28,1,0,1,1,0,0,0,0,0,0,0,59,B,478,449,77,6.066945606694561,96.55172413793103,100.0,0.0,0.0,17.14922048997773,BJU,0,0,0,0,0,0,0,0,0,0,0,0,0,0,0,0
18,15,3,0,3,2,0,2,0,2,0,0,0,60,base,478,460,78,3.7656903765690375,83.33333333333333,66.66666666666667,0.0,0.0,16.956521739130434,BJU,0,2,0,0,2,0,2,0,0,2,0,0,0,0,0,0
18,13,5,0,5,4,0,3,0,2,0,0,0,60,B,478,460,78,3.7656903765690375,72.22222222222223,80.0,0.0,0.0,16.956521739130434,BJU,0,3,0,0,3,0,2,0,0,2,0,0,0,0,0,0
22,21,1,0,1,0,0,0,0,0,0,0,0,61,base,478,456,76,4.602510460251046,95.45454545454545,0.0,0.0,0.0,16.666666666666668,BJU,0,0,0,0,0,0,0,0,0,0,0,0,0,0,0,0
22,16,6,0,6,4,0,2,0,1,0,0,0,61,B,478,456,76,4.602510460251046,72.72727272727273,66.66666666666667,0.0,0.0,16.666666666666668,BJU,0,2,0,0,2,0,1,0,0,1,0,0,0,0,0,0
26,26,0,0,0,0,0,0,0,0,0,0,0,62,base,478,452,76,5.439330543933054,100.0,,0.0,,16.8141592920354,BJU,0,0,0,0,0,0,0,0,0,0,0,0,0,0,0,0
26,24,2,0,2,0,0,0,0,0,0,0,0,62,B,478,452,76,5.439330543933054,92.3076923076923,0.0,0.0,0.0,16.8141592920354,BJU,0,0,0,0,0,0,0,0,0,0,0,0,0,0,0,0
19,19,0,0,0,0,0,0,0,0,0,0,0,63,base,478,459,76,3.9748953974895396,100.0,,0.0,,16.55773420479303,BJU,0,0,0,0,0,0,0,0,0,0,0,0,0,0,0,0
19,17,2,0,2,1,0,1,0,0,0,0,0,63,B,478,459,76,3.9748953974895396,89.47368421052632,50.0,0.0,0.0,16.55773420479303,BJU,0,1,0,0,1,0,0,0,0,0,0,0,0,0,0,0
24,22,2,0,2,2,0,0,0,0,0,0,0,64,base,478,454,78,5.02092050209205,91.66666666666667,100.0,0.0,0.0,17.180616740088105,BJU,0,0,0,0,0,0,0,0,0,0,0,0,0,0,0,0
24,18,6,0,6,4,0,2,0,0,0,0,0,64,B,478,454,78,5.02092050209205,75.0,66.66666666666667,0.0,0.0,17.180616740088105,BJU,0,2,0,0,2,0,0,0,0,0,0,0,0,0,0,0
15,12,3,0,3,1,0,1,0,0,0,0,0,65,base,478,463,77,3.1380753138075312,80.0,33.333333333333336,0.0,0.0,16.630669546436284,BJU,0,0,0,0,0,0,0,0,0,0,0,0,0,0,0,0
15,11,4,0,4,2,0,1,0,0,0,0,0,65,B,478,463,77,3.1380753138075312,73.33333333333333,50.0,0.0,0.0,16.630669546436284,BJU,0,0,0,0,0,0,0,0,0,0,0,0,0,0,0,0
22,21,1,0,1,1,0,0,0,0,0,0,0,66,base,478,456,76,4.602510460251046,95.45454545454545,100.0,0.0,0.0,16.666666666666668,BJU,0,0,0,0,0,0,0,0,0,0,0,0,0,0,0,0
22,19,3,0,3,3,0,1,0,1,0,0,0,66,B,478,456,76,4.602510460251046,86.36363636363636,100.0,0.0,0.0,16.666666666666668,BJU,0,1,0,0,1,0,1,0,0,1,0,0,0,0,0,0
26,25,1,0,1,1,0,1,0,0,0,0,0,67,base,478,452,77,5.439330543933054,96.15384615384616,100.0,0.0,0.0,17.035398230088497,BJU,0,1,0,0,1,0,0,0,0,0,0,0,0,0,0,0
26,20,6,2,4,2,0,2,0,1,0,0,0,67,B,478,452,77,5.439330543933054,76.92307692307692,50.0,0.0,0.0,17.035398230088497,BJU,0,2,0,0,2,0,1,0,0,1,0,0,0,0,0,0
27,25,2,0,2,1,0,1,0,1,0,0,0,68,base,478,451,73,5.648535564853557,92.5925925925926,50.0,0.0,0.0,16.186252771618626,BJU,0,1,0,0,1,0,1,0,0,1,0,0,0,0,0,0
27,21,6,0,6,4,0,3,0,2,0,0,0,68,B,478,451,73,5.648535564853557,77.77777777777777,66.66666666666667,0.0,0.0,16.186252771618626,BJU,0,3,0,0,3,0,2,0,0,2,0,0,0,0,0,0
30,28,2,0,2,2,0,1,0,0,0,0,0,69,base,478,448,75,6.2761506276150625,93.33333333333333,100.0,0.0,0.0,16.741071428571427,BJU,0,0,0,0,0,0,0,0,0,0,0,0,0,0,0,0
30,25,5,0,5,3,0,2,0,0,0,0,0,69,B,478,448,75,6.2761506276150625,83.33333333333333,60.0,0.0,0.0,16.741071428571427,BJU,0,0,0,0,0,0,0,0,0,0,0,0,0,0,0,0
20,20,0,0,0,0,0,0,0,0,0,0,0,70,base,478,458,79,4.184100418410042,100.0,,0.0,,17.24890829694323,BJU,0,0,0,0,0,0,0,0,0,0,0,0,0,0,0,0
20,17,3,0,3,2,0,2,0,1,0,0,0,70,B,478,458,79,4.184100418410042,85.0,66.66666666666667,0.0,0.0,17.24890829694323,BJU,0,1,0,0,1,0,1,0,0,1,0,0,0,0,0,0
28,26,2,0,2,2,0,2,0,0,0,0,0,71,base,478,450,74,5.857740585774058,92.85714285714286,100.0,0.0,0.0,16.444444444444443,BJU,0,0,0,0,0,0,0,0,0,0,0,0,0,0,0,0
28,24,4,0,4,2,0,2,0,0,0,0,0,71,B,478,450,74,5.857740585774058,85.71428571428571,50.0,0.0,0.0,16.444444444444443,BJU,0,0,0,0,0,0,0,0,0,0,0,0,0,0,0,0
31,30,1,0,1,1,0,1,0,1,0,0,0,72,base,478,447,71,6.485355648535565,96.7741935483871,100.0,0.0,0.0,15.883668903803132,BJU,0,1,0,0,1,0,1,0,0,1,0,0,0,0,0,0
31,26,5,0,5,2,0,1,0,0,0,0,0,72,B,478,447,71,6.485355648535565,83.87096774193549,40.0,0.0,0.0,15.883668903803132,BJU,0,1,0,0,1,0,0,0,0,0,0,0,0,0,0,0
23,20,3,0,3,2,0,2,0,1,0,0,0,73,base,478,455,77,4.811715481171548,86.95652173913044,66.66666666666667,0.0,0.0,16.923076923076923,BJU,0,1,0,0,1,0,1,0,0,1,0,0,0,0,0,0
23,18,5,0,5,4,0,3,0,2,0,0,0,73,B,478,455,77,4.811715481171548,78.26086956521739,80.0,0.0,0.0,16.923076923076923,BJU,0,1,0,0,1,0,1,0,0,1,0,0,0,0,0,0
24,21,3,0,3,3,0,1,0,0,0,0,0,74,base,478,454,77,5.02092050209205,87.5,100.0,0.0,0.0,16.96035242290749,BJU,0,1,0,0,1,0,0,0,0,0,0,0,0,0,0,0
24,17,7,0,7,4,0,3,0,1,0,0,0,74,B,478,454,77,5.02092050209205,70.83333333333333,57.142857142857146,0.0,0.0,16.96035242290749,BJU,0,2,0,0,2,0,1,0,0,1,0,0,0,0,0,0
26,24,2,0,2,0,0,1,1,0,0,0,0,75,base,478,452,78,5.439330543933054,92.3076923076923,0.0,3.8461538461538463,50.0,17.256637168141594,BJU,0,1,1,0,0,1,0,0,0,0,0,0,0,0,0,0
26,20,6,0,6,3,0,3,1,1,0,0,0,75,B,478,452,78,5.439330543933054,76.92307692307692,50.0,3.8461538461538463,16.666666666666668,17.256637168141594,BJU,0,2,1,0,1,1,1,0,0,1,0,0,0,0,0,0
18,17,1,0,1,1,0,1,0,1,0,0,0,76,base,478,460,77,3.7656903765690375,94.44444444444444,100.0,0.0,0.0,16.73913043478261,BJU,0,1,0,0,1,0,1,0,0,1,0,0,0,0,0,0
18,14,4,0,4,3,0,2,0,0,0,0,0,76,B,478,460,77,3.7656903765690375,77.77777777777777,75.0,0.0,0.0,16.73913043478261,BJU,0,2,0,0,2,0,0,0,0,0,0,0,0,0,0,0
31,29,2,0,2,0,0,0,0,0,0,0,0,77,base,478,447,75,6.485355648535565,93.54838709677419,0.0,0.0,0.0,16.778523489932887,BJU,0,0,0,0,0,0,0,0,0,0,0,0,0,0,0,0
31,28,3,0,3,0,0,0,0,0,0,0,0,77,B,478,447,75,6.485355648535565,90.3225806451613,0.0,0.0,0.0,16.778523489932887,BJU,0,0,0,0,0,0,0,0,0,0,0,0,0,0,0,0
18,16,2,0,2,2,0,2,0,1,0,0,0,78,base,478,460,76,3.7656903765690375,88.88888888888889,100.0,0.0,0.0,16.52173913043478,BJU,0,1,0,0,1,0,1,0,0,1,0,0,0,0,0,0
18,16,2,0,2,2,0,2,0,1,0,0,0,78,B,478,460,76,3.7656903765690375,88.88888888888889,100.0,0.0,0.0,16.52173913043478,BJU,0,1,0,0,1,0,1,0,0,1,0,0,0,0,0,0
25,25,0,0,0,0,0,0,0,0,0,0,0,79,base,478,453,77,5.2301255230125525,100.0,,0.0,,16.997792494481235,BJU,0,0,0,0,0,0,0,0,0,0,0,0,0,0,0,0
25,22,3,0,3,3,0,0,0,0,0,0,0,79,B,478,453,77,5.2301255230125525,88.0,100.0,0.0,0.0,16.997792494481235,BJU,0,0,0,0,0,0,0,0,0,0,0,0,0,0,0,0
23,20,3,0,3,1,0,1,0,1,0,0,0,80,base,478,455,75,4.811715481171548,86.95652173913044,33.333333333333336,0.0,0.0,16.483516483516482,BJU,0,1,0,0,1,0,1,0,0,1,0,0,0,0,0,0
23,18,5,0,5,2,0,2,1,1,0,0,0,80,B,478,455,75,4.811715481171548,78.26086956521739,40.0,4.3478260869565215,20.0,16.483516483516482,BJU,0,1,0,0,1,0,1,0,0,1,0,0,0,0,0,0
27,26,1,0,1,1,0,0,0,0,0,0,0,81,base,478,451,76,5.648535564853557,96.29629629629629,100.0,0.0,0.0,16.851441241685144,BJU,0,1,1,0,0,1,0,0,0,0,0,0,0,0,0,0
27,23,4,1,3,3,0,1,0,0,0,0,0,81,B,478,451,76,5.648535564853557,85.18518518518519,100.0,0.0,0.0,16.851441241685144,BJU,0,1,0,0,1,0,0,0,0,0,0,0,0,0,0,0
25,22,3,0,3,1,0,1,0,1,0,0,0,82,base,478,453,76,5.2301255230125525,88.0,33.333333333333336,0.0,0.0,16.777041942604857,BJU,0,1,0,0,1,0,1,0,0,1,0,0,0,0,0,0
25,19,6,0,6,4,0,3,0,2,0,0,0,82,B,478,453,76,5.2301255230125525,76.0,66.66666666666667,0.0,0.0,16.777041942604857,BJU,0,2,0,0,2,0,2,0,0,2,0,0,0,0,0,0
25,23,2,0,2,1,0,1,0,0,0,0,0,83,base,478,453,78,5.2301255230125525,92.0,50.0,0.0,0.0,17.218543046357617,BJU,0,1,0,0,1,0,0,0,0,0,0,0,0,0,0,0
25,20,5,0,5,1,0,1,0,0,0,0,0,83,B,478,453,78,5.2301255230125525,80.0,20.0,0.0,0.0,17.218543046357617,BJU,0,1,0,0,1,0,0,0,0,0,0,0,0,0,0,0
22,22,0,0,0,0,0,0,0,0,0,0,0,84,base,478,456,76,4.602510460251046,100.0,,0.0,,16.666666666666668,BJU,0,0,0,0,0,0,0,0,0,0,0,0,0,0,0,0
22,20,2,0,2,2,0,2,0,1,0,0,0,84,B,478,456,76,4.602510460251046,90.9090909090909,100.0,0.0,0.0,16.666666666666668,BJU,0,1,0,0,1,0,1,0,0,1,0,0,0,0,0,0
17,15,2,0,2,1,0,1,0,1,0,0,0,85,base,478,461,79,3.5564853556485354,88.23529411764706,50.0,0.0,0.0,17.136659436008678,BJU,0,1,0,0,1,0,1,0,0,1,0,0,0,0,0,0
17,14,3,0,3,2,0,1,0,1,0,0,0,85,B,478,461,79,3.5564853556485354,82.3529411764706,66.66666666666667,0.0,0.0,17.136659436008678,BJU,0,1,0,0,1,0,1,0,0,1,0,0,0,0,0,0
21,19,2,0,2,1,0,1,0,0,0,0,0,86,base,478,457,76,4.393305439330544,90.47619047619048,50.0,0.0,0.0,16.63019693654267,BJU,0,0,0,0,0,0,0,0,0,0,0,0,0,0,0,0
21,16,5,0,5,4,0,3,0,2,0,0,0,86,B,478,457,76,4.393305439330544,76.19047619047619,80.0,0.0,0.0,16.63019693654267,BJU,0,2,0,0,2,0,2,0,0,2,0,0,0,0,0,0
27,25,2,0,2,1,0,0,0,0,0,0,0,87,base,478,451,75,5.648535564853557,92.5925925925926,50.0,0.0,0.0,16.62971175166297,BJU,0,0,0,0,0,0,0,0,0,0,0,0,0,0,0,0
27,23,4,0,4,2,0,1,0,1,0,0,0,87,B,478,451,75,5.648535564853557,85.18518518518519,50.0,0.0,0.0,16.62971175166297,BJU,0,1,0,0,1,0,1,0,0,1,0,0,0,0,0,0
27,23,4,0,4,4,0,2,0,0,0,0,0,88,base,478,451,73,5.648535564853557,85.18518518518519,100.0,0.0,0.0,16.186252771618626,BJU,0,0,0,0,0,0,0,0,0,0,0,0,0,0,0,0
27,22,5,0,5,4,0,1,0,0,0,0,0,88,B,478,451,73,5.648535564853557,81.48148148148148,80.0,0.0,0.0,16.186252771618626,BJU,0,0,0,0,0,0,0,0,0,0,0,0,0,0,0,0
22,18,4,0,4,3,0,2,0,0,0,0,0,89,base,478,456,77,4.602510460251046,81.81818181818181,75.0,0.0,0.0,16.885964912280702,BJU,0,0,0,0,0,0,0,0,0,0,0,0,0,0,0,0
22,17,5,0,5,2,0,2,0,1,0,0,0,89,B,478,456,77,4.602510460251046,77.27272727272727,40.0,0.0,0.0,16.885964912280702,BJU,0,1,0,0,1,0,1,0,0,1,0,0,0,0,0,0
31,30,1,0,1,1,0,0,0,0,0,0,0,90,base,478,447,79,6.485355648535565,96.7741935483871,100.0,0.0,0.0,17.67337807606264,BJU,0,0,0,0,0,0,0,0,0,0,0,0,0,0,0,0
31,30,1,0,1,1,0,0,0,0,0,0,0,90,B,478,447,79,6.485355648535565,96.7741935483871,100.0,0.0,0.0,17.67337807606264,BJU,0,0,0,0,0,0,0,0,0,0,0,0,0,0,0,0
28,27,1,0,1,1,0,1,0,0,0,0,0,91,base,478,450,76,5.857740585774058,96.42857142857143,100.0,0.0,0.0,16.88888888888889,BJU,0,1,0,0,1,0,0,0,0,0,0,0,0,0,0,0
28,23,5,0,5,5,0,3,0,2,0,0,0,91,B,478,450,76,5.857740585774058,82.14285714285714,100.0,0.0,0.0,16.88888888888889,BJU,0,3,0,0,3,0,2,0,0,2,0,0,0,0,0,0
27,25,2,0,2,2,0,2,0,0,0,0,0,92,base,478,451,75,5.648535564853557,92.5925925925926,100.0,0.0,0.0,16.62971175166297,BJU,0,2,0,0,2,0,0,0,0,0,0,0,0,0,0,0
27,19,8,0,8,5,0,3,0,0,0,0,0,92,B,478,451,75,5.648535564853557,70.37037037037037,62.5,0.0,0.0,16.62971175166297,BJU,0,3,0,0,3,0,0,0,0,0,0,0,0,0,0,0
14,14,0,0,0,0,0,0,0,0,0,0,0,93,base,478,464,77,2.928870292887029,100.0,,0.0,,16.594827586206897,BJU,0,0,0,0,0,0,0,0,0,0,0,0,0,0,0,0
14,14,0,0,0,0,0,0,0,0,0,0,0,93,B,478,464,77,2.928870292887029,100.0,,0.0,,16.594827586206897,BJU,0,0,0,0,0,0,0,0,0,0,0,0,0,0,0,0
22,21,1,0,1,1,0,1,0,0,0,0,0,94,base,478,456,77,4.602510460251046,95.45454545454545,100.0,0.0,0.0,16.885964912280702,BJU,0,1,1,0,0,1,0,0,0,0,0,0,0,0,0,0
22,21,1,0,1,1,0,1,0,0,0,0,0,94,B,478,456,77,4.602510460251046,95.45454545454545,100.0,0.0,0.0,16.885964912280702,BJU,0,1,1,0,0,1,0,0,0,0,0,0,0,0,0,0
23,21,2,0,2,1,0,0,0,0,0,0,0,95,base,478,455,73,4.811715481171548,91.30434782608695,50.0,0.0,0.0,16.043956043956044,BJU,0,0,0,0,0,0,0,0,0,0,0,0,0,0,0,0
23,19,4,0,4,2,0,2,1,0,0,0,0,95,B,478,455,73,4.811715481171548,82.6086956521739,50.0,4.3478260869565215,25.0,16.043956043956044,BJU,0,1,0,0,1,0,0,0,0,0,0,0,0,0,0,0
21,20,1,0,1,0,0,0,0,0,0,0,0,96,base,478,457,77,4.393305439330544,95.23809523809524,0.0,0.0,0.0,16.849015317286653,BJU,0,0,0,0,0,0,0,0,0,0,0,0,0,0,0,0
21,19,2,0,2,1,0,1,0,0,0,0,0,96,B,478,457,77,4.393305439330544,90.47619047619048,50.0,0.0,0.0,16.849015317286653,BJU,0,1,0,0,1,0,0,0,0,0,0,0,0,0,0,0
27,24,3,0,3,1,0,1,0,1,0,0,0,97,base,478,451,75,5.648535564853557,88.88888888888889,33.333333333333336,0.0,0.0,16.62971175166297,BJU,0,1,0,0,1,0,1,0,0,1,0,0,0,0,0,0
27,21,6,0,6,4,0,3,0,2,0,0,0,97,B,478,451,75,5.648535564853557,77.77777777777777,66.66666666666667,0.0,0.0,16.62971175166297,BJU,0,3,0,0,3,0,2,0,0,2,0,0,0,0,0,0
27,27,0,0,0,0,0,0,0,0,0,0,0,98,base,478,451,77,5.648535564853557,100.0,,0.0,,17.073170731707318,BJU,0,0,0,0,0,0,0,0,0,0,0,0,0,0,0,0
27,24,3,0,3,1,0,1,0,1,0,0,0,98,B,478,451,77,5.648535564853557,88.88888888888889,33.333333333333336,0.0,0.0,17.073170731707318,BJU,0,1,0,0,1,0,1,0,0,1,0,0,0,0,0,0
27,27,0,0,0,0,0,0,0,0,0,0,0,99,base,478,451,78,5.648535564853557,100.0,,0.0,,17.29490022172949,BJU,0,0,0,0,0,0,0,0,0,0,0,0,0,0,0,0
27,26,1,0,1,0,0,0,0,0,0,0,0,99,B,478,451,78,5.648535564853557,96.29629629629629,0.0,0.0,0.0,17.29490022172949,BJU,0,0,0,0,0,0,0,0,0,0,0,0,0,0,0,0
23,21,2,0,2,1,0,1,0,1,0,0,0,100,base,478,455,75,4.811715481171548,91.30434782608695,50.0,0.0,0.0,16.483516483516482,BJU,0,2,1,0,1,1,1,0,0,1,0,0,0,0,0,0
23,20,3,0,3,1,0,1,0,1,0,0,0,100,B,478,455,75,4.811715481171548,86.95652173913044,33.333333333333336,0.0,0.0,16.483516483516482,BJU,0,2,1,0,1,1,1,0,0,1,0,0,0,0,0,0
24,24,0,0,0,0,0,0,0,0,0,0,0,101,base,478,454,78,5.02092050209205,100.0,,0.0,,17.180616740088105,BJU,0,0,0,0,0,0,0,0,0,0,0,0,0,0,0,0
24,19,5,1,4,3,0,2,0,0,0,0,0,101,B,478,454,78,5.02092050209205,79.16666666666667,75.0,0.0,0.0,17.180616740088105,BJU,0,1,0,0,1,0,0,0,0,0,0,0,0,0,0,0
28,25,3,0,3,2,0,3,1,1,0,0,0,102,base,478,450,77,5.857740585774058,89.28571428571429,66.66666666666667,3.5714285714285716,33.333333333333336,17.11111111111111,BJU,0,2,1,1,2,0,1,0,0,1,0,0,0,0,0,0
28,21,7,0,7,6,0,5,1,2,0,0,0,102,B,478,450,77,5.857740585774058,75.0,85.71428571428571,3.5714285714285716,14.285714285714286,17.11111111111111,BJU,0,3,1,1,3,0,2,0,0,2,0,0,0,0,0,0
32,32,0,0,0,0,0,0,0,0,0,0,0,103,base,478,446,76,6.694560669456067,100.0,,0.0,,17.04035874439462,BJU,0,0,0,0,0,0,0,0,0,0,0,0,0,0,0,0
32,28,4,0,4,2,0,1,0,1,0,0,0,103,B,478,446,76,6.694560669456067,87.5,50.0,0.0,0.0,17.04035874439462,BJU,0,1,0,0,1,0,1,0,0,1,0,0,0,0,0,0
17,16,1,0,1,1,0,0,0,0,0,0,0,104,base,478,461,79,3.5564853556485354,94.11764705882354,100.0,0.0,0.0,17.136659436008678,BJU,0,0,0,0,0,0,0,0,0,0,0,0,0,0,0,0
17,15,2,0,2,1,0,1,0,0,0,0,0,104,B,478,461,79,3.5564853556485354,88.23529411764706,50.0,0.0,0.0,17.136659436008678,BJU,0,1,0,0,1,0,0,0,0,0,0,0,0,0,0,0
26,23,3,0,3,1,0,1,0,0,0,0,0,105,base,478,452,74,5.439330543933054,88.46153846153847,33.333333333333336,0.0,0.0,16.371681415929203,BJU,0,1,0,0,1,0,0,0,0,0,0,0,0,0,0,0
26,21,5,0,5,3,0,1,0,0,0,0,0,105,B,478,452,74,5.439330543933054,80.76923076923077,60.0,0.0,0.0,16.371681415929203,BJU,0,1,0,0,1,0,0,0,0,0,0,0,0,0,0,0
22,22,0,0,0,0,0,0,0,0,0,0,0,106,base,478,456,76,4.602510460251046,100.0,,0.0,,16.666666666666668,BJU,0,0,0,0,0,0,0,0,0,0,0,0,0,0,0,0
22,22,0,0,0,0,0,0,0,0,0,0,0,106,B,478,456,76,4.602510460251046,100.0,,0.0,,16.666666666666668,BJU,0,0,0,0,0,0,0,0,0,0,0,0,0,0,0,0
20,20,0,0,0,0,0,0,0,0,0,0,0,107,base,478,458,76,4.184100418410042,100.0,,0.0,,16.593886462882097,BJU,0,0,0,0,0,0,0,0,0,0,0,0,0,0,0,0
20,16,4,0,4,1,0,0,0,0,0,0,0,107,B,478,458,76,4.184100418410042,80.0,25.0,0.0,0.0,16.593886462882097,BJU,0,0,0,0,0,0,0,0,0,0,0,0,0,0,0,0
23,23,0,0,0,0,0,0,0,0,0,0,0,108,base,478,455,74,4.811715481171548,100.0,,0.0,,16.263736263736263,BJU,0,0,0,0,0,0,0,0,0,0,0,0,0,0,0,0
23,20,3,0,3,2,0,1,0,0,0,0,0,108,B,478,455,74,4.811715481171548,86.95652173913044,66.66666666666667,0.0,0.0,16.263736263736263,BJU,0,1,0,0,1,0,0,0,0,0,0,0,0,0,0,0
31,28,3,0,3,2,0,2,0,0,0,0,0,109,base,478,447,76,6.485355648535565,90.3225806451613,66.66666666666667,0.0,0.0,17.002237136465325,BJU,0,0,0,0,0,0,0,0,0,0,0,0,0,0,0,0
31,24,7,0,7,6,0,4,0,1,0,0,0,109,B,478,447,76,6.485355648535565,77.41935483870968,85.71428571428571,0.0,0.0,17.002237136465325,BJU,0,2,0,0,2,0,1,0,0,1,0,0,0,0,0,0
24,23,1,0,1,0,0,0,0,0,0,0,0,110,base,478,454,78,5.02092050209205,95.83333333333333,0.0,0.0,0.0,17.180616740088105,BJU,0,0,0,0,0,0,0,0,0,0,0,0,0,0,0,0
24,22,2,0,2,0,0,0,0,0,0,0,0,110,B,478,454,78,5.02092050209205,91.66666666666667,0.0,0.0,0.0,17.180616740088105,BJU,0,0,0,0,0,0,0,0,0,0,0,0,0,0,0,0
23,23,0,0,0,0,0,0,0,0,0,0,0,111,base,478,455,78,4.811715481171548,100.0,,0.0,,17.142857142857142,BJU,0,1,1,0,0,1,0,0,0,0,0,0,0,0,0,0
23,23,0,0,0,0,0,0,0,0,0,0,0,111,B,478,455,78,4.811715481171548,100.0,,0.0,,17.142857142857142,BJU,0,1,1,0,0,1,0,0,0,0,0,0,0,0,0,0
24,23,1,0,1,0,0,0,0,0,0,0,0,112,base,478,454,77,5.02092050209205,95.83333333333333,0.0,0.0,0.0,16.96035242290749,BJU,0,0,0,0,0,0,0,0,0,0,0,0,0,0,0,0
24,20,4,0,4,3,0,1,0,1,0,0,0,112,B,478,454,77,5.02092050209205,83.33333333333333,75.0,0.0,0.0,16.96035242290749,BJU,0,1,0,0,1,0,1,0,0,1,0,0,0,0,0,0
34,32,2,0,2,2,0,1,0,0,0,0,0,113,base,478,444,77,7.112970711297071,94.11764705882354,100.0,0.0,0.0,17.34234234234234,BJU,0,0,0,0,0,0,0,0,0,0,0,0,0,0,0,0
34,29,5,0,5,4,0,2,0,0,0,0,0,113,B,478,444,77,7.112970711297071,85.29411764705883,80.0,0.0,0.0,17.34234234234234,BJU,0,1,0,0,1,0,0,0,0,0,0,0,0,0,0,0
25,25,0,0,0,0,0,0,0,0,0,0,0,114,base,478,453,74,5.2301255230125525,100.0,,0.0,,16.335540838852097,BJU,0,0,0,0,0,0,0,0,0,0,0,0,0,0,0,0
25,25,0,0,0,0,0,0,0,0,0,0,0,114,B,478,453,74,5.2301255230125525,100.0,,0.0,,16.335540838852097,BJU,0,0,0,0,0,0,0,0,0,0,0,0,0,0,0,0
19,18,1,0,1,1,0,1,0,0,0,0,0,115,base,478,459,77,3.9748953974895396,94.73684210526316,100.0,0.0,0.0,16.775599128540303,BJU,0,1,0,0,1,0,0,0,0,0,0,0,0,0,0,0
19,14,5,0,5,5,0,4,0,0,0,0,0,115,B,478,459,77,3.9748953974895396,73.6842105263158,100.0,0.0,0.0,16.775599128540303,BJU,0,4,0,0,4,0,0,0,0,0,0,0,0,0,0,0
26,25,1,0,1,0,0,0,0,0,0,0,0,116,base,478,452,75,5.439330543933054,96.15384615384616,0.0,0.0,0.0,16.5929203539823,BJU,0,0,0,0,0,0,0,0,0,0,0,0,0,0,0,0
26,23,3,0,3,1,0,1,0,0,0,0,0,116,B,478,452,75,5.439330543933054,88.46153846153847,33.333333333333336,0.0,0.0,16.5929203539823,BJU,0,1,0,0,1,0,0,0,0,0,0,0,0,0,0,0
19,16,3,0,3,2,0,2,0,0,0,0,0,117,base,478,459,76,3.9748953974895396,84.21052631578948,66.66666666666667,0.0,0.0,16.55773420479303,BJU,0,1,0,0,1,0,0,0,0,0,0,0,0,0,0,0
19,16,3,0,3,2,0,2,0,0,0,0,0,117,B,478,459,76,3.9748953974895396,84.21052631578948,66.66666666666667,0.0,0.0,16.55773420479303,BJU,0,1,0,0,1,0,0,0,0,0,0,0,0,0,0,0
23,22,1,0,1,1,0,1,0,1,0,0,0,118,base,478,455,76,4.811715481171548,95.65217391304348,100.0,0.0,0.0,16.703296703296704,BJU,0,1,0,0,1,0,1,0,0,1,0,0,0,0,0,0
23,22,1,0,1,1,0,1,0,1,0,0,0,118,B,478,455,76,4.811715481171548,95.65217391304348,100.0,0.0,0.0,16.703296703296704,BJU,0,1,0,0,1,0,1,0,0,1,0,0,0,0,0,0
24,23,1,0,1,1,0,1,0,0,0,0,0,119,base,478,454,75,5.02092050209205,95.83333333333333,100.0,0.0,0.0,16.519823788546255,BJU,0,0,0,0,0,0,0,0,0,0,0,0,0,0,0,0
24,23,1,0,1,1,0,1,0,0,0,0,0,119,B,478,454,75,5.02092050209205,95.83333333333333,100.0,0.0,0.0,16.519823788546255,BJU,0,0,0,0,0,0,0,0,0,0,0,0,0,0,0,0
24,24,0,0,0,0,0,0,0,0,0,0,0,120,base,478,454,77,5.02092050209205,100.0,,0.0,,16.96035242290749,BJU,0,0,0,0,0,0,0,0,0,0,0,0,0,0,0,0
24,21,3,0,3,1,0,1,0,0,0,0,0,120,B,478,454,77,5.02092050209205,87.5,33.333333333333336,0.0,0.0,16.96035242290749,BJU,0,0,0,0,0,0,0,0,0,0,0,0,0,0,0,0
25,21,4,0,4,2,0,2,0,0,0,0,0,121,base,478,453,77,5.2301255230125525,84.0,50.0,0.0,0.0,16.997792494481235,BJU,0,1,0,0,1,0,0,0,0,0,0,0,0,0,0,0
25,16,9,0,9,5,0,4,0,1,0,0,0,121,B,478,453,77,5.2301255230125525,64.0,55.55555555555556,0.0,0.0,16.997792494481235,BJU,0,2,0,0,2,0,1,0,0,1,0,0,0,0,0,0
17,17,0,0,0,0,0,0,0,0,0,0,0,122,base,478,461,77,3.5564853556485354,100.0,,0.0,,16.702819956616054,BJU,0,0,0,0,0,0,0,0,0,0,0,0,0,0,0,0
17,16,1,0,1,0,0,0,0,0,0,0,0,122,B,478,461,77,3.5564853556485354,94.11764705882354,0.0,0.0,0.0,16.702819956616054,BJU,0,0,0,0,0,0,0,0,0,0,0,0,0,0,0,0
22,20,2,0,2,2,0,1,0,0,0,0,0,123,base,478,456,77,4.602510460251046,90.9090909090909,100.0,0.0,0.0,16.885964912280702,BJU,0,1,0,0,1,0,0,0,0,0,0,0,0,0,0,0
22,19,3,0,3,3,0,2,0,1,0,0,0,123,B,478,456,77,4.602510460251046,86.36363636363636,100.0,0.0,0.0,16.885964912280702,BJU,0,2,0,0,2,0,1,0,0,1,0,0,0,0,0,0
27,27,0,0,0,0,0,0,0,0,0,0,0,124,base,478,451,75,5.648535564853557,100.0,,0.0,,16.62971175166297,BJU,0,0,0,0,0,0,0,0,0,0,0,0,0,0,0,0
27,25,2,0,2,2,0,1,0,1,0,0,0,124,B,478,451,75,5.648535564853557,92.5925925925926,100.0,0.0,0.0,16.62971175166297,BJU,0,1,0,0,1,0,1,0,0,1,0,0,0,0,0,0
28,28,0,0,0,0,0,0,0,0,0,0,0,125,base,478,450,73,5.857740585774058,100.0,,0.0,,16.22222222222222,BJU,0,0,0,0,0,0,0,0,0,0,0,0,0,0,0,0
28,26,2,0,2,2,0,1,0,0,0,0,0,125,B,478,450,73,5.857740585774058,92.85714285714286,100.0,0.0,0.0,16.22222222222222,BJU,0,0,0,0,0,0,0,0,0,0,0,0,0,0,0,0
30,27,3,0,3,2,0,1,1,0,0,0,0,126,base,478,448,75,6.2761506276150625,90.0,66.66666666666667,3.3333333333333335,33.333333333333336,16.741071428571427,BJU,0,1,1,0,0,1,0,0,0,0,0,0,0,0,0,0
30,23,7,2,5,1,0,1,1,0,0,0,0,126,B,478,448,75,6.2761506276150625,76.66666666666667,20.0,3.3333333333333335,14.285714285714286,16.741071428571427,BJU,0,1,1,0,0,1,0,0,0,0,0,0,0,0,0,0
24,23,1,0,1,0,0,0,0,0,0,0,0,127,base,478,454,74,5.02092050209205,95.83333333333333,0.0,0.0,0.0,16.29955947136564,BJU,0,0,0,0,0,0,0,0,0,0,0,0,0,0,0,0
24,22,2,0,2,1,0,0,0,0,0,0,0,127,B,478,454,74,5.02092050209205,91.66666666666667,50.0,0.0,0.0,16.29955947136564,BJU,0,0,0,0,0,0,0,0,0,0,0,0,0,0,0,0
30,28,2,0,2,1,0,1,0,0,0,0,0,128,base,478,448,71,6.2761506276150625,93.33333333333333,50.0,0.0,0.0,15.848214285714286,BJU,0,1,0,0,1,0,0,0,0,0,0,0,0,0,0,0
30,25,5,0,5,5,0,3,0,0,0,0,0,128,B,478,448,71,6.2761506276150625,83.33333333333333,100.0,0.0,0.0,15.848214285714286,BJU,0,1,0,0,1,0,0,0,0,0,0,0,0,0,0,0
20,19,1,0,1,0,0,0,0,0,0,0,0,129,base,478,458,78,4.184100418410042,95.0,0.0,0.0,0.0,17.03056768558952,BJU,0,1,1,0,0,1,0,0,0,0,0,0,0,0,0,0
20,18,2,0,2,1,0,1,0,0,0,0,0,129,B,478,458,78,4.184100418410042,90.0,50.0,0.0,0.0,17.03056768558952,BJU,0,2,1,0,1,1,0,0,0,0,0,0,0,0,0,0
18,15,3,0,3,2,0,1,0,1,0,0,0,130,base,478,460,75,3.7656903765690375,83.33333333333333,66.66666666666667,0.0,0.0,16.304347826086957,BJU,0,1,0,0,1,0,1,0,0,1,0,0,0,0,0,0
18,14,4,0,4,2,0,1,0,1,0,0,0,130,B,478,460,75,3.7656903765690375,77.77777777777777,50.0,0.0,0.0,16.304347826086957,BJU,0,1,0,0,1,0,1,0,0,1,0,0,0,0,0,0
22,20,2,0,2,2,0,1,0,0,0,0,0,131,base,478,456,76,4.602510460251046,90.9090909090909,100.0,0.0,0.0,16.666666666666668,BJU,0,1,0,0,1,0,0,0,0,0,0,0,0,0,0,0
22,18,4,0,4,1,0,1,0,0,0,0,0,131,B,478,456,76,4.602510460251046,81.81818181818181,25.0,0.0,0.0,16.666666666666668,BJU,0,1,0,0,1,0,0,0,0,0,0,0,0,0,0,0
19,19,0,0,0,0,0,0,0,0,0,0,0,132,base,478,459,75,3.9748953974895396,100.0,,0.0,,16.33986928104575,BJU,0,0,0,0,0,0,0,0,0,0,0,0,0,0,0,0
19,17,2,0,2,1,0,1,0,0,0,0,0,132,B,478,459,75,3.9748953974895396,89.47368421052632,50.0,0.0,0.0,16.33986928104575,BJU,0,0,0,0,0,0,0,0,0,0,0,0,0,0,0,0
19,18,1,0,1,1,0,1,0,0,0,0,0,133,base,478,459,76,3.9748953974895396,94.73684210526316,100.0,0.0,0.0,16.55773420479303,BJU,0,1,0,0,1,0,0,0,0,0,0,0,0,0,0,0
19,16,3,0,3,2,0,2,0,0,0,0,0,133,B,478,459,76,3.9748953974895396,84.21052631578948,66.66666666666667,0.0,0.0,16.55773420479303,BJU,0,2,0,0,2,0,0,0,0,0,0,0,0,0,0,0
27,27,0,0,0,0,0,0,0,0,0,0,0,134,base,478,451,78,5.648535564853557,100.0,,0.0,,17.29490022172949,BJU,0,0,0,0,0,0,0,0,0,0,0,0,0,0,0,0
27,23,4,0,4,3,0,2,0,1,0,0,0,134,B,478,451,78,5.648535564853557,85.18518518518519,75.0,0.0,0.0,17.29490022172949,BJU,0,1,0,0,1,0,1,0,0,1,0,0,0,0,0,0
30,30,0,0,0,0,0,0,0,0,0,0,0,135,base,478,448,74,6.2761506276150625,100.0,,0.0,,16.517857142857142,BJU,0,1,1,0,0,1,0,0,0,0,0,0,0,0,0,0
30,27,3,0,3,2,0,0,0,0,0,0,0,135,B,478,448,74,6.2761506276150625,90.0,66.66666666666667,0.0,0.0,16.517857142857142,BJU,0,1,1,0,0,1,0,0,0,0,0,0,0,0,0,0
20,18,2,0,2,1,0,1,0,0,0,0,0,136,base,478,458,76,4.184100418410042,90.0,50.0,0.0,0.0,16.593886462882097,BJU,0,1,0,0,1,0,0,0,0,0,0,0,0,0,0,0
20,16,4,0,4,3,0,2,0,1,0,0,0,136,B,478,458,76,4.184100418410042,80.0,75.0,0.0,0.0,16.593886462882097,BJU,0,2,0,0,2,0,1,0,0,1,0,0,0,0,0,0
30,28,2,0,2,2,0,1,0,0,0,0,0,137,base,478,448,72,6.2761506276150625,93.33333333333333,100.0,0.0,0.0,16.071428571428573,BJU,0,0,0,0,0,0,0,0,0,0,0,0,0,0,0,0
30,28,2,0,2,1,0,1,0,0,0,0,0,137,B,478,448,72,6.2761506276150625,93.33333333333333,50.0,0.0,0.0,16.071428571428573,BJU,0,0,0,0,0,0,0,0,0,0,0,0,0,0,0,0
25,25,0,0,0,0,0,0,0,0,0,0,0,138,base,478,453,73,5.2301255230125525,100.0,,0.0,,16.11479028697572,BJU,0,0,0,0,0,0,0,0,0,0,0,0,0,0,0,0
25,21,4,0,4,3,0,3,0,0,0,0,0,138,B,478,453,73,5.2301255230125525,84.0,75.0,0.0,0.0,16.11479028697572,BJU,0,2,0,0,2,0,0,0,0,0,0,0,0,0,0,0
26,25,1,0,1,1,0,1,0,1,0,0,0,139,base,478,452,76,5.439330543933054,96.15384615384616,100.0,0.0,0.0,16.8141592920354,BJU,0,1,0,0,1,0,1,0,0,1,0,0,0,0,0,0
26,22,4,0,4,4,0,3,0,1,0,0,0,139,B,478,452,76,5.439330543933054,84.61538461538461,100.0,0.0,0.0,16.8141592920354,BJU,0,3,0,0,3,0,1,0,0,1,0,0,0,0,0,0
26,25,1,0,1,1,0,1,0,1,0,0,0,140,base,478,452,76,5.439330543933054,96.15384615384616,100.0,0.0,0.0,16.8141592920354,BJU,0,1,0,0,1,0,1,0,0,1,0,0,0,0,0,0
26,22,4,0,4,3,0,3,0,3,0,0,0,140,B,478,452,76,5.439330543933054,84.61538461538461,75.0,0.0,0.0,16.8141592920354,BJU,0,3,0,0,3,0,3,0,0,3,0,0,0,0,0,0
29,25,4,0,4,1,0,1,0,0,0,0,0,141,base,478,449,78,6.066945606694561,86.20689655172414,25.0,0.0,0.0,17.37193763919822,BJU,0,1,0,0,1,0,0,0,0,0,0,0,0,0,0,0
29,22,7,0,7,2,0,1,0,0,0,0,0,141,B,478,449,78,6.066945606694561,75.86206896551724,28.571428571428573,0.0,0.0,17.37193763919822,BJU,0,1,0,0,1,0,0,0,0,0,0,0,0,0,0,0
77,75,2,0,2,2,0,1,0,1,0,0,0,42,base,1656,1579,197,4.64975845410628,97.40259740259741,100.0,0.0,0.0,12.476250791640279,CAM,0,1,0,0,1,0,1,0,0,1,0,0,0,0,0,0
77,69,8,0,8,4,0,4,0,2,0,0,0,42,B,1656,1579,197,4.64975845410628,89.6103896103896,50.0,0.0,0.0,12.476250791640279,CAM,0,1,0,0,1,0,1,0,0,1,0,0,0,0,0,0
81,78,3,0,3,2,0,0,0,0,0,0,0,43,base,1656,1575,204,4.891304347826087,96.29629629629629,66.66666666666667,0.0,0.0,12.952380952380953,CAM,0,0,0,0,0,0,0,0,0,0,0,0,0,0,0,0
81,70,11,0,11,5,0,3,0,0,0,0,0,43,B,1656,1575,204,4.891304347826087,86.41975308641975,45.45454545454545,0.0,0.0,12.952380952380953,CAM,0,1,0,0,1,0,0,0,0,0,0,0,0,0,0,0
89,86,3,0,3,1,0,0,0,0,0,0,0,44,base,1656,1567,201,5.374396135265701,96.62921348314607,33.333333333333336,0.0,0.0,12.827058072750479,CAM,0,0,0,0,0,0,0,0,0,0,0,0,0,0,0,0
89,76,13,0,13,7,0,4,0,2,0,0,0,44,B,1656,1567,201,5.374396135265701,85.3932584269663,53.84615384615385,0.0,0.0,12.827058072750479,CAM,0,3,0,0,3,0,2,0,0,2,0,0,0,0,0,0
73,70,3,0,3,3,0,2,0,1,0,0,0,45,base,1656,1583,192,4.408212560386473,95.89041095890411,100.0,0.0,0.0,12.128869235628553,CAM,0,1,0,0,1,0,1,0,0,1,0,0,0,0,0,0
73,65,8,0,8,4,0,4,2,1,0,0,0,45,B,1656,1583,192,4.408212560386473,89.04109589041096,50.0,2.73972602739726,25.0,12.128869235628553,CAM,0,2,0,0,2,0,1,0,0,1,0,0,0,0,0,0
84,80,4,0,4,3,0,2,0,1,0,0,0,46,base,1656,1572,199,5.072463768115942,95.23809523809524,75.0,0.0,0.0,12.659033078880407,CAM,0,1,0,0,1,0,1,0,0,1,0,0,0,0,0,0
84,71,13,0,13,10,0,8,1,2,0,0,0,46,B,1656,1572,199,5.072463768115942,84.52380952380952,76.92307692307692,1.1904761904761905,7.6923076923076925,12.659033078880407,CAM,0,6,0,0,6,0,2,0,0,2,0,0,0,0,0,0
73,71,2,0,2,2,0,1,0,0,0,0,0,47,base,1656,1583,203,4.408212560386473,97.26027397260275,100.0,0.0,0.0,12.823752368919772,CAM,0,1,0,0,1,0,0,0,0,0,0,0,0,0,0,0
73,64,9,1,8,3,0,2,0,1,0,0,0,47,B,1656,1583,203,4.408212560386473,87.67123287671232,37.5,0.0,0.0,12.823752368919772,CAM,0,1,0,0,1,0,1,0,0,1,0,0,0,0,0,0
99,96,3,0,3,2,0,0,0,0,0,0,0,48,base,1656,1557,200,5.978260869565218,96.96969696969697,66.66666666666667,0.0,0.0,12.845215157353886,CAM,0,2,2,0,0,2,0,0,0,0,0,0,0,0,0,0
99,86,13,0,13,6,0,4,1,1,0,0,0,48,B,1656,1557,200,5.978260869565218,86.86868686868686,46.15384615384615,1.0101010101010102,7.6923076923076925,12.845215157353886,CAM,0,5,3,1,3,2,1,0,0,1,0,0,0,0,0,0
85,77,8,0,8,5,0,5,0,1,0,0,0,49,base,1656,1571,201,5.132850241545894,90.58823529411765,62.5,0.0,0.0,12.79439847231063,CAM,0,5,2,0,3,2,1,0,0,1,0,0,0,0,0,0
85,70,15,1,14,7,0,9,2,1,0,0,0,49,B,1656,1571,201,5.132850241545894,82.3529411764706,50.0,2.3529411764705883,13.333333333333334,12.79439847231063,CAM,0,7,1,0,6,1,1,0,0,1,0,0,0,0,0,0
101,95,6,0,6,3,0,5,2,2,0,0,0,50,base,1656,1555,197,6.099033816425121,94.05940594059406,50.0,1.9801980198019802,33.333333333333336,12.668810289389068,CAM,0,2,0,0,2,0,2,0,0,2,0,0,0,0,0,0
101,86,15,1,14,11,1,7,0,4,0,0,0,50,B,1656,1555,197,6.099033816425121,85.14851485148515,78.57142857142857,0.0,0.0,12.668810289389068,CAM,0,6,0,0,6,0,4,0,0,4,0,0,0,0,0,0
84,81,3,0,3,3,0,3,0,2,0,0,0,51,base,1656,1572,205,5.072463768115942,96.42857142857143,100.0,0.0,0.0,13.040712468193384,CAM,0,3,0,0,3,0,2,0,0,2,0,0,0,0,0,0
84,75,9,0,9,6,0,5,0,3,0,0,0,51,B,1656,1572,205,5.072463768115942,89.28571428571429,66.66666666666667,0.0,0.0,13.040712468193384,CAM,0,5,0,0,5,0,3,0,0,3,0,0,0,0,0,0
99,97,2,0,2,2,0,0,0,0,0,0,0,52,base,1656,1557,200,5.978260869565218,97.97979797979798,100.0,0.0,0.0,12.845215157353886,CAM,0,1,1,0,0,1,0,0,0,0,0,0,0,0,0,0
99,91,8,0,8,6,0,4,0,2,0,0,0,52,B,1656,1557,200,5.978260869565218,91.91919191919192,75.0,0.0,0.0,12.845215157353886,CAM,0,5,1,0,4,1,2,0,0,2,0,0,0,0,0,0
72,68,4,0,4,4,0,3,0,2,0,0,0,53,base,1656,1584,203,4.3478260869565215,94.44444444444444,100.0,0.0,0.0,12.815656565656566,CAM,0,3,0,0,3,0,2,0,0,2,0,0,0,0,0,0
72,61,11,0,11,8,0,5,1,2,0,0,0,53,B,1656,1584,203,4.3478260869565215,84.72222222222223,72.72727272727273,1.3888888888888888,9.090909090909092,12.815656565656566,CAM,0,4,1,1,4,0,2,0,0,2,0,0,0,0,0,0
82,74,8,0,8,4,0,3,0,1,0,0,0,54,base,1656,1574,204,4.951690821256038,90.2439024390244,50.0,0.0,0.0,12.960609911054638,CAM,0,1,0,0,1,0,1,0,0,1,0,0,0,0,0,0
82,69,13,0,13,6,0,5,0,1,0,0,0,54,B,1656,1574,204,4.951690821256038,84.14634146341463,46.15384615384615,0.0,0.0,12.960609911054638,CAM,0,2,0,0,2,0,1,0,0,1,0,0,0,0,0,0
80,78,2,0,2,1,0,0,0,0,0,0,0,55,base,1656,1576,202,4.830917874396135,97.5,50.0,0.0,0.0,12.817258883248732,CAM,0,1,1,0,0,1,0,0,0,0,0,0,0,0,0,0
80,64,16,0,16,9,0,5,0,2,0,0,0,55,B,1656,1576,202,4.830917874396135,80.0,56.25,0.0,0.0,12.817258883248732,CAM,0,3,1,0,2,1,1,0,0,1,0,0,0,0,0,0
64,59,5,0,5,4,0,3,0,1,0,0,0,56,base,1656,1592,203,3.864734299516908,92.1875,80.0,0.0,0.0,12.751256281407036,CAM,0,1,0,0,1,0,1,0,0,1,0,0,0,0,0,0
64,54,10,0,10,7,0,6,0,2,0,0,0,56,B,1656,1592,203,3.864734299516908,84.375,70.0,0.0,0.0,12.751256281407036,CAM,0,3,0,0,3,0,2,0,0,2,0,0,0,0,0,0
77,76,1,0,1,1,0,1,0,0,0,0,0,57,base,1656,1579,204,4.64975845410628,98.7012987012987,100.0,0.0,0.0,12.91956934768841,CAM,0,2,1,0,1,1,0,0,0,0,0,0,0,0,0,0
77,68,9,0,9,7,0,5,0,1,0,0,0,57,B,1656,1579,204,4.64975845410628,88.31168831168831,77.77777777777777,0.0,0.0,12.91956934768841,CAM,0,3,1,0,2,1,1,0,0,1,0,0,0,0,0,0
98,97,1,0,1,1,0,1,0,0,0,0,0,58,base,1656,1558,199,5.917874396135265,98.9795918367347,100.0,0.0,0.0,12.772785622593068,CAM,0,1,0,0,1,0,0,0,0,0,0,0,0,0,0,0
98,92,6,0,6,3,0,2,0,0,0,0,0,58,B,1656,1558,199,5.917874396135265,93.87755102040816,50.0,0.0,0.0,12.772785622593068,CAM,0,2,0,0,2,0,0,0,0,0,0,0,0,0,0,0
91,82,9,0,9,6,0,7,1,3,0,0,0,59,base,1656,1565,205,5.495169082125604,90.10989010989012,66.66666666666667,1.098901098901099,11.11111111111111,13.099041533546325,CAM,0,6,1,0,5,1,3,0,0,3,0,0,0,0,0,0
91,72,19,0,19,10,0,9,1,5,0,0,0,59,B,1656,1565,205,5.495169082125604,79.12087912087912,52.63157894736842,1.098901098901099,5.2631578947368425,13.099041533546325,CAM,0,8,1,0,7,1,5,0,0,5,0,0,0,0,0,0
104,98,6,0,6,4,0,3,0,3,0,0,0,60,base,1656,1552,204,6.280193236714976,94.23076923076923,66.66666666666667,0.0,0.0,13.144329896907216,CAM,0,4,1,0,3,1,3,0,0,3,0,0,0,0,0,0
104,89,15,0,15,9,0,7,0,5,0,0,0,60,B,1656,1552,204,6.280193236714976,85.57692307692308,60.0,0.0,0.0,13.144329896907216,CAM,0,6,1,0,5,1,5,0,0,5,0,0,0,0,0,0
68,63,5,0,5,3,0,3,0,1,0,0,0,61,base,1656,1588,209,4.106280193236715,92.6470588235294,60.0,0.0,0.0,13.161209068010075,CAM,0,1,0,0,1,0,1,0,0,1,0,0,0,0,0,0
68,57,11,0,11,6,0,8,2,2,0,0,0,61,B,1656,1588,209,4.106280193236715,83.82352941176471,54.54545454545455,2.9411764705882355,18.181818181818183,13.161209068010075,CAM,0,4,1,1,4,0,2,0,0,2,0,0,0,0,0,0
84,79,5,0,5,3,0,2,0,1,0,0,0,62,base,1656,1572,204,5.072463768115942,94.04761904761905,60.0,0.0,0.0,12.977099236641221,CAM,0,1,0,0,1,0,1,0,0,1,0,0,0,0,0,0
84,72,12,1,11,6,0,5,0,2,0,0,0,62,B,1656,1572,204,5.072463768115942,85.71428571428571,54.54545454545455,0.0,0.0,12.977099236641221,CAM,0,3,0,0,3,0,2,0,0,2,0,0,0,0,0,0
87,87,0,0,0,0,0,0,0,0,0,0,0,63,base,1656,1569,202,5.253623188405797,100.0,,0.0,,12.874442319949011,CAM,0,0,0,0,0,0,0,0,0,0,0,0,0,0,0,0
87,79,8,0,8,5,0,4,0,0,0,0,0,63,B,1656,1569,202,5.253623188405797,90.80459770114942,62.5,0.0,0.0,12.874442319949011,CAM,0,1,0,0,1,0,0,0,0,0,0,0,0,0,0,0
89,84,5,0,5,4,0,2,0,0,0,0,0,64,base,1656,1567,202,5.374396135265701,94.38202247191012,80.0,0.0,0.0,12.890874282067646,CAM,0,1,0,0,1,0,0,0,0,0,0,0,0,0,0,0
89,77,12,1,11,7,0,6,0,2,0,0,0,64,B,1656,1567,202,5.374396135265701,86.51685393258427,63.63636363636363,0.0,0.0,12.890874282067646,CAM,0,4,0,0,4,0,2,0,0,2,0,0,0,0,0,0
97,89,8,0,8,6,0,2,0,0,0,0,0,65,base,1656,1559,197,5.857487922705314,91.75257731958763,75.0,0.0,0.0,12.636305323925594,CAM,0,1,0,0,1,0,0,0,0,0,0,0,0,0,0,0
97,82,15,1,14,7,0,5,0,2,0,0,0,65,B,1656,1559,197,5.857487922705314,84.5360824742268,50.0,0.0,0.0,12.636305323925594,CAM,0,4,0,0,4,0,2,0,0,2,0,0,0,0,0,0
93,90,3,0,3,2,0,1,0,0,0,0,0,66,base,1656,1563,199,5.615942028985507,96.7741935483871,66.66666666666667,0.0,0.0,12.731925783749201,CAM,0,2,1,0,1,1,0,0,0,0,0,0,0,0,0,0
93,83,10,0,10,5,0,4,0,1,0,0,0,66,B,1656,1563,199,5.615942028985507,89.24731182795699,50.0,0.0,0.0,12.731925783749201,CAM,0,4,1,0,3,1,1,0,0,1,0,0,0,0,0,0
83,80,3,0,3,2,0,1,0,1,0,0,0,67,base,1656,1573,201,5.01207729468599,96.3855421686747,66.66666666666667,0.0,0.0,12.778130959949141,CAM,0,3,2,0,1,2,1,0,0,1,0,0,0,0,0,0
83,73,10,0,10,6,0,3,0,1,0,0,0,67,B,1656,1573,201,5.01207729468599,87.95180722891567,60.0,0.0,0.0,12.778130959949141,CAM,0,4,2,0,2,2,1,0,0,1,0,0,0,0,0,0
89,85,4,0,4,2,0,2,0,1,0,0,0,68,base,1656,1567,204,5.374396135265701,95.50561797752809,50.0,0.0,0.0,13.018506700701979,CAM,0,1,0,0,1,0,1,0,0,1,0,0,0,0,0,0
89,73,16,0,16,13,0,11,0,4,0,0,0,68,B,1656,1567,204,5.374396135265701,82.02247191011236,81.25,0.0,0.0,13.018506700701979,CAM,0,10,0,0,10,0,4,0,0,4,0,0,0,0,0,0
79,73,6,0,6,3,0,3,0,0,0,0,0,69,base,1656,1577,206,4.770531400966184,92.40506329113924,50.0,0.0,0.0,13.06277742549144,CAM,0,3,1,0,2,1,0,0,0,0,0,0,0,0,0,0
79,67,12,0,12,5,0,5,1,0,0,0,0,69,B,1656,1577,206,4.770531400966184,84.81012658227849,41.666666666666664,1.2658227848101267,8.333333333333334,13.06277742549144,CAM,0,3,0,0,2,1,0,0,0,0,0,0,0,0,0,0
74,70,4,0,4,4,0,3,0,1,0,0,0,70,base,1656,1582,205,4.468599033816425,94.5945945945946,100.0,0.0,0.0,12.9582806573957,CAM,0,4,1,0,3,1,1,0,0,1,0,0,0,0,0,0
74,63,11,0,11,10,0,5,0,1,0,0,0,70,B,1656,1582,205,4.468599033816425,85.13513513513513,90.9090909090909,0.0,0.0,12.9582806573957,CAM,0,5,1,0,4,1,1,0,0,1,0,0,0,0,0,0
84,77,7,0,7,5,0,5,0,0,0,0,0,71,base,1656,1572,206,5.072463768115942,91.66666666666667,71.42857142857143,0.0,0.0,13.104325699745548,CAM,0,4,0,0,4,0,0,0,0,0,0,0,0,0,0,0
84,67,17,0,17,12,0,10,0,1,0,0,0,71,B,1656,1572,206,5.072463768115942,79.76190476190476,70.58823529411765,0.0,0.0,13.104325699745548,CAM,0,7,0,0,7,0,1,0,0,1,0,0,0,0,0,0
75,72,3,0,3,2,0,2,0,1,0,0,0,72,base,1656,1581,208,4.528985507246377,96.0,66.66666666666667,0.0,0.0,13.156230234029096,CAM,0,3,1,0,2,1,1,0,0,1,0,0,0,0,0,0
75,63,12,0,12,6,0,3,0,2,0,0,0,72,B,1656,1581,208,4.528985507246377,84.0,50.0,0.0,0.0,13.156230234029096,CAM,0,3,0,0,3,0,2,0,0,2,0,0,0,0,0,0
95,90,5,0,5,4,0,4,0,1,0,0,0,73,base,1656,1561,198,5.736714975845411,94.73684210526316,80.0,0.0,0.0,12.684176809737348,CAM,0,4,0,0,4,0,1,0,0,1,0,0,0,0,0,0
95,76,19,1,18,13,0,11,0,3,0,0,0,73,B,1656,1561,198,5.736714975845411,80.0,72.22222222222223,0.0,0.0,12.684176809737348,CAM,0,7,0,0,7,0,3,0,0,3,0,0,0,0,0,0
83,80,3,0,3,2,0,0,0,0,0,0,0,74,base,1656,1573,205,5.01207729468599,96.3855421686747,66.66666666666667,0.0,0.0,13.032422123331214,CAM,0,0,0,0,0,0,0,0,0,0,0,0,0,0,0,0
83,72,11,0,11,3,0,2,0,1,0,0,0,74,B,1656,1573,205,5.01207729468599,86.74698795180723,27.272727272727273,0.0,0.0,13.032422123331214,CAM,0,2,0,0,2,0,1,0,0,1,0,0,0,0,0,0
73,68,5,0,5,2,0,1,0,1,0,0,0,75,base,1656,1583,200,4.408212560386473,93.15068493150685,40.0,0.0,0.0,12.634238787113077,CAM,0,1,0,0,1,0,1,0,0,1,0,0,0,0,0,0
73,56,17,0,17,12,0,9,0,3,0,0,0,75,B,1656,1583,200,4.408212560386473,76.71232876712328,70.58823529411765,0.0,0.0,12.634238787113077,CAM,0,6,0,0,6,0,3,0,0,3,0,0,0,0,0,0
83,78,5,0,5,4,0,4,0,1,0,0,0,76,base,1656,1573,199,5.01207729468599,93.97590361445783,80.0,0.0,0.0,12.650985378258106,CAM,0,4,1,0,3,1,1,0,0,1,0,0,0,0,0,0
83,69,14,0,14,11,0,12,1,5,0,0,0,76,B,1656,1573,199,5.01207729468599,83.13253012048193,78.57142857142857,1.2048192771084338,7.142857142857143,12.650985378258106,CAM,0,9,2,1,8,1,5,0,0,5,0,0,0,0,0,0
80,76,4,0,4,1,0,1,0,1,0,0,0,77,base,1656,1576,200,4.830917874396135,95.0,25.0,0.0,0.0,12.690355329949238,CAM,0,1,0,0,1,0,1,0,0,1,0,0,0,0,0,0
80,73,7,0,7,3,0,1,0,1,0,0,0,77,B,1656,1576,200,4.830917874396135,91.25,42.857142857142854,0.0,0.0,12.690355329949238,CAM,0,1,0,0,1,0,1,0,0,1,0,0,0,0,0,0
80,73,7,0,7,3,0,2,0,1,0,0,0,78,base,1656,1576,201,4.830917874396135,91.25,42.857142857142854,0.0,0.0,12.753807106598984,CAM,0,2,0,0,2,0,1,0,0,1,0,0,0,0,0,0
80,70,10,0,10,5,0,5,0,2,0,0,0,78,B,1656,1576,201,4.830917874396135,87.5,50.0,0.0,0.0,12.753807106598984,CAM,0,3,0,0,3,0,2,0,0,2,0,0,0,0,0,0
88,80,8,0,8,7,0,6,0,0,0,0,0,79,base,1656,1568,199,5.314009661835748,90.9090909090909,87.5,0.0,0.0,12.691326530612244,CAM,0,5,2,0,3,2,0,0,0,0,0,0,0,0,0,0
88,72,16,0,16,11,0,9,0,1,0,0,0,79,B,1656,1568,199,5.314009661835748,81.81818181818181,68.75,0.0,0.0,12.691326530612244,CAM,0,7,2,0,5,2,1,0,0,1,0,0,0,0,0,0
78,75,3,0,3,2,0,2,0,0,0,0,0,80,base,1656,1578,206,4.7101449275362315,96.15384615384616,66.66666666666667,0.0,0.0,13.05449936628644,CAM,0,2,1,0,1,1,0,0,0,0,0,0,0,0,0,0
78,68,10,0,10,6,0,4,1,0,0,0,0,80,B,1656,1578,206,4.7101449275362315,87.17948717948718,60.0,1.2820512820512822,10.0,13.05449936628644,CAM,0,3,1,0,2,1,0,0,0,0,0,0,0,0,0,0
104,97,7,0,7,5,0,4,0,1,0,0,0,81,base,1656,1552,193,6.280193236714976,93.26923076923077,71.42857142857143,0.0,0.0,12.435567010309278,CAM,0,5,1,0,4,1,1,0,0,1,0,0,0,0,0,0
104,84,20,0,20,13,0,8,0,1,0,0,0,81,B,1656,1552,193,6.280193236714976,80.76923076923077,65.0,0.0,0.0,12.435567010309278,CAM,0,6,1,0,5,1,1,0,0,1,0,0,0,0,0,0
85,80,5,0,5,5,0,1,0,1,0,0,0,82,base,1656,1571,198,5.132850241545894,94.11764705882354,100.0,0.0,0.0,12.603437301082113,CAM,0,1,0,0,1,0,1,0,0,1,0,0,0,0,0,0
85,74,11,0,11,7,0,3,0,1,0,0,0,82,B,1656,1571,198,5.132850241545894,87.05882352941177,63.63636363636363,0.0,0.0,12.603437301082113,CAM,0,2,0,0,2,0,1,0,0,1,0,0,0,0,0,0
77,71,6,0,6,3,0,1,0,0,0,0,0,83,base,1656,1579,200,4.64975845410628,92.20779220779221,50.0,0.0,0.0,12.66624445851805,CAM,0,0,0,0,0,0,0,0,0,0,0,0,0,0,0,0
77,63,14,0,14,9,0,6,0,0,0,0,0,83,B,1656,1579,200,4.64975845410628,81.81818181818181,64.28571428571429,0.0,0.0,12.66624445851805,CAM,0,2,0,0,2,0,0,0,0,0,0,0,0,0,0,0
96,91,5,0,5,4,0,2,0,0,0,0,0,84,base,1656,1560,204,5.797101449275362,94.79166666666667,80.0,0.0,0.0,13.076923076923077,CAM,0,1,0,0,1,0,0,0,0,0,0,0,0,0,0,0
96,74,22,1,21,11,0,8,0,2,0,0,0,84,B,1656,1560,204,5.797101449275362,77.08333333333333,52.38095238095238,0.0,0.0,13.076923076923077,CAM,0,4,0,0,4,0,2,0,0,2,0,0,0,0,0,0
93,87,6,0,6,5,0,2,0,0,0,0,0,85,base,1656,1563,199,5.615942028985507,93.54838709677419,83.33333333333333,0.0,0.0,12.731925783749201,CAM,0,2,2,0,0,3,0,0,0,0,0,0,0,0,0,0
93,81,12,0,12,6,0,3,0,1,0,0,0,85,B,1656,1563,199,5.615942028985507,87.09677419354838,50.0,0.0,0.0,12.731925783749201,CAM,0,3,2,0,1,3,1,0,0,1,0,0,0,0,0,0
86,81,5,0,5,4,0,2,0,0,0,0,0,86,base,1656,1570,203,5.193236714975845,94.18604651162791,80.0,0.0,0.0,12.929936305732484,CAM,0,2,0,0,2,0,0,0,0,0,0,0,0,0,0,0
86,74,12,0,12,8,0,7,0,2,0,0,0,86,B,1656,1570,203,5.193236714975845,86.04651162790698,66.66666666666667,0.0,0.0,12.929936305732484,CAM,0,5,0,0,5,0,2,0,0,2,0,0,0,0,0,0
98,91,7,0,7,6,0,5,0,1,0,0,0,87,base,1656,1558,200,5.917874396135265,92.85714285714286,85.71428571428571,0.0,0.0,12.836970474967908,CAM,0,2,0,0,2,0,1,0,0,1,0,0,0,0,0,0
98,84,14,1,13,9,0,7,0,3,0,0,0,87,B,1656,1558,200,5.917874396135265,85.71428571428571,69.23076923076923,0.0,0.0,12.836970474967908,CAM,0,4,0,0,4,0,3,0,0,3,0,0,0,0,0,0
82,77,5,0,5,5,0,3,0,1,0,0,0,88,base,1656,1574,203,4.951690821256038,93.90243902439025,100.0,0.0,0.0,12.89707750952986,CAM,0,4,1,0,3,1,1,0,0,1,0,0,0,0,0,0
82,69,13,0,13,8,0,5,0,2,0,0,0,88,B,1656,1574,203,4.951690821256038,84.14634146341463,61.53846153846154,0.0,0.0,12.89707750952986,CAM,0,4,1,0,3,1,1,0,0,1,0,0,0,0,0,0
83,76,7,0,7,5,0,4,0,0,0,0,0,89,base,1656,1573,201,5.01207729468599,91.56626506024097,71.42857142857143,0.0,0.0,12.778130959949141,CAM,0,1,0,0,1,0,0,0,0,0,0,0,0,0,0,0
83,65,18,0,18,13,0,12,0,3,0,0,0,89,B,1656,1573,201,5.01207729468599,78.3132530120482,72.22222222222223,0.0,0.0,12.778130959949141,CAM,0,8,0,0,8,0,3,0,0,3,0,0,0,0,0,0
78,77,1,0,1,1,0,1,0,0,0,0,0,90,base,1656,1578,202,4.7101449275362315,98.71794871794872,100.0,0.0,0.0,12.801013941698352,CAM,0,1,1,0,0,1,0,0,0,0,0,0,0,0,0,0
78,72,6,0,6,5,0,3,0,1,0,0,0,90,B,1656,1578,202,4.7101449275362315,92.3076923076923,83.33333333333333,0.0,0.0,12.801013941698352,CAM,0,3,1,0,2,1,1,0,0,1,0,0,0,0,0,0
79,72,7,0,7,6,0,4,0,0,0,0,0,91,base,1656,1577,205,4.770531400966184,91.13924050632912,85.71428571428571,0.0,0.0,12.999365884590995,CAM,0,2,0,0,2,0,0,0,0,0,0,0,0,0,0,0
79,65,14,0,14,7,0,6,0,1,0,0,0,91,B,1656,1577,205,4.770531400966184,82.27848101265823,50.0,0.0,0.0,12.999365884590995,CAM,0,3,0,0,3,0,1,0,0,1,0,0,0,0,0,0
69,65,4,0,4,4,0,2,0,1,0,0,0,92,base,1656,1587,207,4.166666666666667,94.20289855072464,100.0,0.0,0.0,13.043478260869565,CAM,0,2,0,0,2,0,1,0,0,1,0,0,0,0,0,0
69,58,11,1,10,6,0,6,1,1,0,0,0,92,B,1656,1587,207,4.166666666666667,84.05797101449275,60.0,1.4492753623188406,9.090909090909092,13.043478260869565,CAM,0,4,0,0,4,0,1,0,0,1,0,0,0,0,0,0
91,87,4,0,4,3,0,2,0,0,0,0,0,93,base,1656,1565,202,5.495169082125604,95.6043956043956,75.0,0.0,0.0,12.907348242811501,CAM,0,0,0,0,0,0,0,0,0,0,0,0,0,0,0,0
91,81,10,0,10,6,0,5,0,1,0,0,0,93,B,1656,1565,202,5.495169082125604,89.01098901098901,60.0,0.0,0.0,12.907348242811501,CAM,0,2,0,0,2,0,1,0,0,1,0,0,0,0,0,0
82,78,4,0,4,3,0,4,1,1,0,0,0,94,base,1656,1574,204,4.951690821256038,95.1219512195122,75.0,1.2195121951219512,25.0,12.960609911054638,CAM,0,3,1,1,3,0,1,0,0,1,0,0,0,0,0,0
82,75,7,0,7,5,0,6,1,2,0,0,0,94,B,1656,1574,204,4.951690821256038,91.46341463414635,71.42857142857143,1.2195121951219512,14.285714285714286,12.960609911054638,CAM,0,3,0,0,3,0,2,0,0,2,0,0,0,0,0,0
80,74,6,0,6,4,0,5,1,0,0,0,0,95,base,1656,1576,204,4.830917874396135,92.5,66.66666666666667,1.25,16.666666666666668,12.944162436548224,CAM,0,3,0,0,3,0,0,0,0,0,0,0,0,0,0,0
80,71,9,0,9,7,0,6,1,1,0,0,0,95,B,1656,1576,204,4.830917874396135,88.75,77.77777777777777,1.25,11.11111111111111,12.944162436548224,CAM,0,4,0,0,4,0,1,0,0,1,0,0,0,0,0,0
84,82,2,0,2,2,0,2,0,0,0,0,0,96,base,1656,1572,201,5.072463768115942,97.61904761904762,100.0,0.0,0.0,12.786259541984732,CAM,0,1,1,0,0,1,0,0,0,0,0,0,0,0,0,0
84,77,7,0,7,5,0,4,0,2,0,0,0,96,B,1656,1572,201,5.072463768115942,91.66666666666667,71.42857142857143,0.0,0.0,12.786259541984732,CAM,0,3,1,0,2,1,2,0,0,2,0,0,0,0,0,0
91,88,3,0,3,2,0,1,0,0,0,0,0,97,base,1656,1565,206,5.495169082125604,96.7032967032967,66.66666666666667,0.0,0.0,13.1629392971246,CAM,0,2,1,0,1,1,0,0,0,0,0,0,0,0,0,0
91,84,7,0,7,5,0,2,0,0,0,0,0,97,B,1656,1565,206,5.495169082125604,92.3076923076923,71.42857142857143,0.0,0.0,13.1629392971246,CAM,0,3,1,0,2,1,0,0,0,0,0,0,0,0,0,0
71,68,3,0,3,1,0,0,0,0,0,0,0,98,base,1656,1585,204,4.28743961352657,95.77464788732394,33.333333333333336,0.0,0.0,12.870662460567823,CAM,0,1,1,0,0,1,0,0,0,0,0,0,0,0,0,0
71,61,10,0,10,2,0,2,0,0,0,0,0,98,B,1656,1585,204,4.28743961352657,85.91549295774648,20.0,0.0,0.0,12.870662460567823,CAM,0,1,1,0,0,1,0,0,0,0,0,0,0,0,0,0
87,83,4,0,4,1,0,1,0,0,0,0,0,99,base,1656,1569,204,5.253623188405797,95.40229885057471,25.0,0.0,0.0,13.001912045889101,CAM,0,1,0,0,1,0,0,0,0,0,0,0,0,0,0,0
87,74,13,0,13,9,0,5,0,0,0,0,0,99,B,1656,1569,204,5.253623188405797,85.05747126436782,69.23076923076923,0.0,0.0,13.001912045889101,CAM,0,2,0,0,2,0,0,0,0,0,0,0,0,0,0,0
78,75,3,0,3,1,0,1,0,0,0,0,0,100,base,1656,1578,204,4.7101449275362315,96.15384615384616,33.333333333333336,0.0,0.0,12.927756653992395,CAM,0,1,0,0,1,0,0,0,0,0,0,0,0,0,0,0
78,64,14,0,14,9,0,5,0,0,0,0,0,100,B,1656,1578,204,4.7101449275362315,82.05128205128206,64.28571428571429,0.0,0.0,12.927756653992395,CAM,0,3,0,0,3,0,0,0,0,0,0,0,0,0,0,0
94,88,6,0,6,4,0,2,0,0,0,0,0,101,base,1656,1562,204,5.676328502415459,93.61702127659575,66.66666666666667,0.0,0.0,13.060179257362355,CAM,0,1,0,0,1,0,0,0,0,0,0,0,0,0,0,0
94,81,13,0,13,8,0,5,0,1,0,0,0,101,B,1656,1562,204,5.676328502415459,86.17021276595744,61.53846153846154,0.0,0.0,13.060179257362355,CAM,0,4,0,0,4,0,1,0,0,1,0,0,0,0,0,0
86,82,4,0,4,3,0,2,0,0,0,0,0,102,base,1656,1570,200,5.193236714975845,95.34883720930233,75.0,0.0,0.0,12.738853503184714,CAM,0,1,0,0,1,0,0,0,0,0,0,0,0,0,0,0
86,78,8,0,8,4,0,2,0,1,0,0,0,102,B,1656,1570,200,5.193236714975845,90.69767441860465,50.0,0.0,0.0,12.738853503184714,CAM,0,1,0,0,1,0,1,0,0,1,0,0,0,0,0,0
86,79,7,0,7,3,0,3,0,2,0,0,0,103,base,1656,1570,202,5.193236714975845,91.86046511627907,42.857142857142854,0.0,0.0,12.86624203821656,CAM,0,3,1,0,2,1,2,0,0,2,0,0,0,0,0,0
86,71,15,0,15,6,0,6,1,1,0,0,0,103,B,1656,1570,202,5.193236714975845,82.55813953488372,40.0,1.1627906976744187,6.666666666666667,12.86624203821656,CAM,0,5,1,0,4,1,1,0,0,1,0,0,0,0,0,0
76,70,6,0,6,4,0,5,1,1,0,0,0,104,base,1656,1580,200,4.5893719806763285,92.10526315789474,66.66666666666667,1.3157894736842106,16.666666666666668,12.658227848101266,CAM,0,2,0,0,2,0,1,0,0,1,0,0,0,0,0,0
76,64,12,0,12,8,0,5,0,1,0,0,0,104,B,1656,1580,200,4.5893719806763285,84.21052631578948,66.66666666666667,0.0,0.0,12.658227848101266,CAM,0,3,0,0,3,0,1,0,0,1,0,0,0,0,0,0
61,58,3,0,3,2,0,0,0,0,0,0,0,105,base,1656,1595,200,3.683574879227053,95.08196721311475,66.66666666666667,0.0,0.0,12.539184952978056,CAM,0,0,0,0,0,0,0,0,0,0,0,0,0,0,0,0
61,53,8,0,8,1,0,0,0,0,0,0,0,105,B,1656,1595,200,3.683574879227053,86.88524590163935,12.5,0.0,0.0,12.539184952978056,CAM,0,0,0,0,0,0,0,0,0,0,0,0,0,0,0,0
77,72,5,0,5,4,0,3,0,0,0,0,0,106,base,1656,1579,199,4.64975845410628,93.50649350649351,80.0,0.0,0.0,12.60291323622546,CAM,0,2,0,0,2,0,0,0,0,0,0,0,0,0,0,0
77,63,14,0,14,8,0,8,1,1,0,0,0,106,B,1656,1579,199,4.64975845410628,81.81818181818181,57.142857142857146,1.2987012987012987,7.142857142857143,12.60291323622546,CAM,0,3,0,0,3,0,1,0,0,1,0,0,0,0,0,0
65,61,4,0,4,3,0,2,0,1,0,0,0,107,base,1656,1591,204,3.92512077294686,93.84615384615384,75.0,0.0,0.0,12.822124450031426,CAM,0,1,0,0,1,0,1,0,0,1,0,0,0,0,0,0
65,54,11,1,10,6,0,5,0,1,0,0,0,107,B,1656,1591,204,3.92512077294686,83.07692307692308,60.0,0.0,0.0,12.822124450031426,CAM,0,2,0,0,2,0,1,0,0,1,0,0,0,0,0,0
95,86,9,0,9,7,0,4,0,2,0,0,0,108,base,1656,1561,203,5.736714975845411,90.52631578947368,77.77777777777777,0.0,0.0,13.004484304932735,CAM,0,3,0,0,3,0,2,0,0,2,0,0,0,0,0,0
95,72,23,0,23,18,0,14,0,5,0,0,0,108,B,1656,1561,203,5.736714975845411,75.78947368421052,78.26086956521739,0.0,0.0,13.004484304932735,CAM,0,8,0,0,8,0,5,0,0,5,0,0,0,0,0,0
83,79,4,0,4,2,0,2,0,0,0,0,0,109,base,1656,1573,200,5.01207729468599,95.18072289156626,50.0,0.0,0.0,12.714558169103624,CAM,0,1,0,0,1,0,0,0,0,0,0,0,0,0,0,0
83,66,17,0,17,11,0,8,0,1,0,0,0,109,B,1656,1573,200,5.01207729468599,79.51807228915662,64.70588235294117,0.0,0.0,12.714558169103624,CAM,0,4,0,0,4,0,1,0,0,1,0,0,0,0,0,0
81,79,2,0,2,2,0,1,0,0,0,0,0,110,base,1656,1575,202,4.891304347826087,97.53086419753086,100.0,0.0,0.0,12.825396825396826,CAM,0,1,0,0,1,0,0,0,0,0,0,0,0,0,0,0
81,75,6,0,6,5,0,4,0,1,0,0,0,110,B,1656,1575,202,4.891304347826087,92.5925925925926,83.33333333333333,0.0,0.0,12.825396825396826,CAM,0,3,0,0,3,0,1,0,0,1,0,0,0,0,0,0
83,76,7,0,7,3,0,1,0,0,0,0,0,111,base,1656,1573,205,5.01207729468599,91.56626506024097,42.857142857142854,0.0,0.0,13.032422123331214,CAM,0,1,0,0,1,0,0,0,0,0,0,0,0,0,0,0
83,67,16,0,16,9,0,7,0,2,0,0,0,111,B,1656,1573,205,5.01207729468599,80.72289156626506,56.25,0.0,0.0,13.032422123331214,CAM,0,3,0,0,3,0,2,0,0,2,0,0,0,0,0,0
85,79,6,0,6,4,0,3,0,1,0,0,0,112,base,1656,1571,206,5.132850241545894,92.94117647058823,66.66666666666667,0.0,0.0,13.112667091024825,CAM,0,2,0,0,2,0,1,0,0,1,0,0,0,0,0,0
85,70,15,0,15,9,0,4,1,1,0,0,0,112,B,1656,1571,206,5.132850241545894,82.3529411764706,60.0,1.1764705882352942,6.666666666666667,13.112667091024825,CAM,0,3,0,0,3,0,1,0,0,1,0,0,0,0,0,0
76,70,6,0,6,6,0,5,0,0,0,0,0,113,base,1656,1580,203,4.5893719806763285,92.10526315789474,100.0,0.0,0.0,12.848101265822784,CAM,0,3,0,0,3,0,0,0,0,0,0,0,0,0,0,0
76,63,13,0,13,9,0,8,0,2,0,0,0,113,B,1656,1580,203,4.5893719806763285,82.89473684210526,69.23076923076923,0.0,0.0,12.848101265822784,CAM,0,6,0,0,6,0,2,0,0,2,0,0,0,0,0,0
89,83,6,0,6,4,0,4,0,2,0,0,0,114,base,1656,1567,199,5.374396135265701,93.25842696629213,66.66666666666667,0.0,0.0,12.699425654116146,CAM,0,2,0,0,2,0,2,0,0,2,0,0,0,0,0,0
89,79,10,0,10,7,0,7,0,3,0,0,0,114,B,1656,1567,199,5.374396135265701,88.76404494382022,70.0,0.0,0.0,12.699425654116146,CAM,0,5,0,0,5,0,3,0,0,3,0,0,0,0,0,0
80,72,8,0,8,6,0,6,0,1,0,0,0,115,base,1656,1576,204,4.830917874396135,90.0,75.0,0.0,0.0,12.944162436548224,CAM,0,3,0,0,3,0,1,0,0,1,0,0,0,0,0,0
80,62,18,0,18,13,0,11,0,4,0,0,0,115,B,1656,1576,204,4.830917874396135,77.5,72.22222222222223,0.0,0.0,12.944162436548224,CAM,0,6,0,0,6,0,4,0,0,4,0,0,0,0,0,0
66,64,2,0,2,1,0,0,0,0,0,0,0,116,base,1656,1590,207,3.9855072463768115,96.96969696969697,50.0,0.0,0.0,13.018867924528301,CAM,0,0,0,0,0,0,0,0,0,0,0,0,0,0,0,0
66,57,9,0,9,4,0,4,1,2,0,0,0,116,B,1656,1590,207,3.9855072463768115,86.36363636363636,44.44444444444444,1.5151515151515151,11.11111111111111,13.018867924528301,CAM,0,3,1,1,3,0,2,0,0,2,0,0,0,0,0,0
92,84,8,0,8,4,0,5,1,0,0,0,0,117,base,1656,1564,205,5.555555555555555,91.30434782608695,50.0,1.0869565217391304,12.5,13.107416879795396,CAM,0,2,0,0,2,0,0,0,0,0,0,0,0,0,0,0
92,77,15,0,15,8,0,8,2,1,0,0,0,117,B,1656,1564,205,5.555555555555555,83.69565217391305,53.333333333333336,2.1739130434782608,13.333333333333334,13.107416879795396,CAM,0,4,0,0,4,0,1,0,0,1,0,0,0,0,0,0
72,67,5,0,5,4,0,1,0,1,0,0,0,118,base,1656,1584,208,4.3478260869565215,93.05555555555556,80.0,0.0,0.0,13.131313131313131,CAM,0,1,0,0,1,0,1,0,0,1,0,0,0,0,0,0
72,59,13,0,13,8,0,4,0,4,0,0,0,118,B,1656,1584,208,4.3478260869565215,81.94444444444444,61.53846153846154,0.0,0.0,13.131313131313131,CAM,0,4,0,0,4,0,4,0,0,4,0,0,0,0,0,0
92,84,8,0,8,4,0,3,0,0,0,0,0,119,base,1656,1564,203,5.555555555555555,91.30434782608695,50.0,0.0,0.0,12.979539641943735,CAM,0,3,1,0,2,1,0,0,0,0,0,0,0,0,0,0
92,76,16,0,16,8,0,6,0,0,0,0,0,119,B,1656,1564,203,5.555555555555555,82.6086956521739,50.0,0.0,0.0,12.979539641943735,CAM,0,3,0,0,3,0,0,0,0,0,0,0,0,0,0,0
70,64,6,0,6,2,0,2,0,0,0,0,0,120,base,1656,1586,199,4.2270531400966185,91.42857142857143,33.333333333333336,0.0,0.0,12.547288776796973,CAM,0,1,0,0,1,0,0,0,0,0,0,0,0,0,0,0
70,55,15,1,14,7,0,6,1,2,0,0,0,120,B,1656,1586,199,4.2270531400966185,78.57142857142857,50.0,1.4285714285714286,6.666666666666667,12.547288776796973,CAM,0,4,0,0,4,0,2,0,0,2,0,0,0,0,0,0
81,75,6,0,6,4,0,4,1,1,0,0,0,121,base,1656,1575,203,4.891304347826087,92.5925925925926,66.66666666666667,1.2345679012345678,16.666666666666668,12.88888888888889,CAM,0,1,0,0,1,0,1,0,0,1,0,0,0,0,0,0
81,73,8,0,8,5,0,4,0,1,0,0,0,121,B,1656,1575,203,4.891304347826087,90.12345679012346,62.5,0.0,0.0,12.88888888888889,CAM,0,2,0,0,2,0,1,0,0,1,0,0,0,0,0,0
90,85,5,0,5,3,0,3,1,1,0,0,0,122,base,1656,1566,202,5.434782608695652,94.44444444444444,60.0,1.1111111111111112,20.0,12.899106002554278,CAM,0,1,0,0,1,0,1,0,0,1,0,0,0,0,0,0
90,79,11,0,11,5,0,4,1,1,0,0,0,122,B,1656,1566,202,5.434782608695652,87.77777777777777,45.45454545454545,1.1111111111111112,9.090909090909092,12.899106002554278,CAM,0,2,0,0,2,0,1,0,0,1,0,0,0,0,0,0
78,77,1,0,1,0,0,0,0,0,0,0,0,123,base,1656,1578,204,4.7101449275362315,98.71794871794872,0.0,0.0,0.0,12.927756653992395,CAM,0,0,0,0,0,0,0,0,0,0,0,0,0,0,0,0
78,70,8,0,8,5,0,4,0,2,0,0,0,123,B,1656,1578,204,4.7101449275362315,89.74358974358974,62.5,0.0,0.0,12.927756653992395,CAM,0,4,0,0,4,0,2,0,0,2,0,0,0,0,0,0
85,81,4,0,4,3,0,2,0,1,0,0,0,124,base,1656,1571,202,5.132850241545894,95.29411764705883,75.0,0.0,0.0,12.85805219605347,CAM,0,3,1,0,2,1,1,0,0,1,0,0,0,0,0,0
85,71,14,0,14,7,0,5,0,1,0,0,0,124,B,1656,1571,202,5.132850241545894,83.52941176470588,50.0,0.0,0.0,12.85805219605347,CAM,0,4,1,0,3,1,1,0,0,1,0,0,0,0,0,0
97,92,5,0,5,3,0,3,0,1,0,0,0,125,base,1656,1559,206,5.857487922705314,94.84536082474227,60.0,0.0,0.0,13.213598460551635,CAM,0,3,2,0,1,2,1,0,0,1,0,0,0,0,0,0
97,76,21,1,20,14,0,9,0,3,0,0,0,125,B,1656,1559,206,5.857487922705314,78.35051546391753,70.0,0.0,0.0,13.213598460551635,CAM,0,5,0,0,4,1,3,0,0,3,0,0,0,0,0,0
76,71,5,0,5,3,0,2,0,0,0,0,0,126,base,1656,1580,207,4.5893719806763285,93.42105263157895,60.0,0.0,0.0,13.10126582278481,CAM,0,1,1,0,0,1,0,0,0,0,0,0,0,0,0,0
76,63,13,0,13,9,0,5,0,0,0,0,0,126,B,1656,1580,207,4.5893719806763285,82.89473684210526,69.23076923076923,0.0,0.0,13.10126582278481,CAM,0,2,0,0,2,0,0,0,0,0,0,0,0,0,0,0
90,83,7,0,7,3,0,3,0,2,0,0,0,127,base,1656,1566,204,5.434782608695652,92.22222222222223,42.857142857142854,0.0,0.0,13.026819923371647,CAM,0,3,0,0,3,1,2,0,0,2,0,0,0,0,0,0
90,72,18,1,17,9,0,10,1,3,0,0,0,127,B,1656,1566,204,5.434782608695652,80.0,52.94117647058823,1.1111111111111112,5.555555555555555,13.026819923371647,CAM,0,5,0,0,5,1,3,0,0,3,0,0,0,0,0,0
73,68,5,0,5,4,0,4,0,0,0,0,0,128,base,1656,1583,204,4.408212560386473,93.15068493150685,80.0,0.0,0.0,12.886923562855339,CAM,0,3,0,0,3,0,0,0,0,0,0,0,0,0,0,0
73,63,10,0,10,4,0,5,1,0,0,0,0,128,B,1656,1583,204,4.408212560386473,86.3013698630137,40.0,1.36986301369863,10.0,12.886923562855339,CAM,0,3,0,0,3,0,0,0,0,0,0,0,0,0,0,0
78,71,7,0,7,5,0,4,0,1,0,0,0,129,base,1656,1578,203,4.7101449275362315,91.02564102564102,71.42857142857143,0.0,0.0,12.864385297845374,CAM,0,2,0,0,2,0,1,0,0,1,0,0,0,0,0,0
78,65,13,1,12,9,1,8,0,3,0,0,0,129,B,1656,1578,203,4.7101449275362315,83.33333333333333,75.0,0.0,0.0,12.864385297845374,CAM,0,5,0,0,5,0,3,0,0,3,0,0,0,0,0,0
83,82,1,0,1,0,0,0,0,0,0,0,0,130,base,1656,1573,206,5.01207729468599,98.79518072289157,0.0,0.0,0.0,13.095994914176732,CAM,0,0,0,0,0,0,0,0,0,0,0,0,0,0,0,0
83,73,10,0,10,8,0,6,0,4,0,0,0,130,B,1656,1573,206,5.01207729468599,87.95180722891567,80.0,0.0,0.0,13.095994914176732,CAM,0,5,0,0,5,0,4,0,0,4,0,0,0,0,0,0
64,57,7,0,7,3,0,3,1,1,0,0,0,131,base,1656,1592,208,3.864734299516908,89.0625,42.857142857142854,1.5625,14.285714285714286,13.06532663316583,CAM,0,2,1,1,2,0,1,0,0,1,0,0,0,0,0,0
64,52,12,0,12,5,0,5,1,2,0,0,0,131,B,1656,1592,208,3.864734299516908,81.25,41.666666666666664,1.5625,8.333333333333334,13.06532663316583,CAM,0,2,0,0,2,0,2,0,0,2,0,0,0,0,0,0
96,87,9,0,9,4,0,2,1,0,0,0,0,132,base,1656,1560,202,5.797101449275362,90.625,44.44444444444444,1.0416666666666667,11.11111111111111,12.948717948717949,CAM,0,1,0,0,1,0,0,0,0,0,0,0,0,0,0,0
96,77,19,0,19,6,0,5,1,2,0,0,0,132,B,1656,1560,202,5.797101449275362,80.20833333333333,31.57894736842105,1.0416666666666667,5.2631578947368425,12.948717948717949,CAM,0,3,0,0,3,0,2,0,0,2,0,0,0,0,0,0
70,66,4,0,4,3,0,2,0,1,0,0,0,133,base,1656,1586,206,4.2270531400966185,94.28571428571429,75.0,0.0,0.0,12.988650693568726,CAM,0,2,0,0,2,0,1,0,0,1,0,0,0,0,0,0
70,55,15,0,15,10,0,7,1,2,0,0,0,133,B,1656,1586,206,4.2270531400966185,78.57142857142857,66.66666666666667,1.4285714285714286,6.666666666666667,12.988650693568726,CAM,0,5,0,0,5,0,2,0,0,2,0,0,0,0,0,0
83,77,6,0,6,5,0,4,0,2,0,0,0,134,base,1656,1573,199,5.01207729468599,92.7710843373494,83.33333333333333,0.0,0.0,12.650985378258106,CAM,0,3,0,0,3,0,2,0,0,2,0,0,0,0,0,0
83,71,12,0,12,8,0,7,0,3,0,0,0,134,B,1656,1573,199,5.01207729468599,85.5421686746988,66.66666666666667,0.0,0.0,12.650985378258106,CAM,0,3,0,0,3,0,3,0,0,3,0,0,0,0,0,0
98,91,7,0,7,5,0,2,0,0,0,0,0,135,base,1656,1558,203,5.917874396135265,92.85714285714286,71.42857142857143,0.0,0.0,13.029525032092426,CAM,0,3,1,0,2,1,0,0,0,0,0,0,0,0,0,0
98,81,17,0,17,10,0,7,0,2,0,0,0,135,B,1656,1558,203,5.917874396135265,82.65306122448979,58.8235294117647,0.0,0.0,13.029525032092426,CAM,0,6,1,0,5,1,2,0,0,2,0,0,0,0,0,0
80,76,4,0,4,3,0,3,0,0,0,0,0,136,base,1656,1576,195,4.830917874396135,95.0,75.0,0.0,0.0,12.373096446700508,CAM,0,2,0,0,2,0,0,0,0,0,0,0,0,0,0,0
80,69,11,0,11,8,0,8,1,2,0,0,0,136,B,1656,1576,195,4.830917874396135,86.25,72.72727272727273,1.25,9.090909090909092,12.373096446700508,CAM,0,6,0,0,6,0,2,0,0,2,0,0,0,0,0,0
84,82,2,0,2,0,0,0,0,0,0,0,0,137,base,1656,1572,204,5.072463768115942,97.61904761904762,0.0,0.0,0.0,12.977099236641221,CAM,0,0,0,0,0,0,0,0,0,0,0,0,0,0,0,0
84,77,7,0,7,2,0,3,1,1,0,0,0,137,B,1656,1572,204,5.072463768115942,91.66666666666667,28.571428571428573,1.1904761904761905,14.285714285714286,12.977099236641221,CAM,0,1,0,0,1,0,1,0,0,1,0,0,0,0,0,0
77,76,1,0,1,0,0,1,1,0,0,0,0,138,base,1656,1579,201,4.64975845410628,98.7012987012987,0.0,1.2987012987012987,100.0,12.72957568081064,CAM,0,0,0,0,0,0,0,0,0,0,0,0,0,0,0,0
77,71,6,0,6,4,0,3,1,0,0,0,0,138,B,1656,1579,201,4.64975845410628,92.20779220779221,66.66666666666667,1.2987012987012987,16.666666666666668,12.72957568081064,CAM,0,0,0,0,0,0,0,0,0,0,0,0,0,0,0,0
79,77,2,0,2,0,0,0,0,0,0,0,0,139,base,1656,1577,202,4.770531400966184,97.46835443037975,0.0,0.0,0.0,12.809131261889664,CAM,0,0,0,0,0,0,0,0,0,0,0,0,0,0,0,0
79,65,14,0,14,9,0,7,0,3,0,0,0,139,B,1656,1577,202,4.770531400966184,82.27848101265823,64.28571428571429,0.0,0.0,12.809131261889664,CAM,0,3,0,0,3,0,3,0,0,3,0,0,0,0,0,0
77,72,5,0,5,3,0,2,0,0,0,0,0,140,base,1656,1579,206,4.64975845410628,93.50649350649351,60.0,0.0,0.0,13.046231792273591,CAM,0,0,0,0,0,0,0,0,0,0,0,0,0,0,0,0
77,67,10,0,10,7,0,4,0,1,0,0,0,140,B,1656,1579,206,4.64975845410628,87.01298701298701,70.0,0.0,0.0,13.046231792273591,CAM,0,1,0,0,1,0,1,0,0,1,0,0,0,0,0,0
89,83,6,0,6,4,0,2,0,1,0,0,0,141,base,1656,1567,195,5.374396135265701,93.25842696629213,66.66666666666667,0.0,0.0,12.444160816847479,CAM,0,4,2,0,2,2,1,0,0,1,0,0,0,0,0,0
89,75,14,1,13,10,0,7,0,4,0,0,0,141,B,1656,1567,195,5.374396135265701,84.26966292134831,76.92307692307692,0.0,0.0,12.444160816847479,CAM,0,8,2,0,6,2,4,0,0,4,0,0,0,0,0,0
81,76,5,0,5,5,0,4,0,0,0,0,0,42,base,1684,1603,347,4.809976247030879,93.82716049382717,100.0,0.0,0.0,21.64691203992514,CCA,0,2,0,0,2,0,0,0,0,0,0,0,0,0,0,0
81,70,11,0,11,10,0,9,0,1,0,0,0,42,B,1684,1603,347,4.809976247030879,86.41975308641975,90.9090909090909,0.0,0.0,21.64691203992514,CCA,0,5,0,0,5,0,1,0,0,1,0,0,0,0,0,0
80,75,5,0,5,3,0,3,0,1,0,0,0,43,base,1684,1604,342,4.750593824228028,93.75,60.0,0.0,0.0,21.321695760598505,CCA,0,2,1,0,1,1,1,0,0,1,0,0,0,0,0,0
80,66,14,1,13,9,0,8,0,1,0,0,0,43,B,1684,1604,342,4.750593824228028,82.5,69.23076923076923,0.0,0.0,21.321695760598505,CCA,0,3,1,0,2,1,1,0,0,1,0,0,0,0,0,0
84,77,7,0,7,4,0,4,0,1,0,0,0,44,base,1684,1600,340,4.98812351543943,91.66666666666667,57.142857142857146,0.0,0.0,21.25,CCA,0,1,0,0,1,0,1,0,0,1,0,0,0,0,0,0
84,67,17,0,17,12,0,9,0,2,0,0,0,44,B,1684,1600,340,4.98812351543943,79.76190476190476,70.58823529411765,0.0,0.0,21.25,CCA,0,6,0,0,6,0,2,0,0,2,0,0,0,0,0,0
93,90,3,0,3,2,0,2,0,1,0,0,0,45,base,1684,1591,342,5.522565320665083,96.7741935483871,66.66666666666667,0.0,0.0,21.495914519170334,CCA,0,2,0,0,2,0,1,0,0,1,0,0,0,0,0,0
93,80,13,0,13,12,0,8,0,6,0,0,0,45,B,1684,1591,342,5.522565320665083,86.02150537634408,92.3076923076923,0.0,0.0,21.495914519170334,CCA,0,6,0,0,6,0,4,0,0,4,0,0,0,0,0,0
89,86,3,0,3,1,0,1,0,0,0,0,0,46,base,1684,1595,341,5.285035629453682,96.62921348314607,33.333333333333336,0.0,0.0,21.379310344827587,CCA,0,1,1,0,0,1,0,0,0,0,0,0,0,0,0,0
89,78,11,0,11,7,0,5,0,3,0,0,0,46,B,1684,1595,341,5.285035629453682,87.64044943820225,63.63636363636363,0.0,0.0,21.379310344827587,CCA,0,4,1,0,3,1,3,0,0,3,0,0,0,0,0,0
109,106,3,0,3,1,0,0,0,0,0,0,0,47,base,1684,1575,324,6.472684085510688,97.24770642201835,33.333333333333336,0.0,0.0,20.571428571428573,CCA,0,2,2,0,0,2,0,0,0,0,0,0,0,0,0,0
109,93,16,0,16,10,0,6,0,2,0,0,0,47,B,1684,1575,324,6.472684085510688,85.3211009174312,62.5,0.0,0.0,20.571428571428573,CCA,0,5,1,0,4,1,2,0,0,2,0,0,0,0,0,0
90,85,5,0,5,4,0,1,0,1,0,0,0,48,base,1684,1594,343,5.344418052256532,94.44444444444444,80.0,0.0,0.0,21.51819322459222,CCA,0,2,1,0,1,1,1,0,0,1,0,0,0,0,0,0
90,75,15,0,15,9,0,5,0,5,0,0,0,48,B,1684,1594,343,5.344418052256532,83.33333333333333,60.0,0.0,0.0,21.51819322459222,CCA,0,6,1,0,5,1,5,0,0,5,0,0,0,0,0,0
95,89,6,0,6,4,0,5,1,0,0,0,0,49,base,1684,1589,341,5.641330166270784,93.6842105263158,66.66666666666667,1.0526315789473684,16.666666666666668,21.46003775959723,CCA,0,3,0,0,3,0,0,0,0,0,0,0,0,0,0,0
95,83,12,0,12,8,0,7,1,0,0,0,0,49,B,1684,1589,341,5.641330166270784,87.36842105263158,66.66666666666667,1.0526315789473684,8.333333333333334,21.46003775959723,CCA,0,4,0,0,4,0,0,0,0,0,0,0,0,0,0,0
80,73,7,0,7,6,0,5,0,4,0,0,0,50,base,1684,1604,336,4.750593824228028,91.25,85.71428571428571,0.0,0.0,20.947630922693268,CCA,0,4,0,0,4,0,4,0,0,4,0,0,0,0,0,0
80,61,19,0,19,14,0,10,0,8,0,0,0,50,B,1684,1604,336,4.750593824228028,76.25,73.6842105263158,0.0,0.0,20.947630922693268,CCA,0,8,0,0,8,0,7,0,0,7,0,0,0,0,0,0
80,78,2,0,2,2,0,0,0,0,0,0,0,51,base,1684,1604,343,4.750593824228028,97.5,100.0,0.0,0.0,21.384039900249377,CCA,0,0,0,0,0,0,0,0,0,0,0,0,0,0,0,0
80,71,9,1,8,5,0,1,0,1,0,0,0,51,B,1684,1604,343,4.750593824228028,88.75,62.5,0.0,0.0,21.384039900249377,CCA,0,1,0,0,1,0,1,0,0,1,0,0,0,0,0,0
97,96,1,0,1,0,0,0,0,0,0,0,0,52,base,1684,1587,339,5.760095011876484,98.96907216494846,0.0,0.0,0.0,21.361058601134214,CCA,0,0,0,0,0,0,0,0,0,0,0,0,0,0,0,0
97,85,12,0,12,6,0,5,2,1,0,0,0,52,B,1684,1587,339,5.760095011876484,87.62886597938144,50.0,2.0618556701030926,16.666666666666668,21.361058601134214,CCA,0,4,2,2,4,0,1,0,0,1,0,0,0,0,0,0
70,64,6,0,6,2,0,2,0,2,0,0,0,53,base,1684,1614,349,4.156769596199525,91.42857142857143,33.333333333333336,0.0,0.0,21.623296158612145,CCA,0,2,0,0,2,0,2,0,0,2,0,0,0,0,0,0
70,61,9,1,8,4,0,4,0,4,0,0,0,53,B,1684,1614,349,4.156769596199525,87.14285714285714,50.0,0.0,0.0,21.623296158612145,CCA,0,3,0,0,3,0,3,0,0,3,0,0,0,0,0,0
72,69,3,0,3,2,0,1,0,0,0,0,0,54,base,1684,1612,348,4.275534441805226,95.83333333333333,66.66666666666667,0.0,0.0,21.588089330024815,CCA,0,1,0,0,1,0,0,0,0,0,0,0,0,0,0,0
72,65,7,0,7,5,0,5,0,1,0,0,0,54,B,1684,1612,348,4.275534441805226,90.27777777777777,71.42857142857143,0.0,0.0,21.588089330024815,CCA,0,2,0,0,2,0,1,0,0,1,0,0,0,0,0,0
86,81,5,0,5,3,0,2,0,0,0,0,0,55,base,1684,1598,345,5.10688836104513,94.18604651162791,60.0,0.0,0.0,21.589486858573217,CCA,0,1,0,0,1,0,0,0,0,0,0,0,0,0,0,0
86,67,19,0,19,15,0,10,0,3,0,0,0,55,B,1684,1598,345,5.10688836104513,77.90697674418605,78.94736842105263,0.0,0.0,21.589486858573217,CCA,0,9,0,0,9,0,3,0,0,3,0,0,0,0,0,0
88,84,4,0,4,1,0,1,0,0,0,0,0,56,base,1684,1596,336,5.225653206650831,95.45454545454545,25.0,0.0,0.0,21.05263157894737,CCA,0,0,0,0,0,0,0,0,0,0,0,0,0,0,0,0
88,74,14,1,13,8,0,7,0,2,0,0,0,56,B,1684,1596,336,5.225653206650831,84.0909090909091,61.53846153846154,0.0,0.0,21.05263157894737,CCA,0,2,0,0,2,0,2,0,0,2,0,0,0,0,0,0
73,64,9,0,9,7,0,5,0,2,0,0,0,57,base,1684,1611,342,4.334916864608076,87.67123287671232,77.77777777777777,0.0,0.0,21.22905027932961,CCA,0,3,0,0,3,0,2,0,0,2,0,0,0,0,0,0
73,55,18,0,18,13,0,9,0,4,0,0,0,57,B,1684,1611,342,4.334916864608076,75.34246575342466,72.22222222222223,0.0,0.0,21.22905027932961,CCA,0,5,0,0,5,0,4,0,0,4,0,0,0,0,0,0
86,80,6,0,6,5,0,4,1,1,0,0,0,58,base,1684,1598,337,5.10688836104513,93.02325581395348,83.33333333333333,1.1627906976744187,16.666666666666668,21.08886107634543,CCA,0,2,1,1,2,0,1,0,0,1,0,0,0,0,0,0
86,71,15,0,15,9,0,7,0,2,0,0,0,58,B,1684,1598,337,5.10688836104513,82.55813953488372,60.0,0.0,0.0,21.08886107634543,CCA,0,4,0,0,4,0,2,0,0,2,0,0,0,0,0,0
73,69,4,0,4,3,0,3,0,0,0,0,0,59,base,1684,1611,350,4.334916864608076,94.52054794520548,75.0,0.0,0.0,21.725636250775917,CCA,0,1,0,0,1,0,0,0,0,0,0,0,0,0,0,0
73,66,7,0,7,4,0,4,0,1,0,0,0,59,B,1684,1611,350,4.334916864608076,90.41095890410959,57.142857142857146,0.0,0.0,21.725636250775917,CCA,0,1,0,0,1,0,1,0,0,1,0,0,0,0,0,0
91,88,3,0,3,2,0,2,0,0,0,0,0,60,base,1684,1593,342,5.403800475059382,96.7032967032967,66.66666666666667,0.0,0.0,21.468926553672315,CCA,0,1,1,0,0,1,0,0,0,0,0,0,0,0,0,0
91,81,10,0,10,6,0,4,0,1,0,0,0,60,B,1684,1593,342,5.403800475059382,89.01098901098901,60.0,0.0,0.0,21.468926553672315,CCA,0,2,1,0,1,1,1,0,0,1,0,0,0,0,0,0
89,85,4,0,4,1,0,2,1,0,0,0,0,61,base,1684,1595,335,5.285035629453682,95.50561797752809,25.0,1.1235955056179776,25.0,21.003134796238246,CCA,0,2,1,0,1,1,0,0,0,0,0,0,0,0,0,0
89,77,12,0,12,8,0,5,1,1,0,0,0,61,B,1684,1595,335,5.285035629453682,86.51685393258427,66.66666666666667,1.1235955056179776,8.333333333333334,21.003134796238246,CCA,0,3,0,0,3,0,1,0,0,1,0,0,0,0,0,0
83,81,2,0,2,1,0,1,0,0,0,0,0,62,base,1684,1601,343,4.92874109263658,97.59036144578313,50.0,0.0,0.0,21.424109931292943,CCA,0,2,1,0,1,1,0,0,0,0,0,0,0,0,0,0
83,70,13,1,12,6,0,3,0,0,0,0,0,62,B,1684,1601,343,4.92874109263658,84.33734939759036,50.0,0.0,0.0,21.424109931292943,CCA,0,4,1,0,3,1,0,0,0,0,0,0,0,0,0,0
83,79,4,0,4,0,0,1,1,0,0,0,0,63,base,1684,1601,346,4.92874109263658,95.18072289156626,0.0,1.2048192771084338,25.0,21.611492816989383,CCA,0,0,0,0,0,0,0,0,0,0,0,0,0,0,0,0
83,73,10,0,10,5,0,2,0,1,0,0,0,63,B,1684,1601,346,4.92874109263658,87.95180722891567,50.0,0.0,0.0,21.611492816989383,CCA,0,2,0,0,2,0,1,0,0,1,0,0,0,0,0,0
92,86,6,0,6,5,0,3,1,1,0,0,0,64,base,1684,1592,337,5.463182897862233,93.47826086956522,83.33333333333333,1.0869565217391304,16.666666666666668,21.168341708542712,CCA,0,1,0,0,1,0,1,0,0,1,0,0,0,0,0,0
92,82,10,0,10,7,0,4,0,3,0,0,0,64,B,1684,1592,337,5.463182897862233,89.1304347826087,70.0,0.0,0.0,21.168341708542712,CCA,0,3,0,0,3,0,3,0,0,3,0,0,0,0,0,0
80,77,3,0,3,1,0,2,1,1,0,0,0,65,base,1684,1604,339,4.750593824228028,96.25,33.333333333333336,1.25,33.333333333333336,21.134663341645886,CCA,0,3,2,1,2,1,1,0,0,1,0,0,0,0,0,0
80,72,8,1,7,5,0,4,1,1,0,0,0,65,B,1684,1604,339,4.750593824228028,90.0,71.42857142857143,1.25,12.5,21.134663341645886,CCA,0,5,2,1,4,1,1,0,0,1,0,0,0,0,0,0
69,67,2,0,2,1,0,0,0,0,0,0,0,66,base,1684,1615,344,4.097387173396674,97.10144927536231,50.0,0.0,0.0,21.30030959752322,CCA,0,0,0,0,0,0,0,0,0,0,0,0,0,0,0,0
69,57,12,0,12,5,0,4,0,1,0,0,0,66,B,1684,1615,344,4.097387173396674,82.6086956521739,41.666666666666664,0.0,0.0,21.30030959752322,CCA,0,1,0,0,1,0,1,0,0,1,0,0,0,0,0,0
79,76,3,0,3,1,0,1,0,0,0,0,0,67,base,1684,1605,341,4.6912114014251785,96.20253164556962,33.333333333333336,0.0,0.0,21.246105919003114,CCA,0,0,0,0,0,0,0,0,0,0,0,0,0,0,0,0
79,62,17,0,17,10,0,8,1,2,0,0,0,67,B,1684,1605,341,4.6912114014251785,78.48101265822785,58.8235294117647,1.2658227848101267,5.882352941176471,21.246105919003114,CCA,0,5,1,1,5,0,2,0,0,2,0,0,0,0,0,0
89,87,2,0,2,1,0,1,0,1,0,0,0,68,base,1684,1595,341,5.285035629453682,97.75280898876404,50.0,0.0,0.0,21.379310344827587,CCA,0,2,1,0,1,1,1,0,0,1,0,0,0,0,0,0
89,84,5,0,5,3,0,3,1,1,0,0,0,68,B,1684,1595,341,5.285035629453682,94.38202247191012,60.0,1.1235955056179776,20.0,21.379310344827587,CCA,0,2,1,0,1,1,1,0,0,1,0,0,0,0,0,0
74,71,3,0,3,2,0,2,0,1,0,0,0,69,base,1684,1610,346,4.394299287410926,95.94594594594595,66.66666666666667,0.0,0.0,21.490683229813666,CCA,0,1,0,0,1,0,1,0,0,1,0,0,0,0,0,0
74,66,8,0,8,5,0,5,0,2,0,0,0,69,B,1684,1610,346,4.394299287410926,89.1891891891892,62.5,0.0,0.0,21.490683229813666,CCA,0,3,0,0,3,0,2,0,0,2,0,0,0,0,0,0
81,77,4,0,4,3,0,2,0,0,0,0,0,70,base,1684,1603,346,4.809976247030879,95.06172839506173,75.0,0.0,0.0,21.584529008109794,CCA,0,0,0,0,0,0,0,0,0,0,0,0,0,0,0,0
81,70,11,1,10,7,1,5,0,0,0,0,0,70,B,1684,1603,346,4.809976247030879,86.41975308641975,70.0,0.0,0.0,21.584529008109794,CCA,0,0,0,0,0,0,0,0,0,0,0,0,0,0,0,0
99,92,7,0,7,4,0,3,0,1,0,0,0,71,base,1684,1585,348,5.878859857482185,92.92929292929293,57.142857142857146,0.0,0.0,21.95583596214511,CCA,0,2,1,0,1,1,1,0,0,1,0,0,0,0,0,0
99,81,18,0,18,11,0,9,0,3,0,0,0,71,B,1684,1585,348,5.878859857482185,81.81818181818181,61.111111111111114,0.0,0.0,21.95583596214511,CCA,0,5,1,0,4,1,3,0,0,3,0,0,0,0,0,0
94,88,6,0,6,2,0,1,0,1,0,0,0,72,base,1684,1590,338,5.581947743467934,93.61702127659575,33.333333333333336,0.0,0.0,21.257861635220127,CCA,0,1,0,0,1,0,1,0,0,1,0,0,0,0,0,0
94,77,17,0,17,8,0,8,0,5,0,0,0,72,B,1684,1590,338,5.581947743467934,81.91489361702128,47.05882352941177,0.0,0.0,21.257861635220127,CCA,0,7,0,0,7,0,5,0,0,5,0,0,0,0,0,0
83,80,3,0,3,1,0,1,0,0,0,0,0,73,base,1684,1601,337,4.92874109263658,96.3855421686747,33.333333333333336,0.0,0.0,21.049344159900063,CCA,0,0,0,0,0,0,0,0,0,0,0,0,0,0,0,0
83,75,8,0,8,4,0,3,0,1,0,0,0,73,B,1684,1601,337,4.92874109263658,90.36144578313252,50.0,0.0,0.0,21.049344159900063,CCA,0,1,0,0,1,0,1,0,0,1,0,0,0,0,0,0
86,80,6,0,6,6,0,6,0,0,0,0,0,74,base,1684,1598,345,5.10688836104513,93.02325581395348,100.0,0.0,0.0,21.589486858573217,CCA,0,2,0,0,2,0,0,0,0,0,0,0,0,0,0,0
86,70,16,1,15,13,0,12,0,3,0,0,0,74,B,1684,1598,345,5.10688836104513,81.3953488372093,86.66666666666667,0.0,0.0,21.589486858573217,CCA,0,6,0,0,6,0,3,0,0,3,0,0,0,0,0,0
85,79,6,0,6,6,0,5,0,2,0,0,0,75,base,1684,1599,336,5.04750593824228,92.94117647058823,100.0,0.0,0.0,21.01313320825516,CCA,0,3,0,0,3,0,2,0,0,2,0,0,0,0,0,0
85,70,15,1,14,9,0,8,0,5,0,0,0,75,B,1684,1599,336,5.04750593824228,82.3529411764706,64.28571428571429,0.0,0.0,21.01313320825516,CCA,0,5,0,0,5,0,4,0,0,4,0,0,0,0,0,0
78,70,8,0,8,7,0,7,0,1,0,0,0,76,base,1684,1606,337,4.631828978622328,89.74358974358974,87.5,0.0,0.0,20.983810709838107,CCA,0,2,0,0,2,0,1,0,0,1,0,0,0,0,0,0
78,66,12,0,12,10,0,10,0,2,0,0,0,76,B,1684,1606,337,4.631828978622328,84.61538461538461,83.33333333333333,0.0,0.0,20.983810709838107,CCA,0,2,0,0,2,0,2,0,0,2,0,0,0,0,0,0
76,71,5,0,5,4,0,2,0,0,0,0,0,77,base,1684,1608,344,4.513064133016627,93.42105263157895,80.0,0.0,0.0,21.393034825870647,CCA,0,0,0,0,0,0,0,0,0,0,0,0,0,0,0,0
76,65,11,0,11,7,0,4,0,0,0,0,0,77,B,1684,1608,344,4.513064133016627,85.52631578947368,63.63636363636363,0.0,0.0,21.393034825870647,CCA,0,0,0,0,0,0,0,0,0,0,0,0,0,0,0,0
74,71,3,0,3,2,0,1,0,0,0,0,0,78,base,1684,1610,341,4.394299287410926,95.94594594594595,66.66666666666667,0.0,0.0,21.180124223602483,CCA,0,0,0,0,0,0,0,0,0,0,0,0,0,0,0,0
74,66,8,0,8,7,0,6,0,1,0,0,0,78,B,1684,1610,341,4.394299287410926,89.1891891891892,87.5,0.0,0.0,21.180124223602483,CCA,0,3,0,0,3,0,1,0,0,1,0,0,0,0,0,0
80,77,3,0,3,1,0,0,0,0,0,0,0,79,base,1684,1604,342,4.750593824228028,96.25,33.333333333333336,0.0,0.0,21.321695760598505,CCA,0,0,0,0,0,0,0,0,0,0,0,0,0,0,0,0
80,68,12,0,12,8,0,3,0,2,0,0,0,79,B,1684,1604,342,4.750593824228028,85.0,66.66666666666667,0.0,0.0,21.321695760598505,CCA,0,3,0,0,3,0,2,0,0,2,0,0,0,0,0,0
89,85,4,0,4,2,0,3,1,0,0,0,0,80,base,1684,1595,340,5.285035629453682,95.50561797752809,50.0,1.1235955056179776,25.0,21.316614420062695,CCA,0,0,0,0,0,0,0,0,0,0,0,0,0,0,0,0
89,75,14,0,14,12,0,12,0,5,0,0,0,80,B,1684,1595,340,5.285035629453682,84.26966292134831,85.71428571428571,0.0,0.0,21.316614420062695,CCA,0,6,0,0,6,0,5,0,0,5,0,0,0,0,0,0
88,87,1,0,1,1,0,1,0,0,0,0,0,81,base,1684,1596,335,5.225653206650831,98.86363636363636,100.0,0.0,0.0,20.98997493734336,CCA,0,1,0,0,1,0,0,0,0,0,0,0,0,0,0,0
88,79,9,0,9,5,0,5,1,2,1,0,0,81,B,1684,1596,335,5.225653206650831,89.77272727272727,55.55555555555556,1.1363636363636365,11.11111111111111,20.98997493734336,CCA,0,2,0,0,2,0,2,1,1,2,0,0,0,0,0,0
95,89,6,0,6,5,0,4,0,1,0,0,0,82,base,1684,1589,338,5.641330166270784,93.6842105263158,83.33333333333333,0.0,0.0,21.271239773442417,CCA,0,2,0,0,2,0,1,0,0,1,0,0,0,0,0,0
95,83,12,0,12,10,0,8,0,2,0,0,0,82,B,1684,1589,338,5.641330166270784,87.36842105263158,83.33333333333333,0.0,0.0,21.271239773442417,CCA,0,4,0,0,4,0,2,0,0,2,0,0,0,0,0,0
76,72,4,0,4,1,0,1,0,0,0,0,0,83,base,1684,1608,344,4.513064133016627,94.73684210526316,25.0,0.0,0.0,21.393034825870647,CCA,0,1,0,0,1,0,0,0,0,0,0,0,0,0,0,0
76,64,12,0,12,4,0,4,1,2,0,0,0,83,B,1684,1608,344,4.513064133016627,84.21052631578948,33.333333333333336,1.3157894736842106,8.333333333333334,21.393034825870647,CCA,0,2,0,0,2,0,2,0,0,2,0,0,0,0,0,0
90,87,3,0,3,1,0,0,0,0,0,0,0,84,base,1684,1594,337,5.344418052256532,96.66666666666667,33.333333333333336,0.0,0.0,21.141781681304895,CCA,0,0,0,0,0,0,0,0,0,0,0,0,0,0,0,0
90,74,16,1,15,11,0,9,0,3,0,0,0,84,B,1684,1594,337,5.344418052256532,82.22222222222223,73.33333333333333,0.0,0.0,21.141781681304895,CCA,0,6,0,0,6,0,3,0,0,3,0,0,0,0,0,0
80,78,2,0,2,2,0,2,0,1,0,0,0,85,base,1684,1604,345,4.750593824228028,97.5,100.0,0.0,0.0,21.508728179551124,CCA,0,1,0,0,1,0,1,0,0,1,0,0,0,0,0,0
80,65,15,0,15,9,0,7,0,4,0,0,0,85,B,1684,1604,345,4.750593824228028,81.25,60.0,0.0,0.0,21.508728179551124,CCA,0,5,0,0,5,0,4,0,0,4,0,0,0,0,0,0
80,78,2,0,2,2,0,2,0,0,0,0,0,86,base,1684,1604,341,4.750593824228028,97.5,100.0,0.0,0.0,21.25935162094763,CCA,0,2,2,0,0,2,0,0,0,0,0,0,0,0,0,0
80,69,11,0,11,11,0,9,0,3,0,0,0,86,B,1684,1604,341,4.750593824228028,86.25,100.0,0.0,0.0,21.25935162094763,CCA,0,5,1,0,4,2,3,0,0,3,0,0,0,0,0,0
95,89,6,0,6,5,0,2,0,0,0,0,0,87,base,1684,1589,335,5.641330166270784,93.6842105263158,83.33333333333333,0.0,0.0,21.082441787287603,CCA,0,1,0,0,1,0,0,0,0,0,0,0,0,0,0,0
95,82,13,0,13,9,0,6,0,2,0,0,0,87,B,1684,1589,335,5.641330166270784,86.3157894736842,69.23076923076923,0.0,0.0,21.082441787287603,CCA,0,5,0,0,5,0,2,0,0,2,0,0,0,0,0,0
92,90,2,0,2,2,0,2,0,1,0,0,0,88,base,1684,1592,345,5.463182897862233,97.82608695652173,100.0,0.0,0.0,21.670854271356784,CCA,0,1,0,0,1,0,1,0,0,1,0,0,0,0,0,0
92,82,10,0,10,8,0,8,0,5,0,0,0,88,B,1684,1592,345,5.463182897862233,89.1304347826087,80.0,0.0,0.0,21.670854271356784,CCA,0,5,0,0,5,0,5,0,0,5,0,0,0,0,0,0
85,80,5,0,5,1,0,1,0,0,0,0,0,89,base,1684,1599,341,5.04750593824228,94.11764705882354,20.0,0.0,0.0,21.325828642901815,CCA,0,1,1,0,0,1,0,0,0,0,0,0,0,0,0,0
85,69,16,0,16,8,0,6,0,1,0,0,0,89,B,1684,1599,341,5.04750593824228,81.17647058823529,50.0,0.0,0.0,21.325828642901815,CCA,0,2,1,0,1,1,1,0,0,1,0,0,0,0,0,0
82,78,4,0,4,2,0,1,0,0,0,0,0,90,base,1684,1602,341,4.869358669833729,95.1219512195122,50.0,0.0,0.0,21.28589263420724,CCA,0,1,0,0,1,0,0,0,0,0,0,0,0,0,0,0
82,70,12,0,12,8,0,5,0,2,0,0,0,90,B,1684,1602,341,4.869358669833729,85.36585365853658,66.66666666666667,0.0,0.0,21.28589263420724,CCA,0,4,0,0,4,0,2,0,0,2,0,0,0,0,0,0
96,89,7,0,7,7,0,5,0,1,0,0,0,91,base,1684,1588,342,5.7007125890736345,92.70833333333333,100.0,0.0,0.0,21.536523929471034,CCA,0,1,0,0,1,0,1,0,0,1,0,0,0,0,0,0
96,83,13,0,13,10,0,9,1,2,0,0,0,91,B,1684,1588,342,5.7007125890736345,86.45833333333333,76.92307692307692,1.0416666666666667,7.6923076923076925,21.536523929471034,CCA,0,3,0,0,3,0,2,0,0,2,0,0,0,0,0,0
86,84,2,0,2,1,0,1,0,0,0,0,0,92,base,1684,1598,347,5.10688836104513,97.67441860465117,50.0,0.0,0.0,21.714643304130163,CCA,0,0,0,0,0,0,0,0,0,0,0,0,0,0,0,0
86,77,9,0,9,5,0,2,0,1,0,0,0,92,B,1684,1598,347,5.10688836104513,89.53488372093024,55.55555555555556,0.0,0.0,21.714643304130163,CCA,0,1,0,0,1,0,1,0,0,1,0,0,0,0,0,0
85,81,4,0,4,3,0,4,1,1,0,0,0,93,base,1684,1599,332,5.04750593824228,95.29411764705883,75.0,1.1764705882352942,25.0,20.762976860537837,CCA,0,2,1,0,1,1,1,0,0,1,0,0,0,0,0,0
85,75,10,0,10,7,0,7,1,3,0,0,0,93,B,1684,1599,332,5.04750593824228,88.23529411764706,70.0,1.1764705882352942,10.0,20.762976860537837,CCA,0,4,1,0,3,1,3,0,0,3,0,0,0,0,0,0
78,77,1,0,1,1,0,1,0,1,0,0,0,94,base,1684,1606,347,4.631828978622328,98.71794871794872,100.0,0.0,0.0,21.606475716064757,CCA,0,1,0,0,1,0,1,0,0,1,0,0,0,0,0,0
78,70,8,1,7,6,0,4,0,3,0,0,0,94,B,1684,1606,347,4.631828978622328,89.74358974358974,85.71428571428571,0.0,0.0,21.606475716064757,CCA,0,4,0,0,4,0,3,0,0,3,0,0,0,0,0,0
87,82,5,0,5,1,0,1,0,1,0,0,0,95,base,1684,1597,341,5.166270783847981,94.25287356321839,20.0,0.0,0.0,21.35253600500939,CCA,0,1,0,0,1,0,1,0,0,1,0,0,0,0,0,0
87,75,12,0,12,5,0,4,0,1,0,0,0,95,B,1684,1597,341,5.166270783847981,86.20689655172414,41.666666666666664,0.0,0.0,21.35253600500939,CCA,0,2,0,0,2,0,1,0,0,1,0,0,0,0,0,0
81,78,3,0,3,1,0,0,0,0,0,0,0,96,base,1684,1603,346,4.809976247030879,96.29629629629629,33.333333333333336,0.0,0.0,21.584529008109794,CCA,0,1,1,0,0,1,0,0,0,0,0,0,0,0,0,0
81,69,12,0,12,8,0,4,0,2,0,0,0,96,B,1684,1603,346,4.809976247030879,85.18518518518519,66.66666666666667,0.0,0.0,21.584529008109794,CCA,0,5,1,0,4,1,2,0,0,2,0,0,0,0,0,0
94,91,3,0,3,2,0,2,0,1,0,0,0,97,base,1684,1590,336,5.581947743467934,96.80851063829788,66.66666666666667,0.0,0.0,21.132075471698112,CCA,0,1,0,0,1,0,1,0,0,1,0,0,0,0,0,0
94,82,12,1,11,9,0,7,0,5,0,0,0,97,B,1684,1590,336,5.581947743467934,87.23404255319149,81.81818181818181,0.0,0.0,21.132075471698112,CCA,0,5,0,0,5,0,5,0,0,5,0,0,0,0,0,0
75,70,5,0,5,3,0,2,0,2,0,0,0,98,base,1684,1609,346,4.453681710213777,93.33333333333333,60.0,0.0,0.0,21.504039776258544,CCA,0,3,1,0,2,1,2,0,0,2,0,0,0,0,0,0
75,60,15,0,15,7,0,5,0,2,0,0,0,98,B,1684,1609,346,4.453681710213777,80.0,46.666666666666664,0.0,0.0,21.504039776258544,CCA,0,5,1,0,4,1,2,0,0,2,0,0,0,0,0,0
76,75,1,0,1,1,0,1,0,0,0,0,0,99,base,1684,1608,341,4.513064133016627,98.6842105263158,100.0,0.0,0.0,21.20646766169154,CCA,0,1,1,0,0,1,0,0,0,0,0,0,0,0,0,0
76,65,11,0,11,10,0,7,0,0,0,0,0,99,B,1684,1608,341,4.513064133016627,85.52631578947368,90.9090909090909,0.0,0.0,21.20646766169154,CCA,0,1,1,0,0,1,0,0,0,0,0,0,0,0,0,0
104,97,7,0,7,6,0,3,0,0,0,0,0,100,base,1684,1580,339,6.175771971496437,93.26923076923077,85.71428571428571,0.0,0.0,21.455696202531644,CCA,0,2,0,0,2,0,0,0,0,0,0,0,0,0,0,0
104,88,16,0,16,12,0,9,0,2,0,0,0,100,B,1684,1580,339,6.175771971496437,84.61538461538461,75.0,0.0,0.0,21.455696202531644,CCA,0,5,0,0,5,0,2,0,0,2,0,0,0,0,0,0
85,82,3,0,3,1,0,0,0,0,0,0,0,101,base,1684,1599,343,5.04750593824228,96.47058823529412,33.333333333333336,0.0,0.0,21.450906816760476,CCA,0,0,0,0,0,0,0,0,0,0,0,0,0,0,0,0
85,76,9,0,9,5,0,4,0,2,0,0,0,101,B,1684,1599,343,5.04750593824228,89.41176470588235,55.55555555555556,0.0,0.0,21.450906816760476,CCA,0,3,0,0,3,0,1,0,0,1,0,0,0,0,0,0
84,80,4,0,4,4,0,3,0,0,0,0,0,102,base,1684,1600,343,4.98812351543943,95.23809523809524,100.0,0.0,0.0,21.4375,CCA,0,2,0,0,2,0,0,0,0,0,0,0,0,0,0,0
84,76,8,0,8,7,0,5,0,2,0,0,0,102,B,1684,1600,343,4.98812351543943,90.47619047619048,87.5,0.0,0.0,21.4375,CCA,0,4,0,0,4,0,2,0,0,2,0,0,0,0,0,0
75,71,4,0,4,4,0,3,0,0,0,0,0,103,base,1684,1609,346,4.453681710213777,94.66666666666667,100.0,0.0,0.0,21.504039776258544,CCA,0,2,1,0,1,1,0,0,0,0,0,0,0,0,0,0
75,66,9,0,9,6,0,5,0,0,0,0,0,103,B,1684,1609,346,4.453681710213777,88.0,66.66666666666667,0.0,0.0,21.504039776258544,CCA,0,2,0,0,1,0,0,0,0,0,0,0,0,0,0,0
84,80,4,0,4,1,0,1,0,0,0,0,0,104,base,1684,1600,338,4.98812351543943,95.23809523809524,25.0,0.0,0.0,21.125,CCA,0,1,0,0,1,0,0,0,0,0,0,0,0,0,0,0
84,71,13,0,13,7,0,7,2,2,0,0,0,104,B,1684,1600,338,4.98812351543943,84.52380952380952,53.84615384615385,2.380952380952381,15.384615384615385,21.125,CCA,0,5,1,1,5,0,2,0,0,2,0,0,0,0,0,0
89,83,6,0,6,5,0,3,0,1,0,0,0,105,base,1684,1595,346,5.285035629453682,93.25842696629213,83.33333333333333,0.0,0.0,21.692789968652036,CCA,0,3,0,0,3,0,1,0,0,1,0,0,0,0,0,0
89,78,11,0,11,7,0,4,0,2,0,0,0,105,B,1684,1595,346,5.285035629453682,87.64044943820225,63.63636363636363,0.0,0.0,21.692789968652036,CCA,0,4,0,0,4,0,2,0,0,2,0,0,0,0,0,0
87,81,6,0,6,6,0,4,0,1,0,0,0,106,base,1684,1597,342,5.166270783847981,93.10344827586206,100.0,0.0,0.0,21.415153412648717,CCA,0,3,0,0,3,0,1,0,0,1,0,0,0,0,0,0
87,67,20,1,19,13,0,7,0,2,0,0,0,106,B,1684,1597,342,5.166270783847981,77.01149425287356,68.42105263157895,0.0,0.0,21.415153412648717,CCA,0,4,0,0,4,0,2,0,0,2,0,0,0,0,0,0
83,83,0,0,0,0,0,0,0,0,0,0,0,107,base,1684,1601,340,4.92874109263658,100.0,,0.0,,21.236727045596503,CCA,0,0,0,0,0,0,0,0,0,0,0,0,0,0,0,0
83,76,7,0,7,4,0,4,0,2,0,0,0,107,B,1684,1601,340,4.92874109263658,91.56626506024097,57.142857142857146,0.0,0.0,21.236727045596503,CCA,0,2,0,0,2,0,2,0,0,2,0,0,0,0,0,0
78,72,6,0,6,4,0,3,0,1,0,0,0,108,base,1684,1606,340,4.631828978622328,92.3076923076923,66.66666666666667,0.0,0.0,21.1706102117061,CCA,0,2,0,0,2,0,1,0,0,1,0,0,0,0,0,0
78,66,12,0,12,8,0,6,0,2,0,0,0,108,B,1684,1606,340,4.631828978622328,84.61538461538461,66.66666666666667,0.0,0.0,21.1706102117061,CCA,0,5,0,0,5,0,2,0,0,2,0,0,0,0,0,0
91,88,3,0,3,2,0,0,0,0,0,0,0,109,base,1684,1593,337,5.403800475059382,96.7032967032967,66.66666666666667,0.0,0.0,21.15505335844319,CCA,0,1,1,0,0,1,0,0,0,0,0,0,0,0,0,0
91,77,14,0,14,8,0,5,0,2,0,0,0,109,B,1684,1593,337,5.403800475059382,84.61538461538461,57.142857142857146,0.0,0.0,21.15505335844319,CCA,0,5,1,0,4,1,2,0,0,2,0,0,0,0,0,0
89,83,6,0,6,5,0,3,0,1,0,0,0,110,base,1684,1595,336,5.285035629453682,93.25842696629213,83.33333333333333,0.0,0.0,21.065830721003135,CCA,0,1,0,0,1,0,1,0,0,1,0,0,0,0,0,0
89,79,10,1,9,8,0,6,0,3,0,0,0,110,B,1684,1595,336,5.285035629453682,88.76404494382022,88.88888888888889,0.0,0.0,21.065830721003135,CCA,0,3,0,0,3,0,3,0,0,3,0,0,0,0,0,0
84,77,7,0,7,5,0,4,1,0,0,0,0,111,base,1684,1600,343,4.98812351543943,91.66666666666667,71.42857142857143,1.1904761904761905,14.285714285714286,21.4375,CCA,0,3,1,1,3,0,0,0,0,0,0,0,0,0,0,0
84,73,11,0,11,7,0,5,0,1,0,0,0,111,B,1684,1600,343,4.98812351543943,86.9047619047619,63.63636363636363,0.0,0.0,21.4375,CCA,0,4,0,0,4,0,1,0,0,1,0,0,0,0,0,0
78,74,4,0,4,2,0,2,0,0,0,0,0,112,base,1684,1606,350,4.631828978622328,94.87179487179488,50.0,0.0,0.0,21.793275217932752,CCA,0,0,0,0,0,0,0,0,0,0,0,0,0,0,0,0
78,65,13,1,12,7,0,6,0,1,0,0,0,112,B,1684,1606,350,4.631828978622328,83.33333333333333,58.333333333333336,0.0,0.0,21.793275217932752,CCA,0,2,0,0,2,0,1,0,0,1,0,0,0,0,0,0
76,71,5,0,5,4,0,1,0,0,0,0,0,113,base,1684,1608,346,4.513064133016627,93.42105263157895,80.0,0.0,0.0,21.51741293532338,CCA,0,0,0,0,0,0,0,0,0,0,0,0,0,0,0,0
76,67,9,0,9,5,0,2,0,0,0,0,0,113,B,1684,1608,346,4.513064133016627,88.15789473684211,55.55555555555556,0.0,0.0,21.51741293532338,CCA,0,0,0,0,0,0,0,0,0,0,0,0,0,0,0,0
100,98,2,0,2,1,0,1,0,0,0,0,0,114,base,1684,1584,343,5.938242280285036,98.0,50.0,0.0,0.0,21.654040404040405,CCA,0,0,0,0,0,0,0,0,0,0,0,0,0,0,0,0
100,85,15,3,12,10,2,6,0,2,0,0,0,114,B,1684,1584,343,5.938242280285036,85.0,83.33333333333333,0.0,0.0,21.654040404040405,CCA,0,4,0,0,4,0,2,0,0,2,0,0,0,0,0,0
82,78,4,0,4,4,0,3,0,2,0,0,0,115,base,1684,1602,342,4.869358669833729,95.1219512195122,100.0,0.0,0.0,21.348314606741575,CCA,0,3,0,0,3,0,2,0,0,2,0,0,0,0,0,0
82,70,12,0,12,10,0,6,0,3,0,0,0,115,B,1684,1602,342,4.869358669833729,85.36585365853658,83.33333333333333,0.0,0.0,21.348314606741575,CCA,0,6,0,0,6,0,3,0,0,3,0,0,0,0,0,0
76,74,2,0,2,1,0,1,0,1,0,0,0,116,base,1684,1608,344,4.513064133016627,97.36842105263158,50.0,0.0,0.0,21.393034825870647,CCA,0,1,0,0,1,0,1,0,0,1,0,0,0,0,0,0
76,66,10,0,10,6,0,7,1,4,0,0,0,116,B,1684,1608,344,4.513064133016627,86.84210526315789,60.0,1.3157894736842106,10.0,21.393034825870647,CCA,0,4,0,0,4,0,4,0,0,4,0,0,0,0,0,0
69,63,6,0,6,6,0,4,0,0,0,0,0,117,base,1684,1615,344,4.097387173396674,91.30434782608695,100.0,0.0,0.0,21.30030959752322,CCA,0,2,1,0,1,1,0,0,0,0,0,0,0,0,0,0
69,57,12,0,12,7,0,6,0,0,0,0,0,117,B,1684,1615,344,4.097387173396674,82.6086956521739,58.333333333333336,0.0,0.0,21.30030959752322,CCA,0,4,1,0,3,1,0,0,0,0,0,0,0,0,0,0
73,68,5,0,5,3,0,2,0,1,0,0,0,118,base,1684,1611,348,4.334916864608076,93.15068493150685,60.0,0.0,0.0,21.60148975791434,CCA,0,2,0,0,2,0,1,0,0,1,0,0,0,0,0,0
73,64,9,0,9,5,0,3,0,2,0,0,0,118,B,1684,1611,348,4.334916864608076,87.67123287671232,55.55555555555556,0.0,0.0,21.60148975791434,CCA,0,3,0,0,3,0,2,0,0,2,0,0,0,0,0,0
90,84,6,0,6,2,0,3,1,0,0,0,0,119,base,1684,1594,338,5.344418052256532,93.33333333333333,33.333333333333336,1.1111111111111112,16.666666666666668,21.204516938519447,CCA,0,2,1,1,2,0,0,0,0,0,0,0,0,0,0,0
90,77,13,0,13,6,0,3,0,0,0,0,0,119,B,1684,1594,338,5.344418052256532,85.55555555555556,46.15384615384615,0.0,0.0,21.204516938519447,CCA,0,2,0,0,2,0,0,0,0,0,0,0,0,0,0,0
79,74,5,0,5,2,0,1,0,0,0,0,0,120,base,1684,1605,343,4.6912114014251785,93.67088607594937,40.0,0.0,0.0,21.370716510903428,CCA,0,0,0,0,0,0,0,0,0,0,0,0,0,0,0,0
79,66,13,0,13,6,0,4,0,2,0,0,0,120,B,1684,1605,343,4.6912114014251785,83.54430379746836,46.15384615384615,0.0,0.0,21.370716510903428,CCA,0,2,0,0,2,0,2,0,0,2,0,0,0,0,0,0
87,80,7,0,7,4,0,3,0,1,0,0,0,121,base,1684,1597,342,5.166270783847981,91.95402298850574,57.142857142857146,0.0,0.0,21.415153412648717,CCA,0,2,0,0,1,1,1,0,0,1,0,0,0,0,0,0
87,77,10,0,10,7,0,4,0,2,0,0,0,121,B,1684,1597,342,5.166270783847981,88.50574712643679,70.0,0.0,0.0,21.415153412648717,CCA,0,3,0,0,2,1,2,0,0,2,0,0,0,0,0,0
93,89,4,0,4,4,0,2,0,1,0,0,0,122,base,1684,1591,336,5.522565320665083,95.6989247311828,100.0,0.0,0.0,21.118793211816467,CCA,0,1,0,0,1,0,1,0,0,1,0,0,0,0,0,0
93,83,10,1,9,7,1,6,0,3,0,0,0,122,B,1684,1591,336,5.522565320665083,89.24731182795699,77.77777777777777,0.0,0.0,21.118793211816467,CCA,0,3,0,0,3,0,3,0,0,3,0,0,0,0,0,0
74,71,3,0,3,2,0,2,0,1,0,0,0,123,base,1684,1610,338,4.394299287410926,95.94594594594595,66.66666666666667,0.0,0.0,20.993788819875775,CCA,0,1,0,0,1,0,1,0,0,1,0,0,0,0,0,0
74,66,8,0,8,3,0,4,1,1,0,0,0,123,B,1684,1610,338,4.394299287410926,89.1891891891892,37.5,1.3513513513513513,12.5,20.993788819875775,CCA,0,1,0,0,1,0,1,0,0,1,0,0,0,0,0,0
93,87,6,0,6,4,0,4,1,0,0,0,0,124,base,1684,1591,342,5.522565320665083,93.54838709677419,66.66666666666667,1.075268817204301,16.666666666666668,21.495914519170334,CCA,0,1,0,0,1,0,0,0,0,0,0,0,0,0,0,0
93,77,16,1,15,8,0,4,0,1,0,0,0,124,B,1684,1591,342,5.522565320665083,82.79569892473118,53.333333333333336,0.0,0.0,21.495914519170334,CCA,0,1,0,0,1,0,1,0,0,1,0,0,0,0,0,0
83,81,2,0,2,1,0,1,0,1,0,0,0,125,base,1684,1601,341,4.92874109263658,97.59036144578313,50.0,0.0,0.0,21.299188007495314,CCA,0,1,0,0,1,0,1,0,0,1,0,0,0,0,0,0
83,72,11,1,10,9,0,7,0,3,0,0,0,125,B,1684,1601,341,4.92874109263658,86.74698795180723,90.0,0.0,0.0,21.299188007495314,CCA,0,6,0,0,6,0,3,0,0,3,0,0,0,0,0,0
65,58,7,0,7,5,0,3,0,1,0,0,0,126,base,1684,1619,348,3.8598574821852734,89.23076923076923,71.42857142857143,0.0,0.0,21.494749845583694,CCA,0,2,1,0,1,1,1,0,0,1,0,0,0,0,0,0
65,53,12,1,11,9,1,7,0,4,0,0,0,126,B,1684,1619,348,3.8598574821852734,81.53846153846153,81.81818181818181,0.0,0.0,21.494749845583694,CCA,0,6,1,0,5,1,4,0,0,4,0,0,0,0,0,0
95,89,6,0,6,6,0,4,0,0,0,0,0,127,base,1684,1589,341,5.641330166270784,93.6842105263158,100.0,0.0,0.0,21.46003775959723,CCA,0,2,1,0,1,1,0,0,0,0,0,0,0,0,0,0
95,81,14,1,13,7,0,6,0,1,0,0,0,127,B,1684,1589,341,5.641330166270784,85.26315789473684,53.84615384615385,0.0,0.0,21.46003775959723,CCA,0,5,1,0,4,1,1,0,0,1,0,0,0,0,0,0
71,66,5,0,5,3,0,2,0,1,0,0,0,128,base,1684,1613,348,4.216152019002375,92.95774647887323,60.0,0.0,0.0,21.57470551766894,CCA,0,2,0,0,2,0,1,0,0,1,0,0,0,0,0,0
71,61,10,0,10,4,0,4,2,1,0,0,0,128,B,1684,1613,348,4.216152019002375,85.91549295774648,40.0,2.816901408450704,20.0,21.57470551766894,CCA,0,2,0,0,2,0,1,0,0,1,0,0,0,0,0,0
80,76,4,0,4,3,0,2,0,1,0,0,0,129,base,1684,1604,344,4.750593824228028,95.0,75.0,0.0,0.0,21.44638403990025,CCA,0,1,0,0,1,0,1,0,0,1,0,0,0,0,0,0
80,69,11,0,11,9,0,7,0,4,0,0,0,129,B,1684,1604,344,4.750593824228028,86.25,81.81818181818181,0.0,0.0,21.44638403990025,CCA,0,5,0,0,5,0,4,0,0,4,0,0,0,0,0,0
72,72,0,0,0,0,0,0,0,0,0,0,0,130,base,1684,1612,348,4.275534441805226,100.0,,0.0,,21.588089330024815,CCA,0,0,0,0,0,0,0,0,0,0,0,0,0,0,0,0
72,65,7,0,7,2,0,2,0,0,0,0,0,130,B,1684,1612,348,4.275534441805226,90.27777777777777,28.571428571428573,0.0,0.0,21.588089330024815,CCA,0,2,0,0,2,0,0,0,0,0,0,0,0,0,0,0
88,84,4,0,4,3,0,1,0,0,0,0,0,131,base,1684,1596,345,5.225653206650831,95.45454545454545,75.0,0.0,0.0,21.616541353383457,CCA,0,0,0,0,0,0,0,0,0,0,0,0,0,0,0,0
88,76,12,0,12,7,0,5,0,2,0,0,0,131,B,1684,1596,345,5.225653206650831,86.36363636363636,58.333333333333336,0.0,0.0,21.616541353383457,CCA,0,3,0,0,3,0,2,0,0,2,0,0,0,0,0,0
71,68,3,0,3,2,0,1,0,1,0,0,0,132,base,1684,1613,346,4.216152019002375,95.77464788732394,66.66666666666667,0.0,0.0,21.450712957222567,CCA,0,2,1,0,1,1,1,0,0,1,0,0,0,0,0,0
71,63,8,0,8,6,0,3,0,3,0,0,0,132,B,1684,1613,346,4.216152019002375,88.73239436619718,75.0,0.0,0.0,21.450712957222567,CCA,0,4,1,0,3,1,3,0,0,3,0,0,0,0,0,0
90,87,3,0,3,2,0,3,1,1,0,0,0,133,base,1684,1594,336,5.344418052256532,96.66666666666667,66.66666666666667,1.1111111111111112,33.333333333333336,21.07904642409034,CCA,0,2,1,0,1,1,1,0,0,1,0,0,0,0,0,0
90,77,13,0,13,9,0,6,0,2,0,0,0,133,B,1684,1594,336,5.344418052256532,85.55555555555556,69.23076923076923,0.0,0.0,21.07904642409034,CCA,0,4,1,0,3,1,2,0,0,2,0,0,0,0,0,0
82,77,5,0,5,4,0,2,0,1,0,0,0,134,base,1684,1602,344,4.869358669833729,93.90243902439025,80.0,0.0,0.0,21.473158551810236,CCA,0,4,2,0,2,2,1,0,0,1,0,0,0,0,0,0
82,66,16,1,15,12,1,8,0,3,0,0,0,134,B,1684,1602,344,4.869358669833729,80.48780487804878,80.0,0.0,0.0,21.473158551810236,CCA,0,9,2,0,7,2,3,0,0,3,0,0,0,0,0,0
75,69,6,0,6,5,0,3,0,3,0,0,0,135,base,1684,1609,348,4.453681710213777,92.0,83.33333333333333,0.0,0.0,21.6283405842138,CCA,0,3,0,0,3,0,3,0,0,3,0,0,0,0,0,0
75,61,14,0,14,9,0,8,1,4,0,0,0,135,B,1684,1609,348,4.453681710213777,81.33333333333333,64.28571428571429,1.3333333333333333,7.142857142857143,21.6283405842138,CCA,0,6,0,0,6,0,4,0,0,4,0,0,0,0,0,0
86,82,4,0,4,2,0,1,0,1,0,0,0,136,base,1684,1598,338,5.10688836104513,95.34883720930233,50.0,0.0,0.0,21.151439299123904,CCA,0,1,0,0,1,0,1,0,0,1,0,0,0,0,0,0
86,73,13,1,12,8,1,4,0,4,0,0,0,136,B,1684,1598,338,5.10688836104513,84.88372093023256,66.66666666666667,0.0,0.0,21.151439299123904,CCA,0,4,0,0,4,0,4,0,0,4,0,0,0,0,0,0
81,80,1,0,1,1,0,1,0,1,0,0,0,137,base,1684,1603,343,4.809976247030879,98.76543209876543,100.0,0.0,0.0,21.397379912663755,CCA,0,1,0,0,1,0,1,0,0,1,0,0,0,0,0,0
81,72,9,0,9,8,0,3,0,1,0,0,0,137,B,1684,1603,343,4.809976247030879,88.88888888888889,88.88888888888889,0.0,0.0,21.397379912663755,CCA,0,3,0,0,3,0,1,0,0,1,0,0,0,0,0,0
82,78,4,0,4,3,0,3,0,1,0,0,0,138,base,1684,1602,338,4.869358669833729,95.1219512195122,75.0,0.0,0.0,21.098626716604244,CCA,0,2,0,0,2,0,1,0,0,1,0,0,0,0,0,0
82,68,14,2,12,9,1,6,0,2,0,0,0,138,B,1684,1602,338,4.869358669833729,82.92682926829268,75.0,0.0,0.0,21.098626716604244,CCA,0,3,0,0,3,0,2,0,0,2,0,0,0,0,0,0
73,65,8,0,8,4,0,3,0,0,0,0,0,139,base,1684,1611,343,4.334916864608076,89.04109589041096,50.0,0.0,0.0,21.291123525760398,CCA,0,0,0,0,0,0,0,0,0,0,0,0,0,0,0,0
73,58,15,2,13,7,0,5,0,1,0,0,0,139,B,1684,1611,343,4.334916864608076,79.45205479452055,53.84615384615385,0.0,0.0,21.291123525760398,CCA,0,1,0,0,1,0,1,0,0,1,0,0,0,0,0,0
92,89,3,0,3,1,0,0,0,0,0,0,0,140,base,1684,1592,342,5.463182897862233,96.73913043478261,33.333333333333336,0.0,0.0,21.482412060301506,CCA,0,0,0,0,0,0,0,0,0,0,0,0,0,0,0,0
92,76,16,0,16,5,0,3,0,0,0,0,0,140,B,1684,1592,342,5.463182897862233,82.6086956521739,31.25,0.0,0.0,21.482412060301506,CCA,0,1,0,0,1,0,0,0,0,0,0,0,0,0,0,0
87,84,3,0,3,2,0,2,1,1,0,0,0,141,base,1684,1597,339,5.166270783847981,96.55172413793103,66.66666666666667,1.1494252873563218,33.333333333333336,21.227301189730746,CCA,0,2,1,0,1,1,1,0,0,1,0,0,0,0,0,0
87,74,13,0,13,7,0,5,1,4,0,0,0,141,B,1684,1597,339,5.166270783847981,85.05747126436782,53.84615384615385,1.1494252873563218,7.6923076923076925,21.227301189730746,CCA,0,5,1,0,4,1,4,0,0,4,0,0,0,0,0,0
88,80,8,0,8,3,0,3,1,1,0,0,0,42,base,1553,1465,71,5.666452028332261,90.9090909090909,37.5,1.1363636363636365,12.5,4.84641638225256,CUA,0,1,0,0,1,0,1,0,0,1,0,0,0,0,0,0
88,74,14,0,14,4,0,4,0,2,0,0,0,42,B,1553,1465,71,5.666452028332261,84.0909090909091,28.571428571428573,0.0,0.0,4.84641638225256,CUA,0,2,0,0,2,0,2,0,0,2,0,0,0,0,0,0
80,73,7,0,7,3,0,3,0,0,0,0,0,43,base,1553,1473,67,5.1513200257566005,91.25,42.857142857142854,0.0,0.0,4.5485403937542435,CUA,0,1,0,0,1,0,0,0,0,0,0,0,0,0,0,0
80,67,13,1,12,5,0,6,1,1,0,0,0,43,B,1553,1473,67,5.1513200257566005,83.75,41.666666666666664,1.25,7.6923076923076925,4.5485403937542435,CUA,0,3,1,1,3,0,1,0,0,1,0,0,0,0,0,0
73,72,1,0,1,0,0,0,0,0,0,0,0,44,base,1553,1480,70,4.700579523502897,98.63013698630137,0.0,0.0,0.0,4.72972972972973,CUA,0,1,1,0,0,1,0,0,0,0,0,0,0,0,0,0
73,59,14,1,13,6,0,7,2,2,0,0,0,44,B,1553,1480,70,4.700579523502897,80.82191780821918,46.15384615384615,2.73972602739726,14.285714285714286,4.72972972972973,CUA,0,6,1,1,6,0,2,0,0,2,0,0,0,0,0,0
80,76,4,0,4,0,0,1,1,0,0,0,0,45,base,1553,1473,70,5.1513200257566005,95.0,0.0,1.25,25.0,4.752206381534283,CUA,0,0,0,0,0,0,0,0,0,0,0,0,0,0,0,0
80,66,14,2,12,5,0,4,1,1,0,0,0,45,B,1553,1473,70,5.1513200257566005,82.5,41.666666666666664,1.25,7.142857142857143,4.752206381534283,CUA,0,3,0,0,3,0,1,0,0,1,0,0,0,0,0,0
81,76,5,0,5,3,0,3,0,0,0,0,0,46,base,1553,1472,69,5.215711526078557,93.82716049382717,60.0,0.0,0.0,4.6875,CUA,0,1,0,0,1,0,0,0,0,0,0,0,0,0,0,0
81,70,11,0,11,5,0,7,2,1,0,0,0,46,B,1553,1472,69,5.215711526078557,86.41975308641975,45.45454545454545,2.4691358024691357,18.181818181818183,4.6875,CUA,0,2,0,0,2,0,1,0,0,1,0,0,0,0,0,0
79,73,6,0,6,3,0,4,1,1,0,0,0,47,base,1553,1474,67,5.086928525434643,92.40506329113924,50.0,1.2658227848101267,16.666666666666668,4.545454545454546,CUA,0,3,0,0,3,0,1,0,0,1,0,0,0,0,0,0
79,69,10,0,10,5,0,6,1,2,0,0,0,47,B,1553,1474,67,5.086928525434643,87.34177215189874,50.0,1.2658227848101267,10.0,4.545454545454546,CUA,0,4,0,0,4,0,2,0,0,2,0,0,0,0,0,0
86,82,4,0,4,1,0,1,0,0,0,0,0,48,base,1553,1467,71,5.537669027688345,95.34883720930233,25.0,0.0,0.0,4.839809134287662,CUA,0,2,1,0,1,1,0,0,0,0,0,0,0,0,0,0
86,79,7,0,7,4,0,4,0,0,0,0,0,48,B,1553,1467,71,5.537669027688345,91.86046511627907,57.142857142857146,0.0,0.0,4.839809134287662,CUA,0,4,1,0,3,1,0,0,0,0,0,0,0,0,0,0
72,70,2,0,2,0,0,0,0,0,0,0,0,49,base,1553,1481,68,4.6361880231809405,97.22222222222223,0.0,0.0,0.0,4.591492234976367,CUA,0,1,1,0,0,1,0,0,0,0,0,0,0,0,0,0
72,63,9,1,8,5,0,5,0,3,0,0,0,49,B,1553,1481,68,4.6361880231809405,87.5,62.5,0.0,0.0,4.591492234976367,CUA,0,3,1,0,2,1,3,0,0,3,0,0,0,0,0,0
73,69,4,0,4,2,0,2,0,1,0,0,0,50,base,1553,1480,70,4.700579523502897,94.52054794520548,50.0,0.0,0.0,4.72972972972973,CUA,0,2,0,0,2,0,1,0,0,1,0,0,0,0,0,0
73,64,9,1,8,4,1,4,0,2,0,0,0,50,B,1553,1480,70,4.700579523502897,87.67123287671232,50.0,0.0,0.0,4.72972972972973,CUA,0,3,0,0,3,0,2,0,0,2,0,0,0,0,0,0
70,68,2,0,2,0,0,0,0,0,0,0,0,51,base,1553,1483,71,4.507405022537025,97.14285714285714,0.0,0.0,0.0,4.787592717464599,CUA,0,0,0,0,0,0,0,0,0,0,0,0,0,0,0,0
70,65,5,1,4,1,0,1,0,0,0,0,0,51,B,1553,1483,71,4.507405022537025,92.85714285714286,25.0,0.0,0.0,4.787592717464599,CUA,0,1,0,0,1,0,0,0,0,0,0,0,0,0,0,0
67,64,3,0,3,3,0,2,0,1,0,0,0,52,base,1553,1486,70,4.314230521571153,95.5223880597015,100.0,0.0,0.0,4.710632570659489,CUA,0,4,2,0,1,3,1,0,0,1,0,0,0,0,0,0
67,58,9,0,9,4,0,5,1,1,0,0,0,52,B,1553,1486,70,4.314230521571153,86.56716417910448,44.44444444444444,1.492537313432836,11.11111111111111,4.710632570659489,CUA,0,4,2,0,1,3,1,0,0,1,0,0,0,0,0,0
86,78,8,0,8,4,0,5,1,2,0,0,0,53,base,1553,1467,66,5.537669027688345,90.69767441860465,50.0,1.1627906976744187,12.5,4.4989775051124745,CUA,0,2,0,0,2,0,2,0,0,2,0,0,0,0,0,0
86,74,12,0,12,6,0,5,0,3,0,0,0,53,B,1553,1467,66,5.537669027688345,86.04651162790698,50.0,0.0,0.0,4.4989775051124745,CUA,0,4,0,0,4,0,3,0,0,3,0,0,0,0,0,0
76,69,7,0,7,2,0,2,1,1,0,0,0,54,base,1553,1477,71,4.8937540244687705,90.78947368421052,28.571428571428573,1.3157894736842106,14.285714285714286,4.807041299932295,CUA,0,1,0,0,1,0,1,0,0,1,0,0,0,0,0,0
76,63,13,0,13,3,0,5,2,1,0,0,0,54,B,1553,1477,71,4.8937540244687705,82.89473684210526,23.076923076923077,2.6315789473684212,15.384615384615385,4.807041299932295,CUA,0,1,0,0,1,0,1,0,0,1,0,0,0,0,0,0
85,82,3,0,3,1,0,2,1,1,0,0,0,55,base,1553,1468,68,5.473277527366387,96.47058823529412,33.333333333333336,1.1764705882352942,33.333333333333336,4.632152588555858,CUA,0,3,2,1,2,1,1,0,0,1,0,0,0,0,0,0
85,70,15,1,14,7,0,8,2,4,0,0,0,55,B,1553,1468,68,5.473277527366387,82.3529411764706,50.0,2.3529411764705883,13.333333333333334,4.632152588555858,CUA,0,8,2,2,8,0,4,0,0,4,0,0,0,0,0,0
72,70,2,0,2,1,0,1,0,0,0,0,0,56,base,1553,1481,67,4.6361880231809405,97.22222222222223,50.0,0.0,0.0,4.523970290344362,CUA,0,1,0,0,1,0,0,0,0,0,0,0,0,0,0,0
72,66,6,0,6,5,0,3,0,1,0,0,0,56,B,1553,1481,67,4.6361880231809405,91.66666666666667,83.33333333333333,0.0,0.0,4.523970290344362,CUA,0,1,0,0,1,0,1,0,0,1,0,0,0,0,0,0
74,73,1,0,1,1,0,1,0,1,0,0,0,57,base,1553,1479,70,4.764971023824855,98.64864864864865,100.0,0.0,0.0,4.732927653820148,CUA,0,1,0,0,1,0,1,0,0,1,0,0,0,0,0,0
74,68,6,0,6,1,0,1,0,1,0,0,0,57,B,1553,1479,70,4.764971023824855,91.89189189189189,16.666666666666668,0.0,0.0,4.732927653820148,CUA,0,1,0,0,1,0,1,0,0,1,0,0,0,0,0,0
72,68,4,0,4,3,0,3,0,2,0,0,0,58,base,1553,1481,72,4.6361880231809405,94.44444444444444,75.0,0.0,0.0,4.861580013504389,CUA,0,3,0,0,3,0,2,0,0,2,0,0,0,0,0,0
72,63,9,0,9,6,0,6,0,3,0,0,0,58,B,1553,1481,72,4.6361880231809405,87.5,66.66666666666667,0.0,0.0,4.861580013504389,CUA,0,5,0,0,5,0,3,0,0,3,0,0,0,0,0,0
64,59,5,0,5,2,0,2,0,1,0,0,0,59,base,1553,1489,69,4.12105602060528,92.1875,40.0,0.0,0.0,4.633982538616521,CUA,0,1,0,0,1,0,1,0,0,1,0,0,0,0,0,0
64,54,10,0,10,4,0,4,0,3,0,0,0,59,B,1553,1489,69,4.12105602060528,84.375,40.0,0.0,0.0,4.633982538616521,CUA,0,3,0,0,3,0,3,0,0,3,0,0,0,0,0,0
91,86,5,0,5,4,0,4,0,0,0,0,0,60,base,1553,1462,69,5.859626529298133,94.50549450549451,80.0,0.0,0.0,4.719562243502052,CUA,0,3,1,0,2,1,0,0,0,0,0,0,0,0,0,0
91,79,12,1,11,8,0,8,0,5,0,0,0,60,B,1553,1462,69,5.859626529298133,86.81318681318682,72.72727272727273,0.0,0.0,4.719562243502052,CUA,0,7,1,0,6,1,5,0,0,5,0,0,0,0,0,0
94,92,2,0,2,1,0,1,0,0,0,0,0,61,base,1553,1459,68,6.052801030264005,97.87234042553192,50.0,0.0,0.0,4.660726525017135,CUA,0,0,0,0,0,0,0,0,0,0,0,0,0,0,0,0
94,76,18,0,18,7,0,7,0,1,0,0,0,61,B,1553,1459,68,6.052801030264005,80.85106382978724,38.888888888888886,0.0,0.0,4.660726525017135,CUA,0,4,0,0,4,0,1,0,0,1,0,0,0,0,0,0
86,79,7,0,7,3,0,3,0,0,0,0,0,62,base,1553,1467,70,5.537669027688345,91.86046511627907,42.857142857142854,0.0,0.0,4.771642808452625,CUA,0,3,1,0,2,1,0,0,0,0,0,0,0,0,0,0
86,72,14,0,14,4,0,4,0,1,0,0,0,62,B,1553,1467,70,5.537669027688345,83.72093023255815,28.571428571428573,0.0,0.0,4.771642808452625,CUA,0,4,1,0,3,1,1,0,0,1,0,0,0,0,0,0
56,54,2,0,2,1,0,2,1,1,0,0,0,63,base,1553,1497,70,3.60592401802962,96.42857142857143,50.0,1.7857142857142858,50.0,4.676018704074816,CUA,0,1,0,0,1,0,1,0,0,1,0,0,0,0,0,0
56,48,8,0,8,3,0,4,1,1,0,0,0,63,B,1553,1497,70,3.60592401802962,85.71428571428571,37.5,1.7857142857142858,12.5,4.676018704074816,CUA,0,1,0,0,1,0,1,0,0,1,0,0,0,0,0,0
72,67,5,0,5,4,0,4,0,2,0,0,0,64,base,1553,1481,70,4.6361880231809405,93.05555555555556,80.0,0.0,0.0,4.726536124240378,CUA,0,3,0,0,3,0,2,0,0,2,0,0,0,0,0,0
72,61,11,0,11,7,0,7,1,2,0,0,0,64,B,1553,1481,70,4.6361880231809405,84.72222222222223,63.63636363636363,1.3888888888888888,9.090909090909092,4.726536124240378,CUA,0,6,1,1,6,0,2,0,0,2,0,0,0,0,0,0
61,59,2,0,2,2,0,2,0,0,0,0,0,65,base,1553,1492,72,3.9278815196394077,96.72131147540983,100.0,0.0,0.0,4.825737265415549,CUA,0,2,2,0,0,2,0,0,0,0,0,0,0,0,0,0
61,54,7,0,7,6,0,5,0,1,0,0,0,65,B,1553,1492,72,3.9278815196394077,88.52459016393442,85.71428571428571,0.0,0.0,4.825737265415549,CUA,0,4,1,0,2,2,1,0,0,1,0,0,0,0,0,0
78,71,7,0,7,4,0,4,1,2,0,0,0,66,base,1553,1475,69,5.022537025112685,91.02564102564102,57.142857142857146,1.2820512820512822,14.285714285714286,4.677966101694915,CUA,0,3,1,0,2,1,2,0,0,2,0,0,0,0,0,0
78,69,9,1,8,4,0,4,0,2,0,0,0,66,B,1553,1475,69,5.022537025112685,88.46153846153847,50.0,0.0,0.0,4.677966101694915,CUA,0,4,1,0,3,1,2,0,0,2,0,0,0,0,0,0
63,57,6,0,6,1,0,1,0,0,0,0,0,67,base,1553,1490,71,4.056664520283323,90.47619047619048,16.666666666666668,0.0,0.0,4.76510067114094,CUA,0,0,0,0,0,0,0,0,0,0,0,0,0,0,0,0
63,55,8,0,8,2,0,2,0,1,0,0,0,67,B,1553,1490,71,4.056664520283323,87.3015873015873,25.0,0.0,0.0,4.76510067114094,CUA,0,1,0,0,1,0,1,0,0,1,0,0,0,0,0,0
72,68,4,0,4,2,0,1,0,0,0,0,0,68,base,1553,1481,68,4.6361880231809405,94.44444444444444,50.0,0.0,0.0,4.591492234976367,CUA,0,1,0,0,1,0,0,0,0,0,0,0,0,0,0,0
72,62,10,0,10,6,0,6,1,1,0,0,0,68,B,1553,1481,68,4.6361880231809405,86.11111111111111,60.0,1.3888888888888888,10.0,4.591492234976367,CUA,0,3,0,0,3,0,1,0,0,1,0,0,0,0,0,0
84,78,6,0,6,2,0,2,0,1,0,0,0,69,base,1553,1469,69,5.4088860270444306,92.85714285714286,33.333333333333336,0.0,0.0,4.697072838665759,CUA,0,4,2,0,2,2,1,0,0,1,0,0,0,0,0,0
84,73,11,0,11,4,0,4,0,1,0,0,0,69,B,1553,1469,69,5.4088860270444306,86.9047619047619,36.36363636363637,0.0,0.0,4.697072838665759,CUA,0,4,2,0,2,2,1,0,0,1,0,0,0,0,0,0
79,72,7,0,7,2,0,0,0,0,0,0,0,70,base,1553,1474,71,5.086928525434643,91.13924050632912,28.571428571428573,0.0,0.0,4.8168249660786975,CUA,0,0,0,0,0,0,0,0,0,0,0,0,0,0,0,0
79,64,15,0,15,3,0,3,0,1,0,0,0,70,B,1553,1474,71,5.086928525434643,81.0126582278481,20.0,0.0,0.0,4.8168249660786975,CUA,0,3,0,0,3,0,1,0,0,1,0,0,0,0,0,0
94,89,5,0,5,0,0,0,0,0,0,0,0,71,base,1553,1459,67,6.052801030264005,94.68085106382979,0.0,0.0,0.0,4.592186429061001,CUA,0,0,0,0,0,0,0,0,0,0,0,0,0,0,0,0
94,82,12,1,11,1,0,1,0,0,0,0,0,71,B,1553,1459,67,6.052801030264005,87.23404255319149,9.090909090909092,0.0,0.0,4.592186429061001,CUA,0,0,0,0,0,0,0,0,0,0,0,0,0,0,0,0
72,68,4,0,4,2,0,2,0,1,0,0,0,72,base,1553,1481,69,4.6361880231809405,94.44444444444444,50.0,0.0,0.0,4.659014179608373,CUA,0,1,0,0,1,0,1,0,0,1,0,0,0,0,0,0
72,63,9,0,9,4,0,4,0,1,0,0,0,72,B,1553,1481,69,4.6361880231809405,87.5,44.44444444444444,0.0,0.0,4.659014179608373,CUA,0,2,0,0,2,0,1,0,0,1,0,0,0,0,0,0
72,67,5,0,5,2,0,1,0,0,0,0,0,73,base,1553,1481,70,4.6361880231809405,93.05555555555556,40.0,0.0,0.0,4.726536124240378,CUA,0,2,1,0,1,1,0,0,0,0,0,0,0,0,0,0
72,57,15,1,14,8,0,5,0,2,0,0,0,73,B,1553,1481,70,4.6361880231809405,79.16666666666667,57.142857142857146,0.0,0.0,4.726536124240378,CUA,0,5,1,0,4,1,2,0,0,2,0,0,0,0,0,0
88,84,4,0,4,1,0,1,0,1,0,0,0,74,base,1553,1465,68,5.666452028332261,95.45454545454545,25.0,0.0,0.0,4.6416382252559725,CUA,0,1,0,0,1,0,1,0,0,1,0,0,0,0,0,0
88,75,13,0,13,6,0,7,1,5,0,0,0,74,B,1553,1465,68,5.666452028332261,85.22727272727273,46.15384615384615,1.1363636363636365,7.6923076923076925,4.6416382252559725,CUA,0,5,0,0,5,0,5,0,0,5,0,0,0,0,0,0
81,79,2,0,2,1,0,1,0,0,0,0,0,75,base,1553,1472,70,5.215711526078557,97.53086419753086,50.0,0.0,0.0,4.755434782608695,CUA,0,1,0,0,1,0,0,0,0,0,0,0,0,0,0,0
81,69,12,1,11,3,0,3,1,0,0,0,0,75,B,1553,1472,70,5.215711526078557,85.18518518518519,27.272727272727273,1.2345679012345678,8.333333333333334,4.755434782608695,CUA,0,1,0,0,1,0,0,0,0,0,0,0,0,0,0,0
81,76,5,0,5,2,0,2,0,1,0,0,0,76,base,1553,1472,68,5.215711526078557,93.82716049382717,40.0,0.0,0.0,4.619565217391305,CUA,0,2,0,0,2,0,1,0,0,1,0,0,0,0,0,0
81,69,12,0,12,5,0,6,1,4,0,0,0,76,B,1553,1472,68,5.215711526078557,85.18518518518519,41.666666666666664,1.2345679012345678,8.333333333333334,4.619565217391305,CUA,0,5,0,0,5,0,4,0,0,4,0,0,0,0,0,0
99,96,3,0,3,2,0,2,0,1,0,0,0,77,base,1553,1454,67,6.374758531873793,96.96969696969697,66.66666666666667,0.0,0.0,4.607977991746905,CUA,0,1,0,0,1,0,1,0,0,1,0,0,0,0,0,0
99,88,11,0,11,6,0,6,0,2,0,0,0,77,B,1553,1454,67,6.374758531873793,88.88888888888889,54.54545454545455,0.0,0.0,4.607977991746905,CUA,0,2,0,0,2,0,2,0,0,2,0,0,0,0,0,0
72,69,3,0,3,0,0,0,0,0,0,0,0,78,base,1553,1481,70,4.6361880231809405,95.83333333333333,0.0,0.0,0.0,4.726536124240378,CUA,0,2,2,0,0,2,0,0,0,0,0,0,0,0,0,0
72,62,10,1,9,5,0,5,0,3,0,0,0,78,B,1553,1481,70,4.6361880231809405,86.11111111111111,55.55555555555556,0.0,0.0,4.726536124240378,CUA,0,6,2,0,4,2,3,0,0,3,0,0,0,0,0,0
82,78,4,0,4,2,0,2,0,0,0,0,0,79,base,1553,1471,68,5.280103026400515,95.1219512195122,50.0,0.0,0.0,4.622705642420122,CUA,0,2,0,0,2,0,0,0,0,0,0,0,0,0,0,0
82,68,14,1,13,8,0,7,0,3,0,0,0,79,B,1553,1471,68,5.280103026400515,82.92682926829268,61.53846153846154,0.0,0.0,4.622705642420122,CUA,0,6,0,0,6,0,3,0,0,3,0,0,0,0,0,0
73,68,5,0,5,1,0,2,1,1,0,0,0,80,base,1553,1480,68,4.700579523502897,93.15068493150685,20.0,1.36986301369863,20.0,4.594594594594595,CUA,0,1,0,0,1,0,1,0,0,1,0,0,0,0,0,0
73,61,12,1,11,5,0,5,1,2,0,0,0,80,B,1553,1480,68,4.700579523502897,83.56164383561644,45.45454545454545,1.36986301369863,8.333333333333334,4.594594594594595,CUA,0,3,0,0,3,0,2,0,0,2,0,0,0,0,0,0
74,71,3,0,3,1,0,0,0,0,0,0,0,81,base,1553,1479,68,4.764971023824855,95.94594594594595,33.333333333333336,0.0,0.0,4.597701149425287,CUA,0,0,0,0,0,0,0,0,0,0,0,0,0,0,0,0
74,67,7,0,7,3,0,2,0,0,0,0,0,81,B,1553,1479,68,4.764971023824855,90.54054054054055,42.857142857142854,0.0,0.0,4.597701149425287,CUA,0,1,0,0,1,0,0,0,0,0,0,0,0,0,0,0
80,75,5,0,5,3,0,3,0,1,0,0,0,82,base,1553,1473,68,5.1513200257566005,93.75,60.0,0.0,0.0,4.61642905634759,CUA,0,1,0,0,1,0,1,0,0,1,0,0,0,0,0,0
80,67,13,1,12,5,0,5,1,1,0,0,0,82,B,1553,1473,68,5.1513200257566005,83.75,41.666666666666664,1.25,7.6923076923076925,4.61642905634759,CUA,0,4,1,1,4,0,1,0,0,1,0,0,0,0,0,0
77,77,0,0,0,0,0,0,0,0,0,0,0,83,base,1553,1476,70,4.958145524790727,100.0,,0.0,,4.742547425474255,CUA,0,0,0,0,0,0,0,0,0,0,0,0,0,0,0,0
77,69,8,0,8,5,0,5,0,0,0,0,0,83,B,1553,1476,70,4.958145524790727,89.6103896103896,62.5,0.0,0.0,4.742547425474255,CUA,0,3,0,0,3,0,0,0,0,0,0,0,0,0,0,0
86,80,6,0,6,1,0,1,0,0,0,0,0,84,base,1553,1467,67,5.537669027688345,93.02325581395348,16.666666666666668,0.0,0.0,4.567143830947512,CUA,0,2,1,0,1,1,0,0,0,0,0,0,0,0,0,0
86,68,18,2,16,5,0,4,0,0,0,0,0,84,B,1553,1467,67,5.537669027688345,79.06976744186046,31.25,0.0,0.0,4.567143830947512,CUA,0,2,0,0,2,0,0,0,0,0,0,0,0,0,0,0
78,74,4,0,4,3,0,2,0,1,0,0,0,85,base,1553,1475,70,5.022537025112685,94.87179487179488,75.0,0.0,0.0,4.745762711864407,CUA,0,1,1,0,0,1,1,0,0,1,0,0,0,0,0,0
78,67,11,0,11,5,0,4,1,0,0,0,0,85,B,1553,1475,70,5.022537025112685,85.8974358974359,45.45454545454545,1.2820512820512822,9.090909090909092,4.745762711864407,CUA,0,2,1,0,1,1,0,0,0,0,0,0,0,0,0,0
81,77,4,0,4,2,0,2,0,0,0,0,0,86,base,1553,1472,73,5.215711526078557,95.06172839506173,50.0,0.0,0.0,4.959239130434782,CUA,0,1,0,0,1,0,0,0,0,0,0,0,0,0,0,0
81,68,13,0,13,6,0,4,0,1,0,0,0,86,B,1553,1472,73,5.215711526078557,83.95061728395062,46.15384615384615,0.0,0.0,4.959239130434782,CUA,0,2,0,0,2,0,1,0,0,1,0,0,0,0,0,0
86,82,4,0,4,0,0,1,1,0,0,0,0,87,base,1553,1467,67,5.537669027688345,95.34883720930233,0.0,1.1627906976744187,25.0,4.567143830947512,CUA,0,0,0,0,0,0,0,0,0,0,0,0,0,0,0,0
86,70,16,2,14,6,0,6,1,2,0,0,0,87,B,1553,1467,67,5.537669027688345,81.3953488372093,42.857142857142854,1.1627906976744187,6.25,4.567143830947512,CUA,0,4,0,0,4,0,2,0,0,2,0,0,0,0,0,0
81,79,2,0,2,1,0,1,0,0,0,0,0,88,base,1553,1472,69,5.215711526078557,97.53086419753086,50.0,0.0,0.0,4.6875,CUA,0,0,0,0,0,0,0,0,0,0,0,0,0,0,0,0
81,74,7,0,7,5,0,5,0,4,0,0,0,88,B,1553,1472,69,5.215711526078557,91.35802469135803,71.42857142857143,0.0,0.0,4.6875,CUA,0,3,0,0,3,0,3,0,0,3,0,0,0,0,0,0
78,70,8,0,8,6,0,7,1,4,0,0,0,89,base,1553,1475,71,5.022537025112685,89.74358974358974,75.0,1.2820512820512822,12.5,4.813559322033898,CUA,0,6,0,0,6,0,4,0,0,4,0,0,0,0,0,0
78,68,10,0,10,6,0,7,1,2,0,0,0,89,B,1553,1475,71,5.022537025112685,87.17948717948718,60.0,1.2820512820512822,10.0,4.813559322033898,CUA,0,6,0,0,6,0,2,0,0,2,0,0,0,0,0,0
69,66,3,0,3,1,0,0,0,0,0,0,0,90,base,1553,1484,70,4.443013522215067,95.65217391304348,33.333333333333336,0.0,0.0,4.716981132075472,CUA,0,0,0,0,0,0,0,0,0,0,0,0,0,0,0,0
69,56,13,0,13,3,0,3,0,2,0,0,0,90,B,1553,1484,70,4.443013522215067,81.15942028985508,23.076923076923077,0.0,0.0,4.716981132075472,CUA,0,3,0,0,3,0,2,0,0,2,0,0,0,0,0,0
76,72,4,0,4,1,0,1,1,0,0,0,0,91,base,1553,1477,72,4.8937540244687705,94.73684210526316,25.0,1.3157894736842106,25.0,4.874746106973595,CUA,0,1,0,1,1,0,0,0,0,0,0,0,0,0,0,0
76,66,10,0,10,5,0,4,0,2,0,0,0,91,B,1553,1477,72,4.8937540244687705,86.84210526315789,50.0,0.0,0.0,4.874746106973595,CUA,0,3,0,0,3,0,2,0,0,2,0,0,0,0,0,0
81,74,7,0,7,4,0,4,0,2,0,0,0,92,base,1553,1472,73,5.215711526078557,91.35802469135803,57.142857142857146,0.0,0.0,4.959239130434782,CUA,0,2,0,0,2,0,2,0,0,2,0,0,0,0,0,0
81,64,17,0,17,10,0,9,0,3,0,0,0,92,B,1553,1472,73,5.215711526078557,79.01234567901234,58.8235294117647,0.0,0.0,4.959239130434782,CUA,0,3,0,0,3,0,2,0,0,2,0,0,0,0,0,0
87,79,8,0,8,6,0,7,2,1,0,0,0,93,base,1553,1466,68,5.602060528010303,90.80459770114942,75.0,2.2988505747126435,25.0,4.638472032742156,CUA,0,5,2,1,4,1,1,0,0,1,0,0,0,0,0,0
87,66,21,0,21,13,0,13,3,1,0,0,0,93,B,1553,1466,68,5.602060528010303,75.86206896551724,61.904761904761905,3.4482758620689653,14.285714285714286,4.638472032742156,CUA,0,8,2,1,7,1,1,0,0,1,0,0,0,0,0,0
72,67,5,0,5,2,0,1,0,0,0,0,0,94,base,1553,1481,68,4.6361880231809405,93.05555555555556,40.0,0.0,0.0,4.591492234976367,CUA,0,2,1,0,1,1,0,0,0,0,0,0,0,0,0,0
72,59,13,0,13,2,0,2,0,1,0,0,0,94,B,1553,1481,68,4.6361880231809405,81.94444444444444,15.384615384615385,0.0,0.0,4.591492234976367,CUA,0,3,1,0,2,1,1,0,0,1,0,0,0,0,0,0
60,57,3,0,3,3,0,3,0,0,0,0,0,95,base,1553,1493,69,3.86349001931745,95.0,100.0,0.0,0.0,4.621567314132619,CUA,0,2,0,0,2,0,0,0,0,0,0,0,0,0,0,0
60,55,5,0,5,4,0,4,0,1,0,0,0,95,B,1553,1493,69,3.86349001931745,91.66666666666667,80.0,0.0,0.0,4.621567314132619,CUA,0,4,0,0,4,0,1,0,0,1,0,0,0,0,0,0
62,61,1,0,1,0,0,0,0,0,0,0,0,96,base,1553,1491,69,3.992273019961365,98.38709677419355,0.0,0.0,0.0,4.627766599597585,CUA,0,0,0,0,0,0,0,0,0,0,0,0,0,0,0,0
62,53,9,0,9,3,0,3,0,1,0,0,0,96,B,1553,1491,69,3.992273019961365,85.48387096774194,33.333333333333336,0.0,0.0,4.627766599597585,CUA,0,2,0,0,2,0,1,0,0,1,0,0,0,0,0,0
68,65,3,0,3,1,0,1,0,0,0,0,0,97,base,1553,1485,69,4.3786220218931104,95.58823529411765,33.333333333333336,0.0,0.0,4.646464646464646,CUA,0,1,0,0,0,1,0,0,0,0,0,0,0,0,0,0
68,60,8,0,8,4,0,4,0,0,0,0,0,97,B,1553,1485,69,4.3786220218931104,88.23529411764706,50.0,0.0,0.0,4.646464646464646,CUA,0,1,0,0,0,1,0,0,0,0,0,0,0,0,0,0
85,82,3,0,3,1,0,1,0,0,0,0,0,98,base,1553,1468,70,5.473277527366387,96.47058823529412,33.333333333333336,0.0,0.0,4.768392370572207,CUA,0,2,1,0,1,1,0,0,0,0,0,0,0,0,0,0
85,72,13,1,12,8,0,8,0,2,0,0,0,98,B,1553,1468,70,5.473277527366387,84.70588235294117,66.66666666666667,0.0,0.0,4.768392370572207,CUA,0,6,1,0,5,1,2,0,0,2,0,0,0,0,0,0
73,68,5,0,5,1,0,1,0,0,0,0,0,99,base,1553,1480,68,4.700579523502897,93.15068493150685,20.0,0.0,0.0,4.594594594594595,CUA,0,3,2,0,1,2,0,0,0,0,0,0,0,0,0,0
73,61,12,0,12,6,0,4,0,2,0,0,0,99,B,1553,1480,68,4.700579523502897,83.56164383561644,50.0,0.0,0.0,4.594594594594595,CUA,0,5,2,0,3,2,2,0,0,2,0,0,0,0,0,0
79,77,2,0,2,0,0,0,0,0,0,0,0,100,base,1553,1474,69,5.086928525434643,97.46835443037975,0.0,0.0,0.0,4.681139755766622,CUA,0,1,1,0,0,1,0,0,0,0,0,0,0,0,0,0
79,69,10,1,9,4,0,5,1,0,0,0,0,100,B,1553,1474,69,5.086928525434643,87.34177215189874,44.44444444444444,1.2658227848101267,10.0,4.681139755766622,CUA,0,5,2,1,4,1,0,0,0,0,0,0,0,0,0,0
85,82,3,0,3,2,0,2,0,0,0,0,0,101,base,1553,1468,72,5.473277527366387,96.47058823529412,66.66666666666667,0.0,0.0,4.9046321525885554,CUA,0,2,0,0,2,0,0,0,0,0,0,0,0,0,0,0
85,73,12,1,11,5,0,5,0,4,0,0,0,101,B,1553,1468,72,5.473277527366387,85.88235294117646,45.45454545454545,0.0,0.0,4.9046321525885554,CUA,0,5,0,0,5,0,4,0,0,4,0,0,0,0,0,0
83,75,8,0,8,5,0,4,0,1,0,0,0,102,base,1553,1470,69,5.344494526722473,90.36144578313252,62.5,0.0,0.0,4.6938775510204085,CUA,0,2,0,0,2,0,1,0,0,1,0,0,0,0,0,0
83,70,13,0,13,8,0,8,0,3,0,0,0,102,B,1553,1470,69,5.344494526722473,84.33734939759036,61.53846153846154,0.0,0.0,4.6938775510204085,CUA,0,5,0,0,5,0,3,0,0,3,0,0,0,0,0,0
75,71,4,0,4,3,0,3,0,0,0,0,0,103,base,1553,1478,71,4.829362524146813,94.66666666666667,75.0,0.0,0.0,4.803788903924222,CUA,0,3,0,0,3,0,0,0,0,0,0,0,0,0,0,0
75,65,10,0,10,6,0,6,0,2,0,0,0,103,B,1553,1478,71,4.829362524146813,86.66666666666667,60.0,0.0,0.0,4.803788903924222,CUA,0,6,0,0,6,0,2,0,0,2,0,0,0,0,0,0
78,73,5,0,5,2,0,3,1,0,0,0,0,104,base,1553,1475,68,5.022537025112685,93.58974358974359,40.0,1.2820512820512822,20.0,4.610169491525424,CUA,0,2,0,0,2,0,0,0,0,0,0,0,0,0,0,0
78,63,15,0,15,7,0,8,1,5,0,0,0,104,B,1553,1475,68,5.022537025112685,80.76923076923077,46.666666666666664,1.2820512820512822,6.666666666666667,4.610169491525424,CUA,0,8,1,1,8,0,5,0,0,5,0,0,0,0,0,0
62,58,4,0,4,1,0,1,0,1,0,0,0,105,base,1553,1491,71,3.992273019961365,93.54838709677419,25.0,0.0,0.0,4.761904761904762,CUA,0,1,0,0,1,0,1,0,0,1,0,0,0,0,0,0
62,52,10,1,9,2,0,1,0,1,0,0,0,105,B,1553,1491,71,3.992273019961365,83.87096774193549,22.22222222222222,0.0,0.0,4.761904761904762,CUA,0,1,0,0,1,0,1,0,0,1,0,0,0,0,0,0
73,68,5,0,5,4,0,3,0,0,0,0,0,106,base,1553,1480,70,4.700579523502897,93.15068493150685,80.0,0.0,0.0,4.72972972972973,CUA,0,3,1,0,2,1,0,0,0,0,0,0,0,0,0,0
73,65,8,1,7,4,0,4,0,0,0,0,0,106,B,1553,1480,70,4.700579523502897,89.04109589041096,57.142857142857146,0.0,0.0,4.72972972972973,CUA,0,2,0,0,2,1,0,0,0,0,0,0,0,0,0,0
81,77,4,0,4,1,0,0,0,0,0,0,0,107,base,1553,1472,69,5.215711526078557,95.06172839506173,25.0,0.0,0.0,4.6875,CUA,0,0,0,0,0,0,0,0,0,0,0,0,0,0,0,0
81,72,9,0,9,3,0,3,1,1,0,0,0,107,B,1553,1472,69,5.215711526078557,88.88888888888889,33.333333333333336,1.2345679012345678,11.11111111111111,4.6875,CUA,0,3,1,1,3,0,1,0,0,1,0,0,0,0,0,0
91,87,4,0,4,1,0,2,1,1,0,0,0,108,base,1553,1462,67,5.859626529298133,95.6043956043956,25.0,1.098901098901099,25.0,4.582763337893297,CUA,0,2,1,1,2,0,1,0,0,1,0,0,0,0,0,0
91,80,11,0,11,6,0,6,1,3,0,0,0,108,B,1553,1462,67,5.859626529298133,87.91208791208791,54.54545454545455,1.098901098901099,9.090909090909092,4.582763337893297,CUA,0,5,0,1,5,0,3,0,0,3,0,0,0,0,0,0
83,82,1,0,1,1,0,1,0,0,0,0,0,109,base,1553,1470,68,5.344494526722473,98.79518072289157,100.0,0.0,0.0,4.625850340136054,CUA,0,0,0,0,0,0,0,0,0,0,0,0,0,0,0,0
83,75,8,0,8,4,0,4,1,0,0,0,0,109,B,1553,1470,68,5.344494526722473,90.36144578313252,50.0,1.2048192771084338,12.5,4.625850340136054,CUA,0,1,0,0,1,0,0,0,0,0,0,0,0,0,0,0
64,60,4,0,4,2,0,3,1,0,0,0,0,110,base,1553,1489,71,4.12105602060528,93.75,50.0,1.5625,25.0,4.768300873069174,CUA,0,2,1,0,1,1,0,0,0,0,0,0,0,0,0,0
64,58,6,0,6,3,0,3,0,1,0,0,0,110,B,1553,1489,71,4.12105602060528,90.625,50.0,0.0,0.0,4.768300873069174,CUA,0,3,1,0,2,1,1,0,0,1,0,0,0,0,0,0
92,85,7,0,7,4,0,4,0,0,0,0,0,111,base,1553,1461,69,5.92401802962009,92.3913043478261,57.142857142857146,0.0,0.0,4.722792607802875,CUA,0,2,0,0,2,0,0,0,0,0,0,0,0,0,0,0
92,78,14,0,14,8,0,9,1,2,0,0,0,111,B,1553,1461,69,5.92401802962009,84.78260869565217,57.142857142857146,1.0869565217391304,7.142857142857143,4.722792607802875,CUA,0,4,0,0,4,0,2,0,0,2,0,0,0,0,0,0
75,69,6,0,6,1,0,1,1,0,0,0,0,112,base,1553,1478,71,4.829362524146813,92.0,16.666666666666668,1.3333333333333333,16.666666666666668,4.803788903924222,CUA,0,1,1,0,0,1,0,0,0,0,0,0,0,0,0,0
75,63,12,0,12,4,0,5,1,1,0,0,0,112,B,1553,1478,71,4.829362524146813,84.0,33.333333333333336,1.3333333333333333,8.333333333333334,4.803788903924222,CUA,0,4,1,0,3,1,1,0,0,1,0,0,0,0,0,0
71,61,10,0,10,7,0,7,1,4,0,0,0,113,base,1553,1482,68,4.571796522858983,85.91549295774648,70.0,1.408450704225352,10.0,4.588394062078272,CUA,0,4,0,0,4,0,4,0,0,4,0,0,0,0,0,0
71,54,17,0,17,11,0,10,1,5,0,0,0,113,B,1553,1482,68,4.571796522858983,76.05633802816901,64.70588235294117,1.408450704225352,5.882352941176471,4.588394062078272,CUA,0,5,0,0,5,0,4,0,0,4,0,0,0,0,0,0
88,79,9,0,9,3,0,4,1,0,0,0,0,114,base,1553,1465,67,5.666452028332261,89.77272727272727,33.333333333333336,1.1363636363636365,11.11111111111111,4.573378839590443,CUA,0,1,0,0,1,0,0,0,0,0,0,0,0,0,0,0
88,72,16,0,16,8,0,10,2,0,0,0,0,114,B,1553,1465,67,5.666452028332261,81.81818181818181,50.0,2.272727272727273,12.5,4.573378839590443,CUA,0,4,0,0,4,0,0,0,0,0,0,0,0,0,0,0
84,79,5,0,5,4,0,5,1,2,0,0,0,115,base,1553,1469,67,5.4088860270444306,94.04761904761905,80.0,1.1904761904761905,20.0,4.560925799863853,CUA,0,5,1,1,5,0,2,0,0,2,0,0,0,0,0,0
84,74,10,0,10,8,0,8,1,4,0,0,0,115,B,1553,1469,67,5.4088860270444306,88.0952380952381,80.0,1.1904761904761905,10.0,4.560925799863853,CUA,0,8,1,1,8,0,4,0,0,4,0,0,0,0,0,0
81,79,2,0,2,1,0,1,0,0,0,0,0,116,base,1553,1472,69,5.215711526078557,97.53086419753086,50.0,0.0,0.0,4.6875,CUA,0,2,1,0,1,1,0,0,0,0,0,0,0,0,0,0
81,72,9,0,9,4,0,3,0,1,0,0,0,116,B,1553,1472,69,5.215711526078557,88.88888888888889,44.44444444444444,0.0,0.0,4.6875,CUA,0,3,1,0,2,1,1,0,0,1,0,0,0,0,0,0
62,61,1,0,1,1,0,1,0,1,0,0,0,117,base,1553,1491,68,3.992273019961365,98.38709677419355,100.0,0.0,0.0,4.560697518443997,CUA,0,2,1,0,1,1,1,0,0,1,0,0,0,0,0,0
62,56,6,0,6,3,0,3,0,1,0,0,0,117,B,1553,1491,68,3.992273019961365,90.3225806451613,50.0,0.0,0.0,4.560697518443997,CUA,0,3,1,0,2,1,1,0,0,1,0,0,0,0,0,0
98,93,5,0,5,4,0,4,0,2,0,0,0,118,base,1553,1455,66,6.310367031551835,94.89795918367346,80.0,0.0,0.0,4.536082474226804,CUA,0,3,0,0,3,0,2,0,0,2,0,0,0,0,0,0
98,81,17,1,16,8,0,8,0,4,0,0,0,118,B,1553,1455,66,6.310367031551835,82.65306122448979,50.0,0.0,0.0,4.536082474226804,CUA,0,6,0,0,6,0,4,0,0,4,0,0,0,0,0,0
75,70,5,0,5,2,0,2,0,1,0,0,0,119,base,1553,1478,67,4.829362524146813,93.33333333333333,40.0,0.0,0.0,4.533152909336942,CUA,0,3,1,0,2,1,1,0,0,1,0,0,0,0,0,0
75,62,13,0,13,4,0,8,4,1,0,0,0,119,B,1553,1478,67,4.829362524146813,82.66666666666667,30.76923076923077,5.333333333333333,30.76923076923077,4.533152909336942,CUA,0,5,2,1,4,1,1,0,0,1,0,0,0,0,0,0
77,72,5,0,5,2,0,2,0,1,0,0,0,120,base,1553,1476,69,4.958145524790727,93.50649350649351,40.0,0.0,0.0,4.67479674796748,CUA,0,2,0,0,2,0,1,0,0,1,0,0,0,0,0,0
77,63,14,1,13,7,0,7,1,2,0,0,0,120,B,1553,1476,69,4.958145524790727,81.81818181818181,53.84615384615385,1.2987012987012987,7.142857142857143,4.67479674796748,CUA,0,4,0,0,4,0,2,0,0,2,0,0,0,0,0,0
85,80,5,0,5,2,0,2,0,0,0,0,0,121,base,1553,1468,68,5.473277527366387,94.11764705882354,40.0,0.0,0.0,4.632152588555858,CUA,0,2,0,0,2,0,0,0,0,0,0,0,0,0,0,0
85,73,12,1,11,4,0,6,2,1,0,0,0,121,B,1553,1468,68,5.473277527366387,85.88235294117646,36.36363636363637,2.3529411764705883,16.666666666666668,4.632152588555858,CUA,0,4,0,0,4,0,1,0,0,1,0,0,0,0,0,0
82,78,4,0,4,2,0,2,0,1,0,0,0,122,base,1553,1471,70,5.280103026400515,95.1219512195122,50.0,0.0,0.0,4.758667573079538,CUA,0,1,0,0,1,0,1,0,0,1,0,0,0,0,0,0
82,71,11,1,10,5,0,4,0,1,0,0,0,122,B,1553,1471,70,5.280103026400515,86.58536585365853,50.0,0.0,0.0,4.758667573079538,CUA,0,3,0,0,3,0,1,0,0,1,0,0,0,0,0,0
70,67,3,0,3,1,0,2,1,0,0,0,0,123,base,1553,1483,69,4.507405022537025,95.71428571428571,33.333333333333336,1.4285714285714286,33.333333333333336,4.652730950775455,CUA,0,0,0,0,0,0,0,0,0,0,0,0,0,0,0,0
70,57,13,0,13,4,0,5,1,0,0,0,0,123,B,1553,1483,69,4.507405022537025,81.42857142857143,30.76923076923077,1.4285714285714286,7.6923076923076925,4.652730950775455,CUA,0,0,0,0,0,0,0,0,0,0,0,0,0,0,0,0
71,68,3,0,3,1,0,0,0,0,0,0,0,124,base,1553,1482,68,4.571796522858983,95.77464788732394,33.333333333333336,0.0,0.0,4.588394062078272,CUA,0,1,1,0,0,1,0,0,0,0,0,0,0,0,0,0
71,63,8,0,8,2,0,1,0,0,0,0,0,124,B,1553,1482,68,4.571796522858983,88.73239436619718,25.0,0.0,0.0,4.588394062078272,CUA,0,2,1,0,1,1,0,0,0,0,0,0,0,0,0,0
84,78,6,0,6,3,0,2,0,0,0,0,0,125,base,1553,1469,69,5.4088860270444306,92.85714285714286,50.0,0.0,0.0,4.697072838665759,CUA,0,1,0,0,1,0,0,0,0,0,0,0,0,0,0,0
84,71,13,1,12,6,0,5,0,2,0,0,0,125,B,1553,1469,69,5.4088860270444306,84.52380952380952,50.0,0.0,0.0,4.697072838665759,CUA,0,3,0,0,3,0,2,0,0,2,0,0,0,0,0,0
75,71,4,0,4,4,0,4,0,2,0,0,0,126,base,1553,1478,66,4.829362524146813,94.66666666666667,100.0,0.0,0.0,4.465493910690122,CUA,0,4,2,0,2,2,2,0,0,2,0,0,0,0,0,0
75,66,9,0,9,8,0,8,0,2,0,0,0,126,B,1553,1478,66,4.829362524146813,88.0,88.88888888888889,0.0,0.0,4.465493910690122,CUA,0,6,2,0,4,2,2,0,0,2,0,0,0,0,0,0
94,90,4,0,4,2,0,1,0,0,0,0,0,127,base,1553,1459,68,6.052801030264005,95.74468085106383,50.0,0.0,0.0,4.660726525017135,CUA,0,3,2,0,1,2,0,0,0,0,0,0,0,0,0,0
94,83,11,0,11,3,0,4,1,0,0,0,0,127,B,1553,1459,68,6.052801030264005,88.29787234042553,27.272727272727273,1.0638297872340425,9.090909090909092,4.660726525017135,CUA,0,4,3,1,2,2,0,0,0,0,0,0,0,0,0,0
83,78,5,0,5,3,0,2,0,1,0,0,0,128,base,1553,1470,69,5.344494526722473,93.97590361445783,60.0,0.0,0.0,4.6938775510204085,CUA,0,3,1,0,2,1,1,0,0,1,0,0,0,0,0,0
83,72,11,0,11,6,0,6,0,3,0,0,0,128,B,1553,1470,69,5.344494526722473,86.74698795180723,54.54545454545455,0.0,0.0,4.6938775510204085,CUA,0,7,1,0,6,1,3,0,0,3,0,0,0,0,0,0
90,86,4,0,4,2,0,1,0,1,0,0,0,129,base,1553,1463,69,5.795235028976175,95.55555555555556,50.0,0.0,0.0,4.716336295283663,CUA,0,1,0,0,1,0,1,0,0,1,0,0,0,0,0,0
90,82,8,0,8,2,0,2,0,1,0,0,0,129,B,1553,1463,69,5.795235028976175,91.11111111111111,25.0,0.0,0.0,4.716336295283663,CUA,0,2,0,0,2,0,1,0,0,1,0,0,0,0,0,0
76,71,5,0,5,1,0,1,0,0,0,0,0,130,base,1553,1477,66,4.8937540244687705,93.42105263157895,20.0,0.0,0.0,4.468517264725795,CUA,0,1,0,0,1,0,0,0,0,0,0,0,0,0,0,0
76,65,11,0,11,2,0,2,0,0,0,0,0,130,B,1553,1477,66,4.8937540244687705,85.52631578947368,18.181818181818183,0.0,0.0,4.468517264725795,CUA,0,1,0,0,1,0,0,0,0,0,0,0,0,0,0,0
104,98,6,0,6,3,0,2,0,0,0,0,0,131,base,1553,1449,69,6.69671603348358,94.23076923076923,50.0,0.0,0.0,4.761904761904762,CUA,0,2,0,0,2,0,0,0,0,0,0,0,0,0,0,0
104,93,11,1,10,6,1,5,0,2,0,0,0,131,B,1553,1449,69,6.69671603348358,89.42307692307692,60.0,0.0,0.0,4.761904761904762,CUA,0,4,0,0,4,0,2,0,0,2,0,0,0,0,0,0
92,82,10,0,10,3,0,6,3,1,0,0,0,132,base,1553,1461,70,5.92401802962009,89.1304347826087,30.0,3.260869565217391,30.0,4.791238877481177,CUA,0,1,0,0,1,0,1,0,0,1,0,0,0,0,0,0
92,75,17,0,17,6,0,9,3,4,0,0,0,132,B,1553,1461,70,5.92401802962009,81.52173913043478,35.294117647058826,3.260869565217391,17.647058823529413,4.791238877481177,CUA,0,4,0,0,4,0,4,0,0,4,0,0,0,0,0,0
88,84,4,0,4,1,0,1,0,0,0,0,0,133,base,1553,1465,70,5.666452028332261,95.45454545454545,25.0,0.0,0.0,4.778156996587031,CUA,0,0,0,0,0,0,0,0,0,0,0,0,0,0,0,0
88,77,11,0,11,6,0,6,0,2,0,0,0,133,B,1553,1465,70,5.666452028332261,87.5,54.54545454545455,0.0,0.0,4.778156996587031,CUA,0,3,0,0,3,0,2,0,0,2,0,0,0,0,0,0
80,74,6,0,6,3,0,3,0,1,0,0,0,134,base,1553,1473,68,5.1513200257566005,92.5,50.0,0.0,0.0,4.61642905634759,CUA,0,1,0,0,1,0,1,0,0,1,0,0,0,0,0,0
80,66,14,0,14,6,0,8,2,3,0,0,0,134,B,1553,1473,68,5.1513200257566005,82.5,42.857142857142854,2.5,14.285714285714286,4.61642905634759,CUA,0,3,0,0,3,0,3,0,0,3,0,0,0,0,0,0
67,66,1,0,1,1,0,1,0,0,0,0,0,135,base,1553,1486,73,4.314230521571153,98.50746268656717,100.0,0.0,0.0,4.912516823687753,CUA,0,0,0,0,0,0,0,0,0,0,0,0,0,0,0,0
67,64,3,0,3,0,0,0,0,0,0,0,0,135,B,1553,1486,73,4.314230521571153,95.5223880597015,0.0,0.0,0.0,4.912516823687753,CUA,0,0,0,0,0,0,0,0,0,0,0,0,0,0,0,0
75,72,3,0,3,1,0,1,0,1,0,0,0,136,base,1553,1478,71,4.829362524146813,96.0,33.333333333333336,0.0,0.0,4.803788903924222,CUA,0,1,0,0,1,0,1,0,0,1,0,0,0,0,0,0
75,62,13,0,13,5,0,5,0,2,0,0,0,136,B,1553,1478,71,4.829362524146813,82.66666666666667,38.46153846153846,0.0,0.0,4.803788903924222,CUA,0,4,0,0,4,0,2,0,0,2,0,0,0,0,0,0
66,66,0,0,0,0,0,0,0,0,0,0,0,137,base,1553,1487,66,4.249839021249195,100.0,,0.0,,4.438466711499664,CUA,0,1,1,0,0,1,0,0,0,0,0,0,0,0,0,0
66,59,7,0,7,3,0,2,0,0,0,0,0,137,B,1553,1487,66,4.249839021249195,89.39393939393939,42.857142857142854,0.0,0.0,4.438466711499664,CUA,0,2,1,0,1,1,0,0,0,0,0,0,0,0,0,0
80,78,2,0,2,2,0,0,0,0,0,0,0,138,base,1553,1473,67,5.1513200257566005,97.5,100.0,0.0,0.0,4.5485403937542435,CUA,0,0,0,0,0,0,0,0,0,0,0,0,0,0,0,0
80,70,10,0,10,6,0,5,0,2,0,0,0,138,B,1553,1473,67,5.1513200257566005,87.5,60.0,0.0,0.0,4.5485403937542435,CUA,0,4,0,0,4,0,2,0,0,2,0,0,0,0,0,0
76,71,5,0,5,2,0,2,0,2,0,0,0,139,base,1553,1477,66,4.8937540244687705,93.42105263157895,40.0,0.0,0.0,4.468517264725795,CUA,0,2,1,0,1,1,1,0,0,1,0,0,0,0,0,0
76,68,8,0,8,5,0,5,0,2,0,0,0,139,B,1553,1477,66,4.8937540244687705,89.47368421052632,62.5,0.0,0.0,4.468517264725795,CUA,0,4,1,0,3,1,2,0,0,2,0,0,0,0,0,0
78,71,7,0,7,4,0,4,0,1,0,0,0,140,base,1553,1475,69,5.022537025112685,91.02564102564102,57.142857142857146,0.0,0.0,4.677966101694915,CUA,0,1,0,0,1,0,1,0,0,1,0,0,0,0,0,0
78,65,13,0,13,7,0,7,0,1,0,0,0,140,B,1553,1475,69,5.022537025112685,83.33333333333333,53.84615384615385,0.0,0.0,4.677966101694915,CUA,0,3,0,0,3,0,1,0,0,1,0,0,0,0,0,0
83,80,3,0,3,3,0,3,0,0,0,0,0,141,base,1553,1470,67,5.344494526722473,96.3855421686747,100.0,0.0,0.0,4.557823129251701,CUA,0,1,1,0,0,1,0,0,0,0,0,0,0,0,0,0
83,74,9,0,9,7,0,8,1,1,0,0,0,141,B,1553,1470,67,5.344494526722473,89.1566265060241,77.77777777777777,1.2048192771084338,11.11111111111111,4.557823129251701,CUA,0,3,1,0,2,1,1,0,0,1,0,0,0,0,0,0
92,84,8,0,8,3,0,1,0,0,0,0,0,42,base,1604,1512,215,5.7356608478802995,91.30434782608695,37.5,0.0,0.0,14.21957671957672,CUT,0,1,0,0,1,0,0,0,0,0,0,0,0,0,0,0
92,73,19,0,19,9,0,5,0,3,0,0,0,42,B,1604,1512,215,5.7356608478802995,79.34782608695652,47.36842105263158,0.0,0.0,14.21957671957672,CUT,0,5,0,0,5,0,3,0,0,3,0,0,0,0,0,0
83,75,8,0,8,5,0,1,0,1,0,0,0,43,base,1604,1521,217,5.1745635910224435,90.36144578313252,62.5,0.0,0.0,14.266929651545036,CUT,0,2,1,0,1,1,1,0,0,1,0,0,0,0,0,0
83,65,18,1,17,12,1,7,0,3,0,0,0,43,B,1604,1521,217,5.1745635910224435,78.3132530120482,70.58823529411765,0.0,0.0,14.266929651545036,CUT,0,6,1,0,5,1,2,0,0,2,0,0,0,0,0,0
93,91,2,0,2,1,0,0,0,0,0,0,0,44,base,1604,1511,209,5.798004987531172,97.84946236559139,50.0,0.0,0.0,13.831899404367968,CUT,0,1,1,0,0,1,0,0,0,0,0,0,0,0,0,0
93,80,13,0,13,8,0,4,0,2,0,0,0,44,B,1604,1511,209,5.798004987531172,86.02150537634408,61.53846153846154,0.0,0.0,13.831899404367968,CUT,0,4,1,0,3,1,2,0,0,2,0,0,0,0,0,0
97,88,9,0,9,5,0,5,1,1,0,0,0,45,base,1604,1507,215,6.047381546134663,90.72164948453609,55.55555555555556,1.0309278350515463,11.11111111111111,14.266755142667552,CUT,0,4,1,0,3,1,1,0,0,1,0,0,0,0,0,0
97,79,18,0,18,8,0,5,2,1,0,0,0,45,B,1604,1507,215,6.047381546134663,81.44329896907216,44.44444444444444,2.0618556701030926,11.11111111111111,14.266755142667552,CUT,0,4,2,1,3,1,1,0,0,1,0,0,0,0,0,0
80,72,8,0,8,5,0,3,0,1,0,0,0,46,base,1604,1524,208,4.987531172069826,90.0,62.5,0.0,0.0,13.648293963254593,CUT,0,4,1,0,3,1,1,0,0,1,0,0,0,0,0,0
80,70,10,1,9,5,0,4,0,2,0,0,0,46,B,1604,1524,208,4.987531172069826,87.5,55.55555555555556,0.0,0.0,13.648293963254593,CUT,0,4,1,0,3,1,2,0,0,2,0,0,0,0,0,0
84,78,6,0,6,4,0,2,0,1,0,0,0,47,base,1604,1520,216,5.236907730673317,92.85714285714286,66.66666666666667,0.0,0.0,14.210526315789474,CUT,0,2,0,0,2,0,1,0,0,1,0,0,0,0,0,0
84,67,17,2,15,11,1,7,0,1,0,0,0,47,B,1604,1520,216,5.236907730673317,79.76190476190476,73.33333333333333,0.0,0.0,14.210526315789474,CUT,0,5,0,0,5,0,1,0,0,1,0,0,0,0,0,0
72,67,5,0,5,4,0,1,0,1,0,0,0,48,base,1604,1532,216,4.488778054862843,93.05555555555556,80.0,0.0,0.0,14.099216710182768,CUT,0,1,0,0,1,0,1,0,0,1,0,0,0,0,0,0
72,63,9,1,8,4,0,3,0,3,0,0,0,48,B,1604,1532,216,4.488778054862843,87.5,50.0,0.0,0.0,14.099216710182768,CUT,0,3,0,0,3,0,3,0,0,3,0,0,0,0,0,0
92,87,5,0,5,4,0,1,0,1,0,0,0,49,base,1604,1512,214,5.7356608478802995,94.56521739130434,80.0,0.0,0.0,14.153439153439153,CUT,0,3,2,0,1,2,1,0,0,1,0,0,0,0,0,0
92,79,13,0,13,8,0,6,0,1,0,0,0,49,B,1604,1512,214,5.7356608478802995,85.8695652173913,61.53846153846154,0.0,0.0,14.153439153439153,CUT,0,7,2,0,5,2,1,0,0,1,0,0,0,0,0,0
71,69,2,0,2,0,0,0,0,0,0,0,0,50,base,1604,1533,216,4.4264339152119705,97.1830985915493,0.0,0.0,0.0,14.090019569471623,CUT,0,0,0,0,0,0,0,0,0,0,0,0,0,0,0,0
71,62,9,0,9,2,0,2,0,0,0,0,0,50,B,1604,1533,216,4.4264339152119705,87.32394366197182,22.22222222222222,0.0,0.0,14.090019569471623,CUT,0,1,0,0,1,0,0,0,0,0,0,0,0,0,0,0
86,81,5,0,5,3,0,2,0,1,0,0,0,51,base,1604,1518,215,5.361596009975062,94.18604651162791,60.0,0.0,0.0,14.163372859025033,CUT,0,4,2,0,2,2,1,0,0,1,0,0,0,0,0,0
86,73,13,0,13,7,0,5,0,3,0,0,0,51,B,1604,1518,215,5.361596009975062,84.88372093023256,53.84615384615385,0.0,0.0,14.163372859025033,CUT,0,7,2,0,5,2,3,0,0,3,0,0,0,0,0,0
66,64,2,0,2,0,0,0,0,0,0,0,0,52,base,1604,1538,216,4.114713216957606,96.96969696969697,0.0,0.0,0.0,14.044213263979193,CUT,0,2,2,0,0,2,0,0,0,0,0,0,0,0,0,0
66,55,11,0,11,4,0,3,0,2,0,0,0,52,B,1604,1538,216,4.114713216957606,83.33333333333333,36.36363636363637,0.0,0.0,14.044213263979193,CUT,0,5,2,0,3,2,2,0,0,2,0,0,0,0,0,0
80,76,4,0,4,4,0,1,0,0,0,0,0,53,base,1604,1524,217,4.987531172069826,95.0,100.0,0.0,0.0,14.238845144356956,CUT,0,0,0,0,0,0,0,0,0,0,0,0,0,0,0,0
80,69,11,0,11,5,0,3,0,1,0,0,0,53,B,1604,1524,217,4.987531172069826,86.25,45.45454545454545,0.0,0.0,14.238845144356956,CUT,0,2,0,0,2,0,1,0,0,1,0,0,0,0,0,0
88,80,8,0,8,7,0,5,0,2,0,0,0,54,base,1604,1516,212,5.486284289276808,90.9090909090909,87.5,0.0,0.0,13.984168865435356,CUT,0,2,0,0,2,0,2,0,0,2,0,0,0,0,0,0
88,68,20,0,20,17,0,12,0,5,0,0,0,54,B,1604,1516,212,5.486284289276808,77.27272727272727,85.0,0.0,0.0,13.984168865435356,CUT,0,8,0,0,8,0,5,0,0,5,0,0,0,0,0,0
77,73,4,0,4,2,0,1,0,1,0,0,0,55,base,1604,1527,217,4.800498753117207,94.8051948051948,50.0,0.0,0.0,14.21087098886706,CUT,0,3,2,0,1,2,1,0,0,1,0,0,0,0,0,0
77,64,13,0,13,9,0,3,0,2,0,0,0,55,B,1604,1527,217,4.800498753117207,83.11688311688312,69.23076923076923,0.0,0.0,14.21087098886706,CUT,0,5,2,0,3,2,2,0,0,2,0,0,0,0,0,0
81,72,9,0,9,6,0,2,0,0,0,0,0,56,base,1604,1523,220,5.049875311720698,88.88888888888889,66.66666666666667,0.0,0.0,14.445173998686803,CUT,0,1,0,0,1,0,0,0,0,0,0,0,0,0,0,0
81,65,16,0,16,8,0,6,0,4,0,0,0,56,B,1604,1523,220,5.049875311720698,80.24691358024691,50.0,0.0,0.0,14.445173998686803,CUT,0,5,0,0,5,0,4,0,0,4,0,0,0,0,0,0
81,75,6,0,6,4,0,2,0,1,0,0,0,57,base,1604,1523,217,5.049875311720698,92.5925925925926,66.66666666666667,0.0,0.0,14.248194353250165,CUT,0,3,1,0,2,1,1,0,0,1,0,0,0,0,0,0
81,67,14,0,14,7,0,6,0,1,0,0,0,57,B,1604,1523,217,5.049875311720698,82.71604938271605,50.0,0.0,0.0,14.248194353250165,CUT,0,4,1,0,3,1,1,0,0,1,0,0,0,0,0,0
92,85,7,0,7,7,0,6,0,2,0,0,0,58,base,1604,1512,216,5.7356608478802995,92.3913043478261,100.0,0.0,0.0,14.285714285714286,CUT,0,6,2,0,4,2,2,0,0,2,0,0,0,0,0,0
92,78,14,1,13,11,0,9,0,1,0,0,0,58,B,1604,1512,216,5.7356608478802995,84.78260869565217,84.61538461538461,0.0,0.0,14.285714285714286,CUT,0,8,2,0,6,2,1,0,0,1,0,0,0,0,0,0
88,81,7,0,7,4,0,3,0,2,0,0,0,59,base,1604,1516,210,5.486284289276808,92.04545454545455,57.142857142857146,0.0,0.0,13.852242744063325,CUT,0,2,0,0,2,0,2,0,0,2,0,0,0,0,0,0
88,69,19,1,18,11,0,9,0,5,0,0,0,59,B,1604,1516,210,5.486284289276808,78.4090909090909,61.111111111111114,0.0,0.0,13.852242744063325,CUT,0,5,0,0,5,0,4,0,0,4,0,0,0,0,0,0
72,67,5,0,5,4,0,4,0,1,0,0,0,60,base,1604,1532,211,4.488778054862843,93.05555555555556,80.0,0.0,0.0,13.77284595300261,CUT,0,2,1,0,1,1,1,0,0,1,0,0,0,0,0,0
72,63,9,0,9,6,0,6,0,1,0,0,0,60,B,1604,1532,211,4.488778054862843,87.5,66.66666666666667,0.0,0.0,13.77284595300261,CUT,0,3,1,0,2,1,1,0,0,1,0,0,0,0,0,0
81,76,5,0,5,3,0,1,0,1,0,0,0,61,base,1604,1523,212,5.049875311720698,93.82716049382717,60.0,0.0,0.0,13.919894944189101,CUT,0,1,0,0,1,0,1,0,0,1,0,0,0,0,0,0
81,69,12,1,11,9,1,5,0,1,0,0,0,61,B,1604,1523,212,5.049875311720698,85.18518518518519,81.81818181818181,0.0,0.0,13.919894944189101,CUT,0,4,0,0,4,0,1,0,0,1,0,0,0,0,0,0
70,69,1,0,1,0,0,0,0,0,0,0,0,62,base,1604,1534,221,4.364089775561097,98.57142857142857,0.0,0.0,0.0,14.40677966101695,CUT,0,1,1,0,0,1,0,0,0,0,0,0,0,0,0,0
70,60,10,0,10,7,0,5,0,2,0,0,0,62,B,1604,1534,221,4.364089775561097,85.71428571428571,70.0,0.0,0.0,14.40677966101695,CUT,0,3,0,0,3,0,2,0,0,2,0,0,0,0,0,0
67,63,4,0,4,3,0,1,0,0,0,0,0,63,base,1604,1537,214,4.177057356608479,94.02985074626865,75.0,0.0,0.0,13.923227065712426,CUT,0,1,1,0,0,1,0,0,0,0,0,0,0,0,0,0
67,55,12,0,12,8,0,6,0,0,0,0,0,63,B,1604,1537,214,4.177057356608479,82.08955223880596,66.66666666666667,0.0,0.0,13.923227065712426,CUT,0,5,0,0,5,0,0,0,0,0,0,0,0,0,0,0
69,66,3,0,3,2,0,1,0,0,0,0,0,64,base,1604,1535,216,4.301745635910224,95.65217391304348,66.66666666666667,0.0,0.0,14.071661237785015,CUT,0,0,0,0,0,0,0,0,0,0,0,0,0,0,0,0
69,58,11,0,11,10,0,5,0,4,0,0,0,64,B,1604,1535,216,4.301745635910224,84.05797101449275,90.9090909090909,0.0,0.0,14.071661237785015,CUT,0,4,0,0,4,0,4,0,0,4,0,0,0,0,0,0
88,82,6,0,6,4,0,3,0,0,0,0,0,65,base,1604,1516,216,5.486284289276808,93.18181818181819,66.66666666666667,0.0,0.0,14.248021108179419,CUT,0,3,1,0,2,1,0,0,0,0,0,0,0,0,0,0
88,74,14,0,14,7,0,5,0,2,0,0,0,65,B,1604,1516,216,5.486284289276808,84.0909090909091,50.0,0.0,0.0,14.248021108179419,CUT,0,5,1,0,4,1,2,0,0,2,0,0,0,0,0,0
91,83,8,0,8,5,0,4,0,0,0,0,0,66,base,1604,1513,217,5.673316708229426,91.20879120879121,62.5,0.0,0.0,14.342366159947124,CUT,0,4,0,0,4,0,0,0,0,0,0,0,0,0,0,0
91,73,18,0,18,11,0,10,0,1,0,0,0,66,B,1604,1513,217,5.673316708229426,80.21978021978022,61.111111111111114,0.0,0.0,14.342366159947124,CUT,0,9,0,0,9,0,1,0,0,1,0,0,0,0,0,0
75,71,4,0,4,2,0,2,0,0,0,0,0,67,base,1604,1529,220,4.675810473815462,94.66666666666667,50.0,0.0,0.0,14.388489208633093,CUT,0,2,1,0,1,1,0,0,0,0,0,0,0,0,0,0
75,61,14,0,14,9,0,7,0,2,0,0,0,67,B,1604,1529,220,4.675810473815462,81.33333333333333,64.28571428571429,0.0,0.0,14.388489208633093,CUT,0,6,1,0,5,1,2,0,0,2,0,0,0,0,0,0
76,72,4,0,4,3,0,0,0,0,0,0,0,68,base,1604,1528,217,4.738154613466334,94.73684210526316,75.0,0.0,0.0,14.201570680628272,CUT,0,1,1,0,0,1,0,0,0,0,0,0,0,0,0,0
76,66,10,0,10,6,0,4,0,2,0,0,0,68,B,1604,1528,217,4.738154613466334,86.84210526315789,60.0,0.0,0.0,14.201570680628272,CUT,0,2,0,0,2,0,2,0,0,2,0,0,0,0,0,0
87,81,6,0,6,4,0,2,0,1,0,0,0,69,base,1604,1517,216,5.423940149625935,93.10344827586206,66.66666666666667,0.0,0.0,14.238628872775214,CUT,0,2,0,0,2,0,1,0,0,1,0,0,0,0,0,0
87,74,13,1,12,8,0,5,0,3,0,0,0,69,B,1604,1517,216,5.423940149625935,85.05747126436782,66.66666666666667,0.0,0.0,14.238628872775214,CUT,0,4,0,0,4,0,2,0,0,2,0,0,0,0,0,0
91,86,5,0,5,3,0,2,0,0,0,0,0,70,base,1604,1513,212,5.673316708229426,94.50549450549451,60.0,0.0,0.0,14.011896893588895,CUT,0,2,1,0,1,1,0,0,0,0,0,0,0,0,0,0
91,83,8,0,8,4,0,4,0,1,0,0,0,70,B,1604,1513,212,5.673316708229426,91.20879120879121,50.0,0.0,0.0,14.011896893588895,CUT,0,4,1,0,3,1,1,0,0,1,0,0,0,0,0,0
91,84,7,0,7,5,0,4,1,0,0,0,0,71,base,1604,1513,215,5.673316708229426,92.3076923076923,71.42857142857143,1.098901098901099,14.285714285714286,14.210178453403833,CUT,0,3,0,0,3,0,0,0,0,0,0,0,0,0,0,0
91,73,18,0,18,14,0,11,1,4,0,0,0,71,B,1604,1513,215,5.673316708229426,80.21978021978022,77.77777777777777,1.098901098901099,5.555555555555555,14.210178453403833,CUT,0,7,0,0,7,0,4,0,0,4,0,0,0,0,0,0
88,79,9,0,9,8,0,5,0,2,0,0,0,72,base,1604,1516,216,5.486284289276808,89.77272727272727,88.88888888888889,0.0,0.0,14.248021108179419,CUT,0,6,2,0,4,2,2,0,0,2,0,0,0,0,0,0
88,68,20,1,19,14,0,11,0,3,0,0,0,72,B,1604,1516,216,5.486284289276808,77.27272727272727,73.6842105263158,0.0,0.0,14.248021108179419,CUT,0,9,2,0,7,2,3,0,0,3,0,0,0,0,0,0
71,69,2,0,2,1,0,0,0,0,0,0,0,73,base,1604,1533,219,4.4264339152119705,97.1830985915493,50.0,0.0,0.0,14.285714285714286,CUT,0,1,1,0,0,1,0,0,0,0,0,0,0,0,0,0
71,62,9,0,9,4,0,2,1,1,0,0,0,73,B,1604,1533,219,4.4264339152119705,87.32394366197182,44.44444444444444,1.408450704225352,11.11111111111111,14.285714285714286,CUT,0,2,1,0,1,1,1,0,0,1,0,0,0,0,0,0
80,77,3,0,3,2,0,0,0,0,0,0,0,74,base,1604,1524,213,4.987531172069826,96.25,66.66666666666667,0.0,0.0,13.976377952755906,CUT,0,2,2,0,0,2,0,0,0,0,0,0,0,0,0,0
80,65,15,0,15,11,0,9,0,6,0,0,0,74,B,1604,1524,213,4.987531172069826,81.25,73.33333333333333,0.0,0.0,13.976377952755906,CUT,0,10,1,0,9,2,6,0,0,6,0,0,0,0,0,0
94,85,9,0,9,4,0,2,1,0,0,0,0,75,base,1604,1510,214,5.860349127182045,90.42553191489361,44.44444444444444,1.0638297872340425,11.11111111111111,14.172185430463577,CUT,0,2,1,0,1,1,0,0,0,0,0,0,0,0,0,0
94,75,19,0,19,11,0,8,1,1,0,0,0,75,B,1604,1510,214,5.860349127182045,79.7872340425532,57.89473684210526,1.0638297872340425,5.2631578947368425,14.172185430463577,CUT,0,7,0,0,7,0,1,0,0,1,0,0,0,0,0,0
86,81,5,0,5,5,0,2,0,1,0,0,0,76,base,1604,1518,215,5.361596009975062,94.18604651162791,100.0,0.0,0.0,14.163372859025033,CUT,0,1,0,0,1,0,1,0,0,1,0,0,0,0,0,0
86,78,8,1,7,4,0,3,0,1,0,0,0,76,B,1604,1518,215,5.361596009975062,90.69767441860465,57.142857142857146,0.0,0.0,14.163372859025033,CUT,0,2,0,0,2,0,1,0,0,1,0,0,0,0,0,0
88,83,5,0,5,4,0,2,0,0,0,0,0,77,base,1604,1516,213,5.486284289276808,94.31818181818181,80.0,0.0,0.0,14.050131926121372,CUT,0,1,1,0,0,1,0,0,0,0,0,0,0,0,0,0
88,76,12,0,12,10,0,7,0,2,0,0,0,77,B,1604,1516,213,5.486284289276808,86.36363636363636,83.33333333333333,0.0,0.0,14.050131926121372,CUT,0,6,1,0,5,1,2,0,0,2,0,0,0,0,0,0
78,70,8,0,8,6,0,6,0,0,0,0,0,78,base,1604,1526,220,4.86284289276808,89.74358974358974,75.0,0.0,0.0,14.416775884665793,CUT,0,4,1,0,3,1,0,0,0,0,0,0,0,0,0,0
78,62,16,0,16,12,0,11,0,1,0,0,0,78,B,1604,1526,220,4.86284289276808,79.48717948717949,75.0,0.0,0.0,14.416775884665793,CUT,0,8,1,0,7,1,1,0,0,1,0,0,0,0,0,0
79,77,2,0,2,1,0,1,0,0,0,0,0,79,base,1604,1525,218,4.925187032418953,97.46835443037975,50.0,0.0,0.0,14.295081967213115,CUT,0,1,1,0,0,1,0,0,0,0,0,0,0,0,0,0
79,65,14,0,14,10,0,9,0,2,0,0,0,79,B,1604,1525,218,4.925187032418953,82.27848101265823,71.42857142857143,0.0,0.0,14.295081967213115,CUT,0,7,1,0,6,1,2,0,0,2,0,0,0,0,0,0
70,65,5,0,5,3,0,4,1,1,0,0,0,80,base,1604,1534,216,4.364089775561097,92.85714285714286,60.0,1.4285714285714286,20.0,14.08083441981747,CUT,0,6,3,1,4,2,1,0,0,1,0,0,0,0,0,0
70,58,12,0,12,6,0,5,1,1,0,0,0,80,B,1604,1534,216,4.364089775561097,82.85714285714286,50.0,1.4285714285714286,8.333333333333334,14.08083441981747,CUT,0,6,2,1,5,1,1,0,0,1,0,0,0,0,0,0
68,66,2,0,2,2,0,0,0,0,0,0,0,81,base,1604,1536,218,4.239401496259352,97.05882352941177,100.0,0.0,0.0,14.192708333333334,CUT,0,0,0,0,0,0,0,0,0,0,0,0,0,0,0,0
68,59,9,0,9,7,0,5,1,2,0,0,0,81,B,1604,1536,218,4.239401496259352,86.76470588235294,77.77777777777777,1.4705882352941178,11.11111111111111,14.192708333333334,CUT,0,4,1,1,4,0,2,0,0,2,0,0,0,0,0,0
79,75,4,0,4,1,0,1,0,0,0,0,0,82,base,1604,1525,216,4.925187032418953,94.9367088607595,25.0,0.0,0.0,14.163934426229508,CUT,0,1,0,0,1,0,0,0,0,0,0,0,0,0,0,0
79,67,12,2,10,7,0,5,0,3,0,0,0,82,B,1604,1525,216,4.925187032418953,84.81012658227849,70.0,0.0,0.0,14.163934426229508,CUT,0,5,0,0,5,0,3,0,0,3,0,0,0,0,0,0
79,76,3,0,3,1,0,2,1,0,0,0,0,83,base,1604,1525,218,4.925187032418953,96.20253164556962,33.333333333333336,1.2658227848101267,33.333333333333336,14.295081967213115,CUT,0,4,4,0,0,4,0,0,0,0,0,0,0,0,0,0
79,65,14,1,13,8,0,6,1,2,0,0,0,83,B,1604,1525,218,4.925187032418953,82.27848101265823,61.53846153846154,1.2658227848101267,7.142857142857143,14.295081967213115,CUT,0,7,4,0,3,4,2,0,0,2,0,0,0,0,0,0
82,78,4,0,4,3,0,2,0,0,0,0,0,84,base,1604,1522,215,5.112219451371571,95.1219512195122,75.0,0.0,0.0,14.126149802890932,CUT,0,2,0,0,1,1,0,0,0,0,0,0,0,0,0,0
82,69,13,0,13,10,0,7,0,3,0,0,0,84,B,1604,1522,215,5.112219451371571,84.14634146341463,76.92307692307692,0.0,0.0,14.126149802890932,CUT,0,6,0,0,6,0,3,0,0,3,0,0,0,0,0,0
71,66,5,0,5,4,0,2,0,0,0,0,0,85,base,1604,1533,219,4.4264339152119705,92.95774647887323,80.0,0.0,0.0,14.285714285714286,CUT,0,2,0,0,2,0,0,0,0,0,0,0,0,0,0,0
71,61,10,0,10,6,0,3,0,0,0,0,0,85,B,1604,1533,219,4.4264339152119705,85.91549295774648,60.0,0.0,0.0,14.285714285714286,CUT,0,3,0,0,3,0,0,0,0,0,0,0,0,0,0,0
82,78,4,0,4,1,0,2,1,0,0,0,0,86,base,1604,1522,219,5.112219451371571,95.1219512195122,25.0,1.2195121951219512,25.0,14.388961892247043,CUT,0,2,1,0,1,1,0,0,0,0,0,0,0,0,0,0
82,71,11,0,11,6,0,6,2,1,0,0,0,86,B,1604,1522,219,5.112219451371571,86.58536585365853,54.54545454545455,2.4390243902439024,18.181818181818183,14.388961892247043,CUT,0,5,1,0,4,1,1,0,0,1,0,0,0,0,0,0
87,86,1,0,1,1,0,1,0,0,0,0,0,87,base,1604,1517,215,5.423940149625935,98.85057471264368,100.0,0.0,0.0,14.172709294660514,CUT,0,3,2,0,1,2,0,0,0,0,0,0,0,0,0,0
87,75,12,0,12,7,0,4,0,2,0,0,0,87,B,1604,1517,215,5.423940149625935,86.20689655172414,58.333333333333336,0.0,0.0,14.172709294660514,CUT,0,6,2,0,4,2,2,0,0,2,0,0,0,0,0,0
82,77,5,0,5,3,0,1,0,0,0,0,0,88,base,1604,1522,217,5.112219451371571,93.90243902439025,60.0,0.0,0.0,14.257555847568987,CUT,0,3,3,0,0,3,0,0,0,0,0,0,0,0,0,0
82,70,12,0,12,7,0,5,1,1,0,0,0,88,B,1604,1522,217,5.112219451371571,85.36585365853658,58.333333333333336,1.2195121951219512,8.333333333333334,14.257555847568987,CUT,0,5,3,0,2,3,1,0,0,1,0,0,0,0,0,0
83,81,2,0,2,2,0,0,0,0,0,0,0,89,base,1604,1521,213,5.1745635910224435,97.59036144578313,100.0,0.0,0.0,14.003944773175542,CUT,0,0,0,0,0,0,0,0,0,0,0,0,0,0,0,0
83,73,10,0,10,6,0,4,0,3,0,0,0,89,B,1604,1521,213,5.1745635910224435,87.95180722891567,60.0,0.0,0.0,14.003944773175542,CUT,0,4,0,0,4,0,3,0,0,3,0,0,0,0,0,0
70,64,6,0,6,3,0,3,0,0,0,0,0,90,base,1604,1534,214,4.364089775561097,91.42857142857143,50.0,0.0,0.0,13.95045632333768,CUT,0,2,0,0,2,0,0,0,0,0,0,0,0,0,0,0
70,57,13,0,13,6,0,6,1,2,0,0,0,90,B,1604,1534,214,4.364089775561097,81.42857142857143,46.15384615384615,1.4285714285714286,7.6923076923076925,13.95045632333768,CUT,0,5,1,1,5,0,2,0,0,2,0,0,0,0,0,0
74,70,4,0,4,2,0,1,0,0,0,0,0,91,base,1604,1530,215,4.613466334164588,94.5945945945946,50.0,0.0,0.0,14.052287581699346,CUT,0,0,0,0,0,0,0,0,0,0,0,0,0,0,0,0
74,63,11,0,11,7,0,5,0,2,0,0,0,91,B,1604,1530,215,4.613466334164588,85.13513513513513,63.63636363636363,0.0,0.0,14.052287581699346,CUT,0,3,0,0,3,0,2,0,0,2,0,0,0,0,0,0
78,73,5,0,5,3,0,1,0,0,0,0,0,92,base,1604,1526,220,4.86284289276808,93.58974358974359,60.0,0.0,0.0,14.416775884665793,CUT,0,2,1,0,1,1,0,0,0,0,0,0,0,0,0,0
78,61,17,1,16,11,0,10,0,4,0,0,0,92,B,1604,1526,220,4.86284289276808,78.2051282051282,68.75,0.0,0.0,14.416775884665793,CUT,0,7,1,0,6,1,3,0,0,3,0,0,0,0,0,0
82,77,5,0,5,3,0,0,0,0,0,0,0,93,base,1604,1522,219,5.112219451371571,93.90243902439025,60.0,0.0,0.0,14.388961892247043,CUT,0,1,1,0,0,1,0,0,0,0,0,0,0,0,0,0
82,65,17,0,17,13,0,9,1,2,0,0,0,93,B,1604,1522,219,5.112219451371571,79.26829268292683,76.47058823529412,1.2195121951219512,5.882352941176471,14.388961892247043,CUT,0,9,1,0,8,1,2,0,0,2,0,0,0,0,0,0
72,69,3,0,3,2,0,2,0,0,0,0,0,94,base,1604,1532,215,4.488778054862843,95.83333333333333,66.66666666666667,0.0,0.0,14.033942558746736,CUT,0,1,0,0,1,0,0,0,0,0,0,0,0,0,0,0
72,64,8,0,8,5,0,4,0,0,0,0,0,94,B,1604,1532,215,4.488778054862843,88.88888888888889,62.5,0.0,0.0,14.033942558746736,CUT,0,2,0,0,2,0,0,0,0,0,0,0,0,0,0,0
73,67,6,0,6,3,0,3,1,0,0,0,0,95,base,1604,1531,217,4.551122194513716,91.78082191780823,50.0,1.36986301369863,16.666666666666668,14.173742651861529,CUT,0,1,0,0,1,0,0,0,0,0,0,0,0,0,0,0
73,56,17,0,17,13,0,10,1,4,0,0,0,95,B,1604,1531,217,4.551122194513716,76.71232876712328,76.47058823529412,1.36986301369863,5.882352941176471,14.173742651861529,CUT,0,7,0,0,7,0,4,0,0,4,0,0,0,0,0,0
88,85,3,0,3,1,0,1,0,0,0,0,0,96,base,1604,1516,218,5.486284289276808,96.5909090909091,33.333333333333336,0.0,0.0,14.379947229551451,CUT,0,2,1,0,1,1,0,0,0,0,0,0,0,0,0,0
88,79,9,0,9,3,0,3,0,0,0,0,0,96,B,1604,1516,218,5.486284289276808,89.77272727272727,33.333333333333336,0.0,0.0,14.379947229551451,CUT,0,4,1,0,3,1,0,0,0,0,0,0,0,0,0,0
72,71,1,0,1,0,0,0,0,0,0,0,0,97,base,1604,1532,215,4.488778054862843,98.61111111111111,0.0,0.0,0.0,14.033942558746736,CUT,0,0,0,0,0,0,0,0,0,0,0,0,0,0,0,0
72,62,10,1,9,7,0,5,0,2,0,0,0,97,B,1604,1532,215,4.488778054862843,86.11111111111111,77.77777777777777,0.0,0.0,14.033942558746736,CUT,0,2,0,0,2,0,2,0,0,2,0,0,0,0,0,0
76,72,4,0,4,4,0,4,0,1,0,0,0,98,base,1604,1528,213,4.738154613466334,94.73684210526316,100.0,0.0,0.0,13.93979057591623,CUT,0,4,0,0,4,0,1,0,0,1,0,0,0,0,0,0
76,66,10,0,10,8,0,8,0,4,0,0,0,98,B,1604,1528,213,4.738154613466334,86.84210526315789,80.0,0.0,0.0,13.93979057591623,CUT,0,7,0,0,7,0,4,0,0,4,0,0,0,0,0,0
83,78,5,0,5,4,0,3,0,0,0,0,0,99,base,1604,1521,211,5.1745635910224435,93.97590361445783,80.0,0.0,0.0,13.872452333990795,CUT,0,3,1,0,2,1,0,0,0,0,0,0,0,0,0,0
83,69,14,0,14,9,0,6,0,1,0,0,0,99,B,1604,1521,211,5.1745635910224435,83.13253012048193,64.28571428571429,0.0,0.0,13.872452333990795,CUT,0,4,1,0,3,1,1,0,0,1,0,0,0,0,0,0
84,79,5,0,5,3,0,2,0,0,0,0,0,100,base,1604,1520,214,5.236907730673317,94.04761904761905,60.0,0.0,0.0,14.078947368421053,CUT,0,2,0,0,2,0,0,0,0,0,0,0,0,0,0,0
84,69,15,1,14,9,0,7,0,3,0,0,0,100,B,1604,1520,214,5.236907730673317,82.14285714285714,64.28571428571429,0.0,0.0,14.078947368421053,CUT,0,5,0,0,5,0,3,0,0,3,0,0,0,0,0,0
86,83,3,0,3,2,0,0,0,0,0,0,0,101,base,1604,1518,212,5.361596009975062,96.51162790697674,66.66666666666667,0.0,0.0,13.96574440052701,CUT,0,1,1,0,0,1,0,0,0,0,0,0,0,0,0,0
86,74,12,0,12,9,0,4,0,2,0,0,0,101,B,1604,1518,212,5.361596009975062,86.04651162790698,75.0,0.0,0.0,13.96574440052701,CUT,0,5,1,0,4,1,2,0,0,2,0,0,0,0,0,0
83,80,3,0,3,3,0,1,0,0,0,0,0,102,base,1604,1521,216,5.1745635910224435,96.3855421686747,100.0,0.0,0.0,14.201183431952662,CUT,0,1,1,0,0,1,0,0,0,0,0,0,0,0,0,0
83,72,11,0,11,6,0,5,0,2,0,0,0,102,B,1604,1521,216,5.1745635910224435,86.74698795180723,54.54545454545455,0.0,0.0,14.201183431952662,CUT,0,3,1,0,2,1,2,0,0,2,0,0,0,0,0,0
78,74,4,0,4,3,0,2,0,1,0,0,0,103,base,1604,1526,219,4.86284289276808,94.87179487179488,75.0,0.0,0.0,14.351245085190039,CUT,0,2,0,0,2,0,1,0,0,1,0,0,0,0,0,0
78,63,15,0,15,9,0,8,0,3,0,0,0,103,B,1604,1526,219,4.86284289276808,80.76923076923077,60.0,0.0,0.0,14.351245085190039,CUT,0,6,0,0,6,0,3,0,0,3,0,0,0,0,0,0
77,67,10,0,10,9,0,5,0,2,0,0,0,104,base,1604,1527,215,4.800498753117207,87.01298701298701,90.0,0.0,0.0,14.079895219384413,CUT,0,5,0,0,5,0,2,0,0,2,0,0,0,0,0,0
77,63,14,1,13,11,0,6,0,3,0,0,0,104,B,1604,1527,215,4.800498753117207,81.81818181818181,84.61538461538461,0.0,0.0,14.079895219384413,CUT,0,6,0,0,6,0,3,0,0,3,0,0,0,0,0,0
85,81,4,0,4,3,0,2,0,1,0,0,0,105,base,1604,1519,214,5.2992518703241895,95.29411764705883,75.0,0.0,0.0,14.088215931533904,CUT,0,3,1,0,2,1,1,0,0,1,0,0,0,0,0,0
85,70,15,1,14,10,0,6,0,4,0,0,0,105,B,1604,1519,214,5.2992518703241895,82.3529411764706,71.42857142857143,0.0,0.0,14.088215931533904,CUT,0,7,1,0,6,1,4,0,0,4,0,0,0,0,0,0
63,61,2,0,2,2,0,2,0,0,0,0,0,106,base,1604,1541,218,3.9276807980049875,96.82539682539682,100.0,0.0,0.0,14.146658014276444,CUT,0,2,1,0,1,1,0,0,0,0,0,0,0,0,0,0
63,53,10,0,10,9,0,9,1,1,0,0,0,106,B,1604,1541,218,3.9276807980049875,84.12698412698413,90.0,1.5873015873015872,10.0,14.146658014276444,CUT,0,6,0,0,6,0,1,0,0,1,0,0,0,0,0,0
81,77,4,0,4,1,0,1,0,0,0,0,0,107,base,1604,1523,218,5.049875311720698,95.06172839506173,25.0,0.0,0.0,14.313854235062378,CUT,0,1,1,0,0,1,0,0,0,0,0,0,0,0,0,0
81,67,14,1,13,9,0,6,0,2,0,0,0,107,B,1604,1523,218,5.049875311720698,82.71604938271605,69.23076923076923,0.0,0.0,14.313854235062378,CUT,0,6,1,0,5,1,2,0,0,2,0,0,0,0,0,0
82,79,3,0,3,3,0,2,0,0,0,0,0,108,base,1604,1522,217,5.112219451371571,96.34146341463415,100.0,0.0,0.0,14.257555847568987,CUT,0,1,0,0,1,0,0,0,0,0,0,0,0,0,0,0
82,73,9,0,9,8,0,6,0,3,0,0,0,108,B,1604,1522,217,5.112219451371571,89.02439024390245,88.88888888888889,0.0,0.0,14.257555847568987,CUT,0,5,0,0,5,0,3,0,0,3,0,0,0,0,0,0
79,78,1,0,1,0,0,0,0,0,0,0,0,109,base,1604,1525,217,4.925187032418953,98.73417721518987,0.0,0.0,0.0,14.229508196721312,CUT,0,0,0,0,0,0,0,0,0,0,0,0,0,0,0,0
79,71,8,0,8,2,0,2,0,1,0,0,0,109,B,1604,1525,217,4.925187032418953,89.87341772151899,25.0,0.0,0.0,14.229508196721312,CUT,0,2,0,0,2,0,1,0,0,1,0,0,0,0,0,0
65,60,5,0,5,2,0,1,1,0,0,0,0,110,base,1604,1539,222,4.052369077306733,92.3076923076923,40.0,1.5384615384615385,20.0,14.42495126705653,CUT,0,1,1,1,1,0,0,0,0,0,0,0,0,0,0,0
65,53,12,2,10,4,0,1,1,0,0,0,0,110,B,1604,1539,222,4.052369077306733,81.53846153846153,40.0,1.5384615384615385,8.333333333333334,14.42495126705653,CUT,0,1,1,1,1,0,0,0,0,0,0,0,0,0,0,0
84,75,9,0,9,4,0,3,0,0,0,0,0,111,base,1604,1520,213,5.236907730673317,89.28571428571429,44.44444444444444,0.0,0.0,14.013157894736842,CUT,0,1,0,0,1,0,0,0,0,0,0,0,0,0,0,0
84,67,17,0,17,10,0,7,0,2,0,0,0,111,B,1604,1520,213,5.236907730673317,79.76190476190476,58.8235294117647,0.0,0.0,14.013157894736842,CUT,0,5,0,0,5,0,2,0,0,2,0,0,0,0,0,0
85,82,3,0,3,2,0,2,0,2,0,0,0,112,base,1604,1519,218,5.2992518703241895,96.47058823529412,66.66666666666667,0.0,0.0,14.351547070441079,CUT,0,2,0,0,2,0,2,0,0,2,0,0,0,0,0,0
85,70,15,1,14,9,0,9,0,4,0,0,0,112,B,1604,1519,218,5.2992518703241895,82.3529411764706,64.28571428571429,0.0,0.0,14.351547070441079,CUT,0,8,0,0,8,0,4,0,0,4,0,0,0,0,0,0
90,87,3,0,3,2,0,2,0,1,0,0,0,113,base,1604,1514,219,5.610972568578553,96.66666666666667,66.66666666666667,0.0,0.0,14.464993394980185,CUT,0,3,1,0,2,1,1,0,0,1,0,0,0,0,0,0
90,78,12,1,11,9,0,7,0,2,0,0,0,113,B,1604,1514,219,5.610972568578553,86.66666666666667,81.81818181818181,0.0,0.0,14.464993394980185,CUT,0,6,1,0,5,1,2,0,0,2,0,0,0,0,0,0
94,90,4,0,4,2,0,1,0,0,0,0,0,114,base,1604,1510,213,5.860349127182045,95.74468085106383,50.0,0.0,0.0,14.105960264900663,CUT,0,2,1,0,1,1,0,0,0,0,0,0,0,0,0,0
94,83,11,1,10,4,0,4,1,0,0,0,0,114,B,1604,1510,213,5.860349127182045,88.29787234042553,40.0,1.0638297872340425,9.090909090909092,14.105960264900663,CUT,0,4,1,0,3,1,0,0,0,0,0,0,0,0,0,0
68,63,5,0,5,3,0,2,0,1,0,0,0,115,base,1604,1536,217,4.239401496259352,92.6470588235294,60.0,0.0,0.0,14.127604166666666,CUT,0,3,1,0,2,1,1,0,0,1,0,0,0,0,0,0
68,60,8,0,8,3,0,1,0,1,0,0,0,115,B,1604,1536,217,4.239401496259352,88.23529411764706,37.5,0.0,0.0,14.127604166666666,CUT,0,2,1,0,1,1,1,0,0,1,0,0,0,0,0,0
90,83,7,0,7,5,0,3,0,0,0,0,0,116,base,1604,1514,215,5.610972568578553,92.22222222222223,71.42857142857143,0.0,0.0,14.200792602377808,CUT,0,3,0,0,3,0,0,0,0,0,0,0,0,0,0,0
90,77,13,0,13,6,0,6,1,1,0,0,0,116,B,1604,1514,215,5.610972568578553,85.55555555555556,46.15384615384615,1.1111111111111112,7.6923076923076925,14.200792602377808,CUT,0,5,0,0,5,0,1,0,0,1,0,0,0,0,0,0
75,73,2,0,2,1,0,0,0,0,0,0,0,117,base,1604,1529,216,4.675810473815462,97.33333333333333,50.0,0.0,0.0,14.126880313930673,CUT,0,1,1,0,0,1,0,0,0,0,0,0,0,0,0,0
75,69,6,0,6,1,0,1,0,1,0,0,0,117,B,1604,1529,216,4.675810473815462,92.0,16.666666666666668,0.0,0.0,14.126880313930673,CUT,0,2,1,0,1,1,1,0,0,1,0,0,0,0,0,0
81,77,4,0,4,1,0,1,0,0,0,0,0,118,base,1604,1523,219,5.049875311720698,95.06172839506173,25.0,0.0,0.0,14.37951411687459,CUT,0,1,0,0,1,0,0,0,0,0,0,0,0,0,0,0
81,71,10,0,10,5,0,3,0,2,0,0,0,118,B,1604,1523,219,5.049875311720698,87.65432098765432,50.0,0.0,0.0,14.37951411687459,CUT,0,3,0,0,3,0,2,0,0,2,0,0,0,0,0,0
92,85,7,0,7,5,0,3,0,1,0,0,0,119,base,1604,1512,210,5.7356608478802995,92.3913043478261,71.42857142857143,0.0,0.0,13.88888888888889,CUT,0,4,1,0,3,1,1,0,0,1,0,0,0,0,0,0
92,76,16,0,16,10,0,8,1,4,0,0,0,119,B,1604,1512,210,5.7356608478802995,82.6086956521739,62.5,1.0869565217391304,6.25,13.88888888888889,CUT,0,9,2,1,8,1,4,0,0,4,0,0,0,0,0,0
78,74,4,0,4,2,0,2,0,0,0,0,0,120,base,1604,1526,214,4.86284289276808,94.87179487179488,50.0,0.0,0.0,14.02359108781127,CUT,0,0,0,0,0,0,0,0,0,0,0,0,0,0,0,0
78,66,12,0,12,9,0,8,0,3,0,0,0,120,B,1604,1526,214,4.86284289276808,84.61538461538461,75.0,0.0,0.0,14.02359108781127,CUT,0,3,0,0,3,0,3,0,0,3,0,0,0,0,0,0
82,79,3,0,3,2,0,2,0,0,0,0,0,121,base,1604,1522,213,5.112219451371571,96.34146341463415,66.66666666666667,0.0,0.0,13.994743758212877,CUT,0,2,0,0,2,0,0,0,0,0,0,0,0,0,0,0
82,68,14,1,13,7,0,6,0,1,0,0,0,121,B,1604,1522,213,5.112219451371571,82.92682926829268,53.84615384615385,0.0,0.0,13.994743758212877,CUT,0,6,0,0,6,0,1,0,0,1,0,0,0,0,0,0
84,75,9,0,9,7,0,4,0,1,0,0,0,122,base,1604,1520,209,5.236907730673317,89.28571428571429,77.77777777777777,0.0,0.0,13.75,CUT,0,4,0,0,4,0,1,0,0,1,0,0,0,0,0,0
84,69,15,1,14,9,0,6,0,1,0,0,0,122,B,1604,1520,209,5.236907730673317,82.14285714285714,64.28571428571429,0.0,0.0,13.75,CUT,0,6,0,0,6,0,1,0,0,1,0,0,0,0,0,0
79,75,4,0,4,4,0,3,0,1,0,0,0,123,base,1604,1525,217,4.925187032418953,94.9367088607595,100.0,0.0,0.0,14.229508196721312,CUT,0,3,1,0,2,1,1,0,0,1,0,0,0,0,0,0
79,69,10,0,10,7,0,5,0,2,0,0,0,123,B,1604,1525,217,4.925187032418953,87.34177215189874,70.0,0.0,0.0,14.229508196721312,CUT,0,4,0,0,4,1,2,0,0,2,0,0,0,0,0,0
81,74,7,0,7,5,0,2,0,1,0,0,0,124,base,1604,1523,212,5.049875311720698,91.35802469135803,71.42857142857143,0.0,0.0,13.919894944189101,CUT,0,3,1,0,2,1,1,0,0,1,0,0,0,0,0,0
81,63,18,0,18,10,0,5,0,2,0,0,0,124,B,1604,1523,212,5.049875311720698,77.77777777777777,55.55555555555556,0.0,0.0,13.919894944189101,CUT,0,5,1,0,4,1,2,0,0,2,0,0,0,0,0,0
83,80,3,0,3,1,0,1,0,0,0,0,0,125,base,1604,1521,219,5.1745635910224435,96.3855421686747,33.333333333333336,0.0,0.0,14.398422090729783,CUT,0,1,1,0,0,1,0,0,0,0,0,0,0,0,0,0
83,72,11,0,11,7,0,4,0,1,0,0,0,125,B,1604,1521,219,5.1745635910224435,86.74698795180723,63.63636363636363,0.0,0.0,14.398422090729783,CUT,0,4,1,0,3,1,1,0,0,1,0,0,0,0,0,0
74,70,4,0,4,4,0,2,0,0,0,0,0,126,base,1604,1530,215,4.613466334164588,94.5945945945946,100.0,0.0,0.0,14.052287581699346,CUT,0,2,1,0,1,1,0,0,0,0,0,0,0,0,0,0
74,63,11,0,11,7,0,4,0,0,0,0,0,126,B,1604,1530,215,4.613466334164588,85.13513513513513,63.63636363636363,0.0,0.0,14.052287581699346,CUT,0,3,1,0,2,1,0,0,0,0,0,0,0,0,0,0
84,78,6,0,6,4,0,3,0,0,0,0,0,127,base,1604,1520,209,5.236907730673317,92.85714285714286,66.66666666666667,0.0,0.0,13.75,CUT,0,1,0,0,1,0,0,0,0,0,0,0,0,0,0,0
84,69,15,0,15,11,0,9,1,0,0,0,0,127,B,1604,1520,209,5.236907730673317,82.14285714285714,73.33333333333333,1.1904761904761905,6.666666666666667,13.75,CUT,0,4,0,0,4,0,0,0,0,0,0,0,0,0,0,0
93,87,6,0,6,5,0,4,0,0,0,0,0,128,base,1604,1511,215,5.798004987531172,93.54838709677419,83.33333333333333,0.0,0.0,14.228987425545997,CUT,0,3,1,0,2,1,0,0,0,0,0,0,0,0,0,0
93,82,11,1,10,7,0,4,0,1,0,0,0,128,B,1604,1511,215,5.798004987531172,88.17204301075269,70.0,0.0,0.0,14.228987425545997,CUT,0,3,1,0,2,1,1,0,0,1,0,0,0,0,0,0
89,83,6,0,6,4,0,3,0,2,0,0,0,129,base,1604,1515,218,5.548628428927681,93.25842696629213,66.66666666666667,0.0,0.0,14.389438943894389,CUT,0,2,0,0,2,0,2,0,0,2,0,0,0,0,0,0
89,76,13,0,13,8,0,7,0,3,0,0,0,129,B,1604,1515,218,5.548628428927681,85.3932584269663,61.53846153846154,0.0,0.0,14.389438943894389,CUT,0,4,0,0,4,0,3,0,0,3,0,0,0,0,0,0
89,85,4,0,4,3,0,2,0,0,0,0,0,130,base,1604,1515,208,5.548628428927681,95.50561797752809,75.0,0.0,0.0,13.729372937293729,CUT,0,3,1,0,2,1,0,0,0,0,0,0,0,0,0,0
89,77,12,1,11,9,1,7,1,1,0,0,0,130,B,1604,1515,208,5.548628428927681,86.51685393258427,81.81818181818181,1.1235955056179776,8.333333333333334,13.729372937293729,CUT,0,8,2,1,7,1,1,0,0,1,0,0,0,0,0,0
75,72,3,0,3,3,0,2,0,0,0,0,0,131,base,1604,1529,210,4.675810473815462,96.0,100.0,0.0,0.0,13.734466971877044,CUT,0,2,1,0,1,1,0,0,0,0,0,0,0,0,0,0
75,70,5,0,5,5,0,3,0,0,0,0,0,131,B,1604,1529,210,4.675810473815462,93.33333333333333,100.0,0.0,0.0,13.734466971877044,CUT,0,3,1,0,2,1,0,0,0,0,0,0,0,0,0,0
71,67,4,0,4,1,0,0,0,0,0,0,0,132,base,1604,1533,220,4.4264339152119705,94.36619718309859,25.0,0.0,0.0,14.350945857795173,CUT,0,1,1,0,0,1,0,0,0,0,0,0,0,0,0,0
71,60,11,0,11,3,0,2,1,0,0,0,0,132,B,1604,1533,220,4.4264339152119705,84.50704225352112,27.272727272727273,1.408450704225352,9.090909090909092,14.350945857795173,CUT,0,2,1,1,2,0,0,0,0,0,0,0,0,0,0,0
64,57,7,0,7,3,0,2,1,0,0,0,0,133,base,1604,1540,218,3.9900249376558605,89.0625,42.857142857142854,1.5625,14.285714285714286,14.155844155844155,CUT,0,2,1,0,1,1,0,0,0,0,0,0,0,0,0,0
64,48,16,0,16,8,0,5,0,2,0,0,0,133,B,1604,1540,218,3.9900249376558605,75.0,50.0,0.0,0.0,14.155844155844155,CUT,0,5,1,0,4,1,2,0,0,2,0,0,0,0,0,0
71,70,1,0,1,1,0,1,0,0,0,0,0,134,base,1604,1533,217,4.4264339152119705,98.59154929577464,100.0,0.0,0.0,14.155251141552512,CUT,0,1,0,0,1,0,0,0,0,0,0,0,0,0,0,0
71,59,12,1,11,8,1,6,1,2,0,0,0,134,B,1604,1533,217,4.4264339152119705,83.09859154929578,72.72727272727273,1.408450704225352,8.333333333333334,14.155251141552512,CUT,0,5,1,1,5,0,2,0,0,2,0,0,0,0,0,0
80,77,3,0,3,3,0,3,0,0,0,0,0,135,base,1604,1524,213,4.987531172069826,96.25,100.0,0.0,0.0,13.976377952755906,CUT,0,4,2,0,2,2,0,0,0,0,0,0,0,0,0,0
80,72,8,0,8,7,0,6,0,2,0,0,0,135,B,1604,1524,213,4.987531172069826,90.0,87.5,0.0,0.0,13.976377952755906,CUT,0,7,2,0,5,2,2,0,0,2,0,0,0,0,0,0
68,59,9,0,9,7,0,5,0,0,0,0,0,136,base,1604,1536,224,4.239401496259352,86.76470588235294,77.77777777777777,0.0,0.0,14.583333333333334,CUT,0,2,0,0,2,0,0,0,0,0,0,0,0,0,0,0
68,51,17,0,17,9,0,7,0,1,0,0,0,136,B,1604,1536,224,4.239401496259352,75.0,52.94117647058823,0.0,0.0,14.583333333333334,CUT,0,4,0,0,4,0,1,0,0,1,0,0,0,0,0,0
76,72,4,0,4,1,0,0,0,0,0,0,0,137,base,1604,1528,218,4.738154613466334,94.73684210526316,25.0,0.0,0.0,14.267015706806284,CUT,0,2,2,0,0,2,0,0,0,0,0,0,0,0,0,0
76,64,12,0,12,6,0,4,0,2,0,0,0,137,B,1604,1528,218,4.738154613466334,84.21052631578948,50.0,0.0,0.0,14.267015706806284,CUT,0,6,2,0,4,2,2,0,0,2,0,0,0,0,0,0
87,80,7,0,7,5,0,4,0,1,0,0,0,138,base,1604,1517,221,5.423940149625935,91.95402298850574,71.42857142857143,0.0,0.0,14.568226763348715,CUT,0,2,0,0,2,0,1,0,0,1,0,0,0,0,0,0
87,73,14,0,14,10,0,9,0,1,0,0,0,138,B,1604,1517,221,5.423940149625935,83.9080459770115,71.42857142857143,0.0,0.0,14.568226763348715,CUT,0,7,0,0,7,0,1,0,0,1,0,0,0,0,0,0
79,70,9,0,9,6,0,3,0,0,0,0,0,139,base,1604,1525,214,4.925187032418953,88.60759493670886,66.66666666666667,0.0,0.0,14.032786885245901,CUT,0,1,0,0,1,0,0,0,0,0,0,0,0,0,0,0
79,61,18,0,18,12,0,7,0,2,0,0,0,139,B,1604,1525,214,4.925187032418953,77.21518987341773,66.66666666666667,0.0,0.0,14.032786885245901,CUT,0,3,0,0,3,0,2,0,0,2,0,0,0,0,0,0
102,90,12,0,12,6,0,5,0,1,0,0,0,140,base,1604,1502,212,6.359102244389027,88.23529411764706,50.0,0.0,0.0,14.11451398135819,CUT,0,4,0,0,4,0,1,0,0,1,0,0,0,0,0,0
102,83,19,1,18,8,1,6,0,2,0,0,0,140,B,1604,1502,212,6.359102244389027,81.37254901960785,44.44444444444444,0.0,0.0,14.11451398135819,CUT,0,5,0,0,5,0,2,0,0,2,0,0,0,0,0,0
91,89,2,0,2,1,0,0,0,0,0,0,0,141,base,1604,1513,213,5.673316708229426,97.8021978021978,50.0,0.0,0.0,14.077990746860541,CUT,0,0,0,0,0,0,0,0,0,0,0,0,0,0,0,0
91,86,5,1,4,2,1,1,0,1,0,0,0,141,B,1604,1513,213,5.673316708229426,94.50549450549451,50.0,0.0,0.0,14.077990746860541,CUT,0,1,0,0,1,0,1,0,0,1,0,0,0,0,0,0
52,51,1,0,1,0,0,1,1,0,0,0,0,42,base,1004,952,166,5.179282868525896,98.07692307692308,0.0,1.9230769230769231,100.0,17.436974789915965,FAC,0,1,1,0,0,1,0,0,0,0,0,0,0,0,0,0
52,41,11,0,11,6,0,7,1,1,0,0,0,42,B,1004,952,166,5.179282868525896,78.84615384615384,54.54545454545455,1.9230769230769231,9.090909090909092,17.436974789915965,FAC,0,4,1,0,3,1,1,0,0,1,0,0,0,0,0,0
59,55,4,0,4,1,0,1,0,0,0,0,0,43,base,1004,945,162,5.876494023904383,93.22033898305085,25.0,0.0,0.0,17.142857142857142,FAC,0,0,0,0,0,0,0,0,0,0,0,0,0,0,0,0
59,51,8,0,8,4,0,3,0,1,0,0,0,43,B,1004,945,162,5.876494023904383,86.44067796610169,50.0,0.0,0.0,17.142857142857142,FAC,0,2,0,0,2,0,1,0,0,1,0,0,0,0,0,0
50,47,3,0,3,1,0,1,0,1,0,0,0,44,base,1004,954,168,4.9800796812749,94.0,33.333333333333336,0.0,0.0,17.61006289308176,FAC,0,1,0,0,1,0,1,0,0,1,0,0,0,0,0,0
50,44,6,0,6,2,0,2,0,1,0,0,0,44,B,1004,954,168,4.9800796812749,88.0,33.333333333333336,0.0,0.0,17.61006289308176,FAC,0,1,0,0,1,0,1,0,0,1,0,0,0,0,0,0
51,48,3,0,3,3,0,2,0,0,0,0,0,45,base,1004,953,166,5.079681274900398,94.11764705882354,100.0,0.0,0.0,17.418677859391394,FAC,0,2,0,0,2,0,0,0,0,0,0,0,0,0,0,0
51,45,6,0,6,4,0,4,1,1,0,0,0,45,B,1004,953,166,5.079681274900398,88.23529411764706,66.66666666666667,1.9607843137254901,16.666666666666668,17.418677859391394,FAC,0,3,1,1,3,0,1,0,0,1,0,0,0,0,0,0
55,52,3,0,3,2,0,1,0,0,0,0,0,46,base,1004,949,164,5.47808764940239,94.54545454545455,66.66666666666667,0.0,0.0,17.281348788198102,FAC,0,1,0,0,1,0,0,0,0,0,0,0,0,0,0,0
55,47,8,0,8,6,0,4,0,1,0,0,0,46,B,1004,949,164,5.47808764940239,85.45454545454545,75.0,0.0,0.0,17.281348788198102,FAC,0,3,0,0,3,0,1,0,0,1,0,0,0,0,0,0
59,59,0,0,0,0,0,0,0,0,0,0,0,47,base,1004,945,168,5.876494023904383,100.0,,0.0,,17.77777777777778,FAC,0,0,0,0,0,0,0,0,0,0,0,0,0,0,0,0
59,53,6,0,6,4,0,2,0,1,0,0,0,47,B,1004,945,168,5.876494023904383,89.83050847457628,66.66666666666667,0.0,0.0,17.77777777777778,FAC,0,2,0,0,2,0,1,0,0,1,0,0,0,0,0,0
58,55,3,0,3,3,0,2,0,2,0,0,0,48,base,1004,946,167,5.776892430278885,94.82758620689656,100.0,0.0,0.0,17.653276955602536,FAC,0,2,0,0,2,0,2,0,0,2,0,0,0,0,0,0
58,51,7,0,7,5,0,4,0,4,0,0,0,48,B,1004,946,167,5.776892430278885,87.93103448275862,71.42857142857143,0.0,0.0,17.653276955602536,FAC,0,4,0,0,4,0,4,0,0,4,0,0,0,0,0,0
52,46,6,0,6,2,0,4,2,0,0,0,0,49,base,1004,952,170,5.179282868525896,88.46153846153847,33.333333333333336,3.8461538461538463,33.333333333333336,17.857142857142858,FAC,0,1,0,0,1,0,0,0,0,0,0,0,0,0,0,0
52,42,10,0,10,6,0,7,2,1,0,0,0,49,B,1004,952,170,5.179282868525896,80.76923076923077,60.0,3.8461538461538463,20.0,17.857142857142858,FAC,0,4,0,0,4,0,1,0,0,1,0,0,0,0,0,0
50,48,2,0,2,1,0,1,0,0,0,0,0,50,base,1004,954,165,4.9800796812749,96.0,50.0,0.0,0.0,17.29559748427673,FAC,0,2,2,0,0,2,0,0,0,0,0,0,0,0,0,0
50,41,9,0,9,6,0,5,0,2,0,0,0,50,B,1004,954,165,4.9800796812749,82.0,66.66666666666667,0.0,0.0,17.29559748427673,FAC,0,5,2,0,3,2,2,0,0,2,0,0,0,0,0,0
53,50,3,0,3,2,0,3,1,0,0,0,0,51,base,1004,951,170,5.278884462151394,94.33962264150944,66.66666666666667,1.8867924528301887,33.333333333333336,17.875920084121976,FAC,0,2,1,1,2,0,0,0,0,0,0,0,0,0,0,0
53,46,7,1,6,6,0,4,0,2,0,0,0,51,B,1004,951,170,5.278884462151394,86.79245283018868,100.0,0.0,0.0,17.875920084121976,FAC,0,3,0,0,3,0,2,0,0,2,0,0,0,0,0,0
48,43,5,0,5,2,0,1,0,1,0,0,0,52,base,1004,956,167,4.780876494023905,89.58333333333333,40.0,0.0,0.0,17.468619246861923,FAC,0,2,1,0,1,1,1,0,0,1,0,0,0,0,0,0
48,40,8,2,6,2,1,1,0,1,0,0,0,52,B,1004,956,167,4.780876494023905,83.33333333333333,33.333333333333336,0.0,0.0,17.468619246861923,FAC,0,2,1,0,1,1,1,0,0,1,0,0,0,0,0,0
33,32,1,0,1,0,0,0,0,0,0,0,0,53,base,1004,971,172,3.2868525896414345,96.96969696969697,0.0,0.0,0.0,17.71369721936148,FAC,0,1,1,0,0,1,0,0,0,0,0,0,0,0,0,0
33,26,7,0,7,4,0,4,0,2,0,0,0,53,B,1004,971,172,3.2868525896414345,78.78787878787878,57.142857142857146,0.0,0.0,17.71369721936148,FAC,0,5,1,0,4,1,2,0,0,2,0,0,0,0,0,0
41,36,5,0,5,4,0,3,0,0,0,0,0,54,base,1004,963,172,4.083665338645418,87.8048780487805,80.0,0.0,0.0,17.86085150571132,FAC,0,2,0,0,2,0,0,0,0,0,0,0,0,0,0,0
41,34,7,0,7,4,0,4,0,1,0,0,0,54,B,1004,963,172,4.083665338645418,82.92682926829268,57.142857142857146,0.0,0.0,17.86085150571132,FAC,0,3,0,0,3,0,1,0,0,1,0,0,0,0,0,0
57,53,4,0,4,2,0,2,0,1,0,0,0,55,base,1004,947,166,5.677290836653387,92.98245614035088,50.0,0.0,0.0,17.529039070749736,FAC,0,3,1,0,2,1,1,0,0,1,0,0,0,0,0,0
57,49,8,0,8,5,0,3,0,2,0,0,0,55,B,1004,947,166,5.677290836653387,85.96491228070175,62.5,0.0,0.0,17.529039070749736,FAC,0,4,1,0,3,1,2,0,0,2,0,0,0,0,0,0
53,51,2,0,2,2,0,1,0,0,0,0,0,56,base,1004,951,169,5.278884462151394,96.22641509433963,100.0,0.0,0.0,17.770767613038906,FAC,0,0,0,0,0,0,0,0,0,0,0,0,0,0,0,0
53,49,4,0,4,3,0,2,0,0,0,0,0,56,B,1004,951,169,5.278884462151394,92.45283018867924,75.0,0.0,0.0,17.770767613038906,FAC,0,1,0,0,1,0,0,0,0,0,0,0,0,0,0,0
51,48,3,0,3,3,0,3,0,0,0,0,0,57,base,1004,953,167,5.079681274900398,94.11764705882354,100.0,0.0,0.0,17.523609653725078,FAC,0,2,0,0,2,0,0,0,0,0,0,0,0,0,0,0
51,42,9,0,9,6,0,6,0,1,0,0,0,57,B,1004,953,167,5.079681274900398,82.3529411764706,66.66666666666667,0.0,0.0,17.523609653725078,FAC,0,5,0,0,5,0,1,0,0,1,0,0,0,0,0,0
42,41,1,0,1,1,0,0,0,0,0,0,0,58,base,1004,962,167,4.183266932270916,97.61904761904762,100.0,0.0,0.0,17.35966735966736,FAC,0,1,1,0,0,1,0,0,0,0,0,0,0,0,0,0
42,38,4,0,4,4,0,1,0,1,0,0,0,58,B,1004,962,167,4.183266932270916,90.47619047619048,100.0,0.0,0.0,17.35966735966736,FAC,0,2,1,0,1,1,1,0,0,1,0,0,0,0,0,0
58,53,5,0,5,2,0,3,1,0,0,0,0,59,base,1004,946,169,5.776892430278885,91.37931034482759,40.0,1.7241379310344827,20.0,17.864693446088793,FAC,0,2,1,0,1,1,0,0,0,0,0,0,0,0,0,0
58,49,9,0,9,3,0,4,1,1,0,0,0,59,B,1004,946,169,5.776892430278885,84.48275862068965,33.333333333333336,1.7241379310344827,11.11111111111111,17.864693446088793,FAC,0,3,1,0,2,1,1,0,0,1,0,0,0,0,0,0
45,42,3,0,3,2,0,1,0,0,0,0,0,60,base,1004,959,168,4.48207171314741,93.33333333333333,66.66666666666667,0.0,0.0,17.51824817518248,FAC,0,1,0,0,1,0,0,0,0,0,0,0,0,0,0,0
45,37,8,0,8,4,0,1,0,0,0,0,0,60,B,1004,959,168,4.48207171314741,82.22222222222223,50.0,0.0,0.0,17.51824817518248,FAC,0,1,0,0,1,0,0,0,0,0,0,0,0,0,0,0
50,43,7,0,7,4,0,1,0,0,0,0,0,61,base,1004,954,170,4.9800796812749,86.0,57.142857142857146,0.0,0.0,17.81970649895178,FAC,0,1,0,0,1,0,0,0,0,0,0,0,0,0,0,0
50,39,11,0,11,5,0,1,0,0,0,0,0,61,B,1004,954,170,4.9800796812749,78.0,45.45454545454545,0.0,0.0,17.81970649895178,FAC,0,1,0,0,1,0,0,0,0,0,0,0,0,0,0,0
47,47,0,0,0,0,0,0,0,0,0,0,0,62,base,1004,957,167,4.681274900398407,100.0,,0.0,,17.450365726227794,FAC,0,0,0,0,0,0,0,0,0,0,0,0,0,0,0,0
47,40,7,0,7,5,0,5,0,1,0,0,0,62,B,1004,957,167,4.681274900398407,85.1063829787234,71.42857142857143,0.0,0.0,17.450365726227794,FAC,0,4,0,0,4,0,1,0,0,1,0,0,0,0,0,0
45,44,1,0,1,1,0,1,0,0,0,0,0,63,base,1004,959,170,4.48207171314741,97.77777777777777,100.0,0.0,0.0,17.72679874869656,FAC,0,0,0,0,0,0,0,0,0,0,0,0,0,0,0,0
45,39,6,0,6,4,0,2,1,0,0,0,0,63,B,1004,959,170,4.48207171314741,86.66666666666667,66.66666666666667,2.2222222222222223,16.666666666666668,17.72679874869656,FAC,0,1,1,1,1,0,0,0,0,0,0,0,0,0,0,0
53,52,1,0,1,1,0,1,0,0,0,0,0,64,base,1004,951,173,5.278884462151394,98.11320754716981,100.0,0.0,0.0,18.19137749737119,FAC,0,0,0,0,0,0,0,0,0,0,0,0,0,0,0,0
53,48,5,0,5,4,0,4,1,2,0,0,0,64,B,1004,951,173,5.278884462151394,90.56603773584905,80.0,1.8867924528301887,20.0,18.19137749737119,FAC,0,2,0,0,2,0,2,0,0,2,0,0,0,0,0,0
50,47,3,0,3,2,0,1,0,0,0,0,0,65,base,1004,954,170,4.9800796812749,94.0,66.66666666666667,0.0,0.0,17.81970649895178,FAC,0,1,0,0,1,0,0,0,0,0,0,0,0,0,0,0
50,46,4,0,4,3,0,2,0,0,0,0,0,65,B,1004,954,170,4.9800796812749,92.0,75.0,0.0,0.0,17.81970649895178,FAC,0,1,0,0,1,0,0,0,0,0,0,0,0,0,0,0
60,57,3,0,3,2,0,1,0,0,0,0,0,66,base,1004,944,164,5.9760956175298805,95.0,66.66666666666667,0.0,0.0,17.372881355932204,FAC,0,2,2,0,0,2,0,0,0,0,0,0,0,0,0,0
60,54,6,0,6,2,0,2,0,0,0,0,0,66,B,1004,944,164,5.9760956175298805,90.0,33.333333333333336,0.0,0.0,17.372881355932204,FAC,0,3,2,0,1,2,0,0,0,0,0,0,0,0,0,0
55,54,1,0,1,1,0,1,0,0,0,0,0,67,base,1004,949,165,5.47808764940239,98.18181818181819,100.0,0.0,0.0,17.38672286617492,FAC,0,1,0,0,1,0,0,0,0,0,0,0,0,0,0,0
55,52,3,0,3,2,0,3,1,2,0,0,0,67,B,1004,949,165,5.47808764940239,94.54545454545455,66.66666666666667,1.8181818181818181,33.333333333333336,17.38672286617492,FAC,0,3,1,1,3,0,2,0,0,2,0,0,0,0,0,0
44,42,2,0,2,2,0,1,0,0,0,0,0,68,base,1004,960,170,4.382470119521912,95.45454545454545,100.0,0.0,0.0,17.708333333333332,FAC,0,1,0,0,1,0,0,0,0,0,0,0,0,0,0,0
44,37,7,0,7,5,0,4,0,3,0,0,0,68,B,1004,960,170,4.382470119521912,84.0909090909091,71.42857142857143,0.0,0.0,17.708333333333332,FAC,0,4,0,0,4,0,3,0,0,3,0,0,0,0,0,0
53,50,3,0,3,3,0,2,0,0,0,0,0,69,base,1004,951,164,5.278884462151394,94.33962264150944,100.0,0.0,0.0,17.245005257623554,FAC,0,2,0,0,2,0,0,0,0,0,0,0,0,0,0,0
53,46,7,2,5,4,1,4,1,1,0,0,0,69,B,1004,951,164,5.278884462151394,86.79245283018868,80.0,1.8867924528301887,14.285714285714286,17.245005257623554,FAC,0,4,1,1,4,0,1,0,0,1,0,0,0,0,0,0
41,39,2,0,2,0,0,0,0,0,0,0,0,70,base,1004,963,167,4.083665338645418,95.1219512195122,0.0,0.0,0.0,17.341640706126686,FAC,0,0,0,0,0,0,0,0,0,0,0,0,0,0,0,0
41,31,10,0,10,4,0,3,0,1,0,0,0,70,B,1004,963,167,4.083665338645418,75.60975609756098,40.0,0.0,0.0,17.341640706126686,FAC,0,3,0,0,3,0,1,0,0,1,0,0,0,0,0,0
62,61,1,0,1,1,0,0,0,0,0,0,0,71,base,1004,942,168,6.175298804780876,98.38709677419355,100.0,0.0,0.0,17.8343949044586,FAC,0,2,2,0,0,2,0,0,0,0,0,0,0,0,0,0
62,56,6,0,6,4,0,3,0,2,0,0,0,71,B,1004,942,168,6.175298804780876,90.3225806451613,66.66666666666667,0.0,0.0,17.8343949044586,FAC,0,3,1,0,2,1,1,0,0,1,0,0,0,0,0,0
36,35,1,0,1,0,0,0,0,0,0,0,0,72,base,1004,968,175,3.585657370517928,97.22222222222223,0.0,0.0,0.0,18.078512396694215,FAC,0,0,0,0,0,0,0,0,0,0,0,0,0,0,0,0
36,33,3,0,3,2,0,2,0,0,0,0,0,72,B,1004,968,175,3.585657370517928,91.66666666666667,66.66666666666667,0.0,0.0,18.078512396694215,FAC,0,1,0,0,1,0,0,0,0,0,0,0,0,0,0,0
46,43,3,0,3,2,0,2,0,1,0,0,0,73,base,1004,958,170,4.581673306772909,93.47826086956522,66.66666666666667,0.0,0.0,17.745302713987474,FAC,0,1,0,0,1,0,1,0,0,1,0,0,0,0,0,0
46,40,6,0,6,5,0,4,0,1,0,0,0,73,B,1004,958,170,4.581673306772909,86.95652173913044,83.33333333333333,0.0,0.0,17.745302713987474,FAC,0,3,0,0,3,0,1,0,0,1,0,0,0,0,0,0
58,55,3,0,3,1,0,1,0,1,0,0,0,74,base,1004,946,164,5.776892430278885,94.82758620689656,33.333333333333336,0.0,0.0,17.33615221987315,FAC,0,1,0,0,1,0,1,0,0,1,0,0,0,0,0,0
58,49,9,0,9,7,0,4,0,3,0,0,0,74,B,1004,946,164,5.776892430278885,84.48275862068965,77.77777777777777,0.0,0.0,17.33615221987315,FAC,0,4,0,0,4,0,3,0,0,3,0,0,0,0,0,0
61,55,6,0,6,5,0,2,0,0,0,0,0,75,base,1004,943,168,6.075697211155378,90.1639344262295,83.33333333333333,0.0,0.0,17.815482502651115,FAC,0,3,1,0,2,1,0,0,0,0,0,0,0,0,0,0
61,50,11,0,11,7,0,3,0,1,0,0,0,75,B,1004,943,168,6.075697211155378,81.9672131147541,63.63636363636363,0.0,0.0,17.815482502651115,FAC,0,4,1,0,3,1,1,0,0,1,0,0,0,0,0,0
60,58,2,0,2,2,0,1,0,0,0,0,0,76,base,1004,944,169,5.9760956175298805,96.66666666666667,100.0,0.0,0.0,17.902542372881356,FAC,0,1,0,0,1,0,0,0,0,0,0,0,0,0,0,0
60,53,7,0,7,5,0,4,0,1,0,0,0,76,B,1004,944,169,5.9760956175298805,88.33333333333333,71.42857142857143,0.0,0.0,17.902542372881356,FAC,0,2,0,0,2,0,1,0,0,1,0,0,0,0,0,0
48,48,0,0,0,0,0,0,0,0,0,0,0,77,base,1004,956,166,4.780876494023905,100.0,,0.0,,17.364016736401673,FAC,0,0,0,0,0,0,0,0,0,0,0,0,0,0,0,0
48,46,2,0,2,2,0,0,0,0,0,0,0,77,B,1004,956,166,4.780876494023905,95.83333333333333,100.0,0.0,0.0,17.364016736401673,FAC,0,0,0,0,0,0,0,0,0,0,0,0,0,0,0,0
39,36,3,0,3,2,0,2,0,0,0,0,0,78,base,1004,965,167,3.8844621513944224,92.3076923076923,66.66666666666667,0.0,0.0,17.305699481865286,FAC,0,2,1,0,1,1,0,0,0,0,0,0,0,0,0,0
39,27,12,2,10,8,1,4,0,1,0,0,0,78,B,1004,965,167,3.8844621513944224,69.23076923076923,80.0,0.0,0.0,17.305699481865286,FAC,0,3,1,0,2,1,1,0,0,1,0,0,0,0,0,0
57,52,5,0,5,2,0,1,0,0,0,0,0,79,base,1004,947,172,5.677290836653387,91.2280701754386,40.0,0.0,0.0,18.162618796198522,FAC,0,1,0,0,1,0,0,0,0,0,0,0,0,0,0,0
57,45,12,0,12,5,0,3,0,0,0,0,0,79,B,1004,947,172,5.677290836653387,78.94736842105263,41.666666666666664,0.0,0.0,18.162618796198522,FAC,0,3,0,0,3,0,0,0,0,0,0,0,0,0,0,0
51,50,1,0,1,0,0,0,0,0,0,0,0,80,base,1004,953,166,5.079681274900398,98.03921568627452,0.0,0.0,0.0,17.418677859391394,FAC,0,0,0,0,0,0,0,0,0,0,0,0,0,0,0,0
51,49,2,0,2,1,0,1,0,0,0,0,0,80,B,1004,953,166,5.079681274900398,96.07843137254902,50.0,0.0,0.0,17.418677859391394,FAC,0,0,0,0,0,0,0,0,0,0,0,0,0,0,0,0
50,46,4,0,4,3,0,1,0,0,0,0,0,81,base,1004,954,172,4.9800796812749,92.0,75.0,0.0,0.0,18.029350104821802,FAC,0,1,0,0,1,0,0,0,0,0,0,0,0,0,0,0
50,41,9,1,8,4,1,4,0,0,0,0,0,81,B,1004,954,172,4.9800796812749,82.0,50.0,0.0,0.0,18.029350104821802,FAC,0,3,0,0,3,0,0,0,0,0,0,0,0,0,0,0
48,44,4,0,4,1,0,0,0,0,0,0,0,82,base,1004,956,169,4.780876494023905,91.66666666666667,25.0,0.0,0.0,17.677824267782427,FAC,0,0,0,0,0,0,0,0,0,0,0,0,0,0,0,0
48,37,11,0,11,6,0,1,0,0,0,0,0,82,B,1004,956,169,4.780876494023905,77.08333333333333,54.54545454545455,0.0,0.0,17.677824267782427,FAC,0,1,0,0,1,0,0,0,0,0,0,0,0,0,0,0
51,47,4,0,4,3,0,3,0,1,0,0,0,83,base,1004,953,170,5.079681274900398,92.15686274509804,75.0,0.0,0.0,17.83840503672613,FAC,0,4,1,0,3,1,1,0,0,1,0,0,0,0,0,0
51,45,6,0,6,4,0,4,0,1,0,0,0,83,B,1004,953,170,5.079681274900398,88.23529411764706,66.66666666666667,0.0,0.0,17.83840503672613,FAC,0,4,0,0,4,0,1,0,0,1,0,0,0,0,0,0
50,48,2,0,2,2,0,1,0,0,0,0,0,84,base,1004,954,170,4.9800796812749,96.0,100.0,0.0,0.0,17.81970649895178,FAC,0,1,0,0,1,0,0,0,0,0,0,0,0,0,0,0
50,41,9,0,9,7,0,5,0,1,0,0,0,84,B,1004,954,170,4.9800796812749,82.0,77.77777777777777,0.0,0.0,17.81970649895178,FAC,0,3,0,0,3,0,1,0,0,1,0,0,0,0,0,0
48,43,5,0,5,4,0,2,0,1,0,0,0,85,base,1004,956,165,4.780876494023905,89.58333333333333,80.0,0.0,0.0,17.259414225941423,FAC,0,3,1,0,2,1,1,0,0,1,0,0,0,0,0,0
48,40,8,0,8,4,0,4,0,2,0,0,0,85,B,1004,956,165,4.780876494023905,83.33333333333333,50.0,0.0,0.0,17.259414225941423,FAC,0,4,1,0,3,1,2,0,0,2,0,0,0,0,0,0
58,52,6,0,6,4,0,4,1,1,0,0,0,86,base,1004,946,166,5.776892430278885,89.65517241379311,66.66666666666667,1.7241379310344827,16.666666666666668,17.547568710359407,FAC,0,3,1,1,3,0,1,0,0,1,0,0,0,0,0,0
58,38,20,0,20,14,0,9,1,3,0,0,0,86,B,1004,946,166,5.776892430278885,65.51724137931035,70.0,1.7241379310344827,5.0,17.547568710359407,FAC,0,8,1,1,8,0,3,0,0,3,0,0,0,0,0,0
44,40,4,0,4,3,0,2,0,0,0,0,0,87,base,1004,960,168,4.382470119521912,90.9090909090909,75.0,0.0,0.0,17.5,FAC,0,1,0,0,1,0,0,0,0,0,0,0,0,0,0,0
44,38,6,0,6,3,0,3,0,1,0,0,0,87,B,1004,960,168,4.382470119521912,86.36363636363636,50.0,0.0,0.0,17.5,FAC,0,3,0,0,3,0,1,0,0,1,0,0,0,0,0,0
54,52,2,0,2,1,0,1,0,1,0,0,0,88,base,1004,950,167,5.378486055776892,96.29629629629629,50.0,0.0,0.0,17.57894736842105,FAC,0,1,0,0,1,0,1,0,0,1,0,0,0,0,0,0
54,47,7,1,6,4,0,4,0,2,0,0,0,88,B,1004,950,167,5.378486055776892,87.03703703703704,66.66666666666667,0.0,0.0,17.57894736842105,FAC,0,3,0,0,3,0,2,0,0,2,0,0,0,0,0,0
49,46,3,0,3,2,0,2,0,1,0,0,0,89,base,1004,955,170,4.8804780876494025,93.87755102040816,66.66666666666667,0.0,0.0,17.801047120418847,FAC,0,1,0,0,1,0,1,0,0,1,0,0,0,0,0,0
49,44,5,0,5,2,0,3,1,0,0,0,0,89,B,1004,955,170,4.8804780876494025,89.79591836734694,40.0,2.0408163265306123,20.0,17.801047120418847,FAC,0,1,0,0,1,0,0,0,0,0,0,0,0,0,0,0
53,52,1,0,1,1,0,1,0,0,0,0,0,90,base,1004,951,166,5.278884462151394,98.11320754716981,100.0,0.0,0.0,17.455310199789697,FAC,0,1,0,0,1,0,0,0,0,0,0,0,0,0,0,0
53,48,5,0,5,4,0,4,0,1,0,0,0,90,B,1004,951,166,5.278884462151394,90.56603773584905,80.0,0.0,0.0,17.455310199789697,FAC,0,3,0,0,3,0,1,0,0,1,0,0,0,0,0,0
46,43,3,0,3,2,0,1,0,0,0,0,0,91,base,1004,958,172,4.581673306772909,93.47826086956522,66.66666666666667,0.0,0.0,17.954070981210855,FAC,0,1,0,0,1,0,0,0,0,0,0,0,0,0,0,0
46,41,5,0,5,4,0,3,0,1,0,0,0,91,B,1004,958,172,4.581673306772909,89.1304347826087,80.0,0.0,0.0,17.954070981210855,FAC,0,3,0,0,3,0,1,0,0,1,0,0,0,0,0,0
63,59,4,0,4,3,0,3,0,1,0,0,0,92,base,1004,941,166,6.274900398406374,93.65079365079364,75.0,0.0,0.0,17.640807651434645,FAC,0,3,0,0,3,0,1,0,0,1,0,0,0,0,0,0
63,54,9,0,9,6,0,5,0,1,0,0,0,92,B,1004,941,166,6.274900398406374,85.71428571428571,66.66666666666667,0.0,0.0,17.640807651434645,FAC,0,5,0,0,5,0,1,0,0,1,0,0,0,0,0,0
38,36,2,0,2,2,0,0,0,0,0,0,0,93,base,1004,966,171,3.7848605577689245,94.73684210526316,100.0,0.0,0.0,17.70186335403727,FAC,0,1,1,0,0,1,0,0,0,0,0,0,0,0,0,0
38,33,5,0,5,2,0,1,0,0,0,0,0,93,B,1004,966,171,3.7848605577689245,86.84210526315789,40.0,0.0,0.0,17.70186335403727,FAC,0,1,1,0,0,1,0,0,0,0,0,0,0,0,0,0
54,52,2,0,2,1,0,1,0,0,0,0,0,94,base,1004,950,171,5.378486055776892,96.29629629629629,50.0,0.0,0.0,18.0,FAC,0,0,0,0,0,0,0,0,0,0,0,0,0,0,0,0
54,51,3,0,3,2,0,1,0,0,0,0,0,94,B,1004,950,171,5.378486055776892,94.44444444444444,66.66666666666667,0.0,0.0,18.0,FAC,0,1,0,0,1,0,0,0,0,0,0,0,0,0,0,0
33,30,3,0,3,3,0,2,0,0,0,0,0,95,base,1004,971,171,3.2868525896414345,90.9090909090909,100.0,0.0,0.0,17.61071060762101,FAC,0,1,0,0,1,0,0,0,0,0,0,0,0,0,0,0
33,25,8,0,8,5,0,4,0,1,0,0,0,95,B,1004,971,171,3.2868525896414345,75.75757575757575,62.5,0.0,0.0,17.61071060762101,FAC,0,2,0,0,2,0,1,0,0,1,0,0,0,0,0,0
50,46,4,0,4,2,0,1,0,0,0,0,0,96,base,1004,954,168,4.9800796812749,92.0,50.0,0.0,0.0,17.61006289308176,FAC,0,0,0,0,0,0,0,0,0,0,0,0,0,0,0,0
50,38,12,1,11,6,1,4,0,3,0,0,0,96,B,1004,954,168,4.9800796812749,76.0,54.54545454545455,0.0,0.0,17.61006289308176,FAC,0,3,0,0,3,0,3,0,0,3,0,0,0,0,0,0
46,44,2,0,2,2,0,0,0,0,0,0,0,97,base,1004,958,172,4.581673306772909,95.65217391304348,100.0,0.0,0.0,17.954070981210855,FAC,0,0,0,0,0,0,0,0,0,0,0,0,0,0,0,0
46,39,7,1,6,5,0,4,0,2,0,0,0,97,B,1004,958,172,4.581673306772909,84.78260869565217,83.33333333333333,0.0,0.0,17.954070981210855,FAC,0,4,0,0,4,0,2,0,0,2,0,0,0,0,0,0
50,45,5,0,5,3,0,1,0,0,0,0,0,98,base,1004,954,167,4.9800796812749,90.0,60.0,0.0,0.0,17.50524109014675,FAC,0,1,0,0,1,0,0,0,0,0,0,0,0,0,0,0
50,40,10,0,10,4,0,2,0,0,0,0,0,98,B,1004,954,167,4.9800796812749,80.0,40.0,0.0,0.0,17.50524109014675,FAC,0,2,0,0,2,0,0,0,0,0,0,0,0,0,0,0
50,49,1,0,1,1,0,1,0,0,0,0,0,99,base,1004,954,170,4.9800796812749,98.0,100.0,0.0,0.0,17.81970649895178,FAC,0,2,1,0,1,1,0,0,0,0,0,0,0,0,0,0
50,44,6,0,6,4,0,3,0,0,0,0,0,99,B,1004,954,170,4.9800796812749,88.0,66.66666666666667,0.0,0.0,17.81970649895178,FAC,0,3,1,0,2,1,0,0,0,0,0,0,0,0,0,0
49,46,3,0,3,2,0,2,0,0,0,0,0,100,base,1004,955,166,4.8804780876494025,93.87755102040816,66.66666666666667,0.0,0.0,17.38219895287958,FAC,0,2,1,0,1,1,0,0,0,0,0,0,0,0,0,0
49,41,8,0,8,4,0,4,0,0,0,0,0,100,B,1004,955,166,4.8804780876494025,83.6734693877551,50.0,0.0,0.0,17.38219895287958,FAC,0,3,1,0,2,1,0,0,0,0,0,0,0,0,0,0
58,52,6,0,6,4,0,3,0,1,0,0,0,101,base,1004,946,166,5.776892430278885,89.65517241379311,66.66666666666667,0.0,0.0,17.547568710359407,FAC,0,2,0,0,2,0,1,0,0,1,0,0,0,0,0,0
58,48,10,0,10,7,0,5,0,2,0,0,0,101,B,1004,946,166,5.776892430278885,82.75862068965517,70.0,0.0,0.0,17.547568710359407,FAC,0,3,0,0,3,0,2,0,0,2,0,0,0,0,0,0
61,56,5,0,5,5,0,4,0,1,0,0,0,102,base,1004,943,167,6.075697211155378,91.80327868852459,100.0,0.0,0.0,17.709437963944858,FAC,0,3,0,0,3,0,1,0,0,1,0,0,0,0,0,0
61,50,11,0,11,9,0,8,0,3,0,0,0,102,B,1004,943,167,6.075697211155378,81.9672131147541,81.81818181818181,0.0,0.0,17.709437963944858,FAC,0,6,0,0,6,0,3,0,0,3,0,0,0,0,0,0
56,54,2,0,2,1,0,1,0,0,0,0,0,103,base,1004,948,166,5.577689243027889,96.42857142857143,50.0,0.0,0.0,17.51054852320675,FAC,0,0,0,0,0,0,0,0,0,0,0,0,0,0,0,0
56,50,6,1,5,3,0,2,0,0,0,0,0,103,B,1004,948,166,5.577689243027889,89.28571428571429,60.0,0.0,0.0,17.51054852320675,FAC,0,1,0,0,1,0,0,0,0,0,0,0,0,0,0,0
42,41,1,0,1,0,0,1,1,0,0,0,0,104,base,1004,962,170,4.183266932270916,97.61904761904762,0.0,2.380952380952381,100.0,17.671517671517673,FAC,0,0,0,0,0,0,0,0,0,0,0,0,0,0,0,0
42,38,4,0,4,3,0,3,0,3,0,0,0,104,B,1004,962,170,4.183266932270916,90.47619047619048,75.0,0.0,0.0,17.671517671517673,FAC,0,3,0,0,3,0,3,0,0,3,0,0,0,0,0,0
42,42,0,0,0,0,0,0,0,0,0,0,0,105,base,1004,962,169,4.183266932270916,100.0,,0.0,,17.56756756756757,FAC,0,0,0,0,0,0,0,0,0,0,0,0,0,0,0,0
42,39,3,1,2,2,0,0,0,0,0,0,0,105,B,1004,962,169,4.183266932270916,92.85714285714286,100.0,0.0,0.0,17.56756756756757,FAC,0,0,0,0,0,0,0,0,0,0,0,0,0,0,0,0
46,45,1,0,1,1,0,0,0,0,0,0,0,106,base,1004,958,166,4.581673306772909,97.82608695652173,100.0,0.0,0.0,17.32776617954071,FAC,0,0,0,0,0,0,0,0,0,0,0,0,0,0,0,0
46,43,3,0,3,2,0,1,0,1,0,0,0,106,B,1004,958,166,4.581673306772909,93.47826086956522,66.66666666666667,0.0,0.0,17.32776617954071,FAC,0,1,0,0,1,0,1,0,0,1,0,0,0,0,0,0
40,39,1,0,1,1,0,1,0,1,0,0,0,107,base,1004,964,169,3.9840637450199203,97.5,100.0,0.0,0.0,17.53112033195021,FAC,0,1,0,0,1,0,1,0,0,1,0,0,0,0,0,0
40,36,4,0,4,4,0,4,0,3,0,0,0,107,B,1004,964,169,3.9840637450199203,90.0,100.0,0.0,0.0,17.53112033195021,FAC,0,3,0,0,3,0,3,0,0,3,0,0,0,0,0,0
56,56,0,0,0,0,0,0,0,0,0,0,0,108,base,1004,948,167,5.577689243027889,100.0,,0.0,,17.616033755274263,FAC,0,0,0,0,0,0,0,0,0,0,0,0,0,0,0,0
56,50,6,1,5,2,0,2,0,1,0,0,0,108,B,1004,948,167,5.577689243027889,89.28571428571429,40.0,0.0,0.0,17.616033755274263,FAC,0,2,0,0,2,0,1,0,0,1,0,0,0,0,0,0
49,46,3,0,3,3,0,1,0,1,0,0,0,109,base,1004,955,172,4.8804780876494025,93.87755102040816,100.0,0.0,0.0,18.01047120418848,FAC,0,2,1,0,1,1,1,0,0,1,0,0,0,0,0,0
49,39,10,1,9,6,1,3,0,1,0,0,0,109,B,1004,955,172,4.8804780876494025,79.59183673469387,66.66666666666667,0.0,0.0,18.01047120418848,FAC,0,2,1,0,1,1,1,0,0,1,0,0,0,0,0,0
51,48,3,0,3,2,0,2,0,0,0,0,0,110,base,1004,953,171,5.079681274900398,94.11764705882354,66.66666666666667,0.0,0.0,17.94333683105981,FAC,0,2,0,0,2,0,0,0,0,0,0,0,0,0,0,0
51,43,8,0,8,6,0,5,0,3,0,0,0,110,B,1004,953,171,5.079681274900398,84.31372549019608,75.0,0.0,0.0,17.94333683105981,FAC,0,4,0,0,4,0,3,0,0,3,0,0,0,0,0,0
50,48,2,0,2,2,0,1,0,0,0,0,0,111,base,1004,954,168,4.9800796812749,96.0,100.0,0.0,0.0,17.61006289308176,FAC,0,1,0,0,1,0,0,0,0,0,0,0,0,0,0,0
50,45,5,0,5,3,0,2,0,0,0,0,0,111,B,1004,954,168,4.9800796812749,90.0,60.0,0.0,0.0,17.61006289308176,FAC,0,2,0,0,2,0,0,0,0,0,0,0,0,0,0,0
52,49,3,0,3,3,0,2,0,0,0,0,0,112,base,1004,952,172,5.179282868525896,94.23076923076923,100.0,0.0,0.0,18.067226890756302,FAC,0,2,0,0,2,0,0,0,0,0,0,0,0,0,0,0
52,43,9,0,9,6,0,4,0,2,0,0,0,112,B,1004,952,172,5.179282868525896,82.6923076923077,66.66666666666667,0.0,0.0,18.067226890756302,FAC,0,3,0,0,3,0,2,0,0,2,0,0,0,0,0,0
57,53,4,0,4,2,0,2,0,0,0,0,0,113,base,1004,947,167,5.677290836653387,92.98245614035088,50.0,0.0,0.0,17.634635691657866,FAC,0,1,0,0,1,0,0,0,0,0,0,0,0,0,0,0
57,49,8,0,8,3,0,4,1,1,0,0,0,113,B,1004,947,167,5.677290836653387,85.96491228070175,37.5,1.7543859649122806,12.5,17.634635691657866,FAC,0,3,1,1,3,0,1,0,0,1,0,0,0,0,0,0
57,54,3,0,3,3,0,3,0,0,0,0,0,114,base,1004,947,168,5.677290836653387,94.73684210526316,100.0,0.0,0.0,17.740232312565997,FAC,0,2,1,0,1,1,0,0,0,0,0,0,0,0,0,0
57,44,13,1,12,10,1,8,0,1,0,0,0,114,B,1004,947,168,5.677290836653387,77.19298245614036,83.33333333333333,0.0,0.0,17.740232312565997,FAC,0,5,0,0,5,0,1,0,0,1,0,0,0,0,0,0
44,43,1,0,1,1,0,1,0,0,0,0,0,115,base,1004,960,169,4.382470119521912,97.72727272727273,100.0,0.0,0.0,17.604166666666668,FAC,0,1,0,0,1,0,0,0,0,0,0,0,0,0,0,0
44,40,4,0,4,3,0,3,0,2,0,0,0,115,B,1004,960,169,4.382470119521912,90.9090909090909,75.0,0.0,0.0,17.604166666666668,FAC,0,3,0,0,3,0,2,0,0,2,0,0,0,0,0,0
37,36,1,0,1,1,0,0,0,0,0,0,0,116,base,1004,967,169,3.685258964143426,97.29729729729729,100.0,0.0,0.0,17.47673216132368,FAC,0,0,0,0,0,0,0,0,0,0,0,0,0,0,0,0
37,35,2,0,2,1,0,0,0,0,0,0,0,116,B,1004,967,169,3.685258964143426,94.5945945945946,50.0,0.0,0.0,17.47673216132368,FAC,0,0,0,0,0,0,0,0,0,0,0,0,0,0,0,0
49,42,7,0,7,6,0,4,0,2,0,0,0,117,base,1004,955,168,4.8804780876494025,85.71428571428571,85.71428571428571,0.0,0.0,17.591623036649214,FAC,0,2,0,0,2,0,2,0,0,2,0,0,0,0,0,0
49,38,11,0,11,8,0,3,0,2,0,0,0,117,B,1004,955,168,4.8804780876494025,77.55102040816327,72.72727272727273,0.0,0.0,17.591623036649214,FAC,0,2,0,0,2,0,2,0,0,2,0,0,0,0,0,0
55,52,3,0,3,3,0,3,0,2,0,0,0,118,base,1004,949,167,5.47808764940239,94.54545454545455,100.0,0.0,0.0,17.597471022128556,FAC,0,3,1,0,2,1,2,0,0,2,0,0,0,0,0,0
55,46,9,0,9,7,0,7,0,5,0,0,0,118,B,1004,949,167,5.47808764940239,83.63636363636364,77.77777777777777,0.0,0.0,17.597471022128556,FAC,0,6,0,0,6,0,5,0,0,5,0,0,0,0,0,0
52,50,2,0,2,0,0,0,0,0,0,0,0,119,base,1004,952,169,5.179282868525896,96.15384615384616,0.0,0.0,0.0,17.752100840336134,FAC,0,0,0,0,0,0,0,0,0,0,0,0,0,0,0,0
52,43,9,0,9,7,0,5,0,3,0,0,0,119,B,1004,952,169,5.179282868525896,82.6923076923077,77.77777777777777,0.0,0.0,17.752100840336134,FAC,0,4,0,0,4,0,3,0,0,3,0,0,0,0,0,0
57,53,4,0,4,2,0,1,1,0,0,0,0,120,base,1004,947,162,5.677290836653387,92.98245614035088,50.0,1.7543859649122806,25.0,17.106652587117214,FAC,0,1,1,1,1,0,0,0,0,0,0,0,0,0,0,0
57,42,15,0,15,9,0,5,1,0,0,0,0,120,B,1004,947,162,5.677290836653387,73.6842105263158,60.0,1.7543859649122806,6.666666666666667,17.106652587117214,FAC,0,4,1,1,4,0,0,0,0,0,0,0,0,0,0,0
60,55,5,0,5,2,0,0,0,0,0,0,0,121,base,1004,944,167,5.9760956175298805,91.66666666666667,40.0,0.0,0.0,17.690677966101696,FAC,0,0,0,0,0,0,0,0,0,0,0,0,0,0,0,0
60,52,8,0,8,3,0,2,0,1,0,0,0,121,B,1004,944,167,5.9760956175298805,86.66666666666667,37.5,0.0,0.0,17.690677966101696,FAC,0,1,0,0,1,0,1,0,0,1,0,0,0,0,0,0
43,40,3,0,3,3,0,1,0,1,0,0,0,122,base,1004,961,167,4.282868525896414,93.02325581395348,100.0,0.0,0.0,17.377731529656607,FAC,0,1,0,0,1,0,1,0,0,1,0,0,0,0,0,0
43,37,6,0,6,6,0,3,0,2,0,0,0,122,B,1004,961,167,4.282868525896414,86.04651162790698,100.0,0.0,0.0,17.377731529656607,FAC,0,3,0,0,3,0,2,0,0,2,0,0,0,0,0,0
46,43,3,0,3,0,0,0,0,0,0,0,0,123,base,1004,958,170,4.581673306772909,93.47826086956522,0.0,0.0,0.0,17.745302713987474,FAC,0,0,0,0,0,0,0,0,0,0,0,0,0,0,0,0
46,39,7,0,7,3,0,1,0,0,0,0,0,123,B,1004,958,170,4.581673306772909,84.78260869565217,42.857142857142854,0.0,0.0,17.745302713987474,FAC,0,1,0,0,1,0,0,0,0,0,0,0,0,0,0,0
40,34,6,0,6,6,0,4,0,0,0,0,0,124,base,1004,964,170,3.9840637450199203,85.0,100.0,0.0,0.0,17.634854771784234,FAC,0,2,1,0,1,1,0,0,0,0,0,0,0,0,0,0
40,30,10,0,10,7,0,5,0,0,0,0,0,124,B,1004,964,170,3.9840637450199203,75.0,70.0,0.0,0.0,17.634854771784234,FAC,0,3,1,0,2,1,0,0,0,0,0,0,0,0,0,0
45,43,2,0,2,1,0,1,0,0,0,0,0,125,base,1004,959,170,4.48207171314741,95.55555555555556,50.0,0.0,0.0,17.72679874869656,FAC,0,0,0,0,0,0,0,0,0,0,0,0,0,0,0,0
45,42,3,0,3,2,0,2,0,1,0,0,0,125,B,1004,959,170,4.48207171314741,93.33333333333333,66.66666666666667,0.0,0.0,17.72679874869656,FAC,0,1,0,0,1,0,1,0,0,1,0,0,0,0,0,0
48,47,1,0,1,1,0,1,0,0,0,0,0,126,base,1004,956,167,4.780876494023905,97.91666666666667,100.0,0.0,0.0,17.468619246861923,FAC,0,1,0,0,1,0,0,0,0,0,0,0,0,0,0,0
48,44,4,0,4,2,0,2,0,1,0,0,0,126,B,1004,956,167,4.780876494023905,91.66666666666667,50.0,0.0,0.0,17.468619246861923,FAC,0,2,0,0,2,0,1,0,0,1,0,0,0,0,0,0
50,48,2,0,2,2,0,0,0,0,0,0,0,127,base,1004,954,167,4.9800796812749,96.0,100.0,0.0,0.0,17.50524109014675,FAC,0,0,0,0,0,0,0,0,0,0,0,0,0,0,0,0
50,43,7,0,7,2,0,2,1,0,0,0,0,127,B,1004,954,167,4.9800796812749,86.0,28.571428571428573,2.0,14.285714285714286,17.50524109014675,FAC,0,1,0,0,1,0,0,0,0,0,0,0,0,0,0,0
48,45,3,0,3,2,0,2,0,0,0,0,0,128,base,1004,956,168,4.780876494023905,93.75,66.66666666666667,0.0,0.0,17.573221757322177,FAC,0,1,0,0,1,0,0,0,0,0,0,0,0,0,0,0
48,41,7,0,7,5,0,2,0,0,0,0,0,128,B,1004,956,168,4.780876494023905,85.41666666666667,71.42857142857143,0.0,0.0,17.573221757322177,FAC,0,1,0,0,1,0,0,0,0,0,0,0,0,0,0,0
67,64,3,0,3,0,0,0,0,0,0,0,0,129,base,1004,937,162,6.673306772908367,95.5223880597015,0.0,0.0,0.0,17.28922091782284,FAC,0,0,0,0,0,0,0,0,0,0,0,0,0,0,0,0
67,59,8,0,8,3,0,2,0,2,0,0,0,129,B,1004,937,162,6.673306772908367,88.05970149253731,37.5,0.0,0.0,17.28922091782284,FAC,0,2,0,0,2,0,2,0,0,2,0,0,0,0,0,0
43,41,2,0,2,2,0,2,0,0,0,0,0,130,base,1004,961,170,4.282868525896414,95.34883720930233,100.0,0.0,0.0,17.68990634755463,FAC,0,2,1,0,1,1,0,0,0,0,0,0,0,0,0,0
43,36,7,0,7,5,0,6,1,1,0,0,0,130,B,1004,961,170,4.282868525896414,83.72093023255815,71.42857142857143,2.3255813953488373,14.285714285714286,17.68990634755463,FAC,0,3,1,1,3,0,1,0,0,1,0,0,0,0,0,0
49,45,4,0,4,1,0,1,0,0,0,0,0,131,base,1004,955,169,4.8804780876494025,91.83673469387755,25.0,0.0,0.0,17.69633507853403,FAC,0,1,0,0,1,0,0,0,0,0,0,0,0,0,0,0
49,42,7,0,7,2,0,2,0,0,0,0,0,131,B,1004,955,169,4.8804780876494025,85.71428571428571,28.571428571428573,0.0,0.0,17.69633507853403,FAC,0,2,0,0,2,0,0,0,0,0,0,0,0,0,0,0
44,41,3,0,3,3,0,2,0,0,0,0,0,132,base,1004,960,166,4.382470119521912,93.18181818181819,100.0,0.0,0.0,17.291666666666668,FAC,0,1,0,0,1,0,0,0,0,0,0,0,0,0,0,0
44,38,6,0,6,5,0,5,0,1,0,0,0,132,B,1004,960,166,4.382470119521912,86.36363636363636,83.33333333333333,0.0,0.0,17.291666666666668,FAC,0,5,0,0,5,0,1,0,0,1,0,0,0,0,0,0
48,46,2,0,2,2,0,1,0,0,0,0,0,133,base,1004,956,168,4.780876494023905,95.83333333333333,100.0,0.0,0.0,17.573221757322177,FAC,0,0,0,0,0,0,0,0,0,0,0,0,0,0,0,0
48,40,8,0,8,6,0,4,0,1,0,0,0,133,B,1004,956,168,4.780876494023905,83.33333333333333,75.0,0.0,0.0,17.573221757322177,FAC,0,2,0,0,2,0,1,0,0,1,0,0,0,0,0,0
56,56,0,0,0,0,0,0,0,0,0,0,0,134,base,1004,948,168,5.577689243027889,100.0,,0.0,,17.72151898734177,FAC,0,0,0,0,0,0,0,0,0,0,0,0,0,0,0,0
56,48,8,0,8,3,0,3,0,2,0,0,0,134,B,1004,948,168,5.577689243027889,85.71428571428571,37.5,0.0,0.0,17.72151898734177,FAC,0,3,0,0,3,0,2,0,0,2,0,0,0,0,0,0
53,52,1,0,1,0,0,0,0,0,0,0,0,135,base,1004,951,169,5.278884462151394,98.11320754716981,0.0,0.0,0.0,17.770767613038906,FAC,0,1,1,0,0,1,0,0,0,0,0,0,0,0,0,0
53,46,7,0,7,2,0,1,0,0,0,0,0,135,B,1004,951,169,5.278884462151394,86.79245283018868,28.571428571428573,0.0,0.0,17.770767613038906,FAC,0,1,1,0,0,1,0,0,0,0,0,0,0,0,0,0
52,49,3,0,3,2,0,1,0,0,0,0,0,136,base,1004,952,170,5.179282868525896,94.23076923076923,66.66666666666667,0.0,0.0,17.857142857142858,FAC,0,1,0,0,1,1,0,0,0,0,0,0,0,0,0,0
52,47,5,0,5,3,0,1,0,0,0,0,0,136,B,1004,952,170,5.179282868525896,90.38461538461539,60.0,0.0,0.0,17.857142857142858,FAC,0,1,0,0,1,1,0,0,0,0,0,0,0,0,0,0
51,50,1,0,1,1,0,1,0,0,0,0,0,137,base,1004,953,166,5.079681274900398,98.03921568627452,100.0,0.0,0.0,17.418677859391394,FAC,0,2,1,0,1,1,0,0,0,0,0,0,0,0,0,0
51,45,6,0,6,3,0,3,0,0,0,0,0,137,B,1004,953,166,5.079681274900398,88.23529411764706,50.0,0.0,0.0,17.418677859391394,FAC,0,4,1,0,3,1,0,0,0,0,0,0,0,0,0,0
63,55,8,0,8,5,0,5,0,0,0,0,0,138,base,1004,941,164,6.274900398406374,87.3015873015873,62.5,0.0,0.0,17.42826780021254,FAC,0,4,1,0,3,1,0,0,0,0,0,0,0,0,0,0
63,51,12,0,12,8,0,5,0,0,0,0,0,138,B,1004,941,164,6.274900398406374,80.95238095238095,66.66666666666667,0.0,0.0,17.42826780021254,FAC,0,5,1,0,4,1,0,0,0,0,0,0,0,0,0,0
59,55,4,0,4,3,0,3,0,1,0,0,0,139,base,1004,945,166,5.876494023904383,93.22033898305085,75.0,0.0,0.0,17.566137566137566,FAC,0,2,0,0,2,0,1,0,0,1,0,0,0,0,0,0
59,50,9,0,9,7,0,7,0,4,0,0,0,139,B,1004,945,166,5.876494023904383,84.7457627118644,77.77777777777777,0.0,0.0,17.566137566137566,FAC,0,5,0,0,5,0,4,0,0,4,0,0,0,0,0,0
50,48,2,0,2,1,0,0,0,0,0,0,0,140,base,1004,954,166,4.9800796812749,96.0,50.0,0.0,0.0,17.40041928721174,FAC,0,0,0,0,0,0,0,0,0,0,0,0,0,0,0,0
50,42,8,0,8,4,0,2,1,1,0,0,0,140,B,1004,954,166,4.9800796812749,84.0,50.0,2.0,12.5,17.40041928721174,FAC,0,2,1,1,2,0,1,0,0,1,0,0,0,0,0,0
42,39,3,0,3,2,0,0,0,0,0,0,0,141,base,1004,962,173,4.183266932270916,92.85714285714286,66.66666666666667,0.0,0.0,17.983367983367984,FAC,0,0,0,0,0,0,0,0,0,0,0,0,0,0,0,0
42,38,4,0,4,1,0,1,1,0,0,0,0,141,B,1004,962,173,4.183266932270916,90.47619047619048,25.0,2.380952380952381,25.0,17.983367983367984,FAC,0,0,0,0,0,0,0,0,0,0,0,0,0,0,0,0
17,15,2,0,2,1,0,1,0,0,0,0,0,42,base,561,544,123,3.0303030303030303,88.23529411764706,50.0,0.0,0.0,22.610294117647058,GAM,0,2,1,0,1,1,0,0,0,0,0,0,0,0,0,0
17,14,3,0,3,2,0,1,0,0,0,0,0,42,B,561,544,123,3.0303030303030303,82.3529411764706,66.66666666666667,0.0,0.0,22.610294117647058,GAM,0,2,1,0,1,1,0,0,0,0,0,0,0,0,0,0
28,28,0,0,0,0,0,0,0,0,0,0,0,43,base,561,533,116,4.991087344028521,100.0,,0.0,,21.76360225140713,GAM,0,0,0,0,0,0,0,0,0,0,0,0,0,0,0,0
28,27,1,0,1,0,0,0,0,0,0,0,0,43,B,561,533,116,4.991087344028521,96.42857142857143,0.0,0.0,0.0,21.76360225140713,GAM,0,0,0,0,0,0,0,0,0,0,0,0,0,0,0,0
22,18,4,0,4,2,0,1,0,0,0,0,0,44,base,561,539,122,3.9215686274509802,81.81818181818181,50.0,0.0,0.0,22.634508348794064,GAM,0,1,0,0,1,0,0,0,0,0,0,0,0,0,0,0
22,17,5,1,4,2,0,1,0,0,0,0,0,44,B,561,539,122,3.9215686274509802,77.27272727272727,50.0,0.0,0.0,22.634508348794064,GAM,0,1,0,0,1,0,0,0,0,0,0,0,0,0,0,0
26,25,1,0,1,0,0,0,0,0,0,0,0,45,base,561,535,122,4.634581105169341,96.15384615384616,0.0,0.0,0.0,22.80373831775701,GAM,0,0,0,0,0,0,0,0,0,0,0,0,0,0,0,0
26,24,2,0,2,1,0,1,0,1,0,0,0,45,B,561,535,122,4.634581105169341,92.3076923076923,50.0,0.0,0.0,22.80373831775701,GAM,0,1,0,0,1,0,1,0,0,1,0,0,0,0,0,0
35,33,2,0,2,1,0,0,0,0,0,0,0,46,base,561,526,120,6.238859180035651,94.28571428571429,50.0,0.0,0.0,22.813688212927758,GAM,0,0,0,0,0,0,0,0,0,0,0,0,0,0,0,0
35,32,3,0,3,2,0,1,0,0,0,0,0,46,B,561,526,120,6.238859180035651,91.42857142857143,66.66666666666667,0.0,0.0,22.813688212927758,GAM,0,0,0,0,0,0,0,0,0,0,0,0,0,0,0,0
32,31,1,0,1,1,0,1,0,0,0,0,0,47,base,561,529,118,5.704099821746881,96.875,100.0,0.0,0.0,22.3062381852552,GAM,0,1,0,0,1,0,0,0,0,0,0,0,0,0,0,0
32,28,4,0,4,4,0,2,0,0,0,0,0,47,B,561,529,118,5.704099821746881,87.5,100.0,0.0,0.0,22.3062381852552,GAM,0,2,0,0,2,0,0,0,0,0,0,0,0,0,0,0
27,25,2,0,2,1,0,1,0,0,0,0,0,48,base,561,534,123,4.81283422459893,92.5925925925926,50.0,0.0,0.0,23.03370786516854,GAM,0,1,0,0,1,0,0,0,0,0,0,0,0,0,0,0
27,24,3,0,3,2,0,1,0,0,0,0,0,48,B,561,534,123,4.81283422459893,88.88888888888889,66.66666666666667,0.0,0.0,23.03370786516854,GAM,0,1,0,0,1,0,0,0,0,0,0,0,0,0,0,0
28,25,3,0,3,1,0,0,0,0,0,0,0,49,base,561,533,120,4.991087344028521,89.28571428571429,33.333333333333336,0.0,0.0,22.5140712945591,GAM,0,0,0,0,0,0,0,0,0,0,0,0,0,0,0,0
28,23,5,1,4,2,0,1,0,0,0,0,0,49,B,561,533,120,4.991087344028521,82.14285714285714,50.0,0.0,0.0,22.5140712945591,GAM,0,1,0,0,1,0,0,0,0,0,0,0,0,0,0,0
25,23,2,0,2,1,0,1,0,0,0,0,0,50,base,561,536,122,4.45632798573975,92.0,50.0,0.0,0.0,22.761194029850746,GAM,0,0,0,0,0,0,0,0,0,0,0,0,0,0,0,0
25,22,3,0,3,2,0,2,0,0,0,0,0,50,B,561,536,122,4.45632798573975,88.0,66.66666666666667,0.0,0.0,22.761194029850746,GAM,0,0,0,0,0,0,0,0,0,0,0,0,0,0,0,0
28,26,2,0,2,1,0,1,0,1,0,0,0,51,base,561,533,120,4.991087344028521,92.85714285714286,50.0,0.0,0.0,22.5140712945591,GAM,0,1,0,0,1,0,1,0,0,1,0,0,0,0,0,0
28,21,7,0,7,5,0,4,0,2,0,0,0,51,B,561,533,120,4.991087344028521,75.0,71.42857142857143,0.0,0.0,22.5140712945591,GAM,0,2,0,0,2,0,2,0,0,2,0,0,0,0,0,0
28,26,2,0,2,0,0,0,0,0,0,0,0,52,base,561,533,121,4.991087344028521,92.85714285714286,0.0,0.0,0.0,22.701688555347094,GAM,0,0,0,0,0,0,0,0,0,0,0,0,0,0,0,0
28,23,5,0,5,1,0,1,0,0,0,0,0,52,B,561,533,121,4.991087344028521,82.14285714285714,20.0,0.0,0.0,22.701688555347094,GAM,0,1,0,0,1,0,0,0,0,0,0,0,0,0,0,0
32,29,3,0,3,2,0,1,0,0,0,0,0,53,base,561,529,121,5.704099821746881,90.625,66.66666666666667,0.0,0.0,22.873345935727787,GAM,0,1,0,0,1,0,0,0,0,0,0,0,0,0,0,0
32,28,4,0,4,2,0,1,0,0,0,0,0,53,B,561,529,121,5.704099821746881,87.5,50.0,0.0,0.0,22.873345935727787,GAM,0,1,0,0,1,0,0,0,0,0,0,0,0,0,0,0
23,22,1,0,1,1,0,0,0,0,0,0,0,54,base,561,538,122,4.09982174688057,95.65217391304348,100.0,0.0,0.0,22.676579925650557,GAM,0,0,0,0,0,0,0,0,0,0,0,0,0,0,0,0
23,16,7,0,7,6,0,4,0,1,0,0,0,54,B,561,538,122,4.09982174688057,69.56521739130434,85.71428571428571,0.0,0.0,22.676579925650557,GAM,0,3,0,0,3,0,1,0,0,1,0,0,0,0,0,0
23,21,2,0,2,1,0,0,0,0,0,0,0,55,base,561,538,125,4.09982174688057,91.30434782608695,50.0,0.0,0.0,23.234200743494423,GAM,0,0,0,0,0,0,0,0,0,0,0,0,0,0,0,0
23,18,5,0,5,2,0,1,0,1,0,0,0,55,B,561,538,125,4.09982174688057,78.26086956521739,40.0,0.0,0.0,23.234200743494423,GAM,0,1,0,0,1,0,1,0,0,1,0,0,0,0,0,0
29,27,2,0,2,2,0,1,0,0,0,0,0,56,base,561,532,121,5.16934046345811,93.10344827586206,100.0,0.0,0.0,22.74436090225564,GAM,0,1,0,0,1,0,0,0,0,0,0,0,0,0,0,0
29,23,6,0,6,3,0,2,0,0,0,0,0,56,B,561,532,121,5.16934046345811,79.3103448275862,50.0,0.0,0.0,22.74436090225564,GAM,0,1,0,0,1,0,0,0,0,0,0,0,0,0,0,0
32,30,2,0,2,1,0,0,0,0,0,0,0,57,base,561,529,119,5.704099821746881,93.75,50.0,0.0,0.0,22.495274102079396,GAM,0,0,0,0,0,0,0,0,0,0,0,0,0,0,0,0
32,28,4,0,4,1,0,0,0,0,0,0,0,57,B,561,529,119,5.704099821746881,87.5,25.0,0.0,0.0,22.495274102079396,GAM,0,0,0,0,0,0,0,0,0,0,0,0,0,0,0,0
26,24,2,0,2,2,0,2,0,0,0,0,0,58,base,561,535,119,4.634581105169341,92.3076923076923,100.0,0.0,0.0,22.242990654205606,GAM,0,2,0,0,2,0,0,0,0,0,0,0,0,0,0,0
26,20,6,0,6,4,0,4,0,2,0,0,0,58,B,561,535,119,4.634581105169341,76.92307692307692,66.66666666666667,0.0,0.0,22.242990654205606,GAM,0,4,0,0,4,0,2,0,0,2,0,0,0,0,0,0
23,20,3,0,3,1,0,1,0,0,0,0,0,59,base,561,538,120,4.09982174688057,86.95652173913044,33.333333333333336,0.0,0.0,22.304832713754646,GAM,0,2,1,0,1,1,0,0,0,0,0,0,0,0,0,0
23,18,5,0,5,3,0,3,0,0,0,0,0,59,B,561,538,120,4.09982174688057,78.26086956521739,60.0,0.0,0.0,22.304832713754646,GAM,0,3,1,0,2,1,0,0,0,0,0,0,0,0,0,0
23,23,0,0,0,0,0,0,0,0,0,0,0,60,base,561,538,123,4.09982174688057,100.0,,0.0,,22.86245353159851,GAM,0,0,0,0,0,0,0,0,0,0,0,0,0,0,0,0
23,23,0,0,0,0,0,0,0,0,0,0,0,60,B,561,538,123,4.09982174688057,100.0,,0.0,,22.86245353159851,GAM,0,0,0,0,0,0,0,0,0,0,0,0,0,0,0,0
29,28,1,0,1,0,0,0,0,0,0,0,0,61,base,561,532,121,5.16934046345811,96.55172413793103,0.0,0.0,0.0,22.74436090225564,GAM,0,0,0,0,0,0,0,0,0,0,0,0,0,0,0,0
29,26,3,0,3,1,0,0,0,0,0,0,0,61,B,561,532,121,5.16934046345811,89.65517241379311,33.333333333333336,0.0,0.0,22.74436090225564,GAM,0,0,0,0,0,0,0,0,0,0,0,0,0,0,0,0
41,40,1,0,1,0,0,0,0,0,0,0,0,62,base,561,520,119,7.308377896613191,97.5609756097561,0.0,0.0,0.0,22.884615384615383,GAM,0,0,0,0,0,0,0,0,0,0,0,0,0,0,0,0
41,36,5,0,5,3,0,2,0,0,0,0,0,62,B,561,520,119,7.308377896613191,87.8048780487805,60.0,0.0,0.0,22.884615384615383,GAM,0,1,0,0,1,0,0,0,0,0,0,0,0,0,0,0
21,20,1,0,1,1,0,1,0,0,0,0,0,63,base,561,540,119,3.7433155080213902,95.23809523809524,100.0,0.0,0.0,22.037037037037038,GAM,0,0,0,0,0,0,0,0,0,0,0,0,0,0,0,0
21,18,3,0,3,2,0,1,0,0,0,0,0,63,B,561,540,119,3.7433155080213902,85.71428571428571,66.66666666666667,0.0,0.0,22.037037037037038,GAM,0,0,0,0,0,0,0,0,0,0,0,0,0,0,0,0
31,31,0,0,0,0,0,0,0,0,0,0,0,64,base,561,530,121,5.52584670231729,100.0,,0.0,,22.830188679245282,GAM,0,0,0,0,0,0,0,0,0,0,0,0,0,0,0,0
31,26,5,0,5,3,0,2,0,1,0,0,0,64,B,561,530,121,5.52584670231729,83.87096774193549,60.0,0.0,0.0,22.830188679245282,GAM,0,2,0,0,2,0,1,0,0,1,0,0,0,0,0,0
31,30,1,0,1,1,0,0,0,0,0,0,0,65,base,561,530,120,5.52584670231729,96.7741935483871,100.0,0.0,0.0,22.641509433962263,GAM,0,0,0,0,0,0,0,0,0,0,0,0,0,0,0,0
31,26,5,0,5,2,0,3,1,1,0,0,0,65,B,561,530,120,5.52584670231729,83.87096774193549,40.0,3.225806451612903,20.0,22.641509433962263,GAM,0,2,0,0,2,0,1,0,0,1,0,0,0,0,0,0
24,22,2,0,2,2,0,1,0,0,0,0,0,66,base,561,537,121,4.278074866310161,91.66666666666667,100.0,0.0,0.0,22.532588454376164,GAM,0,0,0,0,0,0,0,0,0,0,0,0,0,0,0,0
24,20,4,1,3,3,0,2,0,1,0,0,0,66,B,561,537,121,4.278074866310161,83.33333333333333,100.0,0.0,0.0,22.532588454376164,GAM,0,1,0,0,1,0,1,0,0,1,0,0,0,0,0,0
30,30,0,0,0,0,0,0,0,0,0,0,0,67,base,561,531,118,5.347593582887701,100.0,,0.0,,22.22222222222222,GAM,0,0,0,0,0,0,0,0,0,0,0,0,0,0,0,0
30,27,3,0,3,1,0,1,0,0,0,0,0,67,B,561,531,118,5.347593582887701,90.0,33.333333333333336,0.0,0.0,22.22222222222222,GAM,0,1,0,0,1,0,0,0,0,0,0,0,0,0,0,0
35,33,2,0,2,1,0,0,0,0,0,0,0,68,base,561,526,113,6.238859180035651,94.28571428571429,50.0,0.0,0.0,21.482889733840302,GAM,0,1,1,0,0,1,0,0,0,0,0,0,0,0,0,0
35,31,4,0,4,3,0,2,1,0,0,0,0,68,B,561,526,113,6.238859180035651,88.57142857142857,75.0,2.857142857142857,25.0,21.482889733840302,GAM,0,1,1,0,0,1,0,0,0,0,0,0,0,0,0,0
26,25,1,0,1,1,0,1,0,0,0,0,0,69,base,561,535,121,4.634581105169341,96.15384615384616,100.0,0.0,0.0,22.61682242990654,GAM,0,0,0,0,0,0,0,0,0,0,0,0,0,0,0,0
26,24,2,0,2,2,0,1,0,0,0,0,0,69,B,561,535,121,4.634581105169341,92.3076923076923,100.0,0.0,0.0,22.61682242990654,GAM,0,0,0,0,0,0,0,0,0,0,0,0,0,0,0,0
27,26,1,0,1,1,0,0,0,0,0,0,0,70,base,561,534,121,4.81283422459893,96.29629629629629,100.0,0.0,0.0,22.65917602996255,GAM,0,0,0,0,0,0,0,0,0,0,0,0,0,0,0,0
27,20,7,0,7,5,0,4,0,2,0,0,0,70,B,561,534,121,4.81283422459893,74.07407407407408,71.42857142857143,0.0,0.0,22.65917602996255,GAM,0,3,0,0,3,0,2,0,0,2,0,0,0,0,0,0
17,16,1,0,1,1,0,1,0,0,0,0,0,71,base,561,544,122,3.0303030303030303,94.11764705882354,100.0,0.0,0.0,22.426470588235293,GAM,0,1,0,0,1,0,0,0,0,0,0,0,0,0,0,0
17,15,2,0,2,2,0,1,0,0,0,0,0,71,B,561,544,122,3.0303030303030303,88.23529411764706,100.0,0.0,0.0,22.426470588235293,GAM,0,1,0,0,1,0,0,0,0,0,0,0,0,0,0,0
27,26,1,0,1,1,0,1,0,1,0,0,0,72,base,561,534,121,4.81283422459893,96.29629629629629,100.0,0.0,0.0,22.65917602996255,GAM,0,1,0,0,1,0,1,0,0,1,0,0,0,0,0,0
27,23,4,0,4,3,0,2,0,1,0,0,0,72,B,561,534,121,4.81283422459893,85.18518518518519,75.0,0.0,0.0,22.65917602996255,GAM,0,2,0,0,2,0,1,0,0,1,0,0,0,0,0,0
36,32,4,0,4,4,0,4,0,1,0,0,0,73,base,561,525,116,6.4171122994652405,88.88888888888889,100.0,0.0,0.0,22.095238095238095,GAM,0,4,0,0,4,0,1,0,0,1,0,0,0,0,0,0
36,28,8,0,8,7,0,6,1,1,0,0,0,73,B,561,525,116,6.4171122994652405,77.77777777777777,87.5,2.7777777777777777,12.5,22.095238095238095,GAM,0,6,1,1,6,0,1,0,0,1,0,0,0,0,0,0
29,28,1,0,1,1,0,0,0,0,0,0,0,74,base,561,532,122,5.16934046345811,96.55172413793103,100.0,0.0,0.0,22.93233082706767,GAM,0,0,0,0,0,0,0,0,0,0,0,0,0,0,0,0
29,23,6,0,6,3,0,1,0,0,0,0,0,74,B,561,532,122,5.16934046345811,79.3103448275862,50.0,0.0,0.0,22.93233082706767,GAM,0,0,0,0,0,0,0,0,0,0,0,0,0,0,0,0
21,20,1,0,1,1,0,0,0,0,0,0,0,75,base,561,540,121,3.7433155080213902,95.23809523809524,100.0,0.0,0.0,22.40740740740741,GAM,0,0,0,0,0,0,0,0,0,0,0,0,0,0,0,0
21,18,3,0,3,3,0,1,0,0,0,0,0,75,B,561,540,121,3.7433155080213902,85.71428571428571,100.0,0.0,0.0,22.40740740740741,GAM,0,1,0,0,1,0,0,0,0,0,0,0,0,0,0,0
23,23,0,0,0,0,0,0,0,0,0,0,0,76,base,561,538,120,4.09982174688057,100.0,,0.0,,22.304832713754646,GAM,0,0,0,0,0,0,0,0,0,0,0,0,0,0,0,0
23,23,0,0,0,0,0,0,0,0,0,0,0,76,B,561,538,120,4.09982174688057,100.0,,0.0,,22.304832713754646,GAM,0,0,0,0,0,0,0,0,0,0,0,0,0,0,0,0
29,28,1,0,1,1,0,1,0,0,0,0,0,77,base,561,532,121,5.16934046345811,96.55172413793103,100.0,0.0,0.0,22.74436090225564,GAM,0,1,0,0,1,0,0,0,0,0,0,0,0,0,0,0
29,25,4,0,4,3,0,2,0,1,0,0,0,77,B,561,532,121,5.16934046345811,86.20689655172414,75.0,0.0,0.0,22.74436090225564,GAM,0,2,0,0,2,0,1,0,0,1,0,0,0,0,0,0
24,23,1,0,1,1,0,0,0,0,0,0,0,78,base,561,537,121,4.278074866310161,95.83333333333333,100.0,0.0,0.0,22.532588454376164,GAM,0,0,0,0,0,0,0,0,0,0,0,0,0,0,0,0
24,21,3,0,3,3,0,0,0,0,0,0,0,78,B,561,537,121,4.278074866310161,87.5,100.0,0.0,0.0,22.532588454376164,GAM,0,0,0,0,0,0,0,0,0,0,0,0,0,0,0,0
22,21,1,0,1,0,0,0,0,0,0,0,0,79,base,561,539,122,3.9215686274509802,95.45454545454545,0.0,0.0,0.0,22.634508348794064,GAM,0,0,0,0,0,0,0,0,0,0,0,0,0,0,0,0
22,18,4,0,4,1,0,1,0,0,0,0,0,79,B,561,539,122,3.9215686274509802,81.81818181818181,25.0,0.0,0.0,22.634508348794064,GAM,0,1,0,0,1,0,0,0,0,0,0,0,0,0,0,0
25,24,1,0,1,1,0,0,0,0,0,0,0,80,base,561,536,118,4.45632798573975,96.0,100.0,0.0,0.0,22.01492537313433,GAM,0,0,0,0,0,0,0,0,0,0,0,0,0,0,0,0
25,20,5,0,5,4,0,2,0,1,0,0,0,80,B,561,536,118,4.45632798573975,80.0,80.0,0.0,0.0,22.01492537313433,GAM,0,2,0,0,2,0,1,0,0,1,0,0,0,0,0,0
28,26,2,0,2,2,0,1,0,1,0,0,0,81,base,561,533,117,4.991087344028521,92.85714285714286,100.0,0.0,0.0,21.951219512195124,GAM,0,1,0,0,1,0,1,0,0,1,0,0,0,0,0,0
28,23,5,0,5,4,0,3,0,2,0,0,0,81,B,561,533,117,4.991087344028521,82.14285714285714,80.0,0.0,0.0,21.951219512195124,GAM,0,2,0,0,2,0,2,0,0,2,0,0,0,0,0,0
23,22,1,0,1,1,0,1,0,0,0,0,0,82,base,561,538,123,4.09982174688057,95.65217391304348,100.0,0.0,0.0,22.86245353159851,GAM,0,0,0,0,0,0,0,0,0,0,0,0,0,0,0,0
23,21,2,0,2,2,0,1,0,0,0,0,0,82,B,561,538,123,4.09982174688057,91.30434782608695,100.0,0.0,0.0,22.86245353159851,GAM,0,0,0,0,0,0,0,0,0,0,0,0,0,0,0,0
27,26,1,0,1,1,0,1,0,0,0,0,0,83,base,561,534,122,4.81283422459893,96.29629629629629,100.0,0.0,0.0,22.846441947565545,GAM,0,2,1,0,1,1,0,0,0,0,0,0,0,0,0,0
27,26,1,0,1,1,0,1,0,0,0,0,0,83,B,561,534,122,4.81283422459893,96.29629629629629,100.0,0.0,0.0,22.846441947565545,GAM,0,2,1,0,1,1,0,0,0,0,0,0,0,0,0,0
29,28,1,0,1,1,0,1,0,0,0,0,0,84,base,561,532,119,5.16934046345811,96.55172413793103,100.0,0.0,0.0,22.36842105263158,GAM,0,3,2,0,1,2,0,0,0,0,0,0,0,0,0,0
29,27,2,0,2,2,0,2,0,1,0,0,0,84,B,561,532,119,5.16934046345811,93.10344827586206,100.0,0.0,0.0,22.36842105263158,GAM,0,4,2,0,2,2,1,0,0,1,0,0,0,0,0,0
28,27,1,0,1,0,0,0,0,0,0,0,0,85,base,561,533,122,4.991087344028521,96.42857142857143,0.0,0.0,0.0,22.889305816135085,GAM,0,2,2,0,0,2,0,0,0,0,0,0,0,0,0,0
28,24,4,0,4,3,0,2,0,0,0,0,0,85,B,561,533,122,4.991087344028521,85.71428571428571,75.0,0.0,0.0,22.889305816135085,GAM,0,4,2,0,2,2,0,0,0,0,0,0,0,0,0,0
23,22,1,0,1,1,0,1,0,1,0,0,0,86,base,561,538,122,4.09982174688057,95.65217391304348,100.0,0.0,0.0,22.676579925650557,GAM,0,1,0,0,1,0,1,0,0,1,0,0,0,0,0,0
23,22,1,0,1,1,0,1,0,1,0,0,0,86,B,561,538,122,4.09982174688057,95.65217391304348,100.0,0.0,0.0,22.676579925650557,GAM,0,1,0,0,1,0,1,0,0,1,0,0,0,0,0,0
33,31,2,0,2,1,0,1,0,0,0,0,0,87,base,561,528,117,5.882352941176471,93.93939393939394,50.0,0.0,0.0,22.15909090909091,GAM,0,1,0,0,1,0,0,0,0,0,0,0,0,0,0,0
33,26,7,0,7,7,0,4,0,2,0,0,0,87,B,561,528,117,5.882352941176471,78.78787878787878,100.0,0.0,0.0,22.15909090909091,GAM,0,4,0,0,4,0,2,0,0,2,0,0,0,0,0,0
32,30,2,0,2,2,0,1,0,0,0,0,0,88,base,561,529,119,5.704099821746881,93.75,100.0,0.0,0.0,22.495274102079396,GAM,0,1,0,0,1,0,0,0,0,0,0,0,0,0,0,0
32,28,4,0,4,4,0,3,0,1,0,0,0,88,B,561,529,119,5.704099821746881,87.5,100.0,0.0,0.0,22.495274102079396,GAM,0,3,0,0,3,0,1,0,0,1,0,0,0,0,0,0
27,25,2,0,2,1,0,1,0,1,0,0,0,89,base,561,534,118,4.81283422459893,92.5925925925926,50.0,0.0,0.0,22.09737827715356,GAM,0,1,0,0,1,0,1,0,0,1,0,0,0,0,0,0
27,23,4,0,4,2,0,1,0,1,0,0,0,89,B,561,534,118,4.81283422459893,85.18518518518519,50.0,0.0,0.0,22.09737827715356,GAM,0,1,0,0,1,0,1,0,0,1,0,0,0,0,0,0
22,19,3,0,3,2,0,0,0,0,0,0,0,90,base,561,539,120,3.9215686274509802,86.36363636363636,66.66666666666667,0.0,0.0,22.263450834879407,GAM,0,0,0,0,0,0,0,0,0,0,0,0,0,0,0,0
22,18,4,0,4,2,0,0,0,0,0,0,0,90,B,561,539,120,3.9215686274509802,81.81818181818181,50.0,0.0,0.0,22.263450834879407,GAM,0,0,0,0,0,0,0,0,0,0,0,0,0,0,0,0
40,35,5,0,5,4,0,2,0,0,0,0,0,91,base,561,521,118,7.1301247771836005,87.5,80.0,0.0,0.0,22.648752399232247,GAM,0,1,1,0,0,1,0,0,0,0,0,0,0,0,0,0
40,29,11,0,11,7,0,6,0,2,0,0,0,91,B,561,521,118,7.1301247771836005,72.5,63.63636363636363,0.0,0.0,22.648752399232247,GAM,0,5,1,0,4,1,2,0,0,2,0,0,0,0,0,0
28,27,1,0,1,1,0,0,0,0,0,0,0,92,base,561,533,117,4.991087344028521,96.42857142857143,100.0,0.0,0.0,21.951219512195124,GAM,0,0,0,0,0,0,0,0,0,0,0,0,0,0,0,0
28,25,3,0,3,2,0,0,0,0,0,0,0,92,B,561,533,117,4.991087344028521,89.28571428571429,66.66666666666667,0.0,0.0,21.951219512195124,GAM,0,0,0,0,0,0,0,0,0,0,0,0,0,0,0,0
31,30,1,0,1,0,0,0,0,0,0,0,0,93,base,561,530,119,5.52584670231729,96.7741935483871,0.0,0.0,0.0,22.452830188679247,GAM,0,0,0,0,0,0,0,0,0,0,0,0,0,0,0,0
31,26,5,0,5,2,0,2,0,2,0,0,0,93,B,561,530,119,5.52584670231729,83.87096774193549,40.0,0.0,0.0,22.452830188679247,GAM,0,2,0,0,2,0,2,0,0,2,0,0,0,0,0,0
25,25,0,0,0,0,0,0,0,0,0,0,0,94,base,561,536,121,4.45632798573975,100.0,,0.0,,22.574626865671643,GAM,0,0,0,0,0,0,0,0,0,0,0,0,0,0,0,0
25,23,2,0,2,2,0,1,0,0,0,0,0,94,B,561,536,121,4.45632798573975,92.0,100.0,0.0,0.0,22.574626865671643,GAM,0,0,0,0,0,0,0,0,0,0,0,0,0,0,0,0
20,18,2,0,2,1,0,0,0,0,0,0,0,95,base,561,541,122,3.5650623885918002,90.0,50.0,0.0,0.0,22.55083179297597,GAM,0,0,0,0,0,0,0,0,0,0,0,0,0,0,0,0
20,17,3,0,3,1,0,1,0,0,0,0,0,95,B,561,541,122,3.5650623885918002,85.0,33.333333333333336,0.0,0.0,22.55083179297597,GAM,0,1,0,0,1,0,0,0,0,0,0,0,0,0,0,0
42,41,1,0,1,1,0,0,0,0,0,0,0,96,base,561,519,115,7.4866310160427805,97.61904761904762,100.0,0.0,0.0,22.15799614643545,GAM,0,0,0,0,0,0,0,0,0,0,0,0,0,0,0,0
42,33,9,0,9,7,0,5,1,1,0,0,0,96,B,561,519,115,7.4866310160427805,78.57142857142857,77.77777777777777,2.380952380952381,11.11111111111111,22.15799614643545,GAM,0,1,0,0,1,0,1,0,0,1,0,0,0,0,0,0
25,24,1,0,1,1,0,0,0,0,0,0,0,97,base,561,536,115,4.45632798573975,96.0,100.0,0.0,0.0,21.455223880597014,GAM,0,1,1,0,0,1,0,0,0,0,0,0,0,0,0,0
25,24,1,0,1,0,0,0,0,0,0,0,0,97,B,561,536,115,4.45632798573975,96.0,0.0,0.0,0.0,21.455223880597014,GAM,0,1,1,0,0,1,0,0,0,0,0,0,0,0,0,0
17,16,1,0,1,1,0,1,0,1,0,0,0,98,base,561,544,123,3.0303030303030303,94.11764705882354,100.0,0.0,0.0,22.610294117647058,GAM,0,1,0,0,1,0,1,0,0,1,0,0,0,0,0,0
17,14,3,0,3,3,0,3,0,2,0,0,0,98,B,561,544,123,3.0303030303030303,82.3529411764706,100.0,0.0,0.0,22.610294117647058,GAM,0,2,0,0,2,0,2,0,0,2,0,0,0,0,0,0
30,30,0,0,0,0,0,0,0,0,0,0,0,99,base,561,531,121,5.347593582887701,100.0,,0.0,,22.78719397363465,GAM,0,0,0,0,0,0,0,0,0,0,0,0,0,0,0,0
30,27,3,0,3,2,0,1,0,1,0,0,0,99,B,561,531,121,5.347593582887701,90.0,66.66666666666667,0.0,0.0,22.78719397363465,GAM,0,1,0,0,1,0,1,0,0,1,0,0,0,0,0,0
23,22,1,0,1,1,0,0,0,0,0,0,0,100,base,561,538,121,4.09982174688057,95.65217391304348,100.0,0.0,0.0,22.490706319702603,GAM,0,0,0,0,0,0,0,0,0,0,0,0,0,0,0,0
23,21,2,0,2,1,0,0,0,0,0,0,0,100,B,561,538,121,4.09982174688057,91.30434782608695,50.0,0.0,0.0,22.490706319702603,GAM,0,0,0,0,0,0,0,0,0,0,0,0,0,0,0,0
31,30,1,0,1,1,0,0,0,0,0,0,0,101,base,561,530,117,5.52584670231729,96.7741935483871,100.0,0.0,0.0,22.07547169811321,GAM,0,2,2,0,0,2,0,0,0,0,0,0,0,0,0,0
31,26,5,0,5,5,0,2,0,0,0,0,0,101,B,561,530,117,5.52584670231729,83.87096774193549,100.0,0.0,0.0,22.07547169811321,GAM,0,4,2,0,2,2,0,0,0,0,0,0,0,0,0,0
27,25,2,0,2,1,0,1,0,0,0,0,0,102,base,561,534,121,4.81283422459893,92.5925925925926,50.0,0.0,0.0,22.65917602996255,GAM,0,0,0,0,0,0,0,0,0,0,0,0,0,0,0,0
27,22,5,0,5,3,0,2,0,0,0,0,0,102,B,561,534,121,4.81283422459893,81.48148148148148,60.0,0.0,0.0,22.65917602996255,GAM,0,1,0,0,1,0,0,0,0,0,0,0,0,0,0,0
28,24,4,0,4,1,0,1,0,0,0,0,0,103,base,561,533,119,4.991087344028521,85.71428571428571,25.0,0.0,0.0,22.326454033771107,GAM,0,0,0,0,0,0,0,0,0,0,0,0,0,0,0,0
28,23,5,0,5,1,0,1,0,0,0,0,0,103,B,561,533,119,4.991087344028521,82.14285714285714,20.0,0.0,0.0,22.326454033771107,GAM,0,0,0,0,0,0,0,0,0,0,0,0,0,0,0,0
30,29,1,0,1,0,0,0,0,0,0,0,0,104,base,561,531,115,5.347593582887701,96.66666666666667,0.0,0.0,0.0,21.657250470809792,GAM,0,2,2,0,0,2,0,0,0,0,0,0,0,0,0,0
30,24,6,0,6,3,0,0,0,0,0,0,0,104,B,561,531,115,5.347593582887701,80.0,50.0,0.0,0.0,21.657250470809792,GAM,0,2,2,0,0,2,0,0,0,0,0,0,0,0,0,0
26,23,3,0,3,1,0,0,0,0,0,0,0,105,base,561,535,123,4.634581105169341,88.46153846153847,33.333333333333336,0.0,0.0,22.990654205607477,GAM,0,0,0,0,0,0,0,0,0,0,0,0,0,0,0,0
26,22,4,0,4,1,0,1,0,0,0,0,0,105,B,561,535,123,4.634581105169341,84.61538461538461,25.0,0.0,0.0,22.990654205607477,GAM,0,1,0,0,1,0,0,0,0,0,0,0,0,0,0,0
27,26,1,0,1,0,0,0,0,0,0,0,0,106,base,561,534,116,4.81283422459893,96.29629629629629,0.0,0.0,0.0,21.722846441947567,GAM,0,0,0,0,0,0,0,0,0,0,0,0,0,0,0,0
27,23,4,1,3,3,1,2,0,0,0,0,0,106,B,561,534,116,4.81283422459893,85.18518518518519,100.0,0.0,0.0,21.722846441947567,GAM,0,1,0,0,1,0,0,0,0,0,0,0,0,0,0,0
26,23,3,0,3,1,0,1,0,1,0,0,0,107,base,561,535,117,4.634581105169341,88.46153846153847,33.333333333333336,0.0,0.0,21.869158878504674,GAM,0,1,0,0,1,0,1,0,0,1,0,0,0,0,0,0
26,22,4,0,4,1,0,1,0,1,0,0,0,107,B,561,535,117,4.634581105169341,84.61538461538461,25.0,0.0,0.0,21.869158878504674,GAM,0,1,0,0,1,0,1,0,0,1,0,0,0,0,0,0
24,23,1,0,1,1,0,0,0,0,0,0,0,108,base,561,537,122,4.278074866310161,95.83333333333333,100.0,0.0,0.0,22.71880819366853,GAM,0,0,0,0,0,0,0,0,0,0,0,0,0,0,0,0
24,22,2,0,2,2,0,0,0,0,0,0,0,108,B,561,537,122,4.278074866310161,91.66666666666667,100.0,0.0,0.0,22.71880819366853,GAM,0,0,0,0,0,0,0,0,0,0,0,0,0,0,0,0
23,22,1,0,1,1,0,1,0,0,0,0,0,109,base,561,538,118,4.09982174688057,95.65217391304348,100.0,0.0,0.0,21.933085501858734,GAM,0,0,0,0,0,0,0,0,0,0,0,0,0,0,0,0
23,17,6,0,6,4,0,3,0,1,0,0,0,109,B,561,538,118,4.09982174688057,73.91304347826087,66.66666666666667,0.0,0.0,21.933085501858734,GAM,0,2,0,0,2,0,1,0,0,1,0,0,0,0,0,0
20,19,1,0,1,1,0,1,0,1,0,0,0,110,base,561,541,124,3.5650623885918002,95.0,100.0,0.0,0.0,22.920517560073936,GAM,0,1,0,0,1,0,1,0,0,1,0,0,0,0,0,0
20,17,3,0,3,2,0,1,0,1,0,0,0,110,B,561,541,124,3.5650623885918002,85.0,66.66666666666667,0.0,0.0,22.920517560073936,GAM,0,1,0,0,1,0,1,0,0,1,0,0,0,0,0,0
24,22,2,0,2,1,0,0,0,0,0,0,0,111,base,561,537,117,4.278074866310161,91.66666666666667,50.0,0.0,0.0,21.787709497206706,GAM,0,1,1,0,0,1,0,0,0,0,0,0,0,0,0,0
24,21,3,0,3,2,0,1,0,0,0,0,0,111,B,561,537,117,4.278074866310161,87.5,66.66666666666667,0.0,0.0,21.787709497206706,GAM,0,2,1,0,1,1,0,0,0,0,0,0,0,0,0,0
31,31,0,0,0,0,0,0,0,0,0,0,0,112,base,561,530,124,5.52584670231729,100.0,,0.0,,23.39622641509434,GAM,0,1,1,0,0,1,0,0,0,0,0,0,0,0,0,0
31,29,2,0,2,1,0,0,0,0,0,0,0,112,B,561,530,124,5.52584670231729,93.54838709677419,50.0,0.0,0.0,23.39622641509434,GAM,0,1,1,0,0,1,0,0,0,0,0,0,0,0,0,0
41,38,3,0,3,1,0,1,0,0,0,0,0,113,base,561,520,116,7.308377896613191,92.6829268292683,33.333333333333336,0.0,0.0,22.307692307692307,GAM,0,1,0,0,1,0,0,0,0,0,0,0,0,0,0,0
41,32,9,0,9,8,0,3,0,2,0,0,0,113,B,561,520,116,7.308377896613191,78.04878048780488,88.88888888888889,0.0,0.0,22.307692307692307,GAM,0,3,0,0,3,0,2,0,0,2,0,0,0,0,0,0
30,27,3,0,3,1,0,1,0,1,0,0,0,114,base,561,531,121,5.347593582887701,90.0,33.333333333333336,0.0,0.0,22.78719397363465,GAM,0,1,0,0,1,0,1,0,0,1,0,0,0,0,0,0
30,24,6,0,6,2,0,2,0,1,0,0,0,114,B,561,531,121,5.347593582887701,80.0,33.333333333333336,0.0,0.0,22.78719397363465,GAM,0,2,0,0,2,0,1,0,0,1,0,0,0,0,0,0
25,23,2,0,2,1,0,1,1,0,0,0,0,115,base,561,536,121,4.45632798573975,92.0,50.0,4.0,50.0,22.574626865671643,GAM,0,0,0,0,0,0,0,0,0,0,0,0,0,0,0,0
25,22,3,0,3,2,0,2,1,0,0,0,0,115,B,561,536,121,4.45632798573975,88.0,66.66666666666667,4.0,33.333333333333336,22.574626865671643,GAM,0,1,0,0,1,0,0,0,0,0,0,0,0,0,0,0
32,31,1,0,1,1,0,1,0,0,0,0,0,116,base,561,529,112,5.704099821746881,96.875,100.0,0.0,0.0,21.17202268431002,GAM,0,1,0,0,1,0,0,0,0,0,0,0,0,0,0,0
32,29,3,0,3,2,0,1,0,0,0,0,0,116,B,561,529,112,5.704099821746881,90.625,66.66666666666667,0.0,0.0,21.17202268431002,GAM,0,1,0,0,1,0,0,0,0,0,0,0,0,0,0,0
29,27,2,0,2,1,0,1,0,1,0,0,0,117,base,561,532,116,5.16934046345811,93.10344827586206,50.0,0.0,0.0,21.804511278195488,GAM,0,1,0,0,1,0,1,0,0,1,0,0,0,0,0,0
29,23,6,0,6,5,0,3,0,3,0,0,0,117,B,561,532,116,5.16934046345811,79.3103448275862,83.33333333333333,0.0,0.0,21.804511278195488,GAM,0,3,0,0,3,0,3,0,0,3,0,0,0,0,0,0
27,25,2,0,2,1,0,1,0,0,0,0,0,118,base,561,534,119,4.81283422459893,92.5925925925926,50.0,0.0,0.0,22.284644194756556,GAM,0,1,0,0,1,0,0,0,0,0,0,0,0,0,0,0
27,20,7,0,7,5,0,4,1,1,0,0,0,118,B,561,534,119,4.81283422459893,74.07407407407408,71.42857142857143,3.7037037037037037,14.285714285714286,22.284644194756556,GAM,0,2,0,0,2,0,1,0,0,1,0,0,0,0,0,0
26,25,1,0,1,1,0,1,0,1,0,0,0,119,base,561,535,120,4.634581105169341,96.15384615384616,100.0,0.0,0.0,22.429906542056074,GAM,0,1,0,0,1,0,1,0,0,1,0,0,0,0,0,0
26,22,4,0,4,3,0,2,0,1,0,0,0,119,B,561,535,120,4.634581105169341,84.61538461538461,75.0,0.0,0.0,22.429906542056074,GAM,0,2,0,0,2,0,1,0,0,1,0,0,0,0,0,0
29,28,1,0,1,1,0,0,0,0,0,0,0,120,base,561,532,118,5.16934046345811,96.55172413793103,100.0,0.0,0.0,22.18045112781955,GAM,0,2,2,0,0,2,0,0,0,0,0,0,0,0,0,0
29,26,3,0,3,2,0,0,0,0,0,0,0,120,B,561,532,118,5.16934046345811,89.65517241379311,66.66666666666667,0.0,0.0,22.18045112781955,GAM,0,2,1,0,0,2,0,0,0,0,0,0,0,0,0,0
34,33,1,0,1,1,0,1,0,0,0,0,0,121,base,561,527,117,6.0606060606060606,97.05882352941177,100.0,0.0,0.0,22.201138519924097,GAM,0,1,0,0,1,0,0,0,0,0,0,0,0,0,0,0
34,28,6,0,6,6,0,3,0,0,0,0,0,121,B,561,527,117,6.0606060606060606,82.3529411764706,100.0,0.0,0.0,22.201138519924097,GAM,0,3,0,0,3,0,0,0,0,0,0,0,0,0,0,0
31,31,0,0,0,0,0,0,0,0,0,0,0,122,base,561,530,119,5.52584670231729,100.0,,0.0,,22.452830188679247,GAM,0,1,1,0,0,1,0,0,0,0,0,0,0,0,0,0
31,30,1,0,1,1,0,0,0,0,0,0,0,122,B,561,530,119,5.52584670231729,96.7741935483871,100.0,0.0,0.0,22.452830188679247,GAM,0,1,1,0,0,1,0,0,0,0,0,0,0,0,0,0
37,37,0,0,0,0,0,0,0,0,0,0,0,123,base,561,524,117,6.595365418894831,100.0,,0.0,,22.328244274809162,GAM,0,0,0,0,0,0,0,0,0,0,0,0,0,0,0,0
37,35,2,1,1,1,1,1,0,1,0,0,0,123,B,561,524,117,6.595365418894831,94.5945945945946,100.0,0.0,0.0,22.328244274809162,GAM,0,1,0,0,1,0,1,0,0,1,0,0,0,0,0,0
23,23,0,0,0,0,0,0,0,0,0,0,0,124,base,561,538,125,4.09982174688057,100.0,,0.0,,23.234200743494423,GAM,0,0,0,0,0,0,0,0,0,0,0,0,0,0,0,0
23,17,6,0,6,3,0,1,0,0,0,0,0,124,B,561,538,125,4.09982174688057,73.91304347826087,50.0,0.0,0.0,23.234200743494423,GAM,0,0,0,0,0,0,0,0,0,0,0,0,0,0,0,0
33,30,3,0,3,2,0,3,1,0,0,0,0,125,base,561,528,117,5.882352941176471,90.9090909090909,66.66666666666667,3.0303030303030303,33.333333333333336,22.15909090909091,GAM,0,1,1,1,1,0,0,0,0,0,0,0,0,0,0,0
33,29,4,0,4,2,0,3,1,0,0,0,0,125,B,561,528,117,5.882352941176471,87.87878787878788,50.0,3.0303030303030303,25.0,22.15909090909091,GAM,0,1,1,1,1,0,0,0,0,0,0,0,0,0,0,0
26,24,2,0,2,1,0,0,0,0,0,0,0,126,base,561,535,117,4.634581105169341,92.3076923076923,50.0,0.0,0.0,21.869158878504674,GAM,0,0,0,0,0,0,0,0,0,0,0,0,0,0,0,0
26,23,3,0,3,2,0,1,0,0,0,0,0,126,B,561,535,117,4.634581105169341,88.46153846153847,66.66666666666667,0.0,0.0,21.869158878504674,GAM,0,1,0,0,1,0,0,0,0,0,0,0,0,0,0,0
23,21,2,0,2,0,0,0,0,0,0,0,0,127,base,561,538,118,4.09982174688057,91.30434782608695,0.0,0.0,0.0,21.933085501858734,GAM,0,0,0,0,0,0,0,0,0,0,0,0,0,0,0,0
23,20,3,0,3,1,0,1,0,1,0,0,0,127,B,561,538,118,4.09982174688057,86.95652173913044,33.333333333333336,0.0,0.0,21.933085501858734,GAM,0,1,0,0,1,0,1,0,0,1,0,0,0,0,0,0
36,35,1,0,1,1,0,0,0,0,0,0,0,128,base,561,525,117,6.4171122994652405,97.22222222222223,100.0,0.0,0.0,22.285714285714285,GAM,0,0,0,0,0,0,0,0,0,0,0,0,0,0,0,0
36,34,2,0,2,1,0,0,0,0,0,0,0,128,B,561,525,117,6.4171122994652405,94.44444444444444,50.0,0.0,0.0,22.285714285714285,GAM,0,0,0,0,0,0,0,0,0,0,0,0,0,0,0,0
27,27,0,0,0,0,0,0,0,0,0,0,0,129,base,561,534,123,4.81283422459893,100.0,,0.0,,23.03370786516854,GAM,0,0,0,0,0,0,0,0,0,0,0,0,0,0,0,0
27,22,5,0,5,4,0,4,1,1,0,0,0,129,B,561,534,123,4.81283422459893,81.48148148148148,80.0,3.7037037037037037,20.0,23.03370786516854,GAM,0,3,0,0,3,0,1,0,0,1,0,0,0,0,0,0
27,27,0,0,0,0,0,0,0,0,0,0,0,130,base,561,534,118,4.81283422459893,100.0,,0.0,,22.09737827715356,GAM,0,1,1,0,0,1,0,0,0,0,0,0,0,0,0,0
27,23,4,0,4,3,0,2,0,1,0,0,0,130,B,561,534,118,4.81283422459893,85.18518518518519,75.0,0.0,0.0,22.09737827715356,GAM,0,2,1,0,1,1,1,0,0,1,0,0,0,0,0,0
23,23,0,0,0,0,0,0,0,0,0,0,0,131,base,561,538,121,4.09982174688057,100.0,,0.0,,22.490706319702603,GAM,0,0,0,0,0,0,0,0,0,0,0,0,0,0,0,0
23,18,5,0,5,4,0,1,0,0,0,0,0,131,B,561,538,121,4.09982174688057,78.26086956521739,80.0,0.0,0.0,22.490706319702603,GAM,0,0,0,0,0,0,0,0,0,0,0,0,0,0,0,0
23,21,2,0,2,1,0,0,0,0,0,0,0,132,base,561,538,120,4.09982174688057,91.30434782608695,50.0,0.0,0.0,22.304832713754646,GAM,0,0,0,0,0,0,0,0,0,0,0,0,0,0,0,0
23,19,4,0,4,1,0,0,0,0,0,0,0,132,B,561,538,120,4.09982174688057,82.6086956521739,25.0,0.0,0.0,22.304832713754646,GAM,0,0,0,0,0,0,0,0,0,0,0,0,0,0,0,0
27,24,3,0,3,1,0,1,0,0,0,0,0,133,base,561,534,118,4.81283422459893,88.88888888888889,33.333333333333336,0.0,0.0,22.09737827715356,GAM,0,1,0,0,1,0,0,0,0,0,0,0,0,0,0,0
27,21,6,0,6,3,0,2,1,0,0,0,0,133,B,561,534,118,4.81283422459893,77.77777777777777,50.0,3.7037037037037037,16.666666666666668,22.09737827715356,GAM,0,1,0,0,1,0,0,0,0,0,0,0,0,0,0,0
32,31,1,0,1,1,0,1,0,0,0,0,0,134,base,561,529,120,5.704099821746881,96.875,100.0,0.0,0.0,22.68431001890359,GAM,0,1,1,0,0,1,0,0,0,0,0,0,0,0,0,0
32,27,5,0,5,5,0,4,0,1,0,0,0,134,B,561,529,120,5.704099821746881,84.375,100.0,0.0,0.0,22.68431001890359,GAM,0,3,1,0,2,1,1,0,0,1,0,0,0,0,0,0
32,29,3,0,3,0,0,0,0,0,0,0,0,135,base,561,529,120,5.704099821746881,90.625,0.0,0.0,0.0,22.68431001890359,GAM,0,0,0,0,0,0,0,0,0,0,0,0,0,0,0,0
32,27,5,0,5,1,0,1,0,1,0,0,0,135,B,561,529,120,5.704099821746881,84.375,20.0,0.0,0.0,22.68431001890359,GAM,0,1,0,0,1,0,1,0,0,1,0,0,0,0,0,0
24,24,0,0,0,0,0,0,0,0,0,0,0,136,base,561,537,121,4.278074866310161,100.0,,0.0,,22.532588454376164,GAM,0,0,0,0,0,0,0,0,0,0,0,0,0,0,0,0
24,21,3,1,2,1,0,0,0,0,0,0,0,136,B,561,537,121,4.278074866310161,87.5,50.0,0.0,0.0,22.532588454376164,GAM,0,0,0,0,0,0,0,0,0,0,0,0,0,0,0,0
38,32,6,0,6,3,0,2,0,0,0,0,0,137,base,561,523,119,6.7736185383244205,84.21052631578948,50.0,0.0,0.0,22.753346080305928,GAM,0,1,0,0,1,0,0,0,0,0,0,0,0,0,0,0
38,27,11,0,11,7,0,3,0,0,0,0,0,137,B,561,523,119,6.7736185383244205,71.05263157894737,63.63636363636363,0.0,0.0,22.753346080305928,GAM,0,1,0,0,1,0,0,0,0,0,0,0,0,0,0,0
39,37,2,0,2,1,0,1,0,0,0,0,0,138,base,561,522,119,6.951871657754011,94.87179487179488,50.0,0.0,0.0,22.796934865900383,GAM,0,0,0,0,0,0,0,0,0,0,0,0,0,0,0,0
39,29,10,0,10,9,0,5,0,1,0,0,0,138,B,561,522,119,6.951871657754011,74.35897435897436,90.0,0.0,0.0,22.796934865900383,GAM,0,4,0,0,4,0,1,0,0,1,0,0,0,0,0,0
43,39,4,0,4,2,0,1,0,1,0,0,0,139,base,561,518,116,7.664884135472371,90.69767441860465,50.0,0.0,0.0,22.393822393822393,GAM,0,1,0,0,1,0,1,0,0,1,0,0,0,0,0,0
43,33,10,0,10,5,0,2,0,2,0,0,0,139,B,561,518,116,7.664884135472371,76.74418604651163,50.0,0.0,0.0,22.393822393822393,GAM,0,2,0,0,2,0,2,0,0,2,0,0,0,0,0,0
30,29,1,0,1,1,0,1,0,0,0,0,0,140,base,561,531,123,5.347593582887701,96.66666666666667,100.0,0.0,0.0,23.163841807909606,GAM,0,1,0,0,1,0,0,0,0,0,0,0,0,0,0,0
30,22,8,0,8,6,0,5,0,1,0,0,0,140,B,561,531,123,5.347593582887701,73.33333333333333,75.0,0.0,0.0,23.163841807909606,GAM,0,4,0,0,4,0,1,0,0,1,0,0,0,0,0,0
31,31,0,0,0,0,0,0,0,0,0,0,0,141,base,561,530,118,5.52584670231729,100.0,,0.0,,22.264150943396228,GAM,0,0,0,0,0,0,0,0,0,0,0,0,0,0,0,0
31,29,2,0,2,2,0,2,0,0,0,0,0,141,B,561,530,118,5.52584670231729,93.54838709677419,100.0,0.0,0.0,22.264150943396228,GAM,0,1,0,0,1,0,0,0,0,0,0,0,0,0,0,0
89,87,2,0,2,2,0,1,0,1,0,0,0,42,base,1671,1582,293,5.326152004787552,97.75280898876404,100.0,0.0,0.0,18.520859671302148,HGM,0,1,0,0,1,0,1,0,0,1,0,0,0,0,0,0
89,82,7,0,7,6,0,3,0,2,0,0,0,42,B,1671,1582,293,5.326152004787552,92.13483146067416,85.71428571428571,0.0,0.0,18.520859671302148,HGM,0,2,0,0,2,0,2,0,0,2,0,0,0,0,0,0
81,77,4,0,4,4,0,2,0,0,0,0,0,43,base,1671,1590,294,4.847396768402154,95.06172839506173,100.0,0.0,0.0,18.49056603773585,HGM,0,2,0,0,2,0,0,0,0,0,0,0,0,0,0,0
81,69,12,0,12,9,0,8,0,3,0,0,0,43,B,1671,1590,294,4.847396768402154,85.18518518518519,75.0,0.0,0.0,18.49056603773585,HGM,0,7,0,0,7,0,3,0,0,3,0,0,0,0,0,0
86,83,3,0,3,3,0,1,0,0,0,0,0,44,base,1671,1585,291,5.146618791143029,96.51162790697674,100.0,0.0,0.0,18.3596214511041,HGM,0,1,0,0,1,0,0,0,0,0,0,0,0,0,0,0
86,71,15,0,15,6,0,4,0,1,0,0,0,44,B,1671,1585,291,5.146618791143029,82.55813953488372,40.0,0.0,0.0,18.3596214511041,HGM,0,4,0,0,4,0,1,0,0,1,0,0,0,0,0,0
77,73,4,0,4,3,0,2,0,0,0,0,0,45,base,1671,1594,290,4.608019150209455,94.8051948051948,75.0,0.0,0.0,18.19322459222083,HGM,0,0,0,0,0,0,0,0,0,0,0,0,0,0,0,0
77,65,12,0,12,10,0,6,0,1,0,0,0,45,B,1671,1594,290,4.608019150209455,84.41558441558442,83.33333333333333,0.0,0.0,18.19322459222083,HGM,0,2,0,0,2,0,1,0,0,1,0,0,0,0,0,0
79,75,4,0,4,3,0,2,0,1,0,0,0,46,base,1671,1592,292,4.727707959305805,94.9367088607595,75.0,0.0,0.0,18.34170854271357,HGM,0,1,0,0,1,0,1,0,0,1,0,0,0,0,0,0
79,69,10,1,9,6,1,4,0,2,0,0,0,46,B,1671,1592,292,4.727707959305805,87.34177215189874,66.66666666666667,0.0,0.0,18.34170854271357,HGM,0,3,0,0,3,0,2,0,0,2,0,0,0,0,0,0
97,90,7,0,7,4,0,3,0,1,0,0,0,47,base,1671,1574,290,5.80490724117295,92.78350515463917,57.142857142857146,0.0,0.0,18.424396442185515,HGM,0,2,0,0,2,0,1,0,0,1,0,0,0,0,0,0
97,78,19,1,18,12,0,8,0,3,0,0,0,47,B,1671,1574,290,5.80490724117295,80.41237113402062,66.66666666666667,0.0,0.0,18.424396442185515,HGM,0,6,0,0,6,0,3,0,0,3,0,0,0,0,0,0
82,76,6,0,6,3,0,3,0,1,0,0,0,48,base,1671,1589,294,4.90724117295033,92.6829268292683,50.0,0.0,0.0,18.502202643171806,HGM,0,2,0,0,2,0,1,0,0,1,0,0,0,0,0,0
82,67,15,0,15,10,0,8,0,3,0,0,0,48,B,1671,1589,294,4.90724117295033,81.70731707317073,66.66666666666667,0.0,0.0,18.502202643171806,HGM,0,5,0,0,5,0,3,0,0,3,0,0,0,0,0,0
92,87,5,0,5,4,0,3,0,1,0,0,0,49,base,1671,1579,292,5.505685218432077,94.56521739130434,80.0,0.0,0.0,18.492716909436353,HGM,0,4,1,0,3,1,1,0,0,1,0,0,0,0,0,0
92,78,14,0,14,9,0,8,0,4,0,0,0,49,B,1671,1579,292,5.505685218432077,84.78260869565217,64.28571428571429,0.0,0.0,18.492716909436353,HGM,0,6,0,0,6,0,4,0,0,4,0,0,0,0,0,0
93,89,4,0,4,2,0,2,0,2,0,0,0,50,base,1671,1578,292,5.565529622980251,95.6989247311828,50.0,0.0,0.0,18.50443599493029,HGM,0,2,0,0,2,0,2,0,0,2,0,0,0,0,0,0
93,79,14,0,14,8,0,5,0,2,0,0,0,50,B,1671,1578,292,5.565529622980251,84.94623655913979,57.142857142857146,0.0,0.0,18.50443599493029,HGM,0,3,0,0,3,0,2,0,0,2,0,0,0,0,0,0
96,92,4,0,4,3,0,2,0,0,0,0,0,51,base,1671,1575,285,5.745062836624776,95.83333333333333,75.0,0.0,0.0,18.095238095238095,HGM,0,1,0,0,1,0,0,0,0,0,0,0,0,0,0,0
96,85,11,0,11,7,0,5,0,1,0,0,0,51,B,1671,1575,285,5.745062836624776,88.54166666666667,63.63636363636363,0.0,0.0,18.095238095238095,HGM,0,3,0,0,3,0,1,0,0,1,0,0,0,0,0,0
78,76,2,0,2,1,0,1,0,0,0,0,0,52,base,1671,1593,291,4.667863554757631,97.43589743589743,50.0,0.0,0.0,18.267419962335218,HGM,0,0,0,0,0,0,0,0,0,0,0,0,0,0,0,0
78,72,6,0,6,3,0,2,0,1,0,0,0,52,B,1671,1593,291,4.667863554757631,92.3076923076923,50.0,0.0,0.0,18.267419962335218,HGM,0,1,0,0,1,0,1,0,0,1,0,0,0,0,0,0
73,69,4,0,4,3,0,2,0,0,0,0,0,53,base,1671,1598,294,4.368641532016756,94.52054794520548,75.0,0.0,0.0,18.39799749687109,HGM,0,2,1,0,1,1,0,0,0,0,0,0,0,0,0,0
73,62,11,0,11,8,0,7,0,3,0,0,0,53,B,1671,1598,294,4.368641532016756,84.93150684931507,72.72727272727273,0.0,0.0,18.39799749687109,HGM,0,6,0,0,6,0,3,0,0,3,0,0,0,0,0,0
78,75,3,0,3,3,0,1,0,1,0,0,0,54,base,1671,1593,293,4.667863554757631,96.15384615384616,100.0,0.0,0.0,18.39296924042687,HGM,0,1,0,0,1,0,1,0,0,1,0,0,0,0,0,0
78,67,11,0,11,8,0,7,1,3,0,0,0,54,B,1671,1593,293,4.667863554757631,85.8974358974359,72.72727272727273,1.2820512820512822,9.090909090909092,18.39296924042687,HGM,0,6,0,0,6,0,3,0,0,3,0,0,0,0,0,0
76,72,4,0,4,4,0,2,0,2,0,0,0,55,base,1671,1595,294,4.548174745661281,94.73684210526316,100.0,0.0,0.0,18.432601880877744,HGM,0,3,1,0,2,1,2,0,0,2,0,0,0,0,0,0
76,61,15,0,15,12,0,8,0,4,0,0,0,55,B,1671,1595,294,4.548174745661281,80.26315789473684,80.0,0.0,0.0,18.432601880877744,HGM,0,6,1,0,5,1,4,0,0,4,0,0,0,0,0,0
79,74,5,0,5,5,0,3,0,1,0,0,0,56,base,1671,1592,293,4.727707959305805,93.67088607594937,100.0,0.0,0.0,18.40452261306533,HGM,0,1,0,0,1,0,1,0,0,1,0,0,0,0,0,0
79,66,13,0,13,10,0,6,0,3,0,0,0,56,B,1671,1592,293,4.727707959305805,83.54430379746836,76.92307692307692,0.0,0.0,18.40452261306533,HGM,0,4,0,0,4,0,3,0,0,3,0,0,0,0,0,0
83,79,4,0,4,3,0,2,0,1,0,0,0,57,base,1671,1588,292,4.967085577498504,95.18072289156626,75.0,0.0,0.0,18.387909319899244,HGM,0,2,0,0,2,0,1,0,0,1,0,0,0,0,0,0
83,72,11,1,10,6,0,4,0,2,0,0,0,57,B,1671,1588,292,4.967085577498504,86.74698795180723,60.0,0.0,0.0,18.387909319899244,HGM,0,4,0,0,4,0,2,0,0,2,0,0,0,0,0,0
87,82,5,0,5,5,0,5,0,1,0,0,0,58,base,1671,1584,298,5.206463195691203,94.25287356321839,100.0,0.0,0.0,18.81313131313131,HGM,0,3,0,0,3,0,1,0,0,1,0,0,0,0,0,0
87,74,13,0,13,11,0,6,0,2,0,0,0,58,B,1671,1584,298,5.206463195691203,85.05747126436782,84.61538461538461,0.0,0.0,18.81313131313131,HGM,0,4,0,0,4,0,2,0,0,2,0,0,0,0,0,0
101,94,7,0,7,5,0,2,0,0,0,0,0,59,base,1671,1570,294,6.044284859365649,93.06930693069307,71.42857142857143,0.0,0.0,18.726114649681527,HGM,0,1,0,0,1,0,0,0,0,0,0,0,0,0,0,0
101,87,14,0,14,9,0,6,0,1,0,0,0,59,B,1671,1570,294,6.044284859365649,86.13861386138613,64.28571428571429,0.0,0.0,18.726114649681527,HGM,0,5,0,0,5,0,1,0,0,1,0,0,0,0,0,0
99,93,6,0,6,6,0,4,0,0,0,0,0,60,base,1671,1572,285,5.9245960502693,93.93939393939394,100.0,0.0,0.0,18.129770992366414,HGM,0,2,1,0,1,2,0,0,0,0,0,0,0,0,0,0
99,80,19,0,19,14,0,11,1,2,0,0,0,60,B,1671,1572,285,5.9245960502693,80.8080808080808,73.6842105263158,1.0101010101010102,5.2631578947368425,18.129770992366414,HGM,0,7,1,1,7,0,2,0,0,2,0,0,0,0,0,0
108,99,9,0,9,7,0,4,0,1,0,0,0,61,base,1671,1563,275,6.4631956912028725,91.66666666666667,77.77777777777777,0.0,0.0,17.59436980166347,HGM,0,2,0,0,2,0,1,0,0,1,0,0,0,0,0,0
108,90,18,1,17,11,0,9,0,4,0,0,0,61,B,1671,1563,275,6.4631956912028725,83.33333333333333,64.70588235294117,0.0,0.0,17.59436980166347,HGM,0,5,0,0,5,0,4,0,0,4,0,0,0,0,0,0
83,77,6,0,6,5,0,3,0,1,0,0,0,62,base,1671,1588,292,4.967085577498504,92.7710843373494,83.33333333333333,0.0,0.0,18.387909319899244,HGM,0,2,0,0,2,0,1,0,0,1,0,0,0,0,0,0
83,68,15,0,15,11,0,6,0,1,0,0,0,62,B,1671,1588,292,4.967085577498504,81.92771084337349,73.33333333333333,0.0,0.0,18.387909319899244,HGM,0,3,0,0,3,0,1,0,0,1,0,0,0,0,0,0
90,85,5,0,5,3,0,1,1,0,0,0,0,63,base,1671,1581,286,5.3859964093357275,94.44444444444444,60.0,1.1111111111111112,20.0,18.089816571790006,HGM,0,0,0,0,0,0,0,0,0,0,0,0,0,0,0,0
90,77,13,0,13,4,0,3,1,0,0,0,0,63,B,1671,1581,286,5.3859964093357275,85.55555555555556,30.76923076923077,1.1111111111111112,7.6923076923076925,18.089816571790006,HGM,0,2,0,0,2,0,0,0,0,0,0,0,0,0,0,0
92,88,4,0,4,3,0,3,0,0,0,0,0,64,base,1671,1579,292,5.505685218432077,95.65217391304348,75.0,0.0,0.0,18.492716909436353,HGM,0,1,0,0,1,0,0,0,0,0,0,0,0,0,0,0
92,77,15,0,15,12,0,9,0,3,0,0,0,64,B,1671,1579,292,5.505685218432077,83.69565217391305,80.0,0.0,0.0,18.492716909436353,HGM,0,6,0,0,6,0,3,0,0,3,0,0,0,0,0,0
93,91,2,0,2,2,0,0,0,0,0,0,0,65,base,1671,1578,282,5.565529622980251,97.84946236559139,100.0,0.0,0.0,17.870722433460077,HGM,0,0,0,0,0,0,0,0,0,0,0,0,0,0,0,0
93,78,15,1,14,11,0,4,0,1,0,0,0,65,B,1671,1578,282,5.565529622980251,83.87096774193549,78.57142857142857,0.0,0.0,17.870722433460077,HGM,0,3,0,0,3,0,1,0,0,1,0,0,0,0,0,0
84,80,4,0,4,1,0,2,1,1,0,0,0,66,base,1671,1587,293,5.026929982046679,95.23809523809524,25.0,1.1904761904761905,25.0,18.462507876496534,HGM,0,1,0,0,1,0,1,0,0,1,0,0,0,0,0,0
84,78,6,0,6,3,0,3,1,1,0,0,0,66,B,1671,1587,293,5.026929982046679,92.85714285714286,50.0,1.1904761904761905,16.666666666666668,18.462507876496534,HGM,0,2,0,0,2,0,1,0,0,1,0,0,0,0,0,0
93,87,6,0,6,4,0,1,0,0,0,0,0,67,base,1671,1578,288,5.565529622980251,93.54838709677419,66.66666666666667,0.0,0.0,18.250950570342205,HGM,0,0,0,0,0,0,0,0,0,0,0,0,0,0,0,0
93,70,23,1,22,13,0,12,0,8,0,0,0,67,B,1671,1578,288,5.565529622980251,75.26881720430107,59.09090909090909,0.0,0.0,18.250950570342205,HGM,0,8,0,0,8,0,8,0,0,8,0,0,0,0,0,0
83,79,4,0,4,4,0,2,0,1,0,0,0,68,base,1671,1588,294,4.967085577498504,95.18072289156626,100.0,0.0,0.0,18.513853904282115,HGM,0,1,0,0,1,0,1,0,0,1,0,0,0,0,0,0
83,72,11,1,10,8,0,7,1,4,0,0,0,68,B,1671,1588,294,4.967085577498504,86.74698795180723,80.0,1.2048192771084338,9.090909090909092,18.513853904282115,HGM,0,4,0,0,4,0,4,0,0,4,0,0,0,0,0,0
86,81,5,0,5,3,0,1,0,0,0,0,0,69,base,1671,1585,292,5.146618791143029,94.18604651162791,60.0,0.0,0.0,18.422712933753942,HGM,0,2,1,0,1,1,0,0,0,0,0,0,0,0,0,0
86,76,10,0,10,7,0,4,0,1,0,0,0,69,B,1671,1585,292,5.146618791143029,88.37209302325581,70.0,0.0,0.0,18.422712933753942,HGM,0,5,1,0,4,1,1,0,0,1,0,0,0,0,0,0
87,84,3,0,3,1,0,0,0,0,0,0,0,70,base,1671,1584,292,5.206463195691203,96.55172413793103,33.333333333333336,0.0,0.0,18.434343434343436,HGM,0,1,1,0,0,1,0,0,0,0,0,0,0,0,0,0
87,78,9,0,9,4,0,3,0,1,0,0,0,70,B,1671,1584,292,5.206463195691203,89.65517241379311,44.44444444444444,0.0,0.0,18.434343434343436,HGM,0,2,1,0,1,1,1,0,0,1,0,0,0,0,0,0
78,75,3,0,3,1,0,1,0,1,0,0,0,71,base,1671,1593,291,4.667863554757631,96.15384615384616,33.333333333333336,0.0,0.0,18.267419962335218,HGM,0,1,0,0,1,0,1,0,0,1,0,0,0,0,0,0
78,56,22,2,20,12,0,6,0,3,0,0,0,71,B,1671,1593,291,4.667863554757631,71.7948717948718,60.0,0.0,0.0,18.267419962335218,HGM,0,4,0,0,4,0,3,0,0,3,0,0,0,0,0,0
69,64,5,0,5,3,0,2,0,2,0,0,0,72,base,1671,1602,296,4.129263913824057,92.7536231884058,60.0,0.0,0.0,18.476903870162296,HGM,0,2,0,0,2,0,2,0,0,2,0,0,0,0,0,0
69,57,12,0,12,6,0,3,0,2,0,0,0,72,B,1671,1602,296,4.129263913824057,82.6086956521739,50.0,0.0,0.0,18.476903870162296,HGM,0,3,0,0,3,0,2,0,0,2,0,0,0,0,0,0
70,64,6,0,6,6,0,5,0,3,0,0,0,73,base,1671,1601,302,4.189108318372233,91.42857142857143,100.0,0.0,0.0,18.8632104934416,HGM,0,3,0,0,3,0,3,0,0,3,0,0,0,0,0,0
70,55,15,0,15,11,0,9,0,6,0,0,0,73,B,1671,1601,302,4.189108318372233,78.57142857142857,73.33333333333333,0.0,0.0,18.8632104934416,HGM,0,7,0,0,7,0,6,0,0,6,0,0,0,0,0,0
66,62,4,0,4,4,0,4,0,0,0,0,0,74,base,1671,1605,295,3.949730700179533,93.93939393939394,100.0,0.0,0.0,18.38006230529595,HGM,0,2,0,0,2,0,0,0,0,0,0,0,0,0,0,0
66,58,8,0,8,6,0,5,0,2,0,0,0,74,B,1671,1605,295,3.949730700179533,87.87878787878788,75.0,0.0,0.0,18.38006230529595,HGM,0,4,0,0,4,0,2,0,0,2,0,0,0,0,0,0
91,86,5,0,5,2,0,2,0,0,0,0,0,75,base,1671,1580,288,5.445840813883902,94.50549450549451,40.0,0.0,0.0,18.227848101265824,HGM,0,2,1,0,1,1,0,0,0,0,0,0,0,0,0,0
91,77,14,0,14,8,0,7,1,2,0,0,0,75,B,1671,1580,288,5.445840813883902,84.61538461538461,57.142857142857146,1.098901098901099,7.142857142857143,18.227848101265824,HGM,0,6,1,0,5,1,2,0,0,2,0,0,0,0,0,0
95,87,8,0,8,5,0,4,0,1,0,0,0,76,base,1671,1576,289,5.685218432076601,91.57894736842105,62.5,0.0,0.0,18.33756345177665,HGM,0,2,0,0,2,0,1,0,0,1,0,0,0,0,0,0
95,74,21,0,21,14,0,11,0,3,0,0,0,76,B,1671,1576,289,5.685218432076601,77.89473684210526,66.66666666666667,0.0,0.0,18.33756345177665,HGM,0,6,0,0,6,0,3,0,0,3,0,0,0,0,0,0
75,70,5,0,5,4,0,2,0,0,0,0,0,77,base,1671,1596,294,4.488330341113106,93.33333333333333,80.0,0.0,0.0,18.42105263157895,HGM,0,1,0,0,1,0,0,0,0,0,0,0,0,0,0,0
75,65,10,0,10,8,0,3,0,2,0,0,0,77,B,1671,1596,294,4.488330341113106,86.66666666666667,80.0,0.0,0.0,18.42105263157895,HGM,0,2,0,0,2,0,2,0,0,2,0,0,0,0,0,0
98,93,5,0,5,3,0,3,0,2,0,0,0,78,base,1671,1573,292,5.8647516457211255,94.89795918367346,60.0,0.0,0.0,18.56325492689129,HGM,0,2,0,0,2,0,2,0,0,2,0,0,0,0,0,0
98,80,18,0,18,13,0,10,0,3,0,0,0,78,B,1671,1573,292,5.8647516457211255,81.63265306122449,72.22222222222223,0.0,0.0,18.56325492689129,HGM,0,5,0,0,5,0,3,0,0,3,0,0,0,0,0,0
81,73,8,0,8,6,0,6,0,0,0,0,0,79,base,1671,1590,288,4.847396768402154,90.12345679012346,75.0,0.0,0.0,18.11320754716981,HGM,0,3,0,0,3,0,0,0,0,0,0,0,0,0,0,0
81,68,13,0,13,9,0,9,0,2,0,0,0,79,B,1671,1590,288,4.847396768402154,83.95061728395062,69.23076923076923,0.0,0.0,18.11320754716981,HGM,0,4,0,0,4,0,2,0,0,2,0,0,0,0,0,0
93,87,6,0,6,3,0,2,0,0,0,0,0,80,base,1671,1578,296,5.565529622980251,93.54838709677419,50.0,0.0,0.0,18.75792141951838,HGM,0,2,1,0,1,1,0,0,0,0,0,0,0,0,0,0
93,83,10,1,9,4,0,3,0,1,0,0,0,80,B,1671,1578,296,5.565529622980251,89.24731182795699,44.44444444444444,0.0,0.0,18.75792141951838,HGM,0,3,1,0,2,1,1,0,0,1,0,0,0,0,0,0
68,61,7,0,7,5,0,4,0,3,0,0,0,81,base,1671,1603,292,4.069419509275883,89.70588235294117,71.42857142857143,0.0,0.0,18.2158452900811,HGM,0,4,0,0,4,0,3,0,0,3,0,0,0,0,0,0
68,56,12,0,12,7,0,6,0,4,0,0,0,81,B,1671,1603,292,4.069419509275883,82.3529411764706,58.333333333333336,0.0,0.0,18.2158452900811,HGM,0,5,0,0,5,0,4,0,0,4,0,0,0,0,0,0
109,100,9,0,9,8,0,8,1,2,0,0,0,82,base,1671,1562,284,6.523040095751047,91.74311926605505,88.88888888888889,0.9174311926605505,11.11111111111111,18.181818181818183,HGM,0,6,1,0,5,1,2,0,0,2,0,0,0,0,0,0
109,92,17,0,17,13,0,10,1,1,0,0,0,82,B,1671,1562,284,6.523040095751047,84.40366972477064,76.47058823529412,0.9174311926605505,5.882352941176471,18.181818181818183,HGM,0,7,1,0,6,1,1,0,0,1,0,0,0,0,0,0
81,76,5,0,5,4,0,3,0,0,0,0,0,83,base,1671,1590,295,4.847396768402154,93.82716049382717,80.0,0.0,0.0,18.553459119496857,HGM,0,0,0,0,0,0,0,0,0,0,0,0,0,0,0,0
81,71,10,2,8,5,1,4,0,0,0,0,0,83,B,1671,1590,295,4.847396768402154,87.65432098765432,62.5,0.0,0.0,18.553459119496857,HGM,0,2,0,0,2,0,0,0,0,0,0,0,0,0,0,0
95,87,8,0,8,7,0,5,0,3,0,0,0,84,base,1671,1576,287,5.685218432076601,91.57894736842105,87.5,0.0,0.0,18.210659898477157,HGM,0,4,0,0,4,0,3,0,0,3,0,0,0,0,0,0
95,80,15,0,15,10,0,9,0,3,0,0,0,84,B,1671,1576,287,5.685218432076601,84.21052631578948,66.66666666666667,0.0,0.0,18.210659898477157,HGM,0,6,0,0,6,0,3,0,0,3,0,0,0,0,0,0
96,94,2,0,2,2,0,2,0,0,0,0,0,85,base,1671,1575,289,5.745062836624776,97.91666666666667,100.0,0.0,0.0,18.349206349206348,HGM,0,2,1,0,1,1,0,0,0,0,0,0,0,0,0,0
96,85,11,0,11,6,0,2,0,1,0,0,0,85,B,1671,1575,289,5.745062836624776,88.54166666666667,54.54545454545455,0.0,0.0,18.349206349206348,HGM,0,1,0,0,1,0,1,0,0,1,0,0,0,0,0,0
91,86,5,0,5,4,0,2,0,1,0,0,0,86,base,1671,1580,289,5.445840813883902,94.50549450549451,80.0,0.0,0.0,18.29113924050633,HGM,0,1,0,0,1,0,1,0,0,1,0,0,0,0,0,0
91,77,14,1,13,5,0,7,2,1,0,0,0,86,B,1671,1580,289,5.445840813883902,84.61538461538461,38.46153846153846,2.197802197802198,14.285714285714286,18.29113924050633,HGM,0,2,0,0,2,0,1,0,0,1,0,0,0,0,0,0
95,93,2,0,2,0,0,0,0,0,0,0,0,87,base,1671,1576,289,5.685218432076601,97.89473684210526,0.0,0.0,0.0,18.33756345177665,HGM,0,0,0,0,0,0,0,0,0,0,0,0,0,0,0,0
95,85,10,0,10,5,0,5,0,2,0,0,0,87,B,1671,1576,289,5.685218432076601,89.47368421052632,50.0,0.0,0.0,18.33756345177665,HGM,0,3,0,0,3,0,2,0,0,2,0,0,0,0,0,0
68,63,5,0,5,2,0,1,0,1,0,0,0,88,base,1671,1603,294,4.069419509275883,92.6470588235294,40.0,0.0,0.0,18.34061135371179,HGM,0,1,0,0,1,0,1,0,0,1,0,0,0,0,0,0
68,57,11,1,10,4,1,3,0,1,0,0,0,88,B,1671,1603,294,4.069419509275883,83.82352941176471,40.0,0.0,0.0,18.34061135371179,HGM,0,1,0,0,1,0,1,0,0,1,0,0,0,0,0,0
76,69,7,0,7,5,0,5,0,1,0,0,0,89,base,1671,1595,293,4.548174745661281,90.78947368421052,71.42857142857143,0.0,0.0,18.369905956112852,HGM,0,3,0,0,3,0,1,0,0,1,0,0,0,0,0,0
76,60,16,0,16,13,0,8,0,2,0,0,0,89,B,1671,1595,293,4.548174745661281,78.94736842105263,81.25,0.0,0.0,18.369905956112852,HGM,0,5,0,0,5,0,2,0,0,2,0,0,0,0,0,0
90,80,10,0,10,4,0,3,0,2,0,0,0,90,base,1671,1581,289,5.3859964093357275,88.88888888888889,40.0,0.0,0.0,18.27956989247312,HGM,0,2,0,0,2,0,2,0,0,2,0,0,0,0,0,0
90,74,16,0,16,9,0,7,0,5,0,0,0,90,B,1671,1581,289,5.3859964093357275,82.22222222222223,56.25,0.0,0.0,18.27956989247312,HGM,0,5,0,0,5,0,5,0,0,5,0,0,0,0,0,0
79,74,5,0,5,3,0,3,0,1,0,0,0,91,base,1671,1592,288,4.727707959305805,93.67088607594937,60.0,0.0,0.0,18.09045226130653,HGM,0,3,0,0,3,0,1,0,0,1,0,0,0,0,0,0
79,64,15,0,15,12,0,8,0,3,0,0,0,91,B,1671,1592,288,4.727707959305805,81.0126582278481,80.0,0.0,0.0,18.09045226130653,HGM,0,7,0,0,7,0,3,0,0,3,0,0,0,0,0,0
86,79,7,0,7,6,0,5,0,3,0,0,0,92,base,1671,1585,296,5.146618791143029,91.86046511627907,85.71428571428571,0.0,0.0,18.675078864353313,HGM,0,3,0,0,3,0,3,0,0,3,0,0,0,0,0,0
86,68,18,0,18,15,0,11,0,5,0,0,0,92,B,1671,1585,296,5.146618791143029,79.06976744186046,83.33333333333333,0.0,0.0,18.675078864353313,HGM,0,7,0,0,7,0,5,0,0,5,0,0,0,0,0,0
95,86,9,0,9,7,0,5,0,2,0,0,0,93,base,1671,1576,284,5.685218432076601,90.52631578947368,77.77777777777777,0.0,0.0,18.02030456852792,HGM,0,2,0,0,2,0,2,0,0,2,0,0,0,0,0,0
95,82,13,0,13,6,0,5,0,2,0,0,0,93,B,1671,1576,284,5.685218432076601,86.3157894736842,46.15384615384615,0.0,0.0,18.02030456852792,HGM,0,2,0,0,2,0,2,0,0,2,0,0,0,0,0,0
75,68,7,0,7,5,0,2,0,1,0,0,0,94,base,1671,1596,295,4.488330341113106,90.66666666666667,71.42857142857143,0.0,0.0,18.483709273182956,HGM,0,2,0,0,2,0,1,0,0,1,0,0,0,0,0,0
75,63,12,0,12,6,0,4,0,1,0,0,0,94,B,1671,1596,295,4.488330341113106,84.0,50.0,0.0,0.0,18.483709273182956,HGM,0,4,0,0,4,0,1,0,0,1,0,0,0,0,0,0
77,71,6,0,6,5,0,3,0,2,0,0,0,95,base,1671,1594,297,4.608019150209455,92.20779220779221,83.33333333333333,0.0,0.0,18.63237139272271,HGM,0,2,0,0,2,0,2,0,0,2,0,0,0,0,0,0
77,66,11,0,11,7,0,6,0,3,0,0,0,95,B,1671,1594,297,4.608019150209455,85.71428571428571,63.63636363636363,0.0,0.0,18.63237139272271,HGM,0,4,0,0,4,0,3,0,0,3,0,0,0,0,0,0
73,72,1,0,1,1,0,1,0,0,0,0,0,96,base,1671,1598,293,4.368641532016756,98.63013698630137,100.0,0.0,0.0,18.335419274092615,HGM,0,0,0,0,0,0,0,0,0,0,0,0,0,0,0,0
73,67,6,1,5,3,0,2,0,0,0,0,0,96,B,1671,1598,293,4.368641532016756,91.78082191780823,60.0,0.0,0.0,18.335419274092615,HGM,0,0,0,0,0,0,0,0,0,0,0,0,0,0,0,0
92,89,3,0,3,2,0,2,0,0,0,0,0,97,base,1671,1579,291,5.505685218432077,96.73913043478261,66.66666666666667,0.0,0.0,18.42938568714376,HGM,0,2,0,0,2,0,0,0,0,0,0,0,0,0,0,0
92,86,6,0,6,5,0,4,0,0,0,0,0,97,B,1671,1579,291,5.505685218432077,93.47826086956522,83.33333333333333,0.0,0.0,18.42938568714376,HGM,0,3,0,0,3,0,0,0,0,0,0,0,0,0,0,0
72,71,1,0,1,1,0,1,0,0,0,0,0,98,base,1671,1599,294,4.308797127468582,98.61111111111111,100.0,0.0,0.0,18.386491557223266,HGM,0,1,1,0,0,1,0,0,0,0,0,0,0,0,0,0
72,65,7,0,7,6,0,5,0,0,0,0,0,98,B,1671,1599,294,4.308797127468582,90.27777777777777,85.71428571428571,0.0,0.0,18.386491557223266,HGM,0,4,1,0,3,1,0,0,0,0,0,0,0,0,0,0
83,76,7,0,7,4,0,3,0,1,0,0,0,99,base,1671,1588,290,4.967085577498504,91.56626506024097,57.142857142857146,0.0,0.0,18.261964735516372,HGM,0,4,1,0,3,1,1,0,0,1,0,0,0,0,0,0
83,70,13,0,13,7,0,5,0,1,0,0,0,99,B,1671,1588,290,4.967085577498504,84.33734939759036,53.84615384615385,0.0,0.0,18.261964735516372,HGM,0,5,1,0,4,1,1,0,0,1,0,0,0,0,0,0
78,72,6,0,6,4,0,2,0,0,0,0,0,100,base,1671,1593,296,4.667863554757631,92.3076923076923,66.66666666666667,0.0,0.0,18.581293157564343,HGM,0,4,2,0,2,2,0,0,0,0,0,0,0,0,0,0
78,68,10,0,10,5,0,3,0,1,0,0,0,100,B,1671,1593,296,4.667863554757631,87.17948717948718,50.0,0.0,0.0,18.581293157564343,HGM,0,5,2,0,3,2,1,0,0,1,0,0,0,0,0,0
85,83,2,0,2,2,0,1,0,1,0,0,0,101,base,1671,1586,292,5.086774386594853,97.6470588235294,100.0,0.0,0.0,18.41109709962169,HGM,0,1,0,0,1,0,1,0,0,1,0,0,0,0,0,0
85,76,9,0,9,9,0,5,0,4,0,0,0,101,B,1671,1586,292,5.086774386594853,89.41176470588235,100.0,0.0,0.0,18.41109709962169,HGM,0,5,0,0,5,0,4,0,0,4,0,0,0,0,0,0
94,91,3,0,3,3,0,2,0,0,0,0,0,102,base,1671,1577,296,5.6253740275284265,96.80851063829788,100.0,0.0,0.0,18.76981610653139,HGM,0,2,1,0,1,1,0,0,0,0,0,0,0,0,0,0
94,81,13,0,13,11,0,8,1,1,0,0,0,102,B,1671,1577,296,5.6253740275284265,86.17021276595744,84.61538461538461,1.0638297872340425,7.6923076923076925,18.76981610653139,HGM,0,5,1,0,4,1,1,0,0,1,0,0,0,0,0,0
91,88,3,0,3,2,0,2,0,0,0,0,0,103,base,1671,1580,289,5.445840813883902,96.7032967032967,66.66666666666667,0.0,0.0,18.29113924050633,HGM,0,1,0,0,1,0,0,0,0,0,0,0,0,0,0,0
91,77,14,0,14,10,0,8,0,2,0,0,0,103,B,1671,1580,289,5.445840813883902,84.61538461538461,71.42857142857143,0.0,0.0,18.29113924050633,HGM,0,6,0,0,6,0,2,0,0,2,0,0,0,0,0,0
84,79,5,0,5,3,0,3,0,0,0,0,0,104,base,1671,1587,287,5.026929982046679,94.04761904761905,60.0,0.0,0.0,18.08443604284814,HGM,0,3,1,0,2,1,0,0,0,0,0,0,0,0,0,0
84,71,13,1,12,6,1,6,1,1,0,0,0,104,B,1671,1587,287,5.026929982046679,84.52380952380952,50.0,1.1904761904761905,7.6923076923076925,18.08443604284814,HGM,0,5,1,0,4,1,1,0,0,1,0,0,0,0,0,0
97,92,5,0,5,3,0,2,1,0,0,0,0,105,base,1671,1574,294,5.80490724117295,94.84536082474227,60.0,1.0309278350515463,20.0,18.678526048284624,HGM,0,0,0,0,0,0,0,0,0,0,0,0,0,0,0,0
97,82,15,0,15,9,0,8,1,3,0,0,0,105,B,1671,1574,294,5.80490724117295,84.5360824742268,60.0,1.0309278350515463,6.666666666666667,18.678526048284624,HGM,0,6,0,0,6,0,3,0,0,3,0,0,0,0,0,0
88,82,6,0,6,5,0,4,0,1,0,0,0,106,base,1671,1583,295,5.266307600239378,93.18181818181819,83.33333333333333,0.0,0.0,18.63550221099179,HGM,0,4,0,0,4,1,1,0,0,1,0,0,0,0,0,0
88,69,19,0,19,11,0,9,0,4,0,0,0,106,B,1671,1583,295,5.266307600239378,78.4090909090909,57.89473684210526,0.0,0.0,18.63550221099179,HGM,0,6,0,0,6,0,3,0,0,3,0,0,0,0,0,0
85,80,5,0,5,4,0,3,0,1,0,0,0,107,base,1671,1586,287,5.086774386594853,94.11764705882354,80.0,0.0,0.0,18.095838587641865,HGM,0,2,0,0,2,0,1,0,0,1,0,0,0,0,0,0
85,71,14,0,14,9,0,7,1,4,0,0,0,107,B,1671,1586,287,5.086774386594853,83.52941176470588,64.28571428571429,1.1764705882352942,7.142857142857143,18.095838587641865,HGM,0,5,0,0,5,0,4,0,0,4,0,0,0,0,0,0
78,77,1,0,1,1,0,0,0,0,0,0,0,108,base,1671,1593,295,4.667863554757631,98.71794871794872,100.0,0.0,0.0,18.51851851851852,HGM,0,0,0,0,0,0,0,0,0,0,0,0,0,0,0,0
78,70,8,0,8,4,0,1,0,0,0,0,0,108,B,1671,1593,295,4.667863554757631,89.74358974358974,50.0,0.0,0.0,18.51851851851852,HGM,0,1,0,0,1,0,0,0,0,0,0,0,0,0,0,0
70,63,7,0,7,6,0,5,0,2,0,0,0,109,base,1671,1601,288,4.189108318372233,90.0,85.71428571428571,0.0,0.0,17.988757026858213,HGM,0,5,1,0,4,1,2,0,0,2,0,0,0,0,0,0
70,59,11,0,11,10,0,8,0,2,0,0,0,109,B,1671,1601,288,4.189108318372233,84.28571428571429,90.9090909090909,0.0,0.0,17.988757026858213,HGM,0,7,1,0,6,1,2,0,0,2,0,0,0,0,0,0
91,87,4,0,4,2,0,2,0,2,0,0,0,110,base,1671,1580,290,5.445840813883902,95.6043956043956,50.0,0.0,0.0,18.354430379746834,HGM,0,2,0,0,2,0,2,0,0,2,0,0,0,0,0,0
91,78,13,0,13,8,0,6,0,3,0,0,0,110,B,1671,1580,290,5.445840813883902,85.71428571428571,61.53846153846154,0.0,0.0,18.354430379746834,HGM,0,4,0,0,4,0,3,0,0,3,0,0,0,0,0,0
83,79,4,0,4,3,0,3,1,2,0,0,0,111,base,1671,1588,292,4.967085577498504,95.18072289156626,75.0,1.2048192771084338,25.0,18.387909319899244,HGM,0,2,0,0,2,0,2,0,0,2,0,0,0,0,0,0
83,72,11,0,11,6,0,6,1,2,0,0,0,111,B,1671,1588,292,4.967085577498504,86.74698795180723,54.54545454545455,1.2048192771084338,9.090909090909092,18.387909319899244,HGM,0,4,0,0,4,0,2,0,0,2,0,0,0,0,0,0
80,76,4,0,4,3,0,2,0,0,0,0,0,112,base,1671,1591,296,4.78755236385398,95.0,75.0,0.0,0.0,18.6046511627907,HGM,0,0,0,0,0,0,0,0,0,0,0,0,0,0,0,0
80,70,10,0,10,7,0,5,0,2,0,0,0,112,B,1671,1591,296,4.78755236385398,87.5,70.0,0.0,0.0,18.6046511627907,HGM,0,2,0,0,2,0,2,0,0,2,0,0,0,0,0,0
76,69,7,0,7,4,0,1,1,0,0,0,0,113,base,1671,1595,293,4.548174745661281,90.78947368421052,57.142857142857146,1.3157894736842106,14.285714285714286,18.369905956112852,HGM,0,0,0,0,0,0,0,0,0,0,0,0,0,0,0,0
76,60,16,1,15,10,0,5,0,3,0,0,0,113,B,1671,1595,293,4.548174745661281,78.94736842105263,66.66666666666667,0.0,0.0,18.369905956112852,HGM,0,3,0,0,3,0,3,0,0,3,0,0,0,0,0,0
90,89,1,0,1,0,0,0,0,0,0,0,0,114,base,1671,1581,291,5.3859964093357275,98.88888888888889,0.0,0.0,0.0,18.40607210626186,HGM,0,0,0,0,0,0,0,0,0,0,0,0,0,0,0,0
90,78,12,0,12,8,0,4,0,0,0,0,0,114,B,1671,1581,291,5.3859964093357275,86.66666666666667,66.66666666666667,0.0,0.0,18.40607210626186,HGM,0,4,0,0,4,0,0,0,0,0,0,0,0,0,0,0
82,77,5,0,5,3,0,2,0,2,0,0,0,115,base,1671,1589,294,4.90724117295033,93.90243902439025,60.0,0.0,0.0,18.502202643171806,HGM,0,3,1,0,2,1,2,0,0,2,0,0,0,0,0,0
82,72,10,0,10,7,0,5,0,3,0,0,0,115,B,1671,1589,294,4.90724117295033,87.8048780487805,70.0,0.0,0.0,18.502202643171806,HGM,0,5,1,0,4,1,3,0,0,3,0,0,0,0,0,0
84,83,1,0,1,1,0,1,0,0,0,0,0,116,base,1671,1587,294,5.026929982046679,98.80952380952381,100.0,0.0,0.0,18.525519848771268,HGM,0,1,0,0,1,0,0,0,0,0,0,0,0,0,0,0
84,73,11,1,10,9,0,6,0,3,0,0,0,116,B,1671,1587,294,5.026929982046679,86.9047619047619,90.0,0.0,0.0,18.525519848771268,HGM,0,6,0,0,6,0,3,0,0,3,0,0,0,0,0,0
98,95,3,0,3,1,0,1,0,0,0,0,0,117,base,1671,1573,292,5.8647516457211255,96.93877551020408,33.333333333333336,0.0,0.0,18.56325492689129,HGM,0,0,0,0,0,0,0,0,0,0,0,0,0,0,0,0
98,90,8,0,8,4,0,3,0,1,0,0,0,117,B,1671,1573,292,5.8647516457211255,91.83673469387755,50.0,0.0,0.0,18.56325492689129,HGM,0,2,0,0,2,0,1,0,0,1,0,0,0,0,0,0
87,79,8,0,8,3,0,2,0,0,0,0,0,118,base,1671,1584,288,5.206463195691203,90.80459770114942,37.5,0.0,0.0,18.181818181818183,HGM,0,0,0,0,0,0,0,0,0,0,0,0,0,0,0,0
87,73,14,0,14,5,0,2,0,0,0,0,0,118,B,1671,1584,288,5.206463195691203,83.9080459770115,35.714285714285715,0.0,0.0,18.181818181818183,HGM,0,1,0,0,1,0,0,0,0,0,0,0,0,0,0,0
93,89,4,0,4,3,0,1,0,0,0,0,0,119,base,1671,1578,291,5.565529622980251,95.6989247311828,75.0,0.0,0.0,18.44106463878327,HGM,0,2,0,0,1,1,0,0,0,0,0,0,0,0,0,0
93,82,11,1,10,8,1,6,0,2,0,0,0,119,B,1671,1578,291,5.565529622980251,88.17204301075269,80.0,0.0,0.0,18.44106463878327,HGM,0,7,0,0,6,1,2,0,0,2,0,0,0,0,0,0
71,67,4,0,4,3,0,2,0,0,0,0,0,120,base,1671,1600,293,4.248952722920407,94.36619718309859,75.0,0.0,0.0,18.3125,HGM,0,0,0,0,0,0,0,0,0,0,0,0,0,0,0,0
71,63,8,0,8,6,0,4,0,0,0,0,0,120,B,1671,1600,293,4.248952722920407,88.73239436619718,75.0,0.0,0.0,18.3125,HGM,0,1,0,0,1,0,0,0,0,0,0,0,0,0,0,0
80,76,4,0,4,1,0,1,0,0,0,0,0,121,base,1671,1591,300,4.78755236385398,95.0,25.0,0.0,0.0,18.856065367693276,HGM,0,0,0,0,0,0,0,0,0,0,0,0,0,0,0,0
80,72,8,1,7,3,1,3,0,1,0,0,0,121,B,1671,1591,300,4.78755236385398,90.0,42.857142857142854,0.0,0.0,18.856065367693276,HGM,0,1,0,0,1,0,1,0,0,1,0,0,0,0,0,0
97,90,7,0,7,6,0,4,0,1,0,0,0,122,base,1671,1574,282,5.80490724117295,92.78350515463917,85.71428571428571,0.0,0.0,17.916137229987292,HGM,0,4,1,0,3,1,1,0,0,1,0,0,0,0,0,0
97,80,17,0,17,11,0,6,0,2,0,0,0,122,B,1671,1574,282,5.80490724117295,82.47422680412372,64.70588235294117,0.0,0.0,17.916137229987292,HGM,0,6,1,0,5,1,2,0,0,2,0,0,0,0,0,0
72,68,4,0,4,3,0,1,0,0,0,0,0,123,base,1671,1599,294,4.308797127468582,94.44444444444444,75.0,0.0,0.0,18.386491557223266,HGM,0,2,1,0,1,1,0,0,0,0,0,0,0,0,0,0
72,61,11,0,11,6,0,4,1,2,0,0,0,123,B,1671,1599,294,4.308797127468582,84.72222222222223,54.54545454545455,1.3888888888888888,9.090909090909092,18.386491557223266,HGM,0,4,1,0,3,1,2,0,0,2,0,0,0,0,0,0
91,88,3,0,3,3,0,1,0,1,0,0,0,124,base,1671,1580,289,5.445840813883902,96.7032967032967,100.0,0.0,0.0,18.29113924050633,HGM,0,2,1,0,1,1,1,0,0,1,0,0,0,0,0,0
91,83,8,1,7,5,0,3,0,2,0,0,0,124,B,1671,1580,289,5.445840813883902,91.20879120879121,71.42857142857143,0.0,0.0,18.29113924050633,HGM,0,4,1,0,3,1,2,0,0,2,0,0,0,0,0,0
97,93,4,0,4,3,0,2,0,0,0,0,0,125,base,1671,1574,297,5.80490724117295,95.87628865979381,75.0,0.0,0.0,18.86912325285896,HGM,0,2,1,0,1,1,0,0,0,0,0,0,0,0,0,0
97,84,13,0,13,8,0,4,1,0,0,0,0,125,B,1671,1574,297,5.80490724117295,86.5979381443299,61.53846153846154,1.0309278350515463,7.6923076923076925,18.86912325285896,HGM,0,3,1,0,2,1,0,0,0,0,0,0,0,0,0,0
86,83,3,0,3,1,0,1,0,0,0,0,0,126,base,1671,1585,296,5.146618791143029,96.51162790697674,33.333333333333336,0.0,0.0,18.675078864353313,HGM,0,0,0,0,0,0,0,0,0,0,0,0,0,0,0,0
86,76,10,0,10,7,0,6,0,1,0,0,0,126,B,1671,1585,296,5.146618791143029,88.37209302325581,70.0,0.0,0.0,18.675078864353313,HGM,0,2,0,0,2,0,1,0,0,1,0,0,0,0,0,0
78,75,3,0,3,2,0,0,0,0,0,0,0,127,base,1671,1593,290,4.667863554757631,96.15384615384616,66.66666666666667,0.0,0.0,18.20464532328939,HGM,0,0,0,0,0,0,0,0,0,0,0,0,0,0,0,0
78,70,8,0,8,6,0,3,0,1,0,0,0,127,B,1671,1593,290,4.667863554757631,89.74358974358974,75.0,0.0,0.0,18.20464532328939,HGM,0,2,0,0,2,0,1,0,0,1,0,0,0,0,0,0
67,64,3,0,3,2,0,1,0,1,0,0,0,128,base,1671,1604,291,4.009575104727708,95.5223880597015,66.66666666666667,0.0,0.0,18.14214463840399,HGM,0,1,0,0,1,0,1,0,0,1,0,0,0,0,0,0
67,52,15,0,15,12,0,8,0,5,0,0,0,128,B,1671,1604,291,4.009575104727708,77.61194029850746,80.0,0.0,0.0,18.14214463840399,HGM,0,6,0,0,6,0,5,0,0,5,0,0,0,0,0,0
80,75,5,0,5,2,0,1,0,0,0,0,0,129,base,1671,1591,297,4.78755236385398,93.75,40.0,0.0,0.0,18.667504714016342,HGM,0,2,1,0,1,1,0,0,0,0,0,0,0,0,0,0
80,70,10,0,10,4,0,3,0,1,0,0,0,129,B,1671,1591,297,4.78755236385398,87.5,40.0,0.0,0.0,18.667504714016342,HGM,0,3,1,0,2,1,1,0,0,1,0,0,0,0,0,0
82,79,3,0,3,2,0,1,0,0,0,0,0,130,base,1671,1589,296,4.90724117295033,96.34146341463415,66.66666666666667,0.0,0.0,18.628067967275015,HGM,0,2,1,0,1,1,0,0,0,0,0,0,0,0,0,0
82,70,12,0,12,7,0,3,0,1,0,0,0,130,B,1671,1589,296,4.90724117295033,85.36585365853658,58.333333333333336,0.0,0.0,18.628067967275015,HGM,0,3,0,0,2,1,1,0,0,1,0,0,0,0,0,0
94,91,3,0,3,2,0,2,0,0,0,0,0,131,base,1671,1577,291,5.6253740275284265,96.80851063829788,66.66666666666667,0.0,0.0,18.45275840202917,HGM,0,0,0,0,0,0,0,0,0,0,0,0,0,0,0,0
94,80,14,2,12,9,0,4,0,1,0,0,0,131,B,1671,1577,291,5.6253740275284265,85.1063829787234,75.0,0.0,0.0,18.45275840202917,HGM,0,1,0,0,1,0,1,0,0,1,0,0,0,0,0,0
85,80,5,0,5,5,0,5,0,3,0,0,0,132,base,1671,1586,286,5.086774386594853,94.11764705882354,100.0,0.0,0.0,18.0327868852459,HGM,0,5,0,0,5,0,3,0,0,3,0,0,0,0,0,0
85,71,14,0,14,13,0,8,0,2,0,0,0,132,B,1671,1586,286,5.086774386594853,83.52941176470588,92.85714285714286,0.0,0.0,18.0327868852459,HGM,0,6,0,0,6,0,2,0,0,2,0,0,0,0,0,0
75,72,3,0,3,2,0,1,0,0,0,0,0,133,base,1671,1596,292,4.488330341113106,96.0,66.66666666666667,0.0,0.0,18.295739348370926,HGM,0,2,1,0,1,1,0,0,0,0,0,0,0,0,0,0
75,64,11,0,11,7,0,6,0,4,0,0,0,133,B,1671,1596,292,4.488330341113106,85.33333333333333,63.63636363636363,0.0,0.0,18.295739348370926,HGM,0,5,0,0,5,1,4,0,0,4,0,0,0,0,0,0
76,72,4,0,4,2,0,1,0,1,0,0,0,134,base,1671,1595,293,4.548174745661281,94.73684210526316,50.0,0.0,0.0,18.369905956112852,HGM,0,2,1,0,1,1,1,0,0,1,0,0,0,0,0,0
76,68,8,1,7,3,0,3,0,1,0,0,0,134,B,1671,1595,293,4.548174745661281,89.47368421052632,42.857142857142854,0.0,0.0,18.369905956112852,HGM,0,3,0,0,3,0,1,0,0,1,0,0,0,0,0,0
76,70,6,0,6,3,0,3,0,1,0,0,0,135,base,1671,1595,295,4.548174745661281,92.10526315789474,50.0,0.0,0.0,18.495297805642632,HGM,0,1,0,0,1,0,1,0,0,1,0,0,0,0,0,0
76,60,16,0,16,10,0,7,0,0,0,0,0,135,B,1671,1595,295,4.548174745661281,78.94736842105263,62.5,0.0,0.0,18.495297805642632,HGM,0,3,0,0,3,0,0,0,0,0,0,0,0,0,0,0
98,89,9,0,9,3,0,3,0,1,0,0,0,136,base,1671,1573,289,5.8647516457211255,90.81632653061224,33.333333333333336,0.0,0.0,18.372536554354735,HGM,0,4,1,0,3,1,1,0,0,1,0,0,0,0,0,0
98,82,16,0,16,10,0,8,0,2,0,0,0,136,B,1671,1573,289,5.8647516457211255,83.6734693877551,62.5,0.0,0.0,18.372536554354735,HGM,0,4,0,0,4,0,2,0,0,2,0,0,0,0,0,0
85,82,3,0,3,2,0,1,0,0,0,0,0,137,base,1671,1586,290,5.086774386594853,96.47058823529412,66.66666666666667,0.0,0.0,18.284993694829762,HGM,0,1,0,0,1,0,0,0,0,0,0,0,0,0,0,0
85,74,11,0,11,9,0,4,0,0,0,0,0,137,B,1671,1586,290,5.086774386594853,87.05882352941177,81.81818181818181,0.0,0.0,18.284993694829762,HGM,0,2,0,0,2,0,0,0,0,0,0,0,0,0,0,0
92,86,6,0,6,4,0,3,1,1,0,0,0,138,base,1671,1579,291,5.505685218432077,93.47826086956522,66.66666666666667,1.0869565217391304,16.666666666666668,18.42938568714376,HGM,0,1,0,0,1,0,1,0,0,1,0,0,0,0,0,0
92,75,17,0,17,9,0,6,1,2,0,0,0,138,B,1671,1579,291,5.505685218432077,81.52173913043478,52.94117647058823,1.0869565217391304,5.882352941176471,18.42938568714376,HGM,0,3,0,0,3,0,2,0,0,2,0,0,0,0,0,0
80,74,6,0,6,5,0,5,0,0,0,0,0,139,base,1671,1591,297,4.78755236385398,92.5,83.33333333333333,0.0,0.0,18.667504714016342,HGM,0,1,0,0,1,0,0,0,0,0,0,0,0,0,0,0
80,69,11,0,11,9,0,8,0,1,0,0,0,139,B,1671,1591,297,4.78755236385398,86.25,81.81818181818181,0.0,0.0,18.667504714016342,HGM,0,1,0,0,1,0,1,0,0,1,0,0,0,0,0,0
88,83,5,0,5,2,0,2,0,0,0,0,0,140,base,1671,1583,291,5.266307600239378,94.31818181818181,40.0,0.0,0.0,18.382817435249525,HGM,0,2,0,0,2,0,0,0,0,0,0,0,0,0,0,0
88,74,14,1,13,7,1,5,0,3,0,0,0,140,B,1671,1583,291,5.266307600239378,84.0909090909091,53.84615384615385,0.0,0.0,18.382817435249525,HGM,0,5,0,0,5,0,3,0,0,3,0,0,0,0,0,0
83,80,3,0,3,3,0,1,0,0,0,0,0,141,base,1671,1588,289,4.967085577498504,96.3855421686747,100.0,0.0,0.0,18.198992443324936,HGM,0,0,0,0,0,0,0,0,0,0,0,0,0,0,0,0
83,73,10,0,10,8,0,3,0,1,0,0,0,141,B,1671,1588,289,4.967085577498504,87.95180722891567,80.0,0.0,0.0,18.198992443324936,HGM,0,1,0,0,1,0,1,0,0,1,0,0,0,0,0,0
90,84,6,0,6,4,0,4,0,2,0,0,0,42,base,1562,1472,168,5.761843790012804,93.33333333333333,66.66666666666667,0.0,0.0,11.41304347826087,INN,0,5,1,0,4,1,2,0,0,2,0,0,0,0,0,0
90,74,16,0,16,7,0,8,1,4,0,0,0,42,B,1562,1472,168,5.761843790012804,82.22222222222223,43.75,1.1111111111111112,6.25,11.41304347826087,INN,0,7,1,0,6,1,4,0,0,4,0,0,0,0,0,0
88,84,4,0,4,2,0,1,0,0,0,0,0,43,base,1562,1474,171,5.633802816901408,95.45454545454545,50.0,0.0,0.0,11.601085481682496,INN,0,1,0,0,1,0,0,0,0,0,0,0,0,0,0,0
88,78,10,0,10,3,0,3,0,0,0,0,0,43,B,1562,1474,171,5.633802816901408,88.63636363636364,30.0,0.0,0.0,11.601085481682496,INN,0,1,0,0,1,0,0,0,0,0,0,0,0,0,0,0
74,65,9,0,9,6,0,3,0,1,0,0,0,44,base,1562,1488,172,4.7375160051216385,87.83783783783784,66.66666666666667,0.0,0.0,11.559139784946236,INN,0,4,1,0,3,1,1,0,0,1,0,0,0,0,0,0
74,59,15,0,15,6,0,5,0,2,0,0,0,44,B,1562,1488,172,4.7375160051216385,79.72972972972973,40.0,0.0,0.0,11.559139784946236,INN,0,6,1,0,5,1,2,0,0,2,0,0,0,0,0,0
80,73,7,0,7,3,0,4,1,1,0,0,0,45,base,1562,1482,168,5.121638924455826,91.25,42.857142857142854,1.25,14.285714285714286,11.336032388663968,INN,0,4,1,1,4,0,1,0,0,1,0,0,0,0,0,0
80,63,17,2,15,12,0,8,0,3,0,0,0,45,B,1562,1482,168,5.121638924455826,78.75,80.0,0.0,0.0,11.336032388663968,INN,0,8,0,0,8,0,3,0,0,3,0,0,0,0,0,0
74,67,7,0,7,5,0,4,0,1,0,0,0,46,base,1562,1488,168,4.7375160051216385,90.54054054054055,71.42857142857143,0.0,0.0,11.290322580645162,INN,0,3,0,0,3,0,1,0,0,1,0,0,0,0,0,0
74,65,9,1,8,6,0,4,0,1,0,0,0,46,B,1562,1488,168,4.7375160051216385,87.83783783783784,75.0,0.0,0.0,11.290322580645162,INN,0,4,0,0,4,0,1,0,0,1,0,0,0,0,0,0
97,94,3,0,3,2,0,1,0,0,0,0,0,47,base,1562,1465,172,6.209987195902689,96.90721649484536,66.66666666666667,0.0,0.0,11.74061433447099,INN,0,1,0,0,1,0,0,0,0,0,0,0,0,0,0,0
97,86,11,0,11,7,0,5,0,2,0,0,0,47,B,1562,1465,172,6.209987195902689,88.65979381443299,63.63636363636363,0.0,0.0,11.74061433447099,INN,0,5,0,0,5,0,2,0,0,2,0,0,0,0,0,0
78,73,5,0,5,4,0,4,0,0,0,0,0,48,base,1562,1484,169,4.99359795134443,93.58974358974359,80.0,0.0,0.0,11.388140161725067,INN,0,7,3,0,4,3,0,0,0,0,0,0,0,0,0,0
78,63,15,1,14,10,0,9,0,1,0,0,0,48,B,1562,1484,169,4.99359795134443,80.76923076923077,71.42857142857143,0.0,0.0,11.388140161725067,INN,0,9,2,0,7,3,1,0,0,1,0,0,0,0,0,0
69,65,4,0,4,4,0,3,0,0,0,0,0,49,base,1562,1493,172,4.41741357234315,94.20289855072464,100.0,0.0,0.0,11.520428667113196,INN,0,2,0,0,2,0,0,0,0,0,0,0,0,0,0,0
69,62,7,0,7,4,0,4,0,0,0,0,0,49,B,1562,1493,172,4.41741357234315,89.85507246376811,57.142857142857146,0.0,0.0,11.520428667113196,INN,0,3,0,0,3,0,0,0,0,0,0,0,0,0,0,0
93,92,1,0,1,1,0,1,0,1,0,0,0,50,base,1562,1469,164,5.953905249679898,98.9247311827957,100.0,0.0,0.0,11.164057181756297,INN,0,1,0,0,1,0,1,0,0,1,0,0,0,0,0,0
93,86,7,1,6,4,0,2,0,1,0,0,0,50,B,1562,1469,164,5.953905249679898,92.47311827956989,66.66666666666667,0.0,0.0,11.164057181756297,INN,0,2,0,0,2,0,1,0,0,1,0,0,0,0,0,0
77,73,4,0,4,3,0,2,0,0,0,0,0,51,base,1562,1485,168,4.929577464788732,94.8051948051948,75.0,0.0,0.0,11.313131313131313,INN,0,2,0,0,2,0,0,0,0,0,0,0,0,0,0,0
77,66,11,0,11,4,0,2,0,0,0,0,0,51,B,1562,1485,168,4.929577464788732,85.71428571428571,36.36363636363637,0.0,0.0,11.313131313131313,INN,0,1,0,0,1,0,0,0,0,0,0,0,0,0,0,0
76,71,5,0,5,2,0,2,0,1,0,0,0,52,base,1562,1486,171,4.865556978233035,93.42105263157895,40.0,0.0,0.0,11.507402422611037,INN,0,2,0,0,2,0,1,0,0,1,0,0,0,0,0,0
76,62,14,1,13,6,0,6,0,3,0,0,0,52,B,1562,1486,171,4.865556978233035,81.57894736842105,46.15384615384615,0.0,0.0,11.507402422611037,INN,0,6,0,0,6,0,3,0,0,3,0,0,0,0,0,0
82,79,3,0,3,2,0,3,1,0,0,0,0,53,base,1562,1480,169,5.249679897567222,96.34146341463415,66.66666666666667,1.2195121951219512,33.333333333333336,11.41891891891892,INN,0,2,1,0,1,1,0,0,0,0,0,0,0,0,0,0
82,67,15,0,15,7,0,6,1,0,0,0,0,53,B,1562,1480,169,5.249679897567222,81.70731707317073,46.666666666666664,1.2195121951219512,6.666666666666667,11.41891891891892,INN,0,5,1,0,4,1,0,0,0,0,0,0,0,0,0,0
60,55,5,0,5,1,0,0,0,0,0,0,0,54,base,1562,1502,171,3.8412291933418694,91.66666666666667,20.0,0.0,0.0,11.384820239680426,INN,0,1,1,0,0,1,0,0,0,0,0,0,0,0,0,0
60,45,15,0,15,7,0,6,0,4,0,0,0,54,B,1562,1502,171,3.8412291933418694,75.0,46.666666666666664,0.0,0.0,11.384820239680426,INN,0,7,1,0,6,1,4,0,0,4,0,0,0,0,0,0
77,73,4,0,4,2,0,1,0,0,0,0,0,55,base,1562,1485,171,4.929577464788732,94.8051948051948,50.0,0.0,0.0,11.515151515151516,INN,0,2,1,0,1,1,0,0,0,0,0,0,0,0,0,0
77,71,6,0,6,3,0,2,0,0,0,0,0,55,B,1562,1485,171,4.929577464788732,92.20779220779221,50.0,0.0,0.0,11.515151515151516,INN,0,2,0,0,2,0,0,0,0,0,0,0,0,0,0,0
68,63,5,0,5,3,0,3,0,0,0,0,0,56,base,1562,1494,175,4.353393085787452,92.6470588235294,60.0,0.0,0.0,11.713520749665328,INN,0,3,0,0,3,0,0,0,0,0,0,0,0,0,0,0
68,53,15,0,15,8,0,8,0,3,0,0,0,56,B,1562,1494,175,4.353393085787452,77.94117647058823,53.333333333333336,0.0,0.0,11.713520749665328,INN,0,7,0,0,7,0,3,0,0,3,0,0,0,0,0,0
66,59,7,0,7,4,0,3,0,1,0,0,0,57,base,1562,1496,171,4.225352112676056,89.39393939393939,57.142857142857146,0.0,0.0,11.43048128342246,INN,0,3,0,0,3,0,1,0,0,1,0,0,0,0,0,0
66,51,15,0,15,9,0,6,0,3,0,0,0,57,B,1562,1496,171,4.225352112676056,77.27272727272727,60.0,0.0,0.0,11.43048128342246,INN,0,6,0,0,6,0,3,0,0,3,0,0,0,0,0,0
88,82,6,0,6,2,0,0,0,0,0,0,0,58,base,1562,1474,168,5.633802816901408,93.18181818181819,33.333333333333336,0.0,0.0,11.397557666214382,INN,0,1,0,0,0,1,0,0,0,0,0,0,0,0,0,0
88,79,9,0,9,1,0,0,0,0,0,0,0,58,B,1562,1474,168,5.633802816901408,89.77272727272727,11.11111111111111,0.0,0.0,11.397557666214382,INN,0,1,1,0,0,1,0,0,0,0,0,0,0,0,0,0
77,74,3,0,3,1,0,1,0,0,0,0,0,59,base,1562,1485,170,4.929577464788732,96.1038961038961,33.333333333333336,0.0,0.0,11.447811447811448,INN,0,0,0,0,0,0,0,0,0,0,0,0,0,0,0,0
77,67,10,0,10,4,0,4,0,3,0,0,0,59,B,1562,1485,170,4.929577464788732,87.01298701298701,40.0,0.0,0.0,11.447811447811448,INN,0,3,0,0,3,0,3,0,0,3,0,0,0,0,0,0
76,72,4,0,4,2,0,1,0,0,0,0,0,60,base,1562,1486,167,4.865556978233035,94.73684210526316,50.0,0.0,0.0,11.238223418573352,INN,0,2,1,0,1,1,0,0,0,0,0,0,0,0,0,0
76,66,10,1,9,5,0,4,0,2,0,0,0,60,B,1562,1486,167,4.865556978233035,86.84210526315789,55.55555555555556,0.0,0.0,11.238223418573352,INN,0,4,0,0,4,0,2,0,0,2,0,0,0,0,0,0
77,73,4,0,4,1,0,1,0,0,0,0,0,61,base,1562,1485,172,4.929577464788732,94.8051948051948,25.0,0.0,0.0,11.582491582491583,INN,0,1,0,0,1,0,0,0,0,0,0,0,0,0,0,0
77,65,12,0,12,4,0,3,0,0,0,0,0,61,B,1562,1485,172,4.929577464788732,84.41558441558442,33.333333333333336,0.0,0.0,11.582491582491583,INN,0,3,0,0,3,0,0,0,0,0,0,0,0,0,0,0
83,77,6,0,6,5,0,3,0,1,0,0,0,62,base,1562,1479,171,5.313700384122919,92.7710843373494,83.33333333333333,0.0,0.0,11.561866125760648,INN,0,2,0,0,2,0,1,0,0,1,0,0,0,0,0,0
83,70,13,2,11,6,0,5,0,3,0,0,0,62,B,1562,1479,171,5.313700384122919,84.33734939759036,54.54545454545455,0.0,0.0,11.561866125760648,INN,0,5,0,0,5,0,3,0,0,3,0,0,0,0,0,0
65,63,2,0,2,1,0,1,0,0,0,0,0,63,base,1562,1497,175,4.161331626120359,96.92307692307692,50.0,0.0,0.0,11.690046760187041,INN,0,1,0,0,1,0,0,0,0,0,0,0,0,0,0,0
65,53,12,1,11,6,0,5,0,3,0,0,0,63,B,1562,1497,175,4.161331626120359,81.53846153846153,54.54545454545455,0.0,0.0,11.690046760187041,INN,0,5,0,0,5,0,3,0,0,3,0,0,0,0,0,0
84,81,3,0,3,2,0,2,0,0,0,0,0,64,base,1562,1478,167,5.377720870678617,96.42857142857143,66.66666666666667,0.0,0.0,11.299052774018945,INN,0,3,1,0,2,1,0,0,0,0,0,0,0,0,0,0
84,74,10,0,10,7,0,5,0,3,0,0,0,64,B,1562,1478,167,5.377720870678617,88.0952380952381,70.0,0.0,0.0,11.299052774018945,INN,0,5,1,0,4,1,2,0,0,2,0,0,0,0,0,0
80,78,2,0,2,1,0,1,0,0,0,0,0,65,base,1562,1482,164,5.121638924455826,97.5,50.0,0.0,0.0,11.06612685560054,INN,0,3,2,0,1,2,0,0,0,0,0,0,0,0,0,0
80,69,11,0,11,6,0,6,0,2,0,0,0,65,B,1562,1482,164,5.121638924455826,86.25,54.54545454545455,0.0,0.0,11.06612685560054,INN,0,7,2,0,5,2,2,0,0,2,0,0,0,0,0,0
87,83,4,0,4,1,0,0,0,0,0,0,0,66,base,1562,1475,175,5.569782330345711,95.40229885057471,25.0,0.0,0.0,11.864406779661017,INN,0,0,0,0,0,0,0,0,0,0,0,0,0,0,0,0
87,70,17,1,16,7,0,2,0,0,0,0,0,66,B,1562,1475,175,5.569782330345711,80.45977011494253,43.75,0.0,0.0,11.864406779661017,INN,0,2,0,0,2,0,0,0,0,0,0,0,0,0,0,0
73,70,3,0,3,3,0,2,0,0,0,0,0,67,base,1562,1489,168,4.673495518565941,95.89041095890411,100.0,0.0,0.0,11.282740094022834,INN,0,2,0,0,2,0,0,0,0,0,0,0,0,0,0,0
73,62,11,0,11,7,0,5,1,1,0,0,0,67,B,1562,1489,168,4.673495518565941,84.93150684931507,63.63636363636363,1.36986301369863,9.090909090909092,11.282740094022834,INN,0,4,0,0,4,0,1,0,0,1,0,0,0,0,0,0
88,83,5,0,5,5,0,5,0,1,0,0,0,68,base,1562,1474,167,5.633802816901408,94.31818181818181,100.0,0.0,0.0,11.329715061058344,INN,0,3,0,0,3,1,1,0,0,1,0,0,0,0,0,0
88,72,16,0,16,14,0,12,0,4,0,0,0,68,B,1562,1474,167,5.633802816901408,81.81818181818181,87.5,0.0,0.0,11.329715061058344,INN,0,8,0,0,8,1,4,0,0,4,0,0,0,0,0,0
68,66,2,0,2,1,0,2,1,1,0,0,0,69,base,1562,1494,171,4.353393085787452,97.05882352941177,50.0,1.4705882352941178,50.0,11.44578313253012,INN,0,3,2,1,2,1,1,0,0,1,0,0,0,0,0,0
68,62,6,0,6,3,0,4,1,3,0,0,0,69,B,1562,1494,171,4.353393085787452,91.17647058823529,50.0,1.4705882352941178,16.666666666666668,11.44578313253012,INN,0,5,2,1,4,1,3,0,0,3,0,0,0,0,0,0
94,89,5,0,5,3,0,3,0,1,0,0,0,70,base,1562,1468,166,6.017925736235595,94.68085106382979,60.0,0.0,0.0,11.307901907356948,INN,0,3,0,0,3,0,1,0,0,1,0,0,0,0,0,0
94,84,10,1,9,6,0,5,0,1,0,0,0,70,B,1562,1468,166,6.017925736235595,89.36170212765957,66.66666666666667,0.0,0.0,11.307901907356948,INN,0,5,0,0,5,0,1,0,0,1,0,0,0,0,0,0
81,79,2,0,2,0,0,0,0,0,0,0,0,71,base,1562,1481,177,5.185659411011524,97.53086419753086,0.0,0.0,0.0,11.951384199864956,INN,0,1,1,0,0,1,0,0,0,0,0,0,0,0,0,0
81,68,13,1,12,5,0,3,0,2,0,0,0,71,B,1562,1481,177,5.185659411011524,83.95061728395062,41.666666666666664,0.0,0.0,11.951384199864956,INN,0,4,1,0,3,1,2,0,0,2,0,0,0,0,0,0
82,75,7,0,7,4,0,3,0,1,0,0,0,72,base,1562,1480,167,5.249679897567222,91.46341463414635,57.142857142857146,0.0,0.0,11.283783783783784,INN,0,3,0,0,3,0,1,0,0,1,0,0,0,0,0,0
82,66,16,0,16,6,0,5,0,2,0,0,0,72,B,1562,1480,167,5.249679897567222,80.48780487804878,37.5,0.0,0.0,11.283783783783784,INN,0,5,0,0,5,0,2,0,0,2,0,0,0,0,0,0
78,70,8,0,8,7,0,4,1,2,0,0,0,73,base,1562,1484,169,4.99359795134443,89.74358974358974,87.5,1.2820512820512822,12.5,11.388140161725067,INN,0,3,0,0,3,0,2,0,0,2,0,0,0,0,0,0
78,64,14,0,14,8,0,6,0,3,0,0,0,73,B,1562,1484,169,4.99359795134443,82.05128205128206,57.142857142857146,0.0,0.0,11.388140161725067,INN,0,6,0,0,6,0,3,0,0,3,0,0,0,0,0,0
88,81,7,0,7,5,0,4,0,1,0,0,0,74,base,1562,1474,172,5.633802816901408,92.04545454545455,71.42857142857143,0.0,0.0,11.668928086838534,INN,0,5,1,0,4,1,1,0,0,1,0,0,0,0,0,0
88,73,15,1,14,10,0,9,0,5,0,0,0,74,B,1562,1474,172,5.633802816901408,82.95454545454545,71.42857142857143,0.0,0.0,11.668928086838534,INN,0,10,1,0,9,1,5,0,0,5,0,0,0,0,0,0
88,84,4,0,4,4,0,2,0,0,0,0,0,75,base,1562,1474,170,5.633802816901408,95.45454545454545,100.0,0.0,0.0,11.533242876526458,INN,0,2,0,0,2,0,0,0,0,0,0,0,0,0,0,0
88,76,12,1,11,10,0,7,0,1,0,0,0,75,B,1562,1474,170,5.633802816901408,86.36363636363636,90.9090909090909,0.0,0.0,11.533242876526458,INN,0,6,0,0,6,0,1,0,0,1,0,0,0,0,0,0
70,69,1,0,1,0,0,0,0,0,0,0,0,76,base,1562,1492,175,4.481434058898848,98.57142857142857,0.0,0.0,0.0,11.729222520107239,INN,0,1,1,0,0,1,0,0,0,0,0,0,0,0,0,0
70,66,4,0,4,2,0,1,0,1,0,0,0,76,B,1562,1492,175,4.481434058898848,94.28571428571429,50.0,0.0,0.0,11.729222520107239,INN,0,2,1,0,1,1,1,0,0,1,0,0,0,0,0,0
80,79,1,0,1,0,0,0,0,0,0,0,0,77,base,1562,1482,168,5.121638924455826,98.75,0.0,0.0,0.0,11.336032388663968,INN,0,0,0,0,0,0,0,0,0,0,0,0,0,0,0,0
80,72,8,1,7,3,0,1,0,0,0,0,0,77,B,1562,1482,168,5.121638924455826,90.0,42.857142857142854,0.0,0.0,11.336032388663968,INN,0,1,0,0,1,0,0,0,0,0,0,0,0,0,0,0
78,74,4,0,4,4,0,2,0,2,0,0,0,78,base,1562,1484,170,4.99359795134443,94.87179487179488,100.0,0.0,0.0,11.455525606469003,INN,0,4,2,0,2,2,2,0,0,2,0,0,0,0,0,0
78,65,13,0,13,7,0,5,0,3,0,0,0,78,B,1562,1484,170,4.99359795134443,83.33333333333333,53.84615384615385,0.0,0.0,11.455525606469003,INN,0,7,2,0,5,2,3,0,0,3,0,0,0,0,0,0
61,56,5,0,5,2,0,1,0,0,0,0,0,79,base,1562,1501,169,3.905249679897567,91.80327868852459,40.0,0.0,0.0,11.259160559626915,INN,0,1,0,0,1,0,0,0,0,0,0,0,0,0,0,0
61,53,8,0,8,2,0,1,0,0,0,0,0,79,B,1562,1501,169,3.905249679897567,86.88524590163935,25.0,0.0,0.0,11.259160559626915,INN,0,0,0,0,0,0,0,0,0,0,0,0,0,0,0,0
75,70,5,0,5,5,0,3,0,0,0,0,0,80,base,1562,1487,173,4.801536491677337,93.33333333333333,100.0,0.0,0.0,11.634162743779422,INN,0,2,0,0,2,0,0,0,0,0,0,0,0,0,0,0
75,63,12,1,11,7,0,7,0,3,0,0,0,80,B,1562,1487,173,4.801536491677337,84.0,63.63636363636363,0.0,0.0,11.634162743779422,INN,0,5,0,0,5,0,3,0,0,3,0,0,0,0,0,0
75,73,2,0,2,2,0,2,0,1,0,0,0,81,base,1562,1487,168,4.801536491677337,97.33333333333333,100.0,0.0,0.0,11.297915265635508,INN,0,2,0,0,2,0,1,0,0,1,0,0,0,0,0,0
75,67,8,1,7,5,0,4,0,2,0,0,0,81,B,1562,1487,168,4.801536491677337,89.33333333333333,71.42857142857143,0.0,0.0,11.297915265635508,INN,0,4,0,0,4,0,2,0,0,2,0,0,0,0,0,0
80,76,4,0,4,3,0,3,0,1,0,0,0,82,base,1562,1482,171,5.121638924455826,95.0,75.0,0.0,0.0,11.538461538461538,INN,0,5,2,0,3,2,1,0,0,1,0,0,0,0,0,0
80,68,12,0,12,8,0,8,0,2,0,0,0,82,B,1562,1482,171,5.121638924455826,85.0,66.66666666666667,0.0,0.0,11.538461538461538,INN,0,10,2,0,8,2,2,0,0,2,0,0,0,0,0,0
95,87,8,0,8,5,0,5,0,1,0,0,0,83,base,1562,1467,164,6.081946222791293,91.57894736842105,62.5,0.0,0.0,11.17927743694615,INN,0,7,2,0,5,2,1,0,0,1,0,0,0,0,0,0
95,79,16,2,14,10,1,8,0,4,0,0,0,83,B,1562,1467,164,6.081946222791293,83.15789473684211,71.42857142857143,0.0,0.0,11.17927743694615,INN,0,10,2,0,8,2,4,0,0,4,0,0,0,0,0,0
72,70,2,0,2,1,0,0,0,0,0,0,0,84,base,1562,1490,172,4.609475032010243,97.22222222222223,50.0,0.0,0.0,11.543624161073826,INN,0,0,0,0,0,0,0,0,0,0,0,0,0,0,0,0
72,65,7,0,7,3,0,2,0,1,0,0,0,84,B,1562,1490,172,4.609475032010243,90.27777777777777,42.857142857142854,0.0,0.0,11.543624161073826,INN,0,2,0,0,2,0,1,0,0,1,0,0,0,0,0,0
76,73,3,0,3,2,0,2,0,0,0,0,0,85,base,1562,1486,167,4.865556978233035,96.05263157894737,66.66666666666667,0.0,0.0,11.238223418573352,INN,0,4,2,0,2,2,0,0,0,0,0,0,0,0,0,0
76,69,7,0,7,3,0,2,0,0,0,0,0,85,B,1562,1486,167,4.865556978233035,90.78947368421052,42.857142857142854,0.0,0.0,11.238223418573352,INN,0,4,2,0,2,2,0,0,0,0,0,0,0,0,0,0
87,84,3,0,3,2,0,2,0,1,0,0,0,86,base,1562,1475,171,5.569782330345711,96.55172413793103,66.66666666666667,0.0,0.0,11.59322033898305,INN,0,4,2,0,2,2,1,0,0,1,0,0,0,0,0,0
87,76,11,0,11,8,0,7,0,4,0,0,0,86,B,1562,1475,171,5.569782330345711,87.35632183908046,72.72727272727273,0.0,0.0,11.59322033898305,INN,0,8,2,0,6,2,4,0,0,4,0,0,0,0,0,0
73,69,4,0,4,2,0,1,0,1,0,0,0,87,base,1562,1489,169,4.673495518565941,94.52054794520548,50.0,0.0,0.0,11.34989926124916,INN,0,2,1,0,1,1,1,0,0,1,0,0,0,0,0,0
73,61,12,0,12,4,0,3,0,0,0,0,0,87,B,1562,1489,169,4.673495518565941,83.56164383561644,33.333333333333336,0.0,0.0,11.34989926124916,INN,0,3,1,0,2,1,0,0,0,0,0,0,0,0,0,0
77,71,6,0,6,3,0,2,0,2,0,0,0,88,base,1562,1485,166,4.929577464788732,92.20779220779221,50.0,0.0,0.0,11.178451178451178,INN,0,3,1,0,2,1,2,0,0,2,0,0,0,0,0,0
77,65,12,0,12,8,0,7,0,4,0,0,0,88,B,1562,1485,166,4.929577464788732,84.41558441558442,66.66666666666667,0.0,0.0,11.178451178451178,INN,0,7,1,0,6,1,4,0,0,4,0,0,0,0,0,0
68,64,4,0,4,4,0,2,0,1,0,0,0,89,base,1562,1494,176,4.353393085787452,94.11764705882354,100.0,0.0,0.0,11.78045515394913,INN,0,2,1,0,1,1,1,0,0,1,0,0,0,0,0,0
68,55,13,0,13,10,0,8,0,3,0,0,0,89,B,1562,1494,176,4.353393085787452,80.88235294117646,76.92307692307692,0.0,0.0,11.78045515394913,INN,0,7,1,0,6,1,3,0,0,3,0,0,0,0,0,0
84,81,3,0,3,2,0,2,0,0,0,0,0,90,base,1562,1478,171,5.377720870678617,96.42857142857143,66.66666666666667,0.0,0.0,11.569688768606225,INN,0,3,1,0,2,1,0,0,0,0,0,0,0,0,0,0
84,73,11,0,11,6,0,4,1,1,0,0,0,90,B,1562,1478,171,5.377720870678617,86.9047619047619,54.54545454545455,1.1904761904761905,9.090909090909092,11.569688768606225,INN,0,4,2,1,3,1,1,0,0,1,0,0,0,0,0,0
83,78,5,0,5,1,0,1,0,0,0,0,0,91,base,1562,1479,168,5.313700384122919,93.97590361445783,20.0,0.0,0.0,11.359026369168356,INN,0,2,2,0,0,2,0,0,0,0,0,0,0,0,0,0
83,68,15,2,13,6,0,6,0,3,0,0,0,91,B,1562,1479,168,5.313700384122919,81.92771084337349,46.15384615384615,0.0,0.0,11.359026369168356,INN,0,6,1,0,5,1,3,0,0,3,0,0,0,0,0,0
83,75,8,0,8,3,0,2,0,0,0,0,0,92,base,1562,1479,173,5.313700384122919,90.36144578313252,37.5,0.0,0.0,11.69709263015551,INN,0,3,1,0,2,1,0,0,0,0,0,0,0,0,0,0
83,70,13,0,13,4,0,4,0,1,0,0,0,92,B,1562,1479,173,5.313700384122919,84.33734939759036,30.76923076923077,0.0,0.0,11.69709263015551,INN,0,5,1,0,4,1,1,0,0,1,0,0,0,0,0,0
83,82,1,0,1,1,0,1,0,0,0,0,0,93,base,1562,1479,174,5.313700384122919,98.79518072289157,100.0,0.0,0.0,11.764705882352942,INN,0,2,1,0,1,1,0,0,0,0,0,0,0,0,0,0
83,75,8,0,8,5,0,5,0,2,0,0,0,93,B,1562,1479,174,5.313700384122919,90.36144578313252,62.5,0.0,0.0,11.764705882352942,INN,0,6,1,0,5,1,2,0,0,2,0,0,0,0,0,0
73,71,2,0,2,1,0,0,0,0,0,0,0,94,base,1562,1489,170,4.673495518565941,97.26027397260275,50.0,0.0,0.0,11.417058428475487,INN,0,0,0,0,0,0,0,0,0,0,0,0,0,0,0,0
73,68,5,0,5,4,0,2,0,1,0,0,0,94,B,1562,1489,170,4.673495518565941,93.15068493150685,80.0,0.0,0.0,11.417058428475487,INN,0,1,0,0,1,0,1,0,0,1,0,0,0,0,0,0
69,62,7,0,7,3,0,2,0,0,0,0,0,95,base,1562,1493,170,4.41741357234315,89.85507246376811,42.857142857142854,0.0,0.0,11.386470194239786,INN,0,2,0,0,2,0,0,0,0,0,0,0,0,0,0,0
69,57,12,0,12,6,0,5,0,1,0,0,0,95,B,1562,1493,170,4.41741357234315,82.6086956521739,50.0,0.0,0.0,11.386470194239786,INN,0,4,0,0,4,0,1,0,0,1,0,0,0,0,0,0
98,93,5,0,5,3,0,2,0,0,0,0,0,96,base,1562,1464,167,6.274007682458387,94.89795918367346,60.0,0.0,0.0,11.407103825136613,INN,0,2,0,0,2,0,0,0,0,0,0,0,0,0,0,0
98,84,14,1,13,9,1,6,0,2,0,0,0,96,B,1562,1464,167,6.274007682458387,85.71428571428571,69.23076923076923,0.0,0.0,11.407103825136613,INN,0,6,0,0,6,0,2,0,0,2,0,0,0,0,0,0
74,71,3,0,3,3,0,1,0,1,0,0,0,97,base,1562,1488,171,4.7375160051216385,95.94594594594595,100.0,0.0,0.0,11.491935483870968,INN,0,1,0,0,1,0,1,0,0,1,0,0,0,0,0,0
74,62,12,1,11,8,0,5,0,3,0,0,0,97,B,1562,1488,171,4.7375160051216385,83.78378378378379,72.72727272727273,0.0,0.0,11.491935483870968,INN,0,5,0,0,5,0,3,0,0,3,0,0,0,0,0,0
85,79,6,0,6,3,0,2,0,0,0,0,0,98,base,1562,1477,171,5.441741357234315,92.94117647058823,50.0,0.0,0.0,11.577522004062288,INN,0,3,1,0,2,1,0,0,0,0,0,0,0,0,0,0
85,73,12,0,12,4,0,4,0,1,0,0,0,98,B,1562,1477,171,5.441741357234315,85.88235294117646,33.333333333333336,0.0,0.0,11.577522004062288,INN,0,5,1,0,4,1,1,0,0,1,0,0,0,0,0,0
79,71,8,0,8,3,0,1,0,1,0,0,0,99,base,1562,1483,169,5.057618437900128,89.87341772151899,37.5,0.0,0.0,11.395819285232637,INN,0,1,0,0,1,0,1,0,0,1,0,0,0,0,0,0
79,68,11,1,10,1,0,2,1,0,0,0,0,99,B,1562,1483,169,5.057618437900128,86.07594936708861,10.0,1.2658227848101267,9.090909090909092,11.395819285232637,INN,0,1,0,0,1,0,0,0,0,0,0,0,0,0,0,0
69,65,4,0,4,1,0,1,0,0,0,0,0,100,base,1562,1493,169,4.41741357234315,94.20289855072464,25.0,0.0,0.0,11.319490957803081,INN,0,1,0,0,1,0,0,0,0,0,0,0,0,0,0,0
69,61,8,1,7,2,0,2,0,0,0,0,0,100,B,1562,1493,169,4.41741357234315,88.40579710144928,28.571428571428573,0.0,0.0,11.319490957803081,INN,0,1,0,0,1,0,0,0,0,0,0,0,0,0,0,0
64,59,5,0,5,3,0,3,0,1,0,0,0,101,base,1562,1498,172,4.097311139564661,92.1875,60.0,0.0,0.0,11.481975967957275,INN,0,4,1,0,3,1,1,0,0,1,0,0,0,0,0,0
64,53,11,0,11,7,0,7,0,2,0,0,0,101,B,1562,1498,172,4.097311139564661,82.8125,63.63636363636363,0.0,0.0,11.481975967957275,INN,0,6,1,0,5,1,2,0,0,2,0,0,0,0,0,0
70,66,4,0,4,3,0,1,0,0,0,0,0,102,base,1562,1492,172,4.481434058898848,94.28571428571429,75.0,0.0,0.0,11.528150134048257,INN,0,2,1,0,1,1,0,0,0,0,0,0,0,0,0,0
70,62,8,0,8,3,0,2,0,0,0,0,0,102,B,1562,1492,172,4.481434058898848,88.57142857142857,37.5,0.0,0.0,11.528150134048257,INN,0,3,1,0,2,1,0,0,0,0,0,0,0,0,0,0
82,80,2,0,2,1,0,0,0,0,0,0,0,103,base,1562,1480,172,5.249679897567222,97.5609756097561,50.0,0.0,0.0,11.621621621621621,INN,0,0,0,0,0,0,0,0,0,0,0,0,0,0,0,0
82,72,10,1,9,5,0,3,0,2,0,0,0,103,B,1562,1480,172,5.249679897567222,87.8048780487805,55.55555555555556,0.0,0.0,11.621621621621621,INN,0,3,0,0,3,0,2,0,0,2,0,0,0,0,0,0
65,64,1,0,1,0,0,0,0,0,0,0,0,104,base,1562,1497,171,4.161331626120359,98.46153846153847,0.0,0.0,0.0,11.422845691382765,INN,0,1,1,0,0,1,0,0,0,0,0,0,0,0,0,0
65,61,4,0,4,1,0,0,0,0,0,0,0,104,B,1562,1497,171,4.161331626120359,93.84615384615384,25.0,0.0,0.0,11.422845691382765,INN,0,1,1,0,0,1,0,0,0,0,0,0,0,0,0,0
77,75,2,0,2,2,0,1,0,0,0,0,0,105,base,1562,1485,168,4.929577464788732,97.40259740259741,100.0,0.0,0.0,11.313131313131313,INN,0,2,1,0,1,1,0,0,0,0,0,0,0,0,0,0
77,69,8,0,8,4,0,4,1,0,0,0,0,105,B,1562,1485,168,4.929577464788732,89.6103896103896,50.0,1.2987012987012987,12.5,11.313131313131313,INN,0,5,2,1,4,1,0,0,0,0,0,0,0,0,0,0
70,64,6,0,6,3,0,3,1,0,0,0,0,106,base,1562,1492,170,4.481434058898848,91.42857142857143,50.0,1.4285714285714286,16.666666666666668,11.394101876675602,INN,0,2,0,0,2,0,0,0,0,0,0,0,0,0,0,0
70,57,13,0,13,7,0,4,1,1,0,0,0,106,B,1562,1492,170,4.481434058898848,81.42857142857143,53.84615384615385,1.4285714285714286,7.6923076923076925,11.394101876675602,INN,0,3,0,0,3,0,1,0,0,1,0,0,0,0,0,0
81,74,7,0,7,5,0,4,0,2,0,0,0,107,base,1562,1481,167,5.185659411011524,91.35802469135803,71.42857142857143,0.0,0.0,11.276164753544903,INN,0,3,0,0,3,0,2,0,0,2,0,0,0,0,0,0
81,70,11,0,11,8,0,7,0,3,0,0,0,107,B,1562,1481,167,5.185659411011524,86.41975308641975,72.72727272727273,0.0,0.0,11.276164753544903,INN,0,6,0,0,6,0,3,0,0,3,0,0,0,0,0,0
78,73,5,0,5,1,0,0,0,0,0,0,0,108,base,1562,1484,168,4.99359795134443,93.58974358974359,20.0,0.0,0.0,11.320754716981131,INN,0,1,1,0,0,1,0,0,0,0,0,0,0,0,0,0
78,64,14,0,14,7,0,5,0,3,0,0,0,108,B,1562,1484,168,4.99359795134443,82.05128205128206,50.0,0.0,0.0,11.320754716981131,INN,0,5,1,0,4,1,3,0,0,3,0,0,0,0,0,0
71,66,5,0,5,3,0,2,0,0,0,0,0,109,base,1562,1491,167,4.545454545454546,92.95774647887323,60.0,0.0,0.0,11.200536552649229,INN,0,2,0,0,2,0,0,0,0,0,0,0,0,0,0,0
71,61,10,0,10,5,0,4,0,0,0,0,0,109,B,1562,1491,167,4.545454545454546,85.91549295774648,50.0,0.0,0.0,11.200536552649229,INN,0,3,0,0,3,0,0,0,0,0,0,0,0,0,0,0
94,89,5,0,5,4,0,2,0,0,0,0,0,110,base,1562,1468,164,6.017925736235595,94.68085106382979,80.0,0.0,0.0,11.1716621253406,INN,0,3,1,0,2,1,0,0,0,0,0,0,0,0,0,0
94,77,17,1,16,11,0,6,0,3,0,0,0,110,B,1562,1468,164,6.017925736235595,81.91489361702128,68.75,0.0,0.0,11.1716621253406,INN,0,7,1,0,6,1,3,0,0,3,0,0,0,0,0,0
81,72,9,0,9,7,0,6,0,2,0,0,0,111,base,1562,1481,168,5.185659411011524,88.88888888888889,77.77777777777777,0.0,0.0,11.343686698176908,INN,0,6,0,0,6,0,2,0,0,2,0,0,0,0,0,0
81,68,13,0,13,8,0,8,1,4,0,0,0,111,B,1562,1481,168,5.185659411011524,83.95061728395062,61.53846153846154,1.2345679012345678,7.6923076923076925,11.343686698176908,INN,0,7,1,1,7,0,3,0,0,3,0,0,0,0,0,0
61,57,4,0,4,3,0,2,0,1,0,0,0,112,base,1562,1501,173,3.905249679897567,93.44262295081967,75.0,0.0,0.0,11.525649566955362,INN,0,4,2,0,2,2,1,0,0,1,0,0,0,0,0,0
61,52,9,0,9,4,0,4,0,2,0,0,0,112,B,1562,1501,173,3.905249679897567,85.24590163934427,44.44444444444444,0.0,0.0,11.525649566955362,INN,0,6,2,0,4,2,2,0,0,2,0,0,0,0,0,0
74,69,5,0,5,4,0,2,0,1,0,0,0,113,base,1562,1488,172,4.7375160051216385,93.24324324324324,80.0,0.0,0.0,11.559139784946236,INN,0,2,0,0,2,0,1,0,0,1,0,0,0,0,0,0
74,63,11,1,10,5,0,3,0,1,0,0,0,113,B,1562,1488,172,4.7375160051216385,85.13513513513513,50.0,0.0,0.0,11.559139784946236,INN,0,2,0,0,2,0,1,0,0,1,0,0,0,0,0,0
71,69,2,0,2,2,0,1,0,1,0,0,0,114,base,1562,1491,172,4.545454545454546,97.1830985915493,100.0,0.0,0.0,11.53588195841717,INN,0,1,0,0,1,0,1,0,0,1,0,0,0,0,0,0
71,60,11,1,10,9,0,6,0,2,0,0,0,114,B,1562,1491,172,4.545454545454546,84.50704225352112,90.0,0.0,0.0,11.53588195841717,INN,0,5,0,0,5,0,2,0,0,2,0,0,0,0,0,0
85,82,3,0,3,2,0,2,0,1,0,0,0,115,base,1562,1477,170,5.441741357234315,96.47058823529412,66.66666666666667,0.0,0.0,11.509817197020988,INN,0,2,0,0,2,0,1,0,0,1,0,0,0,0,0,0
85,74,11,0,11,8,0,7,0,2,0,0,0,115,B,1562,1477,170,5.441741357234315,87.05882352941177,72.72727272727273,0.0,0.0,11.509817197020988,INN,0,7,0,0,7,0,2,0,0,2,0,0,0,0,0,0
83,77,6,0,6,6,0,4,0,0,0,0,0,116,base,1562,1479,174,5.313700384122919,92.7710843373494,100.0,0.0,0.0,11.764705882352942,INN,0,4,0,0,4,0,0,0,0,0,0,0,0,0,0,0
83,67,16,0,16,9,0,7,0,1,0,0,0,116,B,1562,1479,174,5.313700384122919,80.72289156626506,56.25,0.0,0.0,11.764705882352942,INN,0,6,0,0,6,0,1,0,0,1,0,0,0,0,0,0
102,93,9,0,9,6,0,5,0,1,0,0,0,117,base,1562,1460,166,6.530089628681178,91.17647058823529,66.66666666666667,0.0,0.0,11.36986301369863,INN,0,5,1,0,4,1,1,0,0,1,0,0,0,0,0,0
102,77,25,1,24,13,0,11,0,7,0,0,0,117,B,1562,1460,166,6.530089628681178,75.49019607843137,54.166666666666664,0.0,0.0,11.36986301369863,INN,0,11,1,0,10,1,7,0,0,7,0,0,0,0,0,0
69,57,12,0,12,7,0,5,0,3,0,0,0,118,base,1562,1493,170,4.41741357234315,82.6086956521739,58.333333333333336,0.0,0.0,11.386470194239786,INN,0,6,1,0,5,1,3,0,0,3,0,0,0,0,0,0
69,48,21,0,21,10,0,9,1,5,0,0,0,118,B,1562,1493,170,4.41741357234315,69.56521739130434,47.61904761904762,1.4492753623188406,4.761904761904762,11.386470194239786,INN,0,10,2,1,9,1,5,0,0,5,0,0,0,0,0,0
78,74,4,0,4,2,0,2,0,1,0,0,0,119,base,1562,1484,164,4.99359795134443,94.87179487179488,50.0,0.0,0.0,11.05121293800539,INN,0,2,0,0,2,0,1,0,0,1,0,0,0,0,0,0
78,68,10,0,10,6,0,5,0,2,0,0,0,119,B,1562,1484,164,4.99359795134443,87.17948717948718,60.0,0.0,0.0,11.05121293800539,INN,0,5,0,0,5,0,2,0,0,2,0,0,0,0,0,0
73,68,5,0,5,1,0,1,0,0,0,0,0,120,base,1562,1489,174,4.673495518565941,93.15068493150685,20.0,0.0,0.0,11.685695097380792,INN,0,1,0,0,1,0,0,0,0,0,0,0,0,0,0,0
73,63,10,0,10,5,0,5,0,3,0,0,0,120,B,1562,1489,174,4.673495518565941,86.3013698630137,50.0,0.0,0.0,11.685695097380792,INN,0,5,0,0,5,0,3,0,0,3,0,0,0,0,0,0
77,74,3,0,3,1,0,1,0,0,0,0,0,121,base,1562,1485,169,4.929577464788732,96.1038961038961,33.333333333333336,0.0,0.0,11.38047138047138,INN,0,2,1,0,1,1,0,0,0,0,0,0,0,0,0,0
77,69,8,0,8,1,0,1,0,0,0,0,0,121,B,1562,1485,169,4.929577464788732,89.6103896103896,12.5,0.0,0.0,11.38047138047138,INN,0,2,1,0,1,1,0,0,0,0,0,0,0,0,0,0
87,85,2,0,2,0,0,0,0,0,0,0,0,122,base,1562,1475,165,5.569782330345711,97.70114942528735,0.0,0.0,0.0,11.186440677966102,INN,0,0,0,0,0,0,0,0,0,0,0,0,0,0,0,0
87,77,10,0,10,5,0,5,0,1,0,0,0,122,B,1562,1475,165,5.569782330345711,88.50574712643679,50.0,0.0,0.0,11.186440677966102,INN,0,4,0,0,4,0,1,0,0,1,0,0,0,0,0,0
77,74,3,0,3,1,0,0,0,0,0,0,0,123,base,1562,1485,173,4.929577464788732,96.1038961038961,33.333333333333336,0.0,0.0,11.64983164983165,INN,0,0,0,0,0,0,0,0,0,0,0,0,0,0,0,0
77,70,7,0,7,4,0,1,0,1,0,0,0,123,B,1562,1485,173,4.929577464788732,90.9090909090909,57.142857142857146,0.0,0.0,11.64983164983165,INN,0,1,0,0,1,0,1,0,0,1,0,0,0,0,0,0
78,70,8,0,8,3,0,3,0,2,0,0,0,124,base,1562,1484,174,4.99359795134443,89.74358974358974,37.5,0.0,0.0,11.725067385444744,INN,0,2,0,0,2,0,2,0,0,2,0,0,0,0,0,0
78,67,11,1,10,5,0,5,0,3,0,0,0,124,B,1562,1484,174,4.99359795134443,85.8974358974359,50.0,0.0,0.0,11.725067385444744,INN,0,4,0,0,4,0,3,0,0,3,0,0,0,0,0,0
72,66,6,0,6,3,0,1,0,0,0,0,0,125,base,1562,1490,165,4.609475032010243,91.66666666666667,50.0,0.0,0.0,11.073825503355705,INN,0,2,1,0,1,1,0,0,0,0,0,0,0,0,0,0
72,62,10,1,9,4,0,3,0,1,0,0,0,125,B,1562,1490,165,4.609475032010243,86.11111111111111,44.44444444444444,0.0,0.0,11.073825503355705,INN,0,4,1,0,3,1,1,0,0,1,0,0,0,0,0,0
59,59,0,0,0,0,0,0,0,0,0,0,0,126,base,1562,1503,171,3.7772087067861717,100.0,,0.0,,11.377245508982035,INN,0,1,1,0,0,1,0,0,0,0,0,0,0,0,0,0
59,51,8,1,7,3,0,0,0,0,0,0,0,126,B,1562,1503,171,3.7772087067861717,86.44067796610169,42.857142857142854,0.0,0.0,11.377245508982035,INN,0,1,1,0,0,1,0,0,0,0,0,0,0,0,0,0
94,88,6,0,6,5,0,3,0,0,0,0,0,127,base,1562,1468,170,6.017925736235595,93.61702127659575,83.33333333333333,0.0,0.0,11.580381471389646,INN,0,5,1,0,3,3,0,0,0,0,0,0,0,0,0,0
94,82,12,0,12,6,0,5,1,1,0,0,0,127,B,1562,1468,170,6.017925736235595,87.23404255319149,50.0,1.0638297872340425,8.333333333333334,11.580381471389646,INN,0,6,1,0,4,3,1,0,0,1,0,0,0,0,0,0
76,73,3,0,3,2,0,1,0,1,0,0,0,128,base,1562,1486,171,4.865556978233035,96.05263157894737,66.66666666666667,0.0,0.0,11.507402422611037,INN,0,2,1,0,1,1,1,0,0,1,0,0,0,0,0,0
76,65,11,2,9,5,0,3,0,2,0,0,0,128,B,1562,1486,171,4.865556978233035,85.52631578947368,55.55555555555556,0.0,0.0,11.507402422611037,INN,0,4,1,0,3,1,2,0,0,2,0,0,0,0,0,0
87,82,5,0,5,1,0,1,0,0,0,0,0,129,base,1562,1475,172,5.569782330345711,94.25287356321839,20.0,0.0,0.0,11.661016949152541,INN,0,1,1,0,0,1,0,0,0,0,0,0,0,0,0,0
87,74,13,0,13,6,0,5,0,1,0,0,0,129,B,1562,1475,172,5.569782330345711,85.05747126436782,46.15384615384615,0.0,0.0,11.661016949152541,INN,0,5,1,0,4,1,1,0,0,1,0,0,0,0,0,0
80,76,4,0,4,3,0,2,0,0,0,0,0,130,base,1562,1482,169,5.121638924455826,95.0,75.0,0.0,0.0,11.403508771929825,INN,0,2,0,0,2,0,0,0,0,0,0,0,0,0,0,0
80,69,11,0,11,9,0,9,0,2,0,0,0,130,B,1562,1482,169,5.121638924455826,86.25,81.81818181818181,0.0,0.0,11.403508771929825,INN,0,7,0,0,7,0,2,0,0,2,0,0,0,0,0,0
77,73,4,0,4,2,0,1,0,1,0,0,0,131,base,1562,1485,168,4.929577464788732,94.8051948051948,50.0,0.0,0.0,11.313131313131313,INN,0,1,0,0,1,0,1,0,0,1,0,0,0,0,0,0
77,67,10,0,10,3,0,2,0,1,0,0,0,131,B,1562,1485,168,4.929577464788732,87.01298701298701,30.0,0.0,0.0,11.313131313131313,INN,0,2,0,0,2,0,1,0,0,1,0,0,0,0,0,0
92,88,4,0,4,3,0,1,0,1,0,0,0,132,base,1562,1470,172,5.8898847631242,95.65217391304348,75.0,0.0,0.0,11.700680272108844,INN,0,3,2,0,1,2,1,0,0,1,0,0,0,0,0,0
92,79,13,1,12,7,0,4,0,3,0,0,0,132,B,1562,1470,172,5.8898847631242,85.8695652173913,58.333333333333336,0.0,0.0,11.700680272108844,INN,0,6,0,0,4,2,3,0,0,3,0,0,0,0,0,0
78,74,4,0,4,4,0,2,0,1,0,0,0,133,base,1562,1484,166,4.99359795134443,94.87179487179488,100.0,0.0,0.0,11.185983827493262,INN,0,3,1,0,2,1,1,0,0,1,0,0,0,0,0,0
78,66,12,0,12,6,0,4,0,1,0,0,0,133,B,1562,1484,166,4.99359795134443,84.61538461538461,50.0,0.0,0.0,11.185983827493262,INN,0,5,1,0,4,1,1,0,0,1,0,0,0,0,0,0
69,65,4,0,4,2,0,0,0,0,0,0,0,134,base,1562,1493,173,4.41741357234315,94.20289855072464,50.0,0.0,0.0,11.587407903549899,INN,0,0,0,0,0,0,0,0,0,0,0,0,0,0,0,0
69,56,13,0,13,9,0,6,0,3,0,0,0,134,B,1562,1493,173,4.41741357234315,81.15942028985508,69.23076923076923,0.0,0.0,11.587407903549899,INN,0,6,0,0,6,0,3,0,0,3,0,0,0,0,0,0
82,81,1,0,1,0,0,0,0,0,0,0,0,135,base,1562,1480,168,5.249679897567222,98.78048780487805,0.0,0.0,0.0,11.35135135135135,INN,0,1,1,0,0,1,0,0,0,0,0,0,0,0,0,0
82,75,7,0,7,5,0,2,0,0,0,0,0,135,B,1562,1480,168,5.249679897567222,91.46341463414635,71.42857142857143,0.0,0.0,11.35135135135135,INN,0,2,1,0,1,1,0,0,0,0,0,0,0,0,0,0
61,58,3,0,3,3,0,3,0,1,0,0,0,136,base,1562,1501,173,3.905249679897567,95.08196721311475,100.0,0.0,0.0,11.525649566955362,INN,0,4,1,0,3,1,1,0,0,1,0,0,0,0,0,0
61,54,7,0,7,4,0,4,0,2,0,0,0,136,B,1562,1501,173,3.905249679897567,88.52459016393442,57.142857142857146,0.0,0.0,11.525649566955362,INN,0,5,1,0,4,1,2,0,0,2,0,0,0,0,0,0
77,74,3,0,3,2,0,2,0,1,0,0,0,137,base,1562,1485,170,4.929577464788732,96.1038961038961,66.66666666666667,0.0,0.0,11.447811447811448,INN,0,4,2,0,2,2,1,0,0,1,0,0,0,0,0,0
77,65,12,2,10,6,0,6,0,3,0,0,0,137,B,1562,1485,170,4.929577464788732,84.41558441558442,60.0,0.0,0.0,11.447811447811448,INN,0,8,2,0,6,2,3,0,0,3,0,0,0,0,0,0
89,85,4,0,4,3,0,1,0,0,0,0,0,138,base,1562,1473,168,5.697823303457106,95.50561797752809,75.0,0.0,0.0,11.405295315682281,INN,0,4,3,0,1,3,0,0,0,0,0,0,0,0,0,0
89,74,15,0,15,13,0,10,0,4,0,0,0,138,B,1562,1473,168,5.697823303457106,83.14606741573034,86.66666666666667,0.0,0.0,11.405295315682281,INN,0,10,1,0,9,2,4,0,0,4,0,0,0,0,0,0
89,83,6,0,6,3,0,2,0,1,0,0,0,139,base,1562,1473,172,5.697823303457106,93.25842696629213,50.0,0.0,0.0,11.676849966055668,INN,0,3,1,0,2,1,1,0,0,1,0,0,0,0,0,0
89,73,16,0,16,11,0,8,0,3,0,0,0,139,B,1562,1473,172,5.697823303457106,82.02247191011236,68.75,0.0,0.0,11.676849966055668,INN,0,8,1,0,7,1,3,0,0,3,0,0,0,0,0,0
78,71,7,0,7,2,0,3,1,1,0,0,0,140,base,1562,1484,174,4.99359795134443,91.02564102564102,28.571428571428573,1.2820512820512822,14.285714285714286,11.725067385444744,INN,0,2,1,1,2,0,1,0,0,1,0,0,0,0,0,0
78,66,12,0,12,7,0,6,0,4,0,0,0,140,B,1562,1484,174,4.99359795134443,84.61538461538461,58.333333333333336,0.0,0.0,11.725067385444744,INN,0,5,0,0,5,0,4,0,0,4,0,0,0,0,0,0
98,89,9,0,9,7,0,6,0,2,0,0,0,141,base,1562,1464,160,6.274007682458387,90.81632653061224,77.77777777777777,0.0,0.0,10.92896174863388,INN,0,5,0,0,5,0,2,0,0,2,0,0,0,0,0,0
98,81,17,2,15,9,1,7,0,3,0,0,0,141,B,1562,1464,160,6.274007682458387,82.65306122448979,60.0,0.0,0.0,10.92896174863388,INN,0,7,0,0,7,0,3,0,0,3,0,0,0,0,0,0
79,74,5,0,5,2,0,2,0,1,0,0,0,42,base,1563,1484,256,5.054382597568778,93.67088607594937,40.0,0.0,0.0,17.250673854447438,LLA,0,2,0,0,2,0,1,0,0,1,0,0,0,0,0,0
79,65,14,0,14,8,0,6,0,3,0,0,0,42,B,1563,1484,256,5.054382597568778,82.27848101265823,57.142857142857146,0.0,0.0,17.250673854447438,LLA,0,4,0,0,4,0,2,0,0,2,0,0,0,0,0,0
76,71,5,0,5,4,0,3,0,1,0,0,0,43,base,1563,1487,262,4.862444017914267,93.42105263157895,80.0,0.0,0.0,17.61936785474109,LLA,0,3,0,0,3,0,1,0,0,1,0,0,0,0,0,0
76,62,14,0,14,8,0,8,0,1,0,0,0,43,B,1563,1487,262,4.862444017914267,81.57894736842105,57.142857142857146,0.0,0.0,17.61936785474109,LLA,0,6,0,0,6,0,1,0,0,1,0,0,0,0,0,0
74,71,3,0,3,2,0,1,0,0,0,0,0,44,base,1563,1489,255,4.73448496481126,95.94594594594595,66.66666666666667,0.0,0.0,17.12558764271323,LLA,0,1,0,0,1,0,0,0,0,0,0,0,0,0,0,0
74,60,14,0,14,11,0,8,0,5,0,0,0,44,B,1563,1489,255,4.73448496481126,81.08108108108108,78.57142857142857,0.0,0.0,17.12558764271323,LLA,0,7,0,0,7,0,4,0,0,4,0,0,0,0,0,0
79,75,4,0,4,4,0,3,0,1,0,0,0,45,base,1563,1484,259,5.054382597568778,94.9367088607595,100.0,0.0,0.0,17.452830188679247,LLA,0,2,1,0,1,1,1,0,0,1,0,0,0,0,0,0
79,63,16,0,16,10,0,9,1,4,0,0,0,45,B,1563,1484,259,5.054382597568778,79.74683544303798,62.5,1.2658227848101267,6.25,17.452830188679247,LLA,0,7,1,0,6,1,4,0,0,4,0,0,0,0,0,0
80,76,4,0,4,4,0,3,0,0,0,0,0,46,base,1563,1483,248,5.1183621241202815,95.0,100.0,0.0,0.0,16.72285906945381,LLA,0,3,0,0,3,0,0,0,0,0,0,0,0,0,0,0
80,67,13,2,11,10,0,8,0,1,0,0,0,46,B,1563,1483,248,5.1183621241202815,83.75,90.9090909090909,0.0,0.0,16.72285906945381,LLA,0,5,0,0,5,0,1,0,0,1,0,0,0,0,0,0
70,67,3,0,3,1,0,1,0,0,0,0,0,47,base,1563,1493,256,4.478566858605246,95.71428571428571,33.333333333333336,0.0,0.0,17.146684527796385,LLA,0,1,0,0,1,0,0,0,0,0,0,0,0,0,0,0
70,61,9,0,9,6,0,5,0,1,0,0,0,47,B,1563,1493,256,4.478566858605246,87.14285714285714,66.66666666666667,0.0,0.0,17.146684527796385,LLA,0,3,0,0,3,0,1,0,0,1,0,0,0,0,0,0
74,69,5,0,5,1,0,2,1,1,0,0,0,48,base,1563,1489,258,4.73448496481126,93.24324324324324,20.0,1.3513513513513513,20.0,17.32706514439221,LLA,0,2,1,1,2,0,1,0,0,1,0,0,0,0,0,0
74,56,18,2,16,9,2,9,0,3,0,0,0,48,B,1563,1489,258,4.73448496481126,75.67567567567568,56.25,0.0,0.0,17.32706514439221,LLA,0,5,0,0,5,0,2,0,0,2,0,0,0,0,0,0
75,73,2,0,2,1,0,0,0,0,0,0,0,49,base,1563,1488,258,4.798464491362764,97.33333333333333,50.0,0.0,0.0,17.338709677419356,LLA,0,0,0,0,0,0,0,0,0,0,0,0,0,0,0,0
75,66,9,0,9,6,0,4,0,2,0,0,0,49,B,1563,1488,258,4.798464491362764,88.0,66.66666666666667,0.0,0.0,17.338709677419356,LLA,0,4,0,0,4,0,2,0,0,2,0,0,0,0,0,0
75,67,8,0,8,7,0,4,0,0,0,0,0,50,base,1563,1488,253,4.798464491362764,89.33333333333333,87.5,0.0,0.0,17.002688172043012,LLA,0,4,1,0,3,1,0,0,0,0,0,0,0,0,0,0
75,57,18,0,18,11,0,9,1,3,0,0,0,50,B,1563,1488,253,4.798464491362764,76.0,61.111111111111114,1.3333333333333333,5.555555555555555,17.002688172043012,LLA,0,7,1,0,6,1,3,0,0,3,0,0,0,0,0,0
83,78,5,0,5,3,0,2,0,0,0,0,0,51,base,1563,1480,255,5.310300703774792,93.97590361445783,60.0,0.0,0.0,17.22972972972973,LLA,0,1,0,0,1,0,0,0,0,0,0,0,0,0,0,0
83,74,9,1,8,4,0,3,0,1,0,0,0,51,B,1563,1480,255,5.310300703774792,89.1566265060241,50.0,0.0,0.0,17.22972972972973,LLA,0,2,0,0,2,0,1,0,0,1,0,0,0,0,0,0
82,80,2,0,2,2,0,2,0,1,0,0,0,52,base,1563,1481,254,5.2463211772232885,97.5609756097561,100.0,0.0,0.0,17.150573936529373,LLA,0,2,0,0,2,0,1,0,0,1,0,0,0,0,0,0
82,69,13,0,13,7,0,6,0,3,0,0,0,52,B,1563,1481,254,5.2463211772232885,84.14634146341463,53.84615384615385,0.0,0.0,17.150573936529373,LLA,0,4,0,0,4,0,3,0,0,3,0,0,0,0,0,0
70,68,2,0,2,1,0,0,0,0,0,0,0,53,base,1563,1493,259,4.478566858605246,97.14285714285714,50.0,0.0,0.0,17.347622237106496,LLA,0,0,0,0,0,0,0,0,0,0,0,0,0,0,0,0
70,60,10,0,10,6,0,4,0,0,0,0,0,53,B,1563,1493,259,4.478566858605246,85.71428571428571,60.0,0.0,0.0,17.347622237106496,LLA,0,3,0,0,3,0,0,0,0,0,0,0,0,0,0,0
88,85,3,0,3,3,0,3,0,0,0,0,0,54,base,1563,1475,251,5.63019833653231,96.5909090909091,100.0,0.0,0.0,17.016949152542374,LLA,0,3,0,0,3,0,0,0,0,0,0,0,0,0,0,0
88,80,8,0,8,7,0,5,0,2,0,0,0,54,B,1563,1475,251,5.63019833653231,90.9090909090909,87.5,0.0,0.0,17.016949152542374,LLA,0,4,0,0,4,0,2,0,0,2,0,0,0,0,0,0
77,75,2,0,2,1,0,1,0,1,0,0,0,55,base,1563,1486,257,4.926423544465771,97.40259740259741,50.0,0.0,0.0,17.294751009421265,LLA,0,1,0,0,1,0,1,0,0,1,0,0,0,0,0,0
77,66,11,0,11,8,0,7,0,5,0,0,0,55,B,1563,1486,257,4.926423544465771,85.71428571428571,72.72727272727273,0.0,0.0,17.294751009421265,LLA,0,7,0,0,7,0,5,0,0,5,0,0,0,0,0,0
81,75,6,0,6,2,0,1,0,0,0,0,0,56,base,1563,1482,251,5.182341650671785,92.5925925925926,33.333333333333336,0.0,0.0,16.936572199730094,LLA,0,3,2,0,1,2,0,0,0,0,0,0,0,0,0,0
81,70,11,0,11,4,0,4,0,1,0,0,0,56,B,1563,1482,251,5.182341650671785,86.41975308641975,36.36363636363637,0.0,0.0,16.936572199730094,LLA,0,6,2,0,4,2,1,0,0,1,0,0,0,0,0,0
66,65,1,0,1,0,0,0,0,0,0,0,0,57,base,1563,1497,262,4.222648752399232,98.48484848484848,0.0,0.0,0.0,17.501670006680026,LLA,0,0,0,0,0,0,0,0,0,0,0,0,0,0,0,0
66,57,9,0,9,3,0,3,1,0,0,0,0,57,B,1563,1497,262,4.222648752399232,86.36363636363636,33.333333333333336,1.5151515151515151,11.11111111111111,17.501670006680026,LLA,0,2,1,1,2,0,0,0,0,0,0,0,0,0,0,0
81,76,5,0,5,5,0,3,0,0,0,0,0,58,base,1563,1482,259,5.182341650671785,93.82716049382717,100.0,0.0,0.0,17.47638326585695,LLA,0,1,0,0,1,0,0,0,0,0,0,0,0,0,0,0
81,70,11,0,11,5,0,3,0,2,0,0,0,58,B,1563,1482,259,5.182341650671785,86.41975308641975,45.45454545454545,0.0,0.0,17.47638326585695,LLA,0,2,0,0,2,0,2,0,0,2,0,0,0,0,0,0
69,62,7,0,7,4,0,2,0,1,0,0,0,59,base,1563,1494,249,4.414587332053743,89.85507246376811,57.142857142857146,0.0,0.0,16.666666666666668,LLA,0,2,1,0,1,1,1,0,0,1,0,0,0,0,0,0
69,57,12,0,12,6,0,4,0,2,0,0,0,59,B,1563,1494,249,4.414587332053743,82.6086956521739,50.0,0.0,0.0,16.666666666666668,LLA,0,3,1,0,2,1,2,0,0,2,0,0,0,0,0,0
85,79,6,0,6,3,0,1,0,1,0,0,0,60,base,1563,1478,255,5.438259756877799,92.94117647058823,50.0,0.0,0.0,17.253044654939107,LLA,0,1,0,0,1,0,1,0,0,1,0,0,0,0,0,0
85,72,13,0,13,6,0,6,0,1,0,0,0,60,B,1563,1478,255,5.438259756877799,84.70588235294117,46.15384615384615,0.0,0.0,17.253044654939107,LLA,0,5,0,0,5,0,1,0,0,1,0,0,0,0,0,0
64,62,2,0,2,1,0,1,0,0,0,0,0,61,base,1563,1499,257,4.094689699296225,96.875,50.0,0.0,0.0,17.1447631754503,LLA,0,2,1,0,1,1,0,0,0,0,0,0,0,0,0,0
64,54,10,0,10,8,0,6,0,1,0,0,0,61,B,1563,1499,257,4.094689699296225,84.375,80.0,0.0,0.0,17.1447631754503,LLA,0,3,0,0,3,1,1,0,0,1,0,0,0,0,0,0
72,70,2,0,2,2,0,0,0,0,0,0,0,62,base,1563,1491,254,4.606525911708253,97.22222222222223,100.0,0.0,0.0,17.0355466130114,LLA,0,1,1,0,0,1,0,0,0,0,0,0,0,0,0,0
72,66,6,0,6,6,0,3,0,2,0,0,0,62,B,1563,1491,254,4.606525911708253,91.66666666666667,100.0,0.0,0.0,17.0355466130114,LLA,0,4,1,0,3,1,2,0,0,2,0,0,0,0,0,0
79,73,6,0,6,3,0,2,0,0,0,0,0,63,base,1563,1484,261,5.054382597568778,92.40506329113924,50.0,0.0,0.0,17.587601078167115,LLA,0,2,0,0,2,0,0,0,0,0,0,0,0,0,0,0
79,65,14,0,14,6,0,5,0,3,0,0,0,63,B,1563,1484,261,5.054382597568778,82.27848101265823,42.857142857142854,0.0,0.0,17.587601078167115,LLA,0,5,0,0,5,0,3,0,0,3,0,0,0,0,0,0
74,68,6,0,6,5,0,4,0,1,0,0,0,64,base,1563,1489,249,4.73448496481126,91.89189189189189,83.33333333333333,0.0,0.0,16.722632639355272,LLA,0,3,0,0,3,0,1,0,0,1,0,0,0,0,0,0
74,59,15,0,15,10,0,10,1,4,0,0,0,64,B,1563,1489,249,4.73448496481126,79.72972972972973,66.66666666666667,1.3513513513513513,6.666666666666667,16.722632639355272,LLA,0,8,0,1,8,0,4,0,0,4,0,0,0,0,0,0
83,79,4,0,4,4,0,3,0,1,0,0,0,65,base,1563,1480,255,5.310300703774792,95.18072289156626,100.0,0.0,0.0,17.22972972972973,LLA,0,3,1,0,2,1,1,0,0,1,0,0,0,0,0,0
83,69,14,0,14,7,0,6,0,2,0,0,0,65,B,1563,1480,255,5.310300703774792,83.13253012048193,50.0,0.0,0.0,17.22972972972973,LLA,0,5,1,0,4,1,2,0,0,2,0,0,0,0,0,0
90,85,5,0,5,4,0,3,0,2,0,0,0,66,base,1563,1473,252,5.758157389635317,94.44444444444444,80.0,0.0,0.0,17.10794297352342,LLA,0,4,2,0,2,2,2,0,0,2,0,0,0,0,0,0
90,82,8,0,8,6,0,6,0,4,0,0,0,66,B,1563,1473,252,5.758157389635317,91.11111111111111,75.0,0.0,0.0,17.10794297352342,LLA,0,7,2,0,5,2,4,0,0,4,0,0,0,0,0,0
60,56,4,0,4,3,0,2,0,1,0,0,0,67,base,1563,1503,260,3.838771593090211,93.33333333333333,75.0,0.0,0.0,17.298735861610112,LLA,0,1,0,0,1,0,1,0,0,1,0,0,0,0,0,0
60,53,7,0,7,3,0,3,0,0,0,0,0,67,B,1563,1503,260,3.838771593090211,88.33333333333333,42.857142857142854,0.0,0.0,17.298735861610112,LLA,0,2,0,0,2,0,0,0,0,0,0,0,0,0,0,0
74,68,6,0,6,5,0,2,0,0,0,0,0,68,base,1563,1489,259,4.73448496481126,91.89189189189189,83.33333333333333,0.0,0.0,17.394224311618537,LLA,0,1,0,0,1,0,0,0,0,0,0,0,0,0,0,0
74,58,16,0,16,11,0,9,1,2,0,0,0,68,B,1563,1489,259,4.73448496481126,78.37837837837837,68.75,1.3513513513513513,6.25,17.394224311618537,LLA,0,5,0,0,5,0,2,0,0,2,0,0,0,0,0,0
81,79,2,0,2,2,0,2,0,1,0,0,0,69,base,1563,1482,256,5.182341650671785,97.53086419753086,100.0,0.0,0.0,17.27395411605938,LLA,0,3,1,0,2,1,1,0,0,1,0,0,0,0,0,0
81,70,11,0,11,7,0,6,1,1,0,0,0,69,B,1563,1482,256,5.182341650671785,86.41975308641975,63.63636363636363,1.2345679012345678,9.090909090909092,17.27395411605938,LLA,0,5,1,0,4,1,1,0,0,1,0,0,0,0,0,0
71,70,1,0,1,1,0,1,0,1,0,0,0,70,base,1563,1492,258,4.54254638515675,98.59154929577464,100.0,0.0,0.0,17.292225201072387,LLA,0,1,0,0,1,0,1,0,0,1,0,0,0,0,0,0
71,56,15,1,14,6,1,3,0,1,0,0,0,70,B,1563,1492,258,4.54254638515675,78.87323943661971,42.857142857142854,0.0,0.0,17.292225201072387,LLA,0,3,0,0,3,0,1,0,0,1,0,0,0,0,0,0
91,85,6,0,6,6,0,6,0,1,0,0,0,71,base,1563,1472,256,5.82213691618682,93.4065934065934,100.0,0.0,0.0,17.391304347826086,LLA,0,5,1,0,4,2,1,0,0,1,0,0,0,0,0,0
91,79,12,1,11,9,0,7,0,1,0,0,0,71,B,1563,1472,256,5.82213691618682,86.81318681318682,81.81818181818181,0.0,0.0,17.391304347826086,LLA,0,6,1,0,5,2,1,0,0,1,0,0,0,0,0,0
84,78,6,0,6,3,0,3,0,1,0,0,0,72,base,1563,1479,248,5.3742802303262955,92.85714285714286,50.0,0.0,0.0,16.768086544962813,LLA,0,4,2,0,2,2,1,0,0,1,0,0,0,0,0,0
84,71,13,1,12,6,0,5,0,3,0,0,0,72,B,1563,1479,248,5.3742802303262955,84.52380952380952,50.0,0.0,0.0,16.768086544962813,LLA,0,6,2,0,4,2,3,0,0,3,0,0,0,0,0,0
93,88,5,0,5,3,0,2,0,1,0,0,0,73,base,1563,1470,250,5.950095969289827,94.6236559139785,60.0,0.0,0.0,17.006802721088434,LLA,0,2,0,0,2,0,1,0,0,1,0,0,0,0,0,0
93,79,14,0,14,6,0,5,0,1,0,0,0,73,B,1563,1470,250,5.950095969289827,84.94623655913979,42.857142857142854,0.0,0.0,17.006802721088434,LLA,0,3,0,0,3,0,1,0,0,1,0,0,0,0,0,0
83,79,4,0,4,2,0,1,0,0,0,0,0,74,base,1563,1480,258,5.310300703774792,95.18072289156626,50.0,0.0,0.0,17.43243243243243,LLA,0,1,0,0,1,0,0,0,0,0,0,0,0,0,0,0
83,69,14,0,14,10,0,5,0,1,0,0,0,74,B,1563,1480,258,5.310300703774792,83.13253012048193,71.42857142857143,0.0,0.0,17.43243243243243,LLA,0,4,0,0,4,0,1,0,0,1,0,0,0,0,0,0
79,73,6,0,6,5,0,4,0,2,0,0,0,75,base,1563,1484,258,5.054382597568778,92.40506329113924,83.33333333333333,0.0,0.0,17.38544474393531,LLA,0,3,0,0,3,0,2,0,0,2,0,0,0,0,0,0
79,66,13,0,13,11,0,8,0,4,0,0,0,75,B,1563,1484,258,5.054382597568778,83.54430379746836,84.61538461538461,0.0,0.0,17.38544474393531,LLA,0,7,0,0,7,0,4,0,0,4,0,0,0,0,0,0
88,81,7,0,7,5,0,2,0,1,0,0,0,76,base,1563,1475,254,5.63019833653231,92.04545454545455,71.42857142857143,0.0,0.0,17.220338983050848,LLA,0,2,0,0,2,0,1,0,0,1,0,0,0,0,0,0
88,72,16,0,16,8,0,6,0,2,0,0,0,76,B,1563,1475,254,5.63019833653231,81.81818181818181,50.0,0.0,0.0,17.220338983050848,LLA,0,4,0,0,4,0,2,0,0,2,0,0,0,0,0,0
85,81,4,0,4,2,0,2,1,1,0,0,0,77,base,1563,1478,255,5.438259756877799,95.29411764705883,50.0,1.1764705882352942,25.0,17.253044654939107,LLA,0,2,1,1,2,0,1,0,0,1,0,0,0,0,0,0
85,71,14,0,14,8,0,7,0,3,0,0,0,77,B,1563,1478,255,5.438259756877799,83.52941176470588,57.142857142857146,0.0,0.0,17.253044654939107,LLA,0,5,0,0,5,0,3,0,0,3,0,0,0,0,0,0
76,68,8,0,8,5,0,4,0,0,0,0,0,78,base,1563,1487,255,4.862444017914267,89.47368421052632,62.5,0.0,0.0,17.14862138533961,LLA,0,2,0,0,2,0,0,0,0,0,0,0,0,0,0,0
76,62,14,0,14,6,0,5,0,1,0,0,0,78,B,1563,1487,255,4.862444017914267,81.57894736842105,42.857142857142854,0.0,0.0,17.14862138533961,LLA,0,3,0,0,3,0,1,0,0,1,0,0,0,0,0,0
86,84,2,0,2,2,0,2,0,1,0,0,0,79,base,1563,1477,255,5.502239283429303,97.67441860465117,100.0,0.0,0.0,17.264725795531483,LLA,0,3,1,0,2,1,1,0,0,1,0,0,0,0,0,0
86,78,8,0,8,6,0,6,0,3,0,0,0,79,B,1563,1477,255,5.502239283429303,90.69767441860465,75.0,0.0,0.0,17.264725795531483,LLA,0,6,1,0,5,1,3,0,0,3,0,0,0,0,0,0
78,71,7,0,7,3,0,2,1,0,0,0,0,80,base,1563,1485,252,4.990403071017274,91.02564102564102,42.857142857142854,1.2820512820512822,14.285714285714286,16.96969696969697,LLA,0,2,1,1,2,0,0,0,0,0,0,0,0,0,0,0
78,65,13,0,13,7,0,5,0,4,0,0,0,80,B,1563,1485,252,4.990403071017274,83.33333333333333,53.84615384615385,0.0,0.0,16.96969696969697,LLA,0,5,0,0,5,0,4,0,0,4,0,0,0,0,0,0
83,75,8,0,8,8,0,5,0,2,0,0,0,81,base,1563,1480,254,5.310300703774792,90.36144578313252,100.0,0.0,0.0,17.16216216216216,LLA,0,4,0,0,4,0,2,0,0,2,0,0,0,0,0,0
83,66,17,0,17,11,0,7,0,2,0,0,0,81,B,1563,1480,254,5.310300703774792,79.51807228915662,64.70588235294117,0.0,0.0,17.16216216216216,LLA,0,6,0,0,6,0,2,0,0,2,0,0,0,0,0,0
74,72,2,0,2,1,0,1,0,0,0,0,0,82,base,1563,1489,255,4.73448496481126,97.29729729729729,50.0,0.0,0.0,17.12558764271323,LLA,0,1,0,0,1,0,0,0,0,0,0,0,0,0,0,0
74,63,11,1,10,6,0,5,0,2,0,0,0,82,B,1563,1489,255,4.73448496481126,85.13513513513513,60.0,0.0,0.0,17.12558764271323,LLA,0,5,0,0,5,0,2,0,0,2,0,0,0,0,0,0
70,66,4,0,4,3,0,1,0,0,0,0,0,83,base,1563,1493,257,4.478566858605246,94.28571428571429,75.0,0.0,0.0,17.213663764233086,LLA,0,2,1,0,1,1,0,0,0,0,0,0,0,0,0,0
70,58,12,1,11,7,0,5,1,1,0,0,0,83,B,1563,1493,257,4.478566858605246,82.85714285714286,63.63636363636363,1.4285714285714286,8.333333333333334,17.213663764233086,LLA,0,3,0,0,3,1,1,0,0,1,0,0,0,0,0,0
68,63,5,0,5,3,0,1,0,1,0,0,0,84,base,1563,1495,262,4.350607805502239,92.6470588235294,60.0,0.0,0.0,17.525083612040135,LLA,0,1,0,0,1,0,1,0,0,1,0,0,0,0,0,0
68,57,11,0,11,6,0,3,0,3,0,0,0,84,B,1563,1495,262,4.350607805502239,83.82352941176471,54.54545454545455,0.0,0.0,17.525083612040135,LLA,0,3,0,0,3,0,3,0,0,3,0,0,0,0,0,0
70,65,5,0,5,3,0,3,0,1,0,0,0,85,base,1563,1493,263,4.478566858605246,92.85714285714286,60.0,0.0,0.0,17.615539182853315,LLA,0,2,0,0,2,0,1,0,0,1,0,0,0,0,0,0
70,59,11,0,11,8,0,4,0,1,0,0,0,85,B,1563,1493,263,4.478566858605246,84.28571428571429,72.72727272727273,0.0,0.0,17.615539182853315,LLA,0,3,0,0,3,0,1,0,0,1,0,0,0,0,0,0
76,76,0,0,0,0,0,0,0,0,0,0,0,86,base,1563,1487,255,4.862444017914267,100.0,,0.0,,17.14862138533961,LLA,0,1,1,0,0,1,0,0,0,0,0,0,0,0,0,0
76,67,9,1,8,5,0,2,0,2,0,0,0,86,B,1563,1487,255,4.862444017914267,88.15789473684211,62.5,0.0,0.0,17.14862138533961,LLA,0,3,1,0,2,1,2,0,0,2,0,0,0,0,0,0
71,70,1,0,1,1,0,1,0,0,0,0,0,87,base,1563,1492,255,4.54254638515675,98.59154929577464,100.0,0.0,0.0,17.091152815013405,LLA,0,1,0,0,1,0,0,0,0,0,0,0,0,0,0,0
71,63,8,1,7,3,0,3,0,1,0,0,0,87,B,1563,1492,255,4.54254638515675,88.73239436619718,42.857142857142854,0.0,0.0,17.091152815013405,LLA,0,3,0,0,3,0,1,0,0,1,0,0,0,0,0,0
84,78,6,0,6,4,0,2,0,0,0,0,0,88,base,1563,1479,256,5.3742802303262955,92.85714285714286,66.66666666666667,0.0,0.0,17.308992562542258,LLA,0,1,0,0,1,0,0,0,0,0,0,0,0,0,0,0
84,73,11,0,11,9,0,4,0,2,0,0,0,88,B,1563,1479,256,5.3742802303262955,86.9047619047619,81.81818181818181,0.0,0.0,17.308992562542258,LLA,0,3,0,0,3,0,2,0,0,2,0,0,0,0,0,0
73,69,4,0,4,3,0,2,0,1,0,0,0,89,base,1563,1490,253,4.670505438259757,94.52054794520548,75.0,0.0,0.0,16.97986577181208,LLA,0,2,0,0,2,0,1,0,0,1,0,0,0,0,0,0
73,64,9,0,9,5,0,4,0,3,0,0,0,89,B,1563,1490,253,4.670505438259757,87.67123287671232,55.55555555555556,0.0,0.0,16.97986577181208,LLA,0,4,0,0,4,0,3,0,0,3,0,0,0,0,0,0
61,61,0,0,0,0,0,0,0,0,0,0,0,90,base,1563,1502,264,3.9027511196417146,100.0,,0.0,,17.576564580559253,LLA,0,0,0,0,0,0,0,0,0,0,0,0,0,0,0,0
61,59,2,0,2,1,0,0,0,0,0,0,0,90,B,1563,1502,264,3.9027511196417146,96.72131147540983,50.0,0.0,0.0,17.576564580559253,LLA,0,0,0,0,0,0,0,0,0,0,0,0,0,0,0,0
84,81,3,0,3,0,0,0,0,0,0,0,0,91,base,1563,1479,258,5.3742802303262955,96.42857142857143,0.0,0.0,0.0,17.44421906693712,LLA,0,1,1,0,0,1,0,0,0,0,0,0,0,0,0,0
84,67,17,0,17,7,0,6,0,1,0,0,0,91,B,1563,1479,258,5.3742802303262955,79.76190476190476,41.1764705882353,0.0,0.0,17.44421906693712,LLA,0,6,0,0,6,0,1,0,0,1,0,0,0,0,0,0
73,70,3,0,3,3,0,1,0,0,0,0,0,92,base,1563,1490,254,4.670505438259757,95.89041095890411,100.0,0.0,0.0,17.046979865771814,LLA,0,1,0,0,1,0,0,0,0,0,0,0,0,0,0,0
73,67,6,0,6,4,0,4,1,2,0,0,0,92,B,1563,1490,254,4.670505438259757,91.78082191780823,66.66666666666667,1.36986301369863,16.666666666666668,17.046979865771814,LLA,0,3,1,1,3,0,2,0,0,2,0,0,0,0,0,0
82,80,2,0,2,2,0,1,0,1,0,0,0,93,base,1563,1481,256,5.2463211772232885,97.5609756097561,100.0,0.0,0.0,17.285617825793384,LLA,0,1,0,0,1,0,1,0,0,1,0,0,0,0,0,0
82,68,14,0,14,7,0,5,0,4,0,0,0,93,B,1563,1481,256,5.2463211772232885,82.92682926829268,50.0,0.0,0.0,17.285617825793384,LLA,0,4,0,0,4,0,4,0,0,4,0,0,0,0,0,0
77,75,2,0,2,2,0,1,0,0,0,0,0,94,base,1563,1486,258,4.926423544465771,97.40259740259741,100.0,0.0,0.0,17.362045760430686,LLA,0,1,0,0,1,0,0,0,0,0,0,0,0,0,0,0
77,65,12,0,12,9,0,6,0,2,0,0,0,94,B,1563,1486,258,4.926423544465771,84.41558441558442,75.0,0.0,0.0,17.362045760430686,LLA,0,5,0,0,5,0,2,0,0,2,0,0,0,0,0,0
89,83,6,0,6,4,0,3,0,1,0,0,0,95,base,1563,1474,250,5.694177863083813,93.25842696629213,66.66666666666667,0.0,0.0,16.960651289009498,LLA,0,3,0,0,3,0,1,0,0,1,0,0,0,0,0,0
89,77,12,0,12,8,0,8,1,3,0,0,0,95,B,1563,1474,250,5.694177863083813,86.51685393258427,66.66666666666667,1.1235955056179776,8.333333333333334,16.960651289009498,LLA,0,7,1,1,7,0,3,0,0,3,0,0,0,0,0,0
88,83,5,0,5,2,0,1,0,0,0,0,0,96,base,1563,1475,255,5.63019833653231,94.31818181818181,40.0,0.0,0.0,17.28813559322034,LLA,0,1,1,0,0,1,0,0,0,0,0,0,0,0,0,0
88,70,18,0,18,9,0,8,0,1,0,0,0,96,B,1563,1475,255,5.63019833653231,79.54545454545455,50.0,0.0,0.0,17.28813559322034,LLA,0,6,0,0,6,1,1,0,0,1,0,0,0,0,0,0
91,83,8,0,8,5,0,2,0,2,0,0,0,97,base,1563,1472,250,5.82213691618682,91.20879120879121,62.5,0.0,0.0,16.983695652173914,LLA,0,2,0,0,2,0,2,0,0,2,0,0,0,0,0,0
91,72,19,1,18,10,1,7,1,3,0,0,0,97,B,1563,1472,250,5.82213691618682,79.12087912087912,55.55555555555556,1.098901098901099,5.2631578947368425,16.983695652173914,LLA,0,5,0,0,5,0,3,0,0,3,0,0,0,0,0,0
93,86,7,0,7,3,0,2,0,1,0,0,0,98,base,1563,1470,252,5.950095969289827,92.47311827956989,42.857142857142854,0.0,0.0,17.142857142857142,LLA,0,1,0,0,1,0,1,0,0,1,0,0,0,0,0,0
93,76,17,1,16,6,0,6,0,3,0,0,0,98,B,1563,1470,252,5.950095969289827,81.72043010752688,37.5,0.0,0.0,17.142857142857142,LLA,0,4,0,0,4,0,3,0,0,3,0,0,0,0,0,0
68,66,2,0,2,2,0,1,0,0,0,0,0,99,base,1563,1495,253,4.350607805502239,97.05882352941177,100.0,0.0,0.0,16.923076923076923,LLA,0,0,0,0,0,0,0,0,0,0,0,0,0,0,0,0
68,55,13,0,13,7,0,6,0,2,0,0,0,99,B,1563,1495,253,4.350607805502239,80.88235294117646,53.84615384615385,0.0,0.0,16.923076923076923,LLA,0,5,0,0,5,0,2,0,0,2,0,0,0,0,0,0
87,84,3,0,3,3,0,2,0,1,0,0,0,100,base,1563,1476,250,5.566218809980806,96.55172413793103,100.0,0.0,0.0,16.937669376693766,LLA,0,2,0,0,2,0,1,0,0,1,0,0,0,0,0,0
87,79,8,0,8,5,0,5,0,2,0,0,0,100,B,1563,1476,250,5.566218809980806,90.80459770114942,62.5,0.0,0.0,16.937669376693766,LLA,0,5,0,0,5,0,2,0,0,2,0,0,0,0,0,0
80,71,9,0,9,7,0,3,0,0,0,0,0,101,base,1563,1483,253,5.1183621241202815,88.75,77.77777777777777,0.0,0.0,17.06001348617667,LLA,0,3,0,0,3,0,0,0,0,0,0,0,0,0,0,0
80,64,16,1,15,9,0,4,0,0,0,0,0,101,B,1563,1483,253,5.1183621241202815,80.0,60.0,0.0,0.0,17.06001348617667,LLA,0,4,0,0,4,0,0,0,0,0,0,0,0,0,0,0
62,57,5,0,5,3,0,2,0,0,0,0,0,102,base,1563,1501,256,3.966730646193218,91.93548387096774,60.0,0.0,0.0,17.055296469020654,LLA,0,2,0,0,2,0,0,0,0,0,0,0,0,0,0,0
62,44,18,1,17,8,0,6,0,2,0,0,0,102,B,1563,1501,256,3.966730646193218,70.96774193548387,47.05882352941177,0.0,0.0,17.055296469020654,LLA,0,5,0,0,5,0,2,0,0,2,0,0,0,0,0,0
82,80,2,0,2,1,0,1,0,1,0,0,0,103,base,1563,1481,253,5.2463211772232885,97.5609756097561,50.0,0.0,0.0,17.083051991897367,LLA,0,1,0,0,1,0,1,0,0,1,0,0,0,0,0,0
82,77,5,0,5,4,0,4,0,1,0,0,0,103,B,1563,1481,253,5.2463211772232885,93.90243902439025,80.0,0.0,0.0,17.083051991897367,LLA,0,3,0,0,3,0,1,0,0,1,0,0,0,0,0,0
72,68,4,0,4,3,0,2,0,0,0,0,0,104,base,1563,1491,257,4.606525911708253,94.44444444444444,75.0,0.0,0.0,17.236753856472166,LLA,0,1,0,0,1,0,0,0,0,0,0,0,0,0,0,0
72,63,9,0,9,4,0,2,0,0,0,0,0,104,B,1563,1491,257,4.606525911708253,87.5,44.44444444444444,0.0,0.0,17.236753856472166,LLA,0,2,0,0,2,0,0,0,0,0,0,0,0,0,0,0
73,67,6,0,6,3,0,3,0,1,0,0,0,105,base,1563,1490,255,4.670505438259757,91.78082191780823,50.0,0.0,0.0,17.114093959731544,LLA,0,2,0,0,2,0,1,0,0,1,0,0,0,0,0,0
73,62,11,0,11,6,0,5,0,1,0,0,0,105,B,1563,1490,255,4.670505438259757,84.93150684931507,54.54545454545455,0.0,0.0,17.114093959731544,LLA,0,4,0,0,4,0,1,0,0,1,0,0,0,0,0,0
78,75,3,0,3,1,0,0,0,0,0,0,0,106,base,1563,1485,254,4.990403071017274,96.15384615384616,33.333333333333336,0.0,0.0,17.104377104377104,LLA,0,2,2,0,0,2,0,0,0,0,0,0,0,0,0,0
78,65,13,2,11,6,0,3,0,1,0,0,0,106,B,1563,1485,254,4.990403071017274,83.33333333333333,54.54545454545455,0.0,0.0,17.104377104377104,LLA,0,4,2,0,2,2,1,0,0,1,0,0,0,0,0,0
76,74,2,0,2,0,0,0,0,0,0,0,0,107,base,1563,1487,257,4.862444017914267,97.36842105263158,0.0,0.0,0.0,17.283120376597175,LLA,0,0,0,0,0,0,0,0,0,0,0,0,0,0,0,0
76,66,10,0,10,6,0,5,0,2,0,0,0,107,B,1563,1487,257,4.862444017914267,86.84210526315789,60.0,0.0,0.0,17.283120376597175,LLA,0,4,0,0,4,0,2,0,0,2,0,0,0,0,0,0
78,76,2,0,2,2,0,1,0,1,0,0,0,108,base,1563,1485,260,4.990403071017274,97.43589743589743,100.0,0.0,0.0,17.50841750841751,LLA,0,1,0,0,1,0,1,0,0,1,0,0,0,0,0,0
78,70,8,0,8,6,0,3,0,1,0,0,0,108,B,1563,1485,260,4.990403071017274,89.74358974358974,75.0,0.0,0.0,17.50841750841751,LLA,0,2,0,0,2,0,1,0,0,1,0,0,0,0,0,0
73,71,2,0,2,0,0,0,0,0,0,0,0,109,base,1563,1490,261,4.670505438259757,97.26027397260275,0.0,0.0,0.0,17.516778523489933,LLA,0,0,0,0,0,0,0,0,0,0,0,0,0,0,0,0
73,64,9,0,9,6,0,4,0,0,0,0,0,109,B,1563,1490,261,4.670505438259757,87.67123287671232,66.66666666666667,0.0,0.0,17.516778523489933,LLA,0,3,0,0,3,0,0,0,0,0,0,0,0,0,0,0
65,60,5,0,5,4,0,5,1,2,0,0,0,110,base,1563,1498,253,4.158669225847729,92.3076923076923,80.0,1.5384615384615385,20.0,16.889185580774367,LLA,0,4,1,0,3,1,2,0,0,2,0,0,0,0,0,0
65,56,9,0,9,6,0,5,0,2,0,0,0,110,B,1563,1498,253,4.158669225847729,86.15384615384616,66.66666666666667,0.0,0.0,16.889185580774367,LLA,0,5,1,0,4,1,2,0,0,2,0,0,0,0,0,0
73,69,4,0,4,4,0,3,0,1,0,0,0,111,base,1563,1490,254,4.670505438259757,94.52054794520548,100.0,0.0,0.0,17.046979865771814,LLA,0,3,0,0,3,0,1,0,0,1,0,0,0,0,0,0
73,67,6,0,6,5,0,4,0,1,0,0,0,111,B,1563,1490,254,4.670505438259757,91.78082191780823,83.33333333333333,0.0,0.0,17.046979865771814,LLA,0,3,0,0,3,0,1,0,0,1,0,0,0,0,0,0
81,80,1,0,1,1,0,1,0,0,0,0,0,112,base,1563,1482,254,5.182341650671785,98.76543209876543,100.0,0.0,0.0,17.139001349527664,LLA,0,0,0,0,0,0,0,0,0,0,0,0,0,0,0,0
81,67,14,0,14,11,0,8,0,4,0,0,0,112,B,1563,1482,254,5.182341650671785,82.71604938271605,78.57142857142857,0.0,0.0,17.139001349527664,LLA,0,7,0,0,7,0,4,0,0,4,0,0,0,0,0,0
77,72,5,0,5,4,0,3,0,1,0,0,0,113,base,1563,1486,250,4.926423544465771,93.50649350649351,80.0,0.0,0.0,16.823687752355315,LLA,0,3,1,0,2,1,1,0,0,1,0,0,0,0,0,0
77,66,11,1,10,8,0,6,0,2,0,0,0,113,B,1563,1486,250,4.926423544465771,85.71428571428571,80.0,0.0,0.0,16.823687752355315,LLA,0,5,1,0,4,1,2,0,0,2,0,0,0,0,0,0
80,77,3,0,3,3,0,2,0,0,0,0,0,114,base,1563,1483,256,5.1183621241202815,96.25,100.0,0.0,0.0,17.262306136210384,LLA,0,1,0,0,1,0,0,0,0,0,0,0,0,0,0,0
80,69,11,1,10,6,0,4,0,0,0,0,0,114,B,1563,1483,256,5.1183621241202815,86.25,60.0,0.0,0.0,17.262306136210384,LLA,0,1,0,0,1,0,0,0,0,0,0,0,0,0,0,0
83,76,7,0,7,6,0,5,0,0,0,0,0,115,base,1563,1480,258,5.310300703774792,91.56626506024097,85.71428571428571,0.0,0.0,17.43243243243243,LLA,0,3,0,0,3,0,0,0,0,0,0,0,0,0,0,0
83,70,13,0,13,9,0,8,0,2,0,0,0,115,B,1563,1480,258,5.310300703774792,84.33734939759036,69.23076923076923,0.0,0.0,17.43243243243243,LLA,0,6,0,0,6,0,2,0,0,2,0,0,0,0,0,0
68,61,7,0,7,5,0,5,1,2,0,0,0,116,base,1563,1495,252,4.350607805502239,89.70588235294117,71.42857142857143,1.4705882352941178,14.285714285714286,16.8561872909699,LLA,0,4,1,1,4,0,2,0,0,2,0,0,0,0,0,0
68,54,14,0,14,12,0,9,1,5,0,0,0,116,B,1563,1495,252,4.350607805502239,79.41176470588235,85.71428571428571,1.4705882352941178,7.142857142857143,16.8561872909699,LLA,0,7,1,1,7,0,5,0,0,5,0,0,0,0,0,0
91,86,5,0,5,4,0,4,0,0,0,0,0,117,base,1563,1472,254,5.82213691618682,94.50549450549451,80.0,0.0,0.0,17.255434782608695,LLA,0,3,0,0,3,0,0,0,0,0,0,0,0,0,0,0
91,76,15,1,14,10,0,8,0,0,0,0,0,117,B,1563,1472,254,5.82213691618682,83.51648351648352,71.42857142857143,0.0,0.0,17.255434782608695,LLA,0,6,0,0,6,0,0,0,0,0,0,0,0,0,0,0
97,92,5,0,5,3,0,3,0,1,0,0,0,118,base,1563,1466,250,6.206014075495841,94.84536082474227,60.0,0.0,0.0,17.053206002728512,LLA,0,2,0,0,2,0,1,0,0,1,0,0,0,0,0,0
97,82,15,0,15,12,0,11,0,4,0,0,0,118,B,1563,1466,250,6.206014075495841,84.5360824742268,80.0,0.0,0.0,17.053206002728512,LLA,0,9,0,0,9,0,4,0,0,4,0,0,0,0,0,0
84,80,4,0,4,3,0,1,0,0,0,0,0,119,base,1563,1479,260,5.3742802303262955,95.23809523809524,75.0,0.0,0.0,17.57944557133198,LLA,0,1,1,0,0,1,0,0,0,0,0,0,0,0,0,0
84,69,15,0,15,9,0,5,0,3,0,0,0,119,B,1563,1479,260,5.3742802303262955,82.14285714285714,60.0,0.0,0.0,17.57944557133198,LLA,0,4,1,0,3,1,3,0,0,3,0,0,0,0,0,0
79,75,4,0,4,3,0,2,0,1,0,0,0,120,base,1563,1484,252,5.054382597568778,94.9367088607595,75.0,0.0,0.0,16.9811320754717,LLA,0,2,0,0,2,0,1,0,0,1,0,0,0,0,0,0
79,69,10,0,10,5,0,4,0,1,0,0,0,120,B,1563,1484,252,5.054382597568778,87.34177215189874,50.0,0.0,0.0,16.9811320754717,LLA,0,4,0,0,4,0,1,0,0,1,0,0,0,0,0,0
75,71,4,0,4,4,0,4,0,1,0,0,0,121,base,1563,1488,257,4.798464491362764,94.66666666666667,100.0,0.0,0.0,17.271505376344088,LLA,0,3,0,0,3,0,1,0,0,1,0,0,0,0,0,0
75,63,12,0,12,10,0,7,0,2,0,0,0,121,B,1563,1488,257,4.798464491362764,84.0,83.33333333333333,0.0,0.0,17.271505376344088,LLA,0,5,0,0,5,0,2,0,0,2,0,0,0,0,0,0
78,73,5,0,5,2,0,2,0,2,0,0,0,122,base,1563,1485,261,4.990403071017274,93.58974358974359,40.0,0.0,0.0,17.575757575757574,LLA,0,2,0,0,2,0,2,0,0,2,0,0,0,0,0,0
78,67,11,0,11,4,0,3,0,3,0,0,0,122,B,1563,1485,261,4.990403071017274,85.8974358974359,36.36363636363637,0.0,0.0,17.575757575757574,LLA,0,3,0,0,3,0,3,0,0,3,0,0,0,0,0,0
78,72,6,0,6,4,0,3,0,0,0,0,0,123,base,1563,1485,252,4.990403071017274,92.3076923076923,66.66666666666667,0.0,0.0,16.96969696969697,LLA,0,2,0,0,2,0,0,0,0,0,0,0,0,0,0,0
78,64,14,1,13,8,0,7,0,1,0,0,0,123,B,1563,1485,252,4.990403071017274,82.05128205128206,61.53846153846154,0.0,0.0,16.96969696969697,LLA,0,4,0,0,4,0,1,0,0,1,0,0,0,0,0,0
71,67,4,0,4,2,0,3,1,2,0,0,0,124,base,1563,1492,258,4.54254638515675,94.36619718309859,50.0,1.408450704225352,25.0,17.292225201072387,LLA,0,3,1,1,3,0,2,0,0,2,0,0,0,0,0,0
71,60,11,0,11,6,0,7,1,4,0,0,0,124,B,1563,1492,258,4.54254638515675,84.50704225352112,54.54545454545455,1.408450704225352,9.090909090909092,17.292225201072387,LLA,0,6,1,1,6,0,4,0,0,4,0,0,0,0,0,0
83,76,7,0,7,6,0,3,0,1,0,0,0,125,base,1563,1480,258,5.310300703774792,91.56626506024097,85.71428571428571,0.0,0.0,17.43243243243243,LLA,0,4,1,0,3,1,1,0,0,1,0,0,0,0,0,0
83,70,13,1,12,7,0,5,0,1,0,0,0,125,B,1563,1480,258,5.310300703774792,84.33734939759036,58.333333333333336,0.0,0.0,17.43243243243243,LLA,0,5,1,0,4,1,1,0,0,1,0,0,0,0,0,0
90,85,5,0,5,2,0,2,0,1,0,0,0,126,base,1563,1473,254,5.758157389635317,94.44444444444444,40.0,0.0,0.0,17.243720298710116,LLA,0,3,1,0,2,1,1,0,0,1,0,0,0,0,0,0
90,77,13,0,13,6,0,6,0,3,0,0,0,126,B,1563,1473,254,5.758157389635317,85.55555555555556,46.15384615384615,0.0,0.0,17.243720298710116,LLA,0,7,1,0,6,1,3,0,0,3,0,0,0,0,0,0
75,72,3,0,3,2,0,0,0,0,0,0,0,127,base,1563,1488,261,4.798464491362764,96.0,66.66666666666667,0.0,0.0,17.54032258064516,LLA,0,1,1,0,0,1,0,0,0,0,0,0,0,0,0,0
75,65,10,0,10,3,0,2,0,1,0,0,0,127,B,1563,1488,261,4.798464491362764,86.66666666666667,30.0,0.0,0.0,17.54032258064516,LLA,0,3,1,0,2,1,1,0,0,1,0,0,0,0,0,0
68,62,6,0,6,5,0,4,0,3,0,0,0,128,base,1563,1495,257,4.350607805502239,91.17647058823529,83.33333333333333,0.0,0.0,17.190635451505017,LLA,0,5,1,0,4,1,3,0,0,3,0,0,0,0,0,0
68,54,14,0,14,10,0,8,0,4,0,0,0,128,B,1563,1495,257,4.350607805502239,79.41176470588235,71.42857142857143,0.0,0.0,17.190635451505017,LLA,0,9,1,0,8,1,4,0,0,4,0,0,0,0,0,0
65,64,1,0,1,0,0,0,0,0,0,0,0,129,base,1563,1498,261,4.158669225847729,98.46153846153847,0.0,0.0,0.0,17.423230974632844,LLA,0,0,0,0,0,0,0,0,0,0,0,0,0,0,0,0
65,62,3,0,3,2,0,0,0,0,0,0,0,129,B,1563,1498,261,4.158669225847729,95.38461538461539,66.66666666666667,0.0,0.0,17.423230974632844,LLA,0,0,0,0,0,0,0,0,0,0,0,0,0,0,0,0
64,62,2,0,2,1,0,2,1,0,0,0,0,130,base,1563,1499,256,4.094689699296225,96.875,50.0,1.5625,50.0,17.078052034689794,LLA,0,1,0,0,1,0,0,0,0,0,0,0,0,0,0,0
64,59,5,0,5,3,0,4,1,1,0,0,0,130,B,1563,1499,256,4.094689699296225,92.1875,60.0,1.5625,20.0,17.078052034689794,LLA,0,2,0,0,2,0,1,0,0,1,0,0,0,0,0,0
95,93,2,0,2,2,0,1,0,0,0,0,0,131,base,1563,1468,245,6.078055022392834,97.89473684210526,100.0,0.0,0.0,16.689373297002724,LLA,0,1,0,0,1,0,0,0,0,0,0,0,0,0,0,0
95,85,10,0,10,8,0,6,0,3,0,0,0,131,B,1563,1468,245,6.078055022392834,89.47368421052632,80.0,0.0,0.0,16.689373297002724,LLA,0,5,0,0,5,0,3,0,0,3,0,0,0,0,0,0
90,85,5,0,5,1,0,1,0,0,0,0,0,132,base,1563,1473,255,5.758157389635317,94.44444444444444,20.0,0.0,0.0,17.311608961303463,LLA,0,2,1,0,1,1,0,0,0,0,0,0,0,0,0,0
90,80,10,1,9,4,0,3,0,0,0,0,0,132,B,1563,1473,255,5.758157389635317,88.88888888888889,44.44444444444444,0.0,0.0,17.311608961303463,LLA,0,2,1,0,1,1,0,0,0,0,0,0,0,0,0,0
74,70,4,0,4,2,0,1,0,0,0,0,0,133,base,1563,1489,255,4.73448496481126,94.5945945945946,50.0,0.0,0.0,17.12558764271323,LLA,0,1,0,0,1,0,0,0,0,0,0,0,0,0,0,0
74,62,12,1,11,7,0,6,0,1,0,0,0,133,B,1563,1489,255,4.73448496481126,83.78378378378379,63.63636363636363,0.0,0.0,17.12558764271323,LLA,0,5,0,0,5,0,1,0,0,1,0,0,0,0,0,0
87,80,7,0,7,4,0,3,0,1,0,0,0,134,base,1563,1476,255,5.566218809980806,91.95402298850574,57.142857142857146,0.0,0.0,17.276422764227643,LLA,0,3,0,0,3,0,1,0,0,1,0,0,0,0,0,0
87,70,17,0,17,12,0,10,0,2,0,0,0,134,B,1563,1476,255,5.566218809980806,80.45977011494253,70.58823529411765,0.0,0.0,17.276422764227643,LLA,0,8,0,0,8,0,2,0,0,2,0,0,0,0,0,0
81,74,7,0,7,3,0,3,1,1,0,0,0,135,base,1563,1482,258,5.182341650671785,91.35802469135803,42.857142857142854,1.2345679012345678,14.285714285714286,17.408906882591094,LLA,0,2,0,0,2,0,1,0,0,1,0,0,0,0,0,0
81,68,13,0,13,6,0,6,1,2,0,0,0,135,B,1563,1482,258,5.182341650671785,83.95061728395062,46.15384615384615,1.2345679012345678,7.6923076923076925,17.408906882591094,LLA,0,5,0,0,5,0,2,0,0,2,0,0,0,0,0,0
88,84,4,0,4,2,0,2,0,1,0,0,0,136,base,1563,1475,248,5.63019833653231,95.45454545454545,50.0,0.0,0.0,16.8135593220339,LLA,0,1,0,0,1,0,1,0,0,1,0,0,0,0,0,0
88,76,12,0,12,8,0,5,0,1,0,0,0,136,B,1563,1475,248,5.63019833653231,86.36363636363636,66.66666666666667,0.0,0.0,16.8135593220339,LLA,0,2,0,0,2,0,1,0,0,1,0,0,0,0,0,0
77,71,6,0,6,4,0,4,0,1,0,0,0,137,base,1563,1486,256,4.926423544465771,92.20779220779221,66.66666666666667,0.0,0.0,17.227456258411845,LLA,0,3,0,0,3,0,1,0,0,1,0,0,0,0,0,0
77,63,14,0,14,8,0,8,0,3,0,0,0,137,B,1563,1486,256,4.926423544465771,81.81818181818181,57.142857142857146,0.0,0.0,17.227456258411845,LLA,0,7,0,0,7,0,3,0,0,3,0,0,0,0,0,0
88,86,2,0,2,1,0,0,0,0,0,0,0,138,base,1563,1475,258,5.63019833653231,97.72727272727273,50.0,0.0,0.0,17.491525423728813,LLA,0,0,0,0,0,0,0,0,0,0,0,0,0,0,0,0
88,77,11,1,10,7,0,6,0,2,0,0,0,138,B,1563,1475,258,5.63019833653231,87.5,70.0,0.0,0.0,17.491525423728813,LLA,0,5,0,0,5,0,2,0,0,2,0,0,0,0,0,0
76,73,3,0,3,1,0,0,0,0,0,0,0,139,base,1563,1487,253,4.862444017914267,96.05263157894737,33.333333333333336,0.0,0.0,17.014122394082044,LLA,0,0,0,0,0,0,0,0,0,0,0,0,0,0,0,0
76,62,14,0,14,5,0,3,0,2,0,0,0,139,B,1563,1487,253,4.862444017914267,81.57894736842105,35.714285714285715,0.0,0.0,17.014122394082044,LLA,0,3,0,0,3,0,2,0,0,2,0,0,0,0,0,0
94,84,10,0,10,4,0,3,0,1,0,0,0,140,base,1563,1469,246,6.014075495841331,89.36170212765957,40.0,0.0,0.0,16.746085772634444,LLA,0,2,0,0,2,0,1,0,0,1,0,0,0,0,0,0
94,77,17,0,17,7,0,3,0,1,0,0,0,140,B,1563,1469,246,6.014075495841331,81.91489361702128,41.1764705882353,0.0,0.0,16.746085772634444,LLA,0,2,0,0,2,0,1,0,0,1,0,0,0,0,0,0
78,73,5,0,5,4,0,3,0,0,0,0,0,141,base,1563,1485,258,4.990403071017274,93.58974358974359,80.0,0.0,0.0,17.373737373737374,LLA,0,1,0,0,1,0,0,0,0,0,0,0,0,0,0,0
78,64,14,1,13,8,1,9,1,3,0,0,0,141,B,1563,1485,258,4.990403071017274,82.05128205128206,61.53846153846154,1.2820512820512822,7.142857142857143,17.373737373737374,LLA,0,5,0,0,5,0,3,0,0,3,0,0,0,0,0,0
70,68,2,0,2,0,0,0,0,0,0,0,0,42,base,1661,1591,211,4.214328717639976,97.14285714285714,0.0,0.0,0.0,13.262099308610937,LPR,0,0,0,0,0,0,0,0,0,0,0,0,0,0,0,0
70,60,10,0,10,4,0,3,0,1,0,0,0,42,B,1661,1591,211,4.214328717639976,85.71428571428571,40.0,0.0,0.0,13.262099308610937,LPR,0,3,0,0,3,0,1,0,0,1,0,0,0,0,0,0
81,77,4,0,4,3,0,3,0,1,0,0,0,43,base,1661,1580,212,4.876580373269115,95.06172839506173,75.0,0.0,0.0,13.417721518987342,LPR,0,3,0,0,3,0,1,0,0,1,0,0,0,0,0,0
81,73,8,0,8,7,0,6,0,2,0,0,0,43,B,1661,1580,212,4.876580373269115,90.12345679012346,87.5,0.0,0.0,13.417721518987342,LPR,0,6,0,0,6,0,2,0,0,2,0,0,0,0,0,0
75,74,1,0,1,1,0,1,0,0,0,0,0,44,base,1661,1586,212,4.515352197471403,98.66666666666667,100.0,0.0,0.0,13.366960907944515,LPR,0,1,0,0,1,0,0,0,0,0,0,0,0,0,0,0
75,66,9,0,9,5,0,4,0,2,0,0,0,44,B,1661,1586,212,4.515352197471403,88.0,55.55555555555556,0.0,0.0,13.366960907944515,LPR,0,4,0,0,4,0,2,0,0,2,0,0,0,0,0,0
91,87,4,0,4,1,0,0,0,0,0,0,0,45,base,1661,1570,210,5.478627332931969,95.6043956043956,25.0,0.0,0.0,13.375796178343949,LPR,0,0,0,0,0,0,0,0,0,0,0,0,0,0,0,0
91,82,9,0,9,6,0,3,0,2,0,0,0,45,B,1661,1570,210,5.478627332931969,90.10989010989012,66.66666666666667,0.0,0.0,13.375796178343949,LPR,0,3,0,0,3,0,2,0,0,2,0,0,0,0,0,0
93,86,7,0,7,5,0,2,0,0,0,0,0,46,base,1661,1568,211,5.59903672486454,92.47311827956989,71.42857142857143,0.0,0.0,13.456632653061224,LPR,0,1,0,0,1,0,0,0,0,0,0,0,0,0,0,0
93,75,18,0,18,10,0,6,0,1,0,0,0,46,B,1661,1568,211,5.59903672486454,80.64516129032258,55.55555555555556,0.0,0.0,13.456632653061224,LPR,0,4,0,0,4,0,1,0,0,1,0,0,0,0,0,0
64,63,1,0,1,1,0,0,0,0,0,0,0,47,base,1661,1597,212,3.853100541842264,98.4375,100.0,0.0,0.0,13.27489041953663,LPR,0,1,1,0,0,1,0,0,0,0,0,0,0,0,0,0
64,57,7,0,7,4,0,3,0,1,0,0,0,47,B,1661,1597,212,3.853100541842264,89.0625,57.142857142857146,0.0,0.0,13.27489041953663,LPR,0,4,1,0,3,1,1,0,0,1,0,0,0,0,0,0
73,70,3,0,3,3,0,3,0,1,0,0,0,48,base,1661,1588,214,4.394942805538832,95.89041095890411,100.0,0.0,0.0,13.476070528967254,LPR,0,3,0,0,3,0,1,0,0,1,0,0,0,0,0,0
73,65,8,0,8,7,0,6,0,1,0,0,0,48,B,1661,1588,214,4.394942805538832,89.04109589041096,87.5,0.0,0.0,13.476070528967254,LPR,0,6,0,0,6,0,1,0,0,1,0,0,0,0,0,0
114,104,10,0,10,6,0,2,0,0,0,0,0,49,base,1661,1547,206,6.8633353401565325,91.2280701754386,60.0,0.0,0.0,13.316095669036846,LPR,0,3,1,0,2,1,0,0,0,0,0,0,0,0,0,0
114,91,23,1,22,12,0,9,0,2,0,0,0,49,B,1661,1547,206,6.8633353401565325,79.82456140350877,54.54545454545455,0.0,0.0,13.316095669036846,LPR,0,7,1,0,6,1,2,0,0,2,0,0,0,0,0,0
94,93,1,0,1,0,0,1,1,0,0,0,0,50,base,1661,1567,202,5.659241420830825,98.93617021276596,0.0,1.0638297872340425,100.0,12.890874282067646,LPR,0,2,2,0,0,2,0,0,0,0,0,0,0,0,0,0
94,81,13,1,12,9,0,7,0,4,0,0,0,50,B,1661,1567,202,5.659241420830825,86.17021276595744,75.0,0.0,0.0,12.890874282067646,LPR,0,7,1,0,6,2,4,0,0,4,0,0,0,0,0,0
94,87,7,0,7,6,0,4,0,0,0,0,0,51,base,1661,1567,210,5.659241420830825,92.55319148936171,85.71428571428571,0.0,0.0,13.401403956604979,LPR,0,5,1,0,4,1,0,0,0,0,0,0,0,0,0,0
94,82,12,0,12,8,0,6,0,1,0,0,0,51,B,1661,1567,210,5.659241420830825,87.23404255319149,66.66666666666667,0.0,0.0,13.401403956604979,LPR,0,7,1,0,6,1,1,0,0,1,0,0,0,0,0,0
82,81,1,0,1,1,0,1,0,0,0,0,0,52,base,1661,1579,207,4.9367850692354,98.78048780487805,100.0,0.0,0.0,13.10956301456618,LPR,0,2,1,0,1,1,0,0,0,0,0,0,0,0,0,0
82,75,7,0,7,6,0,4,0,2,0,0,0,52,B,1661,1579,207,4.9367850692354,91.46341463414635,85.71428571428571,0.0,0.0,13.10956301456618,LPR,0,4,0,0,4,0,2,0,0,2,0,0,0,0,0,0
80,77,3,0,3,3,0,1,0,0,0,0,0,53,base,1661,1581,207,4.81637567730283,96.25,100.0,0.0,0.0,13.092979127134726,LPR,0,0,0,0,0,0,0,0,0,0,0,0,0,0,0,0
80,67,13,0,13,10,0,5,0,1,0,0,0,53,B,1661,1581,207,4.81637567730283,83.75,76.92307692307692,0.0,0.0,13.092979127134726,LPR,0,5,0,0,5,0,1,0,0,1,0,0,0,0,0,0
87,81,6,0,6,4,0,3,0,2,0,0,0,54,base,1661,1574,212,5.237808549066827,93.10344827586206,66.66666666666667,0.0,0.0,13.468869123252858,LPR,0,3,1,0,2,1,2,0,0,2,0,0,0,0,0,0
87,77,10,0,10,6,0,5,0,2,0,0,0,54,B,1661,1574,212,5.237808549066827,88.50574712643679,60.0,0.0,0.0,13.468869123252858,LPR,0,4,0,0,4,0,2,0,0,2,0,0,0,0,0,0
82,76,6,0,6,3,0,3,0,0,0,0,0,55,base,1661,1579,210,4.9367850692354,92.6829268292683,50.0,0.0,0.0,13.299556681443953,LPR,0,3,0,0,3,0,0,0,0,0,0,0,0,0,0,0
82,70,12,0,12,7,0,7,0,2,0,0,0,55,B,1661,1579,210,4.9367850692354,85.36585365853658,58.333333333333336,0.0,0.0,13.299556681443953,LPR,0,6,0,0,6,0,2,0,0,2,0,0,0,0,0,0
83,76,7,0,7,6,0,4,0,0,0,0,0,56,base,1661,1578,216,4.996989765201686,91.56626506024097,85.71428571428571,0.0,0.0,13.688212927756654,LPR,0,3,0,0,3,0,0,0,0,0,0,0,0,0,0,0
83,68,15,0,15,8,0,7,0,0,0,0,0,56,B,1661,1578,216,4.996989765201686,81.92771084337349,53.333333333333336,0.0,0.0,13.688212927756654,LPR,0,6,0,0,6,0,0,0,0,0,0,0,0,0,0,0
73,70,3,0,3,1,0,1,0,0,0,0,0,57,base,1661,1588,207,4.394942805538832,95.89041095890411,33.333333333333336,0.0,0.0,13.035264483627204,LPR,0,1,0,0,1,0,0,0,0,0,0,0,0,0,0,0
73,64,9,0,9,5,0,4,0,1,0,0,0,57,B,1661,1588,207,4.394942805538832,87.67123287671232,55.55555555555556,0.0,0.0,13.035264483627204,LPR,0,4,0,0,4,0,1,0,0,1,0,0,0,0,0,0
84,79,5,0,5,2,0,0,0,0,0,0,0,58,base,1661,1577,213,5.057194461167971,94.04761904761905,40.0,0.0,0.0,13.506658211794546,LPR,0,1,1,0,0,1,0,0,0,0,0,0,0,0,0,0
84,72,12,1,11,6,0,5,0,2,0,0,0,58,B,1661,1577,213,5.057194461167971,85.71428571428571,54.54545454545455,0.0,0.0,13.506658211794546,LPR,0,6,1,0,5,1,2,0,0,2,0,0,0,0,0,0
85,78,7,0,7,4,0,4,0,2,0,0,0,59,base,1661,1576,211,5.1173991571342565,91.76470588235294,57.142857142857146,0.0,0.0,13.388324873096447,LPR,0,4,0,0,4,0,2,0,0,2,0,0,0,0,0,0
85,70,15,0,15,10,0,7,0,3,0,0,0,59,B,1661,1576,211,5.1173991571342565,82.3529411764706,66.66666666666667,0.0,0.0,13.388324873096447,LPR,0,6,0,0,6,0,3,0,0,3,0,0,0,0,0,0
71,68,3,0,3,1,0,1,0,0,0,0,0,60,base,1661,1590,211,4.274533413606261,95.77464788732394,33.333333333333336,0.0,0.0,13.270440251572326,LPR,0,2,1,0,1,1,0,0,0,0,0,0,0,0,0,0
71,59,12,0,12,7,0,3,0,0,0,0,0,60,B,1661,1590,211,4.274533413606261,83.09859154929578,58.333333333333336,0.0,0.0,13.270440251572326,LPR,0,3,1,0,2,1,0,0,0,0,0,0,0,0,0,0
76,70,6,0,6,3,0,3,0,1,0,0,0,61,base,1661,1585,211,4.575556893437688,92.10526315789474,50.0,0.0,0.0,13.31230283911672,LPR,0,2,0,0,2,0,1,0,0,1,0,0,0,0,0,0
76,67,9,0,9,6,0,6,0,2,0,0,0,61,B,1661,1585,211,4.575556893437688,88.15789473684211,66.66666666666667,0.0,0.0,13.31230283911672,LPR,0,5,0,0,5,0,2,0,0,2,0,0,0,0,0,0
75,72,3,0,3,2,0,1,0,0,0,0,0,62,base,1661,1586,212,4.515352197471403,96.0,66.66666666666667,0.0,0.0,13.366960907944515,LPR,0,0,0,0,0,0,0,0,0,0,0,0,0,0,0,0
75,62,13,0,13,4,0,1,0,1,0,0,0,62,B,1661,1586,212,4.515352197471403,82.66666666666667,30.76923076923077,0.0,0.0,13.366960907944515,LPR,0,1,0,0,1,0,1,0,0,1,0,0,0,0,0,0
75,69,6,0,6,4,0,3,1,0,0,0,0,63,base,1661,1586,212,4.515352197471403,92.0,66.66666666666667,1.3333333333333333,16.666666666666668,13.366960907944515,LPR,0,2,1,0,1,1,0,0,0,0,0,0,0,0,0,0
75,59,16,0,16,8,0,7,1,2,0,0,0,63,B,1661,1586,212,4.515352197471403,78.66666666666667,50.0,1.3333333333333333,6.25,13.366960907944515,LPR,0,5,0,0,5,0,2,0,0,2,0,0,0,0,0,0
85,84,1,0,1,1,0,1,0,1,0,0,0,64,base,1661,1576,205,5.1173991571342565,98.82352941176471,100.0,0.0,0.0,13.00761421319797,LPR,0,1,0,0,1,0,1,0,0,1,0,0,0,0,0,0
85,76,9,0,9,3,0,2,0,1,0,0,0,64,B,1661,1576,205,5.1173991571342565,89.41176470588235,33.333333333333336,0.0,0.0,13.00761421319797,LPR,0,1,0,0,1,0,1,0,0,1,0,0,0,0,0,0
82,76,6,0,6,2,0,1,0,1,0,0,0,65,base,1661,1579,213,4.9367850692354,92.6829268292683,33.333333333333336,0.0,0.0,13.489550348321723,LPR,0,2,1,0,1,1,1,0,0,1,0,0,0,0,0,0
82,67,15,0,15,10,0,4,0,1,0,0,0,65,B,1661,1579,213,4.9367850692354,81.70731707317073,66.66666666666667,0.0,0.0,13.489550348321723,LPR,0,3,0,0,3,0,1,0,0,1,0,0,0,0,0,0
81,80,1,0,1,1,0,0,0,0,0,0,0,66,base,1661,1580,210,4.876580373269115,98.76543209876543,100.0,0.0,0.0,13.291139240506329,LPR,0,0,0,0,0,0,0,0,0,0,0,0,0,0,0,0
81,70,11,0,11,7,0,6,0,3,0,0,0,66,B,1661,1580,210,4.876580373269115,86.41975308641975,63.63636363636363,0.0,0.0,13.291139240506329,LPR,0,6,0,0,6,0,3,0,0,3,0,0,0,0,0,0
79,74,5,0,5,1,0,1,0,0,0,0,0,67,base,1661,1582,206,4.7561709813365445,93.67088607594937,20.0,0.0,0.0,13.02149178255373,LPR,0,2,1,0,1,1,0,0,0,0,0,0,0,0,0,0
79,73,6,0,6,1,0,1,0,0,0,0,0,67,B,1661,1582,206,4.7561709813365445,92.40506329113924,16.666666666666668,0.0,0.0,13.02149178255373,LPR,0,2,1,0,1,1,0,0,0,0,0,0,0,0,0,0
81,74,7,0,7,4,0,3,0,0,0,0,0,68,base,1661,1580,214,4.876580373269115,91.35802469135803,57.142857142857146,0.0,0.0,13.544303797468354,LPR,0,1,0,0,1,0,0,0,0,0,0,0,0,0,0,0
81,64,17,0,17,11,0,8,0,3,0,0,0,68,B,1661,1580,214,4.876580373269115,79.01234567901234,64.70588235294117,0.0,0.0,13.544303797468354,LPR,0,6,0,0,6,0,3,0,0,3,0,0,0,0,0,0
78,71,7,0,7,5,0,2,0,0,0,0,0,69,base,1661,1583,203,4.695966285370259,91.02564102564102,71.42857142857143,0.0,0.0,12.823752368919772,LPR,0,3,1,0,2,1,0,0,0,0,0,0,0,0,0,0
78,64,14,0,14,9,0,7,0,2,0,0,0,69,B,1661,1583,203,4.695966285370259,82.05128205128206,64.28571428571429,0.0,0.0,12.823752368919772,LPR,0,8,1,0,7,1,2,0,0,2,0,0,0,0,0,0
85,80,5,0,5,4,0,3,0,1,0,0,0,70,base,1661,1576,206,5.1173991571342565,94.11764705882354,80.0,0.0,0.0,13.071065989847716,LPR,0,2,0,0,2,0,1,0,0,1,0,0,0,0,0,0
85,71,14,0,14,10,0,6,0,2,0,0,0,70,B,1661,1576,206,5.1173991571342565,83.52941176470588,71.42857142857143,0.0,0.0,13.071065989847716,LPR,0,4,0,0,4,0,2,0,0,2,0,0,0,0,0,0
87,85,2,0,2,1,0,0,0,0,0,0,0,71,base,1661,1574,209,5.237808549066827,97.70114942528735,50.0,0.0,0.0,13.278271918678525,LPR,0,0,0,0,0,0,0,0,0,0,0,0,0,0,0,0
87,75,12,0,12,8,0,5,0,1,0,0,0,71,B,1661,1574,209,5.237808549066827,86.20689655172414,66.66666666666667,0.0,0.0,13.278271918678525,LPR,0,2,0,0,2,0,1,0,0,1,0,0,0,0,0,0
78,77,1,0,1,0,0,0,0,0,0,0,0,72,base,1661,1583,213,4.695966285370259,98.71794871794872,0.0,0.0,0.0,13.455464308275426,LPR,0,0,0,0,0,0,0,0,0,0,0,0,0,0,0,0
78,71,7,0,7,2,0,0,0,0,0,0,0,72,B,1661,1583,213,4.695966285370259,91.02564102564102,28.571428571428573,0.0,0.0,13.455464308275426,LPR,0,0,0,0,0,0,0,0,0,0,0,0,0,0,0,0
97,94,3,0,3,1,0,0,0,0,0,0,0,73,base,1661,1564,206,5.839855508729681,96.90721649484536,33.333333333333336,0.0,0.0,13.171355498721228,LPR,0,0,0,0,0,0,0,0,0,0,0,0,0,0,0,0
97,85,12,0,12,6,0,2,0,0,0,0,0,73,B,1661,1564,206,5.839855508729681,87.62886597938144,50.0,0.0,0.0,13.171355498721228,LPR,0,2,0,0,2,0,0,0,0,0,0,0,0,0,0,0
88,81,7,0,7,6,0,5,0,3,0,0,0,74,base,1661,1573,207,5.298013245033113,92.04545454545455,85.71428571428571,0.0,0.0,13.159567705022251,LPR,0,6,1,0,5,1,3,0,0,3,0,0,0,0,0,0
88,72,16,0,16,13,0,10,0,4,0,0,0,74,B,1661,1573,207,5.298013245033113,81.81818181818181,81.25,0.0,0.0,13.159567705022251,LPR,0,10,1,0,9,1,4,0,0,4,0,0,0,0,0,0
91,86,5,0,5,2,0,2,0,1,0,0,0,75,base,1661,1570,211,5.478627332931969,94.50549450549451,40.0,0.0,0.0,13.439490445859873,LPR,0,2,0,0,2,0,1,0,0,1,0,0,0,0,0,0
91,76,15,0,15,9,0,9,0,2,0,0,0,75,B,1661,1570,211,5.478627332931969,83.51648351648352,60.0,0.0,0.0,13.439490445859873,LPR,0,8,0,0,8,0,2,0,0,2,0,0,0,0,0,0
79,76,3,0,3,0,0,0,0,0,0,0,0,76,base,1661,1582,213,4.7561709813365445,96.20253164556962,0.0,0.0,0.0,13.463969658659924,LPR,0,0,0,0,0,0,0,0,0,0,0,0,0,0,0,0
79,73,6,0,6,1,0,1,0,0,0,0,0,76,B,1661,1582,213,4.7561709813365445,92.40506329113924,16.666666666666668,0.0,0.0,13.463969658659924,LPR,0,1,0,0,1,0,0,0,0,0,0,0,0,0,0,0
74,70,4,0,4,3,0,1,0,0,0,0,0,77,base,1661,1587,214,4.455147501505118,94.5945945945946,75.0,0.0,0.0,13.48456206679269,LPR,0,0,0,0,0,0,0,0,0,0,0,0,0,0,0,0
74,68,6,0,6,5,0,3,0,2,0,0,0,77,B,1661,1587,214,4.455147501505118,91.89189189189189,83.33333333333333,0.0,0.0,13.48456206679269,LPR,0,2,0,0,2,0,2,0,0,2,0,0,0,0,0,0
73,66,7,0,7,5,0,5,0,1,0,0,0,78,base,1661,1588,207,4.394942805538832,90.41095890410959,71.42857142857143,0.0,0.0,13.035264483627204,LPR,0,5,1,0,4,1,1,0,0,1,0,0,0,0,0,0
73,60,13,0,13,8,0,6,0,1,0,0,0,78,B,1661,1588,207,4.394942805538832,82.1917808219178,61.53846153846154,0.0,0.0,13.035264483627204,LPR,0,5,0,0,5,0,1,0,0,1,0,0,0,0,0,0
82,80,2,0,2,1,0,1,0,0,0,0,0,79,base,1661,1579,209,4.9367850692354,97.5609756097561,50.0,0.0,0.0,13.236225459151362,LPR,0,3,2,0,1,2,0,0,0,0,0,0,0,0,0,0
82,69,13,0,13,9,0,7,0,4,0,0,0,79,B,1661,1579,209,4.9367850692354,84.14634146341463,69.23076923076923,0.0,0.0,13.236225459151362,LPR,0,8,2,0,6,2,4,0,0,4,0,0,0,0,0,0
95,88,7,0,7,5,0,4,0,1,0,0,0,80,base,1661,1566,205,5.71944611679711,92.63157894736842,71.42857142857143,0.0,0.0,13.090676883780333,LPR,0,2,0,0,2,0,1,0,0,1,0,0,0,0,0,0
95,73,22,1,21,12,0,8,0,0,0,0,0,80,B,1661,1566,205,5.71944611679711,76.84210526315789,57.142857142857146,0.0,0.0,13.090676883780333,LPR,0,6,0,0,6,0,0,0,0,0,0,0,0,0,0,0
95,91,4,0,4,1,0,1,1,0,0,0,0,81,base,1661,1566,209,5.71944611679711,95.78947368421052,25.0,1.0526315789473684,25.0,13.34610472541507,LPR,0,0,0,0,0,0,0,0,0,0,0,0,0,0,0,0
95,83,12,0,12,5,0,4,1,2,0,0,0,81,B,1661,1566,209,5.71944611679711,87.36842105263158,41.666666666666664,1.0526315789473684,8.333333333333334,13.34610472541507,LPR,0,3,0,0,3,0,2,0,0,2,0,0,0,0,0,0
90,87,3,0,3,3,0,0,0,0,0,0,0,82,base,1661,1571,214,5.418422636965683,96.66666666666667,100.0,0.0,0.0,13.621896880967537,LPR,0,0,0,0,0,0,0,0,0,0,0,0,0,0,0,0
90,79,11,0,11,5,0,3,0,2,0,0,0,82,B,1661,1571,214,5.418422636965683,87.77777777777777,45.45454545454545,0.0,0.0,13.621896880967537,LPR,0,2,0,0,2,0,2,0,0,2,0,0,0,0,0,0
86,85,1,0,1,0,0,0,0,0,0,0,0,83,base,1661,1575,204,5.177603853100542,98.83720930232558,0.0,0.0,0.0,12.952380952380953,LPR,0,0,0,0,0,0,0,0,0,0,0,0,0,0,0,0
86,79,7,1,6,4,0,1,0,0,0,0,0,83,B,1661,1575,204,5.177603853100542,91.86046511627907,66.66666666666667,0.0,0.0,12.952380952380953,LPR,0,1,0,0,1,0,0,0,0,0,0,0,0,0,0,0
78,73,5,0,5,2,0,1,0,0,0,0,0,84,base,1661,1583,207,4.695966285370259,93.58974358974359,40.0,0.0,0.0,13.076437144662034,LPR,0,0,0,0,0,0,0,0,0,0,0,0,0,0,0,0
78,65,13,1,12,5,0,3,0,1,0,0,0,84,B,1661,1583,207,4.695966285370259,83.33333333333333,41.666666666666664,0.0,0.0,13.076437144662034,LPR,0,3,0,0,3,0,1,0,0,1,0,0,0,0,0,0
74,69,5,0,5,3,0,2,0,0,0,0,0,85,base,1661,1587,213,4.455147501505118,93.24324324324324,60.0,0.0,0.0,13.421550094517958,LPR,0,1,0,0,1,0,0,0,0,0,0,0,0,0,0,0
74,64,10,0,10,6,0,4,0,1,0,0,0,85,B,1661,1587,213,4.455147501505118,86.48648648648648,60.0,0.0,0.0,13.421550094517958,LPR,0,3,0,0,3,0,1,0,0,1,0,0,0,0,0,0
73,68,5,0,5,4,0,4,0,1,0,0,0,86,base,1661,1588,215,4.394942805538832,93.15068493150685,80.0,0.0,0.0,13.53904282115869,LPR,0,2,0,0,2,0,1,0,0,1,0,0,0,0,0,0
73,60,13,1,12,8,1,7,0,3,0,0,0,86,B,1661,1588,215,4.394942805538832,82.1917808219178,66.66666666666667,0.0,0.0,13.53904282115869,LPR,0,5,0,0,5,0,3,0,0,3,0,0,0,0,0,0
89,83,6,0,6,5,0,2,0,0,0,0,0,87,base,1661,1572,209,5.358217940999398,93.25842696629213,83.33333333333333,0.0,0.0,13.295165394402035,LPR,0,0,0,0,0,0,0,0,0,0,0,0,0,0,0,0
89,77,12,0,12,7,0,4,0,1,0,0,0,87,B,1661,1572,209,5.358217940999398,86.51685393258427,58.333333333333336,0.0,0.0,13.295165394402035,LPR,0,2,0,0,2,0,1,0,0,1,0,0,0,0,0,0
87,81,6,0,6,3,0,2,0,1,0,0,0,88,base,1661,1574,213,5.237808549066827,93.10344827586206,50.0,0.0,0.0,13.532401524777637,LPR,0,2,0,0,2,0,1,0,0,1,0,0,0,0,0,0
87,78,9,0,9,6,0,3,0,1,0,0,0,88,B,1661,1574,213,5.237808549066827,89.65517241379311,66.66666666666667,0.0,0.0,13.532401524777637,LPR,0,3,0,0,3,0,1,0,0,1,0,0,0,0,0,0
90,83,7,0,7,2,0,4,2,0,0,0,0,89,base,1661,1571,209,5.418422636965683,92.22222222222223,28.571428571428573,2.2222222222222223,28.571428571428573,13.303628262253342,LPR,0,1,0,0,1,0,0,0,0,0,0,0,0,0,0,0
90,75,15,1,14,7,0,7,2,2,0,0,0,89,B,1661,1571,209,5.418422636965683,83.33333333333333,50.0,2.2222222222222223,13.333333333333334,13.303628262253342,LPR,0,4,0,0,4,0,2,0,0,2,0,0,0,0,0,0
70,66,4,0,4,1,0,0,0,0,0,0,0,90,base,1661,1591,212,4.214328717639976,94.28571428571429,25.0,0.0,0.0,13.32495285983658,LPR,0,0,0,0,0,0,0,0,0,0,0,0,0,0,0,0
70,59,11,0,11,3,0,3,0,0,0,0,0,90,B,1661,1591,212,4.214328717639976,84.28571428571429,27.272727272727273,0.0,0.0,13.32495285983658,LPR,0,2,0,0,2,0,0,0,0,0,0,0,0,0,0,0
79,74,5,0,5,5,0,4,0,1,0,0,0,91,base,1661,1582,219,4.7561709813365445,93.67088607594937,100.0,0.0,0.0,13.84323640960809,LPR,0,2,0,0,2,0,1,0,0,1,0,0,0,0,0,0
79,68,11,0,11,6,0,4,0,3,0,0,0,91,B,1661,1582,219,4.7561709813365445,86.07594936708861,54.54545454545455,0.0,0.0,13.84323640960809,LPR,0,3,0,0,3,0,3,0,0,3,0,0,0,0,0,0
56,52,4,0,4,1,0,0,0,0,0,0,0,92,base,1661,1605,212,3.3714629741119806,92.85714285714286,25.0,0.0,0.0,13.208722741433021,LPR,0,0,0,0,0,0,0,0,0,0,0,0,0,0,0,0
56,44,12,0,12,5,0,5,0,2,0,0,0,92,B,1661,1605,212,3.3714629741119806,78.57142857142857,41.666666666666664,0.0,0.0,13.208722741433021,LPR,0,5,0,0,5,0,2,0,0,2,0,0,0,0,0,0
97,91,6,0,6,2,0,2,0,0,0,0,0,93,base,1661,1564,205,5.839855508729681,93.81443298969072,33.333333333333336,0.0,0.0,13.107416879795396,LPR,0,4,2,0,2,2,0,0,0,0,0,0,0,0,0,0
97,78,19,1,18,9,0,4,0,0,0,0,0,93,B,1661,1564,205,5.839855508729681,80.41237113402062,50.0,0.0,0.0,13.107416879795396,LPR,0,6,2,0,4,2,0,0,0,0,0,0,0,0,0,0
84,76,8,0,8,6,0,3,0,1,0,0,0,94,base,1661,1577,210,5.057194461167971,90.47619047619048,75.0,0.0,0.0,13.316423589093215,LPR,0,1,0,0,1,0,1,0,0,1,0,0,0,0,0,0
84,71,13,0,13,7,0,4,1,2,0,0,0,94,B,1661,1577,210,5.057194461167971,84.52380952380952,53.84615384615385,1.1904761904761905,7.6923076923076925,13.316423589093215,LPR,0,2,0,0,2,0,2,0,0,2,0,0,0,0,0,0
97,90,7,0,7,5,0,4,0,2,0,0,0,95,base,1661,1564,210,5.839855508729681,92.78350515463917,71.42857142857143,0.0,0.0,13.427109974424553,LPR,0,4,1,0,3,1,2,0,0,2,0,0,0,0,0,0
97,79,18,1,17,9,0,7,0,1,0,0,0,95,B,1661,1564,210,5.839855508729681,81.44329896907216,52.94117647058823,0.0,0.0,13.427109974424553,LPR,0,7,0,0,6,1,1,0,0,1,0,0,0,0,0,0
102,95,7,0,7,5,0,2,0,0,0,0,0,96,base,1661,1559,200,6.1408789885611075,93.13725490196079,71.42857142857143,0.0,0.0,12.828736369467608,LPR,0,3,2,0,1,2,0,0,0,0,0,0,0,0,0,0
102,86,16,0,16,12,0,9,0,4,0,0,0,96,B,1661,1559,200,6.1408789885611075,84.31372549019608,75.0,0.0,0.0,12.828736369467608,LPR,0,10,2,0,8,2,4,0,0,4,0,0,0,0,0,0
86,82,4,0,4,4,0,3,0,0,0,0,0,97,base,1661,1575,208,5.177603853100542,95.34883720930233,100.0,0.0,0.0,13.206349206349206,LPR,0,2,0,0,2,0,0,0,0,0,0,0,0,0,0,0
86,70,16,0,16,13,0,8,0,1,0,0,0,97,B,1661,1575,208,5.177603853100542,81.3953488372093,81.25,0.0,0.0,13.206349206349206,LPR,0,5,0,0,5,0,1,0,0,1,0,0,0,0,0,0
81,78,3,0,3,1,0,2,1,0,0,0,0,98,base,1661,1580,206,4.876580373269115,96.29629629629629,33.333333333333336,1.2345679012345678,33.333333333333336,13.037974683544304,LPR,0,2,1,0,1,1,0,0,0,0,0,0,0,0,0,0
81,75,6,0,6,2,0,3,1,0,0,0,0,98,B,1661,1580,206,4.876580373269115,92.5925925925926,33.333333333333336,1.2345679012345678,16.666666666666668,13.037974683544304,LPR,0,3,1,0,2,1,0,0,0,0,0,0,0,0,0,0
72,69,3,0,3,2,0,1,0,1,0,0,0,99,base,1661,1589,216,4.334738109572546,95.83333333333333,66.66666666666667,0.0,0.0,13.593455003146634,LPR,0,1,0,0,1,0,1,0,0,1,0,0,0,0,0,0
72,59,13,1,12,8,0,5,0,4,0,0,0,99,B,1661,1589,216,4.334738109572546,81.94444444444444,66.66666666666667,0.0,0.0,13.593455003146634,LPR,0,4,0,0,4,0,4,0,0,4,0,0,0,0,0,0
87,82,5,0,5,3,0,1,0,0,0,0,0,100,base,1661,1574,208,5.237808549066827,94.25287356321839,60.0,0.0,0.0,13.214739517153749,LPR,0,1,0,0,1,0,0,0,0,0,0,0,0,0,0,0
87,74,13,0,13,6,0,4,0,1,0,0,0,100,B,1661,1574,208,5.237808549066827,85.05747126436782,46.15384615384615,0.0,0.0,13.214739517153749,LPR,0,2,0,0,2,0,1,0,0,1,0,0,0,0,0,0
63,60,3,0,3,2,0,2,0,1,0,0,0,101,base,1661,1598,209,3.7928958458759783,95.23809523809524,66.66666666666667,0.0,0.0,13.078848560700877,LPR,0,3,1,0,2,1,1,0,0,1,0,0,0,0,0,0
63,53,10,0,10,7,0,6,0,1,0,0,0,101,B,1661,1598,209,3.7928958458759783,84.12698412698413,70.0,0.0,0.0,13.078848560700877,LPR,0,5,0,0,5,0,1,0,0,1,0,0,0,0,0,0
70,67,3,0,3,1,0,1,0,1,0,0,0,102,base,1661,1591,213,4.214328717639976,95.71428571428571,33.333333333333336,0.0,0.0,13.387806411062225,LPR,0,1,0,0,1,0,1,0,0,1,0,0,0,0,0,0
70,61,9,0,9,6,0,2,0,1,0,0,0,102,B,1661,1591,213,4.214328717639976,87.14285714285714,66.66666666666667,0.0,0.0,13.387806411062225,LPR,0,2,0,0,2,0,1,0,0,1,0,0,0,0,0,0
83,80,3,0,3,3,0,2,0,1,0,0,0,103,base,1661,1578,216,4.996989765201686,96.3855421686747,100.0,0.0,0.0,13.688212927756654,LPR,0,2,0,0,2,0,1,0,0,1,0,0,0,0,0,0
83,74,9,0,9,7,0,5,0,1,0,0,0,103,B,1661,1578,216,4.996989765201686,89.1566265060241,77.77777777777777,0.0,0.0,13.688212927756654,LPR,0,5,0,0,5,0,1,0,0,1,0,0,0,0,0,0
74,70,4,0,4,3,0,2,0,0,0,0,0,104,base,1661,1587,209,4.455147501505118,94.5945945945946,75.0,0.0,0.0,13.169502205419029,LPR,0,3,1,0,2,1,0,0,0,0,0,0,0,0,0,0
74,63,11,0,11,8,0,8,0,2,0,0,0,104,B,1661,1587,209,4.455147501505118,85.13513513513513,72.72727272727273,0.0,0.0,13.169502205419029,LPR,0,7,1,0,6,1,2,0,0,2,0,0,0,0,0,0
65,59,6,0,6,4,0,2,0,1,0,0,0,105,base,1661,1596,208,3.913305237808549,90.76923076923077,66.66666666666667,0.0,0.0,13.032581453634085,LPR,0,2,0,0,2,0,1,0,0,1,0,0,0,0,0,0
65,54,11,1,10,4,1,4,0,1,0,0,0,105,B,1661,1596,208,3.913305237808549,83.07692307692308,40.0,0.0,0.0,13.032581453634085,LPR,0,4,0,0,4,0,1,0,0,1,0,0,0,0,0,0
91,85,6,0,6,3,0,1,0,0,0,0,0,106,base,1661,1570,208,5.478627332931969,93.4065934065934,50.0,0.0,0.0,13.248407643312103,LPR,0,1,1,0,0,1,0,0,0,0,0,0,0,0,0,0
91,75,16,1,15,8,1,7,0,3,0,0,0,106,B,1661,1570,208,5.478627332931969,82.41758241758242,53.333333333333336,0.0,0.0,13.248407643312103,LPR,0,4,1,0,3,1,3,0,0,3,0,0,0,0,0,0
89,83,6,0,6,4,0,3,0,1,0,0,0,107,base,1661,1572,210,5.358217940999398,93.25842696629213,66.66666666666667,0.0,0.0,13.358778625954198,LPR,0,1,0,0,1,0,1,0,0,1,0,0,0,0,0,0
89,79,10,0,10,5,0,4,0,1,0,0,0,107,B,1661,1572,210,5.358217940999398,88.76404494382022,50.0,0.0,0.0,13.358778625954198,LPR,0,2,0,0,2,0,1,0,0,1,0,0,0,0,0,0
95,92,3,0,3,2,0,1,0,0,0,0,0,108,base,1661,1566,207,5.71944611679711,96.84210526315789,66.66666666666667,0.0,0.0,13.218390804597702,LPR,0,1,0,0,1,0,0,0,0,0,0,0,0,0,0,0
95,84,11,0,11,7,0,4,0,1,0,0,0,108,B,1661,1566,207,5.71944611679711,88.42105263157895,63.63636363636363,0.0,0.0,13.218390804597702,LPR,0,4,0,0,4,0,1,0,0,1,0,0,0,0,0,0
78,77,1,0,1,1,0,0,0,0,0,0,0,109,base,1661,1583,213,4.695966285370259,98.71794871794872,100.0,0.0,0.0,13.455464308275426,LPR,0,0,0,0,0,0,0,0,0,0,0,0,0,0,0,0
78,68,10,0,10,9,0,8,0,1,0,0,0,109,B,1661,1583,213,4.695966285370259,87.17948717948718,90.0,0.0,0.0,13.455464308275426,LPR,0,6,0,0,6,0,1,0,0,1,0,0,0,0,0,0
64,63,1,0,1,1,0,1,0,1,0,0,0,110,base,1661,1597,212,3.853100541842264,98.4375,100.0,0.0,0.0,13.27489041953663,LPR,0,1,0,0,1,0,1,0,0,1,0,0,0,0,0,0
64,58,6,1,5,4,0,4,0,1,0,0,0,110,B,1661,1597,212,3.853100541842264,90.625,80.0,0.0,0.0,13.27489041953663,LPR,0,4,0,0,4,0,1,0,0,1,0,0,0,0,0,0
75,72,3,0,3,1,0,1,0,0,0,0,0,111,base,1661,1586,210,4.515352197471403,96.0,33.333333333333336,0.0,0.0,13.240857503152585,LPR,0,2,1,0,1,1,0,0,0,0,0,0,0,0,0,0
75,64,11,0,11,6,0,4,0,0,0,0,0,111,B,1661,1586,210,4.515352197471403,85.33333333333333,54.54545454545455,0.0,0.0,13.240857503152585,LPR,0,3,1,0,2,1,0,0,0,0,0,0,0,0,0,0
73,71,2,0,2,2,0,1,0,0,0,0,0,112,base,1661,1588,212,4.394942805538832,97.26027397260275,100.0,0.0,0.0,13.350125944584383,LPR,0,1,0,0,1,0,0,0,0,0,0,0,0,0,0,0
73,62,11,0,11,10,0,7,0,0,0,0,0,112,B,1661,1588,212,4.394942805538832,84.93150684931507,90.9090909090909,0.0,0.0,13.350125944584383,LPR,0,7,0,0,7,0,0,0,0,0,0,0,0,0,0,0
78,76,2,0,2,2,0,0,0,0,0,0,0,113,base,1661,1583,214,4.695966285370259,97.43589743589743,100.0,0.0,0.0,13.518635502210993,LPR,0,0,0,0,0,0,0,0,0,0,0,0,0,0,0,0
78,70,8,0,8,4,0,2,0,0,0,0,0,113,B,1661,1583,214,4.695966285370259,89.74358974358974,50.0,0.0,0.0,13.518635502210993,LPR,0,1,0,0,1,0,0,0,0,0,0,0,0,0,0,0
90,88,2,0,2,0,0,1,1,0,0,0,0,114,base,1661,1571,208,5.418422636965683,97.77777777777777,0.0,1.1111111111111112,50.0,13.239974538510502,LPR,0,0,0,0,0,0,0,0,0,0,0,0,0,0,0,0
90,78,12,0,12,5,0,5,1,2,0,0,0,114,B,1661,1571,208,5.418422636965683,86.66666666666667,41.666666666666664,1.1111111111111112,8.333333333333334,13.239974538510502,LPR,0,4,0,0,4,0,2,0,0,2,0,0,0,0,0,0
88,81,7,0,7,5,0,2,0,1,0,0,0,115,base,1661,1573,206,5.298013245033113,92.04545454545455,71.42857142857143,0.0,0.0,13.095994914176732,LPR,0,3,2,0,1,2,1,0,0,1,0,0,0,0,0,0
88,69,19,1,18,11,1,9,0,5,0,0,0,115,B,1661,1573,206,5.298013245033113,78.4090909090909,61.111111111111114,0.0,0.0,13.095994914176732,LPR,0,8,1,0,7,1,4,0,0,4,0,0,0,0,0,0
89,80,9,0,9,7,0,4,0,1,0,0,0,116,base,1661,1572,208,5.358217940999398,89.88764044943821,77.77777777777777,0.0,0.0,13.231552162849873,LPR,0,2,0,0,2,0,1,0,0,1,0,0,0,0,0,0
89,73,16,0,16,10,0,6,0,1,0,0,0,116,B,1661,1572,208,5.358217940999398,82.02247191011236,62.5,0.0,0.0,13.231552162849873,LPR,0,3,0,0,3,0,1,0,0,1,0,0,0,0,0,0
91,88,3,0,3,2,0,1,0,0,0,0,0,117,base,1661,1570,214,5.478627332931969,96.7032967032967,66.66666666666667,0.0,0.0,13.630573248407643,LPR,0,0,0,0,0,0,0,0,0,0,0,0,0,0,0,0
91,81,10,1,9,5,0,5,1,0,0,0,0,117,B,1661,1570,214,5.478627332931969,89.01098901098901,55.55555555555556,1.098901098901099,10.0,13.630573248407643,LPR,0,3,0,0,3,0,0,0,0,0,0,0,0,0,0,0
96,87,9,0,9,5,0,4,0,3,0,0,0,118,base,1661,1565,208,5.779650812763395,90.625,55.55555555555556,0.0,0.0,13.29073482428115,LPR,0,4,0,0,4,0,3,0,0,3,0,0,0,0,0,0
96,79,17,0,17,10,0,9,1,5,0,0,0,118,B,1661,1565,208,5.779650812763395,82.29166666666667,58.8235294117647,1.0416666666666667,5.882352941176471,13.29073482428115,LPR,0,6,0,0,6,0,5,0,0,5,0,0,0,0,0,0
91,88,3,0,3,1,0,2,1,1,0,0,0,119,base,1661,1570,210,5.478627332931969,96.7032967032967,33.333333333333336,1.098901098901099,33.333333333333336,13.375796178343949,LPR,0,1,0,0,1,0,1,0,0,1,0,0,0,0,0,0
91,77,14,0,14,10,0,10,1,2,0,0,0,119,B,1661,1570,210,5.478627332931969,84.61538461538461,71.42857142857143,1.098901098901099,7.142857142857143,13.375796178343949,LPR,0,6,0,0,6,0,2,0,0,2,0,0,0,0,0,0
83,81,2,0,2,1,0,0,0,0,0,0,0,120,base,1661,1578,207,4.996989765201686,97.59036144578313,50.0,0.0,0.0,13.11787072243346,LPR,0,1,1,0,0,1,0,0,0,0,0,0,0,0,0,0
83,68,15,0,15,9,0,5,0,3,0,0,0,120,B,1661,1578,207,4.996989765201686,81.92771084337349,60.0,0.0,0.0,13.11787072243346,LPR,0,6,1,0,5,1,3,0,0,3,0,0,0,0,0,0
76,73,3,0,3,3,0,3,0,0,0,0,0,121,base,1661,1585,207,4.575556893437688,96.05263157894737,100.0,0.0,0.0,13.05993690851735,LPR,0,3,1,0,2,1,0,0,0,0,0,0,0,0,0,0
76,66,10,0,10,9,0,6,0,1,0,0,0,121,B,1661,1585,207,4.575556893437688,86.84210526315789,90.0,0.0,0.0,13.05993690851735,LPR,0,6,1,0,5,1,1,0,0,1,0,0,0,0,0,0
91,86,5,0,5,2,0,0,0,0,0,0,0,122,base,1661,1570,207,5.478627332931969,94.50549450549451,40.0,0.0,0.0,13.184713375796179,LPR,0,0,0,0,0,0,0,0,0,0,0,0,0,0,0,0
91,75,16,0,16,8,0,3,0,1,0,0,0,122,B,1661,1570,207,5.478627332931969,82.41758241758242,50.0,0.0,0.0,13.184713375796179,LPR,0,3,0,0,3,0,1,0,0,1,0,0,0,0,0,0
76,75,1,0,1,1,0,1,0,1,0,0,0,123,base,1661,1585,215,4.575556893437688,98.6842105263158,100.0,0.0,0.0,13.564668769716087,LPR,0,1,0,0,1,0,1,0,0,1,0,0,0,0,0,0
76,68,8,0,8,3,0,2,0,0,0,0,0,123,B,1661,1585,215,4.575556893437688,89.47368421052632,37.5,0.0,0.0,13.564668769716087,LPR,0,1,0,0,1,0,0,0,0,0,0,0,0,0,0,0
86,83,3,0,3,2,0,2,0,1,0,0,0,124,base,1661,1575,211,5.177603853100542,96.51162790697674,66.66666666666667,0.0,0.0,13.396825396825397,LPR,0,3,1,0,2,1,1,0,0,1,0,0,0,0,0,0
86,69,17,0,17,12,0,7,0,2,0,0,0,124,B,1661,1575,211,5.177603853100542,80.23255813953489,70.58823529411765,0.0,0.0,13.396825396825397,LPR,0,8,1,0,7,1,2,0,0,2,0,0,0,0,0,0
60,54,6,0,6,3,0,2,0,1,0,0,0,125,base,1661,1601,210,3.6122817579771223,90.0,50.0,0.0,0.0,13.11680199875078,LPR,0,3,1,0,2,1,1,0,0,1,0,0,0,0,0,0
60,50,10,0,10,3,0,3,0,2,0,0,0,125,B,1661,1601,210,3.6122817579771223,83.33333333333333,30.0,0.0,0.0,13.11680199875078,LPR,0,4,1,0,3,1,2,0,0,2,0,0,0,0,0,0
80,77,3,0,3,2,0,2,0,2,0,0,0,126,base,1661,1581,211,4.81637567730283,96.25,66.66666666666667,0.0,0.0,13.345983554712207,LPR,0,2,0,0,2,0,2,0,0,2,0,0,0,0,0,0
80,71,9,0,9,7,0,5,0,1,0,0,0,126,B,1661,1581,211,4.81637567730283,88.75,77.77777777777777,0.0,0.0,13.345983554712207,LPR,0,5,0,0,5,0,1,0,0,1,0,0,0,0,0,0
84,82,2,0,2,2,0,2,0,0,0,0,0,127,base,1661,1577,214,5.057194461167971,97.61904761904762,100.0,0.0,0.0,13.570069752694991,LPR,0,1,0,0,1,0,0,0,0,0,0,0,0,0,0,0
84,75,9,2,7,5,0,4,0,0,0,0,0,127,B,1661,1577,214,5.057194461167971,89.28571428571429,71.42857142857143,0.0,0.0,13.570069752694991,LPR,0,3,0,0,3,0,0,0,0,0,0,0,0,0,0,0
83,79,4,0,4,3,0,2,0,0,0,0,0,128,base,1661,1578,205,4.996989765201686,95.18072289156626,75.0,0.0,0.0,12.991128010139416,LPR,0,2,0,0,2,0,0,0,0,0,0,0,0,0,0,0
83,73,10,1,9,5,1,2,1,0,0,0,0,128,B,1661,1578,205,4.996989765201686,87.95180722891567,55.55555555555556,1.2048192771084338,10.0,12.991128010139416,LPR,0,1,0,0,1,0,0,0,0,0,0,0,0,0,0,0
70,64,6,0,6,3,0,3,0,1,0,0,0,129,base,1661,1591,212,4.214328717639976,91.42857142857143,50.0,0.0,0.0,13.32495285983658,LPR,0,4,1,0,3,1,1,0,0,1,0,0,0,0,0,0
70,59,11,0,11,5,0,4,1,1,0,0,0,129,B,1661,1591,212,4.214328717639976,84.28571428571429,45.45454545454545,1.4285714285714286,9.090909090909092,13.32495285983658,LPR,0,4,1,0,3,1,1,0,0,1,0,0,0,0,0,0
86,79,7,0,7,6,0,5,0,1,0,0,0,130,base,1661,1575,209,5.177603853100542,91.86046511627907,85.71428571428571,0.0,0.0,13.26984126984127,LPR,0,3,0,0,3,0,1,0,0,1,0,0,0,0,0,0
86,69,17,0,17,14,0,9,0,4,0,0,0,130,B,1661,1575,209,5.177603853100542,80.23255813953489,82.3529411764706,0.0,0.0,13.26984126984127,LPR,0,7,0,0,7,0,4,0,0,4,0,0,0,0,0,0
69,66,3,0,3,1,0,1,0,0,0,0,0,131,base,1661,1592,213,4.154124021673691,95.65217391304348,33.333333333333336,0.0,0.0,13.379396984924623,LPR,0,1,0,0,1,0,0,0,0,0,0,0,0,0,0,0
69,59,10,0,10,3,0,2,0,0,0,0,0,131,B,1661,1592,213,4.154124021673691,85.5072463768116,30.0,0.0,0.0,13.379396984924623,LPR,0,2,0,0,2,0,0,0,0,0,0,0,0,0,0,0
62,59,3,0,3,2,0,2,0,1,0,0,0,132,base,1661,1599,212,3.732691149909693,95.16129032258064,66.66666666666667,0.0,0.0,13.258286429018137,LPR,0,1,0,0,1,0,1,0,0,1,0,0,0,0,0,0
62,56,6,0,6,5,0,5,0,3,0,0,0,132,B,1661,1599,212,3.732691149909693,90.3225806451613,83.33333333333333,0.0,0.0,13.258286429018137,LPR,0,4,0,0,4,0,3,0,0,3,0,0,0,0,0,0
92,84,8,0,8,2,0,1,0,0,0,0,0,133,base,1661,1569,204,5.538832028898254,91.30434782608695,25.0,0.0,0.0,13.001912045889101,LPR,0,1,0,0,1,0,0,0,0,0,0,0,0,0,0,0
92,75,17,0,17,8,0,5,0,2,0,0,0,133,B,1661,1569,204,5.538832028898254,81.52173913043478,47.05882352941177,0.0,0.0,13.001912045889101,LPR,0,4,0,0,4,0,1,0,0,1,0,0,0,0,0,0
83,79,4,0,4,2,0,1,0,0,0,0,0,134,base,1661,1578,206,4.996989765201686,95.18072289156626,50.0,0.0,0.0,13.05449936628644,LPR,0,1,0,0,1,0,0,0,0,0,0,0,0,0,0,0
83,69,14,1,13,8,1,5,0,0,0,0,0,134,B,1661,1578,206,4.996989765201686,83.13253012048193,61.53846153846154,0.0,0.0,13.05449936628644,LPR,0,5,0,0,5,0,0,0,0,0,0,0,0,0,0,0
81,78,3,0,3,1,0,0,0,0,0,0,0,135,base,1661,1580,213,4.876580373269115,96.29629629629629,33.333333333333336,0.0,0.0,13.481012658227849,LPR,0,1,1,0,0,1,0,0,0,0,0,0,0,0,0,0
81,73,8,0,8,4,0,3,0,1,0,0,0,135,B,1661,1580,213,4.876580373269115,90.12345679012346,50.0,0.0,0.0,13.481012658227849,LPR,0,3,1,0,2,1,1,0,0,1,0,0,0,0,0,0
78,74,4,0,4,2,0,0,0,0,0,0,0,136,base,1661,1583,213,4.695966285370259,94.87179487179488,50.0,0.0,0.0,13.455464308275426,LPR,0,0,0,0,0,0,0,0,0,0,0,0,0,0,0,0
78,68,10,0,10,4,0,2,0,0,0,0,0,136,B,1661,1583,213,4.695966285370259,87.17948717948718,40.0,0.0,0.0,13.455464308275426,LPR,0,2,0,0,2,0,0,0,0,0,0,0,0,0,0,0
84,80,4,0,4,2,0,2,0,0,0,0,0,137,base,1661,1577,212,5.057194461167971,95.23809523809524,50.0,0.0,0.0,13.443246670894103,LPR,0,2,0,0,2,0,0,0,0,0,0,0,0,0,0,0
84,73,11,0,11,9,0,6,0,4,0,0,0,137,B,1661,1577,212,5.057194461167971,86.9047619047619,81.81818181818181,0.0,0.0,13.443246670894103,LPR,0,6,0,0,6,0,4,0,0,4,0,0,0,0,0,0
92,89,3,0,3,3,0,3,0,0,0,0,0,138,base,1661,1569,209,5.538832028898254,96.73913043478261,100.0,0.0,0.0,13.320586360739325,LPR,0,2,0,0,2,0,0,0,0,0,0,0,0,0,0,0
92,82,10,0,10,6,0,6,0,1,0,0,0,138,B,1661,1569,209,5.538832028898254,89.1304347826087,60.0,0.0,0.0,13.320586360739325,LPR,0,5,0,0,5,0,1,0,0,1,0,0,0,0,0,0
83,77,6,0,6,5,0,2,0,1,0,0,0,139,base,1661,1578,210,4.996989765201686,92.7710843373494,83.33333333333333,0.0,0.0,13.307984790874524,LPR,0,2,1,0,1,1,1,0,0,1,0,0,0,0,0,0
83,67,16,1,15,10,0,5,0,2,0,0,0,139,B,1661,1578,210,4.996989765201686,80.72289156626506,66.66666666666667,0.0,0.0,13.307984790874524,LPR,0,4,1,0,3,1,2,0,0,2,0,0,0,0,0,0
82,72,10,0,10,7,0,5,0,1,0,0,0,140,base,1661,1579,213,4.9367850692354,87.8048780487805,70.0,0.0,0.0,13.489550348321723,LPR,0,6,2,0,4,2,1,0,0,1,0,0,0,0,0,0
82,65,17,0,17,11,0,8,0,2,0,0,0,140,B,1661,1579,213,4.9367850692354,79.26829268292683,64.70588235294117,0.0,0.0,13.489550348321723,LPR,0,7,2,0,5,2,2,0,0,2,0,0,0,0,0,0
86,82,4,0,4,1,0,1,0,0,0,0,0,141,base,1661,1575,210,5.177603853100542,95.34883720930233,25.0,0.0,0.0,13.333333333333334,LPR,0,1,0,0,1,0,0,0,0,0,0,0,0,0,0,0
86,75,11,0,11,5,0,2,0,0,0,0,0,141,B,1661,1575,210,5.177603853100542,87.20930232558139,45.45454545454545,0.0,0.0,13.333333333333334,LPR,0,1,0,0,1,0,0,0,0,0,0,0,0,0,0,0
89,86,3,0,3,2,0,1,0,1,0,0,0,42,base,1601,1512,169,5.559025608994379,96.62921348314607,66.66666666666667,0.0,0.0,11.177248677248677,MER,0,2,1,0,1,1,1,0,0,1,0,0,0,0,0,0
89,75,14,0,14,10,0,7,0,4,0,0,0,42,B,1601,1512,169,5.559025608994379,84.26966292134831,71.42857142857143,0.0,0.0,11.177248677248677,MER,0,7,1,0,6,1,4,0,0,4,0,0,0,0,0,0
83,78,5,0,5,2,0,2,0,0,0,0,0,43,base,1601,1518,167,5.184259837601499,93.97590361445783,40.0,0.0,0.0,11.001317523056654,MER,0,1,0,0,1,1,0,0,0,0,0,0,0,0,0,0
83,74,9,0,9,4,0,2,0,0,0,0,0,43,B,1601,1518,167,5.184259837601499,89.1566265060241,44.44444444444444,0.0,0.0,11.001317523056654,MER,0,1,0,0,1,1,0,0,0,0,0,0,0,0,0,0
88,87,1,0,1,1,0,1,0,1,0,0,0,44,base,1601,1513,166,5.496564647095565,98.86363636363636,100.0,0.0,0.0,10.971579643093193,MER,0,1,0,0,1,0,1,0,0,1,0,0,0,0,0,0
88,76,12,0,12,8,0,6,1,3,0,0,0,44,B,1601,1513,166,5.496564647095565,86.36363636363636,66.66666666666667,1.1363636363636365,8.333333333333334,10.971579643093193,MER,0,4,0,0,4,0,3,0,0,3,0,0,0,0,0,0
82,76,6,0,6,4,0,1,0,0,0,0,0,45,base,1601,1519,173,5.1217988757026855,92.6829268292683,66.66666666666667,0.0,0.0,11.389071757735353,MER,0,1,1,0,0,1,0,0,0,0,0,0,0,0,0,0
82,65,17,0,17,9,0,7,0,4,0,0,0,45,B,1601,1519,173,5.1217988757026855,79.26829268292683,52.94117647058823,0.0,0.0,11.389071757735353,MER,0,6,1,0,5,1,4,0,0,4,0,0,0,0,0,0
71,65,6,0,6,4,0,3,0,0,0,0,0,46,base,1601,1530,174,4.4347282948157405,91.54929577464789,66.66666666666667,0.0,0.0,11.372549019607844,MER,0,3,0,0,3,0,0,0,0,0,0,0,0,0,0,0
71,56,15,0,15,8,0,7,2,2,0,0,0,46,B,1601,1530,174,4.4347282948157405,78.87323943661971,53.333333333333336,2.816901408450704,13.333333333333334,11.372549019607844,MER,0,6,2,2,6,0,2,0,0,2,0,0,0,0,0,0
82,79,3,0,3,0,0,0,0,0,0,0,0,47,base,1601,1519,168,5.1217988757026855,96.34146341463415,0.0,0.0,0.0,11.059907834101383,MER,0,0,0,0,0,0,0,0,0,0,0,0,0,0,0,0
82,73,9,0,9,5,0,3,0,2,0,0,0,47,B,1601,1519,168,5.1217988757026855,89.02439024390245,55.55555555555556,0.0,0.0,11.059907834101383,MER,0,3,0,0,3,0,2,0,0,2,0,0,0,0,0,0
83,81,2,0,2,1,0,0,0,0,0,0,0,48,base,1601,1518,168,5.184259837601499,97.59036144578313,50.0,0.0,0.0,11.067193675889328,MER,0,0,0,0,0,0,0,0,0,0,0,0,0,0,0,0
83,71,12,1,11,6,1,2,0,0,0,0,0,48,B,1601,1518,168,5.184259837601499,85.5421686746988,54.54545454545455,0.0,0.0,11.067193675889328,MER,0,2,0,0,2,0,0,0,0,0,0,0,0,0,0,0
85,77,8,0,8,5,0,4,0,1,0,0,0,49,base,1601,1516,166,5.309181761399126,90.58823529411765,62.5,0.0,0.0,10.949868073878628,MER,0,2,0,0,2,0,1,0,0,1,0,0,0,0,0,0
85,70,15,1,14,8,0,6,0,2,0,0,0,49,B,1601,1516,166,5.309181761399126,82.3529411764706,57.142857142857146,0.0,0.0,10.949868073878628,MER,0,4,0,0,4,0,2,0,0,2,0,0,0,0,0,0
82,74,8,0,8,7,0,4,0,1,0,0,0,50,base,1601,1519,171,5.1217988757026855,90.2439024390244,87.5,0.0,0.0,11.257406188281765,MER,0,4,1,0,3,1,1,0,0,1,0,0,0,0,0,0
82,68,14,0,14,9,0,8,0,2,0,0,0,50,B,1601,1519,171,5.1217988757026855,82.92682926829268,64.28571428571429,0.0,0.0,11.257406188281765,MER,0,7,1,0,6,1,2,0,0,2,0,0,0,0,0,0
86,83,3,0,3,1,0,1,0,0,0,0,0,51,base,1601,1515,165,5.3716427232979385,96.51162790697674,33.333333333333336,0.0,0.0,10.891089108910892,MER,0,0,0,0,0,0,0,0,0,0,0,0,0,0,0,0
86,76,10,0,10,3,0,3,1,0,0,0,0,51,B,1601,1515,165,5.3716427232979385,88.37209302325581,30.0,1.1627906976744187,10.0,10.891089108910892,MER,0,0,0,0,0,0,0,0,0,0,0,0,0,0,0,0
80,76,4,0,4,2,0,3,1,0,0,0,0,52,base,1601,1521,167,4.996876951905059,95.0,50.0,1.25,25.0,10.979618671926364,MER,0,3,1,1,3,0,0,0,0,0,0,0,0,0,0,0
80,71,9,0,9,4,0,4,1,1,0,0,0,52,B,1601,1521,167,4.996876951905059,88.75,44.44444444444444,1.25,11.11111111111111,10.979618671926364,MER,0,4,1,1,4,0,1,0,0,1,0,0,0,0,0,0
81,78,3,0,3,1,0,1,0,0,0,0,0,53,base,1601,1520,170,5.059337913803873,96.29629629629629,33.333333333333336,0.0,0.0,11.18421052631579,MER,0,0,0,0,0,0,0,0,0,0,0,0,0,0,0,0
81,70,11,0,11,7,0,3,0,0,0,0,0,53,B,1601,1520,170,5.059337913803873,86.41975308641975,63.63636363636363,0.0,0.0,11.18421052631579,MER,0,1,0,0,1,0,0,0,0,0,0,0,0,0,0,0
74,73,1,0,1,1,0,1,0,0,0,0,0,54,base,1601,1527,173,4.62211118051218,98.64864864864865,100.0,0.0,0.0,11.329404060248853,MER,0,1,0,0,1,0,0,0,0,0,0,0,0,0,0,0
74,64,10,0,10,5,0,5,0,2,0,0,0,54,B,1601,1527,173,4.62211118051218,86.48648648648648,50.0,0.0,0.0,11.329404060248853,MER,0,4,0,0,4,0,2,0,0,2,0,0,0,0,0,0
85,82,3,0,3,1,0,0,0,0,0,0,0,55,base,1601,1516,163,5.309181761399126,96.47058823529412,33.333333333333336,0.0,0.0,10.751978891820581,MER,0,0,0,0,0,0,0,0,0,0,0,0,0,0,0,0
85,76,9,0,9,2,0,2,1,1,0,0,0,55,B,1601,1516,163,5.309181761399126,89.41176470588235,22.22222222222222,1.1764705882352942,11.11111111111111,10.751978891820581,MER,0,2,1,1,2,0,1,0,0,1,0,0,0,0,0,0
86,85,1,0,1,1,0,1,0,0,0,0,0,56,base,1601,1515,168,5.3716427232979385,98.83720930232558,100.0,0.0,0.0,11.089108910891088,MER,0,1,0,0,1,0,0,0,0,0,0,0,0,0,0,0
86,74,12,0,12,11,0,9,0,3,0,0,0,56,B,1601,1515,168,5.3716427232979385,86.04651162790698,91.66666666666667,0.0,0.0,11.089108910891088,MER,0,7,0,0,7,0,3,0,0,3,0,0,0,0,0,0
88,80,8,0,8,6,0,3,0,0,0,0,0,57,base,1601,1513,169,5.496564647095565,90.9090909090909,75.0,0.0,0.0,11.16986120290813,MER,0,2,0,0,2,0,0,0,0,0,0,0,0,0,0,0
88,72,16,0,16,8,0,8,0,2,0,0,0,57,B,1601,1513,169,5.496564647095565,81.81818181818181,50.0,0.0,0.0,11.16986120290813,MER,0,6,0,0,6,0,2,0,0,2,0,0,0,0,0,0
86,82,4,0,4,3,0,3,1,1,0,0,0,58,base,1601,1515,168,5.3716427232979385,95.34883720930233,75.0,1.1627906976744187,25.0,11.089108910891088,MER,0,3,1,1,3,0,1,0,0,1,0,0,0,0,0,0
86,79,7,0,7,3,0,2,1,1,0,0,0,58,B,1601,1515,168,5.3716427232979385,91.86046511627907,42.857142857142854,1.1627906976744187,14.285714285714286,11.089108910891088,MER,0,2,1,1,2,0,1,0,0,1,0,0,0,0,0,0
80,76,4,0,4,3,0,2,0,0,0,0,0,59,base,1601,1521,170,4.996876951905059,95.0,75.0,0.0,0.0,11.176857330703484,MER,0,2,1,0,1,1,0,0,0,0,0,0,0,0,0,0
80,68,12,0,12,9,0,5,0,1,0,0,0,59,B,1601,1521,170,4.996876951905059,85.0,75.0,0.0,0.0,11.176857330703484,MER,0,4,1,0,3,1,1,0,0,1,0,0,0,0,0,0
90,82,8,0,8,5,0,2,0,2,0,0,0,60,base,1601,1511,169,5.621486570893191,91.11111111111111,62.5,0.0,0.0,11.184645929847782,MER,0,2,0,0,2,0,2,0,0,2,0,0,0,0,0,0
90,74,16,0,16,8,0,6,0,2,0,0,0,60,B,1601,1511,169,5.621486570893191,82.22222222222223,50.0,0.0,0.0,11.184645929847782,MER,0,5,0,0,5,0,2,0,0,2,0,0,0,0,0,0
78,73,5,0,5,4,0,3,0,1,0,0,0,61,base,1601,1523,169,4.871955028107433,93.58974358974359,80.0,0.0,0.0,11.096520026263953,MER,0,2,0,0,2,0,1,0,0,1,0,0,0,0,0,0
78,66,12,0,12,10,0,7,0,3,0,0,0,61,B,1601,1523,169,4.871955028107433,84.61538461538461,83.33333333333333,0.0,0.0,11.096520026263953,MER,0,4,0,0,4,0,3,0,0,3,0,0,0,0,0,0
80,74,6,0,6,4,0,4,1,0,0,0,0,62,base,1601,1521,166,4.996876951905059,92.5,66.66666666666667,1.25,16.666666666666668,10.91387245233399,MER,0,3,1,1,3,0,0,0,0,0,0,0,0,0,0,0
80,68,12,1,11,7,0,3,0,0,0,0,0,62,B,1601,1521,166,4.996876951905059,85.0,63.63636363636363,0.0,0.0,10.91387245233399,MER,0,1,0,0,1,0,0,0,0,0,0,0,0,0,0,0
74,70,4,0,4,4,0,2,0,0,0,0,0,63,base,1601,1527,171,4.62211118051218,94.5945945945946,100.0,0.0,0.0,11.198428290766207,MER,0,3,2,0,1,2,0,0,0,0,0,0,0,0,0,0
74,64,10,0,10,7,0,6,0,0,0,0,0,63,B,1601,1527,171,4.62211118051218,86.48648648648648,70.0,0.0,0.0,11.198428290766207,MER,0,7,2,0,5,2,0,0,0,0,0,0,0,0,0,0
82,78,4,0,4,3,0,2,0,0,0,0,0,64,base,1601,1519,168,5.1217988757026855,95.1219512195122,75.0,0.0,0.0,11.059907834101383,MER,0,1,0,0,1,0,0,0,0,0,0,0,0,0,0,0
82,75,7,0,7,6,0,4,0,2,0,0,0,64,B,1601,1519,168,5.1217988757026855,91.46341463414635,85.71428571428571,0.0,0.0,11.059907834101383,MER,0,3,0,0,3,0,2,0,0,2,0,0,0,0,0,0
76,73,3,0,3,3,0,1,0,0,0,0,0,65,base,1601,1525,171,4.747033104309806,96.05263157894737,100.0,0.0,0.0,11.21311475409836,MER,0,4,3,0,1,3,0,0,0,0,0,0,0,0,0,0
76,63,13,0,13,6,0,6,1,2,0,0,0,65,B,1601,1525,171,4.747033104309806,82.89473684210526,46.15384615384615,1.3157894736842106,7.6923076923076925,11.21311475409836,MER,0,7,3,0,4,3,2,0,0,2,0,0,0,0,0,0
83,81,2,0,2,1,0,1,0,1,0,0,0,66,base,1601,1518,169,5.184259837601499,97.59036144578313,50.0,0.0,0.0,11.133069828722002,MER,0,1,0,0,1,0,1,0,0,1,0,0,0,0,0,0
83,71,12,0,12,10,0,6,1,3,0,0,0,66,B,1601,1518,169,5.184259837601499,85.5421686746988,83.33333333333333,1.2048192771084338,8.333333333333334,11.133069828722002,MER,0,5,1,1,5,0,3,0,0,3,0,0,0,0,0,0
57,53,4,0,4,3,0,3,0,0,0,0,0,67,base,1601,1544,172,3.560274828232355,92.98245614035088,75.0,0.0,0.0,11.139896373056995,MER,0,1,0,0,1,0,0,0,0,0,0,0,0,0,0,0
57,48,9,0,9,7,0,6,0,1,0,0,0,67,B,1601,1544,172,3.560274828232355,84.21052631578948,77.77777777777777,0.0,0.0,11.139896373056995,MER,0,2,0,0,2,0,1,0,0,1,0,0,0,0,0,0
82,77,5,0,5,2,0,1,0,1,0,0,0,68,base,1601,1519,166,5.1217988757026855,93.90243902439025,40.0,0.0,0.0,10.928242264647794,MER,0,1,0,0,1,0,1,0,0,1,0,0,0,0,0,0
82,71,11,0,11,5,0,2,0,0,0,0,0,68,B,1601,1519,166,5.1217988757026855,86.58536585365853,45.45454545454545,0.0,0.0,10.928242264647794,MER,0,2,0,0,2,0,0,0,0,0,0,0,0,0,0,0
91,87,4,0,4,2,0,1,0,1,0,0,0,69,base,1601,1510,169,5.683947532792005,95.6043956043956,50.0,0.0,0.0,11.19205298013245,MER,0,1,0,0,1,0,1,0,0,1,0,0,0,0,0,0
91,75,16,0,16,6,0,6,1,4,0,0,0,69,B,1601,1510,169,5.683947532792005,82.41758241758242,37.5,1.098901098901099,6.25,11.19205298013245,MER,0,4,0,0,4,0,4,0,0,4,0,0,0,0,0,0
74,70,4,0,4,1,0,1,0,0,0,0,0,70,base,1601,1527,173,4.62211118051218,94.5945945945946,25.0,0.0,0.0,11.329404060248853,MER,0,0,0,0,0,0,0,0,0,0,0,0,0,0,0,0
74,66,8,0,8,3,0,3,0,1,0,0,0,70,B,1601,1527,173,4.62211118051218,89.1891891891892,37.5,0.0,0.0,11.329404060248853,MER,0,1,0,0,1,0,1,0,0,1,0,0,0,0,0,0
69,65,4,0,4,4,0,3,0,2,0,0,0,71,base,1601,1532,171,4.309806371018114,94.20289855072464,100.0,0.0,0.0,11.161879895561357,MER,0,3,0,0,3,0,2,0,0,2,0,0,0,0,0,0
69,57,12,0,12,10,0,10,1,6,0,0,0,71,B,1601,1532,171,4.309806371018114,82.6086956521739,83.33333333333333,1.4492753623188406,8.333333333333334,11.161879895561357,MER,0,8,0,0,8,0,6,0,0,6,0,0,0,0,0,0
76,72,4,0,4,2,0,1,0,0,0,0,0,72,base,1601,1525,173,4.747033104309806,94.73684210526316,50.0,0.0,0.0,11.344262295081966,MER,0,0,0,0,0,0,0,0,0,0,0,0,0,0,0,0
76,68,8,0,8,5,0,4,0,0,0,0,0,72,B,1601,1525,173,4.747033104309806,89.47368421052632,62.5,0.0,0.0,11.344262295081966,MER,0,3,0,0,3,0,0,0,0,0,0,0,0,0,0,0
80,77,3,0,3,3,0,2,0,0,0,0,0,73,base,1601,1521,168,4.996876951905059,96.25,100.0,0.0,0.0,11.045364891518737,MER,0,1,0,0,1,0,0,0,0,0,0,0,0,0,0,0
80,72,8,0,8,6,0,3,0,0,0,0,0,73,B,1601,1521,168,4.996876951905059,90.0,75.0,0.0,0.0,11.045364891518737,MER,0,2,0,0,2,0,0,0,0,0,0,0,0,0,0,0
72,67,5,0,5,2,0,2,0,1,0,0,0,74,base,1601,1529,169,4.497189256714553,93.05555555555556,40.0,0.0,0.0,11.05297580117724,MER,0,2,0,0,2,0,1,0,0,1,0,0,0,0,0,0
72,60,12,0,12,6,0,5,0,4,0,0,0,74,B,1601,1529,169,4.497189256714553,83.33333333333333,50.0,0.0,0.0,11.05297580117724,MER,0,5,0,0,5,0,4,0,0,4,0,0,0,0,0,0
82,76,6,0,6,6,0,2,0,0,0,0,0,75,base,1601,1519,168,5.1217988757026855,92.6829268292683,100.0,0.0,0.0,11.059907834101383,MER,0,1,0,0,1,0,0,0,0,0,0,0,0,0,0,0
82,68,14,0,14,10,0,5,0,1,0,0,0,75,B,1601,1519,168,5.1217988757026855,82.92682926829268,71.42857142857143,0.0,0.0,11.059907834101383,MER,0,3,0,0,3,0,1,0,0,1,0,0,0,0,0,0
67,62,5,0,5,4,0,3,0,1,0,0,0,76,base,1601,1534,171,4.184884447220488,92.53731343283582,80.0,0.0,0.0,11.147327249022164,MER,0,2,0,0,2,0,1,0,0,1,0,0,0,0,0,0
67,57,10,0,10,8,0,5,0,2,0,0,0,76,B,1601,1534,171,4.184884447220488,85.07462686567165,80.0,0.0,0.0,11.147327249022164,MER,0,4,0,0,4,0,2,0,0,2,0,0,0,0,0,0
84,80,4,0,4,4,0,3,0,1,0,0,0,77,base,1601,1517,169,5.246720799500312,95.23809523809524,100.0,0.0,0.0,11.140408701384311,MER,0,2,0,0,2,0,1,0,0,1,0,0,0,0,0,0
84,71,13,1,12,9,0,8,0,2,0,0,0,77,B,1601,1517,169,5.246720799500312,84.52380952380952,75.0,0.0,0.0,11.140408701384311,MER,0,4,0,0,4,0,1,0,0,1,0,0,0,0,0,0
91,90,1,0,1,0,0,0,0,0,0,0,0,78,base,1601,1510,169,5.683947532792005,98.9010989010989,0.0,0.0,0.0,11.19205298013245,MER,0,0,0,0,0,0,0,0,0,0,0,0,0,0,0,0
91,76,15,0,15,7,0,7,1,3,0,0,0,78,B,1601,1510,169,5.683947532792005,83.51648351648352,46.666666666666664,1.098901098901099,6.666666666666667,11.19205298013245,MER,0,6,1,1,6,0,3,0,0,3,0,0,0,0,0,0
76,71,5,0,5,3,0,4,1,2,0,0,0,79,base,1601,1525,171,4.747033104309806,93.42105263157895,60.0,1.3157894736842106,20.0,11.21311475409836,MER,0,3,1,1,3,0,2,0,0,2,0,0,0,0,0,0
76,63,13,0,13,9,0,6,1,3,0,0,0,79,B,1601,1525,171,4.747033104309806,82.89473684210526,69.23076923076923,1.3157894736842106,7.6923076923076925,11.21311475409836,MER,0,5,0,0,5,0,3,0,0,3,0,0,0,0,0,0
79,77,2,0,2,0,0,0,0,0,0,0,0,80,base,1601,1522,168,4.934415990006246,97.46835443037975,0.0,0.0,0.0,11.038107752956636,MER,0,0,0,0,0,0,0,0,0,0,0,0,0,0,0,0
79,73,6,0,6,3,0,3,0,1,0,0,0,80,B,1601,1522,168,4.934415990006246,92.40506329113924,50.0,0.0,0.0,11.038107752956636,MER,0,2,0,0,2,0,1,0,0,1,0,0,0,0,0,0
84,76,8,0,8,3,0,1,0,0,0,0,0,81,base,1601,1517,167,5.246720799500312,90.47619047619048,37.5,0.0,0.0,11.008569545154911,MER,0,2,1,0,1,1,0,0,0,0,0,0,0,0,0,0
84,68,16,0,16,9,0,5,0,2,0,0,0,81,B,1601,1517,167,5.246720799500312,80.95238095238095,56.25,0.0,0.0,11.008569545154911,MER,0,5,1,0,4,1,2,0,0,2,0,0,0,0,0,0
80,73,7,0,7,5,0,2,0,1,0,0,0,82,base,1601,1521,171,4.996876951905059,91.25,71.42857142857143,0.0,0.0,11.242603550295858,MER,0,2,0,0,2,0,1,0,0,1,0,0,0,0,0,0
80,69,11,1,10,3,0,3,0,1,0,0,0,82,B,1601,1521,171,4.996876951905059,86.25,30.0,0.0,0.0,11.242603550295858,MER,0,2,0,0,2,0,1,0,0,1,0,0,0,0,0,0
78,75,3,0,3,2,0,2,0,0,0,0,0,83,base,1601,1523,167,4.871955028107433,96.15384615384616,66.66666666666667,0.0,0.0,10.965200262639527,MER,0,1,0,0,1,0,0,0,0,0,0,0,0,0,0,0
78,70,8,0,8,7,0,6,0,2,0,0,0,83,B,1601,1523,167,4.871955028107433,89.74358974358974,87.5,0.0,0.0,10.965200262639527,MER,0,5,0,0,5,0,2,0,0,2,0,0,0,0,0,0
88,83,5,0,5,3,0,3,0,0,0,0,0,84,base,1601,1513,168,5.496564647095565,94.31818181818181,60.0,0.0,0.0,11.103767349636485,MER,0,1,0,0,1,0,0,0,0,0,0,0,0,0,0,0
88,70,18,0,18,11,0,8,0,1,0,0,0,84,B,1601,1513,168,5.496564647095565,79.54545454545455,61.111111111111114,0.0,0.0,11.103767349636485,MER,0,4,0,0,4,0,1,0,0,1,0,0,0,0,0,0
79,77,2,0,2,1,0,0,0,0,0,0,0,85,base,1601,1522,168,4.934415990006246,97.46835443037975,50.0,0.0,0.0,11.038107752956636,MER,0,1,1,0,0,1,0,0,0,0,0,0,0,0,0,0
79,67,12,0,12,8,0,6,0,4,0,0,0,85,B,1601,1522,168,4.934415990006246,84.81012658227849,66.66666666666667,0.0,0.0,11.038107752956636,MER,0,5,0,0,5,0,4,0,0,4,0,0,0,0,0,0
65,61,4,0,4,3,0,3,0,0,0,0,0,86,base,1601,1536,172,4.059962523422861,93.84615384615384,75.0,0.0,0.0,11.197916666666666,MER,0,2,0,0,2,0,0,0,0,0,0,0,0,0,0,0
65,53,12,1,11,7,1,7,1,1,0,0,0,86,B,1601,1536,172,4.059962523422861,81.53846153846153,63.63636363636363,1.5384615384615385,8.333333333333334,11.197916666666666,MER,0,5,0,0,5,0,1,0,0,1,0,0,0,0,0,0
78,76,2,0,2,1,0,1,0,0,0,0,0,87,base,1601,1523,167,4.871955028107433,97.43589743589743,50.0,0.0,0.0,10.965200262639527,MER,0,2,1,0,1,1,0,0,0,0,0,0,0,0,0,0
78,66,12,0,12,6,0,7,1,0,0,0,0,87,B,1601,1523,167,4.871955028107433,84.61538461538461,50.0,1.2820512820512822,8.333333333333334,10.965200262639527,MER,0,6,1,0,5,1,0,0,0,0,0,0,0,0,0,0
86,81,5,0,5,5,0,3,0,0,0,0,0,88,base,1601,1515,168,5.3716427232979385,94.18604651162791,100.0,0.0,0.0,11.089108910891088,MER,0,1,0,0,1,0,0,0,0,0,0,0,0,0,0,0
86,75,11,1,10,8,0,5,0,2,0,0,0,88,B,1601,1515,168,5.3716427232979385,87.20930232558139,80.0,0.0,0.0,11.089108910891088,MER,0,3,0,0,3,0,2,0,0,2,0,0,0,0,0,0
72,68,4,0,4,1,0,1,0,0,0,0,0,89,base,1601,1529,168,4.497189256714553,94.44444444444444,25.0,0.0,0.0,10.987573577501635,MER,0,1,1,0,0,1,0,0,0,0,0,0,0,0,0,0
72,63,9,0,9,5,0,4,0,3,0,0,0,89,B,1601,1529,168,4.497189256714553,87.5,55.55555555555556,0.0,0.0,10.987573577501635,MER,0,4,1,0,3,1,3,0,0,3,0,0,0,0,0,0
97,89,8,0,8,4,0,3,0,1,0,0,0,90,base,1601,1504,170,6.058713304184884,91.75257731958763,50.0,0.0,0.0,11.303191489361701,MER,0,3,1,0,2,1,1,0,0,1,0,0,0,0,0,0
97,84,13,0,13,4,0,6,2,2,0,0,0,90,B,1601,1504,170,6.058713304184884,86.5979381443299,30.76923076923077,2.0618556701030926,15.384615384615385,11.303191489361701,MER,0,4,1,0,3,1,2,0,0,2,0,0,0,0,0,0
75,72,3,0,3,3,0,2,0,0,0,0,0,91,base,1601,1526,169,4.684572142410993,96.0,100.0,0.0,0.0,11.07470511140236,MER,0,2,0,0,2,0,0,0,0,0,0,0,0,0,0,0
75,64,11,0,11,9,0,6,1,2,0,0,0,91,B,1601,1526,169,4.684572142410993,85.33333333333333,81.81818181818181,1.3333333333333333,9.090909090909092,11.07470511140236,MER,0,5,0,0,5,0,2,0,0,2,0,0,0,0,0,0
77,75,2,0,2,1,0,1,0,0,0,0,0,92,base,1601,1524,173,4.80949406620862,97.40259740259741,50.0,0.0,0.0,11.351706036745407,MER,0,1,0,0,1,0,0,0,0,0,0,0,0,0,0,0
77,71,6,0,6,4,0,4,0,1,0,0,0,92,B,1601,1524,173,4.80949406620862,92.20779220779221,66.66666666666667,0.0,0.0,11.351706036745407,MER,0,2,0,0,2,0,1,0,0,1,0,0,0,0,0,0
80,78,2,0,2,1,0,0,0,0,0,0,0,93,base,1601,1521,172,4.996876951905059,97.5,50.0,0.0,0.0,11.308349769888231,MER,0,0,0,0,0,0,0,0,0,0,0,0,0,0,0,0
80,67,13,0,13,7,0,3,0,1,0,0,0,93,B,1601,1521,172,4.996876951905059,83.75,53.84615384615385,0.0,0.0,11.308349769888231,MER,0,1,0,0,1,0,1,0,0,1,0,0,0,0,0,0
87,83,4,0,4,3,0,2,0,0,0,0,0,94,base,1601,1514,167,5.434103685196752,95.40229885057471,75.0,0.0,0.0,11.030383091149274,MER,0,2,0,0,2,0,0,0,0,0,0,0,0,0,0,0
87,70,17,0,17,10,0,8,1,3,0,0,0,94,B,1601,1514,167,5.434103685196752,80.45977011494253,58.8235294117647,1.1494252873563218,5.882352941176471,11.030383091149274,MER,0,7,1,1,7,0,3,0,0,3,0,0,0,0,0,0
92,91,1,0,1,0,0,0,0,0,0,0,0,95,base,1601,1509,165,5.746408494690818,98.91304347826087,0.0,0.0,0.0,10.934393638170974,MER,0,0,0,0,0,0,0,0,0,0,0,0,0,0,0,0
92,84,8,1,7,5,0,3,0,2,0,0,0,95,B,1601,1509,165,5.746408494690818,91.30434782608695,71.42857142857143,0.0,0.0,10.934393638170974,MER,0,2,0,0,2,0,2,0,0,2,0,0,0,0,0,0
83,81,2,0,2,1,0,1,0,0,0,0,0,96,base,1601,1518,166,5.184259837601499,97.59036144578313,50.0,0.0,0.0,10.935441370223979,MER,0,1,0,0,1,0,0,0,0,0,0,0,0,0,0,0
83,73,10,0,10,5,0,6,1,3,0,0,0,96,B,1601,1518,166,5.184259837601499,87.95180722891567,50.0,1.2048192771084338,10.0,10.935441370223979,MER,0,4,0,0,4,0,3,0,0,3,0,0,0,0,0,0
72,67,5,0,5,3,0,2,0,0,0,0,0,97,base,1601,1529,171,4.497189256714553,93.05555555555556,60.0,0.0,0.0,11.18378024852845,MER,0,1,0,0,1,0,0,0,0,0,0,0,0,0,0,0
72,62,10,0,10,5,0,3,0,1,0,0,0,97,B,1601,1529,171,4.497189256714553,86.11111111111111,50.0,0.0,0.0,11.18378024852845,MER,0,3,0,0,3,0,1,0,0,1,0,0,0,0,0,0
87,86,1,0,1,1,0,1,0,0,0,0,0,98,base,1601,1514,164,5.434103685196752,98.85057471264368,100.0,0.0,0.0,10.83223249669749,MER,0,0,0,0,0,0,0,0,0,0,0,0,0,0,0,0
87,81,6,0,6,4,0,3,0,3,0,0,0,98,B,1601,1514,164,5.434103685196752,93.10344827586206,66.66666666666667,0.0,0.0,10.83223249669749,MER,0,2,0,0,2,0,2,0,0,2,0,0,0,0,0,0
76,70,6,0,6,3,0,2,0,0,0,0,0,99,base,1601,1525,168,4.747033104309806,92.10526315789474,50.0,0.0,0.0,11.01639344262295,MER,0,1,0,0,1,0,0,0,0,0,0,0,0,0,0,0
76,61,15,0,15,10,0,5,0,2,0,0,0,99,B,1601,1525,168,4.747033104309806,80.26315789473684,66.66666666666667,0.0,0.0,11.01639344262295,MER,0,3,0,0,3,0,2,0,0,2,0,0,0,0,0,0
53,50,3,0,3,2,0,2,0,1,0,0,0,100,base,1601,1548,175,3.310430980637102,94.33962264150944,66.66666666666667,0.0,0.0,11.304909560723514,MER,0,1,0,0,1,0,1,0,0,1,0,0,0,0,0,0
53,45,8,0,8,5,0,5,0,2,0,0,0,100,B,1601,1548,175,3.310430980637102,84.90566037735849,62.5,0.0,0.0,11.304909560723514,MER,0,3,0,0,3,0,2,0,0,2,0,0,0,0,0,0
73,70,3,0,3,3,0,2,0,0,0,0,0,101,base,1601,1528,170,4.559650218613367,95.89041095890411,100.0,0.0,0.0,11.12565445026178,MER,0,2,1,0,1,1,0,0,0,0,0,0,0,0,0,0
73,64,9,0,9,5,0,5,0,1,0,0,0,101,B,1601,1528,170,4.559650218613367,87.67123287671232,55.55555555555556,0.0,0.0,11.12565445026178,MER,0,5,1,0,4,1,1,0,0,1,0,0,0,0,0,0
73,68,5,0,5,3,0,2,0,0,0,0,0,102,base,1601,1528,174,4.559650218613367,93.15068493150685,60.0,0.0,0.0,11.387434554973822,MER,0,1,0,0,1,0,0,0,0,0,0,0,0,0,0,0
73,58,15,0,15,8,0,7,0,2,0,0,0,102,B,1601,1528,174,4.559650218613367,79.45205479452055,53.333333333333336,0.0,0.0,11.387434554973822,MER,0,4,0,0,4,0,2,0,0,2,0,0,0,0,0,0
85,83,2,0,2,2,0,2,0,1,0,0,0,103,base,1601,1516,168,5.309181761399126,97.6470588235294,100.0,0.0,0.0,11.08179419525066,MER,0,1,0,0,1,0,1,0,0,1,0,0,0,0,0,0
85,71,14,0,14,11,0,9,0,3,0,0,0,103,B,1601,1516,168,5.309181761399126,83.52941176470588,78.57142857142857,0.0,0.0,11.08179419525066,MER,0,6,0,0,6,0,3,0,0,3,0,0,0,0,0,0
91,86,5,0,5,5,0,2,0,1,0,0,0,104,base,1601,1510,169,5.683947532792005,94.50549450549451,100.0,0.0,0.0,11.19205298013245,MER,0,3,1,0,2,1,1,0,0,1,0,0,0,0,0,0
91,74,17,0,17,11,0,6,0,2,0,0,0,104,B,1601,1510,169,5.683947532792005,81.31868131868131,64.70588235294117,0.0,0.0,11.19205298013245,MER,0,5,1,0,4,1,2,0,0,2,0,0,0,0,0,0
69,62,7,0,7,5,0,3,0,0,0,0,0,105,base,1601,1532,174,4.309806371018114,89.85507246376811,71.42857142857143,0.0,0.0,11.357702349869452,MER,0,1,0,0,1,0,0,0,0,0,0,0,0,0,0,0
69,56,13,0,13,8,0,5,0,2,0,0,0,105,B,1601,1532,174,4.309806371018114,81.15942028985508,61.53846153846154,0.0,0.0,11.357702349869452,MER,0,3,0,0,3,0,2,0,0,2,0,0,0,0,0,0
83,82,1,0,1,0,0,0,0,0,0,0,0,106,base,1601,1518,165,5.184259837601499,98.79518072289157,0.0,0.0,0.0,10.869565217391305,MER,0,0,0,0,0,0,0,0,0,0,0,0,0,0,0,0
83,75,8,0,8,4,0,3,0,1,0,0,0,106,B,1601,1518,165,5.184259837601499,90.36144578313252,50.0,0.0,0.0,10.869565217391305,MER,0,3,0,0,3,0,1,0,0,1,0,0,0,0,0,0
63,60,3,0,3,0,0,0,0,0,0,0,0,107,base,1601,1538,171,3.9350405996252342,95.23809523809524,0.0,0.0,0.0,11.118335500650195,MER,0,0,0,0,0,0,0,0,0,0,0,0,0,0,0,0
63,52,11,0,11,5,0,3,0,3,0,0,0,107,B,1601,1538,171,3.9350405996252342,82.53968253968254,45.45454545454545,0.0,0.0,11.118335500650195,MER,0,3,0,0,3,0,3,0,0,3,0,0,0,0,0,0
86,80,6,0,6,3,0,2,0,0,0,0,0,108,base,1601,1515,171,5.3716427232979385,93.02325581395348,50.0,0.0,0.0,11.287128712871286,MER,0,2,0,0,2,0,0,0,0,0,0,0,0,0,0,0
86,69,17,0,17,11,0,6,0,2,0,0,0,108,B,1601,1515,171,5.3716427232979385,80.23255813953489,64.70588235294117,0.0,0.0,11.287128712871286,MER,0,4,0,0,4,0,2,0,0,2,0,0,0,0,0,0
92,87,5,0,5,5,0,3,0,2,0,0,0,109,base,1601,1509,164,5.746408494690818,94.56521739130434,100.0,0.0,0.0,10.868124585818423,MER,0,2,0,0,2,0,2,0,0,2,0,0,0,0,0,0
92,76,16,1,15,11,1,9,0,6,0,0,0,109,B,1601,1509,164,5.746408494690818,82.6086956521739,73.33333333333333,0.0,0.0,10.868124585818423,MER,0,7,0,0,7,0,6,0,0,6,0,0,0,0,0,0
91,86,5,0,5,2,0,1,0,0,0,0,0,110,base,1601,1510,166,5.683947532792005,94.50549450549451,40.0,0.0,0.0,10.993377483443709,MER,0,1,1,0,0,1,0,0,0,0,0,0,0,0,0,0
91,78,13,0,13,5,0,4,0,0,0,0,0,110,B,1601,1510,166,5.683947532792005,85.71428571428571,38.46153846153846,0.0,0.0,10.993377483443709,MER,0,3,1,0,2,1,0,0,0,0,0,0,0,0,0,0
64,60,4,0,4,2,0,2,0,1,0,0,0,111,base,1601,1537,171,3.9975015615240475,93.75,50.0,0.0,0.0,11.125569290826284,MER,0,2,0,0,2,0,1,0,0,1,0,0,0,0,0,0
64,53,11,0,11,4,0,3,0,0,0,0,0,111,B,1601,1537,171,3.9975015615240475,82.8125,36.36363636363637,0.0,0.0,11.125569290826284,MER,0,3,0,0,3,0,0,0,0,0,0,0,0,0,0,0
69,69,0,0,0,0,0,0,0,0,0,0,0,112,base,1601,1532,176,4.309806371018114,100.0,,0.0,,11.488250652741515,MER,0,0,0,0,0,0,0,0,0,0,0,0,0,0,0,0
69,58,11,0,11,6,0,6,1,2,0,0,0,112,B,1601,1532,176,4.309806371018114,84.05797101449275,54.54545454545455,1.4492753623188406,9.090909090909092,11.488250652741515,MER,0,3,0,0,3,0,2,0,0,2,0,0,0,0,0,0
86,80,6,0,6,3,0,3,0,0,0,0,0,113,base,1601,1515,169,5.3716427232979385,93.02325581395348,50.0,0.0,0.0,11.155115511551156,MER,0,1,0,0,1,0,0,0,0,0,0,0,0,0,0,0
86,74,12,0,12,6,0,6,0,0,0,0,0,113,B,1601,1515,169,5.3716427232979385,86.04651162790698,50.0,0.0,0.0,11.155115511551156,MER,0,4,0,0,4,0,0,0,0,0,0,0,0,0,0,0
87,79,8,0,8,7,0,4,0,1,0,0,0,114,base,1601,1514,172,5.434103685196752,90.80459770114942,87.5,0.0,0.0,11.360634081902246,MER,0,2,0,0,2,0,1,0,0,1,0,0,0,0,0,0
87,72,15,0,15,9,0,7,0,0,0,0,0,114,B,1601,1514,172,5.434103685196752,82.75862068965517,60.0,0.0,0.0,11.360634081902246,MER,0,5,0,0,5,0,0,0,0,0,0,0,0,0,0,0
75,72,3,0,3,3,0,2,0,1,0,0,0,115,base,1601,1526,173,4.684572142410993,96.0,100.0,0.0,0.0,11.336828309305373,MER,0,2,0,0,2,0,1,0,0,1,0,0,0,0,0,0
75,65,10,0,10,5,0,3,0,1,0,0,0,115,B,1601,1526,173,4.684572142410993,86.66666666666667,50.0,0.0,0.0,11.336828309305373,MER,0,3,0,0,3,0,1,0,0,1,0,0,0,0,0,0
81,78,3,0,3,0,0,0,0,0,0,0,0,116,base,1601,1520,170,5.059337913803873,96.29629629629629,0.0,0.0,0.0,11.18421052631579,MER,0,0,0,0,0,0,0,0,0,0,0,0,0,0,0,0
81,69,12,0,12,8,0,6,0,3,0,0,0,116,B,1601,1520,170,5.059337913803873,85.18518518518519,66.66666666666667,0.0,0.0,11.18421052631579,MER,0,5,0,0,5,0,3,0,0,3,0,0,0,0,0,0
80,78,2,0,2,0,0,0,0,0,0,0,0,117,base,1601,1521,174,4.996876951905059,97.5,0.0,0.0,0.0,11.439842209072978,MER,0,0,0,0,0,0,0,0,0,0,0,0,0,0,0,0
80,72,8,0,8,4,0,3,0,1,0,0,0,117,B,1601,1521,174,4.996876951905059,90.0,50.0,0.0,0.0,11.439842209072978,MER,0,3,0,0,3,0,1,0,0,1,0,0,0,0,0,0
76,71,5,0,5,3,0,2,0,1,0,0,0,118,base,1601,1525,174,4.747033104309806,93.42105263157895,60.0,0.0,0.0,11.40983606557377,MER,0,2,0,0,2,0,1,0,0,1,0,0,0,0,0,0
76,64,12,0,12,8,0,7,0,3,0,0,0,118,B,1601,1525,174,4.747033104309806,84.21052631578948,66.66666666666667,0.0,0.0,11.40983606557377,MER,0,5,0,0,5,0,3,0,0,3,0,0,0,0,0,0
80,74,6,0,6,4,0,3,0,1,0,0,0,119,base,1601,1521,167,4.996876951905059,92.5,66.66666666666667,0.0,0.0,10.979618671926364,MER,0,2,0,0,2,0,1,0,0,1,0,0,0,0,0,0
80,64,16,0,16,10,0,9,1,1,0,0,0,119,B,1601,1521,167,4.996876951905059,80.0,62.5,1.25,6.25,10.979618671926364,MER,0,5,0,0,5,0,1,0,0,1,0,0,0,0,0,0
80,75,5,0,5,3,0,1,0,0,0,0,0,120,base,1601,1521,169,4.996876951905059,93.75,60.0,0.0,0.0,11.11111111111111,MER,0,1,0,0,1,0,0,0,0,0,0,0,0,0,0,0
80,67,13,1,12,7,1,6,1,3,0,0,0,120,B,1601,1521,169,4.996876951905059,83.75,58.333333333333336,1.25,7.6923076923076925,11.11111111111111,MER,0,4,0,0,4,0,3,0,0,3,0,0,0,0,0,0
98,91,7,0,7,6,0,3,0,1,0,0,0,121,base,1601,1503,169,6.121174266083698,92.85714285714286,85.71428571428571,0.0,0.0,11.244178310046573,MER,0,1,0,0,1,0,1,0,0,1,0,0,0,0,0,0
98,80,18,0,18,9,0,7,0,1,0,0,0,121,B,1601,1503,169,6.121174266083698,81.63265306122449,50.0,0.0,0.0,11.244178310046573,MER,0,4,0,0,4,0,1,0,0,1,0,0,0,0,0,0
72,69,3,0,3,3,0,3,0,0,0,0,0,122,base,1601,1529,173,4.497189256714553,95.83333333333333,100.0,0.0,0.0,11.31458469587966,MER,0,3,0,0,3,0,0,0,0,0,0,0,0,0,0,0
72,62,10,1,9,6,1,6,0,0,0,0,0,122,B,1601,1529,173,4.497189256714553,86.11111111111111,66.66666666666667,0.0,0.0,11.31458469587966,MER,0,4,0,0,4,0,0,0,0,0,0,0,0,0,0,0
67,63,4,0,4,0,0,1,1,0,0,0,0,123,base,1601,1534,167,4.184884447220488,94.02985074626865,0.0,1.492537313432836,25.0,10.886571056062582,MER,0,0,0,0,0,0,0,0,0,0,0,0,0,0,0,0
67,55,12,0,12,6,0,3,0,1,0,0,0,123,B,1601,1534,167,4.184884447220488,82.08955223880596,50.0,0.0,0.0,10.886571056062582,MER,0,3,0,0,3,0,1,0,0,1,0,0,0,0,0,0
83,79,4,0,4,3,0,1,0,0,0,0,0,124,base,1601,1518,170,5.184259837601499,95.18072289156626,75.0,0.0,0.0,11.198945981554678,MER,0,1,0,0,1,0,0,0,0,0,0,0,0,0,0,0
83,73,10,0,10,4,0,3,1,1,0,0,0,124,B,1601,1518,170,5.184259837601499,87.95180722891567,40.0,1.2048192771084338,10.0,11.198945981554678,MER,0,3,1,1,3,0,1,0,0,1,0,0,0,0,0,0
82,78,4,0,4,1,0,2,1,0,0,0,0,125,base,1601,1519,167,5.1217988757026855,95.1219512195122,25.0,1.2195121951219512,25.0,10.994075049374588,MER,0,2,1,1,2,0,0,0,0,0,0,0,0,0,0,0
82,66,16,0,16,9,0,9,1,2,0,0,0,125,B,1601,1519,167,5.1217988757026855,80.48780487804878,56.25,1.2195121951219512,6.25,10.994075049374588,MER,0,6,1,1,6,0,2,0,0,2,0,0,0,0,0,0
93,90,3,0,3,2,0,2,0,0,0,0,0,126,base,1601,1508,167,5.8088694565896315,96.7741935483871,66.66666666666667,0.0,0.0,11.074270557029177,MER,0,3,1,0,2,1,0,0,0,0,0,0,0,0,0,0
93,81,12,1,11,4,0,5,2,1,0,0,0,126,B,1601,1508,167,5.8088694565896315,87.09677419354838,36.36363636363637,2.150537634408602,16.666666666666668,11.074270557029177,MER,0,4,2,1,3,1,1,0,0,1,0,0,0,0,0,0
71,68,3,0,3,2,0,2,0,1,0,0,0,127,base,1601,1530,172,4.4347282948157405,95.77464788732394,66.66666666666667,0.0,0.0,11.241830065359476,MER,0,2,1,0,1,1,1,0,0,1,0,0,0,0,0,0
71,61,10,0,10,8,0,6,0,2,0,0,0,127,B,1601,1530,172,4.4347282948157405,85.91549295774648,80.0,0.0,0.0,11.241830065359476,MER,0,3,0,0,3,1,2,0,0,2,0,0,0,0,0,0
72,69,3,0,3,3,0,2,0,1,0,0,0,128,base,1601,1529,172,4.497189256714553,95.83333333333333,100.0,0.0,0.0,11.249182472204055,MER,0,1,0,0,1,0,1,0,0,1,0,0,0,0,0,0
72,64,8,1,7,6,0,3,0,1,0,0,0,128,B,1601,1529,172,4.497189256714553,88.88888888888889,85.71428571428571,0.0,0.0,11.249182472204055,MER,0,2,0,0,2,0,1,0,0,1,0,0,0,0,0,0
86,83,3,0,3,0,0,0,0,0,0,0,0,129,base,1601,1515,166,5.3716427232979385,96.51162790697674,0.0,0.0,0.0,10.957095709570957,MER,0,2,2,0,0,2,0,0,0,0,0,0,0,0,0,0
86,71,15,0,15,7,0,2,0,2,0,0,0,129,B,1601,1515,166,5.3716427232979385,82.55813953488372,46.666666666666664,0.0,0.0,10.957095709570957,MER,0,4,2,0,2,2,2,0,0,2,0,0,0,0,0,0
102,92,10,0,10,7,0,5,0,2,0,0,0,130,base,1601,1499,167,6.371018113678951,90.19607843137256,70.0,0.0,0.0,11.14076050700467,MER,0,3,0,0,3,0,2,0,0,2,0,0,0,0,0,0
102,84,18,0,18,15,0,10,0,3,0,0,0,130,B,1601,1499,167,6.371018113678951,82.3529411764706,83.33333333333333,0.0,0.0,11.14076050700467,MER,0,8,0,0,8,0,3,0,0,3,0,0,0,0,0,0
72,70,2,0,2,2,0,1,0,1,0,0,0,131,base,1601,1529,168,4.497189256714553,97.22222222222223,100.0,0.0,0.0,10.987573577501635,MER,0,1,0,0,1,0,1,0,0,1,0,0,0,0,0,0
72,61,11,0,11,8,0,5,0,1,0,0,0,131,B,1601,1529,168,4.497189256714553,84.72222222222223,72.72727272727273,0.0,0.0,10.987573577501635,MER,0,4,0,0,4,0,1,0,0,1,0,0,0,0,0,0
79,74,5,0,5,4,0,3,0,1,0,0,0,132,base,1601,1522,169,4.934415990006246,93.67088607594937,80.0,0.0,0.0,11.103810775295663,MER,0,2,0,0,2,0,1,0,0,1,0,0,0,0,0,0
79,69,10,1,9,5,0,4,0,1,0,0,0,132,B,1601,1522,169,4.934415990006246,87.34177215189874,55.55555555555556,0.0,0.0,11.103810775295663,MER,0,3,0,0,3,0,1,0,0,1,0,0,0,0,0,0
62,60,2,0,2,1,0,0,0,0,0,0,0,133,base,1601,1539,171,3.872579637726421,96.7741935483871,50.0,0.0,0.0,11.11111111111111,MER,0,0,0,0,0,0,0,0,0,0,0,0,0,0,0,0
62,56,6,1,5,2,0,0,0,0,0,0,0,133,B,1601,1539,171,3.872579637726421,90.3225806451613,40.0,0.0,0.0,11.11111111111111,MER,0,0,0,0,0,0,0,0,0,0,0,0,0,0,0,0
79,72,7,0,7,5,0,2,0,0,0,0,0,134,base,1601,1522,167,4.934415990006246,91.13924050632912,71.42857142857143,0.0,0.0,10.972404730617608,MER,0,2,0,0,2,0,0,0,0,0,0,0,0,0,0,0
79,67,12,0,12,5,0,3,0,0,0,0,0,134,B,1601,1522,167,4.934415990006246,84.81012658227849,41.666666666666664,0.0,0.0,10.972404730617608,MER,0,2,0,0,2,0,0,0,0,0,0,0,0,0,0,0
95,89,6,0,6,6,0,5,0,0,0,0,0,135,base,1601,1506,171,5.933791380387258,93.6842105263158,100.0,0.0,0.0,11.354581673306773,MER,0,3,0,0,3,0,0,0,0,0,0,0,0,0,0,0
95,79,16,0,16,10,0,7,0,2,0,0,0,135,B,1601,1506,171,5.933791380387258,83.15789473684211,62.5,0.0,0.0,11.354581673306773,MER,0,4,0,0,4,0,2,0,0,2,0,0,0,0,0,0
83,81,2,0,2,2,0,2,0,1,0,0,0,136,base,1601,1518,164,5.184259837601499,97.59036144578313,100.0,0.0,0.0,10.803689064558629,MER,0,2,0,0,2,0,1,0,0,1,0,0,0,0,0,0
83,70,13,0,13,10,0,10,0,4,0,0,0,136,B,1601,1518,164,5.184259837601499,84.33734939759036,76.92307692307692,0.0,0.0,10.803689064558629,MER,0,10,0,0,10,0,4,0,0,4,0,0,0,0,0,0
78,71,7,0,7,5,0,3,0,1,0,0,0,137,base,1601,1523,167,4.871955028107433,91.02564102564102,71.42857142857143,0.0,0.0,10.965200262639527,MER,0,2,0,0,2,0,1,0,0,1,0,0,0,0,0,0
78,62,16,0,16,8,0,7,0,2,0,0,0,137,B,1601,1523,167,4.871955028107433,79.48717948717949,50.0,0.0,0.0,10.965200262639527,MER,0,5,0,0,5,0,2,0,0,2,0,0,0,0,0,0
81,79,2,0,2,2,0,1,0,1,0,0,0,138,base,1601,1520,170,5.059337913803873,97.53086419753086,100.0,0.0,0.0,11.18421052631579,MER,0,1,0,0,1,0,1,0,0,1,0,0,0,0,0,0
81,68,13,1,12,9,0,6,0,3,0,0,0,138,B,1601,1520,170,5.059337913803873,83.95061728395062,75.0,0.0,0.0,11.18421052631579,MER,0,5,0,0,5,0,3,0,0,3,0,0,0,0,0,0
87,85,2,0,2,2,0,1,0,0,0,0,0,139,base,1601,1514,170,5.434103685196752,97.70114942528735,100.0,0.0,0.0,11.228533685601057,MER,0,0,0,0,0,0,0,0,0,0,0,0,0,0,0,0
87,78,9,0,9,5,0,3,0,1,0,0,0,139,B,1601,1514,170,5.434103685196752,89.65517241379311,55.55555555555556,0.0,0.0,11.228533685601057,MER,0,1,0,0,1,0,1,0,0,1,0,0,0,0,0,0
84,82,2,0,2,2,0,2,0,0,0,0,0,140,base,1601,1517,168,5.246720799500312,97.61904761904762,100.0,0.0,0.0,11.074489123269611,MER,0,2,0,0,2,0,0,0,0,0,0,0,0,0,0,0
84,75,9,0,9,6,0,5,0,2,0,0,0,140,B,1601,1517,168,5.246720799500312,89.28571428571429,66.66666666666667,0.0,0.0,11.074489123269611,MER,0,4,0,0,4,0,2,0,0,2,0,0,0,0,0,0
75,74,1,0,1,0,0,0,0,0,0,0,0,141,base,1601,1526,165,4.684572142410993,98.66666666666667,0.0,0.0,0.0,10.812581913499345,MER,0,1,1,0,0,1,0,0,0,0,0,0,0,0,0,0
75,67,8,0,8,6,0,3,0,1,0,0,0,141,B,1601,1526,165,4.684572142410993,89.33333333333333,75.0,0.0,0.0,10.812581913499345,MER,0,2,0,0,2,0,1,0,0,1,0,0,0,0,0,0
70,70,0,0,0,0,0,0,0,0,0,0,0,42,base,1385,1315,263,5.054151624548736,100.0,,0.0,,20.0,MGH,0,2,2,0,0,2,0,0,0,0,0,0,0,0,0,0
70,64,6,1,5,4,0,2,0,1,0,0,0,42,B,1385,1315,263,5.054151624548736,91.42857142857143,80.0,0.0,0.0,20.0,MGH,0,4,2,0,2,2,1,0,0,1,0,0,0,0,0,0
85,83,2,0,2,1,0,0,0,0,0,0,0,43,base,1385,1300,260,6.137184115523466,97.6470588235294,50.0,0.0,0.0,20.0,MGH,0,1,1,0,0,1,0,0,0,0,0,0,0,0,0,0
85,74,11,0,11,8,0,4,0,0,0,0,0,43,B,1385,1300,260,6.137184115523466,87.05882352941177,72.72727272727273,0.0,0.0,20.0,MGH,0,2,1,0,1,1,0,0,0,0,0,0,0,0,0,0
69,69,0,0,0,0,0,0,0,0,0,0,0,44,base,1385,1316,260,4.981949458483754,100.0,,0.0,,19.756838905775076,MGH,0,3,3,0,0,3,0,0,0,0,0,0,0,0,0,0
69,62,7,0,7,6,0,4,0,2,0,0,0,44,B,1385,1316,260,4.981949458483754,89.85507246376811,85.71428571428571,0.0,0.0,19.756838905775076,MGH,0,4,2,0,2,3,2,0,0,2,0,0,0,0,0,0
62,53,9,0,9,6,0,5,0,1,0,0,0,45,base,1385,1323,259,4.4765342960288805,85.48387096774194,66.66666666666667,0.0,0.0,19.576719576719576,MGH,0,3,0,0,3,0,1,0,0,1,0,0,0,0,0,0
62,49,13,0,13,7,0,5,0,1,0,0,0,45,B,1385,1323,259,4.4765342960288805,79.03225806451613,53.84615384615385,0.0,0.0,19.576719576719576,MGH,0,2,0,0,2,0,1,0,0,1,0,0,0,0,0,0
45,43,2,0,2,1,0,0,0,0,0,0,0,46,base,1385,1340,262,3.2490974729241877,95.55555555555556,50.0,0.0,0.0,19.55223880597015,MGH,0,0,0,0,0,0,0,0,0,0,0,0,0,0,0,0
45,36,9,0,9,4,0,4,0,4,0,0,0,46,B,1385,1340,262,3.2490974729241877,80.0,44.44444444444444,0.0,0.0,19.55223880597015,MGH,0,4,0,0,4,0,4,0,0,4,0,0,0,0,0,0
68,63,5,0,5,5,0,4,0,2,0,0,0,47,base,1385,1317,260,4.909747292418772,92.6470588235294,100.0,0.0,0.0,19.74183750949127,MGH,0,5,2,0,3,2,2,0,0,2,0,0,0,0,0,0
68,56,12,1,11,11,1,8,0,4,0,0,0,47,B,1385,1317,260,4.909747292418772,82.3529411764706,100.0,0.0,0.0,19.74183750949127,MGH,0,7,2,0,5,2,4,0,0,4,0,0,0,0,0,0
78,75,3,0,3,2,0,2,0,1,0,0,0,48,base,1385,1307,257,5.631768953068592,96.15384615384616,66.66666666666667,0.0,0.0,19.663351185921957,MGH,0,1,0,0,1,0,1,0,0,1,0,0,0,0,0,0
78,64,14,0,14,9,0,8,0,4,0,0,0,48,B,1385,1307,257,5.631768953068592,82.05128205128206,64.28571428571429,0.0,0.0,19.663351185921957,MGH,0,5,0,0,5,0,4,0,0,4,0,0,0,0,0,0
86,84,2,0,2,1,0,0,0,0,0,0,0,49,base,1385,1299,257,6.209386281588448,97.67441860465117,50.0,0.0,0.0,19.784449576597382,MGH,0,0,0,0,0,0,0,0,0,0,0,0,0,0,0,0
86,71,15,0,15,12,0,8,0,3,0,0,0,49,B,1385,1299,257,6.209386281588448,82.55813953488372,80.0,0.0,0.0,19.784449576597382,MGH,0,4,0,0,4,0,3,0,0,3,0,0,0,0,0,0
57,52,5,0,5,4,0,2,0,1,0,0,0,50,base,1385,1328,263,4.115523465703971,91.2280701754386,80.0,0.0,0.0,19.80421686746988,MGH,0,2,0,0,2,0,1,0,0,1,0,0,0,0,0,0
57,45,12,0,12,5,0,4,0,1,0,0,0,50,B,1385,1328,263,4.115523465703971,78.94736842105263,41.666666666666664,0.0,0.0,19.80421686746988,MGH,0,2,0,0,2,0,1,0,0,1,0,0,0,0,0,0
59,52,7,0,7,4,0,3,0,1,0,0,0,51,base,1385,1326,260,4.259927797833935,88.13559322033899,57.142857142857146,0.0,0.0,19.607843137254903,MGH,0,2,0,0,2,0,1,0,0,1,0,0,0,0,0,0
59,47,12,0,12,5,0,3,0,1,0,0,0,51,B,1385,1326,260,4.259927797833935,79.66101694915254,41.666666666666664,0.0,0.0,19.607843137254903,MGH,0,3,0,0,3,0,1,0,0,1,0,0,0,0,0,0
67,67,0,0,0,0,0,0,0,0,0,0,0,52,base,1385,1318,258,4.837545126353791,100.0,,0.0,,19.575113808801213,MGH,0,0,0,0,0,0,0,0,0,0,0,0,0,0,0,0
67,59,8,0,8,6,0,4,0,1,0,0,0,52,B,1385,1318,258,4.837545126353791,88.05970149253731,75.0,0.0,0.0,19.575113808801213,MGH,0,3,0,0,3,0,1,0,0,1,0,0,0,0,0,0
60,54,6,0,6,6,0,4,0,0,0,0,0,53,base,1385,1325,269,4.332129963898917,90.0,100.0,0.0,0.0,20.30188679245283,MGH,0,1,0,0,1,0,0,0,0,0,0,0,0,0,0,0
60,46,14,0,14,11,0,7,0,2,0,0,0,53,B,1385,1325,269,4.332129963898917,76.66666666666667,78.57142857142857,0.0,0.0,20.30188679245283,MGH,0,3,0,0,3,0,2,0,0,2,0,0,0,0,0,0
61,57,4,0,4,2,0,0,0,0,0,0,0,54,base,1385,1324,254,4.404332129963899,93.44262295081967,50.0,0.0,0.0,19.184290030211482,MGH,0,2,2,0,0,2,0,0,0,0,0,0,0,0,0,0
61,50,11,0,11,5,0,4,0,1,0,0,0,54,B,1385,1324,254,4.404332129963899,81.9672131147541,45.45454545454545,0.0,0.0,19.184290030211482,MGH,0,3,1,0,2,1,1,0,0,1,0,0,0,0,0,0
78,76,2,0,2,2,0,2,0,2,0,0,0,55,base,1385,1307,257,5.631768953068592,97.43589743589743,100.0,0.0,0.0,19.663351185921957,MGH,0,3,1,0,2,1,2,0,0,2,0,0,0,0,0,0
78,70,8,0,8,4,0,6,2,4,0,0,0,55,B,1385,1307,257,5.631768953068592,89.74358974358974,50.0,2.5641025641025643,25.0,19.663351185921957,MGH,0,5,1,1,4,1,4,0,0,4,0,0,0,0,0,0
77,74,3,0,3,1,0,0,0,0,0,0,0,56,base,1385,1308,256,5.55956678700361,96.1038961038961,33.333333333333336,0.0,0.0,19.571865443425075,MGH,0,1,1,0,0,1,0,0,0,0,0,0,0,0,0,0
77,64,13,0,13,9,0,7,0,1,0,0,0,56,B,1385,1308,256,5.55956678700361,83.11688311688312,69.23076923076923,0.0,0.0,19.571865443425075,MGH,0,4,1,0,3,1,1,0,0,1,0,0,0,0,0,0
65,61,4,0,4,3,0,3,0,1,0,0,0,57,base,1385,1320,265,4.693140794223827,93.84615384615384,75.0,0.0,0.0,20.075757575757574,MGH,0,3,0,0,3,0,1,0,0,1,0,0,0,0,0,0
65,59,6,0,6,4,0,4,0,1,0,0,0,57,B,1385,1320,265,4.693140794223827,90.76923076923077,66.66666666666667,0.0,0.0,20.075757575757574,MGH,0,3,0,0,3,0,1,0,0,1,0,0,0,0,0,0
75,72,3,0,3,1,0,1,0,1,0,0,0,58,base,1385,1310,260,5.415162454873646,96.0,33.333333333333336,0.0,0.0,19.84732824427481,MGH,0,2,1,0,1,1,1,0,0,1,0,0,0,0,0,0
75,64,11,0,11,7,0,4,0,1,0,0,0,58,B,1385,1310,260,5.415162454873646,85.33333333333333,63.63636363636363,0.0,0.0,19.84732824427481,MGH,0,5,0,0,4,1,1,0,0,1,0,0,0,0,0,0
74,69,5,0,5,5,0,1,0,0,0,0,0,59,base,1385,1311,257,5.342960288808665,93.24324324324324,100.0,0.0,0.0,19.603356216628526,MGH,0,1,1,0,0,1,0,0,0,0,0,0,0,0,0,0
74,61,13,0,13,8,0,6,0,0,0,0,0,59,B,1385,1311,257,5.342960288808665,82.43243243243244,61.53846153846154,0.0,0.0,19.603356216628526,MGH,0,0,0,0,0,0,0,0,0,0,0,0,0,0,0,0
71,68,3,0,3,2,0,0,0,0,0,0,0,60,base,1385,1314,260,5.126353790613718,95.77464788732394,66.66666666666667,0.0,0.0,19.7869101978691,MGH,0,2,2,0,0,2,0,0,0,0,0,0,0,0,0,0
71,62,9,0,9,6,0,4,0,0,0,0,0,60,B,1385,1314,260,5.126353790613718,87.32394366197182,66.66666666666667,0.0,0.0,19.7869101978691,MGH,0,3,2,0,1,2,0,0,0,0,0,0,0,0,0,0
64,61,3,0,3,1,0,0,0,0,0,0,0,61,base,1385,1321,261,4.620938628158845,95.3125,33.333333333333336,0.0,0.0,19.75775927327782,MGH,0,2,2,0,0,2,0,0,0,0,0,0,0,0,0,0
64,57,7,0,7,4,0,3,0,2,0,0,0,61,B,1385,1321,261,4.620938628158845,89.0625,57.142857142857146,0.0,0.0,19.75775927327782,MGH,0,5,2,0,3,2,2,0,0,2,0,0,0,0,0,0
71,69,2,0,2,2,0,1,0,1,0,0,0,62,base,1385,1314,254,5.126353790613718,97.1830985915493,100.0,0.0,0.0,19.330289193302892,MGH,0,2,1,0,1,1,1,0,0,1,0,0,0,0,0,0
71,58,13,0,13,10,0,9,1,7,0,0,0,62,B,1385,1314,254,5.126353790613718,81.69014084507042,76.92307692307692,1.408450704225352,7.6923076923076925,19.330289193302892,MGH,0,7,1,1,7,0,6,0,0,6,0,0,0,0,0,0
69,67,2,0,2,0,0,0,0,0,0,0,0,63,base,1385,1316,260,4.981949458483754,97.10144927536231,0.0,0.0,0.0,19.756838905775076,MGH,0,0,0,0,0,0,0,0,0,0,0,0,0,0,0,0
69,61,8,0,8,6,0,4,0,2,0,0,0,63,B,1385,1316,260,4.981949458483754,88.40579710144928,75.0,0.0,0.0,19.756838905775076,MGH,0,3,0,0,3,0,2,0,0,2,0,0,0,0,0,0
64,58,6,0,6,5,0,4,0,1,0,0,0,64,base,1385,1321,260,4.620938628158845,90.625,83.33333333333333,0.0,0.0,19.682059046177137,MGH,0,4,0,0,4,0,1,0,0,1,0,0,0,0,0,0
64,52,12,1,11,8,1,6,0,3,0,0,0,64,B,1385,1321,260,4.620938628158845,81.25,72.72727272727273,0.0,0.0,19.682059046177137,MGH,0,6,0,0,6,0,3,0,0,3,0,0,0,0,0,0
60,58,2,0,2,1,0,1,0,1,0,0,0,65,base,1385,1325,261,4.332129963898917,96.66666666666667,50.0,0.0,0.0,19.69811320754717,MGH,0,1,0,0,1,0,1,0,0,1,0,0,0,0,0,0
60,47,13,0,13,8,0,7,0,2,0,0,0,65,B,1385,1325,261,4.332129963898917,78.33333333333333,61.53846153846154,0.0,0.0,19.69811320754717,MGH,0,3,0,0,3,0,2,0,0,2,0,0,0,0,0,0
61,58,3,0,3,1,0,1,1,0,0,0,0,66,base,1385,1324,257,4.404332129963899,95.08196721311475,33.333333333333336,1.639344262295082,33.333333333333336,19.410876132930515,MGH,0,1,1,0,0,1,0,0,0,0,0,0,0,0,0,0
61,52,9,0,9,5,0,4,1,0,0,0,0,66,B,1385,1324,257,4.404332129963899,85.24590163934427,55.55555555555556,1.639344262295082,11.11111111111111,19.410876132930515,MGH,0,2,1,0,1,1,0,0,0,0,0,0,0,0,0,0
71,69,2,0,2,2,0,1,0,0,0,0,0,67,base,1385,1314,253,5.126353790613718,97.1830985915493,100.0,0.0,0.0,19.254185692541856,MGH,0,1,1,0,0,1,0,0,0,0,0,0,0,0,0,0
71,63,8,0,8,8,0,7,0,4,0,0,0,67,B,1385,1314,253,5.126353790613718,88.73239436619718,100.0,0.0,0.0,19.254185692541856,MGH,0,6,1,0,5,1,4,0,0,4,0,0,0,0,0,0
56,50,6,0,6,4,0,2,0,0,0,0,0,68,base,1385,1329,262,4.043321299638989,89.28571428571429,66.66666666666667,0.0,0.0,19.714070729872084,MGH,0,0,0,0,0,0,0,0,0,0,0,0,0,0,0,0
56,40,16,0,16,9,0,6,0,0,0,0,0,68,B,1385,1329,262,4.043321299638989,71.42857142857143,56.25,0.0,0.0,19.714070729872084,MGH,0,3,0,0,3,0,0,0,0,0,0,0,0,0,0,0
79,75,4,0,4,3,0,2,0,1,0,0,0,69,base,1385,1306,255,5.703971119133574,94.9367088607595,75.0,0.0,0.0,19.525267993874426,MGH,0,3,1,0,2,1,1,0,0,1,0,0,0,0,0,0
79,64,15,0,15,11,0,8,0,5,0,0,0,69,B,1385,1306,255,5.703971119133574,81.0126582278481,73.33333333333333,0.0,0.0,19.525267993874426,MGH,0,8,1,0,7,1,5,0,0,5,0,0,0,0,0,0
62,60,2,0,2,1,0,0,0,0,0,0,0,70,base,1385,1323,261,4.4765342960288805,96.7741935483871,50.0,0.0,0.0,19.727891156462587,MGH,0,1,1,0,0,1,0,0,0,0,0,0,0,0,0,0
62,54,8,0,8,4,0,2,0,1,0,0,0,70,B,1385,1323,261,4.4765342960288805,87.09677419354838,50.0,0.0,0.0,19.727891156462587,MGH,0,3,1,0,2,1,1,0,0,1,0,0,0,0,0,0
63,59,4,0,4,2,0,1,0,0,0,0,0,71,base,1385,1322,264,4.548736462093863,93.65079365079364,50.0,0.0,0.0,19.969742813918305,MGH,0,0,0,0,0,0,0,0,0,0,0,0,0,0,0,0
63,51,12,0,12,6,0,4,0,1,0,0,0,71,B,1385,1322,264,4.548736462093863,80.95238095238095,50.0,0.0,0.0,19.969742813918305,MGH,0,2,0,0,2,0,1,0,0,1,0,0,0,0,0,0
66,62,4,0,4,4,0,3,0,1,0,0,0,72,base,1385,1319,259,4.765342960288809,93.93939393939394,100.0,0.0,0.0,19.63608794541319,MGH,0,4,1,0,3,1,1,0,0,1,0,0,0,0,0,0
66,54,12,0,12,12,0,7,0,3,0,0,0,72,B,1385,1319,259,4.765342960288809,81.81818181818181,100.0,0.0,0.0,19.63608794541319,MGH,0,7,1,0,6,1,3,0,0,3,0,0,0,0,0,0
77,71,6,0,6,3,0,1,0,0,0,0,0,73,base,1385,1308,254,5.55956678700361,92.20779220779221,50.0,0.0,0.0,19.418960244648318,MGH,0,1,0,0,1,0,0,0,0,0,0,0,0,0,0,0
77,62,15,0,15,8,0,5,0,2,0,0,0,73,B,1385,1308,254,5.55956678700361,80.51948051948052,53.333333333333336,0.0,0.0,19.418960244648318,MGH,0,4,0,0,4,0,2,0,0,2,0,0,0,0,0,0
69,68,1,0,1,1,0,1,0,0,0,0,0,74,base,1385,1316,253,4.981949458483754,98.55072463768116,100.0,0.0,0.0,19.224924012158056,MGH,0,0,0,0,0,0,0,0,0,0,0,0,0,0,0,0
69,64,5,0,5,4,0,1,0,0,0,0,0,74,B,1385,1316,253,4.981949458483754,92.7536231884058,80.0,0.0,0.0,19.224924012158056,MGH,0,0,0,0,0,0,0,0,0,0,0,0,0,0,0,0
82,77,5,0,5,3,0,2,0,1,0,0,0,75,base,1385,1303,257,5.92057761732852,93.90243902439025,60.0,0.0,0.0,19.72371450498849,MGH,0,1,0,0,1,0,1,0,0,1,0,0,0,0,0,0
82,71,11,0,11,6,0,6,1,0,0,0,0,75,B,1385,1303,257,5.92057761732852,86.58536585365853,54.54545454545455,1.2195121951219512,9.090909090909092,19.72371450498849,MGH,0,4,1,1,4,0,0,0,0,0,0,0,0,0,0,0
71,65,6,0,6,3,0,0,0,0,0,0,0,76,base,1385,1314,261,5.126353790613718,91.54929577464789,50.0,0.0,0.0,19.863013698630137,MGH,0,1,1,0,0,1,0,0,0,0,0,0,0,0,0,0
71,60,11,0,11,4,0,4,0,2,0,0,0,76,B,1385,1314,261,5.126353790613718,84.50704225352112,36.36363636363637,0.0,0.0,19.863013698630137,MGH,0,4,1,0,3,1,2,0,0,2,0,0,0,0,0,0
67,64,3,0,3,2,0,1,0,0,0,0,0,77,base,1385,1318,258,4.837545126353791,95.5223880597015,66.66666666666667,0.0,0.0,19.575113808801213,MGH,0,1,0,0,1,0,0,0,0,0,0,0,0,0,0,0
67,61,6,0,6,3,0,2,0,0,0,0,0,77,B,1385,1318,258,4.837545126353791,91.04477611940298,50.0,0.0,0.0,19.575113808801213,MGH,0,1,0,0,1,0,0,0,0,0,0,0,0,0,0,0
76,71,5,0,5,3,0,2,0,0,0,0,0,78,base,1385,1309,257,5.487364620938628,93.42105263157895,60.0,0.0,0.0,19.633307868601985,MGH,0,1,0,0,1,1,0,0,0,0,0,0,0,0,0,0
76,67,9,0,9,6,0,4,0,1,0,0,0,78,B,1385,1309,257,5.487364620938628,88.15789473684211,66.66666666666667,0.0,0.0,19.633307868601985,MGH,0,2,0,0,2,0,1,0,0,1,0,0,0,0,0,0
78,73,5,0,5,4,0,3,0,1,0,0,0,79,base,1385,1307,256,5.631768953068592,93.58974358974359,80.0,0.0,0.0,19.58684009181331,MGH,0,5,3,0,2,3,1,0,0,1,0,0,0,0,0,0
78,67,11,0,11,9,0,7,0,1,0,0,0,79,B,1385,1307,256,5.631768953068592,85.8974358974359,81.81818181818181,0.0,0.0,19.58684009181331,MGH,0,6,3,0,3,3,1,0,0,1,0,0,0,0,0,0
69,68,1,0,1,1,0,0,0,0,0,0,0,80,base,1385,1316,259,4.981949458483754,98.55072463768116,100.0,0.0,0.0,19.680851063829788,MGH,0,0,0,0,0,0,0,0,0,0,0,0,0,0,0,0
69,65,4,0,4,3,0,2,0,1,0,0,0,80,B,1385,1316,259,4.981949458483754,94.20289855072464,75.0,0.0,0.0,19.680851063829788,MGH,0,1,0,0,1,0,1,0,0,1,0,0,0,0,0,0
72,69,3,0,3,2,0,1,0,0,0,0,0,81,base,1385,1313,258,5.1985559566787005,95.83333333333333,66.66666666666667,0.0,0.0,19.64965727341965,MGH,0,3,2,0,1,2,0,0,0,0,0,0,0,0,0,0
72,60,12,0,12,9,0,5,0,2,0,0,0,81,B,1385,1313,258,5.1985559566787005,83.33333333333333,75.0,0.0,0.0,19.64965727341965,MGH,0,6,1,0,5,2,2,0,0,2,0,0,0,0,0,0
84,82,2,0,2,1,0,2,1,0,0,0,0,82,base,1385,1301,258,6.064981949458484,97.61904761904762,50.0,1.1904761904761905,50.0,19.830899308224442,MGH,0,2,1,0,1,1,0,0,0,0,0,0,0,0,0,0
84,76,8,0,8,7,0,6,0,1,0,0,0,82,B,1385,1301,258,6.064981949458484,90.47619047619048,87.5,0.0,0.0,19.830899308224442,MGH,0,4,1,0,3,1,1,0,0,1,0,0,0,0,0,0
86,80,6,0,6,3,0,2,0,0,0,0,0,83,base,1385,1299,254,6.209386281588448,93.02325581395348,50.0,0.0,0.0,19.553502694380292,MGH,0,0,0,0,0,0,0,0,0,0,0,0,0,0,0,0
86,72,14,1,13,9,0,5,0,2,0,0,0,83,B,1385,1299,254,6.209386281588448,83.72093023255815,69.23076923076923,0.0,0.0,19.553502694380292,MGH,0,3,0,0,3,0,2,0,0,2,0,0,0,0,0,0
58,56,2,0,2,0,0,0,0,0,0,0,0,84,base,1385,1327,258,4.187725631768953,96.55172413793103,0.0,0.0,0.0,19.44235116804823,MGH,0,2,2,0,0,2,0,0,0,0,0,0,0,0,0,0
58,50,8,0,8,6,0,3,0,1,0,0,0,84,B,1385,1327,258,4.187725631768953,86.20689655172414,75.0,0.0,0.0,19.44235116804823,MGH,0,4,2,0,2,2,1,0,0,1,0,0,0,0,0,0
78,73,5,0,5,5,0,3,0,2,0,0,0,85,base,1385,1307,253,5.631768953068592,93.58974358974359,100.0,0.0,0.0,19.357306809487376,MGH,0,4,2,0,2,2,2,0,0,2,0,0,0,0,0,0
78,71,7,0,7,7,0,4,0,2,0,0,0,85,B,1385,1307,253,5.631768953068592,91.02564102564102,100.0,0.0,0.0,19.357306809487376,MGH,0,4,2,0,2,2,2,0,0,2,0,0,0,0,0,0
73,71,2,0,2,1,0,0,0,0,0,0,0,86,base,1385,1312,255,5.270758122743683,97.26027397260275,50.0,0.0,0.0,19.4359756097561,MGH,0,2,2,0,0,2,0,0,0,0,0,0,0,0,0,0
73,59,14,0,14,9,0,9,0,3,0,0,0,86,B,1385,1312,255,5.270758122743683,80.82191780821918,64.28571428571429,0.0,0.0,19.4359756097561,MGH,0,8,1,0,7,1,3,0,0,3,0,0,0,0,0,0
55,54,1,0,1,1,0,0,0,0,0,0,0,87,base,1385,1330,264,3.9711191335740073,98.18181818181819,100.0,0.0,0.0,19.849624060150376,MGH,0,1,1,0,0,1,0,0,0,0,0,0,0,0,0,0
55,50,5,0,5,4,0,2,0,0,0,0,0,87,B,1385,1330,264,3.9711191335740073,90.9090909090909,80.0,0.0,0.0,19.849624060150376,MGH,0,1,1,0,0,1,0,0,0,0,0,0,0,0,0,0
81,77,4,0,4,3,0,3,0,0,0,0,0,88,base,1385,1304,253,5.8483754512635375,95.06172839506173,75.0,0.0,0.0,19.401840490797547,MGH,0,1,1,0,0,1,0,0,0,0,0,0,0,0,0,0
81,73,8,0,8,7,0,6,0,1,0,0,0,88,B,1385,1304,253,5.8483754512635375,90.12345679012346,87.5,0.0,0.0,19.401840490797547,MGH,0,4,1,0,3,1,1,0,0,1,0,0,0,0,0,0
69,63,6,0,6,5,0,5,1,1,0,0,0,89,base,1385,1316,260,4.981949458483754,91.30434782608695,83.33333333333333,1.4492753623188406,16.666666666666668,19.756838905775076,MGH,0,3,1,1,3,0,1,0,0,1,0,0,0,0,0,0
69,56,13,0,13,9,0,6,0,3,0,0,0,89,B,1385,1316,260,4.981949458483754,81.15942028985508,69.23076923076923,0.0,0.0,19.756838905775076,MGH,0,3,0,0,3,0,3,0,0,3,0,0,0,0,0,0
82,77,5,0,5,2,0,1,0,0,0,0,0,90,base,1385,1303,256,5.92057761732852,93.90243902439025,40.0,0.0,0.0,19.646968534151956,MGH,0,3,2,0,1,2,0,0,0,0,0,0,0,0,0,0
82,73,9,0,9,2,0,2,0,1,0,0,0,90,B,1385,1303,256,5.92057761732852,89.02439024390245,22.22222222222222,0.0,0.0,19.646968534151956,MGH,0,4,2,0,2,2,1,0,0,1,0,0,0,0,0,0
75,72,3,0,3,2,0,1,1,0,0,0,0,91,base,1385,1310,256,5.415162454873646,96.0,66.66666666666667,1.3333333333333333,33.333333333333336,19.541984732824428,MGH,0,0,0,0,0,1,0,0,0,0,0,0,0,0,0,0
75,61,14,0,14,10,0,9,1,4,0,0,0,91,B,1385,1310,256,5.415162454873646,81.33333333333333,71.42857142857143,1.3333333333333333,7.142857142857143,19.541984732824428,MGH,0,5,0,0,5,1,4,0,0,4,0,0,0,0,0,0
72,69,3,0,3,2,0,2,0,2,0,0,0,92,base,1385,1313,251,5.1985559566787005,95.83333333333333,66.66666666666667,0.0,0.0,19.116527037319116,MGH,0,2,0,0,2,0,2,0,0,2,0,0,0,0,0,0
72,62,10,0,10,8,0,5,0,4,0,0,0,92,B,1385,1313,251,5.1985559566787005,86.11111111111111,80.0,0.0,0.0,19.116527037319116,MGH,0,4,0,0,4,0,4,0,0,4,0,0,0,0,0,0
66,65,1,0,1,0,0,1,1,0,0,0,0,93,base,1385,1319,261,4.765342960288809,98.48484848484848,0.0,1.5151515151515151,100.0,19.787717968157697,MGH,0,1,1,1,1,0,0,0,0,0,0,0,0,0,0,0
66,58,8,0,8,7,0,3,0,1,0,0,0,93,B,1385,1319,261,4.765342960288809,87.87878787878788,87.5,0.0,0.0,19.787717968157697,MGH,0,1,0,0,1,0,1,0,0,1,0,0,0,0,0,0
69,64,5,0,5,4,0,2,0,0,0,0,0,94,base,1385,1316,259,4.981949458483754,92.7536231884058,80.0,0.0,0.0,19.680851063829788,MGH,0,1,0,0,1,0,0,0,0,0,0,0,0,0,0,0
69,56,13,1,12,8,0,6,1,0,0,0,0,94,B,1385,1316,259,4.981949458483754,81.15942028985508,66.66666666666667,1.4492753623188406,7.6923076923076925,19.680851063829788,MGH,0,3,0,0,3,0,0,0,0,0,0,0,0,0,0,0
57,51,6,0,6,3,0,4,1,0,0,0,0,95,base,1385,1328,268,4.115523465703971,89.47368421052632,50.0,1.7543859649122806,16.666666666666668,20.180722891566266,MGH,0,1,0,0,1,0,0,0,0,0,0,0,0,0,0,0
57,48,9,0,9,5,0,4,1,0,0,0,0,95,B,1385,1328,268,4.115523465703971,84.21052631578948,55.55555555555556,1.7543859649122806,11.11111111111111,20.180722891566266,MGH,0,1,0,0,1,0,0,0,0,0,0,0,0,0,0,0
69,67,2,0,2,1,0,1,0,1,0,0,0,96,base,1385,1316,261,4.981949458483754,97.10144927536231,50.0,0.0,0.0,19.832826747720365,MGH,0,1,0,0,1,0,1,0,0,1,0,0,0,0,0,0
69,63,6,0,6,4,0,3,0,2,0,0,0,96,B,1385,1316,261,4.981949458483754,91.30434782608695,66.66666666666667,0.0,0.0,19.832826747720365,MGH,0,3,0,0,3,0,2,0,0,2,0,0,0,0,0,0
67,61,6,0,6,4,0,4,1,0,0,0,0,97,base,1385,1318,256,4.837545126353791,91.04477611940298,66.66666666666667,1.492537313432836,16.666666666666668,19.423368740515933,MGH,0,2,0,0,2,0,0,0,0,0,0,0,0,0,0,0
67,58,9,0,9,8,0,4,0,0,0,0,0,97,B,1385,1318,256,4.837545126353791,86.56716417910448,88.88888888888889,0.0,0.0,19.423368740515933,MGH,0,2,0,0,2,0,0,0,0,0,0,0,0,0,0,0
57,54,3,0,3,1,0,1,0,1,0,0,0,98,base,1385,1328,260,4.115523465703971,94.73684210526316,33.333333333333336,0.0,0.0,19.57831325301205,MGH,0,1,0,0,1,0,1,0,0,1,0,0,0,0,0,0
57,52,5,0,5,3,0,2,0,1,0,0,0,98,B,1385,1328,260,4.115523465703971,91.2280701754386,60.0,0.0,0.0,19.57831325301205,MGH,0,1,0,0,1,0,1,0,0,1,0,0,0,0,0,0
66,61,5,0,5,4,0,4,0,1,0,0,0,99,base,1385,1319,258,4.765342960288809,92.42424242424242,80.0,0.0,0.0,19.560272934040942,MGH,0,3,1,0,2,1,1,0,0,1,0,0,0,0,0,0
66,53,13,0,13,8,0,4,0,1,0,0,0,99,B,1385,1319,258,4.765342960288809,80.3030303030303,61.53846153846154,0.0,0.0,19.560272934040942,MGH,0,3,1,0,2,1,1,0,0,1,0,0,0,0,0,0
71,66,5,0,5,3,0,2,0,0,0,0,0,100,base,1385,1314,259,5.126353790613718,92.95774647887323,60.0,0.0,0.0,19.710806697108065,MGH,0,0,0,0,0,0,0,0,0,0,0,0,0,0,0,0
71,62,9,0,9,4,0,3,0,0,0,0,0,100,B,1385,1314,259,5.126353790613718,87.32394366197182,44.44444444444444,0.0,0.0,19.710806697108065,MGH,0,0,0,0,0,0,0,0,0,0,0,0,0,0,0,0
66,63,3,0,3,1,0,1,0,0,0,0,0,101,base,1385,1319,261,4.765342960288809,95.45454545454545,33.333333333333336,0.0,0.0,19.787717968157697,MGH,0,0,0,0,0,0,0,0,0,0,0,0,0,0,0,0
66,57,9,0,9,5,0,5,0,2,0,0,0,101,B,1385,1319,261,4.765342960288809,86.36363636363636,55.55555555555556,0.0,0.0,19.787717968157697,MGH,0,3,0,0,3,0,2,0,0,2,0,0,0,0,0,0
65,61,4,0,4,3,0,0,0,0,0,0,0,102,base,1385,1320,254,4.693140794223827,93.84615384615384,75.0,0.0,0.0,19.242424242424242,MGH,0,0,0,0,0,0,0,0,0,0,0,0,0,0,0,0
65,56,9,0,9,5,0,2,0,1,0,0,0,102,B,1385,1320,254,4.693140794223827,86.15384615384616,55.55555555555556,0.0,0.0,19.242424242424242,MGH,0,1,0,0,1,0,1,0,0,1,0,0,0,0,0,0
56,54,2,0,2,2,0,0,0,0,0,0,0,103,base,1385,1329,261,4.043321299638989,96.42857142857143,100.0,0.0,0.0,19.63882618510158,MGH,0,0,0,0,0,0,0,0,0,0,0,0,0,0,0,0
56,49,7,0,7,5,0,0,0,0,0,0,0,103,B,1385,1329,261,4.043321299638989,87.5,71.42857142857143,0.0,0.0,19.63882618510158,MGH,0,0,0,0,0,0,0,0,0,0,0,0,0,0,0,0
63,59,4,0,4,3,0,2,0,1,0,0,0,104,base,1385,1322,259,4.548736462093863,93.65079365079364,75.0,0.0,0.0,19.591527987897127,MGH,0,1,0,0,1,0,1,0,0,1,0,0,0,0,0,0
63,54,9,0,9,6,0,4,0,1,0,0,0,104,B,1385,1322,259,4.548736462093863,85.71428571428571,66.66666666666667,0.0,0.0,19.591527987897127,MGH,0,2,0,0,2,0,1,0,0,1,0,0,0,0,0,0
73,70,3,0,3,2,0,1,0,1,0,0,0,105,base,1385,1312,256,5.270758122743683,95.89041095890411,66.66666666666667,0.0,0.0,19.51219512195122,MGH,0,1,0,0,1,0,1,0,0,1,0,0,0,0,0,0
73,65,8,0,8,5,0,2,0,1,0,0,0,105,B,1385,1312,256,5.270758122743683,89.04109589041096,62.5,0.0,0.0,19.51219512195122,MGH,0,1,0,0,1,0,1,0,0,1,0,0,0,0,0,0
56,53,3,0,3,2,0,0,0,0,0,0,0,106,base,1385,1329,259,4.043321299638989,94.64285714285714,66.66666666666667,0.0,0.0,19.48833709556057,MGH,0,1,1,0,0,1,0,0,0,0,0,0,0,0,0,0
56,49,7,0,7,3,0,1,0,0,0,0,0,106,B,1385,1329,259,4.043321299638989,87.5,42.857142857142854,0.0,0.0,19.48833709556057,MGH,0,1,1,0,0,1,0,0,0,0,0,0,0,0,0,0
69,68,1,0,1,1,0,0,0,0,0,0,0,107,base,1385,1316,256,4.981949458483754,98.55072463768116,100.0,0.0,0.0,19.45288753799392,MGH,0,2,2,0,0,2,0,0,0,0,0,0,0,0,0,0
69,61,8,0,8,3,0,1,0,1,0,0,0,107,B,1385,1316,256,4.981949458483754,88.40579710144928,37.5,0.0,0.0,19.45288753799392,MGH,0,3,2,0,1,2,1,0,0,1,0,0,0,0,0,0
75,71,4,0,4,1,0,1,0,1,0,0,0,108,base,1385,1310,257,5.415162454873646,94.66666666666667,25.0,0.0,0.0,19.61832061068702,MGH,0,2,1,0,1,1,1,0,0,1,0,0,0,0,0,0
75,64,11,0,11,6,0,4,0,2,0,0,0,108,B,1385,1310,257,5.415162454873646,85.33333333333333,54.54545454545455,0.0,0.0,19.61832061068702,MGH,0,5,1,0,4,1,2,0,0,2,0,0,0,0,0,0
65,59,6,0,6,4,0,4,0,0,0,0,0,109,base,1385,1320,258,4.693140794223827,90.76923076923077,66.66666666666667,0.0,0.0,19.545454545454547,MGH,0,3,0,0,3,0,0,0,0,0,0,0,0,0,0,0
65,56,9,0,9,6,0,6,0,0,0,0,0,109,B,1385,1320,258,4.693140794223827,86.15384615384616,66.66666666666667,0.0,0.0,19.545454545454547,MGH,0,4,0,0,4,0,0,0,0,0,0,0,0,0,0,0
76,69,7,0,7,5,0,3,0,0,0,0,0,110,base,1385,1309,260,5.487364620938628,90.78947368421052,71.42857142857143,0.0,0.0,19.862490450725744,MGH,0,2,1,0,1,1,0,0,0,0,0,0,0,0,0,0
76,66,10,0,10,7,0,4,0,1,0,0,0,110,B,1385,1309,260,5.487364620938628,86.84210526315789,70.0,0.0,0.0,19.862490450725744,MGH,0,3,1,0,2,1,1,0,0,1,0,0,0,0,0,0
76,67,9,0,9,5,0,3,0,1,0,0,0,111,base,1385,1309,252,5.487364620938628,88.15789473684211,55.55555555555556,0.0,0.0,19.25133689839572,MGH,0,1,0,0,1,0,1,0,0,1,0,0,0,0,0,0
76,58,18,0,18,11,0,6,0,1,0,0,0,111,B,1385,1309,252,5.487364620938628,76.3157894736842,61.111111111111114,0.0,0.0,19.25133689839572,MGH,0,2,0,0,2,0,1,0,0,1,0,0,0,0,0,0
77,76,1,0,1,1,0,0,0,0,0,0,0,112,base,1385,1308,260,5.55956678700361,98.7012987012987,100.0,0.0,0.0,19.877675840978593,MGH,0,1,1,0,0,1,0,0,0,0,0,0,0,0,0,0
77,71,6,0,6,1,0,0,0,0,0,0,0,112,B,1385,1308,260,5.55956678700361,92.20779220779221,16.666666666666668,0.0,0.0,19.877675840978593,MGH,0,0,0,0,0,0,0,0,0,0,0,0,0,0,0,0
77,72,5,0,5,3,0,3,0,1,0,0,0,113,base,1385,1308,256,5.55956678700361,93.50649350649351,60.0,0.0,0.0,19.571865443425075,MGH,0,1,0,0,1,0,1,0,0,1,0,0,0,0,0,0
77,66,11,0,11,7,0,4,0,2,0,0,0,113,B,1385,1308,256,5.55956678700361,85.71428571428571,63.63636363636363,0.0,0.0,19.571865443425075,MGH,0,2,0,0,2,0,2,0,0,2,0,0,0,0,0,0
61,58,3,0,3,2,0,1,0,0,0,0,0,114,base,1385,1324,260,4.404332129963899,95.08196721311475,66.66666666666667,0.0,0.0,19.637462235649547,MGH,0,2,2,0,0,2,0,0,0,0,0,0,0,0,0,0
61,52,9,0,9,6,0,3,0,1,0,0,0,114,B,1385,1324,260,4.404332129963899,85.24590163934427,66.66666666666667,0.0,0.0,19.637462235649547,MGH,0,3,1,0,2,2,1,0,0,1,0,0,0,0,0,0
67,63,4,0,4,3,0,2,1,1,0,0,0,115,base,1385,1318,259,4.837545126353791,94.02985074626865,75.0,1.492537313432836,25.0,19.650986342943856,MGH,0,2,1,0,1,1,1,0,0,1,0,0,0,0,0,0
67,60,7,0,7,3,0,2,1,1,0,0,0,115,B,1385,1318,259,4.837545126353791,89.55223880597015,42.857142857142854,1.492537313432836,14.285714285714286,19.650986342943856,MGH,0,2,1,0,1,1,1,0,0,1,0,0,0,0,0,0
68,64,4,0,4,3,0,3,1,1,0,0,0,116,base,1385,1317,259,4.909747292418772,94.11764705882354,75.0,1.4705882352941178,25.0,19.665907365223994,MGH,0,2,0,0,2,0,1,0,0,1,0,0,0,0,0,0
68,57,11,1,10,6,1,6,1,1,0,0,0,116,B,1385,1317,259,4.909747292418772,83.82352941176471,60.0,1.4705882352941178,9.090909090909092,19.665907365223994,MGH,0,3,0,0,3,0,1,0,0,1,0,0,0,0,0,0
71,65,6,0,6,4,0,3,0,1,0,0,0,117,base,1385,1314,254,5.126353790613718,91.54929577464789,66.66666666666667,0.0,0.0,19.330289193302892,MGH,0,3,1,0,2,1,1,0,0,1,0,0,0,0,0,0
71,60,11,0,11,7,0,5,0,1,0,0,0,117,B,1385,1314,254,5.126353790613718,84.50704225352112,63.63636363636363,0.0,0.0,19.330289193302892,MGH,0,4,1,0,3,1,1,0,0,1,0,0,0,0,0,0
68,66,2,0,2,2,0,1,0,1,0,0,0,118,base,1385,1317,256,4.909747292418772,97.05882352941177,100.0,0.0,0.0,19.438116932422172,MGH,0,3,2,0,1,2,1,0,0,1,0,0,0,0,0,0
68,60,8,1,7,5,1,2,0,1,0,0,0,118,B,1385,1317,256,4.909747292418772,88.23529411764706,71.42857142857143,0.0,0.0,19.438116932422172,MGH,0,3,1,0,2,1,1,0,0,1,0,0,0,0,0,0
61,58,3,0,3,0,0,0,0,0,0,0,0,119,base,1385,1324,264,4.404332129963899,95.08196721311475,0.0,0.0,0.0,19.939577039274923,MGH,0,0,0,0,0,0,0,0,0,0,0,0,0,0,0,0
61,55,6,0,6,2,0,1,0,0,0,0,0,119,B,1385,1324,264,4.404332129963899,90.1639344262295,33.333333333333336,0.0,0.0,19.939577039274923,MGH,0,1,0,0,1,0,0,0,0,0,0,0,0,0,0,0
68,65,3,0,3,2,0,2,0,0,0,0,0,120,base,1385,1317,259,4.909747292418772,95.58823529411765,66.66666666666667,0.0,0.0,19.665907365223994,MGH,0,2,1,0,1,1,0,0,0,0,0,0,0,0,0,0
68,60,8,0,8,5,0,5,0,2,0,0,0,120,B,1385,1317,259,4.909747292418772,88.23529411764706,62.5,0.0,0.0,19.665907365223994,MGH,0,4,1,0,3,1,2,0,0,2,0,0,0,0,0,0
61,57,4,0,4,4,0,3,0,1,0,0,0,121,base,1385,1324,259,4.404332129963899,93.44262295081967,100.0,0.0,0.0,19.561933534743204,MGH,0,2,1,0,1,1,1,0,0,1,0,0,0,0,0,0
61,53,8,0,8,7,0,6,0,2,0,0,0,121,B,1385,1324,259,4.404332129963899,86.88524590163935,87.5,0.0,0.0,19.561933534743204,MGH,0,4,1,0,3,1,2,0,0,2,0,0,0,0,0,0
75,71,4,0,4,2,0,2,1,0,0,0,0,122,base,1385,1310,258,5.415162454873646,94.66666666666667,50.0,1.3333333333333333,25.0,19.69465648854962,MGH,0,0,0,0,0,0,0,0,0,0,0,0,0,0,0,0
75,62,13,0,13,10,0,6,0,2,0,0,0,122,B,1385,1310,258,5.415162454873646,82.66666666666667,76.92307692307692,0.0,0.0,19.69465648854962,MGH,0,3,0,0,3,0,2,0,0,2,0,0,0,0,0,0
74,71,3,0,3,2,0,2,0,1,0,0,0,123,base,1385,1311,257,5.342960288808665,95.94594594594595,66.66666666666667,0.0,0.0,19.603356216628526,MGH,0,1,0,0,1,0,1,0,0,1,0,0,0,0,0,0
74,61,13,0,13,10,0,6,0,1,0,0,0,123,B,1385,1311,257,5.342960288808665,82.43243243243244,76.92307692307692,0.0,0.0,19.603356216628526,MGH,0,3,0,0,3,0,1,0,0,1,0,0,0,0,0,0
63,62,1,0,1,1,0,1,0,1,0,0,0,124,base,1385,1322,263,4.548736462093863,98.41269841269842,100.0,0.0,0.0,19.89409984871407,MGH,0,1,0,0,1,0,1,0,0,1,0,0,0,0,0,0
63,56,7,0,7,5,0,5,0,2,0,0,0,124,B,1385,1322,263,4.548736462093863,88.88888888888889,71.42857142857143,0.0,0.0,19.89409984871407,MGH,0,4,0,0,4,0,2,0,0,2,0,0,0,0,0,0
69,67,2,0,2,0,0,0,0,0,0,0,0,125,base,1385,1316,260,4.981949458483754,97.10144927536231,0.0,0.0,0.0,19.756838905775076,MGH,0,0,0,0,0,0,0,0,0,0,0,0,0,0,0,0
69,57,12,0,12,9,0,5,0,2,0,0,0,125,B,1385,1316,260,4.981949458483754,82.6086956521739,75.0,0.0,0.0,19.756838905775076,MGH,0,4,0,0,4,0,2,0,0,2,0,0,0,0,0,0
77,72,5,0,5,3,0,2,0,0,0,0,0,126,base,1385,1308,257,5.55956678700361,93.50649350649351,60.0,0.0,0.0,19.648318042813457,MGH,0,1,0,0,1,0,0,0,0,0,0,0,0,0,0,0
77,62,15,1,14,7,0,4,0,0,0,0,0,126,B,1385,1308,257,5.55956678700361,80.51948051948052,50.0,0.0,0.0,19.648318042813457,MGH,0,1,0,0,1,0,0,0,0,0,0,0,0,0,0,0
84,82,2,0,2,1,0,1,0,0,0,0,0,127,base,1385,1301,255,6.064981949458484,97.61904761904762,50.0,0.0,0.0,19.60030745580323,MGH,0,2,2,0,0,2,0,0,0,0,0,0,0,0,0,0
84,78,6,0,6,4,0,2,0,1,0,0,0,127,B,1385,1301,255,6.064981949458484,92.85714285714286,66.66666666666667,0.0,0.0,19.60030745580323,MGH,0,2,1,0,1,1,1,0,0,1,0,0,0,0,0,0
73,70,3,0,3,3,0,3,0,0,0,0,0,128,base,1385,1312,259,5.270758122743683,95.89041095890411,100.0,0.0,0.0,19.740853658536587,MGH,0,3,1,0,2,1,0,0,0,0,0,0,0,0,0,0
73,63,10,0,10,7,0,4,0,0,0,0,0,128,B,1385,1312,259,5.270758122743683,86.3013698630137,70.0,0.0,0.0,19.740853658536587,MGH,0,4,0,0,3,1,0,0,0,0,0,0,0,0,0,0
71,67,4,0,4,2,0,1,0,0,0,0,0,129,base,1385,1314,255,5.126353790613718,94.36619718309859,50.0,0.0,0.0,19.40639269406393,MGH,0,1,0,0,1,0,0,0,0,0,0,0,0,0,0,0
71,67,4,0,4,2,0,1,0,0,0,0,0,129,B,1385,1314,255,5.126353790613718,94.36619718309859,50.0,0.0,0.0,19.40639269406393,MGH,0,1,0,0,1,0,0,0,0,0,0,0,0,0,0,0
69,66,3,0,3,1,0,1,0,0,0,0,0,130,base,1385,1316,260,4.981949458483754,95.65217391304348,33.333333333333336,0.0,0.0,19.756838905775076,MGH,0,3,2,0,1,2,0,0,0,0,0,0,0,0,0,0
69,59,10,0,10,7,0,5,0,2,0,0,0,130,B,1385,1316,260,4.981949458483754,85.5072463768116,70.0,0.0,0.0,19.756838905775076,MGH,0,6,1,0,4,2,2,0,0,2,0,0,0,0,0,0
70,68,2,0,2,2,0,2,0,1,0,0,0,131,base,1385,1315,258,5.054151624548736,97.14285714285714,100.0,0.0,0.0,19.619771863117872,MGH,0,2,0,0,2,0,1,0,0,1,0,0,0,0,0,0
70,63,7,0,7,6,0,6,0,4,0,0,0,131,B,1385,1315,258,5.054151624548736,90.0,85.71428571428571,0.0,0.0,19.619771863117872,MGH,0,5,0,0,5,0,4,0,0,4,0,0,0,0,0,0
57,53,4,0,4,3,0,2,0,1,0,0,0,132,base,1385,1328,258,4.115523465703971,92.98245614035088,75.0,0.0,0.0,19.427710843373493,MGH,0,1,0,0,1,0,1,0,0,1,0,0,0,0,0,0
57,47,10,0,10,6,0,5,0,3,0,0,0,132,B,1385,1328,258,4.115523465703971,82.45614035087719,60.0,0.0,0.0,19.427710843373493,MGH,0,4,0,0,4,0,3,0,0,3,0,0,0,0,0,0
70,67,3,0,3,1,0,1,0,0,0,0,0,133,base,1385,1315,252,5.054151624548736,95.71428571428571,33.333333333333336,0.0,0.0,19.163498098859314,MGH,0,0,0,0,0,0,0,0,0,0,0,0,0,0,0,0
70,57,13,0,13,10,0,6,0,1,0,0,0,133,B,1385,1315,252,5.054151624548736,81.42857142857143,76.92307692307692,0.0,0.0,19.163498098859314,MGH,0,1,0,0,1,0,1,0,0,1,0,0,0,0,0,0
71,69,2,0,2,1,0,2,1,0,0,0,0,134,base,1385,1314,267,5.126353790613718,97.1830985915493,50.0,1.408450704225352,50.0,20.319634703196346,MGH,0,1,1,0,0,1,0,0,0,0,0,0,0,0,0,0
71,66,5,1,4,1,1,2,1,0,0,0,0,134,B,1385,1314,267,5.126353790613718,92.95774647887323,25.0,1.408450704225352,20.0,20.319634703196346,MGH,0,1,1,0,0,1,0,0,0,0,0,0,0,0,0,0
72,70,2,0,2,2,0,1,0,1,0,0,0,135,base,1385,1313,262,5.1985559566787005,97.22222222222223,100.0,0.0,0.0,19.954303122619955,MGH,0,1,0,0,1,0,1,0,0,1,0,0,0,0,0,0
72,58,14,1,13,6,0,6,1,2,0,0,0,135,B,1385,1313,262,5.1985559566787005,80.55555555555556,46.15384615384615,1.3888888888888888,7.142857142857143,19.954303122619955,MGH,0,4,0,0,4,0,2,0,0,2,0,0,0,0,0,0
67,62,5,0,5,4,0,2,0,1,0,0,0,136,base,1385,1318,260,4.837545126353791,92.53731343283582,80.0,0.0,0.0,19.726858877086496,MGH,0,3,1,0,2,1,1,0,0,1,0,0,0,0,0,0
67,50,17,0,17,12,0,8,0,5,0,0,0,136,B,1385,1318,260,4.837545126353791,74.6268656716418,70.58823529411765,0.0,0.0,19.726858877086496,MGH,0,7,1,0,6,1,5,0,0,5,0,0,0,0,0,0
63,62,1,0,1,1,0,1,0,0,0,0,0,137,base,1385,1322,262,4.548736462093863,98.41269841269842,100.0,0.0,0.0,19.818456883509832,MGH,0,2,1,0,1,1,0,0,0,0,0,0,0,0,0,0
63,56,7,0,7,4,0,2,0,0,0,0,0,137,B,1385,1322,262,4.548736462093863,88.88888888888889,57.142857142857146,0.0,0.0,19.818456883509832,MGH,0,3,1,0,2,1,0,0,0,0,0,0,0,0,0,0
69,66,3,0,3,1,0,1,0,0,0,0,0,138,base,1385,1316,259,4.981949458483754,95.65217391304348,33.333333333333336,0.0,0.0,19.680851063829788,MGH,0,1,1,0,0,1,0,0,0,0,0,0,0,0,0,0
69,59,10,2,8,3,0,2,0,0,0,0,0,138,B,1385,1316,259,4.981949458483754,85.5072463768116,37.5,0.0,0.0,19.680851063829788,MGH,0,1,1,0,0,1,0,0,0,0,0,0,0,0,0,0
69,67,2,0,2,0,0,0,0,0,0,0,0,139,base,1385,1316,258,4.981949458483754,97.10144927536231,0.0,0.0,0.0,19.6048632218845,MGH,0,1,1,0,0,1,0,0,0,0,0,0,0,0,0,0
69,61,8,1,7,5,1,4,0,2,0,0,0,139,B,1385,1316,258,4.981949458483754,88.40579710144928,71.42857142857143,0.0,0.0,19.6048632218845,MGH,0,2,0,0,2,0,2,0,0,2,0,0,0,0,0,0
69,66,3,0,3,2,0,1,0,1,0,0,0,140,base,1385,1316,259,4.981949458483754,95.65217391304348,66.66666666666667,0.0,0.0,19.680851063829788,MGH,0,2,1,0,1,1,1,0,0,1,0,0,0,0,0,0
69,59,10,0,10,4,0,3,0,2,0,0,0,140,B,1385,1316,259,4.981949458483754,85.5072463768116,40.0,0.0,0.0,19.680851063829788,MGH,0,3,0,0,3,0,2,0,0,2,0,0,0,0,0,0
66,63,3,0,3,3,0,1,0,0,0,0,0,141,base,1385,1319,263,4.765342960288809,95.45454545454545,100.0,0.0,0.0,19.9393479909022,MGH,0,1,1,0,0,1,0,0,0,0,0,0,0,0,0,0
66,54,12,0,12,6,0,4,1,1,0,0,0,141,B,1385,1319,263,4.765342960288809,81.81818181818181,50.0,1.5151515151515151,8.333333333333334,19.9393479909022,MGH,0,2,1,0,1,1,1,0,0,1,0,0,0,0,0,0
41,38,3,0,3,3,0,1,0,0,0,0,0,42,base,762,721,190,5.380577427821522,92.6829268292683,100.0,0.0,0.0,26.352288488210817,MPA,0,1,0,0,1,0,0,0,0,0,0,0,0,0,0,0
41,34,7,0,7,5,0,2,0,0,0,0,0,42,B,762,721,190,5.380577427821522,82.92682926829268,71.42857142857143,0.0,0.0,26.352288488210817,MPA,0,2,0,0,2,0,0,0,0,0,0,0,0,0,0,0
40,37,3,0,3,3,0,1,0,0,0,0,0,43,base,762,722,193,5.2493438320209975,92.5,100.0,0.0,0.0,26.73130193905817,MPA,0,1,0,0,1,0,0,0,0,0,0,0,0,0,0,0
40,31,9,0,9,7,0,5,0,1,0,0,0,43,B,762,722,193,5.2493438320209975,77.5,77.77777777777777,0.0,0.0,26.73130193905817,MPA,0,4,0,0,4,0,1,0,0,1,0,0,0,0,0,0
39,33,6,0,6,5,0,5,0,2,0,0,0,44,base,762,723,192,5.118110236220472,84.61538461538461,83.33333333333333,0.0,0.0,26.556016597510375,MPA,0,3,0,0,3,0,2,0,0,2,0,0,0,0,0,0
39,30,9,0,9,7,0,7,0,4,0,0,0,44,B,762,723,192,5.118110236220472,76.92307692307692,77.77777777777777,0.0,0.0,26.556016597510375,MPA,0,5,0,0,5,0,4,0,0,4,0,0,0,0,0,0
30,29,1,0,1,1,0,1,0,0,0,0,0,45,base,762,732,197,3.937007874015748,96.66666666666667,100.0,0.0,0.0,26.91256830601093,MPA,0,1,0,0,1,0,0,0,0,0,0,0,0,0,0,0
30,26,4,0,4,4,0,3,0,0,0,0,0,45,B,762,732,197,3.937007874015748,86.66666666666667,100.0,0.0,0.0,26.91256830601093,MPA,0,2,0,0,2,0,0,0,0,0,0,0,0,0,0,0
23,23,0,0,0,0,0,0,0,0,0,0,0,46,base,762,739,191,3.0183727034120733,100.0,,0.0,,25.84573748308525,MPA,0,0,0,0,0,0,0,0,0,0,0,0,0,0,0,0
23,20,3,0,3,3,0,3,0,1,0,0,0,46,B,762,739,191,3.0183727034120733,86.95652173913044,100.0,0.0,0.0,25.84573748308525,MPA,0,1,0,0,1,0,1,0,0,1,0,0,0,0,0,0
39,38,1,0,1,1,0,1,0,1,0,0,0,47,base,762,723,196,5.118110236220472,97.43589743589743,100.0,0.0,0.0,27.10926694329184,MPA,0,1,0,0,1,0,1,0,0,1,0,0,0,0,0,0
39,35,4,1,3,3,0,3,0,1,0,0,0,47,B,762,723,196,5.118110236220472,89.74358974358974,100.0,0.0,0.0,27.10926694329184,MPA,0,3,0,0,3,0,1,0,0,1,0,0,0,0,0,0
37,34,3,0,3,3,0,2,0,1,0,0,0,48,base,762,725,190,4.8556430446194225,91.89189189189189,100.0,0.0,0.0,26.20689655172414,MPA,0,2,0,0,2,0,1,0,0,1,0,0,0,0,0,0
37,29,8,0,8,4,0,4,1,2,0,0,0,48,B,762,725,190,4.8556430446194225,78.37837837837837,50.0,2.7027027027027026,12.5,26.20689655172414,MPA,0,3,0,0,3,0,2,0,0,2,0,0,0,0,0,0
31,30,1,0,1,0,0,1,1,0,0,0,0,49,base,762,731,194,4.0682414698162725,96.7741935483871,0.0,3.225806451612903,100.0,26.538987688098494,MPA,0,0,0,0,0,0,0,0,0,0,0,0,0,0,0,0
31,28,3,0,3,3,0,3,0,0,0,0,0,49,B,762,731,194,4.0682414698162725,90.3225806451613,100.0,0.0,0.0,26.538987688098494,MPA,0,1,0,0,1,0,0,0,0,0,0,0,0,0,0,0
33,33,0,0,0,0,0,0,0,0,0,0,0,50,base,762,729,197,4.330708661417323,100.0,,0.0,,27.023319615912207,MPA,0,0,0,0,0,0,0,0,0,0,0,0,0,0,0,0
33,30,3,0,3,2,0,1,0,1,0,0,0,50,B,762,729,197,4.330708661417323,90.9090909090909,66.66666666666667,0.0,0.0,27.023319615912207,MPA,0,1,0,0,1,0,1,0,0,1,0,0,0,0,0,0
42,38,4,0,4,2,0,1,0,0,0,0,0,51,base,762,720,194,5.511811023622047,90.47619047619048,50.0,0.0,0.0,26.944444444444443,MPA,0,0,0,0,0,0,0,0,0,0,0,0,0,0,0,0
42,32,10,1,9,3,0,2,0,1,0,0,0,51,B,762,720,194,5.511811023622047,76.19047619047619,33.333333333333336,0.0,0.0,26.944444444444443,MPA,0,1,0,0,1,0,1,0,0,1,0,0,0,0,0,0
25,24,1,0,1,0,0,0,0,0,0,0,0,52,base,762,737,196,3.2808398950131235,96.0,0.0,0.0,0.0,26.594301221166894,MPA,0,0,0,0,0,0,0,0,0,0,0,0,0,0,0,0
25,22,3,0,3,1,0,0,0,0,0,0,0,52,B,762,737,196,3.2808398950131235,88.0,33.333333333333336,0.0,0.0,26.594301221166894,MPA,0,0,0,0,0,0,0,0,0,0,0,0,0,0,0,0
37,35,2,0,2,2,0,1,0,1,0,0,0,53,base,762,725,188,4.8556430446194225,94.5945945945946,100.0,0.0,0.0,25.93103448275862,MPA,0,2,1,0,1,1,1,0,0,1,0,0,0,0,0,0
37,29,8,0,8,6,0,4,0,3,0,0,0,53,B,762,725,188,4.8556430446194225,78.37837837837837,75.0,0.0,0.0,25.93103448275862,MPA,0,5,1,0,4,1,3,0,0,3,0,0,0,0,0,0
28,27,1,0,1,0,0,1,1,0,0,0,0,54,base,762,734,191,3.674540682414698,96.42857142857143,0.0,3.5714285714285716,100.0,26.021798365122617,MPA,0,0,0,0,0,0,0,0,0,0,0,0,0,0,0,0
28,25,3,0,3,2,0,0,0,0,0,0,0,54,B,762,734,191,3.674540682414698,89.28571428571429,66.66666666666667,0.0,0.0,26.021798365122617,MPA,0,0,0,0,0,0,0,0,0,0,0,0,0,0,0,0
35,31,4,0,4,2,0,3,1,0,0,0,0,55,base,762,727,193,4.593175853018373,88.57142857142857,50.0,2.857142857142857,25.0,26.5474552957359,MPA,0,0,0,0,0,0,0,0,0,0,0,0,0,0,0,0
35,24,11,0,11,6,0,6,2,1,0,0,0,55,B,762,727,193,4.593175853018373,68.57142857142857,54.54545454545455,5.714285714285714,18.181818181818183,26.5474552957359,MPA,0,4,1,1,4,0,1,0,0,1,0,0,0,0,0,0
47,42,5,0,5,5,0,2,0,1,0,0,0,56,base,762,715,189,6.167979002624672,89.36170212765957,100.0,0.0,0.0,26.433566433566433,MPA,0,1,0,0,1,0,1,0,0,1,0,0,0,0,0,0
47,40,7,0,7,5,0,2,0,1,0,0,0,56,B,762,715,189,6.167979002624672,85.1063829787234,71.42857142857143,0.0,0.0,26.433566433566433,MPA,0,1,0,0,1,0,1,0,0,1,0,0,0,0,0,0
35,32,3,0,3,2,0,3,1,1,0,0,0,57,base,762,727,197,4.593175853018373,91.42857142857143,66.66666666666667,2.857142857142857,33.333333333333336,27.097661623108667,MPA,0,1,0,0,1,0,1,0,0,1,0,0,0,0,0,0
35,26,9,1,8,4,0,4,0,2,0,0,0,57,B,762,727,197,4.593175853018373,74.28571428571429,50.0,0.0,0.0,27.097661623108667,MPA,0,2,0,0,2,0,2,0,0,2,0,0,0,0,0,0
40,35,5,0,5,4,0,4,0,2,0,0,0,58,base,762,722,198,5.2493438320209975,87.5,80.0,0.0,0.0,27.42382271468144,MPA,0,3,0,0,3,0,2,0,0,2,0,0,0,0,0,0
40,32,8,0,8,6,0,5,0,3,0,0,0,58,B,762,722,198,5.2493438320209975,80.0,75.0,0.0,0.0,27.42382271468144,MPA,0,4,0,0,4,0,3,0,0,3,0,0,0,0,0,0
56,54,2,0,2,1,0,2,1,0,0,0,0,59,base,762,706,181,7.349081364829396,96.42857142857143,50.0,1.7857142857142858,50.0,25.637393767705383,MPA,0,2,1,1,2,0,0,0,0,0,0,0,0,0,0,0
56,49,7,0,7,4,0,3,0,1,0,0,0,59,B,762,706,181,7.349081364829396,87.5,57.142857142857146,0.0,0.0,25.637393767705383,MPA,0,3,0,0,3,0,1,0,0,1,0,0,0,0,0,0
43,40,3,0,3,1,0,0,0,0,0,0,0,60,base,762,719,197,5.6430446194225725,93.02325581395348,33.333333333333336,0.0,0.0,27.399165507649514,MPA,0,0,0,0,0,0,0,0,0,0,0,0,0,0,0,0
43,33,10,0,10,2,0,2,1,0,0,0,0,60,B,762,719,197,5.6430446194225725,76.74418604651163,20.0,2.3255813953488373,10.0,27.399165507649514,MPA,0,1,0,0,1,0,0,0,0,0,0,0,0,0,0,0
46,44,2,0,2,2,0,1,0,0,0,0,0,61,base,762,716,190,6.036745406824147,95.65217391304348,100.0,0.0,0.0,26.536312849162012,MPA,0,2,1,0,1,1,0,0,0,0,0,0,0,0,0,0
46,42,4,0,4,4,0,3,0,1,0,0,0,61,B,762,716,190,6.036745406824147,91.30434782608695,100.0,0.0,0.0,26.536312849162012,MPA,0,3,1,0,2,1,1,0,0,1,0,0,0,0,0,0
36,35,1,0,1,0,0,1,1,0,0,0,0,62,base,762,726,191,4.724409448818897,97.22222222222223,0.0,2.7777777777777777,100.0,26.308539944903583,MPA,0,0,0,0,0,0,0,0,0,0,0,0,0,0,0,0
36,33,3,0,3,1,0,2,1,1,0,0,0,62,B,762,726,191,4.724409448818897,91.66666666666667,33.333333333333336,2.7777777777777777,33.333333333333336,26.308539944903583,MPA,0,1,0,0,1,0,1,0,0,1,0,0,0,0,0,0
33,31,2,0,2,2,0,1,0,1,0,0,0,63,base,762,729,193,4.330708661417323,93.93939393939394,100.0,0.0,0.0,26.474622770919066,MPA,0,2,1,0,1,1,1,0,0,1,0,0,0,0,0,0
33,29,4,0,4,3,0,1,0,1,0,0,0,63,B,762,729,193,4.330708661417323,87.87878787878788,75.0,0.0,0.0,26.474622770919066,MPA,0,2,1,0,1,1,1,0,0,1,0,0,0,0,0,0
38,36,2,0,2,1,0,0,0,0,0,0,0,64,base,762,724,195,4.986876640419948,94.73684210526316,50.0,0.0,0.0,26.933701657458563,MPA,0,0,0,0,0,0,0,0,0,0,0,0,0,0,0,0
38,32,6,0,6,3,0,1,0,0,0,0,0,64,B,762,724,195,4.986876640419948,84.21052631578948,50.0,0.0,0.0,26.933701657458563,MPA,0,0,0,0,0,0,0,0,0,0,0,0,0,0,0,0
40,39,1,0,1,1,0,1,0,1,0,0,0,65,base,762,722,191,5.2493438320209975,97.5,100.0,0.0,0.0,26.454293628808863,MPA,0,1,0,0,1,0,1,0,0,1,0,0,0,0,0,0
40,39,1,0,1,1,0,1,0,1,0,0,0,65,B,762,722,191,5.2493438320209975,97.5,100.0,0.0,0.0,26.454293628808863,MPA,0,1,0,0,1,0,1,0,0,1,0,0,0,0,0,0
39,34,5,0,5,3,0,3,1,1,0,0,0,66,base,762,723,195,5.118110236220472,87.17948717948718,60.0,2.5641025641025643,20.0,26.970954356846473,MPA,0,2,0,0,2,0,1,0,0,1,0,0,0,0,0,0
39,30,9,0,9,5,0,5,1,3,0,0,0,66,B,762,723,195,5.118110236220472,76.92307692307692,55.55555555555556,2.5641025641025643,11.11111111111111,26.970954356846473,MPA,0,4,0,0,4,0,3,0,0,3,0,0,0,0,0,0
36,33,3,0,3,1,0,1,0,0,0,0,0,67,base,762,726,196,4.724409448818897,91.66666666666667,33.333333333333336,0.0,0.0,26.99724517906336,MPA,0,1,0,0,1,0,0,0,0,0,0,0,0,0,0,0
36,28,8,0,8,5,0,4,0,1,0,0,0,67,B,762,726,196,4.724409448818897,77.77777777777777,62.5,0.0,0.0,26.99724517906336,MPA,0,2,0,0,2,0,1,0,0,1,0,0,0,0,0,0
39,36,3,0,3,3,0,3,0,1,0,0,0,68,base,762,723,190,5.118110236220472,92.3076923076923,100.0,0.0,0.0,26.27939142461964,MPA,0,1,0,0,1,0,1,0,0,1,0,0,0,0,0,0
39,30,9,0,9,5,0,5,0,3,0,0,0,68,B,762,723,190,5.118110236220472,76.92307692307692,55.55555555555556,0.0,0.0,26.27939142461964,MPA,0,3,0,0,3,0,3,0,0,3,0,0,0,0,0,0
36,32,4,0,4,3,0,2,0,2,0,0,0,69,base,762,726,193,4.724409448818897,88.88888888888889,75.0,0.0,0.0,26.584022038567493,MPA,0,2,0,0,2,0,2,0,0,2,0,0,0,0,0,0
36,28,8,0,8,6,0,4,0,3,0,0,0,69,B,762,726,193,4.724409448818897,77.77777777777777,75.0,0.0,0.0,26.584022038567493,MPA,0,3,0,0,3,0,3,0,0,3,0,0,0,0,0,0
46,42,4,0,4,4,0,3,0,1,0,0,0,70,base,762,716,190,6.036745406824147,91.30434782608695,100.0,0.0,0.0,26.536312849162012,MPA,0,1,0,0,1,0,1,0,0,1,0,0,0,0,0,0
46,37,9,0,9,8,0,5,0,2,0,0,0,70,B,762,716,190,6.036745406824147,80.43478260869566,88.88888888888889,0.0,0.0,26.536312849162012,MPA,0,3,0,0,3,0,2,0,0,2,0,0,0,0,0,0
46,43,3,0,3,2,0,1,0,1,0,0,0,71,base,762,716,191,6.036745406824147,93.47826086956522,66.66666666666667,0.0,0.0,26.675977653631286,MPA,0,2,1,0,1,1,1,0,0,1,0,0,0,0,0,0
46,37,9,0,9,6,0,5,1,2,0,0,0,71,B,762,716,191,6.036745406824147,80.43478260869566,66.66666666666667,2.1739130434782608,11.11111111111111,26.675977653631286,MPA,0,3,0,0,3,0,2,0,0,2,0,0,0,0,0,0
45,42,3,0,3,2,0,2,1,1,0,0,0,72,base,762,717,191,5.905511811023622,93.33333333333333,66.66666666666667,2.2222222222222223,33.333333333333336,26.638772663877266,MPA,0,1,0,0,1,0,1,0,0,1,0,0,0,0,0,0
45,40,5,0,5,2,0,3,1,1,0,0,0,72,B,762,717,191,5.905511811023622,88.88888888888889,40.0,2.2222222222222223,20.0,26.638772663877266,MPA,0,2,0,0,2,0,1,0,0,1,0,0,0,0,0,0
38,36,2,0,2,1,0,0,0,0,0,0,0,73,base,762,724,192,4.986876640419948,94.73684210526316,50.0,0.0,0.0,26.519337016574585,MPA,0,0,0,0,0,0,0,0,0,0,0,0,0,0,0,0
38,31,7,0,7,4,0,2,0,1,0,0,0,73,B,762,724,192,4.986876640419948,81.57894736842105,57.142857142857146,0.0,0.0,26.519337016574585,MPA,0,2,0,0,2,0,1,0,0,1,0,0,0,0,0,0
34,31,3,0,3,2,0,1,0,1,0,0,0,74,base,762,728,194,4.4619422572178475,91.17647058823529,66.66666666666667,0.0,0.0,26.64835164835165,MPA,0,1,0,0,1,0,1,0,0,1,0,0,0,0,0,0
34,25,9,0,9,7,0,7,1,4,0,0,0,74,B,762,728,194,4.4619422572178475,73.52941176470588,77.77777777777777,2.9411764705882355,11.11111111111111,26.64835164835165,MPA,0,7,1,1,7,0,4,0,0,4,0,0,0,0,0,0
36,35,1,0,1,1,0,1,0,1,0,0,0,75,base,762,726,193,4.724409448818897,97.22222222222223,100.0,0.0,0.0,26.584022038567493,MPA,0,1,0,0,1,0,1,0,0,1,0,0,0,0,0,0
36,28,8,0,8,4,0,3,1,1,0,0,0,75,B,762,726,193,4.724409448818897,77.77777777777777,50.0,2.7777777777777777,12.5,26.584022038567493,MPA,0,2,0,0,2,0,1,0,0,1,0,0,0,0,0,0
34,33,1,0,1,1,0,0,0,0,0,0,0,76,base,762,728,194,4.4619422572178475,97.05882352941177,100.0,0.0,0.0,26.64835164835165,MPA,0,1,1,0,0,1,0,0,0,0,0,0,0,0,0,0
34,27,7,0,7,3,0,2,0,0,0,0,0,76,B,762,728,194,4.4619422572178475,79.41176470588235,42.857142857142854,0.0,0.0,26.64835164835165,MPA,0,2,1,0,1,1,0,0,0,0,0,0,0,0,0,0
41,39,2,0,2,1,0,0,0,0,0,0,0,77,base,762,721,192,5.380577427821522,95.1219512195122,50.0,0.0,0.0,26.629680998613036,MPA,0,0,0,0,0,0,0,0,0,0,0,0,0,0,0,0
41,36,5,0,5,2,0,1,0,0,0,0,0,77,B,762,721,192,5.380577427821522,87.8048780487805,40.0,0.0,0.0,26.629680998613036,MPA,0,0,0,0,0,0,0,0,0,0,0,0,0,0,0,0
45,44,1,0,1,1,0,0,0,0,0,0,0,78,base,762,717,194,5.905511811023622,97.77777777777777,100.0,0.0,0.0,27.057182705718272,MPA,0,0,0,0,0,0,0,0,0,0,0,0,0,0,0,0
45,39,6,0,6,4,0,3,0,2,0,0,0,78,B,762,717,194,5.905511811023622,86.66666666666667,66.66666666666667,0.0,0.0,27.057182705718272,MPA,0,2,0,0,2,0,2,0,0,2,0,0,0,0,0,0
36,30,6,0,6,6,0,3,0,3,0,0,0,79,base,762,726,195,4.724409448818897,83.33333333333333,100.0,0.0,0.0,26.859504132231404,MPA,0,3,0,0,3,0,3,0,0,3,0,0,0,0,0,0
36,28,8,0,8,6,0,3,0,3,0,0,0,79,B,762,726,195,4.724409448818897,77.77777777777777,75.0,0.0,0.0,26.859504132231404,MPA,0,3,0,0,3,0,3,0,0,3,0,0,0,0,0,0
45,42,3,0,3,1,0,1,0,1,0,0,0,80,base,762,717,189,5.905511811023622,93.33333333333333,33.333333333333336,0.0,0.0,26.359832635983263,MPA,0,1,0,0,1,0,1,0,0,1,0,0,0,0,0,0
45,40,5,0,5,3,0,2,0,1,0,0,0,80,B,762,717,189,5.905511811023622,88.88888888888889,60.0,0.0,0.0,26.359832635983263,MPA,0,2,0,0,2,0,1,0,0,1,0,0,0,0,0,0
38,36,2,0,2,1,0,1,0,0,0,0,0,81,base,762,724,193,4.986876640419948,94.73684210526316,50.0,0.0,0.0,26.65745856353591,MPA,0,1,0,0,1,0,0,0,0,0,0,0,0,0,0,0
38,34,4,0,4,3,0,3,0,1,0,0,0,81,B,762,724,193,4.986876640419948,89.47368421052632,75.0,0.0,0.0,26.65745856353591,MPA,0,2,0,0,2,0,1,0,0,1,0,0,0,0,0,0
37,36,1,0,1,1,0,0,0,0,0,0,0,82,base,762,725,193,4.8556430446194225,97.29729729729729,100.0,0.0,0.0,26.620689655172413,MPA,0,0,0,0,0,0,0,0,0,0,0,0,0,0,0,0
37,28,9,0,9,6,0,4,0,1,0,0,0,82,B,762,725,193,4.8556430446194225,75.67567567567568,66.66666666666667,0.0,0.0,26.620689655172413,MPA,0,1,0,0,1,0,1,0,0,1,0,0,0,0,0,0
31,29,2,0,2,2,0,2,0,0,0,0,0,83,base,762,731,198,4.0682414698162725,93.54838709677419,100.0,0.0,0.0,27.086183310533517,MPA,0,1,0,0,1,0,0,0,0,0,0,0,0,0,0,0
31,26,5,0,5,4,0,3,0,0,0,0,0,83,B,762,731,198,4.0682414698162725,83.87096774193549,80.0,0.0,0.0,27.086183310533517,MPA,0,2,0,0,2,0,0,0,0,0,0,0,0,0,0,0
40,36,4,0,4,2,0,1,0,1,0,0,0,84,base,762,722,195,5.2493438320209975,90.0,50.0,0.0,0.0,27.008310249307478,MPA,0,1,0,0,1,0,1,0,0,1,0,0,0,0,0,0
40,32,8,0,8,5,0,4,0,3,0,0,0,84,B,762,722,195,5.2493438320209975,80.0,62.5,0.0,0.0,27.008310249307478,MPA,0,4,0,0,4,0,3,0,0,3,0,0,0,0,0,0
42,39,3,0,3,3,0,1,0,1,0,0,0,85,base,762,720,195,5.511811023622047,92.85714285714286,100.0,0.0,0.0,27.083333333333332,MPA,0,2,1,0,1,1,1,0,0,1,0,0,0,0,0,0
42,39,3,0,3,2,0,1,0,1,0,0,0,85,B,762,720,195,5.511811023622047,92.85714285714286,66.66666666666667,0.0,0.0,27.083333333333332,MPA,0,2,1,0,1,1,1,0,0,1,0,0,0,0,0,0
22,21,1,0,1,0,0,0,0,0,0,0,0,86,base,762,740,198,2.8871391076115485,95.45454545454545,0.0,0.0,0.0,26.756756756756758,MPA,0,0,0,0,0,0,0,0,0,0,0,0,0,0,0,0
22,19,3,0,3,2,0,1,0,1,0,0,0,86,B,762,740,198,2.8871391076115485,86.36363636363636,66.66666666666667,0.0,0.0,26.756756756756758,MPA,0,1,0,0,1,0,1,0,0,1,0,0,0,0,0,0
47,46,1,0,1,0,0,0,0,0,0,0,0,87,base,762,715,192,6.167979002624672,97.87234042553192,0.0,0.0,0.0,26.853146853146853,MPA,0,0,0,0,0,0,0,0,0,0,0,0,0,0,0,0
47,38,9,1,8,5,0,5,0,1,0,0,0,87,B,762,715,192,6.167979002624672,80.85106382978724,62.5,0.0,0.0,26.853146853146853,MPA,0,2,0,0,2,0,1,0,0,1,0,0,0,0,0,0
32,30,2,0,2,1,0,2,1,0,0,0,0,88,base,762,730,197,4.199475065616798,93.75,50.0,3.125,50.0,26.986301369863014,MPA,0,1,0,0,1,0,0,0,0,0,0,0,0,0,0,0
32,28,4,0,4,3,0,4,1,1,0,0,0,88,B,762,730,197,4.199475065616798,87.5,75.0,3.125,25.0,26.986301369863014,MPA,0,2,0,0,2,0,1,0,0,1,0,0,0,0,0,0
40,38,2,0,2,1,0,0,0,0,0,0,0,89,base,762,722,191,5.2493438320209975,95.0,50.0,0.0,0.0,26.454293628808863,MPA,0,2,2,0,0,2,0,0,0,0,0,0,0,0,0,0
40,34,6,0,6,4,0,2,0,1,0,0,0,89,B,762,722,191,5.2493438320209975,85.0,66.66666666666667,0.0,0.0,26.454293628808863,MPA,0,4,2,0,2,2,1,0,0,1,0,0,0,0,0,0
41,41,0,0,0,0,0,0,0,0,0,0,0,90,base,762,721,188,5.380577427821522,100.0,,0.0,,26.0748959778086,MPA,0,0,0,0,0,0,0,0,0,0,0,0,0,0,0,0
41,36,5,0,5,4,0,3,0,0,0,0,0,90,B,762,721,188,5.380577427821522,87.8048780487805,80.0,0.0,0.0,26.0748959778086,MPA,0,1,0,0,1,0,0,0,0,0,0,0,0,0,0,0
37,33,4,0,4,3,0,3,1,2,0,0,0,91,base,762,725,195,4.8556430446194225,89.1891891891892,75.0,2.7027027027027026,25.0,26.896551724137932,MPA,0,2,0,0,2,0,2,0,0,2,0,0,0,0,0,0
37,29,8,1,7,4,0,5,1,2,0,0,0,91,B,762,725,195,4.8556430446194225,78.37837837837837,57.142857142857146,2.7027027027027026,12.5,26.896551724137932,MPA,0,3,0,0,3,0,2,0,0,2,0,0,0,0,0,0
31,30,1,0,1,0,0,0,0,0,0,0,0,92,base,762,731,195,4.0682414698162725,96.7741935483871,0.0,0.0,0.0,26.67578659370725,MPA,0,1,1,0,0,1,0,0,0,0,0,0,0,0,0,0
31,26,5,1,4,2,0,2,0,0,0,0,0,92,B,762,731,195,4.0682414698162725,83.87096774193549,50.0,0.0,0.0,26.67578659370725,MPA,0,2,1,0,1,1,0,0,0,0,0,0,0,0,0,0
42,42,0,0,0,0,0,0,0,0,0,0,0,93,base,762,720,193,5.511811023622047,100.0,,0.0,,26.805555555555557,MPA,0,0,0,0,0,0,0,0,0,0,0,0,0,0,0,0
42,38,4,0,4,3,0,2,0,1,0,0,0,93,B,762,720,193,5.511811023622047,90.47619047619048,75.0,0.0,0.0,26.805555555555557,MPA,0,2,0,0,2,0,1,0,0,1,0,0,0,0,0,0
39,36,3,0,3,3,0,2,0,2,0,0,0,94,base,762,723,187,5.118110236220472,92.3076923076923,100.0,0.0,0.0,25.86445366528354,MPA,0,2,0,0,2,0,2,0,0,2,0,0,0,0,0,0
39,33,6,1,5,2,0,2,0,1,0,0,0,94,B,762,723,187,5.118110236220472,84.61538461538461,40.0,0.0,0.0,25.86445366528354,MPA,0,2,0,0,2,0,1,0,0,1,0,0,0,0,0,0
34,34,0,0,0,0,0,0,0,0,0,0,0,95,base,762,728,194,4.4619422572178475,100.0,,0.0,,26.64835164835165,MPA,0,0,0,0,0,0,0,0,0,0,0,0,0,0,0,0
34,29,5,0,5,5,0,1,0,0,0,0,0,95,B,762,728,194,4.4619422572178475,85.29411764705883,100.0,0.0,0.0,26.64835164835165,MPA,0,1,0,0,1,0,0,0,0,0,0,0,0,0,0,0
35,32,3,0,3,2,0,1,0,0,0,0,0,96,base,762,727,198,4.593175853018373,91.42857142857143,66.66666666666667,0.0,0.0,27.235213204951858,MPA,0,0,0,0,0,0,0,0,0,0,0,0,0,0,0,0
35,26,9,0,9,4,0,2,0,0,0,0,0,96,B,762,727,198,4.593175853018373,74.28571428571429,44.44444444444444,0.0,0.0,27.235213204951858,MPA,0,0,0,0,0,0,0,0,0,0,0,0,0,0,0,0
32,28,4,0,4,2,0,2,0,1,0,0,0,97,base,762,730,198,4.199475065616798,87.5,50.0,0.0,0.0,27.123287671232877,MPA,0,3,1,0,2,1,1,0,0,1,0,0,0,0,0,0
32,23,9,0,9,5,0,4,0,2,0,0,0,97,B,762,730,198,4.199475065616798,71.875,55.55555555555556,0.0,0.0,27.123287671232877,MPA,0,5,1,0,4,1,2,0,0,2,0,0,0,0,0,0
56,54,2,0,2,1,0,1,0,0,0,0,0,98,base,762,706,187,7.349081364829396,96.42857142857143,50.0,0.0,0.0,26.48725212464589,MPA,0,1,0,0,1,0,0,0,0,0,0,0,0,0,0,0
56,50,6,0,6,3,0,3,0,1,0,0,0,98,B,762,706,187,7.349081364829396,89.28571428571429,50.0,0.0,0.0,26.48725212464589,MPA,0,3,0,0,3,0,1,0,0,1,0,0,0,0,0,0
37,35,2,0,2,1,0,1,0,0,0,0,0,99,base,762,725,194,4.8556430446194225,94.5945945945946,50.0,0.0,0.0,26.75862068965517,MPA,0,1,0,0,1,0,0,0,0,0,0,0,0,0,0,0
37,32,5,0,5,2,0,3,1,1,0,0,0,99,B,762,725,194,4.8556430446194225,86.48648648648648,40.0,2.7027027027027026,20.0,26.75862068965517,MPA,0,2,0,0,2,0,1,0,0,1,0,0,0,0,0,0
34,30,4,0,4,2,0,1,0,0,0,0,0,100,base,762,728,191,4.4619422572178475,88.23529411764706,50.0,0.0,0.0,26.236263736263737,MPA,0,1,0,0,1,0,0,0,0,0,0,0,0,0,0,0
34,25,9,0,9,5,0,3,0,1,0,0,0,100,B,762,728,191,4.4619422572178475,73.52941176470588,55.55555555555556,0.0,0.0,26.236263736263737,MPA,0,2,0,0,2,0,1,0,0,1,0,0,0,0,0,0
46,43,3,0,3,2,0,2,1,0,0,0,0,101,base,762,716,191,6.036745406824147,93.47826086956522,66.66666666666667,2.1739130434782608,33.333333333333336,26.675977653631286,MPA,0,1,0,0,1,0,0,0,0,0,0,0,0,0,0,0
46,40,6,0,6,4,0,2,0,1,0,0,0,101,B,762,716,191,6.036745406824147,86.95652173913044,66.66666666666667,0.0,0.0,26.675977653631286,MPA,0,2,0,0,2,0,1,0,0,1,0,0,0,0,0,0
24,23,1,0,1,1,0,0,0,0,0,0,0,102,base,762,738,196,3.1496062992125986,95.83333333333333,100.0,0.0,0.0,26.558265582655828,MPA,0,0,0,0,0,0,0,0,0,0,0,0,0,0,0,0
24,21,3,0,3,1,0,1,0,0,0,0,0,102,B,762,738,196,3.1496062992125986,87.5,33.333333333333336,0.0,0.0,26.558265582655828,MPA,0,1,0,0,1,0,0,0,0,0,0,0,0,0,0,0
28,25,3,0,3,3,0,2,0,0,0,0,0,103,base,762,734,192,3.674540682414698,89.28571428571429,100.0,0.0,0.0,26.158038147138964,MPA,0,2,1,0,1,1,0,0,0,0,0,0,0,0,0,0
28,24,4,0,4,2,0,2,0,0,0,0,0,103,B,762,734,192,3.674540682414698,85.71428571428571,50.0,0.0,0.0,26.158038147138964,MPA,0,2,1,0,1,1,0,0,0,0,0,0,0,0,0,0
44,43,1,0,1,0,0,1,1,0,0,0,0,104,base,762,718,189,5.774278215223097,97.72727272727273,0.0,2.272727272727273,100.0,26.323119777158773,MPA,0,0,0,0,0,0,0,0,0,0,0,0,0,0,0,0
44,40,4,0,4,2,0,3,1,1,0,0,0,104,B,762,718,189,5.774278215223097,90.9090909090909,50.0,2.272727272727273,25.0,26.323119777158773,MPA,0,2,0,0,2,0,1,0,0,1,0,0,0,0,0,0
39,37,2,0,2,2,0,2,0,0,0,0,0,105,base,762,723,194,5.118110236220472,94.87179487179488,100.0,0.0,0.0,26.832641770401107,MPA,0,2,1,0,1,1,0,0,0,0,0,0,0,0,0,0
39,33,6,0,6,3,0,3,0,1,0,0,0,105,B,762,723,194,5.118110236220472,84.61538461538461,50.0,0.0,0.0,26.832641770401107,MPA,0,3,1,0,2,1,1,0,0,1,0,0,0,0,0,0
40,38,2,0,2,2,0,2,0,1,0,0,0,106,base,762,722,188,5.2493438320209975,95.0,100.0,0.0,0.0,26.0387811634349,MPA,0,2,0,0,2,0,1,0,0,1,0,0,0,0,0,0
40,35,5,0,5,5,0,5,0,3,0,0,0,106,B,762,722,188,5.2493438320209975,87.5,100.0,0.0,0.0,26.0387811634349,MPA,0,4,0,0,4,0,3,0,0,3,0,0,0,0,0,0
43,42,1,0,1,1,0,1,0,0,0,0,0,107,base,762,719,197,5.6430446194225725,97.67441860465117,100.0,0.0,0.0,27.399165507649514,MPA,0,2,1,0,1,1,0,0,0,0,0,0,0,0,0,0
43,41,2,0,2,2,0,2,0,1,0,0,0,107,B,762,719,197,5.6430446194225725,95.34883720930233,100.0,0.0,0.0,27.399165507649514,MPA,0,3,1,0,2,1,1,0,0,1,0,0,0,0,0,0
45,43,2,0,2,0,0,0,0,0,0,0,0,108,base,762,717,191,5.905511811023622,95.55555555555556,0.0,0.0,0.0,26.638772663877266,MPA,0,0,0,0,0,0,0,0,0,0,0,0,0,0,0,0
45,39,6,0,6,1,0,1,0,1,0,0,0,108,B,762,717,191,5.905511811023622,86.66666666666667,16.666666666666668,0.0,0.0,26.638772663877266,MPA,0,1,0,0,1,0,1,0,0,1,0,0,0,0,0,0
43,39,4,0,4,3,0,3,0,2,0,0,0,109,base,762,719,193,5.6430446194225725,90.69767441860465,75.0,0.0,0.0,26.842837273991655,MPA,0,2,0,0,2,0,2,0,0,2,0,0,0,0,0,0
43,33,10,0,10,7,0,7,1,2,0,0,0,109,B,762,719,193,5.6430446194225725,76.74418604651163,70.0,2.3255813953488373,10.0,26.842837273991655,MPA,0,3,0,0,3,0,2,0,0,2,0,0,0,0,0,0
41,41,0,0,0,0,0,0,0,0,0,0,0,110,base,762,721,190,5.380577427821522,100.0,,0.0,,26.352288488210817,MPA,0,0,0,0,0,0,0,0,0,0,0,0,0,0,0,0
41,38,3,0,3,1,0,1,0,1,0,0,0,110,B,762,721,190,5.380577427821522,92.6829268292683,33.333333333333336,0.0,0.0,26.352288488210817,MPA,0,1,0,0,1,0,1,0,0,1,0,0,0,0,0,0
38,38,0,0,0,0,0,0,0,0,0,0,0,111,base,762,724,196,4.986876640419948,100.0,,0.0,,27.07182320441989,MPA,0,0,0,0,0,0,0,0,0,0,0,0,0,0,0,0
38,35,3,0,3,3,0,2,0,1,0,0,0,111,B,762,724,196,4.986876640419948,92.10526315789474,100.0,0.0,0.0,27.07182320441989,MPA,0,2,0,0,2,0,1,0,0,1,0,0,0,0,0,0
34,34,0,0,0,0,0,0,0,0,0,0,0,112,base,762,728,194,4.4619422572178475,100.0,,0.0,,26.64835164835165,MPA,0,0,0,0,0,0,0,0,0,0,0,0,0,0,0,0
34,30,4,0,4,3,0,1,0,1,0,0,0,112,B,762,728,194,4.4619422572178475,88.23529411764706,75.0,0.0,0.0,26.64835164835165,MPA,0,1,0,0,1,0,1,0,0,1,0,0,0,0,0,0
35,35,0,0,0,0,0,0,0,0,0,0,0,113,base,762,727,198,4.593175853018373,100.0,,0.0,,27.235213204951858,MPA,0,0,0,0,0,0,0,0,0,0,0,0,0,0,0,0
35,35,0,0,0,0,0,0,0,0,0,0,0,113,B,762,727,198,4.593175853018373,100.0,,0.0,,27.235213204951858,MPA,0,0,0,0,0,0,0,0,0,0,0,0,0,0,0,0
47,45,2,0,2,2,0,2,0,1,0,0,0,114,base,762,715,191,6.167979002624672,95.74468085106383,100.0,0.0,0.0,26.713286713286713,MPA,0,2,0,0,2,0,1,0,0,1,0,0,0,0,0,0
47,44,3,0,3,2,0,3,1,1,0,0,0,114,B,762,715,191,6.167979002624672,93.61702127659575,66.66666666666667,2.127659574468085,33.333333333333336,26.713286713286713,MPA,0,2,0,0,2,0,1,0,0,1,0,0,0,0,0,0
40,36,4,0,4,2,0,2,0,2,0,0,0,115,base,762,722,188,5.2493438320209975,90.0,50.0,0.0,0.0,26.0387811634349,MPA,0,2,0,0,2,0,2,0,0,2,0,0,0,0,0,0
40,32,8,0,8,4,0,5,1,3,0,0,0,115,B,762,722,188,5.2493438320209975,80.0,50.0,2.5,12.5,26.0387811634349,MPA,0,4,1,1,4,0,3,0,0,3,0,0,0,0,0,0
40,34,6,0,6,5,0,4,0,2,0,0,0,116,base,762,722,195,5.2493438320209975,85.0,83.33333333333333,0.0,0.0,27.008310249307478,MPA,0,3,0,0,3,0,2,0,0,2,0,0,0,0,0,0
40,33,7,1,6,4,0,4,0,2,0,0,0,116,B,762,722,195,5.2493438320209975,82.5,66.66666666666667,0.0,0.0,27.008310249307478,MPA,0,3,0,0,3,0,2,0,0,2,0,0,0,0,0,0
36,33,3,0,3,2,0,1,0,1,0,0,0,117,base,762,726,196,4.724409448818897,91.66666666666667,66.66666666666667,0.0,0.0,26.99724517906336,MPA,0,1,0,0,1,0,1,0,0,1,0,0,0,0,0,0
36,29,7,1,6,3,0,2,0,1,0,0,0,117,B,762,726,196,4.724409448818897,80.55555555555556,50.0,0.0,0.0,26.99724517906336,MPA,0,1,0,0,1,0,1,0,0,1,0,0,0,0,0,0
35,34,1,0,1,0,0,0,0,0,0,0,0,118,base,762,727,194,4.593175853018373,97.14285714285714,0.0,0.0,0.0,26.68500687757909,MPA,0,0,0,0,0,0,0,0,0,0,0,0,0,0,0,0
35,25,10,1,9,6,0,4,0,4,0,0,0,118,B,762,727,194,4.593175853018373,71.42857142857143,66.66666666666667,0.0,0.0,26.68500687757909,MPA,0,4,0,0,4,0,4,0,0,4,0,0,0,0,0,0
33,30,3,0,3,3,0,3,0,2,0,0,0,119,base,762,729,195,4.330708661417323,90.9090909090909,100.0,0.0,0.0,26.74897119341564,MPA,0,3,0,0,3,0,2,0,0,2,0,0,0,0,0,0
33,28,5,0,5,4,0,4,0,2,0,0,0,119,B,762,729,195,4.330708661417323,84.84848484848484,80.0,0.0,0.0,26.74897119341564,MPA,0,4,0,0,4,0,2,0,0,2,0,0,0,0,0,0
35,34,1,0,1,1,0,1,0,0,0,0,0,120,base,762,727,194,4.593175853018373,97.14285714285714,100.0,0.0,0.0,26.68500687757909,MPA,0,0,0,0,0,0,0,0,0,0,0,0,0,0,0,0
35,32,3,0,3,3,0,2,0,1,0,0,0,120,B,762,727,194,4.593175853018373,91.42857142857143,100.0,0.0,0.0,26.68500687757909,MPA,0,1,0,0,1,0,1,0,0,1,0,0,0,0,0,0
35,33,2,0,2,2,0,2,0,0,0,0,0,121,base,762,727,194,4.593175853018373,94.28571428571429,100.0,0.0,0.0,26.68500687757909,MPA,0,1,0,0,1,0,0,0,0,0,0,0,0,0,0,0
35,27,8,0,8,5,0,4,0,1,0,0,0,121,B,762,727,194,4.593175853018373,77.14285714285714,62.5,0.0,0.0,26.68500687757909,MPA,0,2,0,0,2,0,1,0,0,1,0,0,0,0,0,0
33,31,2,0,2,2,0,1,0,1,0,0,0,122,base,762,729,195,4.330708661417323,93.93939393939394,100.0,0.0,0.0,26.74897119341564,MPA,0,1,0,0,1,0,1,0,0,1,0,0,0,0,0,0
33,26,7,0,7,6,0,3,0,2,0,0,0,122,B,762,729,195,4.330708661417323,78.78787878787878,85.71428571428571,0.0,0.0,26.74897119341564,MPA,0,3,0,0,3,0,2,0,0,2,0,0,0,0,0,0
46,43,3,0,3,1,0,2,1,1,0,0,0,123,base,762,716,194,6.036745406824147,93.47826086956522,33.333333333333336,2.1739130434782608,33.333333333333336,27.094972067039105,MPA,0,1,0,0,1,0,1,0,0,1,0,0,0,0,0,0
46,34,12,1,11,6,1,6,0,2,0,0,0,123,B,762,716,194,6.036745406824147,73.91304347826087,54.54545454545455,0.0,0.0,27.094972067039105,MPA,0,4,0,0,4,0,2,0,0,2,0,0,0,0,0,0
29,28,1,0,1,0,0,0,0,0,0,0,0,124,base,762,733,194,3.8057742782152233,96.55172413793103,0.0,0.0,0.0,26.46657571623465,MPA,0,2,2,0,0,2,0,0,0,0,0,0,0,0,0,0
29,24,5,0,5,3,0,2,0,0,0,0,0,124,B,762,733,194,3.8057742782152233,82.75862068965517,60.0,0.0,0.0,26.46657571623465,MPA,0,3,2,0,1,2,0,0,0,0,0,0,0,0,0,0
54,52,2,0,2,2,0,2,0,0,0,0,0,125,base,762,708,187,7.086614173228346,96.29629629629629,100.0,0.0,0.0,26.412429378531073,MPA,0,2,0,0,2,0,0,0,0,0,0,0,0,0,0,0
54,52,2,0,2,2,0,1,0,0,0,0,0,125,B,762,708,187,7.086614173228346,96.29629629629629,100.0,0.0,0.0,26.412429378531073,MPA,0,1,0,0,1,0,0,0,0,0,0,0,0,0,0,0
53,49,4,0,4,3,0,2,0,0,0,0,0,126,base,762,709,186,6.955380577427822,92.45283018867924,75.0,0.0,0.0,26.23413258110014,MPA,0,2,0,0,2,0,0,0,0,0,0,0,0,0,0,0
53,46,7,1,6,5,0,3,0,1,0,0,0,126,B,762,709,186,6.955380577427822,86.79245283018868,83.33333333333333,0.0,0.0,26.23413258110014,MPA,0,3,0,0,3,0,1,0,0,1,0,0,0,0,0,0
45,43,2,0,2,2,0,0,0,0,0,0,0,127,base,762,717,188,5.905511811023622,95.55555555555556,100.0,0.0,0.0,26.220362622036262,MPA,0,1,1,0,0,1,0,0,0,0,0,0,0,0,0,0
45,37,8,0,8,5,0,2,0,0,0,0,0,127,B,762,717,188,5.905511811023622,82.22222222222223,62.5,0.0,0.0,26.220362622036262,MPA,0,3,1,0,2,1,0,0,0,0,0,0,0,0,0,0
40,40,0,0,0,0,0,0,0,0,0,0,0,128,base,762,722,192,5.2493438320209975,100.0,,0.0,,26.592797783933516,MPA,0,0,0,0,0,0,0,0,0,0,0,0,0,0,0,0
40,36,4,0,4,3,0,4,1,2,0,0,0,128,B,762,722,192,5.2493438320209975,90.0,75.0,2.5,25.0,26.592797783933516,MPA,0,3,1,1,3,0,2,0,0,2,0,0,0,0,0,0
35,33,2,0,2,2,0,2,0,1,0,0,0,129,base,762,727,195,4.593175853018373,94.28571428571429,100.0,0.0,0.0,26.822558459422282,MPA,0,1,0,0,1,0,1,0,0,1,0,0,0,0,0,0
35,29,6,0,6,4,0,4,0,1,0,0,0,129,B,762,727,195,4.593175853018373,82.85714285714286,66.66666666666667,0.0,0.0,26.822558459422282,MPA,0,1,0,0,1,0,1,0,0,1,0,0,0,0,0,0
29,28,1,0,1,1,0,1,0,0,0,0,0,130,base,762,733,194,3.8057742782152233,96.55172413793103,100.0,0.0,0.0,26.46657571623465,MPA,0,2,1,0,1,1,0,0,0,0,0,0,0,0,0,0
29,26,3,0,3,2,0,1,0,0,0,0,0,130,B,762,733,194,3.8057742782152233,89.65517241379311,66.66666666666667,0.0,0.0,26.46657571623465,MPA,0,2,1,0,1,1,0,0,0,0,0,0,0,0,0,0
54,52,2,0,2,2,0,0,0,0,0,0,0,131,base,762,708,188,7.086614173228346,96.29629629629629,100.0,0.0,0.0,26.55367231638418,MPA,0,0,0,0,0,0,0,0,0,0,0,0,0,0,0,0
54,47,7,0,7,6,0,3,0,2,0,0,0,131,B,762,708,188,7.086614173228346,87.03703703703704,85.71428571428571,0.0,0.0,26.55367231638418,MPA,0,2,0,0,2,0,2,0,0,2,0,0,0,0,0,0
37,35,2,0,2,0,0,0,0,0,0,0,0,132,base,762,725,196,4.8556430446194225,94.5945945945946,0.0,0.0,0.0,27.03448275862069,MPA,0,0,0,0,0,0,0,0,0,0,0,0,0,0,0,0
37,28,9,0,9,6,0,5,0,3,0,0,0,132,B,762,725,196,4.8556430446194225,75.67567567567568,66.66666666666667,0.0,0.0,27.03448275862069,MPA,0,5,0,0,5,0,3,0,0,3,0,0,0,0,0,0
45,40,5,0,5,4,0,1,0,1,0,0,0,133,base,762,717,196,5.905511811023622,88.88888888888889,80.0,0.0,0.0,27.336122733612275,MPA,0,1,0,0,1,0,1,0,0,1,0,0,0,0,0,0
45,37,8,0,8,5,0,3,0,2,0,0,0,133,B,762,717,196,5.905511811023622,82.22222222222223,62.5,0.0,0.0,27.336122733612275,MPA,0,3,0,0,3,0,2,0,0,2,0,0,0,0,0,0
34,33,1,0,1,0,0,0,0,0,0,0,0,134,base,762,728,196,4.4619422572178475,97.05882352941177,0.0,0.0,0.0,26.923076923076923,MPA,0,0,0,0,0,0,0,0,0,0,0,0,0,0,0,0
34,31,3,0,3,1,0,1,0,0,0,0,0,134,B,762,728,196,4.4619422572178475,91.17647058823529,33.333333333333336,0.0,0.0,26.923076923076923,MPA,0,1,0,0,1,0,0,0,0,0,0,0,0,0,0,0
38,38,0,0,0,0,0,0,0,0,0,0,0,135,base,762,724,195,4.986876640419948,100.0,,0.0,,26.933701657458563,MPA,0,0,0,0,0,0,0,0,0,0,0,0,0,0,0,0
38,33,5,0,5,3,0,2,0,0,0,0,0,135,B,762,724,195,4.986876640419948,86.84210526315789,60.0,0.0,0.0,26.933701657458563,MPA,0,1,0,0,1,0,0,0,0,0,0,0,0,0,0,0
37,37,0,0,0,0,0,0,0,0,0,0,0,136,base,762,725,193,4.8556430446194225,100.0,,0.0,,26.620689655172413,MPA,0,0,0,0,0,0,0,0,0,0,0,0,0,0,0,0
37,36,1,0,1,1,0,1,0,0,0,0,0,136,B,762,725,193,4.8556430446194225,97.29729729729729,100.0,0.0,0.0,26.620689655172413,MPA,0,0,0,0,0,0,0,0,0,0,0,0,0,0,0,0
36,34,2,0,2,1,0,0,0,0,0,0,0,137,base,762,726,190,4.724409448818897,94.44444444444444,50.0,0.0,0.0,26.170798898071624,MPA,0,0,0,0,0,0,0,0,0,0,0,0,0,0,0,0
36,30,6,0,6,1,0,1,1,0,0,0,0,137,B,762,726,190,4.724409448818897,83.33333333333333,16.666666666666668,2.7777777777777777,16.666666666666668,26.170798898071624,MPA,0,0,0,0,0,0,0,0,0,0,0,0,0,0,0,0
29,26,3,0,3,3,0,2,0,2,0,0,0,138,base,762,733,191,3.8057742782152233,89.65517241379311,100.0,0.0,0.0,26.05729877216917,MPA,0,3,1,0,2,1,2,0,0,2,0,0,0,0,0,0
29,24,5,0,5,3,0,4,1,3,0,0,0,138,B,762,733,191,3.8057742782152233,82.75862068965517,60.0,3.4482758620689653,20.0,26.05729877216917,MPA,0,4,1,0,3,1,3,0,0,3,0,0,0,0,0,0
32,31,1,0,1,1,0,0,0,0,0,0,0,139,base,762,730,192,4.199475065616798,96.875,100.0,0.0,0.0,26.301369863013697,MPA,0,0,0,0,0,0,0,0,0,0,0,0,0,0,0,0
32,30,2,0,2,1,0,1,1,0,0,0,0,139,B,762,730,192,4.199475065616798,93.75,50.0,3.125,50.0,26.301369863013697,MPA,0,0,0,0,0,0,0,0,0,0,0,0,0,0,0,0
48,42,6,0,6,4,0,4,1,1,0,0,0,140,base,762,714,193,6.299212598425197,87.5,66.66666666666667,2.0833333333333335,16.666666666666668,27.030812324929972,MPA,0,2,1,1,2,0,1,0,0,1,0,0,0,0,0,0
48,37,11,0,11,6,0,6,1,2,0,0,0,140,B,762,714,193,6.299212598425197,77.08333333333333,54.54545454545455,2.0833333333333335,9.090909090909092,27.030812324929972,MPA,0,3,1,1,3,0,2,0,0,2,0,0,0,0,0,0
33,31,2,0,2,1,0,0,0,0,0,0,0,141,base,762,729,197,4.330708661417323,93.93939393939394,50.0,0.0,0.0,27.023319615912207,MPA,0,1,1,0,0,1,0,0,0,0,0,0,0,0,0,0
33,26,7,0,7,3,0,2,0,0,0,0,0,141,B,762,729,197,4.330708661417323,78.78787878787878,42.857142857142854,0.0,0.0,27.023319615912207,MPA,0,3,1,0,2,1,0,0,0,0,0,0,0,0,0,0
62,60,2,0,2,2,0,2,0,0,0,0,0,42,base,1160,1098,217,5.344827586206897,96.7741935483871,100.0,0.0,0.0,19.7632058287796,NEZ,0,3,1,0,2,1,0,0,0,0,0,0,0,0,0,0
62,51,11,1,10,6,0,5,1,2,0,0,0,42,B,1160,1098,217,5.344827586206897,82.25806451612904,60.0,1.6129032258064515,9.090909090909092,19.7632058287796,NEZ,0,6,1,1,5,1,2,0,0,2,0,0,0,0,0,0
72,70,2,0,2,1,0,1,0,0,0,0,0,43,base,1160,1088,209,6.206896551724138,97.22222222222223,50.0,0.0,0.0,19.209558823529413,NEZ,0,1,0,0,1,0,0,0,0,0,0,0,0,0,0,0
72,61,11,1,10,6,1,6,0,1,0,0,0,43,B,1160,1088,209,6.206896551724138,84.72222222222223,60.0,0.0,0.0,19.209558823529413,NEZ,0,4,0,0,4,0,1,0,0,1,0,0,0,0,0,0
42,40,2,0,2,2,0,2,0,0,0,0,0,44,base,1160,1118,215,3.6206896551724137,95.23809523809524,100.0,0.0,0.0,19.23076923076923,NEZ,0,3,1,0,2,1,0,0,0,0,0,0,0,0,0,0
42,34,8,1,7,5,0,5,0,1,0,0,0,44,B,1160,1118,215,3.6206896551724137,80.95238095238095,71.42857142857143,0.0,0.0,19.23076923076923,NEZ,0,6,1,0,5,1,1,0,0,1,0,0,0,0,0,0
70,64,6,0,6,4,0,5,1,1,0,0,0,45,base,1160,1090,213,6.0344827586206895,91.42857142857143,66.66666666666667,1.4285714285714286,16.666666666666668,19.541284403669724,NEZ,0,4,1,0,3,1,1,0,0,1,0,0,0,0,0,0
70,59,11,1,10,6,0,5,1,1,0,0,0,45,B,1160,1090,213,6.0344827586206895,84.28571428571429,60.0,1.4285714285714286,9.090909090909092,19.541284403669724,NEZ,0,4,1,0,3,1,1,0,0,1,0,0,0,0,0,0
60,58,2,0,2,1,0,1,0,0,0,0,0,46,base,1160,1100,213,5.172413793103448,96.66666666666667,50.0,0.0,0.0,19.363636363636363,NEZ,0,1,0,0,1,0,0,0,0,0,0,0,0,0,0,0
60,52,8,0,8,5,0,4,0,1,0,0,0,46,B,1160,1100,213,5.172413793103448,86.66666666666667,62.5,0.0,0.0,19.363636363636363,NEZ,0,3,0,0,3,0,1,0,0,1,0,0,0,0,0,0
64,62,2,0,2,1,0,0,0,0,0,0,0,47,base,1160,1096,214,5.517241379310345,96.875,50.0,0.0,0.0,19.525547445255473,NEZ,0,0,0,0,0,0,0,0,0,0,0,0,0,0,0,0
64,56,8,0,8,5,0,4,0,2,0,0,0,47,B,1160,1096,214,5.517241379310345,87.5,62.5,0.0,0.0,19.525547445255473,NEZ,0,4,0,0,4,0,2,0,0,2,0,0,0,0,0,0
55,53,2,0,2,2,0,2,0,0,0,0,0,48,base,1160,1105,212,4.741379310344827,96.36363636363636,100.0,0.0,0.0,19.18552036199095,NEZ,0,1,0,0,1,0,0,0,0,0,0,0,0,0,0,0
55,49,6,0,6,5,0,2,0,0,0,0,0,48,B,1160,1105,212,4.741379310344827,89.0909090909091,83.33333333333333,0.0,0.0,19.18552036199095,NEZ,0,1,0,0,1,0,0,0,0,0,0,0,0,0,0,0
51,47,4,0,4,3,0,2,0,0,0,0,0,49,base,1160,1109,211,4.396551724137931,92.15686274509804,75.0,0.0,0.0,19.026149684400362,NEZ,0,1,0,0,1,0,0,0,0,0,0,0,0,0,0,0
51,45,6,0,6,4,0,3,0,0,0,0,0,49,B,1160,1109,211,4.396551724137931,88.23529411764706,66.66666666666667,0.0,0.0,19.026149684400362,NEZ,0,2,0,0,2,0,0,0,0,0,0,0,0,0,0,0
64,60,4,0,4,2,0,1,0,0,0,0,0,50,base,1160,1096,211,5.517241379310345,93.75,50.0,0.0,0.0,19.251824817518248,NEZ,0,1,0,0,1,0,0,0,0,0,0,0,0,0,0,0
64,57,7,0,7,4,0,3,0,1,0,0,0,50,B,1160,1096,211,5.517241379310345,89.0625,57.142857142857146,0.0,0.0,19.251824817518248,NEZ,0,2,0,0,2,0,1,0,0,1,0,0,0,0,0,0
50,49,1,0,1,0,0,0,0,0,0,0,0,51,base,1160,1110,213,4.310344827586207,98.0,0.0,0.0,0.0,19.18918918918919,NEZ,0,1,1,0,0,1,0,0,0,0,0,0,0,0,0,0
50,44,6,0,6,4,0,2,0,1,0,0,0,51,B,1160,1110,213,4.310344827586207,88.0,66.66666666666667,0.0,0.0,19.18918918918919,NEZ,0,3,1,0,2,1,1,0,0,1,0,0,0,0,0,0
57,54,3,0,3,2,0,1,0,0,0,0,0,52,base,1160,1103,217,4.913793103448276,94.73684210526316,66.66666666666667,0.0,0.0,19.673617407071625,NEZ,0,1,0,0,1,0,0,0,0,0,0,0,0,0,0,0
57,50,7,0,7,4,0,3,1,0,0,0,0,52,B,1160,1103,217,4.913793103448276,87.71929824561404,57.142857142857146,1.7543859649122806,14.285714285714286,19.673617407071625,NEZ,0,0,0,0,0,0,0,0,0,0,0,0,0,0,0,0
60,59,1,0,1,0,0,0,0,0,0,0,0,53,base,1160,1100,210,5.172413793103448,98.33333333333333,0.0,0.0,0.0,19.09090909090909,NEZ,0,0,0,0,0,0,0,0,0,0,0,0,0,0,0,0
60,57,3,0,3,0,0,0,0,0,0,0,0,53,B,1160,1100,210,5.172413793103448,95.0,0.0,0.0,0.0,19.09090909090909,NEZ,0,0,0,0,0,0,0,0,0,0,0,0,0,0,0,0
55,54,1,0,1,0,0,0,0,0,0,0,0,54,base,1160,1105,214,4.741379310344827,98.18181818181819,0.0,0.0,0.0,19.36651583710407,NEZ,0,0,0,0,0,0,0,0,0,0,0,0,0,0,0,0
55,44,11,0,11,7,0,5,1,2,0,0,0,54,B,1160,1105,214,4.741379310344827,80.0,63.63636363636363,1.8181818181818181,9.090909090909092,19.36651583710407,NEZ,0,2,0,0,2,0,2,0,0,2,0,0,0,0,0,0
64,62,2,0,2,2,0,0,0,0,0,0,0,55,base,1160,1096,215,5.517241379310345,96.875,100.0,0.0,0.0,19.616788321167885,NEZ,0,0,0,0,0,0,0,0,0,0,0,0,0,0,0,0
64,49,15,1,14,12,0,5,0,2,0,0,0,55,B,1160,1096,215,5.517241379310345,76.5625,85.71428571428571,0.0,0.0,19.616788321167885,NEZ,0,3,0,0,3,0,2,0,0,2,0,0,0,0,0,0
65,63,2,0,2,2,0,1,0,1,0,0,0,56,base,1160,1095,214,5.603448275862069,96.92307692307692,100.0,0.0,0.0,19.54337899543379,NEZ,0,1,0,0,1,0,1,0,0,1,0,0,0,0,0,0
65,61,4,0,4,2,0,1,0,1,0,0,0,56,B,1160,1095,214,5.603448275862069,93.84615384615384,50.0,0.0,0.0,19.54337899543379,NEZ,0,1,0,0,1,0,1,0,0,1,0,0,0,0,0,0
46,46,0,0,0,0,0,0,0,0,0,0,0,57,base,1160,1114,216,3.9655172413793105,100.0,,0.0,,19.389587073608617,NEZ,0,0,0,0,0,0,0,0,0,0,0,0,0,0,0,0
46,46,0,0,0,0,0,0,0,0,0,0,0,57,B,1160,1114,216,3.9655172413793105,100.0,,0.0,,19.389587073608617,NEZ,0,0,0,0,0,0,0,0,0,0,0,0,0,0,0,0
53,45,8,0,8,4,0,4,1,0,0,0,0,58,base,1160,1107,208,4.568965517241379,84.90566037735849,50.0,1.8867924528301887,12.5,18.78952122854562,NEZ,0,3,1,0,2,1,0,0,0,0,0,0,0,0,0,0
53,40,13,0,13,7,0,5,1,1,0,0,0,58,B,1160,1107,208,4.568965517241379,75.47169811320755,53.84615384615385,1.8867924528301887,7.6923076923076925,18.78952122854562,NEZ,0,4,0,0,3,1,1,0,0,1,0,0,0,0,0,0
61,61,0,0,0,0,0,0,0,0,0,0,0,59,base,1160,1099,210,5.258620689655173,100.0,,0.0,,19.10828025477707,NEZ,0,0,0,0,0,0,0,0,0,0,0,0,0,0,0,0
61,55,6,0,6,5,0,2,0,0,0,0,0,59,B,1160,1099,210,5.258620689655173,90.1639344262295,83.33333333333333,0.0,0.0,19.10828025477707,NEZ,0,2,0,0,2,0,0,0,0,0,0,0,0,0,0,0
65,63,2,0,2,2,0,0,0,0,0,0,0,60,base,1160,1095,212,5.603448275862069,96.92307692307692,100.0,0.0,0.0,19.360730593607308,NEZ,0,0,0,0,0,0,0,0,0,0,0,0,0,0,0,0
65,58,7,0,7,4,0,5,1,2,0,0,0,60,B,1160,1095,212,5.603448275862069,89.23076923076923,57.142857142857146,1.5384615384615385,14.285714285714286,19.360730593607308,NEZ,0,4,1,1,4,0,2,0,0,2,0,0,0,0,0,0
75,73,2,0,2,2,0,2,0,0,0,0,0,61,base,1160,1085,211,6.4655172413793105,97.33333333333333,100.0,0.0,0.0,19.447004608294932,NEZ,0,2,0,0,2,0,0,0,0,0,0,0,0,0,0,0
75,66,9,0,9,6,0,3,0,0,0,0,0,61,B,1160,1085,211,6.4655172413793105,88.0,66.66666666666667,0.0,0.0,19.447004608294932,NEZ,0,2,0,0,2,0,0,0,0,0,0,0,0,0,0,0
55,54,1,0,1,1,0,1,0,0,0,0,0,62,base,1160,1105,214,4.741379310344827,98.18181818181819,100.0,0.0,0.0,19.36651583710407,NEZ,0,1,0,0,1,0,0,0,0,0,0,0,0,0,0,0
55,50,5,1,4,4,1,3,0,1,0,0,0,62,B,1160,1105,214,4.741379310344827,90.9090909090909,100.0,0.0,0.0,19.36651583710407,NEZ,0,2,0,0,2,0,1,0,0,1,0,0,0,0,0,0
58,56,2,0,2,2,0,2,0,1,0,0,0,63,base,1160,1102,211,5.0,96.55172413793103,100.0,0.0,0.0,19.147005444646098,NEZ,0,2,1,0,1,1,1,0,0,1,0,0,0,0,0,0
58,48,10,0,10,9,0,6,0,2,0,0,0,63,B,1160,1102,211,5.0,82.75862068965517,90.0,0.0,0.0,19.147005444646098,NEZ,0,4,1,0,3,1,2,0,0,2,0,0,0,0,0,0
61,58,3,0,3,2,0,0,0,0,0,0,0,64,base,1160,1099,211,5.258620689655173,95.08196721311475,66.66666666666667,0.0,0.0,19.199272065514105,NEZ,0,0,0,0,0,0,0,0,0,0,0,0,0,0,0,0
61,55,6,0,6,4,0,1,0,0,0,0,0,64,B,1160,1099,211,5.258620689655173,90.1639344262295,66.66666666666667,0.0,0.0,19.199272065514105,NEZ,0,1,0,0,1,0,0,0,0,0,0,0,0,0,0,0
58,55,3,0,3,2,0,2,0,0,0,0,0,65,base,1160,1102,216,5.0,94.82758620689656,66.66666666666667,0.0,0.0,19.600725952813068,NEZ,0,1,1,0,0,1,0,0,0,0,0,0,0,0,0,0
58,49,9,0,9,5,0,2,0,0,0,0,0,65,B,1160,1102,216,5.0,84.48275862068965,55.55555555555556,0.0,0.0,19.600725952813068,NEZ,0,0,0,0,0,0,0,0,0,0,0,0,0,0,0,0
61,59,2,0,2,1,0,1,0,1,0,0,0,66,base,1160,1099,213,5.258620689655173,96.72131147540983,50.0,0.0,0.0,19.381255686988172,NEZ,0,1,0,0,1,0,1,0,0,1,0,0,0,0,0,0
61,54,7,0,7,3,0,2,0,1,0,0,0,66,B,1160,1099,213,5.258620689655173,88.52459016393442,42.857142857142854,0.0,0.0,19.381255686988172,NEZ,0,2,0,0,2,0,1,0,0,1,0,0,0,0,0,0
72,68,4,0,4,4,0,2,0,0,0,0,0,67,base,1160,1088,208,6.206896551724138,94.44444444444444,100.0,0.0,0.0,19.11764705882353,NEZ,0,1,0,0,1,0,0,0,0,0,0,0,0,0,0,0
72,60,12,0,12,11,0,6,0,0,0,0,0,67,B,1160,1088,208,6.206896551724138,83.33333333333333,91.66666666666667,0.0,0.0,19.11764705882353,NEZ,0,4,0,0,4,0,0,0,0,0,0,0,0,0,0,0
58,55,3,0,3,3,0,2,0,1,0,0,0,68,base,1160,1102,208,5.0,94.82758620689656,100.0,0.0,0.0,18.874773139745916,NEZ,0,1,0,0,1,0,1,0,0,1,0,0,0,0,0,0
58,51,7,0,7,6,0,5,0,1,0,0,0,68,B,1160,1102,208,5.0,87.93103448275862,85.71428571428571,0.0,0.0,18.874773139745916,NEZ,0,2,0,0,2,0,1,0,0,1,0,0,0,0,0,0
56,49,7,0,7,5,0,3,0,0,0,0,0,69,base,1160,1104,214,4.827586206896552,87.5,71.42857142857143,0.0,0.0,19.384057971014492,NEZ,0,2,1,0,1,1,0,0,0,0,0,0,0,0,0,0
56,45,11,0,11,6,0,4,0,0,0,0,0,69,B,1160,1104,214,4.827586206896552,80.35714285714286,54.54545454545455,0.0,0.0,19.384057971014492,NEZ,0,2,0,0,2,0,0,0,0,0,0,0,0,0,0,0
58,54,4,0,4,3,0,3,0,0,0,0,0,70,base,1160,1102,214,5.0,93.10344827586206,75.0,0.0,0.0,19.41923774954628,NEZ,0,2,0,0,2,0,0,0,0,0,0,0,0,0,0,0
58,50,8,0,8,5,0,5,0,2,0,0,0,70,B,1160,1102,214,5.0,86.20689655172414,62.5,0.0,0.0,19.41923774954628,NEZ,0,4,0,0,4,0,2,0,0,2,0,0,0,0,0,0
45,45,0,0,0,0,0,0,0,0,0,0,0,71,base,1160,1115,219,3.8793103448275863,100.0,,0.0,,19.641255605381165,NEZ,0,0,0,0,0,0,0,0,0,0,0,0,0,0,0,0
45,41,4,0,4,2,0,2,0,1,0,0,0,71,B,1160,1115,219,3.8793103448275863,91.11111111111111,50.0,0.0,0.0,19.641255605381165,NEZ,0,1,0,0,1,0,1,0,0,1,0,0,0,0,0,0
52,49,3,0,3,1,0,1,0,0,0,0,0,72,base,1160,1108,214,4.482758620689655,94.23076923076923,33.333333333333336,0.0,0.0,19.314079422382672,NEZ,0,1,0,0,1,0,0,0,0,0,0,0,0,0,0,0
52,45,7,0,7,3,0,3,0,2,0,0,0,72,B,1160,1108,214,4.482758620689655,86.53846153846153,42.857142857142854,0.0,0.0,19.314079422382672,NEZ,0,3,0,0,3,0,2,0,0,2,0,0,0,0,0,0
53,52,1,0,1,1,0,0,0,0,0,0,0,73,base,1160,1107,214,4.568965517241379,98.11320754716981,100.0,0.0,0.0,19.33152664859982,NEZ,0,0,0,0,0,0,0,0,0,0,0,0,0,0,0,0
53,49,4,0,4,2,0,1,0,0,0,0,0,73,B,1160,1107,214,4.568965517241379,92.45283018867924,50.0,0.0,0.0,19.33152664859982,NEZ,0,1,0,0,1,0,0,0,0,0,0,0,0,0,0,0
64,61,3,0,3,1,0,1,0,0,0,0,0,74,base,1160,1096,215,5.517241379310345,95.3125,33.333333333333336,0.0,0.0,19.616788321167885,NEZ,0,0,0,0,0,0,0,0,0,0,0,0,0,0,0,0
64,56,8,0,8,2,0,2,1,0,0,0,0,74,B,1160,1096,215,5.517241379310345,87.5,25.0,1.5625,12.5,19.616788321167885,NEZ,0,1,0,0,1,0,0,0,0,0,0,0,0,0,0,0
58,56,2,0,2,0,0,0,0,0,0,0,0,75,base,1160,1102,216,5.0,96.55172413793103,0.0,0.0,0.0,19.600725952813068,NEZ,0,1,1,0,0,1,0,0,0,0,0,0,0,0,0,0
58,52,6,0,6,2,0,1,0,1,0,0,0,75,B,1160,1102,216,5.0,89.65517241379311,33.333333333333336,0.0,0.0,19.600725952813068,NEZ,0,2,1,0,1,1,1,0,0,1,0,0,0,0,0,0
49,47,2,0,2,1,0,0,0,0,0,0,0,76,base,1160,1111,218,4.224137931034483,95.91836734693878,50.0,0.0,0.0,19.621962196219624,NEZ,0,0,0,0,0,0,0,0,0,0,0,0,0,0,0,0
49,43,6,0,6,4,0,2,0,0,0,0,0,76,B,1160,1111,218,4.224137931034483,87.75510204081633,66.66666666666667,0.0,0.0,19.621962196219624,NEZ,0,2,0,0,2,0,0,0,0,0,0,0,0,0,0,0
55,54,1,0,1,1,0,1,0,0,0,0,0,77,base,1160,1105,213,4.741379310344827,98.18181818181819,100.0,0.0,0.0,19.27601809954751,NEZ,0,1,0,0,1,0,0,0,0,0,0,0,0,0,0,0
55,47,8,0,8,8,0,7,0,3,0,0,0,77,B,1160,1105,213,4.741379310344827,85.45454545454545,100.0,0.0,0.0,19.27601809954751,NEZ,0,3,0,0,3,0,2,0,0,2,0,0,0,0,0,0
47,46,1,0,1,0,0,0,0,0,0,0,0,78,base,1160,1113,218,4.051724137931035,97.87234042553192,0.0,0.0,0.0,19.58670260557053,NEZ,0,1,1,0,0,1,0,0,0,0,0,0,0,0,0,0
47,38,9,0,9,4,0,3,0,3,0,0,0,78,B,1160,1113,218,4.051724137931035,80.85106382978724,44.44444444444444,0.0,0.0,19.58670260557053,NEZ,0,4,1,0,3,1,3,0,0,3,0,0,0,0,0,0
59,54,5,0,5,3,0,5,2,3,0,0,0,79,base,1160,1101,217,5.086206896551724,91.52542372881356,60.0,3.389830508474576,40.0,19.709355131698455,NEZ,0,4,1,1,4,0,3,0,0,3,0,0,0,0,0,0
59,49,10,0,10,7,0,8,2,3,0,0,0,79,B,1160,1101,217,5.086206896551724,83.05084745762711,70.0,3.389830508474576,20.0,19.709355131698455,NEZ,0,6,0,0,6,0,3,0,0,3,0,0,0,0,0,0
64,61,3,0,3,3,0,3,0,0,0,0,0,80,base,1160,1096,211,5.517241379310345,95.3125,100.0,0.0,0.0,19.251824817518248,NEZ,0,1,0,0,1,0,0,0,0,0,0,0,0,0,0,0
64,58,6,0,6,6,0,5,0,1,0,0,0,80,B,1160,1096,211,5.517241379310345,90.625,100.0,0.0,0.0,19.251824817518248,NEZ,0,2,0,0,2,0,1,0,0,1,0,0,0,0,0,0
36,34,2,0,2,2,0,1,0,1,0,0,0,81,base,1160,1124,219,3.103448275862069,94.44444444444444,100.0,0.0,0.0,19.483985765124554,NEZ,0,1,0,0,1,0,1,0,0,1,0,0,0,0,0,0
36,32,4,0,4,4,0,2,0,2,0,0,0,81,B,1160,1124,219,3.103448275862069,88.88888888888889,100.0,0.0,0.0,19.483985765124554,NEZ,0,2,0,0,2,0,2,0,0,2,0,0,0,0,0,0
58,55,3,0,3,2,0,2,0,0,0,0,0,82,base,1160,1102,216,5.0,94.82758620689656,66.66666666666667,0.0,0.0,19.600725952813068,NEZ,0,3,2,0,1,2,0,0,0,0,0,0,0,0,0,0
58,48,10,0,10,9,0,6,0,2,0,0,0,82,B,1160,1102,216,5.0,82.75862068965517,90.0,0.0,0.0,19.600725952813068,NEZ,0,4,0,0,3,1,2,0,0,2,0,0,0,0,0,0
69,61,8,0,8,2,0,2,0,0,0,0,0,83,base,1160,1091,210,5.948275862068965,88.40579710144928,25.0,0.0,0.0,19.24839596700275,NEZ,0,0,0,0,0,0,0,0,0,0,0,0,0,0,0,0
69,54,15,0,15,9,0,7,0,4,0,0,0,83,B,1160,1091,210,5.948275862068965,78.26086956521739,60.0,0.0,0.0,19.24839596700275,NEZ,0,5,0,0,5,0,4,0,0,4,0,0,0,0,0,0
54,52,2,0,2,1,0,0,0,0,0,0,0,84,base,1160,1106,216,4.655172413793103,96.29629629629629,50.0,0.0,0.0,19.529837251356238,NEZ,0,0,0,0,0,0,0,0,0,0,0,0,0,0,0,0
54,48,6,0,6,4,0,3,1,0,0,0,0,84,B,1160,1106,216,4.655172413793103,88.88888888888889,66.66666666666667,1.8518518518518519,16.666666666666668,19.529837251356238,NEZ,0,3,1,1,3,0,0,0,0,0,0,0,0,0,0,0
51,50,1,0,1,1,0,1,0,0,0,0,0,85,base,1160,1109,217,4.396551724137931,98.03921568627452,100.0,0.0,0.0,19.56717763751127,NEZ,0,1,0,0,1,0,0,0,0,0,0,0,0,0,0,0
51,46,5,0,5,3,0,2,1,0,0,0,0,85,B,1160,1109,217,4.396551724137931,90.19607843137256,60.0,1.9607843137254901,20.0,19.56717763751127,NEZ,0,1,0,0,1,0,0,0,0,0,0,0,0,0,0,0
62,59,3,0,3,0,0,0,0,0,0,0,0,86,base,1160,1098,215,5.344827586206897,95.16129032258064,0.0,0.0,0.0,19.581056466302368,NEZ,0,0,0,0,0,0,0,0,0,0,0,0,0,0,0,0
62,56,6,0,6,2,0,2,0,1,0,0,0,86,B,1160,1098,215,5.344827586206897,90.3225806451613,33.333333333333336,0.0,0.0,19.581056466302368,NEZ,0,2,0,0,2,0,1,0,0,1,0,0,0,0,0,0
55,55,0,0,0,0,0,0,0,0,0,0,0,87,base,1160,1105,214,4.741379310344827,100.0,,0.0,,19.36651583710407,NEZ,0,0,0,0,0,0,0,0,0,0,0,0,0,0,0,0
55,49,6,0,6,3,0,2,0,0,0,0,0,87,B,1160,1105,214,4.741379310344827,89.0909090909091,50.0,0.0,0.0,19.36651583710407,NEZ,0,1,0,0,1,0,0,0,0,0,0,0,0,0,0,0
55,53,2,0,2,1,0,1,0,1,0,0,0,88,base,1160,1105,211,4.741379310344827,96.36363636363636,50.0,0.0,0.0,19.09502262443439,NEZ,0,1,0,0,1,0,1,0,0,1,0,0,0,0,0,0
55,47,8,0,8,6,0,3,0,3,0,0,0,88,B,1160,1105,211,4.741379310344827,85.45454545454545,75.0,0.0,0.0,19.09502262443439,NEZ,0,3,0,0,3,0,3,0,0,3,0,0,0,0,0,0
45,40,5,0,5,5,0,5,0,5,0,0,0,89,base,1160,1115,214,3.8793103448275863,88.88888888888889,100.0,0.0,0.0,19.192825112107624,NEZ,0,5,0,0,5,0,5,0,0,5,0,0,0,0,0,0
45,32,13,0,13,11,0,11,0,9,0,0,0,89,B,1160,1115,214,3.8793103448275863,71.11111111111111,84.61538461538461,0.0,0.0,19.192825112107624,NEZ,0,10,0,0,10,0,8,0,0,8,0,0,0,0,0,0
54,51,3,0,3,3,0,1,0,1,0,0,0,90,base,1160,1106,213,4.655172413793103,94.44444444444444,100.0,0.0,0.0,19.258589511754067,NEZ,0,1,0,0,1,0,1,0,0,1,0,0,0,0,0,0
54,48,6,0,6,3,0,1,0,1,0,0,0,90,B,1160,1106,213,4.655172413793103,88.88888888888889,50.0,0.0,0.0,19.258589511754067,NEZ,0,1,0,0,1,0,1,0,0,1,0,0,0,0,0,0
59,57,2,0,2,2,0,1,0,1,0,0,0,91,base,1160,1101,216,5.086206896551724,96.61016949152543,100.0,0.0,0.0,19.618528610354222,NEZ,0,1,0,0,1,0,1,0,0,1,0,0,0,0,0,0
59,50,9,0,9,7,0,4,1,2,0,0,0,91,B,1160,1101,216,5.086206896551724,84.7457627118644,77.77777777777777,1.694915254237288,11.11111111111111,19.618528610354222,NEZ,0,3,1,1,3,0,2,0,0,2,0,0,0,0,0,0
53,51,2,0,2,2,0,0,0,0,0,0,0,92,base,1160,1107,212,4.568965517241379,96.22641509433963,100.0,0.0,0.0,19.15085817524842,NEZ,0,0,0,0,0,0,0,0,0,0,0,0,0,0,0,0
53,48,5,0,5,5,0,1,0,0,0,0,0,92,B,1160,1107,212,4.568965517241379,90.56603773584905,100.0,0.0,0.0,19.15085817524842,NEZ,0,1,0,0,1,0,0,0,0,0,0,0,0,0,0,0
50,43,7,0,7,4,0,1,0,1,0,0,0,93,base,1160,1110,212,4.310344827586207,86.0,57.142857142857146,0.0,0.0,19.0990990990991,NEZ,0,1,0,0,1,0,1,0,0,1,0,0,0,0,0,0
50,38,12,0,12,6,0,4,0,2,0,0,0,93,B,1160,1110,212,4.310344827586207,76.0,50.0,0.0,0.0,19.0990990990991,NEZ,0,3,0,0,3,0,2,0,0,2,0,0,0,0,0,0
64,59,5,0,5,5,0,4,0,2,0,0,0,94,base,1160,1096,213,5.517241379310345,92.1875,100.0,0.0,0.0,19.434306569343065,NEZ,0,2,0,0,2,0,2,0,0,2,0,0,0,0,0,0
64,53,11,0,11,9,0,7,0,3,0,0,0,94,B,1160,1096,213,5.517241379310345,82.8125,81.81818181818181,0.0,0.0,19.434306569343065,NEZ,0,5,0,0,5,0,3,0,0,3,0,0,0,0,0,0
59,58,1,0,1,1,0,0,0,0,0,0,0,95,base,1160,1101,212,5.086206896551724,98.30508474576271,100.0,0.0,0.0,19.25522252497729,NEZ,0,0,0,0,0,0,0,0,0,0,0,0,0,0,0,0
59,54,5,0,5,3,0,3,0,2,0,0,0,95,B,1160,1101,212,5.086206896551724,91.52542372881356,60.0,0.0,0.0,19.25522252497729,NEZ,0,2,0,0,2,0,2,0,0,2,0,0,0,0,0,0
60,56,4,0,4,1,0,1,0,1,0,0,0,96,base,1160,1100,212,5.172413793103448,93.33333333333333,25.0,0.0,0.0,19.272727272727273,NEZ,0,1,0,0,1,1,1,0,0,1,0,0,0,0,0,0
60,53,7,0,7,3,0,1,0,1,0,0,0,96,B,1160,1100,212,5.172413793103448,88.33333333333333,42.857142857142854,0.0,0.0,19.272727272727273,NEZ,0,1,0,0,1,1,1,0,0,1,0,0,0,0,0,0
69,65,4,0,4,2,0,3,1,0,0,0,0,97,base,1160,1091,208,5.948275862068965,94.20289855072464,50.0,1.4492753623188406,25.0,19.065077910174153,NEZ,0,1,0,0,1,0,0,0,0,0,0,0,0,0,0,0
69,60,9,0,9,4,0,3,1,0,0,0,0,97,B,1160,1091,208,5.948275862068965,86.95652173913044,44.44444444444444,1.4492753623188406,11.11111111111111,19.065077910174153,NEZ,0,1,0,0,1,0,0,0,0,0,0,0,0,0,0,0
47,47,0,0,0,0,0,0,0,0,0,0,0,98,base,1160,1113,215,4.051724137931035,100.0,,0.0,,19.31716082659479,NEZ,0,0,0,0,0,0,0,0,0,0,0,0,0,0,0,0
47,44,3,0,3,0,0,0,0,0,0,0,0,98,B,1160,1113,215,4.051724137931035,93.61702127659575,0.0,0.0,0.0,19.31716082659479,NEZ,0,0,0,0,0,0,0,0,0,0,0,0,0,0,0,0
48,43,5,0,5,4,0,3,0,2,0,0,0,99,base,1160,1112,213,4.137931034482759,89.58333333333333,80.0,0.0,0.0,19.154676258992804,NEZ,0,2,0,0,2,0,2,0,0,2,0,0,0,0,0,0
48,40,8,0,8,5,0,4,0,0,0,0,0,99,B,1160,1112,213,4.137931034482759,83.33333333333333,62.5,0.0,0.0,19.154676258992804,NEZ,0,2,0,0,2,0,0,0,0,0,0,0,0,0,0,0
72,69,3,0,3,1,0,0,0,0,0,0,0,100,base,1160,1088,208,6.206896551724138,95.83333333333333,33.333333333333336,0.0,0.0,19.11764705882353,NEZ,0,1,1,0,0,1,0,0,0,0,0,0,0,0,0,0
72,64,8,0,8,5,0,4,0,1,0,0,0,100,B,1160,1088,208,6.206896551724138,88.88888888888889,62.5,0.0,0.0,19.11764705882353,NEZ,0,3,1,0,2,1,1,0,0,1,0,0,0,0,0,0
58,55,3,0,3,1,0,0,0,0,0,0,0,101,base,1160,1102,214,5.0,94.82758620689656,33.333333333333336,0.0,0.0,19.41923774954628,NEZ,0,0,0,0,0,0,0,0,0,0,0,0,0,0,0,0
58,47,11,0,11,5,0,4,2,1,0,0,0,101,B,1160,1102,214,5.0,81.03448275862068,45.45454545454545,3.4482758620689653,18.181818181818183,19.41923774954628,NEZ,0,1,0,0,1,0,1,0,0,1,0,0,0,0,0,0
71,69,2,0,2,1,0,1,0,1,0,0,0,102,base,1160,1089,205,6.120689655172414,97.1830985915493,50.0,0.0,0.0,18.824609733700644,NEZ,0,1,0,0,1,0,1,0,0,1,0,0,0,0,0,0
71,67,4,0,4,2,0,1,0,0,0,0,0,102,B,1160,1089,205,6.120689655172414,94.36619718309859,50.0,0.0,0.0,18.824609733700644,NEZ,0,1,0,0,1,0,0,0,0,0,0,0,0,0,0,0
68,65,3,0,3,0,0,0,0,0,0,0,0,103,base,1160,1092,206,5.862068965517241,95.58823529411765,0.0,0.0,0.0,18.864468864468865,NEZ,0,1,1,0,0,1,0,0,0,0,0,0,0,0,0,0
68,58,10,2,8,4,1,3,0,2,0,0,0,103,B,1160,1092,206,5.862068965517241,85.29411764705883,50.0,0.0,0.0,18.864468864468865,NEZ,0,3,1,0,2,1,2,0,0,2,0,0,0,0,0,0
70,67,3,0,3,2,0,2,0,1,0,0,0,104,base,1160,1090,204,6.0344827586206895,95.71428571428571,66.66666666666667,0.0,0.0,18.71559633027523,NEZ,0,1,0,0,1,0,1,0,0,1,0,0,0,0,0,0
70,64,6,0,6,4,0,3,0,1,0,0,0,104,B,1160,1090,204,6.0344827586206895,91.42857142857143,66.66666666666667,0.0,0.0,18.71559633027523,NEZ,0,1,0,0,1,0,1,0,0,1,0,0,0,0,0,0
56,55,1,0,1,0,0,0,0,0,0,0,0,105,base,1160,1104,211,4.827586206896552,98.21428571428571,0.0,0.0,0.0,19.11231884057971,NEZ,0,0,0,0,0,0,0,0,0,0,0,0,0,0,0,0
56,51,5,0,5,3,0,1,0,0,0,0,0,105,B,1160,1104,211,4.827586206896552,91.07142857142857,60.0,0.0,0.0,19.11231884057971,NEZ,0,0,0,0,0,0,0,0,0,0,0,0,0,0,0,0
56,56,0,0,0,0,0,0,0,0,0,0,0,106,base,1160,1104,215,4.827586206896552,100.0,,0.0,,19.47463768115942,NEZ,0,0,0,0,0,0,0,0,0,0,0,0,0,0,0,0
56,50,6,0,6,5,0,3,0,0,0,0,0,106,B,1160,1104,215,4.827586206896552,89.28571428571429,83.33333333333333,0.0,0.0,19.47463768115942,NEZ,0,2,0,0,2,0,0,0,0,0,0,0,0,0,0,0
58,57,1,0,1,1,0,1,0,0,0,0,0,107,base,1160,1102,215,5.0,98.27586206896552,100.0,0.0,0.0,19.509981851179674,NEZ,0,1,0,0,1,0,0,0,0,0,0,0,0,0,0,0
58,52,6,0,6,3,0,3,0,1,0,0,0,107,B,1160,1102,215,5.0,89.65517241379311,50.0,0.0,0.0,19.509981851179674,NEZ,0,3,0,0,3,0,1,0,0,1,0,0,0,0,0,0
66,64,2,0,2,2,0,2,0,0,0,0,0,108,base,1160,1094,208,5.689655172413793,96.96969696969697,100.0,0.0,0.0,19.012797074954296,NEZ,0,1,0,0,1,0,0,0,0,0,0,0,0,0,0,0
66,58,8,0,8,6,0,4,0,1,0,0,0,108,B,1160,1094,208,5.689655172413793,87.87878787878788,75.0,0.0,0.0,19.012797074954296,NEZ,0,2,0,0,2,0,1,0,0,1,0,0,0,0,0,0
48,48,0,0,0,0,0,0,0,0,0,0,0,109,base,1160,1112,217,4.137931034482759,100.0,,0.0,,19.514388489208635,NEZ,0,0,0,0,0,0,0,0,0,0,0,0,0,0,0,0
48,44,4,0,4,3,0,2,0,1,0,0,0,109,B,1160,1112,217,4.137931034482759,91.66666666666667,75.0,0.0,0.0,19.514388489208635,NEZ,0,1,0,0,1,0,1,0,0,1,0,0,0,0,0,0
44,42,2,0,2,1,0,0,0,0,0,0,0,110,base,1160,1116,219,3.793103448275862,95.45454545454545,50.0,0.0,0.0,19.623655913978496,NEZ,0,0,0,0,0,0,0,0,0,0,0,0,0,0,0,0
44,38,6,0,6,5,0,3,0,1,0,0,0,110,B,1160,1116,219,3.793103448275862,86.36363636363636,83.33333333333333,0.0,0.0,19.623655913978496,NEZ,0,2,0,0,2,0,1,0,0,1,0,0,0,0,0,0
53,49,4,0,4,2,0,2,0,1,0,0,0,111,base,1160,1107,218,4.568965517241379,92.45283018867924,50.0,0.0,0.0,19.69286359530262,NEZ,0,1,0,0,1,0,1,0,0,1,0,0,0,0,0,0
53,37,16,0,16,12,0,8,0,5,0,0,0,111,B,1160,1107,218,4.568965517241379,69.81132075471699,75.0,0.0,0.0,19.69286359530262,NEZ,0,6,0,0,6,0,5,0,0,5,0,0,0,0,0,0
63,60,3,0,3,2,0,1,0,0,0,0,0,112,base,1160,1097,211,5.431034482758621,95.23809523809524,66.66666666666667,0.0,0.0,19.234275296262535,NEZ,0,1,0,0,1,0,0,0,0,0,0,0,0,0,0,0
63,56,7,0,7,5,0,4,0,2,0,0,0,112,B,1160,1097,211,5.431034482758621,88.88888888888889,71.42857142857143,0.0,0.0,19.234275296262535,NEZ,0,4,0,0,4,0,2,0,0,2,0,0,0,0,0,0
59,56,3,0,3,2,0,2,0,0,0,0,0,113,base,1160,1101,214,5.086206896551724,94.91525423728814,66.66666666666667,0.0,0.0,19.43687556766576,NEZ,0,3,1,0,2,1,0,0,0,0,0,0,0,0,0,0
59,50,9,0,9,6,0,6,1,1,0,0,0,113,B,1160,1101,214,5.086206896551724,84.7457627118644,66.66666666666667,1.694915254237288,11.11111111111111,19.43687556766576,NEZ,0,7,2,1,6,1,1,0,0,1,0,0,0,0,0,0
60,54,6,0,6,2,0,2,0,0,0,0,0,114,base,1160,1100,213,5.172413793103448,90.0,33.333333333333336,0.0,0.0,19.363636363636363,NEZ,0,3,1,0,2,1,0,0,0,0,0,0,0,0,0,0
60,47,13,1,12,8,0,7,0,4,0,0,0,114,B,1160,1100,213,5.172413793103448,78.33333333333333,66.66666666666667,0.0,0.0,19.363636363636363,NEZ,0,7,1,0,6,1,4,0,0,4,0,0,0,0,0,0
64,60,4,0,4,2,0,1,0,1,0,0,0,115,base,1160,1096,207,5.517241379310345,93.75,50.0,0.0,0.0,18.886861313868614,NEZ,0,1,0,0,1,0,1,0,0,1,0,0,0,0,0,0
64,50,14,0,14,10,0,6,0,3,0,0,0,115,B,1160,1096,207,5.517241379310345,78.125,71.42857142857143,0.0,0.0,18.886861313868614,NEZ,0,4,0,0,4,0,3,0,0,3,0,0,0,0,0,0
56,55,1,0,1,1,0,0,0,0,0,0,0,116,base,1160,1104,216,4.827586206896552,98.21428571428571,100.0,0.0,0.0,19.565217391304348,NEZ,0,2,2,0,0,2,0,0,0,0,0,0,0,0,0,0
56,48,8,0,8,4,0,3,0,0,0,0,0,116,B,1160,1104,216,4.827586206896552,85.71428571428571,50.0,0.0,0.0,19.565217391304348,NEZ,0,3,1,0,2,1,0,0,0,0,0,0,0,0,0,0
46,42,4,0,4,2,0,2,0,1,0,0,0,117,base,1160,1114,215,3.9655172413793105,91.30434782608695,50.0,0.0,0.0,19.299820466786354,NEZ,0,2,0,0,2,0,1,0,0,1,0,0,0,0,0,0
46,36,10,0,10,5,0,3,0,1,0,0,0,117,B,1160,1114,215,3.9655172413793105,78.26086956521739,50.0,0.0,0.0,19.299820466786354,NEZ,0,3,0,0,3,0,1,0,0,1,0,0,0,0,0,0
53,51,2,0,2,2,0,2,0,0,0,0,0,118,base,1160,1107,216,4.568965517241379,96.22641509433963,100.0,0.0,0.0,19.51219512195122,NEZ,0,1,0,0,1,0,0,0,0,0,0,0,0,0,0,0
53,48,5,0,5,5,0,5,0,2,0,0,0,118,B,1160,1107,216,4.568965517241379,90.56603773584905,100.0,0.0,0.0,19.51219512195122,NEZ,0,5,0,0,5,0,2,0,0,2,0,0,0,0,0,0
59,55,4,0,4,4,0,2,0,0,0,0,0,119,base,1160,1101,216,5.086206896551724,93.22033898305085,100.0,0.0,0.0,19.618528610354222,NEZ,0,2,1,0,1,1,0,0,0,0,0,0,0,0,0,0
59,47,12,0,12,7,0,5,0,0,0,0,0,119,B,1160,1101,216,5.086206896551724,79.66101694915254,58.333333333333336,0.0,0.0,19.618528610354222,NEZ,0,2,0,0,2,1,0,0,0,0,0,0,0,0,0,0
60,59,1,0,1,1,0,0,0,0,0,0,0,120,base,1160,1100,210,5.172413793103448,98.33333333333333,100.0,0.0,0.0,19.09090909090909,NEZ,0,0,0,0,0,0,0,0,0,0,0,0,0,0,0,0
60,55,5,0,5,5,0,3,0,0,0,0,0,120,B,1160,1100,210,5.172413793103448,91.66666666666667,100.0,0.0,0.0,19.09090909090909,NEZ,0,3,0,0,3,0,0,0,0,0,0,0,0,0,0,0
50,47,3,0,3,1,0,1,0,0,0,0,0,121,base,1160,1110,216,4.310344827586207,94.0,33.333333333333336,0.0,0.0,19.45945945945946,NEZ,0,1,0,0,1,0,0,0,0,0,0,0,0,0,0,0
50,42,8,0,8,5,0,4,0,2,0,0,0,121,B,1160,1110,216,4.310344827586207,84.0,62.5,0.0,0.0,19.45945945945946,NEZ,0,3,0,0,3,0,2,0,0,2,0,0,0,0,0,0
67,64,3,0,3,2,0,2,0,0,0,0,0,122,base,1160,1093,209,5.775862068965517,95.5223880597015,66.66666666666667,0.0,0.0,19.121683440073195,NEZ,0,2,1,0,1,1,0,0,0,0,0,0,0,0,0,0
67,57,10,0,10,8,0,5,0,1,0,0,0,122,B,1160,1093,209,5.775862068965517,85.07462686567165,80.0,0.0,0.0,19.121683440073195,NEZ,0,4,0,0,3,1,1,0,0,1,0,0,0,0,0,0
61,58,3,0,3,1,0,1,0,0,0,0,0,123,base,1160,1099,212,5.258620689655173,95.08196721311475,33.333333333333336,0.0,0.0,19.29026387625114,NEZ,0,2,1,0,1,1,0,0,0,0,0,0,0,0,0,0
61,51,10,1,9,7,1,7,0,3,0,0,0,123,B,1160,1099,212,5.258620689655173,83.60655737704919,77.77777777777777,0.0,0.0,19.29026387625114,NEZ,0,6,1,0,5,1,3,0,0,3,0,0,0,0,0,0
68,64,4,0,4,3,0,2,0,0,0,0,0,124,base,1160,1092,211,5.862068965517241,94.11764705882354,75.0,0.0,0.0,19.32234432234432,NEZ,0,0,0,0,0,0,0,0,0,0,0,0,0,0,0,0
68,56,12,0,12,5,0,5,0,0,0,0,0,124,B,1160,1092,211,5.862068965517241,82.3529411764706,41.666666666666664,0.0,0.0,19.32234432234432,NEZ,0,1,0,0,1,0,0,0,0,0,0,0,0,0,0,0
62,59,3,0,3,2,0,2,0,0,0,0,0,125,base,1160,1098,214,5.344827586206897,95.16129032258064,66.66666666666667,0.0,0.0,19.48998178506375,NEZ,0,0,0,0,0,0,0,0,0,0,0,0,0,0,0,0
62,48,14,0,14,12,0,7,0,4,0,0,0,125,B,1160,1098,214,5.344827586206897,77.41935483870968,85.71428571428571,0.0,0.0,19.48998178506375,NEZ,0,5,0,0,5,0,4,0,0,4,0,0,0,0,0,0
56,53,3,0,3,2,0,1,0,0,0,0,0,126,base,1160,1104,211,4.827586206896552,94.64285714285714,66.66666666666667,0.0,0.0,19.11231884057971,NEZ,0,0,0,0,0,0,0,0,0,0,0,0,0,0,0,0
56,48,8,0,8,5,0,3,0,2,0,0,0,126,B,1160,1104,211,4.827586206896552,85.71428571428571,62.5,0.0,0.0,19.11231884057971,NEZ,0,2,0,0,2,0,2,0,0,2,0,0,0,0,0,0
53,50,3,0,3,1,0,2,1,0,0,0,0,127,base,1160,1107,209,4.568965517241379,94.33962264150944,33.333333333333336,1.8867924528301887,33.333333333333336,18.87985546522132,NEZ,0,2,1,1,2,0,0,0,0,0,0,0,0,0,0,0
53,45,8,0,8,7,0,6,0,2,0,0,0,127,B,1160,1107,209,4.568965517241379,84.90566037735849,87.5,0.0,0.0,18.87985546522132,NEZ,0,5,0,0,5,0,2,0,0,2,0,0,0,0,0,0
71,68,3,0,3,3,0,3,0,0,0,0,0,128,base,1160,1089,203,6.120689655172414,95.77464788732394,100.0,0.0,0.0,18.64095500459137,NEZ,0,2,1,0,1,1,0,0,0,0,0,0,0,0,0,0
71,62,9,1,8,5,0,3,1,1,0,0,0,128,B,1160,1089,203,6.120689655172414,87.32394366197182,62.5,1.408450704225352,11.11111111111111,18.64095500459137,NEZ,0,2,1,0,1,1,1,0,0,1,0,0,0,0,0,0
60,58,2,0,2,2,0,2,0,2,0,0,0,129,base,1160,1100,212,5.172413793103448,96.66666666666667,100.0,0.0,0.0,19.272727272727273,NEZ,0,2,0,0,2,0,2,0,0,2,0,0,0,0,0,0
60,47,13,1,12,10,0,6,0,3,0,0,0,129,B,1160,1100,212,5.172413793103448,78.33333333333333,83.33333333333333,0.0,0.0,19.272727272727273,NEZ,0,5,0,0,5,0,3,0,0,3,0,0,0,0,0,0
53,51,2,0,2,2,0,1,0,0,0,0,0,130,base,1160,1107,210,4.568965517241379,96.22641509433963,100.0,0.0,0.0,18.97018970189702,NEZ,0,0,0,0,0,0,0,0,0,0,0,0,0,0,0,0
53,45,8,0,8,7,0,3,0,1,0,0,0,130,B,1160,1107,210,4.568965517241379,84.90566037735849,87.5,0.0,0.0,18.97018970189702,NEZ,0,1,0,0,1,0,1,0,0,1,0,0,0,0,0,0
67,64,3,0,3,2,0,1,0,0,0,0,0,131,base,1160,1093,212,5.775862068965517,95.5223880597015,66.66666666666667,0.0,0.0,19.39615736505032,NEZ,0,1,0,0,1,0,0,0,0,0,0,0,0,0,0,0
67,58,9,0,9,4,0,4,0,2,0,0,0,131,B,1160,1093,212,5.775862068965517,86.56716417910448,44.44444444444444,0.0,0.0,19.39615736505032,NEZ,0,3,0,0,3,0,2,0,0,2,0,0,0,0,0,0
67,62,5,0,5,4,0,2,0,0,0,0,0,132,base,1160,1093,213,5.775862068965517,92.53731343283582,80.0,0.0,0.0,19.48764867337603,NEZ,0,3,1,0,2,1,0,0,0,0,0,0,0,0,0,0
67,59,8,0,8,6,0,3,0,1,0,0,0,132,B,1160,1093,213,5.775862068965517,88.05970149253731,75.0,0.0,0.0,19.48764867337603,NEZ,0,4,1,0,3,1,1,0,0,1,0,0,0,0,0,0
52,52,0,0,0,0,0,0,0,0,0,0,0,133,base,1160,1108,212,4.482758620689655,100.0,,0.0,,19.133574007220215,NEZ,0,1,1,0,0,1,0,0,0,0,0,0,0,0,0,0
52,50,2,0,2,1,0,1,0,0,0,0,0,133,B,1160,1108,212,4.482758620689655,96.15384615384616,50.0,0.0,0.0,19.133574007220215,NEZ,0,2,1,0,1,1,0,0,0,0,0,0,0,0,0,0
51,47,4,0,4,2,0,1,0,0,0,0,0,134,base,1160,1109,211,4.396551724137931,92.15686274509804,50.0,0.0,0.0,19.026149684400362,NEZ,0,1,0,0,1,0,0,0,0,0,0,0,0,0,0,0
51,44,7,0,7,3,0,3,0,0,0,0,0,134,B,1160,1109,211,4.396551724137931,86.27450980392157,42.857142857142854,0.0,0.0,19.026149684400362,NEZ,0,2,0,0,2,0,0,0,0,0,0,0,0,0,0,0
61,60,1,0,1,1,0,0,0,0,0,0,0,135,base,1160,1099,207,5.258620689655173,98.36065573770492,100.0,0.0,0.0,18.83530482256597,NEZ,0,0,0,0,0,0,0,0,0,0,0,0,0,0,0,0
61,54,7,0,7,5,0,4,0,2,0,0,0,135,B,1160,1099,207,5.258620689655173,88.52459016393442,71.42857142857143,0.0,0.0,18.83530482256597,NEZ,0,4,0,0,4,0,2,0,0,2,0,0,0,0,0,0
61,57,4,0,4,2,0,1,0,1,0,0,0,136,base,1160,1099,212,5.258620689655173,93.44262295081967,50.0,0.0,0.0,19.29026387625114,NEZ,0,1,0,0,1,0,1,0,0,1,0,0,0,0,0,0
61,51,10,0,10,6,0,5,0,3,0,0,0,136,B,1160,1099,212,5.258620689655173,83.60655737704919,60.0,0.0,0.0,19.29026387625114,NEZ,0,4,0,0,4,0,3,0,0,3,0,0,0,0,0,0
56,53,3,0,3,3,0,2,0,1,0,0,0,137,base,1160,1104,211,4.827586206896552,94.64285714285714,100.0,0.0,0.0,19.11231884057971,NEZ,0,1,0,0,1,0,1,0,0,1,0,0,0,0,0,0
56,49,7,0,7,6,0,4,0,1,0,0,0,137,B,1160,1104,211,4.827586206896552,87.5,85.71428571428571,0.0,0.0,19.11231884057971,NEZ,0,2,0,0,2,0,1,0,0,1,0,0,0,0,0,0
56,53,3,0,3,1,0,1,0,0,0,0,0,138,base,1160,1104,209,4.827586206896552,94.64285714285714,33.333333333333336,0.0,0.0,18.931159420289855,NEZ,0,0,0,0,0,0,0,0,0,0,0,0,0,0,0,0
56,48,8,0,8,3,0,2,0,0,0,0,0,138,B,1160,1104,209,4.827586206896552,85.71428571428571,37.5,0.0,0.0,18.931159420289855,NEZ,0,0,0,0,0,0,0,0,0,0,0,0,0,0,0,0
65,61,4,0,4,4,0,3,0,0,0,0,0,139,base,1160,1095,207,5.603448275862069,93.84615384615384,100.0,0.0,0.0,18.904109589041095,NEZ,0,3,0,0,3,0,0,0,0,0,0,0,0,0,0,0
65,51,14,0,14,13,0,7,0,0,0,0,0,139,B,1160,1095,207,5.603448275862069,78.46153846153847,92.85714285714286,0.0,0.0,18.904109589041095,NEZ,0,4,0,0,4,0,0,0,0,0,0,0,0,0,0,0
64,60,4,0,4,1,0,3,2,1,0,0,0,140,base,1160,1096,210,5.517241379310345,93.75,25.0,3.125,50.0,19.16058394160584,NEZ,0,1,0,0,1,0,1,0,0,1,0,0,0,0,0,0
64,54,10,0,10,6,0,6,3,3,0,0,0,140,B,1160,1096,210,5.517241379310345,84.375,60.0,4.6875,30.0,19.16058394160584,NEZ,0,3,0,0,3,0,3,0,0,3,0,0,0,0,0,0
52,50,2,0,2,2,0,0,0,0,0,0,0,141,base,1160,1108,213,4.482758620689655,96.15384615384616,100.0,0.0,0.0,19.223826714801444,NEZ,0,0,0,0,0,0,0,0,0,0,0,0,0,0,0,0
52,46,6,0,6,4,0,2,0,1,0,0,0,141,B,1160,1108,213,4.482758620689655,88.46153846153847,66.66666666666667,0.0,0.0,19.223826714801444,NEZ,0,2,0,0,2,0,1,0,0,1,0,0,0,0,0,0
101,95,6,0,6,3,0,0,0,0,0,0,0,42,base,1682,1581,421,6.004756242568371,94.05940594059406,50.0,0.0,0.0,26.628716002530044,PED,0,1,1,0,0,1,0,0,0,0,0,0,0,0,0,0
101,90,11,0,11,5,0,2,0,1,0,0,0,42,B,1682,1581,421,6.004756242568371,89.10891089108911,45.45454545454545,0.0,0.0,26.628716002530044,PED,0,2,0,0,2,0,1,0,0,1,0,0,0,0,0,0
85,78,7,0,7,3,0,1,0,1,0,0,0,43,base,1682,1597,418,5.053507728894173,91.76470588235294,42.857142857142854,0.0,0.0,26.17407639323732,PED,0,1,0,0,1,0,1,0,0,1,0,0,0,0,0,0
85,72,13,0,13,7,0,5,0,3,0,0,0,43,B,1682,1597,418,5.053507728894173,84.70588235294117,53.84615384615385,0.0,0.0,26.17407639323732,PED,0,3,0,0,3,0,3,0,0,3,0,0,0,0,0,0
70,68,2,0,2,0,0,1,1,0,0,0,0,44,base,1682,1612,420,4.161712247324614,97.14285714285714,0.0,1.4285714285714286,50.0,26.054590570719604,PED,0,0,0,0,0,0,0,0,0,0,0,0,0,0,0,0
70,58,12,0,12,7,0,8,2,2,0,0,0,44,B,1682,1612,420,4.161712247324614,82.85714285714286,58.333333333333336,2.857142857142857,16.666666666666668,26.054590570719604,PED,0,7,1,1,7,0,2,0,0,2,0,0,0,0,0,0
96,92,4,0,4,3,0,2,0,0,0,0,0,45,base,1682,1586,423,5.707491082045184,95.83333333333333,75.0,0.0,0.0,26.670870113493063,PED,0,1,0,0,1,0,0,0,0,0,0,0,0,0,0,0
96,84,12,0,12,6,0,4,0,1,0,0,0,45,B,1682,1586,423,5.707491082045184,87.5,50.0,0.0,0.0,26.670870113493063,PED,0,4,0,0,4,0,1,0,0,1,0,0,0,0,0,0
88,85,3,0,3,3,0,3,0,0,0,0,0,46,base,1682,1594,416,5.231866825208086,96.5909090909091,100.0,0.0,0.0,26.097867001254706,PED,0,1,0,0,1,0,0,0,0,0,0,0,0,0,0,0
88,73,15,0,15,13,0,10,0,3,0,0,0,46,B,1682,1594,416,5.231866825208086,82.95454545454545,86.66666666666667,0.0,0.0,26.097867001254706,PED,0,4,0,0,4,0,3,0,0,3,0,0,0,0,0,0
76,71,5,0,5,3,0,3,0,0,0,0,0,47,base,1682,1606,428,4.5184304399524375,93.42105263157895,60.0,0.0,0.0,26.650062266500623,PED,0,1,0,0,1,0,0,0,0,0,0,0,0,0,0,0
76,64,12,0,12,7,0,8,1,0,0,0,0,47,B,1682,1606,428,4.5184304399524375,84.21052631578948,58.333333333333336,1.3157894736842106,8.333333333333334,26.650062266500623,PED,0,3,0,0,3,0,0,0,0,0,0,0,0,0,0,0
82,78,4,0,4,3,0,3,1,1,0,0,0,48,base,1682,1600,424,4.875148632580261,95.1219512195122,75.0,1.2195121951219512,25.0,26.5,PED,0,2,0,0,2,0,1,0,0,1,0,0,0,0,0,0
82,70,12,1,11,4,0,5,2,1,0,0,0,48,B,1682,1600,424,4.875148632580261,85.36585365853658,36.36363636363637,2.4390243902439024,16.666666666666668,26.5,PED,0,4,1,1,4,0,1,0,0,1,0,0,0,0,0,0
83,81,2,0,2,2,0,1,0,1,0,0,0,49,base,1682,1599,419,4.934601664684899,97.59036144578313,100.0,0.0,0.0,26.203877423389617,PED,0,1,0,0,1,0,1,0,0,1,0,0,0,0,0,0
83,72,11,1,10,8,1,6,1,1,0,0,0,49,B,1682,1599,419,4.934601664684899,86.74698795180723,80.0,1.2048192771084338,9.090909090909092,26.203877423389617,PED,0,4,0,0,4,0,1,0,0,1,0,0,0,0,0,0
84,79,5,0,5,4,0,2,0,2,0,0,0,50,base,1682,1598,414,4.9940546967895365,94.04761904761905,80.0,0.0,0.0,25.90738423028786,PED,0,3,1,0,2,1,2,0,0,2,0,0,0,0,0,0
84,70,14,0,14,11,0,6,0,2,0,0,0,50,B,1682,1598,414,4.9940546967895365,83.33333333333333,78.57142857142857,0.0,0.0,25.90738423028786,PED,0,4,1,0,3,1,2,0,0,2,0,0,0,0,0,0
82,74,8,0,8,5,0,3,0,0,0,0,0,51,base,1682,1600,418,4.875148632580261,90.2439024390244,62.5,0.0,0.0,26.125,PED,0,2,0,0,2,0,0,0,0,0,0,0,0,0,0,0
82,68,14,1,13,5,0,3,0,0,0,0,0,51,B,1682,1600,418,4.875148632580261,82.92682926829268,38.46153846153846,0.0,0.0,26.125,PED,0,2,0,0,2,0,0,0,0,0,0,0,0,0,0,0
88,86,2,0,2,2,0,1,0,0,0,0,0,52,base,1682,1594,422,5.231866825208086,97.72727272727273,100.0,0.0,0.0,26.47427854454203,PED,0,1,0,0,1,0,0,0,0,0,0,0,0,0,0,0
88,74,14,0,14,9,0,7,0,2,0,0,0,52,B,1682,1594,422,5.231866825208086,84.0909090909091,64.28571428571429,0.0,0.0,26.47427854454203,PED,0,6,0,0,6,0,2,0,0,2,0,0,0,0,0,0
96,93,3,0,3,1,0,1,0,1,0,0,0,53,base,1682,1586,422,5.707491082045184,96.875,33.333333333333336,0.0,0.0,26.6078184110971,PED,0,1,0,0,1,0,1,0,0,1,0,0,0,0,0,0
96,83,13,1,12,10,0,7,0,3,0,0,0,53,B,1682,1586,422,5.707491082045184,86.45833333333333,83.33333333333333,0.0,0.0,26.6078184110971,PED,0,6,0,0,6,0,3,0,0,3,0,0,0,0,0,0
89,86,3,0,3,3,0,1,0,0,0,0,0,54,base,1682,1593,419,5.291319857312723,96.62921348314607,100.0,0.0,0.0,26.30257376020088,PED,0,0,0,0,0,0,0,0,0,0,0,0,0,0,0,0
89,78,11,1,10,9,1,4,0,2,0,0,0,54,B,1682,1593,419,5.291319857312723,87.64044943820225,90.0,0.0,0.0,26.30257376020088,PED,0,3,0,0,3,0,2,0,0,2,0,0,0,0,0,0
90,84,6,0,6,4,0,3,1,0,0,0,0,55,base,1682,1592,427,5.35077288941736,93.33333333333333,66.66666666666667,1.1111111111111112,16.666666666666668,26.821608040201006,PED,0,3,2,1,2,1,0,0,0,0,0,0,0,0,0,0
90,76,14,0,14,8,0,7,2,1,0,0,0,55,B,1682,1592,427,5.35077288941736,84.44444444444444,57.142857142857146,2.2222222222222223,14.285714285714286,26.821608040201006,PED,0,6,2,1,5,1,1,0,0,1,0,0,0,0,0,0
88,86,2,0,2,1,0,1,0,0,0,0,0,56,base,1682,1594,419,5.231866825208086,97.72727272727273,50.0,0.0,0.0,26.28607277289837,PED,0,1,1,0,0,1,0,0,0,0,0,0,0,0,0,0
88,80,8,0,8,6,0,5,0,3,0,0,0,56,B,1682,1594,419,5.231866825208086,90.9090909090909,75.0,0.0,0.0,26.28607277289837,PED,0,4,1,0,3,1,3,0,0,3,0,0,0,0,0,0
80,76,4,0,4,4,0,3,0,1,0,0,0,57,base,1682,1602,423,4.756242568370987,95.0,100.0,0.0,0.0,26.40449438202247,PED,0,2,0,0,2,0,1,0,0,1,0,0,0,0,0,0
80,65,15,0,15,13,0,12,1,4,0,0,0,57,B,1682,1602,423,4.756242568370987,81.25,86.66666666666667,1.25,6.666666666666667,26.40449438202247,PED,0,7,0,0,7,0,4,0,0,4,0,0,0,0,0,0
113,112,1,0,1,0,0,0,0,0,0,0,0,58,base,1682,1569,421,6.718192627824019,99.11504424778761,0.0,0.0,0.0,26.832377310388782,PED,0,0,0,0,0,0,0,0,0,0,0,0,0,0,0,0
113,103,10,0,10,6,0,4,0,1,0,0,0,58,B,1682,1569,421,6.718192627824019,91.15044247787611,60.0,0.0,0.0,26.832377310388782,PED,0,2,0,0,2,0,1,0,0,1,0,0,0,0,0,0
95,91,4,0,4,2,0,2,0,0,0,0,0,59,base,1682,1587,424,5.648038049940547,95.78947368421052,50.0,0.0,0.0,26.717076244486453,PED,0,3,1,0,2,1,0,0,0,0,0,0,0,0,0,0
95,81,14,0,14,5,0,3,1,0,0,0,0,59,B,1682,1587,424,5.648038049940547,85.26315789473684,35.714285714285715,1.0526315789473684,7.142857142857143,26.717076244486453,PED,0,2,1,0,1,1,0,0,0,0,0,0,0,0,0,0
92,86,6,0,6,5,0,3,0,0,0,0,0,60,base,1682,1590,416,5.469678953626635,93.47826086956522,83.33333333333333,0.0,0.0,26.163522012578618,PED,0,3,0,0,3,0,0,0,0,0,0,0,0,0,0,0
92,76,16,0,16,10,0,7,0,2,0,0,0,60,B,1682,1590,416,5.469678953626635,82.6086956521739,62.5,0.0,0.0,26.163522012578618,PED,0,4,0,0,4,0,2,0,0,2,0,0,0,0,0,0
78,74,4,0,4,4,0,4,0,0,0,0,0,61,base,1682,1604,423,4.637336504161712,94.87179487179488,100.0,0.0,0.0,26.371571072319203,PED,0,2,0,0,2,0,0,0,0,0,0,0,0,0,0,0
78,70,8,0,8,5,0,4,0,0,0,0,0,61,B,1682,1604,423,4.637336504161712,89.74358974358974,62.5,0.0,0.0,26.371571072319203,PED,0,2,0,0,2,0,0,0,0,0,0,0,0,0,0,0
91,85,6,0,6,5,0,4,0,1,0,0,0,62,base,1682,1591,423,5.410225921521998,93.4065934065934,83.33333333333333,0.0,0.0,26.587052168447517,PED,0,5,1,0,4,1,1,0,0,1,0,0,0,0,0,0
91,81,10,0,10,7,0,6,0,3,0,0,0,62,B,1682,1591,423,5.410225921521998,89.01098901098901,70.0,0.0,0.0,26.587052168447517,PED,0,7,1,0,6,1,3,0,0,3,0,0,0,0,0,0
77,76,1,0,1,1,0,0,0,0,0,0,0,63,base,1682,1605,423,4.577883472057075,98.7012987012987,100.0,0.0,0.0,26.35514018691589,PED,0,0,0,0,0,0,0,0,0,0,0,0,0,0,0,0
77,72,5,0,5,3,0,2,0,0,0,0,0,63,B,1682,1605,423,4.577883472057075,93.50649350649351,60.0,0.0,0.0,26.35514018691589,PED,0,0,0,0,0,0,0,0,0,0,0,0,0,0,0,0
84,82,2,0,2,1,0,1,0,0,0,0,0,64,base,1682,1598,418,4.9940546967895365,97.61904761904762,50.0,0.0,0.0,26.157697121401753,PED,0,0,0,0,0,0,0,0,0,0,0,0,0,0,0,0
84,72,12,1,11,8,0,7,0,4,0,0,0,64,B,1682,1598,418,4.9940546967895365,85.71428571428571,72.72727272727273,0.0,0.0,26.157697121401753,PED,0,6,0,0,6,0,4,0,0,4,0,0,0,0,0,0
83,77,6,0,6,2,0,2,0,1,0,0,0,65,base,1682,1599,419,4.934601664684899,92.7710843373494,33.333333333333336,0.0,0.0,26.203877423389617,PED,0,3,1,0,2,1,1,0,0,1,0,0,0,0,0,0
83,66,17,0,17,10,0,9,0,6,0,0,0,65,B,1682,1599,419,4.934601664684899,79.51807228915662,58.8235294117647,0.0,0.0,26.203877423389617,PED,0,9,1,0,8,1,6,0,0,6,0,0,0,0,0,0
106,102,4,0,4,2,0,1,0,0,0,0,0,66,base,1682,1576,415,6.302021403091557,96.22641509433963,50.0,0.0,0.0,26.33248730964467,PED,0,1,0,0,1,0,0,0,0,0,0,0,0,0,0,0
106,90,16,2,14,11,1,10,0,1,0,0,0,66,B,1682,1576,415,6.302021403091557,84.90566037735849,78.57142857142857,0.0,0.0,26.33248730964467,PED,0,3,0,0,3,0,1,0,0,1,0,0,0,0,0,0
81,78,3,0,3,1,0,1,0,0,0,0,0,67,base,1682,1601,424,4.815695600475625,96.29629629629629,33.333333333333336,0.0,0.0,26.483447845096816,PED,0,0,0,0,0,0,0,0,0,0,0,0,0,0,0,0
81,68,13,1,12,8,1,6,1,2,0,0,0,67,B,1682,1601,424,4.815695600475625,83.95061728395062,66.66666666666667,1.2345679012345678,7.6923076923076925,26.483447845096816,PED,0,3,0,0,3,0,2,0,0,2,0,0,0,0,0,0
81,76,5,0,5,5,0,3,0,1,0,0,0,68,base,1682,1601,423,4.815695600475625,93.82716049382717,100.0,0.0,0.0,26.420986883198,PED,0,2,0,0,2,0,1,0,0,1,0,0,0,0,0,0
81,68,13,0,13,11,0,8,0,5,0,0,0,68,B,1682,1601,423,4.815695600475625,83.95061728395062,84.61538461538461,0.0,0.0,26.420986883198,PED,0,7,0,0,7,0,5,0,0,5,0,0,0,0,0,0
87,85,2,0,2,0,0,0,0,0,0,0,0,69,base,1682,1595,418,5.172413793103448,97.70114942528735,0.0,0.0,0.0,26.20689655172414,PED,0,1,1,0,0,1,0,0,0,0,0,0,0,0,0,0
87,77,10,0,10,5,0,6,1,3,0,0,0,69,B,1682,1595,418,5.172413793103448,88.50574712643679,50.0,1.1494252873563218,10.0,26.20689655172414,PED,0,5,1,0,4,1,3,0,0,3,0,0,0,0,0,0
88,83,5,0,5,3,0,3,0,1,0,0,0,70,base,1682,1594,416,5.231866825208086,94.31818181818181,60.0,0.0,0.0,26.097867001254706,PED,0,3,1,0,2,1,1,0,0,1,0,0,0,0,0,0
88,74,14,0,14,8,0,6,0,3,0,0,0,70,B,1682,1594,416,5.231866825208086,84.0909090909091,57.142857142857146,0.0,0.0,26.097867001254706,PED,0,6,1,0,5,1,3,0,0,3,0,0,0,0,0,0
69,64,5,0,5,3,0,2,0,1,0,0,0,71,base,1682,1613,422,4.102259215219976,92.7536231884058,60.0,0.0,0.0,26.16243025418475,PED,0,1,0,0,1,0,1,0,0,1,0,0,0,0,0,0
69,61,8,0,8,5,0,3,0,1,0,0,0,71,B,1682,1613,422,4.102259215219976,88.40579710144928,62.5,0.0,0.0,26.16243025418475,PED,0,1,0,0,1,0,1,0,0,1,0,0,0,0,0,0
87,80,7,0,7,5,0,5,1,0,0,0,0,72,base,1682,1595,425,5.172413793103448,91.95402298850574,71.42857142857143,1.1494252873563218,14.285714285714286,26.645768025078368,PED,0,0,0,0,0,0,0,0,0,0,0,0,0,0,0,0
87,71,16,0,16,10,0,8,1,2,0,0,0,72,B,1682,1595,425,5.172413793103448,81.60919540229885,62.5,1.1494252873563218,6.25,26.645768025078368,PED,0,2,0,0,2,0,2,0,0,2,0,0,0,0,0,0
66,62,4,0,4,0,0,0,0,0,0,0,0,73,base,1682,1616,427,3.9239001189060643,93.93939393939394,0.0,0.0,0.0,26.423267326732674,PED,0,0,0,0,0,0,0,0,0,0,0,0,0,0,0,0
66,56,10,0,10,3,0,3,0,2,0,0,0,73,B,1682,1616,427,3.9239001189060643,84.84848484848484,30.0,0.0,0.0,26.423267326732674,PED,0,2,0,0,2,0,2,0,0,2,0,0,0,0,0,0
82,76,6,0,6,4,0,3,0,1,0,0,0,74,base,1682,1600,420,4.875148632580261,92.6829268292683,66.66666666666667,0.0,0.0,26.25,PED,0,1,0,0,1,0,1,0,0,1,0,0,0,0,0,0
82,65,17,0,17,8,0,5,0,1,0,0,0,74,B,1682,1600,420,4.875148632580261,79.26829268292683,47.05882352941177,0.0,0.0,26.25,PED,0,3,0,0,3,0,1,0,0,1,0,0,0,0,0,0
97,95,2,0,2,0,0,0,0,0,0,0,0,75,base,1682,1585,418,5.766944114149822,97.9381443298969,0.0,0.0,0.0,26.37223974763407,PED,0,0,0,0,0,0,0,0,0,0,0,0,0,0,0,0
97,80,17,0,17,13,0,7,1,1,0,0,0,75,B,1682,1585,418,5.766944114149822,82.47422680412372,76.47058823529412,1.0309278350515463,5.882352941176471,26.37223974763407,PED,0,3,0,0,3,0,1,0,0,1,0,0,0,0,0,0
75,73,2,0,2,1,0,1,0,1,0,0,0,76,base,1682,1607,421,4.4589774078478,97.33333333333333,50.0,0.0,0.0,26.197884256378345,PED,0,1,0,0,1,0,1,0,0,1,0,0,0,0,0,0
75,68,7,0,7,5,0,2,0,1,0,0,0,76,B,1682,1607,421,4.4589774078478,90.66666666666667,71.42857142857143,0.0,0.0,26.197884256378345,PED,0,1,0,0,1,0,1,0,0,1,0,0,0,0,0,0
102,93,9,0,9,5,0,3,1,1,0,0,0,77,base,1682,1580,415,6.064209274673009,91.17647058823529,55.55555555555556,0.9803921568627451,11.11111111111111,26.265822784810126,PED,0,1,0,0,1,1,1,0,0,1,0,0,0,0,0,0
102,84,18,1,17,11,0,6,0,4,0,0,0,77,B,1682,1580,415,6.064209274673009,82.3529411764706,64.70588235294117,0.0,0.0,26.265822784810126,PED,0,5,0,0,4,1,4,0,0,4,0,0,0,0,0,0
79,76,3,0,3,3,0,2,0,0,0,0,0,78,base,1682,1603,425,4.696789536266349,96.20253164556962,100.0,0.0,0.0,26.512788521522147,PED,0,2,1,0,1,1,0,0,0,0,0,0,0,0,0,0
79,64,15,1,14,11,0,8,0,2,0,0,0,78,B,1682,1603,425,4.696789536266349,81.0126582278481,78.57142857142857,0.0,0.0,26.512788521522147,PED,0,5,1,0,4,1,1,0,0,1,0,0,0,0,0,0
83,79,4,0,4,3,0,2,0,2,0,0,0,79,base,1682,1599,423,4.934601664684899,95.18072289156626,75.0,0.0,0.0,26.454033771106943,PED,0,2,0,0,2,0,2,0,0,2,0,0,0,0,0,0
83,70,13,0,13,9,0,6,0,4,0,0,0,79,B,1682,1599,423,4.934601664684899,84.33734939759036,69.23076923076923,0.0,0.0,26.454033771106943,PED,0,4,0,0,4,0,4,0,0,4,0,0,0,0,0,0
76,73,3,0,3,1,0,1,0,1,0,0,0,80,base,1682,1606,431,4.5184304399524375,96.05263157894737,33.333333333333336,0.0,0.0,26.836861768368617,PED,0,1,0,0,1,0,1,0,0,1,0,0,0,0,0,0
76,66,10,1,9,6,0,5,0,2,0,0,0,80,B,1682,1606,431,4.5184304399524375,86.84210526315789,66.66666666666667,0.0,0.0,26.836861768368617,PED,0,3,0,0,3,0,2,0,0,2,0,0,0,0,0,0
91,86,5,0,5,4,0,3,0,1,0,0,0,81,base,1682,1591,424,5.410225921521998,94.50549450549451,80.0,0.0,0.0,26.64990571967316,PED,0,1,0,0,1,0,1,0,0,1,0,0,0,0,0,0
91,78,13,0,13,10,0,8,0,4,0,0,0,81,B,1682,1591,424,5.410225921521998,85.71428571428571,76.92307692307692,0.0,0.0,26.64990571967316,PED,0,5,0,0,5,0,4,0,0,4,0,0,0,0,0,0
85,81,4,0,4,2,0,2,0,0,0,0,0,82,base,1682,1597,420,5.053507728894173,95.29411764705883,50.0,0.0,0.0,26.299311208515967,PED,0,2,0,0,2,0,0,0,0,0,0,0,0,0,0,0
85,73,12,0,12,8,0,6,0,0,0,0,0,82,B,1682,1597,420,5.053507728894173,85.88235294117646,66.66666666666667,0.0,0.0,26.299311208515967,PED,0,5,0,0,5,0,0,0,0,0,0,0,0,0,0,0
72,68,4,0,4,2,0,2,0,0,0,0,0,83,base,1682,1610,425,4.280618311533888,94.44444444444444,50.0,0.0,0.0,26.39751552795031,PED,0,1,0,0,1,0,0,0,0,0,0,0,0,0,0,0
72,65,7,0,7,4,0,2,0,0,0,0,0,83,B,1682,1610,425,4.280618311533888,90.27777777777777,57.142857142857146,0.0,0.0,26.39751552795031,PED,0,2,0,0,2,0,0,0,0,0,0,0,0,0,0,0
74,70,4,0,4,1,0,0,0,0,0,0,0,84,base,1682,1608,421,4.399524375743163,94.5945945945946,25.0,0.0,0.0,26.181592039800996,PED,0,0,0,0,0,0,0,0,0,0,0,0,0,0,0,0
74,59,15,1,14,8,1,6,0,3,0,0,0,84,B,1682,1608,421,4.399524375743163,79.72972972972973,57.142857142857146,0.0,0.0,26.181592039800996,PED,0,3,0,0,3,0,2,0,0,2,0,0,0,0,0,0
86,80,6,0,6,4,0,1,0,0,0,0,0,85,base,1682,1596,428,5.112960760998811,93.02325581395348,66.66666666666667,0.0,0.0,26.817042606516292,PED,0,0,0,0,0,0,0,0,0,0,0,0,0,0,0,0
86,76,10,0,10,7,0,2,0,1,0,0,0,85,B,1682,1596,428,5.112960760998811,88.37209302325581,70.0,0.0,0.0,26.817042606516292,PED,0,1,0,0,1,0,1,0,0,1,0,0,0,0,0,0
89,86,3,0,3,2,0,1,0,0,0,0,0,86,base,1682,1593,419,5.291319857312723,96.62921348314607,66.66666666666667,0.0,0.0,26.30257376020088,PED,0,1,1,0,0,1,0,0,0,0,0,0,0,0,0,0
89,81,8,0,8,3,0,2,0,0,0,0,0,86,B,1682,1593,419,5.291319857312723,91.01123595505618,37.5,0.0,0.0,26.30257376020088,PED,0,2,1,0,1,1,0,0,0,0,0,0,0,0,0,0
93,86,7,0,7,5,0,1,0,0,0,0,0,87,base,1682,1589,412,5.529131985731272,92.47311827956989,71.42857142857143,0.0,0.0,25.92825676526117,PED,0,0,0,0,0,0,0,0,0,0,0,0,0,0,0,0
93,77,16,1,15,8,0,4,0,2,0,0,0,87,B,1682,1589,412,5.529131985731272,82.79569892473118,53.333333333333336,0.0,0.0,25.92825676526117,PED,0,2,0,0,2,0,2,0,0,2,0,0,0,0,0,0
107,102,5,0,5,4,0,3,0,1,0,0,0,88,base,1682,1575,412,6.361474435196195,95.32710280373831,80.0,0.0,0.0,26.158730158730158,PED,0,1,0,0,1,0,1,0,0,1,0,0,0,0,0,0
107,94,13,1,12,11,0,8,0,3,0,0,0,88,B,1682,1575,412,6.361474435196195,87.85046728971963,91.66666666666667,0.0,0.0,26.158730158730158,PED,0,5,0,0,5,0,2,0,0,2,0,0,0,0,0,0
83,78,5,0,5,4,0,3,0,2,0,0,0,89,base,1682,1599,419,4.934601664684899,93.97590361445783,80.0,0.0,0.0,26.203877423389617,PED,0,2,0,0,2,0,2,0,0,2,0,0,0,0,0,0
83,67,16,0,16,10,0,9,0,6,0,0,0,89,B,1682,1599,419,4.934601664684899,80.72289156626506,62.5,0.0,0.0,26.203877423389617,PED,0,8,0,0,8,0,6,0,0,6,0,0,0,0,0,0
87,82,5,0,5,4,0,4,0,1,0,0,0,90,base,1682,1595,420,5.172413793103448,94.25287356321839,80.0,0.0,0.0,26.33228840125392,PED,0,2,0,0,2,0,1,0,0,1,0,0,0,0,0,0
87,71,16,0,16,10,0,9,1,3,0,0,0,90,B,1682,1595,420,5.172413793103448,81.60919540229885,62.5,1.1494252873563218,6.25,26.33228840125392,PED,0,4,0,0,4,0,3,0,0,3,0,0,0,0,0,0
82,78,4,0,4,3,0,2,0,0,0,0,0,91,base,1682,1600,416,4.875148632580261,95.1219512195122,75.0,0.0,0.0,26.0,PED,0,2,1,0,1,1,0,0,0,0,0,0,0,0,0,0
82,68,14,2,12,8,1,5,0,3,0,0,0,91,B,1682,1600,416,4.875148632580261,82.92682926829268,66.66666666666667,0.0,0.0,26.0,PED,0,5,0,0,5,0,3,0,0,3,0,0,0,0,0,0
82,77,5,0,5,1,0,0,0,0,0,0,0,92,base,1682,1600,423,4.875148632580261,93.90243902439025,20.0,0.0,0.0,26.4375,PED,0,0,0,0,0,0,0,0,0,0,0,0,0,0,0,0
82,71,11,0,11,7,0,5,0,3,0,0,0,92,B,1682,1600,423,4.875148632580261,86.58536585365853,63.63636363636363,0.0,0.0,26.4375,PED,0,5,0,0,5,0,3,0,0,3,0,0,0,0,0,0
91,87,4,0,4,4,0,3,0,3,0,0,0,93,base,1682,1591,423,5.410225921521998,95.6043956043956,100.0,0.0,0.0,26.587052168447517,PED,0,3,0,0,3,0,3,0,0,3,0,0,0,0,0,0
91,76,15,0,15,8,0,6,0,5,0,0,0,93,B,1682,1591,423,5.410225921521998,83.51648351648352,53.333333333333336,0.0,0.0,26.587052168447517,PED,0,5,0,0,5,0,5,0,0,5,0,0,0,0,0,0
82,77,5,0,5,1,0,1,1,0,0,0,0,94,base,1682,1600,420,4.875148632580261,93.90243902439025,20.0,1.2195121951219512,20.0,26.25,PED,0,1,1,1,1,0,0,0,0,0,0,0,0,0,0,0
82,70,12,1,11,3,0,3,1,2,0,0,0,94,B,1682,1600,420,4.875148632580261,85.36585365853658,27.272727272727273,1.2195121951219512,8.333333333333334,26.25,PED,0,3,1,1,3,0,2,0,0,2,0,0,0,0,0,0
64,58,6,0,6,6,0,5,0,1,0,0,0,95,base,1682,1618,423,3.8049940546967895,90.625,100.0,0.0,0.0,26.143386897404202,PED,0,4,0,0,4,0,1,0,0,1,0,0,0,0,0,0
64,56,8,0,8,7,0,5,0,2,0,0,0,95,B,1682,1618,423,3.8049940546967895,87.5,87.5,0.0,0.0,26.143386897404202,PED,0,4,0,0,4,0,2,0,0,2,0,0,0,0,0,0
97,88,9,0,9,7,0,3,0,2,0,0,0,96,base,1682,1585,413,5.766944114149822,90.72164948453609,77.77777777777777,0.0,0.0,26.05678233438486,PED,0,3,0,0,3,0,2,0,0,2,0,0,0,0,0,0
97,81,16,1,15,11,1,7,0,2,0,0,0,96,B,1682,1585,413,5.766944114149822,83.50515463917526,73.33333333333333,0.0,0.0,26.05678233438486,PED,0,6,0,0,6,0,2,0,0,2,0,0,0,0,0,0
79,76,3,0,3,3,0,2,0,1,0,0,0,97,base,1682,1603,421,4.696789536266349,96.20253164556962,100.0,0.0,0.0,26.26325639426076,PED,0,1,0,0,1,0,1,0,0,1,0,0,0,0,0,0
79,66,13,0,13,11,0,5,0,3,0,0,0,97,B,1682,1603,421,4.696789536266349,83.54430379746836,84.61538461538461,0.0,0.0,26.26325639426076,PED,0,3,0,0,3,0,3,0,0,3,0,0,0,0,0,0
82,76,6,0,6,6,0,3,0,1,0,0,0,98,base,1682,1600,423,4.875148632580261,92.6829268292683,100.0,0.0,0.0,26.4375,PED,0,3,0,0,3,0,1,0,0,1,0,0,0,0,0,0
82,66,16,1,15,10,0,7,0,2,0,0,0,98,B,1682,1600,423,4.875148632580261,80.48780487804878,66.66666666666667,0.0,0.0,26.4375,PED,0,5,0,0,5,0,2,0,0,2,0,0,0,0,0,0
90,87,3,0,3,2,0,0,0,0,0,0,0,99,base,1682,1592,419,5.35077288941736,96.66666666666667,66.66666666666667,0.0,0.0,26.319095477386934,PED,0,2,2,0,0,2,0,0,0,0,0,0,0,0,0,0
90,77,13,0,13,9,0,5,0,1,0,0,0,99,B,1682,1592,419,5.35077288941736,85.55555555555556,69.23076923076923,0.0,0.0,26.319095477386934,PED,0,4,1,0,3,1,1,0,0,1,0,0,0,0,0,0
89,86,3,0,3,1,0,1,0,0,0,0,0,100,base,1682,1593,418,5.291319857312723,96.62921348314607,33.333333333333336,0.0,0.0,26.239799121155052,PED,0,2,1,0,1,1,0,0,0,0,0,0,0,0,0,0
89,81,8,0,8,4,0,4,0,2,0,0,0,100,B,1682,1593,418,5.291319857312723,91.01123595505618,50.0,0.0,0.0,26.239799121155052,PED,0,4,1,0,3,1,2,0,0,2,0,0,0,0,0,0
68,65,3,0,3,2,0,2,0,1,0,0,0,101,base,1682,1614,421,4.042806183115339,95.58823529411765,66.66666666666667,0.0,0.0,26.084262701363073,PED,0,4,2,0,2,2,1,0,0,1,0,0,0,0,0,0
68,60,8,0,8,6,0,5,0,2,0,0,0,101,B,1682,1614,421,4.042806183115339,88.23529411764706,75.0,0.0,0.0,26.084262701363073,PED,0,7,2,0,5,2,2,0,0,2,0,0,0,0,0,0
100,96,4,0,4,4,0,4,0,0,0,0,0,102,base,1682,1582,417,5.945303210463734,96.0,100.0,0.0,0.0,26.359039190897597,PED,0,0,0,0,0,0,0,0,0,0,0,0,0,0,0,0
100,86,14,0,14,11,0,7,0,1,0,0,0,102,B,1682,1582,417,5.945303210463734,86.0,78.57142857142857,0.0,0.0,26.359039190897597,PED,0,1,0,0,1,0,1,0,0,1,0,0,0,0,0,0
84,82,2,0,2,2,0,0,0,0,0,0,0,103,base,1682,1598,418,4.9940546967895365,97.61904761904762,100.0,0.0,0.0,26.157697121401753,PED,0,0,0,0,0,0,0,0,0,0,0,0,0,0,0,0
84,73,11,0,11,6,0,3,0,2,0,0,0,103,B,1682,1598,418,4.9940546967895365,86.9047619047619,54.54545454545455,0.0,0.0,26.157697121401753,PED,0,2,0,0,2,0,2,0,0,2,0,0,0,0,0,0
99,90,9,0,9,5,0,5,0,1,0,0,0,104,base,1682,1583,415,5.885850178359096,90.9090909090909,55.55555555555556,0.0,0.0,26.216045483259634,PED,0,4,0,0,4,0,1,0,0,1,0,0,0,0,0,0
99,83,16,0,16,9,0,8,0,2,0,0,0,104,B,1682,1583,415,5.885850178359096,83.83838383838383,56.25,0.0,0.0,26.216045483259634,PED,0,5,0,0,5,0,2,0,0,2,0,0,0,0,0,0
91,85,6,0,6,1,0,1,1,0,0,0,0,105,base,1682,1591,419,5.410225921521998,93.4065934065934,16.666666666666668,1.098901098901099,16.666666666666668,26.33563796354494,PED,0,2,2,1,1,1,0,0,0,0,0,0,0,0,0,0
91,75,16,1,15,10,0,7,0,2,0,0,0,105,B,1682,1591,419,5.410225921521998,82.41758241758242,66.66666666666667,0.0,0.0,26.33563796354494,PED,0,5,0,0,5,0,2,0,0,2,0,0,0,0,0,0
70,66,4,0,4,1,0,1,0,0,0,0,0,106,base,1682,1612,418,4.161712247324614,94.28571428571429,25.0,0.0,0.0,25.930521091811414,PED,0,1,1,0,0,1,0,0,0,0,0,0,0,0,0,0
70,62,8,0,8,4,0,3,0,0,0,0,0,106,B,1682,1612,418,4.161712247324614,88.57142857142857,50.0,0.0,0.0,25.930521091811414,PED,0,2,1,0,1,1,0,0,0,0,0,0,0,0,0,0
79,76,3,0,3,2,0,2,0,1,0,0,0,107,base,1682,1603,423,4.696789536266349,96.20253164556962,66.66666666666667,0.0,0.0,26.388022457891452,PED,0,2,0,0,2,0,1,0,0,1,0,0,0,0,0,0
79,69,10,0,10,7,0,4,0,1,0,0,0,107,B,1682,1603,423,4.696789536266349,87.34177215189874,70.0,0.0,0.0,26.388022457891452,PED,0,2,0,0,2,0,1,0,0,1,0,0,0,0,0,0
87,81,6,0,6,2,0,1,0,0,0,0,0,108,base,1682,1595,423,5.172413793103448,93.10344827586206,33.333333333333336,0.0,0.0,26.520376175548588,PED,0,0,0,0,0,0,0,0,0,0,0,0,0,0,0,0
87,74,13,1,12,4,1,4,0,0,0,0,0,108,B,1682,1595,423,5.172413793103448,85.05747126436782,33.333333333333336,0.0,0.0,26.520376175548588,PED,0,0,0,0,0,0,0,0,0,0,0,0,0,0,0,0
78,76,2,0,2,1,0,0,0,0,0,0,0,109,base,1682,1604,426,4.637336504161712,97.43589743589743,50.0,0.0,0.0,26.55860349127182,PED,0,0,0,0,0,0,0,0,0,0,0,0,0,0,0,0
78,65,13,1,12,6,0,4,0,2,0,0,0,109,B,1682,1604,426,4.637336504161712,83.33333333333333,50.0,0.0,0.0,26.55860349127182,PED,0,3,0,0,3,0,2,0,0,2,0,0,0,0,0,0
81,75,6,0,6,5,0,5,0,3,0,0,0,110,base,1682,1601,421,4.815695600475625,92.5925925925926,83.33333333333333,0.0,0.0,26.296064959400375,PED,0,4,1,0,3,1,3,0,0,3,0,0,0,0,0,0
81,67,14,1,13,11,0,8,0,5,0,0,0,110,B,1682,1601,421,4.815695600475625,82.71604938271605,84.61538461538461,0.0,0.0,26.296064959400375,PED,0,7,1,0,6,1,5,0,0,5,0,0,0,0,0,0
80,78,2,0,2,2,0,1,0,0,0,0,0,111,base,1682,1602,421,4.756242568370987,97.5,100.0,0.0,0.0,26.27965043695381,PED,0,1,0,0,1,0,0,0,0,0,0,0,0,0,0,0
80,72,8,0,8,5,0,4,0,2,0,0,0,111,B,1682,1602,421,4.756242568370987,90.0,62.5,0.0,0.0,26.27965043695381,PED,0,3,0,0,3,0,2,0,0,2,0,0,0,0,0,0
79,74,5,0,5,2,0,1,0,0,0,0,0,112,base,1682,1603,424,4.696789536266349,93.67088607594937,40.0,0.0,0.0,26.4504054897068,PED,0,1,0,0,1,0,0,0,0,0,0,0,0,0,0,0
79,68,11,1,10,6,0,3,0,1,0,0,0,112,B,1682,1603,424,4.696789536266349,86.07594936708861,60.0,0.0,0.0,26.4504054897068,PED,0,3,0,0,3,0,1,0,0,1,0,0,0,0,0,0
96,90,6,0,6,3,0,1,1,0,0,0,0,113,base,1682,1586,423,5.707491082045184,93.75,50.0,1.0416666666666667,16.666666666666668,26.670870113493063,PED,0,0,0,0,0,0,0,0,0,0,0,0,0,0,0,0
96,84,12,0,12,6,0,4,0,1,0,0,0,113,B,1682,1586,423,5.707491082045184,87.5,50.0,0.0,0.0,26.670870113493063,PED,0,2,0,0,2,0,1,0,0,1,0,0,0,0,0,0
88,80,8,0,8,4,0,6,2,1,0,0,0,114,base,1682,1594,416,5.231866825208086,90.9090909090909,50.0,2.272727272727273,25.0,26.097867001254706,PED,0,5,1,0,4,1,1,0,0,1,0,0,0,0,0,0
88,70,18,0,18,15,0,12,0,5,0,0,0,114,B,1682,1594,416,5.231866825208086,79.54545454545455,83.33333333333333,0.0,0.0,26.097867001254706,PED,0,10,1,0,9,1,4,0,0,4,0,0,0,0,0,0
79,76,3,0,3,2,0,1,0,0,0,0,0,115,base,1682,1603,423,4.696789536266349,96.20253164556962,66.66666666666667,0.0,0.0,26.388022457891452,PED,0,2,1,0,1,1,0,0,0,0,0,0,0,0,0,0
79,70,9,0,9,7,0,4,0,1,0,0,0,115,B,1682,1603,423,4.696789536266349,88.60759493670886,77.77777777777777,0.0,0.0,26.388022457891452,PED,0,4,1,0,3,1,1,0,0,1,0,0,0,0,0,0
89,84,5,0,5,3,0,0,0,0,0,0,0,116,base,1682,1593,428,5.291319857312723,94.38202247191012,60.0,0.0,0.0,26.867545511613308,PED,0,0,0,0,0,0,0,0,0,0,0,0,0,0,0,0
89,77,12,0,12,7,0,3,0,3,0,0,0,116,B,1682,1593,428,5.291319857312723,86.51685393258427,58.333333333333336,0.0,0.0,26.867545511613308,PED,0,3,0,0,3,0,3,0,0,3,0,0,0,0,0,0
91,87,4,0,4,2,0,1,0,1,0,0,0,117,base,1682,1591,419,5.410225921521998,95.6043956043956,50.0,0.0,0.0,26.33563796354494,PED,0,1,0,0,1,0,1,0,0,1,0,0,0,0,0,0
91,81,10,0,10,6,0,4,0,4,0,0,0,117,B,1682,1591,419,5.410225921521998,89.01098901098901,60.0,0.0,0.0,26.33563796354494,PED,0,4,0,0,4,0,4,0,0,4,0,0,0,0,0,0
79,76,3,0,3,3,0,2,0,0,0,0,0,118,base,1682,1603,427,4.696789536266349,96.20253164556962,100.0,0.0,0.0,26.637554585152838,PED,0,0,0,0,0,0,0,0,0,0,0,0,0,0,0,0
79,68,11,0,11,9,0,8,0,3,0,0,0,118,B,1682,1603,427,4.696789536266349,86.07594936708861,81.81818181818181,0.0,0.0,26.637554585152838,PED,0,4,0,0,4,0,3,0,0,3,0,0,0,0,0,0
88,87,1,0,1,1,0,1,0,1,0,0,0,119,base,1682,1594,419,5.231866825208086,98.86363636363636,100.0,0.0,0.0,26.28607277289837,PED,0,2,1,0,1,1,1,0,0,1,0,0,0,0,0,0
88,78,10,1,9,7,1,5,0,2,0,0,0,119,B,1682,1594,419,5.231866825208086,88.63636363636364,77.77777777777777,0.0,0.0,26.28607277289837,PED,0,5,1,0,4,1,2,0,0,2,0,0,0,0,0,0
87,83,4,0,4,2,0,2,0,0,0,0,0,120,base,1682,1595,420,5.172413793103448,95.40229885057471,50.0,0.0,0.0,26.33228840125392,PED,0,1,0,0,1,0,0,0,0,0,0,0,0,0,0,0
87,68,19,0,19,15,0,10,1,1,0,0,0,120,B,1682,1595,420,5.172413793103448,78.16091954022988,78.94736842105263,1.1494252873563218,5.2631578947368425,26.33228840125392,PED,0,5,0,0,5,0,1,0,0,1,0,0,0,0,0,0
73,67,6,0,6,2,0,3,1,0,0,0,0,121,base,1682,1609,424,4.340071343638526,91.78082191780823,33.333333333333336,1.36986301369863,16.666666666666668,26.35177128651336,PED,0,1,1,0,0,1,0,0,0,0,0,0,0,0,0,0
73,62,11,0,11,8,0,5,0,2,0,0,0,121,B,1682,1609,424,4.340071343638526,84.93150684931507,72.72727272727273,0.0,0.0,26.35177128651336,PED,0,4,1,0,3,1,2,0,0,2,0,0,0,0,0,0
72,64,8,0,8,7,0,4,0,3,0,0,0,122,base,1682,1610,424,4.280618311533888,88.88888888888889,87.5,0.0,0.0,26.335403726708076,PED,0,3,0,0,3,0,2,0,0,2,0,0,0,0,0,0
72,59,13,0,13,10,0,4,0,3,0,0,0,122,B,1682,1610,424,4.280618311533888,81.94444444444444,76.92307692307692,0.0,0.0,26.335403726708076,PED,0,3,0,0,3,0,2,0,0,2,0,0,0,0,0,0
91,84,7,0,7,5,0,5,0,1,0,0,0,123,base,1682,1591,418,5.410225921521998,92.3076923076923,71.42857142857143,0.0,0.0,26.272784412319297,PED,0,3,0,0,3,0,1,0,0,1,0,0,0,0,0,0
91,74,17,0,17,9,0,9,0,2,0,0,0,123,B,1682,1591,418,5.410225921521998,81.31868131868131,52.94117647058823,0.0,0.0,26.272784412319297,PED,0,4,0,0,4,0,2,0,0,2,0,0,0,0,0,0
72,67,5,0,5,3,0,3,1,1,0,0,0,124,base,1682,1610,422,4.280618311533888,93.05555555555556,60.0,1.3888888888888888,20.0,26.211180124223603,PED,0,2,0,0,2,0,1,0,0,1,0,0,0,0,0,0
72,59,13,0,13,8,0,5,0,3,0,0,0,124,B,1682,1610,422,4.280618311533888,81.94444444444444,61.53846153846154,0.0,0.0,26.211180124223603,PED,0,5,0,0,5,0,3,0,0,3,0,0,0,0,0,0
91,84,7,0,7,7,0,5,0,1,0,0,0,125,base,1682,1591,419,5.410225921521998,92.3076923076923,100.0,0.0,0.0,26.33563796354494,PED,0,3,1,0,2,1,1,0,0,1,0,0,0,0,0,0
91,77,14,0,14,11,0,8,0,2,0,0,0,125,B,1682,1591,419,5.410225921521998,84.61538461538461,78.57142857142857,0.0,0.0,26.33563796354494,PED,0,3,1,0,2,1,2,0,0,2,0,0,0,0,0,0
74,69,5,0,5,5,0,2,0,1,0,0,0,126,base,1682,1608,419,4.399524375743163,93.24324324324324,100.0,0.0,0.0,26.057213930348258,PED,0,2,0,0,2,0,1,0,0,1,0,0,0,0,0,0
74,63,11,0,11,11,0,7,0,5,0,0,0,126,B,1682,1608,419,4.399524375743163,85.13513513513513,100.0,0.0,0.0,26.057213930348258,PED,0,5,0,0,5,0,5,0,0,5,0,0,0,0,0,0
106,101,5,0,5,1,0,2,1,1,0,0,0,127,base,1682,1576,415,6.302021403091557,95.28301886792453,20.0,0.9433962264150944,20.0,26.33248730964467,PED,0,4,3,1,2,2,1,0,0,1,0,0,0,0,0,0
106,90,16,0,16,9,0,6,1,3,0,0,0,127,B,1682,1576,415,6.302021403091557,84.90566037735849,56.25,0.9433962264150944,6.25,26.33248730964467,PED,0,8,2,1,6,2,3,0,0,3,0,0,0,0,0,0
83,78,5,0,5,4,0,2,0,2,0,0,0,128,base,1682,1599,417,4.934601664684899,93.97590361445783,80.0,0.0,0.0,26.078799249530956,PED,0,3,1,0,2,1,2,0,0,2,0,0,0,0,0,0
83,68,15,2,13,8,0,8,2,3,0,0,0,128,B,1682,1599,417,4.934601664684899,81.92771084337349,61.53846153846154,2.4096385542168677,13.333333333333334,26.078799249530956,PED,0,7,1,1,6,1,3,0,0,3,0,0,0,0,0,0
79,75,4,0,4,3,0,2,0,0,0,0,0,129,base,1682,1603,425,4.696789536266349,94.9367088607595,75.0,0.0,0.0,26.512788521522147,PED,0,1,0,0,1,0,0,0,0,0,0,0,0,0,0,0
79,66,13,0,13,10,0,9,1,2,0,0,0,129,B,1682,1603,425,4.696789536266349,83.54430379746836,76.92307692307692,1.2658227848101267,7.6923076923076925,26.512788521522147,PED,0,6,1,1,6,0,2,0,0,2,0,0,0,0,0,0
93,88,5,0,5,4,0,2,0,1,0,0,0,130,base,1682,1589,414,5.529131985731272,94.6236559139785,80.0,0.0,0.0,26.05412208936438,PED,0,1,0,0,1,0,1,0,0,1,0,0,0,0,0,0
93,78,15,0,15,11,0,9,1,4,0,0,0,130,B,1682,1589,414,5.529131985731272,83.87096774193549,73.33333333333333,1.075268817204301,6.666666666666667,26.05412208936438,PED,0,7,0,0,7,0,4,0,0,4,0,0,0,0,0,0
87,78,9,0,9,7,0,5,0,5,0,0,0,131,base,1682,1595,413,5.172413793103448,89.65517241379311,77.77777777777777,0.0,0.0,25.893416927899686,PED,0,5,0,0,5,0,5,0,0,5,0,0,0,0,0,0
87,70,17,0,17,11,0,7,0,6,0,0,0,131,B,1682,1595,413,5.172413793103448,80.45977011494253,64.70588235294117,0.0,0.0,25.893416927899686,PED,0,7,0,0,7,0,6,0,0,6,0,0,0,0,0,0
73,67,6,0,6,1,0,0,0,0,0,0,0,132,base,1682,1609,422,4.340071343638526,91.78082191780823,16.666666666666668,0.0,0.0,26.22747047855811,PED,0,0,0,0,0,0,0,0,0,0,0,0,0,0,0,0
73,59,14,1,13,6,0,3,0,1,0,0,0,132,B,1682,1609,422,4.340071343638526,80.82191780821918,46.15384615384615,0.0,0.0,26.22747047855811,PED,0,2,0,0,2,0,1,0,0,1,0,0,0,0,0,0
73,70,3,0,3,2,0,1,0,0,0,0,0,133,base,1682,1609,428,4.340071343638526,95.89041095890411,66.66666666666667,0.0,0.0,26.600372902423867,PED,0,0,0,0,0,0,0,0,0,0,0,0,0,0,0,0
73,63,10,1,9,5,1,4,0,2,0,0,0,133,B,1682,1609,428,4.340071343638526,86.3013698630137,55.55555555555556,0.0,0.0,26.600372902423867,PED,0,2,0,0,2,0,2,0,0,2,0,0,0,0,0,0
79,77,2,0,2,0,0,0,0,0,0,0,0,134,base,1682,1603,422,4.696789536266349,97.46835443037975,0.0,0.0,0.0,26.32563942607611,PED,0,0,0,0,0,0,0,0,0,0,0,0,0,0,0,0
79,70,9,1,8,4,0,5,1,0,0,0,0,134,B,1682,1603,422,4.696789536266349,88.60759493670886,50.0,1.2658227848101267,11.11111111111111,26.32563942607611,PED,0,3,1,1,3,0,0,0,0,0,0,0,0,0,0,0
70,68,2,0,2,2,0,2,0,1,0,0,0,135,base,1682,1612,418,4.161712247324614,97.14285714285714,100.0,0.0,0.0,25.930521091811414,PED,0,1,0,0,1,0,1,0,0,1,0,0,0,0,0,0
70,62,8,0,8,8,0,7,0,3,0,0,0,135,B,1682,1612,418,4.161712247324614,88.57142857142857,100.0,0.0,0.0,25.930521091811414,PED,0,5,0,0,5,0,3,0,0,3,0,0,0,0,0,0
74,69,5,0,5,3,0,3,0,1,0,0,0,136,base,1682,1608,421,4.399524375743163,93.24324324324324,60.0,0.0,0.0,26.181592039800996,PED,0,2,1,0,1,1,1,0,0,1,0,0,0,0,0,0
74,58,16,0,16,10,0,8,1,2,0,0,0,136,B,1682,1608,421,4.399524375743163,78.37837837837837,62.5,1.3513513513513513,6.25,26.181592039800996,PED,0,4,1,1,4,0,2,0,0,2,0,0,0,0,0,0
81,74,7,0,7,5,0,3,0,0,0,0,0,137,base,1682,1601,420,4.815695600475625,91.35802469135803,71.42857142857143,0.0,0.0,26.23360399750156,PED,0,1,0,0,1,0,0,0,0,0,0,0,0,0,0,0
81,62,19,1,18,10,0,7,0,2,0,0,0,137,B,1682,1601,420,4.815695600475625,76.54320987654322,55.55555555555556,0.0,0.0,26.23360399750156,PED,0,2,0,0,2,0,2,0,0,2,0,0,0,0,0,0
82,78,4,0,4,3,0,3,0,0,0,0,0,138,base,1682,1600,419,4.875148632580261,95.1219512195122,75.0,0.0,0.0,26.1875,PED,0,2,0,0,2,0,0,0,0,0,0,0,0,0,0,0
82,68,14,0,14,10,0,6,0,0,0,0,0,138,B,1682,1600,419,4.875148632580261,82.92682926829268,71.42857142857143,0.0,0.0,26.1875,PED,0,3,0,0,3,0,0,0,0,0,0,0,0,0,0,0
78,72,6,0,6,5,0,4,0,2,0,0,0,139,base,1682,1604,424,4.637336504161712,92.3076923076923,83.33333333333333,0.0,0.0,26.433915211970074,PED,0,2,0,0,2,0,2,0,0,2,0,0,0,0,0,0
78,66,12,0,12,11,0,8,0,3,0,0,0,139,B,1682,1604,424,4.637336504161712,84.61538461538461,91.66666666666667,0.0,0.0,26.433915211970074,PED,0,4,0,0,4,0,3,0,0,3,0,0,0,0,0,0
88,81,7,0,7,3,0,2,0,1,0,0,0,140,base,1682,1594,420,5.231866825208086,92.04545454545455,42.857142857142854,0.0,0.0,26.348808030112924,PED,0,2,0,0,2,0,1,0,0,1,0,0,0,0,0,0
88,75,13,0,13,6,0,3,0,1,0,0,0,140,B,1682,1594,420,5.231866825208086,85.22727272727273,46.15384615384615,0.0,0.0,26.348808030112924,PED,0,3,0,0,3,0,1,0,0,1,0,0,0,0,0,0
87,83,4,0,4,3,0,2,0,0,0,0,0,141,base,1682,1595,415,5.172413793103448,95.40229885057471,75.0,0.0,0.0,26.018808777429467,PED,0,2,0,0,2,0,0,0,0,0,0,0,0,0,0,0
87,73,14,0,14,8,0,4,0,2,0,0,0,141,B,1682,1595,415,5.172413793103448,83.9080459770115,57.142857142857146,0.0,0.0,26.018808777429467,PED,0,4,0,0,4,0,2,0,0,2,0,0,0,0,0,0
71,67,4,0,4,3,0,1,0,0,0,0,0,42,base,1430,1359,365,4.965034965034965,94.36619718309859,75.0,0.0,0.0,26.857983811626195,SAC,0,0,0,0,0,0,0,0,0,0,0,0,0,0,0,0
71,61,10,0,10,5,0,3,0,2,0,0,0,42,B,1430,1359,365,4.965034965034965,85.91549295774648,50.0,0.0,0.0,26.857983811626195,SAC,0,2,0,0,2,0,2,0,0,2,0,0,0,0,0,0
62,59,3,0,3,2,0,1,0,1,0,0,0,43,base,1430,1368,365,4.335664335664336,95.16129032258064,66.66666666666667,0.0,0.0,26.681286549707604,SAC,0,1,0,0,1,0,1,0,0,1,0,0,0,0,0,0
62,56,6,0,6,4,0,3,0,2,0,0,0,43,B,1430,1368,365,4.335664335664336,90.3225806451613,66.66666666666667,0.0,0.0,26.681286549707604,SAC,0,3,0,0,3,0,2,0,0,2,0,0,0,0,0,0
74,70,4,0,4,2,0,2,0,1,0,0,0,44,base,1430,1356,367,5.174825174825175,94.5945945945946,50.0,0.0,0.0,27.06489675516224,SAC,0,3,1,0,2,1,1,0,0,1,0,0,0,0,0,0
74,66,8,0,8,6,0,4,0,2,0,0,0,44,B,1430,1356,367,5.174825174825175,89.1891891891892,75.0,0.0,0.0,27.06489675516224,SAC,0,3,0,0,3,0,2,0,0,2,0,0,0,0,0,0
83,81,2,0,2,1,0,1,0,0,0,0,0,45,base,1430,1347,356,5.804195804195804,97.59036144578313,50.0,0.0,0.0,26.429101707498145,SAC,0,1,0,0,1,0,0,0,0,0,0,0,0,0,0,0
83,72,11,0,11,8,0,6,0,3,0,0,0,45,B,1430,1347,356,5.804195804195804,86.74698795180723,72.72727272727273,0.0,0.0,26.429101707498145,SAC,0,3,0,0,3,0,2,0,0,2,0,0,0,0,0,0
62,56,6,0,6,5,0,5,0,3,0,0,0,46,base,1430,1368,361,4.335664335664336,90.3225806451613,83.33333333333333,0.0,0.0,26.38888888888889,SAC,0,5,0,0,5,0,3,0,0,3,0,0,0,0,0,0
62,50,12,0,12,9,0,7,0,5,0,0,0,46,B,1430,1368,361,4.335664335664336,80.64516129032258,75.0,0.0,0.0,26.38888888888889,SAC,0,7,0,0,7,0,5,0,0,5,0,0,0,0,0,0
75,71,4,0,4,3,0,3,0,1,0,0,0,47,base,1430,1355,357,5.244755244755245,94.66666666666667,75.0,0.0,0.0,26.346863468634687,SAC,0,2,1,0,1,1,1,0,0,1,0,0,0,0,0,0
75,65,10,1,9,5,0,5,1,2,0,0,0,47,B,1430,1355,357,5.244755244755245,86.66666666666667,55.55555555555556,1.3333333333333333,10.0,26.346863468634687,SAC,0,3,1,0,2,1,2,0,0,2,0,0,0,0,0,0
85,82,3,0,3,1,0,2,1,0,0,0,0,48,base,1430,1345,359,5.944055944055944,96.47058823529412,33.333333333333336,1.1764705882352942,33.333333333333336,26.691449814126393,SAC,0,0,0,0,0,0,0,0,0,0,0,0,0,0,0,0
85,75,10,1,9,6,1,4,1,2,0,0,0,48,B,1430,1345,359,5.944055944055944,88.23529411764706,66.66666666666667,1.1764705882352942,10.0,26.691449814126393,SAC,0,2,0,0,2,0,2,0,0,2,0,0,0,0,0,0
63,58,5,0,5,5,0,1,0,0,0,0,0,49,base,1430,1367,363,4.405594405594406,92.06349206349206,100.0,0.0,0.0,26.55449890270666,SAC,0,1,0,0,1,0,0,0,0,0,0,0,0,0,0,0
63,49,14,0,14,7,0,5,1,0,0,0,0,49,B,1430,1367,363,4.405594405594406,77.77777777777777,50.0,1.5873015873015872,7.142857142857143,26.55449890270666,SAC,0,2,0,0,2,0,0,0,0,0,0,0,0,0,0,0
74,70,4,0,4,2,0,2,0,0,0,0,0,50,base,1430,1356,364,5.174825174825175,94.5945945945946,50.0,0.0,0.0,26.843657817109143,SAC,0,1,1,0,0,1,0,0,0,0,0,0,0,0,0,0
74,64,10,0,10,5,0,4,0,0,0,0,0,50,B,1430,1356,364,5.174825174825175,86.48648648648648,50.0,0.0,0.0,26.843657817109143,SAC,0,2,1,0,1,1,0,0,0,0,0,0,0,0,0,0
61,58,3,0,3,2,0,0,0,0,0,0,0,51,base,1430,1369,364,4.265734265734266,95.08196721311475,66.66666666666667,0.0,0.0,26.588750913075238,SAC,0,0,0,0,0,0,0,0,0,0,0,0,0,0,0,0
61,53,8,1,7,2,0,1,0,1,0,0,0,51,B,1430,1369,364,4.265734265734266,86.88524590163935,28.571428571428573,0.0,0.0,26.588750913075238,SAC,0,1,0,0,1,0,1,0,0,1,0,0,0,0,0,0
68,62,6,0,6,4,0,1,0,1,0,0,0,52,base,1430,1362,369,4.755244755244755,91.17647058823529,66.66666666666667,0.0,0.0,27.09251101321586,SAC,0,1,0,0,1,0,1,0,0,1,0,0,0,0,0,0
68,55,13,0,13,10,0,6,0,3,0,0,0,52,B,1430,1362,369,4.755244755244755,80.88235294117646,76.92307692307692,0.0,0.0,27.09251101321586,SAC,0,4,0,0,4,0,3,0,0,3,0,0,0,0,0,0
73,71,2,0,2,1,0,1,0,0,0,0,0,53,base,1430,1357,365,5.104895104895105,97.26027397260275,50.0,0.0,0.0,26.89756816507001,SAC,0,2,1,0,1,1,0,0,0,0,0,0,0,0,0,0
73,65,8,0,8,7,0,3,0,1,0,0,0,53,B,1430,1357,365,5.104895104895105,89.04109589041096,87.5,0.0,0.0,26.89756816507001,SAC,0,3,1,0,2,1,1,0,0,1,0,0,0,0,0,0
85,79,6,0,6,5,0,5,0,1,0,0,0,54,base,1430,1345,358,5.944055944055944,92.94117647058823,83.33333333333333,0.0,0.0,26.617100371747213,SAC,0,2,0,0,2,0,1,0,0,1,0,0,0,0,0,0
85,71,14,0,14,13,0,9,0,3,0,0,0,54,B,1430,1345,358,5.944055944055944,83.52941176470588,92.85714285714286,0.0,0.0,26.617100371747213,SAC,0,5,0,0,5,0,3,0,0,3,0,0,0,0,0,0
73,69,4,0,4,3,0,2,0,2,0,0,0,55,base,1430,1357,367,5.104895104895105,94.52054794520548,75.0,0.0,0.0,27.044952100221074,SAC,0,3,1,0,2,1,2,0,0,2,0,0,0,0,0,0
73,62,11,0,11,5,0,3,0,2,0,0,0,55,B,1430,1357,367,5.104895104895105,84.93150684931507,45.45454545454545,0.0,0.0,27.044952100221074,SAC,0,4,1,0,3,1,2,0,0,2,0,0,0,0,0,0
80,78,2,0,2,0,0,0,0,0,0,0,0,56,base,1430,1350,366,5.594405594405594,97.5,0.0,0.0,0.0,27.11111111111111,SAC,0,0,0,0,0,0,0,0,0,0,0,0,0,0,0,0
80,71,9,0,9,6,0,6,0,3,0,0,0,56,B,1430,1350,366,5.594405594405594,88.75,66.66666666666667,0.0,0.0,27.11111111111111,SAC,0,3,0,0,3,0,3,0,0,3,0,0,0,0,0,0
86,82,4,0,4,2,0,2,1,0,0,0,0,57,base,1430,1344,357,6.013986013986014,95.34883720930233,50.0,1.1627906976744187,25.0,26.5625,SAC,0,2,1,0,1,1,0,0,0,0,0,0,0,0,0,0
86,75,11,0,11,9,0,6,0,0,0,0,0,57,B,1430,1344,357,6.013986013986014,87.20930232558139,81.81818181818181,0.0,0.0,26.5625,SAC,0,4,1,0,3,1,0,0,0,0,0,0,0,0,0,0
78,69,9,0,9,4,0,4,0,1,0,0,0,58,base,1430,1352,360,5.454545454545454,88.46153846153847,44.44444444444444,0.0,0.0,26.62721893491124,SAC,0,2,1,0,1,1,1,0,0,1,0,0,0,0,0,0
78,65,13,0,13,7,0,3,0,1,0,0,0,58,B,1430,1352,360,5.454545454545454,83.33333333333333,53.84615384615385,0.0,0.0,26.62721893491124,SAC,0,2,1,0,1,1,1,0,0,1,0,0,0,0,0,0
75,71,4,0,4,3,0,3,0,1,0,0,0,59,base,1430,1355,360,5.244755244755245,94.66666666666667,75.0,0.0,0.0,26.568265682656826,SAC,0,2,0,0,2,0,1,0,0,1,0,0,0,0,0,0
75,67,8,0,8,6,0,5,0,3,0,0,0,59,B,1430,1355,360,5.244755244755245,89.33333333333333,75.0,0.0,0.0,26.568265682656826,SAC,0,4,0,0,4,0,3,0,0,3,0,0,0,0,0,0
63,61,2,0,2,2,0,2,0,0,0,0,0,60,base,1430,1367,364,4.405594405594406,96.82539682539682,100.0,0.0,0.0,26.627651792245793,SAC,0,1,0,0,1,0,0,0,0,0,0,0,0,0,0,0
63,54,9,0,9,6,0,5,0,2,0,0,0,60,B,1430,1367,364,4.405594405594406,85.71428571428571,66.66666666666667,0.0,0.0,26.627651792245793,SAC,0,3,0,0,3,0,2,0,0,2,0,0,0,0,0,0
77,72,5,0,5,3,0,2,1,0,0,0,0,61,base,1430,1353,362,5.384615384615385,93.50649350649351,60.0,1.2987012987012987,20.0,26.755358462675535,SAC,0,0,0,0,0,0,0,0,0,0,0,0,0,0,0,0
77,66,11,0,11,5,0,5,1,0,0,0,0,61,B,1430,1353,362,5.384615384615385,85.71428571428571,45.45454545454545,1.2987012987012987,9.090909090909092,26.755358462675535,SAC,0,3,0,0,3,0,0,0,0,0,0,0,0,0,0,0
61,60,1,0,1,1,0,0,0,0,0,0,0,62,base,1430,1369,363,4.265734265734266,98.36065573770492,100.0,0.0,0.0,26.51570489408327,SAC,0,0,0,0,0,0,0,0,0,0,0,0,0,0,0,0
61,52,9,0,9,5,0,3,0,1,0,0,0,62,B,1430,1369,363,4.265734265734266,85.24590163934427,55.55555555555556,0.0,0.0,26.51570489408327,SAC,0,1,0,0,1,0,1,0,0,1,0,0,0,0,0,0
81,77,4,0,4,2,0,2,0,0,0,0,0,63,base,1430,1349,358,5.664335664335664,95.06172839506173,50.0,0.0,0.0,26.53817642698295,SAC,0,1,0,0,1,0,0,0,0,0,0,0,0,0,0,0
81,71,10,0,10,6,0,7,1,1,0,0,0,63,B,1430,1349,358,5.664335664335664,87.65432098765432,60.0,1.2345679012345678,10.0,26.53817642698295,SAC,0,2,0,0,2,0,1,0,0,1,0,0,0,0,0,0
74,69,5,0,5,5,0,1,0,0,0,0,0,64,base,1430,1356,361,5.174825174825175,93.24324324324324,100.0,0.0,0.0,26.622418879056045,SAC,0,1,1,0,0,1,0,0,0,0,0,0,0,0,0,0
74,63,11,0,11,6,0,3,0,1,0,0,0,64,B,1430,1356,361,5.174825174825175,85.13513513513513,54.54545454545455,0.0,0.0,26.622418879056045,SAC,0,2,1,0,1,1,1,0,0,1,0,0,0,0,0,0
61,60,1,0,1,0,0,0,0,0,0,0,0,65,base,1430,1369,365,4.265734265734266,98.36065573770492,0.0,0.0,0.0,26.6617969320672,SAC,0,0,0,0,0,0,0,0,0,0,0,0,0,0,0,0
61,53,8,0,8,6,0,4,0,2,0,0,0,65,B,1430,1369,365,4.265734265734266,86.88524590163935,75.0,0.0,0.0,26.6617969320672,SAC,0,3,0,0,3,0,2,0,0,2,0,0,0,0,0,0
77,71,6,0,6,5,0,4,0,1,0,0,0,66,base,1430,1353,363,5.384615384615385,92.20779220779221,83.33333333333333,0.0,0.0,26.829268292682926,SAC,0,3,0,0,3,0,1,0,0,1,0,0,0,0,0,0
77,63,14,0,14,12,0,8,0,5,0,0,0,66,B,1430,1353,363,5.384615384615385,81.81818181818181,85.71428571428571,0.0,0.0,26.829268292682926,SAC,0,5,0,0,5,0,5,0,0,5,0,0,0,0,0,0
62,58,4,0,4,3,0,3,0,0,0,0,0,67,base,1430,1368,364,4.335664335664336,93.54838709677419,75.0,0.0,0.0,26.608187134502923,SAC,0,2,0,0,2,0,0,0,0,0,0,0,0,0,0,0
62,50,12,0,12,9,0,9,1,2,0,0,0,67,B,1430,1368,364,4.335664335664336,80.64516129032258,75.0,1.6129032258064515,8.333333333333334,26.608187134502923,SAC,0,6,0,0,6,0,2,0,0,2,0,0,0,0,0,0
58,53,5,0,5,3,0,3,0,0,0,0,0,68,base,1430,1372,361,4.055944055944056,91.37931034482759,60.0,0.0,0.0,26.31195335276968,SAC,0,3,1,0,2,1,0,0,0,0,0,0,0,0,0,0
58,49,9,0,9,5,0,4,0,1,0,0,0,68,B,1430,1372,361,4.055944055944056,84.48275862068965,55.55555555555556,0.0,0.0,26.31195335276968,SAC,0,4,1,0,3,1,1,0,0,1,0,0,0,0,0,0
83,77,6,0,6,4,0,2,0,0,0,0,0,69,base,1430,1347,356,5.804195804195804,92.7710843373494,66.66666666666667,0.0,0.0,26.429101707498145,SAC,0,3,2,0,1,2,0,0,0,0,0,0,0,0,0,0
83,71,12,1,11,6,0,4,0,0,0,0,0,69,B,1430,1347,356,5.804195804195804,85.5421686746988,54.54545454545455,0.0,0.0,26.429101707498145,SAC,0,3,1,0,2,1,0,0,0,0,0,0,0,0,0,0
77,74,3,0,3,2,0,2,0,1,0,0,0,70,base,1430,1353,359,5.384615384615385,96.1038961038961,66.66666666666667,0.0,0.0,26.533628972653364,SAC,0,1,0,0,1,0,1,0,0,1,0,0,0,0,0,0
77,69,8,0,8,5,0,4,1,1,0,0,0,70,B,1430,1353,359,5.384615384615385,89.6103896103896,62.5,1.2987012987012987,12.5,26.533628972653364,SAC,0,3,1,1,3,0,1,0,0,1,0,0,0,0,0,0
74,70,4,0,4,2,0,2,0,1,0,0,0,71,base,1430,1356,364,5.174825174825175,94.5945945945946,50.0,0.0,0.0,26.843657817109143,SAC,0,2,0,0,2,0,1,0,0,1,0,0,0,0,0,0
74,57,17,0,17,12,0,9,0,4,0,0,0,71,B,1430,1356,364,5.174825174825175,77.02702702702703,70.58823529411765,0.0,0.0,26.843657817109143,SAC,0,8,0,0,8,0,4,0,0,4,0,0,0,0,0,0
66,63,3,0,3,2,0,2,1,0,0,0,0,72,base,1430,1364,358,4.615384615384615,95.45454545454545,66.66666666666667,1.5151515151515151,33.333333333333336,26.24633431085044,SAC,0,1,1,0,0,1,0,0,0,0,0,0,0,0,0,0
66,54,12,0,12,8,0,7,1,2,0,0,0,72,B,1430,1364,358,4.615384615384615,81.81818181818181,66.66666666666667,1.5151515151515151,8.333333333333334,26.24633431085044,SAC,0,6,1,0,5,1,2,0,0,2,0,0,0,0,0,0
76,69,7,0,7,5,0,4,0,1,0,0,0,73,base,1430,1354,367,5.314685314685315,90.78947368421052,71.42857142857143,0.0,0.0,27.10487444608567,SAC,0,3,1,0,2,1,1,0,0,1,0,0,0,0,0,0
76,60,16,0,16,12,0,11,0,4,0,0,0,73,B,1430,1354,367,5.314685314685315,78.94736842105263,75.0,0.0,0.0,27.10487444608567,SAC,0,7,1,0,6,1,3,0,0,3,0,0,0,0,0,0
66,60,6,0,6,5,0,3,0,0,0,0,0,74,base,1430,1364,362,4.615384615384615,90.9090909090909,83.33333333333333,0.0,0.0,26.53958944281525,SAC,0,1,0,0,1,0,0,0,0,0,0,0,0,0,0,0
66,53,13,1,12,5,0,4,0,1,0,0,0,74,B,1430,1364,362,4.615384615384615,80.3030303030303,41.666666666666664,0.0,0.0,26.53958944281525,SAC,0,2,0,0,2,0,1,0,0,1,0,0,0,0,0,0
56,53,3,0,3,3,0,2,0,1,0,0,0,75,base,1430,1374,366,3.9160839160839163,94.64285714285714,100.0,0.0,0.0,26.637554585152838,SAC,0,2,1,0,1,1,1,0,0,1,0,0,0,0,0,0
56,47,9,0,9,6,0,4,1,2,0,0,0,75,B,1430,1374,366,3.9160839160839163,83.92857142857143,66.66666666666667,1.7857142857142858,11.11111111111111,26.637554585152838,SAC,0,3,1,0,2,1,2,0,0,2,0,0,0,0,0,0
70,67,3,0,3,2,0,1,0,1,0,0,0,76,base,1430,1360,361,4.895104895104895,95.71428571428571,66.66666666666667,0.0,0.0,26.544117647058822,SAC,0,1,0,0,1,0,1,0,0,1,0,0,0,0,0,0
70,59,11,0,11,6,0,2,0,2,0,0,0,76,B,1430,1360,361,4.895104895104895,84.28571428571429,54.54545454545455,0.0,0.0,26.544117647058822,SAC,0,2,0,0,2,0,2,0,0,2,0,0,0,0,0,0
88,80,8,0,8,6,0,6,0,2,0,0,0,77,base,1430,1342,356,6.153846153846154,90.9090909090909,75.0,0.0,0.0,26.527570789865873,SAC,0,6,1,0,5,1,2,0,0,2,0,0,0,0,0,0
88,73,15,0,15,12,0,9,0,2,0,0,0,77,B,1430,1342,356,6.153846153846154,82.95454545454545,80.0,0.0,0.0,26.527570789865873,SAC,0,7,1,0,6,1,2,0,0,2,0,0,0,0,0,0
71,65,6,0,6,3,0,1,0,1,0,0,0,78,base,1430,1359,362,4.965034965034965,91.54929577464789,50.0,0.0,0.0,26.637233259749816,SAC,0,2,1,0,1,1,1,0,0,1,0,0,0,0,0,0
71,63,8,0,8,3,0,3,0,1,0,0,0,78,B,1430,1359,362,4.965034965034965,88.73239436619718,37.5,0.0,0.0,26.637233259749816,SAC,0,2,1,0,1,1,1,0,0,1,0,0,0,0,0,0
71,68,3,0,3,2,0,2,0,0,0,0,0,79,base,1430,1359,361,4.965034965034965,95.77464788732394,66.66666666666667,0.0,0.0,26.563649742457688,SAC,0,1,0,0,1,0,0,0,0,0,0,0,0,0,0,0
71,60,11,0,11,8,0,6,0,2,0,0,0,79,B,1430,1359,361,4.965034965034965,84.50704225352112,72.72727272727273,0.0,0.0,26.563649742457688,SAC,0,5,0,0,5,0,2,0,0,2,0,0,0,0,0,0
78,69,9,0,9,7,0,4,0,1,0,0,0,80,base,1430,1352,362,5.454545454545454,88.46153846153847,77.77777777777777,0.0,0.0,26.775147928994084,SAC,0,1,0,0,1,0,1,0,0,1,0,0,0,0,0,0
78,60,18,0,18,11,0,3,0,1,0,0,0,80,B,1430,1352,362,5.454545454545454,76.92307692307692,61.111111111111114,0.0,0.0,26.775147928994084,SAC,0,1,0,0,1,0,1,0,0,1,0,0,0,0,0,0
67,64,3,0,3,1,0,2,1,0,0,0,0,81,base,1430,1363,362,4.685314685314685,95.5223880597015,33.333333333333336,1.492537313432836,33.333333333333336,26.55906089508437,SAC,0,1,0,0,1,0,0,0,0,0,0,0,0,0,0,0
67,55,12,0,12,8,0,6,1,3,0,0,0,81,B,1430,1363,362,4.685314685314685,82.08955223880596,66.66666666666667,1.492537313432836,8.333333333333334,26.55906089508437,SAC,0,5,0,0,5,0,3,0,0,3,0,0,0,0,0,0
63,60,3,0,3,2,0,3,1,0,0,0,0,82,base,1430,1367,364,4.405594405594406,95.23809523809524,66.66666666666667,1.5873015873015872,33.333333333333336,26.627651792245793,SAC,0,2,0,0,2,0,0,0,0,0,0,0,0,0,0,0
63,51,12,0,12,8,0,9,1,2,0,0,0,82,B,1430,1367,364,4.405594405594406,80.95238095238095,66.66666666666667,1.5873015873015872,8.333333333333334,26.627651792245793,SAC,0,6,0,0,6,0,2,0,0,2,0,0,0,0,0,0
72,67,5,0,5,3,0,4,1,2,0,0,0,83,base,1430,1358,362,5.034965034965035,93.05555555555556,60.0,1.3888888888888888,20.0,26.656848306332844,SAC,0,4,2,0,2,2,2,0,0,2,0,0,0,0,0,0
72,63,9,1,8,5,0,5,0,3,0,0,0,83,B,1430,1358,362,5.034965034965035,87.5,62.5,0.0,0.0,26.656848306332844,SAC,0,5,2,0,3,2,3,0,0,3,0,0,0,0,0,0
87,82,5,0,5,3,0,3,0,2,0,0,0,84,base,1430,1343,355,6.083916083916084,94.25287356321839,60.0,0.0,0.0,26.43335815338794,SAC,0,3,0,0,3,0,2,0,0,2,0,0,0,0,0,0
87,72,15,0,15,9,0,9,1,3,0,0,0,84,B,1430,1343,355,6.083916083916084,82.75862068965517,60.0,1.1494252873563218,6.666666666666667,26.43335815338794,SAC,0,6,0,0,6,0,3,0,0,3,0,0,0,0,0,0
60,58,2,0,2,2,0,1,0,1,0,0,0,85,base,1430,1370,363,4.195804195804196,96.66666666666667,100.0,0.0,0.0,26.496350364963504,SAC,0,1,1,0,0,1,1,0,0,1,0,0,0,0,0,0
60,55,5,1,4,4,0,3,0,1,0,0,0,85,B,1430,1370,363,4.195804195804196,91.66666666666667,100.0,0.0,0.0,26.496350364963504,SAC,0,3,1,0,2,1,1,0,0,1,0,0,0,0,0,0
55,50,5,0,5,4,0,3,0,0,0,0,0,86,base,1430,1375,369,3.8461538461538463,90.9090909090909,80.0,0.0,0.0,26.836363636363636,SAC,0,2,0,0,2,0,0,0,0,0,0,0,0,0,0,0
55,48,7,0,7,4,0,3,0,0,0,0,0,86,B,1430,1375,369,3.8461538461538463,87.27272727272727,57.142857142857146,0.0,0.0,26.836363636363636,SAC,0,2,0,0,2,0,0,0,0,0,0,0,0,0,0,0
82,72,10,0,10,5,0,4,0,1,0,0,0,87,base,1430,1348,365,5.734265734265734,87.8048780487805,50.0,0.0,0.0,27.077151335311573,SAC,0,4,0,0,4,0,1,0,0,1,0,0,0,0,0,0
82,65,17,0,17,9,0,7,0,2,0,0,0,87,B,1430,1348,365,5.734265734265734,79.26829268292683,52.94117647058823,0.0,0.0,27.077151335311573,SAC,0,6,0,0,6,0,2,0,0,2,0,0,0,0,0,0
81,78,3,0,3,0,0,0,0,0,0,0,0,88,base,1430,1349,364,5.664335664335664,96.29629629629629,0.0,0.0,0.0,26.98295033358043,SAC,0,0,0,0,0,0,0,0,0,0,0,0,0,0,0,0
81,70,11,0,11,4,0,4,1,1,0,0,0,88,B,1430,1349,364,5.664335664335664,86.41975308641975,36.36363636363637,1.2345679012345678,9.090909090909092,26.98295033358043,SAC,0,3,0,1,3,0,1,0,0,1,0,0,0,0,0,0
59,54,5,0,5,3,0,2,0,1,0,0,0,89,base,1430,1371,370,4.125874125874126,91.52542372881356,60.0,0.0,0.0,26.98760029175784,SAC,0,1,0,0,1,0,1,0,0,1,0,0,0,0,0,0
59,47,12,0,12,6,0,5,0,3,0,0,0,89,B,1430,1371,370,4.125874125874126,79.66101694915254,50.0,0.0,0.0,26.98760029175784,SAC,0,3,0,0,3,0,2,0,0,2,0,0,0,0,0,0
76,66,10,0,10,6,0,4,0,2,0,0,0,90,base,1430,1354,361,5.314685314685315,86.84210526315789,60.0,0.0,0.0,26.661742983751846,SAC,0,3,0,0,3,0,2,0,0,2,0,0,0,0,0,0
76,59,17,1,16,10,1,8,0,3,0,0,0,90,B,1430,1354,361,5.314685314685315,77.63157894736842,62.5,0.0,0.0,26.661742983751846,SAC,0,5,0,0,5,0,3,0,0,3,0,0,0,0,0,0
66,61,5,0,5,4,0,2,0,2,0,0,0,91,base,1430,1364,362,4.615384615384615,92.42424242424242,80.0,0.0,0.0,26.53958944281525,SAC,0,2,0,0,2,0,2,0,0,2,0,0,0,0,0,0
66,57,9,1,8,6,0,6,1,4,0,0,0,91,B,1430,1364,362,4.615384615384615,86.36363636363636,75.0,1.5151515151515151,11.11111111111111,26.53958944281525,SAC,0,5,0,0,5,0,4,0,0,4,0,0,0,0,0,0
69,68,1,0,1,0,0,0,0,0,0,0,0,92,base,1430,1361,363,4.825174825174825,98.55072463768116,0.0,0.0,0.0,26.671565025716387,SAC,0,0,0,0,0,0,0,0,0,0,0,0,0,0,0,0
69,57,12,1,11,6,1,3,0,0,0,0,0,92,B,1430,1361,363,4.825174825174825,82.6086956521739,54.54545454545455,0.0,0.0,26.671565025716387,SAC,0,2,0,0,2,0,0,0,0,0,0,0,0,0,0,0
58,55,3,0,3,3,0,2,0,1,0,0,0,93,base,1430,1372,357,4.055944055944056,94.82758620689656,100.0,0.0,0.0,26.020408163265305,SAC,0,2,1,0,1,1,1,0,0,1,0,0,0,0,0,0
58,53,5,0,5,4,0,2,0,1,0,0,0,93,B,1430,1372,357,4.055944055944056,91.37931034482759,80.0,0.0,0.0,26.020408163265305,SAC,0,2,1,0,1,1,1,0,0,1,0,0,0,0,0,0
70,68,2,0,2,2,0,1,0,0,0,0,0,94,base,1430,1360,367,4.895104895104895,97.14285714285714,100.0,0.0,0.0,26.985294117647058,SAC,0,1,1,0,0,1,0,0,0,0,0,0,0,0,0,0
70,62,8,0,8,5,0,2,0,1,0,0,0,94,B,1430,1360,367,4.895104895104895,88.57142857142857,62.5,0.0,0.0,26.985294117647058,SAC,0,2,1,0,1,1,1,0,0,1,0,0,0,0,0,0
80,76,4,0,4,1,0,1,0,0,0,0,0,95,base,1430,1350,364,5.594405594405594,95.0,25.0,0.0,0.0,26.962962962962962,SAC,0,2,2,0,0,2,0,0,0,0,0,0,0,0,0,0
80,69,11,2,9,5,0,4,0,2,0,0,0,95,B,1430,1350,364,5.594405594405594,86.25,55.55555555555556,0.0,0.0,26.962962962962962,SAC,0,3,1,0,2,2,2,0,0,2,0,0,0,0,0,0
75,74,1,0,1,1,0,1,0,0,0,0,0,96,base,1430,1355,360,5.244755244755245,98.66666666666667,100.0,0.0,0.0,26.568265682656826,SAC,0,1,0,0,1,0,0,0,0,0,0,0,0,0,0,0
75,59,16,0,16,9,0,5,0,2,0,0,0,96,B,1430,1355,360,5.244755244755245,78.66666666666667,56.25,0.0,0.0,26.568265682656826,SAC,0,5,0,0,5,0,2,0,0,2,0,0,0,0,0,0
66,63,3,0,3,2,0,2,0,1,0,0,0,97,base,1430,1364,364,4.615384615384615,95.45454545454545,66.66666666666667,0.0,0.0,26.686217008797655,SAC,0,4,3,0,1,3,1,0,0,1,0,0,0,0,0,0
66,54,12,0,12,9,0,7,0,3,0,0,0,97,B,1430,1364,364,4.615384615384615,81.81818181818181,75.0,0.0,0.0,26.686217008797655,SAC,0,6,3,0,3,3,3,0,0,3,0,0,0,0,0,0
81,78,3,0,3,2,0,2,0,0,0,0,0,98,base,1430,1349,354,5.664335664335664,96.29629629629629,66.66666666666667,0.0,0.0,26.2416604892513,SAC,0,3,2,0,1,2,0,0,0,0,0,0,0,0,0,0
81,72,9,0,9,5,0,5,0,1,0,0,0,98,B,1430,1349,354,5.664335664335664,88.88888888888889,55.55555555555556,0.0,0.0,26.2416604892513,SAC,0,4,2,0,2,2,1,0,0,1,0,0,0,0,0,0
68,65,3,0,3,2,0,2,0,2,0,0,0,99,base,1430,1362,365,4.755244755244755,95.58823529411765,66.66666666666667,0.0,0.0,26.798825256975036,SAC,0,2,0,0,2,0,2,0,0,2,0,0,0,0,0,0
68,58,10,0,10,7,0,6,0,4,0,0,0,99,B,1430,1362,365,4.755244755244755,85.29411764705883,70.0,0.0,0.0,26.798825256975036,SAC,0,5,0,0,5,0,4,0,0,4,0,0,0,0,0,0
86,83,3,0,3,2,0,3,1,1,0,0,0,100,base,1430,1344,358,6.013986013986014,96.51162790697674,66.66666666666667,1.1627906976744187,33.333333333333336,26.636904761904763,SAC,0,3,1,0,2,1,1,0,0,1,0,0,0,0,0,0
86,75,11,0,11,7,0,8,1,3,0,0,0,100,B,1430,1344,358,6.013986013986014,87.20930232558139,63.63636363636363,1.1627906976744187,9.090909090909092,26.636904761904763,SAC,0,6,1,0,5,1,3,0,0,3,0,0,0,0,0,0
75,73,2,0,2,1,0,1,0,0,0,0,0,101,base,1430,1355,364,5.244755244755245,97.33333333333333,50.0,0.0,0.0,26.863468634686345,SAC,0,1,1,0,0,1,0,0,0,0,0,0,0,0,0,0
75,66,9,0,9,4,0,4,0,2,0,0,0,101,B,1430,1355,364,5.244755244755245,88.0,44.44444444444444,0.0,0.0,26.863468634686345,SAC,0,4,1,0,3,1,2,0,0,2,0,0,0,0,0,0
75,70,5,0,5,2,0,1,0,0,0,0,0,102,base,1430,1355,366,5.244755244755245,93.33333333333333,40.0,0.0,0.0,27.011070110701105,SAC,0,1,0,0,1,0,0,0,0,0,0,0,0,0,0,0
75,64,11,0,11,5,0,3,0,2,0,0,0,102,B,1430,1355,366,5.244755244755245,85.33333333333333,45.45454545454545,0.0,0.0,27.011070110701105,SAC,0,3,0,0,3,0,2,0,0,2,0,0,0,0,0,0
61,58,3,0,3,0,0,0,0,0,0,0,0,103,base,1430,1369,362,4.265734265734266,95.08196721311475,0.0,0.0,0.0,26.442658875091308,SAC,0,0,0,0,0,0,0,0,0,0,0,0,0,0,0,0
61,52,9,1,8,4,1,3,0,1,0,0,0,103,B,1430,1369,362,4.265734265734266,85.24590163934427,50.0,0.0,0.0,26.442658875091308,SAC,0,2,0,0,2,0,1,0,0,1,0,0,0,0,0,0
73,66,7,0,7,5,0,6,1,2,0,0,0,104,base,1430,1357,365,5.104895104895105,90.41095890410959,71.42857142857143,1.36986301369863,14.285714285714286,26.89756816507001,SAC,0,4,1,0,3,1,2,0,0,2,0,0,0,0,0,0
73,61,12,0,12,9,0,8,1,3,0,0,0,104,B,1430,1357,365,5.104895104895105,83.56164383561644,75.0,1.36986301369863,8.333333333333334,26.89756816507001,SAC,0,6,1,0,5,1,3,0,0,3,0,0,0,0,0,0
64,63,1,0,1,1,0,1,0,0,0,0,0,105,base,1430,1366,368,4.475524475524476,98.4375,100.0,0.0,0.0,26.939970717423133,SAC,0,1,0,0,1,0,0,0,0,0,0,0,0,0,0,0
64,53,11,0,11,8,0,6,0,2,0,0,0,105,B,1430,1366,368,4.475524475524476,82.8125,72.72727272727273,0.0,0.0,26.939970717423133,SAC,0,5,0,0,5,0,2,0,0,2,0,0,0,0,0,0
63,60,3,0,3,1,0,2,1,0,0,0,0,106,base,1430,1367,369,4.405594405594406,95.23809523809524,33.333333333333336,1.5873015873015872,33.333333333333336,26.993416239941478,SAC,0,1,0,0,1,0,0,0,0,0,0,0,0,0,0,0
63,55,8,0,8,5,0,4,1,2,0,0,0,106,B,1430,1367,369,4.405594405594406,87.3015873015873,62.5,1.5873015873015872,12.5,26.993416239941478,SAC,0,3,0,0,3,0,2,0,0,2,0,0,0,0,0,0
72,69,3,0,3,2,0,2,0,1,0,0,0,107,base,1430,1358,360,5.034965034965035,95.83333333333333,66.66666666666667,0.0,0.0,26.50957290132548,SAC,0,2,1,0,1,1,1,0,0,1,0,0,0,0,0,0
72,63,9,1,8,4,1,4,0,1,0,0,0,107,B,1430,1358,360,5.034965034965035,87.5,50.0,0.0,0.0,26.50957290132548,SAC,0,3,1,0,2,1,1,0,0,1,0,0,0,0,0,0
76,73,3,0,3,1,0,0,0,0,0,0,0,108,base,1430,1354,361,5.314685314685315,96.05263157894737,33.333333333333336,0.0,0.0,26.661742983751846,SAC,0,2,2,0,0,2,0,0,0,0,0,0,0,0,0,0
76,67,9,0,9,5,0,3,0,2,0,0,0,108,B,1430,1354,361,5.314685314685315,88.15789473684211,55.55555555555556,0.0,0.0,26.661742983751846,SAC,0,4,2,0,2,2,1,0,0,1,0,0,0,0,0,0
72,67,5,0,5,3,0,2,0,0,0,0,0,109,base,1430,1358,364,5.034965034965035,93.05555555555556,60.0,0.0,0.0,26.804123711340207,SAC,0,1,1,0,0,1,0,0,0,0,0,0,0,0,0,0
72,57,15,1,14,11,0,8,0,3,0,0,0,109,B,1430,1358,364,5.034965034965035,79.16666666666667,78.57142857142857,0.0,0.0,26.804123711340207,SAC,0,6,1,0,5,1,3,0,0,3,0,0,0,0,0,0
85,82,3,0,3,1,0,1,0,0,0,0,0,110,base,1430,1345,360,5.944055944055944,96.47058823529412,33.333333333333336,0.0,0.0,26.765799256505577,SAC,0,1,1,0,0,1,0,0,0,0,0,0,0,0,0,0
85,71,14,0,14,7,0,4,0,3,0,0,0,110,B,1430,1345,360,5.944055944055944,83.52941176470588,50.0,0.0,0.0,26.765799256505577,SAC,0,4,1,0,3,1,3,0,0,3,0,0,0,0,0,0
88,86,2,0,2,1,0,1,0,0,0,0,0,111,base,1430,1342,356,6.153846153846154,97.72727272727273,50.0,0.0,0.0,26.527570789865873,SAC,0,1,0,0,1,0,0,0,0,0,0,0,0,0,0,0
88,78,10,0,10,5,0,3,1,1,0,0,0,111,B,1430,1342,356,6.153846153846154,88.63636363636364,50.0,1.1363636363636365,10.0,26.527570789865873,SAC,0,1,0,0,1,0,1,0,0,1,0,0,0,0,0,0
83,77,6,0,6,2,0,0,0,0,0,0,0,112,base,1430,1347,358,5.804195804195804,92.7710843373494,33.333333333333336,0.0,0.0,26.57757980697847,SAC,0,0,0,0,0,0,0,0,0,0,0,0,0,0,0,0
83,68,15,0,15,9,0,5,0,2,0,0,0,112,B,1430,1347,358,5.804195804195804,81.92771084337349,60.0,0.0,0.0,26.57757980697847,SAC,0,3,0,0,3,0,2,0,0,2,0,0,0,0,0,0
72,69,3,0,3,2,0,2,0,1,0,0,0,113,base,1430,1358,359,5.034965034965035,95.83333333333333,66.66666666666667,0.0,0.0,26.435935198821795,SAC,0,3,1,0,2,1,1,0,0,1,0,0,0,0,0,0
72,66,6,0,6,3,0,2,0,0,0,0,0,113,B,1430,1358,359,5.034965034965035,91.66666666666667,50.0,0.0,0.0,26.435935198821795,SAC,0,3,1,0,2,1,0,0,0,0,0,0,0,0,0,0
71,68,3,0,3,1,0,1,1,0,0,0,0,114,base,1430,1359,364,4.965034965034965,95.77464788732394,33.333333333333336,1.408450704225352,33.333333333333336,26.78440029433407,SAC,0,1,1,1,1,0,0,0,0,0,0,0,0,0,0,0
71,62,9,1,8,4,0,2,1,0,0,0,0,114,B,1430,1359,364,4.965034965034965,87.32394366197182,50.0,1.408450704225352,11.11111111111111,26.78440029433407,SAC,0,2,1,1,2,0,0,0,0,0,0,0,0,0,0,0
61,57,4,0,4,4,0,3,0,2,0,0,0,115,base,1430,1369,367,4.265734265734266,93.44262295081967,100.0,0.0,0.0,26.80788897005113,SAC,0,3,0,0,3,0,2,0,0,2,0,0,0,0,0,0
61,53,8,0,8,6,0,5,0,2,0,0,0,115,B,1430,1369,367,4.265734265734266,86.88524590163935,75.0,0.0,0.0,26.80788897005113,SAC,0,5,0,0,5,0,2,0,0,2,0,0,0,0,0,0
70,66,4,0,4,2,0,2,0,1,0,0,0,116,base,1430,1360,364,4.895104895104895,94.28571428571429,50.0,0.0,0.0,26.764705882352942,SAC,0,2,0,0,2,0,1,0,0,1,0,0,0,0,0,0
70,61,9,0,9,5,0,4,0,3,0,0,0,116,B,1430,1360,364,4.895104895104895,87.14285714285714,55.55555555555556,0.0,0.0,26.764705882352942,SAC,0,4,0,0,4,0,3,0,0,3,0,0,0,0,0,0
71,67,4,0,4,3,0,2,0,1,0,0,0,117,base,1430,1359,361,4.965034965034965,94.36619718309859,75.0,0.0,0.0,26.563649742457688,SAC,0,4,2,0,2,2,1,0,0,1,0,0,0,0,0,0
71,66,5,0,5,3,0,2,0,1,0,0,0,117,B,1430,1359,361,4.965034965034965,92.95774647887323,60.0,0.0,0.0,26.563649742457688,SAC,0,4,2,0,2,2,1,0,0,1,0,0,0,0,0,0
62,58,4,0,4,3,0,3,0,0,0,0,0,118,base,1430,1368,370,4.335664335664336,93.54838709677419,75.0,0.0,0.0,27.046783625730995,SAC,0,1,0,0,1,0,0,0,0,0,0,0,0,0,0,0
62,49,13,1,12,6,0,3,0,1,0,0,0,118,B,1430,1368,370,4.335664335664336,79.03225806451613,50.0,0.0,0.0,27.046783625730995,SAC,0,2,0,0,2,0,1,0,0,1,0,0,0,0,0,0
68,64,4,0,4,2,0,3,1,1,0,0,0,119,base,1430,1362,359,4.755244755244755,94.11764705882354,50.0,1.4705882352941178,25.0,26.358296622613803,SAC,0,2,0,0,2,0,1,0,0,1,0,0,0,0,0,0
68,58,10,0,10,9,0,6,0,2,0,0,0,119,B,1430,1362,359,4.755244755244755,85.29411764705883,90.0,0.0,0.0,26.358296622613803,SAC,0,5,0,0,5,0,2,0,0,2,0,0,0,0,0,0
64,61,3,0,3,2,0,1,0,0,0,0,0,120,base,1430,1366,367,4.475524475524476,95.3125,66.66666666666667,0.0,0.0,26.866764275256223,SAC,0,1,0,0,1,0,0,0,0,0,0,0,0,0,0,0
64,54,10,0,10,5,0,4,0,0,0,0,0,120,B,1430,1366,367,4.475524475524476,84.375,50.0,0.0,0.0,26.866764275256223,SAC,0,3,0,0,3,0,0,0,0,0,0,0,0,0,0,0
74,72,2,0,2,1,0,1,0,1,0,0,0,121,base,1430,1356,360,5.174825174825175,97.29729729729729,50.0,0.0,0.0,26.548672566371682,SAC,0,1,0,0,1,0,1,0,0,1,0,0,0,0,0,0
74,65,9,1,8,4,1,3,0,2,0,0,0,121,B,1430,1356,360,5.174825174825175,87.83783783783784,50.0,0.0,0.0,26.548672566371682,SAC,0,3,0,0,3,0,2,0,0,2,0,0,0,0,0,0
78,74,4,0,4,3,0,3,0,0,0,0,0,122,base,1430,1352,363,5.454545454545454,94.87179487179488,75.0,0.0,0.0,26.849112426035504,SAC,0,1,0,0,1,0,0,0,0,0,0,0,0,0,0,0
78,69,9,0,9,5,0,5,0,0,0,0,0,122,B,1430,1352,363,5.454545454545454,88.46153846153847,55.55555555555556,0.0,0.0,26.849112426035504,SAC,0,2,0,0,2,0,0,0,0,0,0,0,0,0,0,0
67,62,5,0,5,3,0,2,0,0,0,0,0,123,base,1430,1363,369,4.685314685314685,92.53731343283582,60.0,0.0,0.0,27.072633895818047,SAC,0,1,1,0,0,1,0,0,0,0,0,0,0,0,0,0
67,58,9,1,8,4,1,3,0,0,0,0,0,123,B,1430,1363,369,4.685314685314685,86.56716417910448,50.0,0.0,0.0,27.072633895818047,SAC,0,2,1,0,1,1,0,0,0,0,0,0,0,0,0,0
72,69,3,0,3,2,0,1,0,1,0,0,0,124,base,1430,1358,362,5.034965034965035,95.83333333333333,66.66666666666667,0.0,0.0,26.656848306332844,SAC,0,2,1,0,1,1,1,0,0,1,0,0,0,0,0,0
72,60,12,1,11,7,1,5,0,1,0,0,0,124,B,1430,1358,362,5.034965034965035,83.33333333333333,63.63636363636363,0.0,0.0,26.656848306332844,SAC,0,3,1,0,2,1,1,0,0,1,0,0,0,0,0,0
80,77,3,0,3,2,0,1,0,1,0,0,0,125,base,1430,1350,360,5.594405594405594,96.25,66.66666666666667,0.0,0.0,26.666666666666668,SAC,0,1,0,0,1,0,1,0,0,1,0,0,0,0,0,0
80,70,10,0,10,6,0,2,0,1,0,0,0,125,B,1430,1350,360,5.594405594405594,87.5,60.0,0.0,0.0,26.666666666666668,SAC,0,2,0,0,2,0,1,0,0,1,0,0,0,0,0,0
59,56,3,0,3,2,0,2,0,0,0,0,0,126,base,1430,1371,366,4.125874125874126,94.91525423728814,66.66666666666667,0.0,0.0,26.695842450765863,SAC,0,2,0,0,2,0,0,0,0,0,0,0,0,0,0,0
59,52,7,0,7,5,0,3,0,1,0,0,0,126,B,1430,1371,366,4.125874125874126,88.13559322033899,71.42857142857143,0.0,0.0,26.695842450765863,SAC,0,3,0,0,3,0,1,0,0,1,0,0,0,0,0,0
69,68,1,0,1,0,0,0,0,0,0,0,0,127,base,1430,1361,355,4.825174825174825,98.55072463768116,0.0,0.0,0.0,26.083761939750183,SAC,0,1,1,0,0,1,0,0,0,0,0,0,0,0,0,0
69,64,5,0,5,4,0,1,0,1,0,0,0,127,B,1430,1361,355,4.825174825174825,92.7536231884058,80.0,0.0,0.0,26.083761939750183,SAC,0,2,1,0,1,1,1,0,0,1,0,0,0,0,0,0
66,58,8,0,8,5,0,2,0,0,0,0,0,128,base,1430,1364,366,4.615384615384615,87.87878787878788,62.5,0.0,0.0,26.832844574780058,SAC,0,1,1,0,0,1,0,0,0,0,0,0,0,0,0,0
66,53,13,0,13,5,0,5,2,0,0,0,0,128,B,1430,1364,366,4.615384615384615,80.3030303030303,38.46153846153846,3.0303030303030303,15.384615384615385,26.832844574780058,SAC,0,2,1,0,1,1,0,0,0,0,0,0,0,0,0,0
57,57,0,0,0,0,0,0,0,0,0,0,0,129,base,1430,1373,360,3.986013986013986,100.0,,0.0,,26.219956300072834,SAC,0,0,0,0,0,0,0,0,0,0,0,0,0,0,0,0
57,53,4,1,3,2,1,1,0,0,0,0,0,129,B,1430,1373,360,3.986013986013986,92.98245614035088,66.66666666666667,0.0,0.0,26.219956300072834,SAC,0,1,0,0,1,0,0,0,0,0,0,0,0,0,0,0
93,88,5,0,5,4,0,1,0,0,0,0,0,130,base,1430,1337,354,6.503496503496503,94.6236559139785,80.0,0.0,0.0,26.477187733732237,SAC,0,1,1,0,0,1,0,0,0,0,0,0,0,0,0,0
93,73,20,1,19,13,0,10,0,5,0,0,0,130,B,1430,1337,354,6.503496503496503,78.49462365591398,68.42105263157895,0.0,0.0,26.477187733732237,SAC,0,9,1,0,8,1,4,0,0,4,0,0,0,0,0,0
94,91,3,0,3,1,0,1,0,0,0,0,0,131,base,1430,1336,359,6.573426573426573,96.80851063829788,33.333333333333336,0.0,0.0,26.87125748502994,SAC,0,2,2,0,0,2,0,0,0,0,0,0,0,0,0,0
94,82,12,0,12,6,0,3,0,2,0,0,0,131,B,1430,1336,359,6.573426573426573,87.23404255319149,50.0,0.0,0.0,26.87125748502994,SAC,0,5,2,0,3,2,2,0,0,2,0,0,0,0,0,0
62,60,2,0,2,2,0,0,0,0,0,0,0,132,base,1430,1368,360,4.335664335664336,96.7741935483871,100.0,0.0,0.0,26.31578947368421,SAC,0,0,0,0,0,0,0,0,0,0,0,0,0,0,0,0
62,54,8,0,8,5,0,4,0,2,0,0,0,132,B,1430,1368,360,4.335664335664336,87.09677419354838,62.5,0.0,0.0,26.31578947368421,SAC,0,3,0,0,3,0,2,0,0,2,0,0,0,0,0,0
66,62,4,0,4,2,0,1,0,0,0,0,0,133,base,1430,1364,363,4.615384615384615,93.93939393939394,50.0,0.0,0.0,26.612903225806452,SAC,0,1,1,0,0,1,0,0,0,0,0,0,0,0,0,0
66,56,10,0,10,7,0,3,0,2,0,0,0,133,B,1430,1364,363,4.615384615384615,84.84848484848484,70.0,0.0,0.0,26.612903225806452,SAC,0,3,1,0,2,1,2,0,0,2,0,0,0,0,0,0
73,67,6,0,6,3,0,4,1,1,0,0,0,134,base,1430,1357,353,5.104895104895105,91.78082191780823,50.0,1.36986301369863,16.666666666666668,26.013264554163595,SAC,0,4,1,0,3,1,1,0,0,1,0,0,0,0,0,0
73,61,12,0,12,9,0,9,0,4,0,0,0,134,B,1430,1357,353,5.104895104895105,83.56164383561644,75.0,0.0,0.0,26.013264554163595,SAC,0,9,1,0,8,1,4,0,0,4,0,0,0,0,0,0
74,71,3,0,3,2,0,1,0,0,0,0,0,135,base,1430,1356,357,5.174825174825175,95.94594594594595,66.66666666666667,0.0,0.0,26.327433628318584,SAC,0,1,1,0,0,1,0,0,0,0,0,0,0,0,0,0
74,66,8,1,7,5,1,5,0,0,0,0,0,135,B,1430,1356,357,5.174825174825175,89.1891891891892,71.42857142857143,0.0,0.0,26.327433628318584,SAC,0,3,1,0,2,1,0,0,0,0,0,0,0,0,0,0
62,57,5,0,5,2,0,2,0,0,0,0,0,136,base,1430,1368,367,4.335664335664336,91.93548387096774,40.0,0.0,0.0,26.827485380116958,SAC,0,1,0,0,1,0,0,0,0,0,0,0,0,0,0,0
62,54,8,0,8,3,0,3,1,0,0,0,0,136,B,1430,1368,367,4.335664335664336,87.09677419354838,37.5,1.6129032258064515,12.5,26.827485380116958,SAC,0,1,0,0,1,0,0,0,0,0,0,0,0,0,0,0
67,65,2,0,2,1,0,2,1,0,0,0,0,137,base,1430,1363,366,4.685314685314685,97.01492537313433,50.0,1.492537313432836,50.0,26.852531181217902,SAC,0,3,2,1,2,1,0,0,0,0,0,0,0,0,0,0
67,54,13,0,13,8,0,6,0,2,0,0,0,137,B,1430,1363,366,4.685314685314685,80.59701492537313,61.53846153846154,0.0,0.0,26.852531181217902,SAC,0,7,1,0,6,1,2,0,0,2,0,0,0,0,0,0
86,79,7,0,7,4,0,4,1,1,0,0,0,138,base,1430,1344,359,6.013986013986014,91.86046511627907,57.142857142857146,1.1627906976744187,14.285714285714286,26.711309523809526,SAC,0,2,0,0,2,0,1,0,0,1,0,0,0,0,0,0
86,72,14,0,14,11,0,9,1,4,0,0,0,138,B,1430,1344,359,6.013986013986014,83.72093023255815,78.57142857142857,1.1627906976744187,7.142857142857143,26.711309523809526,SAC,0,5,0,0,5,0,4,0,0,4,0,0,0,0,0,0
58,55,3,0,3,3,0,3,0,0,0,0,0,139,base,1430,1372,366,4.055944055944056,94.82758620689656,100.0,0.0,0.0,26.676384839650147,SAC,0,2,0,0,2,0,0,0,0,0,0,0,0,0,0,0
58,51,7,0,7,5,0,5,0,1,0,0,0,139,B,1430,1372,366,4.055944055944056,87.93103448275862,71.42857142857143,0.0,0.0,26.676384839650147,SAC,0,3,0,0,3,0,1,0,0,1,0,0,0,0,0,0
57,55,2,0,2,1,0,0,0,0,0,0,0,140,base,1430,1373,364,3.986013986013986,96.49122807017544,50.0,0.0,0.0,26.51128914785142,SAC,0,0,0,0,0,0,0,0,0,0,0,0,0,0,0,0
57,50,7,0,7,3,0,2,0,0,0,0,0,140,B,1430,1373,364,3.986013986013986,87.71929824561404,42.857142857142854,0.0,0.0,26.51128914785142,SAC,0,1,0,0,1,0,0,0,0,0,0,0,0,0,0,0
64,62,2,0,2,1,0,0,0,0,0,0,0,141,base,1430,1366,368,4.475524475524476,96.875,50.0,0.0,0.0,26.939970717423133,SAC,0,0,0,0,0,0,0,0,0,0,0,0,0,0,0,0
64,58,6,0,6,4,0,2,0,1,0,0,0,141,B,1430,1366,368,4.475524475524476,90.625,66.66666666666667,0.0,0.0,26.939970717423133,SAC,0,2,0,0,2,0,1,0,0,1,0,0,0,0,0,0
69,65,4,0,4,3,0,1,0,0,0,0,0,42,base,1511,1442,301,4.5665122435473195,94.20289855072464,75.0,0.0,0.0,20.87378640776699,SAG,0,1,0,0,1,0,0,0,0,0,0,0,0,0,0,0
69,58,11,0,11,5,0,4,0,2,0,0,0,42,B,1511,1442,301,4.5665122435473195,84.05797101449275,45.45454545454545,0.0,0.0,20.87378640776699,SAG,0,4,0,0,4,0,2,0,0,2,0,0,0,0,0,0
97,91,6,0,6,4,0,3,0,1,0,0,0,43,base,1511,1414,292,6.41958967571145,93.81443298969072,66.66666666666667,0.0,0.0,20.650636492220652,SAG,0,3,0,0,3,0,1,0,0,1,0,0,0,0,0,0
97,82,15,0,15,11,0,7,0,3,0,0,0,43,B,1511,1414,292,6.41958967571145,84.5360824742268,73.33333333333333,0.0,0.0,20.650636492220652,SAG,0,6,0,0,6,0,3,0,0,3,0,0,0,0,0,0
73,69,4,0,4,4,0,3,0,0,0,0,0,44,base,1511,1438,300,4.831237590999338,94.52054794520548,100.0,0.0,0.0,20.86230876216968,SAG,0,1,0,0,1,0,0,0,0,0,0,0,0,0,0,0
73,57,16,0,16,12,0,8,0,2,0,0,0,44,B,1511,1438,300,4.831237590999338,78.08219178082192,75.0,0.0,0.0,20.86230876216968,SAG,0,5,0,0,5,0,2,0,0,2,0,0,0,0,0,0
77,74,3,0,3,2,0,2,0,0,0,0,0,45,base,1511,1434,299,5.095962938451357,96.1038961038961,66.66666666666667,0.0,0.0,20.850767085076708,SAG,0,2,0,0,2,0,0,0,0,0,0,0,0,0,0,0
77,69,8,1,7,6,0,5,0,2,0,0,0,45,B,1511,1434,299,5.095962938451357,89.6103896103896,85.71428571428571,0.0,0.0,20.850767085076708,SAG,0,4,0,0,4,0,2,0,0,2,0,0,0,0,0,0
75,68,7,0,7,6,0,4,0,3,0,0,0,46,base,1511,1436,300,4.963600264725348,90.66666666666667,85.71428571428571,0.0,0.0,20.891364902506965,SAG,0,4,0,0,4,0,3,0,0,3,0,0,0,0,0,0
75,60,15,0,15,9,0,5,0,3,0,0,0,46,B,1511,1436,300,4.963600264725348,80.0,60.0,0.0,0.0,20.891364902506965,SAG,0,5,0,0,5,0,3,0,0,3,0,0,0,0,0,0
79,76,3,0,3,2,0,2,0,1,0,0,0,47,base,1511,1432,296,5.228325612177366,96.20253164556962,66.66666666666667,0.0,0.0,20.670391061452513,SAG,0,1,0,0,1,0,1,0,0,1,0,0,0,0,0,0
79,66,13,0,13,10,0,7,0,3,0,0,0,47,B,1511,1432,296,5.228325612177366,83.54430379746836,76.92307692307692,0.0,0.0,20.670391061452513,SAG,0,3,0,0,3,0,2,0,0,2,0,0,0,0,0,0
75,73,2,0,2,1,0,1,0,0,0,0,0,48,base,1511,1436,303,4.963600264725348,97.33333333333333,50.0,0.0,0.0,21.100278551532032,SAG,0,1,0,0,1,0,0,0,0,0,0,0,0,0,0,0
75,61,14,0,14,9,0,8,0,3,0,0,0,48,B,1511,1436,303,4.963600264725348,81.33333333333333,64.28571428571429,0.0,0.0,21.100278551532032,SAG,0,6,0,0,6,0,3,0,0,3,0,0,0,0,0,0
80,74,6,0,6,4,0,2,0,0,0,0,0,49,base,1511,1431,300,5.294506949040371,92.5,66.66666666666667,0.0,0.0,20.964360587002098,SAG,0,1,0,0,1,0,0,0,0,0,0,0,0,0,0,0
80,66,14,0,14,7,0,4,0,2,0,0,0,49,B,1511,1431,300,5.294506949040371,82.5,50.0,0.0,0.0,20.964360587002098,SAG,0,4,0,0,4,0,2,0,0,2,0,0,0,0,0,0
68,67,1,0,1,1,0,0,0,0,0,0,0,50,base,1511,1443,296,4.500330906684315,98.52941176470588,100.0,0.0,0.0,20.512820512820515,SAG,0,0,0,0,0,0,0,0,0,0,0,0,0,0,0,0
68,62,6,0,6,5,0,3,0,1,0,0,0,50,B,1511,1443,296,4.500330906684315,91.17647058823529,83.33333333333333,0.0,0.0,20.512820512820515,SAG,0,2,0,0,2,0,1,0,0,1,0,0,0,0,0,0
67,62,5,0,5,5,0,4,0,0,0,0,0,51,base,1511,1444,305,4.434149569821311,92.53731343283582,100.0,0.0,0.0,21.121883656509695,SAG,0,3,1,0,2,1,0,0,0,0,0,0,0,0,0,0
67,55,12,1,11,4,0,5,1,0,0,0,0,51,B,1511,1444,305,4.434149569821311,82.08955223880596,36.36363636363637,1.492537313432836,8.333333333333334,21.121883656509695,SAG,0,3,1,0,2,1,0,0,0,0,0,0,0,0,0,0
84,78,6,0,6,5,0,2,0,0,0,0,0,52,base,1511,1427,297,5.5592322964923895,92.85714285714286,83.33333333333333,0.0,0.0,20.812894183601962,SAG,0,2,0,0,2,0,0,0,0,0,0,0,0,0,0,0
84,76,8,0,8,4,0,3,0,0,0,0,0,52,B,1511,1427,297,5.5592322964923895,90.47619047619048,50.0,0.0,0.0,20.812894183601962,SAG,0,3,0,0,3,0,0,0,0,0,0,0,0,0,0,0
82,74,8,0,8,4,0,2,0,0,0,0,0,53,base,1511,1429,295,5.42686962276638,90.2439024390244,50.0,0.0,0.0,20.643806857942618,SAG,0,1,0,0,1,0,0,0,0,0,0,0,0,0,0,0
82,67,15,0,15,7,0,4,1,1,0,0,0,53,B,1511,1429,295,5.42686962276638,81.70731707317073,46.666666666666664,1.2195121951219512,6.666666666666667,20.643806857942618,SAG,0,2,0,0,2,0,1,0,0,1,0,0,0,0,0,0
77,74,3,0,3,2,0,1,0,1,0,0,0,54,base,1511,1434,299,5.095962938451357,96.1038961038961,66.66666666666667,0.0,0.0,20.850767085076708,SAG,0,1,0,0,1,0,1,0,0,1,0,0,0,0,0,0
77,66,11,0,11,9,0,7,0,3,0,0,0,54,B,1511,1434,299,5.095962938451357,85.71428571428571,81.81818181818181,0.0,0.0,20.850767085076708,SAG,0,6,0,0,6,0,3,0,0,3,0,0,0,0,0,0
74,72,2,0,2,2,0,2,0,1,0,0,0,55,base,1511,1437,295,4.897418927862343,97.29729729729729,100.0,0.0,0.0,20.528879610299235,SAG,0,3,1,0,2,1,1,0,0,1,0,0,0,0,0,0
74,64,10,0,10,7,0,5,0,2,0,0,0,55,B,1511,1437,295,4.897418927862343,86.48648648648648,70.0,0.0,0.0,20.528879610299235,SAG,0,4,1,0,3,1,2,0,0,2,0,0,0,0,0,0
70,63,7,0,7,4,0,2,0,1,0,0,0,56,base,1511,1441,297,4.632693580410324,90.0,57.142857142857146,0.0,0.0,20.610687022900763,SAG,0,1,0,0,1,0,1,0,0,1,0,0,0,0,0,0
70,62,8,0,8,5,0,3,0,1,0,0,0,56,B,1511,1441,297,4.632693580410324,88.57142857142857,62.5,0.0,0.0,20.610687022900763,SAG,0,2,0,0,2,0,1,0,0,1,0,0,0,0,0,0
73,71,2,0,2,1,0,0,0,0,0,0,0,57,base,1511,1438,303,4.831237590999338,97.26027397260275,50.0,0.0,0.0,21.07093184979138,SAG,0,0,0,0,0,0,0,0,0,0,0,0,0,0,0,0
73,57,16,0,16,8,0,5,1,0,0,0,0,57,B,1511,1438,303,4.831237590999338,78.08219178082192,50.0,1.36986301369863,6.25,21.07093184979138,SAG,0,3,1,1,3,0,0,0,0,0,0,0,0,0,0,0
80,76,4,0,4,3,0,1,0,0,0,0,0,58,base,1511,1431,292,5.294506949040371,95.0,75.0,0.0,0.0,20.405310971348708,SAG,0,1,1,0,0,1,0,0,0,0,0,0,0,0,0,0
80,70,10,0,10,5,0,1,0,0,0,0,0,58,B,1511,1431,292,5.294506949040371,87.5,50.0,0.0,0.0,20.405310971348708,SAG,0,2,1,0,1,1,0,0,0,0,0,0,0,0,0,0
82,79,3,0,3,3,0,1,0,0,0,0,0,59,base,1511,1429,290,5.42686962276638,96.34146341463415,100.0,0.0,0.0,20.293911826452064,SAG,0,2,1,0,1,1,0,0,0,0,0,0,0,0,0,0
82,70,12,0,12,8,0,6,0,3,0,0,0,59,B,1511,1429,290,5.42686962276638,85.36585365853658,66.66666666666667,0.0,0.0,20.293911826452064,SAG,0,5,1,0,4,1,3,0,0,3,0,0,0,0,0,0
73,73,0,0,0,0,0,0,0,0,0,0,0,60,base,1511,1438,299,4.831237590999338,100.0,,0.0,,20.79276773296245,SAG,0,0,0,0,0,0,0,0,0,0,0,0,0,0,0,0
73,66,7,0,7,5,0,3,0,1,0,0,0,60,B,1511,1438,299,4.831237590999338,90.41095890410959,71.42857142857143,0.0,0.0,20.79276773296245,SAG,0,3,0,0,3,0,1,0,0,1,0,0,0,0,0,0
66,63,3,0,3,1,0,1,0,1,0,0,0,61,base,1511,1445,306,4.367968232958305,95.45454545454545,33.333333333333336,0.0,0.0,21.176470588235293,SAG,0,1,0,0,1,0,1,0,0,1,0,0,0,0,0,0
66,59,7,0,7,4,0,2,0,1,0,0,0,61,B,1511,1445,306,4.367968232958305,89.39393939393939,57.142857142857146,0.0,0.0,21.176470588235293,SAG,0,1,0,0,1,0,1,0,0,1,0,0,0,0,0,0
78,78,0,0,0,0,0,0,0,0,0,0,0,62,base,1511,1433,302,5.162144275314361,100.0,,0.0,,21.07466852756455,SAG,0,0,0,0,0,0,0,0,0,0,0,0,0,0,0,0
78,72,6,1,5,3,1,2,0,1,0,0,0,62,B,1511,1433,302,5.162144275314361,92.3076923076923,60.0,0.0,0.0,21.07466852756455,SAG,0,2,0,0,2,0,1,0,0,1,0,0,0,0,0,0
73,68,5,0,5,3,0,3,0,0,0,0,0,63,base,1511,1438,306,4.831237590999338,93.15068493150685,60.0,0.0,0.0,21.279554937413074,SAG,0,2,0,0,2,0,0,0,0,0,0,0,0,0,0,0
73,62,11,0,11,6,0,6,0,1,0,0,0,63,B,1511,1438,306,4.831237590999338,84.93150684931507,54.54545454545455,0.0,0.0,21.279554937413074,SAG,0,5,0,0,5,0,1,0,0,1,0,0,0,0,0,0
86,84,2,0,2,1,0,0,0,0,0,0,0,64,base,1511,1425,293,5.691594970218398,97.67441860465117,50.0,0.0,0.0,20.56140350877193,SAG,0,0,0,0,0,0,0,0,0,0,0,0,0,0,0,0
86,76,10,2,8,6,0,4,0,2,0,0,0,64,B,1511,1425,293,5.691594970218398,88.37209302325581,75.0,0.0,0.0,20.56140350877193,SAG,0,3,0,0,3,0,2,0,0,2,0,0,0,0,0,0
71,66,5,0,5,3,0,2,0,0,0,0,0,65,base,1511,1440,291,4.698874917273329,92.95774647887323,60.0,0.0,0.0,20.208333333333332,SAG,0,2,0,0,2,0,0,0,0,0,0,0,0,0,0,0
71,62,9,0,9,6,0,3,0,1,0,0,0,65,B,1511,1440,291,4.698874917273329,87.32394366197182,66.66666666666667,0.0,0.0,20.208333333333332,SAG,0,2,0,0,2,0,1,0,0,1,0,0,0,0,0,0
58,57,1,0,1,0,0,0,0,0,0,0,0,66,base,1511,1453,301,3.8385175380542687,98.27586206896552,0.0,0.0,0.0,20.715760495526496,SAG,0,0,0,0,0,0,0,0,0,0,0,0,0,0,0,0
58,48,10,0,10,8,0,6,0,2,0,0,0,66,B,1511,1453,301,3.8385175380542687,82.75862068965517,80.0,0.0,0.0,20.715760495526496,SAG,0,5,0,0,5,0,2,0,0,2,0,0,0,0,0,0
74,72,2,0,2,1,0,0,0,0,0,0,0,67,base,1511,1437,304,4.897418927862343,97.29729729729729,50.0,0.0,0.0,21.15518441196938,SAG,0,0,0,0,0,0,0,0,0,0,0,0,0,0,0,0
74,60,14,0,14,10,0,6,0,1,0,0,0,67,B,1511,1437,304,4.897418927862343,81.08108108108108,71.42857142857143,0.0,0.0,21.15518441196938,SAG,0,4,0,0,4,0,1,0,0,1,0,0,0,0,0,0
74,70,4,0,4,3,0,2,0,1,0,0,0,68,base,1511,1437,300,4.897418927862343,94.5945945945946,75.0,0.0,0.0,20.876826722338205,SAG,0,2,0,0,2,0,1,0,0,1,0,0,0,0,0,0
74,64,10,0,10,5,0,3,0,2,0,0,0,68,B,1511,1437,300,4.897418927862343,86.48648648648648,50.0,0.0,0.0,20.876826722338205,SAG,0,3,0,0,3,0,2,0,0,2,0,0,0,0,0,0
80,74,6,0,6,3,0,3,0,3,0,0,0,69,base,1511,1431,293,5.294506949040371,92.5,50.0,0.0,0.0,20.47519217330538,SAG,0,5,2,0,3,2,3,0,0,3,0,0,0,0,0,0
80,63,17,0,17,11,0,7,0,4,0,0,0,69,B,1511,1431,293,5.294506949040371,78.75,64.70588235294117,0.0,0.0,20.47519217330538,SAG,0,8,2,0,6,2,4,0,0,4,0,0,0,0,0,0
75,68,7,0,7,4,0,4,0,0,0,0,0,70,base,1511,1436,304,4.963600264725348,90.66666666666667,57.142857142857146,0.0,0.0,21.16991643454039,SAG,0,3,0,0,3,0,0,0,0,0,0,0,0,0,0,0
75,65,10,0,10,6,0,6,0,0,0,0,0,70,B,1511,1436,304,4.963600264725348,86.66666666666667,60.0,0.0,0.0,21.16991643454039,SAG,0,4,0,0,4,0,0,0,0,0,0,0,0,0,0,0
66,64,2,0,2,1,0,0,0,0,0,0,0,71,base,1511,1445,301,4.367968232958305,96.96969696969697,50.0,0.0,0.0,20.830449826989618,SAG,0,0,0,0,0,0,0,0,0,0,0,0,0,0,0,0
66,61,5,0,5,3,0,0,0,0,0,0,0,71,B,1511,1445,301,4.367968232958305,92.42424242424242,60.0,0.0,0.0,20.830449826989618,SAG,0,0,0,0,0,0,0,0,0,0,0,0,0,0,0,0
65,63,2,0,2,2,0,1,0,0,0,0,0,72,base,1511,1446,304,4.301786896095301,96.92307692307692,100.0,0.0,0.0,21.023513139695712,SAG,0,1,0,0,1,0,0,0,0,0,0,0,0,0,0,0
65,61,4,0,4,2,0,1,0,0,0,0,0,72,B,1511,1446,304,4.301786896095301,93.84615384615384,50.0,0.0,0.0,21.023513139695712,SAG,0,1,0,0,1,0,0,0,0,0,0,0,0,0,0,0
68,67,1,0,1,0,0,0,0,0,0,0,0,73,base,1511,1443,300,4.500330906684315,98.52941176470588,0.0,0.0,0.0,20.79002079002079,SAG,0,0,0,0,0,0,0,0,0,0,0,0,0,0,0,0
68,60,8,0,8,6,0,2,0,1,0,0,0,73,B,1511,1443,300,4.500330906684315,88.23529411764706,75.0,0.0,0.0,20.79002079002079,SAG,0,2,0,0,2,0,1,0,0,1,0,0,0,0,0,0
62,60,2,0,2,2,0,1,0,0,0,0,0,74,base,1511,1449,299,4.103242885506287,96.7741935483871,100.0,0.0,0.0,20.634920634920636,SAG,0,1,0,0,1,0,0,0,0,0,0,0,0,0,0,0
62,54,8,0,8,5,0,3,0,0,0,0,0,74,B,1511,1449,299,4.103242885506287,87.09677419354838,62.5,0.0,0.0,20.634920634920636,SAG,0,3,0,0,3,0,0,0,0,0,0,0,0,0,0,0
82,77,5,0,5,4,0,4,0,1,0,0,0,75,base,1511,1429,299,5.42686962276638,93.90243902439025,80.0,0.0,0.0,20.92372288313506,SAG,0,2,0,0,2,0,1,0,0,1,0,0,0,0,0,0
82,68,14,0,14,10,0,9,0,2,0,0,0,75,B,1511,1429,299,5.42686962276638,82.92682926829268,71.42857142857143,0.0,0.0,20.92372288313506,SAG,0,6,0,0,6,0,2,0,0,2,0,0,0,0,0,0
64,59,5,0,5,4,0,2,0,0,0,0,0,76,base,1511,1447,298,4.2356055592322965,92.1875,80.0,0.0,0.0,20.594333102971664,SAG,0,1,0,0,1,0,0,0,0,0,0,0,0,0,0,0
64,52,12,1,11,7,0,4,0,0,0,0,0,76,B,1511,1447,298,4.2356055592322965,81.25,63.63636363636363,0.0,0.0,20.594333102971664,SAG,0,3,0,0,3,0,0,0,0,0,0,0,0,0,0,0
85,76,9,0,9,5,0,5,0,1,0,0,0,77,base,1511,1426,291,5.625413633355394,89.41176470588235,55.55555555555556,0.0,0.0,20.406732117812062,SAG,0,4,1,0,3,1,1,0,0,1,0,0,0,0,0,0
85,71,14,0,14,10,0,7,0,1,0,0,0,77,B,1511,1426,291,5.625413633355394,83.52941176470588,71.42857142857143,0.0,0.0,20.406732117812062,SAG,0,5,1,0,4,1,1,0,0,1,0,0,0,0,0,0
71,67,4,0,4,4,0,3,0,1,0,0,0,78,base,1511,1440,293,4.698874917273329,94.36619718309859,100.0,0.0,0.0,20.34722222222222,SAG,0,4,2,0,2,2,1,0,0,1,0,0,0,0,0,0
71,57,14,0,14,10,0,8,1,2,0,0,0,78,B,1511,1440,293,4.698874917273329,80.28169014084507,71.42857142857143,1.408450704225352,7.142857142857143,20.34722222222222,SAG,0,6,1,1,5,0,2,0,0,2,0,0,0,0,0,0
83,77,6,0,6,5,0,5,0,3,0,0,0,79,base,1511,1428,295,5.493050959629384,92.7710843373494,83.33333333333333,0.0,0.0,20.65826330532213,SAG,0,4,0,0,4,0,3,0,0,3,0,0,0,0,0,0
83,72,11,0,11,10,0,9,0,5,0,0,0,79,B,1511,1428,295,5.493050959629384,86.74698795180723,90.9090909090909,0.0,0.0,20.65826330532213,SAG,0,8,0,0,8,0,5,0,0,5,0,0,0,0,0,0
81,79,2,0,2,0,0,0,0,0,0,0,0,80,base,1511,1430,296,5.360688285903375,97.53086419753086,0.0,0.0,0.0,20.6993006993007,SAG,0,1,1,0,0,1,0,0,0,0,0,0,0,0,0,0
81,77,4,0,4,0,0,0,0,0,0,0,0,80,B,1511,1430,296,5.360688285903375,95.06172839506173,0.0,0.0,0.0,20.6993006993007,SAG,0,1,1,0,0,1,0,0,0,0,0,0,0,0,0,0
89,84,5,0,5,1,0,1,0,1,0,0,0,81,base,1511,1422,287,5.8901389808074125,94.38202247191012,20.0,0.0,0.0,20.182841068917018,SAG,0,1,0,0,1,0,1,0,0,1,0,0,0,0,0,0
89,73,16,0,16,9,0,6,0,5,0,0,0,81,B,1511,1422,287,5.8901389808074125,82.02247191011236,56.25,0.0,0.0,20.182841068917018,SAG,0,5,0,0,5,0,5,0,0,5,0,0,0,0,0,0
66,64,2,0,2,2,0,1,0,0,0,0,0,82,base,1511,1445,301,4.367968232958305,96.96969696969697,100.0,0.0,0.0,20.830449826989618,SAG,0,1,0,0,1,0,0,0,0,0,0,0,0,0,0,0
66,59,7,0,7,3,0,1,0,0,0,0,0,82,B,1511,1445,301,4.367968232958305,89.39393939393939,42.857142857142854,0.0,0.0,20.830449826989618,SAG,0,1,0,0,1,0,0,0,0,0,0,0,0,0,0,0
99,94,5,0,5,4,0,2,0,0,0,0,0,83,base,1511,1412,287,6.5519523494374585,94.94949494949495,80.0,0.0,0.0,20.325779036827196,SAG,0,1,0,0,1,0,0,0,0,0,0,0,0,0,0,0
99,83,16,0,16,8,0,5,0,0,0,0,0,83,B,1511,1412,287,6.5519523494374585,83.83838383838383,50.0,0.0,0.0,20.325779036827196,SAG,0,1,0,0,1,0,0,0,0,0,0,0,0,0,0,0
71,66,5,0,5,3,0,1,0,0,0,0,0,84,base,1511,1440,297,4.698874917273329,92.95774647887323,60.0,0.0,0.0,20.625,SAG,0,1,0,0,1,0,0,0,0,0,0,0,0,0,0,0
71,61,10,0,10,5,0,2,0,0,0,0,0,84,B,1511,1440,297,4.698874917273329,85.91549295774648,50.0,0.0,0.0,20.625,SAG,0,1,0,0,1,0,0,0,0,0,0,0,0,0,0,0
71,67,4,0,4,1,0,1,0,0,0,0,0,85,base,1511,1440,295,4.698874917273329,94.36619718309859,25.0,0.0,0.0,20.48611111111111,SAG,0,0,0,0,0,0,0,0,0,0,0,0,0,0,0,0
71,58,13,0,13,8,0,6,0,5,0,0,0,85,B,1511,1440,295,4.698874917273329,81.69014084507042,61.53846153846154,0.0,0.0,20.48611111111111,SAG,0,5,0,0,5,0,5,0,0,5,0,0,0,0,0,0
59,58,1,0,1,1,0,0,0,0,0,0,0,86,base,1511,1452,310,3.9046988749172735,98.30508474576271,100.0,0.0,0.0,21.349862258953166,SAG,0,0,0,0,0,0,0,0,0,0,0,0,0,0,0,0
59,50,9,0,9,4,0,5,1,2,0,0,0,86,B,1511,1452,310,3.9046988749172735,84.7457627118644,44.44444444444444,1.694915254237288,11.11111111111111,21.349862258953166,SAG,0,3,0,0,3,0,2,0,0,2,0,0,0,0,0,0
65,64,1,0,1,0,0,0,0,0,0,0,0,87,base,1511,1446,302,4.301786896095301,98.46153846153847,0.0,0.0,0.0,20.885200553250346,SAG,0,0,0,0,0,0,0,0,0,0,0,0,0,0,0,0
65,57,8,0,8,4,0,3,0,0,0,0,0,87,B,1511,1446,302,4.301786896095301,87.6923076923077,50.0,0.0,0.0,20.885200553250346,SAG,0,2,0,0,2,0,0,0,0,0,0,0,0,0,0,0
73,72,1,0,1,0,0,0,0,0,0,0,0,88,base,1511,1438,305,4.831237590999338,98.63013698630137,0.0,0.0,0.0,21.21001390820584,SAG,0,1,1,0,0,1,0,0,0,0,0,0,0,0,0,0
73,64,9,0,9,4,0,1,0,0,0,0,0,88,B,1511,1438,305,4.831237590999338,87.67123287671232,44.44444444444444,0.0,0.0,21.21001390820584,SAG,0,2,1,0,1,1,0,0,0,0,0,0,0,0,0,0
64,61,3,0,3,1,0,0,0,0,0,0,0,89,base,1511,1447,300,4.2356055592322965,95.3125,33.333333333333336,0.0,0.0,20.73255010366275,SAG,0,1,1,0,0,1,0,0,0,0,0,0,0,0,0,0
64,53,11,0,11,9,0,3,0,3,0,0,0,89,B,1511,1447,300,4.2356055592322965,82.8125,81.81818181818181,0.0,0.0,20.73255010366275,SAG,0,4,1,0,3,1,3,0,0,3,0,0,0,0,0,0
66,61,5,0,5,3,0,2,0,0,0,0,0,90,base,1511,1445,303,4.367968232958305,92.42424242424242,60.0,0.0,0.0,20.968858131487888,SAG,0,2,0,0,2,0,0,0,0,0,0,0,0,0,0,0
66,56,10,1,9,7,0,5,0,3,0,0,0,90,B,1511,1445,303,4.367968232958305,84.84848484848484,77.77777777777777,0.0,0.0,20.968858131487888,SAG,0,5,0,0,5,0,3,0,0,3,0,0,0,0,0,0
91,88,3,0,3,2,0,2,0,1,0,0,0,91,base,1511,1420,291,6.022501654533421,96.7032967032967,66.66666666666667,0.0,0.0,20.492957746478872,SAG,0,1,0,0,1,0,1,0,0,1,0,0,0,0,0,0
91,81,10,0,10,7,0,5,0,2,0,0,0,91,B,1511,1420,291,6.022501654533421,89.01098901098901,70.0,0.0,0.0,20.492957746478872,SAG,0,4,0,0,4,0,2,0,0,2,0,0,0,0,0,0
75,70,5,0,5,4,0,1,0,0,0,0,0,92,base,1511,1436,302,4.963600264725348,93.33333333333333,80.0,0.0,0.0,21.030640668523677,SAG,0,0,0,0,0,0,0,0,0,0,0,0,0,0,0,0
75,67,8,0,8,3,0,1,0,0,0,0,0,92,B,1511,1436,302,4.963600264725348,89.33333333333333,37.5,0.0,0.0,21.030640668523677,SAG,0,0,0,0,0,0,0,0,0,0,0,0,0,0,0,0
72,62,10,0,10,8,0,7,0,2,0,0,0,93,base,1511,1439,304,4.765056254136334,86.11111111111111,80.0,0.0,0.0,21.125781792911745,SAG,0,4,0,0,4,0,2,0,0,2,0,0,0,0,0,0
72,55,17,0,17,12,0,8,0,3,0,0,0,93,B,1511,1439,304,4.765056254136334,76.38888888888889,70.58823529411765,0.0,0.0,21.125781792911745,SAG,0,5,0,0,5,0,3,0,0,3,0,0,0,0,0,0
81,74,7,0,7,6,0,4,0,1,0,0,0,94,base,1511,1430,296,5.360688285903375,91.35802469135803,85.71428571428571,0.0,0.0,20.6993006993007,SAG,0,1,0,0,1,0,1,0,0,1,0,0,0,0,0,0
81,69,12,0,12,7,0,4,0,0,0,0,0,94,B,1511,1430,296,5.360688285903375,85.18518518518519,58.333333333333336,0.0,0.0,20.6993006993007,SAG,0,1,0,0,1,0,0,0,0,0,0,0,0,0,0,0
84,81,3,0,3,2,0,2,0,0,0,0,0,95,base,1511,1427,299,5.5592322964923895,96.42857142857143,66.66666666666667,0.0,0.0,20.953048353188507,SAG,0,1,0,0,1,0,0,0,0,0,0,0,0,0,0,0
84,78,6,0,6,4,0,2,0,0,0,0,0,95,B,1511,1427,299,5.5592322964923895,92.85714285714286,66.66666666666667,0.0,0.0,20.953048353188507,SAG,0,1,0,0,1,0,0,0,0,0,0,0,0,0,0,0
61,59,2,0,2,2,0,2,0,1,0,0,0,96,base,1511,1450,299,4.037061548643282,96.72131147540983,100.0,0.0,0.0,20.620689655172413,SAG,0,2,0,0,2,0,1,0,0,1,0,0,0,0,0,0
61,58,3,0,3,3,0,2,0,1,0,0,0,96,B,1511,1450,299,4.037061548643282,95.08196721311475,100.0,0.0,0.0,20.620689655172413,SAG,0,2,0,0,2,0,1,0,0,1,0,0,0,0,0,0
65,61,4,0,4,3,0,1,0,1,0,0,0,97,base,1511,1446,299,4.301786896095301,93.84615384615384,75.0,0.0,0.0,20.677731673582297,SAG,0,1,0,0,1,0,1,0,0,1,0,0,0,0,0,0
65,55,10,1,9,3,0,1,0,1,0,0,0,97,B,1511,1446,299,4.301786896095301,84.61538461538461,33.333333333333336,0.0,0.0,20.677731673582297,SAG,0,1,0,0,1,0,1,0,0,1,0,0,0,0,0,0
71,65,6,0,6,5,0,5,0,0,0,0,0,98,base,1511,1440,298,4.698874917273329,91.54929577464789,83.33333333333333,0.0,0.0,20.694444444444443,SAG,0,1,0,0,1,0,0,0,0,0,0,0,0,0,0,0
71,60,11,0,11,9,0,8,0,1,0,0,0,98,B,1511,1440,298,4.698874917273329,84.50704225352112,81.81818181818181,0.0,0.0,20.694444444444443,SAG,0,3,0,0,3,0,1,0,0,1,0,0,0,0,0,0
71,68,3,0,3,2,0,2,1,0,0,0,0,99,base,1511,1440,296,4.698874917273329,95.77464788732394,66.66666666666667,1.408450704225352,33.333333333333336,20.555555555555557,SAG,0,1,0,0,1,0,0,0,0,0,0,0,0,0,0,0
71,59,12,1,11,8,1,8,1,3,0,0,0,99,B,1511,1440,296,4.698874917273329,83.09859154929578,72.72727272727273,1.408450704225352,8.333333333333334,20.555555555555557,SAG,0,6,0,0,6,0,3,0,0,3,0,0,0,0,0,0
76,72,4,0,4,1,0,0,0,0,0,0,0,100,base,1511,1435,298,5.029781601588352,94.73684210526316,25.0,0.0,0.0,20.766550522648085,SAG,0,0,0,0,0,0,0,0,0,0,0,0,0,0,0,0
76,68,8,0,8,2,0,1,0,0,0,0,0,100,B,1511,1435,298,5.029781601588352,89.47368421052632,25.0,0.0,0.0,20.766550522648085,SAG,0,1,0,0,1,0,0,0,0,0,0,0,0,0,0,0
83,80,3,0,3,1,0,0,0,0,0,0,0,101,base,1511,1428,298,5.493050959629384,96.3855421686747,33.333333333333336,0.0,0.0,20.868347338935575,SAG,0,0,0,0,0,0,0,0,0,0,0,0,0,0,0,0
83,74,9,0,9,5,0,4,0,1,0,0,0,101,B,1511,1428,298,5.493050959629384,89.1566265060241,55.55555555555556,0.0,0.0,20.868347338935575,SAG,0,3,0,0,3,0,1,0,0,1,0,0,0,0,0,0
82,74,8,0,8,6,0,4,0,0,0,0,0,102,base,1511,1429,299,5.42686962276638,90.2439024390244,75.0,0.0,0.0,20.92372288313506,SAG,0,5,1,0,4,1,0,0,0,0,0,0,0,0,0,0
82,71,11,0,11,6,0,4,0,0,0,0,0,102,B,1511,1429,299,5.42686962276638,86.58536585365853,54.54545454545455,0.0,0.0,20.92372288313506,SAG,0,4,0,0,3,1,0,0,0,0,0,0,0,0,0,0
73,70,3,0,3,2,0,1,0,0,0,0,0,103,base,1511,1438,299,4.831237590999338,95.89041095890411,66.66666666666667,0.0,0.0,20.79276773296245,SAG,0,1,0,0,1,0,0,0,0,0,0,0,0,0,0,0
73,62,11,1,10,5,0,6,1,1,0,0,0,103,B,1511,1438,299,4.831237590999338,84.93150684931507,50.0,1.36986301369863,9.090909090909092,20.79276773296245,SAG,0,4,0,0,4,0,1,0,0,1,0,0,0,0,0,0
75,71,4,0,4,3,0,2,0,0,0,0,0,104,base,1511,1436,291,4.963600264725348,94.66666666666667,75.0,0.0,0.0,20.264623955431755,SAG,0,1,0,0,1,0,0,0,0,0,0,0,0,0,0,0
75,67,8,0,8,4,0,3,0,1,0,0,0,104,B,1511,1436,291,4.963600264725348,89.33333333333333,50.0,0.0,0.0,20.264623955431755,SAG,0,2,0,0,2,0,1,0,0,1,0,0,0,0,0,0
87,84,3,0,3,2,0,2,0,0,0,0,0,105,base,1511,1424,297,5.757776307081403,96.55172413793103,66.66666666666667,0.0,0.0,20.85674157303371,SAG,0,2,1,0,1,1,0,0,0,0,0,0,0,0,0,0
87,78,9,0,9,7,0,4,0,1,0,0,0,105,B,1511,1424,297,5.757776307081403,89.65517241379311,77.77777777777777,0.0,0.0,20.85674157303371,SAG,0,4,1,0,3,1,1,0,0,1,0,0,0,0,0,0
78,76,2,0,2,1,0,1,0,1,0,0,0,106,base,1511,1433,299,5.162144275314361,97.43589743589743,50.0,0.0,0.0,20.865317515701324,SAG,0,1,0,0,1,0,1,0,0,1,0,0,0,0,0,0
78,65,13,0,13,6,0,4,0,1,0,0,0,106,B,1511,1433,299,5.162144275314361,83.33333333333333,46.15384615384615,0.0,0.0,20.865317515701324,SAG,0,2,0,0,2,0,1,0,0,1,0,0,0,0,0,0
74,70,4,0,4,3,0,4,1,1,0,0,0,107,base,1511,1437,298,4.897418927862343,94.5945945945946,75.0,1.3513513513513513,25.0,20.737647877522615,SAG,0,3,1,1,3,0,1,0,0,1,0,0,0,0,0,0
74,61,13,0,13,10,0,10,1,5,0,0,0,107,B,1511,1437,298,4.897418927862343,82.43243243243244,76.92307692307692,1.3513513513513513,7.6923076923076925,20.737647877522615,SAG,0,8,1,1,8,0,4,0,0,4,0,0,0,0,0,0
74,72,2,0,2,2,0,2,0,0,0,0,0,108,base,1511,1437,302,4.897418927862343,97.29729729729729,100.0,0.0,0.0,21.016005567153794,SAG,0,1,0,0,1,0,0,0,0,0,0,0,0,0,0,0
74,66,8,0,8,6,0,6,0,3,0,0,0,108,B,1511,1437,302,4.897418927862343,89.1891891891892,75.0,0.0,0.0,21.016005567153794,SAG,0,5,0,0,5,0,3,0,0,3,0,0,0,0,0,0
82,79,3,0,3,1,0,1,0,0,0,0,0,109,base,1511,1429,302,5.42686962276638,96.34146341463415,33.333333333333336,0.0,0.0,21.13365990202939,SAG,0,1,0,0,1,0,0,0,0,0,0,0,0,0,0,0
82,71,11,0,11,6,0,4,0,1,0,0,0,109,B,1511,1429,302,5.42686962276638,86.58536585365853,54.54545454545455,0.0,0.0,21.13365990202939,SAG,0,3,0,0,3,0,1,0,0,1,0,0,0,0,0,0
84,79,5,0,5,4,0,2,0,0,0,0,0,110,base,1511,1427,294,5.5592322964923895,94.04761904761905,80.0,0.0,0.0,20.602662929222145,SAG,0,1,0,0,1,0,0,0,0,0,0,0,0,0,0,0
84,75,9,0,9,5,0,3,0,0,0,0,0,110,B,1511,1427,294,5.5592322964923895,89.28571428571429,55.55555555555556,0.0,0.0,20.602662929222145,SAG,0,2,0,0,2,0,0,0,0,0,0,0,0,0,0,0
72,71,1,0,1,0,0,0,0,0,0,0,0,111,base,1511,1439,305,4.765056254136334,98.61111111111111,0.0,0.0,0.0,21.195274496177902,SAG,0,0,0,0,0,0,0,0,0,0,0,0,0,0,0,0
72,61,11,0,11,6,0,4,1,0,0,0,0,111,B,1511,1439,305,4.765056254136334,84.72222222222223,54.54545454545455,1.3888888888888888,9.090909090909092,21.195274496177902,SAG,0,3,0,0,3,0,0,0,0,0,0,0,0,0,0,0
66,60,6,0,6,2,0,2,0,1,0,0,0,112,base,1511,1445,306,4.367968232958305,90.9090909090909,33.333333333333336,0.0,0.0,21.176470588235293,SAG,0,1,0,0,1,0,1,0,0,1,0,0,0,0,0,0
66,57,9,0,9,4,0,4,0,3,0,0,0,112,B,1511,1445,306,4.367968232958305,86.36363636363636,44.44444444444444,0.0,0.0,21.176470588235293,SAG,0,3,0,0,3,0,3,0,0,3,0,0,0,0,0,0
96,90,6,0,6,2,0,2,0,0,0,0,0,113,base,1511,1415,290,6.353408338848444,93.75,33.333333333333336,0.0,0.0,20.49469964664311,SAG,0,2,0,0,2,0,0,0,0,0,0,0,0,0,0,0
96,84,12,1,11,7,0,7,0,2,0,0,0,113,B,1511,1415,290,6.353408338848444,87.5,63.63636363636363,0.0,0.0,20.49469964664311,SAG,0,6,0,0,6,0,2,0,0,2,0,0,0,0,0,0
66,65,1,0,1,0,0,0,0,0,0,0,0,114,base,1511,1445,301,4.367968232958305,98.48484848484848,0.0,0.0,0.0,20.830449826989618,SAG,0,0,0,0,0,0,0,0,0,0,0,0,0,0,0,0
66,56,10,0,10,4,0,2,0,1,0,0,0,114,B,1511,1445,301,4.367968232958305,84.84848484848484,40.0,0.0,0.0,20.830449826989618,SAG,0,1,0,0,1,0,1,0,0,1,0,0,0,0,0,0
64,61,3,0,3,2,0,1,0,0,0,0,0,115,base,1511,1447,293,4.2356055592322965,95.3125,66.66666666666667,0.0,0.0,20.248790601243954,SAG,0,1,0,0,1,0,0,0,0,0,0,0,0,0,0,0
64,53,11,0,11,6,0,5,0,2,0,0,0,115,B,1511,1447,293,4.2356055592322965,82.8125,54.54545454545455,0.0,0.0,20.248790601243954,SAG,0,3,0,0,3,0,2,0,0,2,0,0,0,0,0,0
73,71,2,0,2,2,0,2,0,1,0,0,0,116,base,1511,1438,301,4.831237590999338,97.26027397260275,100.0,0.0,0.0,20.931849791376912,SAG,0,2,0,0,2,1,1,0,0,1,0,0,0,0,0,0
73,65,8,0,8,5,0,4,0,1,0,0,0,116,B,1511,1438,301,4.831237590999338,89.04109589041096,62.5,0.0,0.0,20.931849791376912,SAG,0,3,0,0,3,1,1,0,0,1,0,0,0,0,0,0
77,73,4,0,4,4,0,2,0,0,0,0,0,117,base,1511,1434,298,5.095962938451357,94.8051948051948,100.0,0.0,0.0,20.78103207810321,SAG,0,2,0,0,2,0,0,0,0,0,0,0,0,0,0,0
77,63,14,0,14,9,0,7,0,4,0,0,0,117,B,1511,1434,298,5.095962938451357,81.81818181818181,64.28571428571429,0.0,0.0,20.78103207810321,SAG,0,6,0,0,6,0,4,0,0,4,0,0,0,0,0,0
71,65,6,0,6,3,0,3,0,1,0,0,0,118,base,1511,1440,303,4.698874917273329,91.54929577464789,50.0,0.0,0.0,21.041666666666668,SAG,0,2,0,0,2,0,1,0,0,1,0,0,0,0,0,0
71,60,11,0,11,6,0,4,1,1,0,0,0,118,B,1511,1440,303,4.698874917273329,84.50704225352112,54.54545454545455,1.408450704225352,9.090909090909092,21.041666666666668,SAG,0,3,0,0,3,0,1,0,0,1,0,0,0,0,0,0
65,61,4,0,4,2,0,2,0,0,0,0,0,119,base,1511,1446,301,4.301786896095301,93.84615384615384,50.0,0.0,0.0,20.816044260027663,SAG,0,2,0,0,2,0,0,0,0,0,0,0,0,0,0,0
65,55,10,0,10,8,0,7,0,5,0,0,0,119,B,1511,1446,301,4.301786896095301,84.61538461538461,80.0,0.0,0.0,20.816044260027663,SAG,0,7,0,0,7,0,5,0,0,5,0,0,0,0,0,0
77,76,1,0,1,1,0,1,0,1,0,0,0,120,base,1511,1434,294,5.095962938451357,98.7012987012987,100.0,0.0,0.0,20.502092050209207,SAG,0,1,0,0,1,0,1,0,0,1,0,0,0,0,0,0
77,70,7,0,7,7,0,4,0,1,0,0,0,120,B,1511,1434,294,5.095962938451357,90.9090909090909,100.0,0.0,0.0,20.502092050209207,SAG,0,4,0,0,4,0,1,0,0,1,0,0,0,0,0,0
69,66,3,0,3,1,0,1,0,0,0,0,0,121,base,1511,1442,300,4.5665122435473195,95.65217391304348,33.333333333333336,0.0,0.0,20.804438280166437,SAG,0,0,0,0,0,0,0,0,0,0,0,0,0,0,0,0
69,59,10,0,10,6,0,4,0,2,0,0,0,121,B,1511,1442,300,4.5665122435473195,85.5072463768116,60.0,0.0,0.0,20.804438280166437,SAG,0,2,0,0,2,0,2,0,0,2,0,0,0,0,0,0
88,78,10,0,10,6,0,2,0,0,0,0,0,122,base,1511,1423,292,5.823957643944408,88.63636363636364,60.0,0.0,0.0,20.520028109627546,SAG,0,2,0,0,2,0,0,0,0,0,0,0,0,0,0,0
88,70,18,0,18,10,0,5,1,1,0,0,0,122,B,1511,1423,292,5.823957643944408,79.54545454545455,55.55555555555556,1.1363636363636365,5.555555555555555,20.520028109627546,SAG,0,4,0,0,4,0,1,0,0,1,0,0,0,0,0,0
75,69,6,0,6,4,0,2,0,0,0,0,0,123,base,1511,1436,299,4.963600264725348,92.0,66.66666666666667,0.0,0.0,20.821727019498606,SAG,0,2,0,0,2,0,0,0,0,0,0,0,0,0,0,0
75,57,18,1,17,12,0,9,0,3,0,0,0,123,B,1511,1436,299,4.963600264725348,76.0,70.58823529411765,0.0,0.0,20.821727019498606,SAG,0,6,0,0,6,0,3,0,0,3,0,0,0,0,0,0
63,60,3,0,3,3,0,2,0,0,0,0,0,124,base,1511,1448,302,4.169424222369292,95.23809523809524,100.0,0.0,0.0,20.85635359116022,SAG,0,1,0,0,1,0,0,0,0,0,0,0,0,0,0,0
63,53,10,0,10,7,0,6,0,3,0,0,0,124,B,1511,1448,302,4.169424222369292,84.12698412698413,70.0,0.0,0.0,20.85635359116022,SAG,0,5,0,0,5,0,3,0,0,3,0,0,0,0,0,0
93,90,3,0,3,2,0,1,0,0,0,0,0,125,base,1511,1418,295,6.154864328259431,96.7741935483871,66.66666666666667,0.0,0.0,20.80394922425952,SAG,0,0,0,0,0,0,0,0,0,0,0,0,0,0,0,0
93,80,13,0,13,7,0,4,0,0,0,0,0,125,B,1511,1418,295,6.154864328259431,86.02150537634408,53.84615384615385,0.0,0.0,20.80394922425952,SAG,0,2,0,0,2,0,0,0,0,0,0,0,0,0,0,0
80,75,5,0,5,5,0,3,0,1,0,0,0,126,base,1511,1431,298,5.294506949040371,93.75,100.0,0.0,0.0,20.82459818308875,SAG,0,2,0,0,2,0,1,0,0,1,0,0,0,0,0,0
80,65,15,0,15,13,0,7,0,3,0,0,0,126,B,1511,1431,298,5.294506949040371,81.25,86.66666666666667,0.0,0.0,20.82459818308875,SAG,0,5,0,0,5,0,3,0,0,3,0,0,0,0,0,0
90,87,3,0,3,1,0,0,0,0,0,0,0,127,base,1511,1421,300,5.956320317670417,96.66666666666667,33.333333333333336,0.0,0.0,21.111893033075297,SAG,0,0,0,0,0,0,0,0,0,0,0,0,0,0,0,0
90,81,9,0,9,4,0,2,0,0,0,0,0,127,B,1511,1421,300,5.956320317670417,90.0,44.44444444444444,0.0,0.0,21.111893033075297,SAG,0,1,0,0,1,0,0,0,0,0,0,0,0,0,0,0
77,72,5,0,5,5,0,3,0,3,0,0,0,128,base,1511,1434,297,5.095962938451357,93.50649350649351,100.0,0.0,0.0,20.711297071129707,SAG,0,3,0,0,3,0,3,0,0,3,0,0,0,0,0,0
77,69,8,1,7,5,1,4,0,4,0,0,0,128,B,1511,1434,297,5.095962938451357,89.6103896103896,71.42857142857143,0.0,0.0,20.711297071129707,SAG,0,4,0,0,4,0,4,0,0,4,0,0,0,0,0,0
88,83,5,0,5,2,0,1,0,1,0,0,0,129,base,1511,1423,290,5.823957643944408,94.31818181818181,40.0,0.0,0.0,20.379479971890373,SAG,0,2,1,0,1,1,1,0,0,1,0,0,0,0,0,0
88,77,11,1,10,5,0,3,0,2,0,0,0,129,B,1511,1423,290,5.823957643944408,87.5,50.0,0.0,0.0,20.379479971890373,SAG,0,3,1,0,2,1,2,0,0,2,0,0,0,0,0,0
78,75,3,0,3,3,0,3,0,1,0,0,0,130,base,1511,1433,294,5.162144275314361,96.15384615384616,100.0,0.0,0.0,20.516399162595953,SAG,0,2,0,0,2,0,1,0,0,1,0,0,0,0,0,0
78,72,6,0,6,5,0,5,0,2,0,0,0,130,B,1511,1433,294,5.162144275314361,92.3076923076923,83.33333333333333,0.0,0.0,20.516399162595953,SAG,0,4,0,0,4,0,2,0,0,2,0,0,0,0,0,0
65,61,4,0,4,3,0,1,0,0,0,0,0,131,base,1511,1446,301,4.301786896095301,93.84615384615384,75.0,0.0,0.0,20.816044260027663,SAG,0,0,0,0,0,0,0,0,0,0,0,0,0,0,0,0
65,52,13,2,11,8,0,6,1,3,0,0,0,131,B,1511,1446,301,4.301786896095301,80.0,72.72727272727273,1.5384615384615385,7.6923076923076925,20.816044260027663,SAG,0,4,0,0,4,0,3,0,0,3,0,0,0,0,0,0
73,68,5,0,5,4,0,4,0,1,0,0,0,132,base,1511,1438,295,4.831237590999338,93.15068493150685,80.0,0.0,0.0,20.51460361613352,SAG,0,3,0,0,3,0,1,0,0,1,0,0,0,0,0,0
73,64,9,0,9,8,0,7,0,1,0,0,0,132,B,1511,1438,295,4.831237590999338,87.67123287671232,88.88888888888889,0.0,0.0,20.51460361613352,SAG,0,5,0,0,5,0,1,0,0,1,0,0,0,0,0,0
68,63,5,0,5,4,0,3,0,1,0,0,0,133,base,1511,1443,300,4.500330906684315,92.6470588235294,80.0,0.0,0.0,20.79002079002079,SAG,0,3,1,0,2,1,1,0,0,1,0,0,0,0,0,0
68,58,10,0,10,4,0,3,0,1,0,0,0,133,B,1511,1443,300,4.500330906684315,85.29411764705883,40.0,0.0,0.0,20.79002079002079,SAG,0,3,1,0,2,1,1,0,0,1,0,0,0,0,0,0
76,74,2,0,2,1,0,0,0,0,0,0,0,134,base,1511,1435,297,5.029781601588352,97.36842105263158,50.0,0.0,0.0,20.696864111498257,SAG,0,0,0,0,0,0,0,0,0,0,0,0,0,0,0,0
76,68,8,0,8,4,0,2,0,0,0,0,0,134,B,1511,1435,297,5.029781601588352,89.47368421052632,50.0,0.0,0.0,20.696864111498257,SAG,0,2,0,0,2,0,0,0,0,0,0,0,0,0,0,0
64,61,3,0,3,0,0,1,1,0,0,0,0,135,base,1511,1447,301,4.2356055592322965,95.3125,0.0,1.5625,33.333333333333336,20.801658604008292,SAG,0,1,1,1,1,0,0,0,0,0,0,0,0,0,0,0
64,55,9,0,9,6,0,4,0,2,0,0,0,135,B,1511,1447,301,4.2356055592322965,85.9375,66.66666666666667,0.0,0.0,20.801658604008292,SAG,0,4,0,0,4,0,2,0,0,2,0,0,0,0,0,0
66,65,1,0,1,0,0,0,0,0,0,0,0,136,base,1511,1445,300,4.367968232958305,98.48484848484848,0.0,0.0,0.0,20.761245674740483,SAG,0,0,0,0,0,0,0,0,0,0,0,0,0,0,0,0
66,60,6,0,6,3,0,2,1,0,0,0,0,136,B,1511,1445,300,4.367968232958305,90.9090909090909,50.0,1.5151515151515151,16.666666666666668,20.761245674740483,SAG,0,0,0,0,0,0,0,0,0,0,0,0,0,0,0,0
81,78,3,0,3,2,0,1,0,1,0,0,0,137,base,1511,1430,302,5.360688285903375,96.29629629629629,66.66666666666667,0.0,0.0,21.11888111888112,SAG,0,1,0,0,1,0,1,0,0,1,0,0,0,0,0,0
81,70,11,0,11,8,0,4,0,2,0,0,0,137,B,1511,1430,302,5.360688285903375,86.41975308641975,72.72727272727273,0.0,0.0,21.11888111888112,SAG,0,3,0,0,3,0,2,0,0,2,0,0,0,0,0,0
76,71,5,0,5,2,0,0,0,0,0,0,0,138,base,1511,1435,294,5.029781601588352,93.42105263157895,40.0,0.0,0.0,20.48780487804878,SAG,0,0,0,0,0,0,0,0,0,0,0,0,0,0,0,0
76,65,11,0,11,3,0,3,0,2,0,0,0,138,B,1511,1435,294,5.029781601588352,85.52631578947368,27.272727272727273,0.0,0.0,20.48780487804878,SAG,0,2,0,0,2,0,2,0,0,2,0,0,0,0,0,0
78,74,4,0,4,3,0,2,0,0,0,0,0,139,base,1511,1433,302,5.162144275314361,94.87179487179488,75.0,0.0,0.0,21.07466852756455,SAG,0,2,0,0,2,0,0,0,0,0,0,0,0,0,0,0
78,69,9,0,9,4,0,4,0,0,0,0,0,139,B,1511,1433,302,5.162144275314361,88.46153846153847,44.44444444444444,0.0,0.0,21.07466852756455,SAG,0,3,0,0,3,0,0,0,0,0,0,0,0,0,0,0
72,69,3,0,3,1,0,2,1,0,0,0,0,140,base,1511,1439,305,4.765056254136334,95.83333333333333,33.333333333333336,1.3888888888888888,33.333333333333336,21.195274496177902,SAG,0,0,0,0,0,0,0,0,0,0,0,0,0,0,0,0
72,61,11,2,9,6,0,4,0,2,0,0,0,140,B,1511,1439,305,4.765056254136334,84.72222222222223,66.66666666666667,0.0,0.0,21.195274496177902,SAG,0,3,0,0,3,0,2,0,0,2,0,0,0,0,0,0
83,76,7,0,7,5,0,3,0,0,0,0,0,141,base,1511,1428,298,5.493050959629384,91.56626506024097,71.42857142857143,0.0,0.0,20.868347338935575,SAG,0,3,0,0,3,0,0,0,0,0,0,0,0,0,0,0
83,67,16,1,15,10,1,5,0,2,0,0,0,141,B,1511,1428,298,5.493050959629384,80.72289156626506,66.66666666666667,0.0,0.0,20.868347338935575,SAG,0,5,0,0,5,0,2,0,0,2,0,0,0,0,0,0
87,80,7,0,7,4,0,4,0,2,0,0,0,42,base,1675,1588,308,5.1940298507462686,91.95402298850574,57.142857142857146,0.0,0.0,19.395465994962215,TLA,0,3,0,0,3,0,2,0,0,2,0,0,0,0,0,0
87,73,14,0,14,10,0,6,0,2,0,0,0,42,B,1675,1588,308,5.1940298507462686,83.9080459770115,71.42857142857143,0.0,0.0,19.395465994962215,TLA,0,5,0,0,5,0,2,0,0,2,0,0,0,0,0,0
89,86,3,0,3,2,0,2,0,1,0,0,0,43,base,1675,1586,307,5.313432835820896,96.62921348314607,66.66666666666667,0.0,0.0,19.35687263556116,TLA,0,3,2,0,1,2,1,0,0,1,0,0,0,0,0,0
89,76,13,0,13,8,0,5,0,2,0,0,0,43,B,1675,1586,307,5.313432835820896,85.3932584269663,61.53846153846154,0.0,0.0,19.35687263556116,TLA,0,6,2,0,4,2,2,0,0,2,0,0,0,0,0,0
91,86,5,0,5,2,0,2,0,0,0,0,0,44,base,1675,1584,301,5.432835820895522,94.50549450549451,40.0,0.0,0.0,19.002525252525253,TLA,0,1,1,0,0,1,0,0,0,0,0,0,0,0,0,0
91,79,12,0,12,7,0,7,0,3,0,0,0,44,B,1675,1584,301,5.432835820895522,86.81318681318682,58.333333333333336,0.0,0.0,19.002525252525253,TLA,0,4,1,0,3,1,2,0,0,2,0,0,0,0,0,0
100,97,3,0,3,1,0,1,0,1,0,0,0,45,base,1675,1575,308,5.970149253731344,97.0,33.333333333333336,0.0,0.0,19.555555555555557,TLA,0,1,0,0,1,0,1,0,0,1,0,0,0,0,0,0
100,89,11,0,11,6,0,4,0,1,0,0,0,45,B,1675,1575,308,5.970149253731344,89.0,54.54545454545455,0.0,0.0,19.555555555555557,TLA,0,3,0,0,3,0,1,0,0,1,0,0,0,0,0,0
71,70,1,0,1,1,0,0,0,0,0,0,0,46,base,1675,1604,313,4.2388059701492535,98.59154929577464,100.0,0.0,0.0,19.513715710723194,TLA,0,0,0,0,0,0,0,0,0,0,0,0,0,0,0,0
71,63,8,1,7,4,1,2,0,2,0,0,0,46,B,1675,1604,313,4.2388059701492535,88.73239436619718,57.142857142857146,0.0,0.0,19.513715710723194,TLA,0,2,0,0,2,0,2,0,0,2,0,0,0,0,0,0
103,96,7,0,7,3,0,2,0,0,0,0,0,47,base,1675,1572,302,6.149253731343284,93.20388349514563,42.857142857142854,0.0,0.0,19.21119592875318,TLA,0,2,1,0,1,1,0,0,0,0,0,0,0,0,0,0
103,88,15,1,14,7,0,5,1,1,0,0,0,47,B,1675,1572,302,6.149253731343284,85.4368932038835,50.0,0.970873786407767,6.666666666666667,19.21119592875318,TLA,0,5,2,1,4,1,1,0,0,1,0,0,0,0,0,0
90,82,8,0,8,7,0,4,0,1,0,0,0,48,base,1675,1585,301,5.373134328358209,91.11111111111111,87.5,0.0,0.0,18.990536277602523,TLA,0,5,1,0,4,1,1,0,0,1,0,0,0,0,0,0
90,74,16,0,16,11,0,9,0,3,0,0,0,48,B,1675,1585,301,5.373134328358209,82.22222222222223,68.75,0.0,0.0,18.990536277602523,TLA,0,10,1,0,9,1,3,0,0,3,0,0,0,0,0,0
81,74,7,0,7,5,0,4,0,2,0,0,0,49,base,1675,1594,303,4.835820895522388,91.35802469135803,71.42857142857143,0.0,0.0,19.00878293601004,TLA,0,4,0,0,4,0,2,0,0,2,0,0,0,0,0,0
81,64,17,1,16,13,0,8,0,5,0,0,0,49,B,1675,1594,303,4.835820895522388,79.01234567901234,81.25,0.0,0.0,19.00878293601004,TLA,0,7,0,0,7,0,5,0,0,5,0,0,0,0,0,0
84,80,4,0,4,3,0,3,0,1,0,0,0,50,base,1675,1591,310,5.014925373134329,95.23809523809524,75.0,0.0,0.0,19.484600879949717,TLA,0,2,0,0,2,0,1,0,0,1,0,0,0,0,0,0
84,75,9,0,9,8,0,8,0,5,0,0,0,50,B,1675,1591,310,5.014925373134329,89.28571428571429,88.88888888888889,0.0,0.0,19.484600879949717,TLA,0,6,0,0,6,0,5,0,0,5,0,0,0,0,0,0
85,78,7,0,7,4,0,2,0,0,0,0,0,51,base,1675,1590,305,5.074626865671642,91.76470588235294,57.142857142857146,0.0,0.0,19.18238993710692,TLA,0,2,0,0,2,0,0,0,0,0,0,0,0,0,0,0
85,69,16,0,16,11,0,7,0,2,0,0,0,51,B,1675,1590,305,5.074626865671642,81.17647058823529,68.75,0.0,0.0,19.18238993710692,TLA,0,5,0,0,5,0,2,0,0,2,0,0,0,0,0,0
91,86,5,0,5,3,0,1,0,0,0,0,0,52,base,1675,1584,299,5.432835820895522,94.50549450549451,60.0,0.0,0.0,18.876262626262626,TLA,0,2,1,0,1,1,0,0,0,0,0,0,0,0,0,0
91,74,17,0,17,11,0,7,2,1,0,0,0,52,B,1675,1584,299,5.432835820895522,81.31868131868131,64.70588235294117,2.197802197802198,11.764705882352942,18.876262626262626,TLA,0,7,2,1,6,1,1,0,0,1,0,0,0,0,0,0
86,81,5,0,5,4,0,1,0,0,0,0,0,53,base,1675,1589,306,5.134328358208955,94.18604651162791,80.0,0.0,0.0,19.257394587791065,TLA,0,0,0,0,0,0,0,0,0,0,0,0,0,0,0,0
86,74,12,0,12,9,0,4,0,2,0,0,0,53,B,1675,1589,306,5.134328358208955,86.04651162790698,75.0,0.0,0.0,19.257394587791065,TLA,0,2,0,0,2,0,2,0,0,2,0,0,0,0,0,0
102,99,3,0,3,3,0,0,0,0,0,0,0,54,base,1675,1573,304,6.08955223880597,97.05882352941177,100.0,0.0,0.0,19.32612841703751,TLA,0,1,1,0,0,1,0,0,0,0,0,0,0,0,0,0
102,84,18,1,17,13,0,6,0,3,0,0,0,54,B,1675,1573,304,6.08955223880597,82.3529411764706,76.47058823529412,0.0,0.0,19.32612841703751,TLA,0,6,1,0,5,1,3,0,0,3,0,0,0,0,0,0
76,68,8,0,8,6,0,4,0,0,0,0,0,55,base,1675,1599,306,4.537313432835821,89.47368421052632,75.0,0.0,0.0,19.136960600375236,TLA,0,3,0,0,3,0,0,0,0,0,0,0,0,0,0,0
76,58,18,0,18,13,0,6,0,2,0,0,0,55,B,1675,1599,306,4.537313432835821,76.3157894736842,72.22222222222223,0.0,0.0,19.136960600375236,TLA,0,3,0,0,3,0,2,0,0,2,0,0,0,0,0,0
81,75,6,0,6,2,0,2,0,1,0,0,0,56,base,1675,1594,311,4.835820895522388,92.5925925925926,33.333333333333336,0.0,0.0,19.510664993726476,TLA,0,2,0,0,2,0,1,0,0,1,0,0,0,0,0,0
81,66,15,0,15,10,0,8,0,3,0,0,0,56,B,1675,1594,311,4.835820895522388,81.48148148148148,66.66666666666667,0.0,0.0,19.510664993726476,TLA,0,6,0,0,6,0,3,0,0,3,0,0,0,0,0,0
87,83,4,0,4,1,0,1,0,0,0,0,0,57,base,1675,1588,307,5.1940298507462686,95.40229885057471,25.0,0.0,0.0,19.33249370277078,TLA,0,2,2,0,0,2,0,0,0,0,0,0,0,0,0,0
87,75,12,1,11,6,0,4,0,2,0,0,0,57,B,1675,1588,307,5.1940298507462686,86.20689655172414,54.54545454545455,0.0,0.0,19.33249370277078,TLA,0,5,2,0,3,2,2,0,0,2,0,0,0,0,0,0
96,92,4,0,4,2,0,2,0,0,0,0,0,58,base,1675,1579,307,5.731343283582089,95.83333333333333,50.0,0.0,0.0,19.442685243825206,TLA,0,4,2,0,2,2,0,0,0,0,0,0,0,0,0,0
96,85,11,0,11,7,0,4,0,1,0,0,0,58,B,1675,1579,307,5.731343283582089,88.54166666666667,63.63636363636363,0.0,0.0,19.442685243825206,TLA,0,5,1,0,4,1,1,0,0,1,0,0,0,0,0,0
84,78,6,0,6,4,0,3,0,1,0,0,0,59,base,1675,1591,303,5.014925373134329,92.85714285714286,66.66666666666667,0.0,0.0,19.044626021370206,TLA,0,1,0,0,1,0,1,0,0,1,0,0,0,0,0,0
84,70,14,0,14,7,0,7,1,1,0,0,0,59,B,1675,1591,303,5.014925373134329,83.33333333333333,50.0,1.1904761904761905,7.142857142857143,19.044626021370206,TLA,0,2,0,0,2,0,1,0,0,1,0,0,0,0,0,0
78,70,8,0,8,6,0,5,0,2,0,0,0,60,base,1675,1597,314,4.656716417910448,89.74358974358974,75.0,0.0,0.0,19.66186599874765,TLA,0,2,0,0,2,0,2,0,0,2,0,0,0,0,0,0
78,65,13,0,13,9,0,8,0,3,0,0,0,60,B,1675,1597,314,4.656716417910448,83.33333333333333,69.23076923076923,0.0,0.0,19.66186599874765,TLA,0,4,0,0,4,0,3,0,0,3,0,0,0,0,0,0
82,77,5,0,5,4,0,2,0,1,0,0,0,61,base,1675,1593,303,4.895522388059701,93.90243902439025,80.0,0.0,0.0,19.02071563088512,TLA,0,3,2,0,1,2,1,0,0,1,0,0,0,0,0,0
82,72,10,0,10,8,0,5,0,3,0,0,0,61,B,1675,1593,303,4.895522388059701,87.8048780487805,80.0,0.0,0.0,19.02071563088512,TLA,0,6,2,0,4,2,3,0,0,3,0,0,0,0,0,0
65,63,2,0,2,2,0,1,0,0,0,0,0,62,base,1675,1610,308,3.8805970149253732,96.92307692307692,100.0,0.0,0.0,19.130434782608695,TLA,0,0,0,0,0,0,0,0,0,0,0,0,0,0,0,0
65,55,10,0,10,7,0,4,0,2,0,0,0,62,B,1675,1610,308,3.8805970149253732,84.61538461538461,70.0,0.0,0.0,19.130434782608695,TLA,0,2,0,0,2,0,2,0,0,2,0,0,0,0,0,0
85,79,6,0,6,5,0,4,0,2,0,0,0,63,base,1675,1590,299,5.074626865671642,92.94117647058823,83.33333333333333,0.0,0.0,18.80503144654088,TLA,0,5,1,0,4,1,2,0,0,2,0,0,0,0,0,0
85,68,17,0,17,12,0,8,0,4,0,0,0,63,B,1675,1590,299,5.074626865671642,80.0,70.58823529411765,0.0,0.0,18.80503144654088,TLA,0,7,1,0,6,1,4,0,0,4,0,0,0,0,0,0
88,85,3,0,3,2,0,2,0,0,0,0,0,64,base,1675,1587,307,5.253731343283582,96.5909090909091,66.66666666666667,0.0,0.0,19.344675488342784,TLA,0,1,0,0,1,0,0,0,0,0,0,0,0,0,0,0
88,78,10,0,10,8,0,3,0,0,0,0,0,64,B,1675,1587,307,5.253731343283582,88.63636363636364,80.0,0.0,0.0,19.344675488342784,TLA,0,2,0,0,2,0,0,0,0,0,0,0,0,0,0,0
93,86,7,0,7,4,0,3,0,1,0,0,0,65,base,1675,1582,311,5.552238805970149,92.47311827956989,57.142857142857146,0.0,0.0,19.65865992414665,TLA,0,3,0,0,3,0,1,0,0,1,0,0,0,0,0,0
93,77,16,0,16,9,0,8,0,3,0,0,0,65,B,1675,1582,311,5.552238805970149,82.79569892473118,56.25,0.0,0.0,19.65865992414665,TLA,0,7,0,0,7,0,3,0,0,3,0,0,0,0,0,0
74,67,7,0,7,1,0,1,0,1,0,0,0,66,base,1675,1601,308,4.417910447761194,90.54054054054055,14.285714285714286,0.0,0.0,19.23797626483448,TLA,0,1,0,0,1,0,1,0,0,1,0,0,0,0,0,0
74,65,9,0,9,3,0,2,0,2,0,0,0,66,B,1675,1601,308,4.417910447761194,87.83783783783784,33.333333333333336,0.0,0.0,19.23797626483448,TLA,0,2,0,0,2,0,2,0,0,2,0,0,0,0,0,0
63,59,4,0,4,2,0,2,0,1,0,0,0,67,base,1675,1612,312,3.7611940298507465,93.65079365079364,50.0,0.0,0.0,19.35483870967742,TLA,0,2,0,0,2,0,1,0,0,1,0,0,0,0,0,0
63,55,8,0,8,5,0,5,0,2,0,0,0,67,B,1675,1612,312,3.7611940298507465,87.3015873015873,62.5,0.0,0.0,19.35483870967742,TLA,0,5,0,0,5,0,2,0,0,2,0,0,0,0,0,0
78,70,8,0,8,5,0,1,0,0,0,0,0,68,base,1675,1597,309,4.656716417910448,89.74358974358974,62.5,0.0,0.0,19.348778960551034,TLA,0,1,1,0,0,1,0,0,0,0,0,0,0,0,0,0
78,66,12,0,12,7,0,1,0,0,0,0,0,68,B,1675,1597,309,4.656716417910448,84.61538461538461,58.333333333333336,0.0,0.0,19.348778960551034,TLA,0,0,0,0,0,0,0,0,0,0,0,0,0,0,0,0
81,77,4,0,4,2,0,0,0,0,0,0,0,69,base,1675,1594,305,4.835820895522388,95.06172839506173,50.0,0.0,0.0,19.134253450439147,TLA,0,1,1,0,0,1,0,0,0,0,0,0,0,0,0,0
81,69,12,0,12,4,0,3,0,2,0,0,0,69,B,1675,1594,305,4.835820895522388,85.18518518518519,33.333333333333336,0.0,0.0,19.134253450439147,TLA,0,3,1,0,2,1,2,0,0,2,0,0,0,0,0,0
82,79,3,0,3,1,0,1,1,0,0,0,0,70,base,1675,1593,305,4.895522388059701,96.34146341463415,33.333333333333336,1.2195121951219512,33.333333333333336,19.146264908976775,TLA,0,1,1,0,0,1,0,0,0,0,0,0,0,0,0,0
82,68,14,0,14,8,0,7,1,3,0,0,0,70,B,1675,1593,305,4.895522388059701,82.92682926829268,57.142857142857146,1.2195121951219512,7.142857142857143,19.146264908976775,TLA,0,5,0,0,5,0,3,0,0,3,0,0,0,0,0,0
73,66,7,0,7,7,0,3,0,1,0,0,0,71,base,1675,1602,306,4.358208955223881,90.41095890410959,100.0,0.0,0.0,19.10112359550562,TLA,0,2,0,0,2,1,1,0,0,1,0,0,0,0,0,0
73,58,15,0,15,12,0,8,0,3,0,0,0,71,B,1675,1602,306,4.358208955223881,79.45205479452055,80.0,0.0,0.0,19.10112359550562,TLA,0,5,0,0,5,0,3,0,0,3,0,0,0,0,0,0
88,84,4,0,4,3,0,3,0,1,0,0,0,72,base,1675,1587,308,5.253731343283582,95.45454545454545,75.0,0.0,0.0,19.407687460617517,TLA,0,3,0,0,3,0,1,0,0,1,0,0,0,0,0,0
88,76,12,0,12,9,0,8,1,1,0,0,0,72,B,1675,1587,308,5.253731343283582,86.36363636363636,75.0,1.1363636363636365,8.333333333333334,19.407687460617517,TLA,0,6,0,0,6,0,1,0,0,1,0,0,0,0,0,0
86,84,2,0,2,2,0,1,0,0,0,0,0,73,base,1675,1589,307,5.134328358208955,97.67441860465117,100.0,0.0,0.0,19.32032724984267,TLA,0,2,1,0,1,1,0,0,0,0,0,0,0,0,0,0
86,75,11,0,11,9,0,8,0,2,0,0,0,73,B,1675,1589,307,5.134328358208955,87.20930232558139,81.81818181818181,0.0,0.0,19.32032724984267,TLA,0,9,1,0,8,1,2,0,0,2,0,0,0,0,0,0
73,67,6,0,6,3,0,1,0,0,0,0,0,74,base,1675,1602,308,4.358208955223881,91.78082191780823,50.0,0.0,0.0,19.22596754057428,TLA,0,0,0,0,0,0,0,0,0,0,0,0,0,0,0,0
73,66,7,0,7,3,0,1,0,0,0,0,0,74,B,1675,1602,308,4.358208955223881,90.41095890410959,42.857142857142854,0.0,0.0,19.22596754057428,TLA,0,0,0,0,0,0,0,0,0,0,0,0,0,0,0,0
95,89,6,0,6,5,0,4,0,1,0,0,0,75,base,1675,1580,309,5.6716417910447765,93.6842105263158,83.33333333333333,0.0,0.0,19.556962025316455,TLA,0,5,1,0,3,2,1,0,0,1,0,0,0,0,0,0
95,79,16,0,16,14,0,9,0,4,0,0,0,75,B,1675,1580,309,5.6716417910447765,83.15789473684211,87.5,0.0,0.0,19.556962025316455,TLA,0,7,1,0,5,2,4,0,0,4,0,0,0,0,0,0
91,88,3,0,3,1,0,1,0,0,0,0,0,76,base,1675,1584,304,5.432835820895522,96.7032967032967,33.333333333333336,0.0,0.0,19.19191919191919,TLA,0,1,0,0,1,0,0,0,0,0,0,0,0,0,0,0
91,81,10,0,10,6,0,4,0,3,0,0,0,76,B,1675,1584,304,5.432835820895522,89.01098901098901,60.0,0.0,0.0,19.19191919191919,TLA,0,4,0,0,4,0,3,0,0,3,0,0,0,0,0,0
97,87,10,0,10,7,0,3,0,1,0,0,0,77,base,1675,1578,296,5.791044776119403,89.69072164948453,70.0,0.0,0.0,18.75792141951838,TLA,0,4,2,0,2,2,1,0,0,1,0,0,0,0,0,0
97,78,19,0,19,13,0,6,0,2,0,0,0,77,B,1675,1578,296,5.791044776119403,80.41237113402062,68.42105263157895,0.0,0.0,18.75792141951838,TLA,0,7,1,0,5,2,2,0,0,2,0,0,0,0,0,0
67,66,1,0,1,1,0,1,0,0,0,0,0,78,base,1675,1608,311,4.0,98.50746268656717,100.0,0.0,0.0,19.3407960199005,TLA,0,1,0,0,1,0,0,0,0,0,0,0,0,0,0,0
67,59,8,0,8,6,0,6,0,3,0,0,0,78,B,1675,1608,311,4.0,88.05970149253731,75.0,0.0,0.0,19.3407960199005,TLA,0,6,0,0,6,0,3,0,0,3,0,0,0,0,0,0
83,80,3,0,3,1,0,1,0,0,0,0,0,79,base,1675,1592,308,4.955223880597015,96.3855421686747,33.333333333333336,0.0,0.0,19.34673366834171,TLA,0,3,2,0,1,2,0,0,0,0,0,0,0,0,0,0
83,64,19,1,18,11,1,9,1,3,0,0,0,79,B,1675,1592,308,4.955223880597015,77.10843373493977,61.111111111111114,1.2048192771084338,5.2631578947368425,19.34673366834171,TLA,0,10,3,1,8,2,2,0,0,2,0,0,0,0,0,0
83,81,2,0,2,2,0,2,0,1,0,0,0,80,base,1675,1592,307,4.955223880597015,97.59036144578313,100.0,0.0,0.0,19.28391959798995,TLA,0,2,1,0,1,1,1,0,0,1,0,0,0,0,0,0
83,71,12,0,12,9,0,7,0,3,0,0,0,80,B,1675,1592,307,4.955223880597015,85.5421686746988,75.0,0.0,0.0,19.28391959798995,TLA,0,5,0,0,5,0,3,0,0,3,0,0,0,0,0,0
87,81,6,0,6,4,0,5,1,1,0,0,0,81,base,1675,1588,306,5.1940298507462686,93.10344827586206,66.66666666666667,1.1494252873563218,16.666666666666668,19.269521410579344,TLA,0,5,2,1,4,1,1,0,0,1,0,0,0,0,0,0
87,74,13,0,13,8,0,7,1,2,0,0,0,81,B,1675,1588,306,5.1940298507462686,85.05747126436782,61.53846153846154,1.1494252873563218,7.6923076923076925,19.269521410579344,TLA,0,6,1,1,6,0,2,0,0,2,0,0,0,0,0,0
95,92,3,0,3,2,0,2,0,1,0,0,0,82,base,1675,1580,311,5.6716417910447765,96.84210526315789,66.66666666666667,0.0,0.0,19.68354430379747,TLA,0,1,0,0,1,0,1,0,0,1,0,0,0,0,0,0
95,82,13,0,13,9,0,5,0,2,0,0,0,82,B,1675,1580,311,5.6716417910447765,86.3157894736842,69.23076923076923,0.0,0.0,19.68354430379747,TLA,0,3,0,0,3,0,2,0,0,2,0,0,0,0,0,0
86,83,3,0,3,2,0,2,0,0,0,0,0,83,base,1675,1589,305,5.134328358208955,96.51162790697674,66.66666666666667,0.0,0.0,19.194461925739457,TLA,0,1,0,0,1,0,0,0,0,0,0,0,0,0,0,0
86,74,12,0,12,6,0,4,1,1,0,0,0,83,B,1675,1589,305,5.134328358208955,86.04651162790698,50.0,1.1627906976744187,8.333333333333334,19.194461925739457,TLA,0,2,0,0,2,0,1,0,0,1,0,0,0,0,0,0
78,75,3,0,3,3,0,2,0,2,0,0,0,84,base,1675,1597,313,4.656716417910448,96.15384615384616,100.0,0.0,0.0,19.599248591108328,TLA,0,3,1,0,2,1,2,0,0,2,0,0,0,0,0,0
78,67,11,0,11,8,0,5,0,3,0,0,0,84,B,1675,1597,313,4.656716417910448,85.8974358974359,72.72727272727273,0.0,0.0,19.599248591108328,TLA,0,4,0,0,4,1,3,0,0,3,0,0,0,0,0,0
81,75,6,0,6,5,0,3,0,1,0,0,0,85,base,1675,1594,302,4.835820895522388,92.5925925925926,83.33333333333333,0.0,0.0,18.946047678795484,TLA,0,3,1,0,2,1,1,0,0,1,0,0,0,0,0,0
81,68,13,0,13,9,0,7,0,1,0,0,0,85,B,1675,1594,302,4.835820895522388,83.95061728395062,69.23076923076923,0.0,0.0,18.946047678795484,TLA,0,5,0,0,5,0,1,0,0,1,0,0,0,0,0,0
85,81,4,0,4,3,0,2,0,0,0,0,0,86,base,1675,1590,315,5.074626865671642,95.29411764705883,75.0,0.0,0.0,19.81132075471698,TLA,0,2,0,0,2,0,0,0,0,0,0,0,0,0,0,0
85,75,10,0,10,9,0,4,0,1,0,0,0,86,B,1675,1590,315,5.074626865671642,88.23529411764706,90.0,0.0,0.0,19.81132075471698,TLA,0,2,0,0,2,0,1,0,0,1,0,0,0,0,0,0
76,74,2,0,2,1,0,0,0,0,0,0,0,87,base,1675,1599,303,4.537313432835821,97.36842105263158,50.0,0.0,0.0,18.94934333958724,TLA,0,0,0,0,0,0,0,0,0,0,0,0,0,0,0,0
76,69,7,0,7,6,0,2,0,1,0,0,0,87,B,1675,1599,303,4.537313432835821,90.78947368421052,85.71428571428571,0.0,0.0,18.94934333958724,TLA,0,2,0,0,2,0,1,0,0,1,0,0,0,0,0,0
89,85,4,0,4,2,0,2,0,0,0,0,0,88,base,1675,1586,307,5.313432835820896,95.50561797752809,50.0,0.0,0.0,19.35687263556116,TLA,0,1,0,0,1,0,0,0,0,0,0,0,0,0,0,0
89,77,12,0,12,6,0,4,1,0,0,0,0,88,B,1675,1586,307,5.313432835820896,86.51685393258427,50.0,1.1235955056179776,8.333333333333334,19.35687263556116,TLA,0,2,0,0,2,0,0,0,0,0,0,0,0,0,0,0
105,100,5,0,5,2,0,2,0,1,0,0,0,89,base,1675,1570,300,6.268656716417911,95.23809523809524,40.0,0.0,0.0,19.10828025477707,TLA,0,2,1,0,1,1,1,0,0,1,0,0,0,0,0,0
105,89,16,0,16,10,0,6,0,3,0,0,0,89,B,1675,1570,300,6.268656716417911,84.76190476190476,62.5,0.0,0.0,19.10828025477707,TLA,0,4,1,0,3,1,2,0,0,2,0,0,0,0,0,0
98,91,7,0,7,4,0,3,0,1,0,0,0,90,base,1675,1577,303,5.850746268656716,92.85714285714286,57.142857142857146,0.0,0.0,19.213696892834495,TLA,0,2,1,0,1,1,1,0,0,1,0,0,0,0,0,0
98,77,21,1,20,13,0,12,2,3,0,0,0,90,B,1675,1577,303,5.850746268656716,78.57142857142857,65.0,2.0408163265306123,9.523809523809524,19.213696892834495,TLA,0,6,1,1,6,0,3,0,0,3,0,0,0,0,0,0
89,84,5,0,5,3,0,2,0,0,0,0,0,91,base,1675,1586,309,5.313432835820896,94.38202247191012,60.0,0.0,0.0,19.48297604035309,TLA,0,0,0,0,0,0,0,0,0,0,0,0,0,0,0,0
89,73,16,0,16,12,0,6,0,1,0,0,0,91,B,1675,1586,309,5.313432835820896,82.02247191011236,75.0,0.0,0.0,19.48297604035309,TLA,0,4,0,0,4,0,1,0,0,1,0,0,0,0,0,0
87,79,8,0,8,7,0,2,0,1,0,0,0,92,base,1675,1588,311,5.1940298507462686,90.80459770114942,87.5,0.0,0.0,19.584382871536523,TLA,0,2,0,0,2,0,1,0,0,1,0,0,0,0,0,0
87,70,17,0,17,11,0,5,0,3,0,0,0,92,B,1675,1588,311,5.1940298507462686,80.45977011494253,64.70588235294117,0.0,0.0,19.584382871536523,TLA,0,5,0,0,5,0,3,0,0,3,0,0,0,0,0,0
109,103,6,0,6,6,0,5,0,2,0,0,0,93,base,1675,1566,295,6.507462686567164,94.4954128440367,100.0,0.0,0.0,18.837803320561942,TLA,0,5,0,0,5,0,2,0,0,2,0,0,0,0,0,0
109,93,16,0,16,12,0,9,0,5,0,0,0,93,B,1675,1566,295,6.507462686567164,85.3211009174312,75.0,0.0,0.0,18.837803320561942,TLA,0,7,0,0,7,0,5,0,0,5,0,0,0,0,0,0
104,102,2,0,2,2,0,1,0,0,0,0,0,94,base,1675,1571,296,6.208955223880597,98.07692307692308,100.0,0.0,0.0,18.84150222788033,TLA,0,1,1,0,0,1,0,0,0,0,0,0,0,0,0,0
104,94,10,0,10,8,0,6,0,2,0,0,0,94,B,1675,1571,296,6.208955223880597,90.38461538461539,80.0,0.0,0.0,18.84150222788033,TLA,0,5,1,0,4,1,2,0,0,2,0,0,0,0,0,0
84,77,7,0,7,3,0,2,0,0,0,0,0,95,base,1675,1591,308,5.014925373134329,91.66666666666667,42.857142857142854,0.0,0.0,19.35889377749843,TLA,0,1,1,0,0,1,0,0,0,0,0,0,0,0,0,0
84,70,14,0,14,9,0,7,0,2,0,0,0,95,B,1675,1591,308,5.014925373134329,83.33333333333333,64.28571428571429,0.0,0.0,19.35889377749843,TLA,0,3,0,0,3,1,2,0,0,2,0,0,0,0,0,0
86,80,6,0,6,6,0,2,0,1,0,0,0,96,base,1675,1589,301,5.134328358208955,93.02325581395348,100.0,0.0,0.0,18.94273127753304,TLA,0,4,2,0,2,2,1,0,0,1,0,0,0,0,0,0
86,71,15,2,13,10,0,5,0,1,0,0,0,96,B,1675,1589,301,5.134328358208955,82.55813953488372,76.92307692307692,0.0,0.0,18.94273127753304,TLA,0,7,2,0,5,2,1,0,0,1,0,0,0,0,0,0
85,80,5,0,5,2,0,3,1,0,0,0,0,97,base,1675,1590,306,5.074626865671642,94.11764705882354,40.0,1.1764705882352942,20.0,19.245283018867923,TLA,0,3,1,0,2,1,0,0,0,0,0,0,0,0,0,0
85,72,13,0,13,8,0,8,1,2,0,0,0,97,B,1675,1590,306,5.074626865671642,84.70588235294117,61.53846153846154,1.1764705882352942,7.6923076923076925,19.245283018867923,TLA,0,5,0,0,5,1,2,0,0,2,0,0,0,0,0,0
103,99,4,0,4,2,0,2,0,0,0,0,0,98,base,1675,1572,296,6.149253731343284,96.11650485436893,50.0,0.0,0.0,18.829516539440203,TLA,0,2,0,0,2,0,0,0,0,0,0,0,0,0,0,0
103,86,17,0,17,11,0,8,0,4,0,0,0,98,B,1675,1572,296,6.149253731343284,83.49514563106796,64.70588235294117,0.0,0.0,18.829516539440203,TLA,0,7,0,0,7,0,4,0,0,4,0,0,0,0,0,0
84,80,4,0,4,3,0,3,0,1,0,0,0,99,base,1675,1591,302,5.014925373134329,95.23809523809524,75.0,0.0,0.0,18.981772470144563,TLA,0,2,0,0,2,0,1,0,0,1,0,0,0,0,0,0
84,72,12,0,12,8,0,8,2,3,0,0,0,99,B,1675,1591,302,5.014925373134329,85.71428571428571,66.66666666666667,2.380952380952381,16.666666666666668,18.981772470144563,TLA,0,6,0,0,6,0,3,0,0,3,0,0,0,0,0,0
95,88,7,0,7,6,0,3,0,0,0,0,0,100,base,1675,1580,304,5.6716417910447765,92.63157894736842,85.71428571428571,0.0,0.0,19.240506329113924,TLA,0,4,1,0,3,1,0,0,0,0,0,0,0,0,0,0
95,75,20,0,20,15,0,7,0,1,0,0,0,100,B,1675,1580,304,5.6716417910447765,78.94736842105263,75.0,0.0,0.0,19.240506329113924,TLA,0,7,1,0,6,1,1,0,0,1,0,0,0,0,0,0
79,75,4,0,4,1,0,1,0,0,0,0,0,101,base,1675,1596,299,4.7164179104477615,94.9367088607595,25.0,0.0,0.0,18.734335839598998,TLA,0,1,0,0,1,0,0,0,0,0,0,0,0,0,0,0
79,63,16,0,16,12,0,6,0,2,0,0,0,101,B,1675,1596,299,4.7164179104477615,79.74683544303798,75.0,0.0,0.0,18.734335839598998,TLA,0,5,0,0,5,0,2,0,0,2,0,0,0,0,0,0
79,74,5,0,5,3,0,2,0,1,0,0,0,102,base,1675,1596,309,4.7164179104477615,93.67088607594937,60.0,0.0,0.0,19.360902255639097,TLA,0,1,0,0,1,0,1,0,0,1,0,0,0,0,0,0
79,70,9,0,9,5,0,1,0,1,0,0,0,102,B,1675,1596,309,4.7164179104477615,88.60759493670886,55.55555555555556,0.0,0.0,19.360902255639097,TLA,0,1,0,0,1,0,1,0,0,1,0,0,0,0,0,0
96,92,4,0,4,2,0,2,0,0,0,0,0,103,base,1675,1579,304,5.731343283582089,95.83333333333333,50.0,0.0,0.0,19.252691576947434,TLA,0,1,0,0,1,1,0,0,0,0,0,0,0,0,0,0
96,83,13,0,13,10,0,5,0,0,0,0,0,103,B,1675,1579,304,5.731343283582089,86.45833333333333,76.92307692307692,0.0,0.0,19.252691576947434,TLA,0,3,0,0,3,1,0,0,0,0,0,0,0,0,0,0
79,70,9,0,9,7,0,4,1,1,0,0,0,104,base,1675,1596,309,4.7164179104477615,88.60759493670886,77.77777777777777,1.2658227848101267,11.11111111111111,19.360902255639097,TLA,0,3,2,0,1,2,1,0,0,1,0,0,0,0,0,0
79,65,14,0,14,7,0,6,2,2,0,0,0,104,B,1675,1596,309,4.7164179104477615,82.27848101265823,50.0,2.5316455696202533,14.285714285714286,19.360902255639097,TLA,0,4,2,1,3,1,2,0,0,2,0,0,0,0,0,0
96,92,4,0,4,2,0,2,0,0,0,0,0,105,base,1675,1579,306,5.731343283582089,95.83333333333333,50.0,0.0,0.0,19.379354021532617,TLA,0,3,1,0,2,1,0,0,0,0,0,0,0,0,0,0
96,77,19,1,18,15,0,8,0,3,0,0,0,105,B,1675,1579,306,5.731343283582089,80.20833333333333,83.33333333333333,0.0,0.0,19.379354021532617,TLA,0,8,1,0,7,1,3,0,0,3,0,0,0,0,0,0
103,97,6,0,6,3,0,2,0,1,0,0,0,106,base,1675,1572,305,6.149253731343284,94.1747572815534,50.0,0.0,0.0,19.40203562340967,TLA,0,2,1,0,1,1,1,0,0,1,0,0,0,0,0,0
103,83,20,1,19,8,0,6,1,3,0,0,0,106,B,1675,1572,305,6.149253731343284,80.58252427184466,42.10526315789474,0.970873786407767,5.0,19.40203562340967,TLA,0,5,1,0,4,1,3,0,0,3,0,0,0,0,0,0
82,79,3,0,3,1,0,1,0,1,0,0,0,107,base,1675,1593,302,4.895522388059701,96.34146341463415,33.333333333333336,0.0,0.0,18.957940991839298,TLA,0,1,0,0,1,0,1,0,0,1,0,0,0,0,0,0
82,70,12,0,12,8,0,7,0,3,0,0,0,107,B,1675,1593,302,4.895522388059701,85.36585365853658,66.66666666666667,0.0,0.0,18.957940991839298,TLA,0,7,0,0,7,0,3,0,0,3,0,0,0,0,0,0
90,84,6,0,6,5,0,4,1,1,0,0,0,108,base,1675,1585,303,5.373134328358209,93.33333333333333,83.33333333333333,1.1111111111111112,16.666666666666668,19.116719242902207,TLA,0,2,0,0,2,0,1,0,0,1,0,0,0,0,0,0
90,80,10,0,10,3,0,3,1,0,0,0,0,108,B,1675,1585,303,5.373134328358209,88.88888888888889,30.0,1.1111111111111112,10.0,19.116719242902207,TLA,0,2,0,0,2,0,0,0,0,0,0,0,0,0,0,0
71,63,8,0,8,4,0,3,0,1,0,0,0,109,base,1675,1604,314,4.2388059701492535,88.73239436619718,50.0,0.0,0.0,19.576059850374065,TLA,0,3,0,0,3,0,1,0,0,1,0,0,0,0,0,0
71,58,13,0,13,8,0,6,0,1,0,0,0,109,B,1675,1604,314,4.2388059701492535,81.69014084507042,61.53846153846154,0.0,0.0,19.576059850374065,TLA,0,6,0,0,6,0,1,0,0,1,0,0,0,0,0,0
88,85,3,0,3,2,0,0,0,0,0,0,0,110,base,1675,1587,303,5.253731343283582,96.5909090909091,66.66666666666667,0.0,0.0,19.092627599243855,TLA,0,0,0,0,0,0,0,0,0,0,0,0,0,0,0,0
88,75,13,0,13,9,0,5,0,5,0,0,0,110,B,1675,1587,303,5.253731343283582,85.22727272727273,69.23076923076923,0.0,0.0,19.092627599243855,TLA,0,5,0,0,5,0,5,0,0,5,0,0,0,0,0,0
90,87,3,0,3,3,0,1,0,0,0,0,0,111,base,1675,1585,312,5.373134328358209,96.66666666666667,100.0,0.0,0.0,19.684542586750787,TLA,0,1,0,0,1,0,0,0,0,0,0,0,0,0,0,0
90,78,12,0,12,11,0,6,0,3,0,0,0,111,B,1675,1585,312,5.373134328358209,86.66666666666667,91.66666666666667,0.0,0.0,19.684542586750787,TLA,0,5,0,0,5,0,3,0,0,3,0,0,0,0,0,0
90,88,2,0,2,2,0,0,0,0,0,0,0,112,base,1675,1585,310,5.373134328358209,97.77777777777777,100.0,0.0,0.0,19.558359621451103,TLA,0,0,0,0,0,0,0,0,0,0,0,0,0,0,0,0
90,79,11,0,11,6,0,4,1,2,0,0,0,112,B,1675,1585,310,5.373134328358209,87.77777777777777,54.54545454545455,1.1111111111111112,9.090909090909092,19.558359621451103,TLA,0,3,0,0,3,0,2,0,0,2,0,0,0,0,0,0
91,86,5,0,5,2,0,2,0,1,0,0,0,113,base,1675,1584,311,5.432835820895522,94.50549450549451,40.0,0.0,0.0,19.633838383838384,TLA,0,1,0,0,1,0,1,0,0,1,0,0,0,0,0,0
91,80,11,0,11,7,0,5,0,2,0,0,0,113,B,1675,1584,311,5.432835820895522,87.91208791208791,63.63636363636363,0.0,0.0,19.633838383838384,TLA,0,4,0,0,4,0,2,0,0,2,0,0,0,0,0,0
81,78,3,0,3,3,0,2,0,0,0,0,0,114,base,1675,1594,309,4.835820895522388,96.29629629629629,100.0,0.0,0.0,19.385194479297365,TLA,0,2,0,0,2,0,0,0,0,0,0,0,0,0,0,0
81,73,8,0,8,6,0,3,0,0,0,0,0,114,B,1675,1594,309,4.835820895522388,90.12345679012346,75.0,0.0,0.0,19.385194479297365,TLA,0,2,0,0,2,0,0,0,0,0,0,0,0,0,0,0
81,77,4,0,4,4,0,3,0,1,0,0,0,115,base,1675,1594,311,4.835820895522388,95.06172839506173,100.0,0.0,0.0,19.510664993726476,TLA,0,3,1,0,2,1,1,0,0,1,0,0,0,0,0,0
81,70,11,0,11,10,0,8,0,2,0,0,0,115,B,1675,1594,311,4.835820895522388,86.41975308641975,90.9090909090909,0.0,0.0,19.510664993726476,TLA,0,7,1,0,6,1,2,0,0,2,0,0,0,0,0,0
80,77,3,0,3,3,0,1,0,0,0,0,0,116,base,1675,1595,304,4.776119402985074,96.25,100.0,0.0,0.0,19.059561128526646,TLA,0,0,0,0,0,0,0,0,0,0,0,0,0,0,0,0
80,71,9,1,8,6,0,3,1,1,0,0,0,116,B,1675,1595,304,4.776119402985074,88.75,75.0,1.25,11.11111111111111,19.059561128526646,TLA,0,1,0,0,1,0,1,0,0,1,0,0,0,0,0,0
83,77,6,0,6,4,0,4,0,0,0,0,0,117,base,1675,1592,307,4.955223880597015,92.7710843373494,66.66666666666667,0.0,0.0,19.28391959798995,TLA,0,3,0,0,3,0,0,0,0,0,0,0,0,0,0,0
83,71,12,0,12,6,0,7,1,3,0,0,0,117,B,1675,1592,307,4.955223880597015,85.5421686746988,50.0,1.2048192771084338,8.333333333333334,19.28391959798995,TLA,0,6,1,1,6,0,3,0,0,3,0,0,0,0,0,0
98,91,7,0,7,5,0,3,0,0,0,0,0,118,base,1675,1577,310,5.850746268656716,92.85714285714286,71.42857142857143,0.0,0.0,19.657577679137603,TLA,0,1,0,0,1,0,0,0,0,0,0,0,0,0,0,0
98,84,14,0,14,8,0,6,0,3,0,0,0,118,B,1675,1577,310,5.850746268656716,85.71428571428571,57.142857142857146,0.0,0.0,19.657577679137603,TLA,0,4,0,0,4,0,3,0,0,3,0,0,0,0,0,0
75,71,4,0,4,2,0,2,0,1,0,0,0,119,base,1675,1600,311,4.477611940298507,94.66666666666667,50.0,0.0,0.0,19.4375,TLA,0,2,0,0,2,0,1,0,0,1,0,0,0,0,0,0
75,63,12,0,12,7,0,6,0,1,0,0,0,119,B,1675,1600,311,4.477611940298507,84.0,58.333333333333336,0.0,0.0,19.4375,TLA,0,4,0,0,4,0,1,0,0,1,0,0,0,0,0,0
84,80,4,0,4,4,0,4,0,2,0,0,0,120,base,1675,1591,310,5.014925373134329,95.23809523809524,100.0,0.0,0.0,19.484600879949717,TLA,0,5,1,0,4,1,2,0,0,2,0,0,0,0,0,0
84,74,10,0,10,10,0,9,0,4,0,0,0,120,B,1675,1591,310,5.014925373134329,88.0952380952381,100.0,0.0,0.0,19.484600879949717,TLA,0,10,1,0,9,1,4,0,0,4,0,0,0,0,0,0
73,65,8,0,8,6,0,4,0,1,0,0,0,121,base,1675,1602,312,4.358208955223881,89.04109589041096,75.0,0.0,0.0,19.475655430711612,TLA,0,3,0,0,3,0,1,0,0,1,0,0,0,0,0,0
73,59,14,0,14,12,0,6,0,1,0,0,0,121,B,1675,1602,312,4.358208955223881,80.82191780821918,85.71428571428571,0.0,0.0,19.475655430711612,TLA,0,5,0,0,5,0,1,0,0,1,0,0,0,0,0,0
85,84,1,0,1,1,0,1,0,0,0,0,0,122,base,1675,1590,306,5.074626865671642,98.82352941176471,100.0,0.0,0.0,19.245283018867923,TLA,0,1,0,0,1,0,0,0,0,0,0,0,0,0,0,0
85,75,10,0,10,7,0,6,0,4,0,0,0,122,B,1675,1590,306,5.074626865671642,88.23529411764706,70.0,0.0,0.0,19.245283018867923,TLA,0,6,0,0,6,0,4,0,0,4,0,0,0,0,0,0
90,87,3,0,3,2,0,2,0,0,0,0,0,123,base,1675,1585,304,5.373134328358209,96.66666666666667,66.66666666666667,0.0,0.0,19.179810725552052,TLA,0,1,1,0,0,1,0,0,0,0,0,0,0,0,0,0
90,79,11,0,11,8,0,3,0,1,0,0,0,123,B,1675,1585,304,5.373134328358209,87.77777777777777,72.72727272727273,0.0,0.0,19.179810725552052,TLA,0,2,1,0,1,1,1,0,0,1,0,0,0,0,0,0
101,94,7,0,7,4,0,3,0,0,0,0,0,124,base,1675,1574,295,6.029850746268656,93.06930693069307,57.142857142857146,0.0,0.0,18.742058449809402,TLA,0,2,1,0,1,1,0,0,0,0,0,0,0,0,0,0
101,85,16,0,16,6,0,8,3,0,0,0,0,124,B,1675,1574,295,6.029850746268656,84.15841584158416,37.5,2.9702970297029703,18.75,18.742058449809402,TLA,0,6,2,2,6,0,0,0,0,0,0,0,0,0,0,0
82,79,3,0,3,2,0,1,0,0,0,0,0,125,base,1675,1593,307,4.895522388059701,96.34146341463415,66.66666666666667,0.0,0.0,19.271814187068426,TLA,0,1,0,0,1,0,0,0,0,0,0,0,0,0,0,0
82,73,9,0,9,7,0,4,0,1,0,0,0,125,B,1675,1593,307,4.895522388059701,89.02439024390245,77.77777777777777,0.0,0.0,19.271814187068426,TLA,0,4,0,0,4,0,1,0,0,1,0,0,0,0,0,0
78,76,2,0,2,2,0,0,0,0,0,0,0,126,base,1675,1597,307,4.656716417910448,97.43589743589743,100.0,0.0,0.0,19.223544145272385,TLA,0,1,1,0,0,1,0,0,0,0,0,0,0,0,0,0
78,67,11,0,11,5,0,2,1,0,0,0,0,126,B,1675,1597,307,4.656716417910448,85.8974358974359,45.45454545454545,1.2820512820512822,9.090909090909092,19.223544145272385,TLA,0,2,1,0,1,1,0,0,0,0,0,0,0,0,0,0
85,82,3,0,3,1,0,1,0,0,0,0,0,127,base,1675,1590,309,5.074626865671642,96.47058823529412,33.333333333333336,0.0,0.0,19.433962264150942,TLA,0,0,0,0,0,0,0,0,0,0,0,0,0,0,0,0
85,74,11,1,10,7,1,5,0,1,0,0,0,127,B,1675,1590,309,5.074626865671642,87.05882352941177,70.0,0.0,0.0,19.433962264150942,TLA,0,4,0,0,4,0,1,0,0,1,0,0,0,0,0,0
74,71,3,0,3,3,0,1,0,0,0,0,0,128,base,1675,1601,308,4.417910447761194,95.94594594594595,100.0,0.0,0.0,19.23797626483448,TLA,0,2,2,0,0,2,0,0,0,0,0,0,0,0,0,0
74,63,11,0,11,10,0,8,0,3,0,0,0,128,B,1675,1601,308,4.417910447761194,85.13513513513513,90.9090909090909,0.0,0.0,19.23797626483448,TLA,0,8,2,0,6,2,3,0,0,3,0,0,0,0,0,0
77,72,5,0,5,3,0,2,0,0,0,0,0,129,base,1675,1598,309,4.597014925373134,93.50649350649351,60.0,0.0,0.0,19.336670838548184,TLA,0,1,0,0,1,0,0,0,0,0,0,0,0,0,0,0
77,60,17,0,17,9,0,5,0,3,0,0,0,129,B,1675,1598,309,4.597014925373134,77.92207792207792,52.94117647058823,0.0,0.0,19.336670838548184,TLA,0,5,0,0,5,0,3,0,0,3,0,0,0,0,0,0
99,90,9,0,9,6,0,5,0,3,0,0,0,130,base,1675,1576,303,5.91044776119403,90.9090909090909,66.66666666666667,0.0,0.0,19.225888324873097,TLA,0,4,0,0,4,0,3,0,0,3,0,0,0,0,0,0
99,80,19,1,18,11,1,8,0,4,0,0,0,130,B,1675,1576,303,5.91044776119403,80.8080808080808,61.111111111111114,0.0,0.0,19.225888324873097,TLA,0,6,0,0,6,0,4,0,0,4,0,0,0,0,0,0
75,72,3,0,3,3,0,2,0,0,0,0,0,131,base,1675,1600,306,4.477611940298507,96.0,100.0,0.0,0.0,19.125,TLA,0,1,1,0,0,1,0,0,0,0,0,0,0,0,0,0
75,65,10,0,10,8,0,7,0,1,0,0,0,131,B,1675,1600,306,4.477611940298507,86.66666666666667,80.0,0.0,0.0,19.125,TLA,0,4,1,0,3,1,1,0,0,1,0,0,0,0,0,0
93,88,5,0,5,3,0,2,0,1,0,0,0,132,base,1675,1582,306,5.552238805970149,94.6236559139785,60.0,0.0,0.0,19.342604298356513,TLA,0,3,1,0,2,1,1,0,0,1,0,0,0,0,0,0
93,78,15,0,15,10,0,9,1,4,0,0,0,132,B,1675,1582,306,5.552238805970149,83.87096774193549,66.66666666666667,1.075268817204301,6.666666666666667,19.342604298356513,TLA,0,7,0,0,6,1,4,0,0,4,0,0,0,0,0,0
77,70,7,0,7,4,0,3,0,1,0,0,0,133,base,1675,1598,309,4.597014925373134,90.9090909090909,57.142857142857146,0.0,0.0,19.336670838548184,TLA,0,3,0,0,3,0,1,0,0,1,0,0,0,0,0,0
77,63,14,0,14,9,0,8,0,3,0,0,0,133,B,1675,1598,309,4.597014925373134,81.81818181818181,64.28571428571429,0.0,0.0,19.336670838548184,TLA,0,4,0,0,4,0,3,0,0,3,0,0,0,0,0,0
89,83,6,0,6,5,0,4,0,0,0,0,0,134,base,1675,1586,313,5.313432835820896,93.25842696629213,83.33333333333333,0.0,0.0,19.735182849936947,TLA,0,2,0,0,2,0,0,0,0,0,0,0,0,0,0,0
89,74,15,0,15,12,0,8,0,1,0,0,0,134,B,1675,1586,313,5.313432835820896,83.14606741573034,80.0,0.0,0.0,19.735182849936947,TLA,0,5,0,0,5,0,1,0,0,1,0,0,0,0,0,0
73,67,6,0,6,4,0,3,1,0,0,0,0,135,base,1675,1602,310,4.358208955223881,91.78082191780823,66.66666666666667,1.36986301369863,16.666666666666668,19.350811485642947,TLA,0,4,2,0,2,2,0,0,0,0,0,0,0,0,0,0
73,62,11,0,11,8,0,7,1,3,0,0,0,135,B,1675,1602,310,4.358208955223881,84.93150684931507,72.72727272727273,1.36986301369863,9.090909090909092,19.350811485642947,TLA,0,7,2,0,5,2,3,0,0,3,0,0,0,0,0,0
94,88,6,0,6,4,0,3,0,0,0,0,0,136,base,1675,1581,306,5.611940298507463,93.61702127659575,66.66666666666667,0.0,0.0,19.35483870967742,TLA,0,2,0,0,2,0,0,0,0,0,0,0,0,0,0,0
94,77,17,0,17,13,0,9,0,5,0,0,0,136,B,1675,1581,306,5.611940298507463,81.91489361702128,76.47058823529412,0.0,0.0,19.35483870967742,TLA,0,9,0,0,9,0,5,0,0,5,0,0,0,0,0,0
88,83,5,0,5,4,0,4,1,1,0,0,0,137,base,1675,1587,304,5.253731343283582,94.31818181818181,80.0,1.1363636363636365,20.0,19.155639571518588,TLA,0,2,0,0,2,0,1,0,0,1,0,0,0,0,0,0
88,74,14,0,14,12,0,9,0,2,0,0,0,137,B,1675,1587,304,5.253731343283582,84.0909090909091,85.71428571428571,0.0,0.0,19.155639571518588,TLA,0,5,0,0,5,0,2,0,0,2,0,0,0,0,0,0
83,79,4,0,4,4,0,4,0,2,0,0,0,138,base,1675,1592,306,4.955223880597015,95.18072289156626,100.0,0.0,0.0,19.22110552763819,TLA,0,4,0,0,4,0,2,0,0,2,0,0,0,0,0,0
83,70,13,0,13,11,0,7,0,2,0,0,0,138,B,1675,1592,306,4.955223880597015,84.33734939759036,84.61538461538461,0.0,0.0,19.22110552763819,TLA,0,6,0,0,6,0,2,0,0,2,0,0,0,0,0,0
103,98,5,0,5,4,0,1,0,1,0,0,0,139,base,1675,1572,295,6.149253731343284,95.14563106796116,80.0,0.0,0.0,18.765903307888042,TLA,0,1,0,0,1,0,1,0,0,1,0,0,0,0,0,0
103,84,19,0,19,12,0,6,0,2,0,0,0,139,B,1675,1572,295,6.149253731343284,81.55339805825243,63.1578947368421,0.0,0.0,18.765903307888042,TLA,0,5,0,0,5,0,2,0,0,2,0,0,0,0,0,0
70,64,6,0,6,5,0,4,0,3,0,0,0,140,base,1675,1605,308,4.17910447761194,91.42857142857143,83.33333333333333,0.0,0.0,19.190031152647975,TLA,0,3,0,0,3,0,3,0,0,3,0,0,0,0,0,0
70,57,13,0,13,10,0,9,0,6,0,0,0,140,B,1675,1605,308,4.17910447761194,81.42857142857143,76.92307692307692,0.0,0.0,19.190031152647975,TLA,0,8,0,0,8,0,6,0,0,6,0,0,0,0,0,0
90,83,7,0,7,5,0,3,0,0,0,0,0,141,base,1675,1585,308,5.373134328358209,92.22222222222223,71.42857142857143,0.0,0.0,19.43217665615142,TLA,0,2,1,0,1,1,0,0,0,0,0,0,0,0,0,0
90,77,13,0,13,8,0,5,0,0,0,0,0,141,B,1675,1585,308,5.373134328358209,85.55555555555556,61.53846153846154,0.0,0.0,19.43217665615142,TLA,0,3,1,0,2,1,0,0,0,0,0,0,0,0,0,0
69,64,5,0,5,3,0,2,0,1,0,0,0,42,base,1664,1595,235,4.146634615384615,92.7536231884058,60.0,0.0,0.0,14.733542319749215,TLI,0,2,0,0,2,0,1,0,0,1,0,0,0,0,0,0
69,58,11,0,11,6,0,3,0,0,0,0,0,42,B,1664,1595,235,4.146634615384615,84.05797101449275,54.54545454545455,0.0,0.0,14.733542319749215,TLI,0,1,0,0,1,0,0,0,0,0,0,0,0,0,0,0
70,67,3,0,3,3,0,3,0,1,0,0,0,43,base,1664,1594,238,4.206730769230769,95.71428571428571,100.0,0.0,0.0,14.93099121706399,TLI,0,3,1,0,2,1,1,0,0,1,0,0,0,0,0,0
70,61,9,1,8,5,0,6,1,2,0,0,0,43,B,1664,1594,238,4.206730769230769,87.14285714285714,62.5,1.4285714285714286,11.11111111111111,14.93099121706399,TLI,0,5,1,0,4,1,2,0,0,2,0,0,0,0,0,0
89,83,6,0,6,4,0,1,0,0,0,0,0,44,base,1664,1575,233,5.3485576923076925,93.25842696629213,66.66666666666667,0.0,0.0,14.793650793650794,TLI,0,0,0,0,0,0,0,0,0,0,0,0,0,0,0,0
89,69,20,0,20,11,0,7,1,2,0,0,0,44,B,1664,1575,233,5.3485576923076925,77.52808988764045,55.0,1.1235955056179776,5.0,14.793650793650794,TLI,0,2,0,0,2,0,2,0,0,2,0,0,0,0,0,0
77,70,7,0,7,4,0,4,1,0,0,0,0,45,base,1664,1587,231,4.627403846153846,90.9090909090909,57.142857142857146,1.2987012987012987,14.285714285714286,14.555765595463138,TLI,0,4,3,1,2,2,0,0,0,0,0,0,0,0,0,0
77,60,17,0,17,8,0,7,1,0,0,0,0,45,B,1664,1587,231,4.627403846153846,77.92207792207792,47.05882352941177,1.2987012987012987,5.882352941176471,14.555765595463138,TLI,0,4,1,0,3,1,0,0,0,0,0,0,0,0,0,0
86,82,4,0,4,2,0,2,0,0,0,0,0,46,base,1664,1578,239,5.168269230769231,95.34883720930233,50.0,0.0,0.0,15.14575411913815,TLI,0,0,0,0,0,0,0,0,0,0,0,0,0,0,0,0
86,70,16,0,16,10,0,9,2,4,0,0,0,46,B,1664,1578,239,5.168269230769231,81.3953488372093,62.5,2.3255813953488373,12.5,15.14575411913815,TLI,0,5,0,0,5,0,4,0,0,4,0,0,0,0,0,0
76,73,3,0,3,2,0,1,0,1,0,0,0,47,base,1664,1588,233,4.5673076923076925,96.05263157894737,66.66666666666667,0.0,0.0,14.672544080604535,TLI,0,2,1,0,1,1,1,0,0,1,0,0,0,0,0,0
76,61,15,1,14,8,0,5,0,2,0,0,0,47,B,1664,1588,233,4.5673076923076925,80.26315789473684,57.142857142857146,0.0,0.0,14.672544080604535,TLI,0,4,0,0,4,0,2,0,0,2,0,0,0,0,0,0
76,71,5,0,5,4,0,3,0,1,0,0,0,48,base,1664,1588,235,4.5673076923076925,93.42105263157895,80.0,0.0,0.0,14.798488664987406,TLI,0,3,1,0,2,1,1,0,0,1,0,0,0,0,0,0
76,56,20,0,20,12,0,8,0,3,0,0,0,48,B,1664,1588,235,4.5673076923076925,73.6842105263158,60.0,0.0,0.0,14.798488664987406,TLI,0,5,1,0,4,1,2,0,0,2,0,0,0,0,0,0
67,63,4,0,4,4,0,3,0,1,0,0,0,49,base,1664,1597,243,4.0264423076923075,94.02985074626865,100.0,0.0,0.0,15.216030056355667,TLI,0,2,0,0,2,0,1,0,0,1,0,0,0,0,0,0
67,58,9,0,9,6,0,4,0,2,0,0,0,49,B,1664,1597,243,4.0264423076923075,86.56716417910448,66.66666666666667,0.0,0.0,15.216030056355667,TLI,0,2,0,0,2,0,2,0,0,2,0,0,0,0,0,0
81,80,1,0,1,1,0,0,0,0,0,0,0,50,base,1664,1583,234,4.867788461538462,98.76543209876543,100.0,0.0,0.0,14.7820593809223,TLI,0,0,0,0,0,0,0,0,0,0,0,0,0,0,0,0
81,70,11,0,11,8,0,5,1,1,0,0,0,50,B,1664,1583,234,4.867788461538462,86.41975308641975,72.72727272727273,1.2345679012345678,9.090909090909092,14.7820593809223,TLI,0,5,1,1,5,0,1,0,0,1,0,0,0,0,0,0
65,62,3,0,3,1,0,1,0,0,0,0,0,51,base,1664,1599,242,3.90625,95.38461538461539,33.333333333333336,0.0,0.0,15.134459036898061,TLI,0,2,1,0,1,1,0,0,0,0,0,0,0,0,0,0
65,60,5,1,4,2,0,1,0,0,0,0,0,51,B,1664,1599,242,3.90625,92.3076923076923,50.0,0.0,0.0,15.134459036898061,TLI,0,2,1,0,1,1,0,0,0,0,0,0,0,0,0,0
77,70,7,0,7,2,0,1,0,0,0,0,0,52,base,1664,1587,234,4.627403846153846,90.9090909090909,28.571428571428573,0.0,0.0,14.744801512287335,TLI,0,1,0,0,1,0,0,0,0,0,0,0,0,0,0,0
77,64,13,0,13,5,0,4,1,2,0,0,0,52,B,1664,1587,234,4.627403846153846,83.11688311688312,38.46153846153846,1.2987012987012987,7.6923076923076925,14.744801512287335,TLI,0,3,0,0,3,0,2,0,0,2,0,0,0,0,0,0
77,73,4,0,4,3,0,3,0,1,0,0,0,53,base,1664,1587,233,4.627403846153846,94.8051948051948,75.0,0.0,0.0,14.681789540012602,TLI,0,2,0,0,2,0,1,0,0,1,0,0,0,0,0,0
77,63,14,0,14,9,0,8,1,2,0,0,0,53,B,1664,1587,233,4.627403846153846,81.81818181818181,64.28571428571429,1.2987012987012987,7.142857142857143,14.681789540012602,TLI,0,5,0,1,5,0,2,0,0,2,0,0,0,0,0,0
91,82,9,0,9,7,0,4,0,3,0,0,0,54,base,1664,1573,234,5.46875,90.10989010989012,77.77777777777777,0.0,0.0,14.87603305785124,TLI,0,3,0,0,3,0,3,0,0,3,0,0,0,0,0,0
91,73,18,0,18,12,0,9,1,3,0,0,0,54,B,1664,1573,234,5.46875,80.21978021978022,66.66666666666667,1.098901098901099,5.555555555555555,14.87603305785124,TLI,0,8,1,1,8,0,3,0,0,3,0,0,0,0,0,0
84,81,3,0,3,3,0,3,0,1,0,0,0,55,base,1664,1580,231,5.048076923076923,96.42857142857143,100.0,0.0,0.0,14.620253164556962,TLI,0,3,0,0,3,0,1,0,0,1,0,0,0,0,0,0
84,71,13,0,13,11,0,8,0,4,0,0,0,55,B,1664,1580,231,5.048076923076923,84.52380952380952,84.61538461538461,0.0,0.0,14.620253164556962,TLI,0,7,0,0,7,0,4,0,0,4,0,0,0,0,0,0
89,84,5,0,5,2,0,3,1,0,0,0,0,56,base,1664,1575,231,5.3485576923076925,94.38202247191012,40.0,1.1235955056179776,20.0,14.666666666666666,TLI,0,2,1,0,1,1,0,0,0,0,0,0,0,0,0,0
89,74,15,0,15,11,0,8,1,4,0,0,0,56,B,1664,1575,231,5.3485576923076925,83.14606741573034,73.33333333333333,1.1235955056179776,6.666666666666667,14.666666666666666,TLI,0,6,1,0,5,1,4,0,0,4,0,0,0,0,0,0
81,74,7,0,7,6,0,6,0,1,0,0,0,57,base,1664,1583,241,4.867788461538462,91.35802469135803,85.71428571428571,0.0,0.0,15.224257738471257,TLI,0,3,0,0,3,0,1,0,0,1,0,0,0,0,0,0
81,65,16,0,16,12,0,8,0,3,0,0,0,57,B,1664,1583,241,4.867788461538462,80.24691358024691,75.0,0.0,0.0,15.224257738471257,TLI,0,5,0,0,5,0,3,0,0,3,0,0,0,0,0,0
85,82,3,0,3,0,0,0,0,0,0,0,0,58,base,1664,1579,232,5.108173076923077,96.47058823529412,0.0,0.0,0.0,14.692843571880937,TLI,0,0,0,0,0,0,0,0,0,0,0,0,0,0,0,0
85,72,13,0,13,7,0,3,0,1,0,0,0,58,B,1664,1579,232,5.108173076923077,84.70588235294117,53.84615384615385,0.0,0.0,14.692843571880937,TLI,0,2,0,0,2,0,1,0,0,1,0,0,0,0,0,0
82,75,7,0,7,7,0,4,0,2,0,0,0,59,base,1664,1582,236,4.927884615384615,91.46341463414635,100.0,0.0,0.0,14.917825537294563,TLI,0,4,0,0,4,0,2,0,0,2,0,0,0,0,0,0
82,70,12,0,12,8,0,6,0,3,0,0,0,59,B,1664,1582,236,4.927884615384615,85.36585365853658,66.66666666666667,0.0,0.0,14.917825537294563,TLI,0,6,0,0,6,0,3,0,0,3,0,0,0,0,0,0
92,88,4,0,4,4,0,3,0,0,0,0,0,60,base,1664,1572,227,5.528846153846154,95.65217391304348,100.0,0.0,0.0,14.440203562340967,TLI,0,2,0,0,2,0,0,0,0,0,0,0,0,0,0,0
92,81,11,0,11,11,0,8,0,3,0,0,0,60,B,1664,1572,227,5.528846153846154,88.04347826086956,100.0,0.0,0.0,14.440203562340967,TLI,0,6,0,0,6,0,3,0,0,3,0,0,0,0,0,0
89,82,7,0,7,3,0,2,0,1,0,0,0,61,base,1664,1575,234,5.3485576923076925,92.13483146067416,42.857142857142854,0.0,0.0,14.857142857142858,TLI,0,2,0,0,2,0,1,0,0,1,0,0,0,0,0,0
89,78,11,0,11,6,0,3,0,1,0,0,0,61,B,1664,1575,234,5.3485576923076925,87.64044943820225,54.54545454545455,0.0,0.0,14.857142857142858,TLI,0,3,0,0,3,0,1,0,0,1,0,0,0,0,0,0
89,84,5,0,5,2,0,0,0,0,0,0,0,62,base,1664,1575,235,5.3485576923076925,94.38202247191012,40.0,0.0,0.0,14.920634920634921,TLI,0,1,1,0,0,1,0,0,0,0,0,0,0,0,0,0
89,74,15,0,15,7,0,6,0,2,0,0,0,62,B,1664,1575,235,5.3485576923076925,83.14606741573034,46.666666666666664,0.0,0.0,14.920634920634921,TLI,0,4,1,0,3,1,2,0,0,2,0,0,0,0,0,0
84,78,6,0,6,4,0,1,0,0,0,0,0,63,base,1664,1580,238,5.048076923076923,92.85714285714286,66.66666666666667,0.0,0.0,15.063291139240507,TLI,0,1,0,0,1,0,0,0,0,0,0,0,0,0,0,0
84,67,17,1,16,8,0,6,0,2,0,0,0,63,B,1664,1580,238,5.048076923076923,79.76190476190476,50.0,0.0,0.0,15.063291139240507,TLI,0,4,0,0,4,0,2,0,0,2,0,0,0,0,0,0
76,68,8,0,8,4,0,4,1,0,0,0,0,64,base,1664,1588,241,4.5673076923076925,89.47368421052632,50.0,1.3157894736842106,12.5,15.17632241813602,TLI,0,1,0,0,1,0,0,0,0,0,0,0,0,0,0,0
76,64,12,0,12,7,0,6,1,0,0,0,0,64,B,1664,1588,241,4.5673076923076925,84.21052631578948,58.333333333333336,1.3157894736842106,8.333333333333334,15.17632241813602,TLI,0,3,0,0,3,0,0,0,0,0,0,0,0,0,0,0
79,76,3,0,3,1,0,1,0,0,0,0,0,65,base,1664,1585,236,4.747596153846154,96.20253164556962,33.333333333333336,0.0,0.0,14.889589905362776,TLI,0,0,0,0,0,0,0,0,0,0,0,0,0,0,0,0
79,62,17,0,17,10,0,7,0,2,0,0,0,65,B,1664,1585,236,4.747596153846154,78.48101265822785,58.8235294117647,0.0,0.0,14.889589905362776,TLI,0,3,0,0,3,0,2,0,0,2,0,0,0,0,0,0
89,86,3,0,3,1,0,1,0,1,0,0,0,66,base,1664,1575,239,5.3485576923076925,96.62921348314607,33.333333333333336,0.0,0.0,15.174603174603174,TLI,0,2,1,0,1,1,1,0,0,1,0,0,0,0,0,0
89,76,13,0,13,9,0,8,0,5,0,0,0,66,B,1664,1575,239,5.3485576923076925,85.3932584269663,69.23076923076923,0.0,0.0,15.174603174603174,TLI,0,7,0,0,6,1,5,0,0,5,0,0,0,0,0,0
85,80,5,0,5,3,0,3,0,0,0,0,0,67,base,1664,1579,239,5.108173076923077,94.11764705882354,60.0,0.0,0.0,15.136162127929069,TLI,0,2,0,0,2,0,0,0,0,0,0,0,0,0,0,0
85,72,13,0,13,11,0,7,0,2,0,0,0,67,B,1664,1579,239,5.108173076923077,84.70588235294117,84.61538461538461,0.0,0.0,15.136162127929069,TLI,0,5,0,0,5,0,2,0,0,2,0,0,0,0,0,0
66,61,5,0,5,5,0,4,0,1,0,0,0,68,base,1664,1598,238,3.9663461538461537,92.42424242424242,100.0,0.0,0.0,14.893617021276595,TLI,0,3,0,0,3,0,1,0,0,1,0,0,0,0,0,0
66,56,10,1,9,5,0,5,0,0,0,0,0,68,B,1664,1598,238,3.9663461538461537,84.84848484848484,55.55555555555556,0.0,0.0,14.893617021276595,TLI,0,4,0,0,4,0,0,0,0,0,0,0,0,0,0,0
81,75,6,0,6,4,0,3,0,1,0,0,0,69,base,1664,1583,233,4.867788461538462,92.5925925925926,66.66666666666667,0.0,0.0,14.718888186986733,TLI,0,3,0,0,3,0,1,0,0,1,0,0,0,0,0,0
81,65,16,0,16,10,0,9,0,2,0,0,0,69,B,1664,1583,233,4.867788461538462,80.24691358024691,62.5,0.0,0.0,14.718888186986733,TLI,0,7,0,0,7,0,2,0,0,2,0,0,0,0,0,0
87,81,6,0,6,3,0,1,0,0,0,0,0,70,base,1664,1577,235,5.228365384615385,93.10344827586206,50.0,0.0,0.0,14.901712111604311,TLI,0,1,1,0,0,1,0,0,0,0,0,0,0,0,0,0
87,71,16,0,16,11,0,7,0,2,0,0,0,70,B,1664,1577,235,5.228365384615385,81.60919540229885,68.75,0.0,0.0,14.901712111604311,TLI,0,4,0,0,4,0,2,0,0,2,0,0,0,0,0,0
74,69,5,0,5,5,0,3,0,2,0,0,0,71,base,1664,1590,227,4.447115384615385,93.24324324324324,100.0,0.0,0.0,14.276729559748428,TLI,0,3,1,0,2,1,2,0,0,2,0,0,0,0,0,0
74,64,10,0,10,9,0,6,1,4,0,0,0,71,B,1664,1590,227,4.447115384615385,86.48648648648648,90.0,1.3513513513513513,10.0,14.276729559748428,TLI,0,6,1,0,5,1,4,0,0,4,0,0,0,0,0,0
86,84,2,0,2,1,0,1,0,0,0,0,0,72,base,1664,1578,234,5.168269230769231,97.67441860465117,50.0,0.0,0.0,14.828897338403042,TLI,0,0,0,0,0,0,0,0,0,0,0,0,0,0,0,0
86,79,7,0,7,4,0,2,0,0,0,0,0,72,B,1664,1578,234,5.168269230769231,91.86046511627907,57.142857142857146,0.0,0.0,14.828897338403042,TLI,0,1,0,0,1,0,0,0,0,0,0,0,0,0,0,0
87,82,5,0,5,2,0,2,1,0,0,0,0,73,base,1664,1577,229,5.228365384615385,94.25287356321839,40.0,1.1494252873563218,20.0,14.521242866201648,TLI,0,2,2,1,1,1,0,0,0,0,0,0,0,0,0,0
87,70,17,0,17,9,0,9,1,3,0,0,0,73,B,1664,1577,229,5.228365384615385,80.45977011494253,52.94117647058823,1.1494252873563218,5.882352941176471,14.521242866201648,TLI,0,6,1,1,6,0,3,0,0,3,0,0,0,0,0,0
96,92,4,0,4,3,0,2,0,1,0,0,0,74,base,1664,1568,228,5.769230769230769,95.83333333333333,75.0,0.0,0.0,14.540816326530612,TLI,0,2,0,0,2,0,1,0,0,1,0,0,0,0,0,0
96,76,20,0,20,13,0,8,0,6,0,0,0,74,B,1664,1568,228,5.769230769230769,79.16666666666667,65.0,0.0,0.0,14.540816326530612,TLI,0,7,0,0,7,0,6,0,0,6,0,0,0,0,0,0
90,84,6,0,6,3,0,2,0,1,0,0,0,75,base,1664,1574,237,5.408653846153846,93.33333333333333,50.0,0.0,0.0,15.0571791613723,TLI,0,2,0,0,2,0,1,0,0,1,0,0,0,0,0,0
90,74,16,0,16,10,0,5,0,2,0,0,0,75,B,1664,1574,237,5.408653846153846,82.22222222222223,62.5,0.0,0.0,15.0571791613723,TLI,0,4,0,0,4,0,2,0,0,2,0,0,0,0,0,0
96,90,6,0,6,5,0,2,0,1,0,0,0,76,base,1664,1568,233,5.769230769230769,93.75,83.33333333333333,0.0,0.0,14.85969387755102,TLI,0,3,1,0,2,1,1,0,0,1,0,0,0,0,0,0
96,77,19,0,19,11,0,6,0,2,0,0,0,76,B,1664,1568,233,5.769230769230769,80.20833333333333,57.89473684210526,0.0,0.0,14.85969387755102,TLI,0,6,0,0,5,1,2,0,0,2,0,0,0,0,0,0
64,62,2,0,2,2,0,2,0,0,0,0,0,77,base,1664,1600,237,3.8461538461538463,96.875,100.0,0.0,0.0,14.8125,TLI,0,3,1,0,2,1,0,0,0,0,0,0,0,0,0,0
64,58,6,0,6,4,0,3,0,0,0,0,0,77,B,1664,1600,237,3.8461538461538463,90.625,66.66666666666667,0.0,0.0,14.8125,TLI,0,4,1,0,3,1,0,0,0,0,0,0,0,0,0,0
77,72,5,0,5,3,0,2,0,0,0,0,0,78,base,1664,1587,232,4.627403846153846,93.50649350649351,60.0,0.0,0.0,14.61877756773787,TLI,0,2,0,0,2,0,0,0,0,0,0,0,0,0,0,0
77,65,12,0,12,6,0,4,0,0,0,0,0,78,B,1664,1587,232,4.627403846153846,84.41558441558442,50.0,0.0,0.0,14.61877756773787,TLI,0,3,0,0,3,0,0,0,0,0,0,0,0,0,0,0
77,73,4,0,4,3,0,1,0,0,0,0,0,79,base,1664,1587,234,4.627403846153846,94.8051948051948,75.0,0.0,0.0,14.744801512287335,TLI,0,1,0,0,1,0,0,0,0,0,0,0,0,0,0,0
77,67,10,0,10,6,0,4,0,3,0,0,0,79,B,1664,1587,234,4.627403846153846,87.01298701298701,60.0,0.0,0.0,14.744801512287335,TLI,0,4,0,0,4,0,3,0,0,3,0,0,0,0,0,0
90,85,5,0,5,4,0,2,0,0,0,0,0,80,base,1664,1574,232,5.408653846153846,94.44444444444444,80.0,0.0,0.0,14.739517153748412,TLI,0,2,0,0,2,0,0,0,0,0,0,0,0,0,0,0
90,73,17,1,16,10,1,3,1,0,0,0,0,80,B,1664,1574,232,5.408653846153846,81.11111111111111,62.5,1.1111111111111112,5.882352941176471,14.739517153748412,TLI,0,2,0,0,2,0,0,0,0,0,0,0,0,0,0,0
88,85,3,0,3,2,0,1,0,0,0,0,0,81,base,1664,1576,237,5.288461538461538,96.5909090909091,66.66666666666667,0.0,0.0,15.038071065989847,TLI,0,1,0,0,1,0,0,0,0,0,0,0,0,0,0,0
88,72,16,0,16,11,0,8,0,3,0,0,0,81,B,1664,1576,237,5.288461538461538,81.81818181818181,68.75,0.0,0.0,15.038071065989847,TLI,0,5,0,0,5,0,3,0,0,3,0,0,0,0,0,0
96,86,10,0,10,8,0,4,0,0,0,0,0,82,base,1664,1568,236,5.769230769230769,89.58333333333333,80.0,0.0,0.0,15.051020408163266,TLI,0,3,0,0,2,1,0,0,0,0,0,0,0,0,0,0
96,77,19,0,19,14,0,10,0,2,0,0,0,82,B,1664,1568,236,5.769230769230769,80.20833333333333,73.6842105263158,0.0,0.0,15.051020408163266,TLI,0,7,0,0,6,1,2,0,0,2,0,0,0,0,0,0
68,61,7,0,7,2,0,2,0,0,0,0,0,83,base,1664,1596,233,4.086538461538462,89.70588235294117,28.571428571428573,0.0,0.0,14.598997493734336,TLI,0,5,3,0,2,3,0,0,0,0,0,0,0,0,0,0
68,49,19,0,19,8,0,5,0,2,0,0,0,83,B,1664,1596,233,4.086538461538462,72.05882352941177,42.10526315789474,0.0,0.0,14.598997493734336,TLI,0,8,2,0,5,3,2,0,0,2,0,0,0,0,0,0
86,83,3,0,3,3,0,2,0,2,0,0,0,84,base,1664,1578,231,5.168269230769231,96.51162790697674,100.0,0.0,0.0,14.638783269961976,TLI,0,4,2,0,2,2,2,0,0,2,0,0,0,0,0,0
86,74,12,0,12,8,0,5,1,2,0,0,0,84,B,1664,1578,231,5.168269230769231,86.04651162790698,66.66666666666667,1.1627906976744187,8.333333333333334,14.638783269961976,TLI,0,5,2,0,3,2,2,0,0,2,0,0,0,0,0,0
89,85,4,0,4,4,0,1,0,0,0,0,0,85,base,1664,1575,232,5.3485576923076925,95.50561797752809,100.0,0.0,0.0,14.73015873015873,TLI,0,0,0,0,0,0,0,0,0,0,0,0,0,0,0,0
89,75,14,2,12,9,0,6,0,2,0,0,0,85,B,1664,1575,232,5.3485576923076925,84.26966292134831,75.0,0.0,0.0,14.73015873015873,TLI,0,4,0,0,4,0,2,0,0,2,0,0,0,0,0,0
74,70,4,0,4,1,0,0,0,0,0,0,0,86,base,1664,1590,236,4.447115384615385,94.5945945945946,25.0,0.0,0.0,14.842767295597485,TLI,0,0,0,0,0,0,0,0,0,0,0,0,0,0,0,0
74,63,11,0,11,5,0,2,0,1,0,0,0,86,B,1664,1590,236,4.447115384615385,85.13513513513513,45.45454545454545,0.0,0.0,14.842767295597485,TLI,0,2,0,0,2,0,1,0,0,1,0,0,0,0,0,0
73,70,3,0,3,3,0,2,0,0,0,0,0,87,base,1664,1591,236,4.387019230769231,95.89041095890411,100.0,0.0,0.0,14.833438089252043,TLI,0,2,1,0,1,1,0,0,0,0,0,0,0,0,0,0
73,59,14,0,14,11,0,8,0,3,0,0,0,87,B,1664,1591,236,4.387019230769231,80.82191780821918,78.57142857142857,0.0,0.0,14.833438089252043,TLI,0,7,0,0,7,0,3,0,0,3,0,0,0,0,0,0
86,81,5,0,5,4,0,3,1,1,0,0,0,88,base,1664,1578,234,5.168269230769231,94.18604651162791,80.0,1.1627906976744187,20.0,14.828897338403042,TLI,0,2,0,0,2,1,1,0,0,1,0,0,0,0,0,0
86,76,10,0,10,8,0,8,2,4,0,0,0,88,B,1664,1578,234,5.168269230769231,88.37209302325581,80.0,2.3255813953488373,20.0,14.828897338403042,TLI,0,6,1,1,6,1,4,0,0,4,0,0,0,0,0,0
86,83,3,0,3,2,0,1,0,0,0,0,0,89,base,1664,1578,237,5.168269230769231,96.51162790697674,66.66666666666667,0.0,0.0,15.019011406844106,TLI,0,2,1,0,1,1,0,0,0,0,0,0,0,0,0,0
86,76,10,0,10,5,0,2,0,0,0,0,0,89,B,1664,1578,237,5.168269230769231,88.37209302325581,50.0,0.0,0.0,15.019011406844106,TLI,0,3,1,0,2,1,0,0,0,0,0,0,0,0,0,0
82,78,4,0,4,3,0,2,0,0,0,0,0,90,base,1664,1582,234,4.927884615384615,95.1219512195122,75.0,0.0,0.0,14.791403286978507,TLI,0,3,1,0,2,1,0,0,0,0,0,0,0,0,0,0
82,71,11,0,11,8,0,7,0,2,0,0,0,90,B,1664,1582,234,4.927884615384615,86.58536585365853,72.72727272727273,0.0,0.0,14.791403286978507,TLI,0,6,1,0,5,1,2,0,0,2,0,0,0,0,0,0
78,73,5,0,5,4,0,2,0,0,0,0,0,91,base,1664,1586,241,4.6875,93.58974358974359,80.0,0.0,0.0,15.195460277427491,TLI,0,1,0,0,1,0,0,0,0,0,0,0,0,0,0,0
78,66,12,0,12,9,0,7,0,1,0,0,0,91,B,1664,1586,241,4.6875,84.61538461538461,75.0,0.0,0.0,15.195460277427491,TLI,0,6,0,0,6,0,1,0,0,1,0,0,0,0,0,0
79,76,3,0,3,2,0,0,0,0,0,0,0,92,base,1664,1585,243,4.747596153846154,96.20253164556962,66.66666666666667,0.0,0.0,15.331230283911673,TLI,0,0,0,0,0,0,0,0,0,0,0,0,0,0,0,0
79,72,7,0,7,2,0,2,1,1,0,0,0,92,B,1664,1585,243,4.747596153846154,91.13924050632912,28.571428571428573,1.2658227848101267,14.285714285714286,15.331230283911673,TLI,0,2,1,1,2,0,1,0,0,1,0,0,0,0,0,0
77,73,4,0,4,2,0,2,0,1,0,0,0,93,base,1664,1587,238,4.627403846153846,94.8051948051948,50.0,0.0,0.0,14.996849401386264,TLI,0,2,0,0,2,0,1,0,0,1,0,0,0,0,0,0
77,65,12,0,12,6,0,5,0,4,0,0,0,93,B,1664,1587,238,4.627403846153846,84.41558441558442,50.0,0.0,0.0,14.996849401386264,TLI,0,5,0,0,5,0,4,0,0,4,0,0,0,0,0,0
92,87,5,0,5,4,0,3,0,1,0,0,0,94,base,1664,1572,233,5.528846153846154,94.56521739130434,80.0,0.0,0.0,14.821882951653944,TLI,0,3,0,0,3,0,1,0,0,1,0,0,0,0,0,0
92,79,13,0,13,11,0,9,0,3,0,0,0,94,B,1664,1572,233,5.528846153846154,85.8695652173913,84.61538461538461,0.0,0.0,14.821882951653944,TLI,0,9,0,0,9,0,3,0,0,3,0,0,0,0,0,0
97,87,10,0,10,7,0,4,0,0,0,0,0,95,base,1664,1567,235,5.829326923076923,89.69072164948453,70.0,0.0,0.0,14.996809189534142,TLI,0,2,0,0,2,0,0,0,0,0,0,0,0,0,0,0
97,77,20,0,20,13,0,6,0,0,0,0,0,95,B,1664,1567,235,5.829326923076923,79.38144329896907,65.0,0.0,0.0,14.996809189534142,TLI,0,5,0,0,5,0,0,0,0,0,0,0,0,0,0,0
85,80,5,0,5,3,0,1,0,0,0,0,0,96,base,1664,1579,235,5.108173076923077,94.11764705882354,60.0,0.0,0.0,14.882837238758707,TLI,0,3,2,0,1,2,0,0,0,0,0,0,0,0,0,0
85,71,14,1,13,8,0,5,0,1,0,0,0,96,B,1664,1579,235,5.108173076923077,83.52941176470588,61.53846153846154,0.0,0.0,14.882837238758707,TLI,0,5,2,0,3,2,1,0,0,1,0,0,0,0,0,0
76,70,6,0,6,4,0,3,1,0,0,0,0,97,base,1664,1588,232,4.5673076923076925,92.10526315789474,66.66666666666667,1.3157894736842106,16.666666666666668,14.6095717884131,TLI,0,2,2,1,1,1,0,0,0,0,0,0,0,0,0,0
76,61,15,0,15,10,0,5,1,0,0,0,0,97,B,1664,1588,232,4.5673076923076925,80.26315789473684,66.66666666666667,1.3157894736842106,6.666666666666667,14.6095717884131,TLI,0,4,2,1,3,1,0,0,0,0,0,0,0,0,0,0
78,77,1,0,1,1,0,1,0,1,0,0,0,98,base,1664,1586,236,4.6875,98.71794871794872,100.0,0.0,0.0,14.880201765447667,TLI,0,1,0,0,1,0,1,0,0,1,0,0,0,0,0,0
78,67,11,0,11,6,0,6,0,2,0,0,0,98,B,1664,1586,236,4.6875,85.8974358974359,54.54545454545455,0.0,0.0,14.880201765447667,TLI,0,6,0,0,6,0,2,0,0,2,0,0,0,0,0,0
84,81,3,0,3,2,0,0,0,0,0,0,0,99,base,1664,1580,239,5.048076923076923,96.42857142857143,66.66666666666667,0.0,0.0,15.126582278481013,TLI,0,2,2,0,0,2,0,0,0,0,0,0,0,0,0,0
84,72,12,0,12,8,0,5,0,0,0,0,0,99,B,1664,1580,239,5.048076923076923,85.71428571428571,66.66666666666667,0.0,0.0,15.126582278481013,TLI,0,5,1,0,3,2,0,0,0,0,0,0,0,0,0,0
86,82,4,0,4,2,0,2,0,0,0,0,0,100,base,1664,1578,237,5.168269230769231,95.34883720930233,50.0,0.0,0.0,15.019011406844106,TLI,0,1,1,0,0,1,0,0,0,0,0,0,0,0,0,0
86,72,14,1,13,9,0,7,0,2,0,0,0,100,B,1664,1578,237,5.168269230769231,83.72093023255815,69.23076923076923,0.0,0.0,15.019011406844106,TLI,0,3,1,0,2,1,2,0,0,2,0,0,0,0,0,0
71,68,3,0,3,0,0,0,0,0,0,0,0,101,base,1664,1593,236,4.266826923076923,95.77464788732394,0.0,0.0,0.0,14.814814814814815,TLI,0,0,0,0,0,0,0,0,0,0,0,0,0,0,0,0
71,58,13,0,13,10,0,3,0,1,0,0,0,101,B,1664,1593,236,4.266826923076923,81.69014084507042,76.92307692307692,0.0,0.0,14.814814814814815,TLI,0,2,0,0,2,0,1,0,0,1,0,0,0,0,0,0
85,83,2,0,2,1,0,0,0,0,0,0,0,102,base,1664,1579,231,5.108173076923077,97.6470588235294,50.0,0.0,0.0,14.629512349588348,TLI,0,0,0,0,0,0,0,0,0,0,0,0,0,0,0,0
85,74,11,0,11,8,0,4,0,2,0,0,0,102,B,1664,1579,231,5.108173076923077,87.05882352941177,72.72727272727273,0.0,0.0,14.629512349588348,TLI,0,3,0,0,3,0,2,0,0,2,0,0,0,0,0,0
85,82,3,0,3,3,0,2,0,1,0,0,0,103,base,1664,1579,235,5.108173076923077,96.47058823529412,100.0,0.0,0.0,14.882837238758707,TLI,0,3,1,0,2,1,1,0,0,1,0,0,0,0,0,0
85,74,11,0,11,6,0,4,0,3,0,0,0,103,B,1664,1579,235,5.108173076923077,87.05882352941177,54.54545454545455,0.0,0.0,14.882837238758707,TLI,0,5,1,0,4,1,3,0,0,3,0,0,0,0,0,0
76,74,2,0,2,1,0,2,1,0,0,0,0,104,base,1664,1588,234,4.5673076923076925,97.36842105263158,50.0,1.3157894736842106,50.0,14.73551637279597,TLI,0,0,0,0,0,0,0,0,0,0,0,0,0,0,0,0
76,66,10,0,10,7,0,6,1,2,0,0,0,104,B,1664,1588,234,4.5673076923076925,86.84210526315789,70.0,1.3157894736842106,10.0,14.73551637279597,TLI,0,3,0,0,3,0,2,0,0,2,0,0,0,0,0,0
84,78,6,0,6,4,0,2,0,1,0,0,0,105,base,1664,1580,237,5.048076923076923,92.85714285714286,66.66666666666667,0.0,0.0,15.0,TLI,0,1,0,0,1,0,1,0,0,1,0,0,0,0,0,0
84,69,15,0,15,5,0,5,0,2,0,0,0,105,B,1664,1580,237,5.048076923076923,82.14285714285714,33.333333333333336,0.0,0.0,15.0,TLI,0,3,0,0,3,0,2,0,0,2,0,0,0,0,0,0
79,77,2,0,2,0,0,1,1,0,0,0,0,106,base,1664,1585,233,4.747596153846154,97.46835443037975,0.0,1.2658227848101267,50.0,14.700315457413248,TLI,0,1,1,1,1,0,0,0,0,0,0,0,0,0,0,0
79,73,6,0,6,4,0,4,0,2,0,0,0,106,B,1664,1585,233,4.747596153846154,92.40506329113924,66.66666666666667,0.0,0.0,14.700315457413248,TLI,0,3,0,0,3,0,2,0,0,2,0,0,0,0,0,0
85,81,4,0,4,3,0,3,0,1,0,0,0,107,base,1664,1579,231,5.108173076923077,95.29411764705883,75.0,0.0,0.0,14.629512349588348,TLI,0,2,1,0,1,1,1,0,0,1,0,0,0,0,0,0
85,69,16,0,16,12,0,12,1,6,0,0,0,107,B,1664,1579,231,5.108173076923077,81.17647058823529,75.0,1.1764705882352942,6.25,14.629512349588348,TLI,0,10,1,0,9,1,6,0,0,6,0,0,0,0,0,0
98,95,3,0,3,1,0,1,1,0,0,0,0,108,base,1664,1566,234,5.889423076923077,96.93877551020408,33.333333333333336,1.0204081632653061,33.333333333333336,14.942528735632184,TLI,0,2,2,1,1,1,0,0,0,0,0,0,0,0,0,0
98,84,14,0,14,7,0,6,1,1,0,0,0,108,B,1664,1566,234,5.889423076923077,85.71428571428571,50.0,1.0204081632653061,7.142857142857143,14.942528735632184,TLI,0,4,1,0,3,1,1,0,0,1,0,0,0,0,0,0
87,81,6,0,6,4,0,3,0,1,0,0,0,109,base,1664,1577,232,5.228365384615385,93.10344827586206,66.66666666666667,0.0,0.0,14.71147748890298,TLI,0,3,0,0,3,0,1,0,0,1,0,0,0,0,0,0
87,76,11,0,11,6,0,4,0,1,0,0,0,109,B,1664,1577,232,5.228365384615385,87.35632183908046,54.54545454545455,0.0,0.0,14.71147748890298,TLI,0,3,0,0,3,0,1,0,0,1,0,0,0,0,0,0
69,61,8,0,8,5,0,4,0,2,0,0,0,110,base,1664,1595,234,4.146634615384615,88.40579710144928,62.5,0.0,0.0,14.670846394984325,TLI,0,3,0,0,3,0,2,0,0,2,0,0,0,0,0,0
69,51,18,0,18,12,0,9,1,4,0,0,0,110,B,1664,1595,234,4.146634615384615,73.91304347826087,66.66666666666667,1.4492753623188406,5.555555555555555,14.670846394984325,TLI,0,4,0,0,4,0,4,0,0,4,0,0,0,0,0,0
82,81,1,0,1,1,0,1,0,0,0,0,0,111,base,1664,1582,230,4.927884615384615,98.78048780487805,100.0,0.0,0.0,14.538558786346396,TLI,0,3,2,0,1,2,0,0,0,0,0,0,0,0,0,0
82,76,6,0,6,5,0,3,0,1,0,0,0,111,B,1664,1582,230,4.927884615384615,92.6829268292683,83.33333333333333,0.0,0.0,14.538558786346396,TLI,0,5,2,0,3,2,1,0,0,1,0,0,0,0,0,0
75,70,5,0,5,1,0,0,0,0,0,0,0,112,base,1664,1589,236,4.507211538461538,93.33333333333333,20.0,0.0,0.0,14.852108244178728,TLI,0,0,0,0,0,0,0,0,0,0,0,0,0,0,0,0
75,64,11,0,11,2,0,1,0,0,0,0,0,112,B,1664,1589,236,4.507211538461538,85.33333333333333,18.181818181818183,0.0,0.0,14.852108244178728,TLI,0,1,0,0,1,0,0,0,0,0,0,0,0,0,0,0
99,93,6,0,6,5,0,4,0,1,0,0,0,113,base,1664,1565,231,5.949519230769231,93.93939393939394,83.33333333333333,0.0,0.0,14.76038338658147,TLI,0,4,1,0,3,1,1,0,0,1,0,0,0,0,0,0
99,84,15,0,15,10,0,6,0,2,0,0,0,113,B,1664,1565,231,5.949519230769231,84.84848484848484,66.66666666666667,0.0,0.0,14.76038338658147,TLI,0,4,1,0,3,1,2,0,0,2,0,0,0,0,0,0
98,92,6,0,6,2,0,1,1,0,0,0,0,114,base,1664,1566,241,5.889423076923077,93.87755102040816,33.333333333333336,1.0204081632653061,16.666666666666668,15.389527458492976,TLI,0,0,0,0,0,0,0,0,0,0,0,0,0,0,0,0
98,80,18,0,18,10,0,7,0,2,0,0,0,114,B,1664,1566,241,5.889423076923077,81.63265306122449,55.55555555555556,0.0,0.0,15.389527458492976,TLI,0,5,0,0,5,0,2,0,0,2,0,0,0,0,0,0
89,83,6,0,6,4,0,3,0,0,0,0,0,115,base,1664,1575,238,5.3485576923076925,93.25842696629213,66.66666666666667,0.0,0.0,15.11111111111111,TLI,0,3,1,0,2,1,0,0,0,0,0,0,0,0,0,0
89,77,12,0,12,7,0,3,0,1,0,0,0,115,B,1664,1575,238,5.3485576923076925,86.51685393258427,58.333333333333336,0.0,0.0,15.11111111111111,TLI,0,3,1,0,2,1,1,0,0,1,0,0,0,0,0,0
71,63,8,0,8,5,0,2,0,0,0,0,0,116,base,1664,1593,237,4.266826923076923,88.73239436619718,62.5,0.0,0.0,14.87758945386064,TLI,0,2,1,0,1,1,0,0,0,0,0,0,0,0,0,0
71,53,18,0,18,12,0,8,0,4,0,0,0,116,B,1664,1593,237,4.266826923076923,74.64788732394366,66.66666666666667,0.0,0.0,14.87758945386064,TLI,0,6,1,0,5,1,4,0,0,4,0,0,0,0,0,0
85,79,6,0,6,2,0,1,0,0,0,0,0,117,base,1664,1579,234,5.108173076923077,92.94117647058823,33.333333333333336,0.0,0.0,14.819506016466118,TLI,0,3,2,0,1,2,0,0,0,0,0,0,0,0,0,0
85,76,9,0,9,3,0,3,0,1,0,0,0,117,B,1664,1579,234,5.108173076923077,89.41176470588235,33.333333333333336,0.0,0.0,14.819506016466118,TLI,0,5,2,0,3,2,1,0,0,1,0,0,0,0,0,0
100,94,6,0,6,4,0,3,0,1,0,0,0,118,base,1664,1564,233,6.009615384615385,94.0,66.66666666666667,0.0,0.0,14.89769820971867,TLI,0,3,1,0,2,1,1,0,0,1,0,0,0,0,0,0
100,86,14,0,14,9,0,6,0,3,0,0,0,118,B,1664,1564,233,6.009615384615385,86.0,64.28571428571429,0.0,0.0,14.89769820971867,TLI,0,6,1,0,5,1,3,0,0,3,0,0,0,0,0,0
87,84,3,0,3,2,0,1,0,1,0,0,0,119,base,1664,1577,235,5.228365384615385,96.55172413793103,66.66666666666667,0.0,0.0,14.901712111604311,TLI,0,1,0,0,1,0,1,0,0,1,0,0,0,0,0,0
87,76,11,0,11,8,0,5,0,3,0,0,0,119,B,1664,1577,235,5.228365384615385,87.35632183908046,72.72727272727273,0.0,0.0,14.901712111604311,TLI,0,4,0,0,4,0,3,0,0,3,0,0,0,0,0,0
81,76,5,0,5,3,0,2,0,0,0,0,0,120,base,1664,1583,235,4.867788461538462,93.82716049382717,60.0,0.0,0.0,14.845230574857865,TLI,0,1,0,0,1,0,0,0,0,0,0,0,0,0,0,0
81,69,12,1,11,7,0,4,0,1,0,0,0,120,B,1664,1583,235,4.867788461538462,85.18518518518519,63.63636363636363,0.0,0.0,14.845230574857865,TLI,0,3,0,0,3,0,1,0,0,1,0,0,0,0,0,0
95,88,7,0,7,4,0,2,0,0,0,0,0,121,base,1664,1569,240,5.709134615384615,92.63157894736842,57.142857142857146,0.0,0.0,15.296367112810707,TLI,0,2,0,0,2,0,0,0,0,0,0,0,0,0,0,0
95,80,15,1,14,8,0,5,0,1,0,0,0,121,B,1664,1569,240,5.709134615384615,84.21052631578948,57.142857142857146,0.0,0.0,15.296367112810707,TLI,0,4,0,0,4,0,1,0,0,1,0,0,0,0,0,0
78,71,7,0,7,4,0,3,0,0,0,0,0,122,base,1664,1586,230,4.6875,91.02564102564102,57.142857142857146,0.0,0.0,14.501891551071878,TLI,0,3,1,0,2,1,0,0,0,0,0,0,0,0,0,0
78,61,17,0,17,11,0,11,0,3,0,0,0,122,B,1664,1586,230,4.6875,78.2051282051282,64.70588235294117,0.0,0.0,14.501891551071878,TLI,0,8,1,0,7,1,3,0,0,3,0,0,0,0,0,0
79,74,5,0,5,4,0,3,0,2,0,0,0,123,base,1664,1585,235,4.747596153846154,93.67088607594937,80.0,0.0,0.0,14.826498422712934,TLI,0,3,0,0,3,0,2,0,0,2,0,0,0,0,0,0
79,64,15,0,15,10,0,5,0,0,0,0,0,123,B,1664,1585,235,4.747596153846154,81.0126582278481,66.66666666666667,0.0,0.0,14.826498422712934,TLI,0,4,0,0,4,0,0,0,0,0,0,0,0,0,0,0
68,61,7,0,7,3,0,2,0,1,0,0,0,124,base,1664,1596,237,4.086538461538462,89.70588235294117,42.857142857142854,0.0,0.0,14.849624060150376,TLI,0,1,0,0,1,0,1,0,0,1,0,0,0,0,0,0
68,58,10,0,10,6,0,5,0,2,0,0,0,124,B,1664,1596,237,4.086538461538462,85.29411764705883,60.0,0.0,0.0,14.849624060150376,TLI,0,2,0,0,2,0,2,0,0,2,0,0,0,0,0,0
89,84,5,0,5,4,0,2,0,0,0,0,0,125,base,1664,1575,233,5.3485576923076925,94.38202247191012,80.0,0.0,0.0,14.793650793650794,TLI,0,3,1,0,2,1,0,0,0,0,0,0,0,0,0,0
89,77,12,2,10,7,0,3,0,1,0,0,0,125,B,1664,1575,233,5.3485576923076925,86.51685393258427,70.0,0.0,0.0,14.793650793650794,TLI,0,3,1,0,2,1,1,0,0,1,0,0,0,0,0,0
81,78,3,0,3,2,0,2,0,1,0,0,0,126,base,1664,1583,239,4.867788461538462,96.29629629629629,66.66666666666667,0.0,0.0,15.097915350600127,TLI,0,2,0,0,2,0,1,0,0,1,0,0,0,0,0,0
81,71,10,0,10,8,0,5,0,3,0,0,0,126,B,1664,1583,239,4.867788461538462,87.65432098765432,80.0,0.0,0.0,15.097915350600127,TLI,0,4,0,0,4,0,3,0,0,3,0,0,0,0,0,0
79,78,1,0,1,1,0,1,0,0,0,0,0,127,base,1664,1585,238,4.747596153846154,98.73417721518987,100.0,0.0,0.0,15.015772870662461,TLI,0,1,0,0,1,0,0,0,0,0,0,0,0,0,0,0
79,72,7,0,7,3,0,3,0,1,0,0,0,127,B,1664,1585,238,4.747596153846154,91.13924050632912,42.857142857142854,0.0,0.0,15.015772870662461,TLI,0,3,0,0,3,0,1,0,0,1,0,0,0,0,0,0
85,80,5,0,5,4,0,2,0,0,0,0,0,128,base,1664,1579,238,5.108173076923077,94.11764705882354,80.0,0.0,0.0,15.07283090563648,TLI,0,2,0,0,2,0,0,0,0,0,0,0,0,0,0,0
85,75,10,0,10,8,0,5,0,1,0,0,0,128,B,1664,1579,238,5.108173076923077,88.23529411764706,80.0,0.0,0.0,15.07283090563648,TLI,0,3,0,0,3,0,1,0,0,1,0,0,0,0,0,0
85,79,6,0,6,4,0,2,0,0,0,0,0,129,base,1664,1579,241,5.108173076923077,92.94117647058823,66.66666666666667,0.0,0.0,15.26282457251425,TLI,0,3,1,0,2,1,0,0,0,0,0,0,0,0,0,0
85,70,15,0,15,7,0,6,1,1,0,0,0,129,B,1664,1579,241,5.108173076923077,82.3529411764706,46.666666666666664,1.1764705882352942,6.666666666666667,15.26282457251425,TLI,0,7,1,1,6,1,1,0,0,1,0,0,0,0,0,0
76,71,5,0,5,4,0,3,0,1,0,0,0,130,base,1664,1588,239,4.5673076923076925,93.42105263157895,80.0,0.0,0.0,15.05037783375315,TLI,0,4,1,0,3,1,1,0,0,1,0,0,0,0,0,0
76,64,12,0,12,9,0,6,0,3,0,0,0,130,B,1664,1588,239,4.5673076923076925,84.21052631578948,75.0,0.0,0.0,15.05037783375315,TLI,0,7,1,0,6,1,3,0,0,3,0,0,0,0,0,0
93,91,2,0,2,1,0,2,1,0,0,0,0,131,base,1664,1571,234,5.5889423076923075,97.84946236559139,50.0,1.075268817204301,50.0,14.894971355824316,TLI,0,1,0,0,1,0,0,0,0,0,0,0,0,0,0,0
93,87,6,1,5,3,0,2,1,0,0,0,0,131,B,1664,1571,234,5.5889423076923075,93.54838709677419,60.0,1.075268817204301,16.666666666666668,14.894971355824316,TLI,0,1,0,0,1,0,0,0,0,0,0,0,0,0,0,0
83,80,3,0,3,1,0,1,0,0,0,0,0,132,base,1664,1581,229,4.987980769230769,96.3855421686747,33.333333333333336,0.0,0.0,14.484503478810879,TLI,0,1,0,0,1,0,0,0,0,0,0,0,0,0,0,0
83,72,11,0,11,7,0,4,0,2,0,0,0,132,B,1664,1581,229,4.987980769230769,86.74698795180723,63.63636363636363,0.0,0.0,14.484503478810879,TLI,0,4,0,0,4,0,2,0,0,2,0,0,0,0,0,0
97,90,7,0,7,4,0,2,0,0,0,0,0,133,base,1664,1567,234,5.829326923076923,92.78350515463917,57.142857142857146,0.0,0.0,14.932992980216975,TLI,0,2,0,0,2,0,0,0,0,0,0,0,0,0,0,0
97,79,18,1,17,9,0,5,1,0,0,0,0,133,B,1664,1567,234,5.829326923076923,81.44329896907216,52.94117647058823,1.0309278350515463,5.555555555555555,14.932992980216975,TLI,0,4,0,0,4,0,0,0,0,0,0,0,0,0,0,0
86,80,6,0,6,3,0,2,0,2,0,0,0,134,base,1664,1578,237,5.168269230769231,93.02325581395348,50.0,0.0,0.0,15.019011406844106,TLI,0,3,1,0,2,1,2,0,0,2,0,0,0,0,0,0
86,76,10,0,10,5,0,3,0,2,0,0,0,134,B,1664,1578,237,5.168269230769231,88.37209302325581,50.0,0.0,0.0,15.019011406844106,TLI,0,3,1,0,2,1,2,0,0,2,0,0,0,0,0,0
96,93,3,0,3,2,0,0,0,0,0,0,0,135,base,1664,1568,239,5.769230769230769,96.875,66.66666666666667,0.0,0.0,15.24234693877551,TLI,0,0,0,0,0,0,0,0,0,0,0,0,0,0,0,0
96,85,11,0,11,6,0,3,0,1,0,0,0,135,B,1664,1568,239,5.769230769230769,88.54166666666667,54.54545454545455,0.0,0.0,15.24234693877551,TLI,0,3,0,0,3,0,1,0,0,1,0,0,0,0,0,0
97,94,3,0,3,1,0,0,0,0,0,0,0,136,base,1664,1567,231,5.829326923076923,96.90721649484536,33.333333333333336,0.0,0.0,14.741544352265475,TLI,0,1,1,0,0,1,0,0,0,0,0,0,0,0,0,0
97,83,14,0,14,9,0,6,0,2,0,0,0,136,B,1664,1567,231,5.829326923076923,85.56701030927834,64.28571428571429,0.0,0.0,14.741544352265475,TLI,0,4,0,0,4,0,2,0,0,2,0,0,0,0,0,0
80,79,1,0,1,0,0,0,0,0,0,0,0,137,base,1664,1584,233,4.8076923076923075,98.75,0.0,0.0,0.0,14.70959595959596,TLI,0,0,0,0,0,0,0,0,0,0,0,0,0,0,0,0
80,70,10,0,10,5,0,4,0,2,0,0,0,137,B,1664,1584,233,4.8076923076923075,87.5,50.0,0.0,0.0,14.70959595959596,TLI,0,4,0,0,4,0,2,0,0,2,0,0,0,0,0,0
83,80,3,0,3,3,0,2,0,1,0,0,0,138,base,1664,1581,238,4.987980769230769,96.3855421686747,100.0,0.0,0.0,15.053763440860216,TLI,0,1,0,0,1,0,1,0,0,1,0,0,0,0,0,0
83,71,12,0,12,7,0,5,0,3,0,0,0,138,B,1664,1581,238,4.987980769230769,85.5421686746988,58.333333333333336,0.0,0.0,15.053763440860216,TLI,0,4,0,0,4,0,3,0,0,3,0,0,0,0,0,0
84,81,3,0,3,2,0,0,0,0,0,0,0,139,base,1664,1580,240,5.048076923076923,96.42857142857143,66.66666666666667,0.0,0.0,15.189873417721518,TLI,0,0,0,0,0,0,0,0,0,0,0,0,0,0,0,0
84,74,10,0,10,6,0,5,1,1,0,0,0,139,B,1664,1580,240,5.048076923076923,88.0952380952381,60.0,1.1904761904761905,10.0,15.189873417721518,TLI,0,1,0,0,1,0,1,0,0,1,0,0,0,0,0,0
80,75,5,0,5,1,0,1,0,1,0,0,0,140,base,1664,1584,234,4.8076923076923075,93.75,20.0,0.0,0.0,14.772727272727273,TLI,0,1,0,0,1,0,1,0,0,1,0,0,0,0,0,0
80,66,14,0,14,7,0,6,0,3,0,0,0,140,B,1664,1584,234,4.8076923076923075,82.5,50.0,0.0,0.0,14.772727272727273,TLI,0,5,0,0,5,0,3,0,0,3,0,0,0,0,0,0
81,78,3,0,3,2,0,2,0,0,0,0,0,141,base,1664,1583,238,4.867788461538462,96.29629629629629,66.66666666666667,0.0,0.0,15.03474415666456,TLI,0,1,1,0,0,1,0,0,0,0,0,0,0,0,0,0
81,71,10,1,9,7,0,6,0,2,0,0,0,141,B,1664,1583,238,4.867788461538462,87.65432098765432,77.77777777777777,0.0,0.0,15.03474415666456,TLI,0,4,1,0,3,1,2,0,0,2,0,0,0,0,0,0
53,51,2,0,2,0,0,0,0,0,0,0,0,42,base,1153,1100,120,4.5967042497831745,96.22641509433963,0.0,0.0,0.0,10.909090909090908,UAX,0,0,0,0,0,0,0,0,0,0,0,0,0,0,0,0
53,47,6,0,6,2,0,2,0,0,0,0,0,42,B,1153,1100,120,4.5967042497831745,88.67924528301887,33.333333333333336,0.0,0.0,10.909090909090908,UAX,0,2,0,0,2,0,0,0,0,0,0,0,0,0,0,0
55,51,4,0,4,3,0,2,0,2,0,0,0,43,base,1153,1098,118,4.770164787510842,92.72727272727273,75.0,0.0,0.0,10.746812386156648,UAX,0,2,0,0,2,0,2,0,0,2,0,0,0,0,0,0
55,44,11,0,11,5,0,5,1,3,0,0,0,43,B,1153,1098,118,4.770164787510842,80.0,45.45454545454545,1.8181818181818181,9.090909090909092,10.746812386156648,UAX,0,3,0,0,3,0,3,0,0,3,0,0,0,0,0,0
58,56,2,0,2,1,0,1,0,0,0,0,0,44,base,1153,1095,117,5.030355594102342,96.55172413793103,50.0,0.0,0.0,10.684931506849315,UAX,0,0,0,0,0,0,0,0,0,0,0,0,0,0,0,0
58,50,8,0,8,4,0,4,0,2,0,0,0,44,B,1153,1095,117,5.030355594102342,86.20689655172414,50.0,0.0,0.0,10.684931506849315,UAX,0,2,0,0,2,0,1,0,0,1,0,0,0,0,0,0
68,64,4,0,4,2,0,3,1,1,0,0,0,45,base,1153,1085,116,5.897658282740677,94.11764705882354,50.0,1.4705882352941178,25.0,10.691244239631336,UAX,0,2,0,0,2,0,1,0,0,1,0,0,0,0,0,0
68,52,16,1,15,11,0,12,1,3,0,0,0,45,B,1153,1085,116,5.897658282740677,76.47058823529412,73.33333333333333,1.4705882352941178,6.25,10.691244239631336,UAX,0,7,0,0,7,0,3,0,0,3,0,0,0,0,0,0
43,40,3,0,3,1,0,2,1,0,0,0,0,46,base,1153,1110,115,3.7294015611448397,93.02325581395348,33.333333333333336,2.3255813953488373,33.333333333333336,10.36036036036036,UAX,0,2,1,0,1,0,0,0,0,0,0,0,0,0,0,0
43,35,8,0,8,5,0,4,0,1,0,0,0,46,B,1153,1110,115,3.7294015611448397,81.3953488372093,62.5,0.0,0.0,10.36036036036036,UAX,0,3,0,0,2,0,1,0,0,1,0,0,0,0,0,0
54,50,4,0,4,2,0,1,0,0,0,0,0,47,base,1153,1099,113,4.683434518647008,92.5925925925926,50.0,0.0,0.0,10.282074613284804,UAX,0,0,0,0,0,0,0,0,0,0,0,0,0,0,0,0
54,44,10,0,10,6,0,5,0,1,0,0,0,47,B,1153,1099,113,4.683434518647008,81.48148148148148,60.0,0.0,0.0,10.282074613284804,UAX,0,3,0,0,3,0,1,0,0,1,0,0,0,0,0,0
57,53,4,0,4,1,0,1,0,0,0,0,0,48,base,1153,1096,118,4.943625325238508,92.98245614035088,25.0,0.0,0.0,10.766423357664234,UAX,0,1,0,0,1,0,0,0,0,0,0,0,0,0,0,0
57,50,7,0,7,2,0,1,0,0,0,0,0,48,B,1153,1096,118,4.943625325238508,87.71929824561404,28.571428571428573,0.0,0.0,10.766423357664234,UAX,0,1,0,0,1,0,0,0,0,0,0,0,0,0,0,0
63,55,8,0,8,8,0,6,0,1,0,0,0,49,base,1153,1090,117,5.464006938421509,87.3015873015873,100.0,0.0,0.0,10.73394495412844,UAX,0,5,0,0,5,0,1,0,0,1,0,0,0,0,0,0
63,50,13,0,13,10,0,7,0,3,0,0,0,49,B,1153,1090,117,5.464006938421509,79.36507936507937,76.92307692307692,0.0,0.0,10.73394495412844,UAX,0,5,0,0,5,0,3,0,0,3,0,0,0,0,0,0
66,64,2,0,2,1,0,1,0,0,0,0,0,50,base,1153,1087,113,5.72419774501301,96.96969696969697,50.0,0.0,0.0,10.395584176632935,UAX,0,1,1,0,0,1,0,0,0,0,0,0,0,0,0,0
66,55,11,0,11,7,0,7,0,1,0,0,0,50,B,1153,1087,113,5.72419774501301,83.33333333333333,63.63636363636363,0.0,0.0,10.395584176632935,UAX,0,7,1,0,6,1,1,0,0,1,0,0,0,0,0,0
60,55,5,0,5,2,0,3,1,0,0,0,0,51,base,1153,1093,118,5.203816131830009,91.66666666666667,40.0,1.6666666666666667,20.0,10.795974382433668,UAX,0,2,1,1,2,0,0,0,0,0,0,0,0,0,0,0
60,51,9,0,9,5,0,5,1,1,0,0,0,51,B,1153,1093,118,5.203816131830009,85.0,55.55555555555556,1.6666666666666667,11.11111111111111,10.795974382433668,UAX,0,4,0,1,4,0,1,0,0,1,0,0,0,0,0,0
75,70,5,0,5,3,0,3,0,2,0,0,0,52,base,1153,1078,110,6.5047701647875105,93.33333333333333,60.0,0.0,0.0,10.204081632653061,UAX,0,2,0,0,2,0,2,0,0,2,0,0,0,0,0,0
75,66,9,0,9,6,0,6,0,5,0,0,0,52,B,1153,1078,110,6.5047701647875105,88.0,66.66666666666667,0.0,0.0,10.204081632653061,UAX,0,5,0,0,5,0,5,0,0,5,0,0,0,0,0,0
62,57,5,0,5,3,0,2,0,0,0,0,0,53,base,1153,1091,120,5.377276669557675,91.93548387096774,60.0,0.0,0.0,10.999083409715857,UAX,0,1,0,0,1,0,0,0,0,0,0,0,0,0,0,0
62,49,13,0,13,8,0,5,0,1,0,0,0,53,B,1153,1091,120,5.377276669557675,79.03225806451613,61.53846153846154,0.0,0.0,10.999083409715857,UAX,0,4,0,0,4,0,1,0,0,1,0,0,0,0,0,0
65,64,1,0,1,1,0,1,0,1,0,0,0,54,base,1153,1088,116,5.637467476149176,98.46153846153847,100.0,0.0,0.0,10.661764705882353,UAX,0,1,0,0,1,0,1,0,0,1,0,0,0,0,0,0
65,53,12,0,12,7,0,6,0,4,0,0,0,54,B,1153,1088,116,5.637467476149176,81.53846153846153,58.333333333333336,0.0,0.0,10.661764705882353,UAX,0,6,0,0,6,0,4,0,0,4,0,0,0,0,0,0
61,61,0,0,0,0,0,0,0,0,0,0,0,55,base,1153,1092,113,5.2905464006938425,100.0,,0.0,,10.347985347985349,UAX,0,0,0,0,0,0,0,0,0,0,0,0,0,0,0,0
61,52,9,1,8,4,0,4,0,3,0,0,0,55,B,1153,1092,113,5.2905464006938425,85.24590163934427,50.0,0.0,0.0,10.347985347985349,UAX,0,3,0,0,3,0,3,0,0,3,0,0,0,0,0,0
59,57,2,0,2,1,0,2,1,0,0,0,0,56,base,1153,1094,116,5.117085862966175,96.61016949152543,50.0,1.694915254237288,50.0,10.603290676416819,UAX,0,1,1,1,1,0,0,0,0,0,0,0,0,0,0,0
59,49,10,0,10,7,0,4,1,1,0,0,0,56,B,1153,1094,116,5.117085862966175,83.05084745762711,70.0,1.694915254237288,10.0,10.603290676416819,UAX,0,2,1,1,2,0,1,0,0,1,0,0,0,0,0,0
74,65,9,0,9,6,0,2,0,0,0,0,0,57,base,1153,1079,117,6.418039895923678,87.83783783783784,66.66666666666667,0.0,0.0,10.843373493975903,UAX,0,1,0,0,1,0,0,0,0,0,0,0,0,0,0,0
74,62,12,0,12,3,0,3,0,1,0,0,0,57,B,1153,1079,117,6.418039895923678,83.78378378378379,25.0,0.0,0.0,10.843373493975903,UAX,0,2,0,0,2,0,1,0,0,1,0,0,0,0,0,0
57,52,5,0,5,4,0,3,0,2,0,0,0,58,base,1153,1096,118,4.943625325238508,91.2280701754386,80.0,0.0,0.0,10.766423357664234,UAX,0,2,0,0,2,0,2,0,0,2,0,0,0,0,0,0
57,47,10,0,10,5,0,5,0,4,0,0,0,58,B,1153,1096,118,4.943625325238508,82.45614035087719,50.0,0.0,0.0,10.766423357664234,UAX,0,4,0,0,4,0,4,0,0,4,0,0,0,0,0,0
68,64,4,0,4,2,0,2,0,0,0,0,0,59,base,1153,1085,113,5.897658282740677,94.11764705882354,50.0,0.0,0.0,10.414746543778802,UAX,0,1,0,0,1,0,0,0,0,0,0,0,0,0,0,0
68,58,10,0,10,6,0,4,0,1,0,0,0,59,B,1153,1085,113,5.897658282740677,85.29411764705883,60.0,0.0,0.0,10.414746543778802,UAX,0,1,0,0,1,0,1,0,0,1,0,0,0,0,0,0
42,40,2,0,2,1,0,1,0,0,0,0,0,60,base,1153,1111,116,3.642671292281006,95.23809523809524,50.0,0.0,0.0,10.441044104410441,UAX,0,1,0,0,1,0,0,0,0,0,0,0,0,0,0,0
42,34,8,0,8,4,0,3,0,1,0,0,0,60,B,1153,1111,116,3.642671292281006,80.95238095238095,50.0,0.0,0.0,10.441044104410441,UAX,0,2,0,0,2,0,1,0,0,1,0,0,0,0,0,0
66,61,5,0,5,4,0,3,0,1,0,0,0,61,base,1153,1087,115,5.72419774501301,92.42424242424242,80.0,0.0,0.0,10.579576816927323,UAX,0,2,1,0,1,1,1,0,0,1,0,0,0,0,0,0
66,54,12,1,11,6,1,4,0,1,0,0,0,61,B,1153,1087,115,5.72419774501301,81.81818181818181,54.54545454545455,0.0,0.0,10.579576816927323,UAX,0,2,1,0,1,1,1,0,0,1,0,0,0,0,0,0
62,60,2,0,2,2,0,2,0,0,0,0,0,62,base,1153,1091,117,5.377276669557675,96.7741935483871,100.0,0.0,0.0,10.724106324472961,UAX,0,1,0,0,1,0,0,0,0,0,0,0,0,0,0,0
62,54,8,1,7,6,0,4,0,1,0,0,0,62,B,1153,1091,117,5.377276669557675,87.09677419354838,85.71428571428571,0.0,0.0,10.724106324472961,UAX,0,3,0,0,3,0,1,0,0,1,0,0,0,0,0,0
67,62,5,0,5,0,0,0,0,0,0,0,0,63,base,1153,1086,117,5.810928013876843,92.53731343283582,0.0,0.0,0.0,10.773480662983426,UAX,0,0,0,0,0,0,0,0,0,0,0,0,0,0,0,0
67,58,9,0,9,1,0,1,0,1,0,0,0,63,B,1153,1086,117,5.810928013876843,86.56716417910448,11.11111111111111,0.0,0.0,10.773480662983426,UAX,0,1,0,0,1,0,1,0,0,1,0,0,0,0,0,0
42,39,3,0,3,1,0,1,0,0,0,0,0,64,base,1153,1111,119,3.642671292281006,92.85714285714286,33.333333333333336,0.0,0.0,10.711071107110712,UAX,0,1,0,0,1,0,0,0,0,0,0,0,0,0,0,0
42,34,8,0,8,5,0,3,0,0,0,0,0,64,B,1153,1111,119,3.642671292281006,80.95238095238095,62.5,0.0,0.0,10.711071107110712,UAX,0,3,0,0,3,0,0,0,0,0,0,0,0,0,0,0
60,57,3,0,3,2,0,1,0,0,0,0,0,65,base,1153,1093,110,5.203816131830009,95.0,66.66666666666667,0.0,0.0,10.064043915827996,UAX,0,1,0,0,1,0,0,0,0,0,0,0,0,0,0,0
60,47,13,0,13,8,0,7,0,3,0,0,0,65,B,1153,1093,110,5.203816131830009,78.33333333333333,61.53846153846154,0.0,0.0,10.064043915827996,UAX,0,6,0,0,6,0,3,0,0,3,0,0,0,0,0,0
64,59,5,0,5,2,0,1,0,0,0,0,0,66,base,1153,1089,113,5.5507372072853425,92.1875,40.0,0.0,0.0,10.376492194674013,UAX,0,1,0,0,1,0,0,0,0,0,0,0,0,0,0,0
64,53,11,0,11,4,0,3,0,2,0,0,0,66,B,1153,1089,113,5.5507372072853425,82.8125,36.36363636363637,0.0,0.0,10.376492194674013,UAX,0,3,0,0,3,0,2,0,0,2,0,0,0,0,0,0
47,45,2,0,2,1,0,1,0,0,0,0,0,67,base,1153,1106,117,4.076322636600174,95.74468085106383,50.0,0.0,0.0,10.57866184448463,UAX,0,1,0,0,1,0,0,0,0,0,0,0,0,0,0,0
47,38,9,0,9,4,0,5,1,2,0,0,0,67,B,1153,1106,117,4.076322636600174,80.85106382978724,44.44444444444444,2.127659574468085,11.11111111111111,10.57866184448463,UAX,0,4,1,1,4,0,2,0,0,2,0,0,0,0,0,0
69,64,5,0,5,2,0,2,0,1,0,0,0,68,base,1153,1084,116,5.98438855160451,92.7536231884058,40.0,0.0,0.0,10.70110701107011,UAX,0,2,0,0,2,0,1,0,0,1,0,0,0,0,0,0
69,60,9,1,8,5,0,4,0,1,0,0,0,68,B,1153,1084,116,5.98438855160451,86.95652173913044,62.5,0.0,0.0,10.70110701107011,UAX,0,3,0,0,3,0,1,0,0,1,0,0,0,0,0,0
51,51,0,0,0,0,0,0,0,0,0,0,0,69,base,1153,1102,116,4.423243712055507,100.0,,0.0,,10.526315789473685,UAX,0,0,0,0,0,0,0,0,0,0,0,0,0,0,0,0
51,47,4,0,4,1,0,1,0,1,0,0,0,69,B,1153,1102,116,4.423243712055507,92.15686274509804,25.0,0.0,0.0,10.526315789473685,UAX,0,1,0,0,1,0,1,0,0,1,0,0,0,0,0,0
72,68,4,0,4,1,0,0,0,0,0,0,0,70,base,1153,1081,113,6.2445793581960105,94.44444444444444,25.0,0.0,0.0,10.453283996299723,UAX,0,1,1,0,0,1,0,0,0,0,0,0,0,0,0,0
72,59,13,1,12,3,1,2,0,0,0,0,0,70,B,1153,1081,113,6.2445793581960105,81.94444444444444,25.0,0.0,0.0,10.453283996299723,UAX,0,1,0,0,1,0,0,0,0,0,0,0,0,0,0,0
51,50,1,0,1,0,0,0,0,0,0,0,0,71,base,1153,1102,118,4.423243712055507,98.03921568627452,0.0,0.0,0.0,10.707803992740471,UAX,0,0,0,0,0,0,0,0,0,0,0,0,0,0,0,0
51,47,4,0,4,3,0,2,0,0,0,0,0,71,B,1153,1102,118,4.423243712055507,92.15686274509804,75.0,0.0,0.0,10.707803992740471,UAX,0,2,0,0,2,0,0,0,0,0,0,0,0,0,0,0
74,67,7,0,7,3,0,2,0,0,0,0,0,72,base,1153,1079,113,6.418039895923678,90.54054054054055,42.857142857142854,0.0,0.0,10.472659870250231,UAX,0,1,0,0,1,0,0,0,0,0,0,0,0,0,0,0
74,62,12,0,12,5,0,4,0,1,0,0,0,72,B,1153,1079,113,6.418039895923678,83.78378378378379,41.666666666666664,0.0,0.0,10.472659870250231,UAX,0,2,0,0,2,0,1,0,0,1,0,0,0,0,0,0
54,51,3,0,3,0,0,2,2,0,0,0,0,73,base,1153,1099,117,4.683434518647008,94.44444444444444,0.0,3.7037037037037037,66.66666666666667,10.646041856232939,UAX,0,0,0,0,0,0,0,0,0,0,0,0,0,0,0,0
54,46,8,0,8,1,0,2,1,0,0,0,0,73,B,1153,1099,117,4.683434518647008,85.18518518518519,12.5,1.8518518518518519,12.5,10.646041856232939,UAX,0,1,0,0,1,0,0,0,0,0,0,0,0,0,0,0
62,58,4,0,4,1,0,1,0,0,0,0,0,74,base,1153,1091,116,5.377276669557675,93.54838709677419,25.0,0.0,0.0,10.632447296058661,UAX,0,0,0,0,0,0,0,0,0,0,0,0,0,0,0,0
62,53,9,0,9,2,0,2,0,1,0,0,0,74,B,1153,1091,116,5.377276669557675,85.48387096774194,22.22222222222222,0.0,0.0,10.632447296058661,UAX,0,1,0,0,1,0,1,0,0,1,0,0,0,0,0,0
58,53,5,0,5,3,0,3,1,1,0,0,0,75,base,1153,1095,117,5.030355594102342,91.37931034482759,60.0,1.7241379310344827,20.0,10.684931506849315,UAX,0,2,1,1,2,0,1,0,0,1,0,0,0,0,0,0
58,46,12,0,12,7,0,6,1,2,0,0,0,75,B,1153,1095,117,5.030355594102342,79.3103448275862,58.333333333333336,1.7241379310344827,8.333333333333334,10.684931506849315,UAX,0,3,0,0,3,0,2,0,0,2,0,0,0,0,0,0
49,46,3,0,3,2,0,2,0,0,0,0,0,76,base,1153,1104,116,4.24978317432784,93.87755102040816,66.66666666666667,0.0,0.0,10.507246376811594,UAX,0,2,0,0,2,0,0,0,0,0,0,0,0,0,0,0
49,40,9,0,9,6,0,5,0,1,0,0,0,76,B,1153,1104,116,4.24978317432784,81.63265306122449,66.66666666666667,0.0,0.0,10.507246376811594,UAX,0,4,0,0,4,0,1,0,0,1,0,0,0,0,0,0
63,57,6,0,6,3,0,1,0,0,0,0,0,77,base,1153,1090,119,5.464006938421509,90.47619047619048,50.0,0.0,0.0,10.917431192660551,UAX,0,1,0,0,1,0,0,0,0,0,0,0,0,0,0,0
63,48,15,2,13,4,0,3,0,2,0,0,0,77,B,1153,1090,119,5.464006938421509,76.19047619047619,30.76923076923077,0.0,0.0,10.917431192660551,UAX,0,1,0,0,1,0,1,0,0,1,0,0,0,0,0,0
68,68,0,0,0,0,0,0,0,0,0,0,0,78,base,1153,1085,116,5.897658282740677,100.0,,0.0,,10.691244239631336,UAX,0,0,0,0,0,0,0,0,0,0,0,0,0,0,0,0
68,64,4,0,4,2,0,2,0,1,0,0,0,78,B,1153,1085,116,5.897658282740677,94.11764705882354,50.0,0.0,0.0,10.691244239631336,UAX,0,2,0,0,2,0,1,0,0,1,0,0,0,0,0,0
62,56,6,0,6,3,0,1,1,0,0,0,0,79,base,1153,1091,114,5.377276669557675,90.3225806451613,50.0,1.6129032258064515,16.666666666666668,10.449129239230064,UAX,0,0,0,0,0,0,0,0,0,0,0,0,0,0,0,0
62,51,11,0,11,6,0,4,1,1,0,0,0,79,B,1153,1091,114,5.377276669557675,82.25806451612904,54.54545454545455,1.6129032258064515,9.090909090909092,10.449129239230064,UAX,0,3,0,0,3,0,1,0,0,1,0,0,0,0,0,0
60,56,4,0,4,1,0,1,0,0,0,0,0,80,base,1153,1093,114,5.203816131830009,93.33333333333333,25.0,0.0,0.0,10.430009149130832,UAX,0,0,0,0,0,0,0,0,0,0,0,0,0,0,0,0
60,50,10,0,10,3,0,2,0,1,0,0,0,80,B,1153,1093,114,5.203816131830009,83.33333333333333,30.0,0.0,0.0,10.430009149130832,UAX,0,1,0,0,1,0,1,0,0,1,0,0,0,0,0,0
57,55,2,0,2,1,0,2,1,1,0,0,0,81,base,1153,1096,115,4.943625325238508,96.49122807017544,50.0,1.7543859649122806,50.0,10.492700729927007,UAX,0,2,1,1,2,0,1,0,0,1,0,0,0,0,0,0
57,49,8,0,8,4,0,2,0,1,0,0,0,81,B,1153,1096,115,4.943625325238508,85.96491228070175,50.0,0.0,0.0,10.492700729927007,UAX,0,2,0,0,2,0,1,0,0,1,0,0,0,0,0,0
53,50,3,0,3,3,0,3,0,0,0,0,0,82,base,1153,1100,118,4.5967042497831745,94.33962264150944,100.0,0.0,0.0,10.727272727272727,UAX,0,2,0,0,2,0,0,0,0,0,0,0,0,0,0,0
53,44,9,0,9,4,0,5,1,1,0,0,0,82,B,1153,1100,118,4.5967042497831745,83.01886792452831,44.44444444444444,1.8867924528301887,11.11111111111111,10.727272727272727,UAX,0,4,1,1,4,0,1,0,0,1,0,0,0,0,0,0
67,65,2,0,2,1,0,0,0,0,0,0,0,83,base,1153,1086,114,5.810928013876843,97.01492537313433,50.0,0.0,0.0,10.497237569060774,UAX,0,0,0,0,0,0,0,0,0,0,0,0,0,0,0,0
67,60,7,0,7,4,0,3,0,1,0,0,0,83,B,1153,1086,114,5.810928013876843,89.55223880597015,57.142857142857146,0.0,0.0,10.497237569060774,UAX,0,3,0,0,3,0,1,0,0,1,0,0,0,0,0,0
61,54,7,0,7,1,0,1,0,0,0,0,0,84,base,1153,1092,117,5.2905464006938425,88.52459016393442,14.285714285714286,0.0,0.0,10.714285714285714,UAX,0,1,0,0,1,0,0,0,0,0,0,0,0,0,0,0
61,49,12,0,12,4,0,5,1,2,0,0,0,84,B,1153,1092,117,5.2905464006938425,80.32786885245902,33.333333333333336,1.639344262295082,8.333333333333334,10.714285714285714,UAX,0,5,1,1,5,0,2,0,0,2,0,0,0,0,0,0
78,74,4,0,4,2,0,1,0,1,0,0,0,85,base,1153,1075,119,6.764960971379011,94.87179487179488,50.0,0.0,0.0,11.069767441860465,UAX,0,0,0,0,0,0,1,0,0,1,0,0,0,0,0,0
78,67,11,0,11,4,0,4,0,2,0,0,0,85,B,1153,1075,119,6.764960971379011,85.8974358974359,36.36363636363637,0.0,0.0,11.069767441860465,UAX,0,3,0,0,3,0,2,0,0,2,0,0,0,0,0,0
64,61,3,0,3,1,0,1,0,0,0,0,0,86,base,1153,1089,115,5.5507372072853425,95.3125,33.333333333333336,0.0,0.0,10.560146923783288,UAX,0,1,0,0,1,0,0,0,0,0,0,0,0,0,0,0
64,52,12,2,10,7,0,5,0,2,0,0,0,86,B,1153,1089,115,5.5507372072853425,81.25,70.0,0.0,0.0,10.560146923783288,UAX,0,4,0,0,4,0,2,0,0,2,0,0,0,0,0,0
75,72,3,0,3,1,0,0,0,0,0,0,0,87,base,1153,1078,114,6.5047701647875105,96.0,33.333333333333336,0.0,0.0,10.575139146567718,UAX,0,1,1,0,0,1,0,0,0,0,0,0,0,0,0,0
75,68,7,0,7,2,0,1,0,0,0,0,0,87,B,1153,1078,114,6.5047701647875105,90.66666666666667,28.571428571428573,0.0,0.0,10.575139146567718,UAX,0,1,1,0,0,1,0,0,0,0,0,0,0,0,0,0
55,51,4,0,4,3,0,2,0,0,0,0,0,88,base,1153,1098,119,4.770164787510842,92.72727272727273,75.0,0.0,0.0,10.837887067395265,UAX,0,0,0,0,0,0,0,0,0,0,0,0,0,0,0,0
55,44,11,0,11,5,0,4,0,0,0,0,0,88,B,1153,1098,119,4.770164787510842,80.0,45.45454545454545,0.0,0.0,10.837887067395265,UAX,0,2,0,0,2,0,0,0,0,0,0,0,0,0,0,0
61,59,2,0,2,0,0,0,0,0,0,0,0,89,base,1153,1092,115,5.2905464006938425,96.72131147540983,0.0,0.0,0.0,10.531135531135531,UAX,0,0,0,0,0,0,0,0,0,0,0,0,0,0,0,0
61,52,9,0,9,3,0,1,0,0,0,0,0,89,B,1153,1092,115,5.2905464006938425,85.24590163934427,33.333333333333336,0.0,0.0,10.531135531135531,UAX,0,0,0,0,0,0,0,0,0,0,0,0,0,0,0,0
75,72,3,0,3,3,0,1,0,0,0,0,0,90,base,1153,1078,111,6.5047701647875105,96.0,100.0,0.0,0.0,10.296846011131725,UAX,0,2,1,0,1,1,0,0,0,0,0,0,0,0,0,0
75,64,11,0,11,7,0,5,0,2,0,0,0,90,B,1153,1078,111,6.5047701647875105,85.33333333333333,63.63636363636363,0.0,0.0,10.296846011131725,UAX,0,5,1,0,4,1,2,0,0,2,0,0,0,0,0,0
58,52,6,0,6,5,0,5,1,0,0,0,0,91,base,1153,1095,117,5.030355594102342,89.65517241379311,83.33333333333333,1.7241379310344827,16.666666666666668,10.684931506849315,UAX,0,3,0,0,3,0,0,0,0,0,0,0,0,0,0,0
58,47,11,0,11,8,0,7,1,1,0,0,0,91,B,1153,1095,117,5.030355594102342,81.03448275862068,72.72727272727273,1.7241379310344827,9.090909090909092,10.684931506849315,UAX,0,3,0,0,3,0,1,0,0,1,0,0,0,0,0,0
51,50,1,0,1,0,0,0,0,0,0,0,0,92,base,1153,1102,117,4.423243712055507,98.03921568627452,0.0,0.0,0.0,10.617059891107077,UAX,0,0,0,0,0,0,0,0,0,0,0,0,0,0,0,0
51,47,4,0,4,1,0,0,0,0,0,0,0,92,B,1153,1102,117,4.423243712055507,92.15686274509804,25.0,0.0,0.0,10.617059891107077,UAX,0,0,0,0,0,0,0,0,0,0,0,0,0,0,0,0
59,56,3,0,3,3,0,3,0,2,0,0,0,93,base,1153,1094,117,5.117085862966175,94.91525423728814,100.0,0.0,0.0,10.694698354661792,UAX,0,2,0,0,2,0,2,0,0,2,0,0,0,0,0,0
59,51,8,0,8,6,0,5,0,2,0,0,0,93,B,1153,1094,117,5.117085862966175,86.44067796610169,75.0,0.0,0.0,10.694698354661792,UAX,0,3,0,0,3,0,2,0,0,2,0,0,0,0,0,0
63,57,6,0,6,3,0,2,0,0,0,0,0,94,base,1153,1090,114,5.464006938421509,90.47619047619048,50.0,0.0,0.0,10.458715596330276,UAX,0,1,0,0,1,0,0,0,0,0,0,0,0,0,0,0
63,54,9,0,9,6,0,5,0,2,0,0,0,94,B,1153,1090,114,5.464006938421509,85.71428571428571,66.66666666666667,0.0,0.0,10.458715596330276,UAX,0,3,0,0,3,0,2,0,0,2,0,0,0,0,0,0
55,54,1,0,1,0,0,0,0,0,0,0,0,95,base,1153,1098,120,4.770164787510842,98.18181818181819,0.0,0.0,0.0,10.92896174863388,UAX,0,0,0,0,0,0,0,0,0,0,0,0,0,0,0,0
55,48,7,0,7,2,0,1,0,0,0,0,0,95,B,1153,1098,120,4.770164787510842,87.27272727272727,28.571428571428573,0.0,0.0,10.92896174863388,UAX,0,0,0,0,0,0,0,0,0,0,0,0,0,0,0,0
59,54,5,0,5,3,0,2,0,0,0,0,0,96,base,1153,1094,117,5.117085862966175,91.52542372881356,60.0,0.0,0.0,10.694698354661792,UAX,0,1,0,0,1,0,0,0,0,0,0,0,0,0,0,0
59,47,12,0,12,3,0,3,0,0,0,0,0,96,B,1153,1094,117,5.117085862966175,79.66101694915254,25.0,0.0,0.0,10.694698354661792,UAX,0,2,0,0,2,0,0,0,0,0,0,0,0,0,0,0
50,47,3,0,3,0,0,1,1,0,0,0,0,97,base,1153,1103,114,4.336513443191674,94.0,0.0,2.0,33.333333333333336,10.335448776065277,UAX,0,0,0,0,0,0,0,0,0,0,0,0,0,0,0,0
50,44,6,0,6,0,0,2,2,0,0,0,0,97,B,1153,1103,114,4.336513443191674,88.0,0.0,4.0,33.333333333333336,10.335448776065277,UAX,0,1,1,1,1,0,0,0,0,0,0,0,0,0,0,0
55,51,4,0,4,1,0,1,0,1,0,0,0,98,base,1153,1098,114,4.770164787510842,92.72727272727273,25.0,0.0,0.0,10.382513661202186,UAX,0,2,1,0,1,1,1,0,0,1,0,0,0,0,0,0
55,46,9,0,9,2,0,2,0,1,0,0,0,98,B,1153,1098,114,4.770164787510842,83.63636363636364,22.22222222222222,0.0,0.0,10.382513661202186,UAX,0,2,0,0,2,0,1,0,0,1,0,0,0,0,0,0
55,48,7,0,7,3,0,2,1,0,0,0,0,99,base,1153,1098,117,4.770164787510842,87.27272727272727,42.857142857142854,1.8181818181818181,14.285714285714286,10.655737704918034,UAX,0,2,1,1,2,0,0,0,0,0,0,0,0,0,0,0
55,39,16,0,16,8,0,4,0,1,0,0,0,99,B,1153,1098,117,4.770164787510842,70.9090909090909,50.0,0.0,0.0,10.655737704918034,UAX,0,2,0,0,2,0,1,0,0,1,0,0,0,0,0,0
51,48,3,0,3,1,0,2,1,0,0,0,0,100,base,1153,1102,116,4.423243712055507,94.11764705882354,33.333333333333336,1.9607843137254901,33.333333333333336,10.526315789473685,UAX,0,1,0,0,1,0,0,0,0,0,0,0,0,0,0,0
51,46,5,0,5,1,0,2,1,0,0,0,0,100,B,1153,1102,116,4.423243712055507,90.19607843137256,20.0,1.9607843137254901,20.0,10.526315789473685,UAX,0,1,0,0,1,0,0,0,0,0,0,0,0,0,0,0
52,51,1,0,1,1,0,1,0,0,0,0,0,101,base,1153,1101,117,4.509973980919341,98.07692307692308,100.0,0.0,0.0,10.626702997275205,UAX,0,1,1,0,0,1,0,0,0,0,0,0,0,0,0,0
52,45,7,0,7,4,0,5,1,2,0,0,0,101,B,1153,1101,117,4.509973980919341,86.53846153846153,57.142857142857146,1.9230769230769231,14.285714285714286,10.626702997275205,UAX,0,3,0,0,3,0,2,0,0,2,0,0,0,0,0,0
65,62,3,0,3,2,0,1,0,0,0,0,0,102,base,1153,1088,112,5.637467476149176,95.38461538461539,66.66666666666667,0.0,0.0,10.294117647058824,UAX,0,1,0,0,1,0,0,0,0,0,0,0,0,0,0,0
65,56,9,0,9,4,0,4,0,0,0,0,0,102,B,1153,1088,112,5.637467476149176,86.15384615384616,44.44444444444444,0.0,0.0,10.294117647058824,UAX,0,2,0,0,2,0,0,0,0,0,0,0,0,0,0,0
58,53,5,0,5,1,0,1,1,0,0,0,0,103,base,1153,1095,117,5.030355594102342,91.37931034482759,20.0,1.7241379310344827,20.0,10.684931506849315,UAX,0,0,0,0,0,0,0,0,0,0,0,0,0,0,0,0
58,49,9,0,9,4,0,4,0,3,0,0,0,103,B,1153,1095,117,5.030355594102342,84.48275862068965,44.44444444444444,0.0,0.0,10.684931506849315,UAX,0,3,0,0,3,0,3,0,0,3,0,0,0,0,0,0
61,59,2,0,2,2,0,1,0,0,0,0,0,104,base,1153,1092,116,5.2905464006938425,96.72131147540983,100.0,0.0,0.0,10.622710622710622,UAX,0,1,0,0,1,0,0,0,0,0,0,0,0,0,0,0
61,50,11,1,10,7,1,6,0,3,0,0,0,104,B,1153,1092,116,5.2905464006938425,81.9672131147541,70.0,0.0,0.0,10.622710622710622,UAX,0,3,0,0,3,0,2,0,0,2,0,0,0,0,0,0
57,55,2,0,2,2,0,2,0,2,0,0,0,105,base,1153,1096,119,4.943625325238508,96.49122807017544,100.0,0.0,0.0,10.857664233576642,UAX,0,2,0,0,2,0,2,0,0,2,0,0,0,0,0,0
57,49,8,0,8,4,0,4,0,2,0,0,0,105,B,1153,1096,119,4.943625325238508,85.96491228070175,50.0,0.0,0.0,10.857664233576642,UAX,0,3,0,0,3,0,2,0,0,2,0,0,0,0,0,0
47,43,4,0,4,3,0,3,0,1,0,0,0,106,base,1153,1106,119,4.076322636600174,91.48936170212765,75.0,0.0,0.0,10.759493670886076,UAX,0,2,0,0,2,0,1,0,0,1,0,0,0,0,0,0
47,38,9,0,9,5,0,5,0,3,0,0,0,106,B,1153,1106,119,4.076322636600174,80.85106382978724,55.55555555555556,0.0,0.0,10.759493670886076,UAX,0,4,0,0,4,0,3,0,0,3,0,0,0,0,0,0
51,46,5,0,5,3,0,3,0,1,0,0,0,107,base,1153,1102,117,4.423243712055507,90.19607843137256,60.0,0.0,0.0,10.617059891107077,UAX,0,2,0,0,2,0,1,0,0,1,0,0,0,0,0,0
51,38,13,0,13,5,0,5,0,2,0,0,0,107,B,1153,1102,117,4.423243712055507,74.50980392156863,38.46153846153846,0.0,0.0,10.617059891107077,UAX,0,4,0,0,4,0,2,0,0,2,0,0,0,0,0,0
49,43,6,0,6,6,0,4,0,0,0,0,0,108,base,1153,1104,117,4.24978317432784,87.75510204081633,100.0,0.0,0.0,10.597826086956522,UAX,0,2,0,0,2,0,0,0,0,0,0,0,0,0,0,0
49,40,9,0,9,6,0,5,0,0,0,0,0,108,B,1153,1104,117,4.24978317432784,81.63265306122449,66.66666666666667,0.0,0.0,10.597826086956522,UAX,0,1,0,0,1,0,0,0,0,0,0,0,0,0,0,0
50,50,0,0,0,0,0,0,0,0,0,0,0,109,base,1153,1103,115,4.336513443191674,100.0,,0.0,,10.42611060743427,UAX,0,0,0,0,0,0,0,0,0,0,0,0,0,0,0,0
50,44,6,0,6,4,0,2,0,1,0,0,0,109,B,1153,1103,115,4.336513443191674,88.0,66.66666666666667,0.0,0.0,10.42611060743427,UAX,0,2,0,0,2,0,1,0,0,1,0,0,0,0,0,0
77,70,7,0,7,4,0,3,0,0,0,0,0,110,base,1153,1076,111,6.678230702515178,90.9090909090909,57.142857142857146,0.0,0.0,10.315985130111525,UAX,0,3,0,0,3,0,0,0,0,0,0,0,0,0,0,0
77,63,14,0,14,6,0,4,0,0,0,0,0,110,B,1153,1076,111,6.678230702515178,81.81818181818181,42.857142857142854,0.0,0.0,10.315985130111525,UAX,0,3,0,0,3,0,0,0,0,0,0,0,0,0,0,0
60,56,4,0,4,2,0,2,0,1,0,0,0,111,base,1153,1093,117,5.203816131830009,93.33333333333333,50.0,0.0,0.0,10.70448307410796,UAX,0,3,1,0,2,1,1,0,0,1,0,0,0,0,0,0
60,48,12,0,12,6,0,6,0,3,0,0,0,111,B,1153,1093,117,5.203816131830009,80.0,50.0,0.0,0.0,10.70448307410796,UAX,0,5,1,0,4,1,3,0,0,3,0,0,0,0,0,0
59,55,4,0,4,3,0,2,0,1,0,0,0,112,base,1153,1094,115,5.117085862966175,93.22033898305085,75.0,0.0,0.0,10.511882998171846,UAX,0,1,0,0,1,0,1,0,0,1,0,0,0,0,0,0
59,50,9,0,9,4,0,3,0,0,0,0,0,112,B,1153,1094,115,5.117085862966175,84.7457627118644,44.44444444444444,0.0,0.0,10.511882998171846,UAX,0,1,0,0,1,0,0,0,0,0,0,0,0,0,0,0
60,56,4,0,4,2,0,0,0,0,0,0,0,113,base,1153,1093,115,5.203816131830009,93.33333333333333,50.0,0.0,0.0,10.521500457456542,UAX,0,0,0,0,0,0,0,0,0,0,0,0,0,0,0,0
60,54,6,0,6,2,0,1,0,0,0,0,0,113,B,1153,1093,115,5.203816131830009,90.0,33.333333333333336,0.0,0.0,10.521500457456542,UAX,0,0,0,0,0,0,0,0,0,0,0,0,0,0,0,0
49,46,3,0,3,1,0,1,1,0,0,0,0,114,base,1153,1104,117,4.24978317432784,93.87755102040816,33.333333333333336,2.0408163265306123,33.333333333333336,10.597826086956522,UAX,0,0,0,0,0,0,0,0,0,0,0,0,0,0,0,0
49,42,7,0,7,3,0,3,1,0,0,0,0,114,B,1153,1104,117,4.24978317432784,85.71428571428571,42.857142857142854,2.0408163265306123,14.285714285714286,10.597826086956522,UAX,0,2,0,0,2,0,0,0,0,0,0,0,0,0,0,0
58,55,3,0,3,2,0,2,0,0,0,0,0,115,base,1153,1095,113,5.030355594102342,94.82758620689656,66.66666666666667,0.0,0.0,10.319634703196346,UAX,0,1,0,0,1,0,0,0,0,0,0,0,0,0,0,0
58,46,12,0,12,9,0,7,0,3,0,0,0,115,B,1153,1095,113,5.030355594102342,79.3103448275862,75.0,0.0,0.0,10.319634703196346,UAX,0,6,0,0,6,0,3,0,0,3,0,0,0,0,0,0
61,58,3,0,3,2,0,2,0,0,0,0,0,116,base,1153,1092,110,5.2905464006938425,95.08196721311475,66.66666666666667,0.0,0.0,10.073260073260073,UAX,0,0,0,0,0,0,0,0,0,0,0,0,0,0,0,0
61,53,8,0,8,4,0,5,1,2,0,0,0,116,B,1153,1092,110,5.2905464006938425,86.88524590163935,50.0,1.639344262295082,12.5,10.073260073260073,UAX,0,2,0,0,2,0,2,0,0,2,0,0,0,0,0,0
63,61,2,0,2,1,0,2,1,0,0,0,0,117,base,1153,1090,113,5.464006938421509,96.82539682539682,50.0,1.5873015873015872,50.0,10.36697247706422,UAX,0,2,1,1,2,0,0,0,0,0,0,0,0,0,0,0
63,49,14,1,13,8,0,7,2,1,0,0,0,117,B,1153,1090,113,5.464006938421509,77.77777777777777,61.53846153846154,3.1746031746031744,14.285714285714286,10.36697247706422,UAX,0,6,1,2,6,0,1,0,0,1,0,0,0,0,0,0
64,64,0,0,0,0,0,0,0,0,0,0,0,118,base,1153,1089,118,5.5507372072853425,100.0,,0.0,,10.8356290174472,UAX,0,0,0,0,0,0,0,0,0,0,0,0,0,0,0,0
64,56,8,0,8,4,0,5,1,0,0,0,0,118,B,1153,1089,118,5.5507372072853425,87.5,50.0,1.5625,12.5,10.8356290174472,UAX,0,4,1,1,4,0,0,0,0,0,0,0,0,0,0,0
54,53,1,0,1,1,0,1,0,0,0,0,0,119,base,1153,1099,118,4.683434518647008,98.14814814814815,100.0,0.0,0.0,10.737033666969973,UAX,0,0,0,0,0,0,0,0,0,0,0,0,0,0,0,0
54,50,4,0,4,3,0,2,0,1,0,0,0,119,B,1153,1099,118,4.683434518647008,92.5925925925926,75.0,0.0,0.0,10.737033666969973,UAX,0,1,0,0,1,0,1,0,0,1,0,0,0,0,0,0
57,57,0,0,0,0,0,0,0,0,0,0,0,120,base,1153,1096,116,4.943625325238508,100.0,,0.0,,10.583941605839415,UAX,0,0,0,0,0,0,0,0,0,0,0,0,0,0,0,0
57,50,7,0,7,4,0,3,0,1,0,0,0,120,B,1153,1096,116,4.943625325238508,87.71929824561404,57.142857142857146,0.0,0.0,10.583941605839415,UAX,0,2,0,0,2,0,1,0,0,1,0,0,0,0,0,0
54,53,1,0,1,1,0,1,0,0,0,0,0,121,base,1153,1099,117,4.683434518647008,98.14814814814815,100.0,0.0,0.0,10.646041856232939,UAX,0,0,0,0,0,0,0,0,0,0,0,0,0,0,0,0
54,47,7,0,7,6,0,4,0,0,0,0,0,121,B,1153,1099,117,4.683434518647008,87.03703703703704,85.71428571428571,0.0,0.0,10.646041856232939,UAX,0,3,0,0,3,0,0,0,0,0,0,0,0,0,0,0
69,64,5,0,5,2,0,1,0,0,0,0,0,122,base,1153,1084,110,5.98438855160451,92.7536231884058,40.0,0.0,0.0,10.14760147601476,UAX,0,1,1,0,0,1,0,0,0,0,0,0,0,0,0,0
69,57,12,1,11,4,0,3,0,0,0,0,0,122,B,1153,1084,110,5.98438855160451,82.6086956521739,36.36363636363637,0.0,0.0,10.14760147601476,UAX,0,3,1,0,2,1,0,0,0,0,0,0,0,0,0,0
49,47,2,0,2,1,0,1,0,0,0,0,0,123,base,1153,1104,120,4.24978317432784,95.91836734693878,50.0,0.0,0.0,10.869565217391305,UAX,0,1,1,0,0,1,0,0,0,0,0,0,0,0,0,0
49,40,9,0,9,4,0,3,0,1,0,0,0,123,B,1153,1104,120,4.24978317432784,81.63265306122449,44.44444444444444,0.0,0.0,10.869565217391305,UAX,0,2,1,0,1,1,1,0,0,1,0,0,0,0,0,0
57,56,1,0,1,1,0,1,0,0,0,0,0,124,base,1153,1096,116,4.943625325238508,98.24561403508773,100.0,0.0,0.0,10.583941605839415,UAX,0,0,0,0,0,0,0,0,0,0,0,0,0,0,0,0
57,47,10,0,10,4,0,5,1,2,0,0,0,124,B,1153,1096,116,4.943625325238508,82.45614035087719,40.0,1.7543859649122806,10.0,10.583941605839415,UAX,0,4,0,0,4,0,2,0,0,2,0,0,0,0,0,0
68,64,4,0,4,4,0,3,0,1,0,0,0,125,base,1153,1085,112,5.897658282740677,94.11764705882354,100.0,0.0,0.0,10.32258064516129,UAX,0,1,0,0,1,0,1,0,0,1,0,0,0,0,0,0
68,54,14,0,14,8,0,5,0,3,0,0,0,125,B,1153,1085,112,5.897658282740677,79.41176470588235,57.142857142857146,0.0,0.0,10.32258064516129,UAX,0,4,0,0,4,0,3,0,0,3,0,0,0,0,0,0
53,50,3,0,3,1,0,2,1,0,0,0,0,126,base,1153,1100,118,4.5967042497831745,94.33962264150944,33.333333333333336,1.8867924528301887,33.333333333333336,10.727272727272727,UAX,0,2,2,1,1,1,0,0,0,0,0,0,0,0,0,0
53,46,7,1,6,3,0,4,1,1,0,0,0,126,B,1153,1100,118,4.5967042497831745,86.79245283018868,50.0,1.8867924528301887,14.285714285714286,10.727272727272727,UAX,0,4,2,1,3,1,1,0,0,1,0,0,0,0,0,0
41,39,2,0,2,2,0,0,0,0,0,0,0,127,base,1153,1112,115,3.5559410234171724,95.1219512195122,100.0,0.0,0.0,10.341726618705035,UAX,0,0,0,0,0,0,0,0,0,0,0,0,0,0,0,0
41,34,7,0,7,6,0,1,0,0,0,0,0,127,B,1153,1112,115,3.5559410234171724,82.92682926829268,85.71428571428571,0.0,0.0,10.341726618705035,UAX,0,0,0,0,0,0,0,0,0,0,0,0,0,0,0,0
49,46,3,0,3,2,0,1,0,0,0,0,0,128,base,1153,1104,117,4.24978317432784,93.87755102040816,66.66666666666667,0.0,0.0,10.597826086956522,UAX,0,1,0,0,1,0,0,0,0,0,0,0,0,0,0,0
49,41,8,0,8,5,0,4,1,1,0,0,0,128,B,1153,1104,117,4.24978317432784,83.6734693877551,62.5,2.0408163265306123,12.5,10.597826086956522,UAX,0,3,0,0,3,0,1,0,0,1,0,0,0,0,0,0
48,44,4,0,4,3,0,2,0,0,0,0,0,129,base,1153,1105,117,4.163052905464007,91.66666666666667,75.0,0.0,0.0,10.588235294117647,UAX,0,1,0,0,1,0,0,0,0,0,0,0,0,0,0,0
48,42,6,0,6,5,0,3,0,0,0,0,0,129,B,1153,1105,117,4.163052905464007,87.5,83.33333333333333,0.0,0.0,10.588235294117647,UAX,0,2,0,0,2,0,0,0,0,0,0,0,0,0,0,0
68,66,2,0,2,1,0,1,0,1,0,0,0,130,base,1153,1085,113,5.897658282740677,97.05882352941177,50.0,0.0,0.0,10.414746543778802,UAX,0,1,0,0,1,0,1,0,0,1,0,0,0,0,0,0
68,61,7,0,7,3,0,3,0,1,0,0,0,130,B,1153,1085,113,5.897658282740677,89.70588235294117,42.857142857142854,0.0,0.0,10.414746543778802,UAX,0,3,0,0,3,0,1,0,0,1,0,0,0,0,0,0
57,55,2,0,2,1,0,1,0,0,0,0,0,131,base,1153,1096,120,4.943625325238508,96.49122807017544,50.0,0.0,0.0,10.94890510948905,UAX,0,0,0,0,0,0,0,0,0,0,0,0,0,0,0,0
57,52,5,0,5,4,0,3,0,0,0,0,0,131,B,1153,1096,120,4.943625325238508,91.2280701754386,80.0,0.0,0.0,10.94890510948905,UAX,0,0,0,0,0,0,0,0,0,0,0,0,0,0,0,0
58,54,4,0,4,2,0,1,0,0,0,0,0,132,base,1153,1095,119,5.030355594102342,93.10344827586206,50.0,0.0,0.0,10.867579908675799,UAX,0,1,0,0,1,0,0,0,0,0,0,0,0,0,0,0
58,45,13,1,12,3,0,2,0,1,0,0,0,132,B,1153,1095,119,5.030355594102342,77.58620689655173,25.0,0.0,0.0,10.867579908675799,UAX,0,2,0,0,2,0,1,0,0,1,0,0,0,0,0,0
60,56,4,0,4,2,0,1,0,0,0,0,0,133,base,1153,1093,113,5.203816131830009,93.33333333333333,50.0,0.0,0.0,10.338517840805123,UAX,0,1,0,0,1,0,0,0,0,0,0,0,0,0,0,0
60,53,7,0,7,2,0,2,0,0,0,0,0,133,B,1153,1093,113,5.203816131830009,88.33333333333333,28.571428571428573,0.0,0.0,10.338517840805123,UAX,0,1,0,0,1,0,0,0,0,0,0,0,0,0,0,0
64,61,3,0,3,2,0,2,0,1,0,0,0,134,base,1153,1089,115,5.5507372072853425,95.3125,66.66666666666667,0.0,0.0,10.560146923783288,UAX,0,3,1,0,2,1,1,0,0,1,0,0,0,0,0,0
64,54,10,1,9,6,0,6,0,2,0,0,0,134,B,1153,1089,115,5.5507372072853425,84.375,66.66666666666667,0.0,0.0,10.560146923783288,UAX,0,4,1,0,3,1,2,0,0,2,0,0,0,0,0,0
53,52,1,0,1,1,0,0,0,0,0,0,0,135,base,1153,1100,113,4.5967042497831745,98.11320754716981,100.0,0.0,0.0,10.272727272727273,UAX,0,0,0,0,0,0,0,0,0,0,0,0,0,0,0,0
53,48,5,0,5,4,0,2,0,1,0,0,0,135,B,1153,1100,113,4.5967042497831745,90.56603773584905,80.0,0.0,0.0,10.272727272727273,UAX,0,2,0,0,2,0,1,0,0,1,0,0,0,0,0,0
63,61,2,0,2,1,0,1,0,0,0,0,0,136,base,1153,1090,116,5.464006938421509,96.82539682539682,50.0,0.0,0.0,10.642201834862385,UAX,0,1,0,0,1,0,0,0,0,0,0,0,0,0,0,0
63,52,11,1,10,4,0,4,1,1,0,0,0,136,B,1153,1090,116,5.464006938421509,82.53968253968254,40.0,1.5873015873015872,9.090909090909092,10.642201834862385,UAX,0,2,0,0,2,0,1,0,0,1,0,0,0,0,0,0
62,59,3,0,3,3,0,2,0,0,0,0,0,137,base,1153,1091,111,5.377276669557675,95.16129032258064,100.0,0.0,0.0,10.174152153987167,UAX,0,2,0,0,2,0,0,0,0,0,0,0,0,0,0,0
62,56,6,0,6,5,0,4,1,0,0,0,0,137,B,1153,1091,111,5.377276669557675,90.3225806451613,83.33333333333333,1.6129032258064515,16.666666666666668,10.174152153987167,UAX,0,2,0,0,2,0,0,0,0,0,0,0,0,0,0,0
47,45,2,0,2,2,0,1,0,0,0,0,0,138,base,1153,1106,118,4.076322636600174,95.74468085106383,100.0,0.0,0.0,10.669077757685352,UAX,0,1,0,0,1,0,0,0,0,0,0,0,0,0,0,0
47,37,10,0,10,6,0,4,0,2,0,0,0,138,B,1153,1106,118,4.076322636600174,78.72340425531915,60.0,0.0,0.0,10.669077757685352,UAX,0,4,0,0,4,0,2,0,0,2,0,0,0,0,0,0
55,53,2,0,2,1,0,1,0,0,0,0,0,139,base,1153,1098,114,4.770164787510842,96.36363636363636,50.0,0.0,0.0,10.382513661202186,UAX,0,0,0,0,0,0,0,0,0,0,0,0,0,0,0,0
55,46,9,0,9,3,0,2,0,0,0,0,0,139,B,1153,1098,114,4.770164787510842,83.63636363636364,33.333333333333336,0.0,0.0,10.382513661202186,UAX,0,1,0,0,1,0,0,0,0,0,0,0,0,0,0,0
47,44,3,0,3,2,0,3,1,1,0,0,0,140,base,1153,1106,117,4.076322636600174,93.61702127659575,66.66666666666667,2.127659574468085,33.333333333333336,10.57866184448463,UAX,0,2,1,0,1,1,1,0,0,1,0,0,0,0,0,0
47,40,7,0,7,5,0,4,1,0,0,0,0,140,B,1153,1106,117,4.076322636600174,85.1063829787234,71.42857142857143,2.127659574468085,14.285714285714286,10.57866184448463,UAX,0,3,1,0,2,1,0,0,0,0,0,0,0,0,0,0
45,43,2,0,2,2,0,2,0,0,0,0,0,141,base,1153,1108,118,3.9028620988725065,95.55555555555556,100.0,0.0,0.0,10.649819494584838,UAX,0,0,0,0,0,0,0,0,0,0,0,0,0,0,0,0
45,42,3,0,3,2,0,2,0,0,0,0,0,141,B,1153,1108,118,3.9028620988725065,93.33333333333333,66.66666666666667,0.0,0.0,10.649819494584838,UAX,0,0,0,0,0,0,0,0,0,0,0,0,0,0,0,0
70,66,4,0,4,2,0,2,0,0,0,0,0,42,base,1334,1264,55,5.247376311844078,94.28571428571429,50.0,0.0,0.0,4.35126582278481,UIZ,0,1,0,0,1,0,0,0,0,0,0,0,0,0,0,0
70,59,11,0,11,4,0,5,1,1,0,0,0,42,B,1334,1264,55,5.247376311844078,84.28571428571429,36.36363636363637,1.4285714285714286,9.090909090909092,4.35126582278481,UIZ,0,4,1,1,4,0,1,0,0,1,0,0,0,0,0,0
88,85,3,0,3,1,0,0,0,0,0,0,0,43,base,1334,1246,50,6.5967016491754125,96.5909090909091,33.333333333333336,0.0,0.0,4.012841091492777,UIZ,0,0,0,0,0,0,0,0,0,0,0,0,0,0,0,0
88,81,7,1,6,1,0,1,1,0,0,0,0,43,B,1334,1246,50,6.5967016491754125,92.04545454545455,16.666666666666668,1.1363636363636365,14.285714285714286,4.012841091492777,UIZ,0,0,0,0,0,0,0,0,0,0,0,0,0,0,0,0
65,62,3,0,3,2,0,2,0,1,0,0,0,44,base,1334,1269,56,4.872563718140929,95.38461538461539,66.66666666666667,0.0,0.0,4.412923561859732,UIZ,0,1,0,0,1,0,1,0,0,1,0,0,0,0,0,0
65,58,7,0,7,4,0,4,0,1,0,0,0,44,B,1334,1269,56,4.872563718140929,89.23076923076923,57.142857142857146,0.0,0.0,4.412923561859732,UIZ,0,1,0,0,1,0,1,0,0,1,0,0,0,0,0,0
59,51,8,0,8,4,0,4,0,3,0,0,0,45,base,1334,1275,57,4.422788605697152,86.44067796610169,50.0,0.0,0.0,4.470588235294118,UIZ,0,5,1,0,4,1,3,0,0,3,0,0,0,0,0,0
59,47,12,0,12,6,0,6,0,4,0,0,0,45,B,1334,1275,57,4.422788605697152,79.66101694915254,50.0,0.0,0.0,4.470588235294118,UIZ,0,6,1,0,5,1,4,0,0,4,0,0,0,0,0,0
71,66,5,0,5,1,0,1,0,0,0,0,0,46,base,1334,1263,54,5.322338830584708,92.95774647887323,20.0,0.0,0.0,4.275534441805226,UIZ,0,0,0,0,0,0,0,0,0,0,0,0,0,0,0,0
71,57,14,0,14,6,0,5,0,1,0,0,0,46,B,1334,1263,54,5.322338830584708,80.28169014084507,42.857142857142854,0.0,0.0,4.275534441805226,UIZ,0,4,0,0,4,0,1,0,0,1,0,0,0,0,0,0
68,66,2,0,2,1,0,1,0,0,0,0,0,47,base,1334,1266,57,5.097451274362818,97.05882352941177,50.0,0.0,0.0,4.502369668246446,UIZ,0,0,0,0,0,0,0,0,0,0,0,0,0,0,0,0
68,64,4,0,4,2,0,2,0,0,0,0,0,47,B,1334,1266,57,5.097451274362818,94.11764705882354,50.0,0.0,0.0,4.502369668246446,UIZ,0,1,0,0,1,0,0,0,0,0,0,0,0,0,0,0
62,60,2,0,2,2,0,2,0,0,0,0,0,48,base,1334,1272,53,4.6476761619190405,96.7741935483871,100.0,0.0,0.0,4.166666666666667,UIZ,0,1,0,0,1,0,0,0,0,0,0,0,0,0,0,0
62,56,6,0,6,4,0,5,1,2,0,0,0,48,B,1334,1272,53,4.6476761619190405,90.3225806451613,66.66666666666667,1.6129032258064515,16.666666666666668,4.166666666666667,UIZ,0,3,0,0,3,0,2,0,0,2,0,0,0,0,0,0
80,76,4,0,4,3,0,2,0,0,0,0,0,49,base,1334,1254,54,5.997001499250374,95.0,75.0,0.0,0.0,4.30622009569378,UIZ,0,1,0,0,1,0,0,0,0,0,0,0,0,0,0,0
80,70,10,0,10,5,0,6,1,0,0,0,0,49,B,1334,1254,54,5.997001499250374,87.5,50.0,1.25,10.0,4.30622009569378,UIZ,0,4,0,0,4,0,0,0,0,0,0,0,0,0,0,0
65,62,3,0,3,1,0,1,0,0,0,0,0,50,base,1334,1269,56,4.872563718140929,95.38461538461539,33.333333333333336,0.0,0.0,4.412923561859732,UIZ,0,1,0,0,1,0,0,0,0,0,0,0,0,0,0,0
65,57,8,0,8,4,0,4,0,2,0,0,0,50,B,1334,1269,56,4.872563718140929,87.6923076923077,50.0,0.0,0.0,4.412923561859732,UIZ,0,3,0,0,3,0,2,0,0,2,0,0,0,0,0,0
66,65,1,0,1,0,0,0,0,0,0,0,0,51,base,1334,1268,57,4.94752623688156,98.48484848484848,0.0,0.0,0.0,4.495268138801261,UIZ,0,0,0,0,0,0,0,0,0,0,0,0,0,0,0,0
66,62,4,0,4,1,0,1,0,0,0,0,0,51,B,1334,1268,57,4.94752623688156,93.93939393939394,25.0,0.0,0.0,4.495268138801261,UIZ,0,1,0,0,1,0,0,0,0,0,0,0,0,0,0,0
68,62,6,0,6,6,0,3,0,1,0,0,0,52,base,1334,1266,55,5.097451274362818,91.17647058823529,100.0,0.0,0.0,4.344391785150079,UIZ,0,2,0,0,2,0,1,0,0,1,0,0,0,0,0,0
68,55,13,0,13,7,0,5,0,1,0,0,0,52,B,1334,1266,55,5.097451274362818,80.88235294117646,53.84615384615385,0.0,0.0,4.344391785150079,UIZ,0,4,0,0,4,0,1,0,0,1,0,0,0,0,0,0
59,56,3,0,3,2,0,2,0,2,0,0,0,53,base,1334,1275,56,4.422788605697152,94.91525423728814,66.66666666666667,0.0,0.0,4.392156862745098,UIZ,0,2,0,0,2,0,2,0,0,2,0,0,0,0,0,0
59,52,7,0,7,5,0,5,0,3,0,0,0,53,B,1334,1275,56,4.422788605697152,88.13559322033899,71.42857142857143,0.0,0.0,4.392156862745098,UIZ,0,4,0,0,4,0,3,0,0,3,0,0,0,0,0,0
65,58,7,0,7,3,0,1,0,0,0,0,0,54,base,1334,1269,56,4.872563718140929,89.23076923076923,42.857142857142854,0.0,0.0,4.412923561859732,UIZ,0,1,0,0,1,0,0,0,0,0,0,0,0,0,0,0
65,53,12,0,12,5,0,4,0,2,0,0,0,54,B,1334,1269,56,4.872563718140929,81.53846153846153,41.666666666666664,0.0,0.0,4.412923561859732,UIZ,0,4,0,0,4,0,2,0,0,2,0,0,0,0,0,0
73,66,7,0,7,4,0,4,0,1,0,0,0,55,base,1334,1261,56,5.472263868065967,90.41095890410959,57.142857142857146,0.0,0.0,4.440919904837431,UIZ,0,3,0,0,3,0,1,0,0,1,0,0,0,0,0,0
73,62,11,0,11,6,0,6,0,1,0,0,0,55,B,1334,1261,56,5.472263868065967,84.93150684931507,54.54545454545455,0.0,0.0,4.440919904837431,UIZ,0,5,0,0,5,0,1,0,0,1,0,0,0,0,0,0
71,68,3,0,3,3,0,3,0,1,0,0,0,56,base,1334,1263,54,5.322338830584708,95.77464788732394,100.0,0.0,0.0,4.275534441805226,UIZ,0,2,0,0,2,0,1,0,0,1,0,0,0,0,0,0
71,66,5,0,5,3,0,3,0,0,0,0,0,56,B,1334,1263,54,5.322338830584708,92.95774647887323,60.0,0.0,0.0,4.275534441805226,UIZ,0,2,0,0,2,0,0,0,0,0,0,0,0,0,0,0
89,87,2,0,2,1,0,0,0,0,0,0,0,57,base,1334,1245,54,6.671664167916042,97.75280898876404,50.0,0.0,0.0,4.337349397590361,UIZ,0,0,0,0,0,0,0,0,0,0,0,0,0,0,0,0
89,77,12,0,12,2,0,2,0,1,0,0,0,57,B,1334,1245,54,6.671664167916042,86.51685393258427,16.666666666666668,0.0,0.0,4.337349397590361,UIZ,0,2,0,0,2,0,1,0,0,1,0,0,0,0,0,0
72,72,0,0,0,0,0,0,0,0,0,0,0,58,base,1334,1262,51,5.397301349325337,100.0,,0.0,,4.041204437400951,UIZ,0,0,0,0,0,0,0,0,0,0,0,0,0,0,0,0
72,66,6,0,6,0,0,2,2,0,0,0,0,58,B,1334,1262,51,5.397301349325337,91.66666666666667,0.0,2.7777777777777777,33.333333333333336,4.041204437400951,UIZ,0,0,0,0,0,0,0,0,0,0,0,0,0,0,0,0
76,72,4,0,4,1,0,1,0,1,0,0,0,59,base,1334,1258,58,5.697151424287856,94.73684210526316,25.0,0.0,0.0,4.610492845786964,UIZ,0,1,0,0,1,0,1,0,0,1,0,0,0,0,0,0
76,68,8,0,8,2,0,2,0,2,0,0,0,59,B,1334,1258,58,5.697151424287856,89.47368421052632,25.0,0.0,0.0,4.610492845786964,UIZ,0,2,0,0,2,0,2,0,0,2,0,0,0,0,0,0
73,69,4,0,4,3,0,2,0,1,0,0,0,60,base,1334,1261,53,5.472263868065967,94.52054794520548,75.0,0.0,0.0,4.203013481363997,UIZ,0,2,0,0,2,0,1,0,0,1,0,0,0,0,0,0
73,60,13,0,13,7,0,9,2,3,0,0,0,60,B,1334,1261,53,5.472263868065967,82.1917808219178,53.84615384615385,2.73972602739726,15.384615384615385,4.203013481363997,UIZ,0,6,1,2,6,0,3,0,0,3,0,0,0,0,0,0
75,73,2,0,2,0,0,0,0,0,0,0,0,61,base,1334,1259,58,5.622188905547226,97.33333333333333,0.0,0.0,0.0,4.606830818109611,UIZ,0,0,0,0,0,0,0,0,0,0,0,0,0,0,0,0
75,66,9,0,9,4,0,4,0,2,0,0,0,61,B,1334,1259,58,5.622188905547226,88.0,44.44444444444444,0.0,0.0,4.606830818109611,UIZ,0,4,0,0,4,0,2,0,0,2,0,0,0,0,0,0
82,77,5,0,5,0,0,0,0,0,0,0,0,62,base,1334,1252,56,6.146926536731634,93.90243902439025,0.0,0.0,0.0,4.472843450479234,UIZ,0,1,1,0,0,1,0,0,0,0,0,0,0,0,0,0
82,74,8,1,7,1,0,2,1,0,0,0,0,62,B,1334,1252,56,6.146926536731634,90.2439024390244,14.285714285714286,1.2195121951219512,12.5,4.472843450479234,UIZ,0,2,1,0,1,1,0,0,0,0,0,0,0,0,0,0
58,56,2,0,2,1,0,1,0,0,0,0,0,63,base,1334,1276,57,4.3478260869565215,96.55172413793103,50.0,0.0,0.0,4.467084639498433,UIZ,0,1,0,0,1,0,0,0,0,0,0,0,0,0,0,0
58,48,10,0,10,8,0,8,0,3,0,0,0,63,B,1334,1276,57,4.3478260869565215,82.75862068965517,80.0,0.0,0.0,4.467084639498433,UIZ,0,8,0,0,8,0,3,0,0,3,0,0,0,0,0,0
66,62,4,0,4,2,0,2,0,1,0,0,0,64,base,1334,1268,54,4.94752623688156,93.93939393939394,50.0,0.0,0.0,4.2586750788643535,UIZ,0,2,0,0,2,0,1,0,0,1,0,0,0,0,0,0
66,52,14,0,14,4,0,4,1,1,0,0,0,64,B,1334,1268,54,4.94752623688156,78.78787878787878,28.571428571428573,1.5151515151515151,7.142857142857143,4.2586750788643535,UIZ,0,3,0,0,3,0,1,0,0,1,0,0,0,0,0,0
79,76,3,0,3,0,0,0,0,0,0,0,0,65,base,1334,1255,55,5.922038980509745,96.20253164556962,0.0,0.0,0.0,4.382470119521912,UIZ,0,1,1,0,0,1,0,0,0,0,0,0,0,0,0,0
79,69,10,0,10,4,0,3,1,0,0,0,0,65,B,1334,1255,55,5.922038980509745,87.34177215189874,40.0,1.2658227848101267,10.0,4.382470119521912,UIZ,0,4,2,1,3,1,0,0,0,0,0,0,0,0,0,0
71,66,5,0,5,4,0,4,0,2,0,0,0,66,base,1334,1263,53,5.322338830584708,92.95774647887323,80.0,0.0,0.0,4.196357878068092,UIZ,0,2,0,0,2,0,2,0,0,2,0,0,0,0,0,0
71,61,10,1,9,6,1,6,0,2,0,0,0,66,B,1334,1263,53,5.322338830584708,85.91549295774648,66.66666666666667,0.0,0.0,4.196357878068092,UIZ,0,4,0,0,4,0,2,0,0,2,0,0,0,0,0,0
61,56,5,0,5,3,0,3,0,1,0,0,0,67,base,1334,1273,56,4.572713643178411,91.80327868852459,60.0,0.0,0.0,4.399057344854674,UIZ,0,3,0,0,3,0,1,0,0,1,0,0,0,0,0,0
61,51,10,0,10,5,0,5,0,4,0,0,0,67,B,1334,1273,56,4.572713643178411,83.60655737704919,50.0,0.0,0.0,4.399057344854674,UIZ,0,5,0,0,5,0,4,0,0,4,0,0,0,0,0,0
80,76,4,0,4,3,0,3,0,0,0,0,0,68,base,1334,1254,56,5.997001499250374,95.0,75.0,0.0,0.0,4.4657097288676235,UIZ,0,1,0,0,1,0,0,0,0,0,0,0,0,0,0,0
80,67,13,0,13,7,0,7,0,3,0,0,0,68,B,1334,1254,56,5.997001499250374,83.75,53.84615384615385,0.0,0.0,4.4657097288676235,UIZ,0,4,0,0,4,0,3,0,0,3,0,0,0,0,0,0
65,63,2,0,2,2,0,1,0,0,0,0,0,69,base,1334,1269,55,4.872563718140929,96.92307692307692,100.0,0.0,0.0,4.334121355397951,UIZ,0,2,1,0,1,1,0,0,0,0,0,0,0,0,0,0
65,57,8,0,8,3,0,4,1,0,0,0,0,69,B,1334,1269,55,4.872563718140929,87.6923076923077,37.5,1.5384615384615385,12.5,4.334121355397951,UIZ,0,2,0,0,2,0,0,0,0,0,0,0,0,0,0,0
60,56,4,0,4,3,0,3,0,0,0,0,0,70,base,1334,1274,56,4.497751124437781,93.33333333333333,75.0,0.0,0.0,4.395604395604396,UIZ,0,2,1,0,1,1,0,0,0,0,0,0,0,0,0,0
60,47,13,0,13,9,0,8,0,3,0,0,0,70,B,1334,1274,56,4.497751124437781,78.33333333333333,69.23076923076923,0.0,0.0,4.395604395604396,UIZ,0,6,1,0,5,1,3,0,0,3,0,0,0,0,0,0
64,62,2,0,2,1,0,1,0,0,0,0,0,71,base,1334,1270,55,4.7976011994003,96.875,50.0,0.0,0.0,4.330708661417323,UIZ,0,1,0,0,1,0,0,0,0,0,0,0,0,0,0,0
64,53,11,0,11,2,0,2,0,0,0,0,0,71,B,1334,1270,55,4.7976011994003,82.8125,18.181818181818183,0.0,0.0,4.330708661417323,UIZ,0,2,0,0,2,0,0,0,0,0,0,0,0,0,0,0
58,54,4,0,4,2,0,2,0,0,0,0,0,72,base,1334,1276,52,4.3478260869565215,93.10344827586206,50.0,0.0,0.0,4.075235109717869,UIZ,0,3,1,0,2,1,0,0,0,0,0,0,0,0,0,0
58,45,13,1,12,5,0,5,0,2,0,0,0,72,B,1334,1276,52,4.3478260869565215,77.58620689655173,41.666666666666664,0.0,0.0,4.075235109717869,UIZ,0,6,1,0,5,1,2,0,0,2,0,0,0,0,0,0
77,71,6,0,6,2,0,2,0,0,0,0,0,73,base,1334,1257,57,5.772113943028486,92.20779220779221,33.333333333333336,0.0,0.0,4.534606205250597,UIZ,0,0,0,0,0,0,0,0,0,0,0,0,0,0,0,0
77,63,14,1,13,7,0,3,0,0,0,0,0,73,B,1334,1257,57,5.772113943028486,81.81818181818181,53.84615384615385,0.0,0.0,4.534606205250597,UIZ,0,1,0,0,1,0,0,0,0,0,0,0,0,0,0,0
76,71,5,0,5,3,0,3,0,1,0,0,0,74,base,1334,1258,57,5.697151424287856,93.42105263157895,60.0,0.0,0.0,4.531001589825119,UIZ,0,2,0,0,2,0,1,0,0,1,0,0,0,0,0,0
76,66,10,0,10,6,0,6,0,1,0,0,0,74,B,1334,1258,57,5.697151424287856,86.84210526315789,60.0,0.0,0.0,4.531001589825119,UIZ,0,4,0,0,4,0,1,0,0,1,0,0,0,0,0,0
76,73,3,0,3,2,0,1,0,0,0,0,0,75,base,1334,1258,53,5.697151424287856,96.05263157894737,66.66666666666667,0.0,0.0,4.213036565977743,UIZ,0,0,0,0,0,0,0,0,0,0,0,0,0,0,0,0
76,67,9,0,9,3,0,1,0,0,0,0,0,75,B,1334,1258,53,5.697151424287856,88.15789473684211,33.333333333333336,0.0,0.0,4.213036565977743,UIZ,0,0,0,0,0,0,0,0,0,0,0,0,0,0,0,0
71,65,6,0,6,4,0,3,0,0,0,0,0,76,base,1334,1263,53,5.322338830584708,91.54929577464789,66.66666666666667,0.0,0.0,4.196357878068092,UIZ,0,3,0,0,3,0,0,0,0,0,0,0,0,0,0,0
71,57,14,1,13,5,0,5,0,2,0,0,0,76,B,1334,1263,53,5.322338830584708,80.28169014084507,38.46153846153846,0.0,0.0,4.196357878068092,UIZ,0,5,0,0,5,0,2,0,0,2,0,0,0,0,0,0
68,64,4,0,4,3,0,3,0,1,0,0,0,77,base,1334,1266,53,5.097451274362818,94.11764705882354,75.0,0.0,0.0,4.1864139020537126,UIZ,0,2,0,0,2,0,1,0,0,1,0,0,0,0,0,0
68,58,10,0,10,5,0,5,0,1,0,0,0,77,B,1334,1266,53,5.097451274362818,85.29411764705883,50.0,0.0,0.0,4.1864139020537126,UIZ,0,3,0,0,3,0,1,0,0,1,0,0,0,0,0,0
65,58,7,0,7,4,0,4,1,2,0,0,0,78,base,1334,1269,56,4.872563718140929,89.23076923076923,57.142857142857146,1.5384615384615385,14.285714285714286,4.412923561859732,UIZ,0,2,0,0,2,0,2,0,0,2,0,0,0,0,0,0
65,50,15,0,15,4,0,4,0,2,0,0,0,78,B,1334,1269,56,4.872563718140929,76.92307692307692,26.666666666666668,0.0,0.0,4.412923561859732,UIZ,0,3,0,0,3,0,2,0,0,2,0,0,0,0,0,0
53,52,1,0,1,0,0,0,0,0,0,0,0,79,base,1334,1281,57,3.973013493253373,98.11320754716981,0.0,0.0,0.0,4.4496487119437935,UIZ,0,0,0,0,0,0,0,0,0,0,0,0,0,0,0,0
53,46,7,0,7,3,0,3,0,1,0,0,0,79,B,1334,1281,57,3.973013493253373,86.79245283018868,42.857142857142854,0.0,0.0,4.4496487119437935,UIZ,0,1,0,0,1,0,1,0,0,1,0,0,0,0,0,0
71,68,3,0,3,2,0,1,0,0,0,0,0,80,base,1334,1263,54,5.322338830584708,95.77464788732394,66.66666666666667,0.0,0.0,4.275534441805226,UIZ,0,2,2,0,0,2,0,0,0,0,0,0,0,0,0,0
71,61,10,0,10,3,0,4,1,0,0,0,0,80,B,1334,1263,54,5.322338830584708,85.91549295774648,30.0,1.408450704225352,10.0,4.275534441805226,UIZ,0,4,2,0,2,2,0,0,0,0,0,0,0,0,0,0
61,56,5,0,5,2,0,2,0,0,0,0,0,81,base,1334,1273,58,4.572713643178411,91.80327868852459,40.0,0.0,0.0,4.556166535742341,UIZ,0,0,0,0,0,0,0,0,0,0,0,0,0,0,0,0
61,50,11,0,11,5,0,5,0,3,0,0,0,81,B,1334,1273,58,4.572713643178411,81.9672131147541,45.45454545454545,0.0,0.0,4.556166535742341,UIZ,0,3,0,0,3,0,3,0,0,3,0,0,0,0,0,0
77,70,7,0,7,4,0,3,0,0,0,0,0,82,base,1334,1257,55,5.772113943028486,90.9090909090909,57.142857142857146,0.0,0.0,4.375497215592681,UIZ,0,3,0,0,3,0,0,0,0,0,0,0,0,0,0,0
77,67,10,0,10,5,0,4,0,1,0,0,0,82,B,1334,1257,55,5.772113943028486,87.01298701298701,50.0,0.0,0.0,4.375497215592681,UIZ,0,4,0,0,4,0,1,0,0,1,0,0,0,0,0,0
65,63,2,0,2,1,0,1,0,1,0,0,0,83,base,1334,1269,56,4.872563718140929,96.92307692307692,50.0,0.0,0.0,4.412923561859732,UIZ,0,1,0,0,1,0,1,0,0,1,0,0,0,0,0,0
65,57,8,0,8,4,0,3,0,1,0,0,0,83,B,1334,1269,56,4.872563718140929,87.6923076923077,50.0,0.0,0.0,4.412923561859732,UIZ,0,2,0,0,2,0,1,0,0,1,0,0,0,0,0,0
63,61,2,0,2,0,0,0,0,0,0,0,0,84,base,1334,1271,56,4.72263868065967,96.82539682539682,0.0,0.0,0.0,4.405979543666405,UIZ,0,0,0,0,0,0,0,0,0,0,0,0,0,0,0,0
63,51,12,0,12,7,0,6,0,1,0,0,0,84,B,1334,1271,56,4.72263868065967,80.95238095238095,58.333333333333336,0.0,0.0,4.405979543666405,UIZ,0,1,0,0,1,0,1,0,0,1,0,0,0,0,0,0
58,54,4,0,4,3,0,2,0,1,0,0,0,85,base,1334,1276,53,4.3478260869565215,93.10344827586206,75.0,0.0,0.0,4.153605015673981,UIZ,0,1,0,0,1,0,1,0,0,1,0,0,0,0,0,0
58,50,8,1,7,6,0,4,0,2,0,0,0,85,B,1334,1276,53,4.3478260869565215,86.20689655172414,85.71428571428571,0.0,0.0,4.153605015673981,UIZ,0,3,0,0,3,0,2,0,0,2,0,0,0,0,0,0
82,77,5,0,5,4,0,3,0,0,0,0,0,86,base,1334,1252,51,6.146926536731634,93.90243902439025,80.0,0.0,0.0,4.073482428115016,UIZ,0,2,0,0,2,0,0,0,0,0,0,0,0,0,0,0
82,69,13,0,13,8,0,6,0,1,0,0,0,86,B,1334,1252,51,6.146926536731634,84.14634146341463,61.53846153846154,0.0,0.0,4.073482428115016,UIZ,0,2,0,0,2,0,1,0,0,1,0,0,0,0,0,0
65,61,4,0,4,4,0,3,0,2,0,0,0,87,base,1334,1269,56,4.872563718140929,93.84615384615384,100.0,0.0,0.0,4.412923561859732,UIZ,0,2,0,0,2,0,2,0,0,2,0,0,0,0,0,0
65,54,11,1,10,6,0,5,1,1,0,0,0,87,B,1334,1269,56,4.872563718140929,83.07692307692308,60.0,1.5384615384615385,9.090909090909092,4.412923561859732,UIZ,0,3,0,0,3,0,1,0,0,1,0,0,0,0,0,0
60,55,5,0,5,4,0,4,0,2,0,0,0,88,base,1334,1274,54,4.497751124437781,91.66666666666667,80.0,0.0,0.0,4.23861852433281,UIZ,0,4,1,0,3,1,2,0,0,2,0,0,0,0,0,0
60,52,8,0,8,4,0,5,1,2,0,0,0,88,B,1334,1274,54,4.497751124437781,86.66666666666667,50.0,1.6666666666666667,12.5,4.23861852433281,UIZ,0,4,1,1,4,0,2,0,0,2,0,0,0,0,0,0
80,77,3,0,3,2,0,2,0,1,0,0,0,89,base,1334,1254,51,5.997001499250374,96.25,66.66666666666667,0.0,0.0,4.0669856459330145,UIZ,0,2,0,0,2,0,1,0,0,1,0,0,0,0,0,0
80,72,8,1,7,5,0,4,0,1,0,0,0,89,B,1334,1254,51,5.997001499250374,90.0,71.42857142857143,0.0,0.0,4.0669856459330145,UIZ,0,4,0,0,4,0,1,0,0,1,0,0,0,0,0,0
57,52,5,0,5,3,0,3,0,1,0,0,0,90,base,1334,1277,55,4.272863568215892,91.2280701754386,60.0,0.0,0.0,4.306969459671104,UIZ,0,2,0,0,2,0,1,0,0,1,0,0,0,0,0,0
57,47,10,0,10,4,0,5,1,1,0,0,0,90,B,1334,1277,55,4.272863568215892,82.45614035087719,40.0,1.7543859649122806,10.0,4.306969459671104,UIZ,0,3,0,0,3,0,1,0,0,1,0,0,0,0,0,0
73,66,7,0,7,5,0,5,0,1,0,0,0,91,base,1334,1261,58,5.472263868065967,90.41095890410959,71.42857142857143,0.0,0.0,4.599524187153053,UIZ,0,3,0,0,3,0,1,0,0,1,0,0,0,0,0,0
73,61,12,1,11,6,0,7,1,1,0,0,0,91,B,1334,1261,58,5.472263868065967,83.56164383561644,54.54545454545455,1.36986301369863,8.333333333333334,4.599524187153053,UIZ,0,5,1,1,5,0,1,0,0,1,0,0,0,0,0,0
66,63,3,0,3,2,0,2,0,2,0,0,0,92,base,1334,1268,57,4.94752623688156,95.45454545454545,66.66666666666667,0.0,0.0,4.495268138801261,UIZ,0,2,0,0,2,0,2,0,0,2,0,0,0,0,0,0
66,53,13,0,13,4,0,5,1,3,0,0,0,92,B,1334,1268,57,4.94752623688156,80.3030303030303,30.76923076923077,1.5151515151515151,7.6923076923076925,4.495268138801261,UIZ,0,4,0,0,4,0,3,0,0,3,0,0,0,0,0,0
65,59,6,0,6,3,0,3,0,0,0,0,0,93,base,1334,1269,57,4.872563718140929,90.76923076923077,50.0,0.0,0.0,4.491725768321513,UIZ,0,0,0,0,0,0,0,0,0,0,0,0,0,0,0,0
65,56,9,0,9,5,0,5,0,1,0,0,0,93,B,1334,1269,57,4.872563718140929,86.15384615384616,55.55555555555556,0.0,0.0,4.491725768321513,UIZ,0,2,0,0,2,0,1,0,0,1,0,0,0,0,0,0
68,67,1,0,1,1,0,1,0,0,0,0,0,94,base,1334,1266,57,5.097451274362818,98.52941176470588,100.0,0.0,0.0,4.502369668246446,UIZ,0,2,2,0,0,2,0,0,0,0,0,0,0,0,0,0
68,58,10,0,10,5,0,6,1,1,0,0,0,94,B,1334,1266,57,5.097451274362818,85.29411764705883,50.0,1.4705882352941178,10.0,4.502369668246446,UIZ,0,6,2,0,4,2,1,0,0,1,0,0,0,0,0,0
57,54,3,0,3,1,0,1,0,0,0,0,0,95,base,1334,1277,55,4.272863568215892,94.73684210526316,33.333333333333336,0.0,0.0,4.306969459671104,UIZ,0,0,0,0,0,0,0,0,0,0,0,0,0,0,0,0
57,51,6,0,6,4,0,4,0,2,0,0,0,95,B,1334,1277,55,4.272863568215892,89.47368421052632,66.66666666666667,0.0,0.0,4.306969459671104,UIZ,0,2,0,0,2,0,2,0,0,2,0,0,0,0,0,0
72,67,5,0,5,2,0,1,0,0,0,0,0,96,base,1334,1262,57,5.397301349325337,93.05555555555556,40.0,0.0,0.0,4.516640253565769,UIZ,0,0,0,0,0,0,0,0,0,0,0,0,0,0,0,0
72,58,14,1,13,6,0,5,0,0,0,0,0,96,B,1334,1262,57,5.397301349325337,80.55555555555556,46.15384615384615,0.0,0.0,4.516640253565769,UIZ,0,2,0,0,2,0,0,0,0,0,0,0,0,0,0,0
66,63,3,0,3,2,0,2,0,0,0,0,0,97,base,1334,1268,56,4.94752623688156,95.45454545454545,66.66666666666667,0.0,0.0,4.416403785488959,UIZ,0,2,0,0,2,0,0,0,0,0,0,0,0,0,0,0
66,54,12,0,12,5,0,5,1,1,0,0,0,97,B,1334,1268,56,4.94752623688156,81.81818181818181,41.666666666666664,1.5151515151515151,8.333333333333334,4.416403785488959,UIZ,0,4,0,0,4,0,1,0,0,1,0,0,0,0,0,0
67,66,1,0,1,0,0,1,1,0,0,0,0,98,base,1334,1267,56,5.022488755622189,98.50746268656717,0.0,1.492537313432836,100.0,4.419889502762431,UIZ,0,2,2,1,1,1,0,0,0,0,0,0,0,0,0,0
67,58,9,0,9,3,0,4,2,1,0,0,0,98,B,1334,1267,56,5.022488755622189,86.56716417910448,33.333333333333336,2.985074626865672,22.22222222222222,4.419889502762431,UIZ,0,4,2,1,3,1,1,0,0,1,0,0,0,0,0,0
71,68,3,0,3,1,0,1,0,0,0,0,0,99,base,1334,1263,56,5.322338830584708,95.77464788732394,33.333333333333336,0.0,0.0,4.433887569279493,UIZ,0,1,0,0,1,0,0,0,0,0,0,0,0,0,0,0
71,61,10,0,10,6,0,5,0,0,0,0,0,99,B,1334,1263,56,5.322338830584708,85.91549295774648,60.0,0.0,0.0,4.433887569279493,UIZ,0,2,0,0,2,0,0,0,0,0,0,0,0,0,0,0
74,70,4,0,4,3,0,2,0,0,0,0,0,100,base,1334,1260,57,5.547226386806597,94.5945945945946,75.0,0.0,0.0,4.523809523809524,UIZ,0,1,0,0,1,0,0,0,0,0,0,0,0,0,0,0
74,61,13,0,13,8,0,7,0,0,0,0,0,100,B,1334,1260,57,5.547226386806597,82.43243243243244,61.53846153846154,0.0,0.0,4.523809523809524,UIZ,0,5,0,0,5,0,0,0,0,0,0,0,0,0,0,0
61,54,7,0,7,5,0,3,0,0,0,0,0,101,base,1334,1273,55,4.572713643178411,88.52459016393442,71.42857142857143,0.0,0.0,4.32050274941084,UIZ,0,3,0,0,3,0,0,0,0,0,0,0,0,0,0,0
61,51,10,0,10,6,0,5,0,0,0,0,0,101,B,1334,1273,55,4.572713643178411,83.60655737704919,60.0,0.0,0.0,4.32050274941084,UIZ,0,4,0,0,4,0,0,0,0,0,0,0,0,0,0,0
55,53,2,0,2,2,0,2,0,2,0,0,0,102,base,1334,1279,55,4.122938530734633,96.36363636363636,100.0,0.0,0.0,4.300234558248632,UIZ,0,2,0,0,2,0,2,0,0,2,0,0,0,0,0,0
55,45,10,0,10,7,0,7,0,5,0,0,0,102,B,1334,1279,55,4.122938530734633,81.81818181818181,70.0,0.0,0.0,4.300234558248632,UIZ,0,6,0,0,6,0,4,0,0,4,0,0,0,0,0,0
68,62,6,0,6,2,0,2,0,0,0,0,0,103,base,1334,1266,55,5.097451274362818,91.17647058823529,33.333333333333336,0.0,0.0,4.344391785150079,UIZ,0,1,0,0,1,0,0,0,0,0,0,0,0,0,0,0
68,55,13,1,12,7,0,6,0,3,0,0,0,103,B,1334,1266,55,5.097451274362818,80.88235294117646,58.333333333333336,0.0,0.0,4.344391785150079,UIZ,0,5,0,0,5,0,3,0,0,3,0,0,0,0,0,0
68,64,4,0,4,3,0,1,0,0,0,0,0,104,base,1334,1266,57,5.097451274362818,94.11764705882354,75.0,0.0,0.0,4.502369668246446,UIZ,0,0,0,0,0,0,0,0,0,0,0,0,0,0,0,0
68,59,9,0,9,4,0,4,0,1,0,0,0,104,B,1334,1266,57,5.097451274362818,86.76470588235294,44.44444444444444,0.0,0.0,4.502369668246446,UIZ,0,2,0,0,2,0,1,0,0,1,0,0,0,0,0,0
87,78,9,0,9,4,0,5,1,1,0,0,0,105,base,1334,1247,52,6.521739130434782,89.65517241379311,44.44444444444444,1.1494252873563218,11.11111111111111,4.170008019246191,UIZ,0,4,1,0,3,1,1,0,0,1,0,0,0,0,0,0
87,68,19,1,18,8,1,8,1,2,0,0,0,105,B,1334,1247,52,6.521739130434782,78.16091954022988,44.44444444444444,1.1494252873563218,5.2631578947368425,4.170008019246191,UIZ,0,6,1,0,5,1,2,0,0,2,0,0,0,0,0,0
53,51,2,0,2,1,0,1,0,1,0,0,0,106,base,1334,1281,56,3.973013493253373,96.22641509433963,50.0,0.0,0.0,4.371584699453552,UIZ,0,1,0,0,1,0,1,0,0,1,0,0,0,0,0,0
53,46,7,0,7,3,0,3,0,2,0,0,0,106,B,1334,1281,56,3.973013493253373,86.79245283018868,42.857142857142854,0.0,0.0,4.371584699453552,UIZ,0,2,0,0,2,0,2,0,0,2,0,0,0,0,0,0
69,64,5,0,5,1,0,2,1,0,0,0,0,107,base,1334,1265,55,5.172413793103448,92.7536231884058,20.0,1.4492753623188406,20.0,4.3478260869565215,UIZ,0,1,1,1,1,0,0,0,0,0,0,0,0,0,0,0
69,58,11,1,10,5,0,3,0,0,0,0,0,107,B,1334,1265,55,5.172413793103448,84.05797101449275,50.0,0.0,0.0,4.3478260869565215,UIZ,0,1,0,0,1,0,0,0,0,0,0,0,0,0,0,0
69,68,1,0,1,0,0,0,0,0,0,0,0,108,base,1334,1265,52,5.172413793103448,98.55072463768116,0.0,0.0,0.0,4.1106719367588935,UIZ,0,0,0,0,0,0,0,0,0,0,0,0,0,0,0,0
69,58,11,0,11,6,0,5,0,3,0,0,0,108,B,1334,1265,52,5.172413793103448,84.05797101449275,54.54545454545455,0.0,0.0,4.1106719367588935,UIZ,0,4,0,0,4,0,2,0,0,2,0,0,0,0,0,0
61,56,5,0,5,5,0,4,0,2,0,0,0,109,base,1334,1273,57,4.572713643178411,91.80327868852459,100.0,0.0,0.0,4.477611940298507,UIZ,0,3,0,0,3,0,2,0,0,2,0,0,0,0,0,0
61,52,9,0,9,5,0,6,1,2,0,0,0,109,B,1334,1273,57,4.572713643178411,85.24590163934427,55.55555555555556,1.639344262295082,11.11111111111111,4.477611940298507,UIZ,0,3,0,0,3,0,2,0,0,2,0,0,0,0,0,0
70,62,8,0,8,4,0,3,0,0,0,0,0,110,base,1334,1264,56,5.247376311844078,88.57142857142857,50.0,0.0,0.0,4.430379746835443,UIZ,0,4,2,0,2,2,0,0,0,0,0,0,0,0,0,0
70,59,11,0,11,2,0,2,0,0,0,0,0,110,B,1334,1264,56,5.247376311844078,84.28571428571429,18.181818181818183,0.0,0.0,4.430379746835443,UIZ,0,3,2,0,1,2,0,0,0,0,0,0,0,0,0,0
87,79,8,0,8,5,0,3,0,1,0,0,0,111,base,1334,1247,53,6.521739130434782,90.80459770114942,62.5,0.0,0.0,4.250200481154772,UIZ,0,1,0,0,1,0,1,0,0,1,0,0,0,0,0,0
87,73,14,0,14,8,0,7,0,4,0,0,0,111,B,1334,1247,53,6.521739130434782,83.9080459770115,57.142857142857146,0.0,0.0,4.250200481154772,UIZ,0,4,0,0,4,0,4,0,0,4,0,0,0,0,0,0
62,61,1,0,1,0,0,0,0,0,0,0,0,112,base,1334,1272,56,4.6476761619190405,98.38709677419355,0.0,0.0,0.0,4.40251572327044,UIZ,0,0,0,0,0,0,0,0,0,0,0,0,0,0,0,0
62,52,10,0,10,3,0,3,1,0,0,0,0,112,B,1334,1272,56,4.6476761619190405,83.87096774193549,30.0,1.6129032258064515,10.0,4.40251572327044,UIZ,0,1,0,0,1,0,0,0,0,0,0,0,0,0,0,0
68,67,1,0,1,1,0,1,0,0,0,0,0,113,base,1334,1266,57,5.097451274362818,98.52941176470588,100.0,0.0,0.0,4.502369668246446,UIZ,0,1,0,0,1,0,0,0,0,0,0,0,0,0,0,0
68,55,13,0,13,6,0,8,2,2,0,0,0,113,B,1334,1266,57,5.097451274362818,80.88235294117646,46.15384615384615,2.9411764705882355,15.384615384615385,4.502369668246446,UIZ,0,5,1,1,5,0,2,0,0,2,0,0,0,0,0,0
66,62,4,0,4,2,0,1,0,0,0,0,0,114,base,1334,1268,52,4.94752623688156,93.93939393939394,50.0,0.0,0.0,4.100946372239748,UIZ,0,1,1,0,0,1,0,0,0,0,0,0,0,0,0,0
66,52,14,0,14,7,0,7,0,2,0,0,0,114,B,1334,1268,52,4.94752623688156,78.78787878787878,50.0,0.0,0.0,4.100946372239748,UIZ,0,4,1,0,3,1,2,0,0,2,0,0,0,0,0,0
72,68,4,0,4,1,0,1,0,0,0,0,0,115,base,1334,1262,56,5.397301349325337,94.44444444444444,25.0,0.0,0.0,4.437400950871632,UIZ,0,1,0,0,1,0,0,0,0,0,0,0,0,0,0,0
72,59,13,1,12,5,0,5,0,2,0,0,0,115,B,1334,1262,56,5.397301349325337,81.94444444444444,41.666666666666664,0.0,0.0,4.437400950871632,UIZ,0,4,0,0,4,0,2,0,0,2,0,0,0,0,0,0
72,63,9,0,9,3,0,2,0,0,0,0,0,116,base,1334,1262,55,5.397301349325337,87.5,33.333333333333336,0.0,0.0,4.358161648177496,UIZ,0,2,0,0,2,0,0,0,0,0,0,0,0,0,0,0
72,56,16,0,16,5,0,5,0,1,0,0,0,116,B,1334,1262,55,5.397301349325337,77.77777777777777,31.25,0.0,0.0,4.358161648177496,UIZ,0,4,0,0,4,0,1,0,0,1,0,0,0,0,0,0
69,68,1,0,1,1,0,1,0,1,0,0,0,117,base,1334,1265,57,5.172413793103448,98.55072463768116,100.0,0.0,0.0,4.5059288537549405,UIZ,0,1,0,0,1,0,1,0,0,1,0,0,0,0,0,0
69,63,6,0,6,4,0,4,0,2,0,0,0,117,B,1334,1265,57,5.172413793103448,91.30434782608695,66.66666666666667,0.0,0.0,4.5059288537549405,UIZ,0,3,0,0,3,0,2,0,0,2,0,0,0,0,0,0
54,52,2,0,2,1,0,0,0,0,0,0,0,118,base,1334,1280,53,4.047976011994003,96.29629629629629,50.0,0.0,0.0,4.140625,UIZ,0,0,0,0,0,0,0,0,0,0,0,0,0,0,0,0
54,50,4,0,4,1,0,1,0,0,0,0,0,118,B,1334,1280,53,4.047976011994003,92.5925925925926,25.0,0.0,0.0,4.140625,UIZ,0,1,0,0,1,0,0,0,0,0,0,0,0,0,0,0
57,55,2,0,2,1,0,1,0,1,0,0,0,119,base,1334,1277,58,4.272863568215892,96.49122807017544,50.0,0.0,0.0,4.5418950665622555,UIZ,0,1,0,0,1,0,1,0,0,1,0,0,0,0,0,0
57,51,6,0,6,2,0,2,0,1,0,0,0,119,B,1334,1277,58,4.272863568215892,89.47368421052632,33.333333333333336,0.0,0.0,4.5418950665622555,UIZ,0,1,0,0,1,0,1,0,0,1,0,0,0,0,0,0
74,69,5,0,5,2,0,2,0,1,0,0,0,120,base,1334,1260,54,5.547226386806597,93.24324324324324,40.0,0.0,0.0,4.285714285714286,UIZ,0,2,1,0,1,2,1,0,0,1,0,0,0,0,0,0
74,62,12,0,12,7,0,7,0,3,0,0,0,120,B,1334,1260,54,5.547226386806597,83.78378378378379,58.333333333333336,0.0,0.0,4.285714285714286,UIZ,0,7,1,0,6,2,3,0,0,3,0,0,0,0,0,0
64,57,7,0,7,3,0,2,0,1,0,0,0,121,base,1334,1270,55,4.7976011994003,89.0625,42.857142857142854,0.0,0.0,4.330708661417323,UIZ,0,2,1,0,1,1,1,0,0,1,0,0,0,0,0,0
64,53,11,0,11,4,0,4,0,1,0,0,0,121,B,1334,1270,55,4.7976011994003,82.8125,36.36363636363637,0.0,0.0,4.330708661417323,UIZ,0,4,1,0,3,1,1,0,0,1,0,0,0,0,0,0
73,68,5,0,5,4,0,2,0,0,0,0,0,122,base,1334,1261,56,5.472263868065967,93.15068493150685,80.0,0.0,0.0,4.440919904837431,UIZ,0,1,0,0,1,0,0,0,0,0,0,0,0,0,0,0
73,64,9,0,9,4,0,5,1,1,0,0,0,122,B,1334,1261,56,5.472263868065967,87.67123287671232,44.44444444444444,1.36986301369863,11.11111111111111,4.440919904837431,UIZ,0,2,0,0,2,0,1,0,0,1,0,0,0,0,0,0
66,61,5,0,5,2,0,3,1,1,0,0,0,123,base,1334,1268,55,4.94752623688156,92.42424242424242,40.0,1.5151515151515151,20.0,4.337539432176656,UIZ,0,2,0,0,2,0,1,0,0,1,0,0,0,0,0,0
66,52,14,0,14,7,0,7,0,2,0,0,0,123,B,1334,1268,55,4.94752623688156,78.78787878787878,50.0,0.0,0.0,4.337539432176656,UIZ,0,5,0,0,5,0,2,0,0,2,0,0,0,0,0,0
67,64,3,0,3,2,0,2,0,1,0,0,0,124,base,1334,1267,56,5.022488755622189,95.5223880597015,66.66666666666667,0.0,0.0,4.419889502762431,UIZ,0,1,0,0,1,0,1,0,0,1,0,0,0,0,0,0
67,56,11,0,11,5,0,5,0,2,0,0,0,124,B,1334,1267,56,5.022488755622189,83.58208955223881,45.45454545454545,0.0,0.0,4.419889502762431,UIZ,0,4,0,0,4,0,2,0,0,2,0,0,0,0,0,0
55,54,1,0,1,0,0,0,0,0,0,0,0,125,base,1334,1279,56,4.122938530734633,98.18181818181819,0.0,0.0,0.0,4.37842064112588,UIZ,0,0,0,0,0,0,0,0,0,0,0,0,0,0,0,0
55,49,6,0,6,1,0,1,1,0,0,0,0,125,B,1334,1279,56,4.122938530734633,89.0909090909091,16.666666666666668,1.8181818181818181,16.666666666666668,4.37842064112588,UIZ,0,0,0,0,0,0,0,0,0,0,0,0,0,0,0,0
68,64,4,0,4,2,0,2,0,1,0,0,0,126,base,1334,1266,56,5.097451274362818,94.11764705882354,50.0,0.0,0.0,4.423380726698262,UIZ,0,1,0,0,1,0,1,0,0,1,0,0,0,0,0,0
68,60,8,0,8,4,0,4,0,3,0,0,0,126,B,1334,1266,56,5.097451274362818,88.23529411764706,50.0,0.0,0.0,4.423380726698262,UIZ,0,3,0,0,3,0,3,0,0,3,0,0,0,0,0,0
65,63,2,0,2,1,0,1,0,0,0,0,0,127,base,1334,1269,57,4.872563718140929,96.92307692307692,50.0,0.0,0.0,4.491725768321513,UIZ,0,0,0,0,0,0,0,0,0,0,0,0,0,0,0,0
65,56,9,0,9,4,0,5,1,2,0,0,0,127,B,1334,1269,57,4.872563718140929,86.15384615384616,44.44444444444444,1.5384615384615385,11.11111111111111,4.491725768321513,UIZ,0,4,1,1,4,0,2,0,0,2,0,0,0,0,0,0
65,63,2,0,2,2,0,1,0,0,0,0,0,128,base,1334,1269,53,4.872563718140929,96.92307692307692,100.0,0.0,0.0,4.1765169424743895,UIZ,0,1,0,0,1,0,0,0,0,0,0,0,0,0,0,0
65,57,8,1,7,4,0,5,1,2,0,0,0,128,B,1334,1269,53,4.872563718140929,87.6923076923077,57.142857142857146,1.5384615384615385,12.5,4.1765169424743895,UIZ,0,4,0,0,4,0,2,0,0,2,0,0,0,0,0,0
68,65,3,0,3,1,0,2,1,1,0,0,0,129,base,1334,1266,57,5.097451274362818,95.58823529411765,33.333333333333336,1.4705882352941178,33.333333333333336,4.502369668246446,UIZ,0,1,0,0,1,0,1,0,0,1,0,0,0,0,0,0
68,57,11,0,11,5,0,5,0,2,0,0,0,129,B,1334,1266,57,5.097451274362818,83.82352941176471,45.45454545454545,0.0,0.0,4.502369668246446,UIZ,0,3,0,0,3,0,2,0,0,2,0,0,0,0,0,0
63,59,4,0,4,1,0,1,0,0,0,0,0,130,base,1334,1271,56,4.72263868065967,93.65079365079364,25.0,0.0,0.0,4.405979543666405,UIZ,0,0,0,0,0,0,0,0,0,0,0,0,0,0,0,0
63,56,7,0,7,2,0,2,0,1,0,0,0,130,B,1334,1271,56,4.72263868065967,88.88888888888889,28.571428571428573,0.0,0.0,4.405979543666405,UIZ,0,1,0,0,1,0,1,0,0,1,0,0,0,0,0,0
58,56,2,0,2,2,0,2,0,0,0,0,0,131,base,1334,1276,57,4.3478260869565215,96.55172413793103,100.0,0.0,0.0,4.467084639498433,UIZ,0,2,0,0,2,0,0,0,0,0,0,0,0,0,0,0
58,51,7,0,7,5,0,4,0,0,0,0,0,131,B,1334,1276,57,4.3478260869565215,87.93103448275862,71.42857142857143,0.0,0.0,4.467084639498433,UIZ,0,2,0,0,2,0,0,0,0,0,0,0,0,0,0,0
74,71,3,0,3,1,0,1,0,0,0,0,0,132,base,1334,1260,53,5.547226386806597,95.94594594594595,33.333333333333336,0.0,0.0,4.2063492063492065,UIZ,0,1,0,0,1,0,0,0,0,0,0,0,0,0,0,0
74,65,9,0,9,2,0,2,0,0,0,0,0,132,B,1334,1260,53,5.547226386806597,87.83783783783784,22.22222222222222,0.0,0.0,4.2063492063492065,UIZ,0,1,0,0,1,0,0,0,0,0,0,0,0,0,0,0
79,75,4,0,4,2,0,2,0,0,0,0,0,133,base,1334,1255,58,5.922038980509745,94.9367088607595,50.0,0.0,0.0,4.621513944223108,UIZ,0,1,0,0,1,0,0,0,0,0,0,0,0,0,0,0
79,63,16,0,16,9,0,9,0,3,0,0,0,133,B,1334,1255,58,5.922038980509745,79.74683544303798,56.25,0.0,0.0,4.621513944223108,UIZ,0,7,0,0,7,0,3,0,0,3,0,0,0,0,0,0
74,72,2,0,2,2,0,2,0,0,0,0,0,134,base,1334,1260,58,5.547226386806597,97.29729729729729,100.0,0.0,0.0,4.603174603174603,UIZ,0,0,0,0,0,0,0,0,0,0,0,0,0,0,0,0
74,63,11,0,11,5,0,5,0,0,0,0,0,134,B,1334,1260,58,5.547226386806597,85.13513513513513,45.45454545454545,0.0,0.0,4.603174603174603,UIZ,0,2,0,0,2,0,0,0,0,0,0,0,0,0,0,0
72,69,3,0,3,0,0,0,0,0,0,0,0,135,base,1334,1262,54,5.397301349325337,95.83333333333333,0.0,0.0,0.0,4.27892234548336,UIZ,0,0,0,0,0,0,0,0,0,0,0,0,0,0,0,0
72,58,14,1,13,6,0,5,0,1,0,0,0,135,B,1334,1262,54,5.397301349325337,80.55555555555556,46.15384615384615,0.0,0.0,4.27892234548336,UIZ,0,3,0,0,3,0,1,0,0,1,0,0,0,0,0,0
54,52,2,0,2,1,0,1,0,0,0,0,0,136,base,1334,1280,56,4.047976011994003,96.29629629629629,50.0,0.0,0.0,4.375,UIZ,0,0,0,0,0,0,0,0,0,0,0,0,0,0,0,0
54,47,7,0,7,3,0,2,0,0,0,0,0,136,B,1334,1280,56,4.047976011994003,87.03703703703704,42.857142857142854,0.0,0.0,4.375,UIZ,0,1,0,0,1,0,0,0,0,0,0,0,0,0,0,0
65,64,1,0,1,0,0,0,0,0,0,0,0,137,base,1334,1269,58,4.872563718140929,98.46153846153847,0.0,0.0,0.0,4.570527974783294,UIZ,0,0,0,0,0,0,0,0,0,0,0,0,0,0,0,0
65,59,6,0,6,4,0,4,0,1,0,0,0,137,B,1334,1269,58,4.872563718140929,90.76923076923077,66.66666666666667,0.0,0.0,4.570527974783294,UIZ,0,2,0,0,2,0,1,0,0,1,0,0,0,0,0,0
71,67,4,0,4,1,0,1,1,0,0,0,0,138,base,1334,1263,57,5.322338830584708,94.36619718309859,25.0,1.408450704225352,25.0,4.513064133016627,UIZ,0,0,0,0,0,0,0,0,0,0,0,0,0,0,0,0
71,59,12,0,12,5,0,6,1,3,0,0,0,138,B,1334,1263,57,5.322338830584708,83.09859154929578,41.666666666666664,1.408450704225352,8.333333333333334,4.513064133016627,UIZ,0,5,0,0,5,0,3,0,0,3,0,0,0,0,0,0
63,59,4,0,4,3,0,3,0,0,0,0,0,139,base,1334,1271,57,4.72263868065967,93.65079365079364,75.0,0.0,0.0,4.484657749803304,UIZ,0,2,1,0,1,1,0,0,0,0,0,0,0,0,0,0
63,48,15,0,15,9,0,9,0,1,0,0,0,139,B,1334,1271,57,4.72263868065967,76.19047619047619,60.0,0.0,0.0,4.484657749803304,UIZ,0,5,0,0,5,0,1,0,0,1,0,0,0,0,0,0
54,49,5,0,5,2,0,2,0,0,0,0,0,140,base,1334,1280,56,4.047976011994003,90.74074074074075,40.0,0.0,0.0,4.375,UIZ,0,2,1,0,1,1,0,0,0,0,0,0,0,0,0,0
54,45,9,0,9,5,0,4,0,0,0,0,0,140,B,1334,1280,56,4.047976011994003,83.33333333333333,55.55555555555556,0.0,0.0,4.375,UIZ,0,4,1,0,3,1,0,0,0,0,0,0,0,0,0,0
68,64,4,0,4,2,0,1,1,0,0,0,0,141,base,1334,1266,56,5.097451274362818,94.11764705882354,50.0,1.4705882352941178,25.0,4.423380726698262,UIZ,0,0,0,0,0,0,0,0,0,0,0,0,0,0,0,0
68,58,10,1,9,5,0,5,2,1,0,0,0,141,B,1334,1266,56,5.097451274362818,85.29411764705883,55.55555555555556,2.9411764705882355,20.0,4.423380726698262,UIZ,0,2,1,1,2,0,1,0,0,1,0,0,0,0,0,0
74,68,6,0,6,4,0,3,0,0,0,0,0,42,base,1568,1494,277,4.719387755102041,91.89189189189189,66.66666666666667,0.0,0.0,18.54082998661312,VIF,0,2,0,0,2,0,0,0,0,0,0,0,0,0,0,0
74,56,18,0,18,8,0,7,1,1,0,0,0,42,B,1568,1494,277,4.719387755102041,75.67567567567568,44.44444444444444,1.3513513513513513,5.555555555555555,18.54082998661312,VIF,0,5,0,0,5,0,1,0,0,1,0,0,0,0,0,0
71,63,8,0,8,5,0,3,1,1,0,0,0,43,base,1568,1497,276,4.528061224489796,88.73239436619718,62.5,1.408450704225352,12.5,18.43687374749499,VIF,0,3,1,1,3,0,1,0,0,1,0,0,0,0,0,0
71,57,14,1,13,9,1,5,0,2,0,0,0,43,B,1568,1497,276,4.528061224489796,80.28169014084507,69.23076923076923,0.0,0.0,18.43687374749499,VIF,0,5,0,0,5,0,2,0,0,2,0,0,0,0,0,0
77,70,7,0,7,4,0,4,0,1,0,0,0,44,base,1568,1491,280,4.910714285714286,90.9090909090909,57.142857142857146,0.0,0.0,18.779342723004696,VIF,0,2,0,0,2,0,1,0,0,1,0,0,0,0,0,0
77,66,11,1,10,7,0,5,0,4,0,0,0,44,B,1568,1491,280,4.910714285714286,85.71428571428571,70.0,0.0,0.0,18.779342723004696,VIF,0,4,0,0,4,0,4,0,0,4,0,0,0,0,0,0
73,71,2,0,2,2,0,0,0,0,0,0,0,45,base,1568,1495,279,4.655612244897959,97.26027397260275,100.0,0.0,0.0,18.662207357859533,VIF,0,0,0,0,0,0,0,0,0,0,0,0,0,0,0,0
73,68,5,0,5,3,0,1,1,0,0,0,0,45,B,1568,1495,279,4.655612244897959,93.15068493150685,60.0,1.36986301369863,20.0,18.662207357859533,VIF,0,0,0,0,0,0,0,0,0,0,0,0,0,0,0,0
86,82,4,0,4,2,0,2,0,1,0,0,0,46,base,1568,1482,276,5.48469387755102,95.34883720930233,50.0,0.0,0.0,18.62348178137652,VIF,0,2,0,0,2,0,1,0,0,1,0,0,0,0,0,0
86,69,17,0,17,13,0,10,1,5,0,0,0,46,B,1568,1482,276,5.48469387755102,80.23255813953489,76.47058823529412,1.1627906976744187,5.882352941176471,18.62348178137652,VIF,0,8,0,0,8,0,5,0,0,5,0,0,0,0,0,0
91,83,8,0,8,4,0,2,0,1,0,0,0,47,base,1568,1477,273,5.803571428571429,91.20879120879121,50.0,0.0,0.0,18.48341232227488,VIF,0,2,0,0,2,0,1,0,0,1,0,0,0,0,0,0
91,69,22,0,22,13,0,10,0,4,0,0,0,47,B,1568,1477,273,5.803571428571429,75.82417582417582,59.09090909090909,0.0,0.0,18.48341232227488,VIF,0,8,0,0,8,0,4,0,0,4,0,0,0,0,0,0
73,65,8,0,8,6,0,5,0,2,0,0,0,48,base,1568,1495,289,4.655612244897959,89.04109589041096,75.0,0.0,0.0,19.331103678929765,VIF,0,6,2,0,4,2,2,0,0,2,0,0,0,0,0,0
73,57,16,0,16,11,0,9,0,2,0,0,0,48,B,1568,1495,289,4.655612244897959,78.08219178082192,68.75,0.0,0.0,19.331103678929765,VIF,0,10,2,0,8,2,2,0,0,2,0,0,0,0,0,0
86,83,3,0,3,1,0,1,0,1,0,0,0,49,base,1568,1482,277,5.48469387755102,96.51162790697674,33.333333333333336,0.0,0.0,18.690958164642375,VIF,0,1,0,0,1,0,1,0,0,1,0,0,0,0,0,0
86,80,6,1,5,3,0,3,0,1,0,0,0,49,B,1568,1482,277,5.48469387755102,93.02325581395348,60.0,0.0,0.0,18.690958164642375,VIF,0,2,0,0,2,0,1,0,0,1,0,0,0,0,0,0
76,72,4,0,4,4,0,1,0,0,0,0,0,50,base,1568,1492,275,4.846938775510204,94.73684210526316,100.0,0.0,0.0,18.431635388739945,VIF,0,2,1,0,1,1,0,0,0,0,0,0,0,0,0,0
76,61,15,0,15,12,0,6,0,2,0,0,0,50,B,1568,1492,275,4.846938775510204,80.26315789473684,80.0,0.0,0.0,18.431635388739945,VIF,0,7,1,0,6,1,2,0,0,2,0,0,0,0,0,0
69,65,4,0,4,2,0,1,0,0,0,0,0,51,base,1568,1499,285,4.400510204081633,94.20289855072464,50.0,0.0,0.0,19.012675116744497,VIF,0,1,0,0,1,0,0,0,0,0,0,0,0,0,0,0
69,62,7,0,7,2,0,2,1,0,0,0,0,51,B,1568,1499,285,4.400510204081633,89.85507246376811,28.571428571428573,1.4492753623188406,14.285714285714286,19.012675116744497,VIF,0,1,0,0,1,0,0,0,0,0,0,0,0,0,0,0
72,70,2,0,2,2,0,2,0,1,0,0,0,52,base,1568,1496,281,4.591836734693878,97.22222222222223,100.0,0.0,0.0,18.78342245989305,VIF,0,3,1,0,2,1,1,0,0,1,0,0,0,0,0,0
72,63,9,0,9,7,0,7,0,3,0,0,0,52,B,1568,1496,281,4.591836734693878,87.5,77.77777777777777,0.0,0.0,18.78342245989305,VIF,0,6,1,0,5,1,2,0,0,2,0,0,0,0,0,0
70,65,5,0,5,4,0,4,0,1,0,0,0,53,base,1568,1498,286,4.464285714285714,92.85714285714286,80.0,0.0,0.0,19.092122830440587,VIF,0,4,0,0,4,0,1,0,0,1,0,0,0,0,0,0
70,62,8,0,8,6,0,6,1,3,0,0,0,53,B,1568,1498,286,4.464285714285714,88.57142857142857,75.0,1.4285714285714286,12.5,19.092122830440587,VIF,0,5,0,0,5,0,3,0,0,3,0,0,0,0,0,0
77,74,3,0,3,2,0,2,1,0,0,0,0,54,base,1568,1491,280,4.910714285714286,96.1038961038961,66.66666666666667,1.2987012987012987,33.333333333333336,18.779342723004696,VIF,0,2,1,0,1,1,0,0,0,0,0,0,0,0,0,0
77,68,9,0,9,4,0,3,1,0,0,0,0,54,B,1568,1491,280,4.910714285714286,88.31168831168831,44.44444444444444,1.2987012987012987,11.11111111111111,18.779342723004696,VIF,0,3,1,0,2,1,0,0,0,0,0,0,0,0,0,0
74,69,5,0,5,5,0,5,0,0,0,0,0,55,base,1568,1494,279,4.719387755102041,93.24324324324324,100.0,0.0,0.0,18.674698795180724,VIF,0,4,1,0,3,1,0,0,0,0,0,0,0,0,0,0
74,61,13,0,13,13,0,11,0,1,0,0,0,55,B,1568,1494,279,4.719387755102041,82.43243243243244,100.0,0.0,0.0,18.674698795180724,VIF,0,7,1,0,6,1,1,0,0,1,0,0,0,0,0,0
79,74,5,0,5,3,0,2,0,1,0,0,0,56,base,1568,1489,279,5.038265306122449,93.67088607594937,60.0,0.0,0.0,18.737407656145063,VIF,0,3,1,0,2,1,1,0,0,1,0,0,0,0,0,0
79,69,10,0,10,5,0,5,0,3,0,0,0,56,B,1568,1489,279,5.038265306122449,87.34177215189874,50.0,0.0,0.0,18.737407656145063,VIF,0,5,0,0,5,0,3,0,0,3,0,0,0,0,0,0
77,73,4,0,4,2,0,2,1,1,0,0,0,57,base,1568,1491,275,4.910714285714286,94.8051948051948,50.0,1.2987012987012987,25.0,18.443997317236754,VIF,0,2,1,1,2,0,1,0,0,1,0,0,0,0,0,0
77,65,12,0,12,7,0,3,0,1,0,0,0,57,B,1568,1491,275,4.910714285714286,84.41558441558442,58.333333333333336,0.0,0.0,18.443997317236754,VIF,0,2,0,0,2,0,1,0,0,1,0,0,0,0,0,0
79,76,3,0,3,2,0,0,0,0,0,0,0,58,base,1568,1489,282,5.038265306122449,96.20253164556962,66.66666666666667,0.0,0.0,18.938885157824043,VIF,0,1,1,0,0,1,0,0,0,0,0,0,0,0,0,0
79,70,9,1,8,6,1,3,0,0,0,0,0,58,B,1568,1489,282,5.038265306122449,88.60759493670886,75.0,0.0,0.0,18.938885157824043,VIF,0,3,1,0,2,1,0,0,0,0,0,0,0,0,0,0
82,78,4,0,4,4,0,2,0,0,0,0,0,59,base,1568,1486,280,5.229591836734694,95.1219512195122,100.0,0.0,0.0,18.842530282637956,VIF,0,0,0,0,0,0,0,0,0,0,0,0,0,0,0,0
82,69,13,0,13,8,0,5,0,2,0,0,0,59,B,1568,1486,280,5.229591836734694,84.14634146341463,61.53846153846154,0.0,0.0,18.842530282637956,VIF,0,3,0,0,3,0,2,0,0,2,0,0,0,0,0,0
91,84,7,0,7,2,0,4,3,0,0,0,0,60,base,1568,1477,275,5.803571428571429,92.3076923076923,28.571428571428573,3.2967032967032965,42.857142857142854,18.61882193635748,VIF,0,2,1,0,1,1,0,0,0,0,0,0,0,0,0,0
91,77,14,0,14,7,0,7,3,1,0,0,0,60,B,1568,1477,275,5.803571428571429,84.61538461538461,50.0,3.2967032967032965,21.428571428571427,18.61882193635748,VIF,0,4,1,0,3,1,1,0,0,1,0,0,0,0,0,0
79,73,6,0,6,4,0,4,0,0,0,0,0,61,base,1568,1489,276,5.038265306122449,92.40506329113924,66.66666666666667,0.0,0.0,18.535930154466083,VIF,0,3,0,0,3,0,0,0,0,0,0,0,0,0,0,0
79,65,14,0,14,9,0,8,1,2,0,0,0,61,B,1568,1489,276,5.038265306122449,82.27848101265823,64.28571428571429,1.2658227848101267,7.142857142857143,18.535930154466083,VIF,0,5,0,0,5,0,1,0,0,1,0,0,0,0,0,0
66,62,4,0,4,3,0,2,0,0,0,0,0,62,base,1568,1502,276,4.209183673469388,93.93939393939394,75.0,0.0,0.0,18.37549933422104,VIF,0,3,1,0,2,1,0,0,0,0,0,0,0,0,0,0
66,54,12,0,12,8,0,7,0,4,0,0,0,62,B,1568,1502,276,4.209183673469388,81.81818181818181,66.66666666666667,0.0,0.0,18.37549933422104,VIF,0,7,1,0,6,1,4,0,0,4,0,0,0,0,0,0
83,81,2,0,2,2,0,0,0,0,0,0,0,63,base,1568,1485,282,5.293367346938775,97.59036144578313,100.0,0.0,0.0,18.98989898989899,VIF,0,1,1,0,0,1,0,0,0,0,0,0,0,0,0,0
83,74,9,0,9,4,0,3,0,2,0,0,0,63,B,1568,1485,282,5.293367346938775,89.1566265060241,44.44444444444444,0.0,0.0,18.98989898989899,VIF,0,3,1,0,2,1,2,0,0,2,0,0,0,0,0,0
80,77,3,0,3,2,0,2,0,1,0,0,0,64,base,1568,1488,280,5.1020408163265305,96.25,66.66666666666667,0.0,0.0,18.817204301075268,VIF,0,2,0,0,2,0,1,0,0,1,0,0,0,0,0,0
80,65,15,0,15,13,0,11,1,5,0,0,0,64,B,1568,1488,280,5.1020408163265305,81.25,86.66666666666667,1.25,6.666666666666667,18.817204301075268,VIF,0,6,0,0,6,0,5,0,0,5,0,0,0,0,0,0
79,74,5,0,5,2,0,1,0,0,0,0,0,65,base,1568,1489,271,5.038265306122449,93.67088607594937,40.0,0.0,0.0,18.200134318334452,VIF,0,0,0,0,0,0,0,0,0,0,0,0,0,0,0,0
79,65,14,0,14,10,0,6,0,4,0,0,0,65,B,1568,1489,271,5.038265306122449,82.27848101265823,71.42857142857143,0.0,0.0,18.200134318334452,VIF,0,5,0,0,5,0,4,0,0,4,0,0,0,0,0,0
70,67,3,0,3,2,0,0,0,0,0,0,0,66,base,1568,1498,278,4.464285714285714,95.71428571428571,66.66666666666667,0.0,0.0,18.55807743658211,VIF,0,1,1,0,0,1,0,0,0,0,0,0,0,0,0,0
70,62,8,1,7,3,0,1,0,0,0,0,0,66,B,1568,1498,278,4.464285714285714,88.57142857142857,42.857142857142854,0.0,0.0,18.55807743658211,VIF,0,1,1,0,0,1,0,0,0,0,0,0,0,0,0,0
81,72,9,0,9,5,0,2,0,0,0,0,0,67,base,1568,1487,281,5.165816326530612,88.88888888888889,55.55555555555556,0.0,0.0,18.897108271687962,VIF,0,3,1,0,2,1,0,0,0,0,0,0,0,0,0,0
81,67,14,0,14,8,0,5,0,3,0,0,0,67,B,1568,1487,281,5.165816326530612,82.71604938271605,57.142857142857146,0.0,0.0,18.897108271687962,VIF,0,6,1,0,5,1,3,0,0,3,0,0,0,0,0,0
92,87,5,0,5,4,0,3,0,1,0,0,0,68,base,1568,1476,275,5.86734693877551,94.56521739130434,80.0,0.0,0.0,18.631436314363143,VIF,0,2,0,0,2,0,1,0,0,1,0,0,0,0,0,0
92,78,14,1,13,6,1,6,0,1,0,0,0,68,B,1568,1476,275,5.86734693877551,84.78260869565217,46.15384615384615,0.0,0.0,18.631436314363143,VIF,0,5,0,0,5,0,1,0,0,1,0,0,0,0,0,0
94,88,6,0,6,6,0,5,0,2,0,0,0,69,base,1568,1474,269,5.994897959183674,93.61702127659575,100.0,0.0,0.0,18.24966078697422,VIF,0,5,0,0,5,0,2,0,0,2,0,0,0,0,0,0
94,83,11,0,11,9,0,5,0,3,0,0,0,69,B,1568,1474,269,5.994897959183674,88.29787234042553,81.81818181818181,0.0,0.0,18.24966078697422,VIF,0,5,0,0,5,0,3,0,0,3,0,0,0,0,0,0
73,71,2,0,2,2,0,1,0,1,0,0,0,70,base,1568,1495,282,4.655612244897959,97.26027397260275,100.0,0.0,0.0,18.862876254180602,VIF,0,1,0,0,1,0,1,0,0,1,0,0,0,0,0,0
73,65,8,0,8,6,0,3,0,2,0,0,0,70,B,1568,1495,282,4.655612244897959,89.04109589041096,75.0,0.0,0.0,18.862876254180602,VIF,0,3,0,0,3,0,2,0,0,2,0,0,0,0,0,0
86,80,6,0,6,1,0,0,0,0,0,0,0,71,base,1568,1482,279,5.48469387755102,93.02325581395348,16.666666666666668,0.0,0.0,18.82591093117409,VIF,0,1,1,0,0,1,0,0,0,0,0,0,0,0,0,0
86,76,10,0,10,3,0,2,1,0,0,0,0,71,B,1568,1482,279,5.48469387755102,88.37209302325581,30.0,1.1627906976744187,10.0,18.82591093117409,VIF,0,1,1,0,0,0,0,0,0,0,0,0,0,0,0,0
79,76,3,0,3,3,0,3,0,0,0,0,0,72,base,1568,1489,273,5.038265306122449,96.20253164556962,100.0,0.0,0.0,18.334452652787107,VIF,0,2,1,0,1,1,0,0,0,0,0,0,0,0,0,0
79,71,8,0,8,6,0,4,0,0,0,0,0,72,B,1568,1489,273,5.038265306122449,89.87341772151899,75.0,0.0,0.0,18.334452652787107,VIF,0,3,1,0,2,1,0,0,0,0,0,0,0,0,0,0
90,90,0,0,0,0,0,0,0,0,0,0,0,73,base,1568,1478,282,5.739795918367347,100.0,,0.0,,19.079837618403246,VIF,0,0,0,0,0,0,0,0,0,0,0,0,0,0,0,0
90,84,6,0,6,5,0,2,0,1,0,0,0,73,B,1568,1478,282,5.739795918367347,93.33333333333333,83.33333333333333,0.0,0.0,19.079837618403246,VIF,0,2,0,0,2,0,1,0,0,1,0,0,0,0,0,0
86,81,5,0,5,2,0,2,0,0,0,0,0,74,base,1568,1482,279,5.48469387755102,94.18604651162791,40.0,0.0,0.0,18.82591093117409,VIF,0,2,0,0,2,0,0,0,0,0,0,0,0,0,0,0
86,69,17,0,17,10,0,9,0,3,0,0,0,74,B,1568,1482,279,5.48469387755102,80.23255813953489,58.8235294117647,0.0,0.0,18.82591093117409,VIF,0,8,0,0,8,0,3,0,0,3,0,0,0,0,0,0
81,76,5,0,5,2,0,2,1,0,0,0,0,75,base,1568,1487,279,5.165816326530612,93.82716049382717,40.0,1.2345679012345678,20.0,18.762609280430397,VIF,0,3,2,1,2,1,0,0,0,0,0,0,0,0,0,0
81,70,11,0,11,4,0,4,1,0,0,0,0,75,B,1568,1487,279,5.165816326530612,86.41975308641975,36.36363636363637,1.2345679012345678,9.090909090909092,18.762609280430397,VIF,0,5,2,1,4,1,0,0,0,0,0,0,0,0,0,0
82,77,5,0,5,1,0,1,0,1,0,0,0,76,base,1568,1486,279,5.229591836734694,93.90243902439025,20.0,0.0,0.0,18.77523553162853,VIF,0,2,1,0,1,1,1,0,0,1,0,0,0,0,0,0
82,70,12,0,12,6,0,4,0,2,0,0,0,76,B,1568,1486,279,5.229591836734694,85.36585365853658,50.0,0.0,0.0,18.77523553162853,VIF,0,4,1,0,3,1,2,0,0,2,0,0,0,0,0,0
73,71,2,0,2,1,0,0,0,0,0,0,0,77,base,1568,1495,283,4.655612244897959,97.26027397260275,50.0,0.0,0.0,18.929765886287626,VIF,0,0,0,0,0,0,0,0,0,0,0,0,0,0,0,0
73,66,7,0,7,5,0,3,0,1,0,0,0,77,B,1568,1495,283,4.655612244897959,90.41095890410959,71.42857142857143,0.0,0.0,18.929765886287626,VIF,0,2,0,0,2,0,1,0,0,1,0,0,0,0,0,0
82,79,3,0,3,1,0,0,0,0,0,0,0,78,base,1568,1486,280,5.229591836734694,96.34146341463415,33.333333333333336,0.0,0.0,18.842530282637956,VIF,0,0,0,0,0,0,0,0,0,0,0,0,0,0,0,0
82,72,10,0,10,4,0,4,1,1,0,0,0,78,B,1568,1486,280,5.229591836734694,87.8048780487805,40.0,1.2195121951219512,10.0,18.842530282637956,VIF,0,4,1,1,4,0,1,0,0,1,0,0,0,0,0,0
82,79,3,0,3,2,0,1,0,0,0,0,0,79,base,1568,1486,278,5.229591836734694,96.34146341463415,66.66666666666667,0.0,0.0,18.70794078061911,VIF,0,1,0,0,1,0,0,0,0,0,0,0,0,0,0,0
82,67,15,0,15,12,0,10,0,6,0,0,0,79,B,1568,1486,278,5.229591836734694,81.70731707317073,80.0,0.0,0.0,18.70794078061911,VIF,0,10,0,0,10,0,6,0,0,6,0,0,0,0,0,0
76,69,7,0,7,5,0,1,0,0,0,0,0,80,base,1568,1492,277,4.846938775510204,90.78947368421052,71.42857142857143,0.0,0.0,18.5656836461126,VIF,0,0,0,0,0,0,0,0,0,0,0,0,0,0,0,0
76,63,13,0,13,6,0,3,0,0,0,0,0,80,B,1568,1492,277,4.846938775510204,82.89473684210526,46.15384615384615,0.0,0.0,18.5656836461126,VIF,0,1,0,0,1,0,0,0,0,0,0,0,0,0,0,0
83,77,6,0,6,4,0,2,0,1,0,0,0,81,base,1568,1485,277,5.293367346938775,92.7710843373494,66.66666666666667,0.0,0.0,18.653198653198654,VIF,0,2,0,0,2,0,1,0,0,1,0,0,0,0,0,0
83,66,17,1,16,11,0,6,0,2,0,0,0,81,B,1568,1485,277,5.293367346938775,79.51807228915662,68.75,0.0,0.0,18.653198653198654,VIF,0,5,0,0,5,0,2,0,0,2,0,0,0,0,0,0
86,83,3,0,3,2,0,1,0,0,0,0,0,82,base,1568,1482,277,5.48469387755102,96.51162790697674,66.66666666666667,0.0,0.0,18.690958164642375,VIF,0,1,0,0,1,0,0,0,0,0,0,0,0,0,0,0
86,75,11,1,10,7,0,5,0,2,0,0,0,82,B,1568,1482,277,5.48469387755102,87.20930232558139,70.0,0.0,0.0,18.690958164642375,VIF,0,3,0,0,3,0,2,0,0,2,0,0,0,0,0,0
71,67,4,0,4,2,0,1,0,0,0,0,0,83,base,1568,1497,282,4.528061224489796,94.36619718309859,50.0,0.0,0.0,18.837675350701403,VIF,0,1,0,0,1,0,0,0,0,0,0,0,0,0,0,0
71,59,12,0,12,8,0,5,0,1,0,0,0,83,B,1568,1497,282,4.528061224489796,83.09859154929578,66.66666666666667,0.0,0.0,18.837675350701403,VIF,0,3,0,0,3,0,1,0,0,1,0,0,0,0,0,0
64,61,3,0,3,3,0,3,0,0,0,0,0,84,base,1568,1504,272,4.081632653061225,95.3125,100.0,0.0,0.0,18.085106382978722,VIF,0,4,1,0,3,1,0,0,0,0,0,0,0,0,0,0
64,55,9,0,9,7,0,4,0,1,0,0,0,84,B,1568,1504,272,4.081632653061225,85.9375,77.77777777777777,0.0,0.0,18.085106382978722,VIF,0,4,1,0,3,1,1,0,0,1,0,0,0,0,0,0
91,89,2,0,2,1,0,2,1,0,0,0,0,85,base,1568,1477,282,5.803571428571429,97.8021978021978,50.0,1.098901098901099,50.0,19.092755585646582,VIF,0,2,1,1,2,0,0,0,0,0,0,0,0,0,0,0
91,80,11,0,11,7,0,5,1,0,0,0,0,85,B,1568,1477,282,5.803571428571429,87.91208791208791,63.63636363636363,1.098901098901099,9.090909090909092,19.092755585646582,VIF,0,5,1,1,5,0,0,0,0,0,0,0,0,0,0,0
80,77,3,0,3,2,0,1,0,0,0,0,0,86,base,1568,1488,284,5.1020408163265305,96.25,66.66666666666667,0.0,0.0,19.086021505376344,VIF,0,0,0,0,0,0,0,0,0,0,0,0,0,0,0,0
80,68,12,0,12,7,0,5,0,2,0,0,0,86,B,1568,1488,284,5.1020408163265305,85.0,58.333333333333336,0.0,0.0,19.086021505376344,VIF,0,3,0,0,3,0,2,0,0,2,0,0,0,0,0,0
83,78,5,0,5,3,0,2,0,0,0,0,0,87,base,1568,1485,283,5.293367346938775,93.97590361445783,60.0,0.0,0.0,19.05723905723906,VIF,0,2,0,0,2,0,0,0,0,0,0,0,0,0,0,0
83,72,11,0,11,9,0,7,0,2,0,0,0,87,B,1568,1485,283,5.293367346938775,86.74698795180723,81.81818181818181,0.0,0.0,19.05723905723906,VIF,0,6,0,0,6,0,2,0,0,2,0,0,0,0,0,0
85,83,2,0,2,1,0,0,0,0,0,0,0,88,base,1568,1483,280,5.420918367346939,97.6470588235294,50.0,0.0,0.0,18.88064733648011,VIF,0,0,0,0,0,0,0,0,0,0,0,0,0,0,0,0
85,77,8,0,8,5,0,1,0,0,0,0,0,88,B,1568,1483,280,5.420918367346939,90.58823529411765,62.5,0.0,0.0,18.88064733648011,VIF,0,0,0,0,0,0,0,0,0,0,0,0,0,0,0,0
86,82,4,0,4,2,0,0,0,0,0,0,0,89,base,1568,1482,283,5.48469387755102,95.34883720930233,50.0,0.0,0.0,19.095816464237515,VIF,0,1,1,0,0,1,0,0,0,0,0,0,0,0,0,0
86,71,15,0,15,11,0,4,0,0,0,0,0,89,B,1568,1482,283,5.48469387755102,82.55813953488372,73.33333333333333,0.0,0.0,19.095816464237515,VIF,0,3,0,0,3,0,0,0,0,0,0,0,0,0,0,0
86,81,5,0,5,3,0,1,0,1,0,0,0,90,base,1568,1482,279,5.48469387755102,94.18604651162791,60.0,0.0,0.0,18.82591093117409,VIF,0,1,0,0,1,0,1,0,0,1,0,0,0,0,0,0
86,70,16,0,16,13,0,9,0,4,0,0,0,90,B,1568,1482,279,5.48469387755102,81.3953488372093,81.25,0.0,0.0,18.82591093117409,VIF,0,6,0,0,6,0,4,0,0,4,0,0,0,0,0,0
73,68,5,0,5,3,0,2,0,0,0,0,0,91,base,1568,1495,280,4.655612244897959,93.15068493150685,60.0,0.0,0.0,18.729096989966557,VIF,0,1,0,0,1,0,0,0,0,0,0,0,0,0,0,0
73,60,13,0,13,9,0,9,0,2,0,0,0,91,B,1568,1495,280,4.655612244897959,82.1917808219178,69.23076923076923,0.0,0.0,18.729096989966557,VIF,0,5,0,0,5,0,2,0,0,2,0,0,0,0,0,0
72,64,8,0,8,5,0,5,0,0,0,0,0,92,base,1568,1496,285,4.591836734693878,88.88888888888889,62.5,0.0,0.0,19.050802139037433,VIF,0,2,0,0,2,0,0,0,0,0,0,0,0,0,0,0
72,56,16,0,16,11,0,9,0,1,0,0,0,92,B,1568,1496,285,4.591836734693878,77.77777777777777,68.75,0.0,0.0,19.050802139037433,VIF,0,5,0,0,5,0,1,0,0,1,0,0,0,0,0,0
78,73,5,0,5,4,0,1,0,0,0,0,0,93,base,1568,1490,280,4.974489795918367,93.58974358974359,80.0,0.0,0.0,18.79194630872483,VIF,0,1,0,0,1,0,0,0,0,0,0,0,0,0,0,0
78,68,10,0,10,6,0,3,0,1,0,0,0,93,B,1568,1490,280,4.974489795918367,87.17948717948718,60.0,0.0,0.0,18.79194630872483,VIF,0,2,0,0,2,0,1,0,0,1,0,0,0,0,0,0
84,82,2,0,2,2,0,1,0,1,0,0,0,94,base,1568,1484,277,5.357142857142857,97.61904761904762,100.0,0.0,0.0,18.665768194070083,VIF,0,2,1,0,1,1,1,0,0,1,0,0,0,0,0,0
84,70,14,1,13,9,1,8,1,2,0,0,0,94,B,1568,1484,277,5.357142857142857,83.33333333333333,69.23076923076923,1.1904761904761905,7.142857142857143,18.665768194070083,VIF,0,7,1,0,6,1,2,0,0,2,0,0,0,0,0,0
70,66,4,0,4,3,0,3,1,0,0,0,0,95,base,1568,1498,279,4.464285714285714,94.28571428571429,75.0,1.4285714285714286,25.0,18.624833110814418,VIF,0,1,0,0,1,0,0,0,0,0,0,0,0,0,0,0
70,59,11,0,11,8,0,6,1,1,0,0,0,95,B,1568,1498,279,4.464285714285714,84.28571428571429,72.72727272727273,1.4285714285714286,9.090909090909092,18.624833110814418,VIF,0,2,0,0,2,0,1,0,0,1,0,0,0,0,0,0
67,64,3,0,3,3,0,2,0,1,0,0,0,96,base,1568,1501,280,4.2729591836734695,95.5223880597015,100.0,0.0,0.0,18.65423051299134,VIF,0,1,0,0,1,0,1,0,0,1,0,0,0,0,0,0
67,62,5,0,5,5,0,3,0,1,0,0,0,96,B,1568,1501,280,4.2729591836734695,92.53731343283582,100.0,0.0,0.0,18.65423051299134,VIF,0,2,0,0,2,0,1,0,0,1,0,0,0,0,0,0
87,84,3,0,3,2,0,1,0,1,0,0,0,97,base,1568,1481,279,5.548469387755102,96.55172413793103,66.66666666666667,0.0,0.0,18.838622552329507,VIF,0,1,0,0,1,0,1,0,0,1,0,0,0,0,0,0
87,77,10,1,9,5,1,3,0,2,0,0,0,97,B,1568,1481,279,5.548469387755102,88.50574712643679,55.55555555555556,0.0,0.0,18.838622552329507,VIF,0,3,0,0,3,0,2,0,0,2,0,0,0,0,0,0
72,64,8,0,8,5,0,4,0,1,0,0,0,98,base,1568,1496,278,4.591836734693878,88.88888888888889,62.5,0.0,0.0,18.58288770053476,VIF,0,2,0,0,2,0,1,0,0,1,0,0,0,0,0,0
72,56,16,0,16,9,0,8,0,2,0,0,0,98,B,1568,1496,278,4.591836734693878,77.77777777777777,56.25,0.0,0.0,18.58288770053476,VIF,0,4,0,0,4,0,1,0,0,1,0,0,0,0,0,0
70,68,2,0,2,1,0,0,0,0,0,0,0,99,base,1568,1498,283,4.464285714285714,97.14285714285714,50.0,0.0,0.0,18.891855807743656,VIF,0,0,0,0,0,0,0,0,0,0,0,0,0,0,0,0
70,60,10,0,10,5,0,1,0,0,0,0,0,99,B,1568,1498,283,4.464285714285714,85.71428571428571,50.0,0.0,0.0,18.891855807743656,VIF,0,1,0,0,1,0,0,0,0,0,0,0,0,0,0,0
76,74,2,0,2,1,0,0,0,0,0,0,0,100,base,1568,1492,275,4.846938775510204,97.36842105263158,50.0,0.0,0.0,18.431635388739945,VIF,0,1,1,0,0,1,0,0,0,0,0,0,0,0,0,0
76,64,12,1,11,8,1,6,0,2,0,0,0,100,B,1568,1492,275,4.846938775510204,84.21052631578948,72.72727272727273,0.0,0.0,18.431635388739945,VIF,0,5,1,0,4,1,2,0,0,2,0,0,0,0,0,0
81,76,5,0,5,4,0,2,0,0,0,0,0,101,base,1568,1487,279,5.165816326530612,93.82716049382717,80.0,0.0,0.0,18.762609280430397,VIF,0,2,1,0,1,1,0,0,0,0,0,0,0,0,0,0
81,70,11,0,11,6,0,4,0,0,0,0,0,101,B,1568,1487,279,5.165816326530612,86.41975308641975,54.54545454545455,0.0,0.0,18.762609280430397,VIF,0,3,1,0,2,1,0,0,0,0,0,0,0,0,0,0
98,95,3,0,3,1,0,1,0,0,0,0,0,102,base,1568,1470,278,6.25,96.93877551020408,33.333333333333336,0.0,0.0,18.91156462585034,VIF,0,0,0,0,0,0,0,0,0,0,0,0,0,0,0,0
98,85,13,0,13,6,0,6,1,1,0,0,0,102,B,1568,1470,278,6.25,86.73469387755102,46.15384615384615,1.0204081632653061,7.6923076923076925,18.91156462585034,VIF,0,5,0,0,5,0,1,0,0,1,0,0,0,0,0,0
86,80,6,0,6,3,0,2,0,1,0,0,0,103,base,1568,1482,278,5.48469387755102,93.02325581395348,50.0,0.0,0.0,18.758434547908234,VIF,0,1,0,0,1,0,1,0,0,1,0,0,0,0,0,0
86,73,13,0,13,6,0,4,0,3,0,0,0,103,B,1568,1482,278,5.48469387755102,84.88372093023256,46.15384615384615,0.0,0.0,18.758434547908234,VIF,0,3,0,0,3,0,3,0,0,3,0,0,0,0,0,0
80,76,4,0,4,3,0,1,0,0,0,0,0,104,base,1568,1488,276,5.1020408163265305,95.0,75.0,0.0,0.0,18.548387096774192,VIF,0,1,0,0,1,0,0,0,0,0,0,0,0,0,0,0
80,68,12,0,12,7,0,3,0,0,0,0,0,104,B,1568,1488,276,5.1020408163265305,85.0,58.333333333333336,0.0,0.0,18.548387096774192,VIF,0,3,0,0,3,0,0,0,0,0,0,0,0,0,0,0
85,80,5,0,5,4,0,2,0,0,0,0,0,105,base,1568,1483,275,5.420918367346939,94.11764705882354,80.0,0.0,0.0,18.54349291975725,VIF,0,3,1,0,2,1,0,0,0,0,0,0,0,0,0,0
85,77,8,0,8,6,0,5,0,1,0,0,0,105,B,1568,1483,275,5.420918367346939,90.58823529411765,75.0,0.0,0.0,18.54349291975725,VIF,0,6,1,0,5,1,1,0,0,1,0,0,0,0,0,0
89,81,8,0,8,5,0,3,0,3,0,0,0,106,base,1568,1479,279,5.676020408163265,91.01123595505618,62.5,0.0,0.0,18.864097363083165,VIF,0,3,0,0,3,0,3,0,0,3,0,0,0,0,0,0
89,71,18,1,17,10,1,6,0,3,0,0,0,106,B,1568,1479,279,5.676020408163265,79.7752808988764,58.8235294117647,0.0,0.0,18.864097363083165,VIF,0,6,0,0,6,0,3,0,0,3,0,0,0,0,0,0
67,64,3,0,3,2,0,1,0,0,0,0,0,107,base,1568,1501,276,4.2729591836734695,95.5223880597015,66.66666666666667,0.0,0.0,18.38774150566289,VIF,0,2,1,0,1,1,0,0,0,0,0,0,0,0,0,0
67,59,8,0,8,6,0,3,0,1,0,0,0,107,B,1568,1501,276,4.2729591836734695,88.05970149253731,75.0,0.0,0.0,18.38774150566289,VIF,0,2,0,0,2,1,1,0,0,1,0,0,0,0,0,0
84,81,3,0,3,1,0,1,0,0,0,0,0,108,base,1568,1484,273,5.357142857142857,96.42857142857143,33.333333333333336,0.0,0.0,18.39622641509434,VIF,0,0,0,0,0,0,0,0,0,0,0,0,0,0,0,0
84,72,12,0,12,6,0,5,1,1,0,0,0,108,B,1568,1484,273,5.357142857142857,85.71428571428571,50.0,1.1904761904761905,8.333333333333334,18.39622641509434,VIF,0,2,0,0,2,0,1,0,0,1,0,0,0,0,0,0
78,75,3,0,3,3,0,2,0,0,0,0,0,109,base,1568,1490,280,4.974489795918367,96.15384615384616,100.0,0.0,0.0,18.79194630872483,VIF,0,1,0,0,1,0,0,0,0,0,0,0,0,0,0,0
78,67,11,0,11,6,0,3,0,0,0,0,0,109,B,1568,1490,280,4.974489795918367,85.8974358974359,54.54545454545455,0.0,0.0,18.79194630872483,VIF,0,1,0,0,1,0,0,0,0,0,0,0,0,0,0,0
93,87,6,0,6,3,0,3,0,1,0,0,0,110,base,1568,1475,276,5.9311224489795915,93.54838709677419,50.0,0.0,0.0,18.71186440677966,VIF,0,3,0,0,3,0,1,0,0,1,0,0,0,0,0,0
93,77,16,1,15,9,1,7,0,2,0,0,0,110,B,1568,1475,276,5.9311224489795915,82.79569892473118,60.0,0.0,0.0,18.71186440677966,VIF,0,6,0,0,6,0,2,0,0,2,0,0,0,0,0,0
84,82,2,0,2,2,0,1,0,0,0,0,0,111,base,1568,1484,284,5.357142857142857,97.61904761904762,100.0,0.0,0.0,19.137466307277627,VIF,0,2,1,0,1,1,0,0,0,0,0,0,0,0,0,0
84,76,8,0,8,5,0,3,1,0,0,0,0,111,B,1568,1484,284,5.357142857142857,90.47619047619048,62.5,1.1904761904761905,12.5,19.137466307277627,VIF,0,3,1,0,2,1,0,0,0,0,0,0,0,0,0,0
69,67,2,0,2,1,0,0,0,0,0,0,0,112,base,1568,1499,284,4.400510204081633,97.10144927536231,50.0,0.0,0.0,18.94596397598399,VIF,0,0,0,0,0,0,0,0,0,0,0,0,0,0,0,0
69,61,8,1,7,5,0,3,0,2,0,0,0,112,B,1568,1499,284,4.400510204081633,88.40579710144928,71.42857142857143,0.0,0.0,18.94596397598399,VIF,0,3,0,0,3,0,2,0,0,2,0,0,0,0,0,0
86,80,6,0,6,4,0,4,0,1,0,0,0,113,base,1568,1482,275,5.48469387755102,93.02325581395348,66.66666666666667,0.0,0.0,18.55600539811066,VIF,0,3,1,0,2,1,1,0,0,1,0,0,0,0,0,0
86,73,13,0,13,7,0,5,0,3,0,0,0,113,B,1568,1482,275,5.48469387755102,84.88372093023256,53.84615384615385,0.0,0.0,18.55600539811066,VIF,0,5,1,0,4,1,3,0,0,3,0,0,0,0,0,0
75,69,6,0,6,3,0,1,0,0,0,0,0,114,base,1568,1493,278,4.783163265306122,92.0,50.0,0.0,0.0,18.620227729403886,VIF,0,0,0,0,0,0,0,0,0,0,0,0,0,0,0,0
75,63,12,0,12,6,0,3,0,0,0,0,0,114,B,1568,1493,278,4.783163265306122,84.0,50.0,0.0,0.0,18.620227729403886,VIF,0,2,0,0,2,0,0,0,0,0,0,0,0,0,0,0
77,74,3,0,3,1,0,0,0,0,0,0,0,115,base,1568,1491,281,4.910714285714286,96.1038961038961,33.333333333333336,0.0,0.0,18.846411804158283,VIF,0,0,0,0,0,0,0,0,0,0,0,0,0,0,0,0
77,72,5,1,4,1,0,0,0,0,0,0,0,115,B,1568,1491,281,4.910714285714286,93.50649350649351,25.0,0.0,0.0,18.846411804158283,VIF,0,0,0,0,0,0,0,0,0,0,0,0,0,0,0,0
72,69,3,0,3,1,0,0,0,0,0,0,0,116,base,1568,1496,284,4.591836734693878,95.83333333333333,33.333333333333336,0.0,0.0,18.983957219251337,VIF,0,1,1,0,0,1,0,0,0,0,0,0,0,0,0,0
72,60,12,1,11,7,1,3,0,1,0,0,0,116,B,1568,1496,284,4.591836734693878,83.33333333333333,63.63636363636363,0.0,0.0,18.983957219251337,VIF,0,3,1,0,2,1,1,0,0,1,0,0,0,0,0,0
79,72,7,0,7,3,0,1,0,0,0,0,0,117,base,1568,1489,283,5.038265306122449,91.13924050632912,42.857142857142854,0.0,0.0,19.006044325050368,VIF,0,1,0,0,1,0,0,0,0,0,0,0,0,0,0,0
79,65,14,0,14,7,0,5,0,3,0,0,0,117,B,1568,1489,283,5.038265306122449,82.27848101265823,50.0,0.0,0.0,19.006044325050368,VIF,0,5,0,0,5,0,3,0,0,3,0,0,0,0,0,0
68,66,2,0,2,1,0,1,0,0,0,0,0,118,base,1568,1500,282,4.336734693877551,97.05882352941177,50.0,0.0,0.0,18.8,VIF,0,1,1,0,0,1,0,0,0,0,0,0,0,0,0,0
68,60,8,0,8,5,0,4,0,2,0,0,0,118,B,1568,1500,282,4.336734693877551,88.23529411764706,62.5,0.0,0.0,18.8,VIF,0,3,1,0,2,1,1,0,0,1,0,0,0,0,0,0
76,72,4,0,4,2,0,1,0,0,0,0,0,119,base,1568,1492,279,4.846938775510204,94.73684210526316,50.0,0.0,0.0,18.699731903485254,VIF,0,1,0,0,1,0,0,0,0,0,0,0,0,0,0,0
76,63,13,1,12,7,1,6,0,3,0,0,0,119,B,1568,1492,279,4.846938775510204,82.89473684210526,58.333333333333336,0.0,0.0,18.699731903485254,VIF,0,6,0,0,6,0,3,0,0,3,0,0,0,0,0,0
71,68,3,0,3,2,0,1,0,1,0,0,0,120,base,1568,1497,279,4.528061224489796,95.77464788732394,66.66666666666667,0.0,0.0,18.637274549098198,VIF,0,3,2,0,1,2,1,0,0,1,0,0,0,0,0,0
71,63,8,0,8,5,0,3,0,0,0,0,0,120,B,1568,1497,279,4.528061224489796,88.73239436619718,62.5,0.0,0.0,18.637274549098198,VIF,0,5,2,0,3,2,0,0,0,0,0,0,0,0,0,0
65,60,5,0,5,5,0,3,0,1,0,0,0,121,base,1568,1503,281,4.145408163265306,92.3076923076923,100.0,0.0,0.0,18.695941450432468,VIF,0,1,0,0,1,0,1,0,0,1,0,0,0,0,0,0
65,55,10,0,10,7,0,6,1,2,0,0,0,121,B,1568,1503,281,4.145408163265306,84.61538461538461,70.0,1.5384615384615385,10.0,18.695941450432468,VIF,0,3,0,0,3,0,2,0,0,2,0,0,0,0,0,0
74,70,4,0,4,1,0,1,0,0,0,0,0,122,base,1568,1494,278,4.719387755102041,94.5945945945946,25.0,0.0,0.0,18.60776439089692,VIF,0,2,1,0,1,1,0,0,0,0,0,0,0,0,0,0
74,64,10,2,8,4,0,3,0,0,0,0,0,122,B,1568,1494,278,4.719387755102041,86.48648648648648,50.0,0.0,0.0,18.60776439089692,VIF,0,4,1,0,3,1,0,0,0,0,0,0,0,0,0,0
90,84,6,0,6,5,0,3,0,2,0,0,0,123,base,1568,1478,274,5.739795918367347,93.33333333333333,83.33333333333333,0.0,0.0,18.53856562922869,VIF,0,4,1,0,3,1,2,0,0,2,0,0,0,0,0,0
90,79,11,0,11,7,0,5,0,2,0,0,0,123,B,1568,1478,274,5.739795918367347,87.77777777777777,63.63636363636363,0.0,0.0,18.53856562922869,VIF,0,5,1,0,4,1,2,0,0,2,0,0,0,0,0,0
76,70,6,0,6,4,0,2,0,1,0,0,0,124,base,1568,1492,285,4.846938775510204,92.10526315789474,66.66666666666667,0.0,0.0,19.10187667560322,VIF,0,2,0,0,2,0,1,0,0,1,0,0,0,0,0,0
76,62,14,0,14,9,0,7,1,3,0,0,0,124,B,1568,1492,285,4.846938775510204,81.57894736842105,64.28571428571429,1.3157894736842106,7.142857142857143,19.10187667560322,VIF,0,4,0,0,4,0,3,0,0,3,0,0,0,0,0,0
76,69,7,0,7,5,0,4,0,1,0,0,0,125,base,1568,1492,281,4.846938775510204,90.78947368421052,71.42857142857143,0.0,0.0,18.83378016085791,VIF,0,4,1,0,3,1,1,0,0,1,0,0,0,0,0,0
76,57,19,0,19,14,0,10,1,4,0,0,0,125,B,1568,1492,281,4.846938775510204,75.0,73.6842105263158,1.3157894736842106,5.2631578947368425,18.83378016085791,VIF,0,9,1,1,9,0,4,0,0,4,0,0,0,0,0,0
88,80,8,0,8,3,0,1,0,0,0,0,0,126,base,1568,1480,275,5.612244897959184,90.9090909090909,37.5,0.0,0.0,18.58108108108108,VIF,0,1,1,0,0,1,0,0,0,0,0,0,0,0,0,0
88,70,18,0,18,11,0,5,0,4,0,0,0,126,B,1568,1480,275,5.612244897959184,79.54545454545455,61.111111111111114,0.0,0.0,18.58108108108108,VIF,0,4,0,0,4,0,4,0,0,4,0,0,0,0,0,0
83,79,4,0,4,3,0,1,0,0,0,0,0,127,base,1568,1485,278,5.293367346938775,95.18072289156626,75.0,0.0,0.0,18.72053872053872,VIF,0,1,0,0,1,0,0,0,0,0,0,0,0,0,0,0
83,72,11,1,10,6,0,3,0,1,0,0,0,127,B,1568,1485,278,5.293367346938775,86.74698795180723,60.0,0.0,0.0,18.72053872053872,VIF,0,2,0,0,2,0,1,0,0,1,0,0,0,0,0,0
77,71,6,0,6,4,0,3,0,0,0,0,0,128,base,1568,1491,281,4.910714285714286,92.20779220779221,66.66666666666667,0.0,0.0,18.846411804158283,VIF,0,2,0,0,2,0,0,0,0,0,0,0,0,0,0,0
77,67,10,0,10,6,0,5,0,0,0,0,0,128,B,1568,1491,281,4.910714285714286,87.01298701298701,60.0,0.0,0.0,18.846411804158283,VIF,0,4,0,0,4,0,0,0,0,0,0,0,0,0,0,0
76,72,4,0,4,3,0,1,0,0,0,0,0,129,base,1568,1492,280,4.846938775510204,94.73684210526316,75.0,0.0,0.0,18.766756032171582,VIF,0,3,2,0,1,2,0,0,0,0,0,0,0,0,0,0
76,67,9,0,9,6,0,5,0,3,0,0,0,129,B,1568,1492,280,4.846938775510204,88.15789473684211,66.66666666666667,0.0,0.0,18.766756032171582,VIF,0,6,2,0,4,2,3,0,0,3,0,0,0,0,0,0
82,77,5,0,5,2,0,1,0,0,0,0,0,130,base,1568,1486,274,5.229591836734694,93.90243902439025,40.0,0.0,0.0,18.438761776581426,VIF,0,0,0,0,0,0,0,0,0,0,0,0,0,0,0,0
82,72,10,0,10,4,0,4,0,1,0,0,0,130,B,1568,1486,274,5.229591836734694,87.8048780487805,40.0,0.0,0.0,18.438761776581426,VIF,0,3,0,0,3,0,1,0,0,1,0,0,0,0,0,0
48,46,2,0,2,2,0,1,0,0,0,0,0,131,base,1568,1520,284,3.061224489795918,95.83333333333333,100.0,0.0,0.0,18.68421052631579,VIF,0,1,0,0,1,0,0,0,0,0,0,0,0,0,0,0
48,41,7,0,7,5,0,3,0,0,0,0,0,131,B,1568,1520,284,3.061224489795918,85.41666666666667,71.42857142857143,0.0,0.0,18.68421052631579,VIF,0,1,0,0,1,0,0,0,0,0,0,0,0,0,0,0
75,69,6,0,6,5,0,2,0,0,0,0,0,132,base,1568,1493,280,4.783163265306122,92.0,83.33333333333333,0.0,0.0,18.754186202277292,VIF,0,0,0,0,0,0,0,0,0,0,0,0,0,0,0,0
75,59,16,0,16,11,0,6,0,4,0,0,0,132,B,1568,1493,280,4.783163265306122,78.66666666666667,68.75,0.0,0.0,18.754186202277292,VIF,0,5,0,0,5,0,4,0,0,4,0,0,0,0,0,0
91,87,4,0,4,3,0,3,0,0,0,0,0,133,base,1568,1477,273,5.803571428571429,95.6043956043956,75.0,0.0,0.0,18.48341232227488,VIF,0,3,0,0,3,0,0,0,0,0,0,0,0,0,0,0
91,79,12,0,12,10,0,5,0,0,0,0,0,133,B,1568,1477,273,5.803571428571429,86.81318681318682,83.33333333333333,0.0,0.0,18.48341232227488,VIF,0,5,0,0,5,0,0,0,0,0,0,0,0,0,0,0
75,72,3,0,3,1,0,1,0,1,0,0,0,134,base,1568,1493,282,4.783163265306122,96.0,33.333333333333336,0.0,0.0,18.888144675150702,VIF,0,2,1,0,1,1,1,0,0,1,0,0,0,0,0,0
75,66,9,0,9,6,0,3,0,1,0,0,0,134,B,1568,1493,282,4.783163265306122,88.0,66.66666666666667,0.0,0.0,18.888144675150702,VIF,0,3,1,0,2,1,1,0,0,1,0,0,0,0,0,0
80,77,3,0,3,1,0,1,0,0,0,0,0,135,base,1568,1488,272,5.1020408163265305,96.25,33.333333333333336,0.0,0.0,18.27956989247312,VIF,0,1,0,0,1,0,0,0,0,0,0,0,0,0,0,0
80,71,9,0,9,6,0,3,0,1,0,0,0,135,B,1568,1488,272,5.1020408163265305,88.75,66.66666666666667,0.0,0.0,18.27956989247312,VIF,0,3,0,0,3,0,1,0,0,1,0,0,0,0,0,0
79,75,4,0,4,3,0,1,0,0,0,0,0,136,base,1568,1489,279,5.038265306122449,94.9367088607595,75.0,0.0,0.0,18.737407656145063,VIF,0,1,0,0,1,0,0,0,0,0,0,0,0,0,0,0
79,69,10,0,10,8,0,4,0,1,0,0,0,136,B,1568,1489,279,5.038265306122449,87.34177215189874,80.0,0.0,0.0,18.737407656145063,VIF,0,4,0,0,4,0,1,0,0,1,0,0,0,0,0,0
66,61,5,0,5,3,0,3,0,1,0,0,0,137,base,1568,1502,277,4.209183673469388,92.42424242424242,60.0,0.0,0.0,18.44207723035952,VIF,0,3,0,0,3,0,1,0,0,1,0,0,0,0,0,0
66,59,7,1,6,5,1,5,0,1,0,0,0,137,B,1568,1502,277,4.209183673469388,89.39393939393939,83.33333333333333,0.0,0.0,18.44207723035952,VIF,0,3,0,0,3,0,1,0,0,1,0,0,0,0,0,0
70,63,7,0,7,5,0,3,0,2,0,0,0,138,base,1568,1498,281,4.464285714285714,90.0,71.42857142857143,0.0,0.0,18.758344459279037,VIF,0,3,0,0,3,0,2,0,0,2,0,0,0,0,0,0
70,60,10,1,9,7,1,3,0,2,0,0,0,138,B,1568,1498,281,4.464285714285714,85.71428571428571,77.77777777777777,0.0,0.0,18.758344459279037,VIF,0,2,0,0,2,0,2,0,0,2,0,0,0,0,0,0
76,75,1,0,1,1,0,0,0,0,0,0,0,139,base,1568,1492,277,4.846938775510204,98.6842105263158,100.0,0.0,0.0,18.5656836461126,VIF,0,1,1,0,0,1,0,0,0,0,0,0,0,0,0,0
76,66,10,0,10,7,0,4,0,2,0,0,0,139,B,1568,1492,277,4.846938775510204,86.84210526315789,70.0,0.0,0.0,18.5656836461126,VIF,0,3,1,0,2,1,2,0,0,2,0,0,0,0,0,0
56,52,4,0,4,2,0,1,0,1,0,0,0,140,base,1568,1512,281,3.5714285714285716,92.85714285714286,50.0,0.0,0.0,18.584656084656086,VIF,0,1,0,0,1,0,1,0,0,1,0,0,0,0,0,0
56,47,9,0,9,6,0,2,0,1,0,0,0,140,B,1568,1512,281,3.5714285714285716,83.92857142857143,66.66666666666667,0.0,0.0,18.584656084656086,VIF,0,1,0,0,1,0,1,0,0,1,0,0,0,0,0,0
77,71,6,0,6,5,0,3,0,1,0,0,0,141,base,1568,1491,271,4.910714285714286,92.20779220779221,83.33333333333333,0.0,0.0,18.175720992622402,VIF,0,1,0,0,1,0,1,0,0,1,0,0,0,0,0,0
77,62,15,0,15,9,0,4,0,3,0,0,0,141,B,1568,1491,271,4.910714285714286,80.51948051948052,60.0,0.0,0.0,18.175720992622402,VIF,0,3,0,0,3,0,3,0,0,3,0,0,0,0,0,0
27,25,2,0,2,1,0,1,0,0,0,0,0,42,base,371,344,39,7.277628032345014,92.5925925925926,50.0,0.0,0.0,11.337209302325581,XAL,0,2,1,0,1,1,0,0,0,0,0,0,0,0,0,0
27,21,6,0,6,3,0,3,0,0,0,0,0,42,B,371,344,39,7.277628032345014,77.77777777777777,50.0,0.0,0.0,11.337209302325581,XAL,0,3,1,0,2,1,0,0,0,0,0,0,0,0,0,0
17,16,1,0,1,1,0,1,0,0,0,0,0,43,base,371,354,41,4.5822102425876015,94.11764705882354,100.0,0.0,0.0,11.581920903954803,XAL,0,0,0,0,0,0,0,0,0,0,0,0,0,0,0,0
17,15,2,0,2,2,0,2,0,0,0,0,0,43,B,371,354,41,4.5822102425876015,88.23529411764706,100.0,0.0,0.0,11.581920903954803,XAL,0,0,0,0,0,0,0,0,0,0,0,0,0,0,0,0
23,23,0,0,0,0,0,0,0,0,0,0,0,44,base,371,348,40,6.199460916442049,100.0,,0.0,,11.494252873563218,XAL,0,0,0,0,0,0,0,0,0,0,0,0,0,0,0,0
23,20,3,0,3,1,0,2,1,1,0,0,0,44,B,371,348,40,6.199460916442049,86.95652173913044,33.333333333333336,4.3478260869565215,33.333333333333336,11.494252873563218,XAL,0,1,0,0,1,0,1,0,0,1,0,0,0,0,0,0
20,19,1,0,1,1,0,0,0,0,0,0,0,45,base,371,351,41,5.390835579514825,95.0,100.0,0.0,0.0,11.68091168091168,XAL,0,1,1,0,0,1,0,0,0,0,0,0,0,0,0,0
20,18,2,0,2,1,0,1,0,1,0,0,0,45,B,371,351,41,5.390835579514825,90.0,50.0,0.0,0.0,11.68091168091168,XAL,0,2,1,0,1,1,1,0,0,1,0,0,0,0,0,0
16,15,1,0,1,0,0,0,0,0,0,0,0,46,base,371,355,41,4.3126684636118595,93.75,0.0,0.0,0.0,11.549295774647888,XAL,0,0,0,0,0,0,0,0,0,0,0,0,0,0,0,0
16,13,3,0,3,2,0,0,0,0,0,0,0,46,B,371,355,41,4.3126684636118595,81.25,66.66666666666667,0.0,0.0,11.549295774647888,XAL,0,0,0,0,0,0,0,0,0,0,0,0,0,0,0,0
24,23,1,0,1,0,0,0,0,0,0,0,0,47,base,371,347,40,6.46900269541779,95.83333333333333,0.0,0.0,0.0,11.527377521613833,XAL,0,1,1,0,0,1,0,0,0,0,0,0,0,0,0,0
24,22,2,0,2,0,0,0,0,0,0,0,0,47,B,371,347,40,6.46900269541779,91.66666666666667,0.0,0.0,0.0,11.527377521613833,XAL,0,1,1,0,0,1,0,0,0,0,0,0,0,0,0,0
14,14,0,0,0,0,0,0,0,0,0,0,0,48,base,371,357,42,3.7735849056603774,100.0,,0.0,,11.764705882352942,XAL,0,0,0,0,0,0,0,0,0,0,0,0,0,0,0,0
14,14,0,0,0,0,0,0,0,0,0,0,0,48,B,371,357,42,3.7735849056603774,100.0,,0.0,,11.764705882352942,XAL,0,0,0,0,0,0,0,0,0,0,0,0,0,0,0,0
16,15,1,0,1,1,0,1,0,1,0,0,0,49,base,371,355,43,4.3126684636118595,93.75,100.0,0.0,0.0,12.112676056338028,XAL,0,1,0,0,1,0,1,0,0,1,0,0,0,0,0,0
16,13,3,0,3,1,0,1,0,0,0,0,0,49,B,371,355,43,4.3126684636118595,81.25,33.333333333333336,0.0,0.0,12.112676056338028,XAL,0,1,0,0,1,0,0,0,0,0,0,0,0,0,0,0
24,23,1,0,1,0,0,0,0,0,0,0,0,50,base,371,347,40,6.46900269541779,95.83333333333333,0.0,0.0,0.0,11.527377521613833,XAL,0,0,0,0,0,0,0,0,0,0,0,0,0,0,0,0
24,21,3,0,3,1,0,1,0,0,0,0,0,50,B,371,347,40,6.46900269541779,87.5,33.333333333333336,0.0,0.0,11.527377521613833,XAL,0,1,0,0,1,0,0,0,0,0,0,0,0,0,0,0
15,14,1,0,1,0,0,0,0,0,0,0,0,51,base,371,356,41,4.0431266846361185,93.33333333333333,0.0,0.0,0.0,11.51685393258427,XAL,0,0,0,0,0,0,0,0,0,0,0,0,0,0,0,0
15,13,2,0,2,1,0,1,0,0,0,0,0,51,B,371,356,41,4.0431266846361185,86.66666666666667,50.0,0.0,0.0,11.51685393258427,XAL,0,1,0,0,1,0,0,0,0,0,0,0,0,0,0,0
25,24,1,0,1,1,0,0,0,0,0,0,0,52,base,371,346,41,6.738544474393531,96.0,100.0,0.0,0.0,11.84971098265896,XAL,0,0,0,0,0,0,0,0,0,0,0,0,0,0,0,0
25,21,4,0,4,3,0,3,0,2,0,0,0,52,B,371,346,41,6.738544474393531,84.0,75.0,0.0,0.0,11.84971098265896,XAL,0,3,0,0,3,0,2,0,0,2,0,0,0,0,0,0
16,15,1,0,1,1,0,1,0,1,0,0,0,53,base,371,355,41,4.3126684636118595,93.75,100.0,0.0,0.0,11.549295774647888,XAL,0,1,0,0,1,0,1,0,0,1,0,0,0,0,0,0
16,12,4,0,4,4,0,3,0,2,0,0,0,53,B,371,355,41,4.3126684636118595,75.0,100.0,0.0,0.0,11.549295774647888,XAL,0,3,0,0,3,0,2,0,0,2,0,0,0,0,0,0
17,17,0,0,0,0,0,0,0,0,0,0,0,54,base,371,354,40,4.5822102425876015,100.0,,0.0,,11.299435028248588,XAL,0,0,0,0,0,0,0,0,0,0,0,0,0,0,0,0
17,16,1,0,1,1,0,1,0,0,0,0,0,54,B,371,354,40,4.5822102425876015,94.11764705882354,100.0,0.0,0.0,11.299435028248588,XAL,0,1,0,0,1,0,0,0,0,0,0,0,0,0,0,0
23,21,2,0,2,1,0,1,1,0,0,0,0,55,base,371,348,43,6.199460916442049,91.30434782608695,50.0,4.3478260869565215,50.0,12.35632183908046,XAL,0,0,0,0,0,0,0,0,0,0,0,0,0,0,0,0
23,19,4,0,4,1,0,2,1,1,0,0,0,55,B,371,348,43,6.199460916442049,82.6086956521739,25.0,4.3478260869565215,25.0,12.35632183908046,XAL,0,1,0,0,1,0,1,0,0,1,0,0,0,0,0,0
24,23,1,0,1,1,0,1,0,1,0,0,0,56,base,371,347,41,6.46900269541779,95.83333333333333,100.0,0.0,0.0,11.815561959654179,XAL,0,2,1,0,1,1,1,0,0,1,0,0,0,0,0,0
24,20,4,0,4,2,0,3,1,2,0,0,0,56,B,371,347,41,6.46900269541779,83.33333333333333,50.0,4.166666666666667,25.0,11.815561959654179,XAL,0,2,1,0,1,0,1,0,0,1,0,0,0,0,0,0
14,14,0,0,0,0,0,0,0,0,0,0,0,57,base,371,357,41,3.7735849056603774,100.0,,0.0,,11.484593837535014,XAL,0,0,0,0,0,0,0,0,0,0,0,0,0,0,0,0
14,14,0,0,0,0,0,0,0,0,0,0,0,57,B,371,357,41,3.7735849056603774,100.0,,0.0,,11.484593837535014,XAL,0,0,0,0,0,0,0,0,0,0,0,0,0,0,0,0
18,16,2,0,2,1,0,1,0,0,0,0,0,58,base,371,353,40,4.8517520215633425,88.88888888888889,50.0,0.0,0.0,11.331444759206798,XAL,0,1,0,0,1,0,0,0,0,0,0,0,0,0,0,0
18,15,3,0,3,2,0,2,0,1,0,0,0,58,B,371,353,40,4.8517520215633425,83.33333333333333,66.66666666666667,0.0,0.0,11.331444759206798,XAL,0,2,0,0,2,0,1,0,0,1,0,0,0,0,0,0
29,28,1,0,1,0,0,0,0,0,0,0,0,59,base,371,342,40,7.816711590296496,96.55172413793103,0.0,0.0,0.0,11.695906432748538,XAL,0,0,0,0,0,0,0,0,0,0,0,0,0,0,0,0
29,28,1,0,1,0,0,0,0,0,0,0,0,59,B,371,342,40,7.816711590296496,96.55172413793103,0.0,0.0,0.0,11.695906432748538,XAL,0,0,0,0,0,0,0,0,0,0,0,0,0,0,0,0
23,22,1,0,1,0,0,0,0,0,0,0,0,60,base,371,348,40,6.199460916442049,95.65217391304348,0.0,0.0,0.0,11.494252873563218,XAL,0,1,1,0,0,1,0,0,0,0,0,0,0,0,0,0
23,18,5,0,5,2,0,3,1,0,0,0,0,60,B,371,348,40,6.199460916442049,78.26086956521739,40.0,4.3478260869565215,20.0,11.494252873563218,XAL,0,3,1,1,3,0,0,0,0,0,0,0,0,0,0,0
17,15,2,0,2,2,0,1,0,0,0,0,0,61,base,371,354,43,4.5822102425876015,88.23529411764706,100.0,0.0,0.0,12.146892655367232,XAL,0,0,0,0,0,1,0,0,0,0,0,0,0,0,0,0
17,15,2,0,2,1,0,0,0,0,0,0,0,61,B,371,354,43,4.5822102425876015,88.23529411764706,50.0,0.0,0.0,12.146892655367232,XAL,0,1,0,0,0,1,0,0,0,0,0,0,0,0,0,0
24,23,1,0,1,0,0,0,0,0,0,0,0,62,base,371,347,42,6.46900269541779,95.83333333333333,0.0,0.0,0.0,12.103746397694524,XAL,0,0,0,0,0,0,0,0,0,0,0,0,0,0,0,0
24,22,2,0,2,1,0,0,0,0,0,0,0,62,B,371,347,42,6.46900269541779,91.66666666666667,50.0,0.0,0.0,12.103746397694524,XAL,0,0,0,0,0,0,0,0,0,0,0,0,0,0,0,0
16,13,3,0,3,2,0,1,0,0,0,0,0,63,base,371,355,40,4.3126684636118595,81.25,66.66666666666667,0.0,0.0,11.267605633802816,XAL,0,0,0,0,0,0,0,0,0,0,0,0,0,0,0,0
16,13,3,0,3,2,0,1,0,0,0,0,0,63,B,371,355,40,4.3126684636118595,81.25,66.66666666666667,0.0,0.0,11.267605633802816,XAL,0,0,0,0,0,0,0,0,0,0,0,0,0,0,0,0
26,26,0,0,0,0,0,0,0,0,0,0,0,64,base,371,345,40,7.008086253369272,100.0,,0.0,,11.594202898550725,XAL,0,0,0,0,0,0,0,0,0,0,0,0,0,0,0,0
26,24,2,0,2,2,0,2,0,1,0,0,0,64,B,371,345,40,7.008086253369272,92.3076923076923,100.0,0.0,0.0,11.594202898550725,XAL,0,1,0,0,1,0,1,0,0,1,0,0,0,0,0,0
19,18,1,0,1,1,0,1,0,0,0,0,0,65,base,371,352,41,5.121293800539084,94.73684210526316,100.0,0.0,0.0,11.647727272727273,XAL,0,1,0,0,1,0,0,0,0,0,0,0,0,0,0,0
19,17,2,0,2,2,0,2,0,1,0,0,0,65,B,371,352,41,5.121293800539084,89.47368421052632,100.0,0.0,0.0,11.647727272727273,XAL,0,2,0,0,2,0,1,0,0,1,0,0,0,0,0,0
11,10,1,0,1,1,0,1,0,0,0,0,0,66,base,371,360,41,2.964959568733154,90.9090909090909,100.0,0.0,0.0,11.38888888888889,XAL,0,1,0,0,1,0,0,0,0,0,0,0,0,0,0,0
11,8,3,0,3,3,0,3,0,0,0,0,0,66,B,371,360,41,2.964959568733154,72.72727272727273,100.0,0.0,0.0,11.38888888888889,XAL,0,3,0,0,3,0,0,0,0,0,0,0,0,0,0,0
23,22,1,0,1,1,0,1,0,0,0,0,0,67,base,371,348,42,6.199460916442049,95.65217391304348,100.0,0.0,0.0,12.068965517241379,XAL,0,1,0,0,1,0,0,0,0,0,0,0,0,0,0,0
23,17,6,1,5,3,1,1,0,1,0,0,0,67,B,371,348,42,6.199460916442049,73.91304347826087,60.0,0.0,0.0,12.068965517241379,XAL,0,1,0,0,1,0,1,0,0,1,0,0,0,0,0,0
25,25,0,0,0,0,0,0,0,0,0,0,0,68,base,371,346,41,6.738544474393531,100.0,,0.0,,11.84971098265896,XAL,0,0,0,0,0,0,0,0,0,0,0,0,0,0,0,0
25,23,2,0,2,2,0,1,0,1,0,0,0,68,B,371,346,41,6.738544474393531,92.0,100.0,0.0,0.0,11.84971098265896,XAL,0,1,0,0,1,0,1,0,0,1,0,0,0,0,0,0
15,15,0,0,0,0,0,0,0,0,0,0,0,69,base,371,356,43,4.0431266846361185,100.0,,0.0,,12.07865168539326,XAL,0,0,0,0,0,0,0,0,0,0,0,0,0,0,0,0
15,14,1,0,1,1,0,0,0,0,0,0,0,69,B,371,356,43,4.0431266846361185,93.33333333333333,100.0,0.0,0.0,12.07865168539326,XAL,0,0,0,0,0,0,0,0,0,0,0,0,0,0,0,0
20,17,3,0,3,2,0,2,0,0,0,0,0,70,base,371,351,43,5.390835579514825,85.0,66.66666666666667,0.0,0.0,12.250712250712251,XAL,0,2,0,0,2,0,0,0,0,0,0,0,0,0,0,0
20,17,3,0,3,2,0,2,0,0,0,0,0,70,B,371,351,43,5.390835579514825,85.0,66.66666666666667,0.0,0.0,12.250712250712251,XAL,0,2,0,0,2,0,0,0,0,0,0,0,0,0,0,0
15,15,0,0,0,0,0,0,0,0,0,0,0,71,base,371,356,42,4.0431266846361185,100.0,,0.0,,11.797752808988765,XAL,0,0,0,0,0,0,0,0,0,0,0,0,0,0,0,0
15,14,1,0,1,0,0,0,0,0,0,0,0,71,B,371,356,42,4.0431266846361185,93.33333333333333,0.0,0.0,0.0,11.797752808988765,XAL,0,0,0,0,0,0,0,0,0,0,0,0,0,0,0,0
27,25,2,0,2,1,0,1,0,0,0,0,0,72,base,371,344,40,7.277628032345014,92.5925925925926,50.0,0.0,0.0,11.627906976744185,XAL,0,1,0,0,1,0,0,0,0,0,0,0,0,0,0,0
27,23,4,0,4,1,0,1,0,0,0,0,0,72,B,371,344,40,7.277628032345014,85.18518518518519,25.0,0.0,0.0,11.627906976744185,XAL,0,1,0,0,1,0,0,0,0,0,0,0,0,0,0,0
17,17,0,0,0,0,0,0,0,0,0,0,0,73,base,371,354,41,4.5822102425876015,100.0,,0.0,,11.581920903954803,XAL,0,0,0,0,0,0,0,0,0,0,0,0,0,0,0,0
17,15,2,0,2,2,0,2,0,1,0,0,0,73,B,371,354,41,4.5822102425876015,88.23529411764706,100.0,0.0,0.0,11.581920903954803,XAL,0,2,0,0,2,0,1,0,0,1,0,0,0,0,0,0
23,21,2,0,2,0,0,0,0,0,0,0,0,74,base,371,348,40,6.199460916442049,91.30434782608695,0.0,0.0,0.0,11.494252873563218,XAL,0,0,0,0,0,0,0,0,0,0,0,0,0,0,0,0
23,18,5,0,5,2,0,0,0,0,0,0,0,74,B,371,348,40,6.199460916442049,78.26086956521739,40.0,0.0,0.0,11.494252873563218,XAL,0,0,0,0,0,0,0,0,0,0,0,0,0,0,0,0
22,22,0,0,0,0,0,0,0,0,0,0,0,75,base,371,349,42,5.929919137466308,100.0,,0.0,,12.034383954154729,XAL,0,1,1,0,0,1,0,0,0,0,0,0,0,0,0,0
22,22,0,0,0,0,0,0,0,0,0,0,0,75,B,371,349,42,5.929919137466308,100.0,,0.0,,12.034383954154729,XAL,0,1,1,0,0,1,0,0,0,0,0,0,0,0,0,0
13,11,2,0,2,2,0,1,0,1,0,0,0,76,base,371,358,42,3.504043126684636,84.61538461538461,100.0,0.0,0.0,11.731843575418994,XAL,0,1,0,0,1,0,1,0,0,1,0,0,0,0,0,0
13,8,5,0,5,2,0,1,0,0,0,0,0,76,B,371,358,42,3.504043126684636,61.53846153846154,40.0,0.0,0.0,11.731843575418994,XAL,0,1,0,0,1,0,0,0,0,0,0,0,0,0,0,0
19,18,1,0,1,1,0,0,0,0,0,0,0,77,base,371,352,41,5.121293800539084,94.73684210526316,100.0,0.0,0.0,11.647727272727273,XAL,0,0,0,0,0,0,0,0,0,0,0,0,0,0,0,0
19,17,2,0,2,1,0,1,0,0,0,0,0,77,B,371,352,41,5.121293800539084,89.47368421052632,50.0,0.0,0.0,11.647727272727273,XAL,0,0,0,0,0,0,0,0,0,0,0,0,0,0,0,0
21,21,0,0,0,0,0,0,0,0,0,0,0,78,base,371,350,40,5.660377358490566,100.0,,0.0,,11.428571428571429,XAL,0,0,0,0,0,0,0,0,0,0,0,0,0,0,0,0
21,18,3,0,3,3,0,1,0,0,0,0,0,78,B,371,350,40,5.660377358490566,85.71428571428571,100.0,0.0,0.0,11.428571428571429,XAL,0,1,0,0,1,0,0,0,0,0,0,0,0,0,0,0
15,15,0,0,0,0,0,0,0,0,0,0,0,79,base,371,356,41,4.0431266846361185,100.0,,0.0,,11.51685393258427,XAL,0,0,0,0,0,0,0,0,0,0,0,0,0,0,0,0
15,12,3,1,2,2,0,2,0,1,0,0,0,79,B,371,356,41,4.0431266846361185,80.0,100.0,0.0,0.0,11.51685393258427,XAL,0,2,0,0,2,0,1,0,0,1,0,0,0,0,0,0
11,10,1,0,1,1,0,1,0,0,0,0,0,80,base,371,360,42,2.964959568733154,90.9090909090909,100.0,0.0,0.0,11.666666666666666,XAL,0,1,0,0,1,0,0,0,0,0,0,0,0,0,0,0
11,9,2,0,2,2,0,2,0,0,0,0,0,80,B,371,360,42,2.964959568733154,81.81818181818181,100.0,0.0,0.0,11.666666666666666,XAL,0,2,0,0,2,0,0,0,0,0,0,0,0,0,0,0
18,17,1,0,1,1,0,0,0,0,0,0,0,81,base,371,353,41,4.8517520215633425,94.44444444444444,100.0,0.0,0.0,11.614730878186968,XAL,0,0,0,0,0,0,0,0,0,0,0,0,0,0,0,0
18,14,4,0,4,2,0,1,0,0,0,0,0,81,B,371,353,41,4.8517520215633425,77.77777777777777,50.0,0.0,0.0,11.614730878186968,XAL,0,1,0,0,1,0,0,0,0,0,0,0,0,0,0,0
23,21,2,0,2,2,0,1,0,0,0,0,0,82,base,371,348,42,6.199460916442049,91.30434782608695,100.0,0.0,0.0,12.068965517241379,XAL,0,0,0,0,0,0,0,0,0,0,0,0,0,0,0,0
23,19,4,0,4,2,0,2,0,0,0,0,0,82,B,371,348,42,6.199460916442049,82.6086956521739,50.0,0.0,0.0,12.068965517241379,XAL,0,1,0,0,1,0,0,0,0,0,0,0,0,0,0,0
13,13,0,0,0,0,0,0,0,0,0,0,0,83,base,371,358,41,3.504043126684636,100.0,,0.0,,11.452513966480447,XAL,0,0,0,0,0,0,0,0,0,0,0,0,0,0,0,0
13,10,3,0,3,2,0,1,0,0,0,0,0,83,B,371,358,41,3.504043126684636,76.92307692307692,66.66666666666667,0.0,0.0,11.452513966480447,XAL,0,1,0,0,1,0,0,0,0,0,0,0,0,0,0,0
9,9,0,0,0,0,0,0,0,0,0,0,0,84,base,371,362,42,2.4258760107816713,100.0,,0.0,,11.602209944751381,XAL,0,0,0,0,0,0,0,0,0,0,0,0,0,0,0,0
9,8,1,0,1,1,0,1,0,0,0,0,0,84,B,371,362,42,2.4258760107816713,88.88888888888889,100.0,0.0,0.0,11.602209944751381,XAL,0,0,0,0,0,0,0,0,0,0,0,0,0,0,0,0
19,19,0,0,0,0,0,0,0,0,0,0,0,85,base,371,352,41,5.121293800539084,100.0,,0.0,,11.647727272727273,XAL,0,1,1,0,0,1,0,0,0,0,0,0,0,0,0,0
19,16,3,0,3,3,0,2,0,1,0,0,0,85,B,371,352,41,5.121293800539084,84.21052631578948,100.0,0.0,0.0,11.647727272727273,XAL,0,3,1,0,2,1,1,0,0,1,0,0,0,0,0,0
14,14,0,0,0,0,0,0,0,0,0,0,0,86,base,371,357,41,3.7735849056603774,100.0,,0.0,,11.484593837535014,XAL,0,0,0,0,0,0,0,0,0,0,0,0,0,0,0,0
14,11,3,0,3,1,0,0,0,0,0,0,0,86,B,371,357,41,3.7735849056603774,78.57142857142857,33.333333333333336,0.0,0.0,11.484593837535014,XAL,0,0,0,0,0,0,0,0,0,0,0,0,0,0,0,0
15,15,0,0,0,0,0,0,0,0,0,0,0,87,base,371,356,42,4.0431266846361185,100.0,,0.0,,11.797752808988765,XAL,0,0,0,0,0,0,0,0,0,0,0,0,0,0,0,0
15,14,1,0,1,0,0,0,0,0,0,0,0,87,B,371,356,42,4.0431266846361185,93.33333333333333,0.0,0.0,0.0,11.797752808988765,XAL,0,0,0,0,0,0,0,0,0,0,0,0,0,0,0,0
16,16,0,0,0,0,0,0,0,0,0,0,0,88,base,371,355,39,4.3126684636118595,100.0,,0.0,,10.985915492957746,XAL,0,0,0,0,0,0,0,0,0,0,0,0,0,0,0,0
16,16,0,0,0,0,0,0,0,0,0,0,0,88,B,371,355,39,4.3126684636118595,100.0,,0.0,,10.985915492957746,XAL,0,0,0,0,0,0,0,0,0,0,0,0,0,0,0,0
19,18,1,0,1,1,0,1,0,0,0,0,0,89,base,371,352,41,5.121293800539084,94.73684210526316,100.0,0.0,0.0,11.647727272727273,XAL,0,1,0,0,1,0,0,0,0,0,0,0,0,0,0,0
19,15,4,0,4,2,0,1,0,0,0,0,0,89,B,371,352,41,5.121293800539084,78.94736842105263,50.0,0.0,0.0,11.647727272727273,XAL,0,1,0,0,1,0,0,0,0,0,0,0,0,0,0,0
16,16,0,0,0,0,0,0,0,0,0,0,0,90,base,371,355,41,4.3126684636118595,100.0,,0.0,,11.549295774647888,XAL,0,0,0,0,0,0,0,0,0,0,0,0,0,0,0,0
16,15,1,0,1,1,0,1,0,0,0,0,0,90,B,371,355,41,4.3126684636118595,93.75,100.0,0.0,0.0,11.549295774647888,XAL,0,0,0,0,0,0,0,0,0,0,0,0,0,0,0,0
22,21,1,0,1,1,0,1,0,0,0,0,0,91,base,371,349,42,5.929919137466308,95.45454545454545,100.0,0.0,0.0,12.034383954154729,XAL,0,1,0,0,1,0,0,0,0,0,0,0,0,0,0,0
22,20,2,0,2,2,0,2,0,0,0,0,0,91,B,371,349,42,5.929919137466308,90.9090909090909,100.0,0.0,0.0,12.034383954154729,XAL,0,2,0,0,2,0,0,0,0,0,0,0,0,0,0,0
15,15,0,0,0,0,0,0,0,0,0,0,0,92,base,371,356,43,4.0431266846361185,100.0,,0.0,,12.07865168539326,XAL,0,0,0,0,0,0,0,0,0,0,0,0,0,0,0,0
15,14,1,0,1,0,0,0,0,0,0,0,0,92,B,371,356,43,4.0431266846361185,93.33333333333333,0.0,0.0,0.0,12.07865168539326,XAL,0,0,0,0,0,0,0,0,0,0,0,0,0,0,0,0
17,17,0,0,0,0,0,0,0,0,0,0,0,93,base,371,354,41,4.5822102425876015,100.0,,0.0,,11.581920903954803,XAL,0,1,1,0,0,1,0,0,0,0,0,0,0,0,0,0
17,16,1,0,1,0,0,1,1,0,0,0,0,93,B,371,354,41,4.5822102425876015,94.11764705882354,0.0,5.882352941176471,100.0,11.581920903954803,XAL,0,1,1,0,0,1,0,0,0,0,0,0,0,0,0,0
18,17,1,0,1,1,0,1,0,0,0,0,0,94,base,371,353,42,4.8517520215633425,94.44444444444444,100.0,0.0,0.0,11.898016997167138,XAL,0,0,0,0,0,0,0,0,0,0,0,0,0,0,0,0
18,15,3,0,3,2,0,2,0,0,0,0,0,94,B,371,353,42,4.8517520215633425,83.33333333333333,66.66666666666667,0.0,0.0,11.898016997167138,XAL,0,1,0,0,1,0,0,0,0,0,0,0,0,0,0,0
18,15,3,0,3,3,0,3,0,1,0,0,0,95,base,371,353,38,4.8517520215633425,83.33333333333333,100.0,0.0,0.0,10.76487252124646,XAL,0,2,0,0,2,0,1,0,0,1,0,0,0,0,0,0
18,12,6,0,6,4,0,4,0,1,0,0,0,95,B,371,353,38,4.8517520215633425,66.66666666666667,66.66666666666667,0.0,0.0,10.76487252124646,XAL,0,3,0,0,3,0,1,0,0,1,0,0,0,0,0,0
12,12,0,0,0,0,0,0,0,0,0,0,0,96,base,371,359,41,3.234501347708895,100.0,,0.0,,11.420612813370473,XAL,0,0,0,0,0,0,0,0,0,0,0,0,0,0,0,0
12,12,0,0,0,0,0,0,0,0,0,0,0,96,B,371,359,41,3.234501347708895,100.0,,0.0,,11.420612813370473,XAL,0,0,0,0,0,0,0,0,0,0,0,0,0,0,0,0
13,12,1,0,1,1,0,1,0,0,0,0,0,97,base,371,358,41,3.504043126684636,92.3076923076923,100.0,0.0,0.0,11.452513966480447,XAL,0,0,0,0,0,0,0,0,0,0,0,0,0,0,0,0
13,12,1,0,1,1,0,1,0,0,0,0,0,97,B,371,358,41,3.504043126684636,92.3076923076923,100.0,0.0,0.0,11.452513966480447,XAL,0,0,0,0,0,0,0,0,0,0,0,0,0,0,0,0
12,12,0,0,0,0,0,0,0,0,0,0,0,98,base,371,359,40,3.234501347708895,100.0,,0.0,,11.142061281337048,XAL,0,0,0,0,0,0,0,0,0,0,0,0,0,0,0,0
12,12,0,0,0,0,0,0,0,0,0,0,0,98,B,371,359,40,3.234501347708895,100.0,,0.0,,11.142061281337048,XAL,0,0,0,0,0,0,0,0,0,0,0,0,0,0,0,0
19,17,2,0,2,2,0,1,0,0,0,0,0,99,base,371,352,42,5.121293800539084,89.47368421052632,100.0,0.0,0.0,11.931818181818182,XAL,0,2,1,0,1,1,0,0,0,0,0,0,0,0,0,0
19,16,3,0,3,2,0,2,0,1,0,0,0,99,B,371,352,42,5.121293800539084,84.21052631578948,66.66666666666667,0.0,0.0,11.931818181818182,XAL,0,3,1,0,2,1,1,0,0,1,0,0,0,0,0,0
22,22,0,0,0,0,0,0,0,0,0,0,0,100,base,371,349,41,5.929919137466308,100.0,,0.0,,11.74785100286533,XAL,0,0,0,0,0,0,0,0,0,0,0,0,0,0,0,0
22,20,2,0,2,1,0,1,0,1,0,0,0,100,B,371,349,41,5.929919137466308,90.9090909090909,50.0,0.0,0.0,11.74785100286533,XAL,0,1,0,0,1,0,1,0,0,1,0,0,0,0,0,0
24,21,3,0,3,3,0,2,0,0,0,0,0,101,base,371,347,41,6.46900269541779,87.5,100.0,0.0,0.0,11.815561959654179,XAL,0,2,0,0,2,0,0,0,0,0,0,0,0,0,0,0
24,15,9,0,9,6,0,6,0,1,0,0,0,101,B,371,347,41,6.46900269541779,62.5,66.66666666666667,0.0,0.0,11.815561959654179,XAL,0,5,0,0,5,0,1,0,0,1,0,0,0,0,0,0
21,21,0,0,0,0,0,0,0,0,0,0,0,102,base,371,350,41,5.660377358490566,100.0,,0.0,,11.714285714285714,XAL,0,0,0,0,0,0,0,0,0,0,0,0,0,0,0,0
21,16,5,0,5,2,0,0,0,0,0,0,0,102,B,371,350,41,5.660377358490566,76.19047619047619,40.0,0.0,0.0,11.714285714285714,XAL,0,0,0,0,0,0,0,0,0,0,0,0,0,0,0,0
13,11,2,0,2,1,0,0,0,0,0,0,0,103,base,371,358,43,3.504043126684636,84.61538461538461,50.0,0.0,0.0,12.011173184357542,XAL,0,0,0,0,0,0,0,0,0,0,0,0,0,0,0,0
13,11,2,0,2,0,0,0,0,0,0,0,0,103,B,371,358,43,3.504043126684636,84.61538461538461,0.0,0.0,0.0,12.011173184357542,XAL,0,0,0,0,0,0,0,0,0,0,0,0,0,0,0,0
10,10,0,0,0,0,0,0,0,0,0,0,0,104,base,371,361,43,2.6954177897574123,100.0,,0.0,,11.911357340720222,XAL,0,0,0,0,0,0,0,0,0,0,0,0,0,0,0,0
10,8,2,0,2,1,0,1,1,0,0,0,0,104,B,371,361,43,2.6954177897574123,80.0,50.0,10.0,50.0,11.911357340720222,XAL,0,0,0,0,0,0,0,0,0,0,0,0,0,0,0,0
23,22,1,0,1,1,0,1,0,0,0,0,0,105,base,371,348,38,6.199460916442049,95.65217391304348,100.0,0.0,0.0,10.919540229885058,XAL,0,2,1,0,1,1,0,0,0,0,0,0,0,0,0,0
23,21,2,0,2,1,0,1,1,0,0,0,0,105,B,371,348,38,6.199460916442049,91.30434782608695,50.0,4.3478260869565215,50.0,10.919540229885058,XAL,0,1,1,0,0,1,0,0,0,0,0,0,0,0,0,0
20,20,0,0,0,0,0,0,0,0,0,0,0,106,base,371,351,40,5.390835579514825,100.0,,0.0,,11.396011396011396,XAL,0,0,0,0,0,0,0,0,0,0,0,0,0,0,0,0
20,20,0,0,0,0,0,0,0,0,0,0,0,106,B,371,351,40,5.390835579514825,100.0,,0.0,,11.396011396011396,XAL,0,0,0,0,0,0,0,0,0,0,0,0,0,0,0,0
20,20,0,0,0,0,0,0,0,0,0,0,0,107,base,371,351,41,5.390835579514825,100.0,,0.0,,11.68091168091168,XAL,0,0,0,0,0,0,0,0,0,0,0,0,0,0,0,0
20,19,1,0,1,1,0,0,0,0,0,0,0,107,B,371,351,41,5.390835579514825,95.0,100.0,0.0,0.0,11.68091168091168,XAL,0,0,0,0,0,0,0,0,0,0,0,0,0,0,0,0
21,18,3,0,3,3,0,1,0,0,0,0,0,108,base,371,350,42,5.660377358490566,85.71428571428571,100.0,0.0,0.0,12.0,XAL,0,1,0,0,1,0,0,0,0,0,0,0,0,0,0,0
21,17,4,0,4,2,0,1,0,0,0,0,0,108,B,371,350,42,5.660377358490566,80.95238095238095,50.0,0.0,0.0,12.0,XAL,0,1,0,0,1,0,0,0,0,0,0,0,0,0,0,0
15,15,0,0,0,0,0,0,0,0,0,0,0,109,base,371,356,43,4.0431266846361185,100.0,,0.0,,12.07865168539326,XAL,0,0,0,0,0,0,0,0,0,0,0,0,0,0,0,0
15,12,3,0,3,3,0,2,0,0,0,0,0,109,B,371,356,43,4.0431266846361185,80.0,100.0,0.0,0.0,12.07865168539326,XAL,0,2,0,0,2,0,0,0,0,0,0,0,0,0,0,0
18,16,2,0,2,2,0,0,0,0,0,0,0,110,base,371,353,40,4.8517520215633425,88.88888888888889,100.0,0.0,0.0,11.331444759206798,XAL,0,0,0,0,0,0,0,0,0,0,0,0,0,0,0,0
18,15,3,0,3,0,0,0,0,0,0,0,0,110,B,371,353,40,4.8517520215633425,83.33333333333333,0.0,0.0,0.0,11.331444759206798,XAL,0,0,0,0,0,0,0,0,0,0,0,0,0,0,0,0
28,27,1,0,1,0,0,0,0,0,0,0,0,111,base,371,343,42,7.547169811320755,96.42857142857143,0.0,0.0,0.0,12.244897959183673,XAL,0,0,0,0,0,0,0,0,0,0,0,0,0,0,0,0
28,27,1,0,1,0,0,0,0,0,0,0,0,111,B,371,343,42,7.547169811320755,96.42857142857143,0.0,0.0,0.0,12.244897959183673,XAL,0,0,0,0,0,0,0,0,0,0,0,0,0,0,0,0
16,14,2,0,2,2,0,2,0,0,0,0,0,112,base,371,355,40,4.3126684636118595,87.5,100.0,0.0,0.0,11.267605633802816,XAL,0,1,0,0,1,0,0,0,0,0,0,0,0,0,0,0
16,13,3,0,3,1,0,1,0,0,0,0,0,112,B,371,355,40,4.3126684636118595,81.25,33.333333333333336,0.0,0.0,11.267605633802816,XAL,0,1,0,0,1,0,0,0,0,0,0,0,0,0,0,0
22,19,3,0,3,1,0,1,0,0,0,0,0,113,base,371,349,41,5.929919137466308,86.36363636363636,33.333333333333336,0.0,0.0,11.74785100286533,XAL,0,1,0,0,1,0,0,0,0,0,0,0,0,0,0,0
22,18,4,0,4,1,0,1,0,0,0,0,0,113,B,371,349,41,5.929919137466308,81.81818181818181,25.0,0.0,0.0,11.74785100286533,XAL,0,1,0,0,1,0,0,0,0,0,0,0,0,0,0,0
11,10,1,0,1,1,0,0,0,0,0,0,0,114,base,371,360,40,2.964959568733154,90.9090909090909,100.0,0.0,0.0,11.11111111111111,XAL,0,0,0,0,0,0,0,0,0,0,0,0,0,0,0,0
11,9,2,0,2,1,0,1,0,1,0,0,0,114,B,371,360,40,2.964959568733154,81.81818181818181,50.0,0.0,0.0,11.11111111111111,XAL,0,1,0,0,1,0,1,0,0,1,0,0,0,0,0,0
16,16,0,0,0,0,0,0,0,0,0,0,0,115,base,371,355,42,4.3126684636118595,100.0,,0.0,,11.830985915492958,XAL,0,0,0,0,0,0,0,0,0,0,0,0,0,0,0,0
16,15,1,0,1,0,0,0,0,0,0,0,0,115,B,371,355,42,4.3126684636118595,93.75,0.0,0.0,0.0,11.830985915492958,XAL,0,0,0,0,0,0,0,0,0,0,0,0,0,0,0,0
15,14,1,0,1,0,0,0,0,0,0,0,0,116,base,371,356,43,4.0431266846361185,93.33333333333333,0.0,0.0,0.0,12.07865168539326,XAL,0,0,0,0,0,0,0,0,0,0,0,0,0,0,0,0
15,11,4,0,4,3,0,2,0,1,0,0,0,116,B,371,356,43,4.0431266846361185,73.33333333333333,75.0,0.0,0.0,12.07865168539326,XAL,0,2,0,0,2,0,1,0,0,1,0,0,0,0,0,0
17,17,0,0,0,0,0,0,0,0,0,0,0,117,base,371,354,42,4.5822102425876015,100.0,,0.0,,11.864406779661017,XAL,0,0,0,0,0,0,0,0,0,0,0,0,0,0,0,0
17,12,5,0,5,1,0,0,0,0,0,0,0,117,B,371,354,42,4.5822102425876015,70.58823529411765,20.0,0.0,0.0,11.864406779661017,XAL,0,0,0,0,0,0,0,0,0,0,0,0,0,0,0,0
22,20,2,0,2,1,0,1,1,0,0,0,0,118,base,371,349,41,5.929919137466308,90.9090909090909,50.0,4.545454545454546,50.0,11.74785100286533,XAL,0,0,0,0,0,0,0,0,0,0,0,0,0,0,0,0
22,19,3,0,3,3,0,2,0,0,0,0,0,118,B,371,349,41,5.929919137466308,86.36363636363636,100.0,0.0,0.0,11.74785100286533,XAL,0,2,0,0,2,0,0,0,0,0,0,0,0,0,0,0
6,6,0,0,0,0,0,0,0,0,0,0,0,119,base,371,365,43,1.6172506738544474,100.0,,0.0,,11.780821917808218,XAL,0,0,0,0,0,0,0,0,0,0,0,0,0,0,0,0
6,6,0,0,0,0,0,0,0,0,0,0,0,119,B,371,365,43,1.6172506738544474,100.0,,0.0,,11.780821917808218,XAL,0,0,0,0,0,0,0,0,0,0,0,0,0,0,0,0
9,9,0,0,0,0,0,0,0,0,0,0,0,120,base,371,362,42,2.4258760107816713,100.0,,0.0,,11.602209944751381,XAL,0,0,0,0,0,0,0,0,0,0,0,0,0,0,0,0
9,9,0,0,0,0,0,0,0,0,0,0,0,120,B,371,362,42,2.4258760107816713,100.0,,0.0,,11.602209944751381,XAL,0,0,0,0,0,0,0,0,0,0,0,0,0,0,0,0
12,12,0,0,0,0,0,0,0,0,0,0,0,121,base,371,359,42,3.234501347708895,100.0,,0.0,,11.699164345403899,XAL,0,0,0,0,0,0,0,0,0,0,0,0,0,0,0,0
12,10,2,0,2,1,0,0,0,0,0,0,0,121,B,371,359,42,3.234501347708895,83.33333333333333,50.0,0.0,0.0,11.699164345403899,XAL,0,0,0,0,0,0,0,0,0,0,0,0,0,0,0,0
11,11,0,0,0,0,0,0,0,0,0,0,0,122,base,371,360,42,2.964959568733154,100.0,,0.0,,11.666666666666666,XAL,0,0,0,0,0,0,0,0,0,0,0,0,0,0,0,0
11,11,0,0,0,0,0,0,0,0,0,0,0,122,B,371,360,42,2.964959568733154,100.0,,0.0,,11.666666666666666,XAL,0,0,0,0,0,0,0,0,0,0,0,0,0,0,0,0
16,15,1,0,1,0,0,0,0,0,0,0,0,123,base,371,355,42,4.3126684636118595,93.75,0.0,0.0,0.0,11.830985915492958,XAL,0,0,0,0,0,0,0,0,0,0,0,0,0,0,0,0
16,13,3,0,3,1,0,1,0,1,0,0,0,123,B,371,355,42,4.3126684636118595,81.25,33.333333333333336,0.0,0.0,11.830985915492958,XAL,0,1,0,0,1,0,1,0,0,1,0,0,0,0,0,0
28,26,2,0,2,2,0,2,0,0,0,0,0,124,base,371,343,39,7.547169811320755,92.85714285714286,100.0,0.0,0.0,11.370262390670554,XAL,0,1,0,0,1,0,0,0,0,0,0,0,0,0,0,0
28,26,2,0,2,2,0,2,0,0,0,0,0,124,B,371,343,39,7.547169811320755,92.85714285714286,100.0,0.0,0.0,11.370262390670554,XAL,0,1,0,0,1,0,0,0,0,0,0,0,0,0,0,0
14,13,1,0,1,0,0,0,0,0,0,0,0,125,base,371,357,43,3.7735849056603774,92.85714285714286,0.0,0.0,0.0,12.044817927170868,XAL,0,0,0,0,0,0,0,0,0,0,0,0,0,0,0,0
14,11,3,0,3,2,0,2,0,1,0,0,0,125,B,371,357,43,3.7735849056603774,78.57142857142857,66.66666666666667,0.0,0.0,12.044817927170868,XAL,0,2,0,0,2,0,1,0,0,1,0,0,0,0,0,0
22,20,2,0,2,0,0,0,0,0,0,0,0,126,base,371,349,40,5.929919137466308,90.9090909090909,0.0,0.0,0.0,11.461318051575931,XAL,0,0,0,0,0,0,0,0,0,0,0,0,0,0,0,0
22,17,5,0,5,3,0,2,0,0,0,0,0,126,B,371,349,40,5.929919137466308,77.27272727272727,60.0,0.0,0.0,11.461318051575931,XAL,0,1,0,0,1,0,0,0,0,0,0,0,0,0,0,0
19,18,1,0,1,1,0,1,0,1,0,0,0,127,base,371,352,40,5.121293800539084,94.73684210526316,100.0,0.0,0.0,11.363636363636363,XAL,0,1,0,0,1,0,1,0,0,1,0,0,0,0,0,0
19,18,1,0,1,1,0,1,0,1,0,0,0,127,B,371,352,40,5.121293800539084,94.73684210526316,100.0,0.0,0.0,11.363636363636363,XAL,0,1,0,0,1,0,1,0,0,1,0,0,0,0,0,0
18,18,0,0,0,0,0,0,0,0,0,0,0,128,base,371,353,40,4.8517520215633425,100.0,,0.0,,11.331444759206798,XAL,0,0,0,0,0,0,0,0,0,0,0,0,0,0,0,0
18,17,1,0,1,1,0,0,0,0,0,0,0,128,B,371,353,40,4.8517520215633425,94.44444444444444,100.0,0.0,0.0,11.331444759206798,XAL,0,0,0,0,0,0,0,0,0,0,0,0,0,0,0,0
14,14,0,0,0,0,0,0,0,0,0,0,0,129,base,371,357,42,3.7735849056603774,100.0,,0.0,,11.764705882352942,XAL,0,0,0,0,0,0,0,0,0,0,0,0,0,0,0,0
14,12,2,0,2,0,0,0,0,0,0,0,0,129,B,371,357,42,3.7735849056603774,85.71428571428571,0.0,0.0,0.0,11.764705882352942,XAL,0,0,0,0,0,0,0,0,0,0,0,0,0,0,0,0
14,13,1,0,1,0,0,0,0,0,0,0,0,130,base,371,357,42,3.7735849056603774,92.85714285714286,0.0,0.0,0.0,11.764705882352942,XAL,0,1,1,0,0,1,0,0,0,0,0,0,0,0,0,0
14,12,2,0,2,0,0,0,0,0,0,0,0,130,B,371,357,42,3.7735849056603774,85.71428571428571,0.0,0.0,0.0,11.764705882352942,XAL,0,1,1,0,0,1,0,0,0,0,0,0,0,0,0,0
24,23,1,0,1,1,0,1,0,1,0,0,0,131,base,371,347,40,6.46900269541779,95.83333333333333,100.0,0.0,0.0,11.527377521613833,XAL,0,1,0,0,1,0,1,0,0,1,0,0,0,0,0,0
24,18,6,1,5,4,1,3,0,1,0,0,0,131,B,371,347,40,6.46900269541779,75.0,80.0,0.0,0.0,11.527377521613833,XAL,0,3,0,0,3,0,1,0,0,1,0,0,0,0,0,0
16,16,0,0,0,0,0,0,0,0,0,0,0,132,base,371,355,41,4.3126684636118595,100.0,,0.0,,11.549295774647888,XAL,0,0,0,0,0,0,0,0,0,0,0,0,0,0,0,0
16,16,0,0,0,0,0,0,0,0,0,0,0,132,B,371,355,41,4.3126684636118595,100.0,,0.0,,11.549295774647888,XAL,0,0,0,0,0,0,0,0,0,0,0,0,0,0,0,0
12,12,0,0,0,0,0,0,0,0,0,0,0,133,base,371,359,42,3.234501347708895,100.0,,0.0,,11.699164345403899,XAL,0,0,0,0,0,0,0,0,0,0,0,0,0,0,0,0
12,10,2,0,2,1,0,1,0,0,0,0,0,133,B,371,359,42,3.234501347708895,83.33333333333333,50.0,0.0,0.0,11.699164345403899,XAL,0,1,0,0,1,0,0,0,0,0,0,0,0,0,0,0
15,15,0,0,0,0,0,0,0,0,0,0,0,134,base,371,356,41,4.0431266846361185,100.0,,0.0,,11.51685393258427,XAL,0,0,0,0,0,0,0,0,0,0,0,0,0,0,0,0
15,14,1,0,1,0,0,0,0,0,0,0,0,134,B,371,356,41,4.0431266846361185,93.33333333333333,0.0,0.0,0.0,11.51685393258427,XAL,0,0,0,0,0,0,0,0,0,0,0,0,0,0,0,0
22,21,1,0,1,1,0,1,0,1,0,0,0,135,base,371,349,39,5.929919137466308,95.45454545454545,100.0,0.0,0.0,11.174785100286533,XAL,0,1,0,0,1,0,1,0,0,1,0,0,0,0,0,0
22,20,2,0,2,1,0,1,0,0,0,0,0,135,B,371,349,39,5.929919137466308,90.9090909090909,50.0,0.0,0.0,11.174785100286533,XAL,0,1,0,0,1,0,0,0,0,0,0,0,0,0,0,0
23,23,0,0,0,0,0,0,0,0,0,0,0,136,base,371,348,36,6.199460916442049,100.0,,0.0,,10.344827586206897,XAL,0,0,0,0,0,0,0,0,0,0,0,0,0,0,0,0
23,21,2,0,2,1,0,1,0,1,0,0,0,136,B,371,348,36,6.199460916442049,91.30434782608695,50.0,0.0,0.0,10.344827586206897,XAL,0,1,0,0,1,0,1,0,0,1,0,0,0,0,0,0
18,17,1,0,1,1,0,0,0,0,0,0,0,137,base,371,353,40,4.8517520215633425,94.44444444444444,100.0,0.0,0.0,11.331444759206798,XAL,0,1,1,0,0,1,0,0,0,0,0,0,0,0,0,0
18,16,2,0,2,2,0,0,0,0,0,0,0,137,B,371,353,40,4.8517520215633425,88.88888888888889,100.0,0.0,0.0,11.331444759206798,XAL,0,1,1,0,0,1,0,0,0,0,0,0,0,0,0,0
19,16,3,0,3,0,0,0,0,0,0,0,0,138,base,371,352,43,5.121293800539084,84.21052631578948,0.0,0.0,0.0,12.215909090909092,XAL,0,0,0,0,0,0,0,0,0,0,0,0,0,0,0,0
19,15,4,0,4,0,0,0,0,0,0,0,0,138,B,371,352,43,5.121293800539084,78.94736842105263,0.0,0.0,0.0,12.215909090909092,XAL,0,0,0,0,0,0,0,0,0,0,0,0,0,0,0,0
23,21,2,0,2,2,0,0,0,0,0,0,0,139,base,371,348,41,6.199460916442049,91.30434782608695,100.0,0.0,0.0,11.781609195402298,XAL,0,0,0,0,0,0,0,0,0,0,0,0,0,0,0,0
23,17,6,1,5,3,0,1,0,1,0,0,0,139,B,371,348,41,6.199460916442049,73.91304347826087,60.0,0.0,0.0,11.781609195402298,XAL,0,1,0,0,1,0,1,0,0,1,0,0,0,0,0,0
20,19,1,0,1,1,0,1,0,1,0,0,0,140,base,371,351,41,5.390835579514825,95.0,100.0,0.0,0.0,11.68091168091168,XAL,0,1,0,0,1,0,1,0,0,1,0,0,0,0,0,0
20,16,4,0,4,3,0,2,0,0,0,0,0,140,B,371,351,41,5.390835579514825,80.0,75.0,0.0,0.0,11.68091168091168,XAL,0,2,0,0,2,0,0,0,0,0,0,0,0,0,0,0
10,10,0,0,0,0,0,0,0,0,0,0,0,141,base,371,361,43,2.6954177897574123,100.0,,0.0,,11.911357340720222,XAL,0,0,0,0,0,0,0,0,0,0,0,0,0,0,0,0
10,10,0,0,0,0,0,0,0,0,0,0,0,141,B,371,361,43,2.6954177897574123,100.0,,0.0,,11.911357340720222,XAL,0,0,0,0,0,0,0,0,0,0,0,0,0,0,0,0
