timestamp,estacion,original_ppb,predicho_ppb,base_ppb,perfil_ppb,umbral_ppb,alerta_limpia
2025-10-21 00:00:00,CUT,10.0,10.067016,11.833333,11.833333333333334,15.628312110900879,False
2025-10-21 01:00:00,CUT,13.0,9.610593,11.0,11.0,15.628312110900879,False
2025-10-21 02:00:00,CUT,16.0,10.706851,11.666667,11.666666666666666,15.628312110900879,False
2025-10-21 03:00:00,CUT,19.0,11.70473,12.785714,12.785714285714286,15.628312110900879,False
2025-10-21 04:00:00,CUT,19.0,11.531387,12.428572,12.428571428571429,15.628312110900879,False
2025-10-21 05:00:00,CUT,13.0,7.957487,8.857142,8.857142857142858,15.628312110900879,False
2025-10-21 06:00:00,CUT,9.0,4.7605014,6.357143,6.357142857142857,15.628312110900879,False
2025-10-21 07:00:00,CUT,9.0,5.721165,7.714286,7.714285714285714,15.628312110900879,False
2025-10-21 08:00:00,CUT,14.0,11.989009,14.071428,14.071428571428571,15.628312110900879,False
2025-10-21 09:00:00,CUT,17.0,18.917547,20.142857,20.142857142857142,15.628312110900879,False
2025-10-21 10:00:00,CUT,34.0,29.846117,28.571428,28.571428571428573,15.628312110900879,False
2025-10-21 11:00:00,CUT,46.0,50.834534,40.833332,40.833333333333336,15.628312110900879,False
2025-10-21 12:00:00,CUT,51.0,65.2556,47.0,47.0,15.628312110900879,False
2025-10-21 13:00:00,CUT,75.0,71.2411,52.636364,52.63636363636363,15.628312110900879,False
2025-10-21 14:00:00,CUT,66.0,72.252846,50.0,50.0,15.628312110900879,False
2025-10-21 15:00:00,CUT,44.0,66.27284,43.92857,43.92857142857143,15.628312110900879,True
2025-10-21 16:00:00,CUT,28.0,45.8256,36.214287,36.214285714285715,15.628312110900879,True
2025-10-21 17:00:00,CUT,20.0,28.529,26.642857,26.642857142857142,15.628312110900879,False
2025-10-21 18:00:00,CUT,13.0,13.51788,17.357143,17.357142857142858,15.628312110900879,False
2025-10-21 19:00:00,CUT,9.0,9.752605,12.857142,12.857142857142858,15.628312110900879,False
2025-10-21 20:00:00,CUT,8.0,8.062343,8.142858,8.142857142857142,15.628312110900879,False
2025-10-21 21:00:00,CUT,6.0,10.237861,8.928572,8.928571428571429,15.628312110900879,False
2025-10-21 22:00:00,CUT,4.0,12.816347,11.142858,11.142857142857142,15.628312110900879,False
2025-10-21 23:00:00,CUT,6.0,15.350156,13.0,13.0,15.628312110900879,False
2025-10-22 00:00:00,CUT,17.0,14.994367,11.5,11.5,15.628312110900879,False
2025-10-22 01:00:00,CUT,10.0,15.436966,10.916667,10.916666666666666,15.628312110900879,False
2025-10-22 02:00:00,CUT,16.0,16.826136,11.916667,11.916666666666666,15.628312110900879,False
2025-10-22 03:00:00,CUT,13.0,17.549707,13.071428,13.071428571428571,15.628312110900879,False
2025-10-22 04:00:00,CUT,5.0,16.487621,12.857142,12.857142857142858,15.628312110900879,False
2025-10-22 05:00:00,CUT,2.0,11.702958,9.5,9.5,15.628312110900879,False
2025-10-22 06:00:00,CUT,2.0,6.518624,6.785714,6.785714285714286,15.628312110900879,False
2025-10-22 07:00:00,CUT,3.0,6.0266724,7.928571,7.928571428571429,15.628312110900879,False
2025-10-22 08:00:00,CUT,14.0,11.630917,14.071428,14.071428571428571,15.628312110900879,False
2025-10-22 09:00:00,CUT,20.0,17.894884,19.714285,19.714285714285715,15.628312110900879,False
2025-10-22 10:00:00,CUT,25.0,27.9659,28.714285,28.714285714285715,15.628312110900879,False
2025-10-22 11:00:00,CUT,29.0,41.26272,41.166668,41.166666666666664,15.628312110900879,False
2025-10-22 12:00:00,CUT,27.0,43.41207,47.416668,47.416666666666664,15.628312110900879,True
2025-10-22 13:00:00,CUT,31.0,44.15511,55.81818,55.81818181818182,15.628312110900879,False
2025-10-22 14:00:00,CUT,31.0,36.673977,52.46154,52.46153846153846,15.628312110900879,False
2025-10-22 15:00:00,CUT,28.0,29.193,44.57143,44.57142857142857,15.628312110900879,False
2025-10-22 16:00:00,CUT,26.0,24.176327,36.0,36.0,15.628312110900879,False
2025-10-22 17:00:00,CUT,21.0,19.693903,26.428572,26.428571428571427,15.628312110900879,False
2025-10-22 18:00:00,CUT,12.0,13.38656,17.0,17.0,15.628312110900879,False
2025-10-22 19:00:00,CUT,8.0,9.584049,12.571428,12.571428571428571,15.628312110900879,False
2025-10-22 20:00:00,CUT,7.0,5.3059807,8.0,8.0,15.628312110900879,False
2025-10-22 21:00:00,CUT,5.0,6.4305897,8.571428,8.571428571428571,15.628312110900879,False
2025-10-22 22:00:00,CUT,7.0,9.108654,10.857142,10.857142857142858,15.628312110900879,False
2025-10-22 23:00:00,CUT,7.0,11.111223,12.615385,12.615384615384615,15.628312110900879,False
2025-10-23 00:00:00,CUT,5.0,10.503073,12.083333,12.083333333333334,15.628312110900879,False
2025-10-23 01:00:00,CUT,8.0,9.036257,10.583333,10.583333333333334,15.628312110900879,False
2025-10-23 02:00:00,CUT,9.0,10.399754,11.75,11.75,15.628312110900879,False
2025-10-23 03:00:00,CUT,8.0,11.847523,12.714286,12.714285714285714,15.628312110900879,False
2025-10-23 04:00:00,CUT,7.0,10.816187,11.714286,11.714285714285714,15.628312110900879,False
2025-10-23 05:00:00,CUT,5.0,6.6587853,8.142858,8.142857142857142,15.628312110900879,False
2025-10-23 06:00:00,CUT,2.0,3.2595096,5.642857,5.642857142857143,15.628312110900879,False
2025-10-23 07:00:00,CUT,4.0,3.5556734,7.214286,7.214285714285714,15.628312110900879,False
2025-10-23 08:00:00,CUT,7.0,8.860758,13.714286,13.714285714285714,15.628312110900879,False
2025-10-23 09:00:00,CUT,21.0,14.182232,19.642857,19.642857142857142,15.628312110900879,False
2025-10-23 10:00:00,CUT,27.0,23.103386,29.071428,29.071428571428573,15.628312110900879,False
2025-10-23 11:00:00,CUT,34.0,35.368237,40.23077,40.23076923076923,15.628312110900879,False
2025-10-23 12:00:00,CUT,50.0,46.14288,45.846153,45.84615384615385,15.628312110900879,False
2025-10-23 13:00:00,CUT,56.0,57.803555,53.75,53.75,15.628312110900879,False
2025-10-23 14:00:00,CUT,56.0,53.999645,50.92857,50.92857142857143,15.628312110900879,False
2025-10-23 15:00:00,CUT,58.0,48.732487,45.785713,45.785714285714285,15.628312110900879,False
2025-10-23 16:00:00,CUT,59.0,41.057243,36.92857,36.92857142857143,15.628312110900879,True
2025-10-23 17:00:00,CUT,46.0,36.389683,26.928572,26.928571428571427,15.628312110900879,False
2025-10-23 18:00:00,CUT,19.0,30.336523,16.857143,16.857142857142858,15.628312110900879,False
2025-10-23 19:00:00,CUT,5.0,22.833736,12.357142,12.357142857142858,15.628312110900879,True
2025-10-23 20:00:00,CUT,2.0,14.706465,7.928571,7.928571428571429,15.628312110900879,False
2025-10-23 21:00:00,CUT,5.0,12.378803,8.285714,8.285714285714286,15.628312110900879,False
2025-10-23 22:00:00,CUT,8.0,13.217324,10.642858,10.642857142857142,15.628312110900879,False
2025-10-23 23:00:00,CUT,10.0,13.434203,12.153846,12.153846153846153,15.628312110900879,False
2025-10-24 00:00:00,CUT,12.0,12.585424,12.166667,12.166666666666666,15.628312110900879,False
2025-10-24 01:00:00,CUT,12.0,11.314049,10.833333,10.833333333333334,15.628312110900879,False
2025-10-24 02:00:00,CUT,12.0,12.678668,12.166667,12.166666666666666,15.628312110900879,False
2025-10-24 03:00:00,CUT,14.0,13.4895525,13.071428,13.071428571428571,15.628312110900879,False
2025-10-24 04:00:00,CUT,13.0,11.812944,12.0,12.0,15.628312110900879,False
2025-10-24 05:00:00,CUT,9.0,7.6580706,8.357142,8.357142857142858,15.628312110900879,False
2025-10-24 06:00:00,CUT,3.0,4.338829,5.642857,5.642857142857143,15.628312110900879,False
2025-10-24 07:00:00,CUT,3.0,5.476023,7.285714,7.285714285714286,15.628312110900879,False
2025-10-24 08:00:00,CUT,6.0,11.875879,14.0,14.0,15.628312110900879,False
2025-10-24 09:00:00,CUT,7.0,18.96085,20.857143,20.857142857142858,15.628312110900879,False
2025-10-24 10:00:00,CUT,19.0,30.63401,30.214285,30.214285714285715,15.628312110900879,False
2025-10-24 11:00:00,CUT,45.0,50.73587,41.384617,41.38461538461539,15.628312110900879,False
2025-10-24 12:00:00,CUT,58.0,66.464264,48.307693,48.30769230769231,15.628312110900879,False
2025-10-24 13:00:00,CUT,67.0,72.92785,53.923077,53.92307692307692,15.628312110900879,False
2025-10-24 14:00:00,CUT,71.0,73.43676,53.857143,53.857142857142854,15.628312110900879,False
2025-10-24 15:00:00,CUT,84.0,70.91408,49.07143,49.07142857142857,15.628312110900879,False
2025-10-24 16:00:00,CUT,84.0,63.235023,40.42857,40.42857142857143,15.628312110900879,True
2025-10-24 17:00:00,CUT,77.0,55.736534,29.714285,29.714285714285715,15.628312110900879,True
2025-10-24 18:00:00,CUT,51.0,44.17888,17.928572,17.928571428571427,15.628312110900879,False
2025-10-24 19:00:00,CUT,14.0,35.15528,12.571428,12.571428571428571,15.628312110900879,True
2025-10-24 20:00:00,CUT,9.0,26.864098,7.928571,7.928571428571429,15.628312110900879,True
2025-10-24 21:00:00,CUT,9.0,22.841854,8.5,8.5,15.628312110900879,False
2025-10-24 22:00:00,CUT,21.0,24.332497,11.0,11.0,15.628312110900879,False
2025-10-24 23:00:00,CUT,24.0,24.643219,12.769231,12.76923076923077,15.628312110900879,False
2025-10-25 00:00:00,CUT,24.0,22.990376,13.0,13.0,15.628312110900879,False
2025-10-25 01:00:00,CUT,23.0,19.030382,11.5,11.5,15.628312110900879,False
2025-10-25 02:00:00,CUT,24.0,18.873446,12.666667,12.666666666666666,15.628312110900879,False
2025-10-25 03:00:00,CUT,23.0,18.22858,13.571428,13.571428571428571,15.628312110900879,False
2025-10-25 04:00:00,CUT,22.0,17.089678,12.5,12.5,15.628312110900879,False
2025-10-25 05:00:00,CUT,18.0,13.166994,8.857142,8.857142857142858,15.628312110900879,False
2025-10-25 06:00:00,CUT,10.0,8.208856,5.714286,5.714285714285714,15.628312110900879,False
2025-10-25 07:00:00,CUT,6.0,8.591234,7.285714,7.285714285714286,15.628312110900879,False
2025-10-25 08:00:00,CUT,4.0,14.449788,14.0,14.0,15.628312110900879,False
2025-10-25 09:00:00,CUT,9.0,21.359018,20.714285,20.714285714285715,15.628312110900879,False
2025-10-25 10:00:00,CUT,31.0,36.25608,30.714285,30.714285714285715,15.628312110900879,False
2025-10-25 11:00:00,CUT,56.0,61.31235,43.46154,43.46153846153846,15.628312110900879,False
2025-10-25 12:00:00,CUT,67.0,75.31896,50.76923,50.76923076923077,15.628312110900879,False
2025-10-25 13:00:00,CUT,76.0,82.18106,57.76923,57.76923076923077,15.628312110900879,False
2025-10-25 14:00:00,CUT,89.0,86.29152,57.57143,57.57142857142857,15.628312110900879,False
2025-10-25 15:00:00,CUT,88.0,82.29534,53.357143,53.357142857142854,15.628312110900879,False
2025-10-25 16:00:00,CUT,77.0,74.62601,45.285713,45.285714285714285,15.628312110900879,False
2025-10-25 17:00:00,CUT,63.0,63.72875,34.642857,34.642857142857146,15.628312110900879,False
2025-10-25 18:00:00,CUT,28.0,45.9739,21.428572,21.428571428571427,15.628312110900879,True
2025-10-25 19:00:00,CUT,17.0,31.58812,13.285714,13.285714285714286,15.628312110900879,False
2025-10-25 20:00:00,CUT,20.0,24.27182,8.428572,8.428571428571429,15.628312110900879,False
2025-10-25 21:00:00,CUT,12.0,21.435848,9.0,9.0,15.628312110900879,False
2025-10-25 22:00:00,CUT,17.0,22.146456,12.357142,12.357142857142858,15.628312110900879,False
2025-10-25 23:00:00,CUT,23.0,23.18467,14.384615,14.384615384615385,15.628312110900879,False
2025-10-26 03:00:00,CUT,27.0,26.93212,14.5,14.5,15.628312110900879,False
2025-10-26 04:00:00,CUT,27.0,17.060793,13.285714,13.285714285714286,15.628312110900879,False
2025-10-26 05:00:00,CUT,21.0,10.830333,9.428572,9.428571428571429,15.628312110900879,False
2025-10-26 06:00:00,CUT,17.0,4.5216064,5.785714,5.785714285714286,15.628312110900879,False
2025-10-26 07:00:00,CUT,17.0,3.3080156,7.214286,7.214285714285714,15.628312110900879,False
2025-10-26 08:00:00,CUT,23.0,7.6697316,13.571428,13.571428571428571,15.628312110900879,False
2025-10-26 09:00:00,CUT,17.0,13.645512,20.357143,20.357142857142858,15.628312110900879,False
2025-10-26 10:00:00,CUT,34.0,30.945723,31.571428,31.571428571428573,15.628312110900879,False
2025-10-26 11:00:00,CUT,57.0,57.512184,45.846153,45.84615384615385,15.628312110900879,False
2025-10-26 12:00:00,CUT,60.0,68.71302,53.384617,53.38461538461539,15.628312110900879,False
2025-10-26 13:00:00,CUT,69.0,75.98393,59.07143,59.07142857142857,15.628312110900879,False
2025-10-26 14:00:00,CUT,81.0,83.971664,61.285713,61.285714285714285,15.628312110900879,False
2025-10-26 15:00:00,CUT,77.0,81.22119,57.0,57.0,15.628312110900879,False
2025-10-26 16:00:00,CUT,63.0,76.80939,49.07143,49.07142857142857,15.628312110900879,False
2025-10-26 17:00:00,CUT,52.0,65.27277,37.714287,37.714285714285715,15.628312110900879,False
2025-10-26 18:00:00,CUT,25.0,45.27536,22.642857,22.642857142857142,15.628312110900879,True
2025-10-26 19:00:00,CUT,12.0,31.932886,13.5,13.5,15.628312110900879,True
2025-10-26 20:00:00,CUT,9.0,24.706955,9.142858,9.142857142857142,15.628312110900879,True
2025-10-26 21:00:00,CUT,13.0,20.214603,8.571428,8.571428571428571,15.628312110900879,False
2025-10-26 22:00:00,CUT,14.0,19.604284,12.571428,12.571428571428571,15.628312110900879,False
2025-10-26 23:00:00,CUT,19.0,19.804768,15.461538,15.461538461538462,15.628312110900879,False
2025-10-27 00:00:00,CUT,20.0,19.113413,15.454545,15.454545454545455,15.628312110900879,False
2025-10-27 01:00:00,CUT,23.0,17.537937,13.727273,13.727272727272727,15.628312110900879,False
2025-10-27 02:00:00,CUT,26.0,19.140572,14.727273,14.727272727272727,15.628312110900879,False
2025-10-27 03:00:00,CUT,27.0,21.625357,16.214285,16.214285714285715,15.628312110900879,False
2025-10-27 04:00:00,CUT,26.0,19.673655,14.928572,14.928571428571429,15.628312110900879,False
2025-10-27 05:00:00,CUT,18.0,13.088159,10.5,10.5,15.628312110900879,False
2025-10-27 06:00:00,CUT,5.0,4.9450374,6.785714,6.785714285714286,15.628312110900879,False
2025-10-27 07:00:00,CUT,10.0,3.0138435,7.857143,7.857142857142857,15.628312110900879,False
2025-10-27 08:00:00,CUT,15.0,7.7936893,14.285714,14.285714285714286,15.628312110900879,False
2025-10-27 09:00:00,CUT,32.0,12.734364,19.928572,19.928571428571427,15.628312110900879,True
2025-10-27 10:00:00,CUT,37.0,24.415493,31.214285,31.214285714285715,15.628312110900879,False
2025-10-27 11:00:00,CUT,45.0,46.8587,46.384617,46.38461538461539,15.628312110900879,False
2025-10-27 12:00:00,CUT,55.0,59.74428,54.307693,54.30769230769231,15.628312110900879,False
2025-10-27 13:00:00,CUT,58.0,64.33454,60.0,60.0,15.628312110900879,False
2025-10-27 14:00:00,CUT,61.0,65.586334,63.285713,63.285714285714285,15.628312110900879,False
2025-10-27 15:00:00,CUT,57.0,62.03247,59.142857,59.142857142857146,15.628312110900879,False
2025-10-27 16:00:00,CUT,47.0,51.141727,50.214287,50.214285714285715,15.628312110900879,False
2025-10-27 17:00:00,CUT,32.0,38.45182,38.714287,38.714285714285715,15.628312110900879,False
2025-10-27 18:00:00,CUT,15.0,23.635523,23.571428,23.571428571428573,15.628312110900879,False
2025-10-27 19:00:00,CUT,9.0,13.73028,13.642858,13.642857142857142,15.628312110900879,False
2025-10-27 20:00:00,CUT,3.0,9.564991,9.571428,9.571428571428571,15.628312110900879,False
2025-10-27 21:00:00,CUT,2.0,9.991342,9.357142,9.357142857142858,15.628312110900879,False
2025-10-27 22:00:00,CUT,8.0,12.839408,13.142858,13.142857142857142,15.628312110900879,False
2025-10-27 23:00:00,CUT,12.0,15.908119,16.307692,16.307692307692307,15.628312110900879,False
2025-10-28 00:00:00,CUT,17.0,16.259476,16.272728,16.272727272727273,15.628312110900879,False
2025-10-28 01:00:00,CUT,20.0,15.908851,14.909091,14.909090909090908,15.628312110900879,False
2025-10-28 02:00:00,CUT,21.0,18.027046,16.09091,16.09090909090909,15.628312110900879,False
2025-10-28 03:00:00,CUT,23.0,20.058733,17.357143,17.357142857142858,15.628312110900879,False
2025-10-28 04:00:00,CUT,23.0,19.05467,16.0,16.0,15.628312110900879,False
2025-10-28 05:00:00,CUT,18.0,14.597019,11.285714,11.285714285714286,15.628312110900879,False
2025-10-28 06:00:00,CUT,9.0,9.770454,7.0,7.0,15.628312110900879,False
2025-10-28 07:00:00,CUT,5.0,10.602571,8.285714,8.285714285714286,15.628312110900879,False
2025-10-28 08:00:00,CUT,10.0,17.31502,15.142858,15.142857142857142,15.628312110900879,False
2025-10-28 09:00:00,CUT,23.0,24.002892,21.714285,21.714285714285715,15.628312110900879,False
2025-10-28 10:00:00,CUT,25.0,37.593563,32.5,32.5,15.628312110900879,False
2025-10-28 11:00:00,CUT,45.0,61.773743,47.384617,47.38461538461539,15.628312110900879,True
2025-10-28 12:00:00,CUT,54.0,79.750015,55.153847,55.15384615384615,15.628312110900879,True
2025-10-28 13:00:00,CUT,75.0,88.20809,60.5,60.5,15.628312110900879,False
2025-10-28 14:00:00,CUT,70.0,91.94072,64.57143,64.57142857142857,15.628312110900879,True
2025-10-28 15:00:00,CUT,56.0,87.832405,60.42857,60.42857142857143,15.628312110900879,True
2025-10-28 16:00:00,CUT,55.0,73.577515,51.07143,51.07142857142857,15.628312110900879,True
2025-10-28 17:00:00,CUT,35.0,57.443657,39.5,39.5,15.628312110900879,True
2025-10-28 18:00:00,CUT,13.0,34.647926,23.928572,23.928571428571427,15.628312110900879,True
2025-10-28 19:00:00,CUT,9.0,14.508404,13.5,13.5,15.628312110900879,False
2025-10-28 20:00:00,CUT,5.0,9.277818,9.357142,9.357142857142858,15.628312110900879,False
2025-10-28 21:00:00,CUT,3.0,11.859561,9.071428,9.071428571428571,15.628312110900879,False
2025-10-28 22:00:00,CUT,3.0,15.309043,13.357142,13.357142857142858,15.628312110900879,False
2025-10-28 23:00:00,CUT,10.0,17.497581,16.0,16.0,15.628312110900879,False
2025-10-29 00:00:00,CUT,20.0,18.152317,16.333334,16.333333333333332,15.628312110900879,False
2025-10-29 01:00:00,CUT,24.0,17.795744,15.333333,15.333333333333334,15.628312110900879,False
2025-10-29 02:00:00,CUT,27.0,20.932291,16.5,16.5,15.628312110900879,False
2025-10-29 03:00:00,CUT,25.0,23.204613,17.857143,17.857142857142858,15.628312110900879,False
2025-10-29 04:00:00,CUT,12.0,23.143293,16.428572,16.428571428571427,15.628312110900879,False
2025-10-29 05:00:00,CUT,17.0,18.386557,11.642858,11.642857142857142,15.628312110900879,False
2025-10-29 06:00:00,CUT,7.0,12.974385,7.142857,7.142857142857143,15.628312110900879,False
2025-10-29 07:00:00,CUT,11.0,11.806989,7.928571,7.928571428571429,15.628312110900879,False
2025-10-29 08:00:00,CUT,31.0,18.535107,14.5,14.5,15.628312110900879,False
2025-10-29 09:00:00,CUT,40.0,33.436047,21.357143,21.357142857142858,15.628312110900879,False
2025-10-29 10:00:00,CUT,44.0,52.118923,32.142857,32.142857142857146,15.628312110900879,False
2025-10-29 11:00:00,CUT,46.0,67.398254,47.214287,47.214285714285715,15.628312110900879,True
2025-10-29 12:00:00,CUT,45.0,71.413,55.07143,55.07142857142857,15.628312110900879,True
2025-10-29 13:00:00,CUT,43.0,74.70501,62.0,62.0,15.628312110900879,True
2025-10-29 14:00:00,CUT,41.0,74.59108,65.64286,65.64285714285714,15.628312110900879,True
2025-10-29 15:00:00,CUT,43.0,67.00844,60.857143,60.857142857142854,15.628312110900879,True
2025-10-29 16:00:00,CUT,36.0,56.7201,51.92857,51.92857142857143,15.628312110900879,True
2025-10-29 17:00:00,CUT,25.0,42.50226,39.57143,39.57142857142857,15.628312110900879,True
2025-10-29 18:00:00,CUT,16.0,22.476011,23.428572,23.428571428571427,15.628312110900879,False
2025-10-29 19:00:00,CUT,12.0,10.753413,12.642858,12.642857142857142,15.628312110900879,False
2025-10-29 20:00:00,CUT,10.0,7.3080273,8.428572,8.428571428571429,15.628312110900879,False
2025-10-29 21:00:00,CUT,9.0,7.444046,8.214286,8.214285714285714,15.628312110900879,False
2025-10-29 22:00:00,CUT,8.0,10.592135,12.285714,12.285714285714286,15.628312110900879,False
2025-10-29 23:00:00,CUT,13.0,12.662405,15.071428,15.071428571428571,15.628312110900879,False
2025-10-30 00:00:00,CUT,15.0,13.81852,16.25,16.25,15.628312110900879,False
2025-10-30 01:00:00,CUT,10.0,13.210081,15.583333,15.583333333333334,15.628312110900879,False
2025-10-30 02:00:00,CUT,8.0,14.676268,17.0,17.0,15.628312110900879,False
2025-10-30 03:00:00,CUT,6.0,15.939505,18.214285,18.214285714285715,15.628312110900879,False
2025-10-30 04:00:00,CUT,5.0,13.846729,16.0,16.0,15.628312110900879,False
2025-10-30 05:00:00,CUT,2.0,9.67521,11.857142,11.857142857142858,15.628312110900879,False
2025-10-30 06:00:00,CUT,2.0,4.969764,7.285714,7.285714285714286,15.628312110900879,False
2025-10-30 07:00:00,CUT,3.0,5.678007,8.214286,8.214285714285714,15.628312110900879,False
2025-10-30 08:00:00,CUT,4.0,12.198531,14.928572,14.928571428571429,15.628312110900879,False
2025-10-30 09:00:00,CUT,8.0,20.603916,22.357143,22.357142857142858,15.628312110900879,False
2025-10-30 10:00:00,CUT,20.0,30.748346,32.642857,32.642857142857146,15.628312110900879,False
2025-10-30 11:00:00,CUT,45.0,48.12836,47.07143,47.07142857142857,15.628312110900879,False
2025-10-30 12:00:00,CUT,70.0,71.547714,54.714287,54.714285714285715,15.628312110900879,False
2025-10-30 13:00:00,CUT,75.0,84.34155,61.5,61.5,15.628312110900879,False
2025-10-30 14:00:00,CUT,74.0,91.13554,65.07143,65.07142857142857,15.628312110900879,True
2025-10-30 15:00:00,CUT,69.0,94.54358,60.42857,60.42857142857143,15.628312110900879,True
2025-10-30 16:00:00,CUT,83.0,84.66495,51.57143,51.57142857142857,15.628312110900879,False
2025-10-30 17:00:00,CUT,63.0,71.41018,39.42857,39.42857142857143,15.628312110900879,False
2025-10-30 18:00:00,CUT,29.0,51.662613,22.785715,22.785714285714285,15.628312110900879,True
2025-10-30 19:00:00,CUT,13.0,30.258198,12.285714,12.285714285714286,15.628312110900879,True
2025-10-30 20:00:00,CUT,9.0,16.622704,8.571428,8.571428571428571,15.628312110900879,False
2025-10-30 21:00:00,CUT,4.0,12.095502,8.142858,8.142857142857142,15.628312110900879,False
2025-10-30 22:00:00,CUT,10.0,16.74857,12.142858,12.142857142857142,15.628312110900879,False
2025-10-30 23:00:00,CUT,17.0,20.21198,15.0,15.0,15.628312110900879,False
2025-10-31 00:00:00,CUT,18.0,21.303383,16.333334,16.333333333333332,15.628312110900879,False
2025-10-31 01:00:00,CUT,19.0,19.769773,15.5,15.5,15.628312110900879,False
2025-10-31 02:00:00,CUT,21.0,21.65041,16.75,16.75,15.628312110900879,False
2025-10-31 03:00:00,CUT,21.0,22.534899,17.571428,17.571428571428573,15.628312110900879,False
2025-10-31 04:00:00,CUT,20.0,19.218643,15.428572,15.428571428571429,15.628312110900879,False
2025-10-31 05:00:00,CUT,15.0,13.929493,11.571428,11.571428571428571,15.628312110900879,False
2025-10-31 06:00:00,CUT,7.0,7.507646,7.285714,7.285714285714286,15.628312110900879,False
2025-10-31 07:00:00,CUT,6.0,7.1991906,8.214286,8.214285714285714,15.628312110900879,False
2025-10-31 08:00:00,CUT,10.0,13.200363,14.857142,14.857142857142858,15.628312110900879,False
2025-10-31 09:00:00,CUT,6.0,21.284807,22.357143,22.357142857142858,15.628312110900879,False
2025-10-31 10:00:00,CUT,17.0,35.43615,32.642857,32.642857142857146,15.628312110900879,True
2025-10-31 11:00:00,CUT,45.0,61.18977,46.857143,46.857142857142854,15.628312110900879,True
2025-10-31 12:00:00,CUT,59.0,75.86696,54.642857,54.642857142857146,15.628312110900879,True
2025-10-31 13:00:00,CUT,70.0,79.53607,61.357143,61.357142857142854,15.628312110900879,False
2025-10-31 14:00:00,CUT,70.0,80.2869,64.64286,64.64285714285714,15.628312110900879,False
2025-10-31 15:00:00,CUT,77.0,80.64037,60.214287,60.214285714285715,15.628312110900879,False
2025-10-31 16:00:00,CUT,70.0,73.508026,52.785713,52.785714285714285,15.628312110900879,False
2025-10-31 17:00:00,CUT,56.0,58.025635,39.142857,39.142857142857146,15.628312110900879,False
2025-10-31 18:00:00,CUT,30.0,31.35021,21.357143,21.357142857142858,15.628312110900879,False
2025-10-31 19:00:00,CUT,9.0,8.023088,11.928572,11.928571428571429,15.628312110900879,False
2025-10-31 20:00:00,CUT,5.0,0.080225945,8.571428,8.571428571428571,15.628312110900879,False
2025-10-31 21:00:00,CUT,5.0,-1.5907073,7.928571,7.928571428571429,15.628312110900879,False
2025-10-31 22:00:00,CUT,14.0,3.7026625,12.071428,12.071428571428571,15.628312110900879,False
2025-10-31 23:00:00,CUT,20.0,7.025603,14.857142,14.857142857142858,15.628312110900879,False
2025-11-01 03:00:00,CUT,24.0,18.172916,18.928572,18.928571428571427,15.628312110900879,False
2025-11-01 04:00:00,CUT,21.0,14.549152,16.714285,16.714285714285715,15.628312110900879,False
2025-11-01 05:00:00,CUT,22.0,10.090899,12.357142,12.357142857142858,15.628312110900879,False
2025-11-01 06:00:00,CUT,6.0,4.8487406,7.571429,7.571428571428571,15.628312110900879,False
2025-11-01 07:00:00,CUT,3.0,5.6287546,8.214286,8.214285714285714,15.628312110900879,False
2025-11-01 08:00:00,CUT,4.0,12.505154,14.642858,14.642857142857142,15.628312110900879,False
2025-11-01 09:00:00,CUT,8.0,20.592411,21.357143,21.357142857142858,15.628312110900879,False
2025-11-01 10:00:00,CUT,21.0,34.56566,31.357143,31.357142857142858,15.628312110900879,False
2025-11-01 11:00:00,CUT,55.0,61.98134,45.92857,45.92857142857143,15.628312110900879,False
2025-11-01 12:00:00,CUT,69.0,77.48647,53.857143,53.857142857142854,15.628312110900879,False
2025-11-01 13:00:00,CUT,72.0,82.59831,61.42857,61.42857142857143,15.628312110900879,False
2025-11-01 14:00:00,CUT,79.0,82.19819,64.5,64.5,15.628312110900879,False
2025-11-01 15:00:00,CUT,67.0,78.14586,60.42857,60.42857142857143,15.628312110900879,False
2025-11-01 16:00:00,CUT,63.0,67.42713,53.142857,53.142857142857146,15.628312110900879,False
2025-11-01 17:00:00,CUT,61.0,53.94519,40.42857,40.42857142857143,15.628312110900879,False
2025-11-01 18:00:00,CUT,33.0,36.801815,21.928572,21.928571428571427,15.628312110900879,False
2025-11-01 19:00:00,CUT,20.0,18.22489,11.214286,11.214285714285714,15.628312110900879,False
2025-11-01 20:00:00,CUT,12.0,14.028641,8.142858,8.142857142857142,15.628312110900879,False
2025-11-01 21:00:00,CUT,8.0,9.589763,7.5,7.5,15.628312110900879,False
2025-11-01 22:00:00,CUT,17.0,11.226885,11.714286,11.714285714285714,15.628312110900879,False
2025-11-05 00:00:00,CUT,15.0,15.746803,16.444445,16.444444444444443,15.628312110900879,False
2025-11-05 01:00:00,CUT,15.0,15.681826,16.555555,16.555555555555557,15.628312110900879,False
2025-11-05 02:00:00,CUT,18.0,17.436954,18.222221,18.22222222222222,15.628312110900879,False
2025-11-05 03:00:00,CUT,16.0,18.119627,19.181818,19.181818181818183,15.628312110900879,False
2025-11-05 04:00:00,CUT,15.0,14.684374,16.454546,16.454545454545453,15.628312110900879,False
2025-11-05 05:00:00,CUT,14.0,10.304696,13.363636,13.363636363636363,15.628312110900879,False
2025-11-05 06:00:00,CUT,4.0,1.6080151,6.3636365,6.363636363636363,15.628312110900879,False
2025-11-05 07:00:00,CUT,3.0,0.8759489,6.4545455,6.454545454545454,15.628312110900879,False
2025-11-05 08:00:00,CUT,4.0,5.8829026,11.636364,11.636363636363637,15.628312110900879,False
2025-11-05 09:00:00,CUT,7.0,12.497051,17.363636,17.363636363636363,15.628312110900879,False
2025-11-05 10:00:00,CUT,20.0,24.158031,27.272728,27.272727272727273,15.628312110900879,False
2025-11-05 11:00:00,CUT,45.0,50.799286,45.636364,45.63636363636363,15.628312110900879,False
2025-11-05 12:00:00,CUT,58.0,71.45757,55.81818,55.81818181818182,15.628312110900879,False
2025-11-05 13:00:00,CUT,55.0,83.19116,62.909092,62.90909090909091,15.628312110900879,True
2025-11-05 14:00:00,CUT,62.0,78.78351,65.72727,65.72727272727273,15.628312110900879,True
2025-11-05 15:00:00,CUT,65.0,76.09799,64.0,64.0,15.628312110900879,False
2025-11-05 16:00:00,CUT,62.0,73.152466,60.272728,60.27272727272727,15.628312110900879,False
2025-11-05 17:00:00,CUT,50.0,57.269474,48.272728,48.27272727272727,15.628312110900879,False
2025-11-05 18:00:00,CUT,19.0,19.187803,24.636364,24.636363636363637,15.628312110900879,False
2025-11-05 19:00:00,CUT,12.0,-0.13299465,11.636364,11.636363636363637,15.628312110900879,False
2025-11-05 20:00:00,CUT,9.0,-0.89460754,8.272727,8.272727272727273,15.628312110900879,False
2025-11-05 21:00:00,CUT,14.0,0.2227025,6.818182,6.818181818181818,15.628312110900879,False
2025-11-05 22:00:00,CUT,17.0,7.0393143,11.545455,11.545454545454545,15.628312110900879,False
2025-11-05 23:00:00,CUT,15.0,11.830294,15.5,15.5,15.628312110900879,False
2025-11-06 00:00:00,CUT,18.0,13.758362,16.222221,16.22222222222222,15.628312110900879,False
2025-11-06 01:00:00,CUT,24.0,16.458458,17.11111,17.11111111111111,15.628312110900879,False
2025-11-06 02:00:00,CUT,26.0,19.885092,18.444445,18.444444444444443,15.628312110900879,False
2025-11-06 03:00:00,CUT,28.0,21.932379,19.454546,19.454545454545453,15.628312110900879,False
2025-11-06 04:00:00,CUT,26.0,20.527706,17.363636,17.363636363636363,15.628312110900879,False
2025-11-06 05:00:00,CUT,21.0,15.556183,14.454545,14.454545454545455,15.628312110900879,False
2025-11-06 06:00:00,CUT,5.0,5.25484,6.5454545,6.545454545454546,15.628312110900879,False
2025-11-06 07:00:00,CUT,8.0,3.516026,6.4545455,6.454545454545454,15.628312110900879,False
2025-11-06 08:00:00,CUT,7.0,7.231475,10.727273,10.727272727272727,15.628312110900879,False
2025-11-06 09:00:00,CUT,4.0,12.741453,16.181818,16.181818181818183,15.628312110900879,False
2025-11-06 10:00:00,CUT,13.0,23.262074,26.818182,26.818181818181817,15.628312110900879,False
2025-11-06 11:00:00,CUT,38.0,45.149223,47.090908,47.09090909090909,15.628312110900879,False
2025-11-06 12:00:00,CUT,64.0,63.238743,58.636364,58.63636363636363,15.628312110900879,False
2025-11-06 13:00:00,CUT,81.0,80.7281,65.09091,65.0909090909091,15.628312110900879,False
2025-11-06 14:00:00,CUT,95.0,89.28672,68.545456,68.54545454545455,15.628312110900879,False
2025-11-06 15:00:00,CUT,99.0,92.56369,67.36364,67.36363636363636,15.628312110900879,False
2025-11-06 16:00:00,CUT,95.0,92.9001,63.545456,63.54545454545455,15.628312110900879,False
2025-11-06 17:00:00,CUT,83.0,80.81944,50.909092,50.90909090909091,15.628312110900879,False
2025-11-06 18:00:00,CUT,42.0,42.221985,25.272728,25.272727272727273,15.628312110900879,False
2025-11-06 19:00:00,CUT,10.0,8.077453,12.0,12.0,15.628312110900879,False
2025-11-06 20:00:00,CUT,6.0,3.6424928,8.454545,8.454545454545455,15.628312110900879,False
2025-11-06 21:00:00,CUT,13.0,2.3738317,7.6363635,7.636363636363637,15.628312110900879,False
2025-11-06 22:00:00,CUT,28.0,12.269302,12.454545,12.454545454545455,15.628312110900879,True
2025-11-06 23:00:00,CUT,24.0,20.887909,16.3,16.3,15.628312110900879,False
2025-11-07 03:00:00,CUT,22.0,30.147984,21.272728,21.272727272727273,15.628312110900879,False
2025-11-07 04:00:00,CUT,24.0,21.292166,19.09091,19.09090909090909,15.628312110900879,False
2025-11-07 05:00:00,CUT,22.0,14.81774,15.909091,15.909090909090908,15.628312110900879,False
2025-11-07 06:00:00,CUT,5.0,3.6828194,6.818182,6.818181818181818,15.628312110900879,False
2025-11-07 07:00:00,CUT,2.0,2.1903596,6.818182,6.818181818181818,15.628312110900879,False
2025-11-07 08:00:00,CUT,2.0,5.691344,10.727273,10.727272727272727,15.628312110900879,False
2025-11-07 09:00:00,CUT,3.0,7.696237,14.636364,14.636363636363637,15.628312110900879,False
2025-11-07 10:00:00,CUT,15.0,17.020226,25.545454,25.545454545454547,15.628312110900879,False
2025-11-07 11:00:00,CUT,52.0,42.512608,47.454544,47.45454545454545,15.628312110900879,False
2025-11-07 12:00:00,CUT,73.0,63.550014,59.909092,59.90909090909091,15.628312110900879,False
2025-11-07 13:00:00,CUT,78.0,84.22551,67.36364,67.36363636363636,15.628312110900879,False
2025-11-07 14:00:00,CUT,83.0,99.847946,72.09091,72.0909090909091,15.628312110900879,True
2025-11-07 15:00:00,CUT,88.0,104.44771,71.09091,71.0909090909091,15.628312110900879,True
2025-11-07 16:00:00,CUT,83.0,103.54515,66.818184,66.81818181818181,15.628312110900879,True
2025-11-07 17:00:00,CUT,75.0,92.36484,54.272728,54.27272727272727,15.628312110900879,True
2025-11-07 18:00:00,CUT,34.0,64.02933,27.363636,27.363636363636363,15.628312110900879,True
2025-11-07 19:00:00,CUT,14.0,31.380745,12.454545,12.454545454545455,15.628312110900879,True
2025-11-07 20:00:00,CUT,9.0,21.802448,8.818182,8.818181818181818,15.628312110900879,False
2025-11-07 21:00:00,CUT,26.0,11.755761,8.363636,8.363636363636363,15.628312110900879,False
2025-11-07 22:00:00,CUT,22.0,19.196346,14.272727,14.272727272727273,15.628312110900879,False
2025-11-07 23:00:00,CUT,23.0,32.952415,17.7,17.7,15.628312110900879,False
2025-11-08 00:00:00,CUT,29.0,35.29275,18.375,18.375,15.628312110900879,False
2025-11-08 01:00:00,CUT,31.0,34.848328,19.75,19.75,15.628312110900879,False
2025-11-08 02:00:00,CUT,29.0,34.305553,21.375,21.375,15.628312110900879,False
2025-11-08 03:00:00,CUT,26.0,34.214737,22.0,22.0,15.628312110900879,False
2025-11-08 04:00:00,CUT,31.0,30.953934,20.09091,20.09090909090909,15.628312110900879,False
2025-11-08 05:00:00,CUT,29.0,25.78772,17.09091,17.09090909090909,15.628312110900879,False
2025-11-08 06:00:00,CUT,20.0,11.151417,7.0,7.0,15.628312110900879,False
2025-11-08 07:00:00,CUT,24.0,7.011974,6.7272725,6.7272727272727275,15.628312110900879,True
2025-11-08 08:00:00,CUT,15.0,8.072435,10.363636,10.363636363636363,15.628312110900879,False
2025-11-08 09:00:00,CUT,13.0,11.145248,14.272727,14.272727272727273,15.628312110900879,False
2025-11-08 10:00:00,CUT,30.0,24.281532,25.181818,25.181818181818183,15.628312110900879,False
2025-11-08 11:00:00,CUT,64.0,55.207794,48.090908,48.09090909090909,15.628312110900879,False
2025-11-08 12:00:00,CUT,68.0,79.75439,61.272728,61.27272727272727,15.628312110900879,False
2025-11-08 13:00:00,CUT,68.0,91.20628,68.36364,68.36363636363636,15.628312110900879,True
2025-11-08 14:00:00,CUT,83.0,97.396454,73.181816,73.18181818181819,15.628312110900879,False
2025-11-08 15:00:00,CUT,90.0,97.916695,71.454544,71.45454545454545,15.628312110900879,False
2025-11-08 16:00:00,CUT,88.0,96.47298,66.72727,66.72727272727273,15.628312110900879,False
2025-11-08 17:00:00,CUT,80.0,84.03433,54.090908,54.09090909090909,15.628312110900879,False
2025-11-08 18:00:00,CUT,21.0,50.97382,25.818182,25.818181818181817,15.628312110900879,True
2025-11-08 19:00:00,CUT,4.0,26.656895,12.454545,12.454545454545455,15.628312110900879,True
2025-11-08 20:00:00,CUT,7.0,16.141678,8.818182,8.818181818181818,15.628312110900879,False
2025-11-08 21:00:00,CUT,25.0,17.212337,9.909091,9.909090909090908,15.628312110900879,False
2025-11-08 22:00:00,CUT,28.0,25.95705,14.363636,14.363636363636363,15.628312110900879,False
2025-11-08 23:00:00,CUT,22.0,31.22689,17.6,17.6,15.628312110900879,False
2025-11-09 00:00:00,CUT,22.0,31.939487,19.0,19.0,15.628312110900879,False
2025-11-09 01:00:00,CUT,21.0,32.90487,20.75,20.75,15.628312110900879,False
2025-11-09 02:00:00,CUT,23.0,33.55007,22.0,22.0,15.628312110900879,False
2025-11-09 03:00:00,CUT,24.0,32.692337,22.272728,22.272727272727273,15.628312110900879,False
2025-11-09 04:00:00,CUT,28.0,29.587856,20.90909,20.90909090909091,15.628312110900879,False
2025-11-09 05:00:00,CUT,27.0,24.94307,18.09091,18.09090909090909,15.628312110900879,False
2025-11-09 06:00:00,CUT,23.0,10.562468,7.909091,7.909090909090909,15.628312110900879,False
2025-11-09 07:00:00,CUT,17.0,6.818674,8.363636,8.363636363636363,15.628312110900879,False
2025-11-09 08:00:00,CUT,13.0,8.013136,11.363636,11.363636363636363,15.628312110900879,False
2025-11-09 09:00:00,CUT,15.0,11.067688,14.636364,14.636363636363637,15.628312110900879,False
2025-11-09 10:00:00,CUT,36.0,21.646164,25.09091,25.09090909090909,15.628312110900879,False
2025-11-09 11:00:00,CUT,59.0,54.235355,48.81818,48.81818181818182,15.628312110900879,False
2025-11-09 12:00:00,CUT,74.0,81.83664,61.363636,61.36363636363637,15.628312110900879,False
2025-11-09 13:00:00,CUT,76.0,95.93381,67.63636,67.63636363636364,15.628312110900879,True
2025-11-09 14:00:00,CUT,65.0,98.14393,72.63636,72.63636363636364,15.628312110900879,True
2025-11-09 15:00:00,CUT,55.0,91.1151,71.63636,71.63636363636364,15.628312110900879,True
2025-11-09 16:00:00,CUT,48.0,83.98335,67.72727,67.72727272727273,15.628312110900879,True
2025-11-09 17:00:00,CUT,43.0,67.971146,55.636364,55.63636363636363,15.628312110900879,True
2025-11-09 18:00:00,CUT,39.0,35.619812,25.181818,25.181818181818183,15.628312110900879,False
2025-11-09 19:00:00,CUT,31.0,22.234848,11.272727,11.272727272727273,15.628312110900879,False
2025-11-09 20:00:00,CUT,24.0,18.800451,7.6363635,7.636363636363637,15.628312110900879,False
2025-11-09 21:00:00,CUT,22.0,21.263731,11.090909,11.090909090909092,15.628312110900879,False
2025-11-09 22:00:00,CUT,27.0,24.962864,15.363636,15.363636363636363,15.628312110900879,False
2025-11-09 23:00:00,CUT,30.0,27.293007,17.5,17.5,15.628312110900879,False
2025-11-10 00:00:00,CUT,29.0,29.115067,19.333334,19.333333333333332,15.628312110900879,False
2025-11-10 01:00:00,CUT,30.0,32.074776,20.777779,20.77777777777778,15.628312110900879,False
2025-11-10 02:00:00,CUT,28.0,34.77036,22.11111,22.11111111111111,15.628312110900879,False
2025-11-10 03:00:00,CUT,27.0,33.201942,22.0,22.0,15.628312110900879,False
2025-11-10 04:00:00,CUT,24.0,28.633333,21.0,21.0,15.628312110900879,False
2025-11-10 05:00:00,CUT,4.0,21.628157,18.636364,18.636363636363637,15.628312110900879,True
2025-11-10 06:00:00,CUT,4.0,7.8241124,8.454545,8.454545454545455,15.628312110900879,False
2025-11-10 07:00:00,CUT,12.0,5.4692698,8.363636,8.363636363636363,15.628312110900879,False
2025-11-10 08:00:00,CUT,15.0,5.979905,10.454545,10.454545454545455,15.628312110900879,False
2025-11-10 09:00:00,CUT,12.0,8.38118,14.454545,14.454545454545455,15.628312110900879,False
2025-11-10 10:00:00,CUT,14.0,15.616216,25.272728,25.272727272727273,15.628312110900879,False
2025-11-10 11:00:00,CUT,18.0,33.89028,49.0,49.0,15.628312110900879,True
2025-11-10 12:00:00,CUT,20.0,41.224434,62.636364,62.63636363636363,15.628312110900879,True
2025-11-10 13:00:00,CUT,18.0,41.848396,68.27273,68.27272727272727,15.628312110900879,True
2025-11-10 14:00:00,CUT,22.0,41.9633,71.181816,71.18181818181819,15.628312110900879,True
2025-11-10 15:00:00,CUT,22.0,40.03466,69.63636,69.63636363636364,15.628312110900879,True
2025-11-10 16:00:00,CUT,16.0,38.818077,66.36364,66.36363636363636,15.628312110900879,True
2025-11-10 17:00:00,CUT,10.0,30.730146,54.81818,54.81818181818182,15.628312110900879,True
2025-11-10 18:00:00,CUT,8.0,6.306534,26.454546,26.454545454545453,15.628312110900879,False
2025-11-10 19:00:00,CUT,13.0,-3.0066147,13.0,13.0,15.628312110900879,True
2025-11-10 20:00:00,CUT,14.0,-3.0491762,9.0,9.0,15.628312110900879,True
2025-11-10 21:00:00,CUT,9.0,2.8047,11.909091,11.909090909090908,15.628312110900879,False
2025-11-10 22:00:00,CUT,8.0,9.795313,16.545454,16.545454545454547,15.628312110900879,False
2025-11-10 23:00:00,CUT,10.0,13.506072,18.6,18.6,15.628312110900879,False
2025-11-11 00:00:00,CUT,12.0,16.505285,20.333334,20.333333333333332,15.628312110900879,False
2025-11-11 01:00:00,CUT,15.0,19.38976,21.555555,21.555555555555557,15.628312110900879,False
2025-11-11 02:00:00,CUT,17.0,21.82081,22.333334,22.333333333333332,15.628312110900879,False
2025-11-11 03:00:00,CUT,14.0,22.211521,22.0,22.0,15.628312110900879,False
2025-11-11 04:00:00,CUT,5.0,20.799173,20.818182,20.818181818181817,15.628312110900879,True
2025-11-11 05:00:00,CUT,0.0,15.630819,17.363636,17.363636363636363,15.628312110900879,True
2025-11-11 06:00:00,CUT,0.0,4.5479403,8.363636,8.363636363636363,15.628312110900879,False
2025-11-11 07:00:00,CUT,0.0,2.3502736,8.545455,8.545454545454545,15.628312110900879,False
2025-11-11 08:00:00,CUT,6.0,1.3453026,10.454545,10.454545454545455,15.628312110900879,False
2025-11-11 09:00:00,CUT,20.0,-0.33093643,12.636364,12.636363636363637,15.628312110900879,True
2025-11-11 10:00:00,CUT,19.0,2.1547127,23.181818,23.181818181818183,15.628312110900879,True
2025-11-11 11:00:00,CUT,33.0,16.747606,46.545456,46.54545454545455,15.628312110900879,True
2025-11-11 12:00:00,CUT,38.0,28.04024,59.454544,59.45454545454545,15.628312110900879,False
2025-11-11 13:00:00,CUT,49.0,35.63552,64.63636,64.63636363636364,15.628312110900879,False
2025-11-11 14:00:00,CUT,57.0,44.380775,67.63636,67.63636363636364,15.628312110900879,False
2025-11-11 15:00:00,CUT,59.0,48.622765,66.454544,66.45454545454545,15.628312110900879,False
2025-11-11 16:00:00,CUT,70.0,51.0329,63.545456,63.54545454545455,15.628312110900879,True
2025-11-11 17:00:00,CUT,57.0,42.988934,52.81818,52.81818181818182,15.628312110900879,False
2025-11-11 18:00:00,CUT,28.0,19.313873,25.818182,25.818181818181817,15.628312110900879,False
2025-11-11 19:00:00,CUT,14.0,6.054087,13.363636,13.363636363636363,15.628312110900879,False
2025-11-11 20:00:00,CUT,13.0,1.6057339,10.0,10.0,15.628312110900879,False
2025-11-11 21:00:00,CUT,11.0,4.8776455,12.545455,12.545454545454545,15.628312110900879,False
2025-11-11 22:00:00,CUT,16.0,9.347922,16.545454,16.545454545454547,15.628312110900879,False
2025-11-11 23:00:00,CUT,15.0,11.314423,18.4,18.4,15.628312110900879,False
2025-11-12 00:00:00,CUT,17.0,12.736807,19.777779,19.77777777777778,15.628312110900879,False
2025-11-12 01:00:00,CUT,15.0,14.338558,21.0,21.0,15.628312110900879,False
2025-11-12 02:00:00,CUT,15.0,15.915752,21.88889,21.88888888888889,15.628312110900879,False
2025-11-12 03:00:00,CUT,13.0,15.739944,21.181818,21.181818181818183,15.628312110900879,False
2025-11-12 04:00:00,CUT,3.0,14.495262,19.181818,19.181818181818183,15.628312110900879,False
2025-11-12 05:00:00,CUT,5.0,11.761632,15.727273,15.727272727272727,15.628312110900879,False
2025-11-12 06:00:00,CUT,1.0,3.9395378,7.5454545,7.545454545454546,15.628312110900879,False
2025-11-12 07:00:00,CUT,2.0,4.391882,8.090909,8.090909090909092,15.628312110900879,False
2025-11-12 08:00:00,CUT,3.0,6.088248,10.090909,10.090909090909092,15.628312110900879,False
2025-11-12 09:00:00,CUT,6.0,8.723599,12.363636,12.363636363636363,15.628312110900879,False
2025-11-12 10:00:00,CUT,25.0,20.430164,22.636364,22.636363636363637,15.628312110900879,False
2025-11-12 11:00:00,CUT,57.0,46.26028,45.454544,45.45454545454545,15.628312110900879,False
2025-11-12 12:00:00,CUT,74.0,66.664925,58.0,58.0,15.628312110900879,False
2025-11-12 13:00:00,CUT,85.0,74.30157,62.272728,62.27272727272727,15.628312110900879,False
2025-11-12 14:00:00,CUT,85.0,74.16757,66.454544,66.45454545454545,15.628312110900879,False
2025-11-12 15:00:00,CUT,76.0,74.32645,66.72727,66.72727272727273,15.628312110900879,False
2025-11-12 16:00:00,CUT,67.0,68.39667,64.90909,64.9090909090909,15.628312110900879,False
2025-11-12 17:00:00,CUT,38.0,50.650448,54.81818,54.81818181818182,15.628312110900879,False
2025-11-12 18:00:00,CUT,13.0,14.684948,27.181818,27.181818181818183,15.628312110900879,False
2025-11-12 19:00:00,CUT,9.0,1.1312418,13.818182,13.818181818181818,15.628312110900879,False
2025-11-12 20:00:00,CUT,3.0,1.4879894,10.727273,10.727272727272727,15.628312110900879,False
2025-11-12 21:00:00,CUT,15.0,7.2848973,13.272727,13.272727272727273,15.628312110900879,False
2025-11-12 22:00:00,CUT,17.0,13.877925,17.727272,17.727272727272727,15.628312110900879,False
2025-11-12 23:00:00,CUT,16.0,16.246449,18.9,18.9,15.628312110900879,False
2025-11-13 03:00:00,CUT,19.0,21.462162,20.09091,20.09090909090909,15.628312110900879,False
2025-11-13 04:00:00,CUT,19.0,16.946812,18.363636,18.363636363636363,15.628312110900879,False
2025-11-13 05:00:00,CUT,13.0,11.59264,14.636364,14.636363636363637,15.628312110900879,False
2025-11-13 06:00:00,CUT,3.0,2.2239022,7.0,7.0,15.628312110900879,False
2025-11-13 07:00:00,CUT,5.0,0.7842107,7.2727275,7.2727272727272725,15.628312110900879,False
2025-11-13 08:00:00,CUT,11.0,-0.7842202,7.5454545,7.545454545454546,15.628312110900879,False
2025-11-13 09:00:00,CUT,20.0,-1.8005791,9.272727,9.272727272727273,15.628312110900879,True
2025-11-13 10:00:00,CUT,33.0,4.69318,20.90909,20.90909090909091,15.628312110900879,True
2025-11-13 11:00:00,CUT,34.0,24.686567,46.454544,46.45454545454545,15.628312110900879,False
2025-11-13 16:00:00,CUT,55.0,71.176056,67.72727,67.72727272727273,15.628312110900879,True
2025-11-13 17:00:00,CUT,29.0,56.345306,56.0,56.0,15.628312110900879,True
2025-11-13 18:00:00,CUT,10.0,22.609285,26.90909,26.90909090909091,15.628312110900879,False
2025-11-13 19:00:00,CUT,5.0,8.395088,13.545455,13.545454545454545,15.628312110900879,False
2025-11-13 20:00:00,CUT,3.0,3.2760472,10.090909,10.090909090909092,15.628312110900879,False
2025-11-13 21:00:00,CUT,14.0,7.7565465,13.818182,13.818181818181818,15.628312110900879,False
2025-11-13 22:00:00,CUT,13.0,13.458073,18.545454,18.545454545454547,15.628312110900879,False
2025-11-13 23:00:00,CUT,15.0,15.393316,19.2,19.2,15.628312110900879,False
2025-11-14 00:00:00,CUT,15.0,17.694365,20.0,20.0,15.628312110900879,False
2025-11-14 01:00:00,CUT,18.0,19.635366,21.25,21.25,15.628312110900879,False
2025-11-14 02:00:00,CUT,19.0,20.41415,22.125,22.125,15.628312110900879,False
2025-11-14 03:00:00,CUT,21.0,19.325205,21.272728,21.272727272727273,15.628312110900879,False
2025-11-14 04:00:00,CUT,16.0,17.48883,19.636364,19.636363636363637,15.628312110900879,False
2025-11-14 05:00:00,CUT,9.0,13.331067,15.636364,15.636363636363637,15.628312110900879,False
2025-11-14 06:00:00,CUT,3.0,4.417881,7.090909,7.090909090909091,15.628312110900879,False
2025-11-14 07:00:00,CUT,4.0,4.346902,7.4545455,7.454545454545454,15.628312110900879,False
2025-11-14 08:00:00,CUT,10.0,4.6462913,8.181818,8.181818181818182,15.628312110900879,False
2025-11-14 09:00:00,CUT,13.0,6.3320727,10.363636,10.363636363636363,15.628312110900879,False
2025-11-14 10:00:00,CUT,17.0,17.381098,22.09091,22.09090909090909,15.628312110900879,False
2025-11-14 11:00:00,CUT,34.0,40.783424,45.454544,45.45454545454545,15.628312110900879,False
2025-11-14 12:00:00,CUT,47.0,55.590057,59.7,59.7,15.628312110900879,False
2025-11-14 13:00:00,CUT,54.0,60.84688,65.2,65.2,15.628312110900879,False
2025-11-14 14:00:00,CUT,61.0,59.45404,70.1,70.1,15.628312110900879,False
2025-11-14 15:00:00,CUT,50.0,54.139313,69.8,69.8,15.628312110900879,False
2025-11-14 16:00:00,CUT,59.0,48.126816,65.181816,65.18181818181819,15.628312110900879,False
2025-11-14 17:00:00,CUT,46.0,35.73889,52.909092,52.90909090909091,15.628312110900879,False
2025-11-14 18:00:00,CUT,23.0,11.149127,25.181818,25.181818181818183,15.628312110900879,False
2025-11-14 19:00:00,CUT,2.0,1.1814623,12.818182,12.818181818181818,15.628312110900879,False
2025-11-14 20:00:00,CUT,5.0,1.1647453,9.545455,9.545454545454545,15.628312110900879,False
2025-11-14 21:00:00,CUT,6.0,8.426764,14.727273,14.727272727272727,15.628312110900879,False
2025-11-14 22:00:00,CUT,8.0,13.366402,18.818182,18.818181818181817,15.628312110900879,False
2025-11-14 23:00:00,CUT,11.0,14.118231,19.0,19.0,15.628312110900879,False
2025-11-15 00:00:00,CUT,15.0,15.023306,19.625,19.625,15.628312110900879,False
2025-11-15 01:00:00,CUT,20.0,16.75387,21.125,21.125,15.628312110900879,False
2025-11-15 02:00:00,CUT,22.0,17.90167,21.875,21.875,15.628312110900879,False
2025-11-15 03:00:00,CUT,22.0,17.865849,21.272728,21.272727272727273,15.628312110900879,False
2025-11-15 04:00:00,CUT,21.0,16.233711,19.272728,19.272727272727273,15.628312110900879,False
2025-11-15 05:00:00,CUT,17.0,12.066301,15.090909,15.090909090909092,15.628312110900879,False
2025-11-15 06:00:00,CUT,9.0,3.4479337,6.7272725,6.7272727272727275,15.628312110900879,False
2025-11-15 07:00:00,CUT,8.0,3.709541,7.2727275,7.2727272727272725,15.628312110900879,False
2025-11-15 08:00:00,CUT,10.0,4.675886,8.181818,8.181818181818182,15.628312110900879,False
2025-11-15 09:00:00,CUT,4.0,7.8224316,11.0,11.0,15.628312110900879,False
2025-11-15 10:00:00,CUT,11.0,19.285688,22.09091,22.09090909090909,15.628312110900879,False
2025-11-15 11:00:00,CUT,29.0,43.279823,44.454544,44.45454545454545,15.628312110900879,False
2025-11-15 12:00:00,CUT,48.0,60.37921,58.5,58.5,15.628312110900879,False
2025-11-15 13:00:00,CUT,49.0,63.568474,63.6,63.6,15.628312110900879,False
2025-11-15 14:00:00,CUT,56.0,58.478516,69.2,69.2,15.628312110900879,False
2025-11-15 15:00:00,CUT,86.0,49.624,67.1,67.1,15.628312110900879,True
2025-11-15 17:00:00,CUT,38.0,42.464966,52.0,52.0,15.628312110900879,False
2025-11-15 18:00:00,CUT,14.0,10.288834,24.545454,24.545454545454547,15.628312110900879,False
2025-11-15 19:00:00,CUT,6.0,-0.2542343,12.181818,12.181818181818182,15.628312110900879,False
2025-11-15 20:00:00,CUT,7.0,0.8523464,9.545455,9.545454545454545,15.628312110900879,False
2025-11-15 21:00:00,CUT,18.0,10.134361,14.818182,14.818181818181818,15.628312110900879,False
2025-11-15 22:00:00,CUT,18.0,14.451476,18.272728,18.272727272727273,15.628312110900879,False
2025-11-15 23:00:00,CUT,19.0,15.634258,18.1,18.1,15.628312110900879,False
2025-11-16 00:00:00,CUT,22.0,17.563887,19.11111,19.11111111111111,15.628312110900879,False
2025-11-16 01:00:00,CUT,21.0,19.638208,21.0,21.0,15.628312110900879,False
2025-11-16 02:00:00,CUT,11.0,19.849918,21.88889,21.88888888888889,15.628312110900879,False
2025-11-16 03:00:00,CUT,14.0,19.036201,21.09091,21.09090909090909,15.628312110900879,False
2025-11-16 04:00:00,CUT,12.0,17.159288,19.272728,19.272727272727273,15.628312110900879,False
2025-11-16 05:00:00,CUT,5.0,12.3676195,14.636364,14.636363636363637,15.628312110900879,False
2025-11-16 06:00:00,CUT,2.0,4.5949693,7.0,7.0,15.628312110900879,False
2025-11-16 07:00:00,CUT,2.0,5.0399885,7.7272725,7.7272727272727275,15.628312110900879,False
2025-11-16 08:00:00,CUT,5.0,5.760065,8.727273,8.727272727272727,15.628312110900879,False
2025-11-16 09:00:00,CUT,8.0,8.621918,10.636364,10.636363636363637,15.628312110900879,False
2025-11-16 10:00:00,CUT,33.0,22.52091,21.181818,21.181818181818183,15.628312110900879,False
2025-11-16 11:00:00,CUT,69.0,47.246178,42.090908,42.09090909090909,15.628312110900879,True
2025-11-16 12:00:00,CUT,63.0,66.24232,56.4,56.4,15.628312110900879,False
2025-11-16 13:00:00,CUT,59.0,66.64269,61.3,61.3,15.628312110900879,False
2025-11-16 14:00:00,CUT,57.0,65.65171,66.9,66.9,15.628312110900879,False
2025-11-16 15:00:00,CUT,60.0,55.457817,69.0,69.0,15.628312110900879,False
2025-11-16 16:00:00,CUT,59.0,48.64065,64.3,64.3,15.628312110900879,False
2025-11-16 17:00:00,CUT,43.0,37.564484,49.909092,49.90909090909091,15.628312110900879,False
2025-11-16 18:00:00,CUT,16.0,16.382498,22.818182,22.818181818181817,15.628312110900879,False
2025-11-16 19:00:00,CUT,2.0,7.715538,10.909091,10.909090909090908,15.628312110900879,False
2025-11-16 20:00:00,CUT,2.0,6.946271,9.090909,9.090909090909092,15.628312110900879,False
2025-11-16 21:00:00,CUT,14.0,13.284737,15.727273,15.727272727272727,15.628312110900879,False
2025-11-16 22:00:00,CUT,16.0,14.657237,18.363636,18.363636363636363,15.628312110900879,False
2025-11-16 23:00:00,CUT,17.0,14.376295,18.181818,18.181818181818183,15.628312110900879,False
2025-11-17 00:00:00,CUT,20.0,15.866856,19.4,19.4,15.628312110900879,False
2025-11-17 01:00:00,CUT,24.0,18.98291,21.0,21.0,15.628312110900879,False
2025-11-17 02:00:00,CUT,24.0,19.611372,20.8,20.8,15.628312110900879,False
2025-11-17 03:00:00,CUT,14.0,19.552269,20.5,20.5,15.628312110900879,False
2025-11-17 04:00:00,CUT,22.0,17.642885,18.666666,18.666666666666668,15.628312110900879,False
2025-11-17 05:00:00,CUT,15.0,12.456916,13.833333,13.833333333333334,15.628312110900879,False
2025-11-17 06:00:00,CUT,9.0,4.9338574,6.5833335,6.583333333333333,15.628312110900879,False
2025-11-17 07:00:00,CUT,3.0,5.2914896,7.25,7.25,15.628312110900879,False
2025-11-17 08:00:00,CUT,5.0,6.383401,8.416667,8.416666666666666,15.628312110900879,False
2025-11-17 09:00:00,CUT,11.0,8.7072115,10.416667,10.416666666666666,15.628312110900879,False
2025-11-17 10:00:00,CUT,34.0,20.679358,22.166666,22.166666666666668,15.628312110900879,False
2025-11-17 11:00:00,CUT,52.0,45.16258,44.333332,44.333333333333336,15.628312110900879,False
2025-11-17 12:00:00,CUT,67.0,65.345535,57.0,57.0,15.628312110900879,False
2025-11-17 13:00:00,CUT,63.0,63.441967,61.090908,61.09090909090909,15.628312110900879,False
2025-11-17 14:00:00,CUT,62.0,59.170395,66.0,66.0,15.628312110900879,False
2025-11-17 15:00:00,CUT,76.0,57.379963,68.181816,68.18181818181819,15.628312110900879,True
2025-11-17 16:00:00,CUT,77.0,56.71543,63.81818,63.81818181818182,15.628312110900879,True
2025-11-17 17:00:00,CUT,58.0,43.361282,49.333332,49.333333333333336,15.628312110900879,False
2025-11-17 18:00:00,CUT,14.0,13.948911,22.25,22.25,15.628312110900879,False
2025-11-17 19:00:00,CUT,18.0,0.4442196,10.166667,10.166666666666666,15.628312110900879,True
2025-11-17 20:00:00,CUT,16.0,2.1192994,8.5,8.5,15.628312110900879,False
2025-11-17 21:00:00,CUT,20.0,10.083633,15.583333,15.583333333333334,15.628312110900879,False
2025-11-17 22:00:00,CUT,23.0,15.375613,18.166666,18.166666666666668,15.628312110900879,False
2025-11-17 23:00:00,CUT,20.0,15.909811,18.083334,18.083333333333332,15.628312110900879,False
2025-11-18 00:00:00,CUT,18.0,16.729708,19.454546,19.454545454545453,15.628312110900879,False
2025-11-18 01:00:00,CUT,18.0,18.232864,21.272728,21.272727272727273,15.628312110900879,False
2025-11-18 02:00:00,CUT,20.0,18.027931,21.09091,21.09090909090909,15.628312110900879,False
2025-11-18 03:00:00,CUT,21.0,17.634235,20.0,20.0,15.628312110900879,False
2025-11-18 04:00:00,CUT,18.0,17.486403,18.923077,18.923076923076923,15.628312110900879,False
2025-11-18 05:00:00,CUT,10.0,12.393539,13.923077,13.923076923076923,15.628312110900879,False
2025-11-18 06:00:00,CUT,3.0,5.1054688,6.769231,6.769230769230769,15.628312110900879,False
2025-11-18 07:00:00,CUT,5.0,4.5094976,6.923077,6.923076923076923,15.628312110900879,False
2025-11-18 08:00:00,CUT,10.0,5.4409275,8.153846,8.153846153846153,15.628312110900879,False
2025-11-18 09:00:00,CUT,24.0,8.022654,10.461538,10.461538461538462,15.628312110900879,True
2025-11-18 10:00:00,CUT,42.0,21.627064,23.076923,23.076923076923077,15.628312110900879,True
2025-11-18 11:00:00,CUT,52.0,50.49097,44.923077,44.92307692307692,15.628312110900879,False
2025-11-18 12:00:00,CUT,57.0,65.050575,57.833332,57.833333333333336,15.628312110900879,False
2025-11-18 13:00:00,CUT,71.0,63.89475,61.25,61.25,15.628312110900879,False
2025-11-18 14:00:00,CUT,77.0,63.764896,65.666664,65.66666666666667,15.628312110900879,False
2025-11-18 15:00:00,CUT,78.0,62.2015,68.833336,68.83333333333333,15.628312110900879,True
2025-11-18 16:00:00,CUT,73.0,54.03514,64.916664,64.91666666666667,15.628312110900879,True
2025-11-18 17:00:00,CUT,47.0,41.971146,50.0,50.0,15.628312110900879,False
2025-11-18 18:00:00,CUT,15.0,8.827907,21.615385,21.615384615384617,15.628312110900879,False
2025-11-18 19:00:00,CUT,10.0,-2.7911663,10.769231,10.76923076923077,15.628312110900879,False
2025-11-18 20:00:00,CUT,2.0,-2.3875885,9.076923,9.076923076923077,15.628312110900879,False
2025-11-18 21:00:00,CUT,1.0,6.363184,15.923077,15.923076923076923,15.628312110900879,False
2025-11-18 22:00:00,CUT,4.0,11.560314,18.538462,18.53846153846154,15.628312110900879,False
2025-11-18 23:00:00,CUT,14.0,13.710644,18.23077,18.23076923076923,15.628312110900879,False
2025-11-19 03:00:00,CUT,26.0,20.830673,20.071428,20.071428571428573,15.628312110900879,False
2025-11-19 04:00:00,CUT,24.0,18.623508,18.857143,18.857142857142858,15.628312110900879,False
2025-11-19 05:00:00,CUT,20.0,12.756448,13.642858,13.642857142857142,15.628312110900879,False
2025-11-19 06:00:00,CUT,6.0,4.755411,6.5,6.5,15.628312110900879,False
2025-11-19 07:00:00,CUT,6.0,4.245406,6.785714,6.785714285714286,15.628312110900879,False
2025-11-19 08:00:00,CUT,12.0,5.1247187,8.285714,8.285714285714286,15.628312110900879,False
2025-11-19 09:00:00,CUT,17.0,7.6762185,11.428572,11.428571428571429,15.628312110900879,False
2025-11-19 10:00:00,CUT,29.0,20.007668,24.428572,24.428571428571427,15.628312110900879,False
2025-11-19 11:00:00,CUT,40.0,43.30887,45.42857,45.42857142857143,15.628312110900879,False
2025-11-19 12:00:00,CUT,49.0,54.925987,57.76923,57.76923076923077,15.628312110900879,False
2025-11-19 13:00:00,CUT,55.0,53.385788,62.0,62.0,15.628312110900879,False
2025-11-19 14:00:00,CUT,60.0,53.987724,66.53846,66.53846153846153,15.628312110900879,False
2025-11-19 15:00:00,CUT,54.0,55.884064,69.53846,69.53846153846153,15.628312110900879,False
2025-11-19 16:00:00,CUT,48.0,53.22256,65.53846,65.53846153846153,15.628312110900879,False
2025-11-19 17:00:00,CUT,30.0,38.851467,49.785713,49.785714285714285,15.628312110900879,False
2025-11-19 18:00:00,CUT,8.0,12.025689,21.142857,21.142857142857142,15.628312110900879,False
2025-11-19 19:00:00,CUT,4.0,3.5068603,10.714286,10.714285714285714,15.628312110900879,False
2025-11-19 20:00:00,CUT,5.0,2.735272,8.571428,8.571428571428571,15.628312110900879,False
2025-11-19 21:00:00,CUT,3.0,11.202537,14.857142,14.857142857142858,15.628312110900879,False
2025-11-19 22:00:00,CUT,7.0,15.465295,17.5,17.5,15.628312110900879,False
2025-11-19 23:00:00,CUT,8.0,17.21645,17.928572,17.928571428571427,15.628312110900879,False
2025-11-20 00:00:00,CUT,9.0,20.52911,19.727272,19.727272727272727,15.628312110900879,False
2025-11-20 01:00:00,CUT,10.0,22.078947,21.545454,21.545454545454547,15.628312110900879,False
2025-11-20 02:00:00,CUT,13.0,21.221794,21.272728,21.272727272727273,15.628312110900879,False
2025-11-20 03:00:00,CUT,17.0,20.899525,20.785715,20.785714285714285,15.628312110900879,False
2025-11-20 04:00:00,CUT,18.0,18.632706,19.5,19.5,15.628312110900879,False
2025-11-20 05:00:00,CUT,9.0,12.643487,14.071428,14.071428571428571,15.628312110900879,False
2025-11-20 06:00:00,CUT,2.0,4.7742505,6.642857,6.642857142857143,15.628312110900879,False
2025-11-20 07:00:00,CUT,3.0,5.0435367,7.0,7.0,15.628312110900879,False
2025-11-20 08:00:00,CUT,8.0,7.0408106,8.857142,8.857142857142858,15.628312110900879,False
2025-11-20 09:00:00,CUT,7.0,9.996356,12.142858,12.142857142857142,15.628312110900879,False
2025-11-20 10:00:00,CUT,17.0,22.418072,25.071428,25.071428571428573,15.628312110900879,False
2025-11-20 11:00:00,CUT,33.0,41.94539,45.07143,45.07142857142857,15.628312110900879,False
2025-11-20 12:00:00,CUT,59.0,57.685863,57.076923,57.07692307692308,15.628312110900879,False
2025-11-20 13:00:00,CUT,81.0,65.436066,62.0,62.0,15.628312110900879,False
2025-11-20 14:00:00,CUT,82.0,68.135124,66.38461,66.38461538461539,15.628312110900879,False
2025-11-20 15:00:00,CUT,83.0,74.717606,68.69231,68.6923076923077,15.628312110900879,False
2025-11-20 16:00:00,CUT,77.0,69.2515,64.46154,64.46153846153847,15.628312110900879,False
2025-11-20 17:00:00,CUT,73.0,51.81576,48.357143,48.357142857142854,15.628312110900879,True
2025-11-20 18:00:00,CUT,19.0,18.268265,20.357143,20.357142857142858,15.628312110900879,False
2025-11-20 19:00:00,CUT,17.0,-1.8840427,10.142858,10.142857142857142,15.628312110900879,True
2025-11-20 20:00:00,CUT,17.0,-2.5443974,8.285714,8.285714285714286,15.628312110900879,True
2025-11-20 21:00:00,CUT,19.0,6.638503,14.071428,14.071428571428571,15.628312110900879,False
2025-11-20 22:00:00,CUT,23.0,12.450483,16.785715,16.785714285714285,15.628312110900879,False
2025-11-20 23:00:00,CUT,26.0,15.811371,17.428572,17.428571428571427,15.628312110900879,False
2025-11-21 00:00:00,CUT,28.0,17.587107,18.90909,18.90909090909091,15.628312110900879,False
2025-11-21 01:00:00,CUT,30.0,19.59565,20.272728,20.272727272727273,15.628312110900879,False
2025-11-21 02:00:00,CUT,31.0,19.765762,20.09091,20.09090909090909,15.628312110900879,False
2025-11-21 03:00:00,CUT,30.0,19.575771,20.0,20.0,15.628312110900879,False
2025-11-21 04:00:00,CUT,29.0,18.877373,18.928572,18.928571428571427,15.628312110900879,False
2025-11-21 05:00:00,CUT,18.0,12.918185,13.214286,13.214285714285714,15.628312110900879,False
2025-11-21 06:00:00,CUT,6.0,5.2723427,6.428571,6.428571428571429,15.628312110900879,False
2025-11-21 07:00:00,CUT,4.0,5.0840836,6.642857,6.642857142857143,15.628312110900879,False
2025-11-21 08:00:00,CUT,13.0,7.3211,8.928572,8.928571428571429,15.628312110900879,False
2025-11-21 09:00:00,CUT,29.0,11.104654,12.357142,12.357142857142858,15.628312110900879,True
2025-11-21 10:00:00,CUT,51.0,26.41386,25.357143,25.357142857142858,15.628312110900879,True
2025-11-21 11:00:00,CUT,59.0,52.898735,44.714287,44.714285714285715,15.628312110900879,False
2025-11-21 12:00:00,CUT,67.0,67.58013,56.692307,56.69230769230769,15.628312110900879,False
2025-11-21 13:00:00,CUT,76.0,68.20654,62.0,62.0,15.628312110900879,False
2025-11-21 14:00:00,CUT,83.0,68.46271,65.38461,65.38461538461539,15.628312110900879,False
2025-11-21 15:00:00,CUT,85.0,70.4264,67.46154,67.46153846153847,15.628312110900879,False
2025-11-21 16:00:00,CUT,70.0,65.768005,63.076923,63.07692307692308,15.628312110900879,False
2025-11-21 17:00:00,CUT,40.0,46.185318,47.642857,47.642857142857146,15.628312110900879,False
2025-11-21 18:00:00,CUT,19.0,9.577029,18.714285,18.714285714285715,15.628312110900879,False
2025-11-21 19:00:00,CUT,9.0,1.8932152,10.642858,10.642857142857142,15.628312110900879,False
2025-11-21 20:00:00,CUT,3.0,1.2103229,9.071428,9.071428571428571,15.628312110900879,False
2025-11-21 21:00:00,CUT,7.0,7.4649477,14.5,14.5,15.628312110900879,False
2025-11-21 22:00:00,CUT,16.0,10.580343,16.428572,16.428571428571427,15.628312110900879,False
2025-11-21 23:00:00,CUT,21.0,14.062017,17.571428,17.571428571428573,15.628312110900879,False
2025-11-22 00:00:00,CUT,18.0,17.777414,19.666666,19.666666666666668,15.628312110900879,False
2025-11-22 01:00:00,CUT,17.0,20.505339,21.083334,21.083333333333332,15.628312110900879,False
2025-11-22 02:00:00,CUT,22.0,20.645643,21.0,21.0,15.628312110900879,False
2025-11-22 03:00:00,CUT,24.0,20.334381,20.571428,20.571428571428573,15.628312110900879,False
2025-11-22 04:00:00,CUT,24.0,18.935804,19.285715,19.285714285714285,15.628312110900879,False
2025-11-22 05:00:00,CUT,21.0,12.589013,12.928572,12.928571428571429,15.628312110900879,False
2025-11-22 06:00:00,CUT,15.0,5.6085477,6.5,6.5,15.628312110900879,False
2025-11-22 07:00:00,CUT,16.0,5.609077,6.785714,6.785714285714286,15.628312110900879,False
2025-11-22 08:00:00,CUT,14.0,8.487671,9.714286,9.714285714285714,15.628312110900879,False
2025-11-22 09:00:00,CUT,13.0,13.035958,14.214286,14.214285714285714,15.628312110900879,False
2025-11-22 10:00:00,CUT,29.0,27.833874,27.928572,27.928571428571427,15.628312110900879,False
2025-11-22 11:00:00,CUT,53.0,48.85915,45.214287,45.214285714285715,15.628312110900879,False
2025-11-22 12:00:00,CUT,60.0,56.674084,56.23077,56.23076923076923,15.628312110900879,False
2025-11-22 13:00:00,CUT,71.0,49.240177,61.846153,61.84615384615385,15.628312110900879,True
2025-11-22 14:00:00,CUT,68.0,47.478638,65.38461,65.38461538461539,15.628312110900879,True
2025-11-22 15:00:00,CUT,59.0,55.867496,67.23077,67.23076923076923,15.628312110900879,False
2025-11-22 16:00:00,CUT,46.0,48.917564,62.076923,62.07692307692308,15.628312110900879,False
2025-11-22 17:00:00,CUT,30.0,30.992546,45.142857,45.142857142857146,15.628312110900879,False
2025-11-22 18:00:00,CUT,22.0,4.3811827,17.642857,17.642857142857142,15.628312110900879,True
2025-11-22 19:00:00,CUT,10.0,-0.7141228,10.285714,10.285714285714286,15.628312110900879,False
2025-11-22 20:00:00,CUT,13.0,-0.15790367,8.642858,8.642857142857142,15.628312110900879,False
2025-11-22 21:00:00,CUT,14.0,5.5360146,13.142858,13.142857142857142,15.628312110900879,False
2025-11-22 22:00:00,CUT,14.0,8.378855,16.0,16.0,15.628312110900879,False
2025-11-22 23:00:00,CUT,15.0,10.007122,17.428572,17.428571428571427,15.628312110900879,False
2025-11-23 00:00:00,CUT,11.0,11.639242,18.75,18.75,15.628312110900879,False
2025-11-23 01:00:00,CUT,9.0,13.212979,19.916666,19.916666666666668,15.628312110900879,False
2025-11-23 02:00:00,CUT,6.0,14.153423,20.416666,20.416666666666668,15.628312110900879,False
2025-11-23 03:00:00,CUT,7.0,14.67812,20.428572,20.428571428571427,15.628312110900879,False
2025-11-23 04:00:00,CUT,6.0,13.164513,18.785715,18.785714285714285,15.628312110900879,False
2025-11-23 05:00:00,CUT,7.0,6.8734565,12.357142,12.357142857142858,15.628312110900879,False
2025-11-23 06:00:00,CUT,3.0,0.9104719,6.142857,6.142857142857143,15.628312110900879,False
2025-11-23 07:00:00,CUT,1.0,1.2108889,6.214286,6.214285714285714,15.628312110900879,False
2025-11-23 08:00:00,CUT,3.0,5.281253,9.642858,9.642857142857142,15.628312110900879,False
2025-11-23 09:00:00,CUT,17.0,9.8802,14.214286,14.214285714285714,15.628312110900879,False
2025-11-23 10:00:00,CUT,30.0,23.689056,27.857143,27.857142857142858,15.628312110900879,False
2025-11-23 11:00:00,CUT,35.0,39.882458,44.42857,44.42857142857143,15.628312110900879,False
2025-11-23 12:00:00,CUT,43.0,45.030704,55.615383,55.61538461538461,15.628312110900879,False
2025-11-23 13:00:00,CUT,48.0,42.198517,62.076923,62.07692307692308,15.628312110900879,False
2025-11-23 14:00:00,CUT,45.0,41.02037,64.23077,64.23076923076923,15.628312110900879,False
2025-11-23 15:00:00,CUT,43.0,41.28717,64.84615,64.84615384615384,15.628312110900879,False
2025-11-23 16:00:00,CUT,40.0,36.755295,58.846153,58.84615384615385,15.628312110900879,False
2025-11-23 17:00:00,CUT,32.0,22.910585,41.57143,41.57142857142857,15.628312110900879,False
2025-11-23 18:00:00,CUT,27.0,3.5283604,17.714285,17.714285714285715,15.628312110900879,True
2025-11-23 19:00:00,CUT,11.0,-1.687892,10.714286,10.714285714285714,15.628312110900879,False
2025-11-23 20:00:00,CUT,2.0,-2.3262472,9.071428,9.071428571428571,15.628312110900879,False
2025-11-23 21:00:00,CUT,3.0,2.803732,12.357142,12.357142857142858,15.628312110900879,False
2025-11-23 22:00:00,CUT,5.0,7.03308,15.0,15.0,15.628312110900879,False
2025-11-23 23:00:00,CUT,6.0,9.833559,16.928572,16.928571428571427,15.628312110900879,False
2025-11-24 00:00:00,CUT,10.0,11.197377,17.833334,17.833333333333332,15.628312110900879,False
2025-11-24 01:00:00,CUT,11.0,12.869295,18.916666,18.916666666666668,15.628312110900879,False
2025-11-24 02:00:00,CUT,14.0,13.151747,19.0,19.0,15.628312110900879,False
2025-11-24 03:00:00,CUT,17.0,13.487518,19.214285,19.214285714285715,15.628312110900879,False
2025-11-24 04:00:00,CUT,12.0,11.895796,17.214285,17.214285714285715,15.628312110900879,False
2025-11-24 05:00:00,CUT,8.0,5.658569,10.928572,10.928571428571429,15.628312110900879,False
2025-11-24 06:00:00,CUT,2.0,-0.34176397,4.714286,4.714285714285714,15.628312110900879,False
2025-11-24 07:00:00,CUT,1.0,0.3742075,5.071429,5.071428571428571,15.628312110900879,False
2025-11-24 08:00:00,CUT,2.0,4.5885224,8.928572,8.928571428571429,15.628312110900879,False
2025-11-24 09:00:00,CUT,4.0,10.316611,14.357142,14.357142857142858,15.628312110900879,False
2025-11-24 10:00:00,CUT,17.0,24.069216,27.428572,27.428571428571427,15.628312110900879,False
2025-11-24 11:00:00,CUT,47.0,43.45436,42.714287,42.714285714285715,15.628312110900879,False
2025-11-24 12:00:00,CUT,61.0,63.640682,53.23077,53.23076923076923,15.628312110900879,False
2025-11-24 13:00:00,CUT,72.0,68.43505,59.923077,59.92307692307692,15.628312110900879,False
2025-11-24 14:00:00,CUT,81.0,71.96959,62.692307,62.69230769230769,15.628312110900879,False
2025-11-24 15:00:00,CUT,87.0,74.82785,63.923077,63.92307692307692,15.628312110900879,False
2025-11-24 16:00:00,CUT,84.0,68.46849,58.23077,58.23076923076923,15.628312110900879,False
2025-11-24 17:00:00,CUT,65.0,51.25907,40.785713,40.785714285714285,15.628312110900879,False
2025-11-24 18:00:00,CUT,10.0,21.47245,16.857143,16.857142857142858,15.628312110900879,False
2025-11-24 19:00:00,CUT,13.0,-2.775816,9.285714,9.285714285714286,15.628312110900879,True
2025-11-24 20:00:00,CUT,2.0,-6.774742,7.5,7.5,15.628312110900879,False
2025-11-24 21:00:00,CUT,11.0,-1.0691795,11.0,11.0,15.628312110900879,False
2025-11-24 22:00:00,CUT,19.0,3.930789,13.428572,13.428571428571429,15.628312110900879,False
2025-11-24 23:00:00,CUT,21.0,8.549342,15.214286,15.214285714285714,15.628312110900879,False
2025-11-25 03:00:00,CUT,24.0,19.41234,18.5,18.5,15.628312110900879,False
2025-11-25 04:00:00,CUT,23.0,15.9714775,16.357143,16.357142857142858,15.628312110900879,False
2025-11-25 05:00:00,CUT,14.0,10.11149,11.214286,11.214285714285714,15.628312110900879,False
2025-11-25 06:00:00,CUT,8.0,2.8926864,4.571429,4.571428571428571,15.628312110900879,False
2025-11-25 07:00:00,CUT,5.0,2.1875741,4.285714,4.285714285714286,15.628312110900879,False
2025-11-25 08:00:00,CUT,12.0,5.8118486,8.0,8.0,15.628312110900879,False
2025-11-25 09:00:00,CUT,9.0,10.992542,13.785714,13.785714285714286,15.628312110900879,False
2025-11-25 10:00:00,CUT,17.0,24.066082,27.642857,27.642857142857142,15.628312110900879,False
2025-11-25 11:00:00,CUT,55.0,43.25119,44.785713,44.785714285714285,15.628312110900879,False
2025-11-25 12:00:00,CUT,75.0,57.06581,56.384617,56.38461538461539,15.628312110900879,True
2025-11-25 13:00:00,CUT,93.0,59.592022,64.07692,64.07692307692308,15.628312110900879,True
2025-11-25 14:00:00,CUT,100.0,72.50533,67.23077,67.23076923076923,15.628312110900879,True
2025-11-25 15:00:00,CUT,107.0,87.18313,68.92308,68.92307692307692,15.628312110900879,True
2025-11-25 16:00:00,CUT,113.0,84.57568,63.46154,63.46153846153846,15.628312110900879,True
2025-11-25 17:00:00,CUT,103.0,65.56518,44.714287,44.714285714285715,15.628312110900879,True
2025-11-26 12:00:00,CUT,53.0,59.493362,59.23077,59.23076923076923,15.628312110900879,False
2025-11-26 13:00:00,CUT,58.0,67.04883,67.46154,67.46153846153847,15.628312110900879,False
2025-11-26 14:00:00,CUT,62.0,63.97918,70.53846,70.53846153846153,15.628312110900879,False
2025-11-26 15:00:00,CUT,63.0,63.25865,72.61539,72.61538461538461,15.628312110900879,False
2025-11-26 16:00:00,CUT,48.0,52.119846,66.76923,66.76923076923077,15.628312110900879,False
2025-11-26 17:00:00,CUT,26.0,32.11695,48.0,48.0,15.628312110900879,False
2025-11-26 18:00:00,CUT,17.0,2.0742655,16.153847,16.153846153846153,15.628312110900879,False
2025-11-26 19:00:00,CUT,18.0,-1.5969439,8.923077,8.923076923076923,15.628312110900879,True
2025-11-26 20:00:00,CUT,16.0,-1.14849,6.1538463,6.153846153846154,15.628312110900879,True
2025-11-26 21:00:00,CUT,15.0,6.311909,11.153846,11.153846153846153,15.628312110900879,False
2025-11-26 22:00:00,CUT,13.0,11.051107,14.076923,14.076923076923077,15.628312110900879,False
2025-11-26 23:00:00,CUT,14.0,14.253238,16.076923,16.076923076923077,15.628312110900879,False
2025-11-27 00:00:00,CUT,23.0,15.761505,16.6,16.6,15.628312110900879,False
2025-11-27 01:00:00,CUT,24.0,17.996992,17.8,17.8,15.628312110900879,False
2025-11-27 02:00:00,CUT,22.0,19.268415,18.2,18.2,15.628312110900879,False
2025-11-27 03:00:00,CUT,13.0,21.670885,19.692308,19.692307692307693,15.628312110900879,False
2025-11-27 04:00:00,CUT,23.0,21.784332,18.76923,18.76923076923077,15.628312110900879,False
2025-11-27 05:00:00,CUT,21.0,15.927635,12.769231,12.76923076923077,15.628312110900879,False
2025-11-27 06:00:00,CUT,8.0,7.334453,5.4615383,5.461538461538462,15.628312110900879,False
2025-11-27 07:00:00,CUT,2.0,3.7676697,4.8461537,4.846153846153846,15.628312110900879,False
2025-11-27 08:00:00,CUT,7.0,4.47846,8.846154,8.846153846153847,15.628312110900879,False
2025-11-27 09:00:00,CUT,18.0,5.870132,13.538462,13.538461538461538,15.628312110900879,False
2025-11-27 10:00:00,CUT,28.0,15.139745,27.692308,27.692307692307693,15.628312110900879,False
2025-11-27 11:00:00,CUT,33.0,25.057901,45.53846,45.53846153846154,15.628312110900879,False
2025-11-27 12:00:00,CUT,30.0,30.73603,57.615383,57.61538461538461,15.628312110900879,False
2025-11-27 13:00:00,CUT,34.0,37.652557,65.38461,65.38461538461539,15.628312110900879,False
2025-11-27 14:00:00,CUT,35.0,40.53698,68.76923,68.76923076923077,15.628312110900879,False
2025-11-27 15:00:00,CUT,30.0,46.204315,71.61539,71.61538461538461,15.628312110900879,True
2025-11-27 16:00:00,CUT,23.0,44.965298,65.30769,65.3076923076923,15.628312110900879,True
2025-11-27 17:00:00,CUT,16.0,32.379055,47.142857,47.142857142857146,15.628312110900879,True
2025-11-27 18:00:00,CUT,13.0,5.262498,16.461538,16.46153846153846,15.628312110900879,False
2025-11-27 19:00:00,CUT,11.0,0.8882952,9.615385,9.615384615384615,15.628312110900879,False
2025-11-27 20:00:00,CUT,12.0,-0.22336483,7.1538463,7.153846153846154,15.628312110900879,False
2025-11-27 21:00:00,CUT,13.0,4.9621177,11.153846,11.153846153846153,15.628312110900879,False
2025-11-27 22:00:00,CUT,11.0,8.246405,13.769231,13.76923076923077,15.628312110900879,False
2025-11-27 23:00:00,CUT,16.0,10.803129,15.923077,15.923076923076923,15.628312110900879,False
2025-11-28 00:00:00,CUT,19.0,12.528725,17.181818,17.181818181818183,15.628312110900879,False
2025-11-28 01:00:00,CUT,14.0,14.213844,18.363636,18.363636363636363,15.628312110900879,False
2025-11-28 02:00:00,CUT,7.0,14.933903,18.545454,18.545454545454547,15.628312110900879,False
2025-11-28 03:00:00,CUT,14.0,15.912793,19.23077,19.23076923076923,15.628312110900879,False
2025-11-28 04:00:00,CUT,19.0,15.8543005,19.076923,19.076923076923077,15.628312110900879,False
2025-11-28 05:00:00,CUT,14.0,8.363033,13.384615,13.384615384615385,15.628312110900879,False
2025-11-28 06:00:00,CUT,10.0,-2.7868752,5.8461537,5.846153846153846,15.628312110900879,False
2025-11-28 07:00:00,CUT,4.0,-8.050434,4.6153846,4.615384615384615,15.628312110900879,False
2025-11-28 08:00:00,CUT,5.0,-8.054312,8.538462,8.538461538461538,15.628312110900879,False
2025-11-28 09:00:00,CUT,15.0,-8.804148,13.384615,13.384615384615385,15.628312110900879,True
2025-11-28 10:00:00,CUT,22.0,-1.0475636,27.307692,27.307692307692307,15.628312110900879,True
2025-11-28 11:00:00,CUT,20.0,13.266548,45.46154,45.46153846153846,15.628312110900879,False
2025-11-28 12:00:00,CUT,17.0,22.261536,55.642857,55.642857142857146,15.628312110900879,False
2025-11-28 13:00:00,CUT,21.0,29.211945,63.142857,63.142857142857146,15.628312110900879,False
2025-11-28 14:00:00,CUT,23.0,32.81635,66.35714,66.35714285714286,15.628312110900879,False
2025-11-28 15:00:00,CUT,25.0,38.365532,68.64286,68.64285714285714,15.628312110900879,False
2025-11-28 16:00:00,CUT,22.0,37.60559,62.846153,62.84615384615385,15.628312110900879,False
2025-11-28 17:00:00,CUT,15.0,25.269915,46.214287,46.214285714285715,15.628312110900879,False
2025-11-28 18:00:00,CUT,9.0,-1.0491486,16.692308,16.692307692307693,15.628312110900879,False
2025-11-28 19:00:00,CUT,6.0,-4.9030285,10.076923,10.076923076923077,15.628312110900879,False
2025-11-28 20:00:00,CUT,2.0,-4.449324,7.8461537,7.846153846153846,15.628312110900879,False
2025-11-28 21:00:00,CUT,2.0,0.36960506,11.076923,11.076923076923077,15.628312110900879,False
2025-11-28 22:00:00,CUT,1.0,3.7442732,13.615385,13.615384615384615,15.628312110900879,False
2025-11-28 23:00:00,CUT,1.0,6.4693365,16.0,16.0,15.628312110900879,False
2025-11-29 00:00:00,CUT,1.0,8.192021,17.545454,17.545454545454547,15.628312110900879,False
2025-11-29 01:00:00,CUT,1.0,8.917225,18.0,18.0,15.628312110900879,False
2025-11-29 02:00:00,CUT,1.0,8.635012,17.454546,17.454545454545453,15.628312110900879,False
2025-11-29 03:00:00,CUT,1.0,9.90585,18.692308,18.692307692307693,15.628312110900879,False
2025-11-29 04:00:00,CUT,1.0,10.162189,19.307692,19.307692307692307,15.628312110900879,False
2025-11-29 05:00:00,CUT,1.0,3.7256021,13.769231,13.76923076923077,15.628312110900879,False
2025-11-29 06:00:00,CUT,1.0,-4.848497,6.3846154,6.384615384615385,15.628312110900879,False
2025-11-29 07:00:00,CUT,1.0,-8.236177,4.6153846,4.615384615384615,15.628312110900879,False
2025-11-29 08:00:00,CUT,3.0,-6.5457487,8.153846,8.153846153846153,15.628312110900879,False
2025-11-29 09:00:00,CUT,5.0,-6.2139626,13.538462,13.538461538461538,15.628312110900879,False
2025-11-29 10:00:00,CUT,11.0,-1.4321251,27.692308,27.692307692307693,15.628312110900879,False
2025-11-29 11:00:00,CUT,29.0,11.363934,44.384617,44.38461538461539,15.628312110900879,True
2025-11-29 12:00:00,CUT,53.0,24.146887,53.5,53.5,15.628312110900879,True
2025-11-29 13:00:00,CUT,52.0,43.66014,60.785713,60.785714285714285,15.628312110900879,False
2025-11-29 14:00:00,CUT,50.0,55.844383,63.642857,63.642857142857146,15.628312110900879,False
2025-11-29 15:00:00,CUT,50.0,60.203995,66.85714,66.85714285714286,15.628312110900879,False
2025-11-29 16:00:00,CUT,51.0,46.850254,60.0,60.0,15.628312110900879,False
2025-11-29 17:00:00,CUT,47.0,26.862804,44.0,44.0,15.628312110900879,True
2025-11-29 18:00:00,CUT,10.0,-1.5205479,15.615385,15.615384615384615,15.628312110900879,False
2025-11-29 19:00:00,CUT,9.0,-6.012295,10.384615,10.384615384615385,15.628312110900879,False
2025-11-29 20:00:00,CUT,8.0,-6.126983,7.6153846,7.615384615384615,15.628312110900879,False
2025-11-29 21:00:00,CUT,3.0,-0.44678497,10.769231,10.76923076923077,15.628312110900879,False
2025-11-29 22:00:00,CUT,4.0,4.659648,13.076923,13.076923076923077,15.628312110900879,False
2025-11-29 23:00:00,CUT,7.0,8.885511,15.230769,15.23076923076923,15.628312110900879,False
2025-11-30 00:00:00,CUT,11.0,11.50374,16.272728,16.272727272727273,15.628312110900879,False
2025-11-30 01:00:00,CUT,12.0,12.290981,16.272728,16.272727272727273,15.628312110900879,False
2025-11-30 02:00:00,CUT,12.0,11.385889,15.545455,15.545454545454545,15.628312110900879,False
2025-11-30 03:00:00,CUT,14.0,12.971331,17.076923,17.076923076923077,15.628312110900879,False
2025-11-30 04:00:00,CUT,16.0,13.287329,17.76923,17.76923076923077,15.628312110900879,False
2025-11-30 05:00:00,CUT,15.0,7.5775604,12.538462,12.538461538461538,15.628312110900879,False
2025-11-30 06:00:00,CUT,8.0,-0.43110704,5.769231,5.769230769230769,15.628312110900879,False
2025-11-30 07:00:00,CUT,3.0,-2.9879832,4.076923,4.076923076923077,15.628312110900879,False
2025-11-30 08:00:00,CUT,7.0,-0.21556711,7.6153846,7.615384615384615,15.628312110900879,False
2025-11-30 09:00:00,CUT,7.0,5.2923574,13.615385,13.615384615384615,15.628312110900879,False
2025-11-30 10:00:00,CUT,21.0,19.084198,27.692308,27.692307692307693,15.628312110900879,False
2025-11-30 11:00:00,CUT,54.0,40.121704,44.384617,44.38461538461539,15.628312110900879,False
2025-11-30 12:00:00,CUT,66.0,54.857285,53.857143,53.857142857142854,15.628312110900879,False
2025-11-30 13:00:00,CUT,78.0,64.02959,61.0,61.0,15.628312110900879,False
2025-11-30 14:00:00,CUT,88.0,71.084785,63.214287,63.214285714285715,15.628312110900879,True
2025-11-30 15:00:00,CUT,95.0,77.6393,64.28571,64.28571428571429,15.628312110900879,True
2025-11-30 16:00:00,CUT,95.0,76.44049,59.357143,59.357142857142854,15.628312110900879,True
2025-11-30 17:00:00,CUT,82.0,63.59166,44.642857,44.642857142857146,15.628312110900879,True
2025-11-30 18:00:00,CUT,37.0,26.254007,15.307693,15.307692307692308,15.628312110900879,False
2025-11-30 19:00:00,CUT,24.0,8.323317,10.615385,10.615384615384615,15.628312110900879,True
2025-11-30 20:00:00,CUT,17.0,2.032456,7.6923075,7.6923076923076925,15.628312110900879,False
2025-11-30 21:00:00,CUT,16.0,4.9963207,9.615385,9.615384615384615,15.628312110900879,False
2025-11-30 22:00:00,CUT,9.0,8.961105,12.0,12.0,15.628312110900879,False
2025-11-30 23:00:00,CUT,7.0,11.724785,14.307693,14.307692307692308,15.628312110900879,False
2025-12-01 03:00:00,CUT,16.0,16.640678,17.076923,17.076923076923077,15.628312110900879,False
2025-12-01 04:00:00,CUT,17.0,17.440979,18.076923,18.076923076923077,15.628312110900879,False
2025-12-01 05:00:00,CUT,12.0,12.438873,13.307693,13.307692307692308,15.628312110900879,False
2025-12-01 06:00:00,CUT,2.0,4.636699,6.230769,6.230769230769231,15.628312110900879,False
2025-12-01 07:00:00,CUT,2.0,1.8984177,4.1538463,4.153846153846154,15.628312110900879,False
2025-12-01 08:00:00,CUT,3.0,5.1594353,7.769231,7.769230769230769,15.628312110900879,False
2025-12-01 09:00:00,CUT,6.0,10.755089,13.538462,13.538461538461538,15.628312110900879,False
2025-12-01 10:00:00,CUT,16.0,24.16954,26.76923,26.76923076923077,15.628312110900879,False
2025-12-01 11:00:00,CUT,35.0,41.112663,43.23077,43.23076923076923,15.628312110900879,False
2025-12-01 16:00:00,CUT,43.0,64.740746,61.92857,61.92857142857143,15.628312110900879,True
2025-12-01 17:00:00,CUT,46.0,39.686886,47.42857,47.42857142857143,15.628312110900879,False
2025-12-01 18:00:00,CUT,42.0,0.13211632,16.923077,16.923076923076923,15.628312110900879,True
2025-12-01 19:00:00,CUT,30.0,-3.691908,12.307693,12.307692307692308,15.628312110900879,True
2025-12-01 20:00:00,CUT,19.0,-4.884034,8.846154,8.846153846153847,15.628312110900879,True
2025-12-01 21:00:00,CUT,3.0,-2.2077293,9.769231,9.76923076923077,15.628312110900879,False
2025-12-01 22:00:00,CUT,2.0,0.96210575,11.461538,11.461538461538462,15.628312110900879,False
2025-12-01 23:00:00,CUT,8.0,4.800132,13.538462,13.538461538461538,15.628312110900879,False
2025-12-02 00:00:00,CUT,12.0,7.655028,14.8,14.8,15.628312110900879,False
2025-12-02 01:00:00,CUT,14.0,8.281597,14.6,14.6,15.628312110900879,False
2025-12-02 02:00:00,CUT,13.0,9.374678,14.8,14.8,15.628312110900879,False
2025-12-02 03:00:00,CUT,12.0,12.457373,17.23077,17.23076923076923,15.628312110900879,False
2025-12-02 04:00:00,CUT,9.0,13.658117,17.692308,17.692307692307693,15.628312110900879,False
2025-12-02 05:00:00,CUT,5.0,9.206478,13.076923,13.076923076923077,15.628312110900879,False
2025-12-02 06:00:00,CUT,3.0,1.9853413,5.6923075,5.6923076923076925,15.628312110900879,False
2025-12-02 07:00:00,CUT,3.0,0.16472077,4.076923,4.076923076923077,15.628312110900879,False
2025-12-02 08:00:00,CUT,9.0,3.4215384,7.6153846,7.615384615384615,15.628312110900879,False
2025-12-02 09:00:00,CUT,21.0,8.898258,13.153846,13.153846153846153,15.628312110900879,False
2025-12-02 10:00:00,CUT,31.0,22.26249,25.384615,25.384615384615383,15.628312110900879,False
2025-12-02 11:00:00,CUT,46.0,43.200806,41.923077,41.92307692307692,15.628312110900879,False
2025-12-02 12:00:00,CUT,64.0,57.128395,53.076923,53.07692307692308,15.628312110900879,False
2025-12-02 13:00:00,CUT,76.0,70.81503,62.307693,62.30769230769231,15.628312110900879,False
2025-12-02 14:00:00,CUT,88.0,80.49003,65.69231,65.6923076923077,15.628312110900879,False
2025-12-02 15:00:00,CUT,104.0,88.85837,66.07692,66.07692307692308,15.628312110900879,False
2025-12-02 16:00:00,CUT,97.0,81.78723,59.5,59.5,15.628312110900879,False
2025-12-02 17:00:00,CUT,74.0,56.136917,46.57143,46.57142857142857,15.628312110900879,True
2025-12-02 18:00:00,CUT,24.0,8.5719595,19.076923,19.076923076923077,15.628312110900879,False
2025-12-02 19:00:00,CUT,36.0,-0.9912853,13.230769,13.23076923076923,15.628312110900879,True
2025-12-02 20:00:00,CUT,24.0,-2.1624336,9.076923,9.076923076923077,15.628312110900879,True
2025-12-02 21:00:00,CUT,3.0,0.58141327,8.461538,8.461538461538462,15.628312110900879,False
2025-12-02 22:00:00,CUT,10.0,4.3424826,9.846154,9.846153846153847,15.628312110900879,False
2025-12-02 23:00:00,CUT,23.0,8.426779,12.615385,12.615384615384615,15.628312110900879,False
2025-12-03 00:00:00,CUT,23.0,10.477039,14.2,14.2,15.628312110900879,False
2025-12-03 01:00:00,CUT,24.0,10.960938,14.2,14.2,15.628312110900879,False
2025-12-03 02:00:00,CUT,21.0,11.618747,14.1,14.1,15.628312110900879,False
2025-12-03 03:00:00,CUT,20.0,14.484555,16.538462,16.53846153846154,15.628312110900879,False
2025-12-03 04:00:00,CUT,18.0,15.106682,17.0,17.0,15.628312110900879,False
2025-12-03 05:00:00,CUT,12.0,10.819795,12.692307,12.692307692307692,15.628312110900879,False
2025-12-03 06:00:00,CUT,3.0,3.8239737,5.6923075,5.6923076923076925,15.628312110900879,False
2025-12-03 07:00:00,CUT,3.0,1.9541388,3.9230769,3.923076923076923,15.628312110900879,False
2025-12-03 08:00:00,CUT,9.0,5.4309874,7.5384617,7.538461538461538,15.628312110900879,False
2025-12-03 09:00:00,CUT,14.0,10.819775,12.923077,12.923076923076923,15.628312110900879,False
2025-12-03 10:00:00,CUT,27.0,23.457247,24.538462,24.53846153846154,15.628312110900879,False
2025-12-03 11:00:00,CUT,53.0,43.594723,41.46154,41.46153846153846,15.628312110900879,False
2025-12-03 12:00:00,CUT,64.0,59.879993,53.615383,53.61538461538461,15.628312110900879,False
2025-12-03 13:00:00,CUT,84.0,67.67793,62.692307,62.69230769230769,15.628312110900879,True
2025-12-03 14:00:00,CUT,93.0,65.81496,66.53846,66.53846153846153,15.628312110900879,True
2025-12-03 15:00:00,CUT,90.0,73.926476,68.07692,68.07692307692308,15.628312110900879,True
2025-12-03 16:00:00,CUT,88.0,74.273865,61.214287,61.214285714285715,15.628312110900879,False
2025-12-03 17:00:00,CUT,69.0,61.588493,48.5,48.5,15.628312110900879,False
2025-12-03 18:00:00,CUT,40.0,13.953306,19.76923,19.76923076923077,15.628312110900879,True
2025-12-03 19:00:00,CUT,34.0,3.5071087,15.230769,15.23076923076923,15.628312110900879,True
2025-12-03 20:00:00,CUT,40.0,-0.13479233,10.769231,10.76923076923077,15.628312110900879,True
2025-12-03 21:00:00,CUT,22.0,0.3983717,8.615385,8.615384615384615,15.628312110900879,True
2025-12-03 22:00:00,CUT,16.0,4.569243,10.307693,10.307692307692308,15.628312110900879,False
2025-12-03 23:00:00,CUT,16.0,9.40642,13.307693,13.307692307692308,15.628312110900879,False
2025-12-04 00:00:00,CUT,16.0,11.916945,15.0,15.0,15.628312110900879,False
2025-12-04 01:00:00,CUT,14.0,12.523659,15.090909,15.090909090909092,15.628312110900879,False
2025-12-04 02:00:00,CUT,16.0,12.676686,14.727273,14.727272727272727,15.628312110900879,False
2025-12-04 03:00:00,CUT,15.0,14.404627,16.076923,16.076923076923077,15.628312110900879,False
2025-12-04 04:00:00,CUT,15.0,14.806543,16.538462,16.53846153846154,15.628312110900879,False
2025-12-04 05:00:00,CUT,11.0,10.246084,12.076923,12.076923076923077,15.628312110900879,False
2025-12-04 06:00:00,CUT,3.0,3.3452184,5.4615383,5.461538461538462,15.628312110900879,False
2025-12-04 07:00:00,CUT,3.0,1.1569071,3.6923077,3.6923076923076925,15.628312110900879,False
2025-12-04 08:00:00,CUT,7.0,4.353196,7.3076925,7.3076923076923075,15.628312110900879,False
2025-12-04 09:00:00,CUT,11.0,9.668637,12.692307,12.692307692307692,15.628312110900879,False
2025-12-04 10:00:00,CUT,27.0,22.445793,24.384615,24.384615384615383,15.628312110900879,False
2025-12-04 11:00:00,CUT,39.0,47.511253,42.46154,42.46153846153846,15.628312110900879,False
2025-12-04 12:00:00,CUT,61.0,64.00638,54.76923,54.76923076923077,15.628312110900879,False
2025-12-04 13:00:00,CUT,72.0,72.41387,64.92308,64.92307692307692,15.628312110900879,False
2025-12-04 14:00:00,CUT,88.0,74.608284,69.07692,69.07692307692308,15.628312110900879,False
2025-12-04 15:00:00,CUT,91.0,79.04261,70.84615,70.84615384615384,15.628312110900879,False
2025-12-04 16:00:00,CUT,89.0,76.29935,64.07143,64.07142857142857,15.628312110900879,False
2025-12-04 17:00:00,CUT,68.0,63.359776,51.285713,51.285714285714285,15.628312110900879,False
2025-12-04 18:00:00,CUT,27.0,21.719416,22.23077,22.23076923076923,15.628312110900879,False
2025-12-04 19:00:00,CUT,21.0,10.255861,17.538462,17.53846153846154,15.628312110900879,False
2025-12-04 20:00:00,CUT,21.0,5.361104,13.461538,13.461538461538462,15.628312110900879,True
2025-12-04 21:00:00,CUT,20.0,4.343021,10.076923,10.076923076923077,15.628312110900879,True
2025-12-04 22:00:00,CUT,29.0,8.94524,11.0,11.0,15.628312110900879,True
2025-12-04 23:00:00,CUT,21.0,14.192759,13.923077,13.923076923076923,15.628312110900879,False
2025-12-05 00:00:00,CUT,22.0,16.40861,15.636364,15.636363636363637,15.628312110900879,False
2025-12-05 01:00:00,CUT,18.0,15.438753,15.454545,15.454545454545455,15.628312110900879,False
2025-12-05 02:00:00,CUT,17.0,14.81214,15.0,15.0,15.628312110900879,False
2025-12-05 03:00:00,CUT,17.0,15.5478,15.923077,15.923076923076923,15.628312110900879,False
2025-12-05 04:00:00,CUT,17.0,15.765666,16.307692,16.307692307692307,15.628312110900879,False
2025-12-05 05:00:00,CUT,12.0,11.655484,12.230769,12.23076923076923,15.628312110900879,False
2025-12-05 06:00:00,CUT,3.0,4.322283,5.5384617,5.538461538461538,15.628312110900879,False
2025-12-05 07:00:00,CUT,4.0,1.9388056,3.6923077,3.6923076923076925,15.628312110900879,False
2025-12-05 08:00:00,CUT,8.0,5.132267,7.230769,7.230769230769231,15.628312110900879,False
2025-12-05 09:00:00,CUT,16.0,10.921765,13.0,13.0,15.628312110900879,False
2025-12-05 10:00:00,CUT,19.0,24.87954,25.153847,25.153846153846153,15.628312110900879,False
2025-12-05 11:00:00,CUT,34.0,47.028763,42.923077,42.92307692307692,15.628312110900879,False
2025-12-05 12:00:00,CUT,54.0,63.38065,54.923077,54.92307692307692,15.628312110900879,False
2025-12-05 13:00:00,CUT,71.0,73.39682,64.23077,64.23076923076923,15.628312110900879,False
2025-12-05 14:00:00,CUT,83.0,81.24723,69.53846,69.53846153846153,15.628312110900879,False
2025-12-05 15:00:00,CUT,94.0,85.2807,71.46154,71.46153846153847,15.628312110900879,False
2025-12-05 16:00:00,CUT,77.0,69.45321,64.92857,64.92857142857143,15.628312110900879,False
2025-12-05 17:00:00,CUT,42.0,41.815483,50.92857,50.92857142857143,15.628312110900879,False
2025-12-05 18:00:00,CUT,23.0,5.1376534,22.846153,22.846153846153847,15.628312110900879,True
2025-12-05 19:00:00,CUT,18.0,2.1722097,17.846153,17.846153846153847,15.628312110900879,True
2025-12-05 20:00:00,CUT,7.0,1.7568684,13.769231,13.76923076923077,15.628312110900879,False
2025-12-05 21:00:00,CUT,5.0,-0.022153854,10.153846,10.153846153846153,15.628312110900879,False
2025-12-05 22:00:00,CUT,2.0,2.056491,11.461538,11.461538461538462,15.628312110900879,False
2025-12-05 23:00:00,CUT,2.0,5.0599413,13.538462,13.538461538461538,15.628312110900879,False
2025-12-06 00:00:00,CUT,4.0,7.1224675,15.090909,15.090909090909092,15.628312110900879,False
2025-12-06 01:00:00,CUT,10.0,6.817482,14.363636,14.363636363636363,15.628312110900879,False
2025-12-06 02:00:00,CUT,12.0,6.711617,13.727273,13.727272727272727,15.628312110900879,False
2025-12-06 03:00:00,CUT,13.0,8.687706,14.923077,14.923076923076923,15.628312110900879,False
2025-12-06 04:00:00,CUT,12.0,10.688057,15.384615,15.384615384615385,15.628312110900879,False
2025-12-06 05:00:00,CUT,10.0,8.051611,11.769231,11.76923076923077,15.628312110900879,False
2025-12-06 06:00:00,CUT,6.0,1.8590937,5.3076925,5.3076923076923075,15.628312110900879,False
2025-12-06 07:00:00,CUT,4.0,0.19065523,3.6923077,3.6923076923076925,15.628312110900879,False
2025-12-06 08:00:00,CUT,5.0,3.3332558,6.8461537,6.846153846153846,15.628312110900879,False
2025-12-06 09:00:00,CUT,16.0,8.831952,12.0,12.0,15.628312110900879,False
2025-12-06 10:00:00,CUT,31.0,20.730293,22.692308,22.692307692307693,15.628312110900879,False
2025-12-06 11:00:00,CUT,29.0,43.919872,41.0,41.0,15.628312110900879,False
2025-12-06 12:00:00,CUT,51.0,63.746346,53.923077,53.92307692307692,15.628312110900879,False
2025-12-06 13:00:00,CUT,57.0,71.95941,63.846153,63.84615384615385,15.628312110900879,False
2025-12-06 14:00:00,CUT,62.0,70.082214,69.53846,69.53846153846153,15.628312110900879,False
2025-12-06 15:00:00,CUT,68.0,66.2079,72.15385,72.15384615384616,15.628312110900879,False
2025-12-06 16:00:00,CUT,48.0,56.604187,65.42857,65.42857142857143,15.628312110900879,False
2025-12-06 17:00:00,CUT,33.0,35.3,51.07143,51.07142857142857,15.628312110900879,False
2025-12-06 18:00:00,CUT,21.0,2.63764,23.153847,23.153846153846153,15.628312110900879,True
2025-12-06 19:00:00,CUT,7.0,0.8470669,18.538462,18.53846153846154,15.628312110900879,False
2025-12-06 20:00:00,CUT,6.0,0.5158453,14.076923,14.076923076923077,15.628312110900879,False
2025-12-06 21:00:00,CUT,3.0,0.0057344437,10.0,10.0,15.628312110900879,False
2025-12-06 22:00:00,CUT,2.0,1.9447699,10.384615,10.384615384615385,15.628312110900879,False
2025-12-06 23:00:00,CUT,1.0,3.9977102,12.076923,12.076923076923077,15.628312110900879,False
2025-12-07 00:00:00,CUT,1.0,5.8387923,13.818182,13.818181818181818,15.628312110900879,False
2025-12-07 01:00:00,CUT,3.0,8.191982,13.727273,13.727272727272727,15.628312110900879,False
2025-12-07 02:00:00,CUT,6.0,9.26909,12.818182,12.818181818181818,15.628312110900879,False
2025-12-07 03:00:00,CUT,8.0,11.570668,14.076923,14.076923076923077,15.628312110900879,False
2025-12-07 04:00:00,CUT,10.0,9.91235,14.461538,14.461538461538462,15.628312110900879,False
2025-12-07 05:00:00,CUT,9.0,5.7428026,10.923077,10.923076923076923,15.628312110900879,False
2025-12-07 06:00:00,CUT,4.0,-0.7237501,4.6153846,4.615384615384615,15.628312110900879,False
2025-12-07 07:00:00,CUT,2.0,-2.3720183,2.7692308,2.769230769230769,15.628312110900879,False
2025-12-07 08:00:00,CUT,7.0,1.5732932,6.1538463,6.153846153846154,15.628312110900879,False
2025-12-07 09:00:00,CUT,13.0,8.366571,12.230769,12.23076923076923,15.628312110900879,False
2025-12-07 10:00:00,CUT,24.0,21.090462,22.846153,22.846153846153847,15.628312110900879,False
2025-12-07 11:00:00,CUT,42.0,44.758865,39.153847,39.15384615384615,15.628312110900879,False
2025-12-07 12:00:00,CUT,55.0,56.9111,53.23077,53.23076923076923,15.628312110900879,False
2025-12-07 13:00:00,CUT,65.0,60.21238,62.76923,62.76923076923077,15.628312110900879,False
2025-12-07 14:00:00,CUT,60.0,61.605637,69.07692,69.07692307692308,15.628312110900879,False
2025-12-07 15:00:00,CUT,54.0,66.18365,72.84615,72.84615384615384,15.628312110900879,False
2025-12-07 16:00:00,CUT,59.0,54.53762,65.57143,65.57142857142857,15.628312110900879,False
2025-12-07 17:00:00,CUT,54.0,39.030247,51.285713,51.285714285714285,15.628312110900879,False
2025-12-07 18:00:00,CUT,31.0,12.172723,23.076923,23.076923076923077,15.628312110900879,True
2025-12-07 19:00:00,CUT,22.0,9.426733,18.307692,18.307692307692307,15.628312110900879,False
2025-12-07 20:00:00,CUT,23.0,8.136927,13.538462,13.538461538461538,15.628312110900879,False
2025-12-07 21:00:00,CUT,19.0,4.317244,9.153846,9.153846153846153,15.628312110900879,False
2025-12-07 22:00:00,CUT,21.0,5.26246,9.461538,9.461538461538462,15.628312110900879,True
2025-12-07 23:00:00,CUT,23.0,7.8312397,11.0,11.0,15.628312110900879,False
2025-12-08 00:00:00,CUT,13.0,10.847274,12.909091,12.909090909090908,15.628312110900879,False
2025-12-08 01:00:00,CUT,18.0,11.568025,13.181818,13.181818181818182,15.628312110900879,False
2025-12-08 02:00:00,CUT,21.0,11.258459,12.818182,12.818181818181818,15.628312110900879,False
2025-12-08 03:00:00,CUT,20.0,12.868101,14.153846,14.153846153846153,15.628312110900879,False
2025-12-08 04:00:00,CUT,16.0,13.804893,14.769231,14.76923076923077,15.628312110900879,False
2025-12-08 05:00:00,CUT,12.0,10.104618,11.076923,11.076923076923077,15.628312110900879,False
2025-12-08 06:00:00,CUT,8.0,3.5775142,4.6923075,4.6923076923076925,15.628312110900879,False
2025-12-08 07:00:00,CUT,10.0,1.4785862,2.8461537,2.8461538461538463,15.628312110900879,False
2025-12-08 08:00:00,CUT,10.0,4.5967355,6.4615383,6.461538461538462,15.628312110900879,False
2025-12-08 09:00:00,CUT,14.0,9.03338,11.923077,11.923076923076923,15.628312110900879,False
2025-12-08 10:00:00,CUT,20.0,18.523571,22.384615,22.384615384615383,15.628312110900879,False
2025-12-08 11:00:00,CUT,19.0,34.68559,39.692307,39.69230769230769,15.628312110900879,True
2025-12-08 12:00:00,CUT,22.0,44.355984,54.153847,54.15384615384615,15.628312110900879,True
2025-12-08 13:00:00,CUT,21.0,44.65308,64.07692,64.07692307692308,15.628312110900879,True
2025-12-08 14:00:00,CUT,23.0,41.95407,70.23077,70.23076923076923,15.628312110900879,True
2025-12-08 15:00:00,CUT,23.0,42.348194,73.69231,73.6923076923077,15.628312110900879,True
2025-12-08 16:00:00,CUT,23.0,35.730476,66.92857,66.92857142857143,15.628312110900879,False
2025-12-08 17:00:00,CUT,15.0,26.707897,52.857143,52.857142857142854,15.628312110900879,False
2025-12-08 18:00:00,CUT,6.0,3.4691887,23.384615,23.384615384615383,15.628312110900879,False
2025-12-08 19:00:00,CUT,3.0,3.8754826,19.153847,19.153846153846153,15.628312110900879,False
2025-12-08 20:00:00,CUT,1.0,3.096737,15.153846,15.153846153846153,15.628312110900879,False
2025-12-08 21:00:00,CUT,2.0,-0.59986115,10.384615,10.384615384615385,15.628312110900879,False
2025-12-08 22:00:00,CUT,7.0,0.08181,10.692307,10.692307692307692,15.628312110900879,False
2025-12-08 23:00:00,CUT,4.0,2.0977383,12.307693,12.307692307692308,15.628312110900879,False
2025-12-09 00:00:00,CUT,1.0,3.4629421,13.181818,13.181818181818182,15.628312110900879,False
2025-12-09 01:00:00,CUT,5.0,4.4061584,13.818182,13.818181818181818,15.628312110900879,False
2025-12-09 02:00:00,CUT,8.0,4.311886,13.454545,13.454545454545455,15.628312110900879,False
2025-12-09 03:00:00,CUT,1.0,5.536769,14.384615,14.384615384615385,15.628312110900879,False
2025-12-09 04:00:00,CUT,1.0,6.5094633,15.076923,15.076923076923077,15.628312110900879,False
2025-12-09 05:00:00,CUT,4.0,2.8144531,11.384615,11.384615384615385,15.628312110900879,False
2025-12-09 06:00:00,CUT,1.0,-3.7586474,5.1538463,5.153846153846154,15.628312110900879,False
2025-12-09 07:00:00,CUT,1.0,-5.904525,3.5384614,3.5384615384615383,15.628312110900879,False
2025-12-09 08:00:00,CUT,2.0,-3.072475,7.076923,7.076923076923077,15.628312110900879,False
2025-12-09 09:00:00,CUT,5.0,1.438034,12.692307,12.692307692307692,15.628312110900879,False
2025-12-09 10:00:00,CUT,12.0,8.887483,22.615385,22.615384615384617,15.628312110900879,False
2025-12-09 11:00:00,CUT,30.0,19.935015,37.53846,37.53846153846154,15.628312110900879,False
2025-12-09 12:00:00,CUT,40.0,36.624035,51.153847,51.15384615384615,15.628312110900879,False
2025-12-09 13:00:00,CUT,46.0,50.828304,60.153847,60.15384615384615,15.628312110900879,False
2025-12-09 14:00:00,CUT,60.0,56.40256,65.76923,65.76923076923077,15.628312110900879,False
2025-12-09 15:00:00,CUT,68.0,60.038635,68.76923,68.76923076923077,15.628312110900879,False
2025-12-09 16:00:00,CUT,70.0,48.66416,62.57143,62.57142857142857,15.628312110900879,True
2025-12-09 17:00:00,CUT,53.0,35.052734,49.285713,49.285714285714285,15.628312110900879,True
2025-12-09 18:00:00,CUT,34.0,7.1717825,23.076923,23.076923076923077,15.628312110900879,True
2025-12-09 19:00:00,CUT,28.0,4.398156,18.384615,18.384615384615383,15.628312110900879,True
2025-12-09 20:00:00,CUT,8.0,9.038435,15.076923,15.076923076923077,15.628312110900879,False
2025-12-09 21:00:00,CUT,5.0,7.1188784,9.692307,9.692307692307692,15.628312110900879,False
2025-12-09 22:00:00,CUT,14.0,6.0729523,9.769231,9.76923076923077,15.628312110900879,False
2025-12-09 23:00:00,CUT,16.0,6.9108424,11.0,11.0,15.628312110900879,False
2025-12-10 00:00:00,CUT,18.0,7.806583,12.166667,12.166666666666666,15.628312110900879,False
2025-12-10 01:00:00,CUT,19.0,9.245157,13.083333,13.083333333333334,15.628312110900879,False
2025-12-10 02:00:00,CUT,15.0,8.941282,13.0,13.0,15.628312110900879,False
2025-12-10 03:00:00,CUT,11.0,7.233995,12.615385,12.615384615384615,15.628312110900879,False
2025-12-10 04:00:00,CUT,9.0,6.9537187,13.384615,13.384615384615385,15.628312110900879,False
2025-12-10 05:00:00,CUT,4.0,3.7790647,10.615385,10.615384615384615,15.628312110900879,False
2025-12-10 06:00:00,CUT,1.0,-2.044753,4.6153846,4.615384615384615,15.628312110900879,False
2025-12-10 07:00:00,CUT,2.0,-2.9957147,3.2307692,3.230769230769231,15.628312110900879,False
2025-12-10 08:00:00,CUT,7.0,1.3170142,6.3076925,6.3076923076923075,15.628312110900879,False
2025-12-10 09:00:00,CUT,9.0,8.655914,12.384615,12.384615384615385,15.628312110900879,False
2025-12-10 10:00:00,CUT,14.0,20.040115,22.23077,22.23076923076923,15.628312110900879,False
2025-12-10 11:00:00,CUT,33.0,35.90116,35.615383,35.61538461538461,15.628312110900879,False
2025-12-10 12:00:00,CUT,43.0,50.502964,48.46154,48.46153846153846,15.628312110900879,False
2025-12-10 13:00:00,CUT,47.0,57.296955,56.53846,56.53846153846154,15.628312110900879,False
2025-12-10 14:00:00,CUT,45.0,55.752007,62.692307,62.69230769230769,15.628312110900879,False
2025-12-10 15:00:00,CUT,45.0,50.895397,65.76923,65.76923076923077,15.628312110900879,False
2025-12-10 16:00:00,CUT,37.0,40.724125,59.5,59.5,15.628312110900879,False
2025-12-10 17:00:00,CUT,23.0,25.968021,45.714287,45.714285714285715,15.628312110900879,False
2025-12-10 18:00:00,CUT,11.0,5.227148,23.857143,23.857142857142858,15.628312110900879,False
2025-12-10 19:00:00,CUT,11.0,2.844204,19.071428,19.071428571428573,15.628312110900879,False
2025-12-10 20:00:00,CUT,12.0,2.0286255,14.571428,14.571428571428571,15.628312110900879,False
2025-12-10 21:00:00,CUT,11.0,-0.5324297,9.357142,9.357142857142858,15.628312110900879,False
2025-12-10 22:00:00,CUT,6.0,1.2900076,10.071428,10.071428571428571,15.628312110900879,False
2025-12-10 23:00:00,CUT,5.0,3.2043076,11.357142,11.357142857142858,15.628312110900879,False
2025-12-11 00:00:00,CUT,8.0,4.756818,12.615385,12.615384615384615,15.628312110900879,False
2025-12-11 01:00:00,CUT,6.0,6.228406,13.538462,13.538461538461538,15.628312110900879,False
2025-12-11 02:00:00,CUT,8.0,6.1311336,13.153846,13.153846153846153,15.628312110900879,False
2025-12-11 03:00:00,CUT,7.0,5.5700984,12.5,12.5,15.628312110900879,False
2025-12-11 04:00:00,CUT,9.0,5.6596503,13.071428,13.071428571428571,15.628312110900879,False
2025-12-11 05:00:00,CUT,4.0,2.5357633,10.142858,10.142857142857142,15.628312110900879,False
2025-12-11 06:00:00,CUT,1.0,-3.3539572,4.357143,4.357142857142857,15.628312110900879,False
2025-12-11 07:00:00,CUT,1.0,-4.4760685,3.142857,3.142857142857143,15.628312110900879,False
2025-12-11 08:00:00,CUT,3.0,-0.8059492,6.357143,6.357142857142857,15.628312110900879,False
2025-12-11 09:00:00,CUT,6.0,5.7669873,12.142858,12.142857142857142,15.628312110900879,False
2025-12-11 10:00:00,CUT,17.0,16.733582,21.642857,21.642857142857142,15.628312110900879,False
2025-12-11 11:00:00,CUT,27.0,29.617752,35.42857,35.42857142857143,15.628312110900879,False
2025-12-11 12:00:00,CUT,37.0,41.304764,47.692307,47.69230769230769,15.628312110900879,False
2025-12-11 13:00:00,CUT,44.0,49.89058,55.692307,55.69230769230769,15.628312110900879,False
2025-12-11 14:00:00,CUT,58.0,55.372215,61.384617,61.38461538461539,15.628312110900879,False
2025-12-11 15:00:00,CUT,64.0,56.935394,64.38461,64.38461538461539,15.628312110900879,False
2025-12-11 16:00:00,CUT,57.0,50.980244,58.714287,58.714285714285715,15.628312110900879,False
2025-12-11 17:00:00,CUT,39.0,30.305191,45.5,45.5,15.628312110900879,False
2025-12-11 18:00:00,CUT,5.0,6.369728,23.428572,23.428571428571427,15.628312110900879,False
2025-12-11 19:00:00,CUT,21.0,2.1479168,18.571428,18.571428571428573,15.628312110900879,True
2025-12-11 20:00:00,CUT,31.0,1.7788,14.285714,14.285714285714286,15.628312110900879,True
2025-12-11 21:00:00,CUT,22.0,2.5185266,9.071428,9.071428571428571,15.628312110900879,True
2025-12-11 22:00:00,CUT,17.0,3.4488573,9.571428,9.571428571428571,15.628312110900879,False
2025-12-11 23:00:00,CUT,11.0,3.3399205,10.714286,10.714285714285714,15.628312110900879,False
2025-12-12 00:00:00,CUT,10.0,2.9449806,11.461538,11.461538461538462,15.628312110900879,False
2025-12-12 01:00:00,CUT,11.0,3.134409,12.153846,12.153846153846153,15.628312110900879,False
2025-12-12 02:00:00,CUT,11.0,2.8747606,12.076923,12.076923076923077,15.628312110900879,False
2025-12-12 03:00:00,CUT,15.0,2.8327007,12.071428,12.071428571428571,15.628312110900879,False
2025-12-12 04:00:00,CUT,12.0,2.8660975,12.071428,12.071428571428571,15.628312110900879,False
2025-12-12 05:00:00,CUT,7.0,-0.14358997,8.928572,8.928571428571429,15.628312110900879,False
2025-12-12 06:00:00,CUT,2.0,-5.059116,3.857143,3.857142857142857,15.628312110900879,False
2025-12-12 07:00:00,CUT,1.0,-6.0708895,3.0714285,3.0714285714285716,15.628312110900879,False
2025-12-12 08:00:00,CUT,4.0,-3.5085168,6.071429,6.071428571428571,15.628312110900879,False
2025-12-12 09:00:00,CUT,5.0,1.6969509,11.285714,11.285714285714286,15.628312110900879,False
2025-12-12 10:00:00,CUT,14.0,11.381604,20.857143,20.857142857142858,15.628312110900879,False
2025-12-12 11:00:00,CUT,41.0,27.048607,35.0,35.0,15.628312110900879,False
2025-12-12 12:00:00,CUT,56.0,45.84757,48.23077,48.23076923076923,15.628312110900879,False
2025-12-12 13:00:00,CUT,60.0,56.719563,56.46154,56.46153846153846,15.628312110900879,False
2025-12-12 14:00:00,CUT,60.0,60.391533,63.153847,63.15384615384615,15.628312110900879,False
2025-12-12 15:00:00,CUT,42.0,57.73674,67.0,67.0,15.628312110900879,True
2025-12-12 16:00:00,CUT,40.0,38.41684,61.142857,61.142857142857146,15.628312110900879,False
2025-12-12 17:00:00,CUT,34.0,22.783503,47.142857,47.142857142857146,15.628312110900879,False
2025-12-12 18:00:00,CUT,21.0,-0.48087502,22.857143,22.857142857142858,15.628312110900879,True
2025-12-12 19:00:00,CUT,15.0,-0.5199089,19.285715,19.285714285714285,15.628312110900879,False
2025-12-12 20:00:00,CUT,12.0,-0.8673239,15.642858,15.642857142857142,15.628312110900879,False
2025-12-12 21:00:00,CUT,4.0,-3.4398508,9.714286,9.714285714285714,15.628312110900879,False
2025-12-12 22:00:00,CUT,5.0,-0.08232784,10.0,10.0,15.628312110900879,False
2025-12-12 23:00:00,CUT,10.0,1.3036461,10.357142,10.357142857142858,15.628312110900879,False
2025-12-13 00:00:00,CUT,7.0,2.5123158,10.769231,10.76923076923077,15.628312110900879,False
2025-12-13 01:00:00,CUT,8.0,7.799426,11.923077,11.923076923076923,15.628312110900879,False
2025-12-13 02:00:00,CUT,9.0,9.728326,12.384615,12.384615384615385,15.628312110900879,False
2025-12-13 03:00:00,CUT,10.0,10.091174,12.142858,12.142857142857142,15.628312110900879,False
2025-12-13 04:00:00,CUT,10.0,5.210426,11.571428,11.571428571428571,15.628312110900879,False
2025-12-13 05:00:00,CUT,8.0,1.1928611,8.428572,8.428571428571429,15.628312110900879,False
2025-12-13 06:00:00,CUT,5.0,-4.2095385,3.2857144,3.2857142857142856,15.628312110900879,False
2025-12-13 07:00:00,CUT,6.0,-4.881304,2.857143,2.857142857142857,15.628312110900879,False
2025-12-13 08:00:00,CUT,7.0,-1.901866,6.0,6.0,15.628312110900879,False
2025-12-13 09:00:00,CUT,13.0,1.9303627,10.571428,10.571428571428571,15.628312110900879,False
2025-12-13 10:00:00,CUT,24.0,10.492316,20.285715,20.285714285714285,15.628312110900879,False
2025-12-13 11:00:00,CUT,38.0,23.309595,36.5,36.5,15.628312110900879,False
2025-12-13 12:00:00,CUT,40.0,34.11145,51.23077,51.23076923076923,15.628312110900879,False
2025-12-13 13:00:00,CUT,47.0,40.976604,59.46154,59.46153846153846,15.628312110900879,False
2025-12-13 14:00:00,CUT,50.0,47.299217,66.0,66.0,15.628312110900879,False
2025-12-13 15:00:00,CUT,54.0,46.733513,68.30769,68.3076923076923,15.628312110900879,False
2025-12-13 16:00:00,CUT,60.0,40.811,62.42857,62.42857142857143,15.628312110900879,True
2025-12-13 17:00:00,CUT,41.0,28.167902,48.5,48.5,15.628312110900879,False
2025-12-13 18:00:00,CUT,26.0,3.5602608,23.714285,23.714285714285715,15.628312110900879,True
2025-12-13 19:00:00,CUT,11.0,1.9584961,19.928572,19.928571428571427,15.628312110900879,False
2025-12-13 20:00:00,CUT,8.0,2.0445108,16.357143,16.357142857142858,15.628312110900879,False
2025-12-13 21:00:00,CUT,5.0,-0.80183125,9.857142,9.857142857142858,15.628312110900879,False
2025-12-13 22:00:00,CUT,5.0,2.3802495,10.285714,10.285714285714286,15.628312110900879,False
2025-12-13 23:00:00,CUT,5.0,3.4552474,11.0,11.0,15.628312110900879,False
2025-12-14 00:00:00,CUT,6.0,3.4031453,11.230769,11.23076923076923,15.628312110900879,False
2025-12-14 01:00:00,CUT,7.0,3.991373,12.461538,12.461538461538462,15.628312110900879,False
2025-12-14 02:00:00,CUT,6.0,4.5335474,13.0,13.0,15.628312110900879,False
2025-12-14 03:00:00,CUT,10.0,3.958846,12.785714,12.785714285714286,15.628312110900879,False
2025-12-14 04:00:00,CUT,13.0,3.0003319,12.214286,12.214285714285714,15.628312110900879,False
2025-12-14 05:00:00,CUT,13.0,-0.11832523,8.928572,8.928571428571429,15.628312110900879,False
2025-12-14 06:00:00,CUT,9.0,-5.0502415,3.5714285,3.5714285714285716,15.628312110900879,False
2025-12-14 07:00:00,CUT,2.0,-5.3548994,3.2142856,3.2142857142857144,15.628312110900879,False
2025-12-14 08:00:00,CUT,3.0,-1.4605451,6.285714,6.285714285714286,15.628312110900879,False
2025-12-14 09:00:00,CUT,13.0,4.95892,11.142858,11.142857142857142,15.628312110900879,False
2025-12-14 10:00:00,CUT,29.0,16.800936,21.214285,21.214285714285715,15.628312110900879,False
2025-12-14 11:00:00,CUT,41.0,35.94625,37.142857,37.142857142857146,15.628312110900879,False
2025-12-14 12:00:00,CUT,49.0,51.84003,50.23077,50.23076923076923,15.628312110900879,False
2025-12-14 13:00:00,CUT,50.0,53.934048,59.076923,59.07692307692308,15.628312110900879,False
2025-12-14 14:00:00,CUT,59.0,47.76692,66.0,66.0,15.628312110900879,False
2025-12-14 15:00:00,CUT,39.0,45.90233,68.61539,68.61538461538461,15.628312110900879,False
2025-12-14 16:00:00,CUT,29.0,37.932526,63.07143,63.07142857142857,15.628312110900879,False
2025-12-14 17:00:00,CUT,26.0,22.606565,48.07143,48.07142857142857,15.628312110900879,False
2025-12-14 18:00:00,CUT,19.0,2.8614368,24.857143,24.857142857142858,15.628312110900879,True
2025-12-14 19:00:00,CUT,10.0,2.8695488,20.071428,20.071428571428573,15.628312110900879,False
2025-12-14 20:00:00,CUT,10.0,4.018304,16.357143,16.357142857142858,15.628312110900879,False
2025-12-14 21:00:00,CUT,12.0,1.6410856,10.0,10.0,15.628312110900879,False
2025-12-14 22:00:00,CUT,15.0,4.8570304,10.357142,10.357142857142858,15.628312110900879,False
2025-12-14 23:00:00,CUT,14.0,7.0036454,10.857142,10.857142857142858,15.628312110900879,False
2025-12-15 00:00:00,CUT,15.0,7.6332912,10.846154,10.846153846153847,15.628312110900879,False
2025-12-15 01:00:00,CUT,20.0,8.714805,12.076923,12.076923076923077,15.628312110900879,False
2025-12-15 02:00:00,CUT,20.0,9.841019,12.538462,12.538461538461538,15.628312110900879,False
2025-12-15 03:00:00,CUT,20.0,10.105179,12.5,12.5,15.628312110900879,False
2025-12-15 04:00:00,CUT,7.0,10.619099,12.0,12.0,15.628312110900879,False
2025-12-15 05:00:00,CUT,11.0,7.8309317,8.785714,8.785714285714286,15.628312110900879,False
2025-12-15 06:00:00,CUT,15.0,2.2325659,3.642857,3.642857142857143,15.628312110900879,False
2025-12-15 07:00:00,CUT,9.0,-0.418056,3.142857,3.142857142857143,15.628312110900879,False
2025-12-15 08:00:00,CUT,16.0,0.56268644,6.0,6.0,15.628312110900879,False
2025-12-15 09:00:00,CUT,16.0,4.24162,11.571428,11.571428571428571,15.628312110900879,False
2025-12-15 10:00:00,CUT,17.0,9.077304,21.785715,21.785714285714285,15.628312110900879,False
2025-12-15 11:00:00,CUT,18.0,9.136831,36.214287,36.214285714285715,15.628312110900879,False
2025-12-15 12:00:00,CUT,20.0,14.29916,48.923077,48.92307692307692,15.628312110900879,False
2025-12-15 13:00:00,CUT,22.0,21.417305,56.923077,56.92307692307692,15.628312110900879,False
2025-12-15 14:00:00,CUT,18.0,28.171356,63.76923,63.76923076923077,15.628312110900879,False
2025-12-15 15:00:00,CUT,15.0,30.988846,64.30769,64.3076923076923,15.628312110900879,True
2025-12-15 16:00:00,CUT,16.0,28.354555,58.357143,58.357142857142854,15.628312110900879,False
2025-12-15 17:00:00,CUT,11.0,17.997496,44.07143,44.07142857142857,15.628312110900879,False
2025-12-15 18:00:00,CUT,4.0,0.69511795,23.571428,23.571428571428573,15.628312110900879,False
2025-12-15 19:00:00,CUT,4.0,-1.2808247,19.071428,19.071428571428573,15.628312110900879,False
2025-12-15 20:00:00,CUT,3.0,-2.1485758,15.857142,15.857142857142858,15.628312110900879,False
2025-12-15 21:00:00,CUT,1.0,-6.2910585,9.714286,9.714285714285714,15.628312110900879,False
2025-12-15 22:00:00,CUT,1.0,-3.7866554,10.785714,10.785714285714286,15.628312110900879,False
2025-12-15 23:00:00,CUT,5.0,-2.1590433,11.357142,11.357142857142858,15.628312110900879,False
2025-12-16 00:00:00,CUT,6.0,-1.1715183,11.142858,11.142857142857142,15.628312110900879,False
2025-12-16 01:00:00,CUT,6.0,1.9116306,12.642858,12.642857142857142,15.628312110900879,False
2025-12-16 02:00:00,CUT,11.0,3.7755375,13.071428,13.071428571428571,15.628312110900879,False
2025-12-16 03:00:00,CUT,10.0,4.6198606,12.785714,12.785714285714286,15.628312110900879,False
2025-12-16 04:00:00,CUT,5.0,3.234352,11.285714,11.285714285714286,15.628312110900879,False
2025-12-16 05:00:00,CUT,2.0,-0.14787865,8.714286,8.714285714285714,15.628312110900879,False
2025-12-16 06:00:00,CUT,1.0,-5.4656014,4.571429,4.571428571428571,15.628312110900879,False
2025-12-16 07:00:00,CUT,1.0,-7.834538,3.642857,3.642857142857143,15.628312110900879,False
2025-12-16 08:00:00,CUT,2.0,-6.346214,6.928571,6.928571428571429,15.628312110900879,False
2025-12-16 09:00:00,CUT,4.0,-4.053849,12.285714,12.285714285714286,15.628312110900879,False
2025-12-16 10:00:00,CUT,6.0,-0.1971302,21.857143,21.857142857142858,15.628312110900879,False
2025-12-16 11:00:00,CUT,16.0,8.123907,35.0,35.0,15.628312110900879,False
2025-12-16 12:00:00,CUT,41.0,19.47006,46.857143,46.857142857142854,15.628312110900879,True
2025-12-16 13:00:00,CUT,44.0,34.697678,54.42857,54.42857142857143,15.628312110900879,False
2025-12-16 14:00:00,CUT,46.0,51.435143,60.5,60.5,15.628312110900879,False
2025-12-16 15:00:00,CUT,49.0,54.835148,60.785713,60.785714285714285,15.628312110900879,False
2025-12-16 16:00:00,CUT,52.0,50.64333,56.42857,56.42857142857143,15.628312110900879,False
2025-12-16 17:00:00,CUT,40.0,29.788578,41.57143,41.57142857142857,15.628312110900879,False
2025-12-16 18:00:00,CUT,6.0,3.824854,20.857143,20.857142857142858,15.628312110900879,False
2025-12-16 19:00:00,CUT,8.0,-0.6470928,17.214285,17.214285714285715,15.628312110900879,False
2025-12-16 20:00:00,CUT,20.0,-0.4120779,14.714286,14.714285714285714,15.628312110900879,True
2025-12-16 21:00:00,CUT,25.0,-1.7970581,9.571428,9.571428571428571,15.628312110900879,True
2025-12-16 22:00:00,CUT,24.0,1.5627041,10.714286,10.714285714285714,15.628312110900879,True
2025-12-16 23:00:00,CUT,18.0,2.8756657,11.142858,11.142857142857142,15.628312110900879,False
2025-12-17 00:00:00,CUT,14.0,1.4285202,10.714286,10.714285714285714,15.628312110900879,False
2025-12-17 01:00:00,CUT,18.0,2.416709,12.071428,12.071428571428571,15.628312110900879,False
2025-12-17 02:00:00,CUT,21.0,3.4305964,12.928572,12.928571428571429,15.628312110900879,True
2025-12-17 03:00:00,CUT,19.0,3.8187437,12.642858,12.642857142857142,15.628312110900879,False
2025-12-17 04:00:00,CUT,21.0,3.0439167,11.0,11.0,15.628312110900879,True
2025-12-17 05:00:00,CUT,18.0,1.467937,8.5,8.5,15.628312110900879,True
2025-12-17 06:00:00,CUT,8.0,-1.8701248,4.428571,4.428571428571429,15.628312110900879,False
2025-12-17 07:00:00,CUT,4.0,-2.8561702,3.5,3.5,15.628312110900879,False
2025-12-17 08:00:00,CUT,8.0,0.18228436,6.428571,6.428571428571429,15.628312110900879,False
2025-12-17 09:00:00,CUT,7.0,6.712893,11.071428,11.071428571428571,15.628312110900879,False
2025-12-17 10:00:00,CUT,8.0,17.835308,20.071428,20.071428571428573,15.628312110900879,False
2025-12-17 11:00:00,CUT,27.0,37.14053,32.857143,32.857142857142854,15.628312110900879,False
2025-12-17 12:00:00,CUT,37.0,55.726532,45.214287,45.214285714285715,15.628312110900879,True
2025-12-17 13:00:00,CUT,49.0,56.82717,52.142857,52.142857142857146,15.628312110900879,False
2025-12-17 14:00:00,CUT,57.0,53.16343,57.5,57.5,15.628312110900879,False
2025-12-17 15:00:00,CUT,53.0,48.385338,56.857143,56.857142857142854,15.628312110900879,False
2025-12-17 16:00:00,CUT,34.0,36.71203,53.214287,53.214285714285715,15.628312110900879,False
2025-12-17 17:00:00,CUT,18.0,16.325556,39.142857,39.142857142857146,15.628312110900879,False
2025-12-17 18:00:00,CUT,6.0,-1.8036041,19.571428,19.571428571428573,15.628312110900879,False
2025-12-17 19:00:00,CUT,1.0,-1.9758654,15.214286,15.214285714285714,15.628312110900879,False
2025-12-17 20:00:00,CUT,1.0,1.6057167,14.428572,14.428571428571429,15.628312110900879,False
2025-12-17 21:00:00,CUT,1.0,0.7132492,11.142858,11.142857142857142,15.628312110900879,False
2025-12-17 22:00:00,CUT,1.0,2.0511465,11.714286,11.714285714285714,15.628312110900879,False
2025-12-17 23:00:00,CUT,1.0,2.0683784,10.785714,10.785714285714286,15.628312110900879,False
2025-12-18 00:00:00,CUT,2.0,2.37738,10.071428,10.071428571428571,15.628312110900879,False
2025-12-18 01:00:00,CUT,4.0,4.715566,11.642858,11.642857142857142,15.628312110900879,False
2025-12-18 02:00:00,CUT,7.0,6.2997518,12.928572,12.928571428571429,15.628312110900879,False
2025-12-18 03:00:00,CUT,8.0,5.819588,12.571428,12.571428571428571,15.628312110900879,False
2025-12-18 04:00:00,CUT,8.0,4.589623,11.214286,11.214285714285714,15.628312110900879,False
2025-12-18 05:00:00,CUT,8.0,2.4543872,8.928572,8.928571428571429,15.628312110900879,False
2025-12-18 06:00:00,CUT,1.0,-2.0557303,4.785714,4.785714285714286,15.628312110900879,False
2025-12-18 07:00:00,CUT,1.0,-3.312794,3.5714285,3.5714285714285716,15.628312110900879,False
2025-12-18 08:00:00,CUT,3.0,-0.40365505,6.357143,6.357142857142857,15.628312110900879,False
2025-12-18 09:00:00,CUT,8.0,4.2056975,10.571428,10.571428571428571,15.628312110900879,False
2025-12-18 10:00:00,CUT,19.0,12.701653,18.714285,18.714285714285715,15.628312110900879,False
2025-12-18 11:00:00,CUT,46.0,26.532362,31.0,31.0,15.628312110900879,True
2025-12-18 12:00:00,CUT,50.0,45.684196,43.285713,43.285714285714285,15.628312110900879,False
2025-12-18 13:00:00,CUT,53.0,54.771755,49.642857,49.642857142857146,15.628312110900879,False
2025-12-18 14:00:00,CUT,60.0,54.366104,54.92857,54.92857142857143,15.628312110900879,False
2025-12-18 15:00:00,CUT,50.0,47.48511,54.214287,54.214285714285715,15.628312110900879,False
2025-12-18 16:00:00,CUT,54.0,26.652498,49.357143,49.357142857142854,15.628312110900879,True
2025-12-18 17:00:00,CUT,40.0,11.789455,35.5,35.5,15.628312110900879,True
2025-12-18 18:00:00,CUT,21.0,-7.1541004,17.142857,17.142857142857142,15.628312110900879,True
2025-12-18 19:00:00,CUT,9.0,-7.5882673,12.857142,12.857142857142858,15.628312110900879,True
2025-12-18 20:00:00,CUT,4.0,-5.7970133,11.642858,11.642857142857142,15.628312110900879,False
2025-12-18 21:00:00,CUT,2.0,-5.8351784,9.642858,9.642857142857142,15.628312110900879,False
2025-12-18 22:00:00,CUT,1.0,-2.6519365,10.642858,10.642857142857142,15.628312110900879,False
2025-12-18 23:00:00,CUT,3.0,-2.0578175,9.714286,9.714285714285714,15.628312110900879,False
2025-12-19 00:00:00,CUT,7.0,-2.142931,9.071428,9.071428571428571,15.628312110900879,False
2025-12-19 01:00:00,CUT,5.0,4.6970563,10.928572,10.928571428571429,15.628312110900879,False
2025-12-19 02:00:00,CUT,6.0,8.929847,12.285714,12.285714285714286,15.628312110900879,False
2025-12-19 03:00:00,CUT,12.0,10.150886,12.071428,12.071428571428571,15.628312110900879,False
2025-12-19 04:00:00,CUT,13.0,5.6843576,10.714286,10.714285714285714,15.628312110900879,False
2025-12-19 05:00:00,CUT,9.0,3.725203,8.714286,8.714285714285714,15.628312110900879,False
2025-12-19 06:00:00,CUT,3.0,-1.0524135,4.642857,4.642857142857143,15.628312110900879,False
2025-12-19 07:00:00,CUT,6.0,-3.6906555,3.4285715,3.4285714285714284,15.628312110900879,False
2025-12-19 08:00:00,CUT,12.0,-1.664629,6.071429,6.071428571428571,15.628312110900879,False
2025-12-19 09:00:00,CUT,20.0,1.7790203,10.357142,10.357142857142858,15.628312110900879,True
2025-12-19 10:00:00,CUT,29.0,9.745772,18.142857,18.142857142857142,15.628312110900879,True
2025-12-19 11:00:00,CUT,40.0,23.645367,31.5,31.5,15.628312110900879,True
2025-12-19 12:00:00,CUT,47.0,27.904146,42.5,42.5,15.628312110900879,True
2025-12-19 13:00:00,CUT,54.0,32.016655,48.285713,48.285714285714285,15.628312110900879,True
2025-12-19 14:00:00,CUT,62.0,39.73423,52.92857,52.92857142857143,15.628312110900879,True
2025-12-19 15:00:00,CUT,66.0,42.949318,51.285713,51.285714285714285,15.628312110900879,True
2025-12-19 16:00:00,CUT,69.0,38.447025,46.857143,46.857142857142854,15.628312110900879,True
2025-12-19 17:00:00,CUT,61.0,22.481466,33.5,33.5,15.628312110900879,True
2025-12-19 18:00:00,CUT,29.0,1.986248,16.714285,16.714285714285715,15.628312110900879,True
2025-12-19 19:00:00,CUT,17.0,-7.6847706,12.0,12.0,15.628312110900879,True
2025-12-19 20:00:00,CUT,9.0,-6.479164,10.428572,10.428571428571429,15.628312110900879,False
2025-12-19 21:00:00,CUT,10.0,-4.734762,8.357142,8.357142857142858,15.628312110900879,False
2025-12-19 22:00:00,CUT,5.0,-0.5170002,8.642858,8.642857142857142,15.628312110900879,False
2025-12-19 23:00:00,CUT,9.0,0.58971643,8.428572,8.428571428571429,15.628312110900879,False
2025-12-20 00:00:00,CUT,7.0,0.62631464,8.0,8.0,15.628312110900879,False
2025-12-20 01:00:00,CUT,9.0,2.7279544,10.0,10.0,15.628312110900879,False
2025-12-20 02:00:00,CUT,7.0,4.1076865,11.5,11.5,15.628312110900879,False
2025-12-20 03:00:00,CUT,13.0,4.4412246,11.714286,11.714285714285714,15.628312110900879,False
2025-12-20 04:00:00,CUT,13.0,3.4438891,10.428572,10.428571428571429,15.628312110900879,False
2025-12-20 05:00:00,CUT,9.0,1.8209763,8.5,8.5,15.628312110900879,False
2025-12-20 06:00:00,CUT,4.0,-2.2308369,4.642857,4.642857142857143,15.628312110900879,False
2025-12-20 07:00:00,CUT,2.0,-3.4172719,3.5714285,3.5714285714285716,15.628312110900879,False
2025-12-20 08:00:00,CUT,8.0,-0.50887966,6.357143,6.357142857142857,15.628312110900879,False
2025-12-20 09:00:00,CUT,5.0,4.388081,10.642858,10.642857142857142,15.628312110900879,False
2025-12-20 10:00:00,CUT,13.0,14.449844,18.857143,18.857142857142858,15.628312110900879,False
2025-12-20 11:00:00,CUT,39.0,31.960674,31.928572,31.928571428571427,15.628312110900879,False
2025-12-20 12:00:00,CUT,55.0,50.876076,42.0,42.0,15.628312110900879,False
2025-12-20 13:00:00,CUT,60.0,55.64234,47.07143,47.07142857142857,15.628312110900879,False
2025-12-20 14:00:00,CUT,66.0,54.80769,51.42857,51.42857142857143,15.628312110900879,False
2025-12-20 15:00:00,CUT,68.0,47.973198,49.285713,49.285714285714285,15.628312110900879,True
2025-12-20 16:00:00,CUT,65.0,45.706585,46.285713,46.285714285714285,15.628312110900879,True
2025-12-20 17:00:00,CUT,47.0,32.114315,34.857143,34.857142857142854,15.628312110900879,False
2025-12-20 18:00:00,CUT,33.0,7.5321646,17.142857,17.142857142857142,15.628312110900879,True
2025-12-20 19:00:00,CUT,19.0,-3.7907133,11.928572,11.928571428571429,15.628312110900879,True
2025-12-20 20:00:00,CUT,5.0,-7.0386734,10.571428,10.571428571428571,15.628312110900879,False
2025-12-20 21:00:00,CUT,2.0,-7.211337,8.714286,8.714285714285714,15.628312110900879,False
2025-12-20 22:00:00,CUT,6.0,-3.1222954,8.857142,8.857142857142858,15.628312110900879,False
2025-12-20 23:00:00,CUT,16.0,0.45191574,8.928572,8.928571428571429,15.628312110900879,False
2025-12-21 00:00:00,CUT,20.0,2.9163117,8.214286,8.214285714285714,15.628312110900879,True
2025-12-21 01:00:00,CUT,19.0,5.2704616,9.928572,9.928571428571429,15.628312110900879,False
2025-12-21 02:00:00,CUT,21.0,7.829106,11.142858,11.142857142857142,15.628312110900879,False
2025-12-21 03:00:00,CUT,24.0,7.9275312,11.714286,11.714285714285714,15.628312110900879,True
2025-12-21 04:00:00,CUT,24.0,5.7230663,10.5,10.5,15.628312110900879,True
2025-12-21 05:00:00,CUT,18.0,4.206164,8.428572,8.428571428571429,15.628312110900879,False
2025-12-21 06:00:00,CUT,10.0,-1.7021189,4.5,4.5,15.628312110900879,False
2025-12-21 07:00:00,CUT,12.0,-3.811611,3.4285715,3.4285714285714284,15.628312110900879,True
2025-12-21 08:00:00,CUT,7.0,-1.1254206,6.571429,6.571428571428571,15.628312110900879,False
2025-12-21 09:00:00,CUT,12.0,3.1910524,9.857142,9.857142857142858,15.628312110900879,False
2025-12-21 10:00:00,CUT,20.0,15.198789,17.571428,17.571428571428573,15.628312110900879,False
2025-12-21 11:00:00,CUT,48.0,34.342293,32.642857,32.642857142857146,15.628312110900879,False
2025-12-21 12:00:00,CUT,55.0,53.66891,42.285713,42.285714285714285,15.628312110900879,False
2025-12-21 13:00:00,CUT,57.0,50.10681,47.285713,47.285714285714285,15.628312110900879,False
2025-12-21 14:00:00,CUT,68.0,49.269276,51.714287,51.714285714285715,15.628312110900879,True
2025-12-21 15:00:00,CUT,71.0,47.19201,49.285713,49.285714285714285,15.628312110900879,True
2025-12-21 16:00:00,CUT,67.0,44.516853,47.5,47.5,15.628312110900879,True
2025-12-21 17:00:00,CUT,54.0,31.516933,35.857143,35.857142857142854,15.628312110900879,True
2025-12-21 18:00:00,CUT,31.0,11.321949,18.0,18.0,15.628312110900879,True
2025-12-21 19:00:00,CUT,21.0,2.7526531,12.785714,12.785714285714286,15.628312110900879,True
2025-12-21 20:00:00,CUT,21.0,4.1765747,10.5,10.5,15.628312110900879,True
2025-12-21 21:00:00,CUT,20.0,10.913391,8.642858,8.642857142857142,15.628312110900879,False
2025-12-21 22:00:00,CUT,25.0,16.08693,9.142858,9.142857142857142,15.628312110900879,False
2025-12-21 23:00:00,CUT,23.0,17.648424,10.0,10.0,15.628312110900879,False
2025-12-22 00:00:00,CUT,22.0,17.43615,9.571428,9.571428571428571,15.628312110900879,False
2025-12-22 01:00:00,CUT,24.0,18.921724,11.071428,11.071428571428571,15.628312110900879,False
2025-12-22 02:00:00,CUT,22.0,19.410976,12.214286,12.214285714285714,15.628312110900879,False
2025-12-22 03:00:00,CUT,20.0,18.33459,12.857142,12.857142857142858,15.628312110900879,False
2025-12-22 04:00:00,CUT,6.0,15.116954,11.5,11.5,15.628312110900879,False
2025-12-22 05:00:00,CUT,7.0,8.836806,9.071428,9.071428571428571,15.628312110900879,False
2025-12-22 06:00:00,CUT,5.0,3.7170687,4.928571,4.928571428571429,15.628312110900879,False
2025-12-22 07:00:00,CUT,10.0,2.391395,4.142857,4.142857142857143,15.628312110900879,False
2025-12-22 08:00:00,CUT,14.0,4.4016714,6.571429,6.571428571428571,15.628312110900879,False
2025-12-22 09:00:00,CUT,22.0,7.8069687,9.785714,9.785714285714286,15.628312110900879,False
2025-12-22 10:00:00,CUT,23.0,15.882334,17.285715,17.285714285714285,15.628312110900879,False
2025-12-22 11:00:00,CUT,25.0,31.011576,33.07143,33.07142857142857,15.628312110900879,False
2025-12-22 12:00:00,CUT,31.0,36.453445,42.285713,42.285714285714285,15.628312110900879,False
2025-12-22 13:00:00,CUT,38.0,36.08308,46.714287,46.714285714285715,15.628312110900879,False
2025-12-22 14:00:00,CUT,48.0,34.747208,52.285713,52.285714285714285,15.628312110900879,False
2025-12-22 15:00:00,CUT,35.0,27.8524,50.5,50.5,15.628312110900879,False
2025-12-22 16:00:00,CUT,25.0,19.487247,48.07143,48.07142857142857,15.628312110900879,False
2025-12-22 17:00:00,CUT,15.0,8.142942,35.857143,35.857142857142854,15.628312110900879,False
2025-12-22 18:00:00,CUT,5.0,-4.7935886,18.0,18.0,15.628312110900879,False
2025-12-22 19:00:00,CUT,3.0,-5.975013,12.714286,12.714285714285714,15.628312110900879,False
2025-12-22 20:00:00,CUT,3.0,-5.8406363,10.357142,10.357142857142858,15.628312110900879,False
2025-12-22 21:00:00,CUT,2.0,-5.6579876,8.714286,8.714285714285714,15.628312110900879,False
2025-12-22 22:00:00,CUT,1.0,-3.757577,9.428572,9.428571428571429,15.628312110900879,False
2025-12-22 23:00:00,CUT,6.0,-1.8517141,10.0,10.0,15.628312110900879,False
2025-12-23 00:00:00,CUT,4.0,-0.21442795,10.214286,10.214285714285714,15.628312110900879,False
2025-12-23 01:00:00,CUT,4.0,2.2332602,11.5,11.5,15.628312110900879,False
2025-12-23 02:00:00,CUT,5.0,3.9167852,12.285714,12.285714285714286,15.628312110900879,False
2025-12-23 03:00:00,CUT,6.0,5.014864,12.857142,12.857142857142858,15.628312110900879,False
2025-12-23 04:00:00,CUT,3.0,2.9186406,10.785714,10.785714285714286,15.628312110900879,False
2025-12-23 05:00:00,CUT,1.0,0.5564184,8.714286,8.714285714285714,15.628312110900879,False
2025-12-23 06:00:00,CUT,1.0,-3.736988,4.714286,4.714285714285714,15.628312110900879,False
2025-12-23 07:00:00,CUT,1.0,-4.5904336,4.142857,4.142857142857143,15.628312110900879,False
2025-12-23 08:00:00,CUT,3.0,-2.5373073,6.857143,6.857142857142857,15.628312110900879,False
2025-12-23 09:00:00,CUT,6.0,0.6056385,10.357142,10.357142857142858,15.628312110900879,False
2025-12-23 10:00:00,CUT,16.0,6.4092846,17.5,17.5,15.628312110900879,False
2025-12-23 11:00:00,CUT,19.0,19.864101,33.5,33.5,15.628312110900879,False
2025-12-23 12:00:00,CUT,26.0,25.885042,42.92857,42.92857142857143,15.628312110900879,False
2025-12-23 13:00:00,CUT,39.0,25.860495,47.92857,47.92857142857143,15.628312110900879,False
2025-12-23 14:00:00,CUT,49.0,32.68499,54.07143,54.07142857142857,15.628312110900879,True
2025-12-23 15:00:00,CUT,61.0,39.410034,51.357143,51.357142857142854,15.628312110900879,True
2025-12-23 16:00:00,CUT,63.0,48.810143,48.214287,48.214285714285715,15.628312110900879,False
2025-12-23 17:00:00,CUT,38.0,43.376484,35.857143,35.857142857142854,15.628312110900879,False
2025-12-23 18:00:00,CUT,9.0,6.1604223,17.928572,17.928571428571427,15.628312110900879,False
2025-12-23 19:00:00,CUT,7.0,-9.887534,12.714286,12.714285714285714,15.628312110900879,True
2025-12-23 20:00:00,CUT,10.0,-10.468779,10.5,10.5,15.628312110900879,True
2025-12-23 21:00:00,CUT,3.0,-8.612147,8.714286,8.714285714285714,15.628312110900879,False
2025-12-23 22:00:00,CUT,3.0,-4.98077,9.0,9.0,15.628312110900879,False
2025-12-23 23:00:00,CUT,5.0,-2.6954565,10.142858,10.142857142857142,15.628312110900879,False
2025-12-24 00:00:00,CUT,6.0,-2.2747278,10.428572,10.428571428571429,15.628312110900879,False
2025-12-24 01:00:00,CUT,9.0,-0.8312464,11.428572,11.428571428571429,15.628312110900879,False
2025-12-24 02:00:00,CUT,11.0,0.06540489,12.071428,12.071428571428571,15.628312110900879,False
2025-12-24 03:00:00,CUT,6.0,1.4768391,13.214286,13.214285714285714,15.628312110900879,False
2025-12-24 04:00:00,CUT,7.0,-0.36606884,10.928572,10.928571428571429,15.628312110900879,False
2025-12-24 05:00:00,CUT,4.0,-2.4558764,8.5,8.5,15.628312110900879,False
2025-12-24 06:00:00,CUT,1.0,-6.0328274,4.714286,4.714285714285714,15.628312110900879,False
2025-12-24 07:00:00,CUT,1.0,-6.49412,4.142857,4.142857142857143,15.628312110900879,False
2025-12-24 08:00:00,CUT,4.0,-3.5082307,6.928571,6.928571428571429,15.628312110900879,False
2025-12-24 09:00:00,CUT,8.0,0.15321541,10.428572,10.428571428571429,15.628312110900879,False
2025-12-24 10:00:00,CUT,17.0,8.2972,17.785715,17.785714285714285,15.628312110900879,False
2025-12-24 11:00:00,CUT,26.0,23.744194,32.714287,32.714285714285715,15.628312110900879,False
2025-12-24 12:00:00,CUT,35.0,34.401024,41.92857,41.92857142857143,15.628312110900879,False
2025-12-24 13:00:00,CUT,48.0,44.764034,47.42857,47.42857142857143,15.628312110900879,False
2025-12-24 14:00:00,CUT,54.0,57.98569,53.285713,53.285714285714285,15.628312110900879,False
2025-12-24 15:00:00,CUT,61.0,53.891876,50.857143,50.857142857142854,15.628312110900879,False
2025-12-24 16:00:00,CUT,57.0,43.72356,47.714287,47.714285714285715,15.628312110900879,False
2025-12-24 17:00:00,CUT,32.0,26.016243,34.785713,34.785714285714285,15.628312110900879,False
2025-12-24 18:00:00,CUT,15.0,0.0461998,16.142857,16.142857142857142,15.628312110900879,False
2025-12-24 19:00:00,CUT,12.0,-8.059346,11.214286,11.214285714285714,15.628312110900879,True
2025-12-24 20:00:00,CUT,5.0,-5.616954,10.642858,10.642857142857142,15.628312110900879,False
2025-12-24 21:00:00,CUT,10.0,-4.2433167,8.571428,8.571428571428571,15.628312110900879,False
2025-12-24 22:00:00,CUT,10.0,-3.14748,8.214286,8.214285714285714,15.628312110900879,False
2025-12-24 23:00:00,CUT,12.0,-1.9990311,9.357142,9.357142857142858,15.628312110900879,False
2025-12-25 00:00:00,CUT,4.0,-1.6234694,9.571428,9.571428571428571,15.628312110900879,False
2025-12-25 01:00:00,CUT,4.0,3.8048306,10.714286,10.714285714285714,15.628312110900879,False
2025-12-25 02:00:00,CUT,8.0,7.845063,11.785714,11.785714285714286,15.628312110900879,False
2025-12-25 03:00:00,CUT,3.0,10.339284,12.857142,12.857142857142858,15.628312110900879,False
2025-12-25 04:00:00,CUT,2.0,3.315184,10.785714,10.785714285714286,15.628312110900879,False
2025-12-25 05:00:00,CUT,1.0,-0.19944096,8.5,8.5,15.628312110900879,False
2025-12-25 06:00:00,CUT,2.0,-4.024412,4.714286,4.714285714285714,15.628312110900879,False
2025-12-25 07:00:00,CUT,4.0,-4.375933,4.071429,4.071428571428571,15.628312110900879,False
2025-12-25 08:00:00,CUT,8.0,-1.6628351,6.714286,6.714285714285714,15.628312110900879,False
2025-12-25 09:00:00,CUT,13.0,1.8857021,10.357142,10.357142857142858,15.628312110900879,False
2025-12-25 10:00:00,CUT,20.0,9.083713,18.0,18.0,15.628312110900879,False
2025-12-25 11:00:00,CUT,39.0,21.937853,32.214287,32.214285714285715,15.628312110900879,True
2025-12-25 12:00:00,CUT,47.0,35.092316,41.357143,41.357142857142854,15.628312110900879,False
2025-12-25 13:00:00,CUT,50.0,48.475655,47.5,47.5,15.628312110900879,False
2025-12-25 14:00:00,CUT,58.0,43.309116,53.92857,53.92857142857143,15.628312110900879,False
2025-12-25 15:00:00,CUT,46.0,31.052757,52.0,52.0,15.628312110900879,False
2025-12-25 16:00:00,CUT,40.0,23.439585,49.142857,49.142857142857146,15.628312110900879,True
2025-12-25 17:00:00,CUT,30.0,10.961855,35.42857,35.42857142857143,15.628312110900879,True
2025-12-25 18:00:00,CUT,15.0,-3.0326195,16.428572,16.428571428571427,15.628312110900879,True
2025-12-25 19:00:00,CUT,12.0,-3.4466162,11.285714,11.285714285714286,15.628312110900879,False
2025-12-25 20:00:00,CUT,12.0,-1.561203,10.142858,10.142857142857142,15.628312110900879,False
2025-12-25 21:00:00,CUT,10.0,-1.5083494,8.5,8.5,15.628312110900879,False
2025-12-25 22:00:00,CUT,7.0,-0.8752384,8.5,8.5,15.628312110900879,False
2025-12-25 23:00:00,CUT,12.0,0.2783661,9.857142,9.857142857142858,15.628312110900879,False
2025-12-26 00:00:00,CUT,11.0,-0.7425623,9.285714,9.285714285714286,15.628312110900879,False
2025-12-26 01:00:00,CUT,10.0,0.5977583,10.571428,10.571428571428571,15.628312110900879,False
2025-12-26 02:00:00,CUT,7.0,1.6214294,11.785714,11.785714285714286,15.628312110900879,False
2025-12-26 03:00:00,CUT,9.0,2.4229898,12.571428,12.571428571428571,15.628312110900879,False
2025-12-26 04:00:00,CUT,8.0,0.60087585,10.285714,10.285714285714286,15.628312110900879,False
2025-12-26 05:00:00,CUT,8.0,-0.73277473,8.285714,8.285714285714286,15.628312110900879,False
2025-12-26 06:00:00,CUT,9.0,-3.4907227,4.785714,4.785714285714286,15.628312110900879,False
2025-12-26 07:00:00,CUT,6.0,-3.5772648,4.285714,4.285714285714286,15.628312110900879,False
2025-12-26 08:00:00,CUT,5.0,-0.8222532,7.071429,7.071428571428571,15.628312110900879,False
2025-12-26 09:00:00,CUT,3.0,3.0227933,10.857142,10.857142857142858,15.628312110900879,False
2025-12-26 10:00:00,CUT,8.0,10.767605,18.214285,18.214285714285715,15.628312110900879,False
2025-12-26 11:00:00,CUT,21.0,26.930847,33.07143,33.07142857142857,15.628312110900879,False
2025-12-26 12:00:00,CUT,24.0,35.40937,42.07143,42.07142857142857,15.628312110900879,False
2025-12-26 13:00:00,CUT,41.0,38.990818,47.92857,47.92857142857143,15.628312110900879,False
2025-12-26 14:00:00,CUT,46.0,44.496475,53.92857,53.92857142857143,15.628312110900879,False
2025-12-26 15:00:00,CUT,40.0,40.16804,50.714287,50.714285714285715,15.628312110900879,False
2025-12-26 16:00:00,CUT,33.0,23.993418,47.92857,47.92857142857143,15.628312110900879,False
2025-12-26 17:00:00,CUT,27.0,4.014435,34.785713,34.785714285714285,15.628312110900879,True
2025-12-26 18:00:00,CUT,19.0,-10.812313,17.142857,17.142857142857142,15.628312110900879,True
2025-12-26 19:00:00,CUT,15.0,-12.327569,10.642858,10.642857142857142,15.628312110900879,True
2025-12-26 20:00:00,CUT,15.0,-9.681853,8.785714,8.785714285714286,15.628312110900879,True
2025-12-26 21:00:00,CUT,8.0,-6.851027,7.642857,7.642857142857143,15.628312110900879,False
2025-12-26 22:00:00,CUT,2.0,-4.7365227,7.785714,7.785714285714286,15.628312110900879,False
2025-12-26 23:00:00,CUT,4.0,-2.3751535,9.928572,9.928571428571429,15.628312110900879,False
2025-12-27 00:00:00,CUT,3.0,-2.6984596,9.357142,9.357142857142858,15.628312110900879,False
2025-12-27 01:00:00,CUT,3.0,-0.6651087,10.5,10.5,15.628312110900879,False
2025-12-27 02:00:00,CUT,1.0,1.2119932,11.5,11.5,15.628312110900879,False
2025-12-27 03:00:00,CUT,1.0,2.3462858,12.142858,12.142857142857142,15.628312110900879,False
2025-12-27 04:00:00,CUT,1.0,0.67911625,10.0,10.0,15.628312110900879,False
2025-12-27 05:00:00,CUT,2.0,-0.5320072,8.357142,8.357142857142858,15.628312110900879,False
2025-12-27 06:00:00,CUT,2.0,-3.376935,5.285714,5.285714285714286,15.628312110900879,False
2025-12-27 07:00:00,CUT,3.0,-4.057318,4.642857,4.642857142857143,15.628312110900879,False
2025-12-27 08:00:00,CUT,5.0,-1.6751142,7.142857,7.142857142857143,15.628312110900879,False
2025-12-27 09:00:00,CUT,8.0,1.6877909,10.714286,10.714285714285714,15.628312110900879,False
2025-12-27 10:00:00,CUT,11.0,8.242827,17.785715,17.785714285714285,15.628312110900879,False
2025-12-27 11:00:00,CUT,22.0,22.1133,31.642857,31.642857142857142,15.628312110900879,False
2025-12-27 12:00:00,CUT,37.0,33.48607,39.785713,39.785714285714285,15.628312110900879,False
2025-12-27 13:00:00,CUT,51.0,42.31979,46.57143,46.57142857142857,15.628312110900879,False
2025-12-27 14:00:00,CUT,52.0,47.53151,52.92857,52.92857142857143,15.628312110900879,False
2025-12-27 15:00:00,CUT,56.0,42.17205,50.57143,50.57142857142857,15.628312110900879,False
2025-12-27 16:00:00,CUT,59.0,33.452454,47.42857,47.42857142857143,15.628312110900879,True
2025-12-27 17:00:00,CUT,46.0,20.449299,34.285713,34.285714285714285,15.628312110900879,True
2025-12-27 18:00:00,CUT,43.0,2.8406897,17.0,17.0,15.628312110900879,True
2025-12-27 19:00:00,CUT,25.0,-4.6100426,10.642858,10.642857142857142,15.628312110900879,True
2025-12-27 20:00:00,CUT,11.0,-1.0753689,9.0,9.0,15.628312110900879,False
2025-12-27 21:00:00,CUT,9.0,-1.0787292,7.928571,7.928571428571429,15.628312110900879,False
2025-12-27 22:00:00,CUT,19.0,-0.48067522,7.571429,7.571428571428571,15.628312110900879,True
2025-12-27 23:00:00,CUT,20.0,1.6990876,9.5,9.5,15.628312110900879,True
2025-12-28 00:00:00,CUT,18.0,1.0210457,9.071428,9.071428571428571,15.628312110900879,True
2025-12-28 01:00:00,CUT,15.0,0.66089535,10.142858,10.142857142857142,15.628312110900879,False
2025-12-28 02:00:00,CUT,10.0,1.0885754,10.928572,10.928571428571429,15.628312110900879,False
2025-12-28 03:00:00,CUT,14.0,1.5713854,11.5,11.5,15.628312110900879,False
2025-12-28 04:00:00,CUT,15.0,-0.2924652,9.357142,9.357142857142858,15.628312110900879,False
2025-12-28 05:00:00,CUT,15.0,-1.1544833,7.928571,7.928571428571429,15.628312110900879,True
2025-12-28 06:00:00,CUT,11.0,-3.117432,5.071429,5.071428571428571,15.628312110900879,False
2025-12-28 07:00:00,CUT,5.0,-3.6041732,4.428571,4.428571428571429,15.628312110900879,False
2025-12-28 08:00:00,CUT,8.0,-0.6892009,7.0,7.0,15.628312110900879,False
2025-12-28 09:00:00,CUT,9.0,3.6633182,10.357142,10.357142857142858,15.628312110900879,False
2025-12-28 10:00:00,CUT,20.0,16.749346,16.857143,16.857142857142858,15.628312110900879,False
2025-12-28 11:00:00,CUT,44.0,41.65969,30.5,30.5,15.628312110900879,False
2025-12-28 12:00:00,CUT,58.0,60.577896,39.57143,39.57142857142857,15.628312110900879,False
2025-12-28 13:00:00,CUT,59.0,54.42014,46.857143,46.857142857142854,15.628312110900879,False
2025-12-28 14:00:00,CUT,66.0,56.037025,53.07143,53.07142857142857,15.628312110900879,False
2025-12-28 15:00:00,CUT,73.0,54.505135,50.714287,50.714285714285715,15.628312110900879,True
2025-12-28 16:00:00,CUT,67.0,53.13255,47.357143,47.357142857142854,15.628312110900879,False
2025-12-28 17:00:00,CUT,56.0,42.71167,34.642857,34.642857142857146,15.628312110900879,False
2025-12-28 18:00:00,CUT,22.0,24.555233,18.214285,18.214285714285715,15.628312110900879,False
2025-12-28 19:00:00,CUT,12.0,6.5953403,11.642858,11.642857142857142,15.628312110900879,False
2025-12-28 20:00:00,CUT,26.0,6.8813896,9.214286,9.214285714285714,15.628312110900879,True
2025-12-28 21:00:00,CUT,19.0,8.230188,8.214286,8.214285714285714,15.628312110900879,False
2025-12-28 22:00:00,CUT,13.0,7.3538685,8.571428,8.571428571428571,15.628312110900879,False
2025-12-28 23:00:00,CUT,18.0,9.933604,10.571428,10.571428571428571,15.628312110900879,False
2025-12-29 00:00:00,CUT,17.0,9.63383,9.928572,9.928571428571429,15.628312110900879,False
2025-12-29 01:00:00,CUT,15.0,11.518469,10.714286,10.714285714285714,15.628312110900879,False
2025-12-29 02:00:00,CUT,19.0,11.970171,11.214286,11.214285714285714,15.628312110900879,False
2025-12-29 03:00:00,CUT,22.0,12.210538,11.785714,11.785714285714286,15.628312110900879,False
2025-12-29 04:00:00,CUT,20.0,10.162413,9.5,9.5,15.628312110900879,False
2025-12-29 05:00:00,CUT,17.0,8.193552,8.071428,8.071428571428571,15.628312110900879,False
2025-12-29 06:00:00,CUT,9.0,4.4315987,5.214286,5.214285714285714,15.628312110900879,False
2025-12-29 07:00:00,CUT,6.0,3.2905865,4.642857,4.642857142857143,15.628312110900879,False
2025-12-29 08:00:00,CUT,13.0,5.515185,7.357143,7.357142857142857,15.628312110900879,False
2025-12-29 09:00:00,CUT,15.0,8.251359,10.071428,10.071428571428571,15.628312110900879,False
2025-12-29 10:00:00,CUT,22.0,16.603436,16.214285,16.214285714285715,15.628312110900879,False
2025-12-29 11:00:00,CUT,41.0,37.29191,30.714285,30.714285714285715,15.628312110900879,False
2025-12-29 12:00:00,CUT,46.0,53.606922,40.214287,40.214285714285715,15.628312110900879,False
2025-12-29 13:00:00,CUT,49.0,49.816925,47.5,47.5,15.628312110900879,False
2025-12-29 14:00:00,CUT,42.0,43.288567,53.57143,53.57142857142857,15.628312110900879,False
2025-12-29 15:00:00,CUT,40.0,33.160233,53.142857,53.142857142857146,15.628312110900879,False
2025-12-29 16:00:00,CUT,33.0,27.258999,50.07143,50.07142857142857,15.628312110900879,False
2025-12-29 17:00:00,CUT,25.0,15.213522,36.785713,36.785714285714285,15.628312110900879,False
2025-12-29 18:00:00,CUT,15.0,-0.8155937,18.428572,18.428571428571427,15.628312110900879,True
2025-12-29 19:00:00,CUT,9.0,-3.8131819,11.785714,11.785714285714286,15.628312110900879,False
2025-12-29 20:00:00,CUT,11.0,-0.7712765,10.357142,10.357142857142858,15.628312110900879,False
2025-12-29 21:00:00,CUT,11.0,-0.2263546,8.714286,8.714285714285714,15.628312110900879,False
2025-12-29 22:00:00,CUT,9.0,2.7893362,8.428572,8.428571428571429,15.628312110900879,False
2025-12-29 23:00:00,CUT,6.0,6.830326,10.857142,10.857142857142858,15.628312110900879,False
2025-12-30 00:00:00,CUT,9.0,6.364646,10.071428,10.071428571428571,15.628312110900879,False
2025-12-30 01:00:00,CUT,11.0,6.6946774,10.357142,10.357142857142858,15.628312110900879,False
2025-12-30 02:00:00,CUT,15.0,7.4289274,11.142858,11.142857142857142,15.628312110900879,False
2025-12-30 03:00:00,CUT,18.0,7.675749,11.928572,11.928571428571429,15.628312110900879,False
2025-12-30 04:00:00,CUT,15.0,5.434323,10.428572,10.428571428571429,15.628312110900879,False
2025-12-30 05:00:00,CUT,12.0,2.1457462,8.5,8.5,15.628312110900879,False
2025-12-30 06:00:00,CUT,6.0,-3.0062747,4.785714,4.785714285714286,15.628312110900879,False
2025-12-30 07:00:00,CUT,6.0,-4.1073136,4.428571,4.428571428571429,15.628312110900879,False
2025-12-30 08:00:00,CUT,13.0,-2.3265386,7.142857,7.142857142857143,15.628312110900879,False
2025-12-30 09:00:00,CUT,19.0,-1.0618067,10.0,10.0,15.628312110900879,True
2025-12-30 10:00:00,CUT,25.0,2.5785646,16.571428,16.571428571428573,15.628312110900879,True
2025-12-30 11:00:00,CUT,29.0,9.570335,32.357143,32.357142857142854,15.628312110900879,True
2025-12-30 12:00:00,CUT,30.0,11.472858,42.07143,42.07142857142857,15.628312110900879,True
2025-12-30 13:00:00,CUT,29.0,16.075947,49.42857,49.42857142857143,15.628312110900879,False
2025-12-30 14:00:00,CUT,30.0,21.380733,55.285713,55.285714285714285,15.628312110900879,False
2025-12-30 15:00:00,CUT,28.0,22.263756,54.92857,54.92857142857143,15.628312110900879,False
2025-12-30 16:00:00,CUT,28.0,22.1534,51.285713,51.285714285714285,15.628312110900879,False
2025-12-30 17:00:00,CUT,21.0,12.486723,37.785713,37.785714285714285,15.628312110900879,False
2025-12-30 18:00:00,CUT,6.0,-2.5319252,19.214285,19.214285714285715,15.628312110900879,False
2025-12-30 19:00:00,CUT,3.0,-5.7328424,12.142858,12.142857142857142,15.628312110900879,False
2025-12-30 20:00:00,CUT,5.0,-4.1257963,10.928572,10.928571428571429,15.628312110900879,False
2025-12-30 21:00:00,CUT,5.0,-3.950203,9.428572,9.428571428571429,15.628312110900879,False
2025-12-30 22:00:00,CUT,4.0,-3.800044,9.0,9.0,15.628312110900879,False
2025-12-30 23:00:00,CUT,4.0,-1.9205141,10.928572,10.928571428571429,15.628312110900879,False
2025-12-31 03:00:00,CUT,4.0,8.579399,12.5,12.5,15.628312110900879,False
2025-12-31 04:00:00,CUT,1.0,3.1551423,11.142858,11.142857142857142,15.628312110900879,False
2025-12-31 05:00:00,CUT,1.0,0.7179966,9.214286,9.214285714285714,15.628312110900879,False
2025-12-31 06:00:00,CUT,1.0,-3.2284226,5.142857,5.142857142857143,15.628312110900879,False
2025-12-31 07:00:00,CUT,1.0,-3.5789814,4.785714,4.785714285714286,15.628312110900879,False
2025-12-31 08:00:00,CUT,2.0,-0.74358606,7.928571,7.928571428571429,15.628312110900879,False
2025-12-31 09:00:00,CUT,5.0,1.5005369,11.071428,11.071428571428571,15.628312110900879,False
2025-12-31 10:00:00,CUT,10.0,6.1053915,17.928572,17.928571428571427,15.628312110900879,False
2025-12-31 11:00:00,CUT,25.0,17.038683,33.285713,33.285714285714285,15.628312110900879,False
2025-12-31 12:00:00,CUT,45.0,20.192795,41.285713,41.285714285714285,15.628312110900879,True
2025-12-31 13:00:00,CUT,58.0,33.445274,48.357143,48.357142857142854,15.628312110900879,True
2025-12-31 14:00:00,CUT,65.0,50.166225,54.142857,54.142857142857146,15.628312110900879,False
2025-12-31 15:00:00,CUT,62.0,54.71837,53.42857,53.42857142857143,15.628312110900879,False
2025-12-31 16:00:00,CUT,53.0,51.677307,49.57143,49.57142857142857,15.628312110900879,False
2025-12-31 17:00:00,CUT,47.0,27.548624,36.42857,36.42857142857143,15.628312110900879,True
2025-12-31 18:00:00,CUT,36.0,4.9098988,19.214285,19.214285714285715,15.628312110900879,True
2025-12-31 19:00:00,CUT,30.0,-3.215973,11.785714,11.785714285714286,15.628312110900879,True
2025-12-31 20:00:00,CUT,27.0,-2.8071375,9.857142,9.857142857142858,15.628312110900879,True
2025-12-31 21:00:00,CUT,21.0,-0.85649395,8.0,8.0,15.628312110900879,True
2025-12-31 22:00:00,CUT,11.0,-0.68040895,7.571429,7.571428571428571,15.628312110900879,False
2025-12-31 23:00:00,CUT,8.0,0.87632656,9.928572,9.928571428571429,15.628312110900879,False
