timestamp,estacion,original_ppb,predicho_ppb,base_ppb,perfil_ppb,umbral_ppb,alerta_limpia
2025-10-21 00:00:00,TLA,10.0,4.2718315,10.363636,10.363636363636363,16.62640380859375,False
2025-10-21 01:00:00,TLA,11.0,1.6496673,7.3636365,7.363636363636363,16.62640380859375,False
2025-10-21 02:00:00,TLA,7.0,1.6280036,6.4545455,6.454545454545454,16.62640380859375,False
2025-10-21 03:00:00,TLA,10.0,4.2345896,8.461538,8.461538461538462,16.62640380859375,False
2025-10-21 04:00:00,TLA,4.0,4.8227186,8.153846,8.153846153846153,16.62640380859375,False
2025-10-21 05:00:00,TLA,2.0,2.4678676,5.0,5.0,16.62640380859375,False
2025-10-21 06:00:00,TLA,2.0,1.0778475,3.6153846,3.6153846153846154,16.62640380859375,False
2025-10-21 07:00:00,TLA,3.0,2.5630333,5.3076925,5.3076923076923075,16.62640380859375,False
2025-10-21 08:00:00,TLA,11.0,9.256902,12.153846,12.153846153846153,16.62640380859375,False
2025-10-21 09:00:00,TLA,17.0,17.579977,20.076923,20.076923076923077,16.62640380859375,False
2025-10-21 10:00:00,TLA,31.0,33.22553,31.692308,31.692307692307693,16.62640380859375,False
2025-10-21 11:00:00,TLA,45.0,54.04472,43.083332,43.083333333333336,16.62640380859375,False
2025-10-21 12:00:00,TLA,54.0,70.51051,49.23077,49.23076923076923,16.62640380859375,False
2025-10-21 13:00:00,TLA,58.0,77.05917,49.384617,49.38461538461539,16.62640380859375,True
2025-10-21 14:00:00,TLA,74.0,83.50902,49.307693,49.30769230769231,16.62640380859375,False
2025-10-21 15:00:00,TLA,56.0,81.78946,46.857143,46.857142857142854,16.62640380859375,True
2025-10-21 16:00:00,TLA,36.0,64.10542,40.42857,40.42857142857143,16.62640380859375,True
2025-10-21 17:00:00,TLA,24.0,44.47476,30.142857,30.142857142857142,16.62640380859375,True
2025-10-21 18:00:00,TLA,16.0,28.977045,19.285715,19.285714285714285,16.62640380859375,False
2025-10-21 19:00:00,TLA,17.0,18.509521,14.428572,14.428571428571429,16.62640380859375,False
2025-10-21 20:00:00,TLA,14.0,12.5812435,11.714286,11.714285714285714,16.62640380859375,False
2025-10-21 21:00:00,TLA,13.0,8.796335,10.357142,10.357142857142858,16.62640380859375,False
2025-10-21 22:00:00,TLA,9.0,8.015823,10.428572,10.428571428571429,16.62640380859375,False
2025-10-21 23:00:00,TLA,11.0,9.3062725,11.214286,11.214285714285714,16.62640380859375,False
2025-10-22 00:00:00,TLA,16.0,10.238262,11.090909,11.090909090909092,16.62640380859375,False
2025-10-22 01:00:00,TLA,12.0,9.3871155,8.181818,8.181818181818182,16.62640380859375,False
2025-10-22 02:00:00,TLA,4.0,7.903427,6.090909,6.090909090909091,16.62640380859375,False
2025-10-22 03:00:00,TLA,5.0,11.210573,8.230769,8.23076923076923,16.62640380859375,False
2025-10-22 04:00:00,TLA,6.0,11.430216,7.6153846,7.615384615384615,16.62640380859375,False
2025-10-22 05:00:00,TLA,4.0,8.639252,4.8461537,4.846153846153846,16.62640380859375,False
2025-10-22 06:00:00,TLA,3.0,5.657155,3.6153846,3.6153846153846154,16.62640380859375,False
2025-10-22 07:00:00,TLA,6.0,4.9116225,5.230769,5.230769230769231,16.62640380859375,False
2025-10-22 08:00:00,TLA,12.0,11.473025,12.153846,12.153846153846153,16.62640380859375,False
2025-10-22 09:00:00,TLA,24.0,21.717909,19.923077,19.923076923076923,16.62640380859375,False
2025-10-22 10:00:00,TLA,30.0,35.182175,31.615385,31.615384615384617,16.62640380859375,False
2025-10-22 11:00:00,TLA,30.0,46.38839,43.0,43.0,16.62640380859375,False
2025-10-22 12:00:00,TLA,32.0,52.090317,49.307693,49.30769230769231,16.62640380859375,True
2025-10-22 13:00:00,TLA,32.0,51.344414,50.46154,50.46153846153846,16.62640380859375,True
2025-10-22 14:00:00,TLA,36.0,55.850956,52.0,52.0,16.62640380859375,True
2025-10-22 15:00:00,TLA,34.0,55.25393,48.285713,48.285714285714285,16.62640380859375,True
2025-10-22 16:00:00,TLA,29.0,47.468075,40.785713,40.785714285714285,16.62640380859375,True
2025-10-22 17:00:00,TLA,22.0,34.959393,29.928572,29.928571428571427,16.62640380859375,False
2025-10-22 18:00:00,TLA,15.0,22.381481,19.142857,19.142857142857142,16.62640380859375,False
2025-10-22 19:00:00,TLA,16.0,13.285611,14.214286,14.214285714285714,16.62640380859375,False
2025-10-22 20:00:00,TLA,13.0,8.095444,11.785714,11.785714285714286,16.62640380859375,False
2025-10-22 21:00:00,TLA,11.0,4.8612747,10.071428,10.071428571428571,16.62640380859375,False
2025-10-22 22:00:00,TLA,6.0,3.7248268,10.071428,10.071428571428571,16.62640380859375,False
2025-10-22 23:00:00,TLA,4.0,4.9435396,11.571428,11.571428571428571,16.62640380859375,False
2025-10-23 00:00:00,TLA,4.0,4.35289,11.5,11.5,16.62640380859375,False
2025-10-23 01:00:00,TLA,9.0,1.3846416,8.5,8.5,16.62640380859375,False
2025-10-23 02:00:00,TLA,13.0,-0.41035414,5.9166665,5.916666666666667,16.62640380859375,False
2025-10-23 03:00:00,TLA,5.0,2.5096235,7.769231,7.769230769230769,16.62640380859375,False
2025-10-23 04:00:00,TLA,3.0,2.8694134,7.5384617,7.538461538461538,16.62640380859375,False
2025-10-23 05:00:00,TLA,3.0,-0.8619504,4.0,4.0,16.62640380859375,False
2025-10-23 06:00:00,TLA,2.0,-2.657066,3.0769231,3.076923076923077,16.62640380859375,False
2025-10-23 07:00:00,TLA,4.0,-1.9491401,4.8461537,4.846153846153846,16.62640380859375,False
2025-10-23 08:00:00,TLA,14.0,4.7792187,12.384615,12.384615384615385,16.62640380859375,False
2025-10-23 09:00:00,TLA,19.0,12.969259,20.846153,20.846153846153847,16.62640380859375,False
2025-10-23 10:00:00,TLA,28.0,25.957476,32.76923,32.76923076923077,16.62640380859375,False
2025-10-23 11:00:00,TLA,43.0,41.9044,44.0,44.0,16.62640380859375,False
2025-10-23 12:00:00,TLA,52.0,56.676395,50.46154,50.46153846153846,16.62640380859375,False
2025-10-23 13:00:00,TLA,63.0,69.247314,52.0,52.0,16.62640380859375,False
2025-10-23 14:00:00,TLA,65.0,76.56537,53.53846,53.53846153846154,16.62640380859375,False
2025-10-23 15:00:00,TLA,63.0,72.905014,49.857143,49.857142857142854,16.62640380859375,False
2025-10-23 16:00:00,TLA,54.0,62.441383,42.214287,42.214285714285715,16.62640380859375,False
2025-10-23 17:00:00,TLA,46.0,53.52939,30.785715,30.785714285714285,16.62640380859375,False
2025-10-23 18:00:00,TLA,23.0,40.463703,19.357143,19.357142857142858,16.62640380859375,True
2025-10-23 19:00:00,TLA,7.0,26.268356,14.857142,14.857142857142858,16.62640380859375,True
2025-10-23 20:00:00,TLA,6.0,18.16259,12.5,12.5,16.62640380859375,False
2025-10-23 21:00:00,TLA,10.0,12.77431,10.642858,10.642857142857142,16.62640380859375,False
2025-10-23 22:00:00,TLA,7.0,10.369107,10.285714,10.285714285714286,16.62640380859375,False
2025-10-23 23:00:00,TLA,7.0,9.592743,11.428572,11.428571428571429,16.62640380859375,False
2025-10-24 00:00:00,TLA,8.0,9.273592,11.5,11.5,16.62640380859375,False
2025-10-24 01:00:00,TLA,9.0,6.545457,8.583333,8.583333333333334,16.62640380859375,False
2025-10-24 02:00:00,TLA,14.0,5.0161314,6.75,6.75,16.62640380859375,False
2025-10-24 03:00:00,TLA,10.0,6.423271,7.923077,7.923076923076923,16.62640380859375,False
2025-10-24 04:00:00,TLA,5.0,6.0069294,7.5384617,7.538461538461538,16.62640380859375,False
2025-10-24 05:00:00,TLA,2.0,2.4928493,4.076923,4.076923076923077,16.62640380859375,False
2025-10-24 06:00:00,TLA,1.0,1.3193069,3.1538463,3.1538461538461537,16.62640380859375,False
2025-10-24 07:00:00,TLA,2.0,2.8070726,5.0,5.0,16.62640380859375,False
2025-10-24 08:00:00,TLA,5.0,10.589695,13.153846,13.153846153846153,16.62640380859375,False
2025-10-24 09:00:00,TLA,16.0,19.602571,21.76923,21.76923076923077,16.62640380859375,False
2025-10-24 10:00:00,TLA,31.0,33.48761,34.076923,34.07692307692308,16.62640380859375,False
2025-10-24 11:00:00,TLA,45.0,54.745377,46.25,46.25,16.62640380859375,False
2025-10-24 12:00:00,TLA,61.0,78.57143,53.0,53.0,16.62640380859375,True
2025-10-24 13:00:00,TLA,71.0,87.01659,55.307693,55.30769230769231,16.62640380859375,False
2025-10-24 14:00:00,TLA,78.0,90.46428,57.0,57.0,16.62640380859375,False
2025-10-24 15:00:00,TLA,84.0,87.78279,53.285713,53.285714285714285,16.62640380859375,False
2025-10-24 16:00:00,TLA,86.0,78.62023,45.214287,45.214285714285715,16.62640380859375,False
2025-10-24 17:00:00,TLA,80.0,69.74438,33.357143,33.357142857142854,16.62640380859375,False
2025-10-24 18:00:00,TLA,48.0,52.60089,20.785715,20.785714285714285,16.62640380859375,False
2025-10-24 19:00:00,TLA,23.0,35.639935,15.214286,15.214285714285714,16.62640380859375,False
2025-10-24 20:00:00,TLA,7.0,25.87234,12.785714,12.785714285714286,16.62640380859375,True
2025-10-24 21:00:00,TLA,11.0,18.833782,11.214286,11.214285714285714,16.62640380859375,False
2025-10-24 22:00:00,TLA,7.0,14.976241,10.5,10.5,16.62640380859375,False
2025-10-24 23:00:00,TLA,4.0,15.112654,11.785714,11.785714285714286,16.62640380859375,False
2025-10-25 00:00:00,TLA,2.0,14.401469,12.0,12.0,16.62640380859375,False
2025-10-25 01:00:00,TLA,6.0,10.263653,9.166667,9.166666666666666,16.62640380859375,False
2025-10-25 02:00:00,TLA,8.0,8.925841,7.75,7.75,16.62640380859375,False
2025-10-25 03:00:00,TLA,10.0,9.48157,8.461538,8.461538461538462,16.62640380859375,False
2025-10-25 04:00:00,TLA,7.0,9.446299,7.6923075,7.6923076923076925,16.62640380859375,False
2025-10-25 05:00:00,TLA,3.0,6.452491,4.076923,4.076923076923077,16.62640380859375,False
2025-10-25 06:00:00,TLA,2.0,4.9452686,3.0769231,3.076923076923077,16.62640380859375,False
2025-10-25 07:00:00,TLA,4.0,6.371906,4.923077,4.923076923076923,16.62640380859375,False
2025-10-25 08:00:00,TLA,15.0,14.429354,13.153846,13.153846153846153,16.62640380859375,False
2025-10-25 09:00:00,TLA,25.0,24.161613,22.538462,22.53846153846154,16.62640380859375,False
2025-10-25 10:00:00,TLA,45.0,41.940964,35.692307,35.69230769230769,16.62640380859375,False
2025-10-25 11:00:00,TLA,53.0,70.670944,48.5,48.5,16.62640380859375,True
2025-10-25 12:00:00,TLA,66.0,87.334015,55.53846,55.53846153846154,16.62640380859375,True
2025-10-25 13:00:00,TLA,83.0,89.42057,59.0,59.0,16.62640380859375,False
2025-10-25 14:00:00,TLA,90.0,94.65623,61.53846,61.53846153846154,16.62640380859375,False
2025-10-25 15:00:00,TLA,85.0,90.42508,57.642857,57.642857142857146,16.62640380859375,False
2025-10-25 16:00:00,TLA,81.0,82.08052,49.92857,49.92857142857143,16.62640380859375,False
2025-10-25 17:00:00,TLA,66.0,69.190384,38.57143,38.57142857142857,16.62640380859375,False
2025-10-25 18:00:00,TLA,34.0,47.47228,23.857143,23.857142857142858,16.62640380859375,False
2025-10-25 19:00:00,TLA,31.0,31.040539,16.142857,16.142857142857142,16.62640380859375,False
2025-10-25 20:00:00,TLA,24.0,24.68737,12.928572,12.928571428571429,16.62640380859375,False
2025-10-25 21:00:00,TLA,12.0,20.725866,11.857142,11.857142857142858,16.62640380859375,False
2025-10-25 22:00:00,TLA,6.0,15.612285,10.714286,10.714285714285714,16.62640380859375,False
2025-10-25 23:00:00,TLA,7.0,13.044649,11.642858,11.642857142857142,16.62640380859375,False
2025-10-26 03:00:00,TLA,6.0,13.29931,9.0,9.0,16.62640380859375,False
2025-10-26 04:00:00,TLA,13.0,8.927555,7.923077,7.923076923076923,16.62640380859375,False
2025-10-26 05:00:00,TLA,4.0,4.3509355,4.076923,4.076923076923077,16.62640380859375,False
2025-10-26 06:00:00,TLA,2.0,2.390926,2.9230769,2.923076923076923,16.62640380859375,False
2025-10-26 07:00:00,TLA,6.0,2.9348764,4.769231,4.769230769230769,16.62640380859375,False
2025-10-26 08:00:00,TLA,17.0,10.203292,13.230769,13.23076923076923,16.62640380859375,False
2025-10-26 09:00:00,TLA,37.0,20.187298,23.538462,23.53846153846154,16.62640380859375,True
2025-10-26 10:00:00,TLA,56.0,38.76079,37.846153,37.84615384615385,16.62640380859375,True
2025-10-26 12:00:00,TLA,74.0,89.73194,58.0,58.0,16.62640380859375,False
2025-10-26 13:00:00,TLA,86.0,92.20532,62.307693,62.30769230769231,16.62640380859375,False
2025-10-26 14:00:00,TLA,80.0,98.2065,65.15385,65.15384615384616,16.62640380859375,True
2025-10-26 15:00:00,TLA,82.0,93.106476,60.92857,60.92857142857143,16.62640380859375,False
2025-10-26 16:00:00,TLA,73.0,83.93575,53.42857,53.42857142857143,16.62640380859375,False
2025-10-26 19:00:00,TLA,29.0,29.09623,17.428572,17.428571428571427,16.62640380859375,False
2025-10-26 20:00:00,TLA,17.0,21.213495,13.214286,13.214285714285714,16.62640380859375,False
2025-10-26 21:00:00,TLA,11.0,16.04237,11.357142,11.357142857142858,16.62640380859375,False
2025-10-26 22:00:00,TLA,7.0,10.537046,10.142858,10.142857142857142,16.62640380859375,False
2025-10-26 23:00:00,TLA,2.0,7.9286194,11.0,11.0,16.62640380859375,False
2025-10-27 00:00:00,TLA,2.0,7.8535028,11.181818,11.181818181818182,16.62640380859375,False
2025-10-27 01:00:00,TLA,5.0,6.5887737,9.727273,9.727272727272727,16.62640380859375,False
2025-10-27 02:00:00,TLA,15.0,6.0567164,8.454545,8.454545454545455,16.62640380859375,False
2025-10-27 03:00:00,TLA,11.0,7.6700253,9.076923,9.076923076923077,16.62640380859375,False
2025-10-27 04:00:00,TLA,12.0,8.107811,8.692307,8.692307692307692,16.62640380859375,False
2025-10-27 05:00:00,TLA,3.0,3.5151777,4.1538463,4.153846153846154,16.62640380859375,False
2025-10-27 06:00:00,TLA,2.0,1.0029364,2.8461537,2.8461538461538463,16.62640380859375,False
2025-10-27 07:00:00,TLA,3.0,1.6564887,4.8461537,4.846153846153846,16.62640380859375,False
2025-10-27 08:00:00,TLA,7.0,9.114511,13.846154,13.846153846153847,16.62640380859375,False
2025-10-27 09:00:00,TLA,15.0,17.183567,24.615385,24.615384615384617,16.62640380859375,False
2025-10-27 10:00:00,TLA,41.0,29.437035,38.846153,38.84615384615385,16.62640380859375,False
2025-10-27 11:00:00,TLA,50.0,48.340843,50.363636,50.36363636363637,16.62640380859375,False
2025-10-27 12:00:00,TLA,56.0,67.68613,59.692307,59.69230769230769,16.62640380859375,False
2025-10-27 13:00:00,TLA,66.0,80.301445,64.76923,64.76923076923077,16.62640380859375,False
2025-10-27 14:00:00,TLA,69.0,83.19946,66.38461,66.38461538461539,16.62640380859375,False
2025-10-27 15:00:00,TLA,62.0,82.1008,62.857143,62.857142857142854,16.62640380859375,True
2025-10-27 16:00:00,TLA,52.0,75.92819,54.857143,54.857142857142854,16.62640380859375,True
2025-10-27 17:00:00,TLA,37.0,59.68006,41.23077,41.23076923076923,16.62640380859375,True
2025-10-27 18:00:00,TLA,21.0,38.74833,25.538462,25.53846153846154,16.62640380859375,True
2025-10-27 19:00:00,TLA,16.0,25.58833,19.0,19.0,16.62640380859375,False
2025-10-27 20:00:00,TLA,22.0,15.5108595,14.0,14.0,16.62640380859375,False
2025-10-27 21:00:00,TLA,4.0,10.3894005,11.642858,11.642857142857142,16.62640380859375,False
2025-10-27 22:00:00,TLA,4.0,6.20274,10.357142,10.357142857142858,16.62640380859375,False
2025-10-27 23:00:00,TLA,0.0,5.274187,11.0,11.0,16.62640380859375,False
2025-10-28 00:00:00,TLA,13.0,5.6635246,11.090909,11.090909090909092,16.62640380859375,False
2025-10-28 01:00:00,TLA,10.0,5.0598173,9.909091,9.909090909090908,16.62640380859375,False
2025-10-28 02:00:00,TLA,14.0,5.6417046,9.454545,9.454545454545455,16.62640380859375,False
2025-10-28 03:00:00,TLA,10.0,7.042836,9.538462,9.538461538461538,16.62640380859375,False
2025-10-28 04:00:00,TLA,8.0,7.5761905,9.307693,9.307692307692308,16.62640380859375,False
2025-10-28 05:00:00,TLA,4.0,3.0493999,4.230769,4.230769230769231,16.62640380859375,False
2025-10-28 06:00:00,TLA,2.0,1.5374982,2.8461537,2.8461538461538463,16.62640380859375,False
2025-10-28 07:00:00,TLA,3.0,3.2447615,4.769231,4.769230769230769,16.62640380859375,False
2025-10-28 08:00:00,TLA,7.0,12.125189,13.692307,13.692307692307692,16.62640380859375,False
2025-10-28 09:00:00,TLA,13.0,23.112146,24.307692,24.307692307692307,16.62640380859375,False
2025-10-28 10:00:00,TLA,27.0,41.849735,39.53846,39.53846153846154,16.62640380859375,False
2025-10-28 11:00:00,TLA,37.0,65.23947,50.909092,50.90909090909091,16.62640380859375,True
2025-10-28 12:00:00,TLA,57.0,87.69802,60.23077,60.23076923076923,16.62640380859375,True
2025-10-28 13:00:00,TLA,68.0,96.37865,65.38461,65.38461538461539,16.62640380859375,True
2025-10-28 14:00:00,TLA,75.0,100.14186,67.46154,67.46153846153847,16.62640380859375,True
2025-10-28 15:00:00,TLA,64.0,98.066444,64.28571,64.28571428571429,16.62640380859375,True
2025-10-28 16:00:00,TLA,57.0,87.807205,55.5,55.5,16.62640380859375,True
2025-10-28 17:00:00,TLA,40.0,70.75687,42.0,42.0,16.62640380859375,True
2025-10-28 18:00:00,TLA,23.0,46.517525,25.923077,25.923076923076923,16.62640380859375,True
2025-10-28 19:00:00,TLA,20.0,30.917667,19.428572,19.428571428571427,16.62640380859375,False
2025-10-28 20:00:00,TLA,24.0,23.988785,15.071428,15.071428571428571,16.62640380859375,False
2025-10-28 21:00:00,TLA,6.0,19.03331,11.428572,11.428571428571429,16.62640380859375,False
2025-10-28 22:00:00,TLA,2.0,13.884705,10.071428,10.071428571428571,16.62640380859375,False
2025-10-28 23:00:00,TLA,2.0,10.5017395,10.571428,10.571428571428571,16.62640380859375,False
2025-10-29 00:00:00,TLA,6.0,10.636308,11.25,11.25,16.62640380859375,False
2025-10-29 01:00:00,TLA,19.0,9.746748,9.916667,9.916666666666666,16.62640380859375,False
2025-10-29 02:00:00,TLA,9.0,10.229602,9.833333,9.833333333333334,16.62640380859375,False
2025-10-29 03:00:00,TLA,5.0,10.287588,9.571428,9.571428571428571,16.62640380859375,False
2025-10-29 04:00:00,TLA,2.0,10.81797,9.214286,9.214285714285714,16.62640380859375,False
2025-10-29 05:00:00,TLA,2.0,6.137008,4.214286,4.214285714285714,16.62640380859375,False
2025-10-29 06:00:00,TLA,3.0,4.691098,2.7857144,2.7857142857142856,16.62640380859375,False
2025-10-29 07:00:00,TLA,8.0,5.1640124,4.642857,4.642857142857143,16.62640380859375,False
2025-10-29 08:00:00,TLA,32.0,13.850063,13.214286,13.214285714285714,16.62640380859375,True
2025-10-29 09:00:00,TLA,38.0,33.450672,23.5,23.5,16.62640380859375,False
2025-10-29 10:00:00,TLA,49.0,60.42276,38.642857,38.642857142857146,16.62640380859375,False
2025-10-29 11:00:00,TLA,47.0,73.188385,49.75,49.75,16.62640380859375,True
2025-10-29 12:00:00,TLA,48.0,82.71914,60.0,60.0,16.62640380859375,True
2025-10-29 13:00:00,TLA,50.0,87.69711,65.57143,65.57142857142857,16.62640380859375,True
2025-10-29 14:00:00,TLA,48.0,89.93219,68.0,68.0,16.62640380859375,True
2025-10-29 15:00:00,TLA,49.0,88.26609,64.71429,64.71428571428571,16.62640380859375,True
2025-10-29 16:00:00,TLA,43.0,80.74951,56.142857,56.142857142857146,16.62640380859375,True
2025-10-29 17:00:00,TLA,29.0,64.53638,42.307693,42.30769230769231,16.62640380859375,True
2025-10-29 18:00:00,TLA,16.0,39.02199,25.846153,25.846153846153847,16.62640380859375,True
2025-10-29 19:00:00,TLA,11.0,24.635136,19.285715,19.285714285714285,16.62640380859375,False
2025-10-29 20:00:00,TLA,8.0,16.46542,15.285714,15.285714285714286,16.62640380859375,False
2025-10-29 21:00:00,TLA,8.0,9.200976,10.5,10.5,16.62640380859375,False
2025-10-29 22:00:00,TLA,7.0,5.4868717,8.642858,8.642857142857142,16.62640380859375,False
2025-10-29 23:00:00,TLA,8.0,4.782969,9.142858,9.142857142857142,16.62640380859375,False
2025-10-30 00:00:00,TLA,5.0,5.3557267,9.75,9.75,16.62640380859375,False
2025-10-30 01:00:00,TLA,2.0,5.75163,9.916667,9.916666666666666,16.62640380859375,False
2025-10-30 02:00:00,TLA,2.0,5.121018,9.083333,9.083333333333334,16.62640380859375,False
2025-10-30 03:00:00,TLA,2.0,4.2510734,7.928571,7.928571428571429,16.62640380859375,False
2025-10-30 04:00:00,TLA,2.0,4.5565076,8.071428,8.071428571428571,16.62640380859375,False
2025-10-30 05:00:00,TLA,2.0,0.16433477,3.9285715,3.9285714285714284,16.62640380859375,False
2025-10-30 06:00:00,TLA,2.0,-1.4036524,2.7857144,2.7857142857142856,16.62640380859375,False
2025-10-30 07:00:00,TLA,3.0,-0.31111765,4.571429,4.571428571428571,16.62640380859375,False
2025-10-30 08:00:00,TLA,8.0,7.2356443,13.714286,13.714285714285714,16.62640380859375,False
2025-10-30 09:00:00,TLA,16.0,15.225481,24.071428,24.071428571428573,16.62640380859375,False
2025-10-30 14:00:00,TLA,84.0,99.609985,67.92857,67.92857142857143,16.62640380859375,False
2025-10-30 15:00:00,TLA,83.0,101.08415,64.64286,64.64285714285714,16.62640380859375,True
2025-10-30 16:00:00,TLA,74.0,93.73114,56.07143,56.07142857142857,16.62640380859375,True
2025-10-30 17:00:00,TLA,70.0,80.48961,42.384617,42.38461538461539,16.62640380859375,False
2025-10-30 18:00:00,TLA,36.0,56.5886,25.153847,25.153846153846153,16.62640380859375,True
2025-10-30 19:00:00,TLA,21.0,38.169624,18.785715,18.785714285714285,16.62640380859375,True
2025-10-30 20:00:00,TLA,9.0,26.823273,14.928572,14.928571428571429,16.62640380859375,True
2025-10-30 21:00:00,TLA,4.0,16.186256,10.357142,10.357142857142858,16.62640380859375,False
2025-10-30 22:00:00,TLA,6.0,9.003541,8.5,8.5,16.62640380859375,False
2025-10-30 23:00:00,TLA,4.0,6.8106737,9.071428,9.071428571428571,16.62640380859375,False
2025-10-31 00:00:00,TLA,5.0,5.8926353,8.916667,8.916666666666666,16.62640380859375,False
2025-10-31 01:00:00,TLA,7.0,5.852964,9.083333,9.083333333333334,16.62640380859375,False
2025-10-31 02:00:00,TLA,12.0,6.3269367,9.0,9.0,16.62640380859375,False
2025-10-31 03:00:00,TLA,4.0,5.8473806,7.928571,7.928571428571429,16.62640380859375,False
2025-10-31 04:00:00,TLA,4.0,6.349538,8.0,8.0,16.62640380859375,False
2025-10-31 05:00:00,TLA,2.0,2.378572,4.071429,4.071428571428571,16.62640380859375,False
2025-10-31 06:00:00,TLA,2.0,0.9354018,2.7142856,2.7142857142857144,16.62640380859375,False
2025-10-31 07:00:00,TLA,3.0,2.431435,4.571429,4.571428571428571,16.62640380859375,False
2025-10-31 08:00:00,TLA,9.0,11.0047455,13.5,13.5,16.62640380859375,False
2025-10-31 09:00:00,TLA,24.0,20.750679,23.428572,23.428571428571427,16.62640380859375,False
2025-10-31 10:00:00,TLA,33.0,37.076366,39.46154,39.46153846153846,16.62640380859375,False
2025-10-31 11:00:00,TLA,48.0,56.066208,49.090908,49.09090909090909,16.62640380859375,False
2025-10-31 12:00:00,TLA,55.0,81.28641,58.53846,58.53846153846154,16.62640380859375,True
2025-10-31 13:00:00,TLA,68.0,90.22087,63.923077,63.92307692307692,16.62640380859375,True
2025-10-31 14:00:00,TLA,79.0,92.61613,67.5,67.5,16.62640380859375,False
2025-10-31 15:00:00,TLA,76.0,88.73805,63.714287,63.714285714285715,16.62640380859375,False
2025-10-31 16:00:00,TLA,76.0,78.11757,55.642857,55.642857142857146,16.62640380859375,False
2025-10-31 17:00:00,TLA,57.0,61.660103,43.076923,43.07692307692308,16.62640380859375,False
2025-10-31 18:00:00,TLA,27.0,38.848976,25.0,25.0,16.62640380859375,False
2025-10-31 19:00:00,TLA,12.0,21.847477,18.214285,18.214285714285715,16.62640380859375,False
2025-10-31 20:00:00,TLA,14.0,9.281335,13.642858,13.642857142857142,16.62640380859375,False
2025-10-31 21:00:00,TLA,5.0,-0.74383736,9.785714,9.785714285714286,16.62640380859375,False
2025-10-31 22:00:00,TLA,4.0,-3.608818,8.142858,8.142857142857142,16.62640380859375,False
2025-10-31 23:00:00,TLA,3.0,-3.0378628,8.357142,8.357142857142858,16.62640380859375,False
2025-11-01 03:00:00,TLA,2.0,6.168152,7.857143,7.857142857142857,16.62640380859375,False
2025-11-01 04:00:00,TLA,5.0,1.2668109,7.928571,7.928571428571429,16.62640380859375,False
2025-11-01 05:00:00,TLA,4.0,-2.6782546,4.214286,4.214285714285714,16.62640380859375,False
2025-11-01 06:00:00,TLA,1.0,-4.3993034,2.7857144,2.7857142857142856,16.62640380859375,False
2025-11-01 07:00:00,TLA,3.0,-2.9541955,4.714286,4.714285714285714,16.62640380859375,False
2025-11-01 08:00:00,TLA,8.0,5.040263,13.285714,13.285714285714286,16.62640380859375,False
2025-11-01 09:00:00,TLA,22.0,13.747127,23.642857,23.642857142857142,16.62640380859375,False
2025-11-01 10:00:00,TLA,47.0,23.784996,38.923077,38.92307692307692,16.62640380859375,True
2025-11-01 11:00:00,TLA,66.0,35.026344,47.727272,47.72727272727273,16.62640380859375,True
2025-11-01 12:00:00,TLA,62.0,57.72597,57.0,57.0,16.62640380859375,False
2025-11-01 13:00:00,TLA,65.0,68.50051,62.76923,62.76923076923077,16.62640380859375,False
2025-11-01 14:00:00,TLA,78.0,70.80478,67.14286,67.14285714285714,16.62640380859375,False
2025-11-01 15:00:00,TLA,75.0,66.972565,63.357143,63.357142857142854,16.62640380859375,False
2025-11-01 16:00:00,TLA,61.0,63.22147,56.5,56.5,16.62640380859375,False
2025-11-01 17:00:00,TLA,53.0,54.17387,44.0,44.0,16.62640380859375,False
2025-11-01 18:00:00,TLA,40.0,36.97058,24.846153,24.846153846153847,16.62640380859375,False
2025-11-01 19:00:00,TLA,34.0,20.075886,17.357143,17.357142857142858,16.62640380859375,False
2025-11-01 20:00:00,TLA,26.0,13.815009,13.571428,13.571428571428571,16.62640380859375,False
2025-11-01 21:00:00,TLA,10.0,4.892862,9.285714,9.285714285714286,16.62640380859375,False
2025-11-01 22:00:00,TLA,3.0,-0.92857933,7.285714,7.285714285714286,16.62640380859375,False
2025-11-01 23:00:00,TLA,2.0,-2.8522305,6.857143,6.857142857142857,16.62640380859375,False
2025-11-02 00:00:00,TLA,7.0,-1.9250708,7.181818,7.181818181818182,16.62640380859375,False
2025-11-02 01:00:00,TLA,8.0,0.18666553,8.636364,8.636363636363637,16.62640380859375,False
2025-11-02 02:00:00,TLA,11.0,1.3862138,9.181818,9.181818181818182,16.62640380859375,False
2025-11-02 03:00:00,TLA,12.0,0.65828705,7.571429,7.571428571428571,16.62640380859375,False
2025-11-02 04:00:00,TLA,5.0,0.8607888,7.428571,7.428571428571429,16.62640380859375,False
2025-11-02 05:00:00,TLA,2.0,-1.652647,4.071429,4.071428571428571,16.62640380859375,False
2025-11-02 06:00:00,TLA,3.0,-2.8626466,2.642857,2.642857142857143,16.62640380859375,False
2025-11-02 07:00:00,TLA,9.0,-1.1652889,4.642857,4.642857142857143,16.62640380859375,False
2025-11-02 08:00:00,TLA,23.0,9.22739,12.642858,12.642857142857142,16.62640380859375,False
2025-11-02 09:00:00,TLA,32.0,24.036812,23.571428,23.571428571428573,16.62640380859375,False
2025-11-02 10:00:00,TLA,33.0,31.99288,38.692307,38.69230769230769,16.62640380859375,False
2025-11-02 11:00:00,TLA,41.0,29.388262,47.545456,47.54545454545455,16.62640380859375,False
2025-11-02 12:00:00,TLA,55.0,32.894466,56.307693,56.30769230769231,16.62640380859375,True
2025-11-02 13:00:00,TLA,58.0,43.512344,62.692307,62.69230769230769,16.62640380859375,False
2025-11-02 14:00:00,TLA,60.0,54.825356,68.35714,68.35714285714286,16.62640380859375,False
2025-11-02 15:00:00,TLA,59.0,53.43937,65.07143,65.07142857142857,16.62640380859375,False
2025-11-02 16:00:00,TLA,55.0,54.76011,57.857143,57.857142857142854,16.62640380859375,False
2025-11-02 17:00:00,TLA,45.0,50.161217,45.692307,45.69230769230769,16.62640380859375,False
2025-11-02 18:00:00,TLA,27.0,33.825512,26.23077,26.23076923076923,16.62640380859375,False
2025-11-02 19:00:00,TLA,23.0,25.803225,19.214285,19.214285714285715,16.62640380859375,False
2025-11-02 20:00:00,TLA,22.0,22.328033,15.214286,15.214285714285714,16.62640380859375,False
2025-11-02 21:00:00,TLA,25.0,15.06864,9.5,9.5,16.62640380859375,False
2025-11-02 22:00:00,TLA,25.0,12.131191,7.0,7.0,16.62640380859375,False
2025-11-02 23:00:00,TLA,24.0,9.527649,6.285714,6.285714285714286,16.62640380859375,False
2025-11-03 00:00:00,TLA,29.0,9.137002,7.090909,7.090909090909091,16.62640380859375,True
2025-11-03 01:00:00,TLA,27.0,11.109102,8.909091,8.909090909090908,16.62640380859375,False
2025-11-03 02:00:00,TLA,28.0,12.430429,9.909091,9.909090909090908,16.62640380859375,False
2025-11-03 03:00:00,TLA,20.0,10.120112,8.285714,8.285714285714286,16.62640380859375,False
2025-11-03 04:00:00,TLA,17.0,9.375809,7.5,7.5,16.62640380859375,False
2025-11-03 05:00:00,TLA,8.0,5.136862,4.0,4.0,16.62640380859375,False
2025-11-03 06:00:00,TLA,11.0,2.277946,2.642857,2.642857142857143,16.62640380859375,False
2025-11-03 07:00:00,TLA,9.0,2.8284974,4.785714,4.785714285714286,16.62640380859375,False
2025-11-03 08:00:00,TLA,10.0,9.441905,13.142858,13.142857142857142,16.62640380859375,False
2025-11-03 09:00:00,TLA,17.0,17.063324,23.142857,23.142857142857142,16.62640380859375,False
2025-11-03 10:00:00,TLA,27.0,27.471474,37.384617,37.38461538461539,16.62640380859375,False
2025-11-03 11:00:00,TLA,33.0,26.769716,45.909092,45.90909090909091,16.62640380859375,False
2025-11-03 12:00:00,TLA,50.0,30.376514,55.615383,55.61538461538461,16.62640380859375,True
2025-11-03 13:00:00,TLA,59.0,39.804146,63.153847,63.15384615384615,16.62640380859375,True
2025-11-03 14:00:00,TLA,67.0,53.615616,68.92857,68.92857142857143,16.62640380859375,False
2025-11-03 15:00:00,TLA,75.0,57.704254,65.85714,65.85714285714286,16.62640380859375,True
2025-11-03 16:00:00,TLA,70.0,61.47279,58.785713,58.785714285714285,16.62640380859375,False
2025-11-03 17:00:00,TLA,61.0,57.741837,46.307693,46.30769230769231,16.62640380859375,False
2025-11-03 18:00:00,TLA,30.0,39.275757,26.153847,26.153846153846153,16.62640380859375,False
2025-11-03 19:00:00,TLA,18.0,29.914886,19.642857,19.642857142857142,16.62640380859375,False
2025-11-03 20:00:00,TLA,22.0,21.637428,15.571428,15.571428571428571,16.62640380859375,False
2025-11-03 21:00:00,TLA,14.0,14.355232,9.642858,9.642857142857142,16.62640380859375,False
2025-11-03 22:00:00,TLA,13.0,10.873993,7.0,7.0,16.62640380859375,False
2025-11-03 23:00:00,TLA,18.0,8.691429,6.214286,6.214285714285714,16.62640380859375,False
2025-11-04 00:00:00,TLA,19.0,11.400381,8.916667,8.916666666666666,16.62640380859375,False
2025-11-04 01:00:00,TLA,11.0,13.771166,10.416667,10.416666666666666,16.62640380859375,False
2025-11-04 02:00:00,TLA,8.0,14.555694,11.416667,11.416666666666666,16.62640380859375,False
2025-11-04 03:00:00,TLA,8.0,10.545055,8.0,8.0,16.62640380859375,False
2025-11-04 04:00:00,TLA,2.0,9.036207,6.642857,6.642857142857143,16.62640380859375,False
2025-11-04 05:00:00,TLA,2.0,4.776619,3.2142856,3.2142857142857144,16.62640380859375,False
2025-11-04 06:00:00,TLA,5.0,2.4765143,2.7142856,2.7142857142857144,16.62640380859375,False
2025-11-04 07:00:00,TLA,7.0,3.3680139,4.714286,4.714285714285714,16.62640380859375,False
2025-11-04 08:00:00,TLA,7.0,11.134184,12.714286,12.714285714285714,16.62640380859375,False
2025-11-04 09:00:00,TLA,14.0,19.708853,22.5,22.5,16.62640380859375,False
2025-11-04 10:00:00,TLA,28.0,32.15846,36.76923,36.76923076923077,16.62640380859375,False
2025-11-04 11:00:00,TLA,33.0,35.652184,44.833332,44.833333333333336,16.62640380859375,False
2025-11-04 12:00:00,TLA,49.0,44.10833,55.53846,55.53846153846154,16.62640380859375,False
2025-11-04 13:00:00,TLA,58.0,68.49817,63.615383,63.61538461538461,16.62640380859375,False
2025-11-04 14:00:00,TLA,67.0,89.650116,70.21429,70.21428571428571,16.62640380859375,True
2025-11-04 15:00:00,TLA,76.0,98.26857,67.64286,67.64285714285714,16.62640380859375,True
2025-11-04 16:00:00,TLA,78.0,91.67305,60.5,60.5,16.62640380859375,False
2025-11-04 17:00:00,TLA,54.0,78.828995,48.46154,48.46153846153846,16.62640380859375,True
2025-11-04 18:00:00,TLA,27.0,50.750015,27.384615,27.384615384615383,16.62640380859375,True
2025-11-04 19:00:00,TLA,11.0,32.38886,19.857143,19.857142857142858,16.62640380859375,True
2025-11-04 20:00:00,TLA,16.0,24.786339,16.285715,16.285714285714285,16.62640380859375,False
2025-11-04 21:00:00,TLA,12.0,16.840557,10.285714,10.285714285714286,16.62640380859375,False
2025-11-04 22:00:00,TLA,13.0,11.076731,7.571429,7.571428571428571,16.62640380859375,False
2025-11-04 23:00:00,TLA,19.0,8.710178,6.857143,6.857142857142857,16.62640380859375,False
2025-11-05 00:00:00,TLA,19.0,9.675231,9.666667,9.666666666666666,16.62640380859375,False
2025-11-05 01:00:00,TLA,21.0,9.28038,10.416667,10.416666666666666,16.62640380859375,False
2025-11-05 02:00:00,TLA,20.0,9.657483,11.5,11.5,16.62640380859375,False
2025-11-05 03:00:00,TLA,15.0,6.00918,7.857143,7.857142857142857,16.62640380859375,False
2025-11-05 04:00:00,TLA,13.0,4.1402073,6.5,6.5,16.62640380859375,False
2025-11-05 05:00:00,TLA,7.0,0.52027774,3.2142856,3.2142857142857144,16.62640380859375,False
2025-11-05 06:00:00,TLA,2.0,-0.32222986,2.9285715,2.9285714285714284,16.62640380859375,False
2025-11-05 07:00:00,TLA,4.0,1.4458723,5.0,5.0,16.62640380859375,False
2025-11-05 08:00:00,TLA,15.0,8.24744,12.428572,12.428571428571429,16.62640380859375,False
2025-11-05 09:00:00,TLA,19.0,16.734224,22.285715,22.285714285714285,16.62640380859375,False
2025-11-05 10:00:00,TLA,29.0,28.201973,36.53846,36.53846153846154,16.62640380859375,False
2025-11-05 11:00:00,TLA,45.0,36.787987,43.833332,43.833333333333336,16.62640380859375,False
2025-11-05 12:00:00,TLA,64.0,58.370617,55.153847,55.15384615384615,16.62640380859375,False
2025-11-05 13:00:00,TLA,67.0,73.5873,63.615383,63.61538461538461,16.62640380859375,False
2025-11-05 14:00:00,TLA,74.0,77.901825,69.71429,69.71428571428571,16.62640380859375,False
2025-11-05 15:00:00,TLA,75.0,79.150986,69.07143,69.07142857142857,16.62640380859375,False
2025-11-05 16:00:00,TLA,69.0,77.54386,63.5,63.5,16.62640380859375,False
2025-11-05 17:00:00,TLA,57.0,67.1519,50.76923,50.76923076923077,16.62640380859375,False
2025-11-05 18:00:00,TLA,31.0,38.92622,28.23077,28.23076923076923,16.62640380859375,False
2025-11-05 19:00:00,TLA,22.0,22.184942,19.428572,19.428571428571427,16.62640380859375,False
2025-11-05 20:00:00,TLA,11.0,15.945788,16.428572,16.428571428571427,16.62640380859375,False
2025-11-05 21:00:00,TLA,11.0,5.563889,10.214286,10.214285714285714,16.62640380859375,False
2025-11-05 22:00:00,TLA,18.0,0.47552872,7.857143,7.857142857142857,16.62640380859375,True
2025-11-05 23:00:00,TLA,19.0,-0.80098677,7.428571,7.428571428571429,16.62640380859375,True
2025-11-06 00:00:00,TLA,14.0,1.9907598,9.916667,9.916666666666666,16.62640380859375,False
2025-11-06 01:00:00,TLA,16.0,4.1572237,11.166667,11.166666666666666,16.62640380859375,False
2025-11-06 02:00:00,TLA,14.0,6.2176695,12.833333,12.833333333333334,16.62640380859375,False
2025-11-06 03:00:00,TLA,13.0,2.1161718,8.571428,8.571428571428571,16.62640380859375,False
2025-11-06 04:00:00,TLA,6.0,1.1746802,7.0,7.0,16.62640380859375,False
2025-11-06 05:00:00,TLA,2.0,-2.7504961,3.4285715,3.4285714285714284,16.62640380859375,False
2025-11-06 06:00:00,TLA,2.0,-3.5507407,2.857143,2.857142857142857,16.62640380859375,False
2025-11-06 07:00:00,TLA,3.0,-1.9112744,4.857143,4.857142857142857,16.62640380859375,False
2025-11-06 08:00:00,TLA,10.0,5.570751,12.642858,12.642857142857142,16.62640380859375,False
2025-11-06 09:00:00,TLA,23.0,13.97492,21.928572,21.928571428571427,16.62640380859375,False
2025-11-06 10:00:00,TLA,31.0,26.14848,36.46154,36.46153846153846,16.62640380859375,False
2025-11-06 11:00:00,TLA,45.0,34.298294,45.083332,45.083333333333336,16.62640380859375,False
2025-11-06 12:00:00,TLA,66.0,55.634552,57.615383,57.61538461538461,16.62640380859375,False
2025-11-06 13:00:00,TLA,84.0,78.47333,66.30769,66.3076923076923,16.62640380859375,False
2025-11-06 14:00:00,TLA,92.0,88.80759,72.42857,72.42857142857143,16.62640380859375,False
2025-11-06 15:00:00,TLA,98.0,94.24554,72.0,72.0,16.62640380859375,False
2025-11-06 16:00:00,TLA,104.0,96.53938,66.35714,66.35714285714286,16.62640380859375,False
2025-11-06 17:00:00,TLA,81.0,86.49971,53.46154,53.46153846153846,16.62640380859375,False
2025-11-06 18:00:00,TLA,28.0,52.26995,29.461538,29.46153846153846,16.62640380859375,True
2025-11-06 19:00:00,TLA,20.0,22.147036,19.857143,19.857142857142858,16.62640380859375,False
2025-11-06 20:00:00,TLA,8.0,14.150797,16.285715,16.285714285714285,16.62640380859375,False
2025-11-06 21:00:00,TLA,9.0,4.6139235,10.214286,10.214285714285714,16.62640380859375,False
2025-11-06 22:00:00,TLA,7.0,1.8687983,8.714286,8.714285714285714,16.62640380859375,False
2025-11-06 23:00:00,TLA,21.0,2.068962,8.5,8.5,16.62640380859375,True
2025-11-07 03:00:00,TLA,12.0,8.286033,9.142858,9.142857142857142,16.62640380859375,False
2025-11-07 04:00:00,TLA,15.0,2.9460125,7.214286,7.214285714285714,16.62640380859375,False
2025-11-07 05:00:00,TLA,5.0,-1.7732882,3.357143,3.357142857142857,16.62640380859375,False
2025-11-07 06:00:00,TLA,2.0,-2.7699451,2.857143,2.857142857142857,16.62640380859375,False
2025-11-07 07:00:00,TLA,3.0,-1.3026342,4.785714,4.785714285714286,16.62640380859375,False
2025-11-07 08:00:00,TLA,8.0,5.759582,12.357142,12.357142857142858,16.62640380859375,False
2025-11-07 09:00:00,TLA,25.0,14.041318,22.214285,22.214285714285715,16.62640380859375,False
2025-11-07 10:00:00,TLA,34.0,26.171389,36.692307,36.69230769230769,16.62640380859375,False
2025-11-07 11:00:00,TLA,60.0,38.17078,45.25,45.25,16.62640380859375,True
2025-11-07 12:00:00,TLA,78.0,63.926025,58.692307,58.69230769230769,16.62640380859375,False
2025-11-07 13:00:00,TLA,89.0,86.91119,67.92308,67.92307692307692,16.62640380859375,False
2025-11-07 14:00:00,TLA,96.0,101.351814,74.35714,74.35714285714286,16.62640380859375,False
2025-11-07 15:00:00,TLA,102.0,107.25209,74.5,74.5,16.62640380859375,False
2025-11-07 16:00:00,TLA,95.0,106.50648,69.92857,69.92857142857143,16.62640380859375,False
2025-11-07 17:00:00,TLA,87.0,93.501724,56.153847,56.15384615384615,16.62640380859375,False
2025-11-07 18:00:00,TLA,20.0,59.455654,29.846153,29.846153846153847,16.62640380859375,True
2025-11-07 19:00:00,TLA,6.0,27.218842,20.785715,20.785714285714285,16.62640380859375,True
2025-11-07 20:00:00,TLA,10.0,22.097845,16.428572,16.428571428571427,16.62640380859375,False
2025-11-07 21:00:00,TLA,3.0,11.60717,10.142858,10.142857142857142,16.62640380859375,False
2025-11-07 22:00:00,TLA,9.0,8.66253,8.714286,8.714285714285714,16.62640380859375,False
2025-11-07 23:00:00,TLA,12.0,8.438296,9.5,9.5,16.62640380859375,False
2025-11-08 00:00:00,TLA,8.0,8.998533,11.0,11.0,16.62640380859375,False
2025-11-08 01:00:00,TLA,0.0,9.021976,12.0,12.0,16.62640380859375,False
2025-11-08 02:00:00,TLA,8.0,8.873073,12.818182,12.818181818181818,16.62640380859375,False
2025-11-08 03:00:00,TLA,15.0,5.4442487,9.285714,9.285714285714286,16.62640380859375,False
2025-11-08 04:00:00,TLA,21.0,3.9928274,7.928571,7.928571428571429,16.62640380859375,True
2025-11-08 05:00:00,TLA,8.0,-0.29805207,3.5714285,3.5714285714285716,16.62640380859375,False
2025-11-08 06:00:00,TLA,3.0,-1.2047393,2.9285715,2.9285714285714284,16.62640380859375,False
2025-11-08 07:00:00,TLA,4.0,0.39824152,4.857143,4.857142857142857,16.62640380859375,False
2025-11-08 08:00:00,TLA,9.0,7.733493,12.571428,12.571428571428571,16.62640380859375,False
2025-11-08 09:00:00,TLA,27.0,17.26472,22.857143,22.857142857142858,16.62640380859375,False
2025-11-08 10:00:00,TLA,52.0,30.501877,36.923077,36.92307692307692,16.62640380859375,True
2025-11-08 11:00:00,TLA,60.0,48.155254,46.5,46.5,16.62640380859375,False
2025-11-08 12:00:00,TLA,69.0,79.325554,60.0,60.0,16.62640380859375,False
2025-11-08 13:00:00,TLA,76.0,88.05696,69.30769,69.3076923076923,16.62640380859375,False
2025-11-08 14:00:00,TLA,74.0,92.36531,75.64286,75.64285714285714,16.62640380859375,True
2025-11-08 15:00:00,TLA,87.0,92.628525,75.78571,75.78571428571429,16.62640380859375,False
2025-11-08 16:00:00,TLA,97.0,89.69107,70.57143,70.57142857142857,16.62640380859375,False
2025-11-08 17:00:00,TLA,85.0,78.31082,56.692307,56.69230769230769,16.62640380859375,False
2025-11-08 18:00:00,TLA,45.0,43.439438,27.692308,27.692307692307693,16.62640380859375,False
2025-11-08 19:00:00,TLA,11.0,19.726238,19.571428,19.571428571428573,16.62640380859375,False
2025-11-08 20:00:00,TLA,12.0,11.78904,16.642857,16.642857142857142,16.62640380859375,False
2025-11-08 21:00:00,TLA,16.0,3.205308,9.571428,9.571428571428571,16.62640380859375,False
2025-11-08 22:00:00,TLA,8.0,1.5514102,8.857142,8.857142857142858,16.62640380859375,False
2025-11-08 23:00:00,TLA,4.0,2.3629255,10.071428,10.071428571428571,16.62640380859375,False
2025-11-09 00:00:00,TLA,2.0,3.3534222,11.545455,11.545454545454545,16.62640380859375,False
2025-11-09 01:00:00,TLA,4.0,3.4144096,11.454545,11.454545454545455,16.62640380859375,False
2025-11-09 02:00:00,TLA,10.0,5.2295613,12.818182,12.818181818181818,16.62640380859375,False
2025-11-09 03:00:00,TLA,14.0,2.6320586,9.642858,9.642857142857142,16.62640380859375,False
2025-11-09 04:00:00,TLA,18.0,2.44972,8.928572,8.928571428571429,16.62640380859375,False
2025-11-09 05:00:00,TLA,11.0,-1.9239538,3.9285715,3.9285714285714284,16.62640380859375,False
2025-11-09 06:00:00,TLA,6.0,-2.76271,3.0,3.0,16.62640380859375,False
2025-11-09 07:00:00,TLA,8.0,-1.3729439,4.857143,4.857142857142857,16.62640380859375,False
2025-11-09 08:00:00,TLA,13.0,5.560558,12.142858,12.142857142857142,16.62640380859375,False
2025-11-09 09:00:00,TLA,21.0,15.455727,23.0,23.0,16.62640380859375,False
2025-11-09 10:00:00,TLA,35.0,29.854465,37.46154,37.46153846153846,16.62640380859375,False
2025-11-09 11:00:00,TLA,67.0,46.440323,47.083332,47.083333333333336,16.62640380859375,True
2025-11-09 12:00:00,TLA,87.0,72.3199,60.23077,60.23076923076923,16.62640380859375,False
2025-11-09 13:00:00,TLA,80.0,85.376114,68.76923,68.76923076923077,16.62640380859375,False
2025-11-09 14:00:00,TLA,70.0,85.79309,74.5,74.5,16.62640380859375,False
2025-11-09 15:00:00,TLA,57.0,76.54367,75.92857,75.92857142857143,16.62640380859375,True
2025-11-09 16:00:00,TLA,51.0,73.67001,71.71429,71.71428571428571,16.62640380859375,True
2025-11-09 17:00:00,TLA,49.0,65.168625,58.153847,58.15384615384615,16.62640380859375,False
2025-11-09 18:00:00,TLA,47.0,38.70031,28.538462,28.53846153846154,16.62640380859375,False
2025-11-09 19:00:00,TLA,40.0,28.300734,18.142857,18.142857142857142,16.62640380859375,False
2025-11-09 20:00:00,TLA,33.0,22.833406,15.785714,15.785714285714286,16.62640380859375,False
2025-11-09 21:00:00,TLA,30.0,14.277077,9.857142,9.857142857142858,16.62640380859375,False
2025-11-09 22:00:00,TLA,29.0,11.5668,9.0,9.0,16.62640380859375,True
2025-11-09 23:00:00,TLA,32.0,11.435456,9.857142,9.857142857142858,16.62640380859375,True
2025-11-10 00:00:00,TLA,33.0,11.003405,10.75,10.75,16.62640380859375,True
2025-11-10 01:00:00,TLA,34.0,13.059139,10.833333,10.833333333333334,16.62640380859375,True
2025-11-10 02:00:00,TLA,34.0,17.29785,12.583333,12.583333333333334,16.62640380859375,True
2025-11-10 03:00:00,TLA,24.0,14.330216,10.214286,10.214285714285714,16.62640380859375,False
2025-11-10 04:00:00,TLA,14.0,10.9724,9.285714,9.285714285714286,16.62640380859375,False
2025-11-10 05:00:00,TLA,7.0,3.1066551,4.428571,4.428571428571429,16.62640380859375,False
2025-11-10 06:00:00,TLA,14.0,-0.5164387,3.2857144,3.2857142857142856,16.62640380859375,False
2025-11-10 07:00:00,TLA,15.0,-2.7488441,5.0,5.0,16.62640380859375,True
2025-11-10 08:00:00,TLA,12.0,3.776186,11.857142,11.857142857142858,16.62640380859375,False
2025-11-10 09:00:00,TLA,11.0,13.087321,21.857143,21.857142857142858,16.62640380859375,False
2025-11-10 10:00:00,TLA,12.0,19.849209,35.846153,35.84615384615385,16.62640380859375,False
2025-11-10 11:00:00,TLA,12.0,25.59844,48.615383,48.61538461538461,16.62640380859375,False
2025-11-10 12:00:00,TLA,13.0,35.823414,61.23077,61.23076923076923,16.62640380859375,True
2025-11-10 13:00:00,TLA,17.0,41.87758,68.30769,68.3076923076923,16.62640380859375,True
2025-11-10 14:00:00,TLA,17.0,48.28279,73.78571,73.78571428571429,16.62640380859375,True
2025-11-10 15:00:00,TLA,19.0,51.51831,74.14286,74.14285714285714,16.62640380859375,True
2025-11-10 16:00:00,TLA,17.0,50.466354,70.14286,70.14285714285714,16.62640380859375,True
2025-11-10 17:00:00,TLA,16.0,40.435837,57.5,57.5,16.62640380859375,True
2025-11-10 18:00:00,TLA,13.0,14.346169,29.857143,29.857142857142858,16.62640380859375,False
2025-11-10 19:00:00,TLA,13.0,4.822423,18.928572,18.928571428571427,16.62640380859375,False
2025-11-10 20:00:00,TLA,18.0,4.232399,16.928572,16.928571428571427,16.62640380859375,False
2025-11-10 21:00:00,TLA,15.0,0.082074165,11.214286,11.214285714285714,16.62640380859375,False
2025-11-10 22:00:00,TLA,11.0,0.8016043,10.571428,10.571428571428571,16.62640380859375,False
2025-11-10 23:00:00,TLA,12.0,3.51194,12.0,12.0,16.62640380859375,False
2025-11-11 00:00:00,TLA,17.0,6.2254844,13.333333,13.333333333333334,16.62640380859375,False
2025-11-11 01:00:00,TLA,19.0,8.750462,13.25,13.25,16.62640380859375,False
2025-11-11 02:00:00,TLA,16.0,11.360474,14.166667,14.166666666666666,16.62640380859375,False
2025-11-11 03:00:00,TLA,5.0,8.912781,11.142858,11.142857142857142,16.62640380859375,False
2025-11-11 04:00:00,TLA,3.0,6.633958,9.428572,9.428571428571429,16.62640380859375,False
2025-11-11 05:00:00,TLA,1.0,-0.04748392,4.714286,4.714285714285714,16.62640380859375,False
2025-11-11 06:00:00,TLA,1.0,-2.7598486,4.142857,4.142857142857143,16.62640380859375,False
2025-11-11 07:00:00,TLA,2.0,-3.5012918,5.857143,5.857142857142857,16.62640380859375,False
2025-11-11 08:00:00,TLA,4.0,0.73033524,12.214286,12.214285714285714,16.62640380859375,False
2025-11-11 09:00:00,TLA,11.0,7.944831,21.571428,21.571428571428573,16.62640380859375,False
2025-11-11 10:00:00,TLA,20.0,17.719013,33.615383,33.61538461538461,16.62640380859375,False
2025-11-11 11:00:00,TLA,30.0,27.92657,45.692307,45.69230769230769,16.62640380859375,False
2025-11-11 12:00:00,TLA,40.0,40.341457,57.923077,57.92307692307692,16.62640380859375,False
2025-11-11 13:00:00,TLA,51.0,50.14086,64.53846,64.53846153846153,16.62640380859375,False
2025-11-11 14:00:00,TLA,59.0,62.100414,70.07143,70.07142857142857,16.62640380859375,False
2025-11-11 15:00:00,TLA,65.0,68.884575,71.07143,71.07142857142857,16.62640380859375,False
2025-11-11 16:00:00,TLA,59.0,71.18764,67.64286,67.64285714285714,16.62640380859375,False
2025-11-11 17:00:00,TLA,47.0,56.403393,56.0,56.0,16.62640380859375,False
2025-11-11 18:00:00,TLA,48.0,28.601553,29.285715,29.285714285714285,16.62640380859375,True
2025-11-11 19:00:00,TLA,14.0,9.439741,18.714285,18.714285714285715,16.62640380859375,False
2025-11-11 20:00:00,TLA,11.0,3.8727636,16.642857,16.642857142857142,16.62640380859375,False
2025-11-11 21:00:00,TLA,15.0,-1.9264021,12.0,12.0,16.62640380859375,True
2025-11-11 22:00:00,TLA,11.0,-1.9866657,11.071428,11.071428571428571,16.62640380859375,False
2025-11-11 23:00:00,TLA,7.0,1.1982212,12.857142,12.857142857142858,16.62640380859375,False
2025-11-12 00:00:00,TLA,5.0,2.9603586,13.666667,13.666666666666666,16.62640380859375,False
2025-11-12 01:00:00,TLA,5.0,4.431978,14.0,14.0,16.62640380859375,False
2025-11-12 02:00:00,TLA,7.0,6.0910664,14.333333,14.333333333333334,16.62640380859375,False
2025-11-12 03:00:00,TLA,4.0,3.2912092,10.785714,10.785714285714286,16.62640380859375,False
2025-11-12 04:00:00,TLA,2.0,2.1809702,9.071428,9.071428571428571,16.62640380859375,False
2025-11-12 05:00:00,TLA,2.0,-2.2349558,4.5,4.5,16.62640380859375,False
2025-11-12 06:00:00,TLA,2.0,-2.7545896,4.071429,4.071428571428571,16.62640380859375,False
2025-11-12 07:00:00,TLA,3.0,-1.5301642,5.785714,5.785714285714286,16.62640380859375,False
2025-11-12 08:00:00,TLA,9.0,3.6312532,12.0,12.0,16.62640380859375,False
2025-11-12 09:00:00,TLA,23.0,11.5864725,21.428572,21.428571428571427,16.62640380859375,False
2025-11-12 10:00:00,TLA,31.0,19.866505,33.076923,33.07692307692308,16.62640380859375,False
2025-11-12 11:00:00,TLA,57.0,31.551205,45.153847,45.15384615384615,16.62640380859375,True
2025-11-12 12:00:00,TLA,76.0,56.27137,56.615383,56.61538461538461,16.62640380859375,True
2025-11-12 13:00:00,TLA,81.0,71.541275,63.23077,63.23076923076923,16.62640380859375,False
2025-11-12 14:00:00,TLA,103.0,75.252945,68.92857,68.92857142857143,16.62640380859375,True
2025-11-12 15:00:00,TLA,101.0,78.445656,71.14286,71.14285714285714,16.62640380859375,True
2025-11-12 16:00:00,TLA,77.0,75.96036,67.78571,67.78571428571429,16.62640380859375,False
2025-11-12 17:00:00,TLA,46.0,61.051796,56.5,56.5,16.62640380859375,False
2025-11-12 18:00:00,TLA,21.0,24.962662,31.071428,31.071428571428573,16.62640380859375,False
2025-11-12 19:00:00,TLA,12.0,6.365815,18.285715,18.285714285714285,16.62640380859375,False
2025-11-12 20:00:00,TLA,15.0,3.5714388,15.714286,15.714285714285714,16.62640380859375,False
2025-11-12 21:00:00,TLA,10.0,0.22759914,12.642858,12.642857142857142,16.62640380859375,False
2025-11-12 22:00:00,TLA,12.0,0.20349503,11.714286,11.714285714285714,16.62640380859375,False
2025-11-12 23:00:00,TLA,15.0,2.85701,13.214286,13.214285714285714,16.62640380859375,False
2025-11-13 03:00:00,TLA,9.0,12.10522,10.714286,10.714285714285714,16.62640380859375,False
2025-11-13 04:00:00,TLA,3.0,4.0545325,9.071428,9.071428571428571,16.62640380859375,False
2025-11-13 05:00:00,TLA,2.0,-1.2966595,4.5,4.5,16.62640380859375,False
2025-11-13 06:00:00,TLA,1.0,-2.5708027,4.0,4.0,16.62640380859375,False
2025-11-13 07:00:00,TLA,2.0,-2.00956,5.428571,5.428571428571429,16.62640380859375,False
2025-11-13 08:00:00,TLA,6.0,1.7189436,10.357142,10.357142857142858,16.62640380859375,False
2025-11-13 09:00:00,TLA,14.0,9.033826,20.357143,20.357142857142858,16.62640380859375,False
2025-11-13 10:00:00,TLA,25.0,14.407825,31.692308,31.692307692307693,16.62640380859375,False
2025-11-13 11:00:00,TLA,32.0,23.430592,45.923077,45.92307692307692,16.62640380859375,False
2025-11-13 12:00:00,TLA,54.0,39.111237,58.76923,58.76923076923077,16.62640380859375,False
2025-11-13 13:00:00,TLA,58.0,47.724808,65.61539,65.61538461538461,16.62640380859375,False
2025-11-13 14:00:00,TLA,67.0,56.802246,72.85714,72.85714285714286,16.62640380859375,False
2025-11-13 15:00:00,TLA,82.0,67.42264,74.85714,74.85714285714286,16.62640380859375,False
2025-11-13 16:00:00,TLA,77.0,78.75613,70.21429,70.21428571428571,16.62640380859375,False
2025-11-13 17:00:00,TLA,30.0,62.492413,57.714287,57.714285714285715,16.62640380859375,True
2025-11-13 18:00:00,TLA,8.0,24.301834,31.428572,31.428571428571427,16.62640380859375,False
2025-11-13 19:00:00,TLA,4.0,5.6492205,18.357143,18.357142857142858,16.62640380859375,False
2025-11-13 20:00:00,TLA,10.0,2.7811956,16.214285,16.214285714285715,16.62640380859375,False
2025-11-13 21:00:00,TLA,9.0,-0.13589478,12.785714,12.785714285714286,16.62640380859375,False
2025-11-13 22:00:00,TLA,8.0,0.40093708,12.071428,12.071428571428571,16.62640380859375,False
2025-11-13 23:00:00,TLA,9.0,2.928586,13.714286,13.714285714285714,16.62640380859375,False
2025-11-14 00:00:00,TLA,8.0,4.4768972,14.363636,14.363636363636363,16.62640380859375,False
2025-11-14 01:00:00,TLA,4.0,4.9779778,13.818182,13.818181818181818,16.62640380859375,False
2025-11-14 02:00:00,TLA,2.0,7.237631,15.272727,15.272727272727273,16.62640380859375,False
2025-11-14 03:00:00,TLA,3.0,3.9654908,11.214286,11.214285714285714,16.62640380859375,False
2025-11-14 04:00:00,TLA,2.0,2.567154,9.142858,9.142857142857142,16.62640380859375,False
2025-11-14 05:00:00,TLA,1.0,-1.7948446,4.5,4.5,16.62640380859375,False
2025-11-14 06:00:00,TLA,2.0,-2.320523,3.9285715,3.9285714285714284,16.62640380859375,False
2025-11-14 07:00:00,TLA,2.0,-1.4029346,5.357143,5.357142857142857,16.62640380859375,False
2025-11-14 08:00:00,TLA,5.0,2.3972306,10.214286,10.214285714285714,16.62640380859375,False
2025-11-14 09:00:00,TLA,11.0,10.658131,20.214285,20.214285714285715,16.62640380859375,False
2025-11-14 10:00:00,TLA,22.0,18.357643,31.214285,31.214285714285715,16.62640380859375,False
2025-11-14 11:00:00,TLA,43.0,27.387896,44.92857,44.92857142857143,16.62640380859375,False
2025-11-14 12:00:00,TLA,50.0,40.829834,58.42857,58.42857142857143,16.62640380859375,False
2025-11-14 13:00:00,TLA,60.0,52.011772,65.07143,65.07142857142857,16.62640380859375,False
2025-11-14 14:00:00,TLA,61.0,55.832783,71.64286,71.64285714285714,16.62640380859375,False
2025-11-14 15:00:00,TLA,63.0,56.056995,74.78571,74.78571428571429,16.62640380859375,False
2025-11-14 16:00:00,TLA,49.0,51.134403,70.42857,70.42857142857143,16.62640380859375,False
2025-11-14 17:00:00,TLA,48.0,41.823574,54.857143,54.857142857142854,16.62640380859375,False
2025-11-14 18:00:00,TLA,20.0,20.7944,29.428572,29.428571428571427,16.62640380859375,False
2025-11-14 19:00:00,TLA,13.0,4.9133444,17.142857,17.142857142857142,16.62640380859375,False
2025-11-14 20:00:00,TLA,6.0,3.1099482,16.285715,16.285714285714285,16.62640380859375,False
2025-11-14 21:00:00,TLA,4.0,0.6705847,13.142858,13.142857142857142,16.62640380859375,False
2025-11-14 22:00:00,TLA,0.0,0.76319695,12.214286,12.214285714285714,16.62640380859375,False
2025-11-14 23:00:00,TLA,2.0,3.6379814,14.071428,14.071428571428571,16.62640380859375,False
2025-11-15 00:00:00,TLA,2.0,5.0872126,14.636364,14.636363636363637,16.62640380859375,False
2025-11-15 01:00:00,TLA,2.0,4.7834606,13.545455,13.545454545454545,16.62640380859375,False
2025-11-15 02:00:00,TLA,4.0,6.6286063,14.363636,14.363636363636363,16.62640380859375,False
2025-11-15 03:00:00,TLA,1.0,4.4386377,11.142858,11.142857142857142,16.62640380859375,False
2025-11-15 04:00:00,TLA,4.0,3.1908422,9.0,9.0,16.62640380859375,False
2025-11-15 05:00:00,TLA,2.0,-0.92078304,4.428571,4.428571428571429,16.62640380859375,False
2025-11-15 06:00:00,TLA,1.0,-1.5301092,3.9285715,3.9285714285714284,16.62640380859375,False
2025-11-15 07:00:00,TLA,3.0,-1.0246568,5.285714,5.285714285714286,16.62640380859375,False
2025-11-15 08:00:00,TLA,8.0,2.108615,9.928572,9.928571428571429,16.62640380859375,False
2025-11-15 09:00:00,TLA,20.0,9.102704,19.285715,19.285714285714285,16.62640380859375,False
2025-11-15 10:00:00,TLA,35.0,16.124228,30.428572,30.428571428571427,16.62640380859375,True
2025-11-15 11:00:00,TLA,47.0,25.496664,44.57143,44.57142857142857,16.62640380859375,True
2025-11-15 12:00:00,TLA,55.0,42.180782,58.07143,58.07142857142857,16.62640380859375,False
2025-11-15 13:00:00,TLA,54.0,51.80008,64.5,64.5,16.62640380859375,False
2025-11-15 14:00:00,TLA,55.0,55.651836,70.35714,70.35714285714286,16.62640380859375,False
2025-11-15 15:00:00,TLA,62.0,55.346924,73.85714,73.85714285714286,16.62640380859375,False
2025-11-15 16:00:00,TLA,94.0,62.3479,68.5,68.5,16.62640380859375,True
2025-11-15 17:00:00,TLA,49.0,52.199528,54.214287,54.214285714285715,16.62640380859375,False
2025-11-15 18:00:00,TLA,15.0,22.889622,28.928572,28.928571428571427,16.62640380859375,False
2025-11-15 19:00:00,TLA,12.0,3.1285133,17.214285,17.214285714285715,16.62640380859375,False
2025-11-15 20:00:00,TLA,11.0,0.87667656,15.714286,15.714285714285714,16.62640380859375,False
2025-11-15 21:00:00,TLA,0.0,-1.0422306,13.071428,13.071428571428571,16.62640380859375,False
2025-11-15 22:00:00,TLA,5.0,-1.2504253,11.928572,11.928571428571429,16.62640380859375,False
2025-11-15 23:00:00,TLA,4.0,2.3355742,14.0,14.0,16.62640380859375,False
2025-11-16 00:00:00,TLA,4.0,3.3638363,13.583333,13.583333333333334,16.62640380859375,False
2025-11-16 01:00:00,TLA,2.0,3.7609987,12.583333,12.583333333333334,16.62640380859375,False
2025-11-16 02:00:00,TLA,4.0,5.676537,13.5,13.5,16.62640380859375,False
2025-11-16 03:00:00,TLA,2.0,4.233194,11.071428,11.071428571428571,16.62640380859375,False
2025-11-16 04:00:00,TLA,3.0,2.8546844,8.928572,8.928571428571429,16.62640380859375,False
2025-11-16 05:00:00,TLA,3.0,-1.4909606,4.285714,4.285714285714286,16.62640380859375,False
2025-11-16 06:00:00,TLA,1.0,-1.879677,3.9285715,3.9285714285714284,16.62640380859375,False
2025-11-16 07:00:00,TLA,3.0,-1.1507816,5.285714,5.285714285714286,16.62640380859375,False
2025-11-16 08:00:00,TLA,14.0,1.9650154,9.928572,9.928571428571429,16.62640380859375,False
2025-11-16 09:00:00,TLA,33.0,8.677489,19.142857,19.142857142857142,16.62640380859375,True
2025-11-16 10:00:00,TLA,38.0,14.896777,29.571428,29.571428571428573,16.62640380859375,True
2025-11-16 11:00:00,TLA,58.0,30.758566,43.214287,43.214285714285715,16.62640380859375,True
2025-11-16 12:00:00,TLA,72.0,55.22477,57.57143,57.57142857142857,16.62640380859375,True
2025-11-16 13:00:00,TLA,73.0,55.050392,63.714287,63.714285714285715,16.62640380859375,True
2025-11-16 14:00:00,TLA,64.0,54.80958,68.71429,68.71428571428571,16.62640380859375,False
2025-11-16 15:00:00,TLA,59.0,56.32782,72.92857,72.92857142857143,16.62640380859375,False
2025-11-16 16:00:00,TLA,61.0,57.553864,70.85714,70.85714285714286,16.62640380859375,False
2025-11-16 17:00:00,TLA,51.0,48.205006,53.92857,53.92857142857143,16.62640380859375,False
2025-11-16 18:00:00,TLA,26.0,24.631907,27.142857,27.142857142857142,16.62640380859375,False
2025-11-16 19:00:00,TLA,9.0,7.0705442,15.642858,15.642857142857142,16.62640380859375,False
2025-11-16 20:00:00,TLA,3.0,2.3432198,14.642858,14.642857142857142,16.62640380859375,False
2025-11-16 21:00:00,TLA,2.0,-0.81071377,12.357142,12.357142857142858,16.62640380859375,False
2025-11-16 22:00:00,TLA,1.0,-0.75267124,12.071428,12.071428571428571,16.62640380859375,False
2025-11-16 23:00:00,TLA,3.0,2.3397236,14.142858,14.142857142857142,16.62640380859375,False
2025-11-17 00:00:00,TLA,10.0,2.5199947,13.333333,13.333333333333334,16.62640380859375,False
2025-11-17 01:00:00,TLA,2.0,2.6073656,12.083333,12.083333333333334,16.62640380859375,False
2025-11-17 02:00:00,TLA,5.0,4.799426,12.916667,12.916666666666666,16.62640380859375,False
2025-11-17 03:00:00,TLA,8.0,3.3221197,10.357142,10.357142857142858,16.62640380859375,False
2025-11-17 04:00:00,TLA,2.0,2.4745502,8.785714,8.785714285714286,16.62640380859375,False
2025-11-17 05:00:00,TLA,1.0,-1.3149047,4.357143,4.357142857142857,16.62640380859375,False
2025-11-17 06:00:00,TLA,1.0,-1.8540604,3.7857144,3.7857142857142856,16.62640380859375,False
2025-11-17 07:00:00,TLA,3.0,-1.5589232,4.857143,4.857142857142857,16.62640380859375,False
2025-11-17 08:00:00,TLA,12.0,0.9618187,9.285714,9.285714285714286,16.62640380859375,False
2025-11-17 09:00:00,TLA,21.0,7.1471024,19.214285,19.214285714285715,16.62640380859375,False
2025-11-17 10:00:00,TLA,38.0,11.955231,29.928572,29.928571428571427,16.62640380859375,True
2025-11-17 11:00:00,TLA,65.0,24.228088,44.42857,44.42857142857143,16.62640380859375,True
2025-11-17 12:00:00,TLA,67.0,50.21962,58.785713,58.785714285714285,16.62640380859375,True
2025-11-17 13:00:00,TLA,71.0,60.340187,64.78571,64.78571428571429,16.62640380859375,False
2025-11-17 14:00:00,TLA,71.0,57.934048,69.0,69.0,16.62640380859375,False
2025-11-17 15:00:00,TLA,85.0,68.34408,72.92857,72.92857142857143,16.62640380859375,True
2025-11-17 16:00:00,TLA,80.0,77.15232,71.28571,71.28571428571429,16.62640380859375,False
2025-11-17 17:00:00,TLA,63.0,66.452225,54.357143,54.357142857142854,16.62640380859375,False
2025-11-17 18:00:00,TLA,14.0,29.094406,27.071428,27.071428571428573,16.62640380859375,False
2025-11-17 19:00:00,TLA,5.0,3.0312805,14.642858,14.642857142857142,16.62640380859375,False
2025-11-17 20:00:00,TLA,3.0,1.3197651,13.285714,13.285714285714286,16.62640380859375,False
2025-11-17 21:00:00,TLA,7.0,-3.370102,10.714286,10.714285714285714,16.62640380859375,False
2025-11-17 22:00:00,TLA,1.0,-2.7541246,10.357142,10.357142857142858,16.62640380859375,False
2025-11-17 23:00:00,TLA,4.0,0.5820141,12.642858,12.642857142857142,16.62640380859375,False
2025-11-18 00:00:00,TLA,1.0,0.30143166,11.75,11.75,16.62640380859375,False
2025-11-18 01:00:00,TLA,5.0,-0.6224127,10.0,10.0,16.62640380859375,False
2025-11-18 02:00:00,TLA,6.0,1.0925131,11.0,11.0,16.62640380859375,False
2025-11-18 03:00:00,TLA,3.0,0.74766254,9.5,9.5,16.62640380859375,False
2025-11-18 04:00:00,TLA,3.0,0.5657463,7.714286,7.714285714285714,16.62640380859375,False
2025-11-18 05:00:00,TLA,1.0,-2.6221614,3.857143,3.857142857142857,16.62640380859375,False
2025-11-18 06:00:00,TLA,1.0,-3.0367754,3.0714285,3.0714285714285716,16.62640380859375,False
2025-11-18 07:00:00,TLA,2.0,-2.3497443,4.428571,4.428571428571429,16.62640380859375,False
2025-11-18 08:00:00,TLA,4.0,1.5182471,9.428572,9.428571428571429,16.62640380859375,False
2025-11-18 09:00:00,TLA,18.0,9.445223,19.5,19.5,16.62640380859375,False
2025-11-18 10:00:00,TLA,42.0,15.761215,30.714285,30.714285714285715,16.62640380859375,True
2025-11-18 16:00:00,TLA,79.0,64.47993,72.0,72.0,16.62640380859375,False
2025-11-18 17:00:00,TLA,58.0,49.810135,54.5,54.5,16.62640380859375,False
2025-11-18 18:00:00,TLA,28.0,19.961147,25.928572,25.928571428571427,16.62640380859375,False
2025-11-18 19:00:00,TLA,15.0,0.9104748,13.714286,13.714285714285714,16.62640380859375,False
2025-11-18 20:00:00,TLA,4.0,-2.452876,11.928572,11.928571428571429,16.62640380859375,False
2025-11-18 21:00:00,TLA,6.0,-4.4422398,10.214286,10.214285714285714,16.62640380859375,False
2025-11-18 22:00:00,TLA,11.0,-3.9638357,9.5,9.5,16.62640380859375,False
2025-11-18 23:00:00,TLA,6.0,-0.19376183,11.642858,11.642857142857142,16.62640380859375,False
2025-11-19 03:00:00,TLA,7.0,9.943385,9.142858,9.142857142857142,16.62640380859375,False
2025-11-19 04:00:00,TLA,9.0,2.8697672,7.785714,7.785714285714286,16.62640380859375,False
2025-11-19 05:00:00,TLA,5.0,-1.6922739,3.7857144,3.7857142857142856,16.62640380859375,False
2025-11-19 06:00:00,TLA,1.0,-2.8937724,2.7857144,2.7857142857142856,16.62640380859375,False
2025-11-19 07:00:00,TLA,2.0,-2.2749276,4.071429,4.071428571428571,16.62640380859375,False
2025-11-19 08:00:00,TLA,4.0,1.741054,9.214286,9.214285714285714,16.62640380859375,False
2025-11-19 09:00:00,TLA,10.0,9.843785,19.785715,19.785714285714285,16.62640380859375,False
2025-11-19 10:00:00,TLA,28.0,16.588055,31.714285,31.714285714285715,16.62640380859375,False
2025-11-19 11:00:00,TLA,48.0,28.56723,47.76923,47.76923076923077,16.62640380859375,True
2025-11-19 12:00:00,TLA,59.0,41.687206,60.846153,60.84615384615385,16.62640380859375,True
2025-11-19 13:00:00,TLA,64.0,47.93097,66.23077,66.23076923076923,16.62640380859375,False
2025-11-19 14:00:00,TLA,62.0,53.63623,69.46154,69.46153846153847,16.62640380859375,False
2025-11-19 15:00:00,TLA,59.0,65.37076,73.46154,73.46153846153847,16.62640380859375,False
2025-11-19 16:00:00,TLA,56.0,65.1142,72.07143,72.07142857142857,16.62640380859375,False
2025-11-19 17:00:00,TLA,35.0,49.22291,54.785713,54.785714285714285,16.62640380859375,False
2025-11-19 18:00:00,TLA,17.0,18.261425,26.0,26.0,16.62640380859375,False
2025-11-19 19:00:00,TLA,12.0,2.5451155,14.0,14.0,16.62640380859375,False
2025-11-19 20:00:00,TLA,5.0,-1.43155,11.071428,11.071428571428571,16.62640380859375,False
2025-11-19 21:00:00,TLA,5.0,-2.3740673,9.785714,9.785714285714286,16.62640380859375,False
2025-11-19 22:00:00,TLA,2.0,-1.8883495,9.357142,9.357142857142858,16.62640380859375,False
2025-11-19 23:00:00,TLA,3.0,0.58490276,10.714286,10.714285714285714,16.62640380859375,False
2025-11-20 00:00:00,TLA,1.0,0.1943531,9.454545,9.454545454545455,16.62640380859375,False
2025-11-20 01:00:00,TLA,1.0,-0.15842056,8.454545,8.454545454545455,16.62640380859375,False
2025-11-20 02:00:00,TLA,6.0,2.0741024,10.0,10.0,16.62640380859375,False
2025-11-20 03:00:00,TLA,5.0,2.0830803,8.571428,8.571428571428571,16.62640380859375,False
2025-11-20 04:00:00,TLA,4.0,1.7040434,7.5,7.5,16.62640380859375,False
2025-11-20 05:00:00,TLA,2.0,-1.7084136,3.642857,3.642857142857143,16.62640380859375,False
2025-11-20 06:00:00,TLA,2.0,-2.9636796,2.7142856,2.7142857142857144,16.62640380859375,False
2025-11-20 07:00:00,TLA,2.0,-2.5299218,3.9285715,3.9285714285714284,16.62640380859375,False
2025-11-20 08:00:00,TLA,4.0,0.6809931,8.428572,8.428571428571429,16.62640380859375,False
2025-11-20 09:00:00,TLA,10.0,9.3194065,19.142857,19.142857142857142,16.62640380859375,False
2025-11-20 10:00:00,TLA,34.0,18.913841,31.642857,31.642857142857142,16.62640380859375,False
2025-11-20 11:00:00,TLA,48.0,31.535347,48.0,48.0,16.62640380859375,False
2025-11-20 12:00:00,TLA,65.0,46.199203,60.46154,60.46153846153846,16.62640380859375,True
2025-11-20 13:00:00,TLA,70.0,61.500732,66.0,66.0,16.62640380859375,False
2025-11-20 14:00:00,TLA,83.0,67.769424,68.53846,68.53846153846153,16.62640380859375,False
2025-11-20 15:00:00,TLA,95.0,78.1213,72.23077,72.23076923076923,16.62640380859375,True
2025-11-20 16:00:00,TLA,91.0,78.186325,71.14286,71.14285714285714,16.62640380859375,False
2025-11-20 17:00:00,TLA,62.0,60.606354,53.214287,53.214285714285715,16.62640380859375,False
2025-11-20 18:00:00,TLA,23.0,30.416536,25.0,25.0,16.62640380859375,False
2025-11-20 19:00:00,TLA,3.0,1.2391844,13.285714,13.285714285714286,16.62640380859375,False
2025-11-20 20:00:00,TLA,7.0,-1.7706356,10.642858,10.642857142857142,16.62640380859375,False
2025-11-20 21:00:00,TLA,1.0,-4.056959,9.357142,9.357142857142858,16.62640380859375,False
2025-11-20 22:00:00,TLA,2.0,-5.096572,8.214286,8.214285714285714,16.62640380859375,False
2025-11-20 23:00:00,TLA,2.0,-2.839549,9.571428,9.571428571428571,16.62640380859375,False
2025-11-21 00:00:00,TLA,7.0,-3.4867992,8.272727,8.272727272727273,16.62640380859375,False
2025-11-21 01:00:00,TLA,3.0,-3.329873,7.090909,7.090909090909091,16.62640380859375,False
2025-11-21 02:00:00,TLA,6.0,1.3868604,9.272727,9.272727272727273,16.62640380859375,False
2025-11-21 03:00:00,TLA,3.0,2.0027037,8.0,8.0,16.62640380859375,False
2025-11-21 04:00:00,TLA,4.0,4.3364134,7.357143,7.357142857142857,16.62640380859375,False
2025-11-21 05:00:00,TLA,1.0,1.9066768,3.642857,3.642857142857143,16.62640380859375,False
2025-11-21 06:00:00,TLA,1.0,-0.65737224,2.7142856,2.7142857142857144,16.62640380859375,False
2025-11-21 07:00:00,TLA,2.0,-0.4293537,3.857143,3.857142857142857,16.62640380859375,False
2025-11-21 08:00:00,TLA,6.0,2.4376307,8.0,8.0,16.62640380859375,False
2025-11-21 09:00:00,TLA,16.0,9.8710785,18.214285,18.214285714285715,16.62640380859375,False
2025-11-21 10:00:00,TLA,38.0,16.228298,31.857143,31.857142857142858,16.62640380859375,True
2025-11-21 11:00:00,TLA,52.0,30.793283,48.23077,48.23076923076923,16.62640380859375,True
2025-11-21 12:00:00,TLA,72.0,50.348312,60.384617,60.38461538461539,16.62640380859375,True
2025-11-21 13:00:00,TLA,82.0,58.451508,64.92308,64.92307692307692,16.62640380859375,True
2025-11-21 14:00:00,TLA,86.0,62.11114,67.84615,67.84615384615384,16.62640380859375,True
2025-11-21 15:00:00,TLA,86.0,64.65231,72.0,72.0,16.62640380859375,True
2025-11-21 16:00:00,TLA,82.0,64.77969,70.21429,70.21428571428571,16.62640380859375,True
2025-11-21 17:00:00,TLA,46.0,46.551384,51.857143,51.857142857142854,16.62640380859375,False
2025-11-21 18:00:00,TLA,33.0,18.168434,24.642857,24.642857142857142,16.62640380859375,False
2025-11-21 19:00:00,TLA,39.0,4.7588615,12.071428,12.071428571428571,16.62640380859375,True
2025-11-21 20:00:00,TLA,17.0,1.929451,10.571428,10.571428571428571,16.62640380859375,False
2025-11-21 21:00:00,TLA,9.0,-1.2636471,8.785714,8.785714285714286,16.62640380859375,False
2025-11-21 22:00:00,TLA,12.0,-2.7404513,7.857143,7.857142857142857,16.62640380859375,False
2025-11-21 23:00:00,TLA,18.0,-0.1763115,8.214286,8.214285714285714,16.62640380859375,True
2025-11-22 00:00:00,TLA,16.0,2.081789,8.166667,8.166666666666666,16.62640380859375,False
2025-11-22 01:00:00,TLA,9.0,3.0635686,6.75,6.75,16.62640380859375,False
2025-11-22 02:00:00,TLA,8.0,5.364355,9.0,9.0,16.62640380859375,False
2025-11-22 03:00:00,TLA,6.0,4.616941,7.357143,7.357142857142857,16.62640380859375,False
2025-11-22 04:00:00,TLA,7.0,4.359913,6.571429,6.571428571428571,16.62640380859375,False
2025-11-22 05:00:00,TLA,1.0,1.8256345,3.357143,3.357142857142857,16.62640380859375,False
2025-11-22 06:00:00,TLA,3.0,-0.19143438,2.642857,2.642857142857143,16.62640380859375,False
2025-11-22 07:00:00,TLA,2.0,-0.2305696,3.7857144,3.7857142857142856,16.62640380859375,False
2025-11-22 08:00:00,TLA,6.0,2.1349325,7.857143,7.857142857142857,16.62640380859375,False
2025-11-22 09:00:00,TLA,22.0,6.8043737,17.571428,17.571428571428573,16.62640380859375,False
2025-11-22 10:00:00,TLA,42.0,13.41683,32.142857,32.142857142857146,16.62640380859375,True
2025-11-22 11:00:00,TLA,57.0,25.422838,47.615383,47.61538461538461,16.62640380859375,True
2025-11-22 12:00:00,TLA,64.0,37.563564,59.923077,59.92307692307692,16.62640380859375,True
2025-11-22 13:00:00,TLA,66.0,40.83783,64.38461,64.38461538461539,16.62640380859375,True
2025-11-22 14:00:00,TLA,73.0,46.272694,67.07692,67.07692307692308,16.62640380859375,True
2025-11-22 15:00:00,TLA,70.0,56.244526,70.76923,70.76923076923077,16.62640380859375,False
2025-11-22 16:00:00,TLA,59.0,52.967705,69.28571,69.28571428571429,16.62640380859375,False
2025-11-22 17:00:00,TLA,35.0,31.458426,48.92857,48.92857142857143,16.62640380859375,False
2025-11-22 18:00:00,TLA,20.0,9.493383,25.571428,25.571428571428573,16.62640380859375,False
2025-11-22 19:00:00,TLA,16.0,0.8267193,14.428572,14.428571428571429,16.62640380859375,False
2025-11-22 20:00:00,TLA,19.0,-0.13708973,11.071428,11.071428571428571,16.62640380859375,True
2025-11-22 21:00:00,TLA,12.0,-0.34849167,9.214286,9.214285714285714,16.62640380859375,False
2025-11-22 22:00:00,TLA,13.0,-0.5049124,8.071428,8.071428571428571,16.62640380859375,False
2025-11-22 23:00:00,TLA,8.0,1.9702454,8.642858,8.642857142857142,16.62640380859375,False
2025-11-23 00:00:00,TLA,8.0,2.9278011,8.833333,8.833333333333334,16.62640380859375,False
2025-11-23 01:00:00,TLA,9.0,2.5343962,7.5,7.5,16.62640380859375,False
2025-11-23 02:00:00,TLA,8.0,4.6744995,9.0,9.0,16.62640380859375,False
2025-11-23 03:00:00,TLA,0.0,3.551258,6.714286,6.714285714285714,16.62640380859375,False
2025-11-23 04:00:00,TLA,1.0,3.027696,5.571429,5.571428571428571,16.62640380859375,False
2025-11-23 05:00:00,TLA,3.0,0.70278573,2.857143,2.857142857142857,16.62640380859375,False
2025-11-23 06:00:00,TLA,1.0,1.0197818,2.642857,2.642857142857143,16.62640380859375,False
2025-11-23 07:00:00,TLA,3.0,0.83902645,3.642857,3.642857142857143,16.62640380859375,False
2025-11-23 08:00:00,TLA,5.0,2.131363,7.642857,7.642857142857143,16.62640380859375,False
2025-11-23 09:00:00,TLA,21.0,7.0892477,17.214285,17.214285714285715,16.62640380859375,False
2025-11-23 10:00:00,TLA,31.0,13.688847,31.428572,31.428571428571427,16.62640380859375,True
2025-11-23 11:00:00,TLA,38.0,23.24989,47.384617,47.38461538461539,16.62640380859375,False
2025-11-23 12:00:00,TLA,49.0,31.411745,59.53846,59.53846153846154,16.62640380859375,True
2025-11-23 13:00:00,TLA,55.0,35.08108,63.615383,63.61538461538461,16.62640380859375,True
2025-11-23 14:00:00,TLA,59.0,40.070343,67.0,67.0,16.62640380859375,True
2025-11-23 15:00:00,TLA,63.0,44.024246,69.46154,69.46153846153847,16.62640380859375,True
2025-11-23 16:00:00,TLA,58.0,44.823265,66.57143,66.57142857142857,16.62640380859375,False
2025-11-23 17:00:00,TLA,46.0,30.25168,45.357143,45.357142857142854,16.62640380859375,False
2025-11-23 18:00:00,TLA,31.0,12.400967,23.785715,23.785714285714285,16.62640380859375,True
2025-11-23 19:00:00,TLA,17.0,1.8793736,14.785714,14.785714285714286,16.62640380859375,False
2025-11-23 20:00:00,TLA,6.0,-2.0160465,11.571428,11.571428571428571,16.62640380859375,False
2025-11-23 21:00:00,TLA,4.0,-4.32502,8.928572,8.928571428571429,16.62640380859375,False
2025-11-23 22:00:00,TLA,7.0,-3.6786585,8.428572,8.428571428571429,16.62640380859375,False
2025-11-23 23:00:00,TLA,4.0,-1.56322,8.928572,8.928571428571429,16.62640380859375,False
2025-11-24 00:00:00,TLA,3.0,0.015519142,9.333333,9.333333333333334,16.62640380859375,False
2025-11-24 01:00:00,TLA,4.0,-0.15896177,7.9166665,7.916666666666667,16.62640380859375,False
2025-11-24 02:00:00,TLA,3.0,2.0422325,8.833333,8.833333333333334,16.62640380859375,False
2025-11-24 03:00:00,TLA,2.0,0.21022701,5.714286,5.714285714285714,16.62640380859375,False
2025-11-24 04:00:00,TLA,1.0,0.16821337,4.357143,4.357142857142857,16.62640380859375,False
2025-11-24 05:00:00,TLA,1.0,-1.7980464,2.2857144,2.2857142857142856,16.62640380859375,False
2025-11-24 06:00:00,TLA,1.0,-2.069741,2.2857144,2.2857142857142856,16.62640380859375,False
2025-11-24 07:00:00,TLA,2.0,-2.0409276,3.2857144,3.2857142857142856,16.62640380859375,False
2025-11-24 08:00:00,TLA,6.0,-0.23350716,7.071429,7.071428571428571,16.62640380859375,False
2025-11-24 09:00:00,TLA,13.0,6.44285,17.214285,17.214285714285715,16.62640380859375,False
2025-11-24 10:00:00,TLA,37.0,14.338221,31.142857,31.142857142857142,16.62640380859375,True
2025-11-24 11:00:00,TLA,55.0,21.983225,45.153847,45.15384615384615,16.62640380859375,True
2025-11-24 12:00:00,TLA,60.0,41.3727,56.615383,56.61538461538461,16.62640380859375,True
2025-11-24 13:00:00,TLA,90.0,56.497997,61.692307,61.69230769230769,16.62640380859375,True
2025-11-24 14:00:00,TLA,102.0,69.31681,66.15385,66.15384615384616,16.62640380859375,True
2025-11-24 15:00:00,TLA,95.0,79.89821,69.92308,69.92307692307692,16.62640380859375,False
2025-11-24 16:00:00,TLA,84.0,80.484665,67.07143,67.07142857142857,16.62640380859375,False
2025-11-24 17:00:00,TLA,63.0,62.318752,45.142857,45.142857142857146,16.62640380859375,False
2025-11-24 18:00:00,TLA,19.0,37.258312,22.642857,22.642857142857142,16.62640380859375,True
2025-11-24 19:00:00,TLA,2.0,9.020875,13.142858,13.142857142857142,16.62640380859375,False
2025-11-24 20:00:00,TLA,1.0,0.9765053,9.642858,9.642857142857142,16.62640380859375,False
2025-11-24 21:00:00,TLA,1.0,-4.0051627,7.071429,7.071428571428571,16.62640380859375,False
2025-11-24 22:00:00,TLA,1.0,-5.216783,6.857143,6.857142857142857,16.62640380859375,False
2025-11-24 23:00:00,TLA,1.0,-4.5856338,6.928571,6.928571428571429,16.62640380859375,False
2025-11-25 03:00:00,TLA,4.0,4.9246583,4.142857,4.142857142857143,16.62640380859375,False
2025-11-25 04:00:00,TLA,3.0,0.8854346,3.4285715,3.4285714285714284,16.62640380859375,False
2025-11-25 05:00:00,TLA,1.0,-1.6615635,1.8571428,1.8571428571428572,16.62640380859375,False
2025-11-25 06:00:00,TLA,1.0,-2.9746394,1.3571428,1.3571428571428572,16.62640380859375,False
2025-11-25 07:00:00,TLA,2.0,-2.6081667,2.357143,2.357142857142857,16.62640380859375,False
2025-11-25 08:00:00,TLA,7.0,1.0151353,6.642857,6.642857142857143,16.62640380859375,False
2025-11-25 09:00:00,TLA,22.0,9.894646,17.357143,17.357142857142858,16.62640380859375,False
2025-11-25 10:00:00,TLA,44.0,21.67862,32.92857,32.92857142857143,16.62640380859375,True
2025-11-25 11:00:00,TLA,63.0,34.264854,48.46154,48.46153846153846,16.62640380859375,True
2025-11-25 13:00:00,TLA,102.0,63.094944,67.30769,67.3076923076923,16.62640380859375,True
2025-11-25 14:00:00,TLA,115.0,76.859375,72.69231,72.6923076923077,16.62640380859375,True
2025-11-25 15:00:00,TLA,116.0,98.18993,75.76923,75.76923076923077,16.62640380859375,True
2025-11-25 16:00:00,TLA,111.0,99.66273,71.85714,71.85714285714286,16.62640380859375,False
2025-11-25 17:00:00,TLA,101.0,77.180725,48.5,48.5,16.62640380859375,True
2025-11-25 18:00:00,TLA,31.0,42.89643,23.071428,23.071428571428573,16.62640380859375,False
2025-11-25 19:00:00,TLA,11.0,14.546286,12.357142,12.357142857142858,16.62640380859375,False
2025-11-25 20:00:00,TLA,12.0,5.379798,8.428572,8.428571428571429,16.62640380859375,False
2025-11-25 21:00:00,TLA,10.0,3.0248122,6.071429,6.071428571428571,16.62640380859375,False
2025-11-25 22:00:00,TLA,12.0,3.6853127,6.142857,6.142857142857143,16.62640380859375,False
2025-11-25 23:00:00,TLA,16.0,2.9676952,6.142857,6.142857142857143,16.62640380859375,False
2025-11-26 00:00:00,TLA,5.0,5.145003,5.909091,5.909090909090909,16.62640380859375,False
2025-11-26 01:00:00,TLA,4.0,7.719622,4.181818,4.181818181818182,16.62640380859375,False
2025-11-26 02:00:00,TLA,3.0,11.031528,5.3636365,5.363636363636363,16.62640380859375,False
2025-11-26 03:00:00,TLA,21.0,9.452669,4.071429,4.071428571428571,16.62640380859375,False
2025-11-26 04:00:00,TLA,7.0,8.690797,3.4285715,3.4285714285714284,16.62640380859375,False
2025-11-26 05:00:00,TLA,2.0,5.7392974,1.8571428,1.8571428571428572,16.62640380859375,False
2025-11-26 06:00:00,TLA,2.0,4.456569,1.3571428,1.3571428571428572,16.62640380859375,False
2025-11-26 07:00:00,TLA,2.0,3.7299728,2.357143,2.357142857142857,16.62640380859375,False
2025-11-26 08:00:00,TLA,4.0,6.815726,6.857143,6.857142857142857,16.62640380859375,False
2025-11-26 09:00:00,TLA,15.0,15.521109,18.142857,18.142857142857142,16.62640380859375,False
2025-11-26 10:00:00,TLA,26.0,30.110697,34.642857,34.642857142857146,16.62640380859375,False
2025-11-26 11:00:00,TLA,52.0,42.24429,51.0,51.0,16.62640380859375,False
2025-11-26 12:00:00,TLA,65.0,61.70544,61.916668,61.916666666666664,16.62640380859375,False
2025-11-26 13:00:00,TLA,62.0,79.049805,71.23077,71.23076923076923,16.62640380859375,True
2025-11-26 14:00:00,TLA,67.0,85.76024,77.0,77.0,16.62640380859375,True
2025-11-26 15:00:00,TLA,68.0,87.791595,79.69231,79.6923076923077,16.62640380859375,True
2025-11-26 16:00:00,TLA,56.0,78.568245,75.57143,75.57142857142857,16.62640380859375,True
2025-11-26 17:00:00,TLA,24.0,50.33953,52.357143,52.357142857142854,16.62640380859375,True
2025-11-26 18:00:00,TLA,16.0,15.5473795,21.857143,21.857142857142858,16.62640380859375,False
2025-11-26 19:00:00,TLA,18.0,8.404599,12.142858,12.142857142857142,16.62640380859375,False
2025-11-26 20:00:00,TLA,16.0,5.841455,8.5,8.5,16.62640380859375,False
2025-11-26 21:00:00,TLA,12.0,2.5394301,5.714286,5.714285714285714,16.62640380859375,False
2025-11-26 22:00:00,TLA,14.0,2.7912312,6.214286,6.214285714285714,16.62640380859375,False
2025-11-26 23:00:00,TLA,15.0,6.004689,6.785714,6.785714285714286,16.62640380859375,False
2025-11-27 00:00:00,TLA,21.0,8.668485,5.909091,5.909090909090909,16.62640380859375,False
2025-11-27 01:00:00,TLA,28.0,10.400969,4.090909,4.090909090909091,16.62640380859375,True
2025-11-27 02:00:00,TLA,19.0,13.383392,5.0,5.0,16.62640380859375,False
2025-11-27 03:00:00,TLA,23.0,16.53815,5.285714,5.285714285714286,16.62640380859375,False
2025-11-27 04:00:00,TLA,22.0,14.85695,3.7857144,3.7857142857142856,16.62640380859375,False
2025-11-27 05:00:00,TLA,20.0,10.462149,1.8571428,1.8571428571428572,16.62640380859375,False
2025-11-27 06:00:00,TLA,5.0,5.1345344,1.3571428,1.3571428571428572,16.62640380859375,False
2025-11-27 07:00:00,TLA,1.0,0.72462976,2.2857144,2.2857142857142856,16.62640380859375,False
2025-11-27 08:00:00,TLA,5.0,1.387783,6.5,6.5,16.62640380859375,False
2025-11-27 09:00:00,TLA,15.0,9.90792,17.571428,17.571428571428573,16.62640380859375,False
2025-11-27 10:00:00,TLA,25.0,21.079792,34.285713,34.285714285714285,16.62640380859375,False
2025-11-27 11:00:00,TLA,36.0,26.01437,50.615383,50.61538461538461,16.62640380859375,False
2025-11-27 12:00:00,TLA,42.0,32.718227,61.0,61.0,16.62640380859375,False
2025-11-27 13:00:00,TLA,41.0,43.78514,69.76923,69.76923076923077,16.62640380859375,False
2025-11-27 14:00:00,TLA,44.0,51.881992,74.23077,74.23076923076923,16.62640380859375,False
2025-11-27 15:00:00,TLA,35.0,61.24002,77.15385,77.15384615384616,16.62640380859375,True
2025-11-27 16:00:00,TLA,25.0,62.021744,74.07143,74.07142857142857,16.62640380859375,True
2025-11-27 17:00:00,TLA,21.0,41.063023,50.785713,50.785714285714285,16.62640380859375,True
2025-11-27 18:00:00,TLA,12.0,11.89557,21.5,21.5,16.62640380859375,False
2025-11-27 19:00:00,TLA,9.0,3.2154493,12.571428,12.571428571428571,16.62640380859375,False
2025-11-27 20:00:00,TLA,10.0,-0.70182514,8.571428,8.571428571428571,16.62640380859375,False
2025-11-27 21:00:00,TLA,12.0,-2.628345,5.857143,5.857142857142857,16.62640380859375,False
2025-11-27 22:00:00,TLA,15.0,-0.091385365,6.357143,6.357142857142857,16.62640380859375,False
2025-11-27 23:00:00,TLA,17.0,1.9461646,6.785714,6.785714285714286,16.62640380859375,False
2025-11-28 00:00:00,TLA,20.0,5.0593467,7.1666665,7.166666666666667,16.62640380859375,False
2025-11-28 01:00:00,TLA,24.0,8.324486,6.0833335,6.083333333333333,16.62640380859375,False
2025-11-28 02:00:00,TLA,24.0,11.375439,6.1666665,6.166666666666667,16.62640380859375,False
2025-11-28 03:00:00,TLA,28.0,12.252768,6.285714,6.285714285714286,16.62640380859375,False
2025-11-28 04:00:00,TLA,20.0,12.453484,5.142857,5.142857142857143,16.62640380859375,False
2025-11-28 05:00:00,TLA,15.0,7.919559,3.142857,3.142857142857143,16.62640380859375,False
2025-11-28 06:00:00,TLA,9.0,1.0310317,1.6428572,1.6428571428571428,16.62640380859375,False
2025-11-28 07:00:00,TLA,4.0,-2.483966,2.2142856,2.2142857142857144,16.62640380859375,False
2025-11-28 08:00:00,TLA,8.0,-1.514494,6.428571,6.428571428571429,16.62640380859375,False
2025-11-28 09:00:00,TLA,18.0,6.9538603,17.642857,17.642857142857142,16.62640380859375,False
2025-11-28 10:00:00,TLA,18.0,19.114103,34.285713,34.285714285714285,16.62640380859375,False
2025-11-28 11:00:00,TLA,19.0,31.562973,50.923077,50.92307692307692,16.62640380859375,False
2025-11-28 12:00:00,TLA,21.0,36.411957,60.0,60.0,16.62640380859375,False
2025-11-28 13:00:00,TLA,21.0,42.288685,68.46154,68.46153846153847,16.62640380859375,True
2025-11-28 14:00:00,TLA,19.0,46.47734,72.46154,72.46153846153847,16.62640380859375,True
2025-11-28 15:00:00,TLA,27.0,49.73169,73.53846,73.53846153846153,16.62640380859375,True
2025-11-28 16:00:00,TLA,24.0,52.234783,70.35714,70.35714285714286,16.62640380859375,True
2025-11-28 17:00:00,TLA,18.0,38.506783,50.142857,50.142857142857146,16.62640380859375,True
2025-11-28 18:00:00,TLA,9.0,10.439048,21.785715,21.785714285714285,16.62640380859375,False
2025-11-28 19:00:00,TLA,3.0,2.0574198,12.928572,12.928571428571429,16.62640380859375,False
2025-11-28 20:00:00,TLA,5.0,-2.3756876,8.571428,8.571428571428571,16.62640380859375,False
2025-11-28 21:00:00,TLA,6.0,-3.5095801,6.071429,6.071428571428571,16.62640380859375,False
2025-11-28 22:00:00,TLA,7.0,-1.2787766,6.857143,6.857142857142857,16.62640380859375,False
2025-11-28 23:00:00,TLA,1.0,-0.01785326,7.357143,7.357142857142857,16.62640380859375,False
2025-11-29 00:00:00,TLA,1.0,1.4633904,8.166667,8.166666666666666,16.62640380859375,False
2025-11-29 01:00:00,TLA,2.0,1.6028528,7.75,7.75,16.62640380859375,False
2025-11-29 02:00:00,TLA,1.0,2.3624196,8.0,8.0,16.62640380859375,False
2025-11-29 03:00:00,TLA,1.0,2.7384987,8.071428,8.071428571428571,16.62640380859375,False
2025-11-29 04:00:00,TLA,1.0,1.1916661,6.428571,6.428571428571429,16.62640380859375,False
2025-11-29 05:00:00,TLA,2.0,-1.3247037,4.142857,4.142857142857143,16.62640380859375,False
2025-11-29 06:00:00,TLA,2.0,-4.16089,2.142857,2.142857142857143,16.62640380859375,False
2025-11-29 07:00:00,TLA,1.0,-5.227877,2.357143,2.357142857142857,16.62640380859375,False
2025-11-29 08:00:00,TLA,3.0,-3.0990462,6.642857,6.642857142857143,16.62640380859375,False
2025-11-29 09:00:00,TLA,9.0,5.6254454,18.142857,18.142857142857142,16.62640380859375,False
2025-11-29 10:00:00,TLA,19.0,17.818478,34.0,34.0,16.62640380859375,False
2025-11-29 11:00:00,TLA,37.0,29.029129,49.076923,49.07692307692308,16.62640380859375,False
2025-11-29 12:00:00,TLA,51.0,39.188694,57.583332,57.583333333333336,16.62640380859375,False
2025-11-29 13:00:00,TLA,58.0,53.94239,65.46154,65.46153846153847,16.62640380859375,False
2025-11-29 14:00:00,TLA,57.0,56.488808,69.23077,69.23076923076923,16.62640380859375,False
2025-11-29 15:00:00,TLA,47.0,56.513775,70.76923,70.76923076923077,16.62640380859375,False
2025-11-29 16:00:00,TLA,50.0,53.98583,68.57143,68.57142857142857,16.62640380859375,False
2025-11-29 17:00:00,TLA,46.0,36.83981,48.0,48.0,16.62640380859375,False
2025-11-29 18:00:00,TLA,24.0,16.259434,21.0,21.0,16.62640380859375,False
2025-11-29 19:00:00,TLA,2.0,0.45788383,12.214286,12.214285714285714,16.62640380859375,False
2025-11-29 20:00:00,TLA,2.0,-4.6821413,8.5,8.5,16.62640380859375,False
2025-11-29 21:00:00,TLA,2.0,-6.3080244,6.214286,6.214285714285714,16.62640380859375,False
2025-11-29 22:00:00,TLA,2.0,-3.88582,7.357143,7.357142857142857,16.62640380859375,False
2025-11-29 23:00:00,TLA,10.0,-2.8410797,7.285714,7.285714285714286,16.62640380859375,False
2025-11-30 00:00:00,TLA,8.0,-0.8683014,8.083333,8.083333333333334,16.62640380859375,False
2025-11-30 01:00:00,TLA,3.0,0.18208075,7.75,7.75,16.62640380859375,False
2025-11-30 02:00:00,TLA,3.0,1.3400803,7.75,7.75,16.62640380859375,False
2025-11-30 03:00:00,TLA,2.0,4.4704466,8.071428,8.071428571428571,16.62640380859375,False
2025-11-30 04:00:00,TLA,9.0,3.8621473,6.214286,6.214285714285714,16.62640380859375,False
2025-11-30 05:00:00,TLA,5.0,2.7034397,4.142857,4.142857142857143,16.62640380859375,False
2025-11-30 06:00:00,TLA,4.0,-0.88248825,2.2142856,2.2142857142857144,16.62640380859375,False
2025-11-30 07:00:00,TLA,3.0,-2.1660836,2.2142856,2.2142857142857144,16.62640380859375,False
2025-11-30 08:00:00,TLA,9.0,-0.30722952,6.285714,6.285714285714286,16.62640380859375,False
2025-11-30 09:00:00,TLA,25.0,7.4389677,17.357143,17.357142857142858,16.62640380859375,True
2025-11-30 10:00:00,TLA,44.0,16.551628,32.857143,32.857142857142854,16.62640380859375,True
2025-11-30 11:00:00,TLA,58.0,32.567986,48.307693,48.30769230769231,16.62640380859375,True
2025-11-30 12:00:00,TLA,70.0,52.13362,57.25,57.25,16.62640380859375,True
2025-11-30 13:00:00,TLA,83.0,65.46917,65.76923,65.76923076923077,16.62640380859375,True
2025-11-30 14:00:00,TLA,98.0,72.67011,69.38461,69.38461538461539,16.62640380859375,True
2025-11-30 15:00:00,TLA,102.0,77.481674,69.61539,69.61538461538461,16.62640380859375,True
2025-11-30 16:00:00,TLA,108.0,79.18207,65.42857,65.42857142857143,16.62640380859375,True
2025-11-30 17:00:00,TLA,95.0,70.19359,47.785713,47.785714285714285,16.62640380859375,True
2025-11-30 18:00:00,TLA,48.0,40.48707,21.642857,21.642857142857142,16.62640380859375,False
2025-11-30 19:00:00,TLA,31.0,16.503208,11.5,11.5,16.62640380859375,False
2025-11-30 20:00:00,TLA,27.0,8.53334,7.857143,7.857142857142857,16.62640380859375,True
2025-11-30 21:00:00,TLA,21.0,3.4873834,6.357143,6.357142857142857,16.62640380859375,True
2025-11-30 22:00:00,TLA,18.0,-0.7936058,7.142857,7.142857142857143,16.62640380859375,True
2025-11-30 23:00:00,TLA,17.0,-1.9839191,7.714286,7.714285714285714,16.62640380859375,True
2025-12-01 03:00:00,TLA,9.0,6.477721,8.071428,8.071428571428571,16.62640380859375,False
2025-12-01 04:00:00,TLA,12.0,0.68968916,6.642857,6.642857142857143,16.62640380859375,False
2025-12-01 05:00:00,TLA,2.0,-2.24365,4.285714,4.285714285714286,16.62640380859375,False
2025-12-01 06:00:00,TLA,1.0,-4.4271736,2.4285715,2.4285714285714284,16.62640380859375,False
2025-12-01 07:00:00,TLA,2.0,-4.942156,2.2142856,2.2142857142857144,16.62640380859375,False
2025-12-01 08:00:00,TLA,4.0,-1.3964028,5.928571,5.928571428571429,16.62640380859375,False
2025-12-01 09:00:00,TLA,11.0,8.40432,16.785715,16.785714285714285,16.62640380859375,False
2025-12-01 10:00:00,TLA,21.0,19.104683,33.285713,33.285714285714285,16.62640380859375,False
2025-12-01 11:00:00,TLA,41.0,27.42604,48.307693,48.30769230769231,16.62640380859375,False
2025-12-01 12:00:00,TLA,64.0,37.638206,57.083332,57.083333333333336,16.62640380859375,True
2025-12-01 13:00:00,TLA,76.0,56.23304,66.53846,66.53846153846153,16.62640380859375,True
2025-12-01 14:00:00,TLA,86.0,63.79512,72.0,72.0,16.62640380859375,True
2025-12-01 15:00:00,TLA,79.0,72.602135,72.92308,72.92307692307692,16.62640380859375,False
2025-12-01 16:00:00,TLA,73.0,71.80759,68.78571,68.78571428571429,16.62640380859375,False
2025-12-01 17:00:00,TLA,34.0,46.086212,50.92857,50.92857142857143,16.62640380859375,False
2025-12-01 18:00:00,TLA,26.0,15.396275,23.214285,23.214285714285715,16.62640380859375,False
2025-12-01 19:00:00,TLA,16.0,5.66849,13.071428,13.071428571428571,16.62640380859375,False
2025-12-01 20:00:00,TLA,7.0,-0.1655302,9.571428,9.571428571428571,16.62640380859375,False
2025-12-01 21:00:00,TLA,2.0,-4.3338394,7.714286,7.714285714285714,16.62640380859375,False
2025-12-01 22:00:00,TLA,1.0,-3.854474,8.357142,8.357142857142858,16.62640380859375,False
2025-12-01 23:00:00,TLA,1.0,-2.5316772,8.714286,8.714285714285714,16.62640380859375,False
2025-12-02 00:00:00,TLA,1.0,-1.4859848,8.272727,8.272727272727273,16.62640380859375,False
2025-12-02 01:00:00,TLA,2.0,-0.33650303,8.363636,8.363636363636363,16.62640380859375,False
2025-12-02 02:00:00,TLA,4.0,0.27418423,7.909091,7.909090909090909,16.62640380859375,False
2025-12-02 03:00:00,TLA,4.0,1.7430544,8.142858,8.142857142857142,16.62640380859375,False
2025-12-02 04:00:00,TLA,1.0,1.974381,7.357143,7.357142857142857,16.62640380859375,False
2025-12-02 05:00:00,TLA,1.0,-0.6589184,4.357143,4.357142857142857,16.62640380859375,False
2025-12-02 06:00:00,TLA,1.0,-2.395653,2.4285715,2.4285714285714284,16.62640380859375,False
2025-12-02 07:00:00,TLA,2.0,-2.9773746,2.142857,2.142857142857143,16.62640380859375,False
2025-12-02 08:00:00,TLA,3.0,-0.550488,5.357143,5.357142857142857,16.62640380859375,False
2025-12-02 09:00:00,TLA,8.0,8.818868,16.071428,16.071428571428573,16.62640380859375,False
2025-12-02 10:00:00,TLA,25.0,22.501028,32.07143,32.07142857142857,16.62640380859375,False
2025-12-02 11:00:00,TLA,55.0,35.073017,46.46154,46.46153846153846,16.62640380859375,True
2025-12-02 12:00:00,TLA,75.0,48.476814,56.833332,56.833333333333336,16.62640380859375,True
2025-12-02 13:00:00,TLA,97.0,68.90541,66.92308,66.92307692307692,16.62640380859375,True
2025-12-02 14:00:00,TLA,111.0,84.434135,73.15385,73.15384615384616,16.62640380859375,True
2025-12-02 15:00:00,TLA,97.0,91.36054,72.46154,72.46153846153847,16.62640380859375,False
2025-12-02 16:00:00,TLA,70.0,84.78265,68.28571,68.28571428571429,16.62640380859375,False
2025-12-02 17:00:00,TLA,43.0,55.075623,48.857143,48.857142857142854,16.62640380859375,False
2025-12-02 18:00:00,TLA,28.0,23.38404,24.071428,24.071428571428573,16.62640380859375,False
2025-12-02 19:00:00,TLA,29.0,12.788693,13.857142,13.857142857142858,16.62640380859375,False
2025-12-02 20:00:00,TLA,20.0,6.82012,9.857142,9.857142857142858,16.62640380859375,False
2025-12-02 21:00:00,TLA,14.0,-0.64171076,7.357143,7.357142857142857,16.62640380859375,False
2025-12-02 22:00:00,TLA,12.0,-2.8829117,8.357142,8.357142857142858,16.62640380859375,False
2025-12-02 23:00:00,TLA,10.0,-2.9186125,8.5,8.5,16.62640380859375,False
2025-12-03 00:00:00,TLA,3.0,-2.444869,8.272727,8.272727272727273,16.62640380859375,False
2025-12-03 01:00:00,TLA,3.0,-1.88694,8.090909,8.090909090909092,16.62640380859375,False
2025-12-03 02:00:00,TLA,4.0,-1.3680596,7.7272725,7.7272727272727275,16.62640380859375,False
2025-12-03 03:00:00,TLA,4.0,-0.36464977,8.214286,8.214285714285714,16.62640380859375,False
2025-12-03 04:00:00,TLA,3.0,-0.4665432,7.214286,7.214285714285714,16.62640380859375,False
2025-12-03 05:00:00,TLA,1.0,-1.8562264,4.357143,4.357142857142857,16.62640380859375,False
2025-12-03 06:00:00,TLA,0.0,-3.2612374,2.4285715,2.4285714285714284,16.62640380859375,False
2025-12-03 07:00:00,TLA,0.0,-3.577682,2.142857,2.142857142857143,16.62640380859375,False
2025-12-03 08:00:00,TLA,3.0,-0.5219226,5.285714,5.285714285714286,16.62640380859375,False
2025-12-03 09:00:00,TLA,13.0,8.760632,15.357142,15.357142857142858,16.62640380859375,False
2025-12-03 10:00:00,TLA,27.0,20.171738,30.857143,30.857142857142858,16.62640380859375,False
2025-12-03 11:00:00,TLA,46.0,33.746483,47.07143,47.07142857142857,16.62640380859375,False
2025-12-03 12:00:00,TLA,68.0,54.427654,58.23077,58.23076923076923,16.62640380859375,False
2025-12-03 13:00:00,TLA,84.0,70.5167,69.07143,69.07142857142857,16.62640380859375,False
2025-12-03 14:00:00,TLA,84.0,74.91935,75.85714,75.85714285714286,16.62640380859375,False
2025-12-03 15:00:00,TLA,102.0,80.7427,74.21429,74.21428571428571,16.62640380859375,True
2025-12-03 16:00:00,TLA,104.0,79.837654,67.64286,67.64285714285714,16.62640380859375,True
2025-12-03 17:00:00,TLA,66.0,65.434296,47.785713,47.785714285714285,16.62640380859375,False
2025-12-03 18:00:00,TLA,29.0,28.397305,24.071428,24.071428571428573,16.62640380859375,False
2025-12-03 19:00:00,TLA,6.0,12.423758,14.857142,14.857142857142858,16.62640380859375,False
2025-12-03 20:00:00,TLA,2.0,4.2852707,11.0,11.0,16.62640380859375,False
2025-12-03 21:00:00,TLA,2.0,-0.8775573,7.928571,7.928571428571429,16.62640380859375,False
2025-12-03 22:00:00,TLA,3.0,-2.783722,8.428572,8.428571428571429,16.62640380859375,False
2025-12-03 23:00:00,TLA,1.0,-1.7781544,8.785714,8.785714285714286,16.62640380859375,False
2025-12-04 00:00:00,TLA,1.0,-1.2263274,7.8333335,7.833333333333333,16.62640380859375,False
2025-12-04 01:00:00,TLA,1.0,-0.74303293,7.6666665,7.666666666666667,16.62640380859375,False
2025-12-04 02:00:00,TLA,1.0,-0.095226765,7.4166665,7.416666666666667,16.62640380859375,False
2025-12-04 03:00:00,TLA,1.0,1.7525616,8.0,8.0,16.62640380859375,False
2025-12-04 04:00:00,TLA,2.0,0.8268304,6.785714,6.785714285714286,16.62640380859375,False
2025-12-04 05:00:00,TLA,1.0,-1.3941646,4.071429,4.071428571428571,16.62640380859375,False
2025-12-04 06:00:00,TLA,1.0,-3.1122632,2.357143,2.357142857142857,16.62640380859375,False
2025-12-04 07:00:00,TLA,2.0,-3.7303257,2.0,2.0,16.62640380859375,False
2025-12-04 08:00:00,TLA,4.0,-1.001936,5.214286,5.214285714285714,16.62640380859375,False
2025-12-04 09:00:00,TLA,10.0,8.153425,15.571428,15.571428571428571,16.62640380859375,False
2025-12-04 10:00:00,TLA,34.0,18.473537,30.785715,30.785714285714285,16.62640380859375,False
2025-12-04 11:00:00,TLA,48.0,32.210567,46.92857,46.92857142857143,16.62640380859375,False
2025-12-04 12:00:00,TLA,71.0,52.055313,58.923077,58.92307692307692,16.62640380859375,True
2025-12-04 13:00:00,TLA,88.0,72.099724,70.5,70.5,16.62640380859375,False
2025-12-04 14:00:00,TLA,105.0,80.948555,77.42857,77.42857142857143,16.62640380859375,True
2025-12-04 15:00:00,TLA,95.0,84.89101,77.28571,77.28571428571429,16.62640380859375,False
2025-12-04 16:00:00,TLA,93.0,86.232185,71.07143,71.07142857142857,16.62640380859375,False
2025-12-04 17:00:00,TLA,78.0,70.440506,50.0,50.0,16.62640380859375,False
2025-12-04 18:00:00,TLA,48.0,27.900814,24.928572,24.928571428571427,16.62640380859375,True
2025-12-04 19:00:00,TLA,24.0,13.187045,14.428572,14.428571428571429,16.62640380859375,False
2025-12-04 20:00:00,TLA,19.0,5.7933207,10.785714,10.785714285714286,16.62640380859375,False
2025-12-04 21:00:00,TLA,19.0,-0.24165916,7.714286,7.714285714285714,16.62640380859375,True
2025-12-04 22:00:00,TLA,19.0,2.5578403,8.5,8.5,16.62640380859375,False
2025-12-04 23:00:00,TLA,24.0,7.66882,8.642858,8.642857142857142,16.62640380859375,False
2025-12-05 00:00:00,TLA,19.0,6.002354,7.8333335,7.833333333333333,16.62640380859375,False
2025-12-05 01:00:00,TLA,16.0,4.8027506,7.6666665,7.666666666666667,16.62640380859375,False
2025-12-05 02:00:00,TLA,6.0,4.228569,7.0,7.0,16.62640380859375,False
2025-12-05 03:00:00,TLA,5.0,7.218369,7.714286,7.714285714285714,16.62640380859375,False
2025-12-05 04:00:00,TLA,13.0,5.645959,6.642857,6.642857142857143,16.62640380859375,False
2025-12-05 05:00:00,TLA,2.0,1.6039791,4.0,4.0,16.62640380859375,False
2025-12-05 06:00:00,TLA,1.0,-2.334798,2.2857144,2.2857142857142856,16.62640380859375,False
2025-12-05 07:00:00,TLA,2.0,-3.2842402,2.0,2.0,16.62640380859375,False
2025-12-05 08:00:00,TLA,4.0,-0.17384434,5.214286,5.214285714285714,16.62640380859375,False
2025-12-05 09:00:00,TLA,12.0,10.261873,15.571428,15.571428571428571,16.62640380859375,False
2025-12-05 10:00:00,TLA,21.0,22.74553,30.785715,30.785714285714285,16.62640380859375,False
2025-12-05 11:00:00,TLA,45.0,32.60871,46.92857,46.92857142857143,16.62640380859375,False
2025-12-05 12:00:00,TLA,70.0,47.794983,59.384617,59.38461538461539,16.62640380859375,True
2025-12-05 13:00:00,TLA,82.0,70.194305,71.78571,71.78571428571429,16.62640380859375,False
2025-12-05 14:00:00,TLA,97.0,87.799576,79.0,79.0,16.62640380859375,False
2025-12-05 15:00:00,TLA,83.0,84.445656,77.28571,77.28571428571429,16.62640380859375,False
2025-12-05 16:00:00,TLA,67.0,71.24432,71.21429,71.21428571428571,16.62640380859375,False
2025-12-05 17:00:00,TLA,36.0,42.535202,51.142857,51.142857142857146,16.62640380859375,False
2025-12-05 18:00:00,TLA,24.0,17.370396,26.714285,26.714285714285715,16.62640380859375,False
2025-12-05 19:00:00,TLA,29.0,11.360661,15.928572,15.928571428571429,16.62640380859375,True
2025-12-05 20:00:00,TLA,25.0,4.811335,11.642858,11.642857142857142,16.62640380859375,True
2025-12-05 21:00:00,TLA,9.0,-1.4241667,9.0,9.0,16.62640380859375,False
2025-12-05 22:00:00,TLA,2.0,-2.363493,9.714286,9.714285714285714,16.62640380859375,False
2025-12-05 23:00:00,TLA,4.0,-1.9776001,10.214286,10.214285714285714,16.62640380859375,False
2025-12-06 00:00:00,TLA,4.0,-2.809061,8.833333,8.833333333333334,16.62640380859375,False
2025-12-06 01:00:00,TLA,1.0,-1.8313684,8.75,8.75,16.62640380859375,False
2025-12-06 02:00:00,TLA,1.0,-3.0424442,7.0,7.0,16.62640380859375,False
2025-12-06 03:00:00,TLA,1.0,-1.7769952,7.857143,7.857142857142857,16.62640380859375,False
2025-12-06 04:00:00,TLA,1.0,-1.6787853,7.285714,7.285714285714286,16.62640380859375,False
2025-12-06 05:00:00,TLA,1.0,-4.356259,4.071429,4.071428571428571,16.62640380859375,False
2025-12-06 06:00:00,TLA,1.0,-5.4456463,2.2857144,2.2857142857142856,16.62640380859375,False
2025-12-06 07:00:00,TLA,2.0,-5.345274,2.0,2.0,16.62640380859375,False
2025-12-06 08:00:00,TLA,3.0,-2.135419,5.071429,5.071428571428571,16.62640380859375,False
2025-12-06 09:00:00,TLA,10.0,7.311235,15.285714,15.285714285714286,16.62640380859375,False
2025-12-06 10:00:00,TLA,20.0,18.63046,29.571428,29.571428571428573,16.62640380859375,False
2025-12-06 11:00:00,TLA,41.0,30.176575,46.42857,46.42857142857143,16.62640380859375,False
2025-12-06 12:00:00,TLA,67.0,46.265015,59.23077,59.23076923076923,16.62640380859375,True
2025-12-06 13:00:00,TLA,73.0,66.14174,71.78571,71.78571428571429,16.62640380859375,False
2025-12-06 14:00:00,TLA,81.0,70.39008,79.78571,79.78571428571429,16.62640380859375,False
2025-12-06 15:00:00,TLA,77.0,64.73103,77.07143,77.07142857142857,16.62640380859375,False
2025-12-06 16:00:00,TLA,66.0,60.040504,70.14286,70.14285714285714,16.62640380859375,False
2025-12-06 17:00:00,TLA,38.0,36.03787,50.42857,50.42857142857143,16.62640380859375,False
2025-12-06 18:00:00,TLA,24.0,9.8406315,26.071428,26.071428571428573,16.62640380859375,False
2025-12-06 19:00:00,TLA,19.0,1.1617002,15.214286,15.214285714285714,16.62640380859375,True
2025-12-06 20:00:00,TLA,17.0,-2.1431656,12.214286,12.214285714285714,16.62640380859375,True
2025-12-06 21:00:00,TLA,11.0,-5.389868,9.0,9.0,16.62640380859375,False
2025-12-06 22:00:00,TLA,8.0,-4.6521034,9.0,9.0,16.62640380859375,False
2025-12-06 23:00:00,TLA,4.0,-3.421731,9.214286,9.214285714285714,16.62640380859375,False
2025-12-07 03:00:00,TLA,2.0,1.8633633,7.5,7.5,16.62640380859375,False
2025-12-07 04:00:00,TLA,1.0,-1.9828582,6.857143,6.857142857142857,16.62640380859375,False
2025-12-07 05:00:00,TLA,3.0,-4.095732,4.071429,4.071428571428571,16.62640380859375,False
2025-12-07 06:00:00,TLA,1.0,-5.503356,2.142857,2.142857142857143,16.62640380859375,False
2025-12-07 07:00:00,TLA,2.0,-5.506069,2.0,2.0,16.62640380859375,False
2025-12-07 08:00:00,TLA,6.0,-3.1891408,4.857143,4.857142857142857,16.62640380859375,False
2025-12-07 09:00:00,TLA,19.0,5.8722534,14.428572,14.428571428571429,16.62640380859375,False
2025-12-07 10:00:00,TLA,38.0,16.394634,28.0,28.0,16.62640380859375,True
2025-12-07 11:00:00,TLA,57.0,36.620174,45.285713,45.285714285714285,16.62640380859375,True
2025-12-07 12:00:00,TLA,65.0,56.24503,59.46154,59.46153846153846,16.62640380859375,False
2025-12-07 13:00:00,TLA,66.0,71.762955,72.28571,72.28571428571429,16.62640380859375,False
2025-12-07 14:00:00,TLA,75.0,79.088036,80.35714,80.35714285714286,16.62640380859375,False
2025-12-07 15:00:00,TLA,71.0,74.904816,77.57143,77.57142857142857,16.62640380859375,False
2025-12-07 16:00:00,TLA,61.0,63.95347,70.64286,70.64285714285714,16.62640380859375,False
2025-12-07 17:00:00,TLA,56.0,47.235943,50.642857,50.642857142857146,16.62640380859375,False
2025-12-07 18:00:00,TLA,40.0,28.803307,26.357143,26.357142857142858,16.62640380859375,False
2025-12-07 19:00:00,TLA,27.0,15.733176,15.428572,15.428571428571429,16.62640380859375,False
2025-12-07 20:00:00,TLA,20.0,9.230682,12.071428,12.071428571428571,16.62640380859375,False
2025-12-07 21:00:00,TLA,16.0,1.211626,8.928572,8.928571428571429,16.62640380859375,False
2025-12-07 22:00:00,TLA,18.0,-0.045957565,8.642858,8.642857142857142,16.62640380859375,True
2025-12-07 23:00:00,TLA,25.0,1.9037943,8.928572,8.928571428571429,16.62640380859375,True
2025-12-08 00:00:00,TLA,24.0,4.3789964,7.818182,7.818181818181818,16.62640380859375,True
2025-12-08 01:00:00,TLA,23.0,8.435678,8.0,8.0,16.62640380859375,False
2025-12-08 02:00:00,TLA,26.0,10.210621,6.2727275,6.2727272727272725,16.62640380859375,False
2025-12-08 03:00:00,TLA,24.0,14.926628,7.642857,7.642857142857143,16.62640380859375,False
2025-12-08 04:00:00,TLA,19.0,16.890762,6.857143,6.857142857142857,16.62640380859375,False
2025-12-08 05:00:00,TLA,12.0,13.691595,4.071429,4.071428571428571,16.62640380859375,False
2025-12-08 06:00:00,TLA,7.0,7.537313,2.142857,2.142857142857143,16.62640380859375,False
2025-12-08 07:00:00,TLA,10.0,2.557836,1.9285715,1.9285714285714286,16.62640380859375,False
2025-12-08 08:00:00,TLA,10.0,3.0882294,4.928571,4.928571428571429,16.62640380859375,False
2025-12-08 09:00:00,TLA,11.0,9.94154,14.285714,14.285714285714286,16.62640380859375,False
2025-12-08 10:00:00,TLA,19.0,16.025139,28.5,28.5,16.62640380859375,False
2025-12-08 11:00:00,TLA,23.0,23.961336,46.642857,46.642857142857146,16.62640380859375,False
2025-12-08 12:00:00,TLA,22.0,31.039764,60.692307,60.69230769230769,16.62640380859375,False
2025-12-08 13:00:00,TLA,23.0,39.87493,73.07143,73.07142857142857,16.62640380859375,True
2025-12-08 14:00:00,TLA,26.0,47.472054,81.5,81.5,16.62640380859375,True
2025-12-08 15:00:00,TLA,29.0,45.601986,78.14286,78.14285714285714,16.62640380859375,False
2025-12-08 16:00:00,TLA,25.0,42.821472,70.85714,70.85714285714286,16.62640380859375,True
2025-12-08 17:00:00,TLA,14.0,29.065756,51.357143,51.357142857142854,16.62640380859375,False
2025-12-08 18:00:00,TLA,7.0,7.838934,27.0,27.0,16.62640380859375,False
2025-12-08 19:00:00,TLA,5.0,-2.0275898,16.142857,16.142857142857142,16.62640380859375,False
2025-12-08 20:00:00,TLA,7.0,-2.9732246,13.071428,13.071428571428571,16.62640380859375,False
2025-12-08 21:00:00,TLA,2.0,-4.277359,9.785714,9.785714285714286,16.62640380859375,False
2025-12-08 22:00:00,TLA,3.0,-2.6031027,9.428572,9.428571428571429,16.62640380859375,False
2025-12-08 23:00:00,TLA,4.0,-0.42887974,10.428572,10.428571428571429,16.62640380859375,False
2025-12-09 00:00:00,TLA,3.0,0.63644314,9.727273,9.727272727272727,16.62640380859375,False
2025-12-09 01:00:00,TLA,2.0,1.6229877,9.727273,9.727272727272727,16.62640380859375,False
2025-12-09 02:00:00,TLA,3.0,0.9956355,8.363636,8.363636363636363,16.62640380859375,False
2025-12-09 03:00:00,TLA,3.0,2.5988846,9.214286,9.214285714285714,16.62640380859375,False
2025-12-09 04:00:00,TLA,2.0,2.0853672,8.142858,8.142857142857142,16.62640380859375,False
2025-12-09 05:00:00,TLA,3.0,-1.33915,4.857143,4.857142857142857,16.62640380859375,False
2025-12-09 06:00:00,TLA,2.0,-4.160903,2.5714285,2.5714285714285716,16.62640380859375,False
2025-12-09 07:00:00,TLA,3.0,-5.4300323,2.5,2.5,16.62640380859375,False
2025-12-09 08:00:00,TLA,5.0,-4.3977947,5.214286,5.214285714285714,16.62640380859375,False
2025-12-09 09:00:00,TLA,14.0,2.1000595,14.142858,14.142857142857142,16.62640380859375,False
2025-12-09 10:00:00,TLA,23.0,11.510309,27.214285,27.214285714285715,16.62640380859375,False
2025-12-09 11:00:00,TLA,43.0,25.910572,44.357143,44.357142857142854,16.62640380859375,True
2025-12-09 12:00:00,TLA,58.0,45.012386,57.76923,57.76923076923077,16.62640380859375,False
2025-12-09 13:00:00,TLA,42.0,58.073734,68.28571,68.28571428571429,16.62640380859375,False
2025-12-09 14:00:00,TLA,47.0,61.801765,76.07143,76.07142857142857,16.62640380859375,False
2025-12-09 15:00:00,TLA,58.0,59.981586,73.42857,73.42857142857143,16.62640380859375,False
2025-12-09 16:00:00,TLA,59.0,52.60051,66.64286,66.64285714285714,16.62640380859375,False
2025-12-09 17:00:00,TLA,47.0,46.10316,47.857143,47.857142857142854,16.62640380859375,False
2025-12-09 18:00:00,TLA,23.0,25.785208,26.142857,26.142857142857142,16.62640380859375,False
2025-12-09 19:00:00,TLA,38.0,3.6451387,16.357143,16.357142857142858,16.62640380859375,True
2025-12-09 20:00:00,TLA,26.0,5.4467564,13.5,13.5,16.62640380859375,True
2025-12-09 21:00:00,TLA,11.0,1.355567,9.857142,9.857142857142858,16.62640380859375,False
2025-12-09 22:00:00,TLA,9.0,0.8666935,9.571428,9.571428571428571,16.62640380859375,False
2025-12-09 23:00:00,TLA,16.0,2.638773,10.642858,10.642857142857142,16.62640380859375,False
2025-12-10 00:00:00,TLA,21.0,2.4166818,9.166667,9.166666666666666,16.62640380859375,True
2025-12-10 01:00:00,TLA,17.0,5.422879,9.083333,9.083333333333334,16.62640380859375,False
2025-12-10 02:00:00,TLA,15.0,5.7671833,7.9166665,7.916666666666667,16.62640380859375,False
2025-12-10 03:00:00,TLA,3.0,6.176709,9.142858,9.142857142857142,16.62640380859375,False
2025-12-10 04:00:00,TLA,6.0,3.206483,8.071428,8.071428571428571,16.62640380859375,False
2025-12-10 05:00:00,TLA,1.0,-0.4041357,5.0,5.0,16.62640380859375,False
2025-12-10 06:00:00,TLA,1.0,-3.5875602,2.642857,2.642857142857143,16.62640380859375,False
2025-12-10 07:00:00,TLA,2.0,-3.948878,2.5714285,2.5714285714285716,16.62640380859375,False
2025-12-10 08:00:00,TLA,3.0,-1.9464154,5.071429,5.071428571428571,16.62640380859375,False
2025-12-10 09:00:00,TLA,9.0,5.018422,13.571428,13.571428571428571,16.62640380859375,False
2025-12-10 10:00:00,TLA,22.0,12.824496,25.714285,25.714285714285715,16.62640380859375,False
2025-12-10 11:00:00,TLA,41.0,22.546223,42.92857,42.92857142857143,16.62640380859375,True
2025-12-10 12:00:00,TLA,53.0,35.197483,57.785713,57.785714285714285,16.62640380859375,True
2025-12-10 13:00:00,TLA,54.0,41.25496,64.0,64.0,16.62640380859375,False
2025-12-10 14:00:00,TLA,54.0,48.57875,71.21429,71.21428571428571,16.62640380859375,False
2025-12-10 15:00:00,TLA,48.0,46.54917,69.28571,69.28571428571429,16.62640380859375,False
2025-12-10 16:00:00,TLA,47.0,40.40852,62.92857,62.92857142857143,16.62640380859375,False
2025-12-10 17:00:00,TLA,37.0,24.733013,44.0,44.0,16.62640380859375,False
2025-12-10 18:00:00,TLA,8.0,9.004171,25.571428,25.571428571428573,16.62640380859375,False
2025-12-10 19:00:00,TLA,12.0,1.6428509,18.285715,18.285714285714285,16.62640380859375,False
2025-12-10 20:00:00,TLA,18.0,0.42215157,14.5,14.5,16.62640380859375,True
2025-12-10 21:00:00,TLA,10.0,-1.7466173,9.928572,9.928571428571429,16.62640380859375,False
2025-12-10 22:00:00,TLA,7.0,-0.7629137,9.357142,9.357142857142858,16.62640380859375,False
2025-12-10 23:00:00,TLA,7.0,1.4367905,10.642858,10.642857142857142,16.62640380859375,False
2025-12-11 00:00:00,TLA,12.0,2.0928917,10.5,10.5,16.62640380859375,False
2025-12-11 01:00:00,TLA,15.0,3.105595,10.166667,10.166666666666666,16.62640380859375,False
2025-12-11 02:00:00,TLA,9.0,2.7256956,8.916667,8.916666666666666,16.62640380859375,False
2025-12-11 03:00:00,TLA,6.0,2.1090803,7.857143,7.857142857142857,16.62640380859375,False
2025-12-11 04:00:00,TLA,2.0,2.074933,8.0,8.0,16.62640380859375,False
2025-12-11 05:00:00,TLA,2.0,-0.78949213,4.928571,4.928571428571429,16.62640380859375,False
2025-12-11 06:00:00,TLA,1.0,-3.2581127,2.5714285,2.5714285714285716,16.62640380859375,False
2025-12-11 07:00:00,TLA,2.0,-3.5519464,2.5714285,2.5714285714285716,16.62640380859375,False
2025-12-11 08:00:00,TLA,7.0,-1.7644081,5.0,5.0,16.62640380859375,False
2025-12-11 09:00:00,TLA,17.0,4.8554134,13.142858,13.142857142857142,16.62640380859375,False
2025-12-11 10:00:00,TLA,25.0,13.426574,25.428572,25.428571428571427,16.62640380859375,False
2025-12-11 11:00:00,TLA,35.0,23.573122,42.142857,42.142857142857146,16.62640380859375,False
2025-12-11 12:00:00,TLA,48.0,38.855423,56.92857,56.92857142857143,16.62640380859375,False
2025-12-11 13:00:00,TLA,60.0,49.24897,63.42857,63.42857142857143,16.62640380859375,False
2025-12-11 14:00:00,TLA,58.0,60.10261,70.28571,70.28571428571429,16.62640380859375,False
2025-12-11 15:00:00,TLA,61.0,61.44327,67.85714,67.85714285714286,16.62640380859375,False
2025-12-11 16:00:00,TLA,55.0,56.18743,62.285713,62.285714285714285,16.62640380859375,False
2025-12-11 17:00:00,TLA,32.0,34.560204,44.92857,44.92857142857143,16.62640380859375,False
2025-12-11 18:00:00,TLA,18.0,13.728526,25.0,25.0,16.62640380859375,False
2025-12-11 19:00:00,TLA,17.0,3.846509,17.857143,17.857142857142858,16.62640380859375,False
2025-12-11 20:00:00,TLA,27.0,1.9495878,14.642858,14.642857142857142,16.62640380859375,True
2025-12-11 21:00:00,TLA,10.0,3.3672667,9.785714,9.785714285714286,16.62640380859375,False
2025-12-11 22:00:00,TLA,5.0,-1.2532616,8.857142,8.857142857142858,16.62640380859375,False
2025-12-11 23:00:00,TLA,1.0,-1.3685904,10.071428,10.071428571428571,16.62640380859375,False
2025-12-12 00:00:00,TLA,4.0,-1.6749887,9.75,9.75,16.62640380859375,False
2025-12-12 01:00:00,TLA,2.0,-1.5944376,9.083333,9.083333333333334,16.62640380859375,False
2025-12-12 02:00:00,TLA,4.0,-1.4595127,8.083333,8.083333333333334,16.62640380859375,False
2025-12-12 03:00:00,TLA,2.0,-1.860127,6.642857,6.642857142857143,16.62640380859375,False
2025-12-12 04:00:00,TLA,2.0,-0.9567838,6.571429,6.571428571428571,16.62640380859375,False
2025-12-12 05:00:00,TLA,2.0,-3.2720003,3.642857,3.642857142857143,16.62640380859375,False
2025-12-12 06:00:00,TLA,1.0,-4.505641,2.2857144,2.2857142857142856,16.62640380859375,False
2025-12-12 07:00:00,TLA,2.0,-5.017875,2.642857,2.642857142857143,16.62640380859375,False
2025-12-12 08:00:00,TLA,5.0,-4.3385177,5.142857,5.142857142857143,16.62640380859375,False
2025-12-12 09:00:00,TLA,14.0,0.97032166,13.285714,13.285714285714286,16.62640380859375,False
2025-12-12 10:00:00,TLA,30.0,7.1535378,25.428572,25.428571428571427,16.62640380859375,True
2025-12-12 11:00:00,TLA,43.0,18.980976,42.07143,42.07142857142857,16.62640380859375,True
2025-12-12 12:00:00,TLA,54.0,40.665382,57.357143,57.357142857142854,16.62640380859375,False
2025-12-12 13:00:00,TLA,64.0,56.027687,64.78571,64.78571428571429,16.62640380859375,False
2025-12-12 14:00:00,TLA,63.0,56.537067,71.28571,71.28571428571429,16.62640380859375,False
2025-12-12 15:00:00,TLA,50.0,50.855476,69.71429,69.71428571428571,16.62640380859375,False
2025-12-12 16:00:00,TLA,38.0,38.90473,64.42857,64.42857142857143,16.62640380859375,False
2025-12-12 17:00:00,TLA,23.0,21.338037,45.714287,45.714285714285715,16.62640380859375,False
2025-12-12 18:00:00,TLA,7.0,6.984518,25.428572,25.428571428571427,16.62640380859375,False
2025-12-12 19:00:00,TLA,11.0,0.8110714,18.428572,18.428571428571427,16.62640380859375,False
2025-12-12 20:00:00,TLA,9.0,-0.74132824,15.857142,15.857142857142858,16.62640380859375,False
2025-12-12 21:00:00,TLA,4.0,-5.810829,9.642858,9.642857142857142,16.62640380859375,False
2025-12-12 22:00:00,TLA,5.0,-5.4562473,8.142858,8.142857142857142,16.62640380859375,False
2025-12-12 23:00:00,TLA,10.0,-2.992671,8.928572,8.928571428571429,16.62640380859375,False
2025-12-13 03:00:00,TLA,2.0,0.48743534,4.785714,4.785714285714286,16.62640380859375,False
2025-12-13 04:00:00,TLA,1.0,-3.842723,5.285714,5.285714285714286,16.62640380859375,False
2025-12-13 05:00:00,TLA,2.0,-5.950485,2.7142856,2.7142857142857144,16.62640380859375,False
2025-12-13 06:00:00,TLA,2.0,-6.528061,1.7142857,1.7142857142857142,16.62640380859375,False
2025-12-13 07:00:00,TLA,2.0,-5.7381153,2.5,2.5,16.62640380859375,False
2025-12-13 08:00:00,TLA,4.0,-4.366423,4.928571,4.928571428571429,16.62640380859375,False
2025-12-13 09:00:00,TLA,15.0,0.79160404,13.0,13.0,16.62640380859375,False
2025-12-13 10:00:00,TLA,21.0,7.893503,26.285715,26.285714285714285,16.62640380859375,False
2025-12-13 11:00:00,TLA,33.0,16.967073,43.785713,43.785714285714285,16.62640380859375,False
2025-12-13 12:00:00,TLA,42.0,29.085068,59.714287,59.714285714285715,16.62640380859375,False
2025-12-13 13:00:00,TLA,48.0,38.84223,67.85714,67.85714285714286,16.62640380859375,False
2025-12-13 14:00:00,TLA,55.0,50.792297,74.42857,74.42857142857143,16.62640380859375,False
2025-12-13 15:00:00,TLA,55.0,47.706116,71.35714,71.35714285714286,16.62640380859375,False
2025-12-13 16:00:00,TLA,54.0,44.856483,65.42857,65.42857142857143,16.62640380859375,False
2025-12-13 17:00:00,TLA,48.0,29.22764,46.07143,46.07142857142857,16.62640380859375,True
2025-12-13 18:00:00,TLA,23.0,8.577496,25.285715,25.285714285714285,16.62640380859375,False
2025-12-13 19:00:00,TLA,18.0,4.873147,19.0,19.0,16.62640380859375,False
2025-12-13 20:00:00,TLA,12.0,2.4682522,16.142857,16.142857142857142,16.62640380859375,False
2025-12-13 21:00:00,TLA,11.0,-3.42914,9.5,9.5,16.62640380859375,False
2025-12-13 22:00:00,TLA,5.0,-5.1564837,8.0,8.0,16.62640380859375,False
2025-12-13 23:00:00,TLA,4.0,-2.8209352,9.571428,9.571428571428571,16.62640380859375,False
2025-12-14 00:00:00,TLA,2.0,-2.0251894,9.090909,9.090909090909092,16.62640380859375,False
2025-12-14 01:00:00,TLA,5.0,-2.1222491,7.7272725,7.7272727272727275,16.62640380859375,False
2025-12-14 02:00:00,TLA,4.0,-1.1957769,6.909091,6.909090909090909,16.62640380859375,False
2025-12-14 03:00:00,TLA,2.0,-1.8450541,4.857143,4.857142857142857,16.62640380859375,False
2025-12-14 04:00:00,TLA,2.0,-0.777585,5.285714,5.285714285714286,16.62640380859375,False
2025-12-14 05:00:00,TLA,1.0,-2.8441226,2.7142856,2.7142857142857144,16.62640380859375,False
2025-12-14 06:00:00,TLA,2.0,-3.553297,1.7142857,1.7142857142857142,16.62640380859375,False
2025-12-14 07:00:00,TLA,2.0,-3.4622838,2.5714285,2.5714285714285716,16.62640380859375,False
2025-12-14 08:00:00,TLA,5.0,-2.9414492,5.0,5.0,16.62640380859375,False
2025-12-14 09:00:00,TLA,17.0,3.802598,13.428572,13.428571428571429,16.62640380859375,False
2025-12-14 10:00:00,TLA,36.0,14.1831255,26.428572,26.428571428571427,16.62640380859375,True
2025-12-14 11:00:00,TLA,54.0,27.46538,43.5,43.5,16.62640380859375,True
2025-12-14 12:00:00,TLA,68.0,42.575424,59.07143,59.07142857142857,16.62640380859375,True
2025-12-14 13:00:00,TLA,57.0,48.618355,67.14286,67.14285714285714,16.62640380859375,False
2025-12-14 14:00:00,TLA,61.0,49.52671,74.28571,74.28571428571429,16.62640380859375,False
2025-12-14 15:00:00,TLA,49.0,47.32474,71.92857,71.92857142857143,16.62640380859375,False
2025-12-14 16:00:00,TLA,37.0,40.234386,65.71429,65.71428571428571,16.62640380859375,False
2025-12-14 17:00:00,TLA,31.0,24.024075,46.214287,46.214285714285715,16.62640380859375,False
2025-12-14 18:00:00,TLA,25.0,13.104232,25.214285,25.214285714285715,16.62640380859375,False
2025-12-14 19:00:00,TLA,20.0,11.23627,20.142857,20.142857142857142,16.62640380859375,False
2025-12-14 20:00:00,TLA,18.0,8.289144,16.857143,16.857142857142858,16.62640380859375,False
2025-12-14 21:00:00,TLA,15.0,1.7939777,10.142858,10.142857142857142,16.62640380859375,False
2025-12-14 22:00:00,TLA,16.0,0.74038124,8.214286,8.214285714285714,16.62640380859375,False
2025-12-14 23:00:00,TLA,24.0,4.0125766,9.142858,9.142857142857142,16.62640380859375,True
2025-12-15 00:00:00,TLA,23.0,5.366458,8.545455,8.545454545454545,16.62640380859375,True
2025-12-15 01:00:00,TLA,25.0,6.437085,7.909091,7.909090909090909,16.62640380859375,True
2025-12-15 02:00:00,TLA,23.0,9.159878,7.0,7.0,16.62640380859375,False
2025-12-15 03:00:00,TLA,27.0,8.562149,4.857143,4.857142857142857,16.62640380859375,True
2025-12-15 04:00:00,TLA,23.0,11.187997,4.785714,4.785714285714286,16.62640380859375,False
2025-12-15 05:00:00,TLA,18.0,7.5677223,2.4285715,2.4285714285714284,16.62640380859375,False
2025-12-15 06:00:00,TLA,5.0,3.5564413,1.5714285,1.5714285714285714,16.62640380859375,False
2025-12-15 07:00:00,TLA,5.0,-1.579804,2.5,2.5,16.62640380859375,False
2025-12-15 08:00:00,TLA,8.0,-4.937457,4.714286,4.714285714285714,16.62640380859375,False
2025-12-15 09:00:00,TLA,14.0,-2.1292477,12.857142,12.857142857142858,16.62640380859375,False
2025-12-15 10:00:00,TLA,18.0,0.9084568,25.857143,25.857142857142858,16.62640380859375,True
2025-12-15 11:00:00,TLA,19.0,10.573376,43.214287,43.214285714285715,16.62640380859375,False
2025-12-15 12:00:00,TLA,20.0,23.934322,58.92857,58.92857142857143,16.62640380859375,False
2025-12-15 13:00:00,TLA,24.0,29.566097,65.28571,65.28571428571429,16.62640380859375,False
2025-12-15 14:00:00,TLA,21.0,36.2087,71.64286,71.64285714285714,16.62640380859375,False
2025-12-15 15:00:00,TLA,20.0,35.00508,68.14286,68.14285714285714,16.62640380859375,False
2025-12-15 16:00:00,TLA,19.0,30.498644,60.642857,60.642857142857146,16.62640380859375,False
2025-12-15 17:00:00,TLA,13.0,15.718214,41.642857,41.642857142857146,16.62640380859375,False
2025-12-15 18:00:00,TLA,4.0,0.99469185,23.571428,23.571428571428573,16.62640380859375,False
2025-12-15 19:00:00,TLA,3.0,-0.99308777,19.357143,19.357142857142858,16.62640380859375,False
2025-12-15 20:00:00,TLA,3.0,-1.627882,16.214285,16.214285714285715,16.62640380859375,False
2025-12-15 21:00:00,TLA,1.0,-5.894204,9.714286,9.714285714285714,16.62640380859375,False
2025-12-15 22:00:00,TLA,2.0,-5.70751,8.071428,8.071428571428571,16.62640380859375,False
2025-12-15 23:00:00,TLA,9.0,-2.295803,9.642858,9.642857142857142,16.62640380859375,False
2025-12-16 00:00:00,TLA,4.0,-0.43000698,9.75,9.75,16.62640380859375,False
2025-12-16 01:00:00,TLA,6.0,0.6969204,9.333333,9.333333333333334,16.62640380859375,False
2025-12-16 02:00:00,TLA,12.0,0.72681427,8.333333,8.333333333333334,16.62640380859375,False
2025-12-16 03:00:00,TLA,10.0,-0.6981759,6.142857,6.142857142857143,16.62640380859375,False
2025-12-16 04:00:00,TLA,2.0,-0.9785323,5.571429,5.571428571428571,16.62640380859375,False
2025-12-16 05:00:00,TLA,2.0,-3.7274458,3.5714285,3.5714285714285716,16.62640380859375,False
2025-12-16 06:00:00,TLA,1.0,-6.1634755,1.8571428,1.8571428571428572,16.62640380859375,False
2025-12-16 07:00:00,TLA,2.0,-6.2830095,2.7142856,2.7142857142857144,16.62640380859375,False
2025-12-16 08:00:00,TLA,3.0,-5.309005,5.0,5.0,16.62640380859375,False
2025-12-16 09:00:00,TLA,8.0,0.6905546,13.071428,13.071428571428571,16.62640380859375,False
2025-12-16 10:00:00,TLA,20.0,10.621566,25.642857,25.642857142857142,16.62640380859375,False
2025-12-16 11:00:00,TLA,27.0,22.800907,41.642857,41.642857142857146,16.62640380859375,False
2025-12-16 12:00:00,TLA,46.0,35.239044,55.785713,55.785714285714285,16.62640380859375,False
2025-12-16 13:00:00,TLA,53.0,46.556717,61.57143,61.57142857142857,16.62640380859375,False
2025-12-16 14:00:00,TLA,54.0,56.186012,67.0,67.0,16.62640380859375,False
2025-12-16 15:00:00,TLA,58.0,51.713593,63.92857,63.92857142857143,16.62640380859375,False
2025-12-16 16:00:00,TLA,57.0,45.76251,56.785713,56.785714285714285,16.62640380859375,False
2025-12-16 17:00:00,TLA,48.0,32.659996,40.142857,40.142857142857146,16.62640380859375,False
2025-12-16 18:00:00,TLA,19.0,10.216051,22.0,22.0,16.62640380859375,False
2025-12-16 19:00:00,TLA,8.0,1.2789459,18.428572,18.428571428571427,16.62640380859375,False
2025-12-16 20:00:00,TLA,18.0,0.14785671,15.928572,15.928571428571429,16.62640380859375,True
2025-12-16 21:00:00,TLA,20.0,-4.395114,9.642858,9.642857142857142,16.62640380859375,True
2025-12-16 22:00:00,TLA,9.0,-3.7733583,8.142858,8.142857142857142,16.62640380859375,False
2025-12-16 23:00:00,TLA,8.0,0.31817055,10.214286,10.214285714285714,16.62640380859375,False
2025-12-17 00:00:00,TLA,6.0,0.66148186,10.0,10.0,16.62640380859375,False
2025-12-17 01:00:00,TLA,2.0,0.7729931,9.666667,9.666666666666666,16.62640380859375,False
2025-12-17 02:00:00,TLA,6.0,0.19042492,9.0,9.0,16.62640380859375,False
2025-12-17 03:00:00,TLA,2.0,-1.4300485,6.571429,6.571428571428571,16.62640380859375,False
2025-12-17 04:00:00,TLA,3.0,-1.3508382,5.642857,5.642857142857143,16.62640380859375,False
2025-12-17 05:00:00,TLA,2.0,-2.4326415,3.642857,3.642857142857143,16.62640380859375,False
2025-12-17 06:00:00,TLA,2.0,-3.65655,1.8571428,1.8571428571428572,16.62640380859375,False
2025-12-17 07:00:00,TLA,3.0,-3.3086588,2.7142856,2.7142857142857144,16.62640380859375,False
2025-12-17 08:00:00,TLA,4.0,-1.5684028,5.0,5.0,16.62640380859375,False
2025-12-17 09:00:00,TLA,16.0,5.4196997,13.071428,13.071428571428571,16.62640380859375,False
2025-12-17 10:00:00,TLA,35.0,15.328414,25.285715,25.285714285714285,16.62640380859375,True
2025-12-17 11:00:00,TLA,49.0,28.305405,39.642857,39.642857142857146,16.62640380859375,True
2025-12-17 12:00:00,TLA,47.0,46.500347,53.714287,53.714285714285715,16.62640380859375,False
2025-12-17 13:00:00,TLA,53.0,49.821426,58.42857,58.42857142857143,16.62640380859375,False
2025-12-17 14:00:00,TLA,66.0,54.39733,62.92857,62.92857142857143,16.62640380859375,False
2025-12-17 15:00:00,TLA,70.0,57.367317,61.142857,61.142857142857146,16.62640380859375,False
2025-12-17 16:00:00,TLA,30.0,42.26473,55.857143,55.857142857142854,16.62640380859375,False
2025-12-17 17:00:00,TLA,22.0,18.871393,40.5,40.5,16.62640380859375,False
2025-12-17 18:00:00,TLA,9.0,3.335411,21.357143,21.357142857142858,16.62640380859375,False
2025-12-17 19:00:00,TLA,4.0,0.15747261,16.928572,16.928571428571427,16.62640380859375,False
2025-12-17 20:00:00,TLA,2.0,0.3713379,15.785714,15.785714285714286,16.62640380859375,False
2025-12-17 21:00:00,TLA,2.0,-3.9269257,10.071428,10.071428571428571,16.62640380859375,False
2025-12-17 22:00:00,TLA,3.0,-5.177384,7.928571,7.928571428571429,16.62640380859375,False
2025-12-17 23:00:00,TLA,1.0,-2.0555706,10.071428,10.071428571428571,16.62640380859375,False
2025-12-18 00:00:00,TLA,7.0,-0.65292454,10.25,10.25,16.62640380859375,False
2025-12-18 01:00:00,TLA,1.0,-0.09044647,9.583333,9.583333333333334,16.62640380859375,False
2025-12-18 02:00:00,TLA,3.0,0.83630943,9.166667,9.166666666666666,16.62640380859375,False
2025-12-18 03:00:00,TLA,3.0,-0.89638186,6.428571,6.428571428571429,16.62640380859375,False
2025-12-18 04:00:00,TLA,3.0,-0.497571,5.642857,5.642857142857143,16.62640380859375,False
2025-12-18 05:00:00,TLA,2.0,-1.6593506,3.7142856,3.7142857142857144,16.62640380859375,False
2025-12-18 06:00:00,TLA,1.0,-3.8464322,2.0,2.0,16.62640380859375,False
2025-12-18 07:00:00,TLA,2.0,-3.3944771,2.9285715,2.9285714285714284,16.62640380859375,False
2025-12-18 08:00:00,TLA,3.0,-2.062387,5.071429,5.071428571428571,16.62640380859375,False
2025-12-18 09:00:00,TLA,9.0,4.569541,13.285714,13.285714285714286,16.62640380859375,False
2025-12-18 10:00:00,TLA,24.0,13.722463,25.857143,25.857142857142858,16.62640380859375,False
2025-12-18 11:00:00,TLA,50.0,23.783863,39.857143,39.857142857142854,16.62640380859375,True
2025-12-18 12:00:00,TLA,62.0,40.26144,52.214287,52.214285714285715,16.62640380859375,True
2025-12-18 13:00:00,TLA,69.0,45.828735,56.214287,56.214285714285715,16.62640380859375,True
2025-12-18 14:00:00,TLA,65.0,46.178543,61.642857,61.642857142857146,16.62640380859375,True
2025-12-18 15:00:00,TLA,52.0,40.44897,58.857143,58.857142857142854,16.62640380859375,False
2025-12-18 16:00:00,TLA,53.0,21.847187,50.57143,50.57142857142857,16.62640380859375,True
2025-12-18 17:00:00,TLA,44.0,14.151279,37.357143,37.357142857142854,16.62640380859375,True
2025-12-18 18:00:00,TLA,30.0,1.2226696,19.928572,19.928571428571427,16.62640380859375,True
2025-12-18 19:00:00,TLA,6.0,-1.0015984,16.785715,16.785714285714285,16.62640380859375,False
2025-12-18 20:00:00,TLA,2.0,-1.2135496,15.785714,15.785714285714286,16.62640380859375,False
2025-12-18 21:00:00,TLA,2.0,-5.783064,10.071428,10.071428571428571,16.62640380859375,False
2025-12-18 22:00:00,TLA,3.0,-6.178806,7.928571,7.928571428571429,16.62640380859375,False
2025-12-18 23:00:00,TLA,1.0,-1.6445246,10.071428,10.071428571428571,16.62640380859375,False
2025-12-19 03:00:00,TLA,4.0,3.6959634,6.571429,6.571428571428571,16.62640380859375,False
2025-12-19 04:00:00,TLA,9.0,0.066996574,5.714286,5.714285714285714,16.62640380859375,False
2025-12-19 05:00:00,TLA,6.0,0.16256022,3.7857144,3.7857142857142856,16.62640380859375,False
2025-12-19 06:00:00,TLA,2.0,-1.9412723,2.0,2.0,16.62640380859375,False
2025-12-19 07:00:00,TLA,3.0,-2.8665621,2.9285715,2.9285714285714284,16.62640380859375,False
2025-12-19 08:00:00,TLA,14.0,-2.464181,5.0,5.0,16.62640380859375,False
2025-12-19 09:00:00,TLA,25.0,3.2565298,13.214286,13.214285714285714,16.62640380859375,True
2025-12-19 10:00:00,TLA,31.0,11.097188,25.142857,25.142857142857142,16.62640380859375,True
2025-12-19 11:00:00,TLA,43.0,19.158228,40.0,40.0,16.62640380859375,True
2025-12-19 12:00:00,TLA,53.0,24.168522,51.57143,51.57142857142857,16.62640380859375,True
2025-12-19 13:00:00,TLA,59.0,27.894783,54.857143,54.857142857142854,16.62640380859375,True
2025-12-19 14:00:00,TLA,69.0,36.005478,58.785713,58.785714285714285,16.62640380859375,True
2025-12-19 15:00:00,TLA,75.0,39.061897,55.785713,55.785714285714285,16.62640380859375,True
2025-12-19 16:00:00,TLA,77.0,37.22886,47.714287,47.714285714285715,16.62640380859375,True
2025-12-19 17:00:00,TLA,77.0,29.005337,34.92857,34.92857142857143,16.62640380859375,True
2025-12-19 18:00:00,TLA,26.0,12.612495,18.642857,18.642857142857142,16.62640380859375,False
2025-12-19 19:00:00,TLA,14.0,-1.7254639,15.5,15.5,16.62640380859375,False
2025-12-19 20:00:00,TLA,10.0,-1.4162664,14.571428,14.571428571428571,16.62640380859375,False
2025-12-19 21:00:00,TLA,9.0,-5.301361,8.857142,8.857142857142858,16.62640380859375,False
2025-12-19 22:00:00,TLA,10.0,-5.249299,6.785714,6.785714285714286,16.62640380859375,False
2025-12-19 23:00:00,TLA,9.0,-2.204587,8.428572,8.428571428571429,16.62640380859375,False
2025-12-20 00:00:00,TLA,5.0,0.84920883,10.0,10.0,16.62640380859375,False
2025-12-20 01:00:00,TLA,2.0,1.719718,9.0,9.0,16.62640380859375,False
2025-12-20 02:00:00,TLA,2.0,2.6957827,9.636364,9.636363636363637,16.62640380859375,False
2025-12-20 03:00:00,TLA,3.0,-0.035718918,6.5,6.5,16.62640380859375,False
2025-12-20 04:00:00,TLA,4.0,-0.062238216,5.428571,5.428571428571429,16.62640380859375,False
2025-12-20 05:00:00,TLA,2.0,-0.8554082,4.071429,4.071428571428571,16.62640380859375,False
2025-12-20 06:00:00,TLA,2.0,-2.9733384,2.0714285,2.0714285714285716,16.62640380859375,False
2025-12-20 07:00:00,TLA,2.0,-2.7228708,3.0,3.0,16.62640380859375,False
2025-12-20 08:00:00,TLA,7.0,-0.8867998,5.714286,5.714285714285714,16.62640380859375,False
2025-12-20 09:00:00,TLA,14.0,6.3319674,14.142858,14.142857142857142,16.62640380859375,False
2025-12-20 10:00:00,TLA,26.0,15.671876,25.857143,25.857142857142858,16.62640380859375,False
2025-12-20 11:00:00,TLA,51.0,24.509018,39.857143,39.857142857142854,16.62640380859375,True
2025-12-20 12:00:00,TLA,58.0,37.345383,50.357143,50.357142857142854,16.62640380859375,True
2025-12-20 13:00:00,TLA,69.0,41.464703,53.214287,53.214285714285715,16.62640380859375,True
2025-12-20 14:00:00,TLA,74.0,46.198326,56.785713,56.785714285714285,16.62640380859375,True
2025-12-20 15:00:00,TLA,79.0,49.695786,55.214287,55.214285714285715,16.62640380859375,True
2025-12-20 16:00:00,TLA,79.0,47.853737,48.42857,48.42857142857143,16.62640380859375,True
2025-12-20 17:00:00,TLA,60.0,37.245045,37.857143,37.857142857142854,16.62640380859375,True
2025-12-20 18:00:00,TLA,38.0,12.672264,18.785715,18.785714285714285,16.62640380859375,True
2025-12-20 19:00:00,TLA,19.0,1.8650179,14.428572,14.428571428571429,16.62640380859375,True
2025-12-20 20:00:00,TLA,9.0,-0.078475,13.5,13.5,16.62640380859375,False
2025-12-20 21:00:00,TLA,10.0,-4.399476,8.857142,8.857142857142858,16.62640380859375,False
2025-12-20 22:00:00,TLA,7.0,-4.632344,7.357143,7.357142857142857,16.62640380859375,False
2025-12-20 23:00:00,TLA,2.0,-2.1295414,8.785714,8.785714285714286,16.62640380859375,False
2025-12-21 00:00:00,TLA,2.0,0.5648489,10.090909,10.090909090909092,16.62640380859375,False
2025-12-21 01:00:00,TLA,2.0,1.2057514,9.090909,9.090909090909092,16.62640380859375,False
2025-12-21 02:00:00,TLA,10.0,3.638609,9.727273,9.727272727272727,16.62640380859375,False
2025-12-21 03:00:00,TLA,9.0,1.4898705,6.642857,6.642857142857143,16.62640380859375,False
2025-12-21 04:00:00,TLA,7.0,1.5126996,5.642857,5.642857142857143,16.62640380859375,False
2025-12-21 05:00:00,TLA,4.0,1.7975094,4.142857,4.142857142857143,16.62640380859375,False
2025-12-21 06:00:00,TLA,2.0,-1.1872592,2.142857,2.142857142857143,16.62640380859375,False
2025-12-21 07:00:00,TLA,2.0,-1.2110124,3.0,3.0,16.62640380859375,False
2025-12-21 08:00:00,TLA,6.0,0.8057895,6.0,6.0,16.62640380859375,False
2025-12-21 09:00:00,TLA,20.0,7.7459526,14.428572,14.428571428571429,16.62640380859375,False
2025-12-21 10:00:00,TLA,29.0,18.190983,26.285715,26.285714285714285,16.62640380859375,False
2025-12-21 11:00:00,TLA,57.0,28.400803,40.57143,40.57142857142857,16.62640380859375,True
2025-12-21 12:00:00,TLA,62.0,42.8789,49.714287,49.714285714285715,16.62640380859375,True
2025-12-21 13:00:00,TLA,76.0,38.42694,52.92857,52.92857142857143,16.62640380859375,True
2025-12-21 14:00:00,TLA,89.0,38.314747,56.285713,56.285714285714285,16.62640380859375,True
2025-12-21 15:00:00,TLA,91.0,44.824944,55.357143,55.357142857142854,16.62640380859375,True
2025-12-21 16:00:00,TLA,88.0,44.54244,49.357143,49.357142857142854,16.62640380859375,True
2025-12-21 17:00:00,TLA,71.0,36.172066,39.42857,39.42857142857143,16.62640380859375,True
2025-12-21 18:00:00,TLA,46.0,20.049482,19.785715,19.785714285714285,16.62640380859375,True
2025-12-21 19:00:00,TLA,37.0,5.71918,14.428572,14.428571428571429,16.62640380859375,True
2025-12-21 20:00:00,TLA,29.0,2.8588247,12.928572,12.928571428571429,16.62640380859375,True
2025-12-21 21:00:00,TLA,29.0,1.8062105,8.785714,8.785714285714286,16.62640380859375,True
2025-12-21 22:00:00,TLA,25.0,3.391872,7.285714,7.285714285714286,16.62640380859375,True
2025-12-21 23:00:00,TLA,23.0,5.6638813,8.642858,8.642857142857142,16.62640380859375,True
2025-12-22 00:00:00,TLA,23.0,7.476597,9.416667,9.416666666666666,16.62640380859375,False
2025-12-22 01:00:00,TLA,25.0,7.2045603,8.5,8.5,16.62640380859375,True
2025-12-22 02:00:00,TLA,25.0,9.08057,9.75,9.75,16.62640380859375,False
2025-12-22 03:00:00,TLA,25.0,6.0215073,7.142857,7.142857142857143,16.62640380859375,True
2025-12-22 04:00:00,TLA,6.0,5.7106647,6.071429,6.071428571428571,16.62640380859375,False
2025-12-22 05:00:00,TLA,6.0,3.1664515,4.214286,4.214285714285714,16.62640380859375,False
2025-12-22 06:00:00,TLA,3.0,0.9004762,2.2142856,2.2142857142857144,16.62640380859375,False
2025-12-22 07:00:00,TLA,2.0,0.85031986,3.0,3.0,16.62640380859375,False
2025-12-22 08:00:00,TLA,6.0,3.0712357,6.0,6.0,16.62640380859375,False
2025-12-22 09:00:00,TLA,16.0,10.523554,14.5,14.5,16.62640380859375,False
2025-12-22 10:00:00,TLA,28.0,18.86227,25.642857,25.642857142857142,16.62640380859375,False
2025-12-22 11:00:00,TLA,32.0,27.508217,40.57143,40.57142857142857,16.62640380859375,False
2025-12-22 12:00:00,TLA,40.0,29.782822,49.5,49.5,16.62640380859375,False
2025-12-22 13:00:00,TLA,50.0,28.174665,53.642857,53.642857142857146,16.62640380859375,True
2025-12-22 14:00:00,TLA,54.0,27.76874,57.285713,57.285714285714285,16.62640380859375,True
2025-12-22 15:00:00,TLA,40.0,27.940224,56.785713,56.785714285714285,16.62640380859375,False
2025-12-22 16:00:00,TLA,24.0,19.016884,51.285713,51.285714285714285,16.62640380859375,False
2025-12-22 17:00:00,TLA,15.0,9.179623,40.5,40.5,16.62640380859375,False
2025-12-22 18:00:00,TLA,6.0,-4.9935246,20.214285,20.214285714285715,16.62640380859375,False
2025-12-22 19:00:00,TLA,3.0,-3.922183,15.142858,15.142857142857142,16.62640380859375,False
2025-12-22 20:00:00,TLA,4.0,-2.5615711,13.571428,13.571428571428571,16.62640380859375,False
2025-12-22 21:00:00,TLA,6.0,-3.8070498,9.714286,9.714285714285714,16.62640380859375,False
2025-12-22 22:00:00,TLA,4.0,-3.1663141,7.785714,7.785714285714286,16.62640380859375,False
2025-12-22 23:00:00,TLA,7.0,-0.4940138,8.5,8.5,16.62640380859375,False
2025-12-23 00:00:00,TLA,9.0,1.4896803,9.333333,9.333333333333334,16.62640380859375,False
2025-12-23 01:00:00,TLA,3.0,1.9221244,8.666667,8.666666666666666,16.62640380859375,False
2025-12-23 02:00:00,TLA,2.0,4.0760207,9.666667,9.666666666666666,16.62640380859375,False
2025-12-23 03:00:00,TLA,1.0,2.1055121,7.214286,7.214285714285714,16.62640380859375,False
2025-12-23 04:00:00,TLA,2.0,-0.3354125,5.142857,5.142857142857143,16.62640380859375,False
2025-12-23 05:00:00,TLA,2.0,-2.377466,3.7857144,3.7857142857142856,16.62640380859375,False
2025-12-23 06:00:00,TLA,2.0,-4.9651375,1.9285715,1.9285714285714286,16.62640380859375,False
2025-12-23 07:00:00,TLA,2.0,-5.2297907,2.4285715,2.4285714285714284,16.62640380859375,False
2025-12-23 08:00:00,TLA,3.0,-3.708188,5.714286,5.714285714285714,16.62640380859375,False
2025-12-23 09:00:00,TLA,6.0,3.868947,14.857142,14.857142857142858,16.62640380859375,False
2025-12-23 10:00:00,TLA,11.0,13.16917,26.285715,26.285714285714285,16.62640380859375,False
2025-12-23 11:00:00,TLA,18.0,25.165031,41.214287,41.214285714285715,16.62640380859375,False
2025-12-23 12:00:00,TLA,28.0,30.421724,50.785713,50.785714285714285,16.62640380859375,False
2025-12-23 13:00:00,TLA,39.0,30.9242,55.57143,55.57142857142857,16.62640380859375,False
2025-12-23 14:00:00,TLA,51.0,39.39057,59.285713,59.285714285714285,16.62640380859375,False
2025-12-23 15:00:00,TLA,59.0,47.397423,57.57143,57.57142857142857,16.62640380859375,False
2025-12-23 16:00:00,TLA,66.0,46.588627,51.214287,51.214285714285715,16.62640380859375,True
2025-12-23 17:00:00,TLA,47.0,32.966915,40.57143,40.57142857142857,16.62640380859375,False
2025-12-23 18:00:00,TLA,17.0,1.7868252,20.142857,20.142857142857142,16.62640380859375,False
2025-12-23 19:00:00,TLA,11.0,-7.1964664,15.0,15.0,16.62640380859375,True
2025-12-23 20:00:00,TLA,8.0,-4.5109262,13.357142,13.357142857142858,16.62640380859375,False
2025-12-23 21:00:00,TLA,7.0,-4.8841963,10.0,10.0,16.62640380859375,False
2025-12-23 22:00:00,TLA,3.0,-4.856939,7.857143,7.857142857142857,16.62640380859375,False
2025-12-23 23:00:00,TLA,4.0,-2.2528563,8.714286,8.714285714285714,16.62640380859375,False
2025-12-24 00:00:00,TLA,7.0,0.269742,9.833333,9.833333333333334,16.62640380859375,False
2025-12-24 01:00:00,TLA,7.0,0.5889149,8.75,8.75,16.62640380859375,False
2025-12-24 02:00:00,TLA,7.0,2.2985964,9.583333,9.583333333333334,16.62640380859375,False
2025-12-24 03:00:00,TLA,4.0,0.38399172,7.071429,7.071428571428571,16.62640380859375,False
2025-12-24 04:00:00,TLA,4.0,-1.5552936,5.142857,5.142857142857143,16.62640380859375,False
2025-12-24 05:00:00,TLA,2.0,-3.1160452,3.7142856,3.7142857142857144,16.62640380859375,False
2025-12-24 06:00:00,TLA,2.0,-5.329035,1.9285715,1.9285714285714286,16.62640380859375,False
2025-12-24 07:00:00,TLA,2.0,-5.6049457,2.357143,2.357142857142857,16.62640380859375,False
2025-12-24 08:00:00,TLA,4.0,-3.093989,5.571429,5.571428571428571,16.62640380859375,False
2025-12-24 09:00:00,TLA,11.0,4.4849243,14.285714,14.285714285714286,16.62640380859375,False
2025-12-24 10:00:00,TLA,19.0,14.503969,25.428572,25.428571428571427,16.62640380859375,False
2025-12-24 11:00:00,TLA,31.0,27.28669,39.42857,39.42857142857143,16.62640380859375,False
2025-12-24 12:00:00,TLA,55.0,36.679165,48.642857,48.642857142857146,16.62640380859375,True
2025-12-24 13:00:00,TLA,70.0,41.126728,55.357143,55.357142857142854,16.62640380859375,True
2025-12-24 14:00:00,TLA,79.0,48.4364,59.57143,59.57142857142857,16.62640380859375,True
2025-12-24 15:00:00,TLA,88.0,45.233204,57.642857,57.642857142857146,16.62640380859375,True
2025-12-24 16:00:00,TLA,98.0,37.008347,51.714287,51.714285714285715,16.62640380859375,True
2025-12-24 17:00:00,TLA,78.0,26.91003,40.57143,40.57142857142857,16.62640380859375,True
2025-12-24 18:00:00,TLA,22.0,4.0966425,19.714285,19.714285714285715,16.62640380859375,True
2025-12-24 19:00:00,TLA,18.0,-4.3562775,13.071428,13.071428571428571,16.62640380859375,True
2025-12-24 20:00:00,TLA,12.0,-3.2326717,12.071428,12.071428571428571,16.62640380859375,False
2025-12-24 21:00:00,TLA,9.0,-3.8715086,9.714286,9.714285714285714,16.62640380859375,False
2025-12-24 22:00:00,TLA,10.0,-4.909982,7.428571,7.428571428571429,16.62640380859375,False
2025-12-24 23:00:00,TLA,14.0,-3.0390897,7.857143,7.857142857142857,16.62640380859375,True
2025-12-25 03:00:00,TLA,4.0,6.517939,7.142857,7.142857142857143,16.62640380859375,False
2025-12-25 04:00:00,TLA,3.0,-1.9884186,5.0,5.0,16.62640380859375,False
2025-12-25 05:00:00,TLA,3.0,-3.359041,3.7857144,3.7857142857142856,16.62640380859375,False
2025-12-25 06:00:00,TLA,3.0,-5.4022064,2.0,2.0,16.62640380859375,False
2025-12-25 07:00:00,TLA,5.0,-5.4715853,2.357143,2.357142857142857,16.62640380859375,False
2025-12-25 08:00:00,TLA,9.0,-3.1772742,5.642857,5.642857142857143,16.62640380859375,False
2025-12-25 09:00:00,TLA,17.0,4.098998,14.428572,14.428571428571429,16.62640380859375,False
2025-12-25 10:00:00,TLA,31.0,12.170501,25.214285,25.214285714285715,16.62640380859375,True
2025-12-25 11:00:00,TLA,52.0,21.056208,38.714287,38.714285714285715,16.62640380859375,True
2025-12-25 12:00:00,TLA,64.0,30.443531,48.785713,48.785714285714285,16.62640380859375,True
2025-12-25 13:00:00,TLA,64.0,44.26121,56.5,56.5,16.62640380859375,True
2025-12-25 14:00:00,TLA,58.0,49.1925,61.357143,61.357142857142854,16.62640380859375,False
2025-12-25 15:00:00,TLA,60.0,37.593452,60.5,60.5,16.62640380859375,True
2025-12-25 16:00:00,TLA,45.0,25.609383,55.357143,55.357142857142854,16.62640380859375,True
2025-12-25 17:00:00,TLA,35.0,13.758007,43.5,43.5,16.62640380859375,True
2025-12-25 18:00:00,TLA,23.0,-4.777172,20.714285,20.714285714285715,16.62640380859375,True
2025-12-25 19:00:00,TLA,17.0,-5.214512,13.5,13.5,16.62640380859375,True
2025-12-25 20:00:00,TLA,18.0,-3.2253838,11.642858,11.642857142857142,16.62640380859375,True
2025-12-25 21:00:00,TLA,13.0,-3.711275,9.642858,9.642857142857142,16.62640380859375,True
2025-12-25 22:00:00,TLA,8.0,-4.3460603,7.642857,7.642857142857143,16.62640380859375,False
2025-12-25 23:00:00,TLA,6.0,-1.9884052,8.357142,8.357142857142858,16.62640380859375,False
2025-12-26 00:00:00,TLA,13.0,-0.22293568,8.363636,8.363636363636363,16.62640380859375,False
2025-12-26 01:00:00,TLA,13.0,0.19375467,7.2727275,7.2727272727272725,16.62640380859375,False
2025-12-26 02:00:00,TLA,8.0,2.205903,8.909091,8.909090909090908,16.62640380859375,False
2025-12-26 03:00:00,TLA,7.0,0.6456022,7.0,7.0,16.62640380859375,False
2025-12-26 04:00:00,TLA,10.0,-1.0771408,5.071429,5.071428571428571,16.62640380859375,False
2025-12-26 05:00:00,TLA,9.0,-1.9441528,3.857143,3.857142857142857,16.62640380859375,False
2025-12-26 06:00:00,TLA,5.0,-3.6198692,2.142857,2.142857142857143,16.62640380859375,False
2025-12-26 07:00:00,TLA,2.0,-3.6775458,2.5714285,2.5714285714285716,16.62640380859375,False
2025-12-26 08:00:00,TLA,3.0,-1.8079681,5.785714,5.785714285714286,16.62640380859375,False
2025-12-26 09:00:00,TLA,5.0,5.3677263,14.428572,14.428571428571429,16.62640380859375,False
2025-12-26 10:00:00,TLA,14.0,13.960652,25.642857,25.642857142857142,16.62640380859375,False
2025-12-26 11:00:00,TLA,21.0,22.711765,39.92857,39.92857142857143,16.62640380859375,False
2025-12-26 12:00:00,TLA,29.0,26.482895,49.92857,49.92857142857143,16.62640380859375,False
2025-12-26 13:00:00,TLA,40.0,28.339455,56.785713,56.785714285714285,16.62640380859375,False
2025-12-26 14:00:00,TLA,53.0,31.275463,61.357143,61.357142857142854,16.62640380859375,True
2025-12-26 15:00:00,TLA,49.0,33.037582,60.42857,60.42857142857143,16.62640380859375,False
2025-12-26 16:00:00,TLA,35.0,22.984653,54.642857,54.642857142857146,16.62640380859375,False
2025-12-26 17:00:00,TLA,33.0,11.322552,43.714287,43.714285714285715,16.62640380859375,True
2025-12-26 18:00:00,TLA,16.0,-7.3161526,21.071428,21.071428571428573,16.62640380859375,True
2025-12-26 19:00:00,TLA,8.0,-9.882521,13.5,13.5,16.62640380859375,True
2025-12-26 20:00:00,TLA,3.0,-8.04454,11.0,11.0,16.62640380859375,False
2025-12-26 21:00:00,TLA,7.0,-5.9183607,9.857142,9.857142857142858,16.62640380859375,False
2025-12-26 22:00:00,TLA,9.0,-5.72611,7.857143,7.857142857142857,16.62640380859375,False
2025-12-26 23:00:00,TLA,4.0,-3.5396233,8.714286,8.714285714285714,16.62640380859375,False
2025-12-27 00:00:00,TLA,5.0,-1.6957865,9.181818,9.181818181818182,16.62640380859375,False
2025-12-27 01:00:00,TLA,2.0,-1.1934824,8.272727,8.272727272727273,16.62640380859375,False
2025-12-27 02:00:00,TLA,1.0,0.7031946,9.272727,9.272727272727273,16.62640380859375,False
2025-12-27 03:00:00,TLA,2.0,-1.3779807,7.357143,7.357142857142857,16.62640380859375,False
2025-12-27 04:00:00,TLA,2.0,-3.06391,5.642857,5.642857142857143,16.62640380859375,False
2025-12-27 05:00:00,TLA,2.0,-4.5428777,4.357143,4.357142857142857,16.62640380859375,False
2025-12-27 06:00:00,TLA,2.0,-7.082304,2.4285715,2.4285714285714284,16.62640380859375,False
2025-12-27 07:00:00,TLA,2.0,-8.028924,2.5714285,2.5714285714285716,16.62640380859375,False
2025-12-27 08:00:00,TLA,3.0,-6.426665,5.642857,5.642857142857143,16.62640380859375,False
2025-12-27 09:00:00,TLA,10.0,-0.13376236,13.785714,13.785714285714286,16.62640380859375,False
2025-12-27 10:00:00,TLA,27.0,8.030991,24.5,24.5,16.62640380859375,True
2025-12-27 11:00:00,TLA,37.0,18.586502,38.357143,38.357142857142854,16.62640380859375,True
2025-12-27 12:00:00,TLA,45.0,28.795258,48.142857,48.142857142857146,16.62640380859375,False
2025-12-27 13:00:00,TLA,53.0,36.616627,55.07143,55.07142857142857,16.62640380859375,False
2025-12-27 14:00:00,TLA,56.0,45.990837,60.642857,60.642857142857146,16.62640380859375,False
2025-12-27 15:00:00,TLA,65.0,46.456104,60.357143,60.357142857142854,16.62640380859375,True
2025-12-27 16:00:00,TLA,67.0,39.75278,54.42857,54.42857142857143,16.62640380859375,True
2025-12-27 17:00:00,TLA,53.0,33.55652,44.42857,44.42857142857143,16.62640380859375,True
2025-12-27 18:00:00,TLA,36.0,13.0473795,21.714285,21.714285714285715,16.62640380859375,True
2025-12-27 19:00:00,TLA,34.0,4.0904055,13.285714,13.285714285714286,16.62640380859375,True
2025-12-27 20:00:00,TLA,25.0,2.6675377,10.571428,10.571428571428571,16.62640380859375,True
2025-12-27 21:00:00,TLA,4.0,-3.3403082,10.071428,10.071428571428571,16.62640380859375,False
2025-12-27 22:00:00,TLA,9.0,-5.792534,8.142858,8.142857142857142,16.62640380859375,False
2025-12-27 23:00:00,TLA,13.0,-4.683218,8.285714,8.285714285714286,16.62640380859375,True
2025-12-28 00:00:00,TLA,4.0,-2.9875774,8.833333,8.833333333333334,16.62640380859375,False
2025-12-28 01:00:00,TLA,5.0,-2.8635397,7.75,7.75,16.62640380859375,False
2025-12-28 02:00:00,TLA,4.0,-0.82899094,8.583333,8.583333333333334,16.62640380859375,False
2025-12-28 03:00:00,TLA,7.0,-1.0476356,7.357143,7.357142857142857,16.62640380859375,False
2025-12-28 04:00:00,TLA,3.0,-1.1165061,5.714286,5.714285714285714,16.62640380859375,False
2025-12-28 05:00:00,TLA,6.0,-1.819552,4.357143,4.357142857142857,16.62640380859375,False
2025-12-28 06:00:00,TLA,2.0,-3.1656373,2.4285715,2.4285714285714284,16.62640380859375,False
2025-12-28 07:00:00,TLA,3.0,-3.6480043,2.5714285,2.5714285714285716,16.62640380859375,False
2025-12-28 08:00:00,TLA,8.0,-1.5802207,5.571429,5.571428571428571,16.62640380859375,False
2025-12-28 09:00:00,TLA,26.0,5.6476064,13.428572,13.428571428571429,16.62640380859375,True
2025-12-28 10:00:00,TLA,47.0,17.140802,24.928572,24.928571428571427,16.62640380859375,True
2025-12-28 11:00:00,TLA,63.0,33.82051,38.642857,38.642857142857146,16.62640380859375,True
2025-12-28 12:00:00,TLA,62.0,52.985313,48.357143,48.357142857142854,16.62640380859375,False
2025-12-28 13:00:00,TLA,69.0,47.54092,55.42857,55.42857142857143,16.62640380859375,True
2025-12-28 14:00:00,TLA,83.0,46.54444,60.714287,60.714285714285715,16.62640380859375,True
2025-12-28 15:00:00,TLA,86.0,51.12661,61.07143,61.07142857142857,16.62640380859375,True
2025-12-28 16:00:00,TLA,90.0,52.673187,55.357143,55.357142857142854,16.62640380859375,True
2025-12-28 17:00:00,TLA,70.0,44.88598,44.785713,44.785714285714285,16.62640380859375,True
2025-12-28 18:00:00,TLA,38.0,24.62895,22.642857,22.642857142857142,16.62640380859375,False
2025-12-28 19:00:00,TLA,8.0,6.615824,14.428572,14.428571428571429,16.62640380859375,False
2025-12-28 20:00:00,TLA,30.0,4.6958065,11.5,11.5,16.62640380859375,True
2025-12-28 21:00:00,TLA,16.0,1.4768791,9.571428,9.571428571428571,16.62640380859375,False
2025-12-28 22:00:00,TLA,22.0,-0.87959766,8.428572,8.428571428571429,16.62640380859375,True
2025-12-28 23:00:00,TLA,27.0,2.2332191,8.928572,8.928571428571429,16.62640380859375,True
2025-12-29 00:00:00,TLA,19.0,3.7625785,9.0,9.0,16.62640380859375,False
2025-12-29 01:00:00,TLA,12.0,3.8591833,7.75,7.75,16.62640380859375,False
2025-12-29 02:00:00,TLA,11.0,4.043388,8.583333,8.583333333333334,16.62640380859375,False
2025-12-29 03:00:00,TLA,19.0,3.8883147,7.714286,7.714285714285714,16.62640380859375,False
2025-12-29 04:00:00,TLA,9.0,3.5638142,5.785714,5.785714285714286,16.62640380859375,False
2025-12-29 05:00:00,TLA,3.0,2.8368075,4.714286,4.714285714285714,16.62640380859375,False
2025-12-29 06:00:00,TLA,2.0,-0.3648429,2.4285715,2.4285714285714284,16.62640380859375,False
2025-12-29 07:00:00,TLA,2.0,-1.9991732,2.642857,2.642857142857143,16.62640380859375,False
2025-12-29 08:00:00,TLA,7.0,0.039454937,5.785714,5.785714285714286,16.62640380859375,False
2025-12-29 09:00:00,TLA,12.0,7.5625105,14.071428,14.071428571428571,16.62640380859375,False
2025-12-29 10:00:00,TLA,28.0,17.899765,25.714285,25.714285714285715,16.62640380859375,False
2025-12-29 11:00:00,TLA,48.0,28.906487,39.285713,39.285714285714285,16.62640380859375,True
2025-12-29 12:00:00,TLA,56.0,39.75126,47.92857,47.92857142857143,16.62640380859375,False
2025-12-29 13:00:00,TLA,54.0,35.083885,56.285713,56.285714285714285,16.62640380859375,True
2025-12-29 14:00:00,TLA,52.0,32.011574,62.285713,62.285714285714285,16.62640380859375,True
2025-12-29 15:00:00,TLA,46.0,30.800716,63.714287,63.714285714285715,16.62640380859375,False
2025-12-29 16:00:00,TLA,41.0,25.983631,59.142857,59.142857142857146,16.62640380859375,False
2025-12-29 17:00:00,TLA,34.0,15.962391,47.57143,47.57142857142857,16.62640380859375,True
2025-12-29 18:00:00,TLA,30.0,-3.1621456,23.571428,23.571428571428573,16.62640380859375,True
2025-12-29 19:00:00,TLA,20.0,-5.974676,13.571428,13.571428571428571,16.62640380859375,True
2025-12-29 20:00:00,TLA,15.0,-3.6790628,12.357142,12.357142857142858,16.62640380859375,True
2025-12-29 21:00:00,TLA,15.0,-3.7955341,9.642858,9.642857142857142,16.62640380859375,True
2025-12-29 22:00:00,TLA,17.0,-1.7220516,8.857142,8.857142857142858,16.62640380859375,True
2025-12-29 23:00:00,TLA,13.0,0.26482773,9.142858,9.142857142857142,16.62640380859375,False
2025-12-30 00:00:00,TLA,11.0,1.4670539,8.666667,8.666666666666666,16.62640380859375,False
2025-12-30 01:00:00,TLA,14.0,1.3024845,6.6666665,6.666666666666667,16.62640380859375,False
2025-12-30 02:00:00,TLA,15.0,3.3219147,7.5833335,7.583333333333333,16.62640380859375,False
2025-12-30 03:00:00,TLA,19.0,3.8751578,7.142857,7.142857142857143,16.62640380859375,False
2025-12-30 04:00:00,TLA,15.0,2.0131106,4.785714,4.785714285714286,16.62640380859375,False
2025-12-30 05:00:00,TLA,11.0,0.23848963,3.642857,3.642857142857143,16.62640380859375,False
2025-12-30 06:00:00,TLA,14.0,-4.4721727,2.2142856,2.2142857142857144,16.62640380859375,True
2025-12-30 07:00:00,TLA,10.0,-8.411308,2.4285715,2.4285714285714284,16.62640380859375,True
2025-12-30 08:00:00,TLA,15.0,-9.124285,5.714286,5.714285714285714,16.62640380859375,True
2025-12-30 09:00:00,TLA,21.0,-5.3298893,13.928572,13.928571428571429,16.62640380859375,True
2025-12-30 10:00:00,TLA,26.0,0.647089,26.428572,26.428571428571427,16.62640380859375,True
2025-12-30 11:00:00,TLA,28.0,9.796307,41.357143,41.357142857142854,16.62640380859375,True
2025-12-30 12:00:00,TLA,30.0,15.870773,50.5,50.5,16.62640380859375,False
2025-12-30 13:00:00,TLA,36.0,22.718525,58.42857,58.42857142857143,16.62640380859375,False
2025-12-30 14:00:00,TLA,36.0,28.166351,64.5,64.5,16.62640380859375,False
2025-12-30 15:00:00,TLA,36.0,29.628326,65.57143,65.57142857142857,16.62640380859375,False
2025-12-30 16:00:00,TLA,32.0,25.976746,60.714287,60.714285714285715,16.62640380859375,False
2025-12-30 17:00:00,TLA,24.0,16.489098,49.07143,49.07142857142857,16.62640380859375,False
2025-12-30 18:00:00,TLA,12.0,-3.8334904,25.428572,25.428571428571427,16.62640380859375,False
2025-12-30 19:00:00,TLA,4.0,-10.123221,14.785714,14.785714285714286,16.62640380859375,False
2025-12-30 20:00:00,TLA,4.0,-7.2477484,13.214286,13.214285714285714,16.62640380859375,False
2025-12-30 21:00:00,TLA,5.0,-6.5217505,10.642858,10.642857142857142,16.62640380859375,False
2025-12-30 22:00:00,TLA,3.0,-4.241555,9.928572,9.928571428571429,16.62640380859375,False
2025-12-30 23:00:00,TLA,4.0,-2.8577194,9.428572,9.428571428571429,16.62640380859375,False
2025-12-31 03:00:00,TLA,1.0,9.743296,7.785714,7.785714285714286,16.62640380859375,False
2025-12-31 04:00:00,TLA,2.0,-3.2326097,5.714286,5.714285714285714,16.62640380859375,False
2025-12-31 05:00:00,TLA,2.0,-5.102311,4.285714,4.285714285714286,16.62640380859375,False
2025-12-31 06:00:00,TLA,2.0,-6.814709,3.142857,3.142857142857143,16.62640380859375,False
2025-12-31 07:00:00,TLA,2.0,-8.005633,3.0,3.0,16.62640380859375,False
2025-12-31 08:00:00,TLA,4.0,-5.8230615,6.571429,6.571428571428571,16.62640380859375,False
2025-12-31 13:00:00,TLA,65.0,50.28998,57.214287,57.214285714285715,16.62640380859375,False
2025-12-31 14:00:00,TLA,63.0,63.169804,63.214287,63.214285714285715,16.62640380859375,False
2025-12-31 15:00:00,TLA,70.0,62.528984,64.0,64.0,16.62640380859375,False
2025-12-31 16:00:00,TLA,71.0,63.391502,58.92857,58.92857142857143,16.62640380859375,False
2025-12-31 17:00:00,TLA,54.0,43.765965,47.357143,47.357142857142854,16.62640380859375,False
2025-12-31 18:00:00,TLA,44.0,15.369048,24.928572,24.928571428571427,16.62640380859375,True
2025-12-31 19:00:00,TLA,31.0,6.348442,14.5,14.5,16.62640380859375,True
2025-12-31 20:00:00,TLA,26.0,5.4522495,12.214286,12.214285714285714,16.62640380859375,True
2025-12-31 21:00:00,TLA,17.0,2.3332367,9.571428,9.571428571428571,16.62640380859375,False
2025-12-31 22:00:00,TLA,9.0,-1.0168934,9.5,9.5,16.62640380859375,False
2025-12-31 23:00:00,TLA,7.0,-2.2104197,9.142858,9.142857142857142,16.62640380859375,False
