timestamp,estacion,original_ppb,predicho_ppb,base_ppb,perfil_ppb,umbral_ppb,alerta_limpia
2025-10-21 00:00:00,SAG,12.0,16.715523,9.545455,9.545454545454545,14.162506103515625,False
2025-10-21 01:00:00,SAG,3.0,12.5821905,9.363636,9.363636363636363,14.162506103515625,False
2025-10-21 02:00:00,SAG,3.0,12.396917,9.636364,9.636363636363637,14.162506103515625,False
2025-10-21 03:00:00,SAG,5.0,12.223782,10.142858,10.142857142857142,14.162506103515625,False
2025-10-21 04:00:00,SAG,3.0,10.953571,8.642858,8.642857142857142,14.162506103515625,False
2025-10-21 05:00:00,SAG,1.0,7.3998537,4.642857,4.642857142857143,14.162506103515625,False
2025-10-21 06:00:00,SAG,1.0,5.689016,2.7142856,2.7142857142857144,14.162506103515625,False
2025-10-21 07:00:00,SAG,1.0,6.8771763,4.0,4.0,14.162506103515625,False
2025-10-21 08:00:00,SAG,4.0,11.890029,8.714286,8.714285714285714,14.162506103515625,False
2025-10-21 09:00:00,SAG,17.0,22.040924,17.357143,17.357142857142858,14.162506103515625,False
2025-10-21 10:00:00,SAG,33.0,39.120537,29.928572,29.928571428571427,14.162506103515625,False
2025-10-21 11:00:00,SAG,40.0,57.280804,40.46154,40.46153846153846,14.162506103515625,True
2025-10-21 12:00:00,SAG,49.0,67.92258,45.42857,45.42857142857143,14.162506103515625,True
2025-10-21 13:00:00,SAG,48.0,66.13456,43.666668,43.666666666666664,14.162506103515625,True
2025-10-21 14:00:00,SAG,64.0,65.232635,42.923077,42.92307692307692,14.162506103515625,False
2025-10-21 15:00:00,SAG,43.0,66.50822,40.357143,40.357142857142854,14.162506103515625,True
2025-10-21 16:00:00,SAG,27.0,54.481308,35.785713,35.785714285714285,14.162506103515625,True
2025-10-21 17:00:00,SAG,27.0,45.684143,30.0,30.0,14.162506103515625,True
2025-10-21 18:00:00,SAG,19.0,33.28057,20.214285,20.214285714285715,14.162506103515625,True
2025-10-21 19:00:00,SAG,14.0,23.891582,13.642858,13.642857142857142,14.162506103515625,False
2025-10-21 20:00:00,SAG,11.0,21.439888,12.071428,12.071428571428571,14.162506103515625,False
2025-10-21 21:00:00,SAG,10.0,20.107237,12.285714,12.285714285714286,14.162506103515625,False
2025-10-21 22:00:00,SAG,13.0,19.789242,11.714286,11.714285714285714,14.162506103515625,False
2025-10-21 23:00:00,SAG,15.0,19.711609,11.0,11.0,14.162506103515625,False
2025-10-27 11:00:00,SAG,47.0,67.77573,49.375,49.375,14.162506103515625,True
2025-10-27 12:00:00,SAG,56.0,76.91439,55.77778,55.77777777777778,14.162506103515625,True
2025-10-27 14:00:00,SAG,60.0,71.806595,54.0,54.0,14.162506103515625,False
2025-10-27 15:00:00,SAG,63.0,67.12475,48.333332,48.333333333333336,14.162506103515625,False
2025-10-27 16:00:00,SAG,53.0,59.84723,42.11111,42.111111111111114,14.162506103515625,False
2025-10-27 17:00:00,SAG,45.0,52.081417,36.666668,36.666666666666664,14.162506103515625,False
2025-10-27 18:00:00,SAG,30.0,38.61063,24.666666,24.666666666666668,14.162506103515625,False
2025-10-27 19:00:00,SAG,17.0,27.824837,17.222221,17.22222222222222,14.162506103515625,False
2025-10-27 20:00:00,SAG,10.0,27.56335,14.888889,14.88888888888889,14.162506103515625,True
2025-10-27 21:00:00,SAG,17.0,28.699253,14.777778,14.777777777777779,14.162506103515625,False
2025-10-27 22:00:00,SAG,7.0,25.98211,15.666667,15.666666666666666,14.162506103515625,True
2025-10-27 23:00:00,SAG,4.0,24.06856,15.25,15.25,14.162506103515625,True
2025-10-28 00:00:00,SAG,1.0,22.152462,13.5,13.5,14.162506103515625,True
2025-10-28 01:00:00,SAG,1.0,18.432287,10.5,10.5,14.162506103515625,True
2025-10-28 02:00:00,SAG,5.0,19.750525,12.0,12.0,14.162506103515625,True
2025-10-28 03:00:00,SAG,5.0,19.059399,11.625,11.625,14.162506103515625,False
2025-10-28 04:00:00,SAG,2.0,15.846844,9.25,9.25,14.162506103515625,False
2025-10-28 05:00:00,SAG,1.0,10.725165,4.25,4.25,14.162506103515625,False
2025-10-28 06:00:00,SAG,1.0,8.510136,2.375,2.375,14.162506103515625,False
2025-10-28 07:00:00,SAG,3.0,10.175378,4.125,4.125,14.162506103515625,False
2025-10-28 08:00:00,SAG,7.0,15.64369,9.25,9.25,14.162506103515625,False
2025-10-28 09:00:00,SAG,21.0,27.733002,20.125,20.125,14.162506103515625,False
2025-10-28 10:00:00,SAG,40.0,47.670235,36.75,36.75,14.162506103515625,False
2025-10-28 11:00:00,SAG,47.0,66.975555,49.11111,49.111111111111114,14.162506103515625,True
2025-10-28 12:00:00,SAG,52.0,76.78688,55.77778,55.77777777777778,14.162506103515625,True
2025-10-28 13:00:00,SAG,52.0,71.39559,53.0,53.0,14.162506103515625,True
2025-10-28 14:00:00,SAG,55.0,72.034805,53.875,53.875,14.162506103515625,True
2025-10-28 15:00:00,SAG,58.0,74.27606,50.77778,50.77777777777778,14.162506103515625,True
2025-10-28 16:00:00,SAG,53.0,67.325516,43.666668,43.666666666666664,14.162506103515625,True
2025-10-28 17:00:00,SAG,40.0,59.848366,38.444443,38.44444444444444,14.162506103515625,True
2025-10-28 18:00:00,SAG,30.0,40.867115,26.0,26.0,14.162506103515625,False
2025-10-28 19:00:00,SAG,20.0,28.431229,17.444445,17.444444444444443,14.162506103515625,False
2025-10-28 20:00:00,SAG,17.0,29.667662,14.888889,14.88888888888889,14.162506103515625,False
2025-10-28 21:00:00,SAG,20.0,31.447712,15.777778,15.777777777777779,14.162506103515625,False
2025-10-28 22:00:00,SAG,15.0,28.428139,15.222222,15.222222222222221,14.162506103515625,False
2025-10-28 23:00:00,SAG,4.0,24.614025,14.5,14.5,14.162506103515625,True
2025-10-29 00:00:00,SAG,9.0,22.66447,11.714286,11.714285714285714,14.162506103515625,False
2025-10-29 01:00:00,SAG,2.0,20.753742,9.142858,9.142857142857142,14.162506103515625,True
2025-10-29 02:00:00,SAG,1.0,21.26074,11.0,11.0,14.162506103515625,True
2025-10-29 03:00:00,SAG,2.0,20.274565,11.625,11.625,14.162506103515625,True
2025-10-29 04:00:00,SAG,1.0,17.448948,9.125,9.125,14.162506103515625,True
2025-10-29 05:00:00,SAG,2.0,13.263226,4.125,4.125,14.162506103515625,False
2025-10-29 06:00:00,SAG,2.0,11.721457,2.375,2.375,14.162506103515625,False
2025-10-29 07:00:00,SAG,2.0,12.83824,4.25,4.25,14.162506103515625,False
2025-10-29 08:00:00,SAG,17.0,17.634655,8.75,8.75,14.162506103515625,False
2025-10-29 09:00:00,SAG,35.0,36.34839,20.0,20.0,14.162506103515625,False
2025-10-29 10:00:00,SAG,40.0,58.67941,37.875,37.875,14.162506103515625,True
2025-10-29 11:00:00,SAG,44.0,68.781876,50.333332,50.333333333333336,14.162506103515625,True
2025-10-29 12:00:00,SAG,45.0,69.832634,56.444443,56.44444444444444,14.162506103515625,True
2025-10-29 13:00:00,SAG,46.0,65.06581,52.857143,52.857142857142854,14.162506103515625,True
2025-10-29 14:00:00,SAG,47.0,66.25938,54.125,54.125,14.162506103515625,True
2025-10-29 15:00:00,SAG,46.0,66.250656,52.0,52.0,14.162506103515625,True
2025-10-29 16:00:00,SAG,42.0,62.405342,45.22222,45.22222222222222,14.162506103515625,True
2025-10-29 17:00:00,SAG,30.0,55.765038,39.0,39.0,14.162506103515625,True
2025-10-29 18:00:00,SAG,18.0,38.021324,26.222221,26.22222222222222,14.162506103515625,True
2025-10-29 19:00:00,SAG,16.0,27.052902,17.444445,17.444444444444443,14.162506103515625,False
2025-10-29 20:00:00,SAG,14.0,23.933857,14.666667,14.666666666666666,14.162506103515625,False
2025-10-29 21:00:00,SAG,15.0,25.123955,15.888889,15.88888888888889,14.162506103515625,False
2025-10-29 22:00:00,SAG,6.0,23.150639,14.666667,14.666666666666666,14.162506103515625,True
2025-10-29 23:00:00,SAG,1.0,18.019941,12.125,12.125,14.162506103515625,True
2025-10-30 00:00:00,SAG,2.0,14.057797,9.714286,9.714285714285714,14.162506103515625,False
2025-10-30 01:00:00,SAG,2.0,10.075662,6.142857,6.142857142857143,14.162506103515625,False
2025-10-30 02:00:00,SAG,2.0,10.962016,7.142857,7.142857142857143,14.162506103515625,False
2025-10-30 03:00:00,SAG,1.0,11.793291,8.25,8.25,14.162506103515625,False
2025-10-30 04:00:00,SAG,1.0,8.921822,5.75,5.75,14.162506103515625,False
2025-10-30 05:00:00,SAG,1.0,5.6661954,3.25,3.25,14.162506103515625,False
2025-10-30 06:00:00,SAG,1.0,3.90864,2.5,2.5,14.162506103515625,False
2025-10-30 07:00:00,SAG,1.0,3.3954964,3.25,3.25,14.162506103515625,False
2025-10-30 08:00:00,SAG,4.0,7.250764,8.5,8.5,14.162506103515625,False
2025-10-30 09:00:00,SAG,9.0,19.999166,21.25,21.25,14.162506103515625,False
2025-10-30 10:00:00,SAG,28.0,38.053154,38.25,38.25,14.162506103515625,False
2025-10-30 11:00:00,SAG,52.0,55.92595,50.555557,50.55555555555556,14.162506103515625,False
2025-10-30 12:00:00,SAG,67.0,75.44064,56.0,56.0,14.162506103515625,False
2025-10-30 13:00:00,SAG,74.0,74.3846,52.285713,52.285714285714285,14.162506103515625,False
2025-10-30 14:00:00,SAG,86.0,80.58246,54.25,54.25,14.162506103515625,False
2025-10-30 15:00:00,SAG,82.0,82.34446,52.11111,52.111111111111114,14.162506103515625,False
2025-10-30 16:00:00,SAG,79.0,77.19295,46.555557,46.55555555555556,14.162506103515625,False
2025-10-30 17:00:00,SAG,67.0,66.22128,39.22222,39.22222222222222,14.162506103515625,False
2025-10-30 18:00:00,SAG,32.0,47.873466,25.666666,25.666666666666668,14.162506103515625,True
2025-10-30 19:00:00,SAG,15.0,31.043915,17.222221,17.22222222222222,14.162506103515625,True
2025-10-30 20:00:00,SAG,11.0,27.51217,14.888889,14.88888888888889,14.162506103515625,True
2025-10-30 21:00:00,SAG,8.0,27.422333,16.555555,16.555555555555557,14.162506103515625,True
2025-10-30 22:00:00,SAG,4.0,23.228094,14.111111,14.11111111111111,14.162506103515625,True
2025-10-30 23:00:00,SAG,1.0,17.45435,10.0,10.0,14.162506103515625,True
2025-10-31 00:00:00,SAG,1.0,14.561032,7.0,7.0,14.162506103515625,False
2025-10-31 01:00:00,SAG,1.0,10.482637,5.142857,5.142857142857143,14.162506103515625,False
2025-10-31 02:00:00,SAG,2.0,11.18736,6.285714,6.285714285714286,14.162506103515625,False
2025-10-31 03:00:00,SAG,1.0,12.844358,7.625,7.625,14.162506103515625,False
2025-10-31 04:00:00,SAG,1.0,11.028506,5.625,5.625,14.162506103515625,False
2025-10-31 05:00:00,SAG,1.0,8.780132,3.25,3.25,14.162506103515625,False
2025-10-31 06:00:00,SAG,1.0,8.433697,2.5,2.5,14.162506103515625,False
2025-10-31 07:00:00,SAG,2.0,8.587151,3.125,3.125,14.162506103515625,False
2025-10-31 08:00:00,SAG,3.0,13.470526,8.5,8.5,14.162506103515625,False
2025-10-31 09:00:00,SAG,11.0,25.42313,20.5,20.5,14.162506103515625,True
2025-10-31 10:00:00,SAG,35.0,44.634377,37.25,37.25,14.162506103515625,False
2025-10-31 11:00:00,SAG,52.0,65.22031,49.88889,49.888888888888886,14.162506103515625,False
2025-10-31 12:00:00,SAG,57.0,78.236435,55.666668,55.666666666666664,14.162506103515625,True
2025-10-31 13:00:00,SAG,65.0,71.51872,53.0,53.0,14.162506103515625,False
2025-10-31 14:00:00,SAG,70.0,78.367584,56.0,56.0,14.162506103515625,False
2025-10-31 15:00:00,SAG,68.0,75.17032,52.555557,52.55555555555556,14.162506103515625,False
2025-10-31 16:00:00,SAG,66.0,69.425865,45.444443,45.44444444444444,14.162506103515625,False
2025-10-31 17:00:00,SAG,57.0,59.365414,38.11111,38.111111111111114,14.162506103515625,False
2025-10-31 18:00:00,SAG,30.0,42.930237,25.0,25.0,14.162506103515625,False
2025-10-31 19:00:00,SAG,16.0,26.732582,16.444445,16.444444444444443,14.162506103515625,False
2025-10-31 20:00:00,SAG,8.0,26.168438,13.666667,13.666666666666666,14.162506103515625,True
2025-10-31 21:00:00,SAG,4.0,25.139854,15.333333,15.333333333333334,14.162506103515625,True
2025-10-31 22:00:00,SAG,4.0,19.89964,12.222222,12.222222222222221,14.162506103515625,True
2025-10-31 23:00:00,SAG,1.0,13.506541,7.625,7.625,14.162506103515625,False
2025-11-01 03:00:00,SAG,1.0,15.829607,6.75,6.75,14.162506103515625,True
2025-11-01 04:00:00,SAG,1.0,8.444006,4.375,4.375,14.162506103515625,False
2025-11-01 05:00:00,SAG,1.0,8.381576,3.125,3.125,14.162506103515625,False
2025-11-01 06:00:00,SAG,2.0,8.504507,2.5,2.5,14.162506103515625,False
2025-11-01 07:00:00,SAG,2.0,8.2617855,3.125,3.125,14.162506103515625,False
2025-11-01 08:00:00,SAG,3.0,13.780119,8.375,8.375,14.162506103515625,False
2025-11-01 09:00:00,SAG,15.0,24.894915,20.0,20.0,14.162506103515625,False
2025-11-01 10:00:00,SAG,45.0,43.965927,36.25,36.25,14.162506103515625,False
2025-11-01 11:00:00,SAG,65.0,66.025894,49.11111,49.111111111111114,14.162506103515625,False
2025-11-01 12:00:00,SAG,78.0,75.67687,54.0,54.0,14.162506103515625,False
2025-11-01 13:00:00,SAG,75.0,75.80339,54.5,54.5,14.162506103515625,False
2025-11-01 14:00:00,SAG,69.0,78.52943,57.555557,57.55555555555556,14.162506103515625,False
2025-11-01 15:00:00,SAG,64.0,71.75909,51.77778,51.77777777777778,14.162506103515625,False
2025-11-01 16:00:00,SAG,58.0,67.39546,47.22222,47.22222222222222,14.162506103515625,False
2025-11-01 17:00:00,SAG,51.0,56.868034,39.555557,39.55555555555556,14.162506103515625,False
2025-11-01 18:00:00,SAG,40.0,39.691612,24.555555,24.555555555555557,14.162506103515625,False
2025-11-01 19:00:00,SAG,30.0,29.17078,16.666666,16.666666666666668,14.162506103515625,False
2025-11-01 20:00:00,SAG,19.0,28.172503,12.666667,12.666666666666666,14.162506103515625,False
2025-11-01 21:00:00,SAG,11.0,26.061224,13.0,13.0,14.162506103515625,True
2025-11-01 22:00:00,SAG,3.0,18.140732,10.555555,10.555555555555555,14.162506103515625,True
2025-11-01 23:00:00,SAG,2.0,12.073365,6.0,6.0,14.162506103515625,False
2025-11-02 00:00:00,SAG,3.0,9.47649,4.3333335,4.333333333333333,14.162506103515625,False
2025-11-02 01:00:00,SAG,8.0,5.9326234,1.6666666,1.6666666666666667,14.162506103515625,False
2025-11-02 02:00:00,SAG,3.0,6.2961655,2.3333333,2.3333333333333335,14.162506103515625,False
2025-11-02 03:00:00,SAG,3.0,9.749704,5.25,5.25,14.162506103515625,False
2025-11-02 04:00:00,SAG,5.0,8.965917,4.0,4.0,14.162506103515625,False
2025-11-02 05:00:00,SAG,2.0,8.724999,2.75,2.75,14.162506103515625,False
2025-11-02 06:00:00,SAG,2.0,9.789077,2.625,2.625,14.162506103515625,False
2025-11-02 07:00:00,SAG,11.0,10.788076,3.0,3.0,14.162506103515625,False
2025-11-02 08:00:00,SAG,32.0,18.793156,7.75,7.75,14.162506103515625,False
2025-11-02 09:00:00,SAG,39.0,32.796562,19.375,19.375,14.162506103515625,False
2025-11-02 10:00:00,SAG,47.0,51.160824,36.875,36.875,14.162506103515625,False
2025-11-02 11:00:00,SAG,52.0,62.216003,48.555557,48.55555555555556,14.162506103515625,False
2025-11-02 12:00:00,SAG,53.0,66.19914,54.666668,54.666666666666664,14.162506103515625,False
2025-11-02 13:00:00,SAG,56.0,65.548805,55.75,55.75,14.162506103515625,False
2025-11-02 14:00:00,SAG,55.0,68.67587,59.444443,59.44444444444444,14.162506103515625,False
2025-11-02 15:00:00,SAG,52.0,65.324936,56.11111,56.111111111111114,14.162506103515625,False
2025-11-02 16:00:00,SAG,49.0,63.715233,50.444443,50.44444444444444,14.162506103515625,True
2025-11-02 17:00:00,SAG,39.0,57.68364,42.333332,42.333333333333336,14.162506103515625,True
2025-11-02 18:00:00,SAG,30.0,42.403717,27.555555,27.555555555555557,14.162506103515625,False
2025-11-02 19:00:00,SAG,25.0,33.462482,19.444445,19.444444444444443,14.162506103515625,False
2025-11-02 20:00:00,SAG,23.0,28.59751,13.555555,13.555555555555555,14.162506103515625,False
2025-11-02 21:00:00,SAG,24.0,27.642845,13.222222,13.222222222222221,14.162506103515625,False
2025-11-02 22:00:00,SAG,22.0,25.124683,9.888889,9.88888888888889,14.162506103515625,False
2025-11-02 23:00:00,SAG,23.0,20.269253,5.875,5.875,14.162506103515625,False
2025-11-03 00:00:00,SAG,25.0,19.38025,4.6666665,4.666666666666667,14.162506103515625,False
2025-11-03 01:00:00,SAG,25.0,16.796415,2.8333333,2.8333333333333335,14.162506103515625,False
2025-11-03 02:00:00,SAG,20.0,16.395689,2.6666667,2.6666666666666665,14.162506103515625,False
2025-11-03 03:00:00,SAG,11.0,18.15751,5.5,5.5,14.162506103515625,False
2025-11-03 04:00:00,SAG,14.0,17.556784,4.5,4.5,14.162506103515625,False
2025-11-03 05:00:00,SAG,13.0,15.1937,2.875,2.875,14.162506103515625,False
2025-11-03 06:00:00,SAG,10.0,12.558227,2.625,2.625,14.162506103515625,False
2025-11-03 07:00:00,SAG,12.0,13.393963,4.0,4.0,14.162506103515625,False
2025-11-03 08:00:00,SAG,18.0,19.297964,10.75,10.75,14.162506103515625,False
2025-11-03 09:00:00,SAG,25.0,29.474686,21.25,21.25,14.162506103515625,False
2025-11-03 10:00:00,SAG,35.0,46.099762,37.25,37.25,14.162506103515625,False
2025-11-03 11:00:00,SAG,44.0,56.38002,48.333332,48.333333333333336,14.162506103515625,False
2025-11-03 15:00:00,SAG,64.0,69.9212,57.11111,57.111111111111114,14.162506103515625,False
2025-11-03 16:00:00,SAG,60.0,67.08662,51.666668,51.666666666666664,14.162506103515625,False
2025-11-03 17:00:00,SAG,53.0,59.70115,42.555557,42.55555555555556,14.162506103515625,False
2025-11-03 18:00:00,SAG,32.0,42.028294,27.444445,27.444444444444443,14.162506103515625,False
2025-11-03 19:00:00,SAG,22.0,31.475027,19.444445,19.444444444444443,14.162506103515625,False
2025-11-03 20:00:00,SAG,18.0,26.573238,14.0,14.0,14.162506103515625,False
2025-11-03 21:00:00,SAG,23.0,27.453545,13.666667,13.666666666666666,14.162506103515625,False
2025-11-03 22:00:00,SAG,23.0,24.29812,10.111111,10.11111111111111,14.162506103515625,False
2025-11-03 23:00:00,SAG,20.0,21.841032,7.7777777,7.777777777777778,14.162506103515625,False
2025-11-04 00:00:00,SAG,22.0,21.60106,7.571429,7.571428571428571,14.162506103515625,False
2025-11-04 01:00:00,SAG,24.0,20.291729,6.0,6.0,14.162506103515625,False
2025-11-04 02:00:00,SAG,26.0,19.31534,5.142857,5.142857142857143,14.162506103515625,False
2025-11-04 03:00:00,SAG,8.0,16.503391,3.625,3.625,14.162506103515625,False
2025-11-04 04:00:00,SAG,5.0,15.076408,3.5,3.5,14.162506103515625,False
2025-11-04 05:00:00,SAG,2.0,13.305721,2.75,2.75,14.162506103515625,False
2025-11-04 06:00:00,SAG,1.0,11.704674,2.5,2.5,14.162506103515625,False
2025-11-04 07:00:00,SAG,3.0,13.253227,4.25,4.25,14.162506103515625,False
2025-11-04 08:00:00,SAG,3.0,19.798079,11.0,11.0,14.162506103515625,True
2025-11-04 09:00:00,SAG,8.0,27.817951,21.5,21.5,14.162506103515625,True
2025-11-04 10:00:00,SAG,19.0,43.49369,37.875,37.875,14.162506103515625,True
2025-11-04 11:00:00,SAG,38.0,58.029423,49.22222,49.22222222222222,14.162506103515625,True
2025-11-04 12:00:00,SAG,57.0,71.5865,57.125,57.125,14.162506103515625,True
2025-11-04 13:00:00,SAG,69.0,78.46923,59.42857,59.42857142857143,14.162506103515625,False
2025-11-04 14:00:00,SAG,79.0,81.856186,63.25,63.25,14.162506103515625,False
2025-11-04 15:00:00,SAG,77.0,82.14073,60.0,60.0,14.162506103515625,False
2025-11-04 16:00:00,SAG,73.0,76.51026,54.11111,54.111111111111114,14.162506103515625,False
2025-11-04 17:00:00,SAG,61.0,67.89634,45.444443,45.44444444444444,14.162506103515625,False
2025-11-04 18:00:00,SAG,39.0,45.721176,29.0,29.0,14.162506103515625,False
2025-11-04 19:00:00,SAG,26.0,31.682459,19.444445,19.444444444444443,14.162506103515625,False
2025-11-04 20:00:00,SAG,16.0,26.17643,14.555555,14.555555555555555,14.162506103515625,False
2025-11-04 21:00:00,SAG,12.0,25.735306,14.666667,14.666666666666666,14.162506103515625,False
2025-11-04 22:00:00,SAG,14.0,21.55965,10.777778,10.777777777777779,14.162506103515625,False
2025-11-04 23:00:00,SAG,13.0,18.6431,7.888889,7.888888888888889,14.162506103515625,False
2025-11-05 00:00:00,SAG,15.0,19.894207,9.0,9.0,14.162506103515625,False
2025-11-05 01:00:00,SAG,5.0,18.056906,9.0,9.0,14.162506103515625,False
2025-11-05 02:00:00,SAG,2.0,17.496485,8.428572,8.428571428571429,14.162506103515625,True
2025-11-05 03:00:00,SAG,6.0,13.103844,4.0,4.0,14.162506103515625,False
2025-11-05 04:00:00,SAG,7.0,11.36281,3.75,3.75,14.162506103515625,False
2025-11-05 05:00:00,SAG,5.0,10.330217,2.875,2.875,14.162506103515625,False
2025-11-05 06:00:00,SAG,4.0,9.406338,2.5,2.5,14.162506103515625,False
2025-11-05 07:00:00,SAG,4.0,11.001322,4.5,4.5,14.162506103515625,False
2025-11-05 08:00:00,SAG,5.0,16.193975,10.875,10.875,14.162506103515625,False
2025-11-05 09:00:00,SAG,13.0,25.326641,20.375,20.375,14.162506103515625,False
2025-11-05 10:00:00,SAG,24.0,42.252354,36.125,36.125,14.162506103515625,True
2025-11-05 11:00:00,SAG,41.0,59.772324,49.0,49.0,14.162506103515625,True
2025-11-05 12:00:00,SAG,61.0,76.89851,58.125,58.125,14.162506103515625,True
2025-11-05 13:00:00,SAG,70.0,84.45045,62.42857,62.42857142857143,14.162506103515625,True
2025-11-05 14:00:00,SAG,73.0,86.596756,65.125,65.125,14.162506103515625,False
2025-11-05 15:00:00,SAG,71.0,88.08241,63.77778,63.77777777777778,14.162506103515625,True
2025-11-05 16:00:00,SAG,67.0,84.33617,59.22222,59.22222222222222,14.162506103515625,True
2025-11-05 17:00:00,SAG,54.0,73.00409,49.22222,49.22222222222222,14.162506103515625,True
2025-11-05 18:00:00,SAG,31.0,50.87677,31.222221,31.22222222222222,14.162506103515625,True
2025-11-05 19:00:00,SAG,21.0,35.10689,20.777779,20.77777777777778,14.162506103515625,False
2025-11-05 20:00:00,SAG,15.0,31.03801,15.111111,15.11111111111111,14.162506103515625,True
2025-11-05 21:00:00,SAG,13.0,28.016632,14.888889,14.88888888888889,14.162506103515625,True
2025-11-05 22:00:00,SAG,11.0,22.405182,10.888889,10.88888888888889,14.162506103515625,False
2025-11-05 23:00:00,SAG,9.0,17.454695,7.6666665,7.666666666666667,14.162506103515625,False
2025-11-06 00:00:00,SAG,8.0,18.482603,9.75,9.75,14.162506103515625,False
2025-11-06 01:00:00,SAG,4.0,17.13465,8.5,8.5,14.162506103515625,False
2025-11-06 02:00:00,SAG,1.0,14.609687,7.625,7.625,14.162506103515625,False
2025-11-06 03:00:00,SAG,3.0,10.908873,4.2222223,4.222222222222222,14.162506103515625,False
2025-11-06 04:00:00,SAG,2.0,10.503578,4.111111,4.111111111111111,14.162506103515625,False
2025-11-06 05:00:00,SAG,1.0,9.140045,3.1111112,3.111111111111111,14.162506103515625,False
2025-11-06 06:00:00,SAG,1.0,8.61875,2.6666667,2.6666666666666665,14.162506103515625,False
2025-11-06 07:00:00,SAG,2.0,10.334246,4.4444447,4.444444444444445,14.162506103515625,False
2025-11-06 08:00:00,SAG,3.0,16.064095,10.222222,10.222222222222221,14.162506103515625,False
2025-11-06 09:00:00,SAG,13.0,25.340744,19.555555,19.555555555555557,14.162506103515625,False
2025-11-06 10:00:00,SAG,28.0,42.16587,34.77778,34.77777777777778,14.162506103515625,True
2025-11-06 11:00:00,SAG,45.0,61.10048,48.2,48.2,14.162506103515625,True
2025-11-06 12:00:00,SAG,66.0,75.05409,58.444443,58.44444444444444,14.162506103515625,False
2025-11-06 13:00:00,SAG,72.0,85.93524,63.375,63.375,14.162506103515625,False
2025-11-06 14:00:00,SAG,77.0,89.20825,66.0,66.0,14.162506103515625,False
2025-11-06 15:00:00,SAG,83.0,91.862274,64.5,64.5,14.162506103515625,False
2025-11-06 16:00:00,SAG,85.0,89.50041,60.0,60.0,14.162506103515625,False
2025-11-06 17:00:00,SAG,76.0,77.69059,49.7,49.7,14.162506103515625,False
2025-11-06 18:00:00,SAG,35.0,50.509697,31.2,31.2,14.162506103515625,True
2025-11-06 19:00:00,SAG,15.0,27.361765,20.8,20.8,14.162506103515625,False
2025-11-06 20:00:00,SAG,16.0,24.75661,15.1,15.1,14.162506103515625,False
2025-11-06 21:00:00,SAG,10.0,22.713326,14.7,14.7,14.162506103515625,False
2025-11-06 22:00:00,SAG,11.0,17.044628,10.9,10.9,14.162506103515625,False
2025-11-06 23:00:00,SAG,13.0,16.665348,7.8,7.8,14.162506103515625,False
2025-11-07 03:00:00,SAG,4.0,12.664907,4.1,4.1,14.162506103515625,False
2025-11-07 04:00:00,SAG,1.0,10.268425,3.9,3.9,14.162506103515625,False
2025-11-07 05:00:00,SAG,1.0,9.142664,2.9,2.9,14.162506103515625,False
2025-11-07 06:00:00,SAG,2.0,8.458515,2.5,2.5,14.162506103515625,False
2025-11-07 07:00:00,SAG,3.0,10.071907,4.2,4.2,14.162506103515625,False
2025-11-07 08:00:00,SAG,3.0,15.982025,9.5,9.5,14.162506103515625,False
2025-11-07 09:00:00,SAG,18.0,24.415573,18.9,18.9,14.162506103515625,False
2025-11-07 10:00:00,SAG,43.0,41.828712,34.1,34.1,14.162506103515625,False
2025-11-07 13:00:00,SAG,88.0,88.74682,64.333336,64.33333333333333,14.162506103515625,False
2025-11-07 14:00:00,SAG,99.0,94.92504,67.1,67.1,14.162506103515625,False
2025-11-07 15:00:00,SAG,99.0,97.31502,66.181816,66.18181818181819,14.162506103515625,False
2025-11-07 16:00:00,SAG,89.0,94.19644,62.272728,62.27272727272727,14.162506103515625,False
2025-11-07 17:00:00,SAG,77.0,81.270294,52.090908,52.09090909090909,14.162506103515625,False
2025-11-07 18:00:00,SAG,52.0,53.37975,31.545454,31.545454545454547,14.162506103515625,False
2025-11-07 19:00:00,SAG,48.0,30.872286,20.272728,20.272727272727273,14.162506103515625,True
2025-11-07 20:00:00,SAG,43.0,27.370892,15.181818,15.181818181818182,14.162506103515625,True
2025-11-07 21:00:00,SAG,19.0,18.393257,14.272727,14.272727272727273,14.162506103515625,False
2025-11-07 22:00:00,SAG,6.0,16.995667,10.909091,10.909090909090908,14.162506103515625,False
2025-11-07 23:00:00,SAG,24.0,12.740444,8.272727,8.272727272727273,14.162506103515625,False
2025-11-08 00:00:00,SAG,15.0,13.988504,9.555555,9.555555555555555,14.162506103515625,False
2025-11-08 01:00:00,SAG,2.0,12.529953,8.0,8.0,14.162506103515625,False
2025-11-08 02:00:00,SAG,2.0,12.004719,6.888889,6.888888888888889,14.162506103515625,False
2025-11-08 03:00:00,SAG,2.0,8.904457,4.090909,4.090909090909091,14.162506103515625,False
2025-11-08 04:00:00,SAG,2.0,8.958976,3.6363637,3.6363636363636362,14.162506103515625,False
2025-11-08 05:00:00,SAG,2.0,7.8794966,2.7272727,2.727272727272727,14.162506103515625,False
2025-11-08 06:00:00,SAG,2.0,7.2466416,2.4545455,2.4545454545454546,14.162506103515625,False
2025-11-08 07:00:00,SAG,2.0,8.910705,4.090909,4.090909090909091,14.162506103515625,False
2025-11-08 08:00:00,SAG,4.0,14.329147,8.909091,8.909090909090908,14.162506103515625,False
2025-11-08 09:00:00,SAG,16.0,25.025057,18.818182,18.818181818181817,14.162506103515625,False
2025-11-08 10:00:00,SAG,49.0,44.060535,34.909092,34.90909090909091,14.162506103515625,False
2025-11-08 11:00:00,SAG,80.0,62.46057,47.909092,47.90909090909091,14.162506103515625,True
2025-11-08 12:00:00,SAG,85.0,82.67233,59.2,59.2,14.162506103515625,False
2025-11-08 13:00:00,SAG,99.0,90.455185,66.7,66.7,14.162506103515625,False
2025-11-08 14:00:00,SAG,96.0,94.54739,70.0,70.0,14.162506103515625,False
2025-11-08 15:00:00,SAG,107.0,95.13846,68.916664,68.91666666666667,14.162506103515625,False
2025-11-08 16:00:00,SAG,107.0,91.00654,64.5,64.5,14.162506103515625,True
2025-11-08 17:00:00,SAG,96.0,78.867325,54.166668,54.166666666666664,14.162506103515625,True
2025-11-08 18:00:00,SAG,45.0,49.565277,33.25,33.25,14.162506103515625,False
2025-11-08 19:00:00,SAG,8.0,30.161543,22.583334,22.583333333333332,14.162506103515625,True
2025-11-08 20:00:00,SAG,4.0,23.475769,17.5,17.5,14.162506103515625,True
2025-11-08 21:00:00,SAG,3.0,20.80471,14.666667,14.666666666666666,14.162506103515625,True
2025-11-08 22:00:00,SAG,3.0,14.532092,10.5,10.5,14.162506103515625,False
2025-11-08 23:00:00,SAG,2.0,16.021805,9.583333,9.583333333333334,14.162506103515625,False
2025-11-09 00:00:00,SAG,2.0,15.926184,10.1,10.1,14.162506103515625,False
2025-11-09 01:00:00,SAG,2.0,12.467981,7.4,7.4,14.162506103515625,False
2025-11-09 02:00:00,SAG,2.0,11.201191,6.4,6.4,14.162506103515625,False
2025-11-09 03:00:00,SAG,2.0,8.906124,3.9166667,3.9166666666666665,14.162506103515625,False
2025-11-09 04:00:00,SAG,2.0,8.380009,3.5,3.5,14.162506103515625,False
2025-11-09 05:00:00,SAG,2.0,8.33664,2.6666667,2.6666666666666665,14.162506103515625,False
2025-11-09 06:00:00,SAG,2.0,7.6351147,2.4166667,2.4166666666666665,14.162506103515625,False
2025-11-09 07:00:00,SAG,3.0,9.2565,3.9166667,3.9166666666666665,14.162506103515625,False
2025-11-09 08:00:00,SAG,10.0,13.904099,8.5,8.5,14.162506103515625,False
2025-11-09 10:00:00,SAG,40.0,46.557995,36.083332,36.083333333333336,14.162506103515625,False
2025-11-09 11:00:00,SAG,58.0,68.57894,50.583332,50.583333333333336,14.162506103515625,False
2025-11-09 12:00:00,SAG,76.0,84.60269,61.545456,61.54545454545455,14.162506103515625,False
2025-11-09 13:00:00,SAG,71.0,92.56616,69.63636,69.63636363636364,14.162506103515625,True
2025-11-09 14:00:00,SAG,53.0,92.03435,72.166664,72.16666666666667,14.162506103515625,True
2025-11-09 15:00:00,SAG,49.0,88.94464,71.84615,71.84615384615384,14.162506103515625,True
2025-11-09 16:00:00,SAG,46.0,86.77995,67.76923,67.76923076923077,14.162506103515625,True
2025-11-09 17:00:00,SAG,40.0,77.068756,57.384617,57.38461538461539,14.162506103515625,True
2025-11-09 18:00:00,SAG,36.0,52.655796,34.153847,34.15384615384615,14.162506103515625,True
2025-11-09 19:00:00,SAG,37.0,40.983734,21.461538,21.46153846153846,14.162506103515625,False
2025-11-09 20:00:00,SAG,33.0,33.32847,16.461538,16.46153846153846,14.162506103515625,False
2025-11-09 21:00:00,SAG,34.0,30.490536,13.769231,13.76923076923077,14.162506103515625,False
2025-11-09 22:00:00,SAG,30.0,26.346098,9.923077,9.923076923076923,14.162506103515625,False
2025-11-09 23:00:00,SAG,28.0,24.474224,9.0,9.0,14.162506103515625,False
2025-11-10 00:00:00,SAG,32.0,24.478483,9.363636,9.363636363636363,14.162506103515625,False
2025-11-10 01:00:00,SAG,35.0,22.470318,6.909091,6.909090909090909,14.162506103515625,False
2025-11-10 02:00:00,SAG,34.0,22.892937,6.0,6.0,14.162506103515625,False
2025-11-10 03:00:00,SAG,21.0,19.920929,3.7692308,3.769230769230769,14.162506103515625,False
2025-11-10 04:00:00,SAG,24.0,18.481539,3.3846154,3.3846153846153846,14.162506103515625,False
2025-11-10 05:00:00,SAG,20.0,16.297493,2.6153846,2.6153846153846154,14.162506103515625,False
2025-11-10 06:00:00,SAG,22.0,16.01215,2.3846154,2.3846153846153846,14.162506103515625,False
2025-11-10 07:00:00,SAG,20.0,14.8515,3.8461537,3.8461538461538463,14.162506103515625,False
2025-11-10 08:00:00,SAG,16.0,19.02528,8.615385,8.615384615384615,14.162506103515625,False
2025-11-10 09:00:00,SAG,18.0,26.594107,18.583334,18.583333333333332,14.162506103515625,False
2025-11-10 10:00:00,SAG,14.0,42.902405,36.384617,36.38461538461539,14.162506103515625,True
2025-11-10 11:00:00,SAG,22.0,54.08902,51.153847,51.15384615384615,14.162506103515625,True
2025-11-10 12:00:00,SAG,25.0,65.2003,62.75,62.75,14.162506103515625,True
2025-11-10 13:00:00,SAG,23.0,69.00637,69.75,69.75,14.162506103515625,True
2025-11-10 14:00:00,SAG,24.0,67.28857,70.69231,70.6923076923077,14.162506103515625,True
2025-11-10 15:00:00,SAG,24.0,65.397675,70.21429,70.21428571428571,14.162506103515625,True
2025-11-10 16:00:00,SAG,22.0,60.41976,66.21429,66.21428571428571,14.162506103515625,True
2025-11-10 17:00:00,SAG,15.0,51.846962,56.142857,56.142857142857146,14.162506103515625,True
2025-11-10 18:00:00,SAG,8.0,30.536045,34.285713,34.285714285714285,14.162506103515625,True
2025-11-10 19:00:00,SAG,14.0,20.965254,22.571428,22.571428571428573,14.162506103515625,False
2025-11-10 20:00:00,SAG,14.0,20.1605,17.642857,17.642857142857142,14.162506103515625,False
2025-11-10 21:00:00,SAG,17.0,22.725786,15.214286,15.214285714285714,14.162506103515625,False
2025-11-10 22:00:00,SAG,17.0,20.757298,11.357142,11.357142857142858,14.162506103515625,False
2025-11-10 23:00:00,SAG,18.0,20.215378,10.357142,10.357142857142858,14.162506103515625,False
2025-11-11 00:00:00,SAG,20.0,22.404293,11.25,11.25,14.162506103515625,False
2025-11-11 01:00:00,SAG,22.0,22.188099,9.25,9.25,14.162506103515625,False
2025-11-11 02:00:00,SAG,14.0,20.511791,8.333333,8.333333333333334,14.162506103515625,False
2025-11-11 03:00:00,SAG,5.0,16.142288,5.0,5.0,14.162506103515625,False
2025-11-11 04:00:00,SAG,2.0,14.875353,4.857143,4.857142857142857,14.162506103515625,False
2025-11-11 05:00:00,SAG,1.0,12.463919,3.857143,3.857142857142857,14.162506103515625,False
2025-11-11 06:00:00,SAG,2.0,11.419477,3.7857144,3.7857142857142856,14.162506103515625,False
2025-11-11 07:00:00,SAG,2.0,10.786692,5.0,5.0,14.162506103515625,False
2025-11-11 08:00:00,SAG,2.0,13.317074,9.142858,9.142857142857142,14.162506103515625,False
2025-11-11 09:00:00,SAG,11.0,21.319393,18.538462,18.53846153846154,14.162506103515625,False
2025-11-11 10:00:00,SAG,23.0,39.89406,34.785713,34.785714285714285,14.162506103515625,True
2025-11-11 11:00:00,SAG,31.0,56.0457,49.23077,49.23076923076923,14.162506103515625,True
2025-11-11 12:00:00,SAG,42.0,65.44187,60.166668,60.166666666666664,14.162506103515625,True
2025-11-11 13:00:00,SAG,54.0,68.40407,66.15385,66.15384615384616,14.162506103515625,True
2025-11-11 14:00:00,SAG,57.0,69.4964,67.92308,67.92307692307692,14.162506103515625,False
2025-11-11 15:00:00,SAG,70.0,76.69936,67.42857,67.42857142857143,14.162506103515625,False
2025-11-11 16:00:00,SAG,77.0,86.724014,64.0,64.0,14.162506103515625,False
2025-11-11 17:00:00,SAG,73.0,72.05983,54.0,54.0,14.162506103515625,False
2025-11-11 18:00:00,SAG,33.0,50.200317,32.714287,32.714285714285715,14.162506103515625,True
2025-11-11 19:00:00,SAG,21.0,35.56403,22.357143,22.357142857142858,14.162506103515625,True
2025-11-11 20:00:00,SAG,7.0,24.676228,17.928572,17.928571428571427,14.162506103515625,True
2025-11-11 21:00:00,SAG,5.0,18.79246,15.214286,15.214285714285714,14.162506103515625,False
2025-11-11 22:00:00,SAG,1.0,14.870196,12.071428,12.071428571428571,14.162506103515625,False
2025-11-11 23:00:00,SAG,2.0,13.3660755,11.357142,11.357142857142858,14.162506103515625,False
2025-11-12 00:00:00,SAG,3.0,14.178771,12.833333,12.833333333333334,14.162506103515625,False
2025-11-12 01:00:00,SAG,2.0,12.220905,11.0,11.0,14.162506103515625,False
2025-11-12 02:00:00,SAG,2.0,11.16726,9.083333,9.083333333333334,14.162506103515625,False
2025-11-12 03:00:00,SAG,1.0,7.331829,5.0,5.0,14.162506103515625,False
2025-11-12 04:00:00,SAG,2.0,7.343834,4.857143,4.857142857142857,14.162506103515625,False
2025-11-12 05:00:00,SAG,2.0,6.112831,3.857143,3.857142857142857,14.162506103515625,False
2025-11-12 06:00:00,SAG,2.0,6.758109,3.857143,3.857142857142857,14.162506103515625,False
2025-11-12 07:00:00,SAG,2.0,8.144897,4.928571,4.928571428571429,14.162506103515625,False
2025-11-12 08:00:00,SAG,4.0,11.601999,8.785714,8.785714285714286,14.162506103515625,False
2025-11-12 09:00:00,SAG,10.0,20.229227,17.76923,17.76923076923077,14.162506103515625,False
2025-11-12 10:00:00,SAG,29.0,35.95612,33.57143,33.57142857142857,14.162506103515625,False
2025-11-13 14:00:00,SAG,70.0,83.911385,69.833336,69.83333333333333,14.162506103515625,False
2025-11-13 15:00:00,SAG,71.0,88.25615,70.0,70.0,14.162506103515625,True
2025-11-13 16:00:00,SAG,67.0,94.694534,67.53846,67.53846153846153,14.162506103515625,True
2025-11-13 17:00:00,SAG,37.0,76.22997,58.384617,58.38461538461539,14.162506103515625,True
2025-11-13 18:00:00,SAG,16.0,42.98364,34.076923,34.07692307692308,14.162506103515625,True
2025-11-13 19:00:00,SAG,5.0,31.514214,22.923077,22.923076923076923,14.162506103515625,True
2025-11-13 20:00:00,SAG,10.0,25.633675,17.461538,17.46153846153846,14.162506103515625,True
2025-11-13 21:00:00,SAG,12.0,20.53174,14.076923,14.076923076923077,14.162506103515625,False
2025-11-13 22:00:00,SAG,5.0,19.387775,11.461538,11.461538461538462,14.162506103515625,True
2025-11-13 23:00:00,SAG,1.0,19.363321,12.0,12.0,14.162506103515625,True
2025-11-14 00:00:00,SAG,1.0,18.537273,13.272727,13.272727272727273,14.162506103515625,True
2025-11-14 01:00:00,SAG,2.0,16.02943,11.818182,11.818181818181818,14.162506103515625,False
2025-11-14 02:00:00,SAG,1.0,13.173855,9.818182,9.818181818181818,14.162506103515625,False
2025-11-14 03:00:00,SAG,5.0,8.457191,5.230769,5.230769230769231,14.162506103515625,False
2025-11-14 04:00:00,SAG,2.0,8.85755,5.230769,5.230769230769231,14.162506103515625,False
2025-11-14 05:00:00,SAG,3.0,7.4322305,4.076923,4.076923076923077,14.162506103515625,False
2025-11-14 06:00:00,SAG,2.0,7.1431746,4.076923,4.076923076923077,14.162506103515625,False
2025-11-14 07:00:00,SAG,2.0,8.005514,5.230769,5.230769230769231,14.162506103515625,False
2025-11-14 08:00:00,SAG,3.0,10.238107,8.153846,8.153846153846153,14.162506103515625,False
2025-11-14 09:00:00,SAG,10.0,17.654268,16.416666,16.416666666666668,14.162506103515625,False
2025-11-14 10:00:00,SAG,26.0,33.49622,33.153847,33.15384615384615,14.162506103515625,False
2025-11-14 11:00:00,SAG,39.0,47.15312,48.0,48.0,14.162506103515625,False
2025-11-14 12:00:00,SAG,48.0,58.91953,60.0,60.0,14.162506103515625,False
2025-11-14 13:00:00,SAG,52.0,69.93859,67.454544,67.45454545454545,14.162506103515625,True
2025-11-14 14:00:00,SAG,60.0,72.86009,68.5,68.5,14.162506103515625,False
2025-11-14 15:00:00,SAG,49.0,68.8858,69.15385,69.15384615384616,14.162506103515625,True
2025-11-14 16:00:00,SAG,51.0,70.4313,66.61539,66.61538461538461,14.162506103515625,True
2025-11-14 17:00:00,SAG,36.0,62.102413,56.076923,56.07692307692308,14.162506103515625,True
2025-11-14 18:00:00,SAG,11.0,37.855934,32.846153,32.84615384615385,14.162506103515625,True
2025-11-14 19:00:00,SAG,9.0,19.406979,22.153847,22.153846153846153,14.162506103515625,False
2025-11-14 20:00:00,SAG,3.0,17.489239,17.384615,17.384615384615383,14.162506103515625,True
2025-11-14 21:00:00,SAG,7.0,13.853218,14.384615,14.384615384615385,14.162506103515625,False
2025-11-14 22:00:00,SAG,6.0,11.923786,11.538462,11.538461538461538,14.162506103515625,False
2025-11-14 23:00:00,SAG,3.0,11.87087,12.0,12.0,14.162506103515625,False
2025-11-15 00:00:00,SAG,1.0,13.276264,13.272727,13.272727272727273,14.162506103515625,False
2025-11-15 01:00:00,SAG,1.0,11.934782,11.909091,11.909090909090908,14.162506103515625,False
2025-11-15 02:00:00,SAG,0.0,10.1473675,9.727273,9.727272727272727,14.162506103515625,False
2025-11-15 03:00:00,SAG,1.0,6.434664,5.5384617,5.538461538461538,14.162506103515625,False
2025-11-15 04:00:00,SAG,1.0,7.1125193,5.3076925,5.3076923076923075,14.162506103515625,False
2025-11-15 05:00:00,SAG,1.0,6.801014,4.230769,4.230769230769231,14.162506103515625,False
2025-11-15 06:00:00,SAG,1.0,6.7298512,4.1538463,4.153846153846154,14.162506103515625,False
2025-11-15 07:00:00,SAG,2.0,7.236167,5.230769,5.230769230769231,14.162506103515625,False
2025-11-15 08:00:00,SAG,4.0,9.306422,8.153846,8.153846153846153,14.162506103515625,False
2025-11-15 09:00:00,SAG,10.0,13.580849,16.333334,16.333333333333332,14.162506103515625,False
2025-11-15 10:00:00,SAG,30.0,25.499336,32.46154,32.46153846153846,14.162506103515625,False
2025-11-15 11:00:00,SAG,55.0,35.243965,46.81818,46.81818181818182,14.162506103515625,True
2025-11-15 12:00:00,SAG,54.0,47.956787,59.1,59.1,14.162506103515625,False
2025-11-15 13:00:00,SAG,58.0,58.519707,66.27273,66.27272727272727,14.162506103515625,False
2025-11-15 14:00:00,SAG,65.0,64.92207,67.666664,67.66666666666667,14.162506103515625,False
2025-11-15 15:00:00,SAG,78.0,65.436,67.69231,67.6923076923077,14.162506103515625,False
2025-11-15 16:00:00,SAG,61.0,76.491165,65.46154,65.46153846153847,14.162506103515625,True
2025-11-15 17:00:00,SAG,43.0,65.49823,54.46154,54.46153846153846,14.162506103515625,True
2025-11-15 18:00:00,SAG,19.0,35.67839,31.384615,31.384615384615383,14.162506103515625,True
2025-11-15 19:00:00,SAG,13.0,17.748714,21.615385,21.615384615384617,14.162506103515625,False
2025-11-15 20:00:00,SAG,4.0,15.696791,17.0,17.0,14.162506103515625,False
2025-11-15 21:00:00,SAG,3.0,11.939852,14.615385,14.615384615384615,14.162506103515625,False
2025-11-15 22:00:00,SAG,3.0,10.071933,11.692307,11.692307692307692,14.162506103515625,False
2025-11-15 23:00:00,SAG,1.0,10.362752,12.153846,12.153846153846153,14.162506103515625,False
2025-11-16 00:00:00,SAG,2.0,10.853781,12.25,12.25,14.162506103515625,False
2025-11-16 01:00:00,SAG,2.0,10.633203,11.0,11.0,14.162506103515625,False
2025-11-16 02:00:00,SAG,1.0,9.680664,8.916667,8.916666666666666,14.162506103515625,False
2025-11-16 03:00:00,SAG,1.0,7.0208077,5.5384617,5.538461538461538,14.162506103515625,False
2025-11-16 04:00:00,SAG,1.0,7.771658,5.3076925,5.3076923076923075,14.162506103515625,False
2025-11-16 05:00:00,SAG,1.0,7.3594875,4.230769,4.230769230769231,14.162506103515625,False
2025-11-16 06:00:00,SAG,1.0,7.685494,4.076923,4.076923076923077,14.162506103515625,False
2025-11-16 07:00:00,SAG,3.0,8.913315,5.230769,5.230769230769231,14.162506103515625,False
2025-11-16 08:00:00,SAG,4.0,11.67938,8.230769,8.23076923076923,14.162506103515625,False
2025-11-16 09:00:00,SAG,15.0,17.673443,15.916667,15.916666666666666,14.162506103515625,False
2025-11-16 10:00:00,SAG,51.0,29.604845,31.307692,31.307692307692307,14.162506103515625,True
2025-11-16 11:00:00,SAG,67.0,47.48174,45.909092,45.90909090909091,14.162506103515625,True
2025-11-16 13:00:00,SAG,77.0,67.24106,64.72727,64.72727272727273,14.162506103515625,False
2025-11-16 14:00:00,SAG,74.0,68.96127,67.333336,67.33333333333333,14.162506103515625,False
2025-11-16 15:00:00,SAG,56.0,67.76256,68.76923,68.76923076923077,14.162506103515625,False
2025-11-16 16:00:00,SAG,50.0,60.847725,65.69231,65.6923076923077,14.162506103515625,False
2025-11-16 17:00:00,SAG,47.0,58.604523,53.846153,53.84615384615385,14.162506103515625,False
2025-11-16 18:00:00,SAG,30.0,36.596542,29.76923,29.76923076923077,14.162506103515625,False
2025-11-16 19:00:00,SAG,12.0,21.320885,20.307692,20.307692307692307,14.162506103515625,False
2025-11-16 20:00:00,SAG,5.0,15.467916,15.846154,15.846153846153847,14.162506103515625,False
2025-11-16 21:00:00,SAG,2.0,16.750233,14.0,14.0,14.162506103515625,True
2025-11-16 22:00:00,SAG,2.0,12.525335,11.692307,11.692307692307692,14.162506103515625,False
2025-11-16 23:00:00,SAG,2.0,12.4369955,12.076923,12.076923076923077,14.162506103515625,False
2025-11-17 00:00:00,SAG,3.0,12.204191,12.166667,12.166666666666666,14.162506103515625,False
2025-11-17 01:00:00,SAG,5.0,10.484123,10.5,10.5,14.162506103515625,False
2025-11-17 02:00:00,SAG,2.0,9.3928585,8.75,8.75,14.162506103515625,False
2025-11-17 03:00:00,SAG,1.0,6.9181523,5.3846154,5.384615384615385,14.162506103515625,False
2025-11-17 04:00:00,SAG,3.0,7.282233,5.0,5.0,14.162506103515625,False
2025-11-17 05:00:00,SAG,2.0,7.1616154,4.1538463,4.153846153846154,14.162506103515625,False
2025-11-17 06:00:00,SAG,2.0,7.4092846,4.0,4.0,14.162506103515625,False
2025-11-17 07:00:00,SAG,4.0,8.115085,4.6153846,4.615384615384615,14.162506103515625,False
2025-11-17 08:00:00,SAG,8.0,7.7997303,6.076923,6.076923076923077,14.162506103515625,False
2025-11-17 09:00:00,SAG,25.0,11.702818,13.916667,13.916666666666666,14.162506103515625,False
2025-11-17 10:00:00,SAG,41.0,26.20202,31.615385,31.615384615384617,14.162506103515625,True
2025-11-17 11:00:00,SAG,70.0,39.79711,47.272728,47.27272727272727,14.162506103515625,True
2025-11-17 12:00:00,SAG,76.0,56.85623,57.11111,57.111111111111114,14.162506103515625,True
2025-11-17 13:00:00,SAG,63.0,63.57428,66.63636,66.63636363636364,14.162506103515625,False
2025-11-17 14:00:00,SAG,72.0,69.673615,68.916664,68.91666666666667,14.162506103515625,False
2025-11-17 15:00:00,SAG,75.0,71.86051,69.07692,69.07692307692308,14.162506103515625,False
2025-11-17 16:00:00,SAG,76.0,74.94067,65.76923,65.76923076923077,14.162506103515625,False
2025-11-17 17:00:00,SAG,63.0,67.16254,54.46154,54.46153846153846,14.162506103515625,False
2025-11-17 18:00:00,SAG,35.0,36.4978,29.76923,29.76923076923077,14.162506103515625,False
2025-11-17 19:00:00,SAG,24.0,22.053074,19.307692,19.307692307692307,14.162506103515625,False
2025-11-17 20:00:00,SAG,8.0,14.501824,14.461538,14.461538461538462,14.162506103515625,False
2025-11-17 21:00:00,SAG,4.0,13.182634,12.307693,12.307692307692308,14.162506103515625,False
2025-11-17 22:00:00,SAG,1.0,12.012422,10.153846,10.153846153846153,14.162506103515625,False
2025-11-17 23:00:00,SAG,1.0,14.959548,10.461538,10.461538461538462,14.162506103515625,False
2025-11-18 00:00:00,SAG,1.0,15.382385,10.333333,10.333333333333334,14.162506103515625,True
2025-11-18 01:00:00,SAG,1.0,15.15175,8.833333,8.833333333333334,14.162506103515625,False
2025-11-18 02:00:00,SAG,1.0,13.764809,7.25,7.25,14.162506103515625,False
2025-11-18 03:00:00,SAG,1.0,10.579397,4.6153846,4.615384615384615,14.162506103515625,False
2025-11-18 04:00:00,SAG,0.0,10.226922,4.1538463,4.153846153846154,14.162506103515625,False
2025-11-18 05:00:00,SAG,1.0,9.628959,3.3076923,3.3076923076923075,14.162506103515625,False
2025-11-18 06:00:00,SAG,1.0,9.557231,3.3846154,3.3846153846153846,14.162506103515625,False
2025-11-18 07:00:00,SAG,2.0,10.169777,4.0,4.0,14.162506103515625,False
2025-11-18 08:00:00,SAG,2.0,11.109013,5.3076925,5.3076923076923075,14.162506103515625,False
2025-11-18 09:00:00,SAG,5.0,17.338549,13.916667,13.916666666666666,14.162506103515625,False
2025-11-18 10:00:00,SAG,23.0,29.102657,32.076923,32.07692307692308,14.162506103515625,False
2025-11-18 11:00:00,SAG,56.0,40.453148,49.636364,49.63636363636363,14.162506103515625,True
2025-11-18 12:00:00,SAG,77.0,47.82095,59.0,59.0,14.162506103515625,True
2025-11-18 13:00:00,SAG,87.0,58.88432,66.333336,66.33333333333333,14.162506103515625,True
2025-11-18 14:00:00,SAG,81.0,62.69367,69.15385,69.15384615384616,14.162506103515625,True
2025-11-18 15:00:00,SAG,73.0,65.934204,69.92308,69.92307692307692,14.162506103515625,False
2025-11-18 16:00:00,SAG,60.0,65.36735,67.0,67.0,14.162506103515625,False
2025-11-18 17:00:00,SAG,54.0,57.27628,55.23077,55.23076923076923,14.162506103515625,False
2025-11-18 18:00:00,SAG,32.0,29.45956,30.0,30.0,14.162506103515625,False
2025-11-18 19:00:00,SAG,13.0,16.908054,19.461538,19.46153846153846,14.162506103515625,False
2025-11-18 20:00:00,SAG,14.0,13.874669,13.692307,13.692307692307692,14.162506103515625,False
2025-11-18 21:00:00,SAG,10.0,12.980856,10.846154,10.846153846153847,14.162506103515625,False
2025-11-18 22:00:00,SAG,7.0,11.794557,8.461538,8.461538461538462,14.162506103515625,False
2025-11-18 23:00:00,SAG,2.0,13.920116,9.0,9.0,14.162506103515625,False
2025-11-19 03:00:00,SAG,1.0,11.756695,4.076923,4.076923076923077,14.162506103515625,False
2025-11-19 04:00:00,SAG,0.0,8.87946,3.7692308,3.769230769230769,14.162506103515625,False
2025-11-19 05:00:00,SAG,1.0,7.709263,3.2307692,3.230769230769231,14.162506103515625,False
2025-11-19 06:00:00,SAG,1.0,7.659001,3.3846154,3.3846153846153846,14.162506103515625,False
2025-11-19 07:00:00,SAG,2.0,8.183213,3.9230769,3.923076923076923,14.162506103515625,False
2025-11-19 08:00:00,SAG,2.0,8.463107,5.230769,5.230769230769231,14.162506103515625,False
2025-11-19 09:00:00,SAG,11.0,14.9935875,13.666667,13.666666666666666,14.162506103515625,False
2025-11-19 10:00:00,SAG,24.0,31.104149,32.384617,32.38461538461539,14.162506103515625,False
2025-11-19 11:00:00,SAG,40.0,54.562073,51.272728,51.27272727272727,14.162506103515625,True
2025-11-19 15:00:00,SAG,49.0,77.468,69.61539,69.61538461538461,14.162506103515625,True
2025-11-19 16:00:00,SAG,43.0,72.47145,66.0,66.0,14.162506103515625,True
2025-11-19 17:00:00,SAG,36.0,59.84538,54.692307,54.69230769230769,14.162506103515625,True
2025-11-19 18:00:00,SAG,24.0,31.79848,29.461538,29.46153846153846,14.162506103515625,False
2025-11-19 19:00:00,SAG,15.0,20.203403,18.461538,18.46153846153846,14.162506103515625,False
2025-11-19 20:00:00,SAG,7.0,15.724722,13.538462,13.538461538461538,14.162506103515625,False
2025-11-19 21:00:00,SAG,3.0,12.760496,10.692307,10.692307692307692,14.162506103515625,False
2025-11-19 22:00:00,SAG,4.0,10.387449,7.923077,7.923076923076923,14.162506103515625,False
2025-11-19 23:00:00,SAG,1.0,11.767427,8.153846,8.153846153846153,14.162506103515625,False
2025-11-20 00:00:00,SAG,0.0,9.981508,8.0,8.0,14.162506103515625,False
2025-11-20 01:00:00,SAG,0.0,9.095243,7.090909,7.090909090909091,14.162506103515625,False
2025-11-20 02:00:00,SAG,4.0,8.454353,5.4545455,5.454545454545454,14.162506103515625,False
2025-11-20 03:00:00,SAG,1.0,7.3097816,3.6923077,3.6923076923076925,14.162506103515625,False
2025-11-20 04:00:00,SAG,1.0,7.1826634,3.2307692,3.230769230769231,14.162506103515625,False
2025-11-20 05:00:00,SAG,0.0,6.134121,2.9230769,2.923076923076923,14.162506103515625,False
2025-11-20 06:00:00,SAG,1.0,6.5006795,3.1538463,3.1538461538461537,14.162506103515625,False
2025-11-20 07:00:00,SAG,1.0,6.9227343,3.7692308,3.769230769230769,14.162506103515625,False
2025-11-20 08:00:00,SAG,3.0,7.8569098,5.0,5.0,14.162506103515625,False
2025-11-20 09:00:00,SAG,10.0,15.806513,13.5,13.5,14.162506103515625,False
2025-11-20 10:00:00,SAG,32.0,35.825344,32.384617,32.38461538461539,14.162506103515625,False
2025-11-20 11:00:00,SAG,59.0,48.900066,51.18182,51.18181818181818,14.162506103515625,False
2025-11-20 12:00:00,SAG,80.0,53.521034,61.0,61.0,14.162506103515625,True
2025-11-20 13:00:00,SAG,88.0,65.70995,67.63636,67.63636363636364,14.162506103515625,True
2025-11-20 14:00:00,SAG,86.0,67.89546,69.0,69.0,14.162506103515625,True
2025-11-20 15:00:00,SAG,100.0,79.18602,67.92308,67.92307692307692,14.162506103515625,True
2025-11-20 16:00:00,SAG,96.0,78.28649,64.15385,64.15384615384616,14.162506103515625,True
2025-11-20 17:00:00,SAG,79.0,69.25649,53.307693,53.30769230769231,14.162506103515625,False
2025-11-20 18:00:00,SAG,32.0,38.367996,28.923077,28.923076923076923,14.162506103515625,False
2025-11-20 19:00:00,SAG,26.0,15.843248,18.0,18.0,14.162506103515625,False
2025-11-20 20:00:00,SAG,23.0,10.468003,12.923077,12.923076923076923,14.162506103515625,False
2025-11-20 21:00:00,SAG,6.0,5.014045,9.923077,9.923076923076923,14.162506103515625,False
2025-11-20 22:00:00,SAG,8.0,4.3289137,7.3846154,7.384615384615385,14.162506103515625,False
2025-11-20 23:00:00,SAG,2.0,8.750587,7.5384617,7.538461538461538,14.162506103515625,False
2025-11-21 00:00:00,SAG,2.0,10.736447,7.2727275,7.2727272727272725,14.162506103515625,False
2025-11-21 01:00:00,SAG,10.0,10.3519535,6.7272725,6.7272727272727275,14.162506103515625,False
2025-11-21 02:00:00,SAG,2.0,10.823044,5.7272725,5.7272727272727275,14.162506103515625,False
2025-11-21 03:00:00,SAG,1.0,8.641584,3.5384614,3.5384615384615383,14.162506103515625,False
2025-11-21 04:00:00,SAG,1.0,8.367256,3.1538463,3.1538461538461537,14.162506103515625,False
2025-11-21 05:00:00,SAG,1.0,8.556889,2.8461537,2.8461538461538463,14.162506103515625,False
2025-11-21 06:00:00,SAG,0.0,8.492336,3.1538463,3.1538461538461537,14.162506103515625,False
2025-11-21 07:00:00,SAG,2.0,8.755923,3.6923077,3.6923076923076925,14.162506103515625,False
2025-11-21 08:00:00,SAG,6.0,9.865833,5.0,5.0,14.162506103515625,False
2025-11-21 09:00:00,SAG,16.0,17.500334,13.25,13.25,14.162506103515625,False
2025-11-21 10:00:00,SAG,34.0,36.266956,32.692307,32.69230769230769,14.162506103515625,False
2025-11-21 11:00:00,SAG,60.0,60.09554,52.454544,52.45454545454545,14.162506103515625,False
2025-11-21 12:00:00,SAG,75.0,76.04117,62.555557,62.55555555555556,14.162506103515625,False
2025-11-21 13:00:00,SAG,85.0,77.97886,69.09091,69.0909090909091,14.162506103515625,False
2025-11-21 14:00:00,SAG,83.0,78.117355,69.75,69.75,14.162506103515625,False
2025-11-21 15:00:00,SAG,70.0,77.29593,69.23077,69.23076923076923,14.162506103515625,False
2025-11-21 16:00:00,SAG,57.0,73.88001,65.0,65.0,14.162506103515625,True
2025-11-21 17:00:00,SAG,43.0,58.524654,53.53846,53.53846153846154,14.162506103515625,True
2025-11-21 18:00:00,SAG,29.0,32.914246,28.692308,28.692307692307693,14.162506103515625,False
2025-11-21 19:00:00,SAG,29.0,23.941744,18.846153,18.846153846153847,14.162506103515625,False
2025-11-21 20:00:00,SAG,28.0,19.29039,13.461538,13.461538461538462,14.162506103515625,False
2025-11-21 21:00:00,SAG,16.0,15.1395445,9.615385,9.615384615384615,14.162506103515625,False
2025-11-21 22:00:00,SAG,16.0,13.676872,7.1538463,7.153846153846154,14.162506103515625,False
2025-11-21 23:00:00,SAG,22.0,13.555672,6.6923075,6.6923076923076925,14.162506103515625,False
2025-11-22 00:00:00,SAG,17.0,17.134447,6.8333335,6.833333333333333,14.162506103515625,False
2025-11-22 01:00:00,SAG,2.0,15.971841,7.0,7.0,14.162506103515625,False
2025-11-22 02:00:00,SAG,1.0,11.848017,5.4166665,5.416666666666667,14.162506103515625,False
2025-11-22 03:00:00,SAG,1.0,8.95177,3.3076923,3.3076923076923075,14.162506103515625,False
2025-11-22 04:00:00,SAG,2.0,7.9900603,3.1538463,3.1538461538461537,14.162506103515625,False
2025-11-22 05:00:00,SAG,2.0,8.133511,2.8461537,2.8461538461538463,14.162506103515625,False
2025-11-22 06:00:00,SAG,0.0,7.983103,3.0,3.0,14.162506103515625,False
2025-11-22 07:00:00,SAG,1.0,8.193857,3.6153846,3.6153846153846154,14.162506103515625,False
2025-11-22 08:00:00,SAG,4.0,8.824769,5.230769,5.230769230769231,14.162506103515625,False
2025-11-22 09:00:00,SAG,18.0,15.807451,13.083333,13.083333333333334,14.162506103515625,False
2025-11-22 10:00:00,SAG,44.0,36.513496,32.0,32.0,14.162506103515625,False
2025-11-22 11:00:00,SAG,52.0,58.535416,53.083332,53.083333333333336,14.162506103515625,False
2025-11-22 12:00:00,SAG,60.0,67.193115,63.8,63.8,14.162506103515625,False
2025-11-22 13:00:00,SAG,60.0,68.28208,68.818184,68.81818181818181,14.162506103515625,False
2025-11-22 14:00:00,SAG,64.0,67.41019,68.416664,68.41666666666667,14.162506103515625,False
2025-11-22 15:00:00,SAG,63.0,66.982475,67.0,67.0,14.162506103515625,False
2025-11-22 16:00:00,SAG,45.0,60.177235,62.53846,62.53846153846154,14.162506103515625,True
2025-11-22 17:00:00,SAG,34.0,47.544136,50.923077,50.92307692307692,14.162506103515625,False
2025-11-22 18:00:00,SAG,23.0,23.990614,26.923077,26.923076923076923,14.162506103515625,False
2025-11-22 19:00:00,SAG,15.0,16.87463,17.384615,17.384615384615383,14.162506103515625,False
2025-11-22 20:00:00,SAG,18.0,14.47635,12.307693,12.307692307692308,14.162506103515625,False
2025-11-22 21:00:00,SAG,20.0,14.4311,9.384615,9.384615384615385,14.162506103515625,False
2025-11-22 22:00:00,SAG,18.0,15.903902,7.923077,7.923076923076923,14.162506103515625,False
2025-11-22 23:00:00,SAG,14.0,16.521706,6.5384617,6.538461538461538,14.162506103515625,False
2025-11-23 00:00:00,SAG,10.0,16.089962,7.0,7.0,14.162506103515625,False
2025-11-23 01:00:00,SAG,6.0,15.540876,7.0,7.0,14.162506103515625,False
2025-11-23 02:00:00,SAG,2.0,12.036016,5.3333335,5.333333333333333,14.162506103515625,False
2025-11-23 03:00:00,SAG,2.0,8.998245,3.2307692,3.230769230769231,14.162506103515625,False
2025-11-23 04:00:00,SAG,1.0,8.382212,3.1538463,3.1538461538461537,14.162506103515625,False
2025-11-23 05:00:00,SAG,0.0,7.5866237,2.8461537,2.8461538461538463,14.162506103515625,False
2025-11-23 06:00:00,SAG,0.0,7.8267465,2.8461537,2.8461538461538463,14.162506103515625,False
2025-11-23 07:00:00,SAG,1.0,7.7086754,3.5384614,3.5384615384615383,14.162506103515625,False
2025-11-23 08:00:00,SAG,4.0,7.636347,5.230769,5.230769230769231,14.162506103515625,False
2025-11-23 09:00:00,SAG,17.0,13.323648,13.25,13.25,14.162506103515625,False
2025-11-23 10:00:00,SAG,30.0,26.007616,31.615385,31.615384615384617,14.162506103515625,False
2025-11-23 11:00:00,SAG,37.0,36.96239,50.75,50.75,14.162506103515625,False
2025-11-23 12:00:00,SAG,48.0,44.892754,61.3,61.3,14.162506103515625,False
2025-11-23 13:00:00,SAG,43.0,50.949512,65.27273,65.27272727272727,14.162506103515625,False
2025-11-23 14:00:00,SAG,38.0,53.74031,65.75,65.75,14.162506103515625,True
2025-11-23 15:00:00,SAG,41.0,53.06558,63.615383,63.61538461538461,14.162506103515625,False
2025-11-23 16:00:00,SAG,42.0,51.88251,57.76923,57.76923076923077,14.162506103515625,False
2025-11-23 17:00:00,SAG,36.0,45.44533,46.153847,46.15384615384615,14.162506103515625,False
2025-11-23 18:00:00,SAG,16.0,23.028793,25.23077,25.23076923076923,14.162506103515625,False
2025-11-23 19:00:00,SAG,13.0,15.941906,17.923077,17.923076923076923,14.162506103515625,False
2025-11-23 20:00:00,SAG,7.0,10.001255,13.384615,13.384615384615385,14.162506103515625,False
2025-11-23 21:00:00,SAG,4.0,8.585182,10.692307,10.692307692307692,14.162506103515625,False
2025-11-23 22:00:00,SAG,4.0,9.27484,9.076923,9.076923076923077,14.162506103515625,False
2025-11-23 23:00:00,SAG,3.0,10.80359,7.4615383,7.461538461538462,14.162506103515625,False
2025-11-24 00:00:00,SAG,1.0,11.592275,7.6666665,7.666666666666667,14.162506103515625,False
2025-11-24 01:00:00,SAG,0.0,10.371775,7.3333335,7.333333333333333,14.162506103515625,False
2025-11-24 02:00:00,SAG,0.0,8.754906,5.3333335,5.333333333333333,14.162506103515625,False
2025-11-24 03:00:00,SAG,0.0,7.359253,3.2307692,3.230769230769231,14.162506103515625,False
2025-11-24 04:00:00,SAG,1.0,7.118655,3.0769231,3.076923076923077,14.162506103515625,False
2025-11-24 05:00:00,SAG,1.0,6.460747,2.6923077,2.6923076923076925,14.162506103515625,False
2025-11-24 06:00:00,SAG,1.0,6.3163366,2.6923077,2.6923076923076925,14.162506103515625,False
2025-11-24 07:00:00,SAG,1.0,6.739575,3.3846154,3.3846153846153846,14.162506103515625,False
2025-11-24 08:00:00,SAG,3.0,8.031391,4.769231,4.769230769230769,14.162506103515625,False
2025-11-24 09:00:00,SAG,16.0,16.282162,13.538462,13.538461538461538,14.162506103515625,False
2025-11-24 10:00:00,SAG,37.0,34.55457,30.846153,30.846153846153847,14.162506103515625,False
2025-11-24 11:00:00,SAG,58.0,53.718353,49.0,49.0,14.162506103515625,False
2025-11-24 12:00:00,SAG,73.0,56.79318,58.5,58.5,14.162506103515625,True
2025-11-24 13:00:00,SAG,98.0,55.128372,62.727272,62.72727272727273,14.162506103515625,True
2025-11-24 14:00:00,SAG,115.0,62.8073,64.5,64.5,14.162506103515625,True
2025-11-24 15:00:00,SAG,121.0,71.781876,63.0,63.0,14.162506103515625,True
2025-11-24 16:00:00,SAG,104.0,70.97894,57.46154,57.46153846153846,14.162506103515625,True
2025-11-24 17:00:00,SAG,94.0,63.085686,45.846153,45.84615384615385,14.162506103515625,True
2025-11-24 18:00:00,SAG,45.0,34.88815,23.692308,23.692307692307693,14.162506103515625,False
2025-11-24 19:00:00,SAG,22.0,19.33266,16.076923,16.076923076923077,14.162506103515625,False
2025-11-24 20:00:00,SAG,19.0,13.113629,11.384615,11.384615384615385,14.162506103515625,False
2025-11-24 21:00:00,SAG,12.0,7.2866406,8.384615,8.384615384615385,14.162506103515625,False
2025-11-24 22:00:00,SAG,11.0,5.5343695,7.076923,7.076923076923077,14.162506103515625,False
2025-11-24 23:00:00,SAG,11.0,5.8161354,5.5384617,5.538461538461538,14.162506103515625,False
2025-11-25 03:00:00,SAG,3.0,6.7618937,1.6153846,1.6153846153846154,14.162506103515625,False
2025-11-25 04:00:00,SAG,3.0,6.658618,1.3076923,1.3076923076923077,14.162506103515625,False
2025-11-25 05:00:00,SAG,2.0,7.898014,1.2307693,1.2307692307692308,14.162506103515625,False
2025-11-25 06:00:00,SAG,2.0,7.117608,1.0769231,1.0769230769230769,14.162506103515625,False
2025-11-25 07:00:00,SAG,2.0,6.9476967,1.9230769,1.9230769230769231,14.162506103515625,False
2025-11-25 08:00:00,SAG,5.0,8.1477165,3.7692308,3.769230769230769,14.162506103515625,False
2025-11-25 09:00:00,SAG,17.0,15.158331,13.384615,13.384615384615385,14.162506103515625,False
2025-11-25 10:00:00,SAG,46.0,33.54316,32.615383,32.61538461538461,14.162506103515625,False
2025-11-25 11:00:00,SAG,69.0,55.555573,52.0,52.0,14.162506103515625,False
2025-11-25 12:00:00,SAG,81.0,67.86812,63.3,63.3,14.162506103515625,False
2025-11-25 13:00:00,SAG,91.0,72.86298,69.545456,69.54545454545455,14.162506103515625,True
2025-11-25 14:00:00,SAG,99.0,82.61054,72.083336,72.08333333333333,14.162506103515625,True
2025-11-25 15:00:00,SAG,91.0,88.87749,70.46154,70.46153846153847,14.162506103515625,False
2025-11-25 16:00:00,SAG,84.0,77.032906,63.76923,63.76923076923077,14.162506103515625,False
2025-11-25 17:00:00,SAG,31.0,67.46555,51.923077,51.92307692307692,14.162506103515625,True
2025-11-25 18:00:00,SAG,22.0,37.88804,26.538462,26.53846153846154,14.162506103515625,True
2025-11-25 19:00:00,SAG,23.0,21.84267,16.692308,16.692307692307693,14.162506103515625,False
2025-11-25 20:00:00,SAG,21.0,18.791399,11.769231,11.76923076923077,14.162506103515625,False
2025-11-25 21:00:00,SAG,24.0,15.591501,8.0,8.0,14.162506103515625,False
2025-11-25 22:00:00,SAG,14.0,13.129051,6.6153846,6.615384615384615,14.162506103515625,False
2025-11-25 23:00:00,SAG,21.0,9.638873,5.0,5.0,14.162506103515625,False
2025-11-26 00:00:00,SAG,29.0,10.635543,3.7272727,3.727272727272727,14.162506103515625,True
2025-11-26 01:00:00,SAG,27.0,12.927213,2.8181818,2.8181818181818183,14.162506103515625,False
2025-11-26 02:00:00,SAG,10.0,11.553585,1.4545455,1.4545454545454546,14.162506103515625,False
2025-11-26 03:00:00,SAG,20.0,10.404561,1.4615384,1.4615384615384615,14.162506103515625,False
2025-11-26 04:00:00,SAG,1.0,9.337912,1.3846154,1.3846153846153846,14.162506103515625,False
2025-11-26 05:00:00,SAG,1.0,7.545149,1.3076923,1.3076923076923077,14.162506103515625,False
2025-11-26 06:00:00,SAG,1.0,7.3148108,1.0769231,1.0769230769230769,14.162506103515625,False
2025-11-26 07:00:00,SAG,2.0,9.153767,1.9230769,1.9230769230769231,14.162506103515625,False
2025-11-26 08:00:00,SAG,4.0,11.406662,4.0,4.0,14.162506103515625,False
2025-11-26 09:00:00,SAG,13.0,19.853807,13.846154,13.846153846153847,14.162506103515625,False
2025-11-26 10:00:00,SAG,29.0,41.895622,34.384617,34.38461538461539,14.162506103515625,False
2025-11-26 11:00:00,SAG,48.0,64.66994,55.166668,55.166666666666664,14.162506103515625,True
2025-11-26 12:00:00,SAG,53.0,81.74047,67.2,67.2,14.162506103515625,True
2025-11-26 13:00:00,SAG,59.0,85.299515,72.90909,72.9090909090909,14.162506103515625,True
2025-11-26 14:00:00,SAG,66.0,82.513115,75.583336,75.58333333333333,14.162506103515625,True
2025-11-26 15:00:00,SAG,65.0,77.98648,72.07692,72.07692307692308,14.162506103515625,False
2025-11-26 16:00:00,SAG,46.0,65.80928,64.30769,64.3076923076923,14.162506103515625,True
2025-11-26 17:00:00,SAG,31.0,49.007133,48.692307,48.69230769230769,14.162506103515625,True
2025-11-26 18:00:00,SAG,25.0,23.469576,25.692308,25.692307692307693,14.162506103515625,False
2025-11-26 19:00:00,SAG,22.0,23.642439,16.846153,16.846153846153847,14.162506103515625,False
2025-11-26 20:00:00,SAG,21.0,21.564804,12.846154,12.846153846153847,14.162506103515625,False
2025-11-26 21:00:00,SAG,16.0,17.777058,9.461538,9.461538461538462,14.162506103515625,False
2025-11-26 22:00:00,SAG,24.0,15.951822,7.6153846,7.615384615384615,14.162506103515625,False
2025-11-26 23:00:00,SAG,29.0,18.134418,6.4615383,6.461538461538462,14.162506103515625,False
2025-11-27 00:00:00,SAG,28.0,19.575428,6.090909,6.090909090909091,14.162506103515625,False
2025-11-27 01:00:00,SAG,30.0,19.467468,5.090909,5.090909090909091,14.162506103515625,False
2025-11-27 02:00:00,SAG,29.0,17.510704,2.1818182,2.1818181818181817,14.162506103515625,False
2025-11-27 03:00:00,SAG,30.0,18.962376,2.9230769,2.923076923076923,14.162506103515625,False
2025-11-27 04:00:00,SAG,26.0,17.030092,1.3076923,1.3076923076923077,14.162506103515625,False
2025-11-27 05:00:00,SAG,17.0,15.135287,1.2307693,1.2307692307692308,14.162506103515625,False
2025-11-27 06:00:00,SAG,12.0,12.352186,1.0,1.0,14.162506103515625,False
2025-11-27 07:00:00,SAG,5.0,9.270198,1.9230769,1.9230769230769231,14.162506103515625,False
2025-11-27 08:00:00,SAG,8.0,8.224495,4.0,4.0,14.162506103515625,False
2025-11-27 09:00:00,SAG,18.0,14.483376,14.076923,14.076923076923077,14.162506103515625,False
2025-11-27 10:00:00,SAG,25.0,28.091593,34.384617,34.38461538461539,14.162506103515625,False
2025-11-27 11:00:00,SAG,35.0,44.03495,54.615383,54.61538461538461,14.162506103515625,False
2025-11-27 12:00:00,SAG,39.0,52.75669,65.90909,65.9090909090909,14.162506103515625,False
2025-11-27 13:00:00,SAG,40.0,56.431503,71.75,71.75,14.162506103515625,True
2025-11-27 14:00:00,SAG,40.0,59.417236,74.84615,74.84615384615384,14.162506103515625,True
2025-11-27 15:00:00,SAG,38.0,58.417976,71.57143,71.57142857142857,14.162506103515625,True
2025-11-27 16:00:00,SAG,31.0,52.5699,63.0,63.0,14.162506103515625,True
2025-11-27 17:00:00,SAG,26.0,39.64852,47.42857,47.42857142857143,14.162506103515625,False
2025-11-27 18:00:00,SAG,22.0,20.024986,25.642857,25.642857142857142,14.162506103515625,False
2025-11-27 19:00:00,SAG,18.0,13.889156,17.214285,17.214285714285715,14.162506103515625,False
2025-11-27 20:00:00,SAG,20.0,10.9450245,13.428572,13.428571428571429,14.162506103515625,False
2025-11-27 21:00:00,SAG,21.0,8.170203,9.928572,9.928571428571429,14.162506103515625,False
2025-11-27 22:00:00,SAG,19.0,9.23002,8.785714,8.785714285714286,14.162506103515625,False
2025-11-27 23:00:00,SAG,18.0,9.358428,8.071428,8.071428571428571,14.162506103515625,False
2025-11-28 00:00:00,SAG,22.0,11.132161,7.9166665,7.916666666666667,14.162506103515625,False
2025-11-28 01:00:00,SAG,26.0,13.792164,7.1666665,7.166666666666667,14.162506103515625,False
2025-11-28 02:00:00,SAG,26.0,13.007841,4.4166665,4.416666666666667,14.162506103515625,False
2025-11-28 03:00:00,SAG,27.0,13.462254,4.857143,4.857142857142857,14.162506103515625,False
2025-11-28 04:00:00,SAG,20.0,12.239716,3.0714285,3.0714285714285716,14.162506103515625,False
2025-11-28 05:00:00,SAG,12.0,7.9567018,2.357143,2.357142857142857,14.162506103515625,False
2025-11-28 06:00:00,SAG,6.0,1.8716122,1.7857143,1.7857142857142858,14.162506103515625,False
2025-11-28 07:00:00,SAG,2.0,-1.7115407,2.142857,2.142857142857143,14.162506103515625,False
2025-11-28 08:00:00,SAG,6.0,-3.0402174,4.285714,4.285714285714286,14.162506103515625,False
2025-11-28 09:00:00,SAG,14.0,5.3917637,14.357142,14.357142857142858,14.162506103515625,False
2025-11-28 10:00:00,SAG,21.0,20.415203,33.714287,33.714285714285715,14.162506103515625,False
2025-11-28 11:00:00,SAG,25.0,36.71913,53.214287,53.214285714285715,14.162506103515625,False
2025-11-28 12:00:00,SAG,27.0,45.2219,63.666668,63.666666666666664,14.162506103515625,True
2025-11-28 13:00:00,SAG,27.0,50.57792,69.30769,69.3076923076923,14.162506103515625,True
2025-11-28 14:00:00,SAG,25.0,53.428604,72.53846,72.53846153846153,14.162506103515625,True
2025-11-28 15:00:00,SAG,28.0,50.997776,69.21429,69.21428571428571,14.162506103515625,True
2025-11-28 16:00:00,SAG,27.0,44.92795,60.42857,60.42857142857143,14.162506103515625,True
2025-11-28 17:00:00,SAG,18.0,35.295933,46.642857,46.642857142857146,14.162506103515625,True
2025-11-28 18:00:00,SAG,10.0,16.649773,26.071428,26.071428571428573,14.162506103515625,False
2025-11-28 19:00:00,SAG,5.0,9.951251,18.142857,18.142857142857142,14.162506103515625,False
2025-11-28 20:00:00,SAG,6.0,7.402419,14.142858,14.142857142857142,14.162506103515625,False
2025-11-28 21:00:00,SAG,6.0,4.5263534,10.571428,10.571428571428571,14.162506103515625,False
2025-11-28 22:00:00,SAG,5.0,4.1923895,9.785714,9.785714285714286,14.162506103515625,False
2025-11-28 23:00:00,SAG,5.0,4.6917343,9.285714,9.285714285714286,14.162506103515625,False
2025-11-29 00:00:00,SAG,2.0,5.56125,9.666667,9.666666666666666,14.162506103515625,False
2025-11-29 01:00:00,SAG,2.0,5.9602323,9.166667,9.166666666666666,14.162506103515625,False
2025-11-29 02:00:00,SAG,1.0,4.151288,6.5,6.5,14.162506103515625,False
2025-11-29 03:00:00,SAG,1.0,4.5809383,6.428571,6.428571428571429,14.162506103515625,False
2025-11-29 04:00:00,SAG,1.0,2.487021,4.357143,4.357142857142857,14.162506103515625,False
2025-11-29 05:00:00,SAG,1.0,0.8384571,3.0,3.0,14.162506103515625,False
2025-11-29 06:00:00,SAG,1.0,-1.1975954,2.0714285,2.0714285714285716,14.162506103515625,False
2025-11-29 07:00:00,SAG,1.0,-3.0946918,2.142857,2.142857142857143,14.162506103515625,False
2025-11-29 08:00:00,SAG,3.0,-3.2143722,4.5,4.5,14.162506103515625,False
2025-11-29 09:00:00,SAG,9.0,2.9872751,14.642858,14.642857142857142,14.162506103515625,False
2025-11-29 10:00:00,SAG,21.0,18.25953,33.357143,33.357142857142854,14.162506103515625,False
2025-11-29 11:00:00,SAG,39.0,34.691628,52.214287,52.214285714285715,14.162506103515625,False
2025-11-29 12:00:00,SAG,48.0,46.91034,61.916668,61.916666666666664,14.162506103515625,False
2025-11-29 13:00:00,SAG,57.0,59.7298,67.38461,67.38461538461539,14.162506103515625,False
2025-11-29 14:00:00,SAG,65.0,65.84752,69.84615,69.84615384615384,14.162506103515625,False
2025-11-29 15:00:00,SAG,60.0,69.58771,67.71429,67.71428571428571,14.162506103515625,False
2025-11-29 16:00:00,SAG,58.0,61.215515,58.714287,58.714285714285715,14.162506103515625,False
2025-11-29 17:00:00,SAG,49.0,48.26509,45.357143,45.357142857142854,14.162506103515625,False
2025-11-29 18:00:00,SAG,25.0,30.85099,26.0,26.0,14.162506103515625,False
2025-11-29 19:00:00,SAG,10.0,16.686518,17.857143,17.857142857142858,14.162506103515625,False
2025-11-29 20:00:00,SAG,16.0,12.251299,14.357142,14.357142857142858,14.162506103515625,False
2025-11-29 21:00:00,SAG,17.0,11.5913725,10.5,10.5,14.162506103515625,False
2025-11-29 22:00:00,SAG,5.0,9.112854,9.714286,9.714285714285714,14.162506103515625,False
2025-11-29 23:00:00,SAG,2.0,9.854639,9.428572,9.428571428571429,14.162506103515625,False
2025-11-30 00:00:00,SAG,1.0,9.686778,9.75,9.75,14.162506103515625,False
2025-11-30 01:00:00,SAG,0.0,9.550556,9.25,9.25,14.162506103515625,False
2025-11-30 02:00:00,SAG,1.0,7.8941574,6.5833335,6.583333333333333,14.162506103515625,False
2025-11-30 03:00:00,SAG,2.0,10.066733,6.428571,6.428571428571429,14.162506103515625,False
2025-11-30 04:00:00,SAG,1.0,8.0462475,4.357143,4.357142857142857,14.162506103515625,False
2025-11-30 05:00:00,SAG,1.0,6.721027,3.0,3.0,14.162506103515625,False
2025-11-30 06:00:00,SAG,2.0,4.5841227,2.0714285,2.0714285714285716,14.162506103515625,False
2025-11-30 07:00:00,SAG,2.0,4.635862,2.0714285,2.0714285714285716,14.162506103515625,False
2025-11-30 08:00:00,SAG,5.0,6.501618,4.428571,4.428571428571429,14.162506103515625,False
2025-11-30 09:00:00,SAG,15.0,14.835527,14.571428,14.571428571428571,14.162506103515625,False
2025-11-30 10:00:00,SAG,36.0,30.574602,32.714287,32.714285714285715,14.162506103515625,False
2025-11-30 11:00:00,SAG,68.0,43.280083,51.07143,51.07142857142857,14.162506103515625,True
2025-11-30 12:00:00,SAG,75.0,59.128914,61.416668,61.416666666666664,14.162506103515625,True
2025-11-30 13:00:00,SAG,76.0,66.96796,67.30769,67.3076923076923,14.162506103515625,False
2025-11-30 14:00:00,SAG,74.0,71.14707,69.84615,69.84615384615384,14.162506103515625,False
2025-11-30 15:00:00,SAG,81.0,77.21515,66.42857,66.42857142857143,14.162506103515625,False
2025-11-30 16:00:00,SAG,82.0,72.540215,58.5,58.5,14.162506103515625,False
2025-11-30 17:00:00,SAG,71.0,62.732727,45.785713,45.785714285714285,14.162506103515625,False
2025-11-30 18:00:00,SAG,37.0,40.510475,26.428572,26.428571428571427,14.162506103515625,False
2025-11-30 19:00:00,SAG,29.0,25.663916,17.642857,17.642857142857142,14.162506103515625,False
2025-11-30 20:00:00,SAG,19.0,20.48552,15.214286,15.214285714285714,14.162506103515625,False
2025-11-30 21:00:00,SAG,13.0,17.160477,11.5,11.5,14.162506103515625,False
2025-11-30 22:00:00,SAG,11.0,10.880117,9.857142,9.857142857142858,14.162506103515625,False
2025-11-30 23:00:00,SAG,12.0,12.010193,9.5,9.5,14.162506103515625,False
2025-12-01 03:00:00,SAG,4.0,11.27363,6.5,6.5,14.162506103515625,False
2025-12-01 04:00:00,SAG,1.0,7.511346,4.357143,4.357142857142857,14.162506103515625,False
2025-12-01 05:00:00,SAG,1.0,6.115813,3.0,3.0,14.162506103515625,False
2025-12-01 06:00:00,SAG,0.0,5.4668922,2.142857,2.142857142857143,14.162506103515625,False
2025-12-01 07:00:00,SAG,1.0,5.391795,2.0,2.0,14.162506103515625,False
2025-12-01 08:00:00,SAG,2.0,7.8408155,4.5,4.5,14.162506103515625,False
2025-12-01 09:00:00,SAG,6.0,15.728483,14.571428,14.571428571428571,14.162506103515625,False
2025-12-01 10:00:00,SAG,27.0,27.529915,31.642857,31.642857142857142,14.162506103515625,False
2025-12-01 11:00:00,SAG,50.0,43.304256,51.142857,51.142857142857146,14.162506103515625,False
2025-12-01 12:00:00,SAG,57.0,59.115932,62.46154,62.46153846153846,14.162506103515625,False
2025-12-01 13:00:00,SAG,66.0,68.73309,67.23077,67.23076923076923,14.162506103515625,False
2025-12-01 14:00:00,SAG,84.0,66.0192,69.84615,69.84615384615384,14.162506103515625,True
2025-12-01 15:00:00,SAG,93.0,77.64883,68.21429,68.21428571428571,14.162506103515625,True
2025-12-01 16:00:00,SAG,67.0,73.31543,60.785713,60.785714285714285,14.162506103515625,False
2025-12-01 17:00:00,SAG,32.0,56.645912,47.5,47.5,14.162506103515625,True
2025-12-01 18:00:00,SAG,31.0,33.655975,26.928572,26.928571428571427,14.162506103515625,False
2025-12-01 19:00:00,SAG,28.0,26.419674,18.857143,18.857142857142858,14.162506103515625,False
2025-12-01 20:00:00,SAG,18.0,22.88019,16.214285,16.214285714285715,14.162506103515625,False
2025-12-01 21:00:00,SAG,13.0,14.301689,12.285714,12.285714285714286,14.162506103515625,False
2025-12-01 22:00:00,SAG,9.0,13.734812,10.5,10.5,14.162506103515625,False
2025-12-01 23:00:00,SAG,15.0,11.39784,10.214286,10.214285714285714,14.162506103515625,False
2025-12-02 00:00:00,SAG,14.0,12.982626,10.272727,10.272727272727273,14.162506103515625,False
2025-12-02 01:00:00,SAG,4.0,12.021893,9.454545,9.454545454545455,14.162506103515625,False
2025-12-02 02:00:00,SAG,3.0,10.679381,7.0,7.0,14.162506103515625,False
2025-12-02 03:00:00,SAG,5.0,11.460646,6.714286,6.714285714285714,14.162506103515625,False
2025-12-02 04:00:00,SAG,2.0,8.989534,4.214286,4.214285714285714,14.162506103515625,False
2025-12-02 05:00:00,SAG,0.0,7.131709,2.9285715,2.9285714285714284,14.162506103515625,False
2025-12-02 06:00:00,SAG,1.0,5.4988565,2.0,2.0,14.162506103515625,False
2025-12-02 07:00:00,SAG,1.0,4.7960367,1.7857143,1.7857142857142858,14.162506103515625,False
2025-12-02 08:00:00,SAG,2.0,6.183908,4.071429,4.071428571428571,14.162506103515625,False
2025-12-02 09:00:00,SAG,11.0,13.422121,13.214286,13.214285714285714,14.162506103515625,False
2025-12-02 10:00:00,SAG,37.0,27.702118,30.642857,30.642857142857142,14.162506103515625,False
2025-12-02 11:00:00,SAG,60.0,38.88524,49.714287,49.714285714285715,14.162506103515625,True
2025-12-02 12:00:00,SAG,81.0,54.47828,61.0,61.0,14.162506103515625,True
2025-12-02 13:00:00,SAG,96.0,69.72422,67.46154,67.46153846153847,14.162506103515625,True
2025-12-02 14:00:00,SAG,93.0,78.704926,70.76923,70.76923076923077,14.162506103515625,True
2025-12-02 15:00:00,SAG,72.0,84.31328,69.5,69.5,14.162506103515625,False
2025-12-02 16:00:00,SAG,54.0,70.67538,60.142857,60.142857142857146,14.162506103515625,True
2025-12-02 17:00:00,SAG,44.0,56.034286,45.285713,45.285714285714285,14.162506103515625,False
2025-12-02 18:00:00,SAG,38.0,33.826195,26.642857,26.642857142857142,14.162506103515625,False
2025-12-02 19:00:00,SAG,17.0,27.616558,19.142857,19.142857142857142,14.162506103515625,False
2025-12-02 20:00:00,SAG,8.0,22.104868,16.928572,16.928571428571427,14.162506103515625,False
2025-12-02 21:00:00,SAG,3.0,14.116739,12.928572,12.928571428571429,14.162506103515625,False
2025-12-02 22:00:00,SAG,3.0,12.132757,11.071428,11.071428571428571,14.162506103515625,False
2025-12-02 23:00:00,SAG,3.0,11.97872,11.214286,11.214285714285714,14.162506103515625,False
2025-12-03 00:00:00,SAG,2.0,13.143332,11.454545,11.454545454545455,14.162506103515625,False
2025-12-03 01:00:00,SAG,2.0,11.693165,9.727273,9.727272727272727,14.162506103515625,False
2025-12-03 02:00:00,SAG,3.0,9.776958,7.181818,7.181818181818182,14.162506103515625,False
2025-12-03 03:00:00,SAG,2.0,10.921948,7.0,7.0,14.162506103515625,False
2025-12-03 04:00:00,SAG,9.0,9.414266,4.357143,4.357142857142857,14.162506103515625,False
2025-12-03 05:00:00,SAG,4.0,8.807114,2.857143,2.857142857142857,14.162506103515625,False
2025-12-03 06:00:00,SAG,1.0,7.8305273,2.0,2.0,14.162506103515625,False
2025-12-03 07:00:00,SAG,1.0,7.4599166,1.7142857,1.7142857142857142,14.162506103515625,False
2025-12-03 08:00:00,SAG,3.0,9.631126,4.071429,4.071428571428571,14.162506103515625,False
2025-12-03 09:00:00,SAG,20.0,18.051577,13.642858,13.642857142857142,14.162506103515625,False
2025-12-03 10:00:00,SAG,39.0,36.055794,31.642857,31.642857142857142,14.162506103515625,False
2025-12-03 11:00:00,SAG,57.0,61.71177,50.0,50.0,14.162506103515625,False
2025-12-03 12:00:00,SAG,58.0,78.418175,61.307693,61.30769230769231,14.162506103515625,True
2025-12-03 13:00:00,SAG,66.0,86.467125,68.15385,68.15384615384616,14.162506103515625,True
2025-12-03 14:00:00,SAG,83.0,85.64442,71.69231,71.6923076923077,14.162506103515625,False
2025-12-03 15:00:00,SAG,85.0,88.52869,69.42857,69.42857142857143,14.162506103515625,False
2025-12-03 16:00:00,SAG,86.0,81.523735,59.714287,59.714285714285715,14.162506103515625,False
2025-12-03 17:00:00,SAG,45.0,60.9155,44.57143,44.57142857142857,14.162506103515625,True
2025-12-03 18:00:00,SAG,42.0,36.953026,27.071428,27.071428571428573,14.162506103515625,False
2025-12-03 19:00:00,SAG,29.0,29.812946,19.428572,19.428571428571427,14.162506103515625,False
2025-12-03 20:00:00,SAG,19.0,24.541176,16.5,16.5,14.162506103515625,False
2025-12-03 21:00:00,SAG,3.0,19.40078,12.428572,12.428571428571429,14.162506103515625,True
2025-12-03 22:00:00,SAG,10.0,13.086328,10.785714,10.785714285714286,14.162506103515625,False
2025-12-03 23:00:00,SAG,20.0,13.535105,11.285714,11.285714285714286,14.162506103515625,False
2025-12-04 00:00:00,SAG,8.0,13.386287,10.666667,10.666666666666666,14.162506103515625,False
2025-12-04 01:00:00,SAG,7.0,11.085032,9.083333,9.083333333333334,14.162506103515625,False
2025-12-04 02:00:00,SAG,1.0,9.850058,6.8333335,6.833333333333333,14.162506103515625,False
2025-12-04 03:00:00,SAG,2.0,11.154628,7.071429,7.071428571428571,14.162506103515625,False
2025-12-04 04:00:00,SAG,2.0,9.197684,5.0,5.0,14.162506103515625,False
2025-12-04 05:00:00,SAG,1.0,7.111356,3.0714285,3.0714285714285716,14.162506103515625,False
2025-12-04 06:00:00,SAG,1.0,6.4676304,2.0,2.0,14.162506103515625,False
2025-12-04 07:00:00,SAG,1.0,6.4695234,1.6428572,1.6428571428571428,14.162506103515625,False
2025-12-04 08:00:00,SAG,4.0,9.0484295,4.142857,4.142857142857143,14.162506103515625,False
2025-12-04 09:00:00,SAG,16.0,18.47171,14.285714,14.285714285714286,14.162506103515625,False
2025-12-04 10:00:00,SAG,34.0,35.150436,32.714287,32.714285714285715,14.162506103515625,False
2025-12-04 15:00:00,SAG,96.0,88.46306,72.0,72.0,14.162506103515625,False
2025-12-04 16:00:00,SAG,95.0,82.54033,62.785713,62.785714285714285,14.162506103515625,False
2025-12-04 17:00:00,SAG,73.0,64.77222,45.214287,45.214285714285715,14.162506103515625,False
2025-12-04 18:00:00,SAG,51.0,36.94416,28.357143,28.357142857142858,14.162506103515625,False
2025-12-04 19:00:00,SAG,30.0,29.938908,20.428572,20.428571428571427,14.162506103515625,False
2025-12-04 20:00:00,SAG,23.0,23.15979,17.357143,17.357142857142858,14.162506103515625,False
2025-12-04 21:00:00,SAG,27.0,19.99802,12.428572,12.428571428571429,14.162506103515625,False
2025-12-04 22:00:00,SAG,26.0,20.055717,11.214286,11.214285714285714,14.162506103515625,False
2025-12-04 23:00:00,SAG,27.0,23.958233,12.642858,12.642857142857142,14.162506103515625,False
2025-12-05 00:00:00,SAG,22.0,22.235502,11.333333,11.333333333333334,14.162506103515625,False
2025-12-05 01:00:00,SAG,22.0,18.651081,9.666667,9.666666666666666,14.162506103515625,False
2025-12-05 02:00:00,SAG,27.0,14.749388,6.5833335,6.583333333333333,14.162506103515625,False
2025-12-05 03:00:00,SAG,25.0,17.886677,7.142857,7.142857142857143,14.162506103515625,False
2025-12-05 04:00:00,SAG,10.0,15.19286,5.071429,5.071428571428571,14.162506103515625,False
2025-12-05 05:00:00,SAG,1.0,10.373533,3.142857,3.142857142857143,14.162506103515625,False
2025-12-05 06:00:00,SAG,1.0,5.9224505,2.0,2.0,14.162506103515625,False
2025-12-05 07:00:00,SAG,1.0,5.51232,1.6428572,1.6428571428571428,14.162506103515625,False
2025-12-05 08:00:00,SAG,4.0,8.571659,4.214286,4.214285714285714,14.162506103515625,False
2025-12-05 09:00:00,SAG,11.0,19.09795,14.714286,14.714285714285714,14.162506103515625,False
2025-12-05 10:00:00,SAG,29.0,34.52707,32.857143,32.857142857142854,14.162506103515625,False
2025-12-05 11:00:00,SAG,50.0,52.101315,50.615383,50.61538461538461,14.162506103515625,False
2025-12-05 12:00:00,SAG,63.0,65.77502,59.615383,59.61538461538461,14.162506103515625,False
2025-12-05 13:00:00,SAG,76.0,75.68522,66.46154,66.46153846153847,14.162506103515625,False
2025-12-05 14:00:00,SAG,69.0,80.90266,71.46154,71.46153846153847,14.162506103515625,False
2025-12-05 15:00:00,SAG,62.0,80.32135,71.71429,71.71428571428571,14.162506103515625,True
2025-12-05 16:00:00,SAG,44.0,68.96006,62.714287,62.714285714285715,14.162506103515625,True
2025-12-05 17:00:00,SAG,34.0,48.924786,44.785713,44.785714285714285,14.162506103515625,True
2025-12-05 18:00:00,SAG,29.0,33.091362,29.714285,29.714285714285715,14.162506103515625,False
2025-12-05 19:00:00,SAG,27.0,24.930592,20.714285,20.714285714285715,14.162506103515625,False
2025-12-05 20:00:00,SAG,19.0,21.830246,17.357143,17.357142857142858,14.162506103515625,False
2025-12-05 21:00:00,SAG,15.0,16.99214,13.928572,13.928571428571429,14.162506103515625,False
2025-12-05 22:00:00,SAG,13.0,14.446324,12.5,12.5,14.162506103515625,False
2025-12-05 23:00:00,SAG,17.0,16.58398,14.428572,14.428571428571429,14.162506103515625,False
2025-12-06 00:00:00,SAG,15.0,16.409477,13.0,13.0,14.162506103515625,False
2025-12-06 01:00:00,SAG,12.0,15.863913,10.666667,10.666666666666666,14.162506103515625,False
2025-12-06 02:00:00,SAG,9.0,12.29265,8.666667,8.666666666666666,14.162506103515625,False
2025-12-06 03:00:00,SAG,3.0,11.945515,8.857142,8.857142857142858,14.162506103515625,False
2025-12-06 04:00:00,SAG,1.0,9.442147,5.714286,5.714285714285714,14.162506103515625,False
2025-12-06 05:00:00,SAG,1.0,7.5449395,3.142857,3.142857142857143,14.162506103515625,False
2025-12-06 06:00:00,SAG,1.0,6.425807,2.0714285,2.0714285714285716,14.162506103515625,False
2025-12-06 07:00:00,SAG,1.0,5.47461,1.5714285,1.5714285714285714,14.162506103515625,False
2025-12-06 08:00:00,SAG,2.0,6.734047,4.071429,4.071428571428571,14.162506103515625,False
2025-12-06 09:00:00,SAG,4.0,14.031794,14.357142,14.357142857142858,14.162506103515625,False
2025-12-06 10:00:00,SAG,17.0,31.447264,32.5,32.5,14.162506103515625,True
2025-12-06 11:00:00,SAG,42.0,52.628677,49.846153,49.84615384615385,14.162506103515625,False
2025-12-06 12:00:00,SAG,57.0,66.2208,58.692307,58.69230769230769,14.162506103515625,False
2025-12-06 13:00:00,SAG,69.0,77.26356,65.76923,65.76923076923077,14.162506103515625,False
2025-12-06 14:00:00,SAG,67.0,76.88652,70.38461,70.38461538461539,14.162506103515625,False
2025-12-06 15:00:00,SAG,62.0,77.47691,71.14286,71.14285714285714,14.162506103515625,True
2025-12-06 16:00:00,SAG,66.0,74.30249,61.785713,61.785714285714285,14.162506103515625,False
2025-12-06 17:00:00,SAG,43.0,55.48915,44.142857,44.142857142857146,14.162506103515625,False
2025-12-06 18:00:00,SAG,27.0,36.153458,29.714285,29.714285714285715,14.162506103515625,False
2025-12-06 19:00:00,SAG,22.0,27.651165,20.571428,20.571428571428573,14.162506103515625,False
2025-12-06 20:00:00,SAG,23.0,22.17827,16.714285,16.714285714285715,14.162506103515625,False
2025-12-06 21:00:00,SAG,15.0,17.660416,13.857142,13.857142857142858,14.162506103515625,False
2025-12-06 22:00:00,SAG,9.0,14.125499,12.285714,12.285714285714286,14.162506103515625,False
2025-12-06 23:00:00,SAG,7.0,14.795608,14.071428,14.071428571428571,14.162506103515625,False
2025-12-07 03:00:00,SAG,1.0,11.306723,9.0,9.0,14.162506103515625,False
2025-12-07 04:00:00,SAG,0.0,6.7098203,5.642857,5.642857142857143,14.162506103515625,False
2025-12-07 05:00:00,SAG,0.0,4.5929456,3.0714285,3.0714285714285716,14.162506103515625,False
2025-12-07 06:00:00,SAG,0.0,4.027112,2.142857,2.142857142857143,14.162506103515625,False
2025-12-07 07:00:00,SAG,1.0,2.7368813,1.5714285,1.5714285714285714,14.162506103515625,False
2025-12-07 08:00:00,SAG,3.0,3.3208694,3.9285715,3.9285714285714284,14.162506103515625,False
2025-12-07 09:00:00,SAG,17.0,10.967201,13.357142,13.357142857142858,14.162506103515625,False
2025-12-07 10:00:00,SAG,41.0,22.874573,30.571428,30.571428571428573,14.162506103515625,True
2025-12-07 11:00:00,SAG,66.0,44.428413,49.076923,49.07692307692308,14.162506103515625,True
2025-12-07 12:00:00,SAG,74.0,57.03882,58.46154,58.46153846153846,14.162506103515625,True
2025-12-07 13:00:00,SAG,66.0,60.18243,66.46154,66.46153846153847,14.162506103515625,False
2025-12-07 14:00:00,SAG,65.0,62.664684,70.61539,70.61538461538461,14.162506103515625,False
2025-12-07 15:00:00,SAG,54.0,71.82876,71.07143,71.07142857142857,14.162506103515625,True
2025-12-07 16:00:00,SAG,52.0,68.725555,63.285713,63.285714285714285,14.162506103515625,True
2025-12-07 17:00:00,SAG,45.0,47.651913,44.785713,44.785714285714285,14.162506103515625,False
2025-12-07 18:00:00,SAG,25.0,35.842552,30.0,30.0,14.162506103515625,False
2025-12-07 19:00:00,SAG,21.0,27.212255,21.071428,21.071428571428573,14.162506103515625,False
2025-12-07 20:00:00,SAG,21.0,22.275661,17.071428,17.071428571428573,14.162506103515625,False
2025-12-07 21:00:00,SAG,24.0,17.947788,13.5,13.5,14.162506103515625,False
2025-12-07 22:00:00,SAG,22.0,18.473827,11.642858,11.642857142857142,14.162506103515625,False
2025-12-07 23:00:00,SAG,22.0,21.224396,13.571428,13.571428571428571,14.162506103515625,False
2025-12-08 00:00:00,SAG,24.0,23.037624,13.090909,13.090909090909092,14.162506103515625,False
2025-12-08 01:00:00,SAG,29.0,23.220184,12.0,12.0,14.162506103515625,False
2025-12-08 02:00:00,SAG,29.0,22.929832,10.0,10.0,14.162506103515625,False
2025-12-08 03:00:00,SAG,28.0,23.026535,8.928572,8.928571428571429,14.162506103515625,False
2025-12-08 04:00:00,SAG,24.0,20.216297,5.571429,5.571428571428571,14.162506103515625,False
2025-12-08 05:00:00,SAG,16.0,16.847416,3.0714285,3.0714285714285716,14.162506103515625,False
2025-12-08 06:00:00,SAG,11.0,13.348047,2.142857,2.142857142857143,14.162506103515625,False
2025-12-08 07:00:00,SAG,10.0,10.480523,1.5714285,1.5714285714285714,14.162506103515625,False
2025-12-08 08:00:00,SAG,13.0,10.070098,3.857143,3.857142857142857,14.162506103515625,False
2025-12-08 09:00:00,SAG,19.0,15.525244,13.357142,13.357142857142858,14.162506103515625,False
2025-12-08 10:00:00,SAG,25.0,29.098934,31.357143,31.357142857142858,14.162506103515625,False
2025-12-08 11:00:00,SAG,26.0,44.91396,51.307693,51.30769230769231,14.162506103515625,True
2025-12-08 12:00:00,SAG,22.0,46.728737,60.46154,60.46153846153846,14.162506103515625,True
2025-12-08 13:00:00,SAG,26.0,50.66723,68.23077,68.23076923076923,14.162506103515625,True
2025-12-08 14:00:00,SAG,31.0,54.13759,72.69231,72.6923076923077,14.162506103515625,True
2025-12-08 15:00:00,SAG,33.0,55.697765,72.0,72.0,14.162506103515625,True
2025-12-08 16:00:00,SAG,29.0,49.40875,64.0,64.0,14.162506103515625,True
2025-12-08 18:00:00,SAG,13.0,20.154013,30.642857,30.642857142857142,14.162506103515625,False
2025-12-08 19:00:00,SAG,3.0,11.777767,21.642857,21.642857142857142,14.162506103515625,False
2025-12-08 20:00:00,SAG,2.0,9.150167,18.071428,18.071428571428573,14.162506103515625,False
2025-12-08 21:00:00,SAG,4.0,6.7760124,14.928572,14.928571428571429,14.162506103515625,False
2025-12-08 22:00:00,SAG,5.0,5.3930707,12.928572,12.928571428571429,14.162506103515625,False
2025-12-08 23:00:00,SAG,1.0,7.184328,14.928572,14.928571428571429,14.162506103515625,False
2025-12-09 00:00:00,SAG,1.0,8.530176,15.181818,15.181818181818182,14.162506103515625,False
2025-12-09 01:00:00,SAG,2.0,8.613572,14.636364,14.636363636363637,14.162506103515625,False
2025-12-09 02:00:00,SAG,2.0,7.5026045,12.636364,12.636363636363637,14.162506103515625,False
2025-12-09 03:00:00,SAG,3.0,6.85644,10.928572,10.928571428571429,14.162506103515625,False
2025-12-09 04:00:00,SAG,1.0,4.13013,7.214286,7.214285714285714,14.162506103515625,False
2025-12-09 05:00:00,SAG,1.0,1.0519683,4.142857,4.142857142857143,14.162506103515625,False
2025-12-09 06:00:00,SAG,1.0,-0.704618,2.857143,2.857142857142857,14.162506103515625,False
2025-12-09 07:00:00,SAG,1.0,-3.3115895,2.2142856,2.2142857142857144,14.162506103515625,False
2025-12-09 08:00:00,SAG,3.0,-3.5407863,4.571429,4.571428571428571,14.162506103515625,False
2025-12-09 09:00:00,SAG,8.0,1.7196426,13.571428,13.571428571428571,14.162506103515625,False
2025-12-09 10:00:00,SAG,25.0,14.436031,30.5,30.5,14.162506103515625,False
2025-12-09 11:00:00,SAG,40.0,33.554855,48.846153,48.84615384615385,14.162506103515625,False
2025-12-09 12:00:00,SAG,46.0,47.353333,56.53846,56.53846153846154,14.162506103515625,False
2025-12-09 13:00:00,SAG,48.0,57.136917,62.692307,62.69230769230769,14.162506103515625,False
2025-12-09 14:00:00,SAG,61.0,56.129143,66.23077,66.23076923076923,14.162506103515625,False
2025-12-09 16:00:00,SAG,69.0,65.42272,58.642857,58.642857142857146,14.162506103515625,False
2025-12-09 17:00:00,SAG,57.0,53.93942,41.692307,41.69230769230769,14.162506103515625,False
2025-12-09 18:00:00,SAG,37.0,37.25144,28.357143,28.357142857142858,14.162506103515625,False
2025-12-09 19:00:00,SAG,21.0,16.657192,20.285715,20.285714285714285,14.162506103515625,False
2025-12-09 20:00:00,SAG,23.0,21.733244,16.857143,16.857142857142858,14.162506103515625,False
2025-12-09 21:00:00,SAG,15.0,16.757805,14.357142,14.357142857142858,14.162506103515625,False
2025-12-09 22:00:00,SAG,10.0,15.6841,12.5,12.5,14.162506103515625,False
2025-12-09 23:00:00,SAG,12.0,17.044773,14.214286,14.214285714285714,14.162506103515625,False
2025-12-10 00:00:00,SAG,18.0,17.117268,14.0,14.0,14.162506103515625,False
2025-12-10 01:00:00,SAG,8.0,19.703743,13.583333,13.583333333333334,14.162506103515625,False
2025-12-10 02:00:00,SAG,5.0,17.898924,11.75,11.75,14.162506103515625,False
2025-12-10 03:00:00,SAG,5.0,16.032198,10.928572,10.928571428571429,14.162506103515625,False
2025-12-10 04:00:00,SAG,2.0,9.694895,7.071429,7.071428571428571,14.162506103515625,False
2025-12-10 05:00:00,SAG,1.0,5.809419,4.071429,4.071428571428571,14.162506103515625,False
2025-12-10 06:00:00,SAG,0.0,3.5318744,2.7857144,2.7857142857142856,14.162506103515625,False
2025-12-10 07:00:00,SAG,0.0,1.8040893,2.142857,2.142857142857143,14.162506103515625,False
2025-12-10 08:00:00,SAG,1.0,2.7629156,4.428571,4.428571428571429,14.162506103515625,False
2025-12-10 09:00:00,SAG,6.0,8.313211,12.928572,12.928571428571429,14.162506103515625,False
2025-12-10 10:00:00,SAG,27.0,19.735016,29.0,29.0,14.162506103515625,False
2025-12-10 11:00:00,SAG,40.0,33.40419,46.615383,46.61538461538461,14.162506103515625,False
2025-12-10 12:00:00,SAG,42.0,40.80922,53.846153,53.84615384615385,14.162506103515625,False
2025-12-10 13:00:00,SAG,45.0,45.369095,59.384617,59.38461538461539,14.162506103515625,False
2025-12-10 14:00:00,SAG,52.0,51.59886,63.307693,63.30769230769231,14.162506103515625,False
2025-12-10 15:00:00,SAG,54.0,54.454033,63.76923,63.76923076923077,14.162506103515625,False
2025-12-10 16:00:00,SAG,58.0,58.107754,57.57143,57.57142857142857,14.162506103515625,False
2025-12-10 17:00:00,SAG,33.0,47.795933,43.692307,43.69230769230769,14.162506103515625,True
2025-12-10 19:00:00,SAG,18.0,15.891792,20.142857,20.142857142857142,14.162506103515625,False
2025-12-10 20:00:00,SAG,19.0,17.842173,17.0,17.0,14.162506103515625,False
2025-12-10 21:00:00,SAG,15.0,19.248665,13.714286,13.714285714285714,14.162506103515625,False
2025-12-10 22:00:00,SAG,8.0,17.025902,12.214286,12.214285714285714,14.162506103515625,False
2025-12-10 23:00:00,SAG,8.0,14.603947,13.571428,13.571428571428571,14.162506103515625,False
2025-12-11 00:00:00,SAG,13.0,14.605248,13.083333,13.083333333333334,14.162506103515625,False
2025-12-11 01:00:00,SAG,12.0,15.013025,12.0,12.0,14.162506103515625,False
2025-12-11 02:00:00,SAG,11.0,15.148024,11.333333,11.333333333333334,14.162506103515625,False
2025-12-11 03:00:00,SAG,1.0,12.8315935,9.857142,9.857142857142858,14.162506103515625,False
2025-12-11 04:00:00,SAG,2.0,9.210161,7.142857,7.142857142857143,14.162506103515625,False
2025-12-11 05:00:00,SAG,0.0,5.8890905,4.071429,4.071428571428571,14.162506103515625,False
2025-12-11 06:00:00,SAG,0.0,3.867048,2.7142856,2.7142857142857144,14.162506103515625,False
2025-12-11 07:00:00,SAG,2.0,1.931978,2.0,2.0,14.162506103515625,False
2025-12-11 08:00:00,SAG,11.0,1.2317181,4.214286,4.214285714285714,14.162506103515625,False
2025-12-11 09:00:00,SAG,17.0,6.506113,12.428572,12.428571428571429,14.162506103515625,False
2025-12-11 10:00:00,SAG,28.0,21.796616,28.857143,28.857142857142858,14.162506103515625,False
2025-12-11 11:00:00,SAG,38.0,37.450058,46.0,46.0,14.162506103515625,False
2025-12-11 12:00:00,SAG,40.0,45.465843,53.0,53.0,14.162506103515625,False
2025-12-11 13:00:00,SAG,46.0,51.801876,58.307693,58.30769230769231,14.162506103515625,False
2025-12-11 14:00:00,SAG,61.0,53.672085,62.23077,62.23076923076923,14.162506103515625,False
2025-12-11 15:00:00,SAG,67.0,51.304806,62.923077,62.92307692307692,14.162506103515625,True
2025-12-11 16:00:00,SAG,64.0,52.77614,58.42857,58.42857142857143,14.162506103515625,False
2025-12-11 17:00:00,SAG,59.0,46.495464,43.846153,43.84615384615385,14.162506103515625,False
2025-12-11 18:00:00,SAG,29.0,31.930832,29.76923,29.76923076923077,14.162506103515625,False
2025-12-11 19:00:00,SAG,31.0,18.4062,19.857143,19.857142857142858,14.162506103515625,False
2025-12-11 20:00:00,SAG,28.0,18.19085,16.857143,16.857142857142858,14.162506103515625,False
2025-12-11 21:00:00,SAG,18.0,18.374195,13.642858,13.642857142857142,14.162506103515625,False
2025-12-11 22:00:00,SAG,15.0,14.472799,11.071428,11.071428571428571,14.162506103515625,False
2025-12-11 23:00:00,SAG,2.0,11.480503,12.071428,12.071428571428571,14.162506103515625,False
2025-12-12 00:00:00,SAG,0.0,10.583086,11.833333,11.833333333333334,14.162506103515625,False
2025-12-12 01:00:00,SAG,0.0,9.039825,10.5,10.5,14.162506103515625,False
2025-12-12 02:00:00,SAG,0.0,8.251656,9.833333,9.833333333333334,14.162506103515625,False
2025-12-12 03:00:00,SAG,0.0,7.3573356,7.785714,7.785714285714286,14.162506103515625,False
2025-12-12 04:00:00,SAG,0.0,5.9173794,5.428571,5.428571428571429,14.162506103515625,False
2025-12-12 05:00:00,SAG,0.0,3.763306,2.857143,2.857142857142857,14.162506103515625,False
2025-12-12 06:00:00,SAG,0.0,1.9706903,1.8571428,1.8571428571428572,14.162506103515625,False
2025-12-12 07:00:00,SAG,1.0,1.0373852,1.7857143,1.7857142857142858,14.162506103515625,False
2025-12-12 08:00:00,SAG,2.0,2.25102,4.428571,4.428571428571429,14.162506103515625,False
2025-12-12 09:00:00,SAG,9.0,7.8996716,12.357142,12.357142857142858,14.162506103515625,False
2025-12-12 10:00:00,SAG,28.0,20.686398,29.071428,29.071428571428573,14.162506103515625,False
2025-12-12 11:00:00,SAG,49.0,37.7284,46.23077,46.23076923076923,14.162506103515625,False
2025-12-12 12:00:00,SAG,56.0,49.059643,53.076923,53.07692307692308,14.162506103515625,False
2025-12-12 13:00:00,SAG,61.0,54.76904,58.76923,58.76923076923077,14.162506103515625,False
2025-12-12 14:00:00,SAG,72.0,55.077896,63.846153,63.84615384615385,14.162506103515625,True
2025-12-12 15:00:00,SAG,61.0,53.51499,65.15385,65.15384615384616,14.162506103515625,False
2025-12-12 16:00:00,SAG,41.0,48.127342,60.785713,60.785714285714285,14.162506103515625,False
2025-12-12 17:00:00,SAG,28.0,42.829384,46.384617,46.38461538461539,14.162506103515625,True
2025-12-12 18:00:00,SAG,13.0,35.11775,30.307692,30.307692307692307,14.162506103515625,True
2025-12-12 19:00:00,SAG,9.0,19.011194,20.785715,20.785714285714285,14.162506103515625,False
2025-12-12 20:00:00,SAG,7.0,23.275183,17.428572,17.428571428571427,14.162506103515625,True
2025-12-12 21:00:00,SAG,13.0,17.684792,13.428572,13.428571428571429,14.162506103515625,False
2025-12-12 22:00:00,SAG,6.0,13.847535,10.785714,10.785714285714286,14.162506103515625,False
2025-12-12 23:00:00,SAG,3.0,14.590851,10.928572,10.928571428571429,14.162506103515625,False
2025-12-13 03:00:00,SAG,1.0,12.346397,5.857143,5.857142857142857,14.162506103515625,False
2025-12-13 04:00:00,SAG,0.0,4.1527333,4.0,4.0,14.162506103515625,False
2025-12-13 05:00:00,SAG,1.0,2.6729252,2.0,2.0,14.162506103515625,False
2025-12-13 06:00:00,SAG,1.0,2.132675,1.4285715,1.4285714285714286,14.162506103515625,False
2025-12-13 07:00:00,SAG,1.0,1.9347279,1.7142857,1.7142857142857142,14.162506103515625,False
2025-12-13 09:00:00,SAG,8.0,8.027838,12.0,12.0,14.162506103515625,False
2025-12-13 10:00:00,SAG,19.0,22.191927,29.571428,29.571428571428573,14.162506103515625,False
2025-12-13 11:00:00,SAG,37.0,38.22146,48.076923,48.07692307692308,14.162506103515625,False
2025-12-13 12:00:00,SAG,53.0,48.88201,55.307693,55.30769230769231,14.162506103515625,False
2025-12-13 13:00:00,SAG,51.0,54.551064,61.384617,61.38461538461539,14.162506103515625,False
2025-12-13 14:00:00,SAG,65.0,59.688374,67.46154,67.46153846153847,14.162506103515625,False
2025-12-13 15:00:00,SAG,62.0,59.21393,67.69231,67.6923076923077,14.162506103515625,False
2025-12-13 16:00:00,SAG,58.0,67.97271,61.785713,61.785714285714285,14.162506103515625,False
2025-12-13 17:00:00,SAG,44.0,59.026306,47.153847,47.15384615384615,14.162506103515625,True
2025-12-13 18:00:00,SAG,31.0,39.151276,30.538462,30.53846153846154,14.162506103515625,False
2025-12-13 19:00:00,SAG,15.0,25.75962,21.071428,21.071428571428573,14.162506103515625,False
2025-12-13 20:00:00,SAG,12.0,24.181921,17.5,17.5,14.162506103515625,False
2025-12-13 21:00:00,SAG,13.0,19.208708,13.928572,13.928571428571429,14.162506103515625,False
2025-12-13 22:00:00,SAG,7.0,15.204346,10.857142,10.857142857142858,14.162506103515625,False
2025-12-13 23:00:00,SAG,3.0,13.747231,10.785714,10.785714285714286,14.162506103515625,False
2025-12-14 00:00:00,SAG,3.0,14.02911,10.727273,10.727272727272727,14.162506103515625,False
2025-12-14 01:00:00,SAG,1.0,12.305546,8.909091,8.909090909090908,14.162506103515625,False
2025-12-14 02:00:00,SAG,13.0,12.20075,8.272727,8.272727272727273,14.162506103515625,False
2025-12-14 03:00:00,SAG,4.0,10.675392,5.857143,5.857142857142857,14.162506103515625,False
2025-12-14 04:00:00,SAG,1.0,8.598436,3.9285715,3.9285714285714284,14.162506103515625,False
2025-12-14 05:00:00,SAG,1.0,6.60517,2.0,2.0,14.162506103515625,False
2025-12-14 06:00:00,SAG,1.0,5.664773,1.4285715,1.4285714285714286,14.162506103515625,False
2025-12-14 07:00:00,SAG,1.0,4.5407996,1.7142857,1.7142857142857142,14.162506103515625,False
2025-12-14 08:00:00,SAG,4.0,4.112606,4.230769,4.230769230769231,14.162506103515625,False
2025-12-14 09:00:00,SAG,18.0,10.064464,11.928572,11.928571428571429,14.162506103515625,False
2025-12-14 10:00:00,SAG,26.0,26.75905,29.428572,29.428571428571427,14.162506103515625,False
2025-12-14 11:00:00,SAG,36.0,45.556866,47.923077,47.92307692307692,14.162506103515625,False
2025-12-14 12:00:00,SAG,48.0,55.6636,55.692307,55.69230769230769,14.162506103515625,False
2025-12-14 13:00:00,SAG,50.0,58.755615,60.923077,60.92307692307692,14.162506103515625,False
2025-12-14 14:00:00,SAG,42.0,54.754543,67.46154,67.46153846153847,14.162506103515625,False
2025-12-14 15:00:00,SAG,41.0,53.46518,67.84615,67.84615384615384,14.162506103515625,False
2025-12-14 16:00:00,SAG,37.0,49.800415,61.785713,61.785714285714285,14.162506103515625,False
2025-12-14 17:00:00,SAG,29.0,47.29186,46.76923,46.76923076923077,14.162506103515625,True
2025-12-14 18:00:00,SAG,23.0,37.409126,31.0,31.0,14.162506103515625,True
2025-12-14 19:00:00,SAG,23.0,26.538025,21.428572,21.428571428571427,14.162506103515625,False
2025-12-14 20:00:00,SAG,17.0,24.3395,17.214285,17.214285714285715,14.162506103515625,False
2025-12-14 21:00:00,SAG,10.0,22.702961,13.642858,13.642857142857142,14.162506103515625,False
2025-12-14 22:00:00,SAG,15.0,21.593235,11.0,11.0,14.162506103515625,False
2025-12-14 23:00:00,SAG,22.0,23.854229,10.857142,10.857142857142858,14.162506103515625,False
2025-12-15 00:00:00,SAG,21.0,24.981506,10.909091,10.909090909090908,14.162506103515625,False
2025-12-15 01:00:00,SAG,22.0,24.337473,9.0,9.0,14.162506103515625,False
2025-12-15 02:00:00,SAG,22.0,24.50011,9.363636,9.363636363636363,14.162506103515625,False
2025-12-15 03:00:00,SAG,24.0,21.160988,6.0,6.0,14.162506103515625,False
2025-12-15 04:00:00,SAG,21.0,18.561193,3.9285715,3.9285714285714284,14.162506103515625,False
2025-12-15 05:00:00,SAG,13.0,13.82176,2.0,2.0,14.162506103515625,False
2025-12-15 06:00:00,SAG,7.0,7.781095,1.3571428,1.3571428571428572,14.162506103515625,False
2025-12-15 07:00:00,SAG,7.0,2.2003102,1.6428572,1.6428571428571428,14.162506103515625,False
2025-12-15 08:00:00,SAG,8.0,-0.3897357,4.1538463,4.153846153846154,14.162506103515625,False
2025-12-15 09:00:00,SAG,16.0,2.452798,12.142858,12.142857142857142,14.162506103515625,False
2025-12-15 10:00:00,SAG,16.0,14.71409,28.714285,28.714285714285715,14.162506103515625,False
2025-12-15 11:00:00,SAG,20.0,24.722057,45.46154,45.46153846153846,14.162506103515625,False
2025-12-15 12:00:00,SAG,21.0,31.105997,53.615383,53.61538461538461,14.162506103515625,False
2025-12-15 13:00:00,SAG,21.0,34.82745,58.923077,58.92307692307692,14.162506103515625,False
2025-12-15 14:00:00,SAG,19.0,41.186264,65.0,65.0,14.162506103515625,True
2025-12-15 15:00:00,SAG,20.0,42.16427,64.76923,64.76923076923077,14.162506103515625,True
2025-12-15 16:00:00,SAG,17.0,39.233105,58.57143,58.57142857142857,14.162506103515625,True
2025-12-15 17:00:00,SAG,15.0,28.121014,43.53846,43.53846153846154,14.162506103515625,False
2025-12-15 18:00:00,SAG,5.0,16.918224,29.923077,29.923076923076923,14.162506103515625,False
2025-12-15 19:00:00,SAG,11.0,9.180529,21.0,21.0,14.162506103515625,False
2025-12-15 20:00:00,SAG,3.0,6.3880873,17.071428,17.071428571428573,14.162506103515625,False
2025-12-15 21:00:00,SAG,5.0,3.8468075,13.428572,13.428571428571429,14.162506103515625,False
2025-12-15 22:00:00,SAG,4.0,2.173048,11.285714,11.285714285714286,14.162506103515625,False
2025-12-15 23:00:00,SAG,8.0,3.2584047,11.571428,11.571428571428571,14.162506103515625,False
2025-12-16 00:00:00,SAG,6.0,4.4468937,11.75,11.75,14.162506103515625,False
2025-12-16 01:00:00,SAG,6.0,3.2789593,10.083333,10.083333333333334,14.162506103515625,False
2025-12-16 02:00:00,SAG,3.0,5.1947746,10.416667,10.416666666666666,14.162506103515625,False
2025-12-16 03:00:00,SAG,1.0,2.9968219,7.428571,7.428571428571429,14.162506103515625,False
2025-12-16 04:00:00,SAG,0.0,1.8556614,5.357143,5.357142857142857,14.162506103515625,False
2025-12-16 05:00:00,SAG,0.0,-0.8023436,2.857143,2.857142857142857,14.162506103515625,False
2025-12-16 06:00:00,SAG,1.0,-2.7430005,1.8571428,1.8571428571428572,14.162506103515625,False
2025-12-16 07:00:00,SAG,1.0,-4.4946156,2.0714285,2.0714285714285716,14.162506103515625,False
2025-12-16 08:00:00,SAG,2.0,-5.214333,4.6153846,4.615384615384615,14.162506103515625,False
2025-12-16 13:00:00,SAG,54.0,59.038284,55.46154,55.46153846153846,14.162506103515625,False
2025-12-16 14:00:00,SAG,56.0,64.69201,60.0,60.0,14.162506103515625,False
2025-12-16 15:00:00,SAG,63.0,56.952015,59.153847,59.15384615384615,14.162506103515625,False
2025-12-16 16:00:00,SAG,77.0,58.54033,55.0,55.0,14.162506103515625,True
2025-12-16 17:00:00,SAG,69.0,48.648926,42.23077,42.23076923076923,14.162506103515625,True
2025-12-16 18:00:00,SAG,28.0,30.26712,27.923077,27.923076923076923,14.162506103515625,False
2025-12-16 19:00:00,SAG,30.0,15.629677,19.785715,19.785714285714285,14.162506103515625,True
2025-12-16 20:00:00,SAG,28.0,15.611567,16.0,16.0,14.162506103515625,False
2025-12-16 21:00:00,SAG,25.0,12.088074,12.857142,12.857142857142858,14.162506103515625,False
2025-12-16 22:00:00,SAG,6.0,13.928235,10.928572,10.928571428571429,14.162506103515625,False
2025-12-16 23:00:00,SAG,12.0,14.005846,11.071428,11.071428571428571,14.162506103515625,False
2025-12-17 00:00:00,SAG,9.0,16.602034,11.083333,11.083333333333334,14.162506103515625,False
2025-12-17 01:00:00,SAG,3.0,14.888791,10.25,10.25,14.162506103515625,False
2025-12-17 02:00:00,SAG,1.0,13.641788,10.416667,10.416666666666666,14.162506103515625,False
2025-12-17 03:00:00,SAG,1.0,9.862642,7.142857,7.142857142857143,14.162506103515625,False
2025-12-17 04:00:00,SAG,1.0,7.7079735,5.214286,5.214285714285714,14.162506103515625,False
2025-12-17 05:00:00,SAG,1.0,6.123995,2.857143,2.857142857142857,14.162506103515625,False
2025-12-17 06:00:00,SAG,1.0,5.088699,1.8571428,1.8571428571428572,14.162506103515625,False
2025-12-17 07:00:00,SAG,1.0,5.245059,2.0714285,2.0714285714285716,14.162506103515625,False
2025-12-17 08:00:00,SAG,2.0,6.536823,4.6153846,4.615384615384615,14.162506103515625,False
2025-12-17 09:00:00,SAG,7.0,13.346586,13.0,13.0,14.162506103515625,False
2025-12-17 10:00:00,SAG,32.0,25.950806,27.23077,27.23076923076923,14.162506103515625,False
2025-12-17 11:00:00,SAG,52.0,27.708569,41.75,41.75,14.162506103515625,True
2025-12-17 12:00:00,SAG,63.0,31.24054,48.333332,48.333333333333336,14.162506103515625,True
2025-12-17 13:00:00,SAG,72.0,43.454025,52.23077,52.23076923076923,14.162506103515625,True
2025-12-17 14:00:00,SAG,74.0,58.3464,57.153847,57.15384615384615,14.162506103515625,True
2025-12-17 15:00:00,SAG,59.0,67.23001,58.46154,58.46153846153846,14.162506103515625,False
2025-12-17 16:00:00,SAG,52.0,65.379715,56.642857,56.642857142857146,14.162506103515625,False
2025-12-17 17:00:00,SAG,35.0,54.153282,44.153847,44.15384615384615,14.162506103515625,True
2025-12-17 18:00:00,SAG,21.0,36.1466,27.153847,27.153846153846153,14.162506103515625,True
2025-12-17 19:00:00,SAG,17.0,25.74144,20.714285,20.714285714285715,14.162506103515625,False
2025-12-17 20:00:00,SAG,5.0,20.571085,17.428572,17.428571428571427,14.162506103515625,True
2025-12-17 21:00:00,SAG,1.0,13.194317,14.428572,14.428571428571429,14.162506103515625,False
2025-12-17 22:00:00,SAG,1.0,7.821907,11.142858,11.142857142857142,14.162506103515625,False
2025-12-17 23:00:00,SAG,0.0,7.706911,11.714286,11.714285714285714,14.162506103515625,False
2025-12-18 00:00:00,SAG,0.0,7.211857,11.666667,11.666666666666666,14.162506103515625,False
2025-12-18 01:00:00,SAG,0.0,4.4673634,10.333333,10.333333333333334,14.162506103515625,False
2025-12-18 02:00:00,SAG,0.0,3.9513683,10.25,10.25,14.162506103515625,False
2025-12-18 03:00:00,SAG,0.0,1.3705764,7.071429,7.071428571428571,14.162506103515625,False
2025-12-18 04:00:00,SAG,0.0,-0.5472436,4.642857,4.642857142857143,14.162506103515625,False
2025-12-18 05:00:00,SAG,0.0,-1.9542408,2.642857,2.642857142857143,14.162506103515625,False
2025-12-18 06:00:00,SAG,0.0,-2.7017589,1.8571428,1.8571428571428572,14.162506103515625,False
2025-12-18 07:00:00,SAG,1.0,-3.1957028,2.0714285,2.0714285714285716,14.162506103515625,False
2025-12-18 08:00:00,SAG,2.0,-2.9895425,4.5384617,4.538461538461538,14.162506103515625,False
2025-12-18 09:00:00,SAG,7.0,-0.99534225,12.0,12.0,14.162506103515625,False
2025-12-18 10:00:00,SAG,18.0,3.6732616,26.692308,26.692307692307693,14.162506103515625,True
2025-12-18 11:00:00,SAG,41.0,16.832129,41.333332,41.333333333333336,14.162506103515625,True
2025-12-18 12:00:00,SAG,56.0,26.40984,48.75,48.75,14.162506103515625,True
2025-12-18 13:00:00,SAG,66.0,33.93711,52.692307,52.69230769230769,14.162506103515625,True
2025-12-18 14:00:00,SAG,69.0,36.211655,56.46154,56.46153846153846,14.162506103515625,True
2025-12-18 16:00:00,SAG,54.0,36.699356,54.214287,54.214285714285715,14.162506103515625,True
2025-12-18 17:00:00,SAG,39.0,43.22609,43.384617,43.38461538461539,14.162506103515625,False
2025-12-18 18:00:00,SAG,19.0,28.804064,25.538462,25.53846153846154,14.162506103515625,False
2025-12-18 19:00:00,SAG,13.0,18.054522,19.857143,19.857142857142858,14.162506103515625,False
2025-12-18 20:00:00,SAG,6.0,15.132292,16.428572,16.428571428571427,14.162506103515625,False
2025-12-18 21:00:00,SAG,1.0,9.709984,14.285714,14.285714285714286,14.162506103515625,False
2025-12-18 22:00:00,SAG,1.0,4.965413,10.5,10.5,14.162506103515625,False
2025-12-18 23:00:00,SAG,1.0,7.775728,10.285714,10.285714285714286,14.162506103515625,False
2025-12-19 03:00:00,SAG,9.0,8.872889,6.928571,6.928571428571429,14.162506103515625,False
2025-12-19 04:00:00,SAG,0.0,3.325579,4.5,4.5,14.162506103515625,False
2025-12-19 05:00:00,SAG,0.0,4.39175,2.5714285,2.5714285714285716,14.162506103515625,False
2025-12-19 06:00:00,SAG,0.0,1.6235557,1.7857143,1.7857142857142858,14.162506103515625,False
2025-12-19 07:00:00,SAG,1.0,-1.9782097,2.0714285,2.0714285714285716,14.162506103515625,False
2025-12-19 08:00:00,SAG,2.0,-5.341061,4.3846154,4.384615384615385,14.162506103515625,False
2025-12-19 09:00:00,SAG,12.0,-8.288749,11.307693,11.307692307692308,14.162506103515625,True
2025-12-19 10:00:00,SAG,25.0,-5.6556587,25.461538,25.46153846153846,14.162506103515625,True
2025-12-19 11:00:00,SAG,39.0,9.219257,41.307693,41.30769230769231,14.162506103515625,True
2025-12-19 12:00:00,SAG,48.0,17.373863,49.307693,49.30769230769231,14.162506103515625,True
2025-12-19 13:00:00,SAG,59.0,26.28217,53.642857,53.642857142857146,14.162506103515625,True
2025-12-19 14:00:00,SAG,68.0,33.02192,57.357143,57.357142857142854,14.162506103515625,True
2025-12-19 15:00:00,SAG,75.0,34.962234,53.166668,53.166666666666664,14.162506103515625,True
2025-12-19 16:00:00,SAG,68.0,37.10212,51.285713,51.285714285714285,14.162506103515625,True
2025-12-19 17:00:00,SAG,62.0,35.25808,40.76923,40.76923076923077,14.162506103515625,True
2025-12-19 18:00:00,SAG,42.0,24.606855,23.076923,23.076923076923077,14.162506103515625,True
2025-12-19 19:00:00,SAG,20.0,11.115568,18.642857,18.642857142857142,14.162506103515625,False
2025-12-19 20:00:00,SAG,12.0,12.696826,15.214286,15.214285714285714,14.162506103515625,False
2025-12-19 21:00:00,SAG,9.0,10.38322,12.428572,12.428571428571429,14.162506103515625,False
2025-12-19 22:00:00,SAG,11.0,11.772798,8.714286,8.714285714285714,14.162506103515625,False
2025-12-19 23:00:00,SAG,7.0,12.379279,8.428572,8.428571428571429,14.162506103515625,False
2025-12-20 00:00:00,SAG,12.0,15.830184,10.0,10.0,14.162506103515625,False
2025-12-20 01:00:00,SAG,8.0,14.297217,8.636364,8.636363636363637,14.162506103515625,False
2025-12-20 02:00:00,SAG,0.0,13.057926,8.636364,8.636363636363637,14.162506103515625,False
2025-12-20 03:00:00,SAG,0.0,9.880542,5.785714,5.785714285714286,14.162506103515625,False
2025-12-20 04:00:00,SAG,0.0,8.245365,3.7857144,3.7857142857142856,14.162506103515625,False
2025-12-20 05:00:00,SAG,1.0,7.478522,2.5,2.5,14.162506103515625,False
2025-12-20 06:00:00,SAG,0.0,6.533063,1.7142857,1.7142857142857142,14.162506103515625,False
2025-12-20 07:00:00,SAG,0.0,4.6181946,2.0714285,2.0714285714285716,14.162506103515625,False
2025-12-20 08:00:00,SAG,1.0,3.854239,4.230769,4.230769230769231,14.162506103515625,False
2025-12-20 09:00:00,SAG,8.0,8.565289,11.384615,11.384615384615385,14.162506103515625,False
2025-12-20 10:00:00,SAG,25.0,17.171398,25.153847,25.153846153846153,14.162506103515625,False
2025-12-20 11:00:00,SAG,49.0,23.114353,40.46154,40.46153846153846,14.162506103515625,True
2025-12-20 12:00:00,SAG,57.0,35.067608,48.153847,48.15384615384615,14.162506103515625,True
2025-12-20 13:00:00,SAG,65.0,39.33506,52.42857,52.42857142857143,14.162506103515625,True
2025-12-20 14:00:00,SAG,79.0,44.33229,57.285713,57.285714285714285,14.162506103515625,True
2025-12-20 15:00:00,SAG,86.0,46.2945,54.25,54.25,14.162506103515625,True
2025-12-20 16:00:00,SAG,80.0,47.398018,53.0,53.0,14.162506103515625,True
2025-12-20 17:00:00,SAG,66.0,42.525566,42.923077,42.92307692307692,14.162506103515625,True
2025-12-20 18:00:00,SAG,31.0,24.353785,24.076923,24.076923076923077,14.162506103515625,False
2025-12-20 19:00:00,SAG,26.0,16.985655,18.142857,18.142857142857142,14.162506103515625,False
2025-12-20 20:00:00,SAG,20.0,9.860989,14.714286,14.714285714285714,14.162506103515625,False
2025-12-20 21:00:00,SAG,25.0,6.4747677,12.0,12.0,14.162506103515625,True
2025-12-20 22:00:00,SAG,14.0,7.6069384,8.571428,8.571428571428571,14.162506103515625,False
2025-12-20 23:00:00,SAG,0.0,7.347876,7.714286,7.714285714285714,14.162506103515625,False
2025-12-21 00:00:00,SAG,1.0,11.973398,9.727273,9.727272727272727,14.162506103515625,False
2025-12-21 01:00:00,SAG,2.0,11.823662,8.272727,8.272727272727273,14.162506103515625,False
2025-12-21 02:00:00,SAG,2.0,11.379966,7.818182,7.818181818181818,14.162506103515625,False
2025-12-21 03:00:00,SAG,2.0,10.422237,5.571429,5.571428571428571,14.162506103515625,False
2025-12-21 04:00:00,SAG,1.0,8.475602,3.7142856,3.7142857142857144,14.162506103515625,False
2025-12-21 05:00:00,SAG,1.0,8.597615,2.5,2.5,14.162506103515625,False
2025-12-21 06:00:00,SAG,1.0,8.107029,1.6428572,1.6428571428571428,14.162506103515625,False
2025-12-21 07:00:00,SAG,1.0,7.9603405,2.0,2.0,14.162506103515625,False
2025-12-21 08:00:00,SAG,3.0,8.796848,4.1538463,4.153846153846154,14.162506103515625,False
2025-12-21 09:00:00,SAG,5.0,12.931071,11.692307,11.692307692307692,14.162506103515625,False
2025-12-21 10:00:00,SAG,24.0,20.537697,25.76923,25.76923076923077,14.162506103515625,False
2025-12-21 11:00:00,SAG,51.0,34.04497,41.0,41.0,14.162506103515625,True
2025-12-21 14:00:00,SAG,74.0,46.73591,58.142857,58.142857142857146,14.162506103515625,True
2025-12-21 15:00:00,SAG,76.0,46.204758,56.25,56.25,14.162506103515625,True
2025-12-21 16:00:00,SAG,71.0,46.47981,54.0,54.0,14.162506103515625,True
2025-12-21 17:00:00,SAG,49.0,43.319824,44.692307,44.69230769230769,14.162506103515625,False
2025-12-21 18:00:00,SAG,26.0,24.546736,24.384615,24.384615384615383,14.162506103515625,False
2025-12-21 19:00:00,SAG,26.0,14.653212,18.428572,18.428571428571427,14.162506103515625,False
2025-12-21 20:00:00,SAG,24.0,16.9154,14.5,14.5,14.162506103515625,False
2025-12-21 21:00:00,SAG,27.0,21.473295,12.714286,12.714285714285714,14.162506103515625,False
2025-12-21 22:00:00,SAG,24.0,21.213495,8.928572,8.928571428571429,14.162506103515625,False
2025-12-21 23:00:00,SAG,23.0,19.928474,7.214286,7.214285714285714,14.162506103515625,False
2025-12-22 00:00:00,SAG,24.0,23.724571,9.0,9.0,14.162506103515625,False
2025-12-22 01:00:00,SAG,23.0,21.04398,7.75,7.75,14.162506103515625,False
2025-12-22 02:00:00,SAG,7.0,20.379034,7.3333335,7.333333333333333,14.162506103515625,False
2025-12-22 03:00:00,SAG,8.0,16.995483,5.642857,5.642857142857143,14.162506103515625,False
2025-12-22 04:00:00,SAG,8.0,12.866449,3.7857144,3.7857142857142856,14.162506103515625,False
2025-12-22 05:00:00,SAG,1.0,10.843698,2.5714285,2.5714285714285716,14.162506103515625,False
2025-12-22 06:00:00,SAG,0.0,9.883811,1.7142857,1.7142857142857142,14.162506103515625,False
2025-12-22 07:00:00,SAG,1.0,7.9472227,2.0,2.0,14.162506103515625,False
2025-12-22 08:00:00,SAG,2.0,6.9587917,4.1538463,4.153846153846154,14.162506103515625,False
2025-12-22 12:00:00,SAG,44.0,29.774479,46.0,46.0,14.162506103515625,True
2025-12-22 13:00:00,SAG,53.0,32.800568,51.076923,51.07692307692308,14.162506103515625,True
2025-12-22 14:00:00,SAG,45.0,39.876484,58.785713,58.785714285714285,14.162506103515625,False
2025-12-22 15:00:00,SAG,34.0,39.603386,58.083332,58.083333333333336,14.162506103515625,False
2025-12-22 16:00:00,SAG,25.0,29.530514,55.357143,55.357142857142854,14.162506103515625,False
2025-12-22 17:00:00,SAG,14.0,19.784569,45.0,45.0,14.162506103515625,False
2025-12-22 18:00:00,SAG,5.0,3.258459,24.461538,24.46153846153846,14.162506103515625,False
2025-12-22 19:00:00,SAG,3.0,0.5312977,18.785715,18.785714285714285,14.162506103515625,False
2025-12-22 20:00:00,SAG,2.0,-0.058372498,14.714286,14.714285714285714,14.162506103515625,False
2025-12-22 21:00:00,SAG,5.0,2.9947023,12.928572,12.928571428571429,14.162506103515625,False
2025-12-22 22:00:00,SAG,9.0,3.9546757,9.071428,9.071428571428571,14.162506103515625,False
2025-12-22 23:00:00,SAG,8.0,5.2365713,7.285714,7.285714285714286,14.162506103515625,False
2025-12-23 00:00:00,SAG,7.0,8.981057,9.0,9.0,14.162506103515625,False
2025-12-23 01:00:00,SAG,4.0,8.2247095,7.25,7.25,14.162506103515625,False
2025-12-23 02:00:00,SAG,3.0,6.083651,5.5,5.5,14.162506103515625,False
2025-12-23 03:00:00,SAG,5.0,4.3750844,4.214286,4.214285714285714,14.162506103515625,False
2025-12-23 04:00:00,SAG,2.0,2.5738688,2.642857,2.642857142857143,14.162506103515625,False
2025-12-23 05:00:00,SAG,0.0,0.36612988,1.5,1.5,14.162506103515625,False
2025-12-23 06:00:00,SAG,3.0,-2.4280531,0.9285714,0.9285714285714286,14.162506103515625,False
2025-12-23 07:00:00,SAG,1.0,-5.4761453,1.3571428,1.3571428571428572,14.162506103515625,False
2025-12-23 08:00:00,SAG,2.0,-10.427766,3.3076923,3.3076923076923075,14.162506103515625,False
2025-12-23 09:00:00,SAG,9.0,-8.677533,10.083333,10.083333333333334,14.162506103515625,True
2025-12-23 10:00:00,SAG,4.0,-0.07290077,24.416666,24.416666666666668,14.162506103515625,False
2025-12-23 11:00:00,SAG,13.0,11.2854,41.0,41.0,14.162506103515625,False
2025-12-23 12:00:00,SAG,28.0,15.849136,47.833332,47.833333333333336,14.162506103515625,False
2025-12-23 13:00:00,SAG,48.0,21.34896,53.153847,53.15384615384615,14.162506103515625,True
2025-12-23 14:00:00,SAG,66.0,40.843338,59.785713,59.785714285714285,14.162506103515625,True
2025-12-23 15:00:00,SAG,80.0,57.894352,58.166668,58.166666666666664,14.162506103515625,True
2025-12-23 16:00:00,SAG,71.0,56.65843,55.07143,55.07142857142857,14.162506103515625,True
2025-12-23 17:00:00,SAG,52.0,50.539875,42.785713,42.785714285714285,14.162506103515625,False
2025-12-23 18:00:00,SAG,16.0,25.696913,23.846153,23.846153846153847,14.162506103515625,False
2025-12-23 19:00:00,SAG,6.0,10.914459,18.785715,18.785714285714285,14.162506103515625,False
2025-12-23 20:00:00,SAG,8.0,8.503971,14.714286,14.714285714285714,14.162506103515625,False
2025-12-23 21:00:00,SAG,7.0,5.607339,13.0,13.0,14.162506103515625,False
2025-12-23 22:00:00,SAG,9.0,2.5048351,9.357142,9.357142857142858,14.162506103515625,False
2025-12-23 23:00:00,SAG,12.0,1.2524233,7.785714,7.785714285714286,14.162506103515625,False
2025-12-24 00:00:00,SAG,14.0,3.0590591,9.5,9.5,14.162506103515625,False
2025-12-24 01:00:00,SAG,11.0,0.9277892,7.4166665,7.416666666666667,14.162506103515625,False
2025-12-24 02:00:00,SAG,3.0,-0.37942648,5.5833335,5.583333333333333,14.162506103515625,False
2025-12-24 03:00:00,SAG,1.0,-0.78576565,4.357143,4.357142857142857,14.162506103515625,False
2025-12-24 04:00:00,SAG,1.0,-3.6680596,2.7142856,2.7142857142857144,14.162506103515625,False
2025-12-24 05:00:00,SAG,1.0,-6.142091,1.4285715,1.4285714285714286,14.162506103515625,False
2025-12-24 06:00:00,SAG,1.0,-7.8597546,1.0714285,1.0714285714285714,14.162506103515625,False
2025-12-24 07:00:00,SAG,1.0,-9.066285,1.3571428,1.3571428571428572,14.162506103515625,False
2025-12-24 08:00:00,SAG,1.0,-10.16444,3.2307692,3.230769230769231,14.162506103515625,False
2025-12-24 09:00:00,SAG,3.0,-6.7905703,10.166667,10.166666666666666,14.162506103515625,False
2025-12-24 10:00:00,SAG,13.0,0.8086338,22.666666,22.666666666666668,14.162506103515625,False
2025-12-24 11:00:00,SAG,31.0,10.689014,38.75,38.75,14.162506103515625,True
2025-12-24 12:00:00,SAG,43.0,16.96732,46.333332,46.333333333333336,14.162506103515625,True
2025-12-24 13:00:00,SAG,64.0,26.109058,53.153847,53.15384615384615,14.162506103515625,True
2025-12-24 14:00:00,SAG,65.0,43.437252,60.142857,60.142857142857146,14.162506103515625,True
2025-12-24 15:00:00,SAG,61.0,40.321915,59.846153,59.84615384615385,14.162506103515625,True
2025-12-24 16:00:00,SAG,55.0,32.76386,55.214287,55.214285714285715,14.162506103515625,True
2025-12-24 17:00:00,SAG,50.0,30.984371,42.42857,42.42857142857143,14.162506103515625,True
2025-12-24 18:00:00,SAG,19.0,24.980701,22.23077,22.23076923076923,14.162506103515625,False
2025-12-24 19:00:00,SAG,12.0,12.84166,17.714285,17.714285714285715,14.162506103515625,False
2025-12-24 20:00:00,SAG,12.0,8.156442,13.642858,13.642857142857142,14.162506103515625,False
2025-12-24 21:00:00,SAG,11.0,5.9702315,12.428572,12.428571428571429,14.162506103515625,False
2025-12-24 22:00:00,SAG,12.0,3.6421928,9.285714,9.285714285714286,14.162506103515625,False
2025-12-24 23:00:00,SAG,18.0,3.2367353,7.785714,7.785714285714286,14.162506103515625,True
2025-12-25 03:00:00,SAG,1.0,2.8184593,4.071429,4.071428571428571,14.162506103515625,False
2025-12-25 04:00:00,SAG,1.0,-4.1360955,2.642857,2.642857142857143,14.162506103515625,False
2025-12-25 05:00:00,SAG,1.0,-4.579054,1.4285715,1.4285714285714286,14.162506103515625,False
2025-12-25 06:00:00,SAG,1.0,-5.3572135,1.1428572,1.1428571428571428,14.162506103515625,False
2025-12-25 07:00:00,SAG,2.0,-5.7506027,1.4285715,1.4285714285714286,14.162506103515625,False
2025-12-25 08:00:00,SAG,4.0,-6.165703,3.2307692,3.230769230769231,14.162506103515625,False
2025-12-25 09:00:00,SAG,7.0,-2.8088245,9.916667,9.916666666666666,14.162506103515625,False
2025-12-25 10:00:00,SAG,25.0,0.36119843,21.5,21.5,14.162506103515625,True
2025-12-25 11:00:00,SAG,41.0,11.294527,38.0,38.0,14.162506103515625,True
2025-12-25 12:00:00,SAG,56.0,22.263172,46.416668,46.416666666666664,14.162506103515625,True
2025-12-25 13:00:00,SAG,61.0,40.972,54.615383,54.61538461538461,14.162506103515625,True
2025-12-25 14:00:00,SAG,56.0,47.835484,61.07143,61.07142857142857,14.162506103515625,False
2025-12-25 15:00:00,SAG,53.0,38.171387,60.384617,60.38461538461539,14.162506103515625,True
2025-12-25 16:00:00,SAG,43.0,33.789482,55.0,55.0,14.162506103515625,False
2025-12-25 17:00:00,SAG,30.0,25.774124,43.642857,43.642857142857146,14.162506103515625,False
2025-12-25 18:00:00,SAG,18.0,15.238413,22.0,22.0,14.162506103515625,False
2025-12-25 19:00:00,SAG,14.0,14.66404,17.285715,17.285714285714285,14.162506103515625,False
2025-12-25 20:00:00,SAG,15.0,11.469147,13.142858,13.142857142857142,14.162506103515625,False
2025-12-25 21:00:00,SAG,9.0,9.048614,12.142858,12.142857142857142,14.162506103515625,False
2025-12-25 22:00:00,SAG,9.0,6.3275914,9.571428,9.571428571428571,14.162506103515625,False
2025-12-25 23:00:00,SAG,14.0,4.2877803,8.5,8.5,14.162506103515625,False
2025-12-26 00:00:00,SAG,11.0,4.858948,8.818182,8.818181818181818,14.162506103515625,False
2025-12-26 01:00:00,SAG,3.0,3.9567864,7.2727275,7.2727272727272725,14.162506103515625,False
2025-12-26 02:00:00,SAG,1.0,1.0465178,4.909091,4.909090909090909,14.162506103515625,False
2025-12-26 03:00:00,SAG,1.0,-0.07503939,4.071429,4.071428571428571,14.162506103515625,False
2025-12-26 04:00:00,SAG,1.0,-1.0901911,2.5714285,2.5714285714285716,14.162506103515625,False
2025-12-26 05:00:00,SAG,1.0,-1.1258545,1.5,1.5,14.162506103515625,False
2025-12-26 06:00:00,SAG,1.0,-2.015576,1.2142857,1.2142857142857142,14.162506103515625,False
2025-12-26 07:00:00,SAG,1.0,-3.2091568,1.4285715,1.4285714285714286,14.162506103515625,False
2025-12-26 08:00:00,SAG,2.0,-4.326845,2.6923077,2.6923076923076925,14.162506103515625,False
2025-12-26 09:00:00,SAG,4.0,-7.322364,9.083333,9.083333333333334,14.162506103515625,False
2025-12-26 10:00:00,SAG,9.0,-7.146843,21.25,21.25,14.162506103515625,True
2025-12-26 11:00:00,SAG,21.0,5.800602,38.25,38.25,14.162506103515625,True
2025-12-26 12:00:00,SAG,32.0,12.56287,47.75,47.75,14.162506103515625,True
2025-12-26 13:00:00,SAG,44.0,21.131424,55.76923,55.76923076923077,14.162506103515625,True
2025-12-26 14:00:00,SAG,53.0,29.049603,60.714287,60.714285714285715,14.162506103515625,True
2025-12-26 15:00:00,SAG,37.0,34.56819,59.307693,59.30769230769231,14.162506103515625,False
2025-12-26 16:00:00,SAG,22.0,22.677166,53.5,53.5,14.162506103515625,False
2025-12-26 17:00:00,SAG,14.0,10.583614,41.57143,41.57142857142857,14.162506103515625,False
2025-12-26 18:00:00,SAG,10.0,3.128811,21.214285,21.214285714285715,14.162506103515625,False
2025-12-26 19:00:00,SAG,15.0,5.353657,16.071428,16.071428571428573,14.162506103515625,False
2025-12-26 20:00:00,SAG,8.0,8.006196,12.214286,12.214285714285714,14.162506103515625,False
2025-12-26 21:00:00,SAG,3.0,7.754878,11.5,11.5,14.162506103515625,False
2025-12-26 22:00:00,SAG,2.0,5.011487,9.142858,9.142857142857142,14.162506103515625,False
2025-12-26 23:00:00,SAG,1.0,4.097875,9.357142,9.357142857142858,14.162506103515625,False
2025-12-27 00:00:00,SAG,1.0,4.530554,9.818182,9.818181818181818,14.162506103515625,False
2025-12-27 01:00:00,SAG,1.0,2.3088074,7.5454545,7.545454545454546,14.162506103515625,False
2025-12-27 02:00:00,SAG,1.0,0.43762207,5.0,5.0,14.162506103515625,False
2025-12-27 03:00:00,SAG,0.0,-1.1812758,4.142857,4.142857142857143,14.162506103515625,False
2025-12-27 04:00:00,SAG,0.0,-3.1378827,2.642857,2.642857142857143,14.162506103515625,False
2025-12-27 05:00:00,SAG,1.0,-4.6674623,1.5714285,1.5714285714285714,14.162506103515625,False
2025-12-27 06:00:00,SAG,1.0,-6.241454,1.2857143,1.2857142857142858,14.162506103515625,False
2025-12-27 07:00:00,SAG,1.0,-8.000492,1.4285715,1.4285714285714286,14.162506103515625,False
2025-12-27 08:00:00,SAG,2.0,-9.974744,2.6923077,2.6923076923076925,14.162506103515625,False
2025-12-27 09:00:00,SAG,6.0,-9.142919,8.666667,8.666666666666666,14.162506103515625,True
2025-12-27 10:00:00,SAG,23.0,-5.745199,19.666666,19.666666666666668,14.162506103515625,True
2025-12-27 11:00:00,SAG,40.0,8.120306,35.916668,35.916666666666664,14.162506103515625,True
2025-12-27 12:00:00,SAG,56.0,19.308033,45.75,45.75,14.162506103515625,True
2025-12-27 13:00:00,SAG,57.0,34.526833,54.46154,54.46153846153846,14.162506103515625,True
2025-12-27 14:00:00,SAG,59.0,42.745335,59.357143,59.357142857142854,14.162506103515625,True
2025-12-27 15:00:00,SAG,63.0,37.02918,57.46154,57.46153846153846,14.162506103515625,True
2025-12-27 16:00:00,SAG,63.0,29.947336,52.142857,52.142857142857146,14.162506103515625,True
2025-12-27 17:00:00,SAG,60.0,38.48503,40.57143,40.57142857142857,14.162506103515625,True
2025-12-27 18:00:00,SAG,43.0,34.39333,21.0,21.0,14.162506103515625,False
2025-12-27 19:00:00,SAG,40.0,27.957767,16.5,16.5,14.162506103515625,False
2025-12-27 20:00:00,SAG,28.0,26.734417,12.285714,12.285714285714286,14.162506103515625,False
2025-12-27 21:00:00,SAG,18.0,12.191216,10.785714,10.785714285714286,14.162506103515625,False
2025-12-27 22:00:00,SAG,17.0,3.6943855,8.857142,8.857142857142858,14.162506103515625,False
2025-12-27 23:00:00,SAG,3.0,4.835348,9.214286,9.214285714285714,14.162506103515625,False
2025-12-28 00:00:00,SAG,1.0,1.4444547,9.083333,9.083333333333334,14.162506103515625,False
2025-12-28 01:00:00,SAG,1.0,1.168508,7.0,7.0,14.162506103515625,False
2025-12-28 02:00:00,SAG,1.0,0.5954766,4.6666665,4.666666666666667,14.162506103515625,False
2025-12-28 03:00:00,SAG,1.0,2.1101723,4.071429,4.071428571428571,14.162506103515625,False
2025-12-28 04:00:00,SAG,1.0,2.5998204,2.642857,2.642857142857143,14.162506103515625,False
2025-12-28 05:00:00,SAG,1.0,2.0366523,1.5714285,1.5714285714285714,14.162506103515625,False
2025-12-28 06:00:00,SAG,1.0,2.629684,1.2857143,1.2857142857142858,14.162506103515625,False
2025-12-28 07:00:00,SAG,1.0,4.1663475,1.4285715,1.4285714285714286,14.162506103515625,False
2025-12-28 08:00:00,SAG,5.0,5.17046,2.642857,2.642857142857143,14.162506103515625,False
2025-12-28 09:00:00,SAG,12.0,11.069935,8.5,8.5,14.162506103515625,False
2025-12-28 10:00:00,SAG,35.0,20.773651,20.0,20.0,14.162506103515625,True
2025-12-28 11:00:00,SAG,64.0,30.413149,36.166668,36.166666666666664,14.162506103515625,True
2025-12-28 12:00:00,SAG,75.0,47.230427,46.0,46.0,14.162506103515625,True
2025-12-28 13:00:00,SAG,65.0,47.203747,54.923077,54.92307692307692,14.162506103515625,True
2025-12-28 14:00:00,SAG,72.0,45.37146,58.92857,58.92857142857143,14.162506103515625,True
2025-12-28 15:00:00,SAG,79.0,43.888832,57.53846,57.53846153846154,14.162506103515625,True
2025-12-28 16:00:00,SAG,76.0,41.458694,52.5,52.5,14.162506103515625,True
2025-12-28 17:00:00,SAG,70.0,31.60762,41.714287,41.714285714285715,14.162506103515625,True
2025-12-28 18:00:00,SAG,49.0,23.205109,21.857143,21.857142857142858,14.162506103515625,True
2025-12-28 19:00:00,SAG,38.0,24.704683,18.285715,18.285714285714285,14.162506103515625,False
2025-12-28 20:00:00,SAG,26.0,30.085617,13.428572,13.428571428571429,14.162506103515625,False
2025-12-28 21:00:00,SAG,24.0,23.773228,11.142858,11.142857142857142,14.162506103515625,False
2025-12-28 22:00:00,SAG,21.0,23.385086,9.571428,9.571428571428571,14.162506103515625,False
2025-12-28 23:00:00,SAG,24.0,25.000805,9.214286,9.214285714285714,14.162506103515625,False
2025-12-29 00:00:00,SAG,7.0,21.501835,8.916667,8.916666666666666,14.162506103515625,True
2025-12-29 01:00:00,SAG,6.0,16.994314,7.0,7.0,14.162506103515625,False
2025-12-29 02:00:00,SAG,2.0,8.273409,3.6666667,3.6666666666666665,14.162506103515625,False
2025-12-29 03:00:00,SAG,1.0,8.055731,3.857143,3.857142857142857,14.162506103515625,False
2025-12-29 04:00:00,SAG,2.0,8.260862,2.642857,2.642857142857143,14.162506103515625,False
2025-12-29 05:00:00,SAG,1.0,5.5766096,1.5714285,1.5714285714285714,14.162506103515625,False
2025-12-29 06:00:00,SAG,1.0,3.9426112,1.2857143,1.2857142857142858,14.162506103515625,False
2025-12-29 07:00:00,SAG,1.0,3.3708115,1.4285715,1.4285714285714286,14.162506103515625,False
2025-12-29 08:00:00,SAG,4.0,3.9740286,2.7142856,2.7142857142857144,14.162506103515625,False
2025-12-29 09:00:00,SAG,9.0,6.0766363,8.0,8.0,14.162506103515625,False
2025-12-29 10:00:00,SAG,19.0,10.631521,20.75,20.75,14.162506103515625,False
2025-12-29 11:00:00,SAG,44.0,20.942003,38.5,38.5,14.162506103515625,True
2025-12-29 12:00:00,SAG,48.0,32.210735,48.25,48.25,14.162506103515625,True
2025-12-29 13:00:00,SAG,48.0,29.25261,56.076923,56.07692307692308,14.162506103515625,True
2025-12-29 14:00:00,SAG,46.0,31.260527,61.07143,61.07142857142857,14.162506103515625,True
2025-12-29 15:00:00,SAG,44.0,32.811523,60.46154,60.46153846153846,14.162506103515625,False
2025-12-29 16:00:00,SAG,36.0,27.300037,55.285713,55.285714285714285,14.162506103515625,False
2025-12-29 17:00:00,SAG,30.0,17.299866,44.642857,44.642857142857146,14.162506103515625,False
2025-12-29 18:00:00,SAG,21.0,0.24912262,23.714285,23.714285714285715,14.162506103515625,True
2025-12-29 19:00:00,SAG,20.0,9.983798,19.357143,19.357142857142858,14.162506103515625,False
2025-12-29 20:00:00,SAG,20.0,13.837791,14.071428,14.071428571428571,14.162506103515625,False
2025-12-29 21:00:00,SAG,20.0,15.264603,12.142858,12.142857142857142,14.162506103515625,False
2025-12-29 22:00:00,SAG,15.0,15.758672,10.0,10.0,14.162506103515625,False
2025-12-29 23:00:00,SAG,11.0,12.797514,9.357142,9.357142857142858,14.162506103515625,False
2025-12-30 00:00:00,SAG,15.0,13.28776,7.75,7.75,14.162506103515625,False
2025-12-30 01:00:00,SAG,18.0,13.270035,5.6666665,5.666666666666667,14.162506103515625,False
2025-12-30 02:00:00,SAG,18.0,11.15892,2.0,2.0,14.162506103515625,False
2025-12-30 03:00:00,SAG,19.0,12.137468,2.2142856,2.2142857142857144,14.162506103515625,False
2025-12-30 04:00:00,SAG,16.0,10.2997875,1.2857143,1.2857142857142858,14.162506103515625,False
2025-12-30 05:00:00,SAG,15.0,8.647417,0.71428573,0.7142857142857143,14.162506103515625,False
2025-12-30 06:00:00,SAG,10.0,4.475116,0.85714287,0.8571428571428571,14.162506103515625,False
2025-12-30 07:00:00,SAG,7.0,-0.10454869,1.0,1.0,14.162506103515625,False
2025-12-30 08:00:00,SAG,13.0,-8.137514,2.4285715,2.4285714285714284,14.162506103515625,True
2025-12-30 09:00:00,SAG,19.0,-21.625029,7.4166665,7.416666666666667,14.162506103515625,True
2025-12-30 10:00:00,SAG,25.0,-12.628876,21.0,21.0,14.162506103515625,True
2025-12-30 11:00:00,SAG,32.0,6.7548485,40.5,40.5,14.162506103515625,True
2025-12-30 12:00:00,SAG,33.0,15.989529,50.5,50.5,14.162506103515625,True
2025-12-30 13:00:00,SAG,32.0,23.887299,58.153847,58.15384615384615,14.162506103515625,False
2025-12-30 14:00:00,SAG,32.0,28.762058,63.0,63.0,14.162506103515625,False
2025-12-30 15:00:00,SAG,35.0,30.257492,62.307693,62.30769230769231,14.162506103515625,False
2025-12-30 16:00:00,SAG,27.0,28.30072,56.642857,56.642857142857146,14.162506103515625,False
2025-12-30 17:00:00,SAG,19.0,23.362328,45.714287,45.714285714285715,14.162506103515625,False
2025-12-30 18:00:00,SAG,8.0,9.807009,24.857143,24.857142857142858,14.162506103515625,False
2025-12-30 19:00:00,SAG,5.0,8.542177,20.0,20.0,14.162506103515625,False
2025-12-30 20:00:00,SAG,1.0,2.869855,15.285714,15.285714285714286,14.162506103515625,False
2025-12-30 21:00:00,SAG,1.0,2.1302967,13.214286,13.214285714285714,14.162506103515625,False
2025-12-30 22:00:00,SAG,1.0,1.4425831,10.785714,10.785714285714286,14.162506103515625,False
2025-12-30 23:00:00,SAG,7.0,1.6101675,9.571428,9.571428571428571,14.162506103515625,False
2025-12-31 03:00:00,SAG,0.0,6.1123357,3.5,3.5,14.162506103515625,False
2025-12-31 04:00:00,SAG,0.0,-3.3404944,2.4285715,2.4285714285714284,14.162506103515625,False
2025-12-31 05:00:00,SAG,0.0,-2.0206633,1.7857143,1.7857142857142858,14.162506103515625,False
2025-12-31 06:00:00,SAG,1.0,-3.6489935,1.5,1.5,14.162506103515625,False
2025-12-31 07:00:00,SAG,1.0,-5.600645,1.4285715,1.4285714285714286,14.162506103515625,False
2025-12-31 08:00:00,SAG,2.0,-7.5267057,3.2142856,3.2142857142857144,14.162506103515625,False
2025-12-31 09:00:00,SAG,5.0,-8.4840555,8.307693,8.307692307692308,14.162506103515625,False
2025-12-31 10:00:00,SAG,12.0,-4.716749,21.307692,21.307692307692307,14.162506103515625,True
2025-12-31 11:00:00,SAG,33.0,8.18931,39.846153,39.84615384615385,14.162506103515625,True
2025-12-31 12:00:00,SAG,56.0,19.560263,49.153847,49.15384615384615,14.162506103515625,True
2025-12-31 13:00:00,SAG,69.0,38.46077,56.46154,56.46153846153846,14.162506103515625,True
2025-12-31 14:00:00,SAG,71.0,54.094124,61.285713,61.285714285714285,14.162506103515625,True
2025-12-31 15:00:00,SAG,72.0,54.719772,60.153847,60.15384615384615,14.162506103515625,True
2025-12-31 16:00:00,SAG,67.0,49.363583,53.07143,53.07142857142857,14.162506103515625,True
2025-12-31 17:00:00,SAG,44.0,49.20036,42.142857,42.142857142857146,14.162506103515625,False
2025-12-31 18:00:00,SAG,28.0,29.797707,23.428572,23.428571428571427,14.162506103515625,False
2025-12-31 19:00:00,SAG,26.0,22.935398,18.214285,18.214285714285715,14.162506103515625,False
2025-12-31 20:00:00,SAG,30.0,17.555048,13.357142,13.357142857142858,14.162506103515625,False
2025-12-31 21:00:00,SAG,24.0,16.775892,11.5,11.5,14.162506103515625,False
2025-12-31 22:00:00,SAG,24.0,13.069309,10.428572,10.428571428571429,14.162506103515625,False
2025-12-31 23:00:00,SAG,25.0,12.211207,9.214286,9.214285714285714,14.162506103515625,False
