id_mensaje,atacado,n_flips,mascara,semilla,timestamp,bits
17,True,11,62807,42,2025-10-21 17:00:00,"0,1,2,4,6,8,10,12,13,14,15"
36,True,13,65498,42,2025-10-22 12:00:00,"1,3,4,6,7,8,9,10,11,12,13,14,15"
47,True,2,8256,42,2025-10-22 23:00:00,"6,13"
68,True,9,54483,42,2025-10-23 20:00:00,"0,1,4,6,7,10,12,14,15"
72,True,12,62958,42,2025-10-24 00:00:00,"1,2,3,5,6,7,8,10,12,13,14,15"
95,True,4,660,42,2025-10-24 23:00:00,"2,4,7,9"
110,True,7,4064,42,2025-10-25 14:00:00,"5,6,7,8,9,10,11"
160,True,16,65535,42,2025-10-27 19:00:00,"0,1,2,3,4,5,6,7,8,9,10,11,12,13,14,15"
166,True,15,65531,42,2025-10-28 01:00:00,"0,1,3,4,5,6,7,8,9,10,11,12,13,14,15"
167,True,4,4109,42,2025-10-28 02:00:00,"0,2,3,12"
199,True,4,24582,42,2025-10-29 10:00:00,"1,2,13,14"
220,True,7,19665,42,2025-10-30 07:00:00,"0,4,6,7,10,11,14"
282,True,7,57421,42,2025-11-02 04:00:00,"0,2,3,6,13,14,15"
286,True,6,43232,42,2025-11-02 08:00:00,"5,6,7,11,13,15"
308,True,13,65435,42,2025-11-03 06:00:00,"0,1,3,4,7,8,9,10,11,12,13,14,15"
364,True,10,22394,42,2025-11-05 14:00:00,"1,3,4,5,6,8,9,10,12,14"
372,True,10,64782,42,2025-11-05 22:00:00,"1,2,3,8,10,11,12,13,14,15"
382,True,5,35112,42,2025-11-06 08:00:00,"3,5,8,11,15"
404,True,6,57640,42,2025-11-07 09:00:00,"3,5,8,13,14,15"
448,True,11,61349,42,2025-11-09 05:00:00,"0,2,5,7,8,9,10,11,13,14,15"
451,True,13,48891,42,2025-11-09 08:00:00,"0,1,3,4,5,6,7,9,10,11,12,13,15"
461,True,14,57342,42,2025-11-09 18:00:00,"1,2,3,4,5,6,7,8,9,10,11,12,14,15"
471,True,10,40299,42,2025-11-10 04:00:00,"0,1,3,5,6,8,10,11,12,15"
472,True,12,32669,42,2025-11-10 05:00:00,"0,2,3,4,7,8,9,10,11,12,13,14"
501,True,5,121,42,2025-11-11 10:00:00,"0,3,4,5,6"
562,True,6,21316,42,2025-11-14 02:00:00,"2,6,8,9,12,14"
586,True,4,312,42,2025-11-15 02:00:00,"3,4,5,8"
601,True,2,516,42,2025-11-15 17:00:00,"2,9"
633,True,1,16,42,2025-11-17 01:00:00,4
711,True,10,38079,42,2025-11-20 10:00:00,"0,1,2,3,4,5,7,10,12,15"
760,True,1,64,42,2025-11-22 11:00:00,6
851,True,16,65535,42,2025-11-26 09:00:00,"0,1,2,3,4,5,6,7,8,9,10,11,12,13,14,15"
861,True,16,65535,42,2025-11-26 19:00:00,"0,1,2,3,4,5,6,7,8,9,10,11,12,13,14,15"
898,True,10,52891,42,2025-11-28 08:00:00,"0,1,3,4,7,9,10,11,14,15"
906,True,10,43741,42,2025-11-28 16:00:00,"0,2,3,4,6,7,9,11,13,15"
911,True,7,27952,42,2025-11-28 21:00:00,"4,5,8,10,11,13,14"
939,True,7,47394,42,2025-11-30 01:00:00,"1,5,8,11,12,13,15"
942,True,12,45031,42,2025-11-30 04:00:00,"0,1,2,5,6,7,8,9,10,11,13,15"
944,True,4,17672,42,2025-11-30 06:00:00,"3,8,10,14"
953,True,3,8452,42,2025-11-30 15:00:00,"2,8,13"
968,True,10,50684,42,2025-12-01 09:00:00,"2,3,4,5,6,7,8,10,14,15"
988,True,9,53622,42,2025-12-02 05:00:00,"1,2,4,5,6,8,12,14,15"
1033,True,12,64485,42,2025-12-04 06:00:00,"0,2,5,6,7,8,9,11,12,13,14,15"
1072,True,2,130,42,2025-12-05 21:00:00,"1,7"
1075,True,12,64998,42,2025-12-06 00:00:00,"1,2,5,6,7,8,10,11,12,13,14,15"
1079,True,4,4628,42,2025-12-06 04:00:00,"2,4,9,12"
1080,True,3,16897,42,2025-12-06 05:00:00,"0,9,14"
1089,True,6,49520,42,2025-12-06 14:00:00,"4,5,6,8,14,15"
1107,True,4,1105,42,2025-12-07 11:00:00,"0,4,6,10"
1133,True,3,6176,42,2025-12-08 13:00:00,"5,11,12"
1141,True,8,15252,42,2025-12-08 21:00:00,"2,4,7,8,9,11,12,13"
1153,True,13,64765,42,2025-12-09 09:00:00,"0,2,3,4,5,6,7,10,11,12,13,14,15"
1159,True,6,2885,42,2025-12-09 15:00:00,"0,2,6,8,9,11"
1171,True,7,37270,42,2025-12-10 03:00:00,"1,2,4,7,8,12,15"
1175,True,3,140,42,2025-12-10 07:00:00,"2,3,7"
1206,True,1,4096,42,2025-12-11 14:00:00,12
1209,True,4,32976,42,2025-12-11 17:00:00,"4,6,7,15"
1211,True,16,65535,42,2025-12-11 19:00:00,"0,1,2,3,4,5,6,7,8,9,10,11,12,13,14,15"
1212,True,14,64991,42,2025-12-11 20:00:00,"0,1,2,3,4,6,7,8,10,11,12,13,14,15"
1251,True,12,64444,42,2025-12-13 14:00:00,"2,3,4,5,7,8,9,11,12,13,14,15"
1278,True,2,32772,42,2025-12-14 17:00:00,"2,15"
1283,True,16,65535,42,2025-12-14 22:00:00,"0,1,2,3,4,5,6,7,8,9,10,11,12,13,14,15"
1289,True,16,65535,42,2025-12-15 04:00:00,"0,1,2,3,4,5,6,7,8,9,10,11,12,13,14,15"
1307,True,7,61537,42,2025-12-15 22:00:00,"0,5,6,12,13,14,15"
1336,True,15,61439,42,2025-12-17 03:00:00,"0,1,2,3,4,5,6,7,8,9,10,11,13,14,15"
1353,True,10,58199,42,2025-12-17 20:00:00,"0,1,2,4,6,8,9,13,14,15"
1359,True,3,18944,42,2025-12-18 02:00:00,"9,11,14"
1372,True,14,65495,42,2025-12-18 15:00:00,"0,1,2,4,6,7,8,9,10,11,12,13,14,15"
1387,True,15,65534,42,2025-12-19 09:00:00,"1,2,3,4,5,6,7,8,9,10,11,12,13,14,15"
1392,True,16,65535,42,2025-12-19 14:00:00,"0,1,2,3,4,5,6,7,8,9,10,11,12,13,14,15"
1473,True,15,49151,42,2025-12-22 23:00:00,"0,1,2,3,4,5,6,7,8,9,10,11,12,13,15"
1481,True,2,33024,42,2025-12-23 07:00:00,"8,15"
1504,True,15,65471,42,2025-12-24 06:00:00,"0,1,2,3,4,5,7,8,9,10,11,12,13,14,15"
1518,True,13,65524,42,2025-12-24 20:00:00,"2,4,5,6,7,8,9,10,11,12,13,14,15"
1526,True,7,12470,42,2025-12-25 07:00:00,"1,2,4,5,7,12,13"
1589,True,8,39573,42,2025-12-27 22:00:00,"0,2,4,7,9,11,12,15"
1598,True,3,41984,42,2025-12-28 07:00:00,"10,13,15"
1627,True,11,62811,42,2025-12-29 12:00:00,"0,1,3,4,6,8,10,12,13,14,15"
1642,True,11,43263,42,2025-12-30 03:00:00,"0,1,2,3,4,5,6,7,11,13,15"
1666,True,7,25314,42,2025-12-31 06:00:00,"1,5,6,7,9,13,14"
1669,True,3,33056,42,2025-12-31 09:00:00,"5,8,15"
17,True,3,11,43,2025-10-21 17:00:00,"0,1,3"
34,True,16,65535,43,2025-10-22 10:00:00,"0,1,2,3,4,5,6,7,8,9,10,11,12,13,14,15"
48,True,2,40960,43,2025-10-23 00:00:00,"13,15"
66,True,5,6277,43,2025-10-23 18:00:00,"0,2,7,11,12"
118,True,4,35392,43,2025-10-25 22:00:00,"6,9,11,15"
163,True,1,512,43,2025-10-27 22:00:00,9
171,True,13,48635,43,2025-10-28 06:00:00,"0,1,3,4,5,6,7,8,10,11,12,13,15"
181,True,5,1605,43,2025-10-28 16:00:00,"0,2,6,9,10"
182,True,9,38191,43,2025-10-28 17:00:00,"0,1,2,3,5,8,10,12,15"
186,True,15,65534,43,2025-10-28 21:00:00,"1,2,3,4,5,6,7,8,9,10,11,12,13,14,15"
241,True,2,1280,43,2025-10-31 08:00:00,"8,10"
244,True,6,7464,43,2025-10-31 11:00:00,"3,5,8,10,11,12"
246,True,5,18052,43,2025-10-31 13:00:00,"2,7,9,10,14"
248,True,8,53295,43,2025-10-31 15:00:00,"0,1,2,3,5,12,14,15"
287,True,1,1,43,2025-11-02 09:00:00,0
350,True,2,16400,43,2025-11-05 00:00:00,"4,14"
356,True,13,65342,43,2025-11-05 06:00:00,"1,2,3,4,5,8,9,10,11,12,13,14,15"
369,True,3,9344,43,2025-11-05 19:00:00,"7,10,13"
375,True,16,65535,43,2025-11-06 01:00:00,"0,1,2,3,4,5,6,7,8,9,10,11,12,13,14,15"
385,True,3,16544,43,2025-11-06 11:00:00,"5,7,14"
393,True,10,15827,43,2025-11-06 19:00:00,"0,1,4,6,7,8,10,11,12,13"
403,True,1,32768,43,2025-11-07 08:00:00,15
407,True,5,45320,43,2025-11-07 12:00:00,"3,8,12,13,15"
412,True,4,37504,43,2025-11-07 17:00:00,"7,9,12,15"
414,True,12,36831,43,2025-11-07 19:00:00,"0,1,2,3,4,6,7,8,9,10,11,15"
435,True,8,44677,43,2025-11-08 16:00:00,"0,2,7,9,10,11,13,15"
481,True,3,4106,43,2025-11-10 14:00:00,"1,3,12"
502,True,3,16401,43,2025-11-11 11:00:00,"0,4,14"
517,True,13,57309,43,2025-11-12 02:00:00,"0,2,3,4,6,7,8,9,10,11,12,14,15"
566,True,13,62459,43,2025-11-14 06:00:00,"0,1,3,4,5,6,7,8,9,12,13,14,15"
568,True,4,332,43,2025-11-14 08:00:00,"2,3,6,8"
608,True,5,358,43,2025-11-16 00:00:00,"1,2,5,6,8"
612,True,10,24275,43,2025-11-16 04:00:00,"0,1,4,6,7,9,10,11,12,14"
662,True,8,38726,43,2025-11-18 06:00:00,"1,2,6,8,9,10,12,15"
669,True,4,36932,43,2025-11-18 13:00:00,"2,6,12,15"
680,True,8,42187,43,2025-11-19 03:00:00,"0,1,3,6,7,10,13,15"
683,True,6,4187,43,2025-11-19 06:00:00,"0,1,3,4,6,12"
687,True,15,65023,43,2025-11-19 10:00:00,"0,1,2,3,4,5,6,7,8,10,11,12,13,14,15"
734,True,5,24617,43,2025-11-21 09:00:00,"0,3,5,13,14"
742,True,10,15348,43,2025-11-21 17:00:00,"2,4,5,6,7,8,9,11,12,13"
775,True,2,320,43,2025-11-23 02:00:00,"6,8"
807,True,13,55287,43,2025-11-24 10:00:00,"0,1,2,4,5,6,7,8,9,10,12,14,15"
820,True,16,65535,43,2025-11-24 23:00:00,"0,1,2,3,4,5,6,7,8,9,10,11,12,13,14,15"
835,True,5,17218,43,2025-11-25 17:00:00,"1,6,8,9,14"
940,True,2,96,43,2025-11-30 02:00:00,"5,6"
948,True,7,17051,43,2025-11-30 10:00:00,"0,1,3,4,7,9,14"
983,True,4,33600,43,2025-12-02 00:00:00,"6,8,9,15"
1006,True,12,32606,43,2025-12-03 03:00:00,"1,2,3,4,6,8,9,10,11,12,13,14"
1028,True,11,56245,43,2025-12-04 01:00:00,"0,2,4,5,7,8,9,11,12,14,15"
1061,True,7,38428,43,2025-12-05 10:00:00,"2,3,4,9,10,12,15"
1063,True,5,53824,43,2025-12-05 12:00:00,"6,9,12,14,15"
1085,True,10,15927,43,2025-12-06 10:00:00,"0,1,2,4,5,9,10,11,12,13"
1158,True,13,63469,43,2025-12-09 14:00:00,"0,2,3,5,6,7,8,9,10,12,13,14,15"
1172,True,6,35916,43,2025-12-10 04:00:00,"2,3,6,10,11,15"
1189,True,4,216,43,2025-12-10 21:00:00,"3,4,6,7"
1195,True,11,10111,43,2025-12-11 03:00:00,"0,1,2,3,4,5,6,8,9,10,13"
1206,True,5,9297,43,2025-12-11 14:00:00,"0,4,6,10,13"
1240,True,14,49119,43,2025-12-13 03:00:00,"0,1,2,3,4,6,7,8,9,10,11,12,13,15"
1250,True,11,11135,43,2025-12-13 13:00:00,"0,1,2,3,4,5,6,8,9,11,13"
1259,True,6,9002,43,2025-12-13 22:00:00,"1,3,5,8,9,13"
1269,True,8,38609,43,2025-12-14 08:00:00,"0,4,6,7,9,10,12,15"
1283,True,5,1138,43,2025-12-14 22:00:00,"1,4,5,6,10"
1285,True,12,64311,43,2025-12-15 00:00:00,"0,1,2,4,5,8,9,11,12,13,14,15"
1323,True,8,24512,43,2025-12-16 14:00:00,"6,7,8,9,10,11,12,14"
1335,True,10,7421,43,2025-12-17 02:00:00,"0,2,3,4,5,6,7,10,11,12"
1387,True,8,51937,43,2025-12-19 09:00:00,"0,5,6,7,9,11,14,15"
1395,True,8,27022,43,2025-12-19 17:00:00,"1,2,3,7,8,11,13,14"
1396,True,11,54262,43,2025-12-19 18:00:00,"1,2,4,5,6,7,8,9,12,14,15"
1441,True,10,57057,43,2025-12-21 15:00:00,"0,5,6,7,9,10,11,12,14,15"
1454,True,4,2594,43,2025-12-22 04:00:00,"1,5,9,11"
1459,True,14,65511,43,2025-12-22 09:00:00,"0,1,2,5,6,7,8,9,10,11,12,13,14,15"
1499,True,11,56305,43,2025-12-24 01:00:00,"0,4,5,6,7,8,9,11,12,14,15"
1506,True,4,2069,43,2025-12-24 08:00:00,"0,2,4,11"
1544,True,10,15610,43,2025-12-26 01:00:00,"1,3,4,5,6,7,10,11,12,13"
1545,True,3,16912,43,2025-12-26 02:00:00,"4,9,14"
1551,True,16,65535,43,2025-12-26 08:00:00,"0,1,2,3,4,5,6,7,8,9,10,11,12,13,14,15"
1559,True,10,59306,43,2025-12-26 16:00:00,"1,3,5,7,8,9,10,13,14,15"
1592,True,2,96,43,2025-12-28 01:00:00,"5,6"
1604,True,6,50960,43,2025-12-28 13:00:00,"4,8,9,10,14,15"
1647,True,7,36196,43,2025-12-30 08:00:00,"2,5,6,8,10,11,15"
13,True,7,35149,44,2025-10-21 13:00:00,"0,2,3,6,8,11,15"
56,True,10,44127,44,2025-10-23 08:00:00,"0,1,2,3,4,6,10,11,13,15"
60,True,1,1,44,2025-10-23 12:00:00,0
71,True,9,44187,44,2025-10-23 23:00:00,"0,1,3,4,7,10,11,13,15"
80,True,9,15301,44,2025-10-24 08:00:00,"0,2,6,7,8,9,11,12,13"
101,True,1,16,44,2025-10-25 05:00:00,4
106,True,9,64773,44,2025-10-25 10:00:00,"0,2,8,10,11,12,13,14,15"
140,True,3,88,44,2025-10-26 23:00:00,"3,4,6"
148,True,10,46430,44,2025-10-27 07:00:00,"1,2,3,4,6,8,10,12,13,15"
156,True,7,34458,44,2025-10-27 15:00:00,"1,3,4,7,9,10,15"
157,True,5,49320,44,2025-10-27 16:00:00,"3,5,7,14,15"
229,True,3,2192,44,2025-10-30 20:00:00,"4,7,11"
273,True,14,64959,44,2025-11-01 19:00:00,"0,1,2,3,4,5,7,8,10,11,12,13,14,15"
276,True,8,43321,44,2025-11-01 22:00:00,"0,3,4,5,8,11,13,15"
277,True,10,16043,44,2025-11-01 23:00:00,"0,1,3,5,7,9,10,11,12,13"
313,True,7,9530,44,2025-11-03 11:00:00,"1,3,4,5,8,10,13"
335,True,9,57122,44,2025-11-04 09:00:00,"1,5,8,9,10,11,12,14,15"
356,True,8,15672,44,2025-11-05 06:00:00,"3,4,5,8,10,11,12,13"
363,True,10,15767,44,2025-11-05 13:00:00,"0,1,2,4,7,8,10,11,12,13"
367,True,10,45001,44,2025-11-05 17:00:00,"0,3,6,7,8,9,10,11,13,15"
450,True,15,65279,44,2025-11-09 07:00:00,"0,1,2,3,4,5,6,7,9,10,11,12,13,14,15"
483,True,8,59918,44,2025-11-10 16:00:00,"1,2,3,9,11,13,14,15"
488,True,16,65535,44,2025-11-10 21:00:00,"0,1,2,3,4,5,6,7,8,9,10,11,12,13,14,15"
504,True,12,63383,44,2025-11-11 13:00:00,"0,1,2,4,7,8,9,10,12,13,14,15"
544,True,13,63743,44,2025-11-13 08:00:00,"0,1,2,3,4,5,6,7,11,12,13,14,15"
596,True,9,34733,44,2025-11-15 12:00:00,"0,2,3,5,7,8,9,10,15"
638,True,2,16640,44,2025-11-17 06:00:00,"8,14"
664,True,15,32767,44,2025-11-18 08:00:00,"0,1,2,3,4,5,6,7,8,9,10,11,12,13,14"
694,True,5,2201,44,2025-11-19 17:00:00,"0,3,4,7,11"
704,True,4,16660,44,2025-11-20 03:00:00,"2,4,8,14"
709,True,9,42949,44,2025-11-20 08:00:00,"0,2,6,7,8,9,10,13,15"
736,True,10,60699,44,2025-11-21 11:00:00,"0,1,3,4,8,10,11,13,14,15"
772,True,2,8196,44,2025-11-22 23:00:00,"2,13"
784,True,12,59071,44,2025-11-23 11:00:00,"0,1,2,3,4,5,7,9,10,13,14,15"
821,True,5,1053,44,2025-11-25 03:00:00,"0,2,3,4,10"
842,True,1,1,44,2025-11-26 00:00:00,0
846,True,15,65534,44,2025-11-26 04:00:00,"1,2,3,4,5,6,7,8,9,10,11,12,13,14,15"
878,True,10,42303,44,2025-11-27 12:00:00,"0,1,2,3,4,5,8,10,13,15"
941,True,12,47807,44,2025-11-30 03:00:00,"0,1,2,3,4,5,7,9,11,12,13,15"
942,True,3,74,44,2025-11-30 04:00:00,"1,3,6"
977,True,3,296,44,2025-12-01 18:00:00,"3,5,8"
992,True,13,40951,44,2025-12-02 09:00:00,"0,1,2,4,5,6,7,8,9,10,11,12,15"
1007,True,2,8320,44,2025-12-03 04:00:00,"7,13"
1025,True,1,8192,44,2025-12-03 22:00:00,13
1030,True,1,64,44,2025-12-04 03:00:00,6
1039,True,12,49101,44,2025-12-04 12:00:00,"0,2,3,6,7,8,9,10,11,12,13,15"
1047,True,3,37376,44,2025-12-04 20:00:00,"9,12,15"
1071,True,4,8840,44,2025-12-05 20:00:00,"3,7,9,13"
1074,True,10,46391,44,2025-12-05 23:00:00,"0,1,2,4,5,8,10,12,13,15"
1083,True,4,2824,44,2025-12-06 08:00:00,"3,8,9,11"
1087,True,7,37515,44,2025-12-06 12:00:00,"0,1,3,7,9,12,15"
1132,True,7,10891,44,2025-12-08 12:00:00,"0,1,3,7,9,11,13"
1143,True,5,1618,44,2025-12-08 23:00:00,"1,4,6,9,10"
1159,True,10,39411,44,2025-12-09 15:00:00,"0,1,4,5,6,7,8,11,12,15"
1207,True,3,26624,44,2025-12-11 15:00:00,"11,13,14"
1209,True,15,65531,44,2025-12-11 17:00:00,"0,1,3,4,5,6,7,8,9,10,11,12,13,14,15"
1216,True,12,60859,44,2025-12-12 00:00:00,"0,1,3,4,5,7,8,10,11,13,14,15"
1235,True,9,60130,44,2025-12-12 19:00:00,"1,5,6,7,9,11,13,14,15"
1240,True,8,50417,44,2025-12-13 03:00:00,"0,4,5,6,7,10,14,15"
1265,True,5,32813,44,2025-12-14 04:00:00,"0,2,3,5,15"
1289,True,5,905,44,2025-12-15 04:00:00,"0,3,7,8,9"
1303,True,16,65535,44,2025-12-15 18:00:00,"0,1,2,3,4,5,6,7,8,9,10,11,12,13,14,15"
1307,True,1,8192,44,2025-12-15 22:00:00,13
1329,True,13,57340,44,2025-12-16 20:00:00,"2,3,4,5,6,7,8,9,10,11,12,14,15"
1335,True,2,160,44,2025-12-17 02:00:00,"5,7"
1342,True,8,57578,44,2025-12-17 09:00:00,"1,3,5,6,7,13,14,15"
1372,True,14,40959,44,2025-12-18 15:00:00,"0,1,2,3,4,5,6,7,8,9,10,11,12,15"
1387,True,5,653,44,2025-12-19 09:00:00,"0,2,3,7,9"
1403,True,12,57273,44,2025-12-20 01:00:00,"0,3,4,5,7,8,9,10,11,12,14,15"
1446,True,15,65503,44,2025-12-21 20:00:00,"0,1,2,3,4,6,7,8,9,10,11,12,13,14,15"
1470,True,9,41709,44,2025-12-22 20:00:00,"0,2,3,5,6,7,9,13,15"
1479,True,6,9921,44,2025-12-23 05:00:00,"0,6,7,9,10,13"
1505,True,13,65390,44,2025-12-24 07:00:00,"1,2,3,5,6,8,9,10,11,12,13,14,15"
1508,True,12,30702,44,2025-12-24 10:00:00,"1,2,3,5,6,7,8,9,10,12,13,14"
1509,True,1,1024,44,2025-12-24 11:00:00,10
1541,True,12,55743,44,2025-12-25 22:00:00,"0,1,2,3,4,5,7,8,11,12,14,15"
1555,True,8,21212,44,2025-12-26 12:00:00,"2,3,4,6,7,9,12,14"
1571,True,8,46512,44,2025-12-27 04:00:00,"4,5,7,8,10,12,13,15"
1589,True,7,14089,44,2025-12-27 22:00:00,"0,3,8,9,10,12,13"
1626,True,8,55347,44,2025-12-29 11:00:00,"0,1,4,5,11,12,14,15"
1633,True,13,8191,44,2025-12-29 18:00:00,"0,1,2,3,4,5,6,7,8,9,10,11,12"
1652,True,15,57343,44,2025-12-30 13:00:00,"0,1,2,3,4,5,6,7,8,9,10,11,12,14,15"
1657,True,6,41560,44,2025-12-30 18:00:00,"3,4,6,9,13,15"
1667,True,1,512,44,2025-12-31 07:00:00,9
10,True,7,3385,45,2025-10-21 10:00:00,"0,3,4,5,8,10,11"
20,True,12,65115,45,2025-10-21 20:00:00,"0,1,3,4,6,9,10,11,12,13,14,15"
25,True,11,47735,45,2025-10-22 01:00:00,"0,1,2,4,5,6,9,11,12,13,15"
32,True,3,8202,45,2025-10-22 08:00:00,"1,3,13"
45,True,11,63738,45,2025-10-22 21:00:00,"1,3,4,5,6,7,11,12,13,14,15"
48,True,7,4763,45,2025-10-23 00:00:00,"0,1,3,4,7,9,12"
131,True,13,63439,45,2025-10-26 14:00:00,"0,1,2,3,6,7,8,9,10,12,13,14,15"
140,True,12,40829,45,2025-10-26 23:00:00,"0,2,3,4,5,6,8,9,10,11,12,15"
144,True,1,16384,45,2025-10-27 03:00:00,14
194,True,14,65515,45,2025-10-29 05:00:00,"0,1,3,5,6,7,8,9,10,11,12,13,14,15"
238,True,5,5381,45,2025-10-31 05:00:00,"0,2,8,10,12"
260,True,2,4104,45,2025-11-01 06:00:00,"3,12"
285,True,7,1750,45,2025-11-02 07:00:00,"1,2,4,6,7,9,10"
287,True,4,226,45,2025-11-02 09:00:00,"1,5,6,7"
290,True,13,47099,45,2025-11-02 12:00:00,"0,1,3,4,5,6,7,8,9,10,12,13,15"
296,True,6,47234,45,2025-11-02 18:00:00,"1,7,11,12,13,15"
316,True,2,16388,45,2025-11-03 14:00:00,"2,14"
390,True,15,65534,45,2025-11-06 16:00:00,"1,2,3,4,5,6,7,8,9,10,11,12,13,14,15"
394,True,8,31905,45,2025-11-06 20:00:00,"0,5,7,10,11,12,13,14"
412,True,4,34312,45,2025-11-07 17:00:00,"3,9,10,15"
426,True,7,6203,45,2025-11-08 07:00:00,"0,1,3,4,5,11,12"
428,True,13,57334,45,2025-11-08 09:00:00,"1,2,4,5,6,7,8,9,10,11,12,14,15"
442,True,9,28175,45,2025-11-08 23:00:00,"0,1,2,3,9,10,11,13,14"
452,True,4,35872,45,2025-11-09 09:00:00,"5,10,11,15"
461,True,7,19238,45,2025-11-09 18:00:00,"1,2,5,8,9,11,14"
486,True,11,40127,45,2025-11-10 19:00:00,"0,1,2,3,4,5,7,10,11,12,15"
491,True,10,48333,45,2025-11-11 00:00:00,"0,2,3,6,7,10,11,12,13,15"
496,True,4,2696,45,2025-11-11 05:00:00,"3,7,9,11"
506,True,15,57343,45,2025-11-11 15:00:00,"0,1,2,3,4,5,6,7,8,9,10,11,12,14,15"
512,True,15,63487,45,2025-11-11 21:00:00,"0,1,2,3,4,5,6,7,8,9,10,12,13,14,15"
539,True,6,25176,45,2025-11-13 03:00:00,"3,4,6,9,13,14"
550,True,14,64507,45,2025-11-13 14:00:00,"0,1,3,4,5,6,7,8,9,11,12,13,14,15"
570,True,4,17921,45,2025-11-14 10:00:00,"0,9,10,14"
577,True,2,16896,45,2025-11-14 17:00:00,"9,14"
626,True,2,4352,45,2025-11-16 18:00:00,"8,12"
640,True,9,15134,45,2025-11-17 08:00:00,"1,2,3,4,8,9,11,12,13"
667,True,10,28148,45,2025-11-18 11:00:00,"2,4,5,6,7,8,10,11,13,14"
678,True,5,2252,45,2025-11-18 22:00:00,"2,3,6,7,11"
712,True,12,16349,45,2025-11-20 11:00:00,"0,2,3,4,6,7,8,9,10,11,12,13"
727,True,10,46750,45,2025-11-21 02:00:00,"1,2,3,4,7,9,10,12,13,15"
752,True,11,39422,45,2025-11-22 03:00:00,"1,2,3,4,5,6,7,8,11,12,15"
767,True,7,59653,45,2025-11-22 18:00:00,"0,2,8,11,13,14,15"
780,True,13,65451,45,2025-11-23 07:00:00,"0,1,3,5,7,8,9,10,11,12,13,14,15"
849,True,9,16135,45,2025-11-26 07:00:00,"0,1,2,8,9,10,11,12,13"
854,True,16,65535,45,2025-11-26 12:00:00,"0,1,2,3,4,5,6,7,8,9,10,11,12,13,14,15"
855,True,5,451,45,2025-11-26 13:00:00,"0,1,6,7,8"
858,True,11,59356,45,2025-11-26 16:00:00,"2,3,4,6,7,8,9,10,13,14,15"
860,True,5,713,45,2025-11-26 18:00:00,"0,3,6,7,9"
870,True,4,33090,45,2025-11-27 04:00:00,"1,6,8,15"
910,True,9,20338,45,2025-11-28 20:00:00,"1,4,5,6,8,9,10,11,14"
941,True,3,2178,45,2025-11-30 03:00:00,"1,7,11"
954,True,9,47724,45,2025-11-30 16:00:00,"2,3,5,6,9,11,12,13,15"
968,True,14,65469,45,2025-12-01 09:00:00,"0,2,3,4,5,7,8,9,10,11,12,13,14,15"
989,True,10,7775,45,2025-12-02 06:00:00,"0,1,2,3,4,6,9,10,11,12"
1024,True,6,4316,45,2025-12-03 21:00:00,"2,3,4,6,7,12"
1082,True,14,65399,45,2025-12-06 07:00:00,"0,1,2,4,5,6,8,9,10,11,12,13,14,15"
1088,True,8,61493,45,2025-12-06 13:00:00,"0,2,4,5,12,13,14,15"
1098,True,2,8704,45,2025-12-06 23:00:00,"9,13"
1104,True,5,8275,45,2025-12-07 08:00:00,"0,1,4,6,13"
1125,True,11,60794,45,2025-12-08 05:00:00,"1,3,4,5,6,8,10,11,13,14,15"
1127,True,11,8167,45,2025-12-08 07:00:00,"0,1,2,5,6,7,8,9,10,11,12"
1132,True,1,2048,45,2025-12-08 12:00:00,11
1136,True,1,256,45,2025-12-08 16:00:00,8
1149,True,16,65535,45,2025-12-09 05:00:00,"0,1,2,3,4,5,6,7,8,9,10,11,12,13,14,15"
1158,True,2,33280,45,2025-12-09 14:00:00,"9,15"
1174,True,13,59383,45,2025-12-10 06:00:00,"0,1,2,4,5,6,7,8,9,10,13,14,15"
1277,True,5,24632,45,2025-12-14 16:00:00,"3,4,5,13,14"
1297,True,13,65342,45,2025-12-15 12:00:00,"1,2,3,4,5,8,9,10,11,12,13,14,15"
1303,True,1,16384,45,2025-12-15 18:00:00,14
1315,True,5,51460,45,2025-12-16 06:00:00,"2,8,11,14,15"
1323,True,10,61923,45,2025-12-16 14:00:00,"0,1,5,6,7,8,12,13,14,15"
1336,True,13,61279,45,2025-12-17 03:00:00,"0,1,2,3,4,6,8,9,10,11,13,14,15"
1390,True,5,10296,45,2025-12-19 12:00:00,"3,4,5,11,13"
1398,True,4,24579,45,2025-12-19 20:00:00,"0,1,13,14"
1417,True,12,31423,45,2025-12-20 15:00:00,"0,1,2,3,4,5,7,9,11,12,13,14"
1430,True,11,64933,45,2025-12-21 04:00:00,"0,2,5,7,8,10,11,12,13,14,15"
1459,True,10,59741,45,2025-12-22 09:00:00,"0,2,3,4,6,8,11,13,14,15"
1460,True,12,48319,45,2025-12-22 10:00:00,"0,1,2,3,4,5,7,10,11,12,13,15"
1478,True,13,45023,45,2025-12-23 04:00:00,"0,1,2,3,4,6,7,8,9,10,11,13,15"
1491,True,3,770,45,2025-12-23 17:00:00,"1,8,9"
1509,True,13,49086,45,2025-12-24 11:00:00,"1,2,3,4,5,7,8,9,10,11,12,13,15"
1522,True,5,38945,45,2025-12-25 03:00:00,"0,5,11,12,15"
1523,True,2,132,45,2025-12-25 04:00:00,"2,7"
1547,True,11,63918,45,2025-12-26 04:00:00,"1,2,3,5,7,8,11,12,13,14,15"
1559,True,9,26469,45,2025-12-26 16:00:00,"0,2,5,6,8,9,10,13,14"
1571,True,14,64895,45,2025-12-27 04:00:00,"0,1,2,3,4,5,6,8,10,11,12,13,14,15"
1574,True,16,65535,45,2025-12-27 07:00:00,"0,1,2,3,4,5,6,7,8,9,10,11,12,13,14,15"
1575,True,8,46193,45,2025-12-27 08:00:00,"0,4,5,6,10,12,13,15"
1582,True,1,4,45,2025-12-27 15:00:00,2
1595,True,4,4496,45,2025-12-28 04:00:00,"4,7,8,12"
1608,True,15,65519,45,2025-12-28 17:00:00,"0,1,2,3,5,6,7,8,9,10,11,12,13,14,15"
1620,True,3,16897,45,2025-12-29 05:00:00,"0,9,14"
1657,True,10,47453,45,2025-12-30 18:00:00,"0,2,3,4,6,8,11,12,13,15"
6,True,11,55934,46,2025-10-21 06:00:00,"1,2,3,4,5,6,9,11,12,14,15"
17,True,16,65535,46,2025-10-21 17:00:00,"0,1,2,3,4,5,6,7,8,9,10,11,12,13,14,15"
29,True,4,33346,46,2025-10-22 05:00:00,"1,6,9,15"
92,True,5,34208,46,2025-10-24 20:00:00,"5,7,8,10,15"
111,True,8,33207,46,2025-10-25 15:00:00,"0,1,2,4,5,7,8,15"
114,True,10,51677,46,2025-10-25 18:00:00,"0,2,3,4,6,7,8,11,14,15"
130,True,9,56522,46,2025-10-26 13:00:00,"1,3,6,7,10,11,12,14,15"
134,True,1,1024,46,2025-10-26 17:00:00,10
150,True,10,55659,46,2025-10-27 09:00:00,"0,1,3,5,6,8,11,12,14,15"
230,True,12,56183,46,2025-10-30 21:00:00,"0,1,2,4,5,6,8,9,11,12,14,15"
231,True,6,19730,46,2025-10-30 22:00:00,"1,4,8,10,11,14"
233,True,3,2120,46,2025-10-31 00:00:00,"3,6,11"
240,True,11,64606,46,2025-10-31 07:00:00,"1,2,3,4,6,10,11,12,13,14,15"
254,True,7,18243,46,2025-10-31 21:00:00,"0,1,6,8,9,10,14"
262,True,11,24309,46,2025-11-01 08:00:00,"0,2,4,5,6,7,9,10,11,12,14"
308,True,15,49151,46,2025-11-03 06:00:00,"0,1,2,3,4,5,6,7,8,9,10,11,12,13,15"
321,True,10,22175,46,2025-11-03 19:00:00,"0,1,2,3,4,7,9,10,12,14"
348,True,5,8842,46,2025-11-04 22:00:00,"1,3,7,9,13"
390,True,10,43483,46,2025-11-06 16:00:00,"0,1,3,4,6,7,8,11,13,15"
435,True,10,35263,46,2025-11-08 16:00:00,"0,1,2,3,4,5,7,8,11,15"
445,True,2,8193,46,2025-11-09 02:00:00,"0,13"
488,True,16,65535,46,2025-11-10 21:00:00,"0,1,2,3,4,5,6,7,8,9,10,11,12,13,14,15"
493,True,16,65535,46,2025-11-11 02:00:00,"0,1,2,3,4,5,6,7,8,9,10,11,12,13,14,15"
503,True,6,8998,46,2025-11-11 12:00:00,"1,2,5,8,9,13"
524,True,2,32784,46,2025-11-12 09:00:00,"4,15"
581,True,16,65535,46,2025-11-14 21:00:00,"0,1,2,3,4,5,6,7,8,9,10,11,12,13,14,15"
616,True,16,65535,46,2025-11-16 08:00:00,"0,1,2,3,4,5,6,7,8,9,10,11,12,13,14,15"
628,True,2,4097,46,2025-11-16 20:00:00,"0,12"
637,True,12,47067,46,2025-11-17 05:00:00,"0,1,3,4,6,7,8,9,10,12,13,15"
644,True,3,641,46,2025-11-17 12:00:00,"0,7,9"
660,True,14,32763,46,2025-11-18 04:00:00,"0,1,3,4,5,6,7,8,9,10,11,12,13,14"
685,True,16,65535,46,2025-11-19 08:00:00,"0,1,2,3,4,5,6,7,8,9,10,11,12,13,14,15"
687,True,14,61375,46,2025-11-19 10:00:00,"0,1,2,3,4,5,7,8,9,10,11,13,14,15"
700,True,15,32767,46,2025-11-19 23:00:00,"0,1,2,3,4,5,6,7,8,9,10,11,12,13,14"
704,True,16,65535,46,2025-11-20 03:00:00,"0,1,2,3,4,5,6,7,8,9,10,11,12,13,14,15"
725,True,4,6401,46,2025-11-21 00:00:00,"0,8,11,12"
732,True,1,64,46,2025-11-21 07:00:00,6
750,True,12,16125,46,2025-11-22 01:00:00,"0,2,3,4,5,6,7,9,10,11,12,13"
771,True,16,65535,46,2025-11-22 22:00:00,"0,1,2,3,4,5,6,7,8,9,10,11,12,13,14,15"
784,True,14,57339,46,2025-11-23 11:00:00,"0,1,3,4,5,6,7,8,9,10,11,12,14,15"
788,True,16,65535,46,2025-11-23 15:00:00,"0,1,2,3,4,5,6,7,8,9,10,11,12,13,14,15"
791,True,12,23423,46,2025-11-23 18:00:00,"0,1,2,3,4,5,6,8,9,11,12,14"
803,True,1,2048,46,2025-11-24 06:00:00,11
813,True,8,24090,46,2025-11-24 16:00:00,"1,3,4,9,10,11,12,14"
845,True,7,23944,46,2025-11-26 03:00:00,"3,7,8,10,11,12,14"
853,True,12,61411,46,2025-11-26 11:00:00,"0,1,5,6,7,8,9,10,11,13,14,15"
868,True,16,65535,46,2025-11-27 02:00:00,"0,1,2,3,4,5,6,7,8,9,10,11,12,13,14,15"
892,True,16,65535,46,2025-11-28 02:00:00,"0,1,2,3,4,5,6,7,8,9,10,11,12,13,14,15"
906,True,10,61853,46,2025-11-28 16:00:00,"0,2,3,4,7,8,12,13,14,15"
926,True,7,19633,46,2025-11-29 12:00:00,"0,4,5,7,10,11,14"
931,True,10,11703,46,2025-11-29 17:00:00,"0,1,2,4,5,7,8,10,11,13"
952,True,8,26985,46,2025-11-30 14:00:00,"0,3,5,6,8,11,13,14"
964,True,14,65022,46,2025-12-01 05:00:00,"1,2,3,4,5,6,7,8,10,11,12,13,14,15"
975,True,11,36830,46,2025-12-01 16:00:00,"1,2,3,4,6,7,8,9,10,11,15"
999,True,6,2016,46,2025-12-02 20:00:00,"5,6,7,8,9,10"
1075,True,13,65437,46,2025-12-06 00:00:00,"0,2,3,4,7,8,9,10,11,12,13,14,15"
1083,True,11,26587,46,2025-12-06 08:00:00,"0,1,3,4,6,7,8,9,10,13,14"
1111,True,6,53784,46,2025-12-07 15:00:00,"3,4,9,12,14,15"
1119,True,14,63999,46,2025-12-07 23:00:00,"0,1,2,3,4,5,6,7,8,11,12,13,14,15"
1123,True,1,8,46,2025-12-08 03:00:00,3
1129,True,15,65527,46,2025-12-08 09:00:00,"0,1,2,4,5,6,7,8,9,10,11,12,13,14,15"
1136,True,4,2313,46,2025-12-08 16:00:00,"0,3,8,11"
1138,True,16,65535,46,2025-12-08 18:00:00,"0,1,2,3,4,5,6,7,8,9,10,11,12,13,14,15"
1157,True,9,20078,46,2025-12-09 13:00:00,"1,2,3,5,6,9,10,11,14"
1159,True,16,65535,46,2025-12-09 15:00:00,"0,1,2,3,4,5,6,7,8,9,10,11,12,13,14,15"
1185,True,11,57265,46,2025-12-10 17:00:00,"0,4,5,7,8,9,10,11,12,14,15"
1201,True,15,65534,46,2025-12-11 09:00:00,"1,2,3,4,5,6,7,8,9,10,11,12,13,14,15"
1220,True,9,51577,46,2025-12-12 04:00:00,"0,3,4,5,6,8,11,14,15"
1227,True,10,47860,46,2025-12-12 11:00:00,"2,4,5,6,7,9,11,12,13,15"
1292,True,13,57263,46,2025-12-15 07:00:00,"0,1,2,3,5,7,8,9,10,11,12,14,15"
1305,True,11,42431,46,2025-12-15 20:00:00,"0,1,2,3,4,5,7,8,10,13,15"
1318,True,9,37803,46,2025-12-16 09:00:00,"0,1,3,5,7,8,9,12,15"
1322,True,10,48082,46,2025-12-16 13:00:00,"1,4,6,7,8,9,11,12,13,15"
1327,True,11,32199,46,2025-12-16 18:00:00,"0,1,2,6,7,8,10,11,12,13,14"
1346,True,1,2048,46,2025-12-17 13:00:00,11
1350,True,8,5078,46,2025-12-17 17:00:00,"1,2,4,6,7,8,9,12"
1363,True,6,10856,46,2025-12-18 06:00:00,"3,5,6,9,11,13"
1370,True,11,64307,46,2025-12-18 13:00:00,"0,1,4,5,8,9,11,12,13,14,15"
1379,True,14,65525,46,2025-12-18 22:00:00,"0,2,4,5,6,7,8,9,10,11,12,13,14,15"
1447,True,6,921,46,2025-12-21 21:00:00,"0,3,4,7,8,9"
1480,True,7,21098,46,2025-12-23 06:00:00,"1,3,5,6,9,12,14"
1486,True,10,58823,46,2025-12-23 12:00:00,"0,1,2,6,7,8,10,13,14,15"
1523,True,4,41217,46,2025-12-25 04:00:00,"0,8,13,15"
1529,True,4,43009,46,2025-12-25 10:00:00,"0,11,13,15"
1539,True,3,33794,46,2025-12-25 20:00:00,"1,10,15"
1580,True,1,8,46,2025-12-27 13:00:00,3
1582,True,8,47193,46,2025-12-27 15:00:00,"0,3,4,6,11,12,13,15"
1594,True,2,32832,46,2025-12-28 03:00:00,"6,15"
1683,True,6,16597,46,2025-12-31 23:00:00,"0,2,4,6,7,14"
5,True,1,8192,47,2025-10-21 05:00:00,13
15,True,1,2,47,2025-10-21 15:00:00,1
19,True,13,32383,47,2025-10-21 19:00:00,"0,1,2,3,4,5,6,9,10,11,12,13,14"
84,True,10,31143,47,2025-10-24 12:00:00,"0,1,2,5,7,8,11,12,13,14"
85,True,16,65535,47,2025-10-24 13:00:00,"0,1,2,3,4,5,6,7,8,9,10,11,12,13,14,15"
86,True,10,43709,47,2025-10-24 14:00:00,"0,2,3,4,5,7,9,11,13,15"
89,True,8,37113,47,2025-10-24 17:00:00,"0,3,4,5,6,7,12,15"
90,True,5,10290,47,2025-10-24 18:00:00,"1,4,5,11,13"
97,True,3,2178,47,2025-10-25 01:00:00,"1,7,11"
109,True,10,29436,47,2025-10-25 13:00:00,"2,3,4,5,6,7,9,12,13,14"
158,True,10,18927,47,2025-10-27 17:00:00,"0,1,2,3,5,6,7,8,11,14"
159,True,9,53881,47,2025-10-27 18:00:00,"0,3,4,5,6,9,12,14,15"
180,True,10,6654,47,2025-10-28 15:00:00,"1,2,3,4,5,6,7,8,11,12"
200,True,8,27286,47,2025-10-29 11:00:00,"1,2,4,7,9,11,13,14"
201,True,6,13186,47,2025-10-29 12:00:00,"1,7,8,9,12,13"
207,True,16,65535,47,2025-10-29 18:00:00,"0,1,2,3,4,5,6,7,8,9,10,11,12,13,14,15"
223,True,4,16440,47,2025-10-30 14:00:00,"3,4,5,14"
263,True,10,48526,47,2025-11-01 09:00:00,"1,2,3,7,8,10,11,12,13,15"
267,True,15,65023,47,2025-11-01 13:00:00,"0,1,2,3,4,5,6,7,8,10,11,12,13,14,15"
268,True,2,2052,47,2025-11-01 14:00:00,"2,11"
305,True,13,48095,47,2025-11-03 03:00:00,"0,1,2,3,4,6,7,8,9,11,12,13,15"
311,True,9,34263,47,2025-11-03 09:00:00,"0,1,2,4,6,7,8,10,15"
313,True,4,408,47,2025-11-03 11:00:00,"3,4,7,8"
339,True,9,27363,47,2025-11-04 13:00:00,"0,1,5,6,7,9,11,13,14"
344,True,6,21160,47,2025-11-04 18:00:00,"3,5,7,9,12,14"
345,True,9,30947,47,2025-11-04 19:00:00,"0,1,5,6,7,11,12,13,14"
379,True,13,48575,47,2025-11-06 05:00:00,"0,1,2,3,4,5,7,8,10,11,12,13,15"
396,True,2,10240,47,2025-11-06 22:00:00,"11,13"
411,True,9,44363,47,2025-11-07 16:00:00,"0,1,3,6,8,10,11,13,15"
416,True,12,43903,47,2025-11-07 21:00:00,"0,1,2,3,4,5,6,8,9,11,13,15"
428,True,7,46248,47,2025-11-08 09:00:00,"3,5,7,10,12,13,15"
440,True,13,60895,47,2025-11-08 21:00:00,"0,1,2,3,4,6,7,8,10,11,13,14,15"
446,True,2,1040,47,2025-11-09 03:00:00,"4,10"
501,True,2,1536,47,2025-11-11 10:00:00,"9,10"
505,True,14,57341,47,2025-11-11 14:00:00,"0,2,3,4,5,6,7,8,9,10,11,12,14,15"
507,True,12,55035,47,2025-11-11 16:00:00,"0,1,3,4,5,6,7,9,10,12,14,15"
519,True,9,30887,47,2025-11-12 04:00:00,"0,1,2,5,7,11,12,13,14"
524,True,6,43526,47,2025-11-12 09:00:00,"1,2,9,11,13,15"
528,True,12,65446,47,2025-11-12 13:00:00,"1,2,5,7,8,9,10,11,12,13,14,15"
545,True,12,64423,47,2025-11-13 09:00:00,"0,1,2,5,7,8,9,11,12,13,14,15"
590,True,15,64511,47,2025-11-15 06:00:00,"0,1,2,3,4,5,6,7,8,9,11,12,13,14,15"
604,True,12,47613,47,2025-11-15 20:00:00,"0,2,3,4,5,6,7,8,11,12,13,15"
643,True,13,65239,47,2025-11-17 11:00:00,"0,1,2,4,6,7,9,10,11,12,13,14,15"
651,True,7,45834,47,2025-11-17 19:00:00,"1,3,8,9,12,13,15"
660,True,10,20423,47,2025-11-18 04:00:00,"0,1,2,6,7,8,9,10,11,14"
667,True,6,9417,47,2025-11-18 11:00:00,"0,3,6,7,10,13"
702,True,12,65337,47,2025-11-20 01:00:00,"0,3,4,5,8,9,10,11,12,13,14,15"
756,True,15,63487,47,2025-11-22 07:00:00,"0,1,2,3,4,5,6,7,8,9,10,12,13,14,15"
766,True,7,37453,47,2025-11-22 17:00:00,"0,2,3,6,9,12,15"
775,True,9,48913,47,2025-11-23 02:00:00,"0,4,8,9,10,11,12,13,15"
823,True,6,41483,47,2025-11-25 05:00:00,"0,1,3,9,13,15"
825,True,9,6887,47,2025-11-25 07:00:00,"0,1,2,5,6,7,9,11,12"
852,True,8,21293,47,2025-11-26 10:00:00,"0,2,3,5,8,9,12,14"
879,True,14,40959,47,2025-11-27 13:00:00,"0,1,2,3,4,5,6,7,8,9,10,11,12,15"
897,True,7,41187,47,2025-11-28 07:00:00,"0,1,5,6,7,13,15"
924,True,14,65021,47,2025-11-29 10:00:00,"0,2,3,4,5,6,7,8,10,11,12,13,14,15"
931,True,12,61389,47,2025-11-29 17:00:00,"0,2,3,6,7,8,9,10,11,13,14,15"
948,True,3,3076,47,2025-11-30 10:00:00,"2,10,11"
971,True,10,44668,47,2025-12-01 12:00:00,"2,3,4,5,6,9,10,11,13,15"
987,True,12,64829,47,2025-12-02 04:00:00,"0,2,3,4,5,8,10,11,12,13,14,15"
1036,True,12,8159,47,2025-12-04 09:00:00,"0,1,2,3,4,6,7,8,9,10,11,12"
1085,True,8,37671,47,2025-12-06 10:00:00,"0,1,2,5,8,9,12,15"
1114,True,16,65535,47,2025-12-07 18:00:00,"0,1,2,3,4,5,6,7,8,9,10,11,12,13,14,15"
1134,True,12,65253,47,2025-12-08 14:00:00,"0,2,5,6,7,9,10,11,12,13,14,15"
1160,True,8,28185,47,2025-12-09 16:00:00,"0,3,4,9,10,11,13,14"
1161,True,13,16382,47,2025-12-09 17:00:00,"1,2,3,4,5,6,7,8,9,10,11,12,13"
1165,True,8,29749,47,2025-12-09 21:00:00,"0,2,4,5,10,12,13,14"
1168,True,11,30645,47,2025-12-10 00:00:00,"0,2,4,5,7,8,9,10,12,13,14"
1171,True,6,605,47,2025-12-10 03:00:00,"0,2,3,4,6,9"
1178,True,7,4891,47,2025-12-10 10:00:00,"0,1,3,4,8,9,12"
1197,True,1,256,47,2025-12-11 05:00:00,8
1202,True,3,578,47,2025-12-11 10:00:00,"1,6,9"
1205,True,5,422,47,2025-12-11 13:00:00,"1,2,5,7,8"
1229,True,16,65535,47,2025-12-12 13:00:00,"0,1,2,3,4,5,6,7,8,9,10,11,12,13,14,15"
1245,True,5,22568,47,2025-12-13 08:00:00,"3,5,11,12,14"
1250,True,16,65535,47,2025-12-13 13:00:00,"0,1,2,3,4,5,6,7,8,9,10,11,12,13,14,15"
1267,True,2,10,47,2025-12-14 06:00:00,"1,3"
1279,True,10,60252,47,2025-12-14 18:00:00,"2,3,4,6,8,9,11,13,14,15"
1285,True,4,36882,47,2025-12-15 00:00:00,"1,4,12,15"
1290,True,9,44218,47,2025-12-15 05:00:00,"1,3,4,5,7,10,11,13,15"
1299,True,6,50832,47,2025-12-15 14:00:00,"4,7,9,10,14,15"
1313,True,7,4695,47,2025-12-16 04:00:00,"0,1,2,4,6,9,12"
1331,True,7,52872,47,2025-12-16 22:00:00,"3,7,9,10,11,14,15"
1341,True,12,57336,47,2025-12-17 08:00:00,"3,4,5,6,7,8,9,10,11,12,14,15"
1358,True,11,20439,47,2025-12-18 01:00:00,"0,1,2,4,6,7,8,9,10,11,14"
1389,True,7,33596,47,2025-12-19 11:00:00,"2,3,4,5,8,9,15"
1408,True,2,4098,47,2025-12-20 06:00:00,"1,12"
1417,True,15,65279,47,2025-12-20 15:00:00,"0,1,2,3,4,5,6,7,9,10,11,12,13,14,15"
1423,True,1,1,47,2025-12-20 21:00:00,0
1440,True,16,65535,47,2025-12-21 14:00:00,"0,1,2,3,4,5,6,7,8,9,10,11,12,13,14,15"
1448,True,5,18693,47,2025-12-21 22:00:00,"0,2,8,11,14"
1473,True,9,48300,47,2025-12-22 23:00:00,"2,3,5,7,10,11,12,13,15"
1494,True,5,8536,47,2025-12-23 20:00:00,"3,4,6,8,13"
1504,True,2,1152,47,2025-12-24 06:00:00,"7,10"
1507,True,10,10719,47,2025-12-24 09:00:00,"0,1,2,3,4,6,7,8,11,13"
1511,True,8,52873,47,2025-12-24 13:00:00,"0,3,7,9,10,11,14,15"
1515,True,2,2080,47,2025-12-24 17:00:00,"5,11"
1516,True,10,32688,47,2025-12-24 18:00:00,"4,5,7,8,9,10,11,12,13,14"
1517,True,12,48121,47,2025-12-24 19:00:00,"0,3,4,5,6,7,8,9,11,12,13,15"
1521,True,12,31935,47,2025-12-24 23:00:00,"0,1,2,3,4,5,7,10,11,12,13,14"
1525,True,7,13357,47,2025-12-25 06:00:00,"0,2,3,5,10,12,13"
1534,True,4,12368,47,2025-12-25 15:00:00,"4,6,12,13"
1562,True,12,31997,47,2025-12-26 19:00:00,"0,2,3,4,5,6,7,10,11,12,13,14"
1568,True,9,53061,47,2025-12-27 01:00:00,"0,2,6,8,9,10,11,14,15"
1595,True,5,3124,47,2025-12-28 04:00:00,"2,4,5,10,11"
1615,True,5,9761,47,2025-12-29 00:00:00,"0,5,9,10,13"
1621,True,13,32747,47,2025-12-29 06:00:00,"0,1,3,5,6,7,8,9,10,11,12,13,14"
1625,True,6,34893,47,2025-12-29 10:00:00,"0,2,3,6,11,15"
1636,True,13,56830,47,2025-12-29 21:00:00,"1,2,3,4,5,6,7,8,10,11,12,14,15"
22,True,13,32507,48,2025-10-21 22:00:00,"0,1,3,4,5,6,7,9,10,11,12,13,14"
77,True,14,64895,48,2025-10-24 05:00:00,"0,1,2,3,4,5,6,8,10,11,12,13,14,15"
91,True,12,30623,48,2025-10-24 19:00:00,"0,1,2,3,4,7,8,9,10,12,13,14"
103,True,15,65531,48,2025-10-25 07:00:00,"0,1,3,4,5,6,7,8,9,10,11,12,13,14,15"
124,True,9,7981,48,2025-10-26 07:00:00,"0,2,3,5,8,9,10,11,12"
141,True,15,49151,48,2025-10-27 00:00:00,"0,1,2,3,4,5,6,7,8,9,10,11,12,13,15"
142,True,11,64798,48,2025-10-27 01:00:00,"1,2,3,4,8,10,11,12,13,14,15"
198,True,5,20804,48,2025-10-29 09:00:00,"2,6,8,12,14"
200,True,8,41830,48,2025-10-29 11:00:00,"1,2,5,6,8,9,13,15"
209,True,11,24247,48,2025-10-29 20:00:00,"0,1,2,4,5,7,9,10,11,12,14"
215,True,5,25612,48,2025-10-30 02:00:00,"2,3,10,13,14"
238,True,6,19075,48,2025-10-31 05:00:00,"0,1,7,9,11,14"
272,True,5,233,48,2025-11-01 18:00:00,"0,3,5,6,7"
322,True,13,61055,48,2025-11-03 20:00:00,"0,1,2,3,4,5,6,9,10,11,13,14,15"
355,True,4,1298,48,2025-11-05 05:00:00,"1,4,8,10"
370,True,12,64365,48,2025-11-05 20:00:00,"0,2,3,5,6,8,9,11,12,13,14,15"
371,True,5,41064,48,2025-11-05 21:00:00,"3,5,6,13,15"
400,True,1,2048,48,2025-11-07 05:00:00,11
420,True,13,65387,48,2025-11-08 01:00:00,"0,1,3,5,6,8,9,10,11,12,13,14,15"
426,True,4,2074,48,2025-11-08 07:00:00,"1,3,4,11"
431,True,15,65023,48,2025-11-08 12:00:00,"0,1,2,3,4,5,6,7,8,10,11,12,13,14,15"
461,True,6,18958,48,2025-11-09 18:00:00,"1,2,3,9,11,14"
494,True,1,16,48,2025-11-11 03:00:00,4
499,True,11,64421,48,2025-11-11 08:00:00,"0,2,5,7,8,9,11,12,13,14,15"
505,True,2,40960,48,2025-11-11 14:00:00,"13,15"
526,True,14,59391,48,2025-11-12 11:00:00,"0,1,2,3,4,5,6,7,8,9,10,13,14,15"
544,True,7,54360,48,2025-11-13 08:00:00,"3,4,6,10,12,14,15"
547,True,5,1840,48,2025-11-13 11:00:00,"4,5,8,9,10"
611,True,12,60347,48,2025-11-16 03:00:00,"0,1,3,4,5,7,8,9,11,13,14,15"
616,True,10,55256,48,2025-11-16 08:00:00,"3,4,6,7,8,9,10,12,14,15"
621,True,4,17792,48,2025-11-16 13:00:00,"7,8,10,14"
635,True,4,32905,48,2025-11-17 03:00:00,"0,3,7,15"
654,True,7,49555,48,2025-11-17 22:00:00,"0,1,4,7,8,14,15"
720,True,12,61342,48,2025-11-20 19:00:00,"1,2,3,4,7,8,9,10,11,13,14,15"
727,True,8,57024,48,2025-11-21 02:00:00,"6,7,9,10,11,12,14,15"
751,True,15,65534,48,2025-11-22 02:00:00,"1,2,3,4,5,6,7,8,9,10,11,12,13,14,15"
755,True,16,65535,48,2025-11-22 06:00:00,"0,1,2,3,4,5,6,7,8,9,10,11,12,13,14,15"
776,True,1,1024,48,2025-11-23 03:00:00,10
803,True,1,32,48,2025-11-24 06:00:00,5
809,True,3,2178,48,2025-11-24 12:00:00,"1,7,11"
831,True,8,23654,48,2025-11-25 13:00:00,"1,2,5,6,10,11,12,14"
842,True,13,30463,48,2025-11-26 00:00:00,"0,1,2,3,4,5,6,7,9,10,12,13,14"
874,True,15,65279,48,2025-11-27 08:00:00,"0,1,2,3,4,5,6,7,9,10,11,12,13,14,15"
903,True,8,55452,48,2025-11-28 13:00:00,"2,3,4,7,11,12,14,15"
918,True,9,56365,48,2025-11-29 04:00:00,"0,2,3,5,10,11,12,14,15"
940,True,6,6790,48,2025-11-30 02:00:00,"1,2,7,9,11,12"
945,True,10,15740,48,2025-11-30 07:00:00,"2,3,4,5,6,8,10,11,12,13"
974,True,4,8962,48,2025-12-01 15:00:00,"1,8,9,13"
1036,True,1,32,48,2025-12-04 09:00:00,5
1040,True,4,17216,48,2025-12-04 13:00:00,"6,8,9,14"
1054,True,14,48639,48,2025-12-05 03:00:00,"0,1,2,3,4,5,6,7,8,10,11,12,13,15"
1063,True,8,7664,48,2025-12-05 12:00:00,"4,5,6,7,8,10,11,12"
1070,True,8,36412,48,2025-12-05 19:00:00,"2,3,4,5,9,10,11,15"
1083,True,11,55253,48,2025-12-06 08:00:00,"0,2,4,6,7,8,9,10,12,14,15"
1103,True,11,58846,48,2025-12-07 07:00:00,"1,2,3,4,6,7,8,10,13,14,15"
1131,True,11,63887,48,2025-12-08 11:00:00,"0,1,2,3,7,8,11,12,13,14,15"
1142,True,4,720,48,2025-12-08 22:00:00,"4,6,7,9"
1188,True,8,54058,48,2025-12-10 20:00:00,"1,3,5,8,9,12,14,15"
1204,True,16,65535,48,2025-12-11 12:00:00,"0,1,2,3,4,5,6,7,8,9,10,11,12,13,14,15"
1222,True,16,65535,48,2025-12-12 06:00:00,"0,1,2,3,4,5,6,7,8,9,10,11,12,13,14,15"
1227,True,9,22355,48,2025-12-12 11:00:00,"0,1,4,6,8,9,10,12,14"
1244,True,14,49087,48,2025-12-13 07:00:00,"0,1,2,3,4,5,7,8,9,10,11,12,13,15"
1275,True,7,1709,48,2025-12-14 14:00:00,"0,2,3,5,7,9,10"
1283,True,12,58303,48,2025-12-14 22:00:00,"0,1,2,3,4,5,7,8,9,13,14,15"
1293,True,4,1665,48,2025-12-15 08:00:00,"0,7,9,10"
1294,True,12,62942,48,2025-12-15 09:00:00,"1,2,3,4,6,7,8,10,12,13,14,15"
1297,True,9,55477,48,2025-12-15 12:00:00,"0,2,4,5,7,11,12,14,15"
1308,True,5,23584,48,2025-12-15 23:00:00,"5,10,11,12,14"
1331,True,4,6161,48,2025-12-16 22:00:00,"0,4,11,12"
1337,True,13,61421,48,2025-12-17 04:00:00,"0,2,3,5,6,7,8,9,10,11,13,14,15"
1344,True,2,5,48,2025-12-17 11:00:00,"0,2"
1353,True,8,15523,48,2025-12-17 20:00:00,"0,1,5,7,10,11,12,13"
1354,True,6,61446,48,2025-12-17 21:00:00,"1,2,12,13,14,15"
1377,True,4,9345,48,2025-12-18 20:00:00,"0,7,10,13"
1392,True,2,9216,48,2025-12-19 14:00:00,"10,13"
1401,True,2,4104,48,2025-12-19 23:00:00,"3,12"
1450,True,15,65471,48,2025-12-22 00:00:00,"0,1,2,3,4,5,7,8,9,10,11,12,13,14,15"
1454,True,13,40831,48,2025-12-22 04:00:00,"0,1,2,3,4,5,6,8,9,10,11,12,15"
1461,True,9,27094,48,2025-12-22 11:00:00,"1,2,4,6,7,8,11,13,14"
1467,True,15,65503,48,2025-12-22 17:00:00,"0,1,2,3,4,6,7,8,9,10,11,12,13,14,15"
1555,True,12,24255,48,2025-12-26 12:00:00,"0,1,2,3,4,5,7,9,10,11,12,14"
1565,True,14,63471,48,2025-12-26 22:00:00,"0,1,2,3,5,6,7,8,9,10,12,13,14,15"
1567,True,2,257,48,2025-12-27 00:00:00,"0,8"
1599,True,8,42198,48,2025-12-28 08:00:00,"1,2,4,6,7,10,13,15"
1600,True,16,65535,48,2025-12-28 09:00:00,"0,1,2,3,4,5,6,7,8,9,10,11,12,13,14,15"
1634,True,13,64639,48,2025-12-29 19:00:00,"0,1,2,3,4,5,6,10,11,12,13,14,15"
1641,True,7,19058,48,2025-12-30 02:00:00,"1,4,5,6,9,11,14"
1647,True,5,13321,48,2025-12-30 08:00:00,"0,3,10,12,13"
1661,True,8,50766,48,2025-12-30 22:00:00,"1,2,3,6,9,10,14,15"
1663,True,4,35076,48,2025-12-31 03:00:00,"2,8,11,15"
90,True,12,60143,49,2025-10-24 18:00:00,"0,1,2,3,5,6,7,9,11,13,14,15"
95,True,3,32864,49,2025-10-24 23:00:00,"5,6,15"
113,True,1,4,49,2025-10-25 17:00:00,2
120,True,16,65535,49,2025-10-26 03:00:00,"0,1,2,3,4,5,6,7,8,9,10,11,12,13,14,15"
124,True,1,4096,49,2025-10-26 07:00:00,12
129,True,7,45488,49,2025-10-26 12:00:00,"4,5,7,8,12,13,15"
130,True,5,20896,49,2025-10-26 13:00:00,"5,7,8,12,14"
151,True,15,65534,49,2025-10-27 10:00:00,"1,2,3,4,5,6,7,8,9,10,11,12,13,14,15"
192,True,12,61301,49,2025-10-29 03:00:00,"0,2,4,5,6,8,9,10,11,13,14,15"
221,True,4,17922,49,2025-10-30 08:00:00,"1,9,10,14"
225,True,8,40146,49,2025-10-30 16:00:00,"1,4,6,7,10,11,12,15"
227,True,11,16221,49,2025-10-30 18:00:00,"0,2,3,4,6,8,9,10,11,12,13"
230,True,12,64954,49,2025-10-30 21:00:00,"1,3,4,5,7,8,10,11,12,13,14,15"
242,True,4,35336,49,2025-10-31 09:00:00,"3,9,11,15"
302,True,5,8545,49,2025-11-03 00:00:00,"0,5,6,8,13"
303,True,7,51620,49,2025-11-03 01:00:00,"2,5,7,8,11,14,15"
309,True,4,2692,49,2025-11-03 07:00:00,"2,7,9,11"
318,True,15,57343,49,2025-11-03 16:00:00,"0,1,2,3,4,5,6,7,8,9,10,11,12,14,15"
338,True,5,36032,49,2025-11-04 12:00:00,"6,7,10,11,15"
341,True,11,56569,49,2025-11-04 15:00:00,"0,3,4,5,6,7,10,11,12,14,15"
379,True,9,64388,49,2025-11-06 05:00:00,"2,7,8,9,11,12,13,14,15"
398,True,7,4903,49,2025-11-07 03:00:00,"0,1,2,5,8,9,12"
413,True,5,45090,49,2025-11-07 18:00:00,"1,5,12,13,15"
419,True,10,14309,49,2025-11-08 00:00:00,"0,2,5,6,7,8,9,10,12,13"
421,True,10,57222,49,2025-11-08 02:00:00,"1,2,7,8,9,10,11,12,14,15"
479,True,15,57343,49,2025-11-10 12:00:00,"0,1,2,3,4,5,6,7,8,9,10,11,12,14,15"
481,True,14,64255,49,2025-11-10 14:00:00,"0,1,2,3,4,5,6,7,9,11,12,13,14,15"
503,True,4,25089,49,2025-11-11 12:00:00,"0,9,13,14"
506,True,11,56750,49,2025-11-11 15:00:00,"1,2,3,5,7,8,10,11,12,14,15"
533,True,14,55295,49,2025-11-12 18:00:00,"0,1,2,3,4,5,6,7,8,9,10,12,14,15"
539,True,6,10004,49,2025-11-13 03:00:00,"2,4,8,9,10,13"
540,True,11,46495,49,2025-11-13 04:00:00,"0,1,2,3,4,7,8,10,12,13,15"
546,True,3,17409,49,2025-11-13 10:00:00,"0,10,14"
585,True,8,10104,49,2025-11-15 01:00:00,"3,4,5,6,8,9,10,13"
588,True,1,128,49,2025-11-15 04:00:00,7
626,True,12,55935,49,2025-11-16 18:00:00,"0,1,2,3,4,5,6,9,11,12,14,15"
638,True,1,256,49,2025-11-17 06:00:00,8
641,True,2,2052,49,2025-11-17 09:00:00,"2,11"
648,True,10,14073,49,2025-11-17 16:00:00,"0,3,4,5,6,7,9,10,12,13"
652,True,7,37989,49,2025-11-17 20:00:00,"0,2,5,6,10,12,15"
693,True,12,60670,49,2025-11-19 16:00:00,"1,2,3,4,5,6,7,10,11,13,14,15"
699,True,12,28287,49,2025-11-19 22:00:00,"0,1,2,3,4,5,6,9,10,11,13,14"
700,True,11,52603,49,2025-11-19 23:00:00,"0,1,3,4,5,6,8,10,11,14,15"
758,True,6,52740,49,2025-11-22 09:00:00,"2,9,10,11,14,15"
777,True,12,65477,49,2025-11-23 04:00:00,"0,2,6,7,8,9,10,11,12,13,14,15"
781,True,6,9672,49,2025-11-23 08:00:00,"3,6,7,8,10,13"
794,True,14,32735,49,2025-11-23 21:00:00,"0,1,2,3,4,6,7,8,9,10,11,12,13,14"
804,True,15,32767,49,2025-11-24 07:00:00,"0,1,2,3,4,5,6,7,8,9,10,11,12,13,14"
828,True,10,48730,49,2025-11-25 10:00:00,"1,3,4,6,9,10,11,12,13,15"
858,True,10,11963,49,2025-11-26 16:00:00,"0,1,3,4,5,7,9,10,11,13"
874,True,12,31726,49,2025-11-27 08:00:00,"1,2,3,5,6,7,8,9,11,12,13,14"
887,True,3,140,49,2025-11-27 21:00:00,"2,3,7"
899,True,16,65535,49,2025-11-28 09:00:00,"0,1,2,3,4,5,6,7,8,9,10,11,12,13,14,15"
903,True,6,17970,49,2025-11-28 13:00:00,"1,4,5,9,10,14"
914,True,2,96,49,2025-11-29 00:00:00,"5,6"
916,True,12,62963,49,2025-11-29 02:00:00,"0,1,4,5,6,7,8,10,12,13,14,15"
922,True,2,18,49,2025-11-29 08:00:00,"1,4"
951,True,10,22005,49,2025-11-30 13:00:00,"0,2,4,5,6,7,8,10,12,14"
1017,True,4,16496,49,2025-12-03 14:00:00,"4,5,6,14"
1024,True,7,50772,49,2025-12-03 21:00:00,"2,4,6,9,10,14,15"
1057,True,5,9764,49,2025-12-05 06:00:00,"2,5,9,10,13"
1085,True,11,32185,49,2025-12-06 10:00:00,"0,3,4,5,7,8,10,11,12,13,14"
1086,True,7,15896,49,2025-12-06 11:00:00,"3,4,9,10,11,12,13"
1104,True,16,65535,49,2025-12-07 08:00:00,"0,1,2,3,4,5,6,7,8,9,10,11,12,13,14,15"
1107,True,1,64,49,2025-12-07 11:00:00,6
1112,True,8,24138,49,2025-12-07 16:00:00,"1,3,6,9,10,11,12,14"
1118,True,2,32769,49,2025-12-07 22:00:00,"0,15"
1137,True,9,39486,49,2025-12-08 17:00:00,"1,2,3,4,5,9,11,12,15"
1154,True,2,6144,49,2025-12-09 10:00:00,"11,12"
1169,True,10,43453,49,2025-12-10 01:00:00,"0,2,3,4,5,7,8,11,13,15"
1194,True,11,64425,49,2025-12-11 02:00:00,"0,3,5,7,8,9,11,12,13,14,15"
1242,True,11,63217,49,2025-12-13 05:00:00,"0,4,5,6,7,9,10,12,13,14,15"
1252,True,15,65527,49,2025-12-13 15:00:00,"0,1,2,4,5,6,7,8,9,10,11,12,13,14,15"
1286,True,8,10682,49,2025-12-15 01:00:00,"1,3,4,5,7,8,11,13"
1287,True,11,28255,49,2025-12-15 02:00:00,"0,1,2,3,4,6,9,10,11,13,14"
1289,True,2,24576,49,2025-12-15 04:00:00,"13,14"
1290,True,12,47063,49,2025-12-15 05:00:00,"0,1,2,4,6,7,8,9,10,12,13,15"
1299,True,1,4096,49,2025-12-15 14:00:00,12
1313,True,10,11959,49,2025-12-16 04:00:00,"0,1,2,4,5,7,9,10,11,13"
1326,True,1,2048,49,2025-12-16 17:00:00,11
1343,True,16,65535,49,2025-12-17 10:00:00,"0,1,2,3,4,5,6,7,8,9,10,11,12,13,14,15"
1350,True,2,4112,49,2025-12-17 17:00:00,"4,12"
1367,True,4,9252,49,2025-12-18 10:00:00,"2,5,10,13"
1430,True,13,64955,49,2025-12-21 04:00:00,"0,1,3,4,5,7,8,10,11,12,13,14,15"
1438,True,13,48063,49,2025-12-21 12:00:00,"0,1,2,3,4,5,7,8,9,11,12,13,15"
1473,True,10,34557,49,2025-12-22 23:00:00,"0,2,3,4,5,6,7,9,10,15"
1508,True,4,2314,49,2025-12-24 10:00:00,"1,3,8,11"
1534,True,4,2244,49,2025-12-25 15:00:00,"2,6,7,11"
1543,True,13,57326,49,2025-12-26 00:00:00,"1,2,3,5,6,7,8,9,10,11,12,14,15"
1547,True,14,64767,49,2025-12-26 04:00:00,"0,1,2,3,4,5,6,7,10,11,12,13,14,15"
1553,True,7,37049,49,2025-12-26 10:00:00,"0,3,4,5,7,12,15"
1600,True,7,25290,49,2025-12-28 09:00:00,"1,3,6,7,9,13,14"
1610,True,3,49408,49,2025-12-28 19:00:00,"8,14,15"
1627,True,14,65247,49,2025-12-29 12:00:00,"0,1,2,3,4,6,7,9,10,11,12,13,14,15"
1635,True,9,35828,49,2025-12-29 20:00:00,"2,4,5,6,7,8,9,11,15"
69,True,1,8,50,2025-10-23 21:00:00,3
76,True,6,42264,50,2025-10-24 04:00:00,"3,4,8,10,13,15"
168,True,5,49476,50,2025-10-28 03:00:00,"2,6,8,14,15"
192,True,8,14487,50,2025-10-29 03:00:00,"0,1,2,4,7,11,12,13"
194,True,8,42539,50,2025-10-29 05:00:00,"0,1,3,5,9,10,13,15"
207,True,3,194,50,2025-10-29 18:00:00,"1,6,7"
246,True,10,1023,50,2025-10-31 13:00:00,"0,1,2,3,4,5,6,7,8,9"
275,True,15,65531,50,2025-11-01 21:00:00,"0,1,3,4,5,6,7,8,9,10,11,12,13,14,15"
276,True,10,58603,50,2025-11-01 22:00:00,"0,1,3,5,6,7,10,13,14,15"
278,True,1,1024,50,2025-11-02 00:00:00,10
337,True,14,64495,50,2025-11-04 11:00:00,"0,1,2,3,5,6,7,8,9,11,12,13,14,15"
344,True,7,5816,50,2025-11-04 18:00:00,"3,4,5,7,9,10,12"
355,True,3,16480,50,2025-11-05 05:00:00,"5,6,14"
384,True,1,128,50,2025-11-06 10:00:00,7
385,True,8,4012,50,2025-11-06 11:00:00,"2,3,5,7,8,9,10,11"
398,True,9,23474,50,2025-11-07 03:00:00,"1,4,5,7,8,9,11,12,14"
408,True,5,24738,50,2025-11-07 13:00:00,"1,5,7,13,14"
419,True,9,44621,50,2025-11-08 00:00:00,"0,2,3,6,9,10,11,13,15"
428,True,11,49050,50,2025-11-08 09:00:00,"1,3,4,7,8,9,10,11,12,13,15"
466,True,4,3586,50,2025-11-09 23:00:00,"1,9,10,11"
484,True,5,1081,50,2025-11-10 17:00:00,"0,3,4,5,10"
490,True,3,20544,50,2025-11-10 23:00:00,"6,12,14"
495,True,6,26124,50,2025-11-11 04:00:00,"2,3,9,10,13,14"
502,True,11,65448,50,2025-11-11 11:00:00,"3,5,7,8,9,10,11,12,13,14,15"
510,True,3,24640,50,2025-11-11 19:00:00,"6,13,14"
533,True,12,63462,50,2025-11-12 18:00:00,"1,2,5,6,7,8,9,10,12,13,14,15"
540,True,3,1184,50,2025-11-13 04:00:00,"5,7,10"
560,True,7,15048,50,2025-11-14 00:00:00,"3,6,7,9,11,12,13"
562,True,14,31743,50,2025-11-14 02:00:00,"0,1,2,3,4,5,6,7,8,9,11,12,13,14"
564,True,15,63487,50,2025-11-14 04:00:00,"0,1,2,3,4,5,6,7,8,9,10,12,13,14,15"
579,True,3,416,50,2025-11-14 19:00:00,"5,7,8"
644,True,14,64510,50,2025-11-17 12:00:00,"1,2,3,4,5,6,7,8,9,11,12,13,14,15"
646,True,11,55019,50,2025-11-17 14:00:00,"0,1,3,5,6,7,9,10,12,14,15"
653,True,3,385,50,2025-11-17 21:00:00,"0,7,8"
664,True,13,57213,50,2025-11-18 08:00:00,"0,2,3,4,5,6,8,9,10,11,12,14,15"
694,True,4,8962,50,2025-11-19 17:00:00,"1,8,9,13"
722,True,2,258,50,2025-11-20 21:00:00,"1,8"
754,True,12,48599,50,2025-11-22 05:00:00,"0,1,2,4,6,7,8,10,11,12,13,15"
760,True,15,65527,50,2025-11-22 11:00:00,"0,1,2,4,5,6,7,8,9,10,11,12,13,14,15"
811,True,7,12517,50,2025-11-24 14:00:00,"0,2,5,6,7,12,13"
823,True,7,49931,50,2025-11-25 05:00:00,"0,1,3,8,9,14,15"
835,True,4,35073,50,2025-11-25 17:00:00,"0,8,11,15"
943,True,10,64092,50,2025-11-30 05:00:00,"2,3,4,6,9,11,12,13,14,15"
968,True,13,53231,50,2025-12-01 09:00:00,"0,1,2,3,5,6,7,8,9,10,11,14,15"
976,True,6,17994,50,2025-12-01 17:00:00,"1,3,6,9,10,14"
984,True,10,58191,50,2025-12-02 01:00:00,"0,1,2,3,6,8,9,13,14,15"
1005,True,1,64,50,2025-12-03 02:00:00,6
1025,True,4,20504,50,2025-12-03 22:00:00,"3,4,12,14"
1047,True,6,9122,50,2025-12-04 20:00:00,"1,5,7,8,9,13"
1077,True,15,65534,50,2025-12-06 02:00:00,"1,2,3,4,5,6,7,8,9,10,11,12,13,14,15"
1094,True,9,53971,50,2025-12-06 19:00:00,"0,1,4,6,7,9,12,14,15"
1122,True,11,23983,50,2025-12-08 02:00:00,"0,1,2,3,5,7,8,10,11,12,14"
1132,True,15,65533,50,2025-12-08 12:00:00,"0,2,3,4,5,6,7,8,9,10,11,12,13,14,15"
1136,True,12,62453,50,2025-12-08 16:00:00,"0,2,4,5,6,7,8,9,12,13,14,15"
1155,True,4,2307,50,2025-12-09 11:00:00,"0,1,8,11"
1196,True,15,65503,50,2025-12-11 04:00:00,"0,1,2,3,4,6,7,8,9,10,11,12,13,14,15"
1211,True,16,65535,50,2025-12-11 19:00:00,"0,1,2,3,4,5,6,7,8,9,10,11,12,13,14,15"
1215,True,2,24,50,2025-12-11 23:00:00,"3,4"
1248,True,4,8353,50,2025-12-13 11:00:00,"0,5,7,13"
1311,True,6,46624,50,2025-12-16 02:00:00,"5,9,10,12,13,15"
1319,True,16,65535,50,2025-12-16 10:00:00,"0,1,2,3,4,5,6,7,8,9,10,11,12,13,14,15"
1336,True,5,10762,50,2025-12-17 03:00:00,"1,3,9,11,13"
1345,True,7,33197,50,2025-12-17 12:00:00,"0,2,3,5,7,8,15"
1395,True,5,36885,50,2025-12-19 17:00:00,"0,2,4,12,15"
1412,True,13,65243,50,2025-12-20 10:00:00,"0,1,3,4,6,7,9,10,11,12,13,14,15"
1425,True,3,196,50,2025-12-20 23:00:00,"2,6,7"
1450,True,11,63189,50,2025-12-22 00:00:00,"0,2,4,6,7,9,10,12,13,14,15"
1463,True,2,130,50,2025-12-22 13:00:00,"1,7"
1480,True,2,4112,50,2025-12-23 06:00:00,"4,12"
1487,True,8,49525,50,2025-12-23 13:00:00,"0,2,4,5,6,8,14,15"
1502,True,14,32703,50,2025-12-24 04:00:00,"0,1,2,3,4,5,7,8,9,10,11,12,13,14"
1551,True,1,1024,50,2025-12-26 08:00:00,10
1561,True,8,43324,50,2025-12-26 18:00:00,"2,3,4,5,8,11,13,15"
1563,True,8,39365,50,2025-12-26 20:00:00,"0,2,6,7,8,11,12,15"
1582,True,7,6994,50,2025-12-27 15:00:00,"1,4,6,8,9,11,12"
1594,True,11,56282,50,2025-12-28 03:00:00,"1,3,4,6,7,8,9,11,12,14,15"
1600,True,9,31174,50,2025-12-28 09:00:00,"1,2,6,7,8,11,12,13,14"
1623,True,8,50300,50,2025-12-29 08:00:00,"2,3,4,5,6,10,14,15"
1653,True,15,64511,50,2025-12-30 14:00:00,"0,1,2,3,4,5,6,7,8,9,11,12,13,14,15"
1662,True,1,1024,50,2025-12-30 23:00:00,10
25,True,11,59643,51,2025-10-22 01:00:00,"0,1,3,4,5,6,7,11,13,14,15"
29,True,9,55114,51,2025-10-22 05:00:00,"1,3,6,8,9,10,12,14,15"
60,True,10,51831,51,2025-10-23 12:00:00,"0,1,2,4,5,6,9,11,14,15"
121,True,12,15839,51,2025-10-26 04:00:00,"0,1,2,3,4,6,7,8,10,11,12,13"
211,True,11,32117,51,2025-10-29 22:00:00,"0,2,4,5,6,8,10,11,12,13,14"
242,True,1,16,51,2025-10-31 09:00:00,4
273,True,6,26769,51,2025-11-01 19:00:00,"0,4,7,11,13,14"
346,True,8,41786,51,2025-11-04 20:00:00,"1,3,4,5,8,9,13,15"
359,True,14,62463,51,2025-11-05 09:00:00,"0,1,2,3,4,5,6,7,8,9,12,13,14,15"
363,True,2,16640,51,2025-11-05 13:00:00,"8,14"
365,True,11,55671,51,2025-11-05 15:00:00,"0,1,2,4,5,6,8,11,12,14,15"
370,True,11,51039,51,2025-11-05 20:00:00,"0,1,2,3,4,6,8,9,10,14,15"
435,True,9,44713,51,2025-11-08 16:00:00,"0,3,5,7,9,10,11,13,15"
443,True,2,8208,51,2025-11-09 00:00:00,"4,13"
464,True,10,48679,51,2025-11-09 21:00:00,"0,1,2,5,9,10,11,12,13,15"
476,True,15,65471,51,2025-11-10 09:00:00,"0,1,2,3,4,5,7,8,9,10,11,12,13,14,15"
486,True,15,65023,51,2025-11-10 19:00:00,"0,1,2,3,4,5,6,7,8,10,11,12,13,14,15"
503,True,7,58129,51,2025-11-11 12:00:00,"0,4,8,9,13,14,15"
524,True,16,65535,51,2025-11-12 09:00:00,"0,1,2,3,4,5,6,7,8,9,10,11,12,13,14,15"
529,True,14,65529,51,2025-11-12 14:00:00,"0,3,4,5,6,7,8,9,10,11,12,13,14,15"
552,True,16,65535,51,2025-11-13 16:00:00,"0,1,2,3,4,5,6,7,8,9,10,11,12,13,14,15"
554,True,3,12289,51,2025-11-13 18:00:00,"0,12,13"
594,True,7,39557,51,2025-11-15 10:00:00,"0,2,7,9,11,12,15"
607,True,14,49150,51,2025-11-15 23:00:00,"1,2,3,4,5,6,7,8,9,10,11,12,13,15"
687,True,5,23616,51,2025-11-19 10:00:00,"6,10,11,12,14"
742,True,10,44623,51,2025-11-21 17:00:00,"0,1,2,3,6,9,10,11,13,15"
744,True,9,20419,51,2025-11-21 19:00:00,"0,1,6,7,8,9,10,11,14"
760,True,4,16968,51,2025-11-22 11:00:00,"3,6,9,14"
772,True,12,63870,51,2025-11-22 23:00:00,"1,2,3,4,5,6,8,11,12,13,14,15"
799,True,5,45440,51,2025-11-24 02:00:00,"7,8,12,13,15"
814,True,12,28151,51,2025-11-24 17:00:00,"0,1,2,4,5,6,7,8,10,11,13,14"
816,True,12,32238,51,2025-11-24 19:00:00,"1,2,3,5,6,7,8,10,11,12,13,14"
827,True,6,50946,51,2025-11-25 09:00:00,"1,8,9,10,14,15"
837,True,1,256,51,2025-11-25 19:00:00,8
843,True,8,22466,51,2025-11-26 01:00:00,"1,6,7,8,9,10,12,14"
858,True,7,61507,51,2025-11-26 16:00:00,"0,1,6,12,13,14,15"
904,True,14,63359,51,2025-11-28 14:00:00,"0,1,2,3,4,5,6,8,9,10,12,13,14,15"
961,True,16,65535,51,2025-11-30 23:00:00,"0,1,2,3,4,5,6,7,8,9,10,11,12,13,14,15"
973,True,7,27284,51,2025-12-01 14:00:00,"2,4,7,9,11,13,14"
990,True,7,1012,51,2025-12-02 07:00:00,"2,4,5,6,7,8,9"
1010,True,12,47967,51,2025-12-03 07:00:00,"0,1,2,3,4,6,8,9,11,12,13,15"
1073,True,8,25206,51,2025-12-05 22:00:00,"1,2,4,5,6,9,13,14"
1090,True,2,1028,51,2025-12-06 15:00:00,"2,10"
1125,True,12,54263,51,2025-12-08 05:00:00,"0,1,2,4,5,6,7,8,9,12,14,15"
1130,True,10,24284,51,2025-12-08 10:00:00,"2,3,4,6,7,9,10,11,12,14"
1135,True,1,2,51,2025-12-08 15:00:00,1
1141,True,16,65535,51,2025-12-08 21:00:00,"0,1,2,3,4,5,6,7,8,9,10,11,12,13,14,15"
1186,True,2,257,51,2025-12-10 18:00:00,"0,8"
1189,True,5,16993,51,2025-12-10 21:00:00,"0,5,6,9,14"
1190,True,13,48123,51,2025-12-10 22:00:00,"0,1,3,4,5,6,7,8,9,11,12,13,15"
1217,True,15,49151,51,2025-12-12 01:00:00,"0,1,2,3,4,5,6,7,8,9,10,11,12,13,15"
1237,True,11,28447,51,2025-12-12 21:00:00,"0,1,2,3,4,8,9,10,11,13,14"
1252,True,13,64446,51,2025-12-13 15:00:00,"1,2,3,4,5,7,8,9,11,12,13,14,15"
1257,True,1,256,51,2025-12-13 20:00:00,8
1287,True,2,528,51,2025-12-15 02:00:00,"4,9"
1290,True,10,52541,51,2025-12-15 05:00:00,"0,2,3,4,5,8,10,11,14,15"
1300,True,9,62161,51,2025-12-15 15:00:00,"0,4,6,7,9,12,13,14,15"
1306,True,7,5773,51,2025-12-15 21:00:00,"0,2,3,7,9,10,12"
1317,True,12,56253,51,2025-12-16 08:00:00,"0,2,3,4,5,7,8,9,11,12,14,15"
1323,True,6,18610,51,2025-12-16 14:00:00,"1,4,5,7,11,14"
1329,True,7,14389,51,2025-12-16 20:00:00,"0,2,4,5,11,12,13"
1331,True,9,47856,51,2025-12-16 22:00:00,"4,5,6,7,9,11,12,13,15"
1337,True,7,49948,51,2025-12-17 04:00:00,"2,3,4,8,9,14,15"
1338,True,5,38080,51,2025-12-17 05:00:00,"6,7,10,12,15"
1397,True,16,65535,51,2025-12-19 19:00:00,"0,1,2,3,4,5,6,7,8,9,10,11,12,13,14,15"
1413,True,16,65535,51,2025-12-20 11:00:00,"0,1,2,3,4,5,6,7,8,9,10,11,12,13,14,15"
1437,True,10,21879,51,2025-12-21 11:00:00,"0,1,2,4,5,6,8,10,12,14"
1440,True,12,54239,51,2025-12-21 14:00:00,"0,1,2,3,4,6,7,8,9,12,14,15"
1442,True,9,7922,51,2025-12-21 16:00:00,"1,4,5,6,7,9,10,11,12"
1474,True,5,41226,51,2025-12-23 00:00:00,"1,3,8,13,15"
1475,True,7,33462,51,2025-12-23 01:00:00,"1,2,4,5,7,9,15"
1490,True,4,10880,51,2025-12-23 16:00:00,"7,9,11,13"
1534,True,14,65403,51,2025-12-25 15:00:00,"0,1,3,4,5,6,8,9,10,11,12,13,14,15"
1540,True,14,65487,51,2025-12-25 21:00:00,"0,1,2,3,6,7,8,9,10,11,12,13,14,15"
1544,True,6,4323,51,2025-12-26 01:00:00,"0,1,5,6,7,12"
1549,True,10,31083,51,2025-12-26 06:00:00,"0,1,3,5,6,8,11,12,13,14"
1573,True,2,264,51,2025-12-27 06:00:00,"3,8"
1574,True,16,65535,51,2025-12-27 07:00:00,"0,1,2,3,4,5,6,7,8,9,10,11,12,13,14,15"
1592,True,14,65469,51,2025-12-28 01:00:00,"0,2,3,4,5,7,8,9,10,11,12,13,14,15"
1644,True,10,32664,51,2025-12-30 05:00:00,"3,4,7,8,9,10,11,12,13,14"
21,True,16,65535,52,2025-10-21 21:00:00,"0,1,2,3,4,5,6,7,8,9,10,11,12,13,14,15"
22,True,16,65535,52,2025-10-21 22:00:00,"0,1,2,3,4,5,6,7,8,9,10,11,12,13,14,15"
55,True,4,3144,52,2025-10-23 07:00:00,"3,6,10,11"
59,True,3,24832,52,2025-10-23 11:00:00,"8,13,14"
101,True,11,14318,52,2025-10-25 05:00:00,"1,2,3,5,6,7,8,9,10,12,13"
102,True,10,47046,52,2025-10-25 06:00:00,"1,2,6,7,8,9,10,12,13,15"
134,True,8,13282,52,2025-10-26 17:00:00,"1,5,6,7,8,9,12,13"
158,True,10,23021,52,2025-10-27 17:00:00,"0,2,3,5,6,7,8,11,12,14"
193,True,16,65535,52,2025-10-29 04:00:00,"0,1,2,3,4,5,6,7,8,9,10,11,12,13,14,15"
195,True,12,64187,52,2025-10-29 06:00:00,"0,1,3,4,5,7,9,11,12,13,14,15"
208,True,9,57724,52,2025-10-29 19:00:00,"2,3,4,5,6,8,13,14,15"
246,True,6,32926,52,2025-10-31 13:00:00,"1,2,3,4,7,15"
261,True,13,65404,52,2025-11-01 07:00:00,"2,3,4,5,6,8,9,10,11,12,13,14,15"
286,True,13,32503,52,2025-11-02 08:00:00,"0,1,2,4,5,6,7,9,10,11,12,13,14"
324,True,6,3717,52,2025-11-03 22:00:00,"0,2,7,9,10,11"
341,True,9,19367,52,2025-11-04 15:00:00,"0,1,2,5,7,8,9,11,14"
360,True,12,32715,52,2025-11-05 10:00:00,"0,1,3,6,7,8,9,10,11,12,13,14"
382,True,11,63331,52,2025-11-06 08:00:00,"0,1,5,6,8,9,10,12,13,14,15"
384,True,12,60922,52,2025-11-06 10:00:00,"1,3,4,5,6,7,8,10,11,13,14,15"
397,True,15,65023,52,2025-11-06 23:00:00,"0,1,2,3,4,5,6,7,8,10,11,12,13,14,15"
402,True,16,65535,52,2025-11-07 07:00:00,"0,1,2,3,4,5,6,7,8,9,10,11,12,13,14,15"
411,True,2,34816,52,2025-11-07 16:00:00,"11,15"
458,True,3,1033,52,2025-11-09 15:00:00,"0,3,10"
487,True,16,65535,52,2025-11-10 20:00:00,"0,1,2,3,4,5,6,7,8,9,10,11,12,13,14,15"
491,True,5,4888,52,2025-11-11 00:00:00,"3,4,8,9,12"
493,True,4,8353,52,2025-11-11 02:00:00,"0,5,7,13"
522,True,15,64511,52,2025-11-12 07:00:00,"0,1,2,3,4,5,6,7,8,9,11,12,13,14,15"
531,True,10,29051,52,2025-11-12 16:00:00,"0,1,3,4,5,6,8,12,13,14"
547,True,10,31037,52,2025-11-13 11:00:00,"0,2,3,4,5,8,11,12,13,14"
549,True,12,30459,52,2025-11-13 13:00:00,"0,1,3,4,5,6,7,9,10,12,13,14"
562,True,5,4238,52,2025-11-14 02:00:00,"1,2,3,7,12"
566,True,1,16,52,2025-11-14 06:00:00,4
580,True,16,65535,52,2025-11-14 20:00:00,"0,1,2,3,4,5,6,7,8,9,10,11,12,13,14,15"
619,True,15,32767,52,2025-11-16 11:00:00,"0,1,2,3,4,5,6,7,8,9,10,11,12,13,14"
633,True,13,65014,52,2025-11-17 01:00:00,"1,2,4,5,6,7,8,10,11,12,13,14,15"
656,True,1,32768,52,2025-11-18 00:00:00,15
692,True,1,1024,52,2025-11-19 15:00:00,10
694,True,2,4160,52,2025-11-19 17:00:00,"6,12"
708,True,8,36379,52,2025-11-20 07:00:00,"0,1,3,4,9,10,11,15"
751,True,6,6442,52,2025-11-22 02:00:00,"1,3,5,8,11,12"
782,True,8,6829,52,2025-11-23 09:00:00,"0,2,3,5,7,9,11,12"
786,True,3,266,52,2025-11-23 13:00:00,"1,3,8"
788,True,2,1536,52,2025-11-23 15:00:00,"9,10"
811,True,8,8069,52,2025-11-24 14:00:00,"0,2,7,8,9,10,11,12"
829,True,7,26374,52,2025-11-25 11:00:00,"1,2,8,9,10,13,14"
834,True,11,64822,52,2025-11-25 16:00:00,"1,2,4,5,8,10,11,12,13,14,15"
874,True,8,20322,52,2025-11-27 08:00:00,"1,5,6,8,9,10,11,14"
877,True,14,63231,52,2025-11-27 11:00:00,"0,1,2,3,4,5,6,7,9,10,12,13,14,15"
890,True,12,48827,52,2025-11-28 00:00:00,"0,1,3,4,5,7,9,10,11,12,13,15"
899,True,10,10749,52,2025-11-28 09:00:00,"0,2,3,4,5,6,7,8,11,13"
929,True,8,25276,52,2025-11-29 15:00:00,"2,3,4,5,7,9,13,14"
949,True,13,60407,52,2025-11-30 11:00:00,"0,1,2,4,5,6,7,8,9,11,13,14,15"
958,True,11,54959,52,2025-11-30 20:00:00,"0,1,2,3,5,7,9,10,12,14,15"
1016,True,9,36710,52,2025-12-03 13:00:00,"1,2,5,6,8,9,10,11,15"
1029,True,8,62483,52,2025-12-04 02:00:00,"0,1,4,10,12,13,14,15"
1048,True,16,65535,52,2025-12-04 21:00:00,"0,1,2,3,4,5,6,7,8,9,10,11,12,13,14,15"
1050,True,5,20501,52,2025-12-04 23:00:00,"0,2,4,12,14"
1059,True,2,8196,52,2025-12-05 08:00:00,"2,13"
1073,True,6,37446,52,2025-12-05 22:00:00,"1,2,6,9,12,15"
1098,True,13,62207,52,2025-12-06 23:00:00,"0,1,2,3,4,5,6,7,9,12,13,14,15"
1104,True,15,32767,52,2025-12-07 08:00:00,"0,1,2,3,4,5,6,7,8,9,10,11,12,13,14"
1105,True,2,2080,52,2025-12-07 09:00:00,"5,11"
1166,True,4,2594,52,2025-12-09 22:00:00,"1,5,9,11"
1195,True,7,59406,52,2025-12-11 03:00:00,"1,2,3,11,13,14,15"
1232,True,4,8268,52,2025-12-12 16:00:00,"2,3,6,13"
1257,True,6,25793,52,2025-12-13 20:00:00,"0,6,7,10,13,14"
1294,True,3,4240,52,2025-12-15 09:00:00,"4,7,12"
1315,True,6,57665,52,2025-12-16 06:00:00,"0,6,8,13,14,15"
1318,True,12,29631,52,2025-12-16 09:00:00,"0,1,2,3,4,5,7,8,9,12,13,14"
1352,True,15,65519,52,2025-12-17 19:00:00,"0,1,2,3,5,6,7,8,9,10,11,12,13,14,15"
1353,True,11,32214,52,2025-12-17 20:00:00,"1,2,4,6,7,8,10,11,12,13,14"
1366,True,1,256,52,2025-12-18 09:00:00,8
1372,True,9,18142,52,2025-12-18 15:00:00,"1,2,3,4,6,7,9,10,14"
1375,True,13,64501,52,2025-12-18 18:00:00,"0,2,4,5,6,7,8,9,11,12,13,14,15"
1396,True,16,65535,52,2025-12-19 18:00:00,"0,1,2,3,4,5,6,7,8,9,10,11,12,13,14,15"
1425,True,13,45023,52,2025-12-20 23:00:00,"0,1,2,3,4,6,7,8,9,10,11,13,15"
1470,True,10,65076,52,2025-12-22 20:00:00,"2,4,5,9,10,11,12,13,14,15"
1483,True,8,23768,52,2025-12-23 09:00:00,"3,4,6,7,10,11,12,14"
1487,True,15,65531,52,2025-12-23 13:00:00,"0,1,3,4,5,6,7,8,9,10,11,12,13,14,15"
1504,True,3,416,52,2025-12-24 06:00:00,"5,7,8"
1515,True,10,30510,52,2025-12-24 17:00:00,"1,2,3,5,8,9,10,12,13,14"
1525,True,11,45029,52,2025-12-25 06:00:00,"0,2,5,6,7,8,9,10,11,13,15"
1532,True,5,46144,52,2025-12-25 13:00:00,"6,10,12,13,15"
1534,True,12,60398,52,2025-12-25 15:00:00,"1,2,3,5,6,7,8,9,11,13,14,15"
1535,True,13,65493,52,2025-12-25 16:00:00,"0,2,4,6,7,8,9,10,11,12,13,14,15"
1549,True,9,62035,52,2025-12-26 06:00:00,"0,1,4,6,9,12,13,14,15"
1553,True,6,23810,52,2025-12-26 10:00:00,"1,8,10,11,12,14"
1576,True,2,514,52,2025-12-27 09:00:00,"1,9"
1591,True,1,32768,52,2025-12-28 00:00:00,15
1595,True,14,65499,52,2025-12-28 04:00:00,"0,1,3,4,6,7,8,9,10,11,12,13,14,15"
1600,True,10,44254,52,2025-12-28 09:00:00,"1,2,3,4,6,7,10,11,13,15"
1609,True,13,40927,52,2025-12-28 18:00:00,"0,1,2,3,4,6,7,8,9,10,11,12,15"
1645,True,16,65535,52,2025-12-30 06:00:00,"0,1,2,3,4,5,6,7,8,9,10,11,12,13,14,15"
1653,True,4,5216,52,2025-12-30 14:00:00,"5,6,10,12"
1657,True,10,62574,52,2025-12-30 18:00:00,"1,2,3,5,6,10,12,13,14,15"
1668,True,13,49022,52,2025-12-31 08:00:00,"1,2,3,4,5,6,8,9,10,11,12,13,15"
1677,True,7,11380,52,2025-12-31 17:00:00,"2,4,5,6,10,11,13"
15,True,6,33606,53,2025-10-21 15:00:00,"1,2,6,8,9,15"
72,True,12,31733,53,2025-10-24 00:00:00,"0,2,4,5,6,7,8,9,11,12,13,14"
101,True,14,65470,53,2025-10-25 05:00:00,"1,2,3,4,5,7,8,9,10,11,12,13,14,15"
112,True,16,65535,53,2025-10-25 16:00:00,"0,1,2,3,4,5,6,7,8,9,10,11,12,13,14,15"
114,True,7,8438,53,2025-10-25 18:00:00,"1,2,4,5,6,7,13"
120,True,5,18594,53,2025-10-26 03:00:00,"1,5,7,11,14"
133,True,12,61301,53,2025-10-26 16:00:00,"0,2,4,5,6,8,9,10,11,13,14,15"
158,True,16,65535,53,2025-10-27 17:00:00,"0,1,2,3,4,5,6,7,8,9,10,11,12,13,14,15"
174,True,3,8705,53,2025-10-28 09:00:00,"0,9,13"
192,True,10,13051,53,2025-10-29 03:00:00,"0,1,3,4,5,6,7,9,12,13"
195,True,9,21244,53,2025-10-29 06:00:00,"2,3,4,5,6,7,9,12,14"
252,True,15,65503,53,2025-10-31 19:00:00,"0,1,2,3,4,6,7,8,9,10,11,12,13,14,15"
266,True,3,17024,53,2025-11-01 12:00:00,"7,9,14"
305,True,2,8448,53,2025-11-03 03:00:00,"8,13"
334,True,15,65471,53,2025-11-04 08:00:00,"0,1,2,3,4,5,7,8,9,10,11,12,13,14,15"
338,True,10,56605,53,2025-11-04 12:00:00,"0,2,3,4,8,10,11,12,14,15"
355,True,10,29171,53,2025-11-05 05:00:00,"0,1,4,5,6,7,8,12,13,14"
375,True,5,1165,53,2025-11-06 01:00:00,"0,2,3,7,10"
395,True,3,164,53,2025-11-06 21:00:00,"2,5,7"
402,True,3,4106,53,2025-11-07 07:00:00,"1,3,12"
423,True,13,56255,53,2025-11-08 04:00:00,"0,1,2,3,4,5,7,8,9,11,12,14,15"
424,True,2,20480,53,2025-11-08 05:00:00,"12,14"
425,True,16,65535,53,2025-11-08 06:00:00,"0,1,2,3,4,5,6,7,8,9,10,11,12,13,14,15"
435,True,11,36575,53,2025-11-08 16:00:00,"0,1,2,3,4,6,7,9,10,11,15"
444,True,6,9420,53,2025-11-09 01:00:00,"2,3,6,7,10,13"
481,True,6,16729,53,2025-11-10 14:00:00,"0,3,4,6,8,14"
495,True,2,12288,53,2025-11-11 04:00:00,"12,13"
517,True,1,4,53,2025-11-12 02:00:00,2
527,True,9,11762,53,2025-11-12 12:00:00,"1,4,5,6,7,8,10,11,13"
544,True,2,16385,53,2025-11-13 08:00:00,"0,14"
551,True,15,65279,53,2025-11-13 15:00:00,"0,1,2,3,4,5,6,7,9,10,11,12,13,14,15"
559,True,14,64991,53,2025-11-13 23:00:00,"0,1,2,3,4,6,7,8,10,11,12,13,14,15"
571,True,10,2043,53,2025-11-14 11:00:00,"0,1,3,4,5,6,7,8,9,10"
588,True,14,30719,53,2025-11-15 04:00:00,"0,1,2,3,4,5,6,7,8,9,10,12,13,14"
630,True,12,47583,53,2025-11-16 22:00:00,"0,1,2,3,4,6,7,8,11,12,13,15"
658,True,14,65019,53,2025-11-18 02:00:00,"0,1,3,4,5,6,7,8,10,11,12,13,14,15"
680,True,5,37441,53,2025-11-19 03:00:00,"0,6,9,12,15"
709,True,2,24,53,2025-11-20 08:00:00,"3,4"
710,True,2,18432,53,2025-11-20 09:00:00,"11,14"
720,True,14,59391,53,2025-11-20 19:00:00,"0,1,2,3,4,5,6,7,8,9,10,13,14,15"
758,True,8,54437,53,2025-11-22 09:00:00,"0,2,5,7,10,12,14,15"
789,True,6,24873,53,2025-11-23 16:00:00,"0,3,5,8,13,14"
835,True,15,49151,53,2025-11-25 17:00:00,"0,1,2,3,4,5,6,7,8,9,10,11,12,13,15"
839,True,1,256,53,2025-11-25 21:00:00,8
843,True,15,65471,53,2025-11-26 01:00:00,"0,1,2,3,4,5,7,8,9,10,11,12,13,14,15"
870,True,8,5558,53,2025-11-27 04:00:00,"1,2,4,5,7,8,10,12"
881,True,10,31349,53,2025-11-27 15:00:00,"0,2,4,5,6,9,11,12,13,14"
915,True,16,65535,53,2025-11-29 01:00:00,"0,1,2,3,4,5,6,7,8,9,10,11,12,13,14,15"
925,True,16,65535,53,2025-11-29 11:00:00,"0,1,2,3,4,5,6,7,8,9,10,11,12,13,14,15"
946,True,14,60415,53,2025-11-30 08:00:00,"0,1,2,3,4,5,6,7,8,9,11,13,14,15"
953,True,7,39683,53,2025-11-30 15:00:00,"0,1,8,9,11,12,15"
983,True,2,33024,53,2025-12-02 00:00:00,"8,15"
1012,True,13,56315,53,2025-12-03 09:00:00,"0,1,3,4,5,6,7,8,9,11,12,14,15"
1143,True,5,28681,53,2025-12-08 23:00:00,"0,3,12,13,14"
1196,True,13,65274,53,2025-12-11 04:00:00,"1,3,4,5,6,7,9,10,11,12,13,14,15"
1231,True,2,4112,53,2025-12-12 15:00:00,"4,12"
1241,True,4,9219,53,2025-12-13 04:00:00,"0,1,10,13"
1284,True,14,61407,53,2025-12-14 23:00:00,"0,1,2,3,4,6,7,8,9,10,11,13,14,15"
1300,True,8,30229,53,2025-12-15 15:00:00,"0,2,4,9,10,12,13,14"
1308,True,5,39048,53,2025-12-15 23:00:00,"3,7,11,12,15"
1404,True,1,2,53,2025-12-20 02:00:00,1
1408,True,10,62420,53,2025-12-20 06:00:00,"2,4,6,7,8,9,12,13,14,15"
1418,True,4,36929,53,2025-12-20 16:00:00,"0,6,12,15"
1430,True,9,48036,53,2025-12-21 04:00:00,"2,5,7,8,9,11,12,13,15"
1447,True,2,33792,53,2025-12-21 21:00:00,"10,15"
1491,True,4,32905,53,2025-12-23 17:00:00,"0,3,7,15"
1563,True,2,192,53,2025-12-26 20:00:00,"6,7"
1572,True,2,6,53,2025-12-27 05:00:00,"1,2"
1667,True,9,36714,53,2025-12-31 07:00:00,"1,3,5,6,8,9,10,11,15"
1674,True,8,6630,53,2025-12-31 14:00:00,"1,2,5,6,7,8,11,12"
0,True,12,23807,54,2025-10-21 00:00:00,"0,1,2,3,4,5,6,7,10,11,12,14"
18,True,9,23921,54,2025-10-21 18:00:00,"0,4,5,6,8,10,11,12,14"
84,True,6,7268,54,2025-10-24 12:00:00,"2,5,6,10,11,12"
100,True,7,10347,54,2025-10-25 04:00:00,"0,1,3,5,6,11,13"
123,True,12,16373,54,2025-10-26 06:00:00,"0,2,4,5,6,7,8,9,10,11,12,13"
125,True,8,1959,54,2025-10-26 08:00:00,"0,1,2,5,7,8,9,10"
136,True,13,65014,54,2025-10-26 19:00:00,"1,2,4,5,6,7,8,10,11,12,13,14,15"
143,True,16,65535,54,2025-10-27 02:00:00,"0,1,2,3,4,5,6,7,8,9,10,11,12,13,14,15"
145,True,14,49119,54,2025-10-27 04:00:00,"0,1,2,3,4,6,7,8,9,10,11,12,13,15"
146,True,15,65471,54,2025-10-27 05:00:00,"0,1,2,3,4,5,7,8,9,10,11,12,13,14,15"
169,True,12,48615,54,2025-10-28 04:00:00,"0,1,2,5,6,7,8,10,11,12,13,15"
178,True,16,65535,54,2025-10-28 13:00:00,"0,1,2,3,4,5,6,7,8,9,10,11,12,13,14,15"
179,True,12,46974,54,2025-10-28 14:00:00,"1,2,3,4,5,6,8,9,10,12,13,15"
189,True,10,11253,54,2025-10-29 00:00:00,"0,2,4,5,6,7,8,9,11,13"
256,True,3,4226,54,2025-10-31 23:00:00,"1,7,12"
266,True,11,60666,54,2025-11-01 12:00:00,"1,3,4,5,6,7,10,11,13,14,15"
335,True,3,32801,54,2025-11-04 09:00:00,"0,5,15"
355,True,13,24447,54,2025-11-05 05:00:00,"0,1,2,3,4,5,6,8,9,10,11,12,14"
409,True,9,24418,54,2025-11-07 14:00:00,"1,5,6,8,9,10,11,12,14"
466,True,8,26009,54,2025-11-09 23:00:00,"0,3,4,7,8,10,13,14"
489,True,6,16787,54,2025-11-10 22:00:00,"0,1,4,7,8,14"
493,True,3,16452,54,2025-11-11 02:00:00,"2,6,14"
529,True,7,20108,54,2025-11-12 14:00:00,"2,3,7,9,10,11,14"
533,True,3,1096,54,2025-11-12 18:00:00,"3,6,10"
539,True,5,53320,54,2025-11-13 03:00:00,"3,6,12,14,15"
561,True,5,3169,54,2025-11-14 01:00:00,"0,5,6,10,11"
570,True,9,36217,54,2025-11-14 10:00:00,"0,3,4,5,6,8,10,11,15"
574,True,5,20745,54,2025-11-14 14:00:00,"0,3,8,12,14"
583,True,13,57086,54,2025-11-14 23:00:00,"1,2,3,4,5,6,7,9,10,11,12,14,15"
591,True,7,27844,54,2025-11-15 07:00:00,"2,6,7,10,11,13,14"
596,True,14,49087,54,2025-11-15 12:00:00,"0,1,2,3,4,5,7,8,9,10,11,12,13,15"
602,True,15,65503,54,2025-11-15 18:00:00,"0,1,2,3,4,6,7,8,9,10,11,12,13,14,15"
615,True,11,29535,54,2025-11-16 07:00:00,"0,1,2,3,4,6,8,9,12,13,14"
616,True,9,13304,54,2025-11-16 08:00:00,"3,4,5,6,7,8,9,12,13"
656,True,6,58528,54,2025-11-18 00:00:00,"5,7,10,13,14,15"
694,True,15,65471,54,2025-11-19 17:00:00,"0,1,2,3,4,5,7,8,9,10,11,12,13,14,15"
704,True,4,34432,54,2025-11-20 03:00:00,"7,9,10,15"
706,True,8,21338,54,2025-11-20 05:00:00,"1,3,4,6,8,9,12,14"
726,True,12,63341,54,2025-11-21 01:00:00,"0,2,3,5,6,8,9,10,12,13,14,15"
744,True,10,8170,54,2025-11-21 19:00:00,"1,3,5,6,7,8,9,10,11,12"
757,True,8,57914,54,2025-11-22 08:00:00,"1,3,4,5,9,13,14,15"
790,True,10,59166,54,2025-11-23 17:00:00,"1,2,3,4,8,9,10,13,14,15"
875,True,9,48515,54,2025-11-27 09:00:00,"0,1,7,8,10,11,12,13,15"
878,True,8,25679,54,2025-11-27 12:00:00,"0,1,2,3,6,10,13,14"
950,True,14,65515,54,2025-11-30 12:00:00,"0,1,3,5,6,7,8,9,10,11,12,13,14,15"
965,True,13,65389,54,2025-12-01 06:00:00,"0,2,3,5,6,8,9,10,11,12,13,14,15"
979,True,12,56813,54,2025-12-01 20:00:00,"0,2,3,5,6,7,8,10,11,12,14,15"
991,True,16,65535,54,2025-12-02 08:00:00,"0,1,2,3,4,5,6,7,8,9,10,11,12,13,14,15"
1005,True,5,53568,54,2025-12-03 02:00:00,"6,8,12,14,15"
1009,True,16,65535,54,2025-12-03 06:00:00,"0,1,2,3,4,5,6,7,8,9,10,11,12,13,14,15"
1022,True,5,41034,54,2025-12-03 19:00:00,"1,3,6,13,15"
1080,True,2,4224,54,2025-12-06 05:00:00,"7,12"
1089,True,11,54262,54,2025-12-06 14:00:00,"1,2,4,5,6,7,8,9,12,14,15"
1092,True,15,64511,54,2025-12-06 17:00:00,"0,1,2,3,4,5,6,7,8,9,11,12,13,14,15"
1137,True,14,64767,54,2025-12-08 17:00:00,"0,1,2,3,4,5,6,7,10,11,12,13,14,15"
1139,True,15,65471,54,2025-12-08 19:00:00,"0,1,2,3,4,5,7,8,9,10,11,12,13,14,15"
1164,True,16,65535,54,2025-12-09 20:00:00,"0,1,2,3,4,5,6,7,8,9,10,11,12,13,14,15"
1181,True,2,576,54,2025-12-10 13:00:00,"6,9"
1199,True,12,48093,54,2025-12-11 07:00:00,"0,2,3,4,6,7,8,9,11,12,13,15"
1286,True,3,137,54,2025-12-15 01:00:00,"0,3,7"
1354,True,10,46518,54,2025-12-17 21:00:00,"1,2,4,5,7,8,10,12,13,15"
1380,True,11,64186,54,2025-12-18 23:00:00,"1,3,4,5,7,9,11,12,13,14,15"
1381,True,9,31416,54,2025-12-19 03:00:00,"3,4,5,7,9,11,12,13,14"
1415,True,13,64502,54,2025-12-20 13:00:00,"1,2,4,5,6,7,8,9,11,12,13,14,15"
1435,True,11,24554,54,2025-12-21 09:00:00,"1,3,5,6,7,8,9,10,11,12,14"
1491,True,12,55999,54,2025-12-23 17:00:00,"0,1,2,3,4,5,7,9,11,12,14,15"
1552,True,2,20,54,2025-12-26 09:00:00,"2,4"
1559,True,14,57087,54,2025-12-26 16:00:00,"0,1,2,3,4,5,6,7,9,10,11,12,14,15"
1586,True,16,65535,54,2025-12-27 19:00:00,"0,1,2,3,4,5,6,7,8,9,10,11,12,13,14,15"
1589,True,16,65535,54,2025-12-27 22:00:00,"0,1,2,3,4,5,6,7,8,9,10,11,12,13,14,15"
1660,True,13,56311,54,2025-12-30 21:00:00,"0,1,2,4,5,6,7,8,9,11,12,14,15"
1670,True,1,16,54,2025-12-31 10:00:00,4
1,True,9,46390,55,2025-10-21 01:00:00,"1,2,4,5,8,10,12,13,15"
10,True,7,25428,55,2025-10-21 10:00:00,"2,4,6,8,9,13,14"
30,True,15,65471,55,2025-10-22 06:00:00,"0,1,2,3,4,5,7,8,9,10,11,12,13,14,15"
49,True,1,512,55,2025-10-23 01:00:00,9
56,True,8,15435,55,2025-10-23 08:00:00,"0,1,3,6,10,11,12,13"
87,True,14,49087,55,2025-10-24 15:00:00,"0,1,2,3,4,5,7,8,9,10,11,12,13,15"
94,True,3,34880,55,2025-10-24 22:00:00,"6,11,15"
110,True,10,65105,55,2025-10-25 14:00:00,"0,4,6,9,10,11,12,13,14,15"
137,True,16,65535,55,2025-10-26 20:00:00,"0,1,2,3,4,5,6,7,8,9,10,11,12,13,14,15"
142,True,13,65373,55,2025-10-27 01:00:00,"0,2,3,4,6,8,9,10,11,12,13,14,15"
183,True,6,51972,55,2025-10-28 18:00:00,"2,8,9,11,14,15"
208,True,11,47996,55,2025-10-29 19:00:00,"2,3,4,5,6,8,9,11,12,13,15"
228,True,15,65279,55,2025-10-30 19:00:00,"0,1,2,3,4,5,6,7,9,10,11,12,13,14,15"
229,True,5,34065,55,2025-10-30 20:00:00,"0,4,8,10,15"
231,True,13,65149,55,2025-10-30 22:00:00,"0,2,3,4,5,6,9,10,11,12,13,14,15"
298,True,7,8066,55,2025-11-02 20:00:00,"1,7,8,9,10,11,12"
299,True,16,65535,55,2025-11-02 21:00:00,"0,1,2,3,4,5,6,7,8,9,10,11,12,13,14,15"
303,True,5,3424,55,2025-11-03 01:00:00,"5,6,8,10,11"
339,True,3,2432,55,2025-11-04 13:00:00,"7,8,11"
347,True,5,8294,55,2025-11-04 21:00:00,"1,2,5,6,13"
357,True,11,56167,55,2025-11-05 07:00:00,"0,1,2,5,6,8,9,11,12,14,15"
360,True,2,4160,55,2025-11-05 10:00:00,"6,12"
381,True,1,16,55,2025-11-06 07:00:00,4
392,True,16,65535,55,2025-11-06 18:00:00,"0,1,2,3,4,5,6,7,8,9,10,11,12,13,14,15"
417,True,13,31739,55,2025-11-07 22:00:00,"0,1,3,4,5,6,7,8,9,11,12,13,14"
436,True,9,22252,55,2025-11-08 17:00:00,"2,3,5,6,7,9,10,12,14"
443,True,1,1024,55,2025-11-09 00:00:00,10
447,True,9,62245,55,2025-11-09 04:00:00,"0,2,5,8,9,12,13,14,15"
449,True,4,1320,55,2025-11-09 06:00:00,"3,5,8,10"
456,True,13,14335,55,2025-11-09 13:00:00,"0,1,2,3,4,5,6,7,8,9,10,12,13"
492,True,3,32928,55,2025-11-11 01:00:00,"5,7,15"
499,True,2,32772,55,2025-11-11 08:00:00,"2,15"
516,True,12,63437,55,2025-11-12 01:00:00,"0,2,3,6,7,8,9,10,12,13,14,15"
580,True,9,48269,55,2025-11-14 20:00:00,"0,2,3,7,10,11,12,13,15"
592,True,7,36401,55,2025-11-15 08:00:00,"0,4,5,9,10,11,15"
593,True,2,16416,55,2025-11-15 09:00:00,"5,14"
597,True,3,259,55,2025-11-15 13:00:00,"0,1,8"
605,True,3,2088,55,2025-11-15 21:00:00,"3,5,11"
636,True,6,35220,55,2025-11-17 04:00:00,"2,4,7,8,11,15"
643,True,9,39381,55,2025-11-17 11:00:00,"0,2,4,6,7,8,11,12,15"
668,True,8,3030,55,2025-11-18 12:00:00,"1,2,4,6,7,8,9,11"
672,True,14,64510,55,2025-11-18 16:00:00,"1,2,3,4,5,6,7,8,9,11,12,13,14,15"
713,True,9,27735,55,2025-11-20 12:00:00,"0,1,2,4,6,10,11,13,14"
725,True,16,65535,55,2025-11-21 00:00:00,"0,1,2,3,4,5,6,7,8,9,10,11,12,13,14,15"
729,True,13,53246,55,2025-11-21 04:00:00,"1,2,3,4,5,6,7,8,9,10,11,14,15"
735,True,13,56959,55,2025-11-21 10:00:00,"0,1,2,3,4,5,6,9,10,11,12,14,15"
753,True,2,9,55,2025-11-22 04:00:00,"0,3"
755,True,5,41987,55,2025-11-22 06:00:00,"0,1,10,13,15"
783,True,6,2420,55,2025-11-23 10:00:00,"2,4,5,6,8,11"
787,True,11,64636,55,2025-11-23 14:00:00,"2,3,4,5,6,10,11,12,13,14,15"
825,True,16,65535,55,2025-11-25 07:00:00,"0,1,2,3,4,5,6,7,8,9,10,11,12,13,14,15"
827,True,6,17453,55,2025-11-25 09:00:00,"0,2,3,5,10,14"
828,True,1,32,55,2025-11-25 10:00:00,5
833,True,5,41136,55,2025-11-25 15:00:00,"4,5,7,13,15"
836,True,3,16704,55,2025-11-25 18:00:00,"6,8,14"
857,True,2,8256,55,2025-11-26 15:00:00,"6,13"
874,True,15,65407,55,2025-11-27 08:00:00,"0,1,2,3,4,5,6,8,9,10,11,12,13,14,15"
879,True,9,59797,55,2025-11-27 13:00:00,"0,2,4,7,8,11,13,14,15"
932,True,10,7855,55,2025-11-29 18:00:00,"0,1,2,3,5,7,9,10,11,12"
940,True,16,65535,55,2025-11-30 02:00:00,"0,1,2,3,4,5,6,7,8,9,10,11,12,13,14,15"
949,True,11,11999,55,2025-11-30 11:00:00,"0,1,2,3,4,6,7,9,10,11,13"
964,True,10,58286,55,2025-12-01 05:00:00,"1,2,3,5,7,8,9,13,14,15"
984,True,7,3529,55,2025-12-02 01:00:00,"0,3,6,7,8,10,11"
1024,True,8,27433,55,2025-12-03 21:00:00,"0,3,5,8,9,11,13,14"
1033,True,4,2818,55,2025-12-04 06:00:00,"1,8,9,11"
1043,True,3,517,55,2025-12-04 16:00:00,"0,2,9"
1072,True,14,65151,55,2025-12-05 21:00:00,"0,1,2,3,4,5,6,9,10,11,12,13,14,15"
1101,True,4,1224,55,2025-12-07 05:00:00,"3,6,7,10"
1107,True,2,65,55,2025-12-07 11:00:00,"0,6"
1116,True,6,4299,55,2025-12-07 20:00:00,"0,1,3,6,7,12"
1126,True,16,65535,55,2025-12-08 06:00:00,"0,1,2,3,4,5,6,7,8,9,10,11,12,13,14,15"
1157,True,15,57343,55,2025-12-09 13:00:00,"0,1,2,3,4,5,6,7,8,9,10,11,12,14,15"
1179,True,4,1360,55,2025-12-10 11:00:00,"4,6,8,10"
1191,True,14,53247,55,2025-12-10 23:00:00,"0,1,2,3,4,5,6,7,8,9,10,11,14,15"
1242,True,16,65535,55,2025-12-13 05:00:00,"0,1,2,3,4,5,6,7,8,9,10,11,12,13,14,15"
1285,True,12,24315,55,2025-12-15 00:00:00,"0,1,3,4,5,6,7,9,10,11,12,14"
1307,True,9,55838,55,2025-12-15 22:00:00,"1,2,3,4,9,11,12,14,15"
1332,True,2,32800,55,2025-12-16 23:00:00,"5,15"
1350,True,10,38889,55,2025-12-17 17:00:00,"0,3,5,6,7,8,9,10,12,15"
1378,True,9,9721,55,2025-12-18 21:00:00,"0,3,4,5,6,7,8,10,13"
1384,True,12,53181,55,2025-12-19 06:00:00,"0,2,3,4,5,7,8,9,10,11,14,15"
1436,True,3,34832,55,2025-12-21 10:00:00,"4,11,15"
1474,True,12,24055,55,2025-12-23 00:00:00,"0,1,2,4,5,6,7,8,10,11,12,14"
1521,True,1,128,55,2025-12-24 23:00:00,7
1525,True,13,57277,55,2025-12-25 06:00:00,"0,2,3,4,5,7,8,9,10,11,12,14,15"
1544,True,6,52227,55,2025-12-26 01:00:00,"0,1,10,11,14,15"
5,True,2,8256,56,2025-10-21 05:00:00,"6,13"
8,True,4,3204,56,2025-10-21 08:00:00,"2,7,10,11"
44,True,10,64837,56,2025-10-22 20:00:00,"0,2,6,8,10,11,12,13,14,15"
72,True,13,65183,56,2025-10-24 00:00:00,"0,1,2,3,4,7,9,10,11,12,13,14,15"
103,True,4,5634,56,2025-10-25 07:00:00,"1,9,10,12"
173,True,2,17,56,2025-10-28 08:00:00,"0,4"
183,True,13,65513,56,2025-10-28 18:00:00,"0,3,5,6,7,8,9,10,11,12,13,14,15"
186,True,8,27762,56,2025-10-28 21:00:00,"1,4,5,6,10,11,13,14"
188,True,1,16384,56,2025-10-28 23:00:00,14
222,True,2,4224,56,2025-10-30 13:00:00,"7,12"
239,True,8,24480,56,2025-10-31 06:00:00,"5,7,8,9,10,11,12,14"
256,True,10,6063,56,2025-10-31 23:00:00,"0,1,2,3,5,7,8,9,10,12"
276,True,8,23833,56,2025-11-01 22:00:00,"0,3,4,8,10,11,12,14"
282,True,10,61805,56,2025-11-02 04:00:00,"0,2,3,5,6,8,12,13,14,15"
312,True,9,47277,56,2025-11-03 10:00:00,"0,2,3,5,7,11,12,13,15"
314,True,2,260,56,2025-11-03 12:00:00,"2,8"
318,True,16,65535,56,2025-11-03 16:00:00,"0,1,2,3,4,5,6,7,8,9,10,11,12,13,14,15"
322,True,16,65535,56,2025-11-03 20:00:00,"0,1,2,3,4,5,6,7,8,9,10,11,12,13,14,15"
330,True,1,4,56,2025-11-04 04:00:00,2
337,True,11,47966,56,2025-11-04 11:00:00,"1,2,3,4,6,8,9,11,12,13,15"
343,True,10,21871,56,2025-11-04 17:00:00,"0,1,2,3,5,6,8,10,12,14"
356,True,1,8192,56,2025-11-05 06:00:00,13
371,True,3,5152,56,2025-11-05 21:00:00,"5,10,12"
383,True,4,16433,56,2025-11-06 09:00:00,"0,4,5,14"
387,True,15,63487,56,2025-11-06 13:00:00,"0,1,2,3,4,5,6,7,8,9,10,12,13,14,15"
427,True,13,52223,56,2025-11-08 08:00:00,"0,1,2,3,4,5,6,7,8,9,11,14,15"
434,True,9,63297,56,2025-11-08 15:00:00,"0,6,8,9,10,12,13,14,15"
436,True,10,20286,56,2025-11-08 17:00:00,"1,2,3,4,5,8,9,10,11,14"
440,True,5,53380,56,2025-11-08 21:00:00,"2,7,12,14,15"
453,True,15,65279,56,2025-11-09 10:00:00,"0,1,2,3,4,5,6,7,9,10,11,12,13,14,15"
458,True,9,23347,56,2025-11-09 15:00:00,"0,1,4,5,8,9,11,12,14"
464,True,16,65535,56,2025-11-09 21:00:00,"0,1,2,3,4,5,6,7,8,9,10,11,12,13,14,15"
470,True,10,64906,56,2025-11-10 03:00:00,"1,3,7,8,10,11,12,13,14,15"
473,True,13,57333,56,2025-11-10 06:00:00,"0,2,4,5,6,7,8,9,10,11,12,14,15"
489,True,5,8838,56,2025-11-10 22:00:00,"1,2,7,9,13"
554,True,7,29089,56,2025-11-13 18:00:00,"0,5,7,8,12,13,14"
570,True,7,35508,56,2025-11-14 10:00:00,"2,4,5,7,9,11,15"
590,True,15,65534,56,2025-11-15 06:00:00,"1,2,3,4,5,6,7,8,9,10,11,12,13,14,15"
609,True,1,512,56,2025-11-16 01:00:00,9
615,True,14,65015,56,2025-11-16 07:00:00,"0,1,2,4,5,6,7,8,10,11,12,13,14,15"
638,True,14,65406,56,2025-11-17 06:00:00,"1,2,3,4,5,6,8,9,10,11,12,13,14,15"
653,True,11,64241,56,2025-11-17 21:00:00,"0,4,5,6,7,9,11,12,13,14,15"
671,True,12,23039,56,2025-11-18 15:00:00,"0,1,2,3,4,5,6,7,8,11,12,14"
680,True,8,20133,56,2025-11-19 03:00:00,"0,2,5,7,9,10,11,14"
685,True,8,54053,56,2025-11-19 08:00:00,"0,2,5,8,9,12,14,15"
687,True,3,24577,56,2025-11-19 10:00:00,"0,13,14"
695,True,14,65470,56,2025-11-19 18:00:00,"1,2,3,4,5,7,8,9,10,11,12,13,14,15"
726,True,1,16384,56,2025-11-21 01:00:00,14
799,True,8,23363,56,2025-11-24 02:00:00,"0,1,6,8,9,11,12,14"
802,True,11,63719,56,2025-11-24 05:00:00,"0,1,2,5,6,7,11,12,13,14,15"
850,True,2,520,56,2025-11-26 08:00:00,"3,9"
899,True,12,57149,56,2025-11-28 09:00:00,"0,2,3,4,5,8,9,10,11,12,14,15"
963,True,8,16003,56,2025-12-01 04:00:00,"0,1,7,9,10,11,12,13"
973,True,12,64743,56,2025-12-01 14:00:00,"0,1,2,5,6,7,10,11,12,13,14,15"
1003,True,8,58577,56,2025-12-03 00:00:00,"0,4,6,7,10,13,14,15"
1052,True,3,8324,56,2025-12-05 01:00:00,"2,7,13"
1101,True,16,65535,56,2025-12-07 05:00:00,"0,1,2,3,4,5,6,7,8,9,10,11,12,13,14,15"
1133,True,16,65535,56,2025-12-08 13:00:00,"0,1,2,3,4,5,6,7,8,9,10,11,12,13,14,15"
1166,True,5,8467,56,2025-12-09 22:00:00,"0,1,4,8,13"
1168,True,1,4,56,2025-12-10 00:00:00,2
1207,True,14,49150,56,2025-12-11 15:00:00,"1,2,3,4,5,6,7,8,9,10,11,12,13,15"
1212,True,16,65535,56,2025-12-11 20:00:00,"0,1,2,3,4,5,6,7,8,9,10,11,12,13,14,15"
1222,True,4,3648,56,2025-12-12 06:00:00,"6,9,10,11"
1232,True,7,7112,56,2025-12-12 16:00:00,"3,6,7,8,9,11,12"
1268,True,4,8457,56,2025-12-14 07:00:00,"0,3,8,13"
1270,True,12,65477,56,2025-12-14 09:00:00,"0,2,6,7,8,9,10,11,12,13,14,15"
1296,True,14,63359,56,2025-12-15 11:00:00,"0,1,2,3,4,5,6,8,9,10,12,13,14,15"
1352,True,7,12905,56,2025-12-17 19:00:00,"0,3,5,6,9,12,13"
1366,True,3,32788,56,2025-12-18 09:00:00,"2,4,15"
1375,True,10,54006,56,2025-12-18 18:00:00,"1,2,4,5,6,7,9,12,14,15"
1389,True,8,17111,56,2025-12-19 11:00:00,"0,1,2,4,6,7,9,14"
1395,True,1,32,56,2025-12-19 17:00:00,5
1397,True,3,322,56,2025-12-19 19:00:00,"1,6,8"
1409,True,13,61167,56,2025-12-20 07:00:00,"0,1,2,3,5,6,7,9,10,11,13,14,15"
1416,True,1,4096,56,2025-12-20 14:00:00,12
1421,True,2,1152,56,2025-12-20 19:00:00,"7,10"
1430,True,4,33168,56,2025-12-21 04:00:00,"4,7,8,15"
1433,True,6,4707,56,2025-12-21 07:00:00,"0,1,5,6,9,12"
1508,True,4,32838,56,2025-12-24 10:00:00,"1,2,6,15"
1528,True,12,64886,56,2025-12-25 09:00:00,"1,2,4,5,6,8,10,11,12,13,14,15"
1539,True,7,2621,56,2025-12-25 20:00:00,"0,2,3,4,5,9,11"
1574,True,16,65535,56,2025-12-27 07:00:00,"0,1,2,3,4,5,6,7,8,9,10,11,12,13,14,15"
1579,True,7,56416,56,2025-12-27 12:00:00,"5,6,10,11,12,14,15"
1591,True,4,332,56,2025-12-28 00:00:00,"2,3,6,8"
1619,True,7,51402,56,2025-12-29 04:00:00,"1,3,6,7,11,14,15"
1640,True,3,8257,56,2025-12-30 01:00:00,"0,6,13"
1648,True,1,256,56,2025-12-30 09:00:00,8
1671,True,10,15774,56,2025-12-31 11:00:00,"1,2,3,4,7,8,10,11,12,13"
0,True,16,65535,57,2025-10-21 00:00:00,"0,1,2,3,4,5,6,7,8,9,10,11,12,13,14,15"
13,True,10,42843,57,2025-10-21 13:00:00,"0,1,3,4,6,8,9,10,13,15"
46,True,2,1152,57,2025-10-22 22:00:00,"7,10"
47,True,10,44889,57,2025-10-22 23:00:00,"0,3,4,6,8,9,10,11,13,15"
85,True,13,65213,57,2025-10-24 13:00:00,"0,2,3,4,5,7,9,10,11,12,13,14,15"
120,True,4,9234,57,2025-10-26 03:00:00,"1,4,10,13"
133,True,8,11915,57,2025-10-26 16:00:00,"0,1,3,7,9,10,11,13"
151,True,13,64463,57,2025-10-27 10:00:00,"0,1,2,3,6,7,8,9,11,12,13,14,15"
160,True,8,3939,57,2025-10-27 19:00:00,"0,1,5,6,8,9,10,11"
179,True,13,61367,57,2025-10-28 14:00:00,"0,1,2,4,5,7,8,9,10,11,13,14,15"
181,True,6,3174,57,2025-10-28 16:00:00,"1,2,5,6,10,11"
186,True,7,25653,57,2025-10-28 21:00:00,"0,2,4,5,10,13,14"
187,True,16,65535,57,2025-10-28 22:00:00,"0,1,2,3,4,5,6,7,8,9,10,11,12,13,14,15"
224,True,9,19575,57,2025-10-30 15:00:00,"0,1,2,4,5,6,10,11,14"
306,True,5,49928,57,2025-11-03 04:00:00,"3,8,9,14,15"
316,True,8,21420,57,2025-11-03 14:00:00,"2,3,5,7,8,9,12,14"
324,True,2,1536,57,2025-11-03 22:00:00,"9,10"
334,True,11,27999,57,2025-11-04 08:00:00,"0,1,2,3,4,6,8,10,11,13,14"
447,True,6,34241,57,2025-11-09 04:00:00,"0,6,7,8,10,15"
465,True,1,64,57,2025-11-09 22:00:00,6
481,True,7,25029,57,2025-11-10 14:00:00,"0,2,6,7,8,13,14"
493,True,8,37979,57,2025-11-11 02:00:00,"0,1,3,4,6,10,12,15"
494,True,1,4,57,2025-11-11 03:00:00,2
530,True,16,65535,57,2025-11-12 15:00:00,"0,1,2,3,4,5,6,7,8,9,10,11,12,13,14,15"
545,True,2,16640,57,2025-11-13 09:00:00,"8,14"
580,True,13,57023,57,2025-11-14 20:00:00,"0,1,2,3,4,5,7,9,10,11,12,14,15"
618,True,1,1024,57,2025-11-16 10:00:00,10
640,True,4,9348,57,2025-11-17 08:00:00,"2,7,10,13"
659,True,4,59392,57,2025-11-18 03:00:00,"11,13,14,15"
700,True,12,63406,57,2025-11-19 23:00:00,"1,2,3,5,7,8,9,10,12,13,14,15"
706,True,1,32768,57,2025-11-20 05:00:00,15
710,True,12,52990,57,2025-11-20 09:00:00,"1,2,3,4,5,6,7,9,10,11,14,15"
740,True,16,65535,57,2025-11-21 15:00:00,"0,1,2,3,4,5,6,7,8,9,10,11,12,13,14,15"
863,True,8,12659,57,2025-11-26 21:00:00,"0,1,4,5,6,8,12,13"
872,True,9,53918,57,2025-11-27 06:00:00,"1,2,3,4,7,9,12,14,15"
901,True,6,746,57,2025-11-28 11:00:00,"1,3,5,6,7,9"
921,True,15,65533,57,2025-11-29 07:00:00,"0,2,3,4,5,6,7,8,9,10,11,12,13,14,15"
957,True,4,16657,57,2025-11-30 19:00:00,"0,4,8,14"
976,True,2,144,57,2025-12-01 17:00:00,"4,7"
983,True,10,3067,57,2025-12-02 00:00:00,"0,1,3,4,5,6,7,8,9,11"
1004,True,6,17052,57,2025-12-03 01:00:00,"2,3,4,7,9,14"
1009,True,11,36795,57,2025-12-03 06:00:00,"0,1,3,4,5,7,8,9,10,11,15"
1020,True,11,61116,57,2025-12-03 17:00:00,"2,3,4,5,7,9,10,11,13,14,15"
1053,True,6,28710,57,2025-12-05 02:00:00,"1,2,5,12,13,14"
1067,True,8,51990,57,2025-12-05 16:00:00,"1,2,4,8,9,11,14,15"
1090,True,15,65519,57,2025-12-06 15:00:00,"0,1,2,3,5,6,7,8,9,10,11,12,13,14,15"
1107,True,11,54014,57,2025-12-07 11:00:00,"1,2,3,4,5,6,7,9,12,14,15"
1144,True,3,67,57,2025-12-09 00:00:00,"0,1,6"
1165,True,13,64863,57,2025-12-09 21:00:00,"0,1,2,3,4,6,8,10,11,12,13,14,15"
1183,True,10,42965,57,2025-12-10 15:00:00,"0,2,4,6,7,8,9,10,13,15"
1190,True,3,16513,57,2025-12-10 22:00:00,"0,7,14"
1296,True,11,57061,57,2025-12-15 11:00:00,"0,2,5,6,7,9,10,11,12,14,15"
1315,True,3,4120,57,2025-12-16 06:00:00,"3,4,12"
1330,True,5,18177,57,2025-12-16 21:00:00,"0,8,9,10,14"
1349,True,1,128,57,2025-12-17 16:00:00,7
1413,True,15,65279,57,2025-12-20 11:00:00,"0,1,2,3,4,5,6,7,9,10,11,12,13,14,15"
1439,True,6,41137,57,2025-12-21 13:00:00,"0,4,5,7,13,15"
1447,True,13,56827,57,2025-12-21 21:00:00,"0,1,3,4,5,6,7,8,10,11,12,14,15"
1454,True,1,512,57,2025-12-22 04:00:00,9
1468,True,2,5,57,2025-12-22 18:00:00,"0,2"
1469,True,16,65535,57,2025-12-22 19:00:00,"0,1,2,3,4,5,6,7,8,9,10,11,12,13,14,15"
1553,True,7,25425,57,2025-12-26 10:00:00,"0,4,6,8,9,13,14"
1557,True,7,16509,57,2025-12-26 14:00:00,"0,2,3,4,5,6,14"
1560,True,1,32,57,2025-12-26 17:00:00,5
1621,True,8,47379,57,2025-12-29 06:00:00,"0,1,4,8,11,12,13,15"
1627,True,2,40,57,2025-12-29 12:00:00,"3,5"
1636,True,1,4,57,2025-12-29 21:00:00,2
1642,True,5,6169,57,2025-12-30 03:00:00,"0,3,4,11,12"
1647,True,11,62695,57,2025-12-30 08:00:00,"0,1,2,5,6,7,10,12,13,14,15"
1649,True,9,13270,57,2025-12-30 10:00:00,"1,2,4,6,7,8,9,12,13"
1654,True,7,33359,57,2025-12-30 15:00:00,"0,1,2,3,6,9,15"
1656,True,8,62625,57,2025-12-30 17:00:00,"0,5,7,10,12,13,14,15"
1672,True,3,2568,57,2025-12-31 12:00:00,"3,9,11"
8,True,15,65471,58,2025-10-21 08:00:00,"0,1,2,3,4,5,7,8,9,10,11,12,13,14,15"
16,True,10,60822,58,2025-10-21 16:00:00,"1,2,4,7,8,10,11,13,14,15"
47,True,11,57080,58,2025-10-22 23:00:00,"3,4,5,6,7,9,10,11,12,14,15"
161,True,4,33409,58,2025-10-27 20:00:00,"0,7,9,15"
167,True,11,52687,58,2025-10-28 02:00:00,"0,1,2,3,6,7,8,10,11,14,15"
169,True,14,65021,58,2025-10-28 04:00:00,"0,2,3,4,5,6,7,8,10,11,12,13,14,15"
196,True,2,40,58,2025-10-29 07:00:00,"3,5"
211,True,12,60831,58,2025-10-29 22:00:00,"0,1,2,3,4,7,8,10,11,13,14,15"
214,True,1,64,58,2025-10-30 01:00:00,6
229,True,12,59775,58,2025-10-30 20:00:00,"0,1,2,3,4,5,6,8,11,13,14,15"
247,True,5,775,58,2025-10-31 14:00:00,"0,1,2,8,9"
252,True,6,35409,58,2025-10-31 19:00:00,"0,4,6,9,11,15"
259,True,2,260,58,2025-11-01 05:00:00,"2,8"
260,True,12,65334,58,2025-11-01 06:00:00,"1,2,4,5,8,9,10,11,12,13,14,15"
275,True,6,42130,58,2025-11-01 21:00:00,"1,4,7,10,13,15"
297,True,3,2564,58,2025-11-02 19:00:00,"2,9,11"
308,True,5,35075,58,2025-11-03 06:00:00,"0,1,8,11,15"
328,True,9,43446,58,2025-11-04 02:00:00,"1,2,4,5,7,8,11,13,15"
329,True,14,32511,58,2025-11-04 03:00:00,"0,1,2,3,4,5,6,7,9,10,11,12,13,14"
334,True,1,4096,58,2025-11-04 08:00:00,12
337,True,14,65501,58,2025-11-04 11:00:00,"0,2,3,4,6,7,8,9,10,11,12,13,14,15"
352,True,11,63957,58,2025-11-05 02:00:00,"0,2,4,6,7,8,11,12,13,14,15"
355,True,5,28740,58,2025-11-05 05:00:00,"2,6,12,13,14"
359,True,4,1112,58,2025-11-05 09:00:00,"3,4,6,10"
360,True,16,65535,58,2025-11-05 10:00:00,"0,1,2,3,4,5,6,7,8,9,10,11,12,13,14,15"
395,True,14,65511,58,2025-11-06 21:00:00,"0,1,2,5,6,7,8,9,10,11,12,13,14,15"
433,True,9,36411,58,2025-11-08 14:00:00,"0,1,3,4,5,9,10,11,15"
483,True,2,80,58,2025-11-10 16:00:00,"4,6"
502,True,5,21570,58,2025-11-11 11:00:00,"1,6,10,12,14"
513,True,7,51426,58,2025-11-11 22:00:00,"1,5,6,7,11,14,15"
535,True,3,1296,58,2025-11-12 20:00:00,"4,8,10"
547,True,13,60911,58,2025-11-13 11:00:00,"0,1,2,3,5,6,7,8,10,11,13,14,15"
586,True,3,4256,58,2025-11-15 02:00:00,"5,7,12"
625,True,7,2957,58,2025-11-16 17:00:00,"0,2,3,7,8,9,11"
630,True,3,16520,58,2025-11-16 22:00:00,"3,7,14"
651,True,7,12367,58,2025-11-17 19:00:00,"0,1,2,3,6,12,13"
653,True,16,65535,58,2025-11-17 21:00:00,"0,1,2,3,4,5,6,7,8,9,10,11,12,13,14,15"
675,True,5,37064,58,2025-11-18 19:00:00,"3,6,7,12,15"
690,True,9,14574,58,2025-11-19 13:00:00,"1,2,3,5,6,7,11,12,13"
730,True,11,45919,58,2025-11-21 05:00:00,"0,1,2,3,4,6,8,9,12,13,15"
772,True,1,8192,58,2025-11-22 23:00:00,13
777,True,16,65535,58,2025-11-23 04:00:00,"0,1,2,3,4,5,6,7,8,9,10,11,12,13,14,15"
797,True,5,41475,58,2025-11-24 00:00:00,"0,1,9,13,15"
806,True,8,13219,58,2025-11-24 09:00:00,"0,1,5,7,8,9,12,13"
826,True,3,2060,58,2025-11-25 08:00:00,"2,3,11"
829,True,1,4096,58,2025-11-25 11:00:00,12
834,True,14,32639,58,2025-11-25 16:00:00,"0,1,2,3,4,5,6,8,9,10,11,12,13,14"
855,True,12,64423,58,2025-11-26 13:00:00,"0,1,2,5,7,8,9,11,12,13,14,15"
921,True,4,37248,58,2025-11-29 07:00:00,"7,8,12,15"
934,True,4,20485,58,2025-11-29 20:00:00,"0,2,12,14"
960,True,3,18433,58,2025-11-30 22:00:00,"0,11,14"
966,True,1,1024,58,2025-12-01 07:00:00,10
970,True,3,148,58,2025-12-01 11:00:00,"2,4,7"
1096,True,3,4136,58,2025-12-06 21:00:00,"3,5,12"
1113,True,5,9265,58,2025-12-07 17:00:00,"0,4,5,10,13"
1116,True,2,4160,58,2025-12-07 20:00:00,"6,12"
1131,True,13,49022,58,2025-12-08 11:00:00,"1,2,3,4,5,6,8,9,10,11,12,13,15"
1139,True,8,11685,58,2025-12-08 19:00:00,"0,2,5,7,8,10,11,13"
1161,True,5,25610,58,2025-12-09 17:00:00,"1,3,10,13,14"
1169,True,6,33609,58,2025-12-10 01:00:00,"0,3,6,8,9,15"
1224,True,10,23532,58,2025-12-12 08:00:00,"2,3,5,6,7,8,9,11,12,14"
1225,True,6,19344,58,2025-12-12 09:00:00,"4,7,8,9,11,14"
1229,True,6,29705,58,2025-12-12 13:00:00,"0,3,10,12,13,14"
1260,True,1,32,58,2025-12-13 23:00:00,5
1271,True,16,65535,58,2025-12-14 10:00:00,"0,1,2,3,4,5,6,7,8,9,10,11,12,13,14,15"
1305,True,15,64511,58,2025-12-15 20:00:00,"0,1,2,3,4,5,6,7,8,9,11,12,13,14,15"
1341,True,3,18560,58,2025-12-17 08:00:00,"7,11,14"
1349,True,4,586,58,2025-12-17 16:00:00,"1,3,6,9"
1380,True,14,61375,58,2025-12-18 23:00:00,"0,1,2,3,4,5,7,8,9,10,11,13,14,15"
1393,True,13,32734,58,2025-12-19 15:00:00,"1,2,3,4,6,7,8,9,10,11,12,13,14"
1426,True,12,56826,58,2025-12-21 00:00:00,"1,3,4,5,6,7,8,10,11,12,14,15"
1432,True,8,38796,58,2025-12-21 06:00:00,"2,3,7,8,9,10,12,15"
1437,True,6,4931,58,2025-12-21 11:00:00,"0,1,6,8,9,12"
1464,True,1,64,58,2025-12-22 14:00:00,6
1465,True,16,65535,58,2025-12-22 15:00:00,"0,1,2,3,4,5,6,7,8,9,10,11,12,13,14,15"
1466,True,7,9607,58,2025-12-22 16:00:00,"0,1,2,7,8,10,13"
1467,True,8,27052,58,2025-12-22 17:00:00,"2,3,5,7,8,11,13,14"
1484,True,14,61407,58,2025-12-23 10:00:00,"0,1,2,3,4,6,7,8,9,10,11,13,14,15"
1505,True,10,59368,58,2025-12-24 07:00:00,"3,5,6,7,8,9,10,13,14,15"
1511,True,10,12265,58,2025-12-24 13:00:00,"0,3,5,6,7,8,9,10,11,13"
1520,True,16,65535,58,2025-12-24 22:00:00,"0,1,2,3,4,5,6,7,8,9,10,11,12,13,14,15"
1537,True,8,20903,58,2025-12-25 18:00:00,"0,1,2,5,7,8,12,14"
1583,True,9,13915,58,2025-12-27 16:00:00,"0,1,3,4,6,9,10,12,13"
1651,True,10,27894,58,2025-12-30 12:00:00,"1,2,4,5,6,7,10,11,13,14"
1669,True,9,52781,58,2025-12-31 09:00:00,"0,2,3,5,9,10,11,14,15"
1682,True,15,32767,58,2025-12-31 22:00:00,"0,1,2,3,4,5,6,7,8,9,10,11,12,13,14"
10,True,8,5500,59,2025-10-21 10:00:00,"2,3,4,5,6,8,10,12"
67,True,2,66,59,2025-10-23 19:00:00,"1,6"
105,True,10,28115,59,2025-10-25 09:00:00,"0,1,4,6,7,8,10,11,13,14"
108,True,13,63463,59,2025-10-25 12:00:00,"0,1,2,5,6,7,8,9,10,12,13,14,15"
148,True,16,65535,59,2025-10-27 07:00:00,"0,1,2,3,4,5,6,7,8,9,10,11,12,13,14,15"
155,True,1,4096,59,2025-10-27 14:00:00,12
168,True,7,51593,59,2025-10-28 03:00:00,"0,3,7,8,11,14,15"
224,True,16,65535,59,2025-10-30 15:00:00,"0,1,2,3,4,5,6,7,8,9,10,11,12,13,14,15"
226,True,16,65535,59,2025-10-30 17:00:00,"0,1,2,3,4,5,6,7,8,9,10,11,12,13,14,15"
246,True,10,42683,59,2025-10-31 13:00:00,"0,1,3,4,5,7,9,10,13,15"
287,True,3,2180,59,2025-11-02 09:00:00,"2,7,11"
292,True,14,57215,59,2025-11-02 14:00:00,"0,1,2,3,4,5,6,8,9,10,11,12,14,15"
293,True,13,65017,59,2025-11-02 15:00:00,"0,3,4,5,6,7,8,10,11,12,13,14,15"
302,True,2,18432,59,2025-11-03 00:00:00,"11,14"
329,True,12,7167,59,2025-11-04 03:00:00,"0,1,2,3,4,5,6,7,8,9,11,12"
357,True,6,50211,59,2025-11-05 07:00:00,"0,1,5,10,14,15"
359,True,1,1,59,2025-11-05 09:00:00,0
409,True,4,20497,59,2025-11-07 14:00:00,"0,4,12,14"
437,True,7,26050,59,2025-11-08 18:00:00,"1,6,7,8,10,13,14"
462,True,9,61090,59,2025-11-09 19:00:00,"1,5,7,9,10,11,13,14,15"
539,True,16,65535,59,2025-11-13 03:00:00,"0,1,2,3,4,5,6,7,8,9,10,11,12,13,14,15"
542,True,10,45693,59,2025-11-13 06:00:00,"0,2,3,4,5,6,9,12,13,15"
551,True,4,32775,59,2025-11-13 15:00:00,"0,1,2,15"
564,True,1,4096,59,2025-11-14 04:00:00,12
592,True,9,27710,59,2025-11-15 08:00:00,"1,2,3,4,5,10,11,13,14"
610,True,8,56768,59,2025-11-16 02:00:00,"6,7,8,10,11,12,14,15"
617,True,16,65535,59,2025-11-16 09:00:00,"0,1,2,3,4,5,6,7,8,9,10,11,12,13,14,15"
646,True,10,44222,59,2025-11-17 14:00:00,"1,2,3,4,5,7,10,11,13,15"
713,True,14,61407,59,2025-11-20 12:00:00,"0,1,2,3,4,6,7,8,9,10,11,13,14,15"
731,True,13,64382,59,2025-11-21 06:00:00,"1,2,3,4,5,6,8,9,11,12,13,14,15"
747,True,15,65503,59,2025-11-21 22:00:00,"0,1,2,3,4,6,7,8,9,10,11,12,13,14,15"
768,True,14,64479,59,2025-11-22 19:00:00,"0,1,2,3,4,6,7,8,9,11,12,13,14,15"
785,True,10,31450,59,2025-11-23 12:00:00,"1,3,4,6,7,9,11,12,13,14"
810,True,13,65262,59,2025-11-24 13:00:00,"1,2,3,5,6,7,9,10,11,12,13,14,15"
822,True,2,16416,59,2025-11-25 04:00:00,"5,14"
834,True,10,14321,59,2025-11-25 16:00:00,"0,4,5,6,7,8,9,10,12,13"
867,True,6,13953,59,2025-11-27 01:00:00,"0,7,9,10,12,13"
873,True,3,10304,59,2025-11-27 07:00:00,"6,11,13"
877,True,16,65535,59,2025-11-27 11:00:00,"0,1,2,3,4,5,6,7,8,9,10,11,12,13,14,15"
940,True,11,61393,59,2025-11-30 02:00:00,"0,4,6,7,8,9,10,11,13,14,15"
956,True,10,28582,59,2025-11-30 18:00:00,"1,2,5,7,8,9,10,11,13,14"
985,True,12,55283,59,2025-12-02 02:00:00,"0,1,4,5,6,7,8,9,10,12,14,15"
1026,True,13,45023,59,2025-12-03 23:00:00,"0,1,2,3,4,6,7,8,9,10,11,13,15"
1029,True,11,32566,59,2025-12-04 02:00:00,"1,2,4,5,8,9,10,11,12,13,14"
1052,True,15,65279,59,2025-12-05 01:00:00,"0,1,2,3,4,5,6,7,9,10,11,12,13,14,15"
1119,True,4,18444,59,2025-12-07 23:00:00,"2,3,11,14"
1121,True,3,18560,59,2025-12-08 01:00:00,"7,11,14"
1137,True,14,65499,59,2025-12-08 17:00:00,"0,1,3,4,6,7,8,9,10,11,12,13,14,15"
1171,True,2,2050,59,2025-12-10 03:00:00,"1,11"
1214,True,8,35251,59,2025-12-11 22:00:00,"0,1,4,5,7,8,11,15"
1218,True,3,16520,59,2025-12-12 02:00:00,"3,7,14"
1221,True,12,60607,59,2025-12-12 05:00:00,"0,1,2,3,4,5,7,10,11,13,14,15"
1251,True,14,56319,59,2025-12-13 14:00:00,"0,1,2,3,4,5,6,7,8,9,11,12,14,15"
1268,True,14,32763,59,2025-12-14 07:00:00,"0,1,3,4,5,6,7,8,9,10,11,12,13,14"
1293,True,11,48602,59,2025-12-15 08:00:00,"1,3,4,6,7,8,10,11,12,13,15"
1344,True,12,24059,59,2025-12-17 11:00:00,"0,1,3,4,5,6,7,8,10,11,12,14"
1381,True,12,64719,59,2025-12-19 03:00:00,"0,1,2,3,6,7,10,11,12,13,14,15"
1413,True,8,8691,59,2025-12-20 11:00:00,"0,1,4,5,6,7,8,13"
1419,True,6,9386,59,2025-12-20 17:00:00,"1,3,5,7,10,13"
1467,True,1,256,59,2025-12-22 17:00:00,8
1475,True,6,6246,59,2025-12-23 01:00:00,"1,2,5,6,11,12"
1501,True,10,45533,59,2025-12-24 03:00:00,"0,2,3,4,6,7,8,12,13,15"
1503,True,13,62959,59,2025-12-24 05:00:00,"0,1,2,3,5,6,7,8,10,12,13,14,15"
1552,True,9,39983,59,2025-12-26 09:00:00,"0,1,2,3,5,10,11,12,15"
1566,True,1,32768,59,2025-12-26 23:00:00,15
1570,True,3,97,59,2025-12-27 03:00:00,"0,5,6"
1587,True,4,6224,59,2025-12-27 20:00:00,"4,6,11,12"
1624,True,8,7589,59,2025-12-29 09:00:00,"0,2,5,7,8,10,11,12"
1628,True,9,38299,59,2025-12-29 13:00:00,"0,1,3,4,7,8,10,12,15"
1660,True,13,24559,59,2025-12-30 21:00:00,"0,1,2,3,5,6,7,8,9,10,11,12,14"
1666,True,9,16041,59,2025-12-31 06:00:00,"0,3,5,7,9,10,11,12,13"
1667,True,3,10242,59,2025-12-31 07:00:00,"1,11,13"
1674,True,2,80,59,2025-12-31 14:00:00,"4,6"
6,True,1,128,60,2025-10-21 06:00:00,7
15,True,16,65535,60,2025-10-21 15:00:00,"0,1,2,3,4,5,6,7,8,9,10,11,12,13,14,15"
26,True,13,65466,60,2025-10-22 02:00:00,"1,3,4,5,7,8,9,10,11,12,13,14,15"
41,True,5,5700,60,2025-10-22 17:00:00,"2,6,9,10,12"
143,True,11,27071,60,2025-10-27 02:00:00,"0,1,2,3,4,5,7,8,11,13,14"
146,True,8,38445,60,2025-10-27 05:00:00,"0,2,3,5,9,10,12,15"
162,True,12,60285,60,2025-10-27 21:00:00,"0,2,3,4,5,6,8,9,11,13,14,15"
172,True,6,25796,60,2025-10-28 07:00:00,"2,6,7,10,13,14"
174,True,10,62196,60,2025-10-28 09:00:00,"2,4,5,6,7,9,12,13,14,15"
239,True,16,65535,60,2025-10-31 06:00:00,"0,1,2,3,4,5,6,7,8,9,10,11,12,13,14,15"
260,True,16,65535,60,2025-11-01 06:00:00,"0,1,2,3,4,5,6,7,8,9,10,11,12,13,14,15"
285,True,15,61439,60,2025-11-02 07:00:00,"0,1,2,3,4,5,6,7,8,9,10,11,13,14,15"
295,True,11,31655,60,2025-11-02 17:00:00,"0,1,2,5,7,8,9,11,12,13,14"
345,True,14,61438,60,2025-11-04 19:00:00,"1,2,3,4,5,6,7,8,9,10,11,13,14,15"
384,True,13,64487,60,2025-11-06 10:00:00,"0,1,2,5,6,7,8,9,11,12,13,14,15"
402,True,13,55807,60,2025-11-07 07:00:00,"0,1,2,3,4,5,6,7,8,11,12,14,15"
423,True,8,24105,60,2025-11-08 04:00:00,"0,3,5,9,10,11,12,14"
434,True,9,18389,60,2025-11-08 15:00:00,"0,2,4,6,7,8,9,10,14"
457,True,13,64508,60,2025-11-09 14:00:00,"2,3,4,5,6,7,8,9,11,12,13,14,15"
476,True,3,33028,60,2025-11-10 09:00:00,"2,8,15"
487,True,2,5120,60,2025-11-10 20:00:00,"10,12"
491,True,9,38357,60,2025-11-11 00:00:00,"0,2,4,6,7,8,10,12,15"
521,True,1,1,60,2025-11-12 06:00:00,0
539,True,2,288,60,2025-11-13 03:00:00,"5,8"
547,True,7,19333,60,2025-11-13 11:00:00,"0,2,7,8,9,11,14"
564,True,16,65535,60,2025-11-14 04:00:00,"0,1,2,3,4,5,6,7,8,9,10,11,12,13,14,15"
577,True,14,64255,60,2025-11-14 17:00:00,"0,1,2,3,4,5,6,7,9,11,12,13,14,15"
613,True,3,4120,60,2025-11-16 05:00:00,"3,4,12"
614,True,15,32767,60,2025-11-16 06:00:00,"0,1,2,3,4,5,6,7,8,9,10,11,12,13,14"
619,True,8,63561,60,2025-11-16 11:00:00,"0,3,6,11,12,13,14,15"
641,True,2,72,60,2025-11-17 09:00:00,"3,6"
645,True,7,53383,60,2025-11-17 13:00:00,"0,1,2,7,12,14,15"
704,True,4,17665,60,2025-11-20 03:00:00,"0,8,10,14"
726,True,3,20512,60,2025-11-21 01:00:00,"5,12,14"
736,True,1,256,60,2025-11-21 11:00:00,8
780,True,3,8736,60,2025-11-23 07:00:00,"5,9,13"
787,True,8,34206,60,2025-11-23 14:00:00,"1,2,3,4,7,8,10,15"
808,True,10,39913,60,2025-11-24 11:00:00,"0,3,5,6,7,8,9,11,12,15"
821,True,14,57215,60,2025-11-25 03:00:00,"0,1,2,3,4,5,6,8,9,10,11,12,14,15"
837,True,5,1378,60,2025-11-25 19:00:00,"1,5,6,8,10"
842,True,7,58948,60,2025-11-26 00:00:00,"2,6,9,10,13,14,15"
846,True,5,2094,60,2025-11-26 04:00:00,"1,2,3,5,11"
856,True,11,29685,60,2025-11-26 14:00:00,"0,2,4,5,6,7,8,9,12,13,14"
888,True,10,36191,60,2025-11-27 22:00:00,"0,1,2,3,4,6,8,10,11,15"
911,True,9,11614,60,2025-11-28 21:00:00,"1,2,3,4,6,8,10,11,13"
928,True,2,33024,60,2025-11-29 14:00:00,"8,15"
935,True,9,45433,60,2025-11-29 21:00:00,"0,3,4,5,6,8,12,13,15"
936,True,10,64293,60,2025-11-29 22:00:00,"0,2,5,8,9,11,12,13,14,15"
974,True,4,12417,60,2025-12-01 15:00:00,"0,7,12,13"
992,True,9,45546,60,2025-12-02 09:00:00,"1,3,5,6,7,8,12,13,15"
1020,True,8,12915,60,2025-12-03 17:00:00,"0,1,4,5,6,9,12,13"
1028,True,15,49151,60,2025-12-04 01:00:00,"0,1,2,3,4,5,6,7,8,9,10,11,12,13,15"
1032,True,9,45000,60,2025-12-04 05:00:00,"3,6,7,8,9,10,11,13,15"
1035,True,14,63359,60,2025-12-04 08:00:00,"0,1,2,3,4,5,6,8,9,10,12,13,14,15"
1036,True,11,27899,60,2025-12-04 09:00:00,"0,1,3,4,5,6,7,10,11,13,14"
1055,True,10,14238,60,2025-12-05 04:00:00,"1,2,3,4,7,8,9,10,12,13"
1071,True,4,41220,60,2025-12-05 20:00:00,"2,8,13,15"
1074,True,4,49728,60,2025-12-05 23:00:00,"6,9,14,15"
1090,True,14,65470,60,2025-12-06 15:00:00,"1,2,3,4,5,7,8,9,10,11,12,13,14,15"
1096,True,5,3079,60,2025-12-06 21:00:00,"0,1,2,10,11"
1112,True,13,48623,60,2025-12-07 16:00:00,"0,1,2,3,5,6,7,8,10,11,12,13,15"
1114,True,7,39697,60,2025-12-07 18:00:00,"0,4,8,9,11,12,15"
1115,True,15,65023,60,2025-12-07 19:00:00,"0,1,2,3,4,5,6,7,8,10,11,12,13,14,15"
1120,True,7,19908,60,2025-12-08 00:00:00,"2,6,7,8,10,11,14"
1132,True,9,24767,60,2025-12-08 12:00:00,"0,1,2,3,4,5,7,13,14"
1145,True,12,56309,60,2025-12-09 01:00:00,"0,2,4,5,6,7,8,9,11,12,14,15"
1180,True,2,1152,60,2025-12-10 12:00:00,"7,10"
1184,True,9,37831,60,2025-12-10 16:00:00,"0,1,2,6,7,8,9,12,15"
1187,True,5,29248,60,2025-12-10 19:00:00,"6,9,12,13,14"
1234,True,12,28095,60,2025-12-12 18:00:00,"0,1,2,3,4,5,7,8,10,11,13,14"
1248,True,7,41674,60,2025-12-13 11:00:00,"1,3,6,7,9,13,15"
1263,True,5,12484,60,2025-12-14 02:00:00,"2,6,7,12,13"
1274,True,11,59885,60,2025-12-14 13:00:00,"0,2,3,5,6,7,8,11,13,14,15"
1322,True,9,21453,60,2025-12-16 13:00:00,"0,2,3,6,7,8,9,12,14"
1333,True,14,65499,60,2025-12-17 00:00:00,"0,1,3,4,6,7,8,9,10,11,12,13,14,15"
1340,True,8,29726,60,2025-12-17 07:00:00,"1,2,3,4,10,12,13,14"
1437,True,1,16384,60,2025-12-21 11:00:00,14
1449,True,16,65535,60,2025-12-21 23:00:00,"0,1,2,3,4,5,6,7,8,9,10,11,12,13,14,15"
1457,True,15,49151,60,2025-12-22 07:00:00,"0,1,2,3,4,5,6,7,8,9,10,11,12,13,15"
1477,True,9,51613,60,2025-12-23 03:00:00,"0,2,3,4,7,8,11,14,15"
1479,True,14,64495,60,2025-12-23 05:00:00,"0,1,2,3,5,6,7,8,9,11,12,13,14,15"
1531,True,16,65535,60,2025-12-25 12:00:00,"0,1,2,3,4,5,6,7,8,9,10,11,12,13,14,15"
1543,True,10,53075,60,2025-12-26 00:00:00,"0,1,4,6,8,9,10,11,14,15"
1566,True,11,63838,60,2025-12-26 23:00:00,"1,2,3,4,6,8,11,12,13,14,15"
1572,True,1,32768,60,2025-12-27 05:00:00,15
1616,True,13,40951,60,2025-12-29 01:00:00,"0,1,2,4,5,6,7,8,9,10,11,12,15"
1617,True,2,2052,60,2025-12-29 02:00:00,"2,11"
1619,True,2,17408,60,2025-12-29 04:00:00,"10,14"
1621,True,12,30335,60,2025-12-29 06:00:00,"0,1,2,3,4,5,6,9,10,12,13,14"
1652,True,11,38845,60,2025-12-30 13:00:00,"0,2,3,4,5,7,8,9,10,12,15"
1661,True,4,36867,60,2025-12-30 22:00:00,"0,1,12,15"
0,True,16,65535,61,2025-10-21 00:00:00,"0,1,2,3,4,5,6,7,8,9,10,11,12,13,14,15"
54,True,11,40190,61,2025-10-23 06:00:00,"1,2,3,4,5,6,7,10,11,12,15"
75,True,8,21287,61,2025-10-24 03:00:00,"0,1,2,5,8,9,12,14"
81,True,9,48788,61,2025-10-24 09:00:00,"2,4,7,9,10,11,12,13,15"
90,True,2,8224,61,2025-10-24 18:00:00,"5,13"
148,True,6,430,61,2025-10-27 07:00:00,"1,2,3,5,7,8"
168,True,6,16995,61,2025-10-28 03:00:00,"0,1,5,6,9,14"
210,True,15,65023,61,2025-10-29 21:00:00,"0,1,2,3,4,5,6,7,8,10,11,12,13,14,15"
215,True,16,65535,61,2025-10-30 02:00:00,"0,1,2,3,4,5,6,7,8,9,10,11,12,13,14,15"
223,True,6,25861,61,2025-10-30 14:00:00,"0,2,8,10,13,14"
267,True,1,16,61,2025-11-01 13:00:00,4
271,True,16,65535,61,2025-11-01 17:00:00,"0,1,2,3,4,5,6,7,8,9,10,11,12,13,14,15"
377,True,6,11781,61,2025-11-06 03:00:00,"0,2,9,10,11,13"
387,True,6,25155,61,2025-11-06 13:00:00,"0,1,6,9,13,14"
405,True,5,29248,61,2025-11-07 10:00:00,"6,9,12,13,14"
429,True,13,64254,61,2025-11-08 10:00:00,"1,2,3,4,5,6,7,9,11,12,13,14,15"
432,True,8,37997,61,2025-11-08 13:00:00,"0,2,3,5,6,10,12,15"
434,True,10,13758,61,2025-11-08 15:00:00,"1,2,3,4,5,7,8,10,12,13"
455,True,7,11465,61,2025-11-09 12:00:00,"0,3,6,7,10,11,13"
473,True,16,65535,61,2025-11-10 06:00:00,"0,1,2,3,4,5,6,7,8,9,10,11,12,13,14,15"
497,True,1,1,61,2025-11-11 06:00:00,0
523,True,8,43318,61,2025-11-12 08:00:00,"1,2,4,5,8,11,13,15"
524,True,10,18879,61,2025-11-12 09:00:00,"0,1,2,3,4,5,7,8,11,14"
546,True,5,16523,61,2025-11-13 10:00:00,"0,1,3,7,14"
563,True,5,1078,61,2025-11-14 03:00:00,"1,2,4,5,10"
592,True,1,16,61,2025-11-15 08:00:00,4
598,True,3,12292,61,2025-11-15 14:00:00,"2,12,13"
641,True,16,65535,61,2025-11-17 09:00:00,"0,1,2,3,4,5,6,7,8,9,10,11,12,13,14,15"
642,True,2,514,61,2025-11-17 10:00:00,"1,9"
654,True,4,16650,61,2025-11-17 22:00:00,"1,3,8,14"
693,True,14,49087,61,2025-11-19 16:00:00,"0,1,2,3,4,5,7,8,9,10,11,12,13,15"
695,True,5,20549,61,2025-11-19 18:00:00,"0,2,6,12,14"
733,True,3,6152,61,2025-11-21 08:00:00,"3,11,12"
751,True,11,57983,61,2025-11-22 02:00:00,"0,1,2,3,4,5,6,9,13,14,15"
783,True,1,256,61,2025-11-23 10:00:00,8
799,True,8,9775,61,2025-11-24 02:00:00,"0,1,2,3,5,9,10,13"
820,True,5,22564,61,2025-11-24 23:00:00,"2,5,11,12,14"
828,True,5,4201,61,2025-11-25 10:00:00,"0,3,5,6,12"
831,True,9,64273,61,2025-11-25 13:00:00,"0,4,8,9,11,12,13,14,15"
871,True,1,1024,61,2025-11-27 05:00:00,10
899,True,4,2186,61,2025-11-28 09:00:00,"1,3,7,11"
901,True,11,62707,61,2025-11-28 11:00:00,"0,1,4,5,6,7,10,12,13,14,15"
913,True,16,65535,61,2025-11-28 23:00:00,"0,1,2,3,4,5,6,7,8,9,10,11,12,13,14,15"
950,True,13,43007,61,2025-11-30 12:00:00,"0,1,2,3,4,5,6,7,8,9,10,13,15"
969,True,2,4128,61,2025-12-01 10:00:00,"5,12"
990,True,9,54331,61,2025-12-02 07:00:00,"0,1,3,4,5,10,12,14,15"
1046,True,8,28001,61,2025-12-04 19:00:00,"0,5,6,8,10,11,13,14"
1057,True,5,59396,61,2025-12-05 06:00:00,"2,11,13,14,15"
1059,True,11,24506,61,2025-12-05 08:00:00,"1,3,4,5,7,8,9,10,11,12,14"
1066,True,7,22691,61,2025-12-05 15:00:00,"0,1,5,7,11,12,14"
1081,True,5,45824,61,2025-12-06 06:00:00,"8,9,12,13,15"
1090,True,13,57183,61,2025-12-06 15:00:00,"0,1,2,3,4,6,8,9,10,11,12,14,15"
1092,True,12,45567,61,2025-12-06 17:00:00,"0,1,2,3,4,5,6,7,8,12,13,15"
1116,True,13,16382,61,2025-12-07 20:00:00,"1,2,3,4,5,6,7,8,9,10,11,12,13"
1120,True,5,5762,61,2025-12-08 00:00:00,"1,7,9,10,12"
1126,True,8,4985,61,2025-12-08 06:00:00,"0,3,4,5,6,8,9,12"
1133,True,6,6414,61,2025-12-08 13:00:00,"1,2,3,8,11,12"
1175,True,8,50533,61,2025-12-10 07:00:00,"0,2,5,6,8,10,14,15"
1183,True,10,42489,61,2025-12-10 15:00:00,"0,3,4,5,6,7,8,10,13,15"
1197,True,14,65529,61,2025-12-11 05:00:00,"0,3,4,5,6,7,8,9,10,11,12,13,14,15"
1203,True,12,62327,61,2025-12-11 11:00:00,"0,1,2,4,5,6,8,9,12,13,14,15"
1226,True,14,61375,61,2025-12-12 10:00:00,"0,1,2,3,4,5,7,8,9,10,11,13,14,15"
1241,True,12,55285,61,2025-12-13 04:00:00,"0,2,4,5,6,7,8,9,10,12,14,15"
1247,True,12,16366,61,2025-12-13 10:00:00,"1,2,3,5,6,7,8,9,10,11,12,13"
1258,True,6,38925,61,2025-12-13 21:00:00,"0,2,3,11,12,15"
1287,True,4,45060,61,2025-12-15 02:00:00,"2,12,13,15"
1352,True,4,28928,61,2025-12-17 19:00:00,"8,12,13,14"
1377,True,5,4696,61,2025-12-18 20:00:00,"3,4,6,9,12"
1386,True,8,42297,61,2025-12-19 08:00:00,"0,3,4,5,8,10,13,15"
1394,True,6,8366,61,2025-12-19 16:00:00,"1,2,3,5,7,13"
1403,True,6,37284,61,2025-12-20 01:00:00,"2,5,7,8,12,15"
1421,True,6,24629,61,2025-12-20 19:00:00,"0,2,4,5,13,14"
1428,True,14,65439,61,2025-12-21 02:00:00,"0,1,2,3,4,7,8,9,10,11,12,13,14,15"
1440,True,12,31215,61,2025-12-21 14:00:00,"0,1,2,3,5,6,7,8,11,12,13,14"
1441,True,4,586,61,2025-12-21 15:00:00,"1,3,6,9"
1442,True,3,304,61,2025-12-21 16:00:00,"4,5,8"
1528,True,7,52036,61,2025-12-25 09:00:00,"2,6,8,9,11,14,15"
1555,True,9,31130,61,2025-12-26 12:00:00,"1,3,4,7,8,11,12,13,14"
1557,True,15,32767,61,2025-12-26 14:00:00,"0,1,2,3,4,5,6,7,8,9,10,11,12,13,14"
1574,True,7,49829,61,2025-12-27 07:00:00,"0,2,5,7,9,14,15"
1580,True,2,8193,61,2025-12-27 13:00:00,"0,13"
1593,True,13,65276,61,2025-12-28 02:00:00,"2,3,4,5,6,7,9,10,11,12,13,14,15"
1598,True,7,7476,61,2025-12-28 07:00:00,"2,4,5,8,10,11,12"
1600,True,2,132,61,2025-12-28 09:00:00,"2,7"
1615,True,5,4677,61,2025-12-29 00:00:00,"0,2,6,9,12"
1619,True,8,5990,61,2025-12-29 04:00:00,"1,2,5,6,8,9,10,12"
1620,True,8,50019,61,2025-12-29 05:00:00,"0,1,5,6,8,9,14,15"
1650,True,15,65407,61,2025-12-30 11:00:00,"0,1,2,3,4,5,6,8,9,10,11,12,13,14,15"
1652,True,2,8196,61,2025-12-30 13:00:00,"2,13"
16,True,14,49087,62,2025-10-21 16:00:00,"0,1,2,3,4,5,7,8,9,10,11,12,13,15"
44,True,11,40878,62,2025-10-22 20:00:00,"1,2,3,5,7,8,9,10,11,12,15"
48,True,10,7391,62,2025-10-23 00:00:00,"0,1,2,3,4,6,7,10,11,12"
67,True,5,4231,62,2025-10-23 19:00:00,"0,1,2,7,12"
75,True,16,65535,62,2025-10-24 03:00:00,"0,1,2,3,4,5,6,7,8,9,10,11,12,13,14,15"
77,True,7,49366,62,2025-10-24 05:00:00,"1,2,4,6,7,14,15"
80,True,7,43572,62,2025-10-24 08:00:00,"2,4,5,9,11,13,15"
111,True,14,65517,62,2025-10-25 15:00:00,"0,2,3,5,6,7,8,9,10,11,12,13,14,15"
114,True,14,65530,62,2025-10-25 18:00:00,"1,3,4,5,6,7,8,9,10,11,12,13,14,15"
127,True,2,264,62,2025-10-26 10:00:00,"3,8"
166,True,5,6468,62,2025-10-28 01:00:00,"2,6,8,11,12"
264,True,12,59119,62,2025-11-01 10:00:00,"0,1,2,3,5,6,7,9,10,13,14,15"
305,True,11,42735,62,2025-11-03 03:00:00,"0,1,2,3,5,6,7,9,10,13,15"
317,True,9,43719,62,2025-11-03 15:00:00,"0,1,2,6,7,9,11,13,15"
319,True,13,57325,62,2025-11-03 17:00:00,"0,2,3,5,6,7,8,9,10,11,12,14,15"
324,True,2,36864,62,2025-11-03 22:00:00,"12,15"
374,True,8,14731,62,2025-11-06 00:00:00,"0,1,3,7,8,11,12,13"
396,True,3,40992,62,2025-11-06 22:00:00,"5,13,15"
397,True,12,47997,62,2025-11-06 23:00:00,"0,2,3,4,5,6,8,9,11,12,13,15"
403,True,1,1024,62,2025-11-07 08:00:00,10
409,True,13,64446,62,2025-11-07 14:00:00,"1,2,3,4,5,7,8,9,11,12,13,14,15"
412,True,16,65535,62,2025-11-07 17:00:00,"0,1,2,3,4,5,6,7,8,9,10,11,12,13,14,15"
435,True,12,56822,62,2025-11-08 16:00:00,"1,2,4,5,6,7,8,10,11,12,14,15"
436,True,16,65535,62,2025-11-08 17:00:00,"0,1,2,3,4,5,6,7,8,9,10,11,12,13,14,15"
445,True,12,48892,62,2025-11-09 02:00:00,"2,3,4,5,6,7,9,10,11,12,13,15"
483,True,2,513,62,2025-11-10 16:00:00,"0,9"
489,True,1,4,62,2025-11-10 22:00:00,2
563,True,10,26447,62,2025-11-14 03:00:00,"0,1,2,3,6,8,9,10,13,14"
603,True,5,902,62,2025-11-15 19:00:00,"1,2,7,8,9"
608,True,7,5655,62,2025-11-16 00:00:00,"0,1,2,4,9,10,12"
635,True,15,57343,62,2025-11-17 03:00:00,"0,1,2,3,4,5,6,7,8,9,10,11,12,14,15"
638,True,10,59836,62,2025-11-17 06:00:00,"2,3,4,5,7,8,11,13,14,15"
685,True,3,33920,62,2025-11-19 08:00:00,"7,10,15"
699,True,4,1328,62,2025-11-19 22:00:00,"4,5,8,10"
705,True,9,55233,62,2025-11-20 04:00:00,"0,6,7,8,9,10,12,14,15"
718,True,3,2072,62,2025-11-20 17:00:00,"3,4,11"
737,True,6,33386,62,2025-11-21 12:00:00,"1,3,5,6,9,15"
743,True,11,27327,62,2025-11-21 18:00:00,"0,1,2,3,4,5,7,9,11,13,14"
745,True,5,3338,62,2025-11-21 20:00:00,"1,3,8,10,11"
766,True,11,51163,62,2025-11-22 17:00:00,"0,1,3,4,6,7,8,9,10,14,15"
776,True,2,1536,62,2025-11-23 03:00:00,"9,10"
780,True,1,128,62,2025-11-23 07:00:00,7
787,True,8,55920,62,2025-11-23 14:00:00,"4,5,6,9,11,12,14,15"
789,True,9,31285,62,2025-11-23 16:00:00,"0,2,4,5,9,11,12,13,14"
802,True,8,29393,62,2025-11-24 05:00:00,"0,4,6,7,9,12,13,14"
831,True,14,65399,62,2025-11-25 13:00:00,"0,1,2,4,5,6,8,9,10,11,12,13,14,15"
835,True,5,32843,62,2025-11-25 17:00:00,"0,1,3,6,15"
935,True,9,46985,62,2025-11-29 21:00:00,"0,3,7,8,9,10,12,13,15"
968,True,5,24620,62,2025-12-01 09:00:00,"2,3,5,13,14"
1038,True,12,31611,62,2025-12-04 11:00:00,"0,1,3,4,5,6,8,9,11,12,13,14"
1040,True,3,33408,62,2025-12-04 13:00:00,"7,9,15"
1055,True,16,65535,62,2025-12-05 04:00:00,"0,1,2,3,4,5,6,7,8,9,10,11,12,13,14,15"
1073,True,14,57327,62,2025-12-05 22:00:00,"0,1,2,3,5,6,7,8,9,10,11,12,14,15"
1087,True,11,16115,62,2025-12-06 12:00:00,"0,1,4,5,6,7,9,10,11,12,13"
1097,True,6,29316,62,2025-12-06 22:00:00,"2,7,9,12,13,14"
1112,True,7,11322,62,2025-12-07 16:00:00,"1,3,4,5,10,11,13"
1117,True,10,42979,62,2025-12-07 21:00:00,"0,1,5,6,7,8,9,10,13,15"
1157,True,16,65535,62,2025-12-09 13:00:00,"0,1,2,3,4,5,6,7,8,9,10,11,12,13,14,15"
1177,True,5,24632,62,2025-12-10 09:00:00,"3,4,5,13,14"
1188,True,2,2056,62,2025-12-10 20:00:00,"3,11"
1191,True,11,40910,62,2025-12-10 23:00:00,"1,2,3,6,7,8,9,10,11,12,15"
1245,True,11,53163,62,2025-12-13 08:00:00,"0,1,3,5,7,8,9,10,11,14,15"
1246,True,14,49150,62,2025-12-13 09:00:00,"1,2,3,4,5,6,7,8,9,10,11,12,13,15"
1249,True,2,1028,62,2025-12-13 12:00:00,"2,10"
1250,True,7,9811,62,2025-12-13 13:00:00,"0,1,4,6,9,10,13"
1251,True,11,31439,62,2025-12-13 14:00:00,"0,1,2,3,6,7,9,11,12,13,14"
1268,True,8,17133,62,2025-12-14 07:00:00,"0,2,3,5,6,7,9,14"
1281,True,9,6887,62,2025-12-14 20:00:00,"0,1,2,5,6,7,9,11,12"
1296,True,15,57343,62,2025-12-15 11:00:00,"0,1,2,3,4,5,6,7,8,9,10,11,12,14,15"
1396,True,12,56822,62,2025-12-19 18:00:00,"1,2,4,5,6,7,8,10,11,12,14,15"
1399,True,6,14355,62,2025-12-19 21:00:00,"0,1,4,11,12,13"
1466,True,10,60109,62,2025-12-22 16:00:00,"0,2,3,6,7,9,11,13,14,15"
1488,True,11,36791,62,2025-12-23 14:00:00,"0,1,2,4,5,7,8,9,10,11,15"
1494,True,14,48639,62,2025-12-23 20:00:00,"0,1,2,3,4,5,6,7,8,10,11,12,13,15"
1496,True,8,25003,62,2025-12-23 22:00:00,"0,1,3,5,7,8,13,14"
1515,True,5,33368,62,2025-12-24 17:00:00,"3,4,6,9,15"
1550,True,12,29567,62,2025-12-26 07:00:00,"0,1,2,3,4,5,6,8,9,12,13,14"
1559,True,4,2216,62,2025-12-26 16:00:00,"3,5,7,11"
1561,True,5,7712,62,2025-12-26 18:00:00,"5,9,10,11,12"
1581,True,12,56702,62,2025-12-27 14:00:00,"1,2,3,4,5,6,8,10,11,12,14,15"
1590,True,5,33480,62,2025-12-27 23:00:00,"3,6,7,9,15"
1607,True,6,5446,62,2025-12-28 16:00:00,"1,2,6,8,10,12"
1654,True,3,8328,62,2025-12-30 15:00:00,"3,7,13"
19,True,13,64987,63,2025-10-21 19:00:00,"0,1,3,4,6,7,8,10,11,12,13,14,15"
33,True,16,65535,63,2025-10-22 09:00:00,"0,1,2,3,4,5,6,7,8,9,10,11,12,13,14,15"
54,True,2,8208,63,2025-10-23 06:00:00,"4,13"
63,True,4,1052,63,2025-10-23 15:00:00,"2,3,4,10"
71,True,1,8,63,2025-10-23 23:00:00,3
79,True,5,24064,63,2025-10-24 07:00:00,"9,10,11,12,14"
103,True,11,39915,63,2025-10-25 07:00:00,"0,1,3,5,6,7,8,9,11,12,15"
119,True,11,48039,63,2025-10-25 23:00:00,"0,1,2,5,7,8,9,11,12,13,15"
164,True,12,31733,63,2025-10-27 23:00:00,"0,2,4,5,6,7,8,9,11,12,13,14"
171,True,9,28357,63,2025-10-28 06:00:00,"0,2,6,7,9,10,11,13,14"
213,True,16,65535,63,2025-10-30 00:00:00,"0,1,2,3,4,5,6,7,8,9,10,11,12,13,14,15"
214,True,1,512,63,2025-10-30 01:00:00,9
218,True,7,45101,63,2025-10-30 05:00:00,"0,2,3,5,12,13,15"
284,True,10,53148,63,2025-11-02 06:00:00,"2,3,4,7,8,9,10,11,14,15"
357,True,4,4424,63,2025-11-05 07:00:00,"3,6,8,12"
373,True,11,32469,63,2025-11-05 23:00:00,"0,2,4,6,7,9,10,11,12,13,14"
465,True,15,65519,63,2025-11-09 22:00:00,"0,1,2,3,5,6,7,8,9,10,11,12,13,14,15"
479,True,3,32778,63,2025-11-10 12:00:00,"1,3,15"
494,True,9,45739,63,2025-11-11 03:00:00,"0,1,3,5,7,9,12,13,15"
497,True,12,39931,63,2025-11-11 06:00:00,"0,1,3,4,5,6,7,8,9,11,12,15"
552,True,4,41025,63,2025-11-13 16:00:00,"0,6,13,15"
564,True,6,43204,63,2025-11-14 04:00:00,"2,6,7,11,13,15"
609,True,3,3328,63,2025-11-16 01:00:00,"8,10,11"
627,True,9,62153,63,2025-11-16 19:00:00,"0,3,6,7,9,12,13,14,15"
633,True,3,16424,63,2025-11-17 01:00:00,"3,5,14"
639,True,8,23242,63,2025-11-17 07:00:00,"1,3,6,7,9,11,12,14"
647,True,6,34504,63,2025-11-17 15:00:00,"3,6,7,9,10,15"
660,True,8,52129,63,2025-11-18 04:00:00,"0,5,7,8,9,11,14,15"
683,True,8,12891,63,2025-11-19 06:00:00,"0,1,3,4,6,9,12,13"
739,True,4,35968,63,2025-11-21 14:00:00,"7,10,11,15"
742,True,16,65535,63,2025-11-21 17:00:00,"0,1,2,3,4,5,6,7,8,9,10,11,12,13,14,15"
759,True,12,64183,63,2025-11-22 10:00:00,"0,1,2,4,5,7,9,11,12,13,14,15"
763,True,16,65535,63,2025-11-22 14:00:00,"0,1,2,3,4,5,6,7,8,9,10,11,12,13,14,15"
776,True,5,8746,63,2025-11-23 03:00:00,"1,3,5,9,13"
778,True,3,10496,63,2025-11-23 05:00:00,"8,11,13"
803,True,7,61604,63,2025-11-24 06:00:00,"2,5,7,12,13,14,15"
808,True,6,50202,63,2025-11-24 11:00:00,"1,3,4,10,14,15"
815,True,8,22770,63,2025-11-24 18:00:00,"1,4,5,6,7,11,12,14"
845,True,4,12548,63,2025-11-26 03:00:00,"2,8,12,13"
849,True,8,57972,63,2025-11-26 07:00:00,"2,4,5,6,9,13,14,15"
852,True,14,65455,63,2025-11-26 10:00:00,"0,1,2,3,5,7,8,9,10,11,12,13,14,15"
862,True,3,1408,63,2025-11-26 20:00:00,"7,8,10"
891,True,15,65471,63,2025-11-28 01:00:00,"0,1,2,3,4,5,7,8,9,10,11,12,13,14,15"
904,True,8,53838,63,2025-11-28 14:00:00,"1,2,3,6,9,12,14,15"
919,True,16,65535,63,2025-11-29 05:00:00,"0,1,2,3,4,5,6,7,8,9,10,11,12,13,14,15"
971,True,3,50,63,2025-12-01 12:00:00,"1,4,5"
972,True,3,49156,63,2025-12-01 13:00:00,"2,14,15"
1008,True,10,54902,63,2025-12-03 05:00:00,"1,2,4,5,6,9,10,12,14,15"
1027,True,1,2,63,2025-12-04 00:00:00,1
1045,True,16,65535,63,2025-12-04 18:00:00,"0,1,2,3,4,5,6,7,8,9,10,11,12,13,14,15"
1056,True,9,18151,63,2025-12-05 05:00:00,"0,1,2,5,6,7,9,10,14"
1079,True,14,48127,63,2025-12-06 04:00:00,"0,1,2,3,4,5,6,7,8,9,11,12,13,15"
1086,True,1,512,63,2025-12-06 11:00:00,9
1111,True,12,28638,63,2025-12-07 15:00:00,"1,2,3,4,6,7,8,9,10,11,13,14"
1127,True,12,31695,63,2025-12-08 07:00:00,"0,1,2,3,6,7,8,9,11,12,13,14"
1130,True,9,57757,63,2025-12-08 10:00:00,"0,2,3,4,7,8,13,14,15"
1139,True,1,8,63,2025-12-08 19:00:00,3
1152,True,7,54286,63,2025-12-09 08:00:00,"1,2,3,10,12,14,15"
1190,True,14,47103,63,2025-12-10 22:00:00,"0,1,2,3,4,5,6,7,8,9,10,12,13,15"
1207,True,9,41946,63,2025-12-11 15:00:00,"1,3,4,6,7,8,9,13,15"
1212,True,11,52199,63,2025-12-11 20:00:00,"0,1,2,5,6,7,8,9,11,14,15"
1248,True,6,6360,63,2025-12-13 11:00:00,"3,4,6,7,11,12"
1262,True,7,19362,63,2025-12-14 01:00:00,"1,5,7,8,9,11,14"
1294,True,3,8288,63,2025-12-15 09:00:00,"5,6,13"
1325,True,7,58916,63,2025-12-16 16:00:00,"2,5,9,10,13,14,15"
1332,True,8,28179,63,2025-12-16 23:00:00,"0,1,4,9,10,11,13,14"
1359,True,11,8186,63,2025-12-18 02:00:00,"1,3,4,5,6,7,8,9,10,11,12"
1363,True,6,1258,63,2025-12-18 06:00:00,"1,3,5,6,7,10"
1379,True,10,10199,63,2025-12-18 22:00:00,"0,1,2,4,6,7,8,9,10,13"
1417,True,4,6164,63,2025-12-20 15:00:00,"2,4,11,12"
1462,True,1,4096,63,2025-12-22 12:00:00,12
1464,True,13,64223,63,2025-12-22 14:00:00,"0,1,2,3,4,6,7,9,11,12,13,14,15"
1477,True,9,38588,63,2025-12-23 03:00:00,"2,3,4,5,7,9,10,12,15"
1511,True,11,64214,63,2025-12-24 13:00:00,"1,2,4,6,7,9,11,12,13,14,15"
1555,True,8,44579,63,2025-12-26 12:00:00,"0,1,5,9,10,11,13,15"
1557,True,11,58357,63,2025-12-26 14:00:00,"0,2,4,5,6,7,8,9,13,14,15"
1563,True,10,46947,63,2025-12-26 20:00:00,"0,1,5,6,8,9,10,12,13,15"
1608,True,14,65463,63,2025-12-28 17:00:00,"0,1,2,4,5,7,8,9,10,11,12,13,14,15"
1609,True,12,64315,63,2025-12-28 18:00:00,"0,1,3,4,5,8,9,11,12,13,14,15"
1651,True,2,32800,63,2025-12-30 12:00:00,"5,15"
1663,True,9,59161,63,2025-12-31 03:00:00,"0,3,4,8,9,10,13,14,15"
1666,True,7,5748,63,2025-12-31 06:00:00,"2,4,5,6,9,10,12"
1670,True,7,21273,63,2025-12-31 10:00:00,"0,3,4,8,9,12,14"
52,True,4,281,64,2025-10-23 04:00:00,"0,3,4,8"
61,True,6,4405,64,2025-10-23 13:00:00,"0,2,4,5,8,12"
70,True,7,5733,64,2025-10-23 22:00:00,"0,2,5,6,9,10,12"
80,True,9,35069,64,2025-10-24 08:00:00,"0,2,3,4,5,6,7,11,15"
98,True,13,22527,64,2025-10-25 02:00:00,"0,1,2,3,4,5,6,7,8,9,10,12,14"
127,True,15,65531,64,2025-10-26 10:00:00,"0,1,3,4,5,6,7,8,9,10,11,12,13,14,15"
151,True,14,65275,64,2025-10-27 10:00:00,"0,1,3,4,5,6,7,9,10,11,12,13,14,15"
156,True,16,65535,64,2025-10-27 15:00:00,"0,1,2,3,4,5,6,7,8,9,10,11,12,13,14,15"
176,True,12,65358,64,2025-10-28 11:00:00,"1,2,3,6,8,9,10,11,12,13,14,15"
198,True,8,40709,64,2025-10-29 09:00:00,"0,2,8,9,10,11,12,15"
239,True,8,23118,64,2025-10-31 06:00:00,"1,2,3,6,9,11,12,14"
249,True,3,134,64,2025-10-31 16:00:00,"1,2,7"
329,True,10,60715,64,2025-11-04 03:00:00,"0,1,3,5,8,10,11,13,14,15"
336,True,15,65023,64,2025-11-04 10:00:00,"0,1,2,3,4,5,6,7,8,10,11,12,13,14,15"
404,True,10,15285,64,2025-11-07 09:00:00,"0,2,4,5,7,8,9,11,12,13"
414,True,15,65527,64,2025-11-07 19:00:00,"0,1,2,4,5,6,7,8,9,10,11,12,13,14,15"
426,True,16,65535,64,2025-11-08 07:00:00,"0,1,2,3,4,5,6,7,8,9,10,11,12,13,14,15"
441,True,5,38952,64,2025-11-08 22:00:00,"3,5,11,12,15"
451,True,6,50480,64,2025-11-09 08:00:00,"4,5,8,10,14,15"
454,True,2,18432,64,2025-11-09 11:00:00,"11,14"
485,True,15,65503,64,2025-11-10 18:00:00,"0,1,2,3,4,6,7,8,9,10,11,12,13,14,15"
489,True,9,39833,64,2025-11-10 22:00:00,"0,3,4,7,8,9,11,12,15"
490,True,14,48127,64,2025-11-10 23:00:00,"0,1,2,3,4,5,6,7,8,9,11,12,13,15"
496,True,16,65535,64,2025-11-11 05:00:00,"0,1,2,3,4,5,6,7,8,9,10,11,12,13,14,15"
503,True,11,41982,64,2025-11-11 12:00:00,"1,2,3,4,5,6,7,8,9,13,15"
510,True,10,35707,64,2025-11-11 19:00:00,"0,1,3,4,5,6,8,9,11,15"
511,True,8,18156,64,2025-11-11 20:00:00,"2,3,5,6,7,9,10,14"
515,True,4,75,64,2025-11-12 00:00:00,"0,1,3,6"
523,True,3,6272,64,2025-11-12 08:00:00,"7,11,12"
533,True,15,65023,64,2025-11-12 18:00:00,"0,1,2,3,4,5,6,7,8,10,11,12,13,14,15"
540,True,15,61439,64,2025-11-13 04:00:00,"0,1,2,3,4,5,6,7,8,9,10,11,13,14,15"
543,True,1,512,64,2025-11-13 07:00:00,9
547,True,3,8384,64,2025-11-13 11:00:00,"6,7,13"
549,True,4,17504,64,2025-11-13 13:00:00,"5,6,10,14"
667,True,12,32697,64,2025-11-18 11:00:00,"0,3,4,5,7,8,9,10,11,12,13,14"
677,True,16,65535,64,2025-11-18 21:00:00,"0,1,2,3,4,5,6,7,8,9,10,11,12,13,14,15"
715,True,16,65535,64,2025-11-20 14:00:00,"0,1,2,3,4,5,6,7,8,9,10,11,12,13,14,15"
719,True,4,32796,64,2025-11-20 18:00:00,"2,3,4,15"
729,True,10,47353,64,2025-11-21 04:00:00,"0,3,4,5,6,7,11,12,13,15"
747,True,15,65279,64,2025-11-21 22:00:00,"0,1,2,3,4,5,6,7,9,10,11,12,13,14,15"
751,True,8,28422,64,2025-11-22 02:00:00,"1,2,8,9,10,11,13,14"
782,True,7,37484,64,2025-11-23 09:00:00,"2,3,5,6,9,12,15"
788,True,6,33674,64,2025-11-23 15:00:00,"1,3,7,8,9,15"
822,True,8,1774,64,2025-11-25 04:00:00,"1,2,3,5,6,7,9,10"
844,True,5,16804,64,2025-11-26 02:00:00,"2,5,7,8,14"
852,True,1,16384,64,2025-11-26 10:00:00,14
858,True,2,18,64,2025-11-26 16:00:00,"1,4"
861,True,14,64767,64,2025-11-26 19:00:00,"0,1,2,3,4,5,6,7,10,11,12,13,14,15"
866,True,13,32761,64,2025-11-27 00:00:00,"0,3,4,5,6,7,8,9,10,11,12,13,14"
871,True,16,65535,64,2025-11-27 05:00:00,"0,1,2,3,4,5,6,7,8,9,10,11,12,13,14,15"
904,True,10,23358,64,2025-11-28 14:00:00,"1,2,3,4,5,8,9,11,12,14"
914,True,6,44672,64,2025-11-29 00:00:00,"7,9,10,11,13,15"
952,True,11,63671,64,2025-11-30 14:00:00,"0,1,2,4,5,7,11,12,13,14,15"
996,True,13,65521,64,2025-12-02 17:00:00,"0,4,5,6,7,8,9,10,11,12,13,14,15"
1005,True,3,16704,64,2025-12-03 02:00:00,"6,8,14"
1030,True,12,53223,64,2025-12-04 03:00:00,"0,1,2,5,6,7,8,9,10,11,14,15"
1032,True,10,35819,64,2025-12-04 05:00:00,"0,1,3,5,6,7,8,9,11,15"
1034,True,3,5184,64,2025-12-04 07:00:00,"6,10,12"
1041,True,7,28432,64,2025-12-04 14:00:00,"4,8,9,10,11,13,14"
1045,True,7,33622,64,2025-12-04 18:00:00,"1,2,4,6,8,9,15"
1061,True,3,385,64,2025-12-05 10:00:00,"0,7,8"
1064,True,1,4,64,2025-12-05 13:00:00,2
1089,True,14,59391,64,2025-12-06 14:00:00,"0,1,2,3,4,5,6,7,8,9,10,13,14,15"
1095,True,2,32772,64,2025-12-06 20:00:00,"2,15"
1119,True,15,63487,64,2025-12-07 23:00:00,"0,1,2,3,4,5,6,7,8,9,10,12,13,14,15"
1122,True,13,57340,64,2025-12-08 02:00:00,"2,3,4,5,6,7,8,9,10,11,12,14,15"
1163,True,4,21120,64,2025-12-09 19:00:00,"7,9,12,14"
1166,True,16,65535,64,2025-12-09 22:00:00,"0,1,2,3,4,5,6,7,8,9,10,11,12,13,14,15"
1173,True,8,58156,64,2025-12-10 05:00:00,"2,3,5,8,9,13,14,15"
1206,True,1,8,64,2025-12-11 14:00:00,3
1209,True,1,16,64,2025-12-11 17:00:00,4
1220,True,9,61681,64,2025-12-12 04:00:00,"0,4,5,6,7,12,13,14,15"
1226,True,14,64767,64,2025-12-12 10:00:00,"0,1,2,3,4,5,6,7,10,11,12,13,14,15"
1249,True,11,46703,64,2025-12-13 12:00:00,"0,1,2,3,5,6,9,10,12,13,15"
1306,True,6,47392,64,2025-12-15 21:00:00,"5,8,11,12,13,15"
1334,True,13,27647,64,2025-12-17 01:00:00,"0,1,2,3,4,5,6,7,8,9,11,13,14"
1341,True,8,55524,64,2025-12-17 08:00:00,"2,5,6,7,11,12,14,15"
1345,True,15,65534,64,2025-12-17 12:00:00,"1,2,3,4,5,6,7,8,9,10,11,12,13,14,15"
1406,True,9,29131,64,2025-12-20 04:00:00,"0,1,3,6,7,8,12,13,14"
1417,True,9,50905,64,2025-12-20 15:00:00,"0,3,4,6,7,9,10,14,15"
1442,True,10,32372,64,2025-12-21 16:00:00,"2,4,5,6,9,10,11,12,13,14"
1458,True,4,37000,64,2025-12-22 08:00:00,"3,7,12,15"
1467,True,12,64911,64,2025-12-22 17:00:00,"0,1,2,3,7,8,10,11,12,13,14,15"
1480,True,2,8196,64,2025-12-23 06:00:00,"2,13"
1514,True,13,44031,64,2025-12-24 16:00:00,"0,1,2,3,4,5,6,7,8,9,11,13,15"
1530,True,14,65247,64,2025-12-25 11:00:00,"0,1,2,3,4,6,7,9,10,11,12,13,14,15"
1544,True,14,60415,64,2025-12-26 01:00:00,"0,1,2,3,4,5,6,7,8,9,11,13,14,15"
1549,True,15,32767,64,2025-12-26 06:00:00,"0,1,2,3,4,5,6,7,8,9,10,11,12,13,14"
1557,True,7,37324,64,2025-12-26 14:00:00,"2,3,6,7,8,12,15"
1581,True,7,57752,64,2025-12-27 14:00:00,"3,4,7,8,13,14,15"
1632,True,12,64238,64,2025-12-29 17:00:00,"1,2,3,5,6,7,9,11,12,13,14,15"
1670,True,16,65535,64,2025-12-31 10:00:00,"0,1,2,3,4,5,6,7,8,9,10,11,12,13,14,15"
10,True,3,16390,65,2025-10-21 10:00:00,"1,2,14"
20,True,15,65471,65,2025-10-21 20:00:00,"0,1,2,3,4,5,7,8,9,10,11,12,13,14,15"
25,True,7,26056,65,2025-10-22 01:00:00,"3,6,7,8,10,13,14"
38,True,4,18945,65,2025-10-22 14:00:00,"0,9,11,14"
77,True,8,22045,65,2025-10-24 05:00:00,"0,2,3,4,9,10,12,14"
85,True,8,52402,65,2025-10-24 13:00:00,"1,4,5,7,10,11,14,15"
99,True,1,16384,65,2025-10-25 03:00:00,14
151,True,3,5128,65,2025-10-27 10:00:00,"3,10,12"
154,True,2,10,65,2025-10-27 13:00:00,"1,3"
187,True,16,65535,65,2025-10-28 22:00:00,"0,1,2,3,4,5,6,7,8,9,10,11,12,13,14,15"
202,True,10,61067,65,2025-10-29 13:00:00,"0,1,3,7,9,10,11,13,14,15"
204,True,14,61311,65,2025-10-29 15:00:00,"0,1,2,3,4,5,6,8,9,10,11,13,14,15"
220,True,2,20480,65,2025-10-30 07:00:00,"12,14"
231,True,15,65503,65,2025-10-30 22:00:00,"0,1,2,3,4,6,7,8,9,10,11,12,13,14,15"
235,True,14,32763,65,2025-10-31 02:00:00,"0,1,3,4,5,6,7,8,9,10,11,12,13,14"
239,True,12,48091,65,2025-10-31 06:00:00,"0,1,3,4,6,7,8,9,11,12,13,15"
241,True,14,61437,65,2025-10-31 08:00:00,"0,2,3,4,5,6,7,8,9,10,11,13,14,15"
289,True,5,36128,65,2025-11-02 11:00:00,"5,8,10,11,15"
292,True,8,31617,65,2025-11-02 14:00:00,"0,7,8,9,11,12,13,14"
324,True,11,64271,65,2025-11-03 22:00:00,"0,1,2,3,8,9,11,12,13,14,15"
327,True,13,16367,65,2025-11-04 01:00:00,"0,1,2,3,5,6,7,8,9,10,11,12,13"
333,True,5,18722,65,2025-11-04 07:00:00,"1,5,8,11,14"
366,True,2,18432,65,2025-11-05 16:00:00,"11,14"
404,True,3,16644,65,2025-11-07 09:00:00,"2,8,14"
459,True,9,38599,65,2025-11-09 16:00:00,"0,1,2,6,7,9,10,12,15"
510,True,11,16314,65,2025-11-11 19:00:00,"1,3,4,5,7,8,9,10,11,12,13"
550,True,5,728,65,2025-11-13 14:00:00,"3,4,6,7,9"
581,True,14,57339,65,2025-11-14 21:00:00,"0,1,3,4,5,6,7,8,9,10,11,12,14,15"
585,True,7,39698,65,2025-11-15 01:00:00,"1,4,8,9,11,12,15"
587,True,1,4,65,2025-11-15 03:00:00,2
661,True,15,32767,65,2025-11-18 05:00:00,"0,1,2,3,4,5,6,7,8,9,10,11,12,13,14"
686,True,4,33290,65,2025-11-19 09:00:00,"1,3,9,15"
690,True,6,41620,65,2025-11-19 13:00:00,"2,4,7,9,13,15"
693,True,12,49116,65,2025-11-19 16:00:00,"2,3,4,6,7,8,9,10,11,12,13,15"
728,True,1,32768,65,2025-11-21 03:00:00,15
754,True,6,10128,65,2025-11-22 05:00:00,"4,7,8,9,10,13"
755,True,7,17455,65,2025-11-22 06:00:00,"0,1,2,3,5,10,14"
780,True,11,16246,65,2025-11-23 07:00:00,"1,2,4,5,6,8,9,10,11,12,13"
843,True,5,18593,65,2025-11-26 01:00:00,"0,5,7,11,14"
860,True,14,31743,65,2025-11-26 18:00:00,"0,1,2,3,4,5,6,7,8,9,11,12,13,14"
881,True,4,27136,65,2025-11-27 15:00:00,"9,11,13,14"
883,True,1,1024,65,2025-11-27 17:00:00,10
926,True,2,1025,65,2025-11-29 12:00:00,"0,10"
932,True,16,65535,65,2025-11-29 18:00:00,"0,1,2,3,4,5,6,7,8,9,10,11,12,13,14,15"
934,True,4,37889,65,2025-11-29 20:00:00,"0,10,12,15"
1003,True,3,32773,65,2025-12-03 00:00:00,"0,2,15"
1022,True,11,38863,65,2025-12-03 19:00:00,"0,1,2,3,6,7,8,9,10,12,15"
1043,True,2,34,65,2025-12-04 16:00:00,"1,5"
1050,True,15,65527,65,2025-12-04 23:00:00,"0,1,2,4,5,6,7,8,9,10,11,12,13,14,15"
1059,True,14,49119,65,2025-12-05 08:00:00,"0,1,2,3,4,6,7,8,9,10,11,12,13,15"
1137,True,7,39435,65,2025-12-08 17:00:00,"0,1,3,9,11,12,15"
1138,True,2,520,65,2025-12-08 18:00:00,"3,9"
1146,True,5,2708,65,2025-12-09 02:00:00,"2,4,7,9,11"
1151,True,11,25567,65,2025-12-09 07:00:00,"0,1,2,3,4,6,7,8,9,13,14"
1154,True,9,13423,65,2025-12-09 10:00:00,"0,1,2,3,5,6,10,12,13"
1171,True,7,55940,65,2025-12-10 03:00:00,"2,7,9,11,12,14,15"
1220,True,5,34178,65,2025-12-12 04:00:00,"1,7,8,10,15"
1255,True,16,65535,65,2025-12-13 18:00:00,"0,1,2,3,4,5,6,7,8,9,10,11,12,13,14,15"
1263,True,12,62143,65,2025-12-14 02:00:00,"0,1,2,3,4,5,7,9,12,13,14,15"
1327,True,14,32735,65,2025-12-16 18:00:00,"0,1,2,3,4,6,7,8,9,10,11,12,13,14"
1329,True,11,56263,65,2025-12-16 20:00:00,"0,1,2,6,7,8,9,11,12,14,15"
1335,True,13,28415,65,2025-12-17 02:00:00,"0,1,2,3,4,5,6,7,9,10,11,13,14"
1378,True,14,61435,65,2025-12-18 21:00:00,"0,1,3,4,5,6,7,8,9,10,11,13,14,15"
1426,True,11,48882,65,2025-12-21 00:00:00,"1,4,5,6,7,9,10,11,12,13,15"
1427,True,14,64503,65,2025-12-21 01:00:00,"0,1,2,4,5,6,7,8,9,11,12,13,14,15"
1466,True,9,6589,65,2025-12-22 16:00:00,"0,2,3,4,5,7,8,11,12"
1476,True,15,61439,65,2025-12-23 02:00:00,"0,1,2,3,4,5,6,7,8,9,10,11,13,14,15"
1502,True,11,32230,65,2025-12-24 04:00:00,"1,2,5,6,7,8,10,11,12,13,14"
1503,True,9,6094,65,2025-12-24 05:00:00,"1,2,3,6,7,8,9,10,12"
1515,True,2,33792,65,2025-12-24 17:00:00,"10,15"
1530,True,5,49221,65,2025-12-25 11:00:00,"0,2,6,14,15"
1532,True,8,19811,65,2025-12-25 13:00:00,"0,1,5,6,8,10,11,14"
1576,True,13,64501,65,2025-12-27 09:00:00,"0,2,4,5,6,7,8,9,11,12,13,14,15"
1592,True,16,65535,65,2025-12-28 01:00:00,"0,1,2,3,4,5,6,7,8,9,10,11,12,13,14,15"
1596,True,10,17918,65,2025-12-28 05:00:00,"1,2,3,4,5,6,7,8,10,14"
1605,True,6,12444,65,2025-12-28 14:00:00,"2,3,4,7,12,13"
1612,True,12,61245,65,2025-12-28 21:00:00,"0,2,3,4,5,8,9,10,11,13,14,15"
1651,True,5,28737,65,2025-12-30 12:00:00,"0,6,12,13,14"
1660,True,4,23552,65,2025-12-30 21:00:00,"10,11,12,14"
1676,True,16,65535,65,2025-12-31 16:00:00,"0,1,2,3,4,5,6,7,8,9,10,11,12,13,14,15"
48,True,10,51579,66,2025-10-23 00:00:00,"0,1,3,4,5,6,8,11,14,15"
49,True,12,32683,66,2025-10-23 01:00:00,"0,1,3,5,7,8,9,10,11,12,13,14"
58,True,1,1024,66,2025-10-23 10:00:00,10
79,True,12,47995,66,2025-10-24 07:00:00,"0,1,3,4,5,6,8,9,11,12,13,15"
92,True,15,65503,66,2025-10-24 20:00:00,"0,1,2,3,4,6,7,8,9,10,11,12,13,14,15"
144,True,2,18432,66,2025-10-27 03:00:00,"11,14"
165,True,11,15095,66,2025-10-28 00:00:00,"0,1,2,4,5,6,7,9,11,12,13"
175,True,10,52198,66,2025-10-28 10:00:00,"1,2,5,6,7,8,9,11,14,15"
214,True,3,261,66,2025-10-30 01:00:00,"0,2,8"
265,True,12,63431,66,2025-11-01 11:00:00,"0,1,2,6,7,8,9,10,12,13,14,15"
297,True,1,16,66,2025-11-02 19:00:00,4
318,True,14,65022,66,2025-11-03 16:00:00,"1,2,3,4,5,6,7,8,10,11,12,13,14,15"
347,True,3,2054,66,2025-11-04 21:00:00,"1,2,11"
387,True,10,11517,66,2025-11-06 13:00:00,"0,2,3,4,5,6,7,10,11,13"
434,True,11,31549,66,2025-11-08 15:00:00,"0,2,3,4,5,8,9,11,12,13,14"
441,True,6,45168,66,2025-11-08 22:00:00,"4,5,6,12,13,15"
479,True,16,65535,66,2025-11-10 12:00:00,"0,1,2,3,4,5,6,7,8,9,10,11,12,13,14,15"
492,True,13,32637,66,2025-11-11 01:00:00,"0,2,3,4,5,6,8,9,10,11,12,13,14"
496,True,9,7006,66,2025-11-11 05:00:00,"1,2,3,4,6,8,9,11,12"
530,True,4,568,66,2025-11-12 15:00:00,"3,4,5,9"
533,True,13,48879,66,2025-11-12 18:00:00,"0,1,2,3,5,6,7,9,10,11,12,13,15"
557,True,16,65535,66,2025-11-13 21:00:00,"0,1,2,3,4,5,6,7,8,9,10,11,12,13,14,15"
621,True,1,512,66,2025-11-16 13:00:00,9
629,True,1,1,66,2025-11-16 21:00:00,0
658,True,13,64751,66,2025-11-18 02:00:00,"0,1,2,3,5,6,7,10,11,12,13,14,15"
666,True,14,59391,66,2025-11-18 10:00:00,"0,1,2,3,4,5,6,7,8,9,10,13,14,15"
667,True,9,39766,66,2025-11-18 11:00:00,"1,2,4,6,8,9,11,12,15"
726,True,1,256,66,2025-11-21 01:00:00,8
765,True,9,56628,66,2025-11-22 16:00:00,"2,4,5,8,10,11,12,14,15"
766,True,6,28707,66,2025-11-22 17:00:00,"0,1,5,12,13,14"
768,True,6,57862,66,2025-11-22 19:00:00,"1,2,9,13,14,15"
780,True,4,8714,66,2025-11-23 07:00:00,"1,3,9,13"
832,True,14,32639,66,2025-11-25 14:00:00,"0,1,2,3,4,5,6,8,9,10,11,12,13,14"
862,True,8,50070,66,2025-11-26 20:00:00,"1,2,4,7,8,9,14,15"
880,True,6,25874,66,2025-11-27 14:00:00,"1,4,8,10,13,14"
898,True,10,64809,66,2025-11-28 08:00:00,"0,3,5,8,10,11,12,13,14,15"
902,True,4,17936,66,2025-11-28 12:00:00,"4,9,10,14"
920,True,8,27992,66,2025-11-29 06:00:00,"3,4,6,8,10,11,13,14"
924,True,6,10850,66,2025-11-29 10:00:00,"1,5,6,9,11,13"
963,True,7,25520,66,2025-12-01 04:00:00,"4,5,7,8,9,13,14"
972,True,10,42423,66,2025-12-01 13:00:00,"0,1,2,4,5,7,8,10,13,15"
1025,True,8,58443,66,2025-12-03 22:00:00,"0,1,3,6,10,13,14,15"
1027,True,12,28637,66,2025-12-04 00:00:00,"0,2,3,4,6,7,8,9,10,11,13,14"
1114,True,12,31227,66,2025-12-07 18:00:00,"0,1,3,4,5,6,7,8,11,12,13,14"
1117,True,1,16384,66,2025-12-07 21:00:00,14
1121,True,12,52990,66,2025-12-08 01:00:00,"1,2,3,4,5,6,7,9,10,11,14,15"
1133,True,14,65455,66,2025-12-08 13:00:00,"0,1,2,3,5,7,8,9,10,11,12,13,14,15"
1171,True,8,25191,66,2025-12-10 03:00:00,"0,1,2,5,6,9,13,14"
1193,True,4,36994,66,2025-12-11 01:00:00,"1,7,12,15"
1206,True,12,37887,66,2025-12-11 14:00:00,"0,1,2,3,4,5,6,7,8,9,12,15"
1245,True,6,5777,66,2025-12-13 08:00:00,"0,4,7,9,10,12"
1275,True,3,2120,66,2025-12-14 14:00:00,"3,6,11"
1288,True,4,9474,66,2025-12-15 03:00:00,"1,8,10,13"
1331,True,16,65535,66,2025-12-16 22:00:00,"0,1,2,3,4,5,6,7,8,9,10,11,12,13,14,15"
1348,True,6,2949,66,2025-12-17 15:00:00,"0,2,7,8,9,11"
1352,True,13,56317,66,2025-12-17 19:00:00,"0,2,3,4,5,6,7,8,9,11,12,14,15"
1355,True,4,4272,66,2025-12-17 22:00:00,"4,5,7,12"
1402,True,9,35798,66,2025-12-20 00:00:00,"1,2,4,6,7,8,9,11,15"
1421,True,3,2054,66,2025-12-20 19:00:00,"1,2,11"
1439,True,3,515,66,2025-12-21 13:00:00,"0,1,9"
1511,True,10,31220,66,2025-12-24 13:00:00,"2,4,5,6,7,8,11,12,13,14"
1541,True,6,17045,66,2025-12-25 22:00:00,"0,2,4,7,9,14"
1543,True,8,7864,66,2025-12-26 00:00:00,"3,4,5,7,9,10,11,12"
1557,True,6,41776,66,2025-12-26 14:00:00,"4,5,8,9,13,15"
1587,True,16,65535,66,2025-12-27 20:00:00,"0,1,2,3,4,5,6,7,8,9,10,11,12,13,14,15"
1595,True,6,41052,66,2025-12-28 04:00:00,"2,3,4,6,13,15"
1609,True,7,12634,66,2025-12-28 18:00:00,"1,3,4,6,8,12,13"
1612,True,14,32511,66,2025-12-28 21:00:00,"0,1,2,3,4,5,6,7,9,10,11,12,13,14"
1669,True,11,46543,66,2025-12-31 09:00:00,"0,1,2,3,6,7,8,10,12,13,15"
53,True,3,2088,67,2025-10-23 05:00:00,"3,5,11"
57,True,3,1537,67,2025-10-23 09:00:00,"0,9,10"
91,True,14,65455,67,2025-10-24 19:00:00,"0,1,2,3,5,7,8,9,10,11,12,13,14,15"
130,True,5,34082,67,2025-10-26 13:00:00,"1,5,8,10,15"
177,True,5,9290,67,2025-10-28 12:00:00,"1,3,6,10,13"
206,True,12,21503,67,2025-10-29 17:00:00,"0,1,2,3,4,5,6,7,8,9,12,14"
212,True,5,9746,67,2025-10-29 23:00:00,"1,4,9,10,13"
215,True,7,39524,67,2025-10-30 02:00:00,"2,5,6,9,11,12,15"
230,True,10,42351,67,2025-10-30 21:00:00,"0,1,2,3,5,6,8,10,13,15"
264,True,11,64302,67,2025-11-01 10:00:00,"1,2,3,5,8,9,11,12,13,14,15"
271,True,7,58390,67,2025-11-01 17:00:00,"1,2,4,10,13,14,15"
308,True,4,8458,67,2025-11-03 06:00:00,"1,3,8,13"
324,True,4,2089,67,2025-11-03 22:00:00,"0,3,5,11"
348,True,2,544,67,2025-11-04 22:00:00,"5,9"
382,True,4,27648,67,2025-11-06 08:00:00,"10,11,13,14"
416,True,11,26493,67,2025-11-07 21:00:00,"0,2,3,4,5,6,8,9,10,13,14"
417,True,5,8462,67,2025-11-07 22:00:00,"1,2,3,8,13"
423,True,2,68,67,2025-11-08 04:00:00,"2,6"
465,True,16,65535,67,2025-11-09 22:00:00,"0,1,2,3,4,5,6,7,8,9,10,11,12,13,14,15"
469,True,3,16480,67,2025-11-10 02:00:00,"5,6,14"
482,True,7,23122,67,2025-11-10 15:00:00,"1,4,6,9,11,12,14"
515,True,9,28438,67,2025-11-12 00:00:00,"1,2,4,8,9,10,11,13,14"
518,True,16,65535,67,2025-11-12 03:00:00,"0,1,2,3,4,5,6,7,8,9,10,11,12,13,14,15"
526,True,13,57325,67,2025-11-12 11:00:00,"0,2,3,5,6,7,8,9,10,11,12,14,15"
568,True,1,32768,67,2025-11-14 08:00:00,15
619,True,12,40925,67,2025-11-16 11:00:00,"0,2,3,4,6,7,8,9,10,11,12,15"
626,True,11,65226,67,2025-11-16 18:00:00,"1,3,6,7,9,10,11,12,13,14,15"
642,True,11,45559,67,2025-11-17 10:00:00,"0,1,2,4,5,6,7,8,12,13,15"
681,True,5,2161,67,2025-11-19 04:00:00,"0,4,5,6,11"
682,True,8,6603,67,2025-11-19 05:00:00,"0,1,3,6,7,8,11,12"
686,True,15,65531,67,2025-11-19 09:00:00,"0,1,3,4,5,6,7,8,9,10,11,12,13,14,15"
691,True,12,62927,67,2025-11-19 14:00:00,"0,1,2,3,6,7,8,10,12,13,14,15"
696,True,4,17672,67,2025-11-19 19:00:00,"3,8,10,14"
709,True,14,48127,67,2025-11-20 08:00:00,"0,1,2,3,4,5,6,7,8,9,11,12,13,15"
725,True,3,4108,67,2025-11-21 00:00:00,"2,3,12"
756,True,15,65533,67,2025-11-22 07:00:00,"0,2,3,4,5,6,7,8,9,10,11,12,13,14,15"
766,True,6,28964,67,2025-11-22 17:00:00,"2,5,8,12,13,14"
782,True,13,48511,67,2025-11-23 09:00:00,"0,1,2,3,4,5,6,8,10,11,12,13,15"
784,True,9,43367,67,2025-11-23 11:00:00,"0,1,2,5,6,8,11,13,15"
828,True,6,814,67,2025-11-25 10:00:00,"1,2,3,5,8,9"
838,True,5,9616,67,2025-11-25 20:00:00,"4,7,8,10,13"
861,True,1,256,67,2025-11-26 19:00:00,8
868,True,11,24127,67,2025-11-27 02:00:00,"0,1,2,3,4,5,9,10,11,12,14"
915,True,8,54946,67,2025-11-29 01:00:00,"1,5,7,9,10,12,14,15"
927,True,4,3092,67,2025-11-29 13:00:00,"2,4,10,11"
937,True,6,17012,67,2025-11-29 23:00:00,"2,4,5,6,9,14"
977,True,10,39639,67,2025-12-01 18:00:00,"0,1,2,4,6,7,9,11,12,15"
983,True,4,17056,67,2025-12-02 00:00:00,"5,7,9,14"
999,True,16,65535,67,2025-12-02 20:00:00,"0,1,2,3,4,5,6,7,8,9,10,11,12,13,14,15"
1009,True,1,512,67,2025-12-03 06:00:00,9
1024,True,9,28423,67,2025-12-03 21:00:00,"0,1,2,8,9,10,11,13,14"
1066,True,3,776,67,2025-12-05 15:00:00,"3,8,9"
1086,True,9,8162,67,2025-12-06 11:00:00,"1,5,6,7,8,9,10,11,12"
1102,True,6,18604,67,2025-12-07 06:00:00,"2,3,5,7,11,14"
1131,True,11,30519,67,2025-12-08 11:00:00,"0,1,2,4,5,8,9,10,12,13,14"
1136,True,12,62839,67,2025-12-08 16:00:00,"0,1,2,4,5,6,8,10,12,13,14,15"
1164,True,8,19178,67,2025-12-09 20:00:00,"1,3,5,6,7,9,11,14"
1172,True,4,40963,67,2025-12-10 04:00:00,"0,1,13,15"
1191,True,11,48947,67,2025-12-10 23:00:00,"0,1,4,5,8,9,10,11,12,13,15"
1220,True,5,2946,67,2025-12-12 04:00:00,"1,7,8,9,11"
1229,True,3,2116,67,2025-12-12 13:00:00,"2,6,11"
1246,True,1,2,67,2025-12-13 09:00:00,1
1287,True,3,1168,67,2025-12-15 02:00:00,"4,7,10"
1315,True,5,689,67,2025-12-16 06:00:00,"0,4,5,7,9"
1332,True,16,65535,67,2025-12-16 23:00:00,"0,1,2,3,4,5,6,7,8,9,10,11,12,13,14,15"
1335,True,13,65267,67,2025-12-17 02:00:00,"0,1,4,5,6,7,9,10,11,12,13,14,15"
1358,True,14,60927,67,2025-12-18 01:00:00,"0,1,2,3,4,5,6,7,8,10,11,13,14,15"
1364,True,1,8,67,2025-12-18 07:00:00,3
1381,True,8,22346,67,2025-12-19 03:00:00,"1,3,6,8,9,10,12,14"
1469,True,2,16416,67,2025-12-22 19:00:00,"5,14"
1478,True,3,8456,67,2025-12-23 04:00:00,"3,8,13"
1495,True,8,7122,67,2025-12-23 21:00:00,"1,4,6,7,8,9,11,12"
1559,True,12,61397,67,2025-12-26 16:00:00,"0,2,4,6,7,8,9,10,11,13,14,15"
1561,True,6,16655,67,2025-12-26 18:00:00,"0,1,2,3,8,14"
1570,True,16,65535,67,2025-12-27 03:00:00,"0,1,2,3,4,5,6,7,8,9,10,11,12,13,14,15"
1586,True,3,34832,67,2025-12-27 19:00:00,"4,11,15"
1605,True,10,8156,67,2025-12-28 14:00:00,"2,3,4,6,7,8,9,10,11,12"
1638,True,8,23085,67,2025-12-29 23:00:00,"0,2,3,5,9,11,12,14"
1650,True,7,26024,67,2025-12-30 11:00:00,"3,5,7,8,10,13,14"
11,True,4,11008,68,2025-10-21 11:00:00,"8,9,11,13"
14,True,16,65535,68,2025-10-21 14:00:00,"0,1,2,3,4,5,6,7,8,9,10,11,12,13,14,15"
41,True,4,9744,68,2025-10-22 17:00:00,"4,9,10,13"
81,True,2,49152,68,2025-10-24 09:00:00,"14,15"
86,True,15,65503,68,2025-10-24 14:00:00,"0,1,2,3,4,6,7,8,9,10,11,12,13,14,15"
106,True,9,21391,68,2025-10-25 10:00:00,"0,1,2,3,7,8,9,12,14"
123,True,2,6,68,2025-10-26 06:00:00,"1,2"
128,True,9,29134,68,2025-10-26 11:00:00,"1,2,3,6,7,8,12,13,14"
147,True,8,23010,68,2025-10-27 06:00:00,"1,5,6,7,8,11,12,14"
202,True,3,8324,68,2025-10-29 13:00:00,"2,7,13"
212,True,16,65535,68,2025-10-29 23:00:00,"0,1,2,3,4,5,6,7,8,9,10,11,12,13,14,15"
237,True,15,65533,68,2025-10-31 04:00:00,"0,2,3,4,5,6,7,8,9,10,11,12,13,14,15"
251,True,14,65022,68,2025-10-31 18:00:00,"1,2,3,4,5,6,7,8,10,11,12,13,14,15"
265,True,15,64511,68,2025-11-01 11:00:00,"0,1,2,3,4,5,6,7,8,9,11,12,13,14,15"
276,True,10,53007,68,2025-11-01 22:00:00,"0,1,2,3,8,9,10,11,14,15"
316,True,11,56747,68,2025-11-03 14:00:00,"0,1,3,5,7,8,10,11,12,14,15"
324,True,13,24511,68,2025-11-03 22:00:00,"0,1,2,3,4,5,7,8,9,10,11,12,14"
355,True,10,22127,68,2025-11-05 05:00:00,"0,1,2,3,5,6,9,10,12,14"
378,True,16,65535,68,2025-11-06 04:00:00,"0,1,2,3,4,5,6,7,8,9,10,11,12,13,14,15"
379,True,7,25538,68,2025-11-06 05:00:00,"1,6,7,8,9,13,14"
424,True,10,11215,68,2025-11-08 05:00:00,"0,1,2,3,6,7,8,9,11,13"
441,True,1,128,68,2025-11-08 22:00:00,7
454,True,2,16640,68,2025-11-09 11:00:00,"8,14"
469,True,12,63102,68,2025-11-10 02:00:00,"1,2,3,4,5,6,9,10,12,13,14,15"
488,True,6,43336,68,2025-11-10 21:00:00,"3,6,8,11,13,15"
507,True,1,8192,68,2025-11-11 16:00:00,13
539,True,9,34678,68,2025-11-13 03:00:00,"1,2,4,5,6,8,9,10,15"
548,True,11,63063,68,2025-11-13 12:00:00,"0,1,2,4,6,9,10,12,13,14,15"
559,True,5,32797,68,2025-11-13 23:00:00,"0,2,3,4,15"
575,True,4,3106,68,2025-11-14 15:00:00,"1,5,10,11"
576,True,8,20193,68,2025-11-14 16:00:00,"0,5,6,7,9,10,11,14"
578,True,1,32768,68,2025-11-14 18:00:00,15
588,True,12,55163,68,2025-11-15 04:00:00,"0,1,3,4,5,6,8,9,10,12,14,15"
589,True,5,5890,68,2025-11-15 05:00:00,"1,8,9,10,12"
595,True,4,41474,68,2025-11-15 11:00:00,"1,9,13,15"
614,True,9,6099,68,2025-11-16 06:00:00,"0,1,4,6,7,8,9,10,12"
665,True,5,18691,68,2025-11-18 09:00:00,"0,1,8,11,14"
670,True,5,32917,68,2025-11-18 14:00:00,"0,2,4,7,15"
681,True,10,7127,68,2025-11-19 04:00:00,"0,1,2,4,6,7,8,9,11,12"
690,True,6,37418,68,2025-11-19 13:00:00,"1,3,5,9,12,15"
692,True,5,14402,68,2025-11-19 15:00:00,"1,6,11,12,13"
705,True,15,65471,68,2025-11-20 04:00:00,"0,1,2,3,4,5,7,8,9,10,11,12,13,14,15"
712,True,12,15357,68,2025-11-20 11:00:00,"0,2,3,4,5,6,7,8,9,11,12,13"
723,True,13,65273,68,2025-11-20 22:00:00,"0,3,4,5,6,7,9,10,11,12,13,14,15"
815,True,2,4128,68,2025-11-24 18:00:00,"5,12"
825,True,3,5121,68,2025-11-25 07:00:00,"0,10,12"
836,True,1,32768,68,2025-11-25 18:00:00,15
839,True,9,16076,68,2025-11-25 21:00:00,"2,3,6,7,9,10,11,12,13"
863,True,8,58060,68,2025-11-26 21:00:00,"2,3,6,7,9,13,14,15"
898,True,11,15223,68,2025-11-28 08:00:00,"0,1,2,4,5,6,8,9,11,12,13"
904,True,9,63113,68,2025-11-28 14:00:00,"0,3,7,9,10,12,13,14,15"
911,True,9,58682,68,2025-11-28 21:00:00,"1,3,4,5,8,10,13,14,15"
913,True,7,50402,68,2025-11-28 23:00:00,"1,5,6,7,10,14,15"
926,True,3,8210,68,2025-11-29 12:00:00,"1,4,13"
932,True,2,9216,68,2025-11-29 18:00:00,"10,13"
940,True,10,60687,68,2025-11-30 02:00:00,"0,1,2,3,8,10,11,13,14,15"
963,True,12,63406,68,2025-12-01 04:00:00,"1,2,3,5,7,8,9,10,12,13,14,15"
975,True,10,34781,68,2025-12-01 16:00:00,"0,2,3,4,6,7,8,9,10,15"
979,True,13,32727,68,2025-12-01 20:00:00,"0,1,2,4,6,7,8,9,10,11,12,13,14"
995,True,8,14931,68,2025-12-02 16:00:00,"0,1,4,6,9,11,12,13"
1012,True,10,12214,68,2025-12-03 09:00:00,"1,2,4,5,7,8,9,10,11,13"
1013,True,5,3400,68,2025-12-03 10:00:00,"3,6,8,10,11"
1056,True,16,65535,68,2025-12-05 05:00:00,"0,1,2,3,4,5,6,7,8,9,10,11,12,13,14,15"
1086,True,13,53215,68,2025-12-06 11:00:00,"0,1,2,3,4,6,7,8,9,10,11,14,15"
1100,True,16,65535,68,2025-12-07 04:00:00,"0,1,2,3,4,5,6,7,8,9,10,11,12,13,14,15"
1154,True,8,51096,68,2025-12-09 10:00:00,"3,4,7,8,9,10,14,15"
1164,True,9,54585,68,2025-12-09 20:00:00,"0,3,4,5,8,10,12,14,15"
1199,True,9,30830,68,2025-12-11 07:00:00,"1,2,3,5,6,11,12,13,14"
1232,True,12,31740,68,2025-12-12 16:00:00,"2,3,4,5,6,7,8,9,11,12,13,14"
1254,True,11,43002,68,2025-12-13 17:00:00,"1,3,4,5,6,7,8,9,10,13,15"
1264,True,13,63477,68,2025-12-14 03:00:00,"0,2,4,5,6,7,8,9,10,12,13,14,15"
1286,True,9,61735,68,2025-12-15 01:00:00,"0,1,2,5,8,12,13,14,15"
1293,True,6,13424,68,2025-12-15 08:00:00,"4,5,6,10,12,13"
1302,True,13,62447,68,2025-12-15 17:00:00,"0,1,2,3,5,6,7,8,9,12,13,14,15"
1309,True,5,26882,68,2025-12-16 00:00:00,"1,8,11,13,14"
1364,True,10,59765,68,2025-12-18 07:00:00,"0,2,4,5,6,8,11,13,14,15"
1416,True,2,10240,68,2025-12-20 14:00:00,"11,13"
1430,True,14,62975,68,2025-12-21 04:00:00,"0,1,2,3,4,5,6,7,8,10,12,13,14,15"
1466,True,13,63463,68,2025-12-22 16:00:00,"0,1,2,5,6,7,8,9,10,12,13,14,15"
1474,True,8,22710,68,2025-12-23 00:00:00,"1,2,4,5,7,11,12,14"
1497,True,13,49148,68,2025-12-23 23:00:00,"2,3,4,5,6,7,8,9,10,11,12,13,15"
1517,True,8,5756,68,2025-12-24 19:00:00,"2,3,4,5,6,9,10,12"
1555,True,4,2600,68,2025-12-26 12:00:00,"3,5,9,11"
1567,True,8,21362,68,2025-12-27 00:00:00,"1,4,5,6,8,9,12,14"
1569,True,16,65535,68,2025-12-27 02:00:00,"0,1,2,3,4,5,6,7,8,9,10,11,12,13,14,15"
1612,True,5,42052,68,2025-12-28 21:00:00,"2,6,10,13,15"
1633,True,14,63359,68,2025-12-29 18:00:00,"0,1,2,3,4,5,6,8,9,10,12,13,14,15"
1668,True,11,64952,68,2025-12-31 08:00:00,"3,4,5,7,8,10,11,12,13,14,15"
1676,True,10,64690,68,2025-12-31 16:00:00,"1,4,5,7,10,11,12,13,14,15"
44,True,13,61430,69,2025-10-22 20:00:00,"1,2,4,5,6,7,8,9,10,11,13,14,15"
54,True,15,65471,69,2025-10-23 06:00:00,"0,1,2,3,4,5,7,8,9,10,11,12,13,14,15"
99,True,9,62260,69,2025-10-25 03:00:00,"2,4,5,8,9,12,13,14,15"
109,True,13,61307,69,2025-10-25 13:00:00,"0,1,3,4,5,6,8,9,10,11,13,14,15"
132,True,1,8192,69,2025-10-26 15:00:00,13
133,True,15,65519,69,2025-10-26 16:00:00,"0,1,2,3,5,6,7,8,9,10,11,12,13,14,15"
175,True,16,65535,69,2025-10-28 10:00:00,"0,1,2,3,4,5,6,7,8,9,10,11,12,13,14,15"
183,True,9,32161,69,2025-10-28 18:00:00,"0,5,7,8,10,11,12,13,14"
217,True,2,5120,69,2025-10-30 04:00:00,"10,12"
262,True,11,39671,69,2025-11-01 08:00:00,"0,1,2,4,5,6,7,9,11,12,15"
281,True,3,2054,69,2025-11-02 03:00:00,"1,2,11"
312,True,2,130,69,2025-11-03 10:00:00,"1,7"
315,True,8,33598,69,2025-11-03 13:00:00,"1,2,3,4,5,8,9,15"
363,True,8,44325,69,2025-11-05 13:00:00,"0,2,5,8,10,11,13,15"
373,True,14,57279,69,2025-11-05 23:00:00,"0,1,2,3,4,5,7,8,9,10,11,12,14,15"
381,True,14,65530,69,2025-11-06 07:00:00,"1,3,4,5,6,7,8,9,10,11,12,13,14,15"
399,True,8,11061,69,2025-11-07 04:00:00,"0,2,4,5,8,9,11,13"
400,True,9,38350,69,2025-11-07 05:00:00,"1,2,3,6,7,8,10,12,15"
408,True,3,11,69,2025-11-07 13:00:00,"0,1,3"
418,True,5,57349,69,2025-11-07 23:00:00,"0,2,13,14,15"
422,True,14,55295,69,2025-11-08 03:00:00,"0,1,2,3,4,5,6,7,8,9,10,12,14,15"
453,True,12,65307,69,2025-11-09 10:00:00,"0,1,3,4,8,9,10,11,12,13,14,15"
471,True,12,20447,69,2025-11-10 04:00:00,"0,1,2,3,4,6,7,8,9,10,11,14"
558,True,14,63485,69,2025-11-13 22:00:00,"0,2,3,4,5,6,7,8,9,10,12,13,14,15"
563,True,15,49151,69,2025-11-14 03:00:00,"0,1,2,3,4,5,6,7,8,9,10,11,12,13,15"
566,True,3,98,69,2025-11-14 06:00:00,"1,5,6"
603,True,13,62459,69,2025-11-15 19:00:00,"0,1,3,4,5,6,7,8,9,12,13,14,15"
670,True,12,59133,69,2025-11-18 14:00:00,"0,2,3,4,5,6,7,9,10,13,14,15"
700,True,13,57337,69,2025-11-19 23:00:00,"0,3,4,5,6,7,8,9,10,11,12,14,15"
710,True,12,47614,69,2025-11-20 09:00:00,"1,2,3,4,5,6,7,8,11,12,13,15"
711,True,9,52558,69,2025-11-20 10:00:00,"1,2,3,6,8,10,11,14,15"
715,True,15,65503,69,2025-11-20 14:00:00,"0,1,2,3,4,6,7,8,9,10,11,12,13,14,15"
719,True,11,52447,69,2025-11-20 18:00:00,"0,1,2,3,4,6,7,10,11,14,15"
771,True,10,24026,69,2025-11-22 22:00:00,"1,3,4,6,7,8,10,11,12,14"
817,True,10,17391,69,2025-11-24 20:00:00,"0,1,2,3,5,6,7,8,9,14"
833,True,2,33280,69,2025-11-25 15:00:00,"9,15"
922,True,6,49857,69,2025-11-29 08:00:00,"0,6,7,9,14,15"
933,True,9,6607,69,2025-11-29 19:00:00,"0,1,2,3,6,7,8,11,12"
995,True,12,44535,69,2025-12-02 16:00:00,"0,1,2,4,5,6,7,8,10,11,13,15"
1007,True,7,20176,69,2025-12-03 04:00:00,"4,6,7,9,10,11,14"
1065,True,5,20550,69,2025-12-05 14:00:00,"1,2,6,12,14"
1089,True,5,51329,69,2025-12-06 14:00:00,"0,7,11,14,15"
1123,True,6,9497,69,2025-12-08 03:00:00,"0,3,4,8,10,13"
1148,True,3,641,69,2025-12-09 04:00:00,"0,7,9"
1149,True,7,2020,69,2025-12-09 05:00:00,"2,5,6,7,8,9,10"
1171,True,16,65535,69,2025-12-10 03:00:00,"0,1,2,3,4,5,6,7,8,9,10,11,12,13,14,15"
1173,True,6,19724,69,2025-12-10 05:00:00,"2,3,8,10,11,14"
1186,True,16,65535,69,2025-12-10 18:00:00,"0,1,2,3,4,5,6,7,8,9,10,11,12,13,14,15"
1190,True,13,53239,69,2025-12-10 22:00:00,"0,1,2,4,5,6,7,8,9,10,11,14,15"
1193,True,9,11069,69,2025-12-11 01:00:00,"0,2,3,4,5,8,9,11,13"
1197,True,6,50693,69,2025-12-11 05:00:00,"0,2,9,10,14,15"
1201,True,16,65535,69,2025-12-11 09:00:00,"0,1,2,3,4,5,6,7,8,9,10,11,12,13,14,15"
1282,True,15,65534,69,2025-12-14 21:00:00,"1,2,3,4,5,6,7,8,9,10,11,12,13,14,15"
1296,True,9,39155,69,2025-12-15 11:00:00,"0,1,4,5,6,7,11,12,15"
1333,True,12,63087,69,2025-12-17 00:00:00,"0,1,2,3,5,6,9,10,12,13,14,15"
1344,True,9,34615,69,2025-12-17 11:00:00,"0,1,2,4,5,8,9,10,15"
1358,True,13,64382,69,2025-12-18 01:00:00,"1,2,3,4,5,6,8,9,11,12,13,14,15"
1394,True,15,65531,69,2025-12-19 16:00:00,"0,1,3,4,5,6,7,8,9,10,11,12,13,14,15"
1397,True,13,47871,69,2025-12-19 19:00:00,"0,1,2,3,4,5,6,7,9,11,12,13,15"
1429,True,3,388,69,2025-12-21 03:00:00,"2,7,8"
1438,True,8,41460,69,2025-12-21 12:00:00,"2,4,5,6,7,8,13,15"
1466,True,7,49754,69,2025-12-22 16:00:00,"1,3,4,6,9,14,15"
1481,True,13,64894,69,2025-12-23 07:00:00,"1,2,3,4,5,6,8,10,11,12,13,14,15"
1490,True,8,22956,69,2025-12-23 16:00:00,"2,3,5,7,8,11,12,14"
1507,True,2,2560,69,2025-12-24 09:00:00,"9,11"
1513,True,13,61279,69,2025-12-24 15:00:00,"0,1,2,3,4,6,8,9,10,11,13,14,15"
1517,True,1,32768,69,2025-12-24 19:00:00,15
1542,True,10,8046,69,2025-12-25 23:00:00,"1,2,3,5,6,8,9,10,11,12"
1559,True,11,47471,69,2025-12-26 16:00:00,"0,1,2,3,5,6,8,11,12,13,15"
1577,True,14,24575,69,2025-12-27 10:00:00,"0,1,2,3,4,5,6,7,8,9,10,11,12,14"
1620,True,8,50055,69,2025-12-29 05:00:00,"0,1,2,7,8,9,14,15"
1626,True,10,39759,69,2025-12-29 11:00:00,"0,1,2,3,6,8,9,11,12,15"
1629,True,9,56071,69,2025-12-29 14:00:00,"0,1,2,8,9,11,12,14,15"
1678,True,10,34683,69,2025-12-31 18:00:00,"0,1,3,4,5,6,8,9,10,15"
39,True,1,32,70,2025-10-22 15:00:00,5
46,True,15,65531,70,2025-10-22 22:00:00,"0,1,3,4,5,6,7,8,9,10,11,12,13,14,15"
55,True,14,64991,70,2025-10-23 07:00:00,"0,1,2,3,4,6,7,8,10,11,12,13,14,15"
59,True,15,65407,70,2025-10-23 11:00:00,"0,1,2,3,4,5,6,8,9,10,11,12,13,14,15"
114,True,16,65535,70,2025-10-25 18:00:00,"0,1,2,3,4,5,6,7,8,9,10,11,12,13,14,15"
129,True,2,8256,70,2025-10-26 12:00:00,"6,13"
140,True,6,4211,70,2025-10-26 23:00:00,"0,1,4,5,6,12"
153,True,14,65501,70,2025-10-27 12:00:00,"0,2,3,4,6,7,8,9,10,11,12,13,14,15"
231,True,11,62269,70,2025-10-30 22:00:00,"0,2,3,4,5,8,9,12,13,14,15"
237,True,1,128,70,2025-10-31 04:00:00,7
240,True,7,43782,70,2025-10-31 07:00:00,"1,2,8,9,11,13,15"
267,True,4,21120,70,2025-11-01 13:00:00,"7,9,12,14"
283,True,2,40960,70,2025-11-02 05:00:00,"13,15"
284,True,14,64959,70,2025-11-02 06:00:00,"0,1,2,3,4,5,7,8,10,11,12,13,14,15"
290,True,13,61247,70,2025-11-02 12:00:00,"0,1,2,3,4,5,8,9,10,11,13,14,15"
332,True,11,56663,70,2025-11-04 06:00:00,"0,1,2,4,6,8,10,11,12,14,15"
342,True,9,55693,70,2025-11-04 16:00:00,"0,2,3,7,8,11,12,14,15"
349,True,2,2112,70,2025-11-04 23:00:00,"6,11"
350,True,5,16848,70,2025-11-05 00:00:00,"4,6,7,8,14"
376,True,16,65535,70,2025-11-06 02:00:00,"0,1,2,3,4,5,6,7,8,9,10,11,12,13,14,15"
379,True,6,9414,70,2025-11-06 05:00:00,"1,2,6,7,10,13"
403,True,16,65535,70,2025-11-07 08:00:00,"0,1,2,3,4,5,6,7,8,9,10,11,12,13,14,15"
421,True,13,65274,70,2025-11-08 02:00:00,"1,3,4,5,6,7,9,10,11,12,13,14,15"
429,True,2,1025,70,2025-11-08 10:00:00,"0,10"
434,True,5,34561,70,2025-11-08 15:00:00,"0,8,9,10,15"
435,True,5,22272,70,2025-11-08 16:00:00,"8,9,10,12,14"
437,True,13,65246,70,2025-11-08 18:00:00,"1,2,3,4,6,7,9,10,11,12,13,14,15"
471,True,6,21003,70,2025-11-10 04:00:00,"0,1,3,9,12,14"
512,True,1,256,70,2025-11-11 21:00:00,8
558,True,16,65535,70,2025-11-13 22:00:00,"0,1,2,3,4,5,6,7,8,9,10,11,12,13,14,15"
568,True,16,65535,70,2025-11-14 08:00:00,"0,1,2,3,4,5,6,7,8,9,10,11,12,13,14,15"
596,True,7,6795,70,2025-11-15 12:00:00,"0,1,3,7,9,11,12"
621,True,1,2,70,2025-11-16 13:00:00,1
629,True,2,80,70,2025-11-16 21:00:00,"4,6"
648,True,16,65535,70,2025-11-17 16:00:00,"0,1,2,3,4,5,6,7,8,9,10,11,12,13,14,15"
686,True,11,32377,70,2025-11-19 09:00:00,"0,3,4,5,6,9,10,11,12,13,14"
690,True,14,28671,70,2025-11-19 13:00:00,"0,1,2,3,4,5,6,7,8,9,10,11,13,14"
713,True,6,33958,70,2025-11-20 12:00:00,"1,2,5,7,10,15"
714,True,4,26628,70,2025-11-20 13:00:00,"2,11,13,14"
761,True,15,65519,70,2025-11-22 12:00:00,"0,1,2,3,5,6,7,8,9,10,11,12,13,14,15"
762,True,12,40939,70,2025-11-22 13:00:00,"0,1,3,5,6,7,8,9,10,11,12,15"
765,True,13,49127,70,2025-11-22 16:00:00,"0,1,2,5,6,7,8,9,10,11,12,13,15"
769,True,11,30454,70,2025-11-22 20:00:00,"1,2,4,5,6,7,9,10,12,13,14"
793,True,2,8448,70,2025-11-23 20:00:00,"8,13"
808,True,7,21324,70,2025-11-24 11:00:00,"2,3,6,8,9,12,14"
811,True,14,64509,70,2025-11-24 14:00:00,"0,2,3,4,5,6,7,8,9,11,12,13,14,15"
828,True,1,1024,70,2025-11-25 10:00:00,10
865,True,16,65535,70,2025-11-26 23:00:00,"0,1,2,3,4,5,6,7,8,9,10,11,12,13,14,15"
890,True,13,31741,70,2025-11-28 00:00:00,"0,2,3,4,5,6,7,8,9,11,12,13,14"
958,True,3,1089,70,2025-11-30 20:00:00,"0,6,10"
966,True,11,32684,70,2025-12-01 07:00:00,"2,3,5,7,8,9,10,11,12,13,14"
974,True,15,61439,70,2025-12-01 15:00:00,"0,1,2,3,4,5,6,7,8,9,10,11,13,14,15"
985,True,9,10163,70,2025-12-02 02:00:00,"0,1,4,5,7,8,9,10,13"
989,True,2,3072,70,2025-12-02 06:00:00,"10,11"
1024,True,16,65535,70,2025-12-03 21:00:00,"0,1,2,3,4,5,6,7,8,9,10,11,12,13,14,15"
1041,True,6,12444,70,2025-12-04 14:00:00,"2,3,4,7,12,13"
1050,True,1,32768,70,2025-12-04 23:00:00,15
1142,True,3,9218,70,2025-12-08 22:00:00,"1,10,13"
1157,True,14,59391,70,2025-12-09 13:00:00,"0,1,2,3,4,5,6,7,8,9,10,13,14,15"
1167,True,4,36096,70,2025-12-09 23:00:00,"8,10,11,15"
1218,True,12,62907,70,2025-12-12 02:00:00,"0,1,3,4,5,7,8,10,12,13,14,15"
1235,True,7,7106,70,2025-12-12 19:00:00,"1,6,7,8,9,11,12"
1246,True,5,32854,70,2025-12-13 09:00:00,"1,2,4,6,15"
1260,True,4,8968,70,2025-12-13 23:00:00,"3,8,9,13"
1262,True,5,49473,70,2025-12-14 01:00:00,"0,6,8,14,15"
1304,True,11,63158,70,2025-12-15 19:00:00,"1,2,4,5,7,9,10,12,13,14,15"
1389,True,5,28804,70,2025-12-19 11:00:00,"2,7,12,13,14"
1397,True,2,32832,70,2025-12-19 19:00:00,"6,15"
1453,True,8,27036,70,2025-12-22 03:00:00,"2,3,4,7,8,11,13,14"
1463,True,10,61384,70,2025-12-22 13:00:00,"3,6,7,8,9,10,11,13,14,15"
1478,True,14,57087,70,2025-12-23 04:00:00,"0,1,2,3,4,5,6,7,9,10,11,12,14,15"
1480,True,13,59387,70,2025-12-23 06:00:00,"0,1,3,4,5,6,7,8,9,10,13,14,15"
1498,True,10,60749,70,2025-12-24 00:00:00,"0,2,3,6,8,10,11,13,14,15"
1563,True,2,1040,70,2025-12-26 20:00:00,"4,10"
1578,True,8,35510,70,2025-12-27 11:00:00,"1,2,4,5,7,9,11,15"
1618,True,7,28000,70,2025-12-29 03:00:00,"5,6,8,10,11,13,14"
1622,True,7,47125,70,2025-12-29 07:00:00,"0,2,4,11,12,13,15"
1632,True,4,6280,70,2025-12-29 17:00:00,"3,7,11,12"
1639,True,10,62780,70,2025-12-30 00:00:00,"2,3,4,5,8,10,12,13,14,15"
1652,True,7,35745,70,2025-12-30 13:00:00,"0,5,7,8,9,11,15"
1670,True,14,65532,70,2025-12-31 10:00:00,"2,3,4,5,6,7,8,9,10,11,12,13,14,15"
3,True,16,65535,71,2025-10-21 03:00:00,"0,1,2,3,4,5,6,7,8,9,10,11,12,13,14,15"
6,True,10,47917,71,2025-10-21 06:00:00,"0,2,3,5,8,9,11,12,13,15"
7,True,2,18,71,2025-10-21 07:00:00,"1,4"
13,True,6,45636,71,2025-10-21 13:00:00,"2,6,9,12,13,15"
20,True,2,66,71,2025-10-21 20:00:00,"1,6"
30,True,6,5643,71,2025-10-22 06:00:00,"0,1,3,9,10,12"
57,True,16,65535,71,2025-10-23 09:00:00,"0,1,2,3,4,5,6,7,8,9,10,11,12,13,14,15"
119,True,4,35842,71,2025-10-25 23:00:00,"1,10,11,15"
146,True,9,52582,71,2025-10-27 05:00:00,"1,2,5,6,8,10,11,14,15"
150,True,15,63487,71,2025-10-27 09:00:00,"0,1,2,3,4,5,6,7,8,9,10,12,13,14,15"
169,True,8,8069,71,2025-10-28 04:00:00,"0,2,7,8,9,10,11,12"
172,True,4,15360,71,2025-10-28 07:00:00,"10,11,12,13"
180,True,14,65271,71,2025-10-28 15:00:00,"0,1,2,4,5,6,7,9,10,11,12,13,14,15"
182,True,1,4096,71,2025-10-28 17:00:00,12
186,True,9,39382,71,2025-10-28 21:00:00,"1,2,4,6,7,8,11,12,15"
188,True,9,53978,71,2025-10-28 23:00:00,"1,3,4,6,7,9,12,14,15"
205,True,9,3263,71,2025-10-29 16:00:00,"0,1,2,3,4,5,7,10,11"
248,True,14,48895,71,2025-10-31 15:00:00,"0,1,2,3,4,5,6,7,9,10,11,12,13,15"
253,True,6,1689,71,2025-10-31 20:00:00,"0,3,4,7,9,10"
257,True,10,55731,71,2025-11-01 03:00:00,"0,1,4,5,7,8,11,12,14,15"
269,True,16,65535,71,2025-11-01 15:00:00,"0,1,2,3,4,5,6,7,8,9,10,11,12,13,14,15"
272,True,3,536,71,2025-11-01 18:00:00,"3,4,9"
275,True,10,50031,71,2025-11-01 21:00:00,"0,1,2,3,5,6,8,9,14,15"
281,True,3,32840,71,2025-11-02 03:00:00,"3,6,15"
302,True,14,32735,71,2025-11-03 00:00:00,"0,1,2,3,4,6,7,8,9,10,11,12,13,14"
309,True,11,5631,71,2025-11-03 07:00:00,"0,1,2,3,4,5,6,7,8,10,12"
330,True,11,54251,71,2025-11-04 04:00:00,"0,1,3,5,6,7,8,9,12,14,15"
345,True,11,55219,71,2025-11-04 19:00:00,"0,1,4,5,7,8,9,10,12,14,15"
364,True,14,63471,71,2025-11-05 14:00:00,"0,1,2,3,5,6,7,8,9,10,12,13,14,15"
402,True,11,48870,71,2025-11-07 07:00:00,"1,2,5,6,7,9,10,11,12,13,15"
426,True,13,31487,71,2025-11-08 07:00:00,"0,1,2,3,4,5,6,7,9,11,12,13,14"
431,True,13,64891,71,2025-11-08 12:00:00,"0,1,3,4,5,6,8,10,11,12,13,14,15"
462,True,5,16659,71,2025-11-09 19:00:00,"0,1,4,8,14"
480,True,13,16379,71,2025-11-10 13:00:00,"0,1,3,4,5,6,7,8,9,10,11,12,13"
496,True,1,8,71,2025-11-11 05:00:00,3
502,True,1,8192,71,2025-11-11 11:00:00,13
523,True,11,64853,71,2025-11-12 08:00:00,"0,2,4,6,8,10,11,12,13,14,15"
570,True,14,64767,71,2025-11-14 10:00:00,"0,1,2,3,4,5,6,7,10,11,12,13,14,15"
575,True,3,22528,71,2025-11-14 15:00:00,"11,12,14"
591,True,14,65015,71,2025-11-15 07:00:00,"0,1,2,4,5,6,7,8,10,11,12,13,14,15"
618,True,10,7673,71,2025-11-16 10:00:00,"0,3,4,5,6,7,8,10,11,12"
621,True,4,664,71,2025-11-16 13:00:00,"3,4,7,9"
645,True,3,9217,71,2025-11-17 13:00:00,"0,10,13"
665,True,5,8333,71,2025-11-18 09:00:00,"0,2,3,7,13"
700,True,2,513,71,2025-11-19 23:00:00,"0,9"
727,True,14,65263,71,2025-11-21 02:00:00,"0,1,2,3,5,6,7,9,10,11,12,13,14,15"
751,True,16,65535,71,2025-11-22 02:00:00,"0,1,2,3,4,5,6,7,8,9,10,11,12,13,14,15"
792,True,13,45023,71,2025-11-23 19:00:00,"0,1,2,3,4,6,7,8,9,10,11,13,15"
795,True,6,27906,71,2025-11-23 22:00:00,"1,8,10,11,13,14"
797,True,9,28498,71,2025-11-24 00:00:00,"1,4,6,8,9,10,11,13,14"
816,True,13,43007,71,2025-11-24 19:00:00,"0,1,2,3,4,5,6,7,8,9,10,13,15"
826,True,9,45523,71,2025-11-25 08:00:00,"0,1,4,6,7,8,12,13,15"
867,True,16,65535,71,2025-11-27 01:00:00,"0,1,2,3,4,5,6,7,8,9,10,11,12,13,14,15"
874,True,3,290,71,2025-11-27 08:00:00,"1,5,8"
878,True,9,51662,71,2025-11-27 12:00:00,"1,2,3,6,7,8,11,14,15"
896,True,13,47095,71,2025-11-28 06:00:00,"0,1,2,4,5,6,7,8,9,10,12,13,15"
911,True,1,8192,71,2025-11-28 21:00:00,13
926,True,1,4,71,2025-11-29 12:00:00,2
940,True,8,22118,71,2025-11-30 02:00:00,"1,2,5,6,9,10,12,14"
943,True,4,36096,71,2025-11-30 05:00:00,"8,10,11,15"
944,True,13,57319,71,2025-11-30 06:00:00,"0,1,2,5,6,7,8,9,10,11,12,14,15"
990,True,11,63100,71,2025-12-02 07:00:00,"2,3,4,5,6,9,10,12,13,14,15"
995,True,13,16351,71,2025-12-02 16:00:00,"0,1,2,3,4,6,7,8,9,10,11,12,13"
1099,True,9,3451,71,2025-12-07 03:00:00,"0,1,3,4,5,6,8,10,11"
1166,True,15,57343,71,2025-12-09 22:00:00,"0,1,2,3,4,5,6,7,8,9,10,11,12,14,15"
1198,True,15,65531,71,2025-12-11 06:00:00,"0,1,3,4,5,6,7,8,9,10,11,12,13,14,15"
1214,True,3,1284,71,2025-12-11 22:00:00,"2,8,10"
1232,True,13,28669,71,2025-12-12 16:00:00,"0,2,3,4,5,6,7,8,9,10,11,13,14"
1236,True,13,48123,71,2025-12-12 20:00:00,"0,1,3,4,5,6,7,8,9,11,12,13,15"
1238,True,11,47931,71,2025-12-12 22:00:00,"0,1,3,4,5,8,9,11,12,13,15"
1245,True,7,61972,71,2025-12-13 08:00:00,"2,4,9,12,13,14,15"
1281,True,14,49135,71,2025-12-14 20:00:00,"0,1,2,3,5,6,7,8,9,10,11,12,13,15"
1283,True,9,43230,71,2025-12-14 22:00:00,"1,2,3,4,6,7,11,13,15"
1285,True,14,24575,71,2025-12-15 00:00:00,"0,1,2,3,4,5,6,7,8,9,10,11,12,14"
1291,True,3,289,71,2025-12-15 06:00:00,"0,5,8"
1346,True,3,448,71,2025-12-17 13:00:00,"6,7,8"
1351,True,4,180,71,2025-12-17 18:00:00,"2,4,5,7"
1365,True,11,16215,71,2025-12-18 08:00:00,"0,1,2,4,6,8,9,10,11,12,13"
1372,True,13,65387,71,2025-12-18 15:00:00,"0,1,3,5,6,8,9,10,11,12,13,14,15"
1385,True,3,34820,71,2025-12-19 07:00:00,"2,11,15"
1401,True,5,32946,71,2025-12-19 23:00:00,"1,4,5,7,15"
1413,True,2,32832,71,2025-12-20 11:00:00,"6,15"
1426,True,6,8881,71,2025-12-21 00:00:00,"0,4,5,7,9,13"
1427,True,10,61272,71,2025-12-21 01:00:00,"3,4,6,8,9,10,11,13,14,15"
1452,True,13,65438,71,2025-12-22 02:00:00,"1,2,3,4,7,8,9,10,11,12,13,14,15"
1490,True,7,40034,71,2025-12-23 16:00:00,"1,5,6,10,11,12,15"
1507,True,1,16,71,2025-12-24 09:00:00,4
1529,True,14,61183,71,2025-12-25 10:00:00,"0,1,2,3,4,5,6,7,9,10,11,13,14,15"
1532,True,4,8416,71,2025-12-25 13:00:00,"5,6,7,13"
1547,True,14,47103,71,2025-12-26 04:00:00,"0,1,2,3,4,5,6,7,8,9,10,12,13,15"
1555,True,15,63487,71,2025-12-26 12:00:00,"0,1,2,3,4,5,6,7,8,9,10,12,13,14,15"
1557,True,4,33027,71,2025-12-26 14:00:00,"0,1,8,15"
1570,True,6,20898,71,2025-12-27 03:00:00,"1,5,7,8,12,14"
1591,True,2,65,71,2025-12-28 00:00:00,"0,6"
1619,True,2,16448,71,2025-12-29 04:00:00,"6,14"
1622,True,2,16388,71,2025-12-29 07:00:00,"2,14"
1628,True,14,60415,71,2025-12-29 13:00:00,"0,1,2,3,4,5,6,7,8,9,11,13,14,15"
1652,True,9,47468,71,2025-12-30 13:00:00,"2,3,5,6,8,11,12,13,15"
1675,True,6,2649,71,2025-12-31 15:00:00,"0,3,4,6,9,11"
34,True,15,65503,72,2025-10-22 10:00:00,"0,1,2,3,4,6,7,8,9,10,11,12,13,14,15"
46,True,9,6132,72,2025-10-22 22:00:00,"2,4,5,6,7,8,9,10,12"
60,True,16,65535,72,2025-10-23 12:00:00,"0,1,2,3,4,5,6,7,8,9,10,11,12,13,14,15"
100,True,14,65469,72,2025-10-25 04:00:00,"0,2,3,4,5,7,8,9,10,11,12,13,14,15"
151,True,9,58550,72,2025-10-27 10:00:00,"1,2,4,5,7,10,13,14,15"
162,True,5,41097,72,2025-10-27 21:00:00,"0,3,7,13,15"
179,True,11,23421,72,2025-10-28 14:00:00,"0,2,3,4,5,6,8,9,11,12,14"
213,True,1,4096,72,2025-10-30 00:00:00,12
222,True,16,65535,72,2025-10-30 13:00:00,"0,1,2,3,4,5,6,7,8,9,10,11,12,13,14,15"
263,True,1,2048,72,2025-11-01 09:00:00,11
292,True,9,31373,72,2025-11-02 14:00:00,"0,2,3,7,9,11,12,13,14"
311,True,10,58781,72,2025-11-03 09:00:00,"0,2,3,4,7,8,10,13,14,15"
345,True,13,49021,72,2025-11-04 19:00:00,"0,2,3,4,5,6,8,9,10,11,12,13,15"
371,True,8,23340,72,2025-11-05 21:00:00,"2,3,5,8,9,11,12,14"
373,True,4,9792,72,2025-11-05 23:00:00,"6,9,10,13"
375,True,5,835,72,2025-11-06 01:00:00,"0,1,6,8,9"
383,True,9,61066,72,2025-11-06 09:00:00,"1,3,7,9,10,11,13,14,15"
390,True,1,2048,72,2025-11-06 16:00:00,11
416,True,10,48903,72,2025-11-07 21:00:00,"0,1,2,8,9,10,11,12,13,15"
418,True,16,65535,72,2025-11-07 23:00:00,"0,1,2,3,4,5,6,7,8,9,10,11,12,13,14,15"
425,True,15,65533,72,2025-11-08 06:00:00,"0,2,3,4,5,6,7,8,9,10,11,12,13,14,15"
451,True,7,43576,72,2025-11-09 08:00:00,"3,4,5,9,11,13,15"
459,True,6,54401,72,2025-11-09 16:00:00,"0,7,10,12,14,15"
490,True,1,2,72,2025-11-10 23:00:00,1
492,True,5,3714,72,2025-11-11 01:00:00,"1,7,9,10,11"
496,True,13,30591,72,2025-11-11 05:00:00,"0,1,2,3,4,5,6,8,9,10,12,13,14"
510,True,1,8,72,2025-11-11 19:00:00,3
533,True,13,61434,72,2025-11-12 18:00:00,"1,3,4,5,6,7,8,9,10,11,13,14,15"
539,True,1,32,72,2025-11-13 03:00:00,5
562,True,8,1991,72,2025-11-14 02:00:00,"0,1,2,6,7,8,9,10"
570,True,15,65534,72,2025-11-14 10:00:00,"1,2,3,4,5,6,7,8,9,10,11,12,13,14,15"
579,True,8,47119,72,2025-11-14 19:00:00,"0,1,2,3,11,12,13,15"
585,True,14,63483,72,2025-11-15 01:00:00,"0,1,3,4,5,6,7,8,9,10,12,13,14,15"
592,True,9,15755,72,2025-11-15 08:00:00,"0,1,3,7,8,10,11,12,13"
626,True,12,49053,72,2025-11-16 18:00:00,"0,2,3,4,7,8,9,10,11,12,13,15"
637,True,5,3472,72,2025-11-17 05:00:00,"4,7,8,10,11"
656,True,7,27312,72,2025-11-18 00:00:00,"4,5,7,9,11,13,14"
663,True,16,65535,72,2025-11-18 07:00:00,"0,1,2,3,4,5,6,7,8,9,10,11,12,13,14,15"
683,True,5,34180,72,2025-11-19 06:00:00,"2,7,8,10,15"
708,True,6,28709,72,2025-11-20 07:00:00,"0,2,5,12,13,14"
711,True,16,65535,72,2025-11-20 10:00:00,"0,1,2,3,4,5,6,7,8,9,10,11,12,13,14,15"
721,True,16,65535,72,2025-11-20 20:00:00,"0,1,2,3,4,5,6,7,8,9,10,11,12,13,14,15"
734,True,7,1703,72,2025-11-21 09:00:00,"0,1,2,5,7,9,10"
785,True,9,40390,72,2025-11-23 12:00:00,"1,2,6,7,8,10,11,12,15"
804,True,5,9286,72,2025-11-24 07:00:00,"1,2,6,10,13"
814,True,5,52256,72,2025-11-24 17:00:00,"5,10,11,14,15"
816,True,8,62540,72,2025-11-24 19:00:00,"2,3,6,10,12,13,14,15"
817,True,2,33280,72,2025-11-24 20:00:00,"9,15"
851,True,5,916,72,2025-11-26 09:00:00,"2,4,7,8,9"
859,True,12,49144,72,2025-11-26 17:00:00,"3,4,5,6,7,8,9,10,11,12,13,15"
873,True,5,6530,72,2025-11-27 07:00:00,"1,7,8,11,12"
911,True,6,43030,72,2025-11-28 21:00:00,"1,2,4,11,13,15"
918,True,6,16794,72,2025-11-29 04:00:00,"1,3,4,7,8,14"
930,True,9,44807,72,2025-11-29 16:00:00,"0,1,2,8,9,10,11,13,15"
946,True,11,17919,72,2025-11-30 08:00:00,"0,1,2,3,4,5,6,7,8,10,14"
952,True,6,45129,72,2025-11-30 14:00:00,"0,3,6,12,13,15"
960,True,11,49004,72,2025-11-30 22:00:00,"2,3,5,6,8,9,10,11,12,13,15"
979,True,14,65495,72,2025-12-01 20:00:00,"0,1,2,4,6,7,8,9,10,11,12,13,14,15"
986,True,13,59389,72,2025-12-02 03:00:00,"0,2,3,4,5,6,7,8,9,10,13,14,15"
993,True,16,65535,72,2025-12-02 10:00:00,"0,1,2,3,4,5,6,7,8,9,10,11,12,13,14,15"
1022,True,12,32491,72,2025-12-03 19:00:00,"0,1,3,5,6,7,9,10,11,12,13,14"
1028,True,14,49119,72,2025-12-04 01:00:00,"0,1,2,3,4,6,7,8,9,10,11,12,13,15"
1037,True,7,22368,72,2025-12-04 10:00:00,"5,6,8,9,10,12,14"
1042,True,8,12102,72,2025-12-04 15:00:00,"1,2,6,8,9,10,11,13"
1052,True,5,1204,72,2025-12-05 01:00:00,"2,4,5,7,10"
1077,True,2,8196,72,2025-12-06 02:00:00,"2,13"
1150,True,2,160,72,2025-12-09 06:00:00,"5,7"
1155,True,6,19266,72,2025-12-09 11:00:00,"1,6,8,9,11,14"
1169,True,13,48575,72,2025-12-10 01:00:00,"0,1,2,3,4,5,7,8,10,11,12,13,15"
1173,True,16,65535,72,2025-12-10 05:00:00,"0,1,2,3,4,5,6,7,8,9,10,11,12,13,14,15"
1175,True,14,65499,72,2025-12-10 07:00:00,"0,1,3,4,6,7,8,9,10,11,12,13,14,15"
1181,True,16,65535,72,2025-12-10 13:00:00,"0,1,2,3,4,5,6,7,8,9,10,11,12,13,14,15"
1203,True,8,38738,72,2025-12-11 11:00:00,"1,4,6,8,9,10,12,15"
1235,True,2,20,72,2025-12-12 19:00:00,"2,4"
1237,True,6,41361,72,2025-12-12 21:00:00,"0,4,7,8,13,15"
1240,True,1,256,72,2025-12-13 03:00:00,8
1250,True,3,49216,72,2025-12-13 13:00:00,"6,14,15"
1281,True,14,63483,72,2025-12-14 20:00:00,"0,1,3,4,5,6,7,8,9,10,12,13,14,15"
1303,True,15,65407,72,2025-12-15 18:00:00,"0,1,2,3,4,5,6,8,9,10,11,12,13,14,15"
1337,True,3,9224,72,2025-12-17 04:00:00,"3,10,13"
1357,True,6,21840,72,2025-12-18 00:00:00,"4,6,8,10,12,14"
1379,True,3,4609,72,2025-12-18 22:00:00,"0,9,12"
1383,True,12,40443,72,2025-12-19 05:00:00,"0,1,3,4,5,6,7,8,10,11,12,15"
1397,True,10,55070,72,2025-12-19 19:00:00,"1,2,3,4,8,9,10,12,14,15"
1417,True,1,4096,72,2025-12-20 15:00:00,12
1498,True,2,32784,72,2025-12-24 00:00:00,"4,15"
1499,True,9,26356,72,2025-12-24 01:00:00,"2,4,5,6,7,9,10,13,14"
1560,True,1,4,72,2025-12-26 17:00:00,2
1597,True,11,32378,72,2025-12-28 06:00:00,"1,3,4,5,6,9,10,11,12,13,14"
1606,True,3,51200,72,2025-12-28 15:00:00,"11,14,15"
1621,True,11,64496,72,2025-12-29 06:00:00,"4,5,6,7,8,9,11,12,13,14,15"
1623,True,14,64510,72,2025-12-29 08:00:00,"1,2,3,4,5,6,7,8,9,11,12,13,14,15"
1656,True,1,512,72,2025-12-30 17:00:00,9
1662,True,8,36185,72,2025-12-30 23:00:00,"0,3,4,6,8,10,11,15"
24,True,9,49658,73,2025-10-22 00:00:00,"1,3,4,5,6,7,8,14,15"
25,True,2,4098,73,2025-10-22 01:00:00,"1,12"
39,True,16,65535,73,2025-10-22 15:00:00,"0,1,2,3,4,5,6,7,8,9,10,11,12,13,14,15"
45,True,8,27429,73,2025-10-22 21:00:00,"0,2,5,8,9,11,13,14"
59,True,7,21193,73,2025-10-23 11:00:00,"0,3,6,7,9,12,14"
61,True,10,61284,73,2025-10-23 13:00:00,"2,5,6,8,9,10,11,13,14,15"
70,True,15,65407,73,2025-10-23 22:00:00,"0,1,2,3,4,5,6,8,9,10,11,12,13,14,15"
86,True,12,63319,73,2025-10-24 14:00:00,"0,1,2,4,6,8,9,10,12,13,14,15"
137,True,14,65463,73,2025-10-26 20:00:00,"0,1,2,4,5,7,8,9,10,11,12,13,14,15"
177,True,13,57326,73,2025-10-28 12:00:00,"1,2,3,5,6,7,8,9,10,11,12,14,15"
195,True,15,65503,73,2025-10-29 06:00:00,"0,1,2,3,4,6,7,8,9,10,11,12,13,14,15"
204,True,11,61298,73,2025-10-29 15:00:00,"1,4,5,6,8,9,10,11,13,14,15"
213,True,10,14231,73,2025-10-30 00:00:00,"0,1,2,4,7,8,9,10,12,13"
218,True,13,64247,73,2025-10-30 05:00:00,"0,1,2,4,5,6,7,9,11,12,13,14,15"
250,True,14,57311,73,2025-10-31 17:00:00,"0,1,2,3,4,6,7,8,9,10,11,12,14,15"
258,True,9,23412,73,2025-11-01 04:00:00,"2,4,5,6,8,9,11,12,14"
260,True,1,2,73,2025-11-01 06:00:00,1
295,True,6,50183,73,2025-11-02 17:00:00,"0,1,2,10,14,15"
313,True,10,44524,73,2025-11-03 11:00:00,"2,3,5,6,7,8,10,11,13,15"
331,True,2,72,73,2025-11-04 05:00:00,"3,6"
345,True,8,51168,73,2025-11-04 19:00:00,"5,6,7,8,9,10,14,15"
349,True,15,57343,73,2025-11-04 23:00:00,"0,1,2,3,4,5,6,7,8,9,10,11,12,14,15"
358,True,13,32495,73,2025-11-05 08:00:00,"0,1,2,3,5,6,7,9,10,11,12,13,14"
380,True,4,41026,73,2025-11-06 06:00:00,"1,6,13,15"
425,True,11,38891,73,2025-11-08 06:00:00,"0,1,3,5,6,7,8,9,10,12,15"
433,True,4,18480,73,2025-11-08 14:00:00,"4,5,11,14"
439,True,6,10406,73,2025-11-08 20:00:00,"1,2,5,7,11,13"
451,True,15,65527,73,2025-11-09 08:00:00,"0,1,2,4,5,6,7,8,9,10,11,12,13,14,15"
458,True,12,57261,73,2025-11-09 15:00:00,"0,2,3,5,7,8,9,10,11,12,14,15"
467,True,8,23083,73,2025-11-10 00:00:00,"0,1,3,5,9,11,12,14"
482,True,2,8704,73,2025-11-10 15:00:00,"9,13"
486,True,3,18496,73,2025-11-10 19:00:00,"6,11,14"
500,True,14,32511,73,2025-11-11 09:00:00,"0,1,2,3,4,5,6,7,9,10,11,12,13,14"
520,True,7,14146,73,2025-11-12 05:00:00,"1,6,8,9,10,12,13"
552,True,2,4098,73,2025-11-13 16:00:00,"1,12"
565,True,3,1540,73,2025-11-14 05:00:00,"2,9,10"
593,True,8,52613,73,2025-11-15 09:00:00,"0,2,7,8,10,11,14,15"
603,True,13,64499,73,2025-11-15 19:00:00,"0,1,4,5,6,7,8,9,11,12,13,14,15"
670,True,6,20503,73,2025-11-18 14:00:00,"0,1,2,4,12,14"
678,True,8,49499,73,2025-11-18 22:00:00,"0,1,3,4,6,8,14,15"
708,True,10,49092,73,2025-11-20 07:00:00,"2,6,7,8,9,10,11,12,13,15"
710,True,7,49274,73,2025-11-20 09:00:00,"1,3,4,5,6,14,15"
719,True,2,16386,73,2025-11-20 18:00:00,"1,14"
808,True,3,3136,73,2025-11-24 11:00:00,"6,10,11"
815,True,2,516,73,2025-11-24 18:00:00,"2,9"
828,True,2,8193,73,2025-11-25 10:00:00,"0,13"
876,True,4,25632,73,2025-11-27 10:00:00,"5,10,13,14"
907,True,12,65393,73,2025-11-28 17:00:00,"0,4,5,6,8,9,10,11,12,13,14,15"
914,True,12,61414,73,2025-11-29 00:00:00,"1,2,5,6,7,8,9,10,11,13,14,15"
962,True,11,59258,73,2025-12-01 03:00:00,"1,3,4,5,6,8,9,10,13,14,15"
1012,True,5,34842,73,2025-12-03 09:00:00,"1,3,4,11,15"
1028,True,13,65402,73,2025-12-04 01:00:00,"1,3,4,5,6,8,9,10,11,12,13,14,15"
1035,True,13,65327,73,2025-12-04 08:00:00,"0,1,2,3,5,8,9,10,11,12,13,14,15"
1095,True,7,19788,73,2025-12-06 20:00:00,"2,3,6,8,10,11,14"
1112,True,3,769,73,2025-12-07 16:00:00,"0,8,9"
1121,True,1,16384,73,2025-12-08 01:00:00,14
1122,True,8,34729,73,2025-12-08 02:00:00,"0,3,5,7,8,9,10,15"
1132,True,10,24397,73,2025-12-08 12:00:00,"0,2,3,6,8,9,10,11,12,14"
1181,True,6,26384,73,2025-12-10 13:00:00,"4,8,9,10,13,14"
1183,True,2,18,73,2025-12-10 15:00:00,"1,4"
1229,True,2,2176,73,2025-12-12 13:00:00,"7,11"
1248,True,6,6422,73,2025-12-13 11:00:00,"1,2,4,8,11,12"
1260,True,15,61439,73,2025-12-13 23:00:00,"0,1,2,3,4,5,6,7,8,9,10,11,13,14,15"
1262,True,13,65404,73,2025-12-14 01:00:00,"2,3,4,5,6,8,9,10,11,12,13,14,15"
1316,True,12,64886,73,2025-12-16 07:00:00,"1,2,4,5,6,8,10,11,12,13,14,15"
1333,True,13,63351,73,2025-12-17 00:00:00,"0,1,2,4,5,6,8,9,10,12,13,14,15"
1352,True,4,4432,73,2025-12-17 19:00:00,"4,6,8,12"
1378,True,3,37888,73,2025-12-18 21:00:00,"10,12,15"
1429,True,15,65527,73,2025-12-21 03:00:00,"0,1,2,4,5,6,7,8,9,10,11,12,13,14,15"
1437,True,13,59903,73,2025-12-21 11:00:00,"0,1,2,3,4,5,6,7,8,11,13,14,15"
1449,True,4,17056,73,2025-12-21 23:00:00,"5,7,9,14"
1472,True,16,65535,73,2025-12-22 22:00:00,"0,1,2,3,4,5,6,7,8,9,10,11,12,13,14,15"
1505,True,14,48895,73,2025-12-24 07:00:00,"0,1,2,3,4,5,6,7,9,10,11,12,13,15"
1538,True,8,14794,73,2025-12-25 19:00:00,"1,3,6,7,8,11,12,13"
1539,True,10,47962,73,2025-12-25 20:00:00,"1,3,4,6,8,9,11,12,13,15"
1546,True,10,54461,73,2025-12-26 03:00:00,"0,2,3,4,5,7,10,12,14,15"
1547,True,2,16386,73,2025-12-26 04:00:00,"1,14"
1594,True,9,19403,73,2025-12-28 03:00:00,"0,1,3,6,7,8,9,11,14"
1596,True,8,9692,73,2025-12-28 05:00:00,"2,3,4,6,7,8,10,13"
1606,True,5,19521,73,2025-12-28 15:00:00,"0,6,10,11,14"
1632,True,12,57022,73,2025-12-29 17:00:00,"1,2,3,4,5,7,9,10,11,12,14,15"
1634,True,15,57343,73,2025-12-29 19:00:00,"0,1,2,3,4,5,6,7,8,9,10,11,12,14,15"
1680,True,13,63295,73,2025-12-31 20:00:00,"0,1,2,3,4,5,8,9,10,12,13,14,15"
8,True,4,18946,74,2025-10-21 08:00:00,"1,9,11,14"
13,True,3,517,74,2025-10-21 13:00:00,"0,2,9"
19,True,9,54938,74,2025-10-21 19:00:00,"1,3,4,7,9,10,12,14,15"
34,True,6,43616,74,2025-10-22 10:00:00,"5,6,9,11,13,15"
43,True,3,32836,74,2025-10-22 19:00:00,"2,6,15"
59,True,9,63890,74,2025-10-23 11:00:00,"1,4,7,8,11,12,13,14,15"
112,True,9,51855,74,2025-10-25 16:00:00,"0,1,2,3,7,9,11,14,15"
118,True,6,2886,74,2025-10-25 22:00:00,"1,2,6,8,9,11"
120,True,8,17015,74,2025-10-26 03:00:00,"0,1,2,4,5,6,9,14"
143,True,8,14934,74,2025-10-27 02:00:00,"1,2,4,6,9,11,12,13"
205,True,1,8192,74,2025-10-29 16:00:00,13
211,True,3,14336,74,2025-10-29 22:00:00,"11,12,13"
228,True,2,320,74,2025-10-30 19:00:00,"6,8"
255,True,2,2064,74,2025-10-31 22:00:00,"4,11"
285,True,15,65503,74,2025-11-02 07:00:00,"0,1,2,3,4,6,7,8,9,10,11,12,13,14,15"
299,True,9,511,74,2025-11-02 21:00:00,"0,1,2,3,4,5,6,7,8"
311,True,7,33339,74,2025-11-03 09:00:00,"0,1,3,4,5,9,15"
335,True,14,63423,74,2025-11-04 09:00:00,"0,1,2,3,4,5,7,8,9,10,12,13,14,15"
354,True,3,69,74,2025-11-05 04:00:00,"0,2,6"
378,True,3,152,74,2025-11-06 04:00:00,"3,4,7"
394,True,4,41986,74,2025-11-06 20:00:00,"1,10,13,15"
401,True,7,15137,74,2025-11-07 06:00:00,"0,5,8,9,11,12,13"
402,True,6,55812,74,2025-11-07 07:00:00,"2,9,11,12,14,15"
495,True,13,40895,74,2025-11-11 04:00:00,"0,1,2,3,4,5,7,8,9,10,11,12,15"
508,True,12,54527,74,2025-11-11 17:00:00,"0,1,2,3,4,5,6,7,10,12,14,15"
513,True,13,64957,74,2025-11-11 22:00:00,"0,2,3,4,5,7,8,10,11,12,13,14,15"
538,True,10,59035,74,2025-11-12 23:00:00,"0,1,3,4,7,9,10,13,14,15"
603,True,10,48074,74,2025-11-15 19:00:00,"1,3,6,7,8,9,11,12,13,15"
638,True,4,21508,74,2025-11-17 06:00:00,"2,10,12,14"
647,True,1,4096,74,2025-11-17 15:00:00,12
653,True,14,65399,74,2025-11-17 21:00:00,"0,1,2,4,5,6,8,9,10,11,12,13,14,15"
674,True,11,14143,74,2025-11-18 18:00:00,"0,1,2,3,4,5,8,9,10,12,13"
687,True,5,43521,74,2025-11-19 10:00:00,"0,9,11,13,15"
696,True,10,8172,74,2025-11-19 19:00:00,"2,3,5,6,7,8,9,10,11,12"
707,True,14,57339,74,2025-11-20 06:00:00,"0,1,3,4,5,6,7,8,9,10,11,12,14,15"
731,True,6,25125,74,2025-11-21 06:00:00,"0,2,5,9,13,14"
739,True,5,18978,74,2025-11-21 14:00:00,"1,5,9,11,14"
742,True,9,38755,74,2025-11-21 17:00:00,"0,1,5,6,8,9,10,12,15"
757,True,1,64,74,2025-11-22 08:00:00,6
767,True,8,22710,74,2025-11-22 18:00:00,"1,2,4,5,7,11,12,14"
768,True,16,65535,74,2025-11-22 19:00:00,"0,1,2,3,4,5,6,7,8,9,10,11,12,13,14,15"
836,True,6,33482,74,2025-11-25 18:00:00,"1,3,6,7,9,15"
913,True,7,23880,74,2025-11-28 23:00:00,"3,6,8,10,11,12,14"
936,True,1,64,74,2025-11-29 22:00:00,6
954,True,6,11649,74,2025-11-30 16:00:00,"0,7,8,10,11,13"
956,True,9,54698,74,2025-11-30 18:00:00,"1,3,5,7,8,10,12,14,15"
975,True,15,65407,74,2025-12-01 16:00:00,"0,1,2,3,4,5,6,8,9,10,11,12,13,14,15"
981,True,3,1216,74,2025-12-01 22:00:00,"6,7,10"
1011,True,10,54575,74,2025-12-03 08:00:00,"0,1,2,3,5,8,10,12,14,15"
1042,True,9,35818,74,2025-12-04 15:00:00,"1,3,5,6,7,8,9,11,15"
1049,True,15,63487,74,2025-12-04 22:00:00,"0,1,2,3,4,5,6,7,8,9,10,12,13,14,15"
1057,True,13,16255,74,2025-12-05 06:00:00,"0,1,2,3,4,5,6,8,9,10,11,12,13"
1087,True,13,49055,74,2025-12-06 12:00:00,"0,1,2,3,4,7,8,9,10,11,12,13,15"
1095,True,8,52620,74,2025-12-06 20:00:00,"2,3,7,8,10,11,14,15"
1103,True,13,61181,74,2025-12-07 07:00:00,"0,2,3,4,5,6,7,9,10,11,13,14,15"
1106,True,8,17645,74,2025-12-07 10:00:00,"0,2,3,5,6,7,10,14"
1110,True,2,4097,74,2025-12-07 14:00:00,"0,12"
1121,True,12,63411,74,2025-12-08 01:00:00,"0,1,4,5,7,8,9,10,12,13,14,15"
1126,True,8,45670,74,2025-12-08 06:00:00,"1,2,5,6,9,12,13,15"
1155,True,1,8192,74,2025-12-09 11:00:00,13
1156,True,9,20029,74,2025-12-09 12:00:00,"0,2,3,4,5,9,10,11,14"
1163,True,7,6934,74,2025-12-09 19:00:00,"1,2,4,8,9,11,12"
1182,True,9,27354,74,2025-12-10 14:00:00,"1,3,4,6,7,9,11,13,14"
1184,True,13,63407,74,2025-12-10 16:00:00,"0,1,2,3,5,7,8,9,10,12,13,14,15"
1189,True,2,16388,74,2025-12-10 21:00:00,"2,14"
1200,True,7,4531,74,2025-12-11 08:00:00,"0,1,4,5,7,8,12"
1209,True,9,54931,74,2025-12-11 17:00:00,"0,1,4,7,9,10,12,14,15"
1236,True,6,2954,74,2025-12-12 20:00:00,"1,3,7,8,9,11"
1239,True,11,44999,74,2025-12-12 23:00:00,"0,1,2,6,7,8,9,10,11,13,15"
1266,True,15,65503,74,2025-12-14 05:00:00,"0,1,2,3,4,6,7,8,9,10,11,12,13,14,15"
1267,True,15,65471,74,2025-12-14 06:00:00,"0,1,2,3,4,5,7,8,9,10,11,12,13,14,15"
1277,True,13,32699,74,2025-12-14 16:00:00,"0,1,3,4,5,7,8,9,10,11,12,13,14"
1289,True,1,64,74,2025-12-15 04:00:00,6
1340,True,1,4096,74,2025-12-17 07:00:00,12
1347,True,2,2176,74,2025-12-17 14:00:00,"7,11"
1374,True,5,3337,74,2025-12-18 17:00:00,"0,3,8,10,11"
1401,True,16,65535,74,2025-12-19 23:00:00,"0,1,2,3,4,5,6,7,8,9,10,11,12,13,14,15"
1427,True,11,62411,74,2025-12-21 01:00:00,"0,1,3,6,7,8,9,12,13,14,15"
1453,True,14,65501,74,2025-12-22 03:00:00,"0,2,3,4,6,7,8,9,10,11,12,13,14,15"
1468,True,9,11211,74,2025-12-22 18:00:00,"0,1,3,6,7,8,9,11,13"
1542,True,9,16156,74,2025-12-25 23:00:00,"2,3,4,8,9,10,11,12,13"
1557,True,14,61437,74,2025-12-26 14:00:00,"0,2,3,4,5,6,7,8,9,10,11,13,14,15"
1565,True,1,64,74,2025-12-26 22:00:00,6
1606,True,2,2064,74,2025-12-28 15:00:00,"4,11"
1661,True,12,47998,74,2025-12-30 22:00:00,"1,2,3,4,5,6,8,9,11,12,13,15"
1671,True,16,65535,74,2025-12-31 11:00:00,"0,1,2,3,4,5,6,7,8,9,10,11,12,13,14,15"
33,True,14,65502,75,2025-10-22 09:00:00,"1,2,3,4,6,7,8,9,10,11,12,13,14,15"
80,True,8,29354,75,2025-10-24 08:00:00,"1,3,5,7,9,12,13,14"
117,True,16,65535,75,2025-10-25 21:00:00,"0,1,2,3,4,5,6,7,8,9,10,11,12,13,14,15"
122,True,3,8258,75,2025-10-26 05:00:00,"1,6,13"
133,True,5,11360,75,2025-10-26 16:00:00,"5,6,10,11,13"
147,True,15,65279,75,2025-10-27 06:00:00,"0,1,2,3,4,5,6,7,9,10,11,12,13,14,15"
179,True,10,54459,75,2025-10-28 14:00:00,"0,1,3,4,5,7,10,12,14,15"
224,True,3,36865,75,2025-10-30 15:00:00,"0,12,15"
300,True,13,61119,75,2025-11-02 22:00:00,"0,1,2,3,4,5,7,9,10,11,13,14,15"
301,True,13,53183,75,2025-11-02 23:00:00,"0,1,2,3,4,5,7,8,9,10,11,14,15"
324,True,8,57643,75,2025-11-03 22:00:00,"0,1,3,5,8,13,14,15"
336,True,8,23890,75,2025-11-04 10:00:00,"1,4,6,8,10,11,12,14"
361,True,5,9292,75,2025-11-05 11:00:00,"2,3,6,10,13"
362,True,16,65535,75,2025-11-05 12:00:00,"0,1,2,3,4,5,6,7,8,9,10,11,12,13,14,15"
370,True,4,34306,75,2025-11-05 20:00:00,"1,9,10,15"
389,True,2,160,75,2025-11-06 15:00:00,"5,7"
403,True,7,33594,75,2025-11-07 08:00:00,"1,3,4,5,8,9,15"
412,True,3,44,75,2025-11-07 17:00:00,"2,3,5"
440,True,13,57151,75,2025-11-08 21:00:00,"0,1,2,3,4,5,8,9,10,11,12,14,15"
468,True,14,64507,75,2025-11-10 01:00:00,"0,1,3,4,5,6,7,8,9,11,12,13,14,15"
509,True,16,65535,75,2025-11-11 18:00:00,"0,1,2,3,4,5,6,7,8,9,10,11,12,13,14,15"
535,True,1,64,75,2025-11-12 20:00:00,6
536,True,16,65535,75,2025-11-12 21:00:00,"0,1,2,3,4,5,6,7,8,9,10,11,12,13,14,15"
541,True,10,35821,75,2025-11-13 05:00:00,"0,2,3,5,6,7,8,9,11,15"
588,True,1,32,75,2025-11-15 04:00:00,5
620,True,13,63991,75,2025-11-16 12:00:00,"0,1,2,4,5,6,7,8,11,12,13,14,15"
653,True,6,857,75,2025-11-17 21:00:00,"0,3,4,6,8,9"
668,True,14,64255,75,2025-11-18 12:00:00,"0,1,2,3,4,5,6,7,9,11,12,13,14,15"
682,True,11,44733,75,2025-11-19 05:00:00,"0,2,3,4,5,7,9,10,11,13,15"
686,True,13,65119,75,2025-11-19 09:00:00,"0,1,2,3,4,6,9,10,11,12,13,14,15"
689,True,9,53030,75,2025-11-19 12:00:00,"1,2,5,8,9,10,11,14,15"
718,True,2,516,75,2025-11-20 17:00:00,"2,9"
724,True,13,63167,75,2025-11-20 23:00:00,"0,1,2,3,4,5,7,9,10,12,13,14,15"
784,True,3,138,75,2025-11-23 11:00:00,"1,3,7"
794,True,8,7850,75,2025-11-23 21:00:00,"1,3,5,7,9,10,11,12"
802,True,4,32806,75,2025-11-24 05:00:00,"1,2,5,15"
810,True,14,65263,75,2025-11-24 13:00:00,"0,1,2,3,5,6,7,9,10,11,12,13,14,15"
846,True,9,46918,75,2025-11-26 04:00:00,"1,2,6,8,9,10,12,13,15"
847,True,2,1040,75,2025-11-26 05:00:00,"4,10"
852,True,6,49768,75,2025-11-26 10:00:00,"3,5,6,9,14,15"
853,True,6,46848,75,2025-11-26 11:00:00,"8,9,10,12,13,15"
892,True,15,65407,75,2025-11-28 02:00:00,"0,1,2,3,4,5,6,8,9,10,11,12,13,14,15"
902,True,1,1024,75,2025-11-28 12:00:00,10
907,True,9,64960,75,2025-11-28 17:00:00,"6,7,8,10,11,12,13,14,15"
929,True,8,57564,75,2025-11-29 15:00:00,"2,3,4,6,7,13,14,15"
991,True,6,33634,75,2025-12-02 08:00:00,"1,5,6,8,9,15"
1013,True,2,4608,75,2025-12-03 10:00:00,"9,12"
1021,True,3,16704,75,2025-12-03 18:00:00,"6,8,14"
1066,True,6,25619,75,2025-12-05 15:00:00,"0,1,4,10,13,14"
1092,True,9,52538,75,2025-12-06 17:00:00,"1,3,4,5,8,10,11,14,15"
1114,True,14,57327,75,2025-12-07 18:00:00,"0,1,2,3,5,6,7,8,9,10,11,12,14,15"
1129,True,3,530,75,2025-12-08 09:00:00,"1,4,9"
1148,True,5,35152,75,2025-12-09 04:00:00,"4,6,8,11,15"
1189,True,5,6692,75,2025-12-10 21:00:00,"2,5,9,11,12"
1202,True,16,65535,75,2025-12-11 10:00:00,"0,1,2,3,4,5,6,7,8,9,10,11,12,13,14,15"
1203,True,11,59897,75,2025-12-11 11:00:00,"0,3,4,5,6,7,8,11,13,14,15"
1219,True,6,3522,75,2025-12-12 03:00:00,"1,6,7,8,10,11"
1224,True,6,1508,75,2025-12-12 08:00:00,"2,5,6,7,8,10"
1246,True,11,63261,75,2025-12-13 09:00:00,"0,2,3,4,8,9,10,12,13,14,15"
1281,True,2,4128,75,2025-12-14 20:00:00,"5,12"
1288,True,4,657,75,2025-12-15 03:00:00,"0,4,7,9"
1291,True,12,63226,75,2025-12-15 06:00:00,"1,3,4,5,6,7,9,10,12,13,14,15"
1314,True,13,65493,75,2025-12-16 05:00:00,"0,2,4,6,7,8,9,10,11,12,13,14,15"
1315,True,2,16416,75,2025-12-16 06:00:00,"5,14"
1327,True,9,40502,75,2025-12-16 18:00:00,"1,2,4,5,9,10,11,12,15"
1357,True,1,1024,75,2025-12-18 00:00:00,10
1370,True,12,61365,75,2025-12-18 13:00:00,"0,2,4,5,7,8,9,10,11,13,14,15"
1385,True,7,37526,75,2025-12-19 07:00:00,"1,2,4,7,9,12,15"
1402,True,12,48381,75,2025-12-20 00:00:00,"0,2,3,4,5,6,7,10,11,12,13,15"
1449,True,15,32767,75,2025-12-21 23:00:00,"0,1,2,3,4,5,6,7,8,9,10,11,12,13,14"
1454,True,1,128,75,2025-12-22 04:00:00,7
1490,True,4,4258,75,2025-12-23 16:00:00,"1,5,7,12"
1499,True,12,48763,75,2025-12-24 01:00:00,"0,1,3,4,5,6,9,10,11,12,13,15"
1518,True,10,29421,75,2025-12-24 20:00:00,"0,2,3,5,6,7,9,12,13,14"
1556,True,7,38425,75,2025-12-26 13:00:00,"0,3,4,9,10,12,15"
1564,True,15,65534,75,2025-12-26 21:00:00,"1,2,3,4,5,6,7,8,9,10,11,12,13,14,15"
1577,True,8,10713,75,2025-12-27 10:00:00,"0,3,4,6,7,8,11,13"
1580,True,7,11914,75,2025-12-27 13:00:00,"1,3,7,9,10,11,13"
1590,True,9,37691,75,2025-12-27 23:00:00,"0,1,3,4,5,8,9,12,15"
1591,True,5,4756,75,2025-12-28 00:00:00,"2,4,7,9,12"
1619,True,15,49151,75,2025-12-29 04:00:00,"0,1,2,3,4,5,6,7,8,9,10,11,12,13,15"
1620,True,13,48887,75,2025-12-29 05:00:00,"0,1,2,4,5,6,7,9,10,11,12,13,15"
1644,True,8,53152,75,2025-12-30 05:00:00,"5,7,8,9,10,11,14,15"
1663,True,10,64169,75,2025-12-31 03:00:00,"0,3,5,7,9,11,12,13,14,15"
1672,True,8,44086,75,2025-12-31 12:00:00,"1,2,4,5,10,11,13,15"
82,True,11,61176,76,2025-10-24 10:00:00,"3,4,5,6,7,9,10,11,13,14,15"
88,True,9,51637,76,2025-10-24 16:00:00,"0,2,4,5,7,8,11,14,15"
135,True,15,65531,76,2025-10-26 18:00:00,"0,1,3,4,5,6,7,8,9,10,11,12,13,14,15"
165,True,1,2048,76,2025-10-28 00:00:00,11
218,True,3,1096,76,2025-10-30 05:00:00,"3,6,10"
223,True,6,9322,76,2025-10-30 14:00:00,"1,3,5,6,10,13"
225,True,8,23756,76,2025-10-30 16:00:00,"2,3,6,7,10,11,12,14"
257,True,13,63422,76,2025-11-01 03:00:00,"1,2,3,4,5,7,8,9,10,12,13,14,15"
282,True,4,16419,76,2025-11-02 04:00:00,"0,1,5,14"
298,True,11,46907,76,2025-11-02 20:00:00,"0,1,3,4,5,8,9,10,12,13,15"
315,True,6,33132,76,2025-11-03 13:00:00,"2,3,5,6,8,15"
364,True,8,17388,76,2025-11-05 14:00:00,"2,3,5,6,7,8,9,14"
383,True,8,37860,76,2025-11-06 09:00:00,"2,5,6,7,8,9,12,15"
388,True,8,45214,76,2025-11-06 14:00:00,"1,2,3,4,7,12,13,15"
428,True,8,42300,76,2025-11-08 09:00:00,"2,3,4,5,8,10,13,15"
459,True,10,56756,76,2025-11-09 16:00:00,"2,4,5,7,8,10,11,12,14,15"
461,True,9,3933,76,2025-11-09 18:00:00,"0,2,3,4,6,8,9,10,11"
472,True,7,18731,76,2025-11-10 05:00:00,"0,1,3,5,8,11,14"
493,True,7,6084,76,2025-11-11 02:00:00,"2,6,7,8,9,10,12"
541,True,1,64,76,2025-11-13 05:00:00,6
559,True,8,54580,76,2025-11-13 23:00:00,"2,4,5,8,10,12,14,15"
595,True,2,40,76,2025-11-15 11:00:00,"3,5"
606,True,15,61439,76,2025-11-15 22:00:00,"0,1,2,3,4,5,6,7,8,9,10,11,13,14,15"
613,True,5,41121,76,2025-11-16 05:00:00,"0,5,7,13,15"
614,True,8,22761,76,2025-11-16 06:00:00,"0,3,5,6,7,11,12,14"
628,True,6,8283,76,2025-11-16 20:00:00,"0,1,3,4,6,13"
638,True,9,31953,76,2025-11-17 06:00:00,"0,4,6,7,10,11,12,13,14"
646,True,9,31538,76,2025-11-17 14:00:00,"1,4,5,8,9,11,12,13,14"
648,True,14,65343,76,2025-11-17 16:00:00,"0,1,2,3,4,5,8,9,10,11,12,13,14,15"
651,True,7,24946,76,2025-11-17 19:00:00,"1,4,5,6,8,13,14"
684,True,5,41601,76,2025-11-19 07:00:00,"0,7,9,13,15"
695,True,1,4096,76,2025-11-19 18:00:00,12
700,True,13,56959,76,2025-11-19 23:00:00,"0,1,2,3,4,5,6,9,10,11,12,14,15"
724,True,12,63403,76,2025-11-20 23:00:00,"0,1,3,5,7,8,9,10,12,13,14,15"
777,True,2,80,76,2025-11-23 04:00:00,"4,6"
804,True,6,23360,76,2025-11-24 07:00:00,"6,8,9,11,12,14"
824,True,13,64446,76,2025-11-25 06:00:00,"1,2,3,4,5,7,8,9,11,12,13,14,15"
881,True,5,46144,76,2025-11-27 15:00:00,"6,10,12,13,15"
885,True,3,9472,76,2025-11-27 19:00:00,"8,10,13"
886,True,13,14335,76,2025-11-27 20:00:00,"0,1,2,3,4,5,6,7,8,9,10,12,13"
890,True,11,29599,76,2025-11-28 00:00:00,"0,1,2,3,4,7,8,9,12,13,14"
937,True,7,49844,76,2025-11-29 23:00:00,"2,4,5,7,9,14,15"
983,True,4,49312,76,2025-12-02 00:00:00,"5,7,14,15"
994,True,12,48509,76,2025-12-02 15:00:00,"0,2,3,4,5,6,8,10,11,12,13,15"
996,True,3,164,76,2025-12-02 17:00:00,"2,5,7"
1003,True,5,3154,76,2025-12-03 00:00:00,"1,4,6,10,11"
1022,True,16,65535,76,2025-12-03 19:00:00,"0,1,2,3,4,5,6,7,8,9,10,11,12,13,14,15"
1039,True,3,49168,76,2025-12-04 12:00:00,"4,14,15"
1049,True,2,33024,76,2025-12-04 22:00:00,"8,15"
1073,True,3,6145,76,2025-12-05 22:00:00,"0,11,12"
1078,True,14,53247,76,2025-12-06 03:00:00,"0,1,2,3,4,5,6,7,8,9,10,11,14,15"
1112,True,7,32064,76,2025-12-07 16:00:00,"6,8,10,11,12,13,14"
1155,True,5,49314,76,2025-12-09 11:00:00,"1,5,7,14,15"
1181,True,12,61294,76,2025-12-10 13:00:00,"1,2,3,5,6,8,9,10,11,13,14,15"
1213,True,14,65517,76,2025-12-11 21:00:00,"0,2,3,5,6,7,8,9,10,11,12,13,14,15"
1244,True,11,27642,76,2025-12-13 07:00:00,"1,3,4,5,6,7,8,9,11,13,14"
1294,True,2,16640,76,2025-12-15 09:00:00,"8,14"
1311,True,10,28083,76,2025-12-16 02:00:00,"0,1,4,5,7,8,10,11,13,14"
1323,True,11,58364,76,2025-12-16 14:00:00,"2,3,4,5,6,7,8,9,13,14,15"
1355,True,7,44294,76,2025-12-17 22:00:00,"1,2,8,10,11,13,15"
1360,True,10,20155,76,2025-12-18 03:00:00,"0,1,3,4,5,7,9,10,11,14"
1403,True,6,42514,76,2025-12-20 01:00:00,"1,4,9,10,13,15"
1413,True,2,6,76,2025-12-20 11:00:00,"1,2"
1424,True,1,64,76,2025-12-20 22:00:00,6
1430,True,7,26684,76,2025-12-21 04:00:00,"2,3,4,5,11,13,14"
1432,True,10,12798,76,2025-12-21 06:00:00,"1,2,3,4,5,6,7,8,12,13"
1435,True,14,32703,76,2025-12-21 09:00:00,"0,1,2,3,4,5,7,8,9,10,11,12,13,14"
1443,True,12,49114,76,2025-12-21 17:00:00,"1,3,4,6,7,8,9,10,11,12,13,15"
1448,True,2,96,76,2025-12-21 22:00:00,"5,6"
1461,True,3,194,76,2025-12-22 11:00:00,"1,6,7"
1503,True,14,64510,76,2025-12-24 05:00:00,"1,2,3,4,5,6,7,8,9,11,12,13,14,15"
1508,True,5,35908,76,2025-12-24 10:00:00,"2,6,10,11,15"
1517,True,13,61399,76,2025-12-24 19:00:00,"0,1,2,4,6,7,8,9,10,11,13,14,15"
1537,True,12,64231,76,2025-12-25 18:00:00,"0,1,2,5,6,7,9,11,12,13,14,15"
1567,True,4,49164,76,2025-12-27 00:00:00,"2,3,14,15"
1589,True,12,61823,76,2025-12-27 22:00:00,"0,1,2,3,4,5,6,8,12,13,14,15"
1653,True,5,53888,76,2025-12-30 14:00:00,"7,9,12,14,15"
1679,True,5,34883,76,2025-12-31 19:00:00,"0,1,6,11,15"
0,True,13,64415,77,2025-10-21 00:00:00,"0,1,2,3,4,7,8,9,11,12,13,14,15"
8,True,12,64981,77,2025-10-21 08:00:00,"0,2,4,6,7,8,10,11,12,13,14,15"
28,True,16,65535,77,2025-10-22 04:00:00,"0,1,2,3,4,5,6,7,8,9,10,11,12,13,14,15"
38,True,13,61279,77,2025-10-22 14:00:00,"0,1,2,3,4,6,8,9,10,11,13,14,15"
70,True,6,27169,77,2025-10-23 22:00:00,"0,5,9,11,13,14"
141,True,7,43905,77,2025-10-27 00:00:00,"0,7,8,9,11,13,15"
164,True,1,32,77,2025-10-27 23:00:00,5
173,True,10,6647,77,2025-10-28 08:00:00,"0,1,2,4,5,6,7,8,11,12"
175,True,11,63911,77,2025-10-28 10:00:00,"0,1,2,5,7,8,11,12,13,14,15"
217,True,1,32,77,2025-10-30 04:00:00,5
274,True,12,39903,77,2025-11-01 20:00:00,"0,1,2,3,4,6,7,8,9,11,12,15"
304,True,15,65533,77,2025-11-03 02:00:00,"0,2,3,4,5,6,7,8,9,10,11,12,13,14,15"
313,True,16,65535,77,2025-11-03 11:00:00,"0,1,2,3,4,5,6,7,8,9,10,11,12,13,14,15"
332,True,1,64,77,2025-11-04 06:00:00,6
348,True,6,1055,77,2025-11-04 22:00:00,"0,1,2,3,4,10"
358,True,13,45053,77,2025-11-05 08:00:00,"0,2,3,4,5,6,7,8,9,10,11,13,15"
365,True,12,65484,77,2025-11-05 15:00:00,"2,3,6,7,8,9,10,11,12,13,14,15"
405,True,8,49867,77,2025-11-07 10:00:00,"0,1,3,6,7,9,14,15"
415,True,13,32761,77,2025-11-07 20:00:00,"0,3,4,5,6,7,8,9,10,11,12,13,14"
418,True,1,2048,77,2025-11-07 23:00:00,11
426,True,13,24574,77,2025-11-08 07:00:00,"1,2,3,4,5,6,7,8,9,10,11,12,14"
440,True,9,13809,77,2025-11-08 21:00:00,"0,4,5,6,7,8,10,12,13"
483,True,9,8164,77,2025-11-10 16:00:00,"2,5,6,7,8,9,10,11,12"
499,True,13,60925,77,2025-11-11 08:00:00,"0,2,3,4,5,6,7,8,10,11,13,14,15"
569,True,14,65517,77,2025-11-14 09:00:00,"0,2,3,5,6,7,8,9,10,11,12,13,14,15"
580,True,10,30123,77,2025-11-14 20:00:00,"0,1,3,5,7,8,10,12,13,14"
592,True,15,65471,77,2025-11-15 08:00:00,"0,1,2,3,4,5,7,8,9,10,11,12,13,14,15"
637,True,11,47741,77,2025-11-17 05:00:00,"0,2,3,4,5,6,9,11,12,13,15"
641,True,12,64335,77,2025-11-17 09:00:00,"0,1,2,3,6,8,9,11,12,13,14,15"
688,True,7,25505,77,2025-11-19 11:00:00,"0,5,7,8,9,13,14"
751,True,14,64479,77,2025-11-22 02:00:00,"0,1,2,3,4,6,7,8,9,11,12,13,14,15"
764,True,2,1088,77,2025-11-22 15:00:00,"6,10"
791,True,11,63179,77,2025-11-23 18:00:00,"0,1,3,6,7,9,10,12,13,14,15"
850,True,11,57257,77,2025-11-26 08:00:00,"0,3,5,7,8,9,10,11,12,14,15"
869,True,13,59903,77,2025-11-27 03:00:00,"0,1,2,3,4,5,6,7,8,11,13,14,15"
910,True,4,9476,77,2025-11-28 20:00:00,"2,8,10,13"
914,True,9,44389,77,2025-11-29 00:00:00,"0,2,5,6,8,10,11,13,15"
932,True,2,6,77,2025-11-29 18:00:00,"1,2"
964,True,16,65535,77,2025-12-01 05:00:00,"0,1,2,3,4,5,6,7,8,9,10,11,12,13,14,15"
971,True,6,12394,77,2025-12-01 12:00:00,"1,3,5,6,12,13"
977,True,12,49051,77,2025-12-01 18:00:00,"0,1,3,4,7,8,9,10,11,12,13,15"
987,True,12,39679,77,2025-12-02 04:00:00,"0,1,2,3,4,5,6,7,9,11,12,15"
1005,True,13,65454,77,2025-12-03 02:00:00,"1,2,3,5,7,8,9,10,11,12,13,14,15"
1029,True,15,65531,77,2025-12-04 02:00:00,"0,1,3,4,5,6,7,8,9,10,11,12,13,14,15"
1041,True,10,58105,77,2025-12-04 14:00:00,"0,3,4,5,6,7,9,13,14,15"
1051,True,6,10410,77,2025-12-05 00:00:00,"1,3,5,7,11,13"
1056,True,11,58175,77,2025-12-05 05:00:00,"0,1,2,3,4,5,8,9,13,14,15"
1062,True,11,55246,77,2025-12-05 11:00:00,"1,2,3,6,7,8,9,10,12,14,15"
1098,True,10,65169,77,2025-12-06 23:00:00,"0,4,7,9,10,11,12,13,14,15"
1104,True,5,10513,77,2025-12-07 08:00:00,"0,4,8,11,13"
1113,True,6,42021,77,2025-12-07 17:00:00,"0,2,5,10,13,15"
1123,True,15,61439,77,2025-12-08 03:00:00,"0,1,2,3,4,5,6,7,8,9,10,11,13,14,15"
1134,True,2,16400,77,2025-12-08 14:00:00,"4,14"
1141,True,15,65527,77,2025-12-08 21:00:00,"0,1,2,4,5,6,7,8,9,10,11,12,13,14,15"
1165,True,9,13495,77,2025-12-09 21:00:00,"0,1,2,4,5,7,10,12,13"
1173,True,16,65535,77,2025-12-10 05:00:00,"0,1,2,3,4,5,6,7,8,9,10,11,12,13,14,15"
1189,True,9,44091,77,2025-12-10 21:00:00,"0,1,3,4,5,10,11,13,15"
1204,True,16,65535,77,2025-12-11 12:00:00,"0,1,2,3,4,5,6,7,8,9,10,11,12,13,14,15"
1213,True,8,12170,77,2025-12-11 21:00:00,"1,3,7,8,9,10,11,13"
1228,True,9,60455,77,2025-12-12 12:00:00,"0,1,2,5,10,11,13,14,15"
1231,True,9,57974,77,2025-12-12 15:00:00,"1,2,4,5,6,9,13,14,15"
1277,True,11,46939,77,2025-12-14 16:00:00,"0,1,3,4,6,8,9,10,12,13,15"
1283,True,4,308,77,2025-12-14 22:00:00,"2,4,5,8"
1364,True,16,65535,77,2025-12-18 07:00:00,"0,1,2,3,4,5,6,7,8,9,10,11,12,13,14,15"
1409,True,4,2400,77,2025-12-20 07:00:00,"5,6,8,11"
1421,True,9,48451,77,2025-12-20 19:00:00,"0,1,6,8,10,11,12,13,15"
1429,True,1,1024,77,2025-12-21 03:00:00,10
1440,True,11,47862,77,2025-12-21 14:00:00,"1,2,4,5,6,7,9,11,12,13,15"
1488,True,10,48824,77,2025-12-23 14:00:00,"3,4,5,7,9,10,11,12,13,15"
1526,True,1,64,77,2025-12-25 07:00:00,6
1559,True,7,17308,77,2025-12-26 16:00:00,"2,3,4,7,8,9,14"
1577,True,4,17538,77,2025-12-27 10:00:00,"1,7,10,14"
1586,True,5,53764,77,2025-12-27 19:00:00,"2,9,12,14,15"
1606,True,12,44030,77,2025-12-28 15:00:00,"1,2,3,4,5,6,7,8,9,11,13,15"
1620,True,9,54039,77,2025-12-29 05:00:00,"0,1,2,4,8,9,12,14,15"
1640,True,15,65531,77,2025-12-30 01:00:00,"0,1,3,4,5,6,7,8,9,10,11,12,13,14,15"
9,True,11,57791,78,2025-10-21 09:00:00,"0,1,2,3,4,5,7,8,13,14,15"
15,True,13,32239,78,2025-10-21 15:00:00,"0,1,2,3,5,6,7,8,10,11,12,13,14"
30,True,15,64511,78,2025-10-22 06:00:00,"0,1,2,3,4,5,6,7,8,9,11,12,13,14,15"
32,True,9,11214,78,2025-10-22 08:00:00,"1,2,3,6,7,8,9,11,13"
47,True,6,11788,78,2025-10-22 23:00:00,"2,3,9,10,11,13"
91,True,14,61423,78,2025-10-24 19:00:00,"0,1,2,3,5,6,7,8,9,10,11,13,14,15"
114,True,11,65165,78,2025-10-25 18:00:00,"0,2,3,7,9,10,11,12,13,14,15"
131,True,2,130,78,2025-10-26 14:00:00,"1,7"
168,True,8,16036,78,2025-10-28 03:00:00,"2,5,7,9,10,11,12,13"
221,True,9,24234,78,2025-10-30 08:00:00,"1,3,5,7,9,10,11,12,14"
245,True,15,65279,78,2025-10-31 12:00:00,"0,1,2,3,4,5,6,7,9,10,11,12,13,14,15"
312,True,14,64495,78,2025-11-03 10:00:00,"0,1,2,3,5,6,7,8,9,11,12,13,14,15"
336,True,3,24577,78,2025-11-04 10:00:00,"0,13,14"
368,True,14,16383,78,2025-11-05 18:00:00,"0,1,2,3,4,5,6,7,8,9,10,11,12,13"
370,True,7,42316,78,2025-11-05 20:00:00,"2,3,6,8,10,13,15"
371,True,6,60448,78,2025-11-05 21:00:00,"5,10,11,13,14,15"
402,True,6,52356,78,2025-11-07 07:00:00,"2,7,10,11,14,15"
415,True,15,64511,78,2025-11-07 20:00:00,"0,1,2,3,4,5,6,7,8,9,11,12,13,14,15"
438,True,9,52629,78,2025-11-08 19:00:00,"0,2,4,7,8,10,11,14,15"
459,True,15,65407,78,2025-11-09 16:00:00,"0,1,2,3,4,5,6,8,9,10,11,12,13,14,15"
475,True,15,65519,78,2025-11-10 08:00:00,"0,1,2,3,5,6,7,8,9,10,11,12,13,14,15"
487,True,10,52691,78,2025-11-10 20:00:00,"0,1,4,6,7,8,10,11,14,15"
494,True,9,30513,78,2025-11-11 03:00:00,"0,4,5,8,9,10,12,13,14"
521,True,15,61439,78,2025-11-12 06:00:00,"0,1,2,3,4,5,6,7,8,9,10,11,13,14,15"
542,True,11,31639,78,2025-11-13 06:00:00,"0,1,2,4,7,8,9,11,12,13,14"
543,True,10,32676,78,2025-11-13 07:00:00,"2,5,7,8,9,10,11,12,13,14"
557,True,7,7057,78,2025-11-13 21:00:00,"0,4,7,8,9,11,12"
583,True,4,33544,78,2025-11-14 23:00:00,"3,8,9,15"
622,True,6,1396,78,2025-11-16 14:00:00,"2,4,5,6,8,10"
624,True,14,32759,78,2025-11-16 16:00:00,"0,1,2,4,5,6,7,8,9,10,11,12,13,14"
632,True,1,4096,78,2025-11-17 00:00:00,12
634,True,3,832,78,2025-11-17 02:00:00,"6,8,9"
648,True,13,64975,78,2025-11-17 16:00:00,"0,1,2,3,6,7,8,10,11,12,13,14,15"
654,True,8,37549,78,2025-11-17 22:00:00,"0,2,3,5,7,9,12,15"
667,True,14,65525,78,2025-11-18 11:00:00,"0,2,4,5,6,7,8,9,10,11,12,13,14,15"
687,True,15,61439,78,2025-11-19 10:00:00,"0,1,2,3,4,5,6,7,8,9,10,11,13,14,15"
724,True,12,49132,78,2025-11-20 23:00:00,"2,3,5,6,7,8,9,10,11,12,13,15"
739,True,4,18465,78,2025-11-21 14:00:00,"0,5,11,14"
743,True,4,33290,78,2025-11-21 18:00:00,"1,3,9,15"
745,True,12,14331,78,2025-11-21 20:00:00,"0,1,3,4,5,6,7,8,9,10,12,13"
827,True,11,56558,78,2025-11-25 09:00:00,"1,2,3,5,6,7,10,11,12,14,15"
834,True,16,65535,78,2025-11-25 16:00:00,"0,1,2,3,4,5,6,7,8,9,10,11,12,13,14,15"
851,True,7,29210,78,2025-11-26 09:00:00,"1,3,4,9,12,13,14"
877,True,1,16,78,2025-11-27 11:00:00,4
901,True,14,64959,78,2025-11-28 11:00:00,"0,1,2,3,4,5,7,8,10,11,12,13,14,15"
908,True,2,8320,78,2025-11-28 18:00:00,"7,13"
959,True,6,5701,78,2025-11-30 21:00:00,"0,2,6,9,10,12"
971,True,1,1,78,2025-12-01 12:00:00,0
1021,True,11,8179,78,2025-12-03 18:00:00,"0,1,4,5,6,7,8,9,10,11,12"
1053,True,3,32771,78,2025-12-05 02:00:00,"0,1,15"
1055,True,5,8284,78,2025-12-05 04:00:00,"2,3,4,6,13"
1062,True,4,645,78,2025-12-05 11:00:00,"0,2,7,9"
1095,True,12,28351,78,2025-12-06 20:00:00,"0,1,2,3,4,5,7,9,10,11,13,14"
1137,True,7,51864,78,2025-12-08 17:00:00,"3,4,7,9,11,14,15"
1161,True,2,576,78,2025-12-09 17:00:00,"6,9"
1178,True,11,60890,78,2025-12-10 10:00:00,"1,3,4,6,7,8,10,11,13,14,15"
1197,True,13,32695,78,2025-12-11 05:00:00,"0,1,2,4,5,7,8,9,10,11,12,13,14"
1245,True,11,14269,78,2025-12-13 08:00:00,"0,2,3,4,5,7,8,9,10,12,13"
1285,True,15,49151,78,2025-12-15 00:00:00,"0,1,2,3,4,5,6,7,8,9,10,11,12,13,15"
1289,True,16,65535,78,2025-12-15 04:00:00,"0,1,2,3,4,5,6,7,8,9,10,11,12,13,14,15"
1290,True,13,32747,78,2025-12-15 05:00:00,"0,1,3,5,6,7,8,9,10,11,12,13,14"
1298,True,14,49087,78,2025-12-15 13:00:00,"0,1,2,3,4,5,7,8,9,10,11,12,13,15"
1306,True,7,23208,78,2025-12-15 21:00:00,"3,5,7,9,11,12,14"
1354,True,3,49153,78,2025-12-17 21:00:00,"0,14,15"
1382,True,10,24126,78,2025-12-19 04:00:00,"1,2,3,4,5,9,10,11,12,14"
1392,True,14,63479,78,2025-12-19 14:00:00,"0,1,2,4,5,6,7,8,9,10,12,13,14,15"
1404,True,13,59375,78,2025-12-20 02:00:00,"0,1,2,3,5,6,7,8,9,10,13,14,15"
1449,True,9,44660,78,2025-12-21 23:00:00,"2,4,5,6,9,10,11,13,15"
1494,True,14,65019,78,2025-12-23 20:00:00,"0,1,3,4,5,6,7,8,10,11,12,13,14,15"
1510,True,6,13368,78,2025-12-24 12:00:00,"3,4,5,10,12,13"
1567,True,5,2153,78,2025-12-27 00:00:00,"0,3,5,6,11"
1614,True,3,8232,78,2025-12-28 23:00:00,"3,5,13"
1663,True,15,32767,78,2025-12-31 03:00:00,"0,1,2,3,4,5,6,7,8,9,10,11,12,13,14"
1678,True,16,65535,78,2025-12-31 18:00:00,"0,1,2,3,4,5,6,7,8,9,10,11,12,13,14,15"
23,True,12,64183,79,2025-10-21 23:00:00,"0,1,2,4,5,7,9,11,12,13,14,15"
26,True,2,576,79,2025-10-22 02:00:00,"6,9"
27,True,4,33360,79,2025-10-22 03:00:00,"4,6,9,15"
75,True,12,32183,79,2025-10-24 03:00:00,"0,1,2,4,5,7,8,10,11,12,13,14"
86,True,4,1073,79,2025-10-24 14:00:00,"0,4,5,10"
118,True,4,37904,79,2025-10-25 22:00:00,"4,10,12,15"
132,True,4,2817,79,2025-10-26 15:00:00,"0,8,9,11"
140,True,8,11481,79,2025-10-26 23:00:00,"0,3,4,6,7,10,11,13"
148,True,15,65407,79,2025-10-27 07:00:00,"0,1,2,3,4,5,6,8,9,10,11,12,13,14,15"
186,True,16,65535,79,2025-10-28 21:00:00,"0,1,2,3,4,5,6,7,8,9,10,11,12,13,14,15"
199,True,11,15353,79,2025-10-29 10:00:00,"0,3,4,5,6,7,8,9,11,12,13"
218,True,11,60149,79,2025-10-30 05:00:00,"0,2,4,5,6,7,9,11,13,14,15"
222,True,4,19200,79,2025-10-30 13:00:00,"8,9,11,14"
263,True,10,13820,79,2025-11-01 09:00:00,"2,3,4,5,6,7,8,10,12,13"
288,True,3,2058,79,2025-11-02 10:00:00,"1,3,11"
289,True,1,4,79,2025-11-02 11:00:00,2
297,True,12,45031,79,2025-11-02 19:00:00,"0,1,2,5,6,7,8,9,10,11,13,15"
310,True,12,59071,79,2025-11-03 08:00:00,"0,1,2,3,4,5,7,9,10,13,14,15"
432,True,9,58675,79,2025-11-08 13:00:00,"0,1,4,5,8,10,13,14,15"
438,True,4,32806,79,2025-11-08 19:00:00,"1,2,5,15"
441,True,7,12395,79,2025-11-08 22:00:00,"0,1,3,5,6,12,13"
485,True,10,56997,79,2025-11-10 18:00:00,"0,2,5,7,9,10,11,12,14,15"
500,True,12,53117,79,2025-11-11 09:00:00,"0,2,3,4,5,6,8,9,10,11,14,15"
540,True,16,65535,79,2025-11-13 04:00:00,"0,1,2,3,4,5,6,7,8,9,10,11,12,13,14,15"
555,True,14,65391,79,2025-11-13 19:00:00,"0,1,2,3,5,6,8,9,10,11,12,13,14,15"
562,True,15,65533,79,2025-11-14 02:00:00,"0,2,3,4,5,6,7,8,9,10,11,12,13,14,15"
570,True,2,1056,79,2025-11-14 10:00:00,"5,10"
581,True,7,26936,79,2025-11-14 21:00:00,"3,4,5,8,11,13,14"
582,True,16,65535,79,2025-11-14 22:00:00,"0,1,2,3,4,5,6,7,8,9,10,11,12,13,14,15"
630,True,12,64974,79,2025-11-16 22:00:00,"1,2,3,6,7,8,10,11,12,13,14,15"
633,True,9,14803,79,2025-11-17 01:00:00,"0,1,4,6,7,8,11,12,13"
673,True,8,42708,79,2025-11-18 17:00:00,"2,4,6,7,9,10,13,15"
687,True,9,36443,79,2025-11-19 10:00:00,"0,1,3,4,6,9,10,11,15"
728,True,5,2078,79,2025-11-21 03:00:00,"1,2,3,4,11"
736,True,13,57295,79,2025-11-21 11:00:00,"0,1,2,3,6,7,8,9,10,11,12,14,15"
741,True,7,50577,79,2025-11-21 16:00:00,"0,4,7,8,10,14,15"
752,True,4,8484,79,2025-11-22 03:00:00,"2,5,8,13"
756,True,9,40243,79,2025-11-22 07:00:00,"0,1,4,5,8,10,11,12,15"
767,True,3,33344,79,2025-11-22 18:00:00,"6,9,15"
803,True,12,14079,79,2025-11-24 06:00:00,"0,1,2,3,4,5,6,7,9,10,12,13"
825,True,3,32816,79,2025-11-25 07:00:00,"4,5,15"
855,True,11,53159,79,2025-11-26 13:00:00,"0,1,2,5,7,8,9,10,11,14,15"
861,True,12,28127,79,2025-11-26 19:00:00,"0,1,2,3,4,6,7,8,10,11,13,14"
889,True,15,63487,79,2025-11-27 23:00:00,"0,1,2,3,4,5,6,7,8,9,10,12,13,14,15"
897,True,12,47097,79,2025-11-28 07:00:00,"0,3,4,5,6,7,8,9,10,12,13,15"
906,True,14,57327,79,2025-11-28 16:00:00,"0,1,2,3,5,6,7,8,9,10,11,12,14,15"
910,True,1,1024,79,2025-11-28 20:00:00,10
914,True,4,33858,79,2025-11-29 00:00:00,"1,6,10,15"
926,True,1,4096,79,2025-11-29 12:00:00,12
960,True,1,8,79,2025-11-30 22:00:00,3
970,True,9,64280,79,2025-12-01 11:00:00,"3,4,8,9,11,12,13,14,15"
1003,True,6,1212,79,2025-12-03 00:00:00,"2,3,4,5,7,10"
1041,True,15,63487,79,2025-12-04 14:00:00,"0,1,2,3,4,5,6,7,8,9,10,12,13,14,15"
1062,True,12,61351,79,2025-12-05 11:00:00,"0,1,2,5,7,8,9,10,11,13,14,15"
1065,True,10,62285,79,2025-12-05 14:00:00,"0,2,3,6,8,9,12,13,14,15"
1072,True,3,8198,79,2025-12-05 21:00:00,"1,2,13"
1090,True,14,64507,79,2025-12-06 15:00:00,"0,1,3,4,5,6,7,8,9,11,12,13,14,15"
1111,True,11,57011,79,2025-12-07 15:00:00,"0,1,4,5,7,9,10,11,12,14,15"
1154,True,14,64479,79,2025-12-09 10:00:00,"0,1,2,3,4,6,7,8,9,11,12,13,14,15"
1156,True,11,15350,79,2025-12-09 12:00:00,"1,2,4,5,6,7,8,9,11,12,13"
1161,True,16,65535,79,2025-12-09 17:00:00,"0,1,2,3,4,5,6,7,8,9,10,11,12,13,14,15"
1254,True,13,49103,79,2025-12-13 17:00:00,"0,1,2,3,6,7,8,9,10,11,12,13,15"
1263,True,3,4256,79,2025-12-14 02:00:00,"5,7,12"
1270,True,12,8159,79,2025-12-14 09:00:00,"0,1,2,3,4,6,7,8,9,10,11,12"
1284,True,16,65535,79,2025-12-14 23:00:00,"0,1,2,3,4,5,6,7,8,9,10,11,12,13,14,15"
1287,True,4,5380,79,2025-12-15 02:00:00,"2,8,10,12"
1324,True,11,48981,79,2025-12-16 15:00:00,"0,2,4,6,8,9,10,11,12,13,15"
1342,True,11,65110,79,2025-12-17 09:00:00,"1,2,4,6,9,10,11,12,13,14,15"
1345,True,7,41259,79,2025-12-17 12:00:00,"0,1,3,5,8,13,15"
1365,True,5,2598,79,2025-12-18 08:00:00,"1,2,5,9,11"
1402,True,16,65535,79,2025-12-20 00:00:00,"0,1,2,3,4,5,6,7,8,9,10,11,12,13,14,15"
1437,True,15,49151,79,2025-12-21 11:00:00,"0,1,2,3,4,5,6,7,8,9,10,11,12,13,15"
1528,True,1,2,79,2025-12-25 09:00:00,1
1532,True,9,48325,79,2025-12-25 13:00:00,"0,2,6,7,10,11,12,13,15"
1540,True,13,53183,79,2025-12-25 21:00:00,"0,1,2,3,4,5,7,8,9,10,11,14,15"
1541,True,9,16163,79,2025-12-25 22:00:00,"0,1,5,8,9,10,11,12,13"
1570,True,13,49139,79,2025-12-27 03:00:00,"0,1,4,5,6,7,8,9,10,11,12,13,15"
1582,True,16,65535,79,2025-12-27 15:00:00,"0,1,2,3,4,5,6,7,8,9,10,11,12,13,14,15"
1615,True,3,5376,79,2025-12-29 00:00:00,"8,10,12"
1661,True,4,20752,79,2025-12-30 22:00:00,"4,8,12,14"
36,True,3,16704,80,2025-10-22 12:00:00,"6,8,14"
38,True,14,65247,80,2025-10-22 14:00:00,"0,1,2,3,4,6,7,9,10,11,12,13,14,15"
104,True,10,47961,80,2025-10-25 08:00:00,"0,3,4,6,8,9,11,12,13,15"
139,True,15,65471,80,2025-10-26 22:00:00,"0,1,2,3,4,5,7,8,9,10,11,12,13,14,15"
145,True,16,65535,80,2025-10-27 04:00:00,"0,1,2,3,4,5,6,7,8,9,10,11,12,13,14,15"
179,True,2,36,80,2025-10-28 14:00:00,"2,5"
202,True,10,58206,80,2025-10-29 13:00:00,"1,2,3,4,6,8,9,13,14,15"
221,True,4,5188,80,2025-10-30 08:00:00,"2,6,10,12"
226,True,14,32703,80,2025-10-30 17:00:00,"0,1,2,3,4,5,7,8,9,10,11,12,13,14"
240,True,14,61435,80,2025-10-31 07:00:00,"0,1,3,4,5,6,7,8,9,10,11,13,14,15"
309,True,2,576,80,2025-11-03 07:00:00,"6,9"
331,True,15,49151,80,2025-11-04 05:00:00,"0,1,2,3,4,5,6,7,8,9,10,11,12,13,15"
343,True,9,55453,80,2025-11-04 17:00:00,"0,2,3,4,7,11,12,14,15"
345,True,6,50945,80,2025-11-04 19:00:00,"0,8,9,10,14,15"
348,True,1,1,80,2025-11-04 22:00:00,0
365,True,5,34180,80,2025-11-05 15:00:00,"2,7,8,10,15"
379,True,12,30701,80,2025-11-06 05:00:00,"0,2,3,5,6,7,8,9,10,12,13,14"
402,True,10,27514,80,2025-11-07 07:00:00,"1,3,4,5,6,8,9,11,13,14"
426,True,12,47086,80,2025-11-08 07:00:00,"1,2,3,5,6,7,8,9,10,12,13,15"
474,True,8,17358,80,2025-11-10 07:00:00,"1,2,3,6,7,8,9,14"
479,True,12,64207,80,2025-11-10 12:00:00,"0,1,2,3,6,7,9,11,12,13,14,15"
485,True,2,32770,80,2025-11-10 18:00:00,"1,15"
489,True,16,65535,80,2025-11-10 22:00:00,"0,1,2,3,4,5,6,7,8,9,10,11,12,13,14,15"
503,True,4,18816,80,2025-11-11 12:00:00,"7,8,11,14"
513,True,15,65279,80,2025-11-11 22:00:00,"0,1,2,3,4,5,6,7,9,10,11,12,13,14,15"
546,True,7,47237,80,2025-11-13 10:00:00,"0,2,7,11,12,13,15"
549,True,1,16384,80,2025-11-13 13:00:00,14
563,True,16,65535,80,2025-11-14 03:00:00,"0,1,2,3,4,5,6,7,8,9,10,11,12,13,14,15"
595,True,14,32511,80,2025-11-15 11:00:00,"0,1,2,3,4,5,6,7,9,10,11,12,13,14"
606,True,10,56771,80,2025-11-15 22:00:00,"0,1,6,7,8,10,11,12,14,15"
607,True,3,641,80,2025-11-15 23:00:00,"0,7,9"
620,True,11,52087,80,2025-11-16 12:00:00,"0,1,2,4,5,6,8,9,11,14,15"
649,True,15,65533,80,2025-11-17 17:00:00,"0,2,3,4,5,6,7,8,9,10,11,12,13,14,15"
656,True,14,45055,80,2025-11-18 00:00:00,"0,1,2,3,4,5,6,7,8,9,10,11,13,15"
669,True,6,2729,80,2025-11-18 13:00:00,"0,3,5,7,9,11"
687,True,8,49781,80,2025-11-19 10:00:00,"0,2,4,5,6,9,14,15"
706,True,9,60368,80,2025-11-20 05:00:00,"4,6,7,8,9,11,13,14,15"
739,True,16,65535,80,2025-11-21 14:00:00,"0,1,2,3,4,5,6,7,8,9,10,11,12,13,14,15"
741,True,8,11100,80,2025-11-21 16:00:00,"2,3,4,6,8,9,11,13"
745,True,4,312,80,2025-11-21 20:00:00,"3,4,5,8"
762,True,16,65535,80,2025-11-22 13:00:00,"0,1,2,3,4,5,6,7,8,9,10,11,12,13,14,15"
808,True,5,1444,80,2025-11-24 11:00:00,"2,5,7,8,10"
841,True,6,34936,80,2025-11-25 23:00:00,"3,4,5,6,11,15"
860,True,5,61952,80,2025-11-26 18:00:00,"9,12,13,14,15"
865,True,7,49606,80,2025-11-26 23:00:00,"1,2,6,7,8,14,15"
873,True,13,64766,80,2025-11-27 07:00:00,"1,2,3,4,5,6,7,10,11,12,13,14,15"
895,True,3,4354,80,2025-11-28 05:00:00,"1,8,12"
922,True,2,17408,80,2025-11-29 08:00:00,"10,14"
939,True,16,65535,80,2025-11-30 01:00:00,"0,1,2,3,4,5,6,7,8,9,10,11,12,13,14,15"
962,True,1,64,80,2025-12-01 03:00:00,6
993,True,3,5184,80,2025-12-02 10:00:00,"6,10,12"
1003,True,13,62959,80,2025-12-03 00:00:00,"0,1,2,3,5,6,7,8,10,12,13,14,15"
1039,True,10,15857,80,2025-12-04 12:00:00,"0,4,5,6,7,8,10,11,12,13"
1043,True,10,55661,80,2025-12-04 16:00:00,"0,2,3,5,6,8,11,12,14,15"
1070,True,6,25698,80,2025-12-05 19:00:00,"1,5,6,10,13,14"
1075,True,8,11206,80,2025-12-06 00:00:00,"1,2,6,7,8,9,11,13"
1086,True,5,9416,80,2025-12-06 11:00:00,"3,6,7,10,13"
1145,True,16,65535,80,2025-12-09 01:00:00,"0,1,2,3,4,5,6,7,8,9,10,11,12,13,14,15"
1184,True,4,10756,80,2025-12-10 16:00:00,"2,9,11,13"
1190,True,6,633,80,2025-12-10 22:00:00,"0,3,4,5,6,9"
1219,True,11,8173,80,2025-12-12 03:00:00,"0,2,3,5,6,7,8,9,10,11,12"
1224,True,2,16416,80,2025-12-12 08:00:00,"5,14"
1228,True,5,2698,80,2025-12-12 12:00:00,"1,3,7,9,11"
1241,True,3,2624,80,2025-12-13 04:00:00,"6,9,11"
1242,True,4,3264,80,2025-12-13 05:00:00,"6,7,10,11"
1250,True,3,84,80,2025-12-13 13:00:00,"2,4,6"
1272,True,5,17944,80,2025-12-14 11:00:00,"3,4,9,10,14"
1279,True,14,57342,80,2025-12-14 18:00:00,"1,2,3,4,5,6,7,8,9,10,11,12,14,15"
1293,True,11,56053,80,2025-12-15 08:00:00,"0,2,4,5,6,7,9,11,12,14,15"
1387,True,8,64024,80,2025-12-19 09:00:00,"3,4,9,11,12,13,14,15"
1394,True,16,65535,80,2025-12-19 16:00:00,"0,1,2,3,4,5,6,7,8,9,10,11,12,13,14,15"
1416,True,6,37428,80,2025-12-20 14:00:00,"2,4,5,9,12,15"
1437,True,7,35918,80,2025-12-21 11:00:00,"1,2,3,6,10,11,15"
1445,True,5,32825,80,2025-12-21 19:00:00,"0,3,4,5,15"
1446,True,9,24142,80,2025-12-21 20:00:00,"1,2,3,6,9,10,11,12,14"
1463,True,16,65535,80,2025-12-22 13:00:00,"0,1,2,3,4,5,6,7,8,9,10,11,12,13,14,15"
1484,True,7,10602,80,2025-12-23 10:00:00,"1,3,5,6,8,11,13"
1495,True,3,1089,80,2025-12-23 21:00:00,"0,6,10"
1578,True,13,32503,80,2025-12-27 11:00:00,"0,1,2,4,5,6,7,9,10,11,12,13,14"
1601,True,15,65531,80,2025-12-28 10:00:00,"0,1,3,4,5,6,7,8,9,10,11,12,13,14,15"
1616,True,2,16386,80,2025-12-29 01:00:00,"1,14"
1625,True,12,44527,80,2025-12-29 10:00:00,"0,1,2,3,5,6,7,8,10,11,13,15"
1653,True,13,8191,80,2025-12-30 14:00:00,"0,1,2,3,4,5,6,7,8,9,10,11,12"
1654,True,16,65535,80,2025-12-30 15:00:00,"0,1,2,3,4,5,6,7,8,9,10,11,12,13,14,15"
1657,True,4,36876,80,2025-12-30 18:00:00,"2,3,12,15"
1661,True,11,57139,80,2025-12-30 22:00:00,"0,1,4,5,8,9,10,11,12,14,15"
1666,True,13,60383,80,2025-12-31 06:00:00,"0,1,2,3,4,6,7,8,9,11,13,14,15"
1677,True,10,32202,80,2025-12-31 17:00:00,"1,3,6,7,8,10,11,12,13,14"
1683,True,16,65535,80,2025-12-31 23:00:00,"0,1,2,3,4,5,6,7,8,9,10,11,12,13,14,15"
0,True,2,6144,81,2025-10-21 00:00:00,"11,12"
59,True,12,31671,81,2025-10-23 11:00:00,"0,1,2,4,5,7,8,9,11,12,13,14"
66,True,6,57400,81,2025-10-23 18:00:00,"3,4,5,13,14,15"
74,True,12,56826,81,2025-10-24 02:00:00,"1,3,4,5,6,7,8,10,11,12,14,15"
78,True,13,31487,81,2025-10-24 06:00:00,"0,1,2,3,4,5,6,7,9,11,12,13,14"
89,True,2,49152,81,2025-10-24 17:00:00,"14,15"
104,True,10,46060,81,2025-10-25 08:00:00,"2,3,5,6,7,8,9,12,13,15"
108,True,1,8192,81,2025-10-25 12:00:00,13
122,True,15,65503,81,2025-10-26 05:00:00,"0,1,2,3,4,6,7,8,9,10,11,12,13,14,15"
131,True,7,45665,81,2025-10-26 14:00:00,"0,5,6,9,12,13,15"
158,True,13,28607,81,2025-10-27 17:00:00,"0,1,2,3,4,5,7,8,9,10,11,13,14"
170,True,12,56175,81,2025-10-28 05:00:00,"0,1,2,3,5,6,8,9,11,12,14,15"
187,True,10,58620,81,2025-10-28 22:00:00,"2,3,4,5,6,7,10,13,14,15"
204,True,16,65535,81,2025-10-29 15:00:00,"0,1,2,3,4,5,6,7,8,9,10,11,12,13,14,15"
258,True,12,30399,81,2025-11-01 04:00:00,"0,1,2,3,4,5,7,9,10,12,13,14"
278,True,10,13308,81,2025-11-02 00:00:00,"2,3,4,5,6,7,8,9,12,13"
287,True,2,18432,81,2025-11-02 09:00:00,"11,14"
310,True,5,21524,81,2025-11-03 08:00:00,"2,4,10,12,14"
336,True,5,19492,81,2025-11-04 10:00:00,"2,5,10,11,14"
338,True,14,56831,81,2025-11-04 12:00:00,"0,1,2,3,4,5,6,7,8,10,11,12,14,15"
347,True,16,65535,81,2025-11-04 21:00:00,"0,1,2,3,4,5,6,7,8,9,10,11,12,13,14,15"
353,True,9,44147,81,2025-11-05 03:00:00,"0,1,4,5,6,10,11,13,15"
361,True,6,13319,81,2025-11-05 11:00:00,"0,1,2,10,12,13"
373,True,12,32603,81,2025-11-05 23:00:00,"0,1,3,4,6,8,9,10,11,12,13,14"
388,True,3,49664,81,2025-11-06 14:00:00,"9,14,15"
406,True,14,61437,81,2025-11-07 11:00:00,"0,2,3,4,5,6,7,8,9,10,11,13,14,15"
410,True,4,1050,81,2025-11-07 15:00:00,"1,3,4,10"
416,True,7,7452,81,2025-11-07 21:00:00,"2,3,4,8,10,11,12"
420,True,12,59247,81,2025-11-08 01:00:00,"0,1,2,3,5,6,8,9,10,13,14,15"
430,True,15,65533,81,2025-11-08 11:00:00,"0,2,3,4,5,6,7,8,9,10,11,12,13,14,15"
449,True,14,49143,81,2025-11-09 06:00:00,"0,1,2,4,5,6,7,8,9,10,11,12,13,15"
457,True,3,524,81,2025-11-09 14:00:00,"2,3,9"
488,True,11,36851,81,2025-11-10 21:00:00,"0,1,4,5,6,7,8,9,10,11,15"
489,True,10,22387,81,2025-11-10 22:00:00,"0,1,4,5,6,8,9,10,12,14"
503,True,4,8241,81,2025-11-11 12:00:00,"0,4,5,13"
508,True,4,5634,81,2025-11-11 17:00:00,"1,9,10,12"
518,True,12,40926,81,2025-11-12 03:00:00,"1,2,3,4,6,7,8,9,10,11,12,15"
521,True,7,43062,81,2025-11-12 06:00:00,"1,2,4,5,11,13,15"
525,True,7,31756,81,2025-11-12 10:00:00,"2,3,10,11,12,13,14"
540,True,12,38879,81,2025-11-13 04:00:00,"0,1,2,3,4,6,7,8,9,10,12,15"
560,True,4,4400,81,2025-11-14 00:00:00,"4,5,8,12"
642,True,4,4122,81,2025-11-17 10:00:00,"1,3,4,12"
661,True,13,32764,81,2025-11-18 05:00:00,"2,3,4,5,6,7,8,9,10,11,12,13,14"
665,True,6,29196,81,2025-11-18 09:00:00,"2,3,9,12,13,14"
741,True,9,47226,81,2025-11-21 16:00:00,"1,3,4,5,6,11,12,13,15"
750,True,16,65535,81,2025-11-22 01:00:00,"0,1,2,3,4,5,6,7,8,9,10,11,12,13,14,15"
790,True,12,46075,81,2025-11-23 17:00:00,"0,1,3,4,5,6,7,8,9,12,13,15"
805,True,3,336,81,2025-11-24 08:00:00,"4,6,8"
815,True,10,36447,81,2025-11-24 18:00:00,"0,1,2,3,4,6,9,10,11,15"
825,True,7,20933,81,2025-11-25 07:00:00,"0,2,6,7,8,12,14"
829,True,2,32769,81,2025-11-25 11:00:00,"0,15"
836,True,6,2710,81,2025-11-25 18:00:00,"1,2,4,7,9,11"
858,True,14,49143,81,2025-11-26 16:00:00,"0,1,2,4,5,6,7,8,9,10,11,12,13,15"
875,True,1,16384,81,2025-11-27 09:00:00,14
880,True,16,65535,81,2025-11-27 14:00:00,"0,1,2,3,4,5,6,7,8,9,10,11,12,13,14,15"
905,True,10,64147,81,2025-11-28 15:00:00,"0,1,4,7,9,11,12,13,14,15"
910,True,9,53971,81,2025-11-28 20:00:00,"0,1,4,6,7,9,12,14,15"
922,True,2,16640,81,2025-11-29 08:00:00,"8,14"
949,True,2,4160,81,2025-11-30 11:00:00,"6,12"
973,True,9,23032,81,2025-12-01 14:00:00,"3,4,5,6,7,8,11,12,14"
975,True,4,18438,81,2025-12-01 16:00:00,"1,2,11,14"
999,True,12,56254,81,2025-12-02 20:00:00,"1,2,3,4,5,7,8,9,11,12,14,15"
1017,True,5,32783,81,2025-12-03 14:00:00,"0,1,2,3,15"
1037,True,6,24654,81,2025-12-04 10:00:00,"1,2,3,6,13,14"
1045,True,15,32767,81,2025-12-04 18:00:00,"0,1,2,3,4,5,6,7,8,9,10,11,12,13,14"
1085,True,10,23439,81,2025-12-06 10:00:00,"0,1,2,3,7,8,9,11,12,14"
1114,True,8,42099,81,2025-12-07 18:00:00,"0,1,4,5,6,10,13,15"
1163,True,12,48118,81,2025-12-09 19:00:00,"1,2,4,5,6,7,8,9,11,12,13,15"
1176,True,3,2051,81,2025-12-10 08:00:00,"0,1,11"
1177,True,9,44770,81,2025-12-10 09:00:00,"1,5,6,7,9,10,11,13,15"
1254,True,1,64,81,2025-12-13 17:00:00,6
1268,True,13,61151,81,2025-12-14 07:00:00,"0,1,2,3,4,6,7,9,10,11,13,14,15"
1287,True,4,33153,81,2025-12-15 02:00:00,"0,7,8,15"
1301,True,5,817,81,2025-12-15 16:00:00,"0,4,5,8,9"
1324,True,13,23551,81,2025-12-16 15:00:00,"0,1,2,3,4,5,6,7,8,9,11,12,14"
1362,True,3,1540,81,2025-12-18 05:00:00,"2,9,10"
1364,True,5,33035,81,2025-12-18 07:00:00,"0,1,3,8,15"
1377,True,2,2112,81,2025-12-18 20:00:00,"6,11"
1412,True,5,7312,81,2025-12-20 10:00:00,"4,7,10,11,12"
1418,True,16,65535,81,2025-12-20 16:00:00,"0,1,2,3,4,5,6,7,8,9,10,11,12,13,14,15"
1510,True,15,65023,81,2025-12-24 12:00:00,"0,1,2,3,4,5,6,7,8,10,11,12,13,14,15"
1512,True,10,38511,81,2025-12-24 14:00:00,"0,1,2,3,5,6,9,10,12,15"
1541,True,3,16514,81,2025-12-25 22:00:00,"1,7,14"
1579,True,15,32767,81,2025-12-27 12:00:00,"0,1,2,3,4,5,6,7,8,9,10,11,12,13,14"
1643,True,6,36432,81,2025-12-30 04:00:00,"4,6,9,10,11,15"
1647,True,16,65535,81,2025-12-30 08:00:00,"0,1,2,3,4,5,6,7,8,9,10,11,12,13,14,15"
1661,True,11,60858,81,2025-12-30 22:00:00,"1,3,4,5,7,8,10,11,13,14,15"
1678,True,14,64447,81,2025-12-31 18:00:00,"0,1,2,3,4,5,7,8,9,11,12,13,14,15"
8,True,6,28840,82,2025-10-21 08:00:00,"3,5,7,12,13,14"
26,True,7,54417,82,2025-10-22 02:00:00,"0,4,7,10,12,14,15"
58,True,4,10246,82,2025-10-23 10:00:00,"1,2,11,13"
75,True,15,65407,82,2025-10-24 03:00:00,"0,1,2,3,4,5,6,8,9,10,11,12,13,14,15"
80,True,5,2214,82,2025-10-24 08:00:00,"1,2,5,7,11"
89,True,11,60387,82,2025-10-24 17:00:00,"0,1,5,6,7,8,9,11,13,14,15"
144,True,10,53741,82,2025-10-27 03:00:00,"0,2,3,5,6,7,8,12,14,15"
145,True,16,65535,82,2025-10-27 04:00:00,"0,1,2,3,4,5,6,7,8,9,10,11,12,13,14,15"
150,True,4,8800,82,2025-10-27 09:00:00,"5,6,9,13"
157,True,9,19702,82,2025-10-27 16:00:00,"1,2,4,5,6,7,10,11,14"
169,True,8,59715,82,2025-10-28 04:00:00,"0,1,6,8,11,13,14,15"
170,True,1,16,82,2025-10-28 05:00:00,4
175,True,14,31743,82,2025-10-28 10:00:00,"0,1,2,3,4,5,6,7,8,9,11,12,13,14"
177,True,10,27259,82,2025-10-28 12:00:00,"0,1,3,4,5,6,9,11,13,14"
190,True,5,57864,82,2025-10-29 01:00:00,"3,9,13,14,15"
214,True,12,62972,82,2025-10-30 01:00:00,"2,3,4,5,6,7,8,10,12,13,14,15"
223,True,8,6089,82,2025-10-30 14:00:00,"0,3,6,7,8,9,10,12"
227,True,2,2049,82,2025-10-30 18:00:00,"0,11"
234,True,11,61382,82,2025-10-31 01:00:00,"1,2,6,7,8,9,10,11,13,14,15"
240,True,10,40309,82,2025-10-31 07:00:00,"0,2,4,5,6,8,10,11,12,15"
259,True,3,16656,82,2025-11-01 05:00:00,"4,8,14"
310,True,8,27283,82,2025-11-03 08:00:00,"0,1,4,7,9,11,13,14"
316,True,4,32824,82,2025-11-03 14:00:00,"3,4,5,15"
330,True,10,36793,82,2025-11-04 04:00:00,"0,3,4,5,7,8,9,10,11,15"
357,True,16,65535,82,2025-11-05 07:00:00,"0,1,2,3,4,5,6,7,8,9,10,11,12,13,14,15"
359,True,12,39919,82,2025-11-05 09:00:00,"0,1,2,3,5,6,7,8,9,11,12,15"
383,True,4,26625,82,2025-11-06 09:00:00,"0,11,13,14"
410,True,6,10291,82,2025-11-07 15:00:00,"0,1,4,5,11,13"
411,True,10,27502,82,2025-11-07 16:00:00,"1,2,3,5,6,8,9,11,13,14"
412,True,2,66,82,2025-11-07 17:00:00,"1,6"
445,True,11,58334,82,2025-11-09 02:00:00,"1,2,3,4,6,7,8,9,13,14,15"
451,True,8,8559,82,2025-11-09 08:00:00,"0,1,2,3,5,6,8,13"
489,True,3,25088,82,2025-11-10 22:00:00,"9,13,14"
527,True,3,18448,82,2025-11-12 12:00:00,"4,11,14"
549,True,6,25110,82,2025-11-13 13:00:00,"1,2,4,9,13,14"
614,True,3,6146,82,2025-11-16 06:00:00,"1,11,12"
640,True,3,518,82,2025-11-17 08:00:00,"1,2,9"
644,True,11,54247,82,2025-11-17 12:00:00,"0,1,2,5,6,7,8,9,12,14,15"
658,True,2,8704,82,2025-11-18 02:00:00,"9,13"
660,True,9,46204,82,2025-11-18 04:00:00,"2,3,4,5,6,10,12,13,15"
691,True,12,62334,82,2025-11-19 14:00:00,"1,2,3,4,5,6,8,9,12,13,14,15"
705,True,3,12289,82,2025-11-20 04:00:00,"0,12,13"
749,True,12,30679,82,2025-11-22 00:00:00,"0,1,2,4,6,7,8,9,10,12,13,14"
766,True,14,65247,82,2025-11-22 17:00:00,"0,1,2,3,4,6,7,9,10,11,12,13,14,15"
767,True,11,43774,82,2025-11-22 18:00:00,"1,2,3,4,5,6,7,9,11,13,15"
826,True,5,41505,82,2025-11-25 08:00:00,"0,5,9,13,15"
827,True,10,31627,82,2025-11-25 09:00:00,"0,1,3,7,8,9,11,12,13,14"
829,True,4,36873,82,2025-11-25 11:00:00,"0,3,12,15"
865,True,7,30757,82,2025-11-26 23:00:00,"0,2,5,11,12,13,14"
872,True,8,9134,82,2025-11-27 06:00:00,"1,2,3,5,7,8,9,13"
876,True,10,55070,82,2025-11-27 10:00:00,"1,2,3,4,8,9,10,12,14,15"
878,True,5,32980,82,2025-11-27 12:00:00,"2,4,6,7,15"
901,True,9,48899,82,2025-11-28 11:00:00,"0,1,8,9,10,11,12,13,15"
903,True,16,65535,82,2025-11-28 13:00:00,"0,1,2,3,4,5,6,7,8,9,10,11,12,13,14,15"
957,True,8,54851,82,2025-11-30 19:00:00,"0,1,6,9,10,12,14,15"
963,True,11,54778,82,2025-12-01 04:00:00,"1,3,4,5,6,7,8,10,12,14,15"
987,True,15,57343,82,2025-12-02 04:00:00,"0,1,2,3,4,5,6,7,8,9,10,11,12,14,15"
1015,True,11,62709,82,2025-12-03 12:00:00,"0,2,4,5,6,7,10,12,13,14,15"
1042,True,13,56815,82,2025-12-04 15:00:00,"0,1,2,3,5,6,7,8,10,11,12,14,15"
1050,True,14,65470,82,2025-12-04 23:00:00,"1,2,3,4,5,7,8,9,10,11,12,13,14,15"
1079,True,14,62975,82,2025-12-06 04:00:00,"0,1,2,3,4,5,6,7,8,10,12,13,14,15"
1086,True,3,388,82,2025-12-06 11:00:00,"2,7,8"
1118,True,3,1120,82,2025-12-07 22:00:00,"5,6,10"
1156,True,2,264,82,2025-12-09 12:00:00,"3,8"
1185,True,7,13366,82,2025-12-10 17:00:00,"1,2,4,5,10,12,13"
1190,True,11,31705,82,2025-12-10 22:00:00,"0,3,4,6,7,8,9,11,12,13,14"
1202,True,15,65471,82,2025-12-11 10:00:00,"0,1,2,3,4,5,7,8,9,10,11,12,13,14,15"
1208,True,4,5137,82,2025-12-11 16:00:00,"0,4,10,12"
1222,True,15,65503,82,2025-12-12 06:00:00,"0,1,2,3,4,6,7,8,9,10,11,12,13,14,15"
1226,True,8,25885,82,2025-12-12 10:00:00,"0,2,3,4,8,10,13,14"
1261,True,16,65535,82,2025-12-14 00:00:00,"0,1,2,3,4,5,6,7,8,9,10,11,12,13,14,15"
1275,True,4,33346,82,2025-12-14 14:00:00,"1,6,9,15"
1276,True,15,65407,82,2025-12-14 15:00:00,"0,1,2,3,4,5,6,8,9,10,11,12,13,14,15"
1316,True,11,27623,82,2025-12-16 07:00:00,"0,1,2,5,6,7,8,9,11,13,14"
1325,True,13,62447,82,2025-12-16 16:00:00,"0,1,2,3,5,6,7,8,9,12,13,14,15"
1356,True,3,32788,82,2025-12-17 23:00:00,"2,4,15"
1368,True,10,15860,82,2025-12-18 11:00:00,"2,4,5,6,7,8,10,11,12,13"
1420,True,10,26477,82,2025-12-20 18:00:00,"0,2,3,5,6,8,9,10,13,14"
1422,True,4,40965,82,2025-12-20 20:00:00,"0,2,13,15"
1425,True,1,16,82,2025-12-20 23:00:00,4
1436,True,10,27549,82,2025-12-21 10:00:00,"0,2,3,4,7,8,9,11,13,14"
1473,True,15,65407,82,2025-12-22 23:00:00,"0,1,2,3,4,5,6,8,9,10,11,12,13,14,15"
1481,True,8,31372,82,2025-12-23 07:00:00,"2,3,7,9,11,12,13,14"
1497,True,11,15805,82,2025-12-23 23:00:00,"0,2,3,4,5,7,8,10,11,12,13"
1503,True,5,22688,82,2025-12-24 05:00:00,"5,7,11,12,14"
1547,True,16,65535,82,2025-12-26 04:00:00,"0,1,2,3,4,5,6,7,8,9,10,11,12,13,14,15"
1551,True,1,64,82,2025-12-26 08:00:00,6
1578,True,2,66,82,2025-12-27 11:00:00,"1,6"
1585,True,10,63659,82,2025-12-27 18:00:00,"0,1,3,5,7,11,12,13,14,15"
1625,True,7,24933,82,2025-12-29 10:00:00,"0,2,5,6,8,13,14"
1633,True,12,48847,82,2025-12-29 18:00:00,"0,1,2,3,6,7,9,10,11,12,13,15"
1649,True,14,65277,82,2025-12-30 10:00:00,"0,2,3,4,5,6,7,9,10,11,12,13,14,15"
1661,True,11,63851,82,2025-12-30 22:00:00,"0,1,3,5,6,8,11,12,13,14,15"
1663,True,12,65333,82,2025-12-31 03:00:00,"0,2,4,5,8,9,10,11,12,13,14,15"
1672,True,2,144,82,2025-12-31 12:00:00,"4,7"
14,True,1,2,83,2025-10-21 14:00:00,1
42,True,16,65535,83,2025-10-22 18:00:00,"0,1,2,3,4,5,6,7,8,9,10,11,12,13,14,15"
70,True,12,32443,83,2025-10-23 22:00:00,"0,1,3,4,5,7,9,10,11,12,13,14"
100,True,7,4828,83,2025-10-25 04:00:00,"2,3,4,6,7,9,12"
112,True,7,35150,83,2025-10-25 16:00:00,"1,2,3,6,8,11,15"
138,True,14,65399,83,2025-10-26 21:00:00,"0,1,2,4,5,6,8,9,10,11,12,13,14,15"
141,True,9,56932,83,2025-10-27 00:00:00,"2,5,6,9,10,11,12,14,15"
168,True,15,65534,83,2025-10-28 03:00:00,"1,2,3,4,5,6,7,8,9,10,11,12,13,14,15"
182,True,15,65531,83,2025-10-28 17:00:00,"0,1,3,4,5,6,7,8,9,10,11,12,13,14,15"
200,True,3,36866,83,2025-10-29 11:00:00,"1,12,15"
211,True,2,5,83,2025-10-29 22:00:00,"0,2"
221,True,15,65407,83,2025-10-30 08:00:00,"0,1,2,3,4,5,6,8,9,10,11,12,13,14,15"
222,True,8,45366,83,2025-10-30 13:00:00,"1,2,4,5,8,12,13,15"
240,True,13,64735,83,2025-10-31 07:00:00,"0,1,2,3,4,6,7,10,11,12,13,14,15"
280,True,13,32223,83,2025-11-02 02:00:00,"0,1,2,3,4,6,7,8,10,11,12,13,14"
285,True,9,61025,83,2025-11-02 07:00:00,"0,5,6,9,10,11,13,14,15"
302,True,13,65259,83,2025-11-03 00:00:00,"0,1,3,5,6,7,9,10,11,12,13,14,15"
323,True,11,24367,83,2025-11-03 21:00:00,"0,1,2,3,5,8,9,10,11,12,14"
353,True,13,65522,83,2025-11-05 03:00:00,"1,4,5,6,7,8,9,10,11,12,13,14,15"
414,True,6,2390,83,2025-11-07 19:00:00,"1,2,4,6,8,11"
430,True,11,24271,83,2025-11-08 11:00:00,"0,1,2,3,6,7,9,10,11,12,14"
453,True,2,8196,83,2025-11-09 10:00:00,"2,13"
468,True,1,4096,83,2025-11-10 01:00:00,12
478,True,15,65534,83,2025-11-10 11:00:00,"1,2,3,4,5,6,7,8,9,10,11,12,13,14,15"
487,True,10,60011,83,2025-11-10 20:00:00,"0,1,3,5,6,9,11,13,14,15"
490,True,15,64511,83,2025-11-10 23:00:00,"0,1,2,3,4,5,6,7,8,9,11,12,13,14,15"
496,True,13,30711,83,2025-11-11 05:00:00,"0,1,2,4,5,6,7,8,9,10,12,13,14"
515,True,13,49055,83,2025-11-12 00:00:00,"0,1,2,3,4,7,8,9,10,11,12,13,15"
525,True,1,2048,83,2025-11-12 10:00:00,11
562,True,3,35840,83,2025-11-14 02:00:00,"10,11,15"
570,True,15,65534,83,2025-11-14 10:00:00,"1,2,3,4,5,6,7,8,9,10,11,12,13,14,15"
591,True,14,65022,83,2025-11-15 07:00:00,"1,2,3,4,5,6,7,8,10,11,12,13,14,15"
602,True,1,2048,83,2025-11-15 18:00:00,11
604,True,16,65535,83,2025-11-15 20:00:00,"0,1,2,3,4,5,6,7,8,9,10,11,12,13,14,15"
635,True,10,64269,83,2025-11-17 03:00:00,"0,2,3,8,9,11,12,13,14,15"
649,True,14,61375,83,2025-11-17 17:00:00,"0,1,2,3,4,5,7,8,9,10,11,13,14,15"
661,True,2,288,83,2025-11-18 05:00:00,"5,8"
669,True,8,13234,83,2025-11-18 13:00:00,"1,4,5,7,8,9,12,13"
722,True,10,10230,83,2025-11-20 21:00:00,"1,2,4,5,6,7,8,9,10,13"
771,True,5,1204,83,2025-11-22 22:00:00,"2,4,5,7,10"
783,True,6,21794,83,2025-11-23 10:00:00,"1,5,8,10,12,14"
803,True,7,29191,83,2025-11-24 06:00:00,"0,1,2,9,12,13,14"
805,True,10,55483,83,2025-11-24 08:00:00,"0,1,3,4,5,7,11,12,14,15"
837,True,12,48703,83,2025-11-25 19:00:00,"0,1,2,3,4,5,9,10,11,12,13,15"
846,True,12,24383,83,2025-11-26 04:00:00,"0,1,2,3,4,5,8,9,10,11,12,14"
874,True,15,65279,83,2025-11-27 08:00:00,"0,1,2,3,4,5,6,7,9,10,11,12,13,14,15"
878,True,8,53783,83,2025-11-27 12:00:00,"0,1,2,4,9,12,14,15"
887,True,3,49,83,2025-11-27 21:00:00,"0,4,5"
920,True,14,65022,83,2025-11-29 06:00:00,"1,2,3,4,5,6,7,8,10,11,12,13,14,15"
926,True,6,5460,83,2025-11-29 12:00:00,"2,4,6,8,10,12"
930,True,13,65367,83,2025-11-29 16:00:00,"0,1,2,4,6,8,9,10,11,12,13,14,15"
935,True,11,40952,83,2025-11-29 21:00:00,"3,4,5,6,7,8,9,10,11,12,15"
937,True,16,65535,83,2025-11-29 23:00:00,"0,1,2,3,4,5,6,7,8,9,10,11,12,13,14,15"
944,True,4,2067,83,2025-11-30 06:00:00,"0,1,4,11"
948,True,8,17319,83,2025-11-30 10:00:00,"0,1,2,5,7,8,9,14"
970,True,1,1,83,2025-12-01 11:00:00,0
985,True,14,49147,83,2025-12-02 02:00:00,"0,1,3,4,5,6,7,8,9,10,11,12,13,15"
1059,True,16,65535,83,2025-12-05 08:00:00,"0,1,2,3,4,5,6,7,8,9,10,11,12,13,14,15"
1083,True,7,12830,83,2025-12-06 08:00:00,"1,2,3,4,9,12,13"
1093,True,8,57558,83,2025-12-06 18:00:00,"1,2,4,6,7,13,14,15"
1136,True,10,60122,83,2025-12-08 16:00:00,"1,3,4,6,7,9,11,13,14,15"
1149,True,10,60826,83,2025-12-09 05:00:00,"1,3,4,7,8,10,11,13,14,15"
1161,True,2,32896,83,2025-12-09 17:00:00,"7,15"
1183,True,3,1027,83,2025-12-10 15:00:00,"0,1,10"
1233,True,8,7247,83,2025-12-12 17:00:00,"0,1,2,3,6,10,11,12"
1238,True,7,45701,83,2025-12-12 22:00:00,"0,2,7,9,12,13,15"
1286,True,13,65243,83,2025-12-15 01:00:00,"0,1,3,4,6,7,9,10,11,12,13,14,15"
1323,True,11,24538,83,2025-12-16 14:00:00,"1,3,4,6,7,8,9,10,11,12,14"
1370,True,11,50685,83,2025-12-18 13:00:00,"0,2,3,4,5,6,7,8,10,14,15"
1434,True,14,65278,83,2025-12-21 08:00:00,"1,2,3,4,5,6,7,9,10,11,12,13,14,15"
1467,True,4,1192,83,2025-12-22 17:00:00,"3,5,7,10"
1479,True,4,33812,83,2025-12-23 05:00:00,"2,4,10,15"
1504,True,10,12231,83,2025-12-24 06:00:00,"0,1,2,6,7,8,9,10,11,13"
1513,True,8,38595,83,2025-12-24 15:00:00,"0,1,6,7,9,10,12,15"
1629,True,11,60363,83,2025-12-29 14:00:00,"0,1,3,6,7,8,9,11,13,14,15"
1662,True,9,63697,83,2025-12-30 23:00:00,"0,4,6,7,11,12,13,14,15"
11,True,13,55167,84,2025-10-21 11:00:00,"0,1,2,3,4,5,6,8,9,10,12,14,15"
15,True,2,8200,84,2025-10-21 15:00:00,"3,13"
24,True,5,33378,84,2025-10-22 00:00:00,"1,5,6,9,15"
29,True,4,2626,84,2025-10-22 05:00:00,"1,6,9,11"
76,True,14,65399,84,2025-10-24 04:00:00,"0,1,2,4,5,6,8,9,10,11,12,13,14,15"
88,True,5,2581,84,2025-10-24 16:00:00,"0,2,4,9,11"
111,True,15,65519,84,2025-10-25 15:00:00,"0,1,2,3,5,6,7,8,9,10,11,12,13,14,15"
150,True,9,26874,84,2025-10-27 09:00:00,"1,3,4,5,6,7,11,13,14"
163,True,14,64509,84,2025-10-27 22:00:00,"0,2,3,4,5,6,7,8,9,11,12,13,14,15"
222,True,9,959,84,2025-10-30 13:00:00,"0,1,2,3,4,5,7,8,9"
320,True,6,13954,84,2025-11-03 18:00:00,"1,7,9,10,12,13"
326,True,15,57343,84,2025-11-04 00:00:00,"0,1,2,3,4,5,6,7,8,9,10,11,12,14,15"
345,True,13,65183,84,2025-11-04 19:00:00,"0,1,2,3,4,7,9,10,11,12,13,14,15"
382,True,14,64503,84,2025-11-06 08:00:00,"0,1,2,4,5,6,7,8,9,11,12,13,14,15"
410,True,11,23933,84,2025-11-07 15:00:00,"0,2,3,4,5,6,8,10,11,12,14"
431,True,8,1439,84,2025-11-08 12:00:00,"0,1,2,3,4,7,8,10"
436,True,5,2657,84,2025-11-08 17:00:00,"0,5,6,9,11"
471,True,11,58814,84,2025-11-10 04:00:00,"1,2,3,4,5,7,8,10,13,14,15"
479,True,4,2656,84,2025-11-10 12:00:00,"5,6,9,11"
488,True,2,1040,84,2025-11-10 21:00:00,"4,10"
496,True,14,31743,84,2025-11-11 05:00:00,"0,1,2,3,4,5,6,7,8,9,11,12,13,14"
497,True,3,8449,84,2025-11-11 06:00:00,"0,8,13"
505,True,12,65012,84,2025-11-11 14:00:00,"2,4,5,6,7,8,10,11,12,13,14,15"
508,True,3,37120,84,2025-11-11 17:00:00,"8,12,15"
524,True,11,52981,84,2025-11-12 09:00:00,"0,2,4,5,6,7,9,10,11,14,15"
535,True,7,13154,84,2025-11-12 20:00:00,"1,5,6,8,9,12,13"
555,True,13,65005,84,2025-11-13 19:00:00,"0,2,3,5,6,7,8,10,11,12,13,14,15"
593,True,4,51216,84,2025-11-15 09:00:00,"4,11,14,15"
662,True,4,4357,84,2025-11-18 06:00:00,"0,2,8,12"
671,True,15,65534,84,2025-11-18 15:00:00,"1,2,3,4,5,6,7,8,9,10,11,12,13,14,15"
710,True,1,4096,84,2025-11-20 09:00:00,12
717,True,4,6156,84,2025-11-20 16:00:00,"2,3,11,12"
758,True,3,2592,84,2025-11-22 09:00:00,"5,9,11"
766,True,12,63959,84,2025-11-22 17:00:00,"0,1,2,4,6,7,8,11,12,13,14,15"
773,True,9,46733,84,2025-11-23 00:00:00,"0,2,3,7,9,10,12,13,15"
777,True,11,55158,84,2025-11-23 04:00:00,"1,2,4,5,6,8,9,10,12,14,15"
783,True,9,55947,84,2025-11-23 10:00:00,"0,1,3,7,9,11,12,14,15"
788,True,5,2187,84,2025-11-23 15:00:00,"0,1,3,7,11"
797,True,12,28143,84,2025-11-24 00:00:00,"0,1,2,3,5,6,7,8,10,11,13,14"
813,True,7,3103,84,2025-11-24 16:00:00,"0,1,2,3,4,10,11"
862,True,10,26847,84,2025-11-26 20:00:00,"0,1,2,3,4,6,7,11,13,14"
890,True,2,4128,84,2025-11-28 00:00:00,"5,12"
952,True,12,48087,84,2025-11-30 14:00:00,"0,1,2,4,6,7,8,9,11,12,13,15"
969,True,5,17960,84,2025-12-01 10:00:00,"3,5,9,10,14"
971,True,16,65535,84,2025-12-01 12:00:00,"0,1,2,3,4,5,6,7,8,9,10,11,12,13,14,15"
982,True,8,14147,84,2025-12-01 23:00:00,"0,1,6,8,9,10,12,13"
997,True,1,1,84,2025-12-02 18:00:00,0
998,True,2,40960,84,2025-12-02 19:00:00,"13,15"
1003,True,6,41101,84,2025-12-03 00:00:00,"0,2,3,7,13,15"
1019,True,7,54321,84,2025-12-03 16:00:00,"0,4,5,10,12,14,15"
1041,True,13,65493,84,2025-12-04 14:00:00,"0,2,4,6,7,8,9,10,11,12,13,14,15"
1055,True,3,4114,84,2025-12-05 04:00:00,"1,4,12"
1066,True,15,65023,84,2025-12-05 15:00:00,"0,1,2,3,4,5,6,7,8,10,11,12,13,14,15"
1078,True,10,40775,84,2025-12-06 03:00:00,"0,1,2,6,8,9,10,11,12,15"
1123,True,12,57182,84,2025-12-08 03:00:00,"1,2,3,4,6,8,9,10,11,12,14,15"
1146,True,9,30483,84,2025-12-09 02:00:00,"0,1,4,8,9,10,12,13,14"
1167,True,1,2,84,2025-12-09 23:00:00,1
1168,True,6,51362,84,2025-12-10 00:00:00,"1,5,7,11,14,15"
1189,True,14,65530,84,2025-12-10 21:00:00,"1,3,4,5,6,7,8,9,10,11,12,13,14,15"
1194,True,9,31092,84,2025-12-11 02:00:00,"2,4,5,6,8,11,12,13,14"
1206,True,10,32465,84,2025-12-11 14:00:00,"0,4,6,7,9,10,11,12,13,14"
1215,True,6,43904,84,2025-12-11 23:00:00,"7,8,9,11,13,15"
1218,True,4,1105,84,2025-12-12 02:00:00,"0,4,6,10"
1223,True,12,65235,84,2025-12-12 07:00:00,"0,1,4,6,7,9,10,11,12,13,14,15"
1238,True,5,11288,84,2025-12-12 22:00:00,"3,4,10,11,13"
1246,True,4,32812,84,2025-12-13 09:00:00,"2,3,5,15"
1248,True,7,37965,84,2025-12-13 11:00:00,"0,2,3,6,10,12,15"
1262,True,14,64495,84,2025-12-14 01:00:00,"0,1,2,3,5,6,7,8,9,11,12,13,14,15"
1267,True,3,17424,84,2025-12-14 06:00:00,"4,10,14"
1270,True,14,32703,84,2025-12-14 09:00:00,"0,1,2,3,4,5,7,8,9,10,11,12,13,14"
1274,True,4,2059,84,2025-12-14 13:00:00,"0,1,3,11"
1324,True,9,47352,84,2025-12-16 15:00:00,"3,4,5,6,7,11,12,13,15"
1344,True,16,65535,84,2025-12-17 11:00:00,"0,1,2,3,4,5,6,7,8,9,10,11,12,13,14,15"
1370,True,9,14275,84,2025-12-18 13:00:00,"0,1,6,7,8,9,10,12,13"
1388,True,7,34919,84,2025-12-19 10:00:00,"0,1,2,5,6,11,15"
1396,True,13,57023,84,2025-12-19 18:00:00,"0,1,2,3,4,5,7,9,10,11,12,14,15"
1402,True,12,52095,84,2025-12-20 00:00:00,"0,1,2,3,4,5,6,8,9,11,14,15"
1403,True,3,24592,84,2025-12-20 01:00:00,"4,13,14"
1407,True,15,61439,84,2025-12-20 05:00:00,"0,1,2,3,4,5,6,7,8,9,10,11,13,14,15"
1409,True,3,388,84,2025-12-20 07:00:00,"2,7,8"
1422,True,4,17665,84,2025-12-20 20:00:00,"0,8,10,14"
1441,True,15,65527,84,2025-12-21 15:00:00,"0,1,2,4,5,6,7,8,9,10,11,12,13,14,15"
1459,True,2,16448,84,2025-12-22 09:00:00,"6,14"
1531,True,8,45986,84,2025-12-25 12:00:00,"1,5,7,8,9,12,13,15"
1547,True,15,65527,84,2025-12-26 04:00:00,"0,1,2,4,5,6,7,8,9,10,11,12,13,14,15"
1568,True,1,2,84,2025-12-27 01:00:00,1
1592,True,9,22653,84,2025-12-28 01:00:00,"0,2,3,4,5,6,11,12,14"
1604,True,3,16520,84,2025-12-28 13:00:00,"3,7,14"
1629,True,10,64684,84,2025-12-29 14:00:00,"2,3,5,7,10,11,12,13,14,15"
1679,True,4,5216,84,2025-12-31 19:00:00,"5,6,10,12"
6,True,10,23451,85,2025-10-21 06:00:00,"0,1,3,4,7,8,9,11,12,14"
12,True,5,22272,85,2025-10-21 12:00:00,"8,9,10,12,14"
14,True,13,40927,85,2025-10-21 14:00:00,"0,1,2,3,4,6,7,8,9,10,11,12,15"
17,True,1,32768,85,2025-10-21 17:00:00,15
25,True,9,56604,85,2025-10-22 01:00:00,"2,3,4,8,10,11,12,14,15"
54,True,6,33422,85,2025-10-23 06:00:00,"1,2,3,7,9,15"
103,True,3,88,85,2025-10-25 07:00:00,"3,4,6"
107,True,9,58586,85,2025-10-25 11:00:00,"1,3,4,6,7,10,13,14,15"
113,True,10,22327,85,2025-10-25 17:00:00,"0,1,2,4,5,8,9,10,12,14"
133,True,1,128,85,2025-10-26 16:00:00,7
142,True,16,65535,85,2025-10-27 01:00:00,"0,1,2,3,4,5,6,7,8,9,10,11,12,13,14,15"
164,True,2,516,85,2025-10-27 23:00:00,"2,9"
181,True,14,64895,85,2025-10-28 16:00:00,"0,1,2,3,4,5,6,8,10,11,12,13,14,15"
211,True,7,55408,85,2025-10-29 22:00:00,"4,5,6,11,12,14,15"
230,True,6,47122,85,2025-10-30 21:00:00,"1,4,11,12,13,15"
241,True,13,65183,85,2025-10-31 08:00:00,"0,1,2,3,4,7,9,10,11,12,13,14,15"
276,True,6,40004,85,2025-11-01 22:00:00,"2,6,10,11,12,15"
289,True,6,374,85,2025-11-02 11:00:00,"1,2,4,5,6,8"
307,True,6,41491,85,2025-11-03 05:00:00,"0,1,4,9,13,15"
339,True,4,1169,85,2025-11-04 13:00:00,"0,4,7,10"
364,True,8,59617,85,2025-11-05 14:00:00,"0,5,6,7,11,13,14,15"
406,True,12,65481,85,2025-11-07 11:00:00,"0,3,6,7,8,9,10,11,12,13,14,15"
582,True,14,24575,85,2025-11-14 22:00:00,"0,1,2,3,4,5,6,7,8,9,10,11,12,14"
586,True,2,2080,85,2025-11-15 02:00:00,"5,11"
597,True,7,2546,85,2025-11-15 13:00:00,"1,4,5,6,7,8,11"
619,True,2,576,85,2025-11-16 11:00:00,"6,9"
625,True,6,663,85,2025-11-16 17:00:00,"0,1,2,4,7,9"
636,True,7,23817,85,2025-11-17 04:00:00,"0,3,8,10,11,12,14"
650,True,9,53535,85,2025-11-17 18:00:00,"0,1,2,3,4,8,12,14,15"
693,True,1,32768,85,2025-11-19 16:00:00,15
707,True,4,16515,85,2025-11-20 06:00:00,"0,1,7,14"
714,True,9,10189,85,2025-11-20 13:00:00,"0,2,3,6,7,8,9,10,13"
725,True,3,12544,85,2025-11-21 00:00:00,"8,12,13"
732,True,14,32765,85,2025-11-21 07:00:00,"0,2,3,4,5,6,7,8,9,10,11,12,13,14"
753,True,3,4161,85,2025-11-22 04:00:00,"0,6,12"
772,True,6,37220,85,2025-11-22 23:00:00,"2,5,6,8,12,15"
850,True,12,16223,85,2025-11-26 08:00:00,"0,1,2,3,4,6,8,9,10,11,12,13"
863,True,9,20394,85,2025-11-26 21:00:00,"1,3,5,7,8,9,10,11,14"
871,True,12,62271,85,2025-11-27 05:00:00,"0,1,2,3,4,5,8,9,12,13,14,15"
879,True,13,63419,85,2025-11-27 13:00:00,"0,1,3,4,5,7,8,9,10,12,13,14,15"
885,True,10,50863,85,2025-11-27 19:00:00,"0,1,2,3,5,7,9,10,14,15"
900,True,9,26353,85,2025-11-28 10:00:00,"0,4,5,6,7,9,10,13,14"
903,True,16,65535,85,2025-11-28 13:00:00,"0,1,2,3,4,5,6,7,8,9,10,11,12,13,14,15"
916,True,3,2058,85,2025-11-29 02:00:00,"1,3,11"
920,True,5,12880,85,2025-11-29 06:00:00,"4,6,9,12,13"
930,True,12,46015,85,2025-11-29 16:00:00,"0,1,2,3,4,5,7,8,9,12,13,15"
940,True,15,65407,85,2025-11-30 02:00:00,"0,1,2,3,4,5,6,8,9,10,11,12,13,14,15"
976,True,3,776,85,2025-12-01 17:00:00,"3,8,9"
1006,True,1,4096,85,2025-12-03 03:00:00,12
1008,True,13,47102,85,2025-12-03 05:00:00,"1,2,3,4,5,6,7,8,9,10,12,13,15"
1028,True,13,31999,85,2025-12-04 01:00:00,"0,1,2,3,4,5,6,7,10,11,12,13,14"
1069,True,3,9472,85,2025-12-05 18:00:00,"8,10,13"
1079,True,5,37160,85,2025-12-06 04:00:00,"3,5,8,12,15"
1150,True,12,48507,85,2025-12-09 06:00:00,"0,1,3,4,5,6,8,10,11,12,13,15"
1165,True,4,11266,85,2025-12-09 21:00:00,"1,10,11,13"
1200,True,2,1025,85,2025-12-11 08:00:00,"0,10"
1205,True,13,64367,85,2025-12-11 13:00:00,"0,1,2,3,5,6,8,9,11,12,13,14,15"
1285,True,2,4112,85,2025-12-15 00:00:00,"4,12"
1314,True,6,23684,85,2025-12-16 05:00:00,"2,7,10,11,12,14"
1329,True,3,2057,85,2025-12-16 20:00:00,"0,3,11"
1344,True,16,65535,85,2025-12-17 11:00:00,"0,1,2,3,4,5,6,7,8,9,10,11,12,13,14,15"
1352,True,5,26636,85,2025-12-17 19:00:00,"2,3,11,13,14"
1361,True,8,56130,85,2025-12-18 04:00:00,"1,6,8,9,11,12,14,15"
1363,True,1,256,85,2025-12-18 06:00:00,8
1392,True,6,34437,85,2025-12-19 14:00:00,"0,2,7,9,10,15"
1398,True,7,24946,85,2025-12-19 20:00:00,"1,4,5,6,8,13,14"
1403,True,14,64495,85,2025-12-20 01:00:00,"0,1,2,3,5,6,7,8,9,11,12,13,14,15"
1426,True,2,32800,85,2025-12-21 00:00:00,"5,15"
1429,True,7,29508,85,2025-12-21 03:00:00,"2,6,8,9,12,13,14"
1441,True,15,65531,85,2025-12-21 15:00:00,"0,1,3,4,5,6,7,8,9,10,11,12,13,14,15"
1452,True,16,65535,85,2025-12-22 02:00:00,"0,1,2,3,4,5,6,7,8,9,10,11,12,13,14,15"
1454,True,3,1544,85,2025-12-22 04:00:00,"3,9,10"
1503,True,12,44535,85,2025-12-24 05:00:00,"0,1,2,4,5,6,7,8,10,11,13,15"
1534,True,12,62391,85,2025-12-25 15:00:00,"0,1,2,4,5,7,8,9,12,13,14,15"
1556,True,3,5121,85,2025-12-26 13:00:00,"0,10,12"
1580,True,8,48273,85,2025-12-27 13:00:00,"0,4,7,10,11,12,13,15"
1584,True,14,65263,85,2025-12-27 17:00:00,"0,1,2,3,5,6,7,9,10,11,12,13,14,15"
1645,True,15,63487,85,2025-12-30 06:00:00,"0,1,2,3,4,5,6,7,8,9,10,12,13,14,15"
1654,True,16,65535,85,2025-12-30 15:00:00,"0,1,2,3,4,5,6,7,8,9,10,11,12,13,14,15"
1668,True,5,33420,85,2025-12-31 08:00:00,"2,3,7,9,15"
14,True,7,29136,86,2025-10-21 14:00:00,"4,6,7,8,12,13,14"
31,True,16,65535,86,2025-10-22 07:00:00,"0,1,2,3,4,5,6,7,8,9,10,11,12,13,14,15"
53,True,15,63487,86,2025-10-23 05:00:00,"0,1,2,3,4,5,6,7,8,9,10,12,13,14,15"
101,True,13,63463,86,2025-10-25 05:00:00,"0,1,2,5,6,7,8,9,10,12,13,14,15"
111,True,16,65535,86,2025-10-25 15:00:00,"0,1,2,3,4,5,6,7,8,9,10,11,12,13,14,15"
174,True,4,2181,86,2025-10-28 09:00:00,"0,2,7,11"
180,True,8,56898,86,2025-10-28 15:00:00,"1,6,9,10,11,12,14,15"
203,True,14,65511,86,2025-10-29 14:00:00,"0,1,2,5,6,7,8,9,10,11,12,13,14,15"
207,True,10,38774,86,2025-10-29 18:00:00,"1,2,4,5,6,8,9,10,12,15"
223,True,7,43681,86,2025-10-30 14:00:00,"0,5,7,9,11,13,15"
243,True,10,61916,86,2025-10-31 10:00:00,"2,3,4,6,7,8,12,13,14,15"
289,True,6,13457,86,2025-11-02 11:00:00,"0,4,7,10,12,13"
341,True,16,65535,86,2025-11-04 15:00:00,"0,1,2,3,4,5,6,7,8,9,10,11,12,13,14,15"
344,True,3,2320,86,2025-11-04 18:00:00,"4,8,11"
347,True,1,64,86,2025-11-04 21:00:00,6
364,True,3,8384,86,2025-11-05 14:00:00,"6,7,13"
374,True,2,18432,86,2025-11-06 00:00:00,"11,14"
404,True,3,1154,86,2025-11-07 09:00:00,"1,7,10"
426,True,10,63830,86,2025-11-08 07:00:00,"1,2,4,6,8,11,12,13,14,15"
486,True,9,47292,86,2025-11-10 19:00:00,"2,3,4,5,7,11,12,13,15"
524,True,13,61415,86,2025-11-12 09:00:00,"0,1,2,5,6,7,8,9,10,11,13,14,15"
546,True,12,60924,86,2025-11-13 10:00:00,"2,3,4,5,6,7,8,10,11,13,14,15"
566,True,8,43746,86,2025-11-14 06:00:00,"1,5,6,7,9,11,13,15"
578,True,11,47022,86,2025-11-14 18:00:00,"1,2,3,5,7,8,9,10,12,13,15"
581,True,11,48870,86,2025-11-14 21:00:00,"1,2,5,6,7,9,10,11,12,13,15"
599,True,1,32768,86,2025-11-15 15:00:00,15
600,True,10,54875,86,2025-11-15 16:00:00,"0,1,3,4,6,9,10,12,14,15"
624,True,7,32831,86,2025-11-16 16:00:00,"0,1,2,3,4,5,15"
644,True,2,8200,86,2025-11-17 12:00:00,"3,13"
657,True,14,65467,86,2025-11-18 01:00:00,"0,1,3,4,5,7,8,9,10,11,12,13,14,15"
661,True,12,31611,86,2025-11-18 05:00:00,"0,1,3,4,5,6,8,9,11,12,13,14"
686,True,8,24162,86,2025-11-19 09:00:00,"1,5,6,9,10,11,12,14"
702,True,5,17042,86,2025-11-20 01:00:00,"1,4,7,9,14"
728,True,5,25348,86,2025-11-21 03:00:00,"2,8,9,13,14"
744,True,5,33542,86,2025-11-21 19:00:00,"1,2,8,9,15"
799,True,4,1076,86,2025-11-24 02:00:00,"2,4,5,10"
832,True,15,65279,86,2025-11-25 14:00:00,"0,1,2,3,4,5,6,7,9,10,11,12,13,14,15"
841,True,11,46014,86,2025-11-25 23:00:00,"1,2,3,4,5,7,8,9,12,13,15"
868,True,5,21064,86,2025-11-27 02:00:00,"3,6,9,12,14"
896,True,13,48637,86,2025-11-28 06:00:00,"0,2,3,4,5,6,7,8,10,11,12,13,15"
912,True,5,10289,86,2025-11-28 22:00:00,"0,4,5,11,13"
968,True,16,65535,86,2025-12-01 09:00:00,"0,1,2,3,4,5,6,7,8,9,10,11,12,13,14,15"
975,True,4,33826,86,2025-12-01 16:00:00,"1,5,10,15"
992,True,8,48401,86,2025-12-02 09:00:00,"0,4,8,10,11,12,13,15"
996,True,14,49150,86,2025-12-02 17:00:00,"1,2,3,4,5,6,7,8,9,10,11,12,13,15"
1010,True,13,63469,86,2025-12-03 07:00:00,"0,2,3,5,6,7,8,9,10,12,13,14,15"
1035,True,3,17412,86,2025-12-04 08:00:00,"2,10,14"
1058,True,6,3724,86,2025-12-05 07:00:00,"2,3,7,9,10,11"
1081,True,8,29270,86,2025-12-06 06:00:00,"1,2,4,6,9,12,13,14"
1086,True,5,51280,86,2025-12-06 11:00:00,"4,6,11,14,15"
1102,True,14,31743,86,2025-12-07 06:00:00,"0,1,2,3,4,5,6,7,8,9,11,12,13,14"
1120,True,12,64467,86,2025-12-08 00:00:00,"0,1,4,6,7,8,9,11,12,13,14,15"
1122,True,10,60590,86,2025-12-08 02:00:00,"1,2,3,5,7,10,11,13,14,15"
1138,True,6,19778,86,2025-12-08 18:00:00,"1,6,8,10,11,14"
1189,True,9,43754,86,2025-12-10 21:00:00,"1,3,5,6,7,9,11,13,15"
1191,True,15,65531,86,2025-12-10 23:00:00,"0,1,3,4,5,6,7,8,9,10,11,12,13,14,15"
1243,True,3,1600,86,2025-12-13 06:00:00,"6,9,10"
1273,True,11,56439,86,2025-12-14 12:00:00,"0,1,2,4,5,6,10,11,12,14,15"
1291,True,8,5463,86,2025-12-15 06:00:00,"0,1,2,4,6,8,10,12"
1322,True,2,16896,86,2025-12-16 13:00:00,"9,14"
1361,True,4,420,86,2025-12-18 04:00:00,"2,5,7,8"
1422,True,8,34605,86,2025-12-20 20:00:00,"0,2,3,5,8,9,10,15"
1430,True,11,58615,86,2025-12-21 04:00:00,"0,1,2,4,5,6,7,10,13,14,15"
1449,True,12,23549,86,2025-12-21 23:00:00,"0,2,3,4,5,6,7,8,9,11,12,14"
1454,True,10,24395,86,2025-12-22 04:00:00,"0,1,3,6,8,9,10,11,12,14"
1456,True,14,32765,86,2025-12-22 06:00:00,"0,2,3,4,5,6,7,8,9,10,11,12,13,14"
1468,True,5,2404,86,2025-12-22 18:00:00,"2,5,6,8,11"
1473,True,11,28367,86,2025-12-22 23:00:00,"0,1,2,3,6,7,9,10,11,13,14"
1498,True,2,136,86,2025-12-24 00:00:00,"3,7"
1548,True,5,4756,86,2025-12-26 05:00:00,"2,4,7,9,12"
1565,True,10,65200,86,2025-12-26 22:00:00,"4,5,7,9,10,11,12,13,14,15"
1571,True,7,54468,86,2025-12-27 04:00:00,"2,6,7,10,12,14,15"
1594,True,1,16384,86,2025-12-28 03:00:00,14
1600,True,3,8336,86,2025-12-28 09:00:00,"4,7,13"
1609,True,10,20454,86,2025-12-28 18:00:00,"1,2,5,6,7,8,9,10,11,14"
1610,True,7,55904,86,2025-12-28 19:00:00,"5,6,9,11,12,14,15"
1649,True,2,16448,86,2025-12-30 10:00:00,"6,14"
1654,True,12,63474,86,2025-12-30 15:00:00,"1,4,5,6,7,8,9,10,12,13,14,15"
1662,True,5,12326,86,2025-12-30 23:00:00,"1,2,5,12,13"
1668,True,5,339,86,2025-12-31 08:00:00,"0,1,4,6,8"
0,True,14,65501,87,2025-10-21 00:00:00,"0,2,3,4,6,7,8,9,10,11,12,13,14,15"
16,True,12,60382,87,2025-10-21 16:00:00,"1,2,3,4,6,7,8,9,11,13,14,15"
22,True,4,33795,87,2025-10-21 22:00:00,"0,1,10,15"
47,True,6,61956,87,2025-10-22 23:00:00,"2,9,12,13,14,15"
85,True,13,32635,87,2025-10-24 13:00:00,"0,1,3,4,5,6,8,9,10,11,12,13,14"
89,True,12,60347,87,2025-10-24 17:00:00,"0,1,3,4,5,7,8,9,11,13,14,15"
101,True,11,16231,87,2025-10-25 05:00:00,"0,1,2,5,6,8,9,10,11,12,13"
130,True,7,12573,87,2025-10-26 13:00:00,"0,2,3,4,8,12,13"
157,True,8,52099,87,2025-10-27 16:00:00,"0,1,7,8,9,11,14,15"
179,True,7,22948,87,2025-10-28 14:00:00,"2,5,7,8,11,12,14"
187,True,14,57339,87,2025-10-28 22:00:00,"0,1,3,4,5,6,7,8,9,10,11,12,14,15"
191,True,2,640,87,2025-10-29 02:00:00,"7,9"
197,True,3,2568,87,2025-10-29 08:00:00,"3,9,11"
204,True,10,55599,87,2025-10-29 15:00:00,"0,1,2,3,5,8,11,12,14,15"
217,True,10,39103,87,2025-10-30 04:00:00,"0,1,2,3,4,5,7,11,12,15"
225,True,15,32767,87,2025-10-30 16:00:00,"0,1,2,3,4,5,6,7,8,9,10,11,12,13,14"
237,True,8,11379,87,2025-10-31 04:00:00,"0,1,4,5,6,10,11,13"
240,True,15,65503,87,2025-10-31 07:00:00,"0,1,2,3,4,6,7,8,9,10,11,12,13,14,15"
244,True,10,14187,87,2025-10-31 11:00:00,"0,1,3,5,6,8,9,10,12,13"
245,True,8,39370,87,2025-10-31 12:00:00,"1,3,6,7,8,11,12,15"
282,True,4,13824,87,2025-11-02 04:00:00,"9,10,12,13"
299,True,3,35,87,2025-11-02 21:00:00,"0,1,5"
301,True,6,3905,87,2025-11-02 23:00:00,"0,6,8,9,10,11"
309,True,16,65535,87,2025-11-03 07:00:00,"0,1,2,3,4,5,6,7,8,9,10,11,12,13,14,15"
353,True,10,32299,87,2025-11-05 03:00:00,"0,1,3,5,9,10,11,12,13,14"
371,True,1,128,87,2025-11-05 21:00:00,7
379,True,11,42997,87,2025-11-06 05:00:00,"0,2,4,5,6,7,8,9,10,13,15"
392,True,15,65519,87,2025-11-06 18:00:00,"0,1,2,3,5,6,7,8,9,10,11,12,13,14,15"
403,True,15,65023,87,2025-11-07 08:00:00,"0,1,2,3,4,5,6,7,8,10,11,12,13,14,15"
424,True,13,32495,87,2025-11-08 05:00:00,"0,1,2,3,5,6,7,9,10,11,12,13,14"
425,True,13,32749,87,2025-11-08 06:00:00,"0,2,3,5,6,7,8,9,10,11,12,13,14"
430,True,2,20480,87,2025-11-08 11:00:00,"12,14"
483,True,6,4875,87,2025-11-10 16:00:00,"0,1,3,8,9,12"
494,True,4,37380,87,2025-11-11 03:00:00,"2,9,12,15"
497,True,15,65519,87,2025-11-11 06:00:00,"0,1,2,3,5,6,7,8,9,10,11,12,13,14,15"
503,True,11,52923,87,2025-11-11 12:00:00,"0,1,3,4,5,7,9,10,11,14,15"
508,True,5,33584,87,2025-11-11 17:00:00,"4,5,8,9,15"
534,True,5,10640,87,2025-11-12 19:00:00,"4,7,8,11,13"
575,True,11,56670,87,2025-11-14 15:00:00,"1,2,3,4,6,8,10,11,12,14,15"
599,True,9,28610,87,2025-11-15 15:00:00,"1,6,7,8,9,10,11,13,14"
633,True,5,8455,87,2025-11-17 01:00:00,"0,1,2,8,13"
651,True,9,4013,87,2025-11-17 19:00:00,"0,2,3,5,7,8,9,10,11"
695,True,5,38936,87,2025-11-19 18:00:00,"3,4,11,12,15"
699,True,13,64893,87,2025-11-19 22:00:00,"0,2,3,4,5,6,8,10,11,12,13,14,15"
712,True,15,65531,87,2025-11-20 11:00:00,"0,1,3,4,5,6,7,8,9,10,11,12,13,14,15"
717,True,4,16769,87,2025-11-20 16:00:00,"0,7,8,14"
721,True,9,35535,87,2025-11-20 20:00:00,"0,1,2,3,6,7,9,11,15"
734,True,3,33800,87,2025-11-21 09:00:00,"3,10,15"
739,True,2,16512,87,2025-11-21 14:00:00,"7,14"
745,True,3,268,87,2025-11-21 20:00:00,"2,3,8"
754,True,2,4097,87,2025-11-22 05:00:00,"0,12"
765,True,2,2560,87,2025-11-22 16:00:00,"9,11"
767,True,5,4153,87,2025-11-22 18:00:00,"0,3,4,5,12"
789,True,14,65529,87,2025-11-23 16:00:00,"0,3,4,5,6,7,8,9,10,11,12,13,14,15"
827,True,14,65015,87,2025-11-25 09:00:00,"0,1,2,4,5,6,7,8,10,11,12,13,14,15"
887,True,14,65502,87,2025-11-27 21:00:00,"1,2,3,4,6,7,8,9,10,11,12,13,14,15"
895,True,8,21173,87,2025-11-28 05:00:00,"0,2,4,5,7,9,12,14"
900,True,13,48887,87,2025-11-28 10:00:00,"0,1,2,4,5,6,7,9,10,11,12,13,15"
917,True,12,64986,87,2025-11-29 03:00:00,"1,3,4,6,7,8,10,11,12,13,14,15"
993,True,5,33841,87,2025-12-02 10:00:00,"0,4,5,10,15"
1010,True,16,65535,87,2025-12-03 07:00:00,"0,1,2,3,4,5,6,7,8,9,10,11,12,13,14,15"
1014,True,14,57341,87,2025-12-03 11:00:00,"0,2,3,4,5,6,7,8,9,10,11,12,14,15"
1018,True,7,4582,87,2025-12-03 15:00:00,"1,2,5,6,7,8,12"
1060,True,3,26624,87,2025-12-05 09:00:00,"11,13,14"
1077,True,5,6662,87,2025-12-06 02:00:00,"1,2,9,11,12"
1079,True,2,48,87,2025-12-06 04:00:00,"4,5"
1100,True,9,15061,87,2025-12-07 04:00:00,"0,2,4,6,7,9,11,12,13"
1119,True,2,32769,87,2025-12-07 23:00:00,"0,15"
1148,True,1,16384,87,2025-12-09 04:00:00,14
1219,True,1,128,87,2025-12-12 03:00:00,7
1223,True,16,65535,87,2025-12-12 07:00:00,"0,1,2,3,4,5,6,7,8,9,10,11,12,13,14,15"
1283,True,15,65471,87,2025-12-14 22:00:00,"0,1,2,3,4,5,7,8,9,10,11,12,13,14,15"
1300,True,5,6920,87,2025-12-15 15:00:00,"3,8,9,11,12"
1311,True,3,2208,87,2025-12-16 02:00:00,"5,7,11"
1327,True,1,4,87,2025-12-16 18:00:00,2
1342,True,13,46079,87,2025-12-17 09:00:00,"0,1,2,3,4,5,6,7,8,9,12,13,15"
1360,True,7,14499,87,2025-12-18 03:00:00,"0,1,5,7,11,12,13"
1376,True,5,4546,87,2025-12-18 19:00:00,"1,6,7,8,12"
1399,True,14,64479,87,2025-12-19 21:00:00,"0,1,2,3,4,6,7,8,9,11,12,13,14,15"
1407,True,9,56800,87,2025-12-20 05:00:00,"5,6,7,8,10,11,12,14,15"
1418,True,12,65443,87,2025-12-20 16:00:00,"0,1,5,7,8,9,10,11,12,13,14,15"
1428,True,10,11758,87,2025-12-21 02:00:00,"1,2,3,5,6,7,8,10,11,13"
1429,True,9,36214,87,2025-12-21 03:00:00,"1,2,4,5,6,8,10,11,15"
1443,True,16,65535,87,2025-12-21 17:00:00,"0,1,2,3,4,5,6,7,8,9,10,11,12,13,14,15"
1450,True,1,16,87,2025-12-22 00:00:00,4
1467,True,13,44031,87,2025-12-22 17:00:00,"0,1,2,3,4,5,6,7,8,9,11,13,15"
1479,True,15,65503,87,2025-12-23 05:00:00,"0,1,2,3,4,6,7,8,9,10,11,12,13,14,15"
1482,True,13,64506,87,2025-12-23 08:00:00,"1,3,4,5,6,7,8,9,11,12,13,14,15"
1506,True,8,54378,87,2025-12-24 08:00:00,"1,3,5,6,10,12,14,15"
1557,True,4,28800,87,2025-12-26 14:00:00,"7,12,13,14"
1576,True,2,16640,87,2025-12-27 09:00:00,"8,14"
1614,True,5,33799,87,2025-12-28 23:00:00,"0,1,2,10,15"
1648,True,16,65535,87,2025-12-30 09:00:00,"0,1,2,3,4,5,6,7,8,9,10,11,12,13,14,15"
1668,True,8,50994,87,2025-12-31 08:00:00,"1,4,5,8,9,10,14,15"
1682,True,7,44101,87,2025-12-31 22:00:00,"0,2,6,10,11,13,15"
21,True,9,59919,88,2025-10-21 21:00:00,"0,1,2,3,9,11,13,14,15"
42,True,16,65535,88,2025-10-22 18:00:00,"0,1,2,3,4,5,6,7,8,9,10,11,12,13,14,15"
49,True,5,665,88,2025-10-23 01:00:00,"0,3,4,7,9"
52,True,14,49087,88,2025-10-23 04:00:00,"0,1,2,3,4,5,7,8,9,10,11,12,13,15"
101,True,16,65535,88,2025-10-25 05:00:00,"0,1,2,3,4,5,6,7,8,9,10,11,12,13,14,15"
107,True,14,65015,88,2025-10-25 11:00:00,"0,1,2,4,5,6,7,8,10,11,12,13,14,15"
117,True,5,4504,88,2025-10-25 21:00:00,"3,4,7,8,12"
119,True,10,42811,88,2025-10-25 23:00:00,"0,1,3,4,5,8,9,10,13,15"
143,True,11,49094,88,2025-10-27 02:00:00,"1,2,6,7,8,9,10,11,12,13,15"
167,True,7,3816,88,2025-10-28 02:00:00,"3,5,6,7,9,10,11"
172,True,16,65535,88,2025-10-28 07:00:00,"0,1,2,3,4,5,6,7,8,9,10,11,12,13,14,15"
179,True,8,15118,88,2025-10-28 14:00:00,"1,2,3,8,9,11,12,13"
217,True,11,65504,88,2025-10-30 04:00:00,"5,6,7,8,9,10,11,12,13,14,15"
230,True,12,59261,88,2025-10-30 21:00:00,"0,2,3,4,5,6,8,9,10,13,14,15"
238,True,6,3748,88,2025-10-31 05:00:00,"2,5,7,9,10,11"
277,True,1,8192,88,2025-11-01 23:00:00,13
279,True,8,22046,88,2025-11-02 01:00:00,"1,2,3,4,9,10,12,14"
282,True,8,9699,88,2025-11-02 04:00:00,"0,1,5,6,7,8,10,13"
352,True,16,65535,88,2025-11-05 02:00:00,"0,1,2,3,4,5,6,7,8,9,10,11,12,13,14,15"
366,True,3,6272,88,2025-11-05 16:00:00,"7,11,12"
388,True,14,57327,88,2025-11-06 14:00:00,"0,1,2,3,5,6,7,8,9,10,11,12,14,15"
424,True,16,65535,88,2025-11-08 05:00:00,"0,1,2,3,4,5,6,7,8,9,10,11,12,13,14,15"
454,True,11,42875,88,2025-11-09 11:00:00,"0,1,3,4,5,6,8,9,10,13,15"
509,True,5,11396,88,2025-11-11 18:00:00,"2,7,10,11,13"
584,True,5,28689,88,2025-11-15 00:00:00,"0,4,12,13,14"
601,True,11,59366,88,2025-11-15 17:00:00,"1,2,5,6,7,8,9,10,13,14,15"
652,True,8,19692,88,2025-11-17 20:00:00,"2,3,5,6,7,10,11,14"
660,True,13,65239,88,2025-11-18 04:00:00,"0,1,2,4,6,7,9,10,11,12,13,14,15"
695,True,9,62035,88,2025-11-19 18:00:00,"0,1,4,6,9,12,13,14,15"
699,True,11,56507,88,2025-11-19 22:00:00,"0,1,3,4,5,7,10,11,12,14,15"
702,True,7,18637,88,2025-11-20 01:00:00,"0,2,3,6,7,11,14"
706,True,12,16371,88,2025-11-20 05:00:00,"0,1,4,5,6,7,8,9,10,11,12,13"
768,True,5,28808,88,2025-11-22 19:00:00,"3,7,12,13,14"
777,True,11,64370,88,2025-11-23 04:00:00,"1,4,5,6,8,9,11,12,13,14,15"
781,True,12,47037,88,2025-11-23 08:00:00,"0,2,3,4,5,7,8,9,10,12,13,15"
828,True,16,65535,88,2025-11-25 10:00:00,"0,1,2,3,4,5,6,7,8,9,10,11,12,13,14,15"
834,True,8,54752,88,2025-11-25 16:00:00,"5,6,7,8,10,12,14,15"
851,True,4,32805,88,2025-11-26 09:00:00,"0,2,5,15"
857,True,3,16641,88,2025-11-26 15:00:00,"0,8,14"
860,True,6,52416,88,2025-11-26 18:00:00,"6,7,10,11,14,15"
867,True,8,45745,88,2025-11-27 01:00:00,"0,4,5,7,9,12,13,15"
913,True,6,11800,88,2025-11-28 23:00:00,"3,4,9,10,11,13"
925,True,3,4864,88,2025-11-29 11:00:00,"8,9,12"
938,True,4,480,88,2025-11-30 00:00:00,"5,6,7,8"
946,True,16,65535,88,2025-11-30 08:00:00,"0,1,2,3,4,5,6,7,8,9,10,11,12,13,14,15"
961,True,5,4760,88,2025-11-30 23:00:00,"3,4,7,9,12"
963,True,2,16386,88,2025-12-01 04:00:00,"1,14"
1012,True,15,65471,88,2025-12-03 09:00:00,"0,1,2,3,4,5,7,8,9,10,11,12,13,14,15"
1016,True,16,65535,88,2025-12-03 13:00:00,"0,1,2,3,4,5,6,7,8,9,10,11,12,13,14,15"
1032,True,15,61439,88,2025-12-04 05:00:00,"0,1,2,3,4,5,6,7,8,9,10,11,13,14,15"
1040,True,3,36880,88,2025-12-04 13:00:00,"4,12,15"
1043,True,2,96,88,2025-12-04 16:00:00,"5,6"
1045,True,8,59729,88,2025-12-04 18:00:00,"0,4,6,8,11,13,14,15"
1051,True,7,21208,88,2025-12-05 00:00:00,"3,4,6,7,9,12,14"
1052,True,11,24375,88,2025-12-05 01:00:00,"0,1,2,4,5,8,9,10,11,12,14"
1054,True,2,130,88,2025-12-05 03:00:00,"1,7"
1103,True,8,30320,88,2025-12-07 07:00:00,"4,5,6,9,10,12,13,14"
1112,True,9,11994,88,2025-12-07 16:00:00,"1,3,4,6,7,9,10,11,13"
1126,True,6,25416,88,2025-12-08 06:00:00,"3,6,8,9,13,14"
1153,True,10,45820,88,2025-12-09 09:00:00,"2,3,4,5,6,7,9,12,13,15"
1169,True,7,16869,88,2025-12-10 01:00:00,"0,2,5,6,7,8,14"
1199,True,15,32767,88,2025-12-11 07:00:00,"0,1,2,3,4,5,6,7,8,9,10,11,12,13,14"
1214,True,8,23460,88,2025-12-11 22:00:00,"2,5,7,8,9,11,12,14"
1241,True,8,16257,88,2025-12-13 04:00:00,"0,7,8,9,10,11,12,13"
1258,True,3,266,88,2025-12-13 21:00:00,"1,3,8"
1271,True,9,30115,88,2025-12-14 10:00:00,"0,1,5,7,8,10,12,13,14"
1280,True,7,50882,88,2025-12-14 19:00:00,"1,6,7,9,10,14,15"
1281,True,13,55287,88,2025-12-14 20:00:00,"0,1,2,4,5,6,7,8,9,10,12,14,15"
1306,True,4,6210,88,2025-12-15 21:00:00,"1,6,11,12"
1314,True,8,35613,88,2025-12-16 05:00:00,"0,2,3,4,8,9,11,15"
1328,True,5,36902,88,2025-12-16 19:00:00,"1,2,5,12,15"
1346,True,8,53880,88,2025-12-17 13:00:00,"3,4,5,6,9,12,14,15"
1355,True,16,65535,88,2025-12-17 22:00:00,"0,1,2,3,4,5,6,7,8,9,10,11,12,13,14,15"
1370,True,7,12350,88,2025-12-18 13:00:00,"1,2,3,4,5,12,13"
1371,True,6,26242,88,2025-12-18 14:00:00,"1,7,9,10,13,14"
1374,True,16,65535,88,2025-12-18 17:00:00,"0,1,2,3,4,5,6,7,8,9,10,11,12,13,14,15"
1383,True,12,48447,88,2025-12-19 05:00:00,"0,1,2,3,4,5,8,10,11,12,13,15"
1394,True,4,1348,88,2025-12-19 16:00:00,"2,6,8,10"
1419,True,1,1024,88,2025-12-20 17:00:00,10
1454,True,5,35585,88,2025-12-22 04:00:00,"0,8,9,11,15"
1466,True,1,256,88,2025-12-22 16:00:00,8
1475,True,15,65533,88,2025-12-23 01:00:00,"0,2,3,4,5,6,7,8,9,10,11,12,13,14,15"
1493,True,14,63486,88,2025-12-23 19:00:00,"1,2,3,4,5,6,7,8,9,10,12,13,14,15"
1496,True,11,47579,88,2025-12-23 22:00:00,"0,1,3,4,6,7,8,11,12,13,15"
1509,True,13,65243,88,2025-12-24 11:00:00,"0,1,3,4,6,7,9,10,11,12,13,14,15"
1532,True,15,65519,88,2025-12-25 13:00:00,"0,1,2,3,5,6,7,8,9,10,11,12,13,14,15"
1561,True,4,32852,88,2025-12-26 18:00:00,"2,4,6,15"
1605,True,16,65535,88,2025-12-28 14:00:00,"0,1,2,3,4,5,6,7,8,9,10,11,12,13,14,15"
1606,True,15,65407,88,2025-12-28 15:00:00,"0,1,2,3,4,5,6,8,9,10,11,12,13,14,15"
1627,True,12,34815,88,2025-12-29 12:00:00,"0,1,2,3,4,5,6,7,8,9,10,15"
1649,True,10,52343,88,2025-12-30 10:00:00,"0,1,2,4,5,6,10,11,14,15"
1661,True,1,4096,88,2025-12-30 22:00:00,12
21,True,10,48963,89,2025-10-21 21:00:00,"0,1,6,8,9,10,11,12,13,15"
26,True,7,5907,89,2025-10-22 02:00:00,"0,1,4,8,9,10,12"
31,True,5,53888,89,2025-10-22 07:00:00,"7,9,12,14,15"
38,True,6,33606,89,2025-10-22 14:00:00,"1,2,6,8,9,15"
88,True,6,49436,89,2025-10-24 16:00:00,"2,3,4,8,14,15"
153,True,13,56311,89,2025-10-27 12:00:00,"0,1,2,4,5,6,7,8,9,11,12,14,15"
156,True,7,11798,89,2025-10-27 15:00:00,"1,2,4,9,10,11,13"
176,True,12,24510,89,2025-10-28 11:00:00,"1,2,3,4,5,7,8,9,10,11,12,14"
182,True,4,113,89,2025-10-28 17:00:00,"0,4,5,6"
208,True,12,30583,89,2025-10-29 19:00:00,"0,1,2,4,5,6,8,9,10,12,13,14"
228,True,15,65471,89,2025-10-30 19:00:00,"0,1,2,3,4,5,7,8,9,10,11,12,13,14,15"
236,True,4,8484,89,2025-10-31 03:00:00,"2,5,8,13"
238,True,15,65023,89,2025-10-31 05:00:00,"0,1,2,3,4,5,6,7,8,10,11,12,13,14,15"
251,True,7,43334,89,2025-10-31 18:00:00,"1,2,6,8,11,13,15"
285,True,2,5120,89,2025-11-02 07:00:00,"10,12"
331,True,11,28153,89,2025-11-04 05:00:00,"0,3,4,5,6,7,8,10,11,13,14"
334,True,1,512,89,2025-11-04 08:00:00,9
343,True,15,65527,89,2025-11-04 17:00:00,"0,1,2,4,5,6,7,8,9,10,11,12,13,14,15"
359,True,8,3191,89,2025-11-05 09:00:00,"0,1,2,4,5,6,10,11"
377,True,3,8226,89,2025-11-06 03:00:00,"1,5,13"
379,True,10,28365,89,2025-11-06 05:00:00,"0,2,3,6,7,9,10,11,13,14"
391,True,10,56619,89,2025-11-06 17:00:00,"0,1,3,5,8,10,11,12,14,15"
417,True,8,34713,89,2025-11-07 22:00:00,"0,3,4,7,8,9,10,15"
501,True,2,544,89,2025-11-11 10:00:00,"5,9"
506,True,2,1152,89,2025-11-11 15:00:00,"7,10"
517,True,3,14,89,2025-11-12 02:00:00,"1,2,3"
527,True,15,65407,89,2025-11-12 12:00:00,"0,1,2,3,4,5,6,8,9,10,11,12,13,14,15"
533,True,3,36992,89,2025-11-12 18:00:00,"7,12,15"
590,True,5,812,89,2025-11-15 06:00:00,"2,3,5,8,9"
607,True,15,63487,89,2025-11-15 23:00:00,"0,1,2,3,4,5,6,7,8,9,10,12,13,14,15"
633,True,2,3,89,2025-11-17 01:00:00,"0,1"
647,True,10,23926,89,2025-11-17 15:00:00,"1,2,4,5,6,8,10,11,12,14"
651,True,16,65535,89,2025-11-17 19:00:00,"0,1,2,3,4,5,6,7,8,9,10,11,12,13,14,15"
696,True,6,8867,89,2025-11-19 19:00:00,"0,1,5,7,9,13"
700,True,15,57343,89,2025-11-19 23:00:00,"0,1,2,3,4,5,6,7,8,9,10,11,12,14,15"
702,True,6,3905,89,2025-11-20 01:00:00,"0,6,8,9,10,11"
720,True,15,61439,89,2025-11-20 19:00:00,"0,1,2,3,4,5,6,7,8,9,10,11,13,14,15"
753,True,2,9,89,2025-11-22 04:00:00,"0,3"
760,True,8,27798,89,2025-11-22 11:00:00,"1,2,4,7,10,11,13,14"
780,True,13,57275,89,2025-11-23 07:00:00,"0,1,3,4,5,7,8,9,10,11,12,14,15"
786,True,2,32772,89,2025-11-23 13:00:00,"2,15"
811,True,4,37136,89,2025-11-24 14:00:00,"4,8,12,15"
814,True,9,53628,89,2025-11-24 17:00:00,"2,3,4,5,6,8,12,14,15"
838,True,10,52335,89,2025-11-25 20:00:00,"0,1,2,3,5,6,10,11,14,15"
851,True,3,1042,89,2025-11-26 09:00:00,"1,4,10"
855,True,10,57843,89,2025-11-26 13:00:00,"0,1,4,5,6,7,8,13,14,15"
862,True,5,2126,89,2025-11-26 20:00:00,"1,2,3,6,11"
866,True,5,33923,89,2025-11-27 00:00:00,"0,1,7,10,15"
898,True,4,17088,89,2025-11-28 08:00:00,"6,7,9,14"
970,True,6,35889,89,2025-12-01 11:00:00,"0,4,5,10,11,15"
989,True,5,3142,89,2025-12-02 06:00:00,"1,2,6,10,11"
1019,True,3,2051,89,2025-12-03 16:00:00,"0,1,11"
1023,True,1,4,89,2025-12-03 20:00:00,2
1044,True,11,32248,89,2025-12-04 17:00:00,"3,4,5,6,7,8,10,11,12,13,14"
1052,True,9,58702,89,2025-12-05 01:00:00,"1,2,3,6,8,10,13,14,15"
1063,True,4,8460,89,2025-12-05 12:00:00,"2,3,8,13"
1067,True,5,8965,89,2025-12-05 16:00:00,"0,2,8,9,13"
1082,True,10,64149,89,2025-12-06 07:00:00,"0,2,4,7,9,11,12,13,14,15"
1084,True,12,57301,89,2025-12-06 09:00:00,"0,2,4,6,7,8,9,10,11,12,14,15"
1111,True,5,53508,89,2025-12-07 15:00:00,"2,8,12,14,15"
1126,True,7,52500,89,2025-12-08 06:00:00,"2,4,8,10,11,14,15"
1172,True,4,8800,89,2025-12-10 04:00:00,"5,6,9,13"
1242,True,16,65535,89,2025-12-13 05:00:00,"0,1,2,3,4,5,6,7,8,9,10,11,12,13,14,15"
1257,True,15,65471,89,2025-12-13 20:00:00,"0,1,2,3,4,5,7,8,9,10,11,12,13,14,15"
1318,True,10,29622,89,2025-12-16 09:00:00,"1,2,4,5,7,8,9,12,13,14"
1325,True,8,45897,89,2025-12-16 16:00:00,"0,3,6,8,9,12,13,15"
1326,True,11,28319,89,2025-12-16 17:00:00,"0,1,2,3,4,7,9,10,11,13,14"
1339,True,16,65535,89,2025-12-17 06:00:00,"0,1,2,3,4,5,6,7,8,9,10,11,12,13,14,15"
1343,True,11,42463,89,2025-12-17 10:00:00,"0,1,2,3,4,6,7,8,10,13,15"
1345,True,13,49071,89,2025-12-17 12:00:00,"0,1,2,3,5,7,8,9,10,11,12,13,15"
1357,True,15,32767,89,2025-12-18 00:00:00,"0,1,2,3,4,5,6,7,8,9,10,11,12,13,14"
1367,True,9,13199,89,2025-12-18 10:00:00,"0,1,2,3,7,8,9,12,13"
1384,True,6,17252,89,2025-12-19 06:00:00,"2,5,6,8,9,14"
1412,True,12,65319,89,2025-12-20 10:00:00,"0,1,2,5,8,9,10,11,12,13,14,15"
1435,True,10,42671,89,2025-12-21 09:00:00,"0,1,2,3,5,7,9,10,13,15"
1439,True,4,4928,89,2025-12-21 13:00:00,"6,8,9,12"
1468,True,12,31677,89,2025-12-22 18:00:00,"0,2,3,4,5,7,8,9,11,12,13,14"
1486,True,8,1343,89,2025-12-23 12:00:00,"0,1,2,3,4,5,8,10"
1490,True,8,15192,89,2025-12-23 16:00:00,"3,4,6,8,9,11,12,13"
1493,True,12,56639,89,2025-12-23 19:00:00,"0,1,2,3,4,5,8,10,11,12,14,15"
1531,True,4,41152,89,2025-12-25 12:00:00,"6,7,13,15"
1578,True,14,59391,89,2025-12-27 11:00:00,"0,1,2,3,4,5,6,7,8,9,10,13,14,15"
1580,True,13,65231,89,2025-12-27 13:00:00,"0,1,2,3,6,7,9,10,11,12,13,14,15"
1584,True,10,22847,89,2025-12-27 17:00:00,"0,1,2,3,4,5,8,11,12,14"
1597,True,6,25928,89,2025-12-28 06:00:00,"3,6,8,10,13,14"
27,True,3,3200,90,2025-10-22 03:00:00,"7,10,11"
55,True,12,49099,90,2025-10-23 07:00:00,"0,1,3,6,7,8,9,10,11,12,13,15"
58,True,9,50351,90,2025-10-23 10:00:00,"0,1,2,3,5,7,10,14,15"
61,True,12,63933,90,2025-10-23 13:00:00,"0,2,3,4,5,7,8,11,12,13,14,15"
76,True,13,57307,90,2025-10-24 04:00:00,"0,1,3,4,6,7,8,9,10,11,12,14,15"
108,True,16,65535,90,2025-10-25 12:00:00,"0,1,2,3,4,5,6,7,8,9,10,11,12,13,14,15"
120,True,13,61371,90,2025-10-26 03:00:00,"0,1,3,4,5,7,8,9,10,11,13,14,15"
161,True,5,24618,90,2025-10-27 20:00:00,"1,3,5,13,14"
168,True,9,50014,90,2025-10-28 03:00:00,"1,2,3,4,6,8,9,14,15"
187,True,11,65077,90,2025-10-28 22:00:00,"0,2,4,5,9,10,11,12,13,14,15"
224,True,8,31001,90,2025-10-30 15:00:00,"0,3,4,8,11,12,13,14"
226,True,10,64105,90,2025-10-30 17:00:00,"0,3,5,6,9,11,12,13,14,15"
260,True,2,2064,90,2025-11-01 06:00:00,"4,11"
275,True,3,1030,90,2025-11-01 21:00:00,"1,2,10"
301,True,6,2277,90,2025-11-02 23:00:00,"0,2,5,6,7,11"
303,True,12,51167,90,2025-11-03 01:00:00,"0,1,2,3,4,6,7,8,9,10,14,15"
354,True,10,65440,90,2025-11-05 04:00:00,"5,7,8,9,10,11,12,13,14,15"
377,True,9,21978,90,2025-11-06 03:00:00,"1,3,4,6,7,8,10,12,14"
383,True,13,65207,90,2025-11-06 09:00:00,"0,1,2,4,5,7,9,10,11,12,13,14,15"
386,True,2,320,90,2025-11-06 12:00:00,"6,8"
411,True,6,10759,90,2025-11-07 16:00:00,"0,1,2,9,11,13"
416,True,9,59768,90,2025-11-07 21:00:00,"3,4,5,6,8,11,13,14,15"
422,True,1,1,90,2025-11-08 03:00:00,0
441,True,9,28441,90,2025-11-08 22:00:00,"0,3,4,8,9,10,11,13,14"
449,True,16,65535,90,2025-11-09 06:00:00,"0,1,2,3,4,5,6,7,8,9,10,11,12,13,14,15"
461,True,8,20956,90,2025-11-09 18:00:00,"2,3,4,6,7,8,12,14"
485,True,8,23069,90,2025-11-10 18:00:00,"0,2,3,4,9,11,12,14"
508,True,5,12547,90,2025-11-11 17:00:00,"0,1,8,12,13"
530,True,7,18857,90,2025-11-12 15:00:00,"0,3,5,7,8,11,14"
549,True,7,60036,90,2025-11-13 13:00:00,"2,7,9,11,13,14,15"
550,True,11,49045,90,2025-11-13 14:00:00,"0,2,4,7,8,9,10,11,12,13,15"
555,True,14,57342,90,2025-11-13 19:00:00,"1,2,3,4,5,6,7,8,9,10,11,12,14,15"
579,True,4,32793,90,2025-11-14 19:00:00,"0,3,4,15"
637,True,16,65535,90,2025-11-17 05:00:00,"0,1,2,3,4,5,6,7,8,9,10,11,12,13,14,15"
640,True,11,29503,90,2025-11-17 08:00:00,"0,1,2,3,4,5,8,9,12,13,14"
654,True,7,13428,90,2025-11-17 22:00:00,"2,4,5,6,10,12,13"
704,True,12,44527,90,2025-11-20 03:00:00,"0,1,2,3,5,6,7,8,10,11,13,15"
759,True,1,16,90,2025-11-22 10:00:00,4
763,True,3,261,90,2025-11-22 14:00:00,"0,2,8"
764,True,4,8386,90,2025-11-22 15:00:00,"1,6,7,13"
775,True,7,11480,90,2025-11-23 02:00:00,"3,4,6,7,10,11,13"
785,True,6,57388,90,2025-11-23 12:00:00,"2,3,5,13,14,15"
808,True,10,11871,90,2025-11-24 11:00:00,"0,1,2,3,4,6,9,10,11,13"
840,True,1,32768,90,2025-11-25 22:00:00,15
872,True,6,3157,90,2025-11-27 06:00:00,"0,2,4,6,10,11"
892,True,6,23840,90,2025-11-28 02:00:00,"5,8,10,11,12,14"
904,True,10,62670,90,2025-11-28 14:00:00,"1,2,3,6,7,10,12,13,14,15"
922,True,5,35920,90,2025-11-29 08:00:00,"4,6,10,11,15"
1041,True,13,60159,90,2025-12-04 14:00:00,"0,1,2,3,4,5,6,7,9,11,13,14,15"
1050,True,15,64511,90,2025-12-04 23:00:00,"0,1,2,3,4,5,6,7,8,9,11,12,13,14,15"
1072,True,16,65535,90,2025-12-05 21:00:00,"0,1,2,3,4,5,6,7,8,9,10,11,12,13,14,15"
1091,True,9,47785,90,2025-12-06 16:00:00,"0,3,5,7,9,11,12,13,15"
1092,True,11,53165,90,2025-12-06 17:00:00,"0,2,3,5,7,8,9,10,11,14,15"
1117,True,8,49898,90,2025-12-07 21:00:00,"1,3,5,6,7,9,14,15"
1165,True,2,129,90,2025-12-09 21:00:00,"0,7"
1176,True,9,32081,90,2025-12-10 08:00:00,"0,4,6,8,10,11,12,13,14"
1206,True,14,64447,90,2025-12-11 14:00:00,"0,1,2,3,4,5,7,8,9,11,12,13,14,15"
1268,True,2,9216,90,2025-12-14 07:00:00,"10,13"
1284,True,6,37134,90,2025-12-14 23:00:00,"1,2,3,8,12,15"
1296,True,1,1,90,2025-12-15 11:00:00,0
1316,True,15,65531,90,2025-12-16 07:00:00,"0,1,3,4,5,6,7,8,9,10,11,12,13,14,15"
1335,True,11,65428,90,2025-12-17 02:00:00,"2,4,7,8,9,10,11,12,13,14,15"
1384,True,3,33040,90,2025-12-19 06:00:00,"4,8,15"
1404,True,4,34821,90,2025-12-20 02:00:00,"0,2,11,15"
1407,True,6,37668,90,2025-12-20 05:00:00,"2,5,8,9,12,15"
1410,True,4,25344,90,2025-12-20 08:00:00,"8,9,13,14"
1435,True,3,18448,90,2025-12-21 09:00:00,"4,11,14"
1450,True,11,31643,90,2025-12-22 00:00:00,"0,1,3,4,7,8,9,11,12,13,14"
1481,True,14,47103,90,2025-12-23 07:00:00,"0,1,2,3,4,5,6,7,8,9,10,12,13,15"
1500,True,12,64063,90,2025-12-24 02:00:00,"0,1,2,3,4,5,9,11,12,13,14,15"
1519,True,7,19093,90,2025-12-24 21:00:00,"0,2,4,7,9,11,14"
1520,True,12,16378,90,2025-12-24 22:00:00,"1,3,4,5,6,7,8,9,10,11,12,13"
1522,True,13,65383,90,2025-12-25 03:00:00,"0,1,2,5,6,8,9,10,11,12,13,14,15"
1539,True,15,65279,90,2025-12-25 20:00:00,"0,1,2,3,4,5,6,7,9,10,11,12,13,14,15"
1565,True,8,51938,90,2025-12-26 22:00:00,"1,5,6,7,9,11,14,15"
1594,True,9,55140,90,2025-12-28 03:00:00,"2,5,6,8,9,10,12,14,15"
1605,True,10,60699,90,2025-12-28 14:00:00,"0,1,3,4,8,10,11,13,14,15"
1619,True,14,62975,90,2025-12-29 04:00:00,"0,1,2,3,4,5,6,7,8,10,12,13,14,15"
1626,True,12,44479,90,2025-12-29 11:00:00,"0,1,2,3,4,5,7,8,10,11,13,15"
1630,True,2,20480,90,2025-12-29 15:00:00,"12,14"
1637,True,2,2056,90,2025-12-29 22:00:00,"3,11"
1639,True,3,4130,90,2025-12-30 00:00:00,"1,5,12"
6,True,16,65535,91,2025-10-21 06:00:00,"0,1,2,3,4,5,6,7,8,9,10,11,12,13,14,15"
32,True,15,65527,91,2025-10-22 08:00:00,"0,1,2,4,5,6,7,8,9,10,11,12,13,14,15"
47,True,10,50678,91,2025-10-22 23:00:00,"1,2,4,5,6,7,8,10,14,15"
53,True,7,19170,91,2025-10-23 05:00:00,"1,5,6,7,9,11,14"
54,True,13,59263,91,2025-10-23 06:00:00,"0,1,2,3,4,5,6,8,9,10,13,14,15"
66,True,8,27537,91,2025-10-23 18:00:00,"0,4,7,8,9,11,13,14"
119,True,5,10265,91,2025-10-25 23:00:00,"0,3,4,11,13"
131,True,16,65535,91,2025-10-26 14:00:00,"0,1,2,3,4,5,6,7,8,9,10,11,12,13,14,15"
134,True,16,65535,91,2025-10-26 17:00:00,"0,1,2,3,4,5,6,7,8,9,10,11,12,13,14,15"
135,True,1,16384,91,2025-10-26 18:00:00,14
176,True,11,32469,91,2025-10-28 11:00:00,"0,2,4,6,7,9,10,11,12,13,14"
191,True,6,2417,91,2025-10-29 02:00:00,"0,4,5,6,8,11"
195,True,8,13020,91,2025-10-29 06:00:00,"2,3,4,6,7,9,12,13"
231,True,10,64541,91,2025-10-30 22:00:00,"0,2,3,4,10,11,12,13,14,15"
237,True,12,27639,91,2025-10-31 04:00:00,"0,1,2,4,5,6,7,8,9,11,13,14"
243,True,12,49126,91,2025-10-31 10:00:00,"1,2,5,6,7,8,9,10,11,12,13,15"
274,True,13,28667,91,2025-11-01 20:00:00,"0,1,3,4,5,6,7,8,9,10,11,13,14"
282,True,10,27502,91,2025-11-02 04:00:00,"1,2,3,5,6,8,9,11,13,14"
303,True,2,33,91,2025-11-03 01:00:00,"0,5"
324,True,15,65023,91,2025-11-03 22:00:00,"0,1,2,3,4,5,6,7,8,10,11,12,13,14,15"
349,True,13,32687,91,2025-11-04 23:00:00,"0,1,2,3,5,7,8,9,10,11,12,13,14"
378,True,12,62203,91,2025-11-06 04:00:00,"0,1,3,4,5,6,7,9,12,13,14,15"
404,True,1,1024,91,2025-11-07 09:00:00,10
443,True,1,64,91,2025-11-09 00:00:00,6
447,True,10,65176,91,2025-11-09 04:00:00,"3,4,7,9,10,11,12,13,14,15"
461,True,9,40390,91,2025-11-09 18:00:00,"1,2,6,7,8,10,11,12,15"
469,True,8,30536,91,2025-11-10 02:00:00,"3,6,8,9,10,12,13,14"
473,True,1,4096,91,2025-11-10 06:00:00,12
474,True,1,8192,91,2025-11-10 07:00:00,13
518,True,1,128,91,2025-11-12 03:00:00,7
555,True,10,30421,91,2025-11-13 19:00:00,"0,2,4,6,7,9,10,12,13,14"
559,True,8,25500,91,2025-11-13 23:00:00,"2,3,4,7,8,9,13,14"
570,True,7,6950,91,2025-11-14 10:00:00,"1,2,5,8,9,11,12"
580,True,2,18432,91,2025-11-14 20:00:00,"11,14"
634,True,12,27643,91,2025-11-17 02:00:00,"0,1,3,4,5,6,7,8,9,11,13,14"
635,True,16,65535,91,2025-11-17 03:00:00,"0,1,2,3,4,5,6,7,8,9,10,11,12,13,14,15"
640,True,2,36864,91,2025-11-17 08:00:00,"12,15"
659,True,4,16901,91,2025-11-18 03:00:00,"0,2,9,14"
667,True,4,6464,91,2025-11-18 11:00:00,"6,8,11,12"
668,True,6,3132,91,2025-11-18 12:00:00,"2,3,4,5,10,11"
669,True,3,290,91,2025-11-18 13:00:00,"1,5,8"
727,True,6,25896,91,2025-11-21 02:00:00,"3,5,8,10,13,14"
746,True,13,8191,91,2025-11-21 21:00:00,"0,1,2,3,4,5,6,7,8,9,10,11,12"
784,True,7,17116,91,2025-11-23 11:00:00,"2,3,4,6,7,9,14"
812,True,4,708,91,2025-11-24 15:00:00,"2,6,7,9"
830,True,1,128,91,2025-11-25 12:00:00,7
841,True,15,65023,91,2025-11-25 23:00:00,"0,1,2,3,4,5,6,7,8,10,11,12,13,14,15"
857,True,2,12288,91,2025-11-26 15:00:00,"12,13"
872,True,2,18,91,2025-11-27 06:00:00,"1,4"
882,True,13,65461,91,2025-11-27 16:00:00,"0,2,4,5,7,8,9,10,11,12,13,14,15"
900,True,12,56927,91,2025-11-28 10:00:00,"0,1,2,3,4,6,9,10,11,12,14,15"
926,True,2,8224,91,2025-11-29 12:00:00,"5,13"
945,True,13,65150,91,2025-11-30 07:00:00,"1,2,3,4,5,6,9,10,11,12,13,14,15"
947,True,3,81,91,2025-11-30 09:00:00,"0,4,6"
958,True,2,576,91,2025-11-30 20:00:00,"6,9"
964,True,5,17986,91,2025-12-01 05:00:00,"1,6,9,10,14"
969,True,13,65507,91,2025-12-01 10:00:00,"0,1,5,6,7,8,9,10,11,12,13,14,15"
978,True,3,10304,91,2025-12-01 19:00:00,"6,11,13"
982,True,5,45440,91,2025-12-01 23:00:00,"7,8,12,13,15"
1004,True,14,49149,91,2025-12-03 01:00:00,"0,2,3,4,5,6,7,8,9,10,11,12,13,15"
1006,True,14,53247,91,2025-12-03 03:00:00,"0,1,2,3,4,5,6,7,8,9,10,11,14,15"
1012,True,14,64479,91,2025-12-03 09:00:00,"0,1,2,3,4,6,7,8,9,11,12,13,14,15"
1015,True,7,42284,91,2025-12-03 12:00:00,"2,3,5,8,10,13,15"
1029,True,6,17592,91,2025-12-04 02:00:00,"3,4,5,7,10,14"
1031,True,13,62207,91,2025-12-04 04:00:00,"0,1,2,3,4,5,6,7,9,12,13,14,15"
1048,True,8,41782,91,2025-12-04 21:00:00,"1,2,4,5,8,9,13,15"
1065,True,15,57343,91,2025-12-05 14:00:00,"0,1,2,3,4,5,6,7,8,9,10,11,12,14,15"
1083,True,3,81,91,2025-12-06 08:00:00,"0,4,6"
1096,True,14,65499,91,2025-12-06 21:00:00,"0,1,3,4,6,7,8,9,10,11,12,13,14,15"
1104,True,9,26518,91,2025-12-07 08:00:00,"1,2,4,7,8,9,10,13,14"
1139,True,11,61229,91,2025-12-08 19:00:00,"0,2,3,5,8,9,10,11,13,14,15"
1157,True,9,59027,91,2025-12-09 13:00:00,"0,1,4,7,9,10,13,14,15"
1161,True,8,30594,91,2025-12-09 17:00:00,"1,7,8,9,10,12,13,14"
1256,True,14,32766,91,2025-12-13 19:00:00,"1,2,3,4,5,6,7,8,9,10,11,12,13,14"
1257,True,6,5283,91,2025-12-13 20:00:00,"0,1,5,7,10,12"
1258,True,2,32800,91,2025-12-13 21:00:00,"5,15"
1337,True,4,41992,91,2025-12-17 04:00:00,"3,10,13,15"
1338,True,9,14797,91,2025-12-17 05:00:00,"0,2,3,6,7,8,11,12,13"
1339,True,13,32223,91,2025-12-17 06:00:00,"0,1,2,3,4,6,7,8,10,11,12,13,14"
1342,True,10,29434,91,2025-12-17 09:00:00,"1,3,4,5,6,7,9,12,13,14"
1369,True,13,60919,91,2025-12-18 12:00:00,"0,1,2,4,5,6,7,8,10,11,13,14,15"
1396,True,6,51337,91,2025-12-19 18:00:00,"0,3,7,11,14,15"
1415,True,5,17667,91,2025-12-20 13:00:00,"0,1,8,10,14"
1418,True,16,65535,91,2025-12-20 16:00:00,"0,1,2,3,4,5,6,7,8,9,10,11,12,13,14,15"
1420,True,7,15633,91,2025-12-20 18:00:00,"0,4,8,10,11,12,13"
1437,True,3,16450,91,2025-12-21 11:00:00,"1,6,14"
1493,True,1,32768,91,2025-12-23 19:00:00,15
1521,True,14,65439,91,2025-12-24 23:00:00,"0,1,2,3,4,7,8,9,10,11,12,13,14,15"
1525,True,3,22528,91,2025-12-25 06:00:00,"11,12,14"
1568,True,15,32767,91,2025-12-27 01:00:00,"0,1,2,3,4,5,6,7,8,9,10,11,12,13,14"
1595,True,6,34388,91,2025-12-28 04:00:00,"2,4,6,9,10,15"
1610,True,4,33029,91,2025-12-28 19:00:00,"0,2,8,15"
1621,True,4,18048,91,2025-12-29 06:00:00,"7,9,10,14"
1637,True,11,49100,91,2025-12-29 22:00:00,"2,3,6,7,8,9,10,11,12,13,15"
1640,True,11,27517,91,2025-12-30 01:00:00,"0,2,3,4,5,6,8,9,11,13,14"
1672,True,5,34372,91,2025-12-31 12:00:00,"2,6,9,10,15"
7,True,9,19830,92,2025-10-21 07:00:00,"1,2,4,5,6,8,10,11,14"
36,True,6,47264,92,2025-10-22 12:00:00,"5,7,11,12,13,15"
47,True,4,16524,92,2025-10-22 23:00:00,"2,3,7,14"
97,True,8,26951,92,2025-10-25 01:00:00,"0,1,2,6,8,11,13,14"
105,True,6,53329,92,2025-10-25 09:00:00,"0,4,6,12,14,15"
107,True,11,52217,92,2025-10-25 11:00:00,"0,3,4,5,6,7,8,9,11,14,15"
139,True,16,65535,92,2025-10-26 22:00:00,"0,1,2,3,4,5,6,7,8,9,10,11,12,13,14,15"
211,True,16,65535,92,2025-10-29 22:00:00,"0,1,2,3,4,5,6,7,8,9,10,11,12,13,14,15"
235,True,8,54917,92,2025-10-31 02:00:00,"0,2,7,9,10,12,14,15"
251,True,3,2312,92,2025-10-31 18:00:00,"3,8,11"
256,True,8,7477,92,2025-10-31 23:00:00,"0,2,4,5,8,10,11,12"
276,True,9,30485,92,2025-11-01 22:00:00,"0,2,4,8,9,10,12,13,14"
312,True,12,56286,92,2025-11-03 10:00:00,"1,2,3,4,6,7,8,9,11,12,14,15"
313,True,12,62958,92,2025-11-03 11:00:00,"1,2,3,5,6,7,8,10,12,13,14,15"
328,True,3,16897,92,2025-11-04 02:00:00,"0,9,14"
405,True,4,6184,92,2025-11-07 10:00:00,"3,5,11,12"
428,True,7,58516,92,2025-11-08 09:00:00,"2,4,7,10,13,14,15"
435,True,8,62760,92,2025-11-08 16:00:00,"3,5,8,10,12,13,14,15"
452,True,6,34626,92,2025-11-09 09:00:00,"1,6,8,9,10,15"
467,True,10,9214,92,2025-11-10 00:00:00,"1,2,3,4,5,6,7,8,9,13"
532,True,13,57086,92,2025-11-12 17:00:00,"1,2,3,4,5,6,7,9,10,11,12,14,15"
549,True,14,65015,92,2025-11-13 13:00:00,"0,1,2,4,5,6,7,8,10,11,12,13,14,15"
557,True,16,65535,92,2025-11-13 21:00:00,"0,1,2,3,4,5,6,7,8,9,10,11,12,13,14,15"
589,True,2,2064,92,2025-11-15 05:00:00,"4,11"
606,True,9,40802,92,2025-11-15 22:00:00,"1,5,6,8,9,10,11,12,15"
613,True,15,64511,92,2025-11-16 05:00:00,"0,1,2,3,4,5,6,7,8,9,11,12,13,14,15"
625,True,14,57311,92,2025-11-16 17:00:00,"0,1,2,3,4,6,7,8,9,10,11,12,14,15"
634,True,15,63487,92,2025-11-17 02:00:00,"0,1,2,3,4,5,6,7,8,9,10,12,13,14,15"
637,True,6,33712,92,2025-11-17 05:00:00,"4,5,7,8,9,15"
644,True,12,43903,92,2025-11-17 12:00:00,"0,1,2,3,4,5,6,8,9,11,13,15"
656,True,2,16392,92,2025-11-18 00:00:00,"3,14"
712,True,9,36344,92,2025-11-20 11:00:00,"3,4,5,6,7,8,10,11,15"
727,True,15,63487,92,2025-11-21 02:00:00,"0,1,2,3,4,5,6,7,8,9,10,12,13,14,15"
739,True,15,65503,92,2025-11-21 14:00:00,"0,1,2,3,4,6,7,8,9,10,11,12,13,14,15"
741,True,2,8193,92,2025-11-21 16:00:00,"0,13"
765,True,15,63487,92,2025-11-22 16:00:00,"0,1,2,3,4,5,6,7,8,9,10,12,13,14,15"
774,True,10,26511,92,2025-11-23 01:00:00,"0,1,2,3,7,8,9,10,13,14"
775,True,11,60908,92,2025-11-23 02:00:00,"2,3,5,6,7,8,10,11,13,14,15"
788,True,5,43272,92,2025-11-23 15:00:00,"3,8,11,13,15"
795,True,14,65523,92,2025-11-23 22:00:00,"0,1,4,5,6,7,8,9,10,11,12,13,14,15"
815,True,1,64,92,2025-11-24 18:00:00,6
823,True,8,43237,92,2025-11-25 05:00:00,"0,2,5,6,7,11,13,15"
836,True,7,55564,92,2025-11-25 18:00:00,"2,3,8,11,12,14,15"
838,True,16,65535,92,2025-11-25 20:00:00,"0,1,2,3,4,5,6,7,8,9,10,11,12,13,14,15"
843,True,10,23895,92,2025-11-26 01:00:00,"0,1,2,4,6,8,10,11,12,14"
844,True,10,53082,92,2025-11-26 02:00:00,"1,3,4,6,8,9,10,11,14,15"
896,True,6,38178,92,2025-11-28 06:00:00,"1,5,8,10,12,15"
908,True,14,60415,92,2025-11-28 18:00:00,"0,1,2,3,4,5,6,7,8,9,11,13,14,15"
919,True,11,47231,92,2025-11-29 05:00:00,"0,1,2,3,4,5,6,11,12,13,15"
920,True,13,61303,92,2025-11-29 06:00:00,"0,1,2,4,5,6,8,9,10,11,13,14,15"
966,True,5,57440,92,2025-12-01 07:00:00,"5,6,13,14,15"
979,True,16,65535,92,2025-12-01 20:00:00,"0,1,2,3,4,5,6,7,8,9,10,11,12,13,14,15"
1004,True,13,63995,92,2025-12-03 01:00:00,"0,1,3,4,5,6,7,8,11,12,13,14,15"
1028,True,16,65535,92,2025-12-04 01:00:00,"0,1,2,3,4,5,6,7,8,9,10,11,12,13,14,15"
1052,True,7,47188,92,2025-12-05 01:00:00,"2,4,6,11,12,13,15"
1054,True,5,14339,92,2025-12-05 03:00:00,"0,1,11,12,13"
1081,True,9,30051,92,2025-12-06 06:00:00,"0,1,5,6,8,10,12,13,14"
1089,True,9,29085,92,2025-12-06 14:00:00,"0,2,3,4,7,8,12,13,14"
1104,True,8,13127,92,2025-12-07 08:00:00,"0,1,2,6,8,9,12,13"
1130,True,5,19024,92,2025-12-08 10:00:00,"4,6,9,11,14"
1138,True,3,8736,92,2025-12-08 18:00:00,"5,9,13"
1140,True,1,2048,92,2025-12-08 20:00:00,11
1158,True,2,513,92,2025-12-09 14:00:00,"0,9"
1190,True,6,3111,92,2025-12-10 22:00:00,"0,1,2,5,10,11"
1220,True,1,16384,92,2025-12-12 04:00:00,14
1228,True,13,64494,92,2025-12-12 12:00:00,"1,2,3,5,6,7,8,9,11,12,13,14,15"
1250,True,5,661,92,2025-12-13 13:00:00,"0,2,4,7,9"
1307,True,1,1,92,2025-12-15 22:00:00,0
1349,True,10,43483,92,2025-12-17 16:00:00,"0,1,3,4,6,7,8,11,13,15"
1361,True,14,57327,92,2025-12-18 04:00:00,"0,1,2,3,5,6,7,8,9,10,11,12,14,15"
1399,True,9,47529,92,2025-12-19 21:00:00,"0,3,5,7,8,11,12,13,15"
1415,True,12,61413,92,2025-12-20 13:00:00,"0,2,5,6,7,8,9,10,11,13,14,15"
1439,True,12,63933,92,2025-12-21 13:00:00,"0,2,3,4,5,7,8,11,12,13,14,15"
1470,True,6,5706,92,2025-12-22 20:00:00,"1,3,6,9,10,12"
1519,True,1,16384,92,2025-12-24 21:00:00,14
1528,True,14,65263,92,2025-12-25 09:00:00,"0,1,2,3,5,6,7,9,10,11,12,13,14,15"
1544,True,4,2594,92,2025-12-26 01:00:00,"1,5,9,11"
1547,True,14,64495,92,2025-12-26 04:00:00,"0,1,2,3,5,6,7,8,9,11,12,13,14,15"
1548,True,13,64989,92,2025-12-26 05:00:00,"0,2,3,4,6,7,8,10,11,12,13,14,15"
1549,True,8,23132,92,2025-12-26 06:00:00,"2,3,4,6,9,11,12,14"
1572,True,15,65533,92,2025-12-27 05:00:00,"0,2,3,4,5,6,7,8,9,10,11,12,13,14,15"
1585,True,9,24233,92,2025-12-27 18:00:00,"0,3,5,7,9,10,11,12,14"
1586,True,2,16392,92,2025-12-27 19:00:00,"3,14"
1587,True,15,61439,92,2025-12-27 20:00:00,"0,1,2,3,4,5,6,7,8,9,10,11,13,14,15"
1611,True,7,53542,92,2025-12-28 20:00:00,"1,2,5,8,12,14,15"
1635,True,10,32204,92,2025-12-29 20:00:00,"2,3,6,7,8,10,11,12,13,14"
11,True,8,44388,93,2025-10-21 11:00:00,"2,5,6,8,10,11,13,15"
28,True,8,42204,93,2025-10-22 04:00:00,"2,3,4,6,7,10,13,15"
165,True,13,65447,93,2025-10-28 00:00:00,"0,1,2,5,7,8,9,10,11,12,13,14,15"
176,True,7,2509,93,2025-10-28 11:00:00,"0,2,3,6,7,8,11"
190,True,10,57219,93,2025-10-29 01:00:00,"0,1,7,8,9,10,11,12,14,15"
191,True,3,2066,93,2025-10-29 02:00:00,"1,4,11"
209,True,9,11641,93,2025-10-29 20:00:00,"0,3,4,5,6,8,10,11,13"
223,True,15,61439,93,2025-10-30 14:00:00,"0,1,2,3,4,5,6,7,8,9,10,11,13,14,15"
301,True,13,65135,93,2025-11-02 23:00:00,"0,1,2,3,5,6,9,10,11,12,13,14,15"
305,True,12,8175,93,2025-11-03 03:00:00,"0,1,2,3,5,6,7,8,9,10,11,12"
310,True,7,11378,93,2025-11-03 08:00:00,"1,4,5,6,10,11,13"
311,True,7,19622,93,2025-11-03 09:00:00,"1,2,5,7,10,11,14"
312,True,2,16416,93,2025-11-03 10:00:00,"5,14"
340,True,13,32638,93,2025-11-04 14:00:00,"1,2,3,4,5,6,8,9,10,11,12,13,14"
341,True,3,2184,93,2025-11-04 15:00:00,"3,7,11"
385,True,1,128,93,2025-11-06 11:00:00,7
394,True,8,21686,93,2025-11-06 20:00:00,"1,2,4,5,7,10,12,14"
399,True,14,63471,93,2025-11-07 04:00:00,"0,1,2,3,5,6,7,8,9,10,12,13,14,15"
422,True,14,32703,93,2025-11-08 03:00:00,"0,1,2,3,4,5,7,8,9,10,11,12,13,14"
441,True,16,65535,93,2025-11-08 22:00:00,"0,1,2,3,4,5,6,7,8,9,10,11,12,13,14,15"
464,True,14,62975,93,2025-11-09 21:00:00,"0,1,2,3,4,5,6,7,8,10,12,13,14,15"
467,True,4,32916,93,2025-11-10 00:00:00,"2,4,7,15"
481,True,6,17240,93,2025-11-10 14:00:00,"3,4,6,8,9,14"
489,True,5,24604,93,2025-11-10 22:00:00,"2,3,4,13,14"
504,True,16,65535,93,2025-11-11 13:00:00,"0,1,2,3,4,5,6,7,8,9,10,11,12,13,14,15"
506,True,13,65246,93,2025-11-11 15:00:00,"1,2,3,4,6,7,9,10,11,12,13,14,15"
518,True,13,60671,93,2025-11-12 03:00:00,"0,1,2,3,4,5,6,7,10,11,13,14,15"
526,True,1,8,93,2025-11-12 11:00:00,3
565,True,6,43092,93,2025-11-14 05:00:00,"2,4,6,11,13,15"
575,True,6,28753,93,2025-11-14 15:00:00,"0,4,6,12,13,14"
580,True,3,26624,93,2025-11-14 20:00:00,"11,13,14"
582,True,14,63486,93,2025-11-14 22:00:00,"1,2,3,4,5,6,7,8,9,10,12,13,14,15"
599,True,12,56223,93,2025-11-15 15:00:00,"0,1,2,3,4,7,8,9,11,12,14,15"
604,True,4,8289,93,2025-11-15 20:00:00,"0,5,6,13"
631,True,3,18560,93,2025-11-16 23:00:00,"7,11,14"
648,True,4,89,93,2025-11-17 16:00:00,"0,3,4,6"
651,True,13,65020,93,2025-11-17 19:00:00,"2,3,4,5,6,7,8,10,11,12,13,14,15"
699,True,12,56247,93,2025-11-19 22:00:00,"0,1,2,4,5,7,8,9,11,12,14,15"
715,True,6,15380,93,2025-11-20 14:00:00,"2,4,10,11,12,13"
721,True,6,61464,93,2025-11-20 20:00:00,"3,4,12,13,14,15"
724,True,1,256,93,2025-11-20 23:00:00,8
745,True,4,4704,93,2025-11-21 20:00:00,"5,6,9,12"
785,True,7,26651,93,2025-11-23 12:00:00,"0,1,3,4,11,13,14"
792,True,12,51967,93,2025-11-23 19:00:00,"0,1,2,3,4,5,6,7,9,11,14,15"
798,True,5,5162,93,2025-11-24 01:00:00,"1,3,5,10,12"
819,True,9,7603,93,2025-11-24 22:00:00,"0,1,4,5,7,8,10,11,12"
828,True,9,23438,93,2025-11-25 10:00:00,"1,2,3,7,8,9,11,12,14"
837,True,13,64505,93,2025-11-25 19:00:00,"0,3,4,5,6,7,8,9,11,12,13,14,15"
860,True,8,53618,93,2025-11-26 18:00:00,"1,4,5,6,8,12,14,15"
866,True,8,54626,93,2025-11-27 00:00:00,"1,5,6,8,10,12,14,15"
880,True,3,8452,93,2025-11-27 14:00:00,"2,8,13"
886,True,10,42955,93,2025-11-27 20:00:00,"0,1,3,6,7,8,9,10,13,15"
888,True,7,21893,93,2025-11-27 22:00:00,"0,2,7,8,10,12,14"
893,True,8,29798,93,2025-11-28 03:00:00,"1,2,5,6,10,12,13,14"
894,True,16,65535,93,2025-11-28 04:00:00,"0,1,2,3,4,5,6,7,8,9,10,11,12,13,14,15"
924,True,6,49427,93,2025-11-29 10:00:00,"0,1,4,8,14,15"
952,True,5,1618,93,2025-11-30 14:00:00,"1,4,6,9,10"
953,True,13,31739,93,2025-11-30 15:00:00,"0,1,3,4,5,6,7,8,9,11,12,13,14"
958,True,9,30136,93,2025-11-30 20:00:00,"3,4,5,7,8,10,12,13,14"
1002,True,12,30654,93,2025-12-02 23:00:00,"1,2,3,4,5,7,8,9,10,12,13,14"
1009,True,2,16400,93,2025-12-03 06:00:00,"4,14"
1024,True,3,292,93,2025-12-03 21:00:00,"2,5,8"
1032,True,8,14052,93,2025-12-04 05:00:00,"2,5,6,7,9,10,12,13"
1038,True,1,16,93,2025-12-04 11:00:00,4
1063,True,2,34816,93,2025-12-05 12:00:00,"11,15"
1119,True,6,43588,93,2025-12-07 23:00:00,"2,6,9,11,13,15"
1170,True,7,52280,93,2025-12-10 02:00:00,"3,4,5,10,11,14,15"
1310,True,14,65523,93,2025-12-16 01:00:00,"0,1,4,5,6,7,8,9,10,11,12,13,14,15"
1337,True,8,31428,93,2025-12-17 04:00:00,"2,6,7,9,11,12,13,14"
1349,True,8,46470,93,2025-12-17 16:00:00,"1,2,7,8,10,12,13,15"
1362,True,14,57339,93,2025-12-18 05:00:00,"0,1,3,4,5,6,7,8,9,10,11,12,14,15"
1364,True,8,51259,93,2025-12-18 07:00:00,"0,1,3,4,5,11,14,15"
1380,True,3,32912,93,2025-12-18 23:00:00,"4,7,15"
1436,True,9,11211,93,2025-12-21 10:00:00,"0,1,3,6,7,8,9,11,13"
1445,True,6,16760,93,2025-12-21 19:00:00,"3,4,5,6,8,14"
1478,True,1,4096,93,2025-12-23 04:00:00,12
1480,True,11,31355,93,2025-12-23 06:00:00,"0,1,3,4,5,6,9,11,12,13,14"
1497,True,10,40675,93,2025-12-23 23:00:00,"0,1,5,6,7,9,10,11,12,15"
1506,True,16,65535,93,2025-12-24 08:00:00,"0,1,2,3,4,5,6,7,8,9,10,11,12,13,14,15"
1532,True,10,15479,93,2025-12-25 13:00:00,"0,1,2,4,5,6,10,11,12,13"
1581,True,5,38528,93,2025-12-27 14:00:00,"7,9,10,12,15"
1620,True,15,65407,93,2025-12-29 05:00:00,"0,1,2,3,4,5,6,8,9,10,11,12,13,14,15"
1628,True,15,65534,93,2025-12-29 13:00:00,"1,2,3,4,5,6,7,8,9,10,11,12,13,14,15"
1636,True,13,32607,93,2025-12-29 21:00:00,"0,1,2,3,4,6,8,9,10,11,12,13,14"
1674,True,9,15068,93,2025-12-31 14:00:00,"2,3,4,6,7,9,11,12,13"
18,True,9,62662,94,2025-10-21 18:00:00,"1,2,6,7,10,12,13,14,15"
66,True,10,58311,94,2025-10-23 18:00:00,"0,1,2,6,7,8,9,13,14,15"
85,True,7,17332,94,2025-10-24 13:00:00,"2,4,5,7,8,9,14"
101,True,13,12287,94,2025-10-25 05:00:00,"0,1,2,3,4,5,6,7,8,9,10,11,13"
103,True,12,64923,94,2025-10-25 07:00:00,"0,1,3,4,7,8,10,11,12,13,14,15"
105,True,9,56972,94,2025-10-25 09:00:00,"2,3,7,9,10,11,12,14,15"
126,True,7,43085,94,2025-10-26 09:00:00,"0,2,3,6,11,13,15"
169,True,6,57666,94,2025-10-28 04:00:00,"1,6,8,13,14,15"
234,True,8,7950,94,2025-10-31 01:00:00,"1,2,3,8,9,10,11,12"
236,True,14,49150,94,2025-10-31 03:00:00,"1,2,3,4,5,6,7,8,9,10,11,12,13,15"
254,True,10,32310,94,2025-10-31 21:00:00,"1,2,4,5,9,10,11,12,13,14"
278,True,16,65535,94,2025-11-02 00:00:00,"0,1,2,3,4,5,6,7,8,9,10,11,12,13,14,15"
284,True,13,63475,94,2025-11-02 06:00:00,"0,1,4,5,6,7,8,9,10,12,13,14,15"
305,True,14,65525,94,2025-11-03 03:00:00,"0,2,4,5,6,7,8,9,10,11,12,13,14,15"
306,True,14,64255,94,2025-11-03 04:00:00,"0,1,2,3,4,5,6,7,9,11,12,13,14,15"
337,True,6,33670,94,2025-11-04 11:00:00,"1,2,7,8,9,15"
342,True,14,65463,94,2025-11-04 16:00:00,"0,1,2,4,5,7,8,9,10,11,12,13,14,15"
344,True,3,5632,94,2025-11-04 18:00:00,"9,10,12"
365,True,14,61438,94,2025-11-05 15:00:00,"1,2,3,4,5,6,7,8,9,10,11,13,14,15"
384,True,3,2568,94,2025-11-06 10:00:00,"3,9,11"
452,True,10,7119,94,2025-11-09 09:00:00,"0,1,2,3,6,7,8,9,11,12"
457,True,3,32773,94,2025-11-09 14:00:00,"0,2,15"
462,True,6,5318,94,2025-11-09 19:00:00,"1,2,6,7,10,12"
464,True,15,65531,94,2025-11-09 21:00:00,"0,1,3,4,5,6,7,8,9,10,11,12,13,14,15"
485,True,12,24565,94,2025-11-10 18:00:00,"0,2,4,5,6,7,8,9,10,11,12,14"
489,True,15,65533,94,2025-11-10 22:00:00,"0,2,3,4,5,6,7,8,9,10,11,12,13,14,15"
495,True,3,261,94,2025-11-11 04:00:00,"0,2,8"
513,True,15,57343,94,2025-11-11 22:00:00,"0,1,2,3,4,5,6,7,8,9,10,11,12,14,15"
528,True,14,65495,94,2025-11-12 13:00:00,"0,1,2,4,6,7,8,9,10,11,12,13,14,15"
666,True,4,2185,94,2025-11-18 10:00:00,"0,3,7,11"
672,True,14,65277,94,2025-11-18 16:00:00,"0,2,3,4,5,6,7,9,10,11,12,13,14,15"
680,True,13,65447,94,2025-11-19 03:00:00,"0,1,2,5,7,8,9,10,11,12,13,14,15"
718,True,14,61438,94,2025-11-20 17:00:00,"1,2,3,4,5,6,7,8,9,10,11,13,14,15"
722,True,4,16608,94,2025-11-20 21:00:00,"5,6,7,14"
753,True,16,65535,94,2025-11-22 04:00:00,"0,1,2,3,4,5,6,7,8,9,10,11,12,13,14,15"
779,True,10,61910,94,2025-11-23 06:00:00,"1,2,4,6,7,8,12,13,14,15"
790,True,9,62065,94,2025-11-23 17:00:00,"0,4,5,6,9,12,13,14,15"
797,True,14,65275,94,2025-11-24 00:00:00,"0,1,3,4,5,6,7,9,10,11,12,13,14,15"
815,True,1,128,94,2025-11-24 18:00:00,7
829,True,7,20105,94,2025-11-25 11:00:00,"0,3,7,9,10,11,14"
835,True,9,46790,94,2025-11-25 17:00:00,"1,2,6,7,9,10,12,13,15"
847,True,10,14838,94,2025-11-26 05:00:00,"1,2,4,5,6,7,8,11,12,13"
887,True,3,1089,94,2025-11-27 21:00:00,"0,6,10"
920,True,9,61066,94,2025-11-29 06:00:00,"1,3,7,9,10,11,13,14,15"
949,True,9,40808,94,2025-11-30 11:00:00,"3,5,6,8,9,10,11,12,15"
963,True,2,264,94,2025-12-01 04:00:00,"3,8"
970,True,4,20993,94,2025-12-01 11:00:00,"0,9,12,14"
974,True,15,64511,94,2025-12-01 15:00:00,"0,1,2,3,4,5,6,7,8,9,11,12,13,14,15"
986,True,4,4165,94,2025-12-02 03:00:00,"0,2,6,12"
1033,True,11,56956,94,2025-12-04 06:00:00,"2,3,4,5,6,9,10,11,12,14,15"
1061,True,10,44939,94,2025-12-05 10:00:00,"0,1,3,7,8,9,10,11,13,15"
1087,True,4,10306,94,2025-12-06 12:00:00,"1,6,11,13"
1167,True,16,65535,94,2025-12-09 23:00:00,"0,1,2,3,4,5,6,7,8,9,10,11,12,13,14,15"
1173,True,2,16385,94,2025-12-10 05:00:00,"0,14"
1185,True,15,32767,94,2025-12-10 17:00:00,"0,1,2,3,4,5,6,7,8,9,10,11,12,13,14"
1190,True,10,53981,94,2025-12-10 22:00:00,"0,2,3,4,6,7,9,12,14,15"
1202,True,8,57907,94,2025-12-11 10:00:00,"0,1,4,5,9,13,14,15"
1210,True,8,49656,94,2025-12-11 18:00:00,"3,4,5,6,7,8,14,15"
1211,True,6,3849,94,2025-12-11 19:00:00,"0,3,8,9,10,11"
1232,True,13,65468,94,2025-12-12 16:00:00,"2,3,4,5,7,8,9,10,11,12,13,14,15"
1240,True,8,63264,94,2025-12-13 03:00:00,"5,8,9,10,12,13,14,15"
1251,True,10,47454,94,2025-12-13 14:00:00,"1,2,3,4,6,8,11,12,13,15"
1332,True,5,25610,94,2025-12-16 23:00:00,"1,3,10,13,14"
1352,True,11,65190,94,2025-12-17 19:00:00,"1,2,5,7,9,10,11,12,13,14,15"
1393,True,13,31231,94,2025-12-19 15:00:00,"0,1,2,3,4,5,6,7,8,11,12,13,14"
1404,True,10,63639,94,2025-12-20 02:00:00,"0,1,2,4,7,11,12,13,14,15"
1422,True,10,26549,94,2025-12-20 20:00:00,"0,2,4,5,7,8,9,10,13,14"
1432,True,13,49019,94,2025-12-21 06:00:00,"0,1,3,4,5,6,8,9,10,11,12,13,15"
1461,True,9,50523,94,2025-12-22 11:00:00,"0,1,3,4,6,8,10,14,15"
1487,True,11,60871,94,2025-12-23 13:00:00,"0,1,2,6,7,8,10,11,13,14,15"
1505,True,12,57299,94,2025-12-24 07:00:00,"0,1,4,6,7,8,9,10,11,12,14,15"
1592,True,5,4464,94,2025-12-28 01:00:00,"4,5,6,8,12"
1611,True,4,705,94,2025-12-28 20:00:00,"0,6,7,9"
1615,True,14,63231,94,2025-12-29 00:00:00,"0,1,2,3,4,5,6,7,9,10,12,13,14,15"
1619,True,13,65454,94,2025-12-29 04:00:00,"1,2,3,5,7,8,9,10,11,12,13,14,15"
1624,True,3,4736,94,2025-12-29 09:00:00,"7,9,12"
1626,True,15,57343,94,2025-12-29 11:00:00,"0,1,2,3,4,5,6,7,8,9,10,11,12,14,15"
1679,True,12,30651,94,2025-12-31 19:00:00,"0,1,3,4,5,7,8,9,10,12,13,14"
9,True,8,23881,95,2025-10-21 09:00:00,"0,3,6,8,10,11,12,14"
20,True,8,42554,95,2025-10-21 20:00:00,"1,3,4,5,9,10,13,15"
49,True,1,1,95,2025-10-23 01:00:00,0
62,True,5,11012,95,2025-10-23 14:00:00,"2,8,9,11,13"
85,True,8,35768,95,2025-10-24 13:00:00,"3,4,5,7,8,9,11,15"
103,True,1,256,95,2025-10-25 07:00:00,8
108,True,6,12396,95,2025-10-25 12:00:00,"2,3,5,6,12,13"
117,True,9,33631,95,2025-10-25 21:00:00,"0,1,2,3,4,6,8,9,15"
138,True,12,61695,95,2025-10-26 21:00:00,"0,1,2,3,4,5,6,7,12,13,14,15"
176,True,5,6592,95,2025-10-28 11:00:00,"6,7,8,11,12"
184,True,11,62299,95,2025-10-28 19:00:00,"0,1,3,4,6,8,9,12,13,14,15"
210,True,2,8320,95,2025-10-29 21:00:00,"7,13"
220,True,14,49135,95,2025-10-30 07:00:00,"0,1,2,3,5,6,7,8,9,10,11,12,13,15"
221,True,13,53215,95,2025-10-30 08:00:00,"0,1,2,3,4,6,7,8,9,10,11,14,15"
229,True,5,6284,95,2025-10-30 20:00:00,"2,3,7,11,12"
239,True,8,10134,95,2025-10-31 06:00:00,"1,2,4,7,8,9,10,13"
247,True,8,10154,95,2025-10-31 14:00:00,"1,3,5,7,8,9,10,13"
289,True,5,32888,95,2025-11-02 11:00:00,"3,4,5,6,15"
299,True,14,49143,95,2025-11-02 21:00:00,"0,1,2,4,5,6,7,8,9,10,11,12,13,15"
374,True,7,889,95,2025-11-06 00:00:00,"0,3,4,5,6,8,9"
398,True,1,2048,95,2025-11-07 03:00:00,11
449,True,5,6305,95,2025-11-09 06:00:00,"0,5,7,11,12"
489,True,15,65531,95,2025-11-10 22:00:00,"0,1,3,4,5,6,7,8,9,10,11,12,13,14,15"
511,True,14,40959,95,2025-11-11 20:00:00,"0,1,2,3,4,5,6,7,8,9,10,11,12,15"
527,True,8,25941,95,2025-11-12 12:00:00,"0,2,4,6,8,10,13,14"
534,True,4,4320,95,2025-11-12 19:00:00,"5,6,7,12"
537,True,10,21947,95,2025-11-12 22:00:00,"0,1,3,4,5,7,8,10,12,14"
539,True,3,32771,95,2025-11-13 03:00:00,"0,1,15"
593,True,14,49135,95,2025-11-15 09:00:00,"0,1,2,3,5,6,7,8,9,10,11,12,13,15"
602,True,7,34694,95,2025-11-15 18:00:00,"1,2,7,8,9,10,15"
625,True,6,33849,95,2025-11-16 17:00:00,"0,3,4,5,10,15"
637,True,6,10886,95,2025-11-17 05:00:00,"1,2,7,9,11,13"
650,True,5,17008,95,2025-11-17 18:00:00,"4,5,6,9,14"
653,True,12,48983,95,2025-11-17 21:00:00,"0,1,2,4,6,8,9,10,11,12,13,15"
716,True,6,11809,95,2025-11-20 15:00:00,"0,5,9,10,11,13"
734,True,4,8325,95,2025-11-21 09:00:00,"0,2,7,13"
735,True,5,9229,95,2025-11-21 10:00:00,"0,2,3,10,13"
765,True,14,32751,95,2025-11-22 16:00:00,"0,1,2,3,5,6,7,8,9,10,11,12,13,14"
769,True,6,58882,95,2025-11-22 20:00:00,"1,9,10,13,14,15"
777,True,3,13,95,2025-11-23 04:00:00,"0,2,3"
780,True,15,65471,95,2025-11-23 07:00:00,"0,1,2,3,4,5,7,8,9,10,11,12,13,14,15"
817,True,2,2056,95,2025-11-24 20:00:00,"3,11"
837,True,1,16384,95,2025-11-25 19:00:00,14
848,True,10,11757,95,2025-11-26 06:00:00,"0,2,3,5,6,7,8,10,11,13"
877,True,6,33941,95,2025-11-27 11:00:00,"0,2,4,7,10,15"
895,True,5,21761,95,2025-11-28 05:00:00,"0,8,10,12,14"
904,True,5,14354,95,2025-11-28 14:00:00,"1,4,11,12,13"
905,True,14,65275,95,2025-11-28 15:00:00,"0,1,3,4,5,6,7,9,10,11,12,13,14,15"
910,True,15,65527,95,2025-11-28 20:00:00,"0,1,2,4,5,6,7,8,9,10,11,12,13,14,15"
952,True,13,28415,95,2025-11-30 14:00:00,"0,1,2,3,4,5,6,7,9,10,11,13,14"
956,True,14,49149,95,2025-11-30 18:00:00,"0,2,3,4,5,6,7,8,9,10,11,12,13,15"
957,True,7,3971,95,2025-11-30 19:00:00,"0,1,7,8,9,10,11"
982,True,7,20938,95,2025-12-01 23:00:00,"1,3,6,7,8,12,14"
985,True,4,5380,95,2025-12-02 02:00:00,"2,8,10,12"
996,True,16,65535,95,2025-12-02 17:00:00,"0,1,2,3,4,5,6,7,8,9,10,11,12,13,14,15"
1051,True,14,63455,95,2025-12-05 00:00:00,"0,1,2,3,4,6,7,8,9,10,12,13,14,15"
1076,True,8,23310,95,2025-12-06 01:00:00,"1,2,3,8,9,11,12,14"
1096,True,10,46940,95,2025-12-06 21:00:00,"2,3,4,6,8,9,10,12,13,15"
1116,True,16,65535,95,2025-12-07 20:00:00,"0,1,2,3,4,5,6,7,8,9,10,11,12,13,14,15"
1128,True,2,640,95,2025-12-08 08:00:00,"7,9"
1142,True,4,156,95,2025-12-08 22:00:00,"2,3,4,7"
1152,True,2,1040,95,2025-12-09 08:00:00,"4,10"
1162,True,11,26493,95,2025-12-09 18:00:00,"0,2,3,4,5,6,8,9,10,13,14"
1181,True,12,48629,95,2025-12-10 13:00:00,"0,2,4,5,6,7,8,10,11,12,13,15"
1186,True,10,48313,95,2025-12-10 18:00:00,"0,3,4,5,7,10,11,12,13,15"
1187,True,9,15336,95,2025-12-10 19:00:00,"3,5,6,7,8,9,11,12,13"
1207,True,14,65275,95,2025-12-11 15:00:00,"0,1,3,4,5,6,7,9,10,11,12,13,14,15"
1266,True,1,4,95,2025-12-14 05:00:00,2
1272,True,15,64511,95,2025-12-14 11:00:00,"0,1,2,3,4,5,6,7,8,9,11,12,13,14,15"
1343,True,16,65535,95,2025-12-17 10:00:00,"0,1,2,3,4,5,6,7,8,9,10,11,12,13,14,15"
1350,True,9,24103,95,2025-12-17 17:00:00,"0,1,2,5,9,10,11,12,14"
1385,True,10,24022,95,2025-12-19 07:00:00,"1,2,4,6,7,8,10,11,12,14"
1424,True,10,35799,95,2025-12-20 22:00:00,"0,1,2,4,6,7,8,9,11,15"
1433,True,7,23601,95,2025-12-21 07:00:00,"0,4,5,10,11,12,14"
1466,True,7,18748,95,2025-12-22 16:00:00,"2,3,4,5,8,11,14"
1480,True,14,32759,95,2025-12-23 06:00:00,"0,1,2,4,5,6,7,8,9,10,11,12,13,14"
1484,True,14,65518,95,2025-12-23 10:00:00,"1,2,3,5,6,7,8,9,10,11,12,13,14,15"
1488,True,15,65519,95,2025-12-23 14:00:00,"0,1,2,3,5,6,7,8,9,10,11,12,13,14,15"
1540,True,6,16587,95,2025-12-25 21:00:00,"0,1,3,6,7,14"
1545,True,10,39767,95,2025-12-26 02:00:00,"0,1,2,4,6,8,9,11,12,15"
1582,True,9,17909,95,2025-12-27 15:00:00,"0,2,4,5,6,7,8,10,14"
1596,True,1,1,95,2025-12-28 05:00:00,0
1609,True,6,51504,95,2025-12-28 18:00:00,"4,5,8,11,14,15"
1653,True,15,57343,95,2025-12-30 14:00:00,"0,1,2,3,4,5,6,7,8,9,10,11,12,14,15"
1663,True,9,20422,95,2025-12-31 03:00:00,"1,2,6,7,8,9,10,11,14"
1672,True,11,63259,95,2025-12-31 12:00:00,"0,1,3,4,8,9,10,12,13,14,15"
1674,True,13,32635,95,2025-12-31 14:00:00,"0,1,3,4,5,6,8,9,10,11,12,13,14"
3,True,10,45903,96,2025-10-21 03:00:00,"0,1,2,3,6,8,9,12,13,15"
15,True,2,32776,96,2025-10-21 15:00:00,"3,15"
30,True,9,48155,96,2025-10-22 06:00:00,"0,1,3,4,10,11,12,13,15"
34,True,6,4952,96,2025-10-22 10:00:00,"3,4,6,8,9,12"
71,True,12,46846,96,2025-10-23 23:00:00,"1,2,3,4,5,6,7,9,10,12,13,15"
89,True,11,48953,96,2025-10-24 17:00:00,"0,3,4,5,8,9,10,11,12,13,15"
152,True,4,10260,96,2025-10-27 11:00:00,"2,4,11,13"
160,True,9,59860,96,2025-10-27 19:00:00,"2,4,6,7,8,11,13,14,15"
175,True,11,43965,96,2025-10-28 10:00:00,"0,2,3,4,5,7,8,9,11,13,15"
208,True,13,56311,96,2025-10-29 19:00:00,"0,1,2,4,5,6,7,8,9,11,12,14,15"
211,True,5,4139,96,2025-10-29 22:00:00,"0,1,3,5,12"
212,True,9,63057,96,2025-10-29 23:00:00,"0,4,6,9,10,12,13,14,15"
243,True,5,35009,96,2025-10-31 10:00:00,"0,6,7,11,15"
248,True,14,65151,96,2025-10-31 15:00:00,"0,1,2,3,4,5,6,9,10,11,12,13,14,15"
249,True,11,16237,96,2025-10-31 16:00:00,"0,2,3,5,6,8,9,10,11,12,13"
268,True,9,48173,96,2025-11-01 14:00:00,"0,2,3,5,10,11,12,13,15"
277,True,1,32768,96,2025-11-01 23:00:00,15
282,True,14,48127,96,2025-11-02 04:00:00,"0,1,2,3,4,5,6,7,8,9,11,12,13,15"
286,True,6,994,96,2025-11-02 08:00:00,"1,5,6,7,8,9"
303,True,13,64443,96,2025-11-03 01:00:00,"0,1,3,4,5,7,8,9,11,12,13,14,15"
316,True,6,4524,96,2025-11-03 14:00:00,"2,3,5,7,8,12"
415,True,3,770,96,2025-11-07 20:00:00,"1,8,9"
424,True,10,48556,96,2025-11-08 05:00:00,"2,3,5,7,8,10,11,12,13,15"
441,True,12,24569,96,2025-11-08 22:00:00,"0,3,4,5,6,7,8,9,10,11,12,14"
450,True,11,29629,96,2025-11-09 07:00:00,"0,2,3,4,5,7,8,9,12,13,14"
462,True,8,21835,96,2025-11-09 19:00:00,"0,1,3,6,8,10,12,14"
468,True,6,16849,96,2025-11-10 01:00:00,"0,4,6,7,8,14"
474,True,3,33344,96,2025-11-10 07:00:00,"6,9,15"
486,True,11,53228,96,2025-11-10 19:00:00,"2,3,5,6,7,8,9,10,11,14,15"
499,True,5,19201,96,2025-11-11 08:00:00,"0,8,9,11,14"
524,True,2,264,96,2025-11-12 09:00:00,"3,8"
529,True,11,55260,96,2025-11-12 14:00:00,"2,3,4,6,7,8,9,10,12,14,15"
563,True,8,30296,96,2025-11-14 03:00:00,"3,4,6,9,10,12,13,14"
582,True,16,65535,96,2025-11-14 22:00:00,"0,1,2,3,4,5,6,7,8,9,10,11,12,13,14,15"
592,True,9,61726,96,2025-11-15 08:00:00,"1,2,3,4,8,12,13,14,15"
643,True,9,51086,96,2025-11-17 11:00:00,"1,2,3,7,8,9,10,14,15"
658,True,10,10229,96,2025-11-18 02:00:00,"0,2,4,5,6,7,8,9,10,13"
709,True,12,62429,96,2025-11-20 08:00:00,"0,2,3,4,6,7,8,9,12,13,14,15"
730,True,12,55035,96,2025-11-21 05:00:00,"0,1,3,4,5,6,7,9,10,12,14,15"
748,True,7,12391,96,2025-11-21 23:00:00,"0,1,2,5,6,12,13"
812,True,3,2306,96,2025-11-24 15:00:00,"1,8,11"
852,True,6,1805,96,2025-11-26 10:00:00,"0,2,3,8,9,10"
862,True,8,22106,96,2025-11-26 20:00:00,"1,3,4,6,9,10,12,14"
864,True,6,1482,96,2025-11-26 22:00:00,"1,3,6,7,8,10"
869,True,4,49220,96,2025-11-27 03:00:00,"2,6,14,15"
873,True,4,9256,96,2025-11-27 07:00:00,"3,5,10,13"
882,True,11,56638,96,2025-11-27 16:00:00,"1,2,3,4,5,8,10,11,12,14,15"
898,True,13,57213,96,2025-11-28 08:00:00,"0,2,3,4,5,6,8,9,10,11,12,14,15"
905,True,7,51652,96,2025-11-28 15:00:00,"2,6,7,8,11,14,15"
925,True,15,65533,96,2025-11-29 11:00:00,"0,2,3,4,5,6,7,8,9,10,11,12,13,14,15"
933,True,10,60025,96,2025-11-29 19:00:00,"0,3,4,5,6,9,11,13,14,15"
935,True,8,26284,96,2025-11-29 21:00:00,"2,3,5,7,9,10,13,14"
946,True,10,36541,96,2025-11-30 08:00:00,"0,2,3,4,5,7,9,10,11,15"
981,True,7,11880,96,2025-12-01 22:00:00,"3,5,6,9,10,11,13"
1037,True,14,64255,96,2025-12-04 10:00:00,"0,1,2,3,4,5,6,7,9,11,12,13,14,15"
1104,True,12,53211,96,2025-12-07 08:00:00,"0,1,3,4,6,7,8,9,10,11,14,15"
1108,True,2,18,96,2025-12-07 12:00:00,"1,4"
1123,True,4,33801,96,2025-12-08 03:00:00,"0,3,10,15"
1146,True,5,11329,96,2025-12-09 02:00:00,"0,6,10,11,13"
1160,True,3,32840,96,2025-12-09 16:00:00,"3,6,15"
1172,True,3,644,96,2025-12-10 04:00:00,"2,7,9"
1239,True,3,1568,96,2025-12-12 23:00:00,"5,9,10"
1259,True,1,2,96,2025-12-13 22:00:00,1
1270,True,9,38371,96,2025-12-14 09:00:00,"0,1,5,6,7,8,10,12,15"
1278,True,5,19528,96,2025-12-14 17:00:00,"3,6,10,11,14"
1287,True,13,65211,96,2025-12-15 02:00:00,"0,1,3,4,5,7,9,10,11,12,13,14,15"
1291,True,13,65003,96,2025-12-15 06:00:00,"0,1,3,5,6,7,8,10,11,12,13,14,15"
1314,True,10,5630,96,2025-12-16 05:00:00,"1,2,3,4,5,6,7,8,10,12"
1343,True,1,2,96,2025-12-17 10:00:00,1
1369,True,5,709,96,2025-12-18 12:00:00,"0,2,6,7,9"
1373,True,12,52731,96,2025-12-18 16:00:00,"0,1,3,4,5,6,7,8,10,11,14,15"
1384,True,3,25088,96,2025-12-19 06:00:00,"9,13,14"
1406,True,2,36864,96,2025-12-20 04:00:00,"12,15"
1428,True,12,54655,96,2025-12-21 02:00:00,"0,1,2,3,4,5,6,8,10,12,14,15"
1446,True,10,50653,96,2025-12-21 20:00:00,"0,2,3,4,6,7,8,10,14,15"
1499,True,4,49248,96,2025-12-24 01:00:00,"5,6,14,15"
1543,True,9,26799,96,2025-12-26 00:00:00,"0,1,2,3,5,7,11,13,14"
1556,True,8,5357,96,2025-12-26 13:00:00,"0,2,3,5,6,7,10,12"
1581,True,5,12812,96,2025-12-27 14:00:00,"2,3,9,12,13"
1650,True,5,33336,96,2025-12-30 11:00:00,"3,4,5,9,15"
1653,True,12,60381,96,2025-12-30 14:00:00,"0,2,3,4,6,7,8,9,11,13,14,15"
1,True,10,28396,97,2025-10-21 01:00:00,"2,3,5,6,7,9,10,11,13,14"
17,True,7,29288,97,2025-10-21 17:00:00,"3,5,6,9,12,13,14"
61,True,12,64287,97,2025-10-23 13:00:00,"0,1,2,3,4,8,9,11,12,13,14,15"
62,True,16,65535,97,2025-10-23 14:00:00,"0,1,2,3,4,5,6,7,8,9,10,11,12,13,14,15"
81,True,2,2304,97,2025-10-24 09:00:00,"8,11"
83,True,6,20533,97,2025-10-24 11:00:00,"0,2,4,5,12,14"
87,True,10,34175,97,2025-10-24 15:00:00,"0,1,2,3,4,5,6,8,10,15"
109,True,7,20940,97,2025-10-25 13:00:00,"2,3,6,7,8,12,14"
124,True,14,64767,97,2025-10-26 07:00:00,"0,1,2,3,4,5,6,7,10,11,12,13,14,15"
133,True,8,13033,97,2025-10-26 16:00:00,"0,3,5,6,7,9,12,13"
137,True,15,57343,97,2025-10-26 20:00:00,"0,1,2,3,4,5,6,7,8,9,10,11,12,14,15"
154,True,3,2177,97,2025-10-27 13:00:00,"0,7,11"
163,True,7,7378,97,2025-10-27 22:00:00,"1,4,6,7,10,11,12"
166,True,15,65407,97,2025-10-28 01:00:00,"0,1,2,3,4,5,6,8,9,10,11,12,13,14,15"
174,True,5,55300,97,2025-10-28 09:00:00,"2,11,12,14,15"
200,True,4,1074,97,2025-10-29 11:00:00,"1,4,5,10"
205,True,8,38973,97,2025-10-29 16:00:00,"0,2,3,4,5,11,12,15"
237,True,8,40473,97,2025-10-31 04:00:00,"0,3,4,9,10,11,12,15"
257,True,15,63487,97,2025-11-01 03:00:00,"0,1,2,3,4,5,6,7,8,9,10,12,13,14,15"
271,True,6,159,97,2025-11-01 17:00:00,"0,1,2,3,4,7"
314,True,6,18306,97,2025-11-03 12:00:00,"1,7,8,9,10,14"
371,True,6,33807,97,2025-11-05 21:00:00,"0,1,2,3,10,15"
375,True,8,39729,97,2025-11-06 01:00:00,"0,4,5,8,9,11,12,15"
414,True,9,40717,97,2025-11-07 19:00:00,"0,2,3,8,9,10,11,12,15"
415,True,1,4,97,2025-11-07 20:00:00,2
440,True,9,56652,97,2025-11-08 21:00:00,"2,3,6,8,10,11,12,14,15"
486,True,9,51759,97,2025-11-10 19:00:00,"0,1,2,3,5,9,11,14,15"
509,True,7,3283,97,2025-11-11 18:00:00,"0,1,4,6,7,10,11"
522,True,3,3136,97,2025-11-12 07:00:00,"6,10,11"
523,True,15,64511,97,2025-11-12 08:00:00,"0,1,2,3,4,5,6,7,8,9,11,12,13,14,15"
562,True,14,49135,97,2025-11-14 02:00:00,"0,1,2,3,5,6,7,8,9,10,11,12,13,15"
582,True,11,47423,97,2025-11-14 22:00:00,"0,1,2,3,4,5,8,11,12,13,15"
621,True,15,65279,97,2025-11-16 13:00:00,"0,1,2,3,4,5,6,7,9,10,11,12,13,14,15"
631,True,10,32419,97,2025-11-16 23:00:00,"0,1,5,7,9,10,11,12,13,14"
655,True,6,37513,97,2025-11-17 23:00:00,"0,3,7,9,12,15"
674,True,10,29562,97,2025-11-18 18:00:00,"1,3,4,5,6,8,9,12,13,14"
678,True,15,61439,97,2025-11-18 22:00:00,"0,1,2,3,4,5,6,7,8,9,10,11,13,14,15"
701,True,12,62458,97,2025-11-20 00:00:00,"1,3,4,5,6,7,8,9,12,13,14,15"
730,True,9,61487,97,2025-11-21 05:00:00,"0,1,2,3,5,12,13,14,15"
772,True,2,8224,97,2025-11-22 23:00:00,"5,13"
773,True,3,4168,97,2025-11-23 00:00:00,"3,6,12"
786,True,12,64442,97,2025-11-23 13:00:00,"1,3,4,5,7,8,9,11,12,13,14,15"
790,True,13,46591,97,2025-11-23 17:00:00,"0,1,2,3,4,5,6,7,8,10,12,13,15"
842,True,10,59107,97,2025-11-26 00:00:00,"0,1,5,6,7,9,10,13,14,15"
845,True,2,96,97,2025-11-26 03:00:00,"5,6"
854,True,6,45384,97,2025-11-26 12:00:00,"3,6,8,12,13,15"
859,True,9,59108,97,2025-11-26 17:00:00,"2,5,6,7,9,10,13,14,15"
870,True,11,62875,97,2025-11-27 04:00:00,"0,1,3,4,7,8,10,12,13,14,15"
872,True,7,13866,97,2025-11-27 06:00:00,"1,3,5,9,10,12,13"
883,True,16,65535,97,2025-11-27 17:00:00,"0,1,2,3,4,5,6,7,8,9,10,11,12,13,14,15"
898,True,6,8775,97,2025-11-28 08:00:00,"0,1,2,6,9,13"
918,True,5,43140,97,2025-11-29 04:00:00,"2,7,11,13,15"
939,True,7,41780,97,2025-11-30 01:00:00,"2,4,5,8,9,13,15"
994,True,5,20618,97,2025-12-02 15:00:00,"1,3,7,12,14"
1014,True,9,54166,97,2025-12-03 11:00:00,"1,2,4,7,8,9,12,14,15"
1015,True,10,23351,97,2025-12-03 12:00:00,"0,1,2,4,5,8,9,11,12,14"
1016,True,6,2473,97,2025-12-03 13:00:00,"0,3,5,7,8,11"
1017,True,9,43978,97,2025-12-03 14:00:00,"1,3,6,7,8,9,11,13,15"
1025,True,9,33503,97,2025-12-03 22:00:00,"0,1,2,3,4,6,7,9,15"
1056,True,6,11794,97,2025-12-05 05:00:00,"1,4,9,10,11,13"
1086,True,16,65535,97,2025-12-06 11:00:00,"0,1,2,3,4,5,6,7,8,9,10,11,12,13,14,15"
1087,True,12,62445,97,2025-12-06 12:00:00,"0,2,3,5,6,7,8,9,12,13,14,15"
1090,True,10,31279,97,2025-12-06 15:00:00,"0,1,2,3,5,9,11,12,13,14"
1128,True,15,65534,97,2025-12-08 08:00:00,"1,2,3,4,5,6,7,8,9,10,11,12,13,14,15"
1161,True,2,16392,97,2025-12-09 17:00:00,"3,14"
1165,True,16,65535,97,2025-12-09 21:00:00,"0,1,2,3,4,5,6,7,8,9,10,11,12,13,14,15"
1196,True,12,44030,97,2025-12-11 04:00:00,"1,2,3,4,5,6,7,8,9,11,13,15"
1200,True,11,58807,97,2025-12-11 08:00:00,"0,1,2,4,5,7,8,10,13,14,15"
1206,True,10,63550,97,2025-12-11 14:00:00,"1,2,3,4,5,11,12,13,14,15"
1208,True,2,16448,97,2025-12-11 16:00:00,"6,14"
1243,True,14,64495,97,2025-12-13 06:00:00,"0,1,2,3,5,6,7,8,9,11,12,13,14,15"
1256,True,10,58868,97,2025-12-13 19:00:00,"2,4,5,6,7,8,10,13,14,15"
1263,True,14,57279,97,2025-12-14 02:00:00,"0,1,2,3,4,5,7,8,9,10,11,12,14,15"
1264,True,15,65527,97,2025-12-14 03:00:00,"0,1,2,4,5,6,7,8,9,10,11,12,13,14,15"
1271,True,6,35114,97,2025-12-14 10:00:00,"1,3,5,8,11,15"
1312,True,3,3328,97,2025-12-16 03:00:00,"8,10,11"
1315,True,16,65535,97,2025-12-16 06:00:00,"0,1,2,3,4,5,6,7,8,9,10,11,12,13,14,15"
1345,True,16,65535,97,2025-12-17 12:00:00,"0,1,2,3,4,5,6,7,8,9,10,11,12,13,14,15"
1347,True,11,13791,97,2025-12-17 14:00:00,"0,1,2,3,4,6,7,8,10,12,13"
1351,True,11,32218,97,2025-12-17 18:00:00,"1,3,4,6,7,8,10,11,12,13,14"
1382,True,12,49067,97,2025-12-19 04:00:00,"0,1,3,5,7,8,9,10,11,12,13,15"
1398,True,16,65535,97,2025-12-19 20:00:00,"0,1,2,3,4,5,6,7,8,9,10,11,12,13,14,15"
1422,True,7,26790,97,2025-12-20 20:00:00,"1,2,5,7,11,13,14"
1519,True,12,56795,97,2025-12-24 21:00:00,"0,1,3,4,6,7,8,10,11,12,14,15"
1540,True,12,65203,97,2025-12-25 21:00:00,"0,1,4,5,7,9,10,11,12,13,14,15"
1549,True,5,51344,97,2025-12-26 06:00:00,"4,7,11,14,15"
1557,True,3,896,97,2025-12-26 14:00:00,"7,8,9"
1562,True,6,27170,97,2025-12-26 19:00:00,"1,5,9,11,13,14"
1572,True,13,55807,97,2025-12-27 05:00:00,"0,1,2,3,4,5,6,7,8,11,12,14,15"
1603,True,1,256,97,2025-12-28 12:00:00,8
1614,True,12,62451,97,2025-12-28 23:00:00,"0,1,4,5,6,7,8,9,12,13,14,15"
1622,True,11,63988,97,2025-12-29 07:00:00,"2,4,5,6,7,8,11,12,13,14,15"
1624,True,15,49151,97,2025-12-29 09:00:00,"0,1,2,3,4,5,6,7,8,9,10,11,12,13,15"
1630,True,5,4294,97,2025-12-29 15:00:00,"1,2,6,7,12"
19,True,11,65488,98,2025-10-21 19:00:00,"4,6,7,8,9,10,11,12,13,14,15"
68,True,4,34112,98,2025-10-23 20:00:00,"6,8,10,15"
70,True,13,57340,98,2025-10-23 22:00:00,"2,3,4,5,6,7,8,9,10,11,12,14,15"
72,True,11,46835,98,2025-10-24 00:00:00,"0,1,4,5,6,7,9,10,12,13,15"
90,True,7,13905,98,2025-10-24 18:00:00,"0,4,6,9,10,12,13"
107,True,16,65535,98,2025-10-25 11:00:00,"0,1,2,3,4,5,6,7,8,9,10,11,12,13,14,15"
149,True,12,40923,98,2025-10-27 08:00:00,"0,1,3,4,6,7,8,9,10,11,12,15"
173,True,11,64622,98,2025-10-28 08:00:00,"1,2,3,5,6,10,11,12,13,14,15"
187,True,10,12259,98,2025-10-28 22:00:00,"0,1,5,6,7,8,9,10,11,13"
232,True,16,65535,98,2025-10-30 23:00:00,"0,1,2,3,4,5,6,7,8,9,10,11,12,13,14,15"
234,True,16,65535,98,2025-10-31 01:00:00,"0,1,2,3,4,5,6,7,8,9,10,11,12,13,14,15"
237,True,4,2092,98,2025-10-31 04:00:00,"2,3,5,11"
270,True,15,65531,98,2025-11-01 16:00:00,"0,1,3,4,5,6,7,8,9,10,11,12,13,14,15"
272,True,11,32186,98,2025-11-01 18:00:00,"1,3,4,5,7,8,10,11,12,13,14"
292,True,12,31230,98,2025-11-02 14:00:00,"1,2,3,4,5,6,7,8,11,12,13,14"
323,True,11,5631,98,2025-11-03 21:00:00,"0,1,2,3,4,5,6,7,8,10,12"
366,True,16,65535,98,2025-11-05 16:00:00,"0,1,2,3,4,5,6,7,8,9,10,11,12,13,14,15"
381,True,9,23339,98,2025-11-06 07:00:00,"0,1,3,5,8,9,11,12,14"
434,True,5,4142,98,2025-11-08 15:00:00,"1,2,3,5,12"
447,True,15,32767,98,2025-11-09 04:00:00,"0,1,2,3,4,5,6,7,8,9,10,11,12,13,14"
461,True,14,63479,98,2025-11-09 18:00:00,"0,1,2,4,5,6,7,8,9,10,12,13,14,15"
503,True,5,218,98,2025-11-11 12:00:00,"1,3,4,6,7"
548,True,4,49296,98,2025-11-13 12:00:00,"4,7,14,15"
552,True,10,60117,98,2025-11-13 16:00:00,"0,2,4,6,7,9,11,13,14,15"
560,True,1,32,98,2025-11-14 00:00:00,5
562,True,11,64465,98,2025-11-14 02:00:00,"0,4,6,7,8,9,11,12,13,14,15"
578,True,15,49151,98,2025-11-14 18:00:00,"0,1,2,3,4,5,6,7,8,9,10,11,12,13,15"
617,True,3,43008,98,2025-11-16 09:00:00,"11,13,15"
659,True,2,5120,98,2025-11-18 03:00:00,"10,12"
666,True,14,49135,98,2025-11-18 10:00:00,"0,1,2,3,5,6,7,8,9,10,11,12,13,15"
670,True,9,10686,98,2025-11-18 14:00:00,"1,2,3,4,5,7,8,11,13"
677,True,7,39020,98,2025-11-18 21:00:00,"2,3,5,6,11,12,15"
686,True,5,677,98,2025-11-19 09:00:00,"0,2,5,7,9"
698,True,9,46576,98,2025-11-19 21:00:00,"4,5,6,7,8,10,12,13,15"
704,True,9,56288,98,2025-11-20 03:00:00,"5,6,7,8,9,11,12,14,15"
764,True,4,297,98,2025-11-22 15:00:00,"0,3,5,8"
820,True,15,64511,98,2025-11-24 23:00:00,"0,1,2,3,4,5,6,7,8,9,11,12,13,14,15"
821,True,16,65535,98,2025-11-25 03:00:00,"0,1,2,3,4,5,6,7,8,9,10,11,12,13,14,15"
897,True,3,2057,98,2025-11-28 07:00:00,"0,3,11"
906,True,7,62529,98,2025-11-28 16:00:00,"0,6,10,12,13,14,15"
912,True,14,61311,98,2025-11-28 22:00:00,"0,1,2,3,4,5,6,8,9,10,11,13,14,15"
924,True,6,183,98,2025-11-29 10:00:00,"0,1,2,4,5,7"
951,True,7,43277,98,2025-11-30 13:00:00,"0,2,3,8,11,13,15"
965,True,5,2330,98,2025-12-01 06:00:00,"1,3,4,8,11"
974,True,8,53970,98,2025-12-01 15:00:00,"1,4,6,7,9,12,14,15"
1012,True,15,64511,98,2025-12-03 09:00:00,"0,1,2,3,4,5,6,7,8,9,11,12,13,14,15"
1013,True,16,65535,98,2025-12-03 10:00:00,"0,1,2,3,4,5,6,7,8,9,10,11,12,13,14,15"
1016,True,4,5640,98,2025-12-03 13:00:00,"3,9,10,12"
1043,True,3,32808,98,2025-12-04 16:00:00,"3,5,15"
1066,True,13,24543,98,2025-12-05 15:00:00,"0,1,2,3,4,6,7,8,9,10,11,12,14"
1069,True,10,18301,98,2025-12-05 18:00:00,"0,2,3,4,5,6,8,9,10,14"
1071,True,13,22527,98,2025-12-05 20:00:00,"0,1,2,3,4,5,6,7,8,9,10,12,14"
1093,True,8,6611,98,2025-12-06 18:00:00,"0,1,4,6,7,8,11,12"
1121,True,14,64509,98,2025-12-08 01:00:00,"0,2,3,4,5,6,7,8,9,11,12,13,14,15"
1165,True,2,513,98,2025-12-09 21:00:00,"0,9"
1220,True,6,26818,98,2025-12-12 04:00:00,"1,6,7,11,13,14"
1265,True,4,43136,98,2025-12-14 04:00:00,"7,11,13,15"
1287,True,6,3095,98,2025-12-15 02:00:00,"0,1,2,4,10,11"
1292,True,16,65535,98,2025-12-15 07:00:00,"0,1,2,3,4,5,6,7,8,9,10,11,12,13,14,15"
1316,True,12,28638,98,2025-12-16 07:00:00,"1,2,3,4,6,7,8,9,10,11,13,14"
1322,True,11,32377,98,2025-12-16 13:00:00,"0,3,4,5,6,9,10,11,12,13,14"
1358,True,16,65535,98,2025-12-18 01:00:00,"0,1,2,3,4,5,6,7,8,9,10,11,12,13,14,15"
1388,True,3,1568,98,2025-12-19 10:00:00,"5,9,10"
1407,True,3,672,98,2025-12-20 05:00:00,"5,7,9"
1413,True,4,624,98,2025-12-20 11:00:00,"4,5,6,9"
1417,True,15,65407,98,2025-12-20 15:00:00,"0,1,2,3,4,5,6,8,9,10,11,12,13,14,15"
1452,True,11,54703,98,2025-12-22 02:00:00,"0,1,2,3,5,7,8,10,12,14,15"
1467,True,14,64507,98,2025-12-22 17:00:00,"0,1,3,4,5,6,7,8,9,11,12,13,14,15"
1498,True,16,65535,98,2025-12-24 00:00:00,"0,1,2,3,4,5,6,7,8,9,10,11,12,13,14,15"
1530,True,1,8,98,2025-12-25 11:00:00,3
1542,True,1,4,98,2025-12-25 23:00:00,2
1603,True,9,26995,98,2025-12-28 12:00:00,"0,1,4,5,6,8,11,13,14"
1616,True,2,32896,98,2025-12-29 01:00:00,"7,15"
1626,True,13,32734,98,2025-12-29 11:00:00,"1,2,3,4,6,7,8,9,10,11,12,13,14"
1655,True,6,12692,98,2025-12-30 16:00:00,"2,4,7,8,12,13"
0,True,13,64863,99,2025-10-21 00:00:00,"0,1,2,3,4,6,8,10,11,12,13,14,15"
40,True,10,47453,99,2025-10-22 16:00:00,"0,2,3,4,6,8,11,12,13,15"
75,True,11,63158,99,2025-10-24 03:00:00,"1,2,4,5,7,9,10,12,13,14,15"
82,True,16,65535,99,2025-10-24 10:00:00,"0,1,2,3,4,5,6,7,8,9,10,11,12,13,14,15"
93,True,13,16375,99,2025-10-24 21:00:00,"0,1,2,4,5,6,7,8,9,10,11,12,13"
96,True,16,65535,99,2025-10-25 00:00:00,"0,1,2,3,4,5,6,7,8,9,10,11,12,13,14,15"
146,True,11,29659,99,2025-10-27 05:00:00,"0,1,3,4,6,7,8,9,12,13,14"
159,True,4,1601,99,2025-10-27 18:00:00,"0,6,9,10"
168,True,15,65519,99,2025-10-28 03:00:00,"0,1,2,3,5,6,7,8,9,10,11,12,13,14,15"
227,True,6,2865,99,2025-10-30 18:00:00,"0,4,5,8,9,11"
242,True,6,23682,99,2025-10-31 09:00:00,"1,7,10,11,12,14"
284,True,7,21424,99,2025-11-02 06:00:00,"4,5,7,8,9,12,14"
289,True,14,48127,99,2025-11-02 11:00:00,"0,1,2,3,4,5,6,7,8,9,11,12,13,15"
292,True,8,63041,99,2025-11-02 14:00:00,"0,6,9,10,12,13,14,15"
316,True,4,16545,99,2025-11-03 14:00:00,"0,5,7,14"
322,True,11,60150,99,2025-11-03 20:00:00,"1,2,4,5,6,7,9,11,13,14,15"
338,True,16,65535,99,2025-11-04 12:00:00,"0,1,2,3,4,5,6,7,8,9,10,11,12,13,14,15"
349,True,12,62439,99,2025-11-04 23:00:00,"0,1,2,5,6,7,8,9,12,13,14,15"
405,True,4,6273,99,2025-11-07 10:00:00,"0,7,11,12"
406,True,2,8224,99,2025-11-07 11:00:00,"5,13"
433,True,5,1624,99,2025-11-08 14:00:00,"3,4,6,9,10"
434,True,8,10123,99,2025-11-08 15:00:00,"0,1,3,7,8,9,10,13"
443,True,16,65535,99,2025-11-09 00:00:00,"0,1,2,3,4,5,6,7,8,9,10,11,12,13,14,15"
490,True,10,48483,99,2025-11-10 23:00:00,"0,1,5,6,8,10,11,12,13,15"
510,True,15,32767,99,2025-11-11 19:00:00,"0,1,2,3,4,5,6,7,8,9,10,11,12,13,14"
514,True,10,27767,99,2025-11-11 23:00:00,"0,1,2,4,5,6,10,11,13,14"
523,True,4,40970,99,2025-11-12 08:00:00,"1,3,13,15"
541,True,3,36880,99,2025-11-13 05:00:00,"4,12,15"
568,True,10,46518,99,2025-11-14 08:00:00,"1,2,4,5,7,8,10,12,13,15"
582,True,14,65391,99,2025-11-14 22:00:00,"0,1,2,3,5,6,8,9,10,11,12,13,14,15"
604,True,2,1056,99,2025-11-15 20:00:00,"5,10"
623,True,12,32732,99,2025-11-16 15:00:00,"2,3,4,6,7,8,9,10,11,12,13,14"
633,True,15,65519,99,2025-11-17 01:00:00,"0,1,2,3,5,6,7,8,9,10,11,12,13,14,15"
636,True,8,61733,99,2025-11-17 04:00:00,"0,2,5,8,12,13,14,15"
671,True,6,51752,99,2025-11-18 15:00:00,"3,5,9,11,14,15"
673,True,6,21027,99,2025-11-18 17:00:00,"0,1,5,9,12,14"
708,True,2,1088,99,2025-11-20 07:00:00,"6,10"
819,True,3,16513,99,2025-11-24 22:00:00,"0,7,14"
822,True,4,2160,99,2025-11-25 04:00:00,"4,5,6,11"
835,True,8,63810,99,2025-11-25 17:00:00,"1,6,8,11,12,13,14,15"
840,True,2,96,99,2025-11-25 22:00:00,"5,6"
870,True,8,26282,99,2025-11-27 04:00:00,"1,3,5,7,9,10,13,14"
894,True,3,1537,99,2025-11-28 04:00:00,"0,9,10"
896,True,11,24189,99,2025-11-28 06:00:00,"0,2,3,4,5,6,9,10,11,12,14"
927,True,15,65407,99,2025-11-29 13:00:00,"0,1,2,3,4,5,6,8,9,10,11,12,13,14,15"
956,True,12,60879,99,2025-11-30 18:00:00,"0,1,2,3,6,7,8,10,11,13,14,15"
966,True,4,17160,99,2025-12-01 07:00:00,"3,8,9,14"
975,True,6,4774,99,2025-12-01 16:00:00,"1,2,5,7,9,12"
976,True,8,64644,99,2025-12-01 17:00:00,"2,7,10,11,12,13,14,15"
998,True,14,31743,99,2025-12-02 19:00:00,"0,1,2,3,4,5,6,7,8,9,11,12,13,14"
1116,True,14,64383,99,2025-12-07 20:00:00,"0,1,2,3,4,5,6,8,9,11,12,13,14,15"
1129,True,13,64253,99,2025-12-08 09:00:00,"0,2,3,4,5,6,7,9,11,12,13,14,15"
1152,True,1,1024,99,2025-12-09 08:00:00,10
1175,True,6,4143,99,2025-12-10 07:00:00,"0,1,2,3,5,12"
1177,True,14,65511,99,2025-12-10 09:00:00,"0,1,2,5,6,7,8,9,10,11,12,13,14,15"
1181,True,16,65535,99,2025-12-10 13:00:00,"0,1,2,3,4,5,6,7,8,9,10,11,12,13,14,15"
1183,True,7,33740,99,2025-12-10 15:00:00,"2,3,6,7,8,9,15"
1241,True,14,32703,99,2025-12-13 04:00:00,"0,1,2,3,4,5,7,8,9,10,11,12,13,14"
1266,True,7,14359,99,2025-12-14 05:00:00,"0,1,2,4,11,12,13"
1284,True,15,65503,99,2025-12-14 23:00:00,"0,1,2,3,4,6,7,8,9,10,11,12,13,14,15"
1303,True,5,16485,99,2025-12-15 18:00:00,"0,2,5,6,14"
1317,True,3,2116,99,2025-12-16 08:00:00,"2,6,11"
1318,True,12,61165,99,2025-12-16 09:00:00,"0,2,3,5,6,7,9,10,11,13,14,15"
1383,True,8,35638,99,2025-12-19 05:00:00,"1,2,4,5,8,9,11,15"
1387,True,7,47252,99,2025-12-19 09:00:00,"2,4,7,11,12,13,15"
1450,True,9,30964,99,2025-12-22 00:00:00,"2,4,5,6,7,11,12,13,14"
1456,True,16,65535,99,2025-12-22 06:00:00,"0,1,2,3,4,5,6,7,8,9,10,11,12,13,14,15"
1472,True,3,2592,99,2025-12-22 22:00:00,"5,9,11"
1519,True,5,53512,99,2025-12-24 21:00:00,"3,8,12,14,15"
1529,True,5,12358,99,2025-12-25 10:00:00,"1,2,6,12,13"
1556,True,14,65495,99,2025-12-26 13:00:00,"0,1,2,4,6,7,8,9,10,11,12,13,14,15"
1578,True,13,58367,99,2025-12-27 11:00:00,"0,1,2,3,4,5,6,7,8,9,13,14,15"
1614,True,15,65533,99,2025-12-28 23:00:00,"0,2,3,4,5,6,7,8,9,10,11,12,13,14,15"
1616,True,12,59343,99,2025-12-29 01:00:00,"0,1,2,3,6,7,8,9,10,13,14,15"
1647,True,12,32235,99,2025-12-30 08:00:00,"0,1,3,5,6,7,8,10,11,12,13,14"
1676,True,7,21897,99,2025-12-31 16:00:00,"0,3,7,8,10,12,14"
13,True,6,20627,100,2025-10-21 13:00:00,"0,1,4,7,12,14"
49,True,7,7310,100,2025-10-23 01:00:00,"1,2,3,7,10,11,12"
86,True,4,25152,100,2025-10-24 14:00:00,"6,9,13,14"
90,True,5,3098,100,2025-10-24 18:00:00,"1,3,4,10,11"
95,True,11,63397,100,2025-10-24 23:00:00,"0,2,5,7,8,9,10,12,13,14,15"
105,True,12,64427,100,2025-10-25 09:00:00,"0,1,3,5,7,8,9,11,12,13,14,15"
108,True,14,65529,100,2025-10-25 12:00:00,"0,3,4,5,6,7,8,9,10,11,12,13,14,15"
133,True,9,13659,100,2025-10-26 16:00:00,"0,1,3,4,6,8,10,12,13"
159,True,15,64511,100,2025-10-27 18:00:00,"0,1,2,3,4,5,6,7,8,9,11,12,13,14,15"
174,True,14,64767,100,2025-10-28 09:00:00,"0,1,2,3,4,5,6,7,10,11,12,13,14,15"
190,True,5,41029,100,2025-10-29 01:00:00,"0,2,6,13,15"
194,True,14,65495,100,2025-10-29 05:00:00,"0,1,2,4,6,7,8,9,10,11,12,13,14,15"
226,True,6,19048,100,2025-10-30 17:00:00,"3,5,6,9,11,14"
229,True,15,65023,100,2025-10-30 20:00:00,"0,1,2,3,4,5,6,7,8,10,11,12,13,14,15"
272,True,9,52902,100,2025-11-01 18:00:00,"1,2,5,7,9,10,11,14,15"
275,True,9,60188,100,2025-11-01 21:00:00,"2,3,4,8,9,11,13,14,15"
303,True,6,5507,100,2025-11-03 01:00:00,"0,1,7,8,10,12"
316,True,15,65534,100,2025-11-03 14:00:00,"1,2,3,4,5,6,7,8,9,10,11,12,13,14,15"
334,True,2,66,100,2025-11-04 08:00:00,"1,6"
350,True,11,54205,100,2025-11-05 00:00:00,"0,2,3,4,5,7,8,9,12,14,15"
382,True,5,361,100,2025-11-06 08:00:00,"0,3,5,6,8"
393,True,10,8115,100,2025-11-06 19:00:00,"0,1,4,5,7,8,9,10,11,12"
410,True,9,35279,100,2025-11-07 15:00:00,"0,1,2,3,6,7,8,11,15"
413,True,8,48658,100,2025-11-07 18:00:00,"1,4,9,10,11,12,13,15"
428,True,16,65535,100,2025-11-08 09:00:00,"0,1,2,3,4,5,6,7,8,9,10,11,12,13,14,15"
430,True,13,49118,100,2025-11-08 11:00:00,"1,2,3,4,6,7,8,9,10,11,12,13,15"
449,True,13,57295,100,2025-11-09 06:00:00,"0,1,2,3,6,7,8,9,10,11,12,14,15"
452,True,1,8192,100,2025-11-09 09:00:00,13
492,True,3,545,100,2025-11-11 01:00:00,"0,5,9"
497,True,1,32,100,2025-11-11 06:00:00,5
513,True,10,56802,100,2025-11-11 22:00:00,"1,5,6,7,8,10,11,12,14,15"
519,True,14,32703,100,2025-11-12 04:00:00,"0,1,2,3,4,5,7,8,9,10,11,12,13,14"
521,True,7,13642,100,2025-11-12 06:00:00,"1,3,6,8,10,12,13"
571,True,2,33024,100,2025-11-14 11:00:00,"8,15"
588,True,15,65503,100,2025-11-15 04:00:00,"0,1,2,3,4,6,7,8,9,10,11,12,13,14,15"
641,True,6,1478,100,2025-11-17 09:00:00,"1,2,6,7,8,10"
643,True,10,34686,100,2025-11-17 11:00:00,"1,2,3,4,5,6,8,9,10,15"
655,True,2,4160,100,2025-11-17 23:00:00,"6,12"
669,True,11,39805,100,2025-11-18 13:00:00,"0,2,3,4,5,6,8,9,11,12,15"
672,True,8,54865,100,2025-11-18 16:00:00,"0,4,6,9,10,12,14,15"
724,True,16,65535,100,2025-11-20 23:00:00,"0,1,2,3,4,5,6,7,8,9,10,11,12,13,14,15"
733,True,7,37945,100,2025-11-21 08:00:00,"0,3,4,5,10,12,15"
755,True,15,57343,100,2025-11-22 06:00:00,"0,1,2,3,4,5,6,7,8,9,10,11,12,14,15"
782,True,11,46011,100,2025-11-23 09:00:00,"0,1,3,4,5,7,8,9,12,13,15"
787,True,8,7283,100,2025-11-23 14:00:00,"0,1,4,5,6,10,11,12"
791,True,15,65279,100,2025-11-23 18:00:00,"0,1,2,3,4,5,6,7,9,10,11,12,13,14,15"
794,True,12,55278,100,2025-11-23 21:00:00,"1,2,3,5,6,7,8,9,10,12,14,15"
804,True,2,1040,100,2025-11-24 07:00:00,"4,10"
809,True,15,57343,100,2025-11-24 12:00:00,"0,1,2,3,4,5,6,7,8,9,10,11,12,14,15"
878,True,7,38419,100,2025-11-27 12:00:00,"0,1,4,9,10,12,15"
891,True,16,65535,100,2025-11-28 01:00:00,"0,1,2,3,4,5,6,7,8,9,10,11,12,13,14,15"
901,True,6,25652,100,2025-11-28 11:00:00,"2,4,5,10,13,14"
902,True,1,8192,100,2025-11-28 12:00:00,13
924,True,9,56497,100,2025-11-29 10:00:00,"0,4,5,7,10,11,12,14,15"
947,True,7,14478,100,2025-11-30 09:00:00,"1,2,3,7,11,12,13"
949,True,5,4760,100,2025-11-30 11:00:00,"3,4,7,9,12"
966,True,12,48055,100,2025-12-01 07:00:00,"0,1,2,4,5,7,8,9,11,12,13,15"
989,True,5,21762,100,2025-12-02 06:00:00,"1,8,10,12,14"
1014,True,8,21902,100,2025-12-03 11:00:00,"1,2,3,7,8,10,12,14"
1031,True,16,65535,100,2025-12-04 04:00:00,"0,1,2,3,4,5,6,7,8,9,10,11,12,13,14,15"
1061,True,2,8193,100,2025-12-05 10:00:00,"0,13"
1088,True,1,16,100,2025-12-06 13:00:00,4
1096,True,8,46992,100,2025-12-06 21:00:00,"4,7,8,9,10,12,13,15"
1149,True,3,10368,100,2025-12-09 05:00:00,"7,11,13"
1164,True,1,4096,100,2025-12-09 20:00:00,12
1183,True,1,32768,100,2025-12-10 15:00:00,15
1197,True,9,42398,100,2025-12-11 05:00:00,"1,2,3,4,7,8,10,13,15"
1198,True,7,43155,100,2025-12-11 06:00:00,"0,1,4,7,11,13,15"
1209,True,8,24360,100,2025-12-11 17:00:00,"3,5,8,9,10,11,12,14"
1212,True,3,8324,100,2025-12-11 20:00:00,"2,7,13"
1229,True,4,5384,100,2025-12-12 13:00:00,"3,8,10,12"
1232,True,1,2,100,2025-12-12 16:00:00,1
1236,True,12,40702,100,2025-12-12 20:00:00,"1,2,3,4,5,6,7,9,10,11,12,15"
1245,True,13,48638,100,2025-12-13 08:00:00,"1,2,3,4,5,6,7,8,10,11,12,13,15"
1251,True,6,13124,100,2025-12-13 14:00:00,"2,6,8,9,12,13"
1253,True,15,32767,100,2025-12-13 16:00:00,"0,1,2,3,4,5,6,7,8,9,10,11,12,13,14"
1285,True,5,41477,100,2025-12-15 00:00:00,"0,2,9,13,15"
1290,True,12,63468,100,2025-12-15 05:00:00,"2,3,5,6,7,8,9,10,12,13,14,15"
1327,True,15,49151,100,2025-12-16 18:00:00,"0,1,2,3,4,5,6,7,8,9,10,11,12,13,15"
1333,True,11,63157,100,2025-12-17 00:00:00,"0,2,4,5,7,9,10,12,13,14,15"
1353,True,3,137,100,2025-12-17 20:00:00,"0,3,7"
1367,True,15,65407,100,2025-12-18 10:00:00,"0,1,2,3,4,5,6,8,9,10,11,12,13,14,15"
1381,True,6,615,100,2025-12-19 03:00:00,"0,1,2,5,6,9"
1397,True,11,60765,100,2025-12-19 19:00:00,"0,2,3,4,6,8,10,11,13,14,15"
1425,True,1,16,100,2025-12-20 23:00:00,4
1426,True,12,48573,100,2025-12-21 00:00:00,"0,2,3,4,5,7,8,10,11,12,13,15"
1428,True,4,41504,100,2025-12-21 02:00:00,"5,9,13,15"
1454,True,7,57642,100,2025-12-22 04:00:00,"1,3,5,8,13,14,15"
1459,True,2,516,100,2025-12-22 09:00:00,"2,9"
1472,True,7,40466,100,2025-12-22 22:00:00,"1,4,9,10,11,12,15"
1473,True,12,63151,100,2025-12-22 23:00:00,"0,1,2,3,5,7,9,10,12,13,14,15"
1502,True,10,15333,100,2025-12-24 04:00:00,"0,2,5,6,7,8,9,11,12,13"
1510,True,1,32768,100,2025-12-24 12:00:00,15
1547,True,6,8343,100,2025-12-26 04:00:00,"0,1,2,4,7,13"
1558,True,2,640,100,2025-12-26 15:00:00,"7,9"
1567,True,3,385,100,2025-12-27 00:00:00,"0,7,8"
1585,True,16,65535,100,2025-12-27 18:00:00,"0,1,2,3,4,5,6,7,8,9,10,11,12,13,14,15"
1602,True,3,57344,100,2025-12-28 11:00:00,"13,14,15"
1620,True,10,27006,100,2025-12-29 05:00:00,"1,2,3,4,5,6,8,11,13,14"
1623,True,7,35544,100,2025-12-29 08:00:00,"3,4,6,7,9,11,15"
1654,True,10,28506,100,2025-12-30 15:00:00,"1,3,4,6,8,9,10,11,13,14"
1655,True,8,30432,100,2025-12-30 16:00:00,"5,6,7,9,10,12,13,14"
1661,True,1,64,100,2025-12-30 22:00:00,6
1682,True,11,32199,100,2025-12-31 22:00:00,"0,1,2,6,7,8,10,11,12,13,14"
1,True,16,65535,101,2025-10-21 01:00:00,"0,1,2,3,4,5,6,7,8,9,10,11,12,13,14,15"
9,True,12,65175,101,2025-10-21 09:00:00,"0,1,2,4,7,9,10,11,12,13,14,15"
15,True,2,4097,101,2025-10-21 15:00:00,"0,12"
17,True,14,65391,101,2025-10-21 17:00:00,"0,1,2,3,5,6,8,9,10,11,12,13,14,15"
25,True,13,64759,101,2025-10-22 01:00:00,"0,1,2,4,5,6,7,10,11,12,13,14,15"
59,True,15,65531,101,2025-10-23 11:00:00,"0,1,3,4,5,6,7,8,9,10,11,12,13,14,15"
68,True,12,64190,101,2025-10-23 20:00:00,"1,2,3,4,5,7,9,11,12,13,14,15"
93,True,9,43862,101,2025-10-24 21:00:00,"1,2,4,6,8,9,11,13,15"
94,True,8,50382,101,2025-10-24 22:00:00,"1,2,3,6,7,10,14,15"
95,True,14,65406,101,2025-10-24 23:00:00,"1,2,3,4,5,6,8,9,10,11,12,13,14,15"
98,True,13,64251,101,2025-10-25 02:00:00,"0,1,3,4,5,6,7,9,11,12,13,14,15"
112,True,4,676,101,2025-10-25 16:00:00,"2,5,7,9"
113,True,5,2691,101,2025-10-25 17:00:00,"0,1,7,9,11"
140,True,12,30590,101,2025-10-26 23:00:00,"1,2,3,4,5,6,8,9,10,12,13,14"
149,True,11,31676,101,2025-10-27 08:00:00,"2,3,4,5,7,8,9,11,12,13,14"
176,True,3,32808,101,2025-10-28 11:00:00,"3,5,15"
185,True,13,49115,101,2025-10-28 20:00:00,"0,1,3,4,6,7,8,9,10,11,12,13,15"
195,True,9,40602,101,2025-10-29 06:00:00,"1,3,4,7,9,10,11,12,15"
210,True,16,65535,101,2025-10-29 21:00:00,"0,1,2,3,4,5,6,7,8,9,10,11,12,13,14,15"
237,True,8,14949,101,2025-10-31 04:00:00,"0,2,5,6,9,11,12,13"
275,True,2,6,101,2025-11-01 21:00:00,"1,2"
277,True,11,63023,101,2025-11-01 23:00:00,"0,1,2,3,5,9,10,12,13,14,15"
282,True,15,65531,101,2025-11-02 04:00:00,"0,1,3,4,5,6,7,8,9,10,11,12,13,14,15"
301,True,6,20048,101,2025-11-02 23:00:00,"4,6,9,10,11,14"
302,True,6,4812,101,2025-11-03 00:00:00,"2,3,6,7,9,12"
309,True,9,62739,101,2025-11-03 07:00:00,"0,1,4,8,10,12,13,14,15"
310,True,6,8403,101,2025-11-03 08:00:00,"0,1,4,6,7,13"
350,True,15,49151,101,2025-11-05 00:00:00,"0,1,2,3,4,5,6,7,8,9,10,11,12,13,15"
378,True,9,26862,101,2025-11-06 04:00:00,"1,2,3,5,6,7,11,13,14"
379,True,4,2193,101,2025-11-06 05:00:00,"0,4,7,11"
466,True,4,49668,101,2025-11-09 23:00:00,"2,9,14,15"
481,True,13,57183,101,2025-11-10 14:00:00,"0,1,2,3,4,6,8,9,10,11,12,14,15"
503,True,10,63879,101,2025-11-11 12:00:00,"0,1,2,7,8,11,12,13,14,15"
505,True,14,47103,101,2025-11-11 14:00:00,"0,1,2,3,4,5,6,7,8,9,10,12,13,15"
506,True,2,16385,101,2025-11-11 15:00:00,"0,14"
509,True,14,65343,101,2025-11-11 18:00:00,"0,1,2,3,4,5,8,9,10,11,12,13,14,15"
538,True,11,40127,101,2025-11-12 23:00:00,"0,1,2,3,4,5,7,10,11,12,15"
589,True,3,400,101,2025-11-15 05:00:00,"4,7,8"
639,True,14,65375,101,2025-11-17 07:00:00,"0,1,2,3,4,6,8,9,10,11,12,13,14,15"
662,True,10,55533,101,2025-11-18 06:00:00,"0,2,3,5,6,7,11,12,14,15"
673,True,1,8,101,2025-11-18 17:00:00,3
678,True,15,32767,101,2025-11-18 22:00:00,"0,1,2,3,4,5,6,7,8,9,10,11,12,13,14"
710,True,1,1,101,2025-11-20 09:00:00,0
755,True,11,46841,101,2025-11-22 06:00:00,"0,3,4,5,6,7,9,10,12,13,15"
793,True,12,23935,101,2025-11-23 20:00:00,"0,1,2,3,4,5,6,8,10,11,12,14"
806,True,2,4352,101,2025-11-24 09:00:00,"8,12"
816,True,9,63794,101,2025-11-24 19:00:00,"1,4,5,8,11,12,13,14,15"
856,True,7,59907,101,2025-11-26 14:00:00,"0,1,9,11,13,14,15"
893,True,8,28360,101,2025-11-28 03:00:00,"3,6,7,9,10,11,13,14"
895,True,2,16392,101,2025-11-28 05:00:00,"3,14"
921,True,9,58678,101,2025-11-29 07:00:00,"1,2,4,5,8,10,13,14,15"
1006,True,7,53779,101,2025-12-03 03:00:00,"0,1,4,9,12,14,15"
1038,True,6,52236,101,2025-12-04 11:00:00,"2,3,10,11,14,15"
1047,True,16,65535,101,2025-12-04 20:00:00,"0,1,2,3,4,5,6,7,8,9,10,11,12,13,14,15"
1073,True,2,16388,101,2025-12-05 22:00:00,"2,14"
1083,True,10,6078,101,2025-12-06 08:00:00,"1,2,3,4,5,7,8,9,10,12"
1086,True,2,12288,101,2025-12-06 11:00:00,"12,13"
1107,True,10,48796,101,2025-12-07 11:00:00,"2,3,4,7,9,10,11,12,13,15"
1152,True,4,16422,101,2025-12-09 08:00:00,"1,2,5,14"
1153,True,10,62826,101,2025-12-09 09:00:00,"1,3,5,6,8,10,12,13,14,15"
1171,True,8,18138,101,2025-12-10 03:00:00,"1,3,4,6,7,9,10,14"
1172,True,14,49150,101,2025-12-10 04:00:00,"1,2,3,4,5,6,7,8,9,10,11,12,13,15"
1180,True,16,65535,101,2025-12-10 12:00:00,"0,1,2,3,4,5,6,7,8,9,10,11,12,13,14,15"
1236,True,12,65004,101,2025-12-12 20:00:00,"2,3,5,6,7,8,10,11,12,13,14,15"
1237,True,12,45049,101,2025-12-12 21:00:00,"0,3,4,5,6,7,8,9,10,11,13,15"
1262,True,2,20480,101,2025-12-14 01:00:00,"12,14"
1287,True,5,9314,101,2025-12-15 02:00:00,"1,5,6,10,13"
1314,True,6,35921,101,2025-12-16 05:00:00,"0,4,6,10,11,15"
1332,True,10,43199,101,2025-12-16 23:00:00,"0,1,2,3,4,5,7,11,13,15"
1381,True,14,63471,101,2025-12-19 03:00:00,"0,1,2,3,5,6,7,8,9,10,12,13,14,15"
1384,True,6,9485,101,2025-12-19 06:00:00,"0,2,3,8,10,13"
1385,True,10,64085,101,2025-12-19 07:00:00,"0,2,4,6,9,11,12,13,14,15"
1389,True,3,1296,101,2025-12-19 11:00:00,"4,8,10"
1392,True,7,29780,101,2025-12-19 14:00:00,"2,4,6,10,12,13,14"
1470,True,6,5893,101,2025-12-22 20:00:00,"0,2,8,9,10,12"
1553,True,8,29664,101,2025-12-26 10:00:00,"5,6,7,8,9,12,13,14"
1586,True,8,24416,101,2025-12-27 19:00:00,"5,6,8,9,10,11,12,14"
1587,True,6,50322,101,2025-12-27 20:00:00,"1,4,7,10,14,15"
1614,True,11,64867,101,2025-12-28 23:00:00,"0,1,5,6,8,10,11,12,13,14,15"
1617,True,13,32637,101,2025-12-29 02:00:00,"0,2,3,4,5,6,8,9,10,11,12,13,14"
1646,True,12,30079,101,2025-12-30 07:00:00,"0,1,2,3,4,5,6,8,10,12,13,14"
1654,True,11,60380,101,2025-12-30 15:00:00,"2,3,4,6,7,8,9,11,13,14,15"
1669,True,14,65469,101,2025-12-31 09:00:00,"0,2,3,4,5,7,8,9,10,11,12,13,14,15"
1673,True,4,2070,101,2025-12-31 13:00:00,"1,2,4,11"
1678,True,3,32960,101,2025-12-31 18:00:00,"6,7,15"
2,True,12,48621,102,2025-10-21 02:00:00,"0,2,3,5,6,7,8,10,11,12,13,15"
3,True,15,49151,102,2025-10-21 03:00:00,"0,1,2,3,4,5,6,7,8,9,10,11,12,13,15"
20,True,8,53581,102,2025-10-21 20:00:00,"0,2,3,6,8,12,14,15"
26,True,15,65527,102,2025-10-22 02:00:00,"0,1,2,4,5,6,7,8,9,10,11,12,13,14,15"
29,True,7,39752,102,2025-10-22 05:00:00,"3,6,8,9,11,12,15"
38,True,14,65515,102,2025-10-22 14:00:00,"0,1,3,5,6,7,8,9,10,11,12,13,14,15"
46,True,4,35336,102,2025-10-22 22:00:00,"3,9,11,15"
72,True,6,40066,102,2025-10-24 00:00:00,"1,7,10,11,12,15"
118,True,14,65015,102,2025-10-25 22:00:00,"0,1,2,4,5,6,7,8,10,11,12,13,14,15"
120,True,11,28652,102,2025-10-26 03:00:00,"2,3,5,6,7,8,9,10,11,13,14"
152,True,6,37036,102,2025-10-27 11:00:00,"2,3,5,7,12,15"
157,True,2,12288,102,2025-10-27 16:00:00,"12,13"
170,True,1,32,102,2025-10-28 05:00:00,5
219,True,5,2220,102,2025-10-30 06:00:00,"2,3,5,7,11"
222,True,6,19978,102,2025-10-30 13:00:00,"1,3,9,10,11,14"
270,True,6,17809,102,2025-11-01 16:00:00,"0,4,7,8,10,14"
290,True,9,59188,102,2025-11-02 12:00:00,"2,4,5,8,9,10,13,14,15"
354,True,15,65023,102,2025-11-05 04:00:00,"0,1,2,3,4,5,6,7,8,10,11,12,13,14,15"
371,True,5,33294,102,2025-11-05 21:00:00,"1,2,3,9,15"
400,True,13,48111,102,2025-11-07 05:00:00,"0,1,2,3,5,6,7,8,9,11,12,13,15"
411,True,1,128,102,2025-11-07 16:00:00,7
455,True,14,16383,102,2025-11-09 12:00:00,"0,1,2,3,4,5,6,7,8,9,10,11,12,13"
459,True,10,32568,102,2025-11-09 16:00:00,"3,4,5,8,9,10,11,12,13,14"
522,True,15,64511,102,2025-11-12 07:00:00,"0,1,2,3,4,5,6,7,8,9,11,12,13,14,15"
538,True,5,50244,102,2025-11-12 23:00:00,"2,6,10,14,15"
573,True,4,55296,102,2025-11-14 13:00:00,"11,12,14,15"
580,True,8,48708,102,2025-11-14 20:00:00,"2,6,9,10,11,12,13,15"
581,True,3,2320,102,2025-11-14 21:00:00,"4,8,11"
587,True,9,27469,102,2025-11-15 03:00:00,"0,2,3,6,8,9,11,13,14"
599,True,16,65535,102,2025-11-15 15:00:00,"0,1,2,3,4,5,6,7,8,9,10,11,12,13,14,15"
623,True,10,60370,102,2025-11-16 15:00:00,"1,4,6,7,8,9,11,13,14,15"
635,True,14,65530,102,2025-11-17 03:00:00,"1,3,4,5,6,7,8,9,10,11,12,13,14,15"
641,True,11,57854,102,2025-11-17 09:00:00,"1,2,3,4,5,6,7,8,13,14,15"
660,True,9,59864,102,2025-11-18 04:00:00,"3,4,6,7,8,11,13,14,15"
664,True,6,6684,102,2025-11-18 08:00:00,"2,3,4,9,11,12"
689,True,10,36763,102,2025-11-19 12:00:00,"0,1,3,4,7,8,9,10,11,15"
693,True,6,4810,102,2025-11-19 16:00:00,"1,3,6,7,9,12"
714,True,16,65535,102,2025-11-20 13:00:00,"0,1,2,3,4,5,6,7,8,9,10,11,12,13,14,15"
786,True,9,41718,102,2025-11-23 13:00:00,"1,2,4,5,6,7,9,13,15"
840,True,9,38620,102,2025-11-25 22:00:00,"2,3,4,6,7,9,10,12,15"
849,True,4,41090,102,2025-11-26 07:00:00,"1,7,13,15"
876,True,5,22848,102,2025-11-27 10:00:00,"6,8,11,12,14"
915,True,10,53995,102,2025-11-29 01:00:00,"0,1,3,5,6,7,9,12,14,15"
930,True,7,6739,102,2025-11-29 16:00:00,"0,1,4,6,9,11,12"
941,True,9,11063,102,2025-11-30 03:00:00,"0,1,2,4,5,8,9,11,13"
970,True,6,9832,102,2025-12-01 11:00:00,"3,5,6,9,10,13"
975,True,4,4364,102,2025-12-01 16:00:00,"2,3,8,12"
1040,True,6,5267,102,2025-12-04 13:00:00,"0,1,4,7,10,12"
1077,True,10,61817,102,2025-12-06 02:00:00,"0,3,4,5,6,8,12,13,14,15"
1089,True,4,8468,102,2025-12-06 14:00:00,"2,4,8,13"
1093,True,1,16384,102,2025-12-06 18:00:00,14
1095,True,3,24577,102,2025-12-06 20:00:00,"0,13,14"
1102,True,4,3108,102,2025-12-07 06:00:00,"2,5,10,11"
1107,True,14,64509,102,2025-12-07 11:00:00,"0,2,3,4,5,6,7,8,9,11,12,13,14,15"
1171,True,14,61423,102,2025-12-10 03:00:00,"0,1,2,3,5,6,7,8,9,10,11,13,14,15"
1189,True,9,17341,102,2025-12-10 21:00:00,"0,2,3,4,5,7,8,9,14"
1200,True,8,14036,102,2025-12-11 08:00:00,"2,4,6,7,9,10,12,13"
1222,True,16,65535,102,2025-12-12 06:00:00,"0,1,2,3,4,5,6,7,8,9,10,11,12,13,14,15"
1239,True,7,52064,102,2025-12-12 23:00:00,"5,6,8,9,11,14,15"
1253,True,4,9240,102,2025-12-13 16:00:00,"3,4,10,13"
1255,True,1,64,102,2025-12-13 18:00:00,6
1271,True,4,5408,102,2025-12-14 10:00:00,"5,8,10,12"
1298,True,6,54017,102,2025-12-15 13:00:00,"0,8,9,12,14,15"
1304,True,12,57255,102,2025-12-15 19:00:00,"0,1,2,5,7,8,9,10,11,12,14,15"
1326,True,9,23737,102,2025-12-16 17:00:00,"0,3,4,5,7,10,11,12,14"
1379,True,10,27867,102,2025-12-18 22:00:00,"0,1,3,4,6,7,10,11,13,14"
1414,True,14,32703,102,2025-12-20 12:00:00,"0,1,2,3,4,5,7,8,9,10,11,12,13,14"
1439,True,14,61438,102,2025-12-21 13:00:00,"1,2,3,4,5,6,7,8,9,10,11,13,14,15"
1455,True,14,65518,102,2025-12-22 05:00:00,"1,2,3,5,6,7,8,9,10,11,12,13,14,15"
1488,True,8,55349,102,2025-12-23 14:00:00,"0,2,4,5,11,12,14,15"
1523,True,4,8962,102,2025-12-25 04:00:00,"1,8,9,13"
1525,True,9,3573,102,2025-12-25 06:00:00,"0,2,4,5,6,7,8,10,11"
1532,True,6,45329,102,2025-12-25 13:00:00,"0,4,8,12,13,15"
1542,True,10,43707,102,2025-12-25 23:00:00,"0,1,3,4,5,7,9,11,13,15"
1555,True,16,65535,102,2025-12-26 12:00:00,"0,1,2,3,4,5,6,7,8,9,10,11,12,13,14,15"
1565,True,6,10080,102,2025-12-26 22:00:00,"5,6,8,9,10,13"
1566,True,7,58396,102,2025-12-26 23:00:00,"2,3,4,10,13,14,15"
1571,True,3,16513,102,2025-12-27 04:00:00,"0,7,14"
1589,True,15,65533,102,2025-12-27 22:00:00,"0,2,3,4,5,6,7,8,9,10,11,12,13,14,15"
1602,True,13,65014,102,2025-12-28 11:00:00,"1,2,4,5,6,7,8,10,11,12,13,14,15"
1633,True,12,63679,102,2025-12-29 18:00:00,"0,1,2,3,4,5,7,11,12,13,14,15"
1650,True,9,48666,102,2025-12-30 11:00:00,"1,3,4,9,10,11,12,13,15"
1661,True,2,66,102,2025-12-30 22:00:00,"1,6"
1675,True,7,52002,102,2025-12-31 15:00:00,"1,5,8,9,11,14,15"
9,True,2,65,103,2025-10-21 09:00:00,"0,6"
23,True,6,37460,103,2025-10-21 23:00:00,"2,4,6,9,12,15"
36,True,7,42061,103,2025-10-22 12:00:00,"0,2,3,6,10,13,15"
43,True,9,18103,103,2025-10-22 19:00:00,"0,1,2,4,5,7,9,10,14"
61,True,4,41280,103,2025-10-23 13:00:00,"6,8,13,15"
70,True,13,48095,103,2025-10-23 22:00:00,"0,1,2,3,4,6,7,8,9,11,12,13,15"
145,True,4,2440,103,2025-10-27 04:00:00,"3,7,8,11"
147,True,12,60158,103,2025-10-27 06:00:00,"1,2,3,4,5,6,7,9,11,13,14,15"
154,True,7,54313,103,2025-10-27 13:00:00,"0,3,5,10,12,14,15"
198,True,13,55263,103,2025-10-29 09:00:00,"0,1,2,3,4,6,7,8,9,10,12,14,15"
204,True,14,62975,103,2025-10-29 15:00:00,"0,1,2,3,4,5,6,7,8,10,12,13,14,15"
233,True,4,16406,103,2025-10-31 00:00:00,"1,2,4,14"
293,True,7,37112,103,2025-11-02 15:00:00,"3,4,5,6,7,12,15"
314,True,7,35491,103,2025-11-03 12:00:00,"0,1,5,7,9,11,15"
317,True,13,54783,103,2025-11-03 15:00:00,"0,1,2,3,4,5,6,7,8,10,12,14,15"
336,True,7,55842,103,2025-11-04 10:00:00,"1,5,9,11,12,14,15"
356,True,16,65535,103,2025-11-05 06:00:00,"0,1,2,3,4,5,6,7,8,9,10,11,12,13,14,15"
360,True,7,27161,103,2025-11-05 10:00:00,"0,3,4,9,11,13,14"
378,True,1,8192,103,2025-11-06 04:00:00,13
415,True,6,45574,103,2025-11-07 20:00:00,"1,2,9,12,13,15"
425,True,15,65471,103,2025-11-08 06:00:00,"0,1,2,3,4,5,7,8,9,10,11,12,13,14,15"
433,True,13,61430,103,2025-11-08 14:00:00,"1,2,4,5,6,7,8,9,10,11,13,14,15"
458,True,9,46548,103,2025-11-09 15:00:00,"2,4,6,7,8,10,12,13,15"
524,True,14,65499,103,2025-11-12 09:00:00,"0,1,3,4,6,7,8,9,10,11,12,13,14,15"
525,True,3,20512,103,2025-11-12 10:00:00,"5,12,14"
528,True,11,48981,103,2025-11-12 13:00:00,"0,2,4,6,8,9,10,11,12,13,15"
529,True,11,62685,103,2025-11-12 14:00:00,"0,2,3,4,6,7,10,12,13,14,15"
652,True,4,16426,103,2025-11-17 20:00:00,"1,3,5,14"
678,True,11,65113,103,2025-11-18 22:00:00,"0,3,4,6,9,10,11,12,13,14,15"
741,True,13,28669,103,2025-11-21 16:00:00,"0,2,3,4,5,6,7,8,9,10,11,13,14"
767,True,7,11476,103,2025-11-22 18:00:00,"2,4,6,7,10,11,13"
838,True,9,64273,103,2025-11-25 20:00:00,"0,4,8,9,11,12,13,14,15"
842,True,12,47359,103,2025-11-26 00:00:00,"0,1,2,3,4,5,6,7,11,12,13,15"
933,True,11,30694,103,2025-11-29 19:00:00,"1,2,5,6,7,8,9,10,12,13,14"
946,True,5,117,103,2025-11-30 08:00:00,"0,2,4,5,6"
953,True,3,16641,103,2025-11-30 15:00:00,"0,8,14"
968,True,12,64638,103,2025-12-01 09:00:00,"1,2,3,4,5,6,10,11,12,13,14,15"
1022,True,15,49151,103,2025-12-03 19:00:00,"0,1,2,3,4,5,6,7,8,9,10,11,12,13,15"
1062,True,2,32784,103,2025-12-05 11:00:00,"4,15"
1073,True,16,65535,103,2025-12-05 22:00:00,"0,1,2,3,4,5,6,7,8,9,10,11,12,13,14,15"
1102,True,12,60410,103,2025-12-07 06:00:00,"1,3,4,5,6,7,8,9,11,13,14,15"
1124,True,7,23952,103,2025-12-08 04:00:00,"4,7,8,10,11,12,14"
1138,True,9,15580,103,2025-12-08 18:00:00,"2,3,4,6,7,10,11,12,13"
1139,True,14,65399,103,2025-12-08 19:00:00,"0,1,2,4,5,6,8,9,10,11,12,13,14,15"
1153,True,9,29582,103,2025-12-09 09:00:00,"1,2,3,7,8,9,12,13,14"
1164,True,13,62911,103,2025-12-09 20:00:00,"0,1,2,3,4,5,7,8,10,12,13,14,15"
1173,True,14,57311,103,2025-12-10 05:00:00,"0,1,2,3,4,6,7,8,9,10,11,12,14,15"
1183,True,4,32852,103,2025-12-10 15:00:00,"2,4,6,15"
1200,True,16,65535,103,2025-12-11 08:00:00,"0,1,2,3,4,5,6,7,8,9,10,11,12,13,14,15"
1209,True,5,9920,103,2025-12-11 17:00:00,"6,7,9,10,13"
1216,True,13,65014,103,2025-12-12 00:00:00,"1,2,4,5,6,7,8,10,11,12,13,14,15"
1232,True,6,25794,103,2025-12-12 16:00:00,"1,6,7,10,13,14"
1248,True,4,1045,103,2025-12-13 11:00:00,"0,2,4,10"
1266,True,14,65021,103,2025-12-14 05:00:00,"0,2,3,4,5,6,7,8,10,11,12,13,14,15"
1296,True,5,53314,103,2025-12-15 11:00:00,"1,6,12,14,15"
1302,True,4,20744,103,2025-12-15 17:00:00,"3,8,12,14"
1318,True,11,55273,103,2025-12-16 09:00:00,"0,3,5,6,7,8,9,10,12,14,15"
1325,True,9,30625,103,2025-12-16 16:00:00,"0,5,7,8,9,10,12,13,14"
1328,True,13,59359,103,2025-12-16 19:00:00,"0,1,2,3,4,6,7,8,9,10,13,14,15"
1349,True,10,31218,103,2025-12-17 16:00:00,"1,4,5,6,7,8,11,12,13,14"
1393,True,11,34303,103,2025-12-19 15:00:00,"0,1,2,3,4,5,6,7,8,10,15"
1394,True,2,320,103,2025-12-19 16:00:00,"6,8"
1400,True,8,9021,103,2025-12-19 22:00:00,"0,2,3,4,5,8,9,13"
1404,True,12,57015,103,2025-12-20 02:00:00,"0,1,2,4,5,7,9,10,11,12,14,15"
1413,True,1,256,103,2025-12-20 11:00:00,8
1422,True,2,1025,103,2025-12-20 20:00:00,"0,10"
1425,True,5,8965,103,2025-12-20 23:00:00,"0,2,8,9,13"
1428,True,5,51520,103,2025-12-21 02:00:00,"6,8,11,14,15"
1477,True,3,4612,103,2025-12-23 03:00:00,"2,9,12"
1494,True,9,23398,103,2025-12-23 20:00:00,"1,2,5,6,8,9,11,12,14"
1520,True,15,65531,103,2025-12-24 22:00:00,"0,1,3,4,5,6,7,8,9,10,11,12,13,14,15"
1551,True,13,64891,103,2025-12-26 08:00:00,"0,1,3,4,5,6,8,10,11,12,13,14,15"
1573,True,2,96,103,2025-12-27 06:00:00,"5,6"
1597,True,1,32,103,2025-12-28 06:00:00,5
1636,True,3,16704,103,2025-12-29 21:00:00,"6,8,14"
14,True,4,6658,104,2025-10-21 14:00:00,"1,9,11,12"
30,True,6,20876,104,2025-10-22 06:00:00,"2,3,7,8,12,14"
36,True,12,47551,104,2025-10-22 12:00:00,"0,1,2,3,4,5,7,8,11,12,13,15"
51,True,2,16640,104,2025-10-23 03:00:00,"8,14"
59,True,5,2348,104,2025-10-23 11:00:00,"2,3,5,8,11"
82,True,2,9216,104,2025-10-24 10:00:00,"10,13"
88,True,11,32569,104,2025-10-24 16:00:00,"0,3,4,5,8,9,10,11,12,13,14"
119,True,5,33876,104,2025-10-25 23:00:00,"2,4,6,10,15"
152,True,6,33225,104,2025-10-27 11:00:00,"0,3,6,7,8,15"
162,True,2,8448,104,2025-10-27 21:00:00,"8,13"
174,True,7,22557,104,2025-10-28 09:00:00,"0,2,3,4,11,12,14"
181,True,11,53114,104,2025-10-28 16:00:00,"1,3,4,5,6,8,9,10,11,14,15"
191,True,3,97,104,2025-10-29 02:00:00,"0,5,6"
216,True,8,36212,104,2025-10-30 03:00:00,"2,4,5,6,8,10,11,15"
241,True,15,65471,104,2025-10-31 08:00:00,"0,1,2,3,4,5,7,8,9,10,11,12,13,14,15"
246,True,4,10336,104,2025-10-31 13:00:00,"5,6,11,13"
250,True,2,16448,104,2025-10-31 17:00:00,"6,14"
267,True,16,65535,104,2025-11-01 13:00:00,"0,1,2,3,4,5,6,7,8,9,10,11,12,13,14,15"
279,True,7,60488,104,2025-11-02 01:00:00,"3,6,10,11,13,14,15"
280,True,2,33280,104,2025-11-02 02:00:00,"9,15"
319,True,4,33153,104,2025-11-03 17:00:00,"0,7,8,15"
352,True,5,52736,104,2025-11-05 02:00:00,"9,10,11,14,15"
358,True,7,62212,104,2025-11-05 08:00:00,"2,8,9,12,13,14,15"
402,True,2,9,104,2025-11-07 07:00:00,"0,3"
418,True,11,47927,104,2025-11-07 23:00:00,"0,1,2,4,5,8,9,11,12,13,15"
449,True,6,50220,104,2025-11-09 06:00:00,"2,3,5,10,14,15"
489,True,7,29986,104,2025-11-10 22:00:00,"1,5,8,10,12,13,14"
493,True,14,65406,104,2025-11-11 02:00:00,"1,2,3,4,5,6,8,9,10,11,12,13,14,15"
506,True,10,36559,104,2025-11-11 15:00:00,"0,1,2,3,6,7,9,10,11,15"
511,True,2,513,104,2025-11-11 20:00:00,"0,9"
586,True,7,10610,104,2025-11-15 02:00:00,"1,4,5,6,8,11,13"
623,True,3,336,104,2025-11-16 15:00:00,"4,6,8"
626,True,10,1023,104,2025-11-16 18:00:00,"0,1,2,3,4,5,6,7,8,9"
630,True,2,16640,104,2025-11-16 22:00:00,"8,14"
658,True,16,65535,104,2025-11-18 02:00:00,"0,1,2,3,4,5,6,7,8,9,10,11,12,13,14,15"
670,True,7,35158,104,2025-11-18 14:00:00,"1,2,4,6,8,11,15"
671,True,10,12153,104,2025-11-18 15:00:00,"0,3,4,5,6,8,9,10,11,13"
674,True,6,8620,104,2025-11-18 18:00:00,"2,3,5,7,8,13"
723,True,15,65534,104,2025-11-20 22:00:00,"1,2,3,4,5,6,7,8,9,10,11,12,13,14,15"
757,True,6,18776,104,2025-11-22 08:00:00,"3,4,6,8,11,14"
792,True,12,61823,104,2025-11-23 19:00:00,"0,1,2,3,4,5,6,8,12,13,14,15"
812,True,10,12268,104,2025-11-24 15:00:00,"2,3,5,6,7,8,9,10,11,13"
835,True,7,55569,104,2025-11-25 17:00:00,"0,4,8,11,12,14,15"
841,True,2,4352,104,2025-11-25 23:00:00,"8,12"
874,True,11,62450,104,2025-11-27 08:00:00,"1,4,5,6,7,8,9,12,13,14,15"
876,True,3,1288,104,2025-11-27 10:00:00,"3,8,10"
892,True,1,2,104,2025-11-28 02:00:00,1
900,True,5,16427,104,2025-11-28 10:00:00,"0,1,3,5,14"
917,True,3,16394,104,2025-11-29 03:00:00,"1,3,14"
921,True,4,9233,104,2025-11-29 07:00:00,"0,4,10,13"
929,True,3,304,104,2025-11-29 15:00:00,"4,5,8"
960,True,11,62167,104,2025-11-30 22:00:00,"0,1,2,4,6,7,9,12,13,14,15"
962,True,14,65247,104,2025-12-01 03:00:00,"0,1,2,3,4,6,7,9,10,11,12,13,14,15"
1044,True,7,20961,104,2025-12-04 17:00:00,"0,5,6,7,8,12,14"
1045,True,2,4112,104,2025-12-04 18:00:00,"4,12"
1061,True,4,10560,104,2025-12-05 10:00:00,"6,8,11,13"
1072,True,8,34531,104,2025-12-05 21:00:00,"0,1,5,6,7,9,10,15"
1081,True,11,65082,104,2025-12-06 06:00:00,"1,3,4,5,9,10,11,12,13,14,15"
1100,True,9,48024,104,2025-12-07 04:00:00,"3,4,7,8,9,11,12,13,15"
1141,True,10,7415,104,2025-12-08 21:00:00,"0,1,2,4,5,6,7,10,11,12"
1185,True,9,3759,104,2025-12-10 17:00:00,"0,1,2,3,5,7,9,10,11"
1220,True,16,65535,104,2025-12-12 04:00:00,"0,1,2,3,4,5,6,7,8,9,10,11,12,13,14,15"
1222,True,3,32773,104,2025-12-12 06:00:00,"0,2,15"
1226,True,9,58682,104,2025-12-12 10:00:00,"1,3,4,5,8,10,13,14,15"
1242,True,9,48661,104,2025-12-13 05:00:00,"0,2,4,9,10,11,12,13,15"
1250,True,12,65117,104,2025-12-13 13:00:00,"0,2,3,4,6,9,10,11,12,13,14,15"
1255,True,5,35096,104,2025-12-13 18:00:00,"3,4,8,11,15"
1374,True,16,65535,104,2025-12-18 17:00:00,"0,1,2,3,4,5,6,7,8,9,10,11,12,13,14,15"
1390,True,15,65023,104,2025-12-19 12:00:00,"0,1,2,3,4,5,6,7,8,10,11,12,13,14,15"
1401,True,15,63487,104,2025-12-19 23:00:00,"0,1,2,3,4,5,6,7,8,9,10,12,13,14,15"
1454,True,12,60795,104,2025-12-22 04:00:00,"0,1,3,4,5,6,8,10,11,13,14,15"
1474,True,11,56727,104,2025-12-23 00:00:00,"0,1,2,4,7,8,10,11,12,14,15"
1507,True,3,8258,104,2025-12-24 09:00:00,"1,6,13"
1535,True,2,2049,104,2025-12-25 16:00:00,"0,11"
1555,True,3,32774,104,2025-12-26 12:00:00,"1,2,15"
1557,True,11,65308,104,2025-12-26 14:00:00,"2,3,4,8,9,10,11,12,13,14,15"
1579,True,1,1,104,2025-12-27 12:00:00,0
1581,True,4,2720,104,2025-12-27 14:00:00,"5,7,9,11"
1586,True,7,13537,104,2025-12-27 19:00:00,"0,5,6,7,10,12,13"
1588,True,5,32965,104,2025-12-27 21:00:00,"0,2,6,7,15"
1594,True,4,24594,104,2025-12-28 03:00:00,"1,4,13,14"
1608,True,10,32454,104,2025-12-28 17:00:00,"1,2,6,7,9,10,11,12,13,14"
1618,True,13,65374,104,2025-12-29 03:00:00,"1,2,3,4,6,8,9,10,11,12,13,14,15"
1648,True,13,65311,104,2025-12-30 09:00:00,"0,1,2,3,4,8,9,10,11,12,13,14,15"
20,True,1,128,105,2025-10-21 20:00:00,7
21,True,16,65535,105,2025-10-21 21:00:00,"0,1,2,3,4,5,6,7,8,9,10,11,12,13,14,15"
38,True,3,8706,105,2025-10-22 14:00:00,"1,9,13"
41,True,16,65535,105,2025-10-22 17:00:00,"0,1,2,3,4,5,6,7,8,9,10,11,12,13,14,15"
69,True,14,30719,105,2025-10-23 21:00:00,"0,1,2,3,4,5,6,7,8,9,10,12,13,14"
71,True,12,49084,105,2025-10-23 23:00:00,"2,3,4,5,7,8,9,10,11,12,13,15"
101,True,9,54861,105,2025-10-25 05:00:00,"0,2,3,6,9,10,12,14,15"
115,True,13,14335,105,2025-10-25 19:00:00,"0,1,2,3,4,5,6,7,8,9,10,12,13"
126,True,4,18704,105,2025-10-26 09:00:00,"4,8,11,14"
181,True,15,65533,105,2025-10-28 16:00:00,"0,2,3,4,5,6,7,8,9,10,11,12,13,14,15"
186,True,16,65535,105,2025-10-28 21:00:00,"0,1,2,3,4,5,6,7,8,9,10,11,12,13,14,15"
227,True,5,33356,105,2025-10-30 18:00:00,"2,3,6,9,15"
237,True,5,49441,105,2025-10-31 04:00:00,"0,5,8,14,15"
259,True,9,12227,105,2025-11-01 05:00:00,"0,1,6,7,8,9,10,11,13"
283,True,13,24574,105,2025-11-02 05:00:00,"1,2,3,4,5,6,7,8,9,10,11,12,14"
314,True,6,34121,105,2025-11-03 12:00:00,"0,3,6,8,10,15"
328,True,8,38445,105,2025-11-04 02:00:00,"0,2,3,5,9,10,12,15"
334,True,3,37888,105,2025-11-04 08:00:00,"10,12,15"
343,True,1,128,105,2025-11-04 17:00:00,7
360,True,4,32992,105,2025-11-05 10:00:00,"5,6,7,15"
374,True,13,61055,105,2025-11-06 00:00:00,"0,1,2,3,4,5,6,9,10,11,13,14,15"
392,True,11,24279,105,2025-11-06 18:00:00,"0,1,2,4,6,7,9,10,11,12,14"
399,True,9,51630,105,2025-11-07 04:00:00,"1,2,3,5,7,8,11,14,15"
419,True,7,52002,105,2025-11-08 00:00:00,"1,5,8,9,11,14,15"
421,True,12,59119,105,2025-11-08 02:00:00,"0,1,2,3,5,6,7,9,10,13,14,15"
423,True,12,61111,105,2025-11-08 04:00:00,"0,1,2,4,5,7,9,10,11,13,14,15"
432,True,8,23724,105,2025-11-08 13:00:00,"2,3,5,7,10,11,12,14"
464,True,3,4116,105,2025-11-09 21:00:00,"2,4,12"
466,True,2,260,105,2025-11-09 23:00:00,"2,8"
467,True,5,45584,105,2025-11-10 00:00:00,"4,9,12,13,15"
480,True,8,25038,105,2025-11-10 13:00:00,"1,2,3,6,7,8,13,14"
488,True,1,32,105,2025-11-10 21:00:00,5
512,True,5,50308,105,2025-11-11 21:00:00,"2,7,10,14,15"
527,True,16,65535,105,2025-11-12 12:00:00,"0,1,2,3,4,5,6,7,8,9,10,11,12,13,14,15"
591,True,5,47108,105,2025-11-15 07:00:00,"2,11,12,13,15"
665,True,15,65471,105,2025-11-18 09:00:00,"0,1,2,3,4,5,7,8,9,10,11,12,13,14,15"
677,True,10,43897,105,2025-11-18 21:00:00,"0,3,4,5,6,8,9,11,13,15"
691,True,7,5647,105,2025-11-19 14:00:00,"0,1,2,3,9,10,12"
694,True,8,51534,105,2025-11-19 17:00:00,"1,2,3,6,8,11,14,15"
697,True,9,12006,105,2025-11-19 20:00:00,"1,2,5,6,7,9,10,11,13"
719,True,16,65535,105,2025-11-20 18:00:00,"0,1,2,3,4,5,6,7,8,9,10,11,12,13,14,15"
751,True,11,21887,105,2025-11-22 02:00:00,"0,1,2,3,4,5,6,8,10,12,14"
765,True,3,8210,105,2025-11-22 16:00:00,"1,4,13"
767,True,6,35203,105,2025-11-22 18:00:00,"0,1,7,8,11,15"
840,True,7,1724,105,2025-11-25 22:00:00,"2,3,4,5,7,9,10"
873,True,3,24704,105,2025-11-27 07:00:00,"7,13,14"
886,True,13,65020,105,2025-11-27 20:00:00,"2,3,4,5,6,7,8,10,11,12,13,14,15"
904,True,12,32063,105,2025-11-28 14:00:00,"0,1,2,3,4,5,8,10,11,12,13,14"
918,True,15,64511,105,2025-11-29 04:00:00,"0,1,2,3,4,5,6,7,8,9,11,12,13,14,15"
953,True,13,63357,105,2025-11-30 15:00:00,"0,2,3,4,5,6,8,9,10,12,13,14,15"
972,True,14,49143,105,2025-12-01 13:00:00,"0,1,2,4,5,6,7,8,9,10,11,12,13,15"
977,True,15,65527,105,2025-12-01 18:00:00,"0,1,2,4,5,6,7,8,9,10,11,12,13,14,15"
984,True,1,8192,105,2025-12-02 01:00:00,13
1007,True,11,60871,105,2025-12-03 04:00:00,"0,1,2,6,7,8,10,11,13,14,15"
1008,True,3,4240,105,2025-12-03 05:00:00,"4,7,12"
1035,True,4,17413,105,2025-12-04 08:00:00,"0,2,10,14"
1052,True,2,3,105,2025-12-05 01:00:00,"0,1"
1057,True,15,65527,105,2025-12-05 06:00:00,"0,1,2,4,5,6,7,8,9,10,11,12,13,14,15"
1100,True,9,21993,105,2025-12-07 04:00:00,"0,3,5,6,7,8,10,12,14"
1138,True,7,6833,105,2025-12-08 18:00:00,"0,4,5,7,9,11,12"
1145,True,4,17156,105,2025-12-09 01:00:00,"2,8,9,14"
1148,True,9,41843,105,2025-12-09 04:00:00,"0,1,4,5,6,8,9,13,15"
1154,True,7,35241,105,2025-12-09 10:00:00,"0,3,5,7,8,11,15"
1172,True,14,64255,105,2025-12-10 04:00:00,"0,1,2,3,4,5,6,7,9,11,12,13,14,15"
1173,True,2,16416,105,2025-12-10 05:00:00,"5,14"
1189,True,1,128,105,2025-12-10 21:00:00,7
1196,True,12,61271,105,2025-12-11 04:00:00,"0,1,2,4,6,8,9,10,11,13,14,15"
1210,True,2,513,105,2025-12-11 18:00:00,"0,9"
1224,True,10,56236,105,2025-12-12 08:00:00,"2,3,5,7,8,9,11,12,14,15"
1226,True,13,64443,105,2025-12-12 10:00:00,"0,1,3,4,5,7,8,9,11,12,13,14,15"
1237,True,16,65535,105,2025-12-12 21:00:00,"0,1,2,3,4,5,6,7,8,9,10,11,12,13,14,15"
1239,True,11,15838,105,2025-12-12 23:00:00,"1,2,3,4,6,7,8,10,11,12,13"
1296,True,12,63323,105,2025-12-15 11:00:00,"0,1,3,4,6,8,9,10,12,13,14,15"
1344,True,14,16383,105,2025-12-17 11:00:00,"0,1,2,3,4,5,6,7,8,9,10,11,12,13"
1383,True,16,65535,105,2025-12-19 05:00:00,"0,1,2,3,4,5,6,7,8,9,10,11,12,13,14,15"
1387,True,4,37920,105,2025-12-19 09:00:00,"5,10,12,15"
1440,True,5,8970,105,2025-12-21 14:00:00,"1,3,8,9,13"
1487,True,5,12836,105,2025-12-23 13:00:00,"2,5,9,12,13"
1494,True,4,2580,105,2025-12-23 20:00:00,"2,4,9,11"
1512,True,7,41039,105,2025-12-24 14:00:00,"0,1,2,3,6,13,15"
1523,True,1,8,105,2025-12-25 04:00:00,3
1547,True,5,4321,105,2025-12-26 04:00:00,"0,5,6,7,12"
1557,True,11,64220,105,2025-12-26 14:00:00,"2,3,4,6,7,9,11,12,13,14,15"
1573,True,1,256,105,2025-12-27 06:00:00,8
1577,True,4,10760,105,2025-12-27 10:00:00,"3,9,11,13"
1623,True,16,65535,105,2025-12-29 08:00:00,"0,1,2,3,4,5,6,7,8,9,10,11,12,13,14,15"
1627,True,13,16382,105,2025-12-29 12:00:00,"1,2,3,4,5,6,7,8,9,10,11,12,13"
1637,True,12,12223,105,2025-12-29 22:00:00,"0,1,2,3,4,5,7,8,9,10,11,13"
1657,True,11,61361,105,2025-12-30 18:00:00,"0,4,5,7,8,9,10,11,13,14,15"
1,True,7,5539,106,2025-10-21 01:00:00,"0,1,5,7,8,10,12"
15,True,6,30272,106,2025-10-21 15:00:00,"6,9,10,12,13,14"
37,True,10,55981,106,2025-10-22 13:00:00,"0,2,3,5,7,9,11,12,14,15"
49,True,1,512,106,2025-10-23 01:00:00,9
68,True,2,264,106,2025-10-23 20:00:00,"3,8"
81,True,11,59831,106,2025-10-24 09:00:00,"0,1,2,4,5,7,8,11,13,14,15"
114,True,14,32639,106,2025-10-25 18:00:00,"0,1,2,3,4,5,6,8,9,10,11,12,13,14"
123,True,9,14215,106,2025-10-26 06:00:00,"0,1,2,7,8,9,10,12,13"
132,True,6,17555,106,2025-10-26 15:00:00,"0,1,4,7,10,14"
138,True,15,63487,106,2025-10-26 21:00:00,"0,1,2,3,4,5,6,7,8,9,10,12,13,14,15"
165,True,8,7833,106,2025-10-28 00:00:00,"0,3,4,7,9,10,11,12"
166,True,2,4112,106,2025-10-28 01:00:00,"4,12"
195,True,5,33539,106,2025-10-29 06:00:00,"0,1,8,9,15"
206,True,11,39915,106,2025-10-29 17:00:00,"0,1,3,5,6,7,8,9,11,12,15"
243,True,1,32768,106,2025-10-31 10:00:00,15
246,True,1,256,106,2025-10-31 13:00:00,8
268,True,14,63479,106,2025-11-01 14:00:00,"0,1,2,4,5,6,7,8,9,10,12,13,14,15"
272,True,8,25781,106,2025-11-01 18:00:00,"0,2,4,5,7,10,13,14"
274,True,7,5447,106,2025-11-01 20:00:00,"0,1,2,6,8,10,12"
353,True,12,31614,106,2025-11-05 03:00:00,"1,2,3,4,5,6,8,9,11,12,13,14"
355,True,12,64830,106,2025-11-05 05:00:00,"1,2,3,4,5,8,10,11,12,13,14,15"
379,True,15,65407,106,2025-11-06 05:00:00,"0,1,2,3,4,5,6,8,9,10,11,12,13,14,15"
388,True,15,65527,106,2025-11-06 14:00:00,"0,1,2,4,5,6,7,8,9,10,11,12,13,14,15"
389,True,5,20553,106,2025-11-06 15:00:00,"0,3,6,12,14"
400,True,14,64509,106,2025-11-07 05:00:00,"0,2,3,4,5,6,7,8,9,11,12,13,14,15"
408,True,5,17930,106,2025-11-07 13:00:00,"1,3,9,10,14"
453,True,12,63741,106,2025-11-09 10:00:00,"0,2,3,4,5,6,7,11,12,13,14,15"
459,True,5,20868,106,2025-11-09 16:00:00,"2,7,8,12,14"
467,True,2,3,106,2025-11-10 00:00:00,"0,1"
480,True,1,512,106,2025-11-10 13:00:00,9
536,True,4,33313,106,2025-11-12 21:00:00,"0,5,9,15"
564,True,1,16384,106,2025-11-14 04:00:00,14
592,True,7,31300,106,2025-11-15 08:00:00,"2,6,9,11,12,13,14"
601,True,4,401,106,2025-11-15 17:00:00,"0,4,7,8"
602,True,7,25484,106,2025-11-15 18:00:00,"2,3,7,8,9,13,14"
620,True,3,546,106,2025-11-16 12:00:00,"1,5,9"
628,True,5,8518,106,2025-11-16 20:00:00,"1,2,6,8,13"
661,True,12,53111,106,2025-11-18 05:00:00,"0,1,2,4,5,6,8,9,10,11,14,15"
699,True,15,65534,106,2025-11-19 22:00:00,"1,2,3,4,5,6,7,8,9,10,11,12,13,14,15"
727,True,2,260,106,2025-11-21 02:00:00,"2,8"
734,True,13,47871,106,2025-11-21 09:00:00,"0,1,2,3,4,5,6,7,9,11,12,13,15"
740,True,2,1088,106,2025-11-21 15:00:00,"6,10"
747,True,3,4099,106,2025-11-21 22:00:00,"0,1,12"
751,True,1,128,106,2025-11-22 02:00:00,7
759,True,14,65515,106,2025-11-22 10:00:00,"0,1,3,5,6,7,8,9,10,11,12,13,14,15"
790,True,11,55933,106,2025-11-23 17:00:00,"0,2,3,4,5,6,9,11,12,14,15"
811,True,8,19143,106,2025-11-24 14:00:00,"0,1,2,6,7,9,11,14"
817,True,15,65279,106,2025-11-24 20:00:00,"0,1,2,3,4,5,6,7,9,10,11,12,13,14,15"
819,True,2,288,106,2025-11-24 22:00:00,"5,8"
869,True,12,52863,106,2025-11-27 03:00:00,"0,1,2,3,4,5,6,9,10,11,14,15"
902,True,10,51837,106,2025-11-28 12:00:00,"0,2,3,4,5,6,9,11,14,15"
907,True,11,46067,106,2025-11-28 17:00:00,"0,1,4,5,6,7,8,9,12,13,15"
931,True,4,49792,106,2025-11-29 17:00:00,"7,9,14,15"
935,True,5,26240,106,2025-11-29 21:00:00,"7,9,10,13,14"
952,True,11,60889,106,2025-11-30 14:00:00,"0,3,4,6,7,8,10,11,13,14,15"
1037,True,2,80,106,2025-12-04 10:00:00,"4,6"
1040,True,14,64479,106,2025-12-04 13:00:00,"0,1,2,3,4,6,7,8,9,11,12,13,14,15"
1091,True,11,48625,106,2025-12-06 16:00:00,"0,4,5,6,7,8,10,11,12,13,15"
1095,True,6,24920,106,2025-12-06 20:00:00,"3,4,6,8,13,14"
1101,True,5,6194,106,2025-12-07 05:00:00,"1,4,5,11,12"
1108,True,9,62353,106,2025-12-07 12:00:00,"0,4,7,8,9,12,13,14,15"
1122,True,13,57340,106,2025-12-08 02:00:00,"2,3,4,5,6,7,8,9,10,11,12,14,15"
1162,True,3,515,106,2025-12-09 18:00:00,"0,1,9"
1175,True,12,59386,106,2025-12-10 07:00:00,"1,3,4,5,6,7,8,9,10,13,14,15"
1177,True,2,32800,106,2025-12-10 09:00:00,"5,15"
1178,True,9,24895,106,2025-12-10 10:00:00,"0,1,2,3,4,5,8,13,14"
1217,True,11,31989,106,2025-12-12 01:00:00,"0,2,4,5,6,7,10,11,12,13,14"
1222,True,1,256,106,2025-12-12 06:00:00,8
1224,True,16,65535,106,2025-12-12 08:00:00,"0,1,2,3,4,5,6,7,8,9,10,11,12,13,14,15"
1242,True,6,43106,106,2025-12-13 05:00:00,"1,5,6,11,13,15"
1291,True,3,88,106,2025-12-15 06:00:00,"3,4,6"
1292,True,15,65471,106,2025-12-15 07:00:00,"0,1,2,3,4,5,7,8,9,10,11,12,13,14,15"
1304,True,6,9620,106,2025-12-15 19:00:00,"2,4,7,8,10,13"
1383,True,9,31822,106,2025-12-19 05:00:00,"1,2,3,6,10,11,12,13,14"
1403,True,1,2048,106,2025-12-20 01:00:00,11
1412,True,7,50457,106,2025-12-20 10:00:00,"0,3,4,8,10,14,15"
1415,True,2,8194,106,2025-12-20 13:00:00,"1,13"
1416,True,1,128,106,2025-12-20 14:00:00,7
1439,True,1,2,106,2025-12-21 13:00:00,1
1482,True,13,56823,106,2025-12-23 08:00:00,"0,1,2,4,5,6,7,8,10,11,12,14,15"
1533,True,7,1877,106,2025-12-25 14:00:00,"0,2,4,6,8,9,10"
1548,True,11,64783,106,2025-12-26 05:00:00,"0,1,2,3,8,10,11,12,13,14,15"
1578,True,5,57480,106,2025-12-27 11:00:00,"3,7,13,14,15"
1598,True,16,65535,106,2025-12-28 07:00:00,"0,1,2,3,4,5,6,7,8,9,10,11,12,13,14,15"
1650,True,2,2560,106,2025-12-30 11:00:00,"9,11"
1655,True,15,65519,106,2025-12-30 16:00:00,"0,1,2,3,5,6,7,8,9,10,11,12,13,14,15"
1660,True,15,65407,106,2025-12-30 21:00:00,"0,1,2,3,4,5,6,8,9,10,11,12,13,14,15"
12,True,11,44021,107,2025-10-21 12:00:00,"0,2,4,5,6,7,8,9,11,13,15"
21,True,13,65521,107,2025-10-21 21:00:00,"0,4,5,6,7,8,9,10,11,12,13,14,15"
22,True,6,3908,107,2025-10-21 22:00:00,"2,6,8,9,10,11"
31,True,8,27532,107,2025-10-22 07:00:00,"2,3,7,8,9,11,13,14"
53,True,12,38903,107,2025-10-23 05:00:00,"0,1,2,4,5,6,7,8,9,10,12,15"
109,True,13,65423,107,2025-10-25 13:00:00,"0,1,2,3,7,8,9,10,11,12,13,14,15"
110,True,16,65535,107,2025-10-25 14:00:00,"0,1,2,3,4,5,6,7,8,9,10,11,12,13,14,15"
121,True,5,14432,107,2025-10-26 04:00:00,"5,6,11,12,13"
127,True,3,28672,107,2025-10-26 10:00:00,"12,13,14"
144,True,4,49792,107,2025-10-27 03:00:00,"7,9,14,15"
147,True,10,23996,107,2025-10-27 06:00:00,"2,3,4,5,7,8,10,11,12,14"
148,True,12,48875,107,2025-10-27 07:00:00,"0,1,3,5,6,7,9,10,11,12,13,15"
156,True,10,50543,107,2025-10-27 15:00:00,"0,1,2,3,5,6,8,10,14,15"
184,True,5,41250,107,2025-10-28 19:00:00,"1,5,8,13,15"
214,True,9,8011,107,2025-10-30 01:00:00,"0,1,3,6,8,9,10,11,12"
228,True,3,24578,107,2025-10-30 19:00:00,"1,13,14"
229,True,7,61634,107,2025-10-30 20:00:00,"1,6,7,12,13,14,15"
231,True,11,55767,107,2025-10-30 22:00:00,"0,1,2,4,6,7,8,11,12,14,15"
241,True,3,1096,107,2025-10-31 08:00:00,"3,6,10"
251,True,11,32318,107,2025-10-31 18:00:00,"1,2,3,4,5,9,10,11,12,13,14"
274,True,7,58690,107,2025-11-01 20:00:00,"1,6,8,10,13,14,15"
311,True,8,17531,107,2025-11-03 09:00:00,"0,1,3,4,5,6,10,14"
312,True,15,65471,107,2025-11-03 10:00:00,"0,1,2,3,4,5,7,8,9,10,11,12,13,14,15"
329,True,4,16920,107,2025-11-04 03:00:00,"3,4,9,14"
334,True,5,4181,107,2025-11-04 08:00:00,"0,2,4,6,12"
389,True,6,15874,107,2025-11-06 15:00:00,"1,9,10,11,12,13"
406,True,14,64503,107,2025-11-07 11:00:00,"0,1,2,4,5,6,7,8,9,11,12,13,14,15"
409,True,11,61176,107,2025-11-07 14:00:00,"3,4,5,6,7,9,10,11,13,14,15"
414,True,15,63487,107,2025-11-07 19:00:00,"0,1,2,3,4,5,6,7,8,9,10,12,13,14,15"
421,True,12,47991,107,2025-11-08 02:00:00,"0,1,2,4,5,6,8,9,11,12,13,15"
425,True,7,36982,107,2025-11-08 06:00:00,"1,2,4,5,6,12,15"
522,True,7,55044,107,2025-11-12 07:00:00,"2,8,9,10,12,14,15"
546,True,14,45055,107,2025-11-13 10:00:00,"0,1,2,3,4,5,6,7,8,9,10,11,13,15"
553,True,13,30715,107,2025-11-13 17:00:00,"0,1,3,4,5,6,7,8,9,10,12,13,14"
558,True,2,8320,107,2025-11-13 22:00:00,"7,13"
576,True,15,65279,107,2025-11-14 16:00:00,"0,1,2,3,4,5,6,7,9,10,11,12,13,14,15"
577,True,1,16384,107,2025-11-14 17:00:00,14
614,True,12,15357,107,2025-11-16 06:00:00,"0,2,3,4,5,6,7,8,9,11,12,13"
640,True,10,42415,107,2025-11-17 08:00:00,"0,1,2,3,5,7,8,10,13,15"
657,True,15,64511,107,2025-11-18 01:00:00,"0,1,2,3,4,5,6,7,8,9,11,12,13,14,15"
692,True,12,56047,107,2025-11-19 15:00:00,"0,1,2,3,5,6,7,9,11,12,14,15"
714,True,3,8228,107,2025-11-20 13:00:00,"2,5,13"
744,True,1,16384,107,2025-11-21 19:00:00,14
756,True,15,65023,107,2025-11-22 07:00:00,"0,1,2,3,4,5,6,7,8,10,11,12,13,14,15"
769,True,3,8352,107,2025-11-22 20:00:00,"5,7,13"
779,True,5,41616,107,2025-11-23 06:00:00,"4,7,9,13,15"
804,True,15,65279,107,2025-11-24 07:00:00,"0,1,2,3,4,5,6,7,9,10,11,12,13,14,15"
835,True,8,36245,107,2025-11-25 17:00:00,"0,2,4,7,8,10,11,15"
867,True,11,64205,107,2025-11-27 01:00:00,"0,2,3,6,7,9,11,12,13,14,15"
877,True,4,17666,107,2025-11-27 11:00:00,"1,8,10,14"
931,True,12,36735,107,2025-11-29 17:00:00,"0,1,2,3,4,5,6,8,9,10,11,15"
933,True,15,63487,107,2025-11-29 19:00:00,"0,1,2,3,4,5,6,7,8,9,10,12,13,14,15"
987,True,2,34816,107,2025-12-02 04:00:00,"11,15"
990,True,7,59940,107,2025-12-02 07:00:00,"2,5,9,11,13,14,15"
992,True,4,3081,107,2025-12-02 09:00:00,"0,3,10,11"
1027,True,6,32973,107,2025-12-04 00:00:00,"0,2,3,6,7,15"
1098,True,15,32767,107,2025-12-06 23:00:00,"0,1,2,3,4,5,6,7,8,9,10,11,12,13,14"
1131,True,3,9232,107,2025-12-08 11:00:00,"4,10,13"
1144,True,12,60410,107,2025-12-09 00:00:00,"1,3,4,5,6,7,8,9,11,13,14,15"
1151,True,8,30360,107,2025-12-09 07:00:00,"3,4,7,9,10,12,13,14"
1159,True,5,18608,107,2025-12-09 15:00:00,"4,5,7,11,14"
1173,True,4,8354,107,2025-12-10 05:00:00,"1,5,7,13"
1226,True,13,57151,107,2025-12-12 10:00:00,"0,1,2,3,4,5,8,9,10,11,12,14,15"
1233,True,5,2257,107,2025-12-12 17:00:00,"0,4,6,7,11"
1247,True,11,34783,107,2025-12-13 10:00:00,"0,1,2,3,4,6,7,8,9,10,15"
1251,True,15,65407,107,2025-12-13 14:00:00,"0,1,2,3,4,5,6,8,9,10,11,12,13,14,15"
1292,True,9,56349,107,2025-12-15 07:00:00,"0,2,3,4,10,11,12,14,15"
1308,True,16,65535,107,2025-12-15 23:00:00,"0,1,2,3,4,5,6,7,8,9,10,11,12,13,14,15"
1321,True,16,65535,107,2025-12-16 12:00:00,"0,1,2,3,4,5,6,7,8,9,10,11,12,13,14,15"
1323,True,12,28662,107,2025-12-16 14:00:00,"1,2,4,5,6,7,8,9,10,11,13,14"
1348,True,2,2050,107,2025-12-17 15:00:00,"1,11"
1389,True,11,15991,107,2025-12-19 11:00:00,"0,1,2,4,5,6,9,10,11,12,13"
1393,True,11,39743,107,2025-12-19 15:00:00,"0,1,2,3,4,5,8,9,11,12,15"
1404,True,4,42240,107,2025-12-20 02:00:00,"8,10,13,15"
1432,True,7,15427,107,2025-12-21 06:00:00,"0,1,6,10,11,12,13"
1470,True,9,16022,107,2025-12-22 20:00:00,"1,2,4,7,9,10,11,12,13"
1489,True,1,256,107,2025-12-23 15:00:00,8
1509,True,12,61117,107,2025-12-24 11:00:00,"0,2,3,4,5,7,9,10,11,13,14,15"
1568,True,10,63783,107,2025-12-27 01:00:00,"0,1,2,5,8,11,12,13,14,15"
1625,True,14,64959,107,2025-12-29 10:00:00,"0,1,2,3,4,5,7,8,10,11,12,13,14,15"
1633,True,4,28928,107,2025-12-29 18:00:00,"8,12,13,14"
1640,True,8,52929,107,2025-12-30 01:00:00,"0,6,7,9,10,11,14,15"
1665,True,8,1463,107,2025-12-31 05:00:00,"0,1,2,4,5,7,8,10"
22,True,15,65527,108,2025-10-21 22:00:00,"0,1,2,4,5,6,7,8,9,10,11,12,13,14,15"
45,True,16,65535,108,2025-10-22 21:00:00,"0,1,2,3,4,5,6,7,8,9,10,11,12,13,14,15"
57,True,6,52737,108,2025-10-23 09:00:00,"0,9,10,11,14,15"
74,True,2,96,108,2025-10-24 02:00:00,"5,6"
119,True,10,38811,108,2025-10-25 23:00:00,"0,1,3,4,7,8,9,10,12,15"
127,True,7,727,108,2025-10-26 10:00:00,"0,1,2,4,6,7,9"
133,True,8,36011,108,2025-10-26 16:00:00,"0,1,3,5,7,10,11,15"
166,True,5,1428,108,2025-10-28 01:00:00,"2,4,7,8,10"
181,True,2,8704,108,2025-10-28 16:00:00,"9,13"
188,True,13,32127,108,2025-10-28 23:00:00,"0,1,2,3,4,5,6,8,10,11,12,13,14"
291,True,3,19,108,2025-11-02 13:00:00,"0,1,4"
336,True,2,8256,108,2025-11-04 10:00:00,"6,13"
341,True,16,65535,108,2025-11-04 15:00:00,"0,1,2,3,4,5,6,7,8,9,10,11,12,13,14,15"
354,True,14,64895,108,2025-11-05 04:00:00,"0,1,2,3,4,5,6,8,10,11,12,13,14,15"
362,True,1,1,108,2025-11-05 12:00:00,0
401,True,7,57638,108,2025-11-07 06:00:00,"1,2,5,8,13,14,15"
404,True,7,20811,108,2025-11-07 09:00:00,"0,1,3,6,8,12,14"
444,True,1,512,108,2025-11-09 01:00:00,9
451,True,13,63355,108,2025-11-09 08:00:00,"0,1,3,4,5,6,8,9,10,12,13,14,15"
459,True,12,65146,108,2025-11-09 16:00:00,"1,3,4,5,6,9,10,11,12,13,14,15"
467,True,2,4128,108,2025-11-10 00:00:00,"5,12"
509,True,13,24574,108,2025-11-11 18:00:00,"1,2,3,4,5,6,7,8,9,10,11,12,14"
542,True,4,300,108,2025-11-13 06:00:00,"2,3,5,8"
560,True,14,30719,108,2025-11-14 00:00:00,"0,1,2,3,4,5,6,7,8,9,10,12,13,14"
569,True,4,6216,108,2025-11-14 09:00:00,"3,6,11,12"
580,True,15,64511,108,2025-11-14 20:00:00,"0,1,2,3,4,5,6,7,8,9,11,12,13,14,15"
603,True,9,19386,108,2025-11-15 19:00:00,"1,3,4,5,7,8,9,11,14"
605,True,7,44082,108,2025-11-15 21:00:00,"1,4,5,10,11,13,15"
616,True,7,15121,108,2025-11-16 08:00:00,"0,4,8,9,11,12,13"
619,True,16,65535,108,2025-11-16 11:00:00,"0,1,2,3,4,5,6,7,8,9,10,11,12,13,14,15"
623,True,15,65503,108,2025-11-16 15:00:00,"0,1,2,3,4,6,7,8,9,10,11,12,13,14,15"
641,True,16,65535,108,2025-11-17 09:00:00,"0,1,2,3,4,5,6,7,8,9,10,11,12,13,14,15"
662,True,7,39586,108,2025-11-18 06:00:00,"1,5,7,9,11,12,15"
674,True,5,34920,108,2025-11-18 18:00:00,"3,5,6,11,15"
717,True,6,19224,108,2025-11-20 16:00:00,"3,4,8,9,11,14"
770,True,3,38,108,2025-11-22 21:00:00,"1,2,5"
776,True,1,256,108,2025-11-23 03:00:00,8
789,True,4,32838,108,2025-11-23 16:00:00,"1,2,6,15"
813,True,9,22358,108,2025-11-24 16:00:00,"1,2,4,6,8,9,10,12,14"
872,True,14,49135,108,2025-11-27 06:00:00,"0,1,2,3,5,6,7,8,9,10,11,12,13,15"
885,True,14,57087,108,2025-11-27 19:00:00,"0,1,2,3,4,5,6,7,9,10,11,12,14,15"
887,True,15,65279,108,2025-11-27 21:00:00,"0,1,2,3,4,5,6,7,9,10,11,12,13,14,15"
918,True,4,2244,108,2025-11-29 04:00:00,"2,6,7,11"
934,True,16,65535,108,2025-11-29 20:00:00,"0,1,2,3,4,5,6,7,8,9,10,11,12,13,14,15"
950,True,15,64511,108,2025-11-30 12:00:00,"0,1,2,3,4,5,6,7,8,9,11,12,13,14,15"
955,True,2,192,108,2025-11-30 17:00:00,"6,7"
963,True,12,60367,108,2025-12-01 04:00:00,"0,1,2,3,6,7,8,9,11,13,14,15"
971,True,7,11814,108,2025-12-01 12:00:00,"1,2,5,9,10,11,13"
987,True,6,41102,108,2025-12-02 04:00:00,"1,2,3,7,13,15"
1033,True,16,65535,108,2025-12-04 06:00:00,"0,1,2,3,4,5,6,7,8,9,10,11,12,13,14,15"
1043,True,9,46309,108,2025-12-04 16:00:00,"0,2,5,6,7,10,12,13,15"
1048,True,6,50691,108,2025-12-04 21:00:00,"0,1,9,10,14,15"
1065,True,14,65501,108,2025-12-05 14:00:00,"0,2,3,4,6,7,8,9,10,11,12,13,14,15"
1072,True,15,32767,108,2025-12-05 21:00:00,"0,1,2,3,4,5,6,7,8,9,10,11,12,13,14"
1076,True,1,8192,108,2025-12-06 01:00:00,13
1091,True,16,65535,108,2025-12-06 16:00:00,"0,1,2,3,4,5,6,7,8,9,10,11,12,13,14,15"
1094,True,1,32768,108,2025-12-06 19:00:00,15
1144,True,11,52639,108,2025-12-09 00:00:00,"0,1,2,3,4,7,8,10,11,14,15"
1159,True,2,72,108,2025-12-09 15:00:00,"3,6"
1178,True,9,53013,108,2025-12-10 10:00:00,"0,2,4,8,9,10,11,14,15"
1224,True,15,65519,108,2025-12-12 08:00:00,"0,1,2,3,5,6,7,8,9,10,11,12,13,14,15"
1282,True,15,65503,108,2025-12-14 21:00:00,"0,1,2,3,4,6,7,8,9,10,11,12,13,14,15"
1355,True,15,63487,108,2025-12-17 22:00:00,"0,1,2,3,4,5,6,7,8,9,10,12,13,14,15"
1380,True,9,35804,108,2025-12-18 23:00:00,"2,3,4,6,7,8,9,11,15"
1414,True,12,65079,108,2025-12-20 12:00:00,"0,1,2,4,5,9,10,11,12,13,14,15"
1418,True,11,63322,108,2025-12-20 16:00:00,"1,3,4,6,8,9,10,12,13,14,15"
1426,True,15,65534,108,2025-12-21 00:00:00,"1,2,3,4,5,6,7,8,9,10,11,12,13,14,15"
1437,True,10,60726,108,2025-12-21 11:00:00,"1,2,4,5,8,10,11,13,14,15"
1465,True,13,65509,108,2025-12-22 15:00:00,"0,2,5,6,7,8,9,10,11,12,13,14,15"
1474,True,5,8524,108,2025-12-23 00:00:00,"2,3,6,8,13"
1500,True,12,52734,108,2025-12-24 02:00:00,"1,2,3,4,5,6,7,8,10,11,14,15"
1509,True,13,45051,108,2025-12-24 11:00:00,"0,1,3,4,5,6,7,8,9,10,11,13,15"
1528,True,9,50414,108,2025-12-25 09:00:00,"1,2,3,5,6,7,10,14,15"
1549,True,14,55295,108,2025-12-26 06:00:00,"0,1,2,3,4,5,6,7,8,9,10,12,14,15"
1646,True,12,30707,108,2025-12-30 07:00:00,"0,1,4,5,6,7,8,9,10,12,13,14"
1650,True,11,31481,108,2025-12-30 11:00:00,"0,3,4,5,6,7,9,11,12,13,14"
1659,True,16,65535,108,2025-12-30 20:00:00,"0,1,2,3,4,5,6,7,8,9,10,11,12,13,14,15"
1680,True,7,19622,108,2025-12-31 20:00:00,"1,2,5,7,10,11,14"
6,True,6,37044,109,2025-10-21 06:00:00,"2,4,5,7,12,15"
28,True,5,50320,109,2025-10-22 04:00:00,"4,7,10,14,15"
35,True,7,50229,109,2025-10-22 11:00:00,"0,2,4,5,10,14,15"
36,True,11,57003,109,2025-10-22 12:00:00,"0,1,3,5,7,9,10,11,12,14,15"
41,True,14,32511,109,2025-10-22 17:00:00,"0,1,2,3,4,5,6,7,9,10,11,12,13,14"
71,True,6,3504,109,2025-10-23 23:00:00,"4,5,7,8,10,11"
74,True,9,46285,109,2025-10-24 02:00:00,"0,2,3,6,7,10,12,13,15"
107,True,5,46088,109,2025-10-25 11:00:00,"3,10,12,13,15"
114,True,7,15427,109,2025-10-25 18:00:00,"0,1,6,10,11,12,13"
180,True,4,4688,109,2025-10-28 15:00:00,"4,6,9,12"
199,True,3,4105,109,2025-10-29 10:00:00,"0,3,12"
226,True,7,58576,109,2025-10-30 17:00:00,"4,6,7,10,13,14,15"
286,True,3,2065,109,2025-11-02 08:00:00,"0,4,11"
287,True,5,17926,109,2025-11-02 09:00:00,"1,2,9,10,14"
305,True,12,12159,109,2025-11-03 03:00:00,"0,1,2,3,4,5,6,8,9,10,11,13"
309,True,15,65534,109,2025-11-03 07:00:00,"1,2,3,4,5,6,7,8,9,10,11,12,13,14,15"
330,True,2,17408,109,2025-11-04 04:00:00,"10,14"
388,True,9,61531,109,2025-11-06 14:00:00,"0,1,3,4,6,12,13,14,15"
396,True,1,1024,109,2025-11-06 22:00:00,10
406,True,8,12067,109,2025-11-07 11:00:00,"0,1,5,8,9,10,11,13"
419,True,14,63485,109,2025-11-08 00:00:00,"0,2,3,4,5,6,7,8,9,10,12,13,14,15"
499,True,16,65535,109,2025-11-11 08:00:00,"0,1,2,3,4,5,6,7,8,9,10,11,12,13,14,15"
530,True,9,23353,109,2025-11-12 15:00:00,"0,3,4,5,8,9,11,12,14"
537,True,10,48969,109,2025-11-12 22:00:00,"0,3,6,8,9,10,11,12,13,15"
592,True,8,2797,109,2025-11-15 08:00:00,"0,2,3,5,6,7,9,11"
608,True,13,64894,109,2025-11-16 00:00:00,"1,2,3,4,5,6,8,10,11,12,13,14,15"
679,True,16,65535,109,2025-11-18 23:00:00,"0,1,2,3,4,5,6,7,8,9,10,11,12,13,14,15"
755,True,15,49151,109,2025-11-22 06:00:00,"0,1,2,3,4,5,6,7,8,9,10,11,12,13,15"
759,True,8,22354,109,2025-11-22 10:00:00,"1,4,6,8,9,10,12,14"
768,True,8,49625,109,2025-11-22 19:00:00,"0,3,4,6,7,8,14,15"
773,True,9,60443,109,2025-11-23 00:00:00,"0,1,3,4,10,11,13,14,15"
774,True,1,32768,109,2025-11-23 01:00:00,15
783,True,3,2054,109,2025-11-23 10:00:00,"1,2,11"
797,True,9,11507,109,2025-11-24 00:00:00,"0,1,4,5,6,7,10,11,13"
806,True,11,15071,109,2025-11-24 09:00:00,"0,1,2,3,4,6,7,9,11,12,13"
828,True,15,65503,109,2025-11-25 10:00:00,"0,1,2,3,4,6,7,8,9,10,11,12,13,14,15"
833,True,15,65471,109,2025-11-25 15:00:00,"0,1,2,3,4,5,7,8,9,10,11,12,13,14,15"
837,True,4,6464,109,2025-11-25 19:00:00,"6,8,11,12"
854,True,5,13348,109,2025-11-26 12:00:00,"2,5,10,12,13"
865,True,1,8,109,2025-11-26 23:00:00,3
874,True,16,65535,109,2025-11-27 08:00:00,"0,1,2,3,4,5,6,7,8,9,10,11,12,13,14,15"
877,True,4,12801,109,2025-11-27 11:00:00,"0,9,12,13"
884,True,9,6136,109,2025-11-27 18:00:00,"3,4,5,6,7,8,9,10,12"
890,True,12,61308,109,2025-11-28 00:00:00,"2,3,4,5,6,8,9,10,11,13,14,15"
893,True,10,8178,109,2025-11-28 03:00:00,"1,4,5,6,7,8,9,10,11,12"
894,True,15,65023,109,2025-11-28 04:00:00,"0,1,2,3,4,5,6,7,8,10,11,12,13,14,15"
902,True,16,65535,109,2025-11-28 12:00:00,"0,1,2,3,4,5,6,7,8,9,10,11,12,13,14,15"
912,True,10,61206,109,2025-11-28 22:00:00,"1,2,4,8,9,10,11,13,14,15"
925,True,16,65535,109,2025-11-29 11:00:00,"0,1,2,3,4,5,6,7,8,9,10,11,12,13,14,15"
953,True,2,3,109,2025-11-30 15:00:00,"0,1"
957,True,13,64955,109,2025-11-30 19:00:00,"0,1,3,4,5,7,8,10,11,12,13,14,15"
959,True,16,65535,109,2025-11-30 21:00:00,"0,1,2,3,4,5,6,7,8,9,10,11,12,13,14,15"
982,True,10,12211,109,2025-12-01 23:00:00,"0,1,4,5,7,8,9,10,11,13"
998,True,6,21668,109,2025-12-02 19:00:00,"2,5,7,10,12,14"
1007,True,5,37410,109,2025-12-03 04:00:00,"1,5,9,12,15"
1010,True,13,65261,109,2025-12-03 07:00:00,"0,2,3,5,6,7,9,10,11,12,13,14,15"
1014,True,5,10309,109,2025-12-03 11:00:00,"0,2,6,11,13"
1032,True,12,28287,109,2025-12-04 05:00:00,"0,1,2,3,4,5,6,9,10,11,13,14"
1043,True,2,516,109,2025-12-04 16:00:00,"2,9"
1060,True,2,1026,109,2025-12-05 09:00:00,"1,10"
1065,True,5,37898,109,2025-12-05 14:00:00,"1,3,10,12,15"
1134,True,3,8452,109,2025-12-08 14:00:00,"2,8,13"
1137,True,4,49172,109,2025-12-08 17:00:00,"2,4,14,15"
1150,True,9,63689,109,2025-12-09 06:00:00,"0,3,6,7,11,12,13,14,15"
1162,True,1,1024,109,2025-12-09 18:00:00,10
1179,True,14,32765,109,2025-12-10 11:00:00,"0,2,3,4,5,6,7,8,9,10,11,12,13,14"
1206,True,14,65530,109,2025-12-11 14:00:00,"1,3,4,5,6,7,8,9,10,11,12,13,14,15"
1225,True,1,1024,109,2025-12-12 09:00:00,10
1239,True,4,10312,109,2025-12-12 23:00:00,"3,6,11,13"
1251,True,16,65535,109,2025-12-13 14:00:00,"0,1,2,3,4,5,6,7,8,9,10,11,12,13,14,15"
1255,True,1,32,109,2025-12-13 18:00:00,5
1276,True,15,65534,109,2025-12-14 15:00:00,"1,2,3,4,5,6,7,8,9,10,11,12,13,14,15"
1292,True,7,17230,109,2025-12-15 07:00:00,"1,2,3,6,8,9,14"
1369,True,7,24097,109,2025-12-18 12:00:00,"0,5,9,10,11,12,14"
1374,True,11,57258,109,2025-12-18 17:00:00,"1,3,5,7,8,9,10,11,12,14,15"
1381,True,8,60438,109,2025-12-19 03:00:00,"1,2,4,10,11,13,14,15"
1397,True,4,4196,109,2025-12-19 19:00:00,"2,5,6,12"
1407,True,16,65535,109,2025-12-20 05:00:00,"0,1,2,3,4,5,6,7,8,9,10,11,12,13,14,15"
1409,True,6,2424,109,2025-12-20 07:00:00,"3,4,5,6,8,11"
1422,True,9,55538,109,2025-12-20 20:00:00,"1,4,5,6,7,11,12,14,15"
1431,True,14,65518,109,2025-12-21 05:00:00,"1,2,3,5,6,7,8,9,10,11,12,13,14,15"
1437,True,10,57783,109,2025-12-21 11:00:00,"0,1,2,4,5,7,8,13,14,15"
1494,True,9,20270,109,2025-12-23 20:00:00,"1,2,3,5,8,9,10,11,14"
1497,True,15,65534,109,2025-12-23 23:00:00,"1,2,3,4,5,6,7,8,9,10,11,12,13,14,15"
1530,True,5,41616,109,2025-12-25 11:00:00,"4,7,9,13,15"
1539,True,5,2408,109,2025-12-25 20:00:00,"3,5,6,8,11"
1547,True,7,11476,109,2025-12-26 04:00:00,"2,4,6,7,10,11,13"
1570,True,15,63487,109,2025-12-27 03:00:00,"0,1,2,3,4,5,6,7,8,9,10,12,13,14,15"
1588,True,7,13411,109,2025-12-27 21:00:00,"0,1,5,6,10,12,13"
1591,True,11,57238,109,2025-12-28 00:00:00,"1,2,4,7,8,9,10,11,12,14,15"
1666,True,8,56612,109,2025-12-31 06:00:00,"2,5,8,10,11,12,14,15"
33,True,16,65535,110,2025-10-22 09:00:00,"0,1,2,3,4,5,6,7,8,9,10,11,12,13,14,15"
36,True,7,10721,110,2025-10-22 12:00:00,"0,5,6,7,8,11,13"
45,True,13,32727,110,2025-10-22 21:00:00,"0,1,2,4,6,7,8,9,10,11,12,13,14"
75,True,2,49152,110,2025-10-24 03:00:00,"14,15"
81,True,16,65535,110,2025-10-24 09:00:00,"0,1,2,3,4,5,6,7,8,9,10,11,12,13,14,15"
101,True,11,28523,110,2025-10-25 05:00:00,"0,1,3,5,6,8,9,10,11,13,14"
182,True,4,9281,110,2025-10-28 17:00:00,"0,6,10,13"
196,True,14,65518,110,2025-10-29 07:00:00,"1,2,3,5,6,7,8,9,10,11,12,13,14,15"
210,True,15,63487,110,2025-10-29 21:00:00,"0,1,2,3,4,5,6,7,8,9,10,12,13,14,15"
222,True,5,35472,110,2025-10-30 13:00:00,"4,7,9,11,15"
231,True,3,36868,110,2025-10-30 22:00:00,"2,12,15"
243,True,13,63983,110,2025-10-31 10:00:00,"0,1,2,3,5,6,7,8,11,12,13,14,15"
264,True,6,18224,110,2025-11-01 10:00:00,"4,5,8,9,10,14"
282,True,10,40719,110,2025-11-02 04:00:00,"0,1,2,3,8,9,10,11,12,15"
284,True,13,64975,110,2025-11-02 06:00:00,"0,1,2,3,6,7,8,10,11,12,13,14,15"
288,True,13,62462,110,2025-11-02 10:00:00,"1,2,3,4,5,6,7,8,9,12,13,14,15"
314,True,2,9,110,2025-11-03 12:00:00,"0,3"
359,True,5,17956,110,2025-11-05 09:00:00,"2,5,9,10,14"
365,True,13,62431,110,2025-11-05 15:00:00,"0,1,2,3,4,6,7,8,9,12,13,14,15"
371,True,13,48126,110,2025-11-05 21:00:00,"1,2,3,4,5,6,7,8,9,11,12,13,15"
378,True,2,20480,110,2025-11-06 04:00:00,"12,14"
389,True,15,61439,110,2025-11-06 15:00:00,"0,1,2,3,4,5,6,7,8,9,10,11,13,14,15"
408,True,2,10240,110,2025-11-07 13:00:00,"11,13"
431,True,1,64,110,2025-11-08 12:00:00,6
460,True,1,2,110,2025-11-09 17:00:00,1
493,True,13,40831,110,2025-11-11 02:00:00,"0,1,2,3,4,5,6,8,9,10,11,12,15"
495,True,6,32997,110,2025-11-11 04:00:00,"0,2,5,6,7,15"
526,True,4,2434,110,2025-11-12 11:00:00,"1,7,8,11"
543,True,6,24867,110,2025-11-13 07:00:00,"0,1,5,8,13,14"
612,True,7,34257,110,2025-11-16 04:00:00,"0,4,6,7,8,10,15"
641,True,8,5694,110,2025-11-17 09:00:00,"1,2,3,4,5,9,10,12"
658,True,8,19059,110,2025-11-18 02:00:00,"0,1,4,5,6,9,11,14"
672,True,2,8200,110,2025-11-18 16:00:00,"3,13"
697,True,5,18961,110,2025-11-19 20:00:00,"0,4,9,11,14"
707,True,14,63423,110,2025-11-20 06:00:00,"0,1,2,3,4,5,7,8,9,10,12,13,14,15"
722,True,12,32636,110,2025-11-20 21:00:00,"2,3,4,5,6,8,9,10,11,12,13,14"
760,True,16,65535,110,2025-11-22 11:00:00,"0,1,2,3,4,5,6,7,8,9,10,11,12,13,14,15"
772,True,7,3689,110,2025-11-22 23:00:00,"0,3,5,6,9,10,11"
805,True,5,33680,110,2025-11-24 08:00:00,"4,7,8,9,15"
807,True,9,49040,110,2025-11-24 10:00:00,"4,7,8,9,10,11,12,13,15"
882,True,16,65535,110,2025-11-27 16:00:00,"0,1,2,3,4,5,6,7,8,9,10,11,12,13,14,15"
893,True,11,47805,110,2025-11-28 03:00:00,"0,2,3,4,5,7,9,11,12,13,15"
905,True,9,23536,110,2025-11-28 15:00:00,"4,5,6,7,8,9,11,12,14"
930,True,9,55866,110,2025-11-29 16:00:00,"1,3,4,5,9,11,12,14,15"
975,True,16,65535,110,2025-12-01 16:00:00,"0,1,2,3,4,5,6,7,8,9,10,11,12,13,14,15"
978,True,15,32767,110,2025-12-01 19:00:00,"0,1,2,3,4,5,6,7,8,9,10,11,12,13,14"
1006,True,4,4613,110,2025-12-03 03:00:00,"0,2,9,12"
1062,True,15,65407,110,2025-12-05 11:00:00,"0,1,2,3,4,5,6,8,9,10,11,12,13,14,15"
1076,True,10,53075,110,2025-12-06 01:00:00,"0,1,4,6,8,9,10,11,14,15"
1088,True,13,60399,110,2025-12-06 13:00:00,"0,1,2,3,5,6,7,8,9,11,13,14,15"
1097,True,9,17895,110,2025-12-06 22:00:00,"0,1,2,5,6,7,8,10,14"
1107,True,3,17412,110,2025-12-07 11:00:00,"2,10,14"
1118,True,5,976,110,2025-12-07 22:00:00,"4,6,7,8,9"
1126,True,1,8,110,2025-12-08 06:00:00,3
1145,True,7,51040,110,2025-12-09 01:00:00,"5,6,8,9,10,14,15"
1152,True,7,44448,110,2025-12-09 08:00:00,"5,7,8,10,11,13,15"
1164,True,7,25875,110,2025-12-09 20:00:00,"0,1,4,8,10,13,14"
1179,True,3,4368,110,2025-12-10 11:00:00,"4,8,12"
1200,True,9,54898,110,2025-12-11 08:00:00,"1,4,5,6,9,10,12,14,15"
1217,True,11,48749,110,2025-12-12 01:00:00,"0,2,3,5,6,9,10,11,12,13,15"
1222,True,6,42250,110,2025-12-12 06:00:00,"1,3,8,10,13,15"
1253,True,16,65535,110,2025-12-13 16:00:00,"0,1,2,3,4,5,6,7,8,9,10,11,12,13,14,15"
1264,True,6,9749,110,2025-12-14 03:00:00,"0,2,4,9,10,13"
1276,True,2,32800,110,2025-12-14 15:00:00,"5,15"
1278,True,4,2328,110,2025-12-14 17:00:00,"3,4,8,11"
1283,True,6,39953,110,2025-12-14 22:00:00,"0,4,10,11,12,15"
1303,True,4,228,110,2025-12-15 18:00:00,"2,5,6,7"
1345,True,10,15858,110,2025-12-17 12:00:00,"1,4,5,6,7,8,10,11,12,13"
1362,True,12,32189,110,2025-12-18 05:00:00,"0,2,3,4,5,7,8,10,11,12,13,14"
1380,True,9,22126,110,2025-12-18 23:00:00,"1,2,3,5,6,9,10,12,14"
1391,True,14,32763,110,2025-12-19 13:00:00,"0,1,3,4,5,6,7,8,9,10,11,12,13,14"
1444,True,13,55263,110,2025-12-21 18:00:00,"0,1,2,3,4,6,7,8,9,10,12,14,15"
1445,True,14,65403,110,2025-12-21 19:00:00,"0,1,3,4,5,6,8,9,10,11,12,13,14,15"
1465,True,15,65407,110,2025-12-22 15:00:00,"0,1,2,3,4,5,6,8,9,10,11,12,13,14,15"
1481,True,3,6152,110,2025-12-23 07:00:00,"3,11,12"
1490,True,8,6001,110,2025-12-23 16:00:00,"0,4,5,6,8,9,10,12"
1532,True,9,27339,110,2025-12-25 13:00:00,"0,1,3,6,7,9,11,13,14"
1556,True,6,18882,110,2025-12-26 13:00:00,"1,6,7,8,11,14"
1557,True,12,64926,110,2025-12-26 14:00:00,"1,2,3,4,7,8,10,11,12,13,14,15"
1591,True,16,65535,110,2025-12-28 00:00:00,"0,1,2,3,4,5,6,7,8,9,10,11,12,13,14,15"
1607,True,1,1,110,2025-12-28 16:00:00,0
1615,True,5,57362,110,2025-12-29 00:00:00,"1,4,13,14,15"
1623,True,5,8585,110,2025-12-29 08:00:00,"0,3,7,8,13"
1636,True,3,33282,110,2025-12-29 21:00:00,"1,9,15"
1637,True,9,55389,110,2025-12-29 22:00:00,"0,2,3,4,6,11,12,14,15"
1643,True,16,65535,110,2025-12-30 04:00:00,"0,1,2,3,4,5,6,7,8,9,10,11,12,13,14,15"
1671,True,15,61439,110,2025-12-31 11:00:00,"0,1,2,3,4,5,6,7,8,9,10,11,13,14,15"
1677,True,5,24722,110,2025-12-31 17:00:00,"1,4,7,13,14"
1680,True,2,8200,110,2025-12-31 20:00:00,"3,13"
1,True,4,1035,111,2025-10-21 01:00:00,"0,1,3,10"
10,True,6,732,111,2025-10-21 10:00:00,"2,3,4,6,7,9"
37,True,3,112,111,2025-10-22 13:00:00,"4,5,6"
50,True,16,65535,111,2025-10-23 02:00:00,"0,1,2,3,4,5,6,7,8,9,10,11,12,13,14,15"
69,True,15,63487,111,2025-10-23 21:00:00,"0,1,2,3,4,5,6,7,8,9,10,12,13,14,15"
105,True,10,48732,111,2025-10-25 09:00:00,"2,3,4,6,9,10,11,12,13,15"
117,True,13,63295,111,2025-10-25 21:00:00,"0,1,2,3,4,5,8,9,10,12,13,14,15"
123,True,15,65407,111,2025-10-26 06:00:00,"0,1,2,3,4,5,6,8,9,10,11,12,13,14,15"
145,True,13,65255,111,2025-10-27 04:00:00,"0,1,2,5,6,7,9,10,11,12,13,14,15"
154,True,14,64479,111,2025-10-27 13:00:00,"0,1,2,3,4,6,7,8,9,11,12,13,14,15"
223,True,5,26644,111,2025-10-30 14:00:00,"2,4,11,13,14"
233,True,2,8200,111,2025-10-31 00:00:00,"3,13"
239,True,13,64379,111,2025-10-31 06:00:00,"0,1,3,4,5,6,8,9,11,12,13,14,15"
254,True,4,16964,111,2025-10-31 21:00:00,"2,6,9,14"
284,True,1,1024,111,2025-11-02 06:00:00,10
286,True,5,6816,111,2025-11-02 08:00:00,"5,7,9,11,12"
299,True,15,65407,111,2025-11-02 21:00:00,"0,1,2,3,4,5,6,8,9,10,11,12,13,14,15"
328,True,1,128,111,2025-11-04 02:00:00,7
330,True,15,65531,111,2025-11-04 04:00:00,"0,1,3,4,5,6,7,8,9,10,11,12,13,14,15"
336,True,7,49617,111,2025-11-04 10:00:00,"0,4,6,7,8,14,15"
344,True,6,45577,111,2025-11-04 18:00:00,"0,3,9,12,13,15"
355,True,7,27240,111,2025-11-05 05:00:00,"3,5,6,9,11,13,14"
365,True,16,65535,111,2025-11-05 15:00:00,"0,1,2,3,4,5,6,7,8,9,10,11,12,13,14,15"
382,True,7,12395,111,2025-11-06 08:00:00,"0,1,3,5,6,12,13"
506,True,4,12808,111,2025-11-11 15:00:00,"3,9,12,13"
525,True,14,49135,111,2025-11-12 10:00:00,"0,1,2,3,5,6,7,8,9,10,11,12,13,15"
553,True,16,65535,111,2025-11-13 17:00:00,"0,1,2,3,4,5,6,7,8,9,10,11,12,13,14,15"
592,True,1,32768,111,2025-11-15 08:00:00,15
609,True,15,32767,111,2025-11-16 01:00:00,"0,1,2,3,4,5,6,7,8,9,10,11,12,13,14"
659,True,3,41088,111,2025-11-18 03:00:00,"7,13,15"
661,True,4,40963,111,2025-11-18 05:00:00,"0,1,13,15"
675,True,4,8218,111,2025-11-18 19:00:00,"1,3,4,13"
692,True,16,65535,111,2025-11-19 15:00:00,"0,1,2,3,4,5,6,7,8,9,10,11,12,13,14,15"
711,True,15,65407,111,2025-11-20 10:00:00,"0,1,2,3,4,5,6,8,9,10,11,12,13,14,15"
769,True,15,65519,111,2025-11-22 20:00:00,"0,1,2,3,5,6,7,8,9,10,11,12,13,14,15"
799,True,15,63487,111,2025-11-24 02:00:00,"0,1,2,3,4,5,6,7,8,9,10,12,13,14,15"
814,True,13,59389,111,2025-11-24 17:00:00,"0,2,3,4,5,6,7,8,9,10,13,14,15"
845,True,2,2056,111,2025-11-26 03:00:00,"3,11"
904,True,15,65279,111,2025-11-28 14:00:00,"0,1,2,3,4,5,6,7,9,10,11,12,13,14,15"
938,True,9,15415,111,2025-11-30 00:00:00,"0,1,2,4,5,10,11,12,13"
954,True,14,64991,111,2025-11-30 16:00:00,"0,1,2,3,4,6,7,8,10,11,12,13,14,15"
999,True,12,22523,111,2025-12-02 20:00:00,"0,1,3,4,5,6,7,8,9,10,12,14"
1048,True,4,32841,111,2025-12-04 21:00:00,"0,3,6,15"
1067,True,4,57,111,2025-12-05 16:00:00,"0,3,4,5"
1071,True,15,65534,111,2025-12-05 20:00:00,"1,2,3,4,5,6,7,8,9,10,11,12,13,14,15"
1136,True,10,59515,111,2025-12-08 16:00:00,"0,1,3,4,5,6,11,13,14,15"
1143,True,5,4173,111,2025-12-08 23:00:00,"0,2,3,6,12"
1168,True,11,54199,111,2025-12-10 00:00:00,"0,1,2,4,5,7,8,9,12,14,15"
1200,True,9,62944,111,2025-12-11 08:00:00,"5,6,7,8,10,12,13,14,15"
1221,True,3,32808,111,2025-12-12 05:00:00,"3,5,15"
1237,True,7,17635,111,2025-12-12 21:00:00,"0,1,5,6,7,10,14"
1241,True,9,30534,111,2025-12-13 04:00:00,"1,2,6,8,9,10,12,13,14"
1266,True,9,23726,111,2025-12-14 05:00:00,"1,2,3,5,7,10,11,12,14"
1290,True,7,42296,111,2025-12-15 05:00:00,"3,4,5,8,10,13,15"
1317,True,1,8192,111,2025-12-16 08:00:00,13
1341,True,7,34601,111,2025-12-17 08:00:00,"0,3,5,8,9,10,15"
1350,True,2,66,111,2025-12-17 17:00:00,"1,6"
1360,True,2,16392,111,2025-12-18 03:00:00,"3,14"
1367,True,8,59415,111,2025-12-18 10:00:00,"0,1,2,4,11,13,14,15"
1420,True,11,46462,111,2025-12-20 18:00:00,"1,2,3,4,5,6,8,10,12,13,15"
1425,True,11,24427,111,2025-12-20 23:00:00,"0,1,3,5,6,8,9,10,11,12,14"
1428,True,1,32,111,2025-12-21 02:00:00,5
1432,True,3,16480,111,2025-12-21 06:00:00,"5,6,14"
1440,True,12,51167,111,2025-12-21 14:00:00,"0,1,2,3,4,6,7,8,9,10,14,15"
1453,True,16,65535,111,2025-12-22 03:00:00,"0,1,2,3,4,5,6,7,8,9,10,11,12,13,14,15"
1465,True,15,65407,111,2025-12-22 15:00:00,"0,1,2,3,4,5,6,8,9,10,11,12,13,14,15"
1468,True,6,14896,111,2025-12-22 18:00:00,"4,5,9,11,12,13"
1477,True,12,41983,111,2025-12-23 03:00:00,"0,1,2,3,4,5,6,7,8,9,13,15"
1504,True,2,33,111,2025-12-24 06:00:00,"0,5"
1508,True,5,25128,111,2025-12-24 10:00:00,"3,5,9,13,14"
1522,True,14,64479,111,2025-12-25 03:00:00,"0,1,2,3,4,6,7,8,9,11,12,13,14,15"
1535,True,5,17120,111,2025-12-25 16:00:00,"5,6,7,9,14"
1540,True,1,16,111,2025-12-25 21:00:00,4
1556,True,9,29635,111,2025-12-26 13:00:00,"0,1,6,7,8,9,12,13,14"
1571,True,14,57215,111,2025-12-27 04:00:00,"0,1,2,3,4,5,6,8,9,10,11,12,14,15"
1599,True,7,43285,111,2025-12-28 08:00:00,"0,2,4,8,11,13,15"
1616,True,8,52501,111,2025-12-29 01:00:00,"0,2,4,8,10,11,14,15"
1627,True,16,65535,111,2025-12-29 12:00:00,"0,1,2,3,4,5,6,7,8,9,10,11,12,13,14,15"
1643,True,13,48991,111,2025-12-30 04:00:00,"0,1,2,3,4,6,8,9,10,11,12,13,15"
1653,True,1,16384,111,2025-12-30 14:00:00,14
1658,True,7,9877,111,2025-12-30 19:00:00,"0,2,4,7,9,10,13"
1665,True,15,65279,111,2025-12-31 05:00:00,"0,1,2,3,4,5,6,7,9,10,11,12,13,14,15"
1668,True,11,60731,111,2025-12-31 08:00:00,"0,1,3,4,5,8,10,11,13,14,15"
1674,True,14,64767,111,2025-12-31 14:00:00,"0,1,2,3,4,5,6,7,10,11,12,13,14,15"
22,True,14,60927,112,2025-10-21 22:00:00,"0,1,2,3,4,5,6,7,8,10,11,13,14,15"
23,True,2,1280,112,2025-10-21 23:00:00,"8,10"
55,True,1,64,112,2025-10-23 07:00:00,6
58,True,6,45888,112,2025-10-23 10:00:00,"6,8,9,12,13,15"
105,True,12,64441,112,2025-10-25 09:00:00,"0,3,4,5,7,8,9,11,12,13,14,15"
125,True,4,1108,112,2025-10-26 08:00:00,"2,4,6,10"
139,True,15,49151,112,2025-10-26 22:00:00,"0,1,2,3,4,5,6,7,8,9,10,11,12,13,15"
146,True,1,1024,112,2025-10-27 05:00:00,10
152,True,16,65535,112,2025-10-27 11:00:00,"0,1,2,3,4,5,6,7,8,9,10,11,12,13,14,15"
174,True,14,65405,112,2025-10-28 09:00:00,"0,2,3,4,5,6,8,9,10,11,12,13,14,15"
185,True,10,24530,112,2025-10-28 20:00:00,"1,4,6,7,8,9,10,11,12,14"
196,True,11,27389,112,2025-10-29 07:00:00,"0,2,3,4,5,6,7,9,11,13,14"
263,True,4,51712,112,2025-11-01 09:00:00,"9,11,14,15"
265,True,16,65535,112,2025-11-01 11:00:00,"0,1,2,3,4,5,6,7,8,9,10,11,12,13,14,15"
266,True,16,65535,112,2025-11-01 12:00:00,"0,1,2,3,4,5,6,7,8,9,10,11,12,13,14,15"
304,True,14,65247,112,2025-11-03 02:00:00,"0,1,2,3,4,6,7,9,10,11,12,13,14,15"
323,True,1,4,112,2025-11-03 21:00:00,2
337,True,9,29155,112,2025-11-04 11:00:00,"0,1,5,6,7,8,12,13,14"
357,True,6,1055,112,2025-11-05 07:00:00,"0,1,2,3,4,10"
372,True,10,27325,112,2025-11-05 22:00:00,"0,2,3,4,5,7,9,11,13,14"
379,True,5,34624,112,2025-11-06 05:00:00,"6,8,9,10,15"
476,True,8,3303,112,2025-11-10 09:00:00,"0,1,2,5,6,7,10,11"
487,True,5,626,112,2025-11-10 20:00:00,"1,4,5,6,9"
516,True,10,58971,112,2025-11-12 01:00:00,"0,1,3,4,6,9,10,13,14,15"
519,True,13,32764,112,2025-11-12 04:00:00,"2,3,4,5,6,7,8,9,10,11,12,13,14"
541,True,2,130,112,2025-11-13 05:00:00,"1,7"
546,True,16,65535,112,2025-11-13 10:00:00,"0,1,2,3,4,5,6,7,8,9,10,11,12,13,14,15"
550,True,16,65535,112,2025-11-13 14:00:00,"0,1,2,3,4,5,6,7,8,9,10,11,12,13,14,15"
562,True,10,11899,112,2025-11-14 02:00:00,"0,1,3,4,5,6,9,10,11,13"
585,True,14,63479,112,2025-11-15 01:00:00,"0,1,2,4,5,6,7,8,9,10,12,13,14,15"
587,True,12,29691,112,2025-11-15 03:00:00,"0,1,3,4,5,6,7,8,9,12,13,14"
594,True,10,42718,112,2025-11-15 10:00:00,"1,2,3,4,6,7,9,10,13,15"
634,True,8,50059,112,2025-11-17 02:00:00,"0,1,3,7,8,9,14,15"
675,True,5,33362,112,2025-11-18 19:00:00,"1,4,6,9,15"
752,True,15,57343,112,2025-11-22 03:00:00,"0,1,2,3,4,5,6,7,8,9,10,11,12,14,15"
794,True,14,65523,112,2025-11-23 21:00:00,"0,1,4,5,6,7,8,9,10,11,12,13,14,15"
795,True,12,63389,112,2025-11-23 22:00:00,"0,2,3,4,7,8,9,10,12,13,14,15"
805,True,9,61809,112,2025-11-24 08:00:00,"0,4,5,6,8,12,13,14,15"
843,True,16,65535,112,2025-11-26 01:00:00,"0,1,2,3,4,5,6,7,8,9,10,11,12,13,14,15"
852,True,15,63487,112,2025-11-26 10:00:00,"0,1,2,3,4,5,6,7,8,9,10,12,13,14,15"
872,True,3,322,112,2025-11-27 06:00:00,"1,6,8"
891,True,6,22787,112,2025-11-28 01:00:00,"0,1,8,11,12,14"
932,True,15,65533,112,2025-11-29 18:00:00,"0,2,3,4,5,6,7,8,9,10,11,12,13,14,15"
953,True,14,65271,112,2025-11-30 15:00:00,"0,1,2,4,5,6,7,9,10,11,12,13,14,15"
969,True,7,19393,112,2025-12-01 10:00:00,"0,6,7,8,9,11,14"
986,True,16,65535,112,2025-12-02 03:00:00,"0,1,2,3,4,5,6,7,8,9,10,11,12,13,14,15"
998,True,9,24815,112,2025-12-02 19:00:00,"0,1,2,3,5,6,7,13,14"
1013,True,13,60159,112,2025-12-03 10:00:00,"0,1,2,3,4,5,6,7,9,11,13,14,15"
1045,True,14,64507,112,2025-12-04 18:00:00,"0,1,3,4,5,6,7,8,9,11,12,13,14,15"
1081,True,10,60540,112,2025-12-06 06:00:00,"2,3,4,5,6,10,11,13,14,15"
1112,True,6,5222,112,2025-12-07 16:00:00,"1,2,5,6,10,12"
1118,True,11,46782,112,2025-12-07 22:00:00,"1,2,3,4,5,7,9,10,12,13,15"
1146,True,9,21465,112,2025-12-09 02:00:00,"0,3,4,6,7,8,9,12,14"
1149,True,8,20163,112,2025-12-09 05:00:00,"0,1,6,7,9,10,11,14"
1165,True,4,10276,112,2025-12-09 21:00:00,"2,5,11,13"
1194,True,6,45442,112,2025-12-11 02:00:00,"1,7,8,12,13,15"
1196,True,2,2049,112,2025-12-11 04:00:00,"0,11"
1200,True,9,22972,112,2025-12-11 08:00:00,"2,3,4,5,7,8,11,12,14"
1285,True,11,32318,112,2025-12-15 00:00:00,"1,2,3,4,5,9,10,11,12,13,14"
1331,True,10,61662,112,2025-12-16 22:00:00,"1,2,3,4,6,7,12,13,14,15"
1332,True,3,3073,112,2025-12-16 23:00:00,"0,10,11"
1350,True,6,8316,112,2025-12-17 17:00:00,"2,3,4,5,6,13"
1354,True,8,36739,112,2025-12-17 21:00:00,"0,1,7,8,9,10,11,15"
1368,True,13,61436,112,2025-12-18 11:00:00,"2,3,4,5,6,7,8,9,10,11,13,14,15"
1397,True,14,64510,112,2025-12-19 19:00:00,"1,2,3,4,5,6,7,8,9,11,12,13,14,15"
1410,True,3,4736,112,2025-12-20 08:00:00,"7,9,12"
1428,True,15,65279,112,2025-12-21 02:00:00,"0,1,2,3,4,5,6,7,9,10,11,12,13,14,15"
1466,True,14,65015,112,2025-12-22 16:00:00,"0,1,2,4,5,6,7,8,10,11,12,13,14,15"
1475,True,12,21503,112,2025-12-23 01:00:00,"0,1,2,3,4,5,6,7,8,9,12,14"
1482,True,5,13456,112,2025-12-23 08:00:00,"4,7,10,12,13"
1490,True,12,30654,112,2025-12-23 16:00:00,"1,2,3,4,5,7,8,9,10,12,13,14"
1498,True,3,20496,112,2025-12-24 00:00:00,"4,12,14"
1627,True,16,65535,112,2025-12-29 12:00:00,"0,1,2,3,4,5,6,7,8,9,10,11,12,13,14,15"
1635,True,6,28754,112,2025-12-29 20:00:00,"1,4,6,12,13,14"
1655,True,7,34418,112,2025-12-30 16:00:00,"1,4,5,6,9,10,15"
1660,True,11,31730,112,2025-12-30 21:00:00,"1,4,5,6,7,8,9,11,12,13,14"
1663,True,1,8,112,2025-12-31 03:00:00,3
1675,True,11,54654,112,2025-12-31 15:00:00,"1,2,3,4,5,6,8,10,12,14,15"
53,True,10,14279,113,2025-10-23 05:00:00,"0,1,2,6,7,8,9,10,12,13"
55,True,14,65467,113,2025-10-23 07:00:00,"0,1,3,4,5,7,8,9,10,11,12,13,14,15"
70,True,10,41943,113,2025-10-23 22:00:00,"0,1,2,4,6,7,8,9,13,15"
74,True,5,38024,113,2025-10-24 02:00:00,"3,7,10,12,15"
144,True,13,57085,113,2025-10-27 03:00:00,"0,2,3,4,5,6,7,9,10,11,12,14,15"
170,True,7,51306,113,2025-10-28 05:00:00,"1,3,5,6,11,14,15"
175,True,12,30527,113,2025-10-28 10:00:00,"0,1,2,3,4,5,8,9,10,12,13,14"
179,True,1,16,113,2025-10-28 14:00:00,4
200,True,5,33896,113,2025-10-29 11:00:00,"3,5,6,10,15"
233,True,6,3350,113,2025-10-31 00:00:00,"1,2,4,8,10,11"
262,True,9,51160,113,2025-11-01 08:00:00,"3,4,6,7,8,9,10,14,15"
265,True,16,65535,113,2025-11-01 11:00:00,"0,1,2,3,4,5,6,7,8,9,10,11,12,13,14,15"
277,True,3,69,113,2025-11-01 23:00:00,"0,2,6"
282,True,14,65499,113,2025-11-02 04:00:00,"0,1,3,4,6,7,8,9,10,11,12,13,14,15"
298,True,14,57279,113,2025-11-02 20:00:00,"0,1,2,3,4,5,7,8,9,10,11,12,14,15"
329,True,6,37090,113,2025-11-04 03:00:00,"1,5,6,7,12,15"
368,True,4,8458,113,2025-11-05 18:00:00,"1,3,8,13"
380,True,15,65503,113,2025-11-06 06:00:00,"0,1,2,3,4,6,7,8,9,10,11,12,13,14,15"
382,True,8,38553,113,2025-11-06 08:00:00,"0,3,4,7,9,10,12,15"
458,True,6,39429,113,2025-11-09 15:00:00,"0,2,9,11,12,15"
461,True,5,21122,113,2025-11-09 18:00:00,"1,7,9,12,14"
471,True,6,16715,113,2025-11-10 04:00:00,"0,1,3,6,8,14"
488,True,13,45023,113,2025-11-10 21:00:00,"0,1,2,3,4,6,7,8,9,10,11,13,15"
495,True,4,37384,113,2025-11-11 04:00:00,"3,9,12,15"
545,True,8,26739,113,2025-11-13 09:00:00,"0,1,4,5,6,11,13,14"
581,True,11,15935,113,2025-11-14 21:00:00,"0,1,2,3,4,5,9,10,11,12,13"
606,True,1,4,113,2025-11-15 22:00:00,2
617,True,1,2048,113,2025-11-16 09:00:00,11
623,True,6,33009,113,2025-11-16 15:00:00,"0,4,5,6,7,15"
635,True,15,64511,113,2025-11-17 03:00:00,"0,1,2,3,4,5,6,7,8,9,11,12,13,14,15"
652,True,6,5898,113,2025-11-17 20:00:00,"1,3,8,9,10,12"
725,True,10,47546,113,2025-11-21 00:00:00,"1,3,4,5,7,8,11,12,13,15"
727,True,15,65533,113,2025-11-21 02:00:00,"0,2,3,4,5,6,7,8,9,10,11,12,13,14,15"
768,True,11,65350,113,2025-11-22 19:00:00,"1,2,6,8,9,10,11,12,13,14,15"
780,True,4,5138,113,2025-11-23 07:00:00,"1,4,10,12"
821,True,9,12103,113,2025-11-25 03:00:00,"0,1,2,6,8,9,10,11,13"
834,True,10,29173,113,2025-11-25 16:00:00,"0,2,4,5,6,7,8,12,13,14"
868,True,4,37122,113,2025-11-27 02:00:00,"1,8,12,15"
894,True,15,65503,113,2025-11-28 04:00:00,"0,1,2,3,4,6,7,8,9,10,11,12,13,14,15"
899,True,15,65533,113,2025-11-28 09:00:00,"0,2,3,4,5,6,7,8,9,10,11,12,13,14,15"
932,True,5,47616,113,2025-11-29 18:00:00,"9,11,12,13,15"
965,True,4,36900,113,2025-12-01 06:00:00,"2,5,12,15"
1013,True,15,65407,113,2025-12-03 10:00:00,"0,1,2,3,4,5,6,8,9,10,11,12,13,14,15"
1021,True,2,10240,113,2025-12-03 18:00:00,"11,13"
1025,True,10,25559,113,2025-12-03 22:00:00,"0,1,2,4,6,7,8,9,13,14"
1045,True,2,8704,113,2025-12-04 18:00:00,"9,13"
1109,True,1,256,113,2025-12-07 13:00:00,8
1169,True,10,9599,113,2025-12-10 01:00:00,"0,1,2,3,4,5,6,8,10,13"
1189,True,12,24495,113,2025-12-10 21:00:00,"0,1,2,3,5,7,8,9,10,11,12,14"
1190,True,6,12389,113,2025-12-10 22:00:00,"0,2,5,6,12,13"
1212,True,8,58563,113,2025-12-11 20:00:00,"0,1,6,7,10,13,14,15"
1224,True,16,65535,113,2025-12-12 08:00:00,"0,1,2,3,4,5,6,7,8,9,10,11,12,13,14,15"
1253,True,9,43351,113,2025-12-13 16:00:00,"0,1,2,4,6,8,11,13,15"
1275,True,15,63487,113,2025-12-14 14:00:00,"0,1,2,3,4,5,6,7,8,9,10,12,13,14,15"
1323,True,8,41788,113,2025-12-16 14:00:00,"2,3,4,5,8,9,13,15"
1331,True,7,43542,113,2025-12-16 22:00:00,"1,2,4,9,11,13,15"
1336,True,9,40523,113,2025-12-17 03:00:00,"0,1,3,6,9,10,11,12,15"
1383,True,1,2,113,2025-12-19 05:00:00,1
1384,True,7,58160,113,2025-12-19 06:00:00,"4,5,8,9,13,14,15"
1404,True,5,9304,113,2025-12-20 02:00:00,"3,4,6,10,13"
1422,True,8,36067,113,2025-12-20 20:00:00,"0,1,5,6,7,10,11,15"
1424,True,9,35675,113,2025-12-20 22:00:00,"0,1,3,4,6,8,9,11,15"
1438,True,4,4896,113,2025-12-21 12:00:00,"5,8,9,12"
1471,True,10,7087,113,2025-12-22 21:00:00,"0,1,2,3,5,7,8,9,11,12"
1473,True,4,20545,113,2025-12-22 23:00:00,"0,6,12,14"
1518,True,1,2,113,2025-12-24 20:00:00,1
1548,True,1,2048,113,2025-12-26 05:00:00,11
1566,True,10,13439,113,2025-12-26 23:00:00,"0,1,2,3,4,5,6,10,12,13"
1586,True,12,48751,113,2025-12-27 19:00:00,"0,1,2,3,5,6,9,10,11,12,13,15"
1619,True,8,43850,113,2025-12-29 04:00:00,"1,3,6,8,9,11,13,15"
1624,True,13,62974,113,2025-12-29 09:00:00,"1,2,3,4,5,6,7,8,10,12,13,14,15"
1641,True,1,32768,113,2025-12-30 02:00:00,15
1648,True,4,4369,113,2025-12-30 09:00:00,"0,4,8,12"
1656,True,10,15726,113,2025-12-30 17:00:00,"1,2,3,5,6,8,10,11,12,13"
1670,True,11,24547,113,2025-12-31 10:00:00,"0,1,5,6,7,8,9,10,11,12,14"
1675,True,6,7464,113,2025-12-31 15:00:00,"3,5,8,10,11,12"
41,True,8,49532,114,2025-10-22 17:00:00,"2,3,4,5,6,8,14,15"
44,True,15,65519,114,2025-10-22 20:00:00,"0,1,2,3,5,6,7,8,9,10,11,12,13,14,15"
51,True,15,61439,114,2025-10-23 03:00:00,"0,1,2,3,4,5,6,7,8,9,10,11,13,14,15"
57,True,15,65534,114,2025-10-23 09:00:00,"1,2,3,4,5,6,7,8,9,10,11,12,13,14,15"
100,True,12,48495,114,2025-10-25 04:00:00,"0,1,2,3,5,6,8,10,11,12,13,15"
171,True,12,64427,114,2025-10-28 06:00:00,"0,1,3,5,7,8,9,11,12,13,14,15"
200,True,8,30146,114,2025-10-29 11:00:00,"1,6,7,8,10,12,13,14"
210,True,5,37912,114,2025-10-29 21:00:00,"3,4,10,12,15"
232,True,4,9256,114,2025-10-30 23:00:00,"3,5,10,13"
237,True,10,62750,114,2025-10-31 04:00:00,"1,2,3,4,8,10,12,13,14,15"
255,True,6,37528,114,2025-10-31 22:00:00,"3,4,7,9,12,15"
283,True,2,8193,114,2025-11-02 05:00:00,"0,13"
309,True,5,285,114,2025-11-03 07:00:00,"0,2,3,4,8"
326,True,14,61311,114,2025-11-04 00:00:00,"0,1,2,3,4,5,6,8,9,10,11,13,14,15"
328,True,2,514,114,2025-11-04 02:00:00,"1,9"
346,True,13,32695,114,2025-11-04 20:00:00,"0,1,2,4,5,7,8,9,10,11,12,13,14"
349,True,12,65134,114,2025-11-04 23:00:00,"1,2,3,5,6,9,10,11,12,13,14,15"
361,True,5,5642,114,2025-11-05 11:00:00,"1,3,9,10,12"
388,True,16,65535,114,2025-11-06 14:00:00,"0,1,2,3,4,5,6,7,8,9,10,11,12,13,14,15"
410,True,15,63487,114,2025-11-07 15:00:00,"0,1,2,3,4,5,6,7,8,9,10,12,13,14,15"
422,True,16,65535,114,2025-11-08 03:00:00,"0,1,2,3,4,5,6,7,8,9,10,11,12,13,14,15"
449,True,5,18499,114,2025-11-09 06:00:00,"0,1,6,11,14"
460,True,4,16736,114,2025-11-09 17:00:00,"5,6,8,14"
472,True,2,1280,114,2025-11-10 05:00:00,"8,10"
476,True,16,65535,114,2025-11-10 09:00:00,"0,1,2,3,4,5,6,7,8,9,10,11,12,13,14,15"
482,True,3,8352,114,2025-11-10 15:00:00,"5,7,13"
486,True,12,56183,114,2025-11-10 19:00:00,"0,1,2,4,5,6,8,9,11,12,14,15"
488,True,7,36498,114,2025-11-10 21:00:00,"1,4,7,9,10,11,15"
516,True,14,32766,114,2025-11-12 01:00:00,"1,2,3,4,5,6,7,8,9,10,11,12,13,14"
521,True,1,16384,114,2025-11-12 06:00:00,14
541,True,15,63487,114,2025-11-13 05:00:00,"0,1,2,3,4,5,6,7,8,9,10,12,13,14,15"
545,True,4,3208,114,2025-11-13 09:00:00,"3,7,10,11"
551,True,9,27363,114,2025-11-13 15:00:00,"0,1,5,6,7,9,11,13,14"
585,True,10,64325,114,2025-11-15 01:00:00,"0,2,6,8,9,11,12,13,14,15"
612,True,15,57343,114,2025-11-16 04:00:00,"0,1,2,3,4,5,6,7,8,9,10,11,12,14,15"
617,True,2,48,114,2025-11-16 09:00:00,"4,5"
629,True,8,53658,114,2025-11-16 21:00:00,"1,3,4,7,8,12,14,15"
633,True,14,32703,114,2025-11-17 01:00:00,"0,1,2,3,4,5,7,8,9,10,11,12,13,14"
639,True,16,65535,114,2025-11-17 07:00:00,"0,1,2,3,4,5,6,7,8,9,10,11,12,13,14,15"
640,True,5,865,114,2025-11-17 08:00:00,"0,5,6,8,9"
687,True,1,32768,114,2025-11-19 10:00:00,15
708,True,11,57290,114,2025-11-20 07:00:00,"1,3,6,7,8,9,10,11,12,14,15"
724,True,1,4096,114,2025-11-20 23:00:00,12
738,True,16,65535,114,2025-11-21 13:00:00,"0,1,2,3,4,5,6,7,8,9,10,11,12,13,14,15"
744,True,15,65534,114,2025-11-21 19:00:00,"1,2,3,4,5,6,7,8,9,10,11,12,13,14,15"
753,True,13,53215,114,2025-11-22 04:00:00,"0,1,2,3,4,6,7,8,9,10,11,14,15"
755,True,13,48607,114,2025-11-22 06:00:00,"0,1,2,3,4,6,7,8,10,11,12,13,15"
771,True,1,16384,114,2025-11-22 22:00:00,14
774,True,13,32755,114,2025-11-23 01:00:00,"0,1,4,5,6,7,8,9,10,11,12,13,14"
778,True,11,24039,114,2025-11-23 05:00:00,"0,1,2,5,6,7,8,10,11,12,14"
788,True,7,1780,114,2025-11-23 15:00:00,"2,4,5,6,7,9,10"
791,True,12,58871,114,2025-11-23 18:00:00,"0,1,2,4,5,6,7,8,10,13,14,15"
796,True,4,2338,114,2025-11-23 23:00:00,"1,5,8,11"
828,True,6,21074,114,2025-11-25 10:00:00,"1,4,6,9,12,14"
842,True,10,9087,114,2025-11-26 00:00:00,"0,1,2,3,4,5,6,8,9,13"
861,True,2,4112,114,2025-11-26 19:00:00,"4,12"
924,True,1,512,114,2025-11-29 10:00:00,9
954,True,2,1040,114,2025-11-30 16:00:00,"4,10"
959,True,11,63734,114,2025-11-30 21:00:00,"1,2,4,5,6,7,11,12,13,14,15"
966,True,15,65533,114,2025-12-01 07:00:00,"0,2,3,4,5,6,7,8,9,10,11,12,13,14,15"
989,True,11,22518,114,2025-12-02 06:00:00,"1,2,4,5,6,7,8,9,10,12,14"
992,True,7,16884,114,2025-12-02 09:00:00,"2,4,5,6,7,8,14"
1011,True,3,34048,114,2025-12-03 08:00:00,"8,10,15"
1044,True,7,39028,114,2025-12-04 17:00:00,"2,4,5,6,11,12,15"
1075,True,12,15355,114,2025-12-06 00:00:00,"0,1,3,4,5,6,7,8,9,11,12,13"
1096,True,2,2304,114,2025-12-06 21:00:00,"8,11"
1106,True,16,65535,114,2025-12-07 10:00:00,"0,1,2,3,4,5,6,7,8,9,10,11,12,13,14,15"
1124,True,16,65535,114,2025-12-08 04:00:00,"0,1,2,3,4,5,6,7,8,9,10,11,12,13,14,15"
1127,True,2,1152,114,2025-12-08 07:00:00,"7,10"
1142,True,7,55345,114,2025-12-08 22:00:00,"0,4,5,11,12,14,15"
1165,True,1,16384,114,2025-12-09 21:00:00,14
1170,True,14,31743,114,2025-12-10 02:00:00,"0,1,2,3,4,5,6,7,8,9,11,12,13,14"
1183,True,8,30306,114,2025-12-10 15:00:00,"1,5,6,9,10,12,13,14"
1186,True,10,30158,114,2025-12-10 18:00:00,"1,2,3,6,7,8,10,12,13,14"
1190,True,15,65519,114,2025-12-10 22:00:00,"0,1,2,3,5,6,7,8,9,10,11,12,13,14,15"
1192,True,7,12871,114,2025-12-11 00:00:00,"0,1,2,6,9,12,13"
1202,True,5,13330,114,2025-12-11 10:00:00,"1,4,10,12,13"
1287,True,16,65535,114,2025-12-15 02:00:00,"0,1,2,3,4,5,6,7,8,9,10,11,12,13,14,15"
1295,True,4,32803,114,2025-12-15 10:00:00,"0,1,5,15"
1313,True,2,768,114,2025-12-16 04:00:00,"8,9"
1319,True,9,21406,114,2025-12-16 10:00:00,"1,2,3,4,7,8,9,12,14"
1345,True,6,19974,114,2025-12-17 12:00:00,"1,2,9,10,11,14"
1353,True,7,38692,114,2025-12-17 20:00:00,"2,5,8,9,10,12,15"
1383,True,7,37903,114,2025-12-19 05:00:00,"0,1,2,3,10,12,15"
1384,True,2,17408,114,2025-12-19 06:00:00,"10,14"
1385,True,6,58628,114,2025-12-19 07:00:00,"2,8,10,13,14,15"
1386,True,6,2947,114,2025-12-19 08:00:00,"0,1,7,8,9,11"
1390,True,9,27506,114,2025-12-19 12:00:00,"1,4,5,6,8,9,11,13,14"
1396,True,12,55799,114,2025-12-19 18:00:00,"0,1,2,4,5,6,7,8,11,12,14,15"
1402,True,16,65535,114,2025-12-20 00:00:00,"0,1,2,3,4,5,6,7,8,9,10,11,12,13,14,15"
1430,True,14,65263,114,2025-12-21 04:00:00,"0,1,2,3,5,6,7,9,10,11,12,13,14,15"
1453,True,1,4096,114,2025-12-22 03:00:00,12
1488,True,7,28711,114,2025-12-23 14:00:00,"0,1,2,5,12,13,14"
1522,True,5,9748,114,2025-12-25 03:00:00,"2,4,9,10,13"
1574,True,1,64,114,2025-12-27 07:00:00,6
1596,True,13,48893,114,2025-12-28 05:00:00,"0,2,3,4,5,6,7,9,10,11,12,13,15"
1598,True,15,65503,114,2025-12-28 07:00:00,"0,1,2,3,4,6,7,8,9,10,11,12,13,14,15"
1603,True,14,65275,114,2025-12-28 12:00:00,"0,1,3,4,5,6,7,9,10,11,12,13,14,15"
1638,True,14,64959,114,2025-12-29 23:00:00,"0,1,2,3,4,5,7,8,10,11,12,13,14,15"
1665,True,14,63359,114,2025-12-31 05:00:00,"0,1,2,3,4,5,6,8,9,10,12,13,14,15"
37,True,6,574,115,2025-10-22 13:00:00,"1,2,3,4,5,9"
49,True,5,49196,115,2025-10-23 01:00:00,"2,3,5,14,15"
90,True,5,5824,115,2025-10-24 18:00:00,"6,7,9,10,12"
91,True,13,61055,115,2025-10-24 19:00:00,"0,1,2,3,4,5,6,9,10,11,13,14,15"
103,True,16,65535,115,2025-10-25 07:00:00,"0,1,2,3,4,5,6,7,8,9,10,11,12,13,14,15"
112,True,4,5252,115,2025-10-25 16:00:00,"2,7,10,12"
127,True,6,37697,115,2025-10-26 10:00:00,"0,6,8,9,12,15"
134,True,1,128,115,2025-10-26 17:00:00,7
150,True,13,32701,115,2025-10-27 09:00:00,"0,2,3,4,5,7,8,9,10,11,12,13,14"
151,True,15,65519,115,2025-10-27 10:00:00,"0,1,2,3,5,6,7,8,9,10,11,12,13,14,15"
173,True,3,57344,115,2025-10-28 08:00:00,"13,14,15"
199,True,13,65269,115,2025-10-29 10:00:00,"0,2,4,5,6,7,9,10,11,12,13,14,15"
223,True,12,53207,115,2025-10-30 14:00:00,"0,1,2,4,6,7,8,9,10,11,14,15"
253,True,15,49151,115,2025-10-31 20:00:00,"0,1,2,3,4,5,6,7,8,9,10,11,12,13,15"
256,True,12,57274,115,2025-10-31 23:00:00,"1,3,4,5,7,8,9,10,11,12,14,15"
268,True,8,52378,115,2025-11-01 14:00:00,"1,3,4,7,10,11,14,15"
321,True,4,5280,115,2025-11-03 19:00:00,"5,7,10,12"
331,True,3,40976,115,2025-11-04 05:00:00,"4,13,15"
350,True,7,54916,115,2025-11-05 00:00:00,"2,7,9,10,12,14,15"
351,True,16,65535,115,2025-11-05 01:00:00,"0,1,2,3,4,5,6,7,8,9,10,11,12,13,14,15"
369,True,13,64446,115,2025-11-05 19:00:00,"1,2,3,4,5,7,8,9,11,12,13,14,15"
382,True,6,8561,115,2025-11-06 08:00:00,"0,4,5,6,8,13"
396,True,5,24722,115,2025-11-06 22:00:00,"1,4,7,13,14"
406,True,3,33288,115,2025-11-07 11:00:00,"3,9,15"
422,True,10,64101,115,2025-11-08 03:00:00,"0,2,5,6,9,11,12,13,14,15"
439,True,1,2048,115,2025-11-08 20:00:00,11
443,True,8,23701,115,2025-11-09 00:00:00,"0,2,4,7,10,11,12,14"
459,True,11,60390,115,2025-11-09 16:00:00,"1,2,5,6,7,8,9,11,13,14,15"
469,True,5,2441,115,2025-11-10 02:00:00,"0,3,7,8,11"
471,True,2,1028,115,2025-11-10 04:00:00,"2,10"
569,True,3,35840,115,2025-11-14 09:00:00,"10,11,15"
654,True,6,27808,115,2025-11-17 22:00:00,"5,7,10,11,13,14"
672,True,14,65015,115,2025-11-18 16:00:00,"0,1,2,4,5,6,7,8,10,11,12,13,14,15"
732,True,10,14316,115,2025-11-21 07:00:00,"2,3,5,6,7,8,9,10,12,13"
763,True,14,65495,115,2025-11-22 14:00:00,"0,1,2,4,6,7,8,9,10,11,12,13,14,15"
766,True,4,41232,115,2025-11-22 17:00:00,"4,8,13,15"
777,True,10,27247,115,2025-11-23 04:00:00,"0,1,2,3,5,6,9,11,13,14"
786,True,6,7940,115,2025-11-23 13:00:00,"2,8,9,10,11,12"
797,True,3,8257,115,2025-11-24 00:00:00,"0,6,13"
805,True,3,32777,115,2025-11-24 08:00:00,"0,3,15"
815,True,15,65279,115,2025-11-24 18:00:00,"0,1,2,3,4,5,6,7,9,10,11,12,13,14,15"
821,True,12,16239,115,2025-11-25 03:00:00,"0,1,2,3,5,6,8,9,10,11,12,13"
824,True,2,1280,115,2025-11-25 06:00:00,"8,10"
844,True,7,41315,115,2025-11-26 02:00:00,"0,1,5,6,8,13,15"
852,True,12,64380,115,2025-11-26 10:00:00,"2,3,4,5,6,8,9,11,12,13,14,15"
871,True,2,4608,115,2025-11-27 05:00:00,"9,12"
912,True,1,128,115,2025-11-28 22:00:00,7
957,True,10,46430,115,2025-11-30 19:00:00,"1,2,3,4,6,8,10,12,13,15"
977,True,14,57087,115,2025-12-01 18:00:00,"0,1,2,3,4,5,6,7,9,10,11,12,14,15"
980,True,3,10752,115,2025-12-01 21:00:00,"9,11,13"
983,True,5,434,115,2025-12-02 00:00:00,"1,4,5,7,8"
985,True,9,60186,115,2025-12-02 02:00:00,"1,3,4,8,9,11,13,14,15"
1061,True,13,64475,115,2025-12-05 10:00:00,"0,1,3,4,6,7,8,9,11,12,13,14,15"
1068,True,9,61741,115,2025-12-05 17:00:00,"0,2,3,5,8,12,13,14,15"
1075,True,4,41092,115,2025-12-06 00:00:00,"2,7,13,15"
1089,True,8,20956,115,2025-12-06 14:00:00,"2,3,4,6,7,8,12,14"
1102,True,9,12667,115,2025-12-07 06:00:00,"0,1,3,4,5,6,8,12,13"
1162,True,1,16,115,2025-12-09 18:00:00,4
1170,True,16,65535,115,2025-12-10 02:00:00,"0,1,2,3,4,5,6,7,8,9,10,11,12,13,14,15"
1194,True,9,54933,115,2025-12-11 02:00:00,"0,2,4,7,9,10,12,14,15"
1217,True,13,63983,115,2025-12-12 01:00:00,"0,1,2,3,5,6,7,8,11,12,13,14,15"
1229,True,11,61223,115,2025-12-12 13:00:00,"0,1,2,5,8,9,10,11,13,14,15"
1266,True,8,57403,115,2025-12-14 05:00:00,"0,1,3,4,5,13,14,15"
1297,True,15,65471,115,2025-12-15 12:00:00,"0,1,2,3,4,5,7,8,9,10,11,12,13,14,15"
1298,True,11,64186,115,2025-12-15 13:00:00,"1,3,4,5,7,9,11,12,13,14,15"
1301,True,14,65375,115,2025-12-15 16:00:00,"0,1,2,3,4,6,8,9,10,11,12,13,14,15"
1304,True,16,65535,115,2025-12-15 19:00:00,"0,1,2,3,4,5,6,7,8,9,10,11,12,13,14,15"
1328,True,14,65277,115,2025-12-16 19:00:00,"0,2,3,4,5,6,7,9,10,11,12,13,14,15"
1332,True,15,61439,115,2025-12-16 23:00:00,"0,1,2,3,4,5,6,7,8,9,10,11,13,14,15"
1348,True,7,41293,115,2025-12-17 15:00:00,"0,2,3,6,8,13,15"
1362,True,10,39547,115,2025-12-18 05:00:00,"0,1,3,4,5,6,9,11,12,15"
1381,True,3,148,115,2025-12-19 03:00:00,"2,4,7"
1424,True,10,56885,115,2025-12-20 22:00:00,"0,2,4,5,9,10,11,12,14,15"
1438,True,16,65535,115,2025-12-21 12:00:00,"0,1,2,3,4,5,6,7,8,9,10,11,12,13,14,15"
1491,True,2,544,115,2025-12-23 17:00:00,"5,9"
1500,True,10,31578,115,2025-12-24 02:00:00,"1,3,4,6,8,9,11,12,13,14"
1504,True,1,2048,115,2025-12-24 06:00:00,11
1533,True,14,55295,115,2025-12-25 14:00:00,"0,1,2,3,4,5,6,7,8,9,10,12,14,15"
1546,True,9,30010,115,2025-12-26 03:00:00,"1,3,4,5,8,10,12,13,14"
1587,True,13,63995,115,2025-12-27 20:00:00,"0,1,3,4,5,6,7,8,11,12,13,14,15"
1661,True,14,64507,115,2025-12-30 22:00:00,"0,1,3,4,5,6,7,8,9,11,12,13,14,15"
1674,True,14,65263,115,2025-12-31 14:00:00,"0,1,2,3,5,6,7,9,10,11,12,13,14,15"
19,True,4,41092,116,2025-10-21 19:00:00,"2,7,13,15"
57,True,10,32466,116,2025-10-23 09:00:00,"1,4,6,7,9,10,11,12,13,14"
88,True,4,2752,116,2025-10-24 16:00:00,"6,7,9,11"
98,True,10,28566,116,2025-10-25 02:00:00,"1,2,4,7,8,9,10,11,13,14"
124,True,10,15278,116,2025-10-26 07:00:00,"1,2,3,5,7,8,9,11,12,13"
136,True,11,55228,116,2025-10-26 19:00:00,"2,3,4,5,7,8,9,10,12,14,15"
137,True,10,60047,116,2025-10-26 20:00:00,"0,1,2,3,7,9,11,13,14,15"
150,True,5,24714,116,2025-10-27 09:00:00,"1,3,7,13,14"
203,True,14,63485,116,2025-10-29 14:00:00,"0,2,3,4,5,6,7,8,9,10,12,13,14,15"
216,True,8,27249,116,2025-10-30 03:00:00,"0,4,5,6,9,11,13,14"
229,True,8,43580,116,2025-10-30 20:00:00,"2,3,4,5,9,11,13,15"
233,True,1,2,116,2025-10-31 00:00:00,1
269,True,11,45011,116,2025-11-01 15:00:00,"0,1,4,6,7,8,9,10,11,13,15"
273,True,7,17811,116,2025-11-01 19:00:00,"0,1,4,7,8,10,14"
274,True,1,8192,116,2025-11-01 20:00:00,13
282,True,5,8250,116,2025-11-02 04:00:00,"1,3,4,5,13"
335,True,11,61933,116,2025-11-04 09:00:00,"0,2,3,5,6,7,8,12,13,14,15"
345,True,14,55295,116,2025-11-04 19:00:00,"0,1,2,3,4,5,6,7,8,9,10,12,14,15"
351,True,12,56543,116,2025-11-05 01:00:00,"0,1,2,3,4,6,7,10,11,12,14,15"
353,True,3,1041,116,2025-11-05 03:00:00,"0,4,10"
413,True,12,24445,116,2025-11-07 18:00:00,"0,2,3,4,5,6,8,9,10,11,12,14"
419,True,14,62975,116,2025-11-08 00:00:00,"0,1,2,3,4,5,6,7,8,10,12,13,14,15"
423,True,5,40981,116,2025-11-08 04:00:00,"0,2,4,13,15"
444,True,3,17424,116,2025-11-09 01:00:00,"4,10,14"
457,True,2,2049,116,2025-11-09 14:00:00,"0,11"
472,True,15,65519,116,2025-11-10 05:00:00,"0,1,2,3,5,6,7,8,9,10,11,12,13,14,15"
492,True,2,514,116,2025-11-11 01:00:00,"1,9"
516,True,13,61421,116,2025-11-12 01:00:00,"0,2,3,5,6,7,8,9,10,11,13,14,15"
556,True,10,40734,116,2025-11-13 20:00:00,"1,2,3,4,8,9,10,11,12,15"
564,True,8,7047,116,2025-11-14 04:00:00,"0,1,2,7,8,9,11,12"
576,True,12,65331,116,2025-11-14 16:00:00,"0,1,4,5,8,9,10,11,12,13,14,15"
638,True,10,58959,116,2025-11-17 06:00:00,"0,1,2,3,6,9,10,13,14,15"
650,True,7,750,116,2025-11-17 18:00:00,"1,2,3,5,6,7,9"
651,True,13,63422,116,2025-11-17 19:00:00,"1,2,3,4,5,7,8,9,10,12,13,14,15"
727,True,14,45055,116,2025-11-21 02:00:00,"0,1,2,3,4,5,6,7,8,9,10,11,13,15"
731,True,7,46721,116,2025-11-21 06:00:00,"0,7,9,10,12,13,15"
828,True,15,57343,116,2025-11-25 10:00:00,"0,1,2,3,4,5,6,7,8,9,10,11,12,14,15"
839,True,1,4096,116,2025-11-25 21:00:00,12
868,True,7,21077,116,2025-11-27 02:00:00,"0,2,4,6,9,12,14"
889,True,13,49118,116,2025-11-27 23:00:00,"1,2,3,4,6,7,8,9,10,11,12,13,15"
890,True,12,64399,116,2025-11-28 00:00:00,"0,1,2,3,7,8,9,11,12,13,14,15"
892,True,2,4112,116,2025-11-28 02:00:00,"4,12"
909,True,4,37248,116,2025-11-28 19:00:00,"7,8,12,15"
922,True,5,8560,116,2025-11-29 08:00:00,"4,5,6,8,13"
979,True,4,1666,116,2025-12-01 20:00:00,"1,7,9,10"
994,True,5,5272,116,2025-12-02 15:00:00,"3,4,7,10,12"
1036,True,16,65535,116,2025-12-04 09:00:00,"0,1,2,3,4,5,6,7,8,9,10,11,12,13,14,15"
1048,True,9,25214,116,2025-12-04 21:00:00,"1,2,3,4,5,6,9,13,14"
1067,True,4,2076,116,2025-12-05 16:00:00,"2,3,4,11"
1105,True,6,17221,116,2025-12-07 09:00:00,"0,2,6,8,9,14"
1188,True,10,28021,116,2025-12-10 20:00:00,"0,2,4,5,6,8,10,11,13,14"
1217,True,9,26300,116,2025-12-12 01:00:00,"2,3,4,5,7,9,10,13,14"
1231,True,9,21877,116,2025-12-12 15:00:00,"0,2,4,5,6,8,10,12,14"
1252,True,16,65535,116,2025-12-13 15:00:00,"0,1,2,3,4,5,6,7,8,9,10,11,12,13,14,15"
1257,True,11,60787,116,2025-12-13 20:00:00,"0,1,4,5,6,8,10,11,13,14,15"
1263,True,9,29411,116,2025-12-14 02:00:00,"0,1,5,6,7,9,12,13,14"
1270,True,10,28282,116,2025-12-14 09:00:00,"1,3,4,5,6,9,10,11,13,14"
1273,True,10,31466,116,2025-12-14 12:00:00,"1,3,5,6,7,9,11,12,13,14"
1278,True,12,14333,116,2025-12-14 17:00:00,"0,2,3,4,5,6,7,8,9,10,12,13"
1286,True,4,9474,116,2025-12-15 01:00:00,"1,8,10,13"
1304,True,9,55883,116,2025-12-15 19:00:00,"0,1,3,6,9,11,12,14,15"
1306,True,10,56889,116,2025-12-15 21:00:00,"0,3,4,5,9,10,11,12,14,15"
1360,True,8,59929,116,2025-12-18 03:00:00,"0,3,4,9,11,13,14,15"
1398,True,15,65279,116,2025-12-19 20:00:00,"0,1,2,3,4,5,6,7,9,10,11,12,13,14,15"
1412,True,1,128,116,2025-12-20 10:00:00,7
1446,True,14,32703,116,2025-12-21 20:00:00,"0,1,2,3,4,5,7,8,9,10,11,12,13,14"
1451,True,2,320,116,2025-12-22 01:00:00,"6,8"
1462,True,5,33584,116,2025-12-22 12:00:00,"4,5,8,9,15"
1509,True,4,32866,116,2025-12-24 11:00:00,"1,5,6,15"
1512,True,10,21359,116,2025-12-24 14:00:00,"0,1,2,3,5,6,8,9,12,14"
1539,True,16,65535,116,2025-12-25 20:00:00,"0,1,2,3,4,5,6,7,8,9,10,11,12,13,14,15"
1572,True,16,65535,116,2025-12-27 05:00:00,"0,1,2,3,4,5,6,7,8,9,10,11,12,13,14,15"
1595,True,15,57343,116,2025-12-28 04:00:00,"0,1,2,3,4,5,6,7,8,9,10,11,12,14,15"
1599,True,7,22865,116,2025-12-28 08:00:00,"0,4,6,8,11,12,14"
1643,True,6,36610,116,2025-12-30 04:00:00,"1,8,9,10,11,15"
1678,True,6,43148,116,2025-12-31 18:00:00,"2,3,7,11,13,15"
45,True,10,33279,117,2025-10-22 21:00:00,"0,1,2,3,4,5,6,7,8,15"
54,True,12,64799,117,2025-10-23 06:00:00,"0,1,2,3,4,8,10,11,12,13,14,15"
57,True,9,56131,117,2025-10-23 09:00:00,"0,1,6,8,9,11,12,14,15"
63,True,15,65407,117,2025-10-23 15:00:00,"0,1,2,3,4,5,6,8,9,10,11,12,13,14,15"
70,True,6,14854,117,2025-10-23 22:00:00,"1,2,9,11,12,13"
99,True,14,65525,117,2025-10-25 03:00:00,"0,2,4,5,6,7,8,9,10,11,12,13,14,15"
106,True,12,48958,117,2025-10-25 10:00:00,"1,2,3,4,5,8,9,10,11,12,13,15"
114,True,15,57343,117,2025-10-25 18:00:00,"0,1,2,3,4,5,6,7,8,9,10,11,12,14,15"
117,True,12,64311,117,2025-10-25 21:00:00,"0,1,2,4,5,8,9,11,12,13,14,15"
119,True,5,4690,117,2025-10-25 23:00:00,"1,4,6,9,12"
158,True,2,6,117,2025-10-27 17:00:00,"1,2"
193,True,2,260,117,2025-10-29 04:00:00,"2,8"
237,True,16,65535,117,2025-10-31 04:00:00,"0,1,2,3,4,5,6,7,8,9,10,11,12,13,14,15"
245,True,16,65535,117,2025-10-31 12:00:00,"0,1,2,3,4,5,6,7,8,9,10,11,12,13,14,15"
275,True,5,14600,117,2025-11-01 21:00:00,"3,8,11,12,13"
321,True,3,34818,117,2025-11-03 19:00:00,"1,11,15"
333,True,3,20736,117,2025-11-04 07:00:00,"8,12,14"
379,True,16,65535,117,2025-11-06 05:00:00,"0,1,2,3,4,5,6,7,8,9,10,11,12,13,14,15"
400,True,8,27348,117,2025-11-07 05:00:00,"2,4,6,7,9,11,13,14"
440,True,6,58528,117,2025-11-08 21:00:00,"5,7,10,13,14,15"
453,True,4,332,117,2025-11-09 10:00:00,"2,3,6,8"
491,True,6,41424,117,2025-11-11 00:00:00,"4,6,7,8,13,15"
528,True,1,32768,117,2025-11-12 13:00:00,15
530,True,1,4096,117,2025-11-12 15:00:00,12
553,True,8,57615,117,2025-11-13 17:00:00,"0,1,2,3,8,13,14,15"
592,True,14,57327,117,2025-11-15 08:00:00,"0,1,2,3,5,6,7,8,9,10,11,12,14,15"
610,True,2,40,117,2025-11-16 02:00:00,"3,5"
624,True,12,44023,117,2025-11-16 16:00:00,"0,1,2,4,5,6,7,8,9,11,13,15"
631,True,14,48127,117,2025-11-16 23:00:00,"0,1,2,3,4,5,6,7,8,9,11,12,13,15"
679,True,4,4481,117,2025-11-18 23:00:00,"0,7,8,12"
688,True,8,40776,117,2025-11-19 11:00:00,"3,6,8,9,10,11,12,15"
734,True,7,22868,117,2025-11-21 09:00:00,"2,4,6,8,11,12,14"
752,True,1,256,117,2025-11-22 03:00:00,8
794,True,10,27838,117,2025-11-23 21:00:00,"1,2,3,4,5,7,10,11,13,14"
798,True,8,28204,117,2025-11-24 01:00:00,"2,3,5,9,10,11,13,14"
826,True,12,31740,117,2025-11-25 08:00:00,"2,3,4,5,6,7,8,9,11,12,13,14"
879,True,8,43117,117,2025-11-27 13:00:00,"0,2,3,5,6,11,13,15"
891,True,16,65535,117,2025-11-28 01:00:00,"0,1,2,3,4,5,6,7,8,9,10,11,12,13,14,15"
1039,True,4,212,117,2025-12-04 12:00:00,"2,4,6,7"
1040,True,12,32238,117,2025-12-04 13:00:00,"1,2,3,5,6,7,8,10,11,12,13,14"
1051,True,4,57360,117,2025-12-05 00:00:00,"4,13,14,15"
1059,True,1,128,117,2025-12-05 08:00:00,7
1078,True,1,64,117,2025-12-06 03:00:00,6
1104,True,8,45613,117,2025-12-07 08:00:00,"0,2,3,5,9,12,13,15"
1105,True,7,11542,117,2025-12-07 09:00:00,"1,2,4,8,10,11,13"
1109,True,8,3893,117,2025-12-07 13:00:00,"0,2,4,5,8,9,10,11"
1119,True,7,54658,117,2025-12-07 23:00:00,"1,7,8,10,12,14,15"
1183,True,16,65535,117,2025-12-10 15:00:00,"0,1,2,3,4,5,6,7,8,9,10,11,12,13,14,15"
1187,True,7,25484,117,2025-12-10 19:00:00,"2,3,7,8,9,13,14"
1278,True,14,32751,117,2025-12-14 17:00:00,"0,1,2,3,5,6,7,8,9,10,11,12,13,14"
1318,True,15,65023,117,2025-12-16 09:00:00,"0,1,2,3,4,5,6,7,8,10,11,12,13,14,15"
1326,True,6,50344,117,2025-12-16 17:00:00,"3,5,7,10,14,15"
1334,True,3,38912,117,2025-12-17 01:00:00,"11,12,15"
1385,True,4,3201,117,2025-12-19 07:00:00,"0,7,10,11"
1397,True,8,21913,117,2025-12-19 19:00:00,"0,3,4,7,8,10,12,14"
1404,True,12,64235,117,2025-12-20 02:00:00,"0,1,3,5,6,7,9,11,12,13,14,15"
1440,True,14,40959,117,2025-12-21 14:00:00,"0,1,2,3,4,5,6,7,8,9,10,11,12,15"
1450,True,15,65519,117,2025-12-22 00:00:00,"0,1,2,3,5,6,7,8,9,10,11,12,13,14,15"
1458,True,4,16705,117,2025-12-22 08:00:00,"0,6,8,14"
1463,True,1,64,117,2025-12-22 13:00:00,6
1472,True,7,18668,117,2025-12-22 22:00:00,"2,3,5,6,7,11,14"
1501,True,1,2048,117,2025-12-24 03:00:00,11
1515,True,12,65118,117,2025-12-24 17:00:00,"1,2,3,4,6,9,10,11,12,13,14,15"
1553,True,14,64991,117,2025-12-26 10:00:00,"0,1,2,3,4,6,7,8,10,11,12,13,14,15"
1585,True,16,65535,117,2025-12-27 18:00:00,"0,1,2,3,4,5,6,7,8,9,10,11,12,13,14,15"
1590,True,5,37400,117,2025-12-27 23:00:00,"3,4,9,12,15"
1647,True,12,59343,117,2025-12-30 08:00:00,"0,1,2,3,6,7,8,9,10,13,14,15"
1655,True,13,40951,117,2025-12-30 16:00:00,"0,1,2,4,5,6,7,8,9,10,11,12,15"
1676,True,13,64508,117,2025-12-31 16:00:00,"2,3,4,5,6,7,8,9,11,12,13,14,15"
4,True,10,46054,118,2025-10-21 04:00:00,"1,2,5,6,7,8,9,12,13,15"
5,True,11,30430,118,2025-10-21 05:00:00,"1,2,3,4,6,7,9,10,12,13,14"
8,True,6,46600,118,2025-10-21 08:00:00,"3,9,10,12,13,15"
20,True,14,57335,118,2025-10-21 20:00:00,"0,1,2,4,5,6,7,8,9,10,11,12,14,15"
23,True,7,6000,118,2025-10-21 23:00:00,"4,5,6,8,9,10,12"
38,True,15,65503,118,2025-10-22 14:00:00,"0,1,2,3,4,6,7,8,9,10,11,12,13,14,15"
63,True,4,401,118,2025-10-23 15:00:00,"0,4,7,8"
106,True,16,65535,118,2025-10-25 10:00:00,"0,1,2,3,4,5,6,7,8,9,10,11,12,13,14,15"
117,True,9,61810,118,2025-10-25 21:00:00,"1,4,5,6,8,12,13,14,15"
122,True,7,29010,118,2025-10-26 05:00:00,"1,4,6,8,12,13,14"
137,True,4,5408,118,2025-10-26 20:00:00,"5,8,10,12"
142,True,14,60927,118,2025-10-27 01:00:00,"0,1,2,3,4,5,6,7,8,10,11,13,14,15"
161,True,15,65279,118,2025-10-27 20:00:00,"0,1,2,3,4,5,6,7,9,10,11,12,13,14,15"
195,True,5,20529,118,2025-10-29 06:00:00,"0,4,5,12,14"
205,True,11,58362,118,2025-10-29 16:00:00,"1,3,4,5,6,7,8,9,13,14,15"
207,True,10,54133,118,2025-10-29 18:00:00,"0,2,4,5,6,8,9,12,14,15"
239,True,4,32818,118,2025-10-31 06:00:00,"1,4,5,15"
260,True,7,38438,118,2025-11-01 06:00:00,"1,2,5,9,10,12,15"
287,True,14,65019,118,2025-11-02 09:00:00,"0,1,3,4,5,6,7,8,10,11,12,13,14,15"
344,True,10,33759,118,2025-11-04 18:00:00,"0,1,2,3,4,6,7,8,9,15"
353,True,15,65471,118,2025-11-05 03:00:00,"0,1,2,3,4,5,7,8,9,10,11,12,13,14,15"
364,True,2,33280,118,2025-11-05 14:00:00,"9,15"
369,True,7,49522,118,2025-11-05 19:00:00,"1,4,5,6,8,14,15"
371,True,1,8,118,2025-11-05 21:00:00,3
420,True,3,33312,118,2025-11-08 01:00:00,"5,9,15"
422,True,11,51179,118,2025-11-08 03:00:00,"0,1,3,5,6,7,8,9,10,14,15"
463,True,3,6272,118,2025-11-09 20:00:00,"7,11,12"
467,True,11,63899,118,2025-11-10 00:00:00,"0,1,3,4,7,8,11,12,13,14,15"
494,True,10,30444,118,2025-11-11 03:00:00,"2,3,5,6,7,9,10,12,13,14"
503,True,11,55029,118,2025-11-11 12:00:00,"0,2,4,5,6,7,9,10,12,14,15"
524,True,7,43618,118,2025-11-12 09:00:00,"1,5,6,9,11,13,15"
532,True,11,29615,118,2025-11-12 17:00:00,"0,1,2,3,5,7,8,9,12,13,14"
550,True,14,48895,118,2025-11-13 14:00:00,"0,1,2,3,4,5,6,7,9,10,11,12,13,15"
597,True,10,40307,118,2025-11-15 13:00:00,"0,1,4,5,6,8,10,11,12,15"
600,True,14,57342,118,2025-11-15 16:00:00,"1,2,3,4,5,6,7,8,9,10,11,12,14,15"
641,True,11,47027,118,2025-11-17 09:00:00,"0,1,4,5,7,8,9,10,12,13,15"
671,True,2,136,118,2025-11-18 15:00:00,"3,7"
695,True,10,46517,118,2025-11-19 18:00:00,"0,2,4,5,7,8,10,12,13,15"
709,True,4,8836,118,2025-11-20 08:00:00,"2,7,9,13"
710,True,15,65519,118,2025-11-20 09:00:00,"0,1,2,3,5,6,7,8,9,10,11,12,13,14,15"
713,True,16,65535,118,2025-11-20 12:00:00,"0,1,2,3,4,5,6,7,8,9,10,11,12,13,14,15"
724,True,15,65534,118,2025-11-20 23:00:00,"1,2,3,4,5,6,7,8,9,10,11,12,13,14,15"
737,True,5,56320,118,2025-11-21 12:00:00,"10,11,12,14,15"
741,True,13,65468,118,2025-11-21 16:00:00,"2,3,4,5,7,8,9,10,11,12,13,14,15"
753,True,16,65535,118,2025-11-22 04:00:00,"0,1,2,3,4,5,6,7,8,9,10,11,12,13,14,15"
829,True,15,65519,118,2025-11-25 11:00:00,"0,1,2,3,5,6,7,8,9,10,11,12,13,14,15"
873,True,10,53067,118,2025-11-27 07:00:00,"0,1,3,6,8,9,10,11,14,15"
883,True,16,65535,118,2025-11-27 17:00:00,"0,1,2,3,4,5,6,7,8,9,10,11,12,13,14,15"
893,True,14,16383,118,2025-11-28 03:00:00,"0,1,2,3,4,5,6,7,8,9,10,11,12,13"
967,True,3,33824,118,2025-12-01 08:00:00,"5,10,15"
979,True,8,59438,118,2025-12-01 20:00:00,"1,2,3,5,11,13,14,15"
988,True,3,49153,118,2025-12-02 05:00:00,"0,14,15"
990,True,1,1,118,2025-12-02 07:00:00,0
1003,True,16,65535,118,2025-12-03 00:00:00,"0,1,2,3,4,5,6,7,8,9,10,11,12,13,14,15"
1023,True,1,256,118,2025-12-03 20:00:00,8
1031,True,1,2048,118,2025-12-04 04:00:00,11
1037,True,10,14655,118,2025-12-04 10:00:00,"0,1,2,3,4,5,8,11,12,13"
1067,True,14,64767,118,2025-12-05 16:00:00,"0,1,2,3,4,5,6,7,10,11,12,13,14,15"
1085,True,2,8320,118,2025-12-06 10:00:00,"7,13"
1169,True,2,20,118,2025-12-10 01:00:00,"2,4"
1220,True,12,50943,118,2025-12-12 04:00:00,"0,1,2,3,4,5,6,7,9,10,14,15"
1247,True,10,42831,118,2025-12-13 10:00:00,"0,1,2,3,6,8,9,10,13,15"
1272,True,7,52514,118,2025-12-14 11:00:00,"1,5,8,10,11,14,15"
1333,True,12,24031,118,2025-12-17 00:00:00,"0,1,2,3,4,6,7,8,10,11,12,14"
1340,True,15,61439,118,2025-12-17 07:00:00,"0,1,2,3,4,5,6,7,8,9,10,11,13,14,15"
1358,True,5,812,118,2025-12-18 01:00:00,"2,3,5,8,9"
1373,True,13,24571,118,2025-12-18 16:00:00,"0,1,3,4,5,6,7,8,9,10,11,12,14"
1478,True,7,12875,118,2025-12-23 04:00:00,"0,1,3,6,9,12,13"
1493,True,9,14957,118,2025-12-23 19:00:00,"0,2,3,5,6,9,11,12,13"
1503,True,14,61311,118,2025-12-24 05:00:00,"0,1,2,3,4,5,6,8,9,10,11,13,14,15"
1594,True,3,138,118,2025-12-28 03:00:00,"1,3,7"
1614,True,16,65535,118,2025-12-28 23:00:00,"0,1,2,3,4,5,6,7,8,9,10,11,12,13,14,15"
1644,True,10,48753,118,2025-12-30 05:00:00,"0,4,5,6,9,10,11,12,13,15"
54,True,1,4096,119,2025-10-23 06:00:00,12
75,True,2,32769,119,2025-10-24 03:00:00,"0,15"
99,True,8,54065,119,2025-10-25 03:00:00,"0,4,5,8,9,12,14,15"
106,True,5,46592,119,2025-10-25 10:00:00,"9,10,12,13,15"
202,True,16,65535,119,2025-10-29 13:00:00,"0,1,2,3,4,5,6,7,8,9,10,11,12,13,14,15"
222,True,16,65535,119,2025-10-30 13:00:00,"0,1,2,3,4,5,6,7,8,9,10,11,12,13,14,15"
227,True,6,33381,119,2025-10-30 18:00:00,"0,2,5,6,9,15"
246,True,9,59178,119,2025-10-31 13:00:00,"1,3,5,8,9,10,13,14,15"
257,True,1,1024,119,2025-11-01 03:00:00,10
275,True,5,32909,119,2025-11-01 21:00:00,"0,2,3,7,15"
277,True,12,53214,119,2025-11-01 23:00:00,"1,2,3,4,6,7,8,9,10,11,14,15"
278,True,14,65343,119,2025-11-02 00:00:00,"0,1,2,3,4,5,8,9,10,11,12,13,14,15"
292,True,7,6940,119,2025-11-02 14:00:00,"2,3,4,8,9,11,12"
296,True,4,43264,119,2025-11-02 18:00:00,"8,11,13,15"
303,True,13,65500,119,2025-11-03 01:00:00,"2,3,4,6,7,8,9,10,11,12,13,14,15"
336,True,8,47637,119,2025-11-04 10:00:00,"0,2,4,9,11,12,13,15"
337,True,6,15552,119,2025-11-04 11:00:00,"6,7,10,11,12,13"
345,True,12,48951,119,2025-11-04 19:00:00,"0,1,2,4,5,8,9,10,11,12,13,15"
358,True,16,65535,119,2025-11-05 08:00:00,"0,1,2,3,4,5,6,7,8,9,10,11,12,13,14,15"
362,True,13,65359,119,2025-11-05 12:00:00,"0,1,2,3,6,8,9,10,11,12,13,14,15"
379,True,13,65374,119,2025-11-06 05:00:00,"1,2,3,4,6,8,9,10,11,12,13,14,15"
429,True,9,57814,119,2025-11-08 10:00:00,"1,2,4,6,7,8,13,14,15"
444,True,16,65535,119,2025-11-09 01:00:00,"0,1,2,3,4,5,6,7,8,9,10,11,12,13,14,15"
493,True,1,8192,119,2025-11-11 02:00:00,13
501,True,3,1312,119,2025-11-11 10:00:00,"5,8,10"
515,True,8,28981,119,2025-11-12 00:00:00,"0,2,4,5,8,12,13,14"
516,True,11,26617,119,2025-11-12 01:00:00,"0,3,4,5,6,7,8,9,10,13,14"
518,True,1,4,119,2025-11-12 03:00:00,2
568,True,14,60927,119,2025-11-14 08:00:00,"0,1,2,3,4,5,6,7,8,10,11,13,14,15"
576,True,7,18766,119,2025-11-14 16:00:00,"1,2,3,6,8,11,14"
612,True,4,6304,119,2025-11-16 04:00:00,"5,7,11,12"
651,True,11,15349,119,2025-11-17 19:00:00,"0,2,4,5,6,7,8,9,11,12,13"
657,True,8,31306,119,2025-11-18 01:00:00,"1,3,6,9,11,12,13,14"
662,True,12,55775,119,2025-11-18 06:00:00,"0,1,2,3,4,6,7,8,11,12,14,15"
663,True,16,65535,119,2025-11-18 07:00:00,"0,1,2,3,4,5,6,7,8,9,10,11,12,13,14,15"
671,True,8,27049,119,2025-11-18 15:00:00,"0,3,5,7,8,11,13,14"
703,True,12,57261,119,2025-11-20 02:00:00,"0,2,3,5,7,8,9,10,11,12,14,15"
723,True,13,32743,119,2025-11-20 22:00:00,"0,1,2,5,6,7,8,9,10,11,12,13,14"
727,True,10,12187,119,2025-11-21 02:00:00,"0,1,3,4,7,8,9,10,11,13"
735,True,13,64463,119,2025-11-21 10:00:00,"0,1,2,3,6,7,8,9,11,12,13,14,15"
751,True,4,778,119,2025-11-22 02:00:00,"1,3,8,9"
764,True,16,65535,119,2025-11-22 15:00:00,"0,1,2,3,4,5,6,7,8,9,10,11,12,13,14,15"
779,True,8,58137,119,2025-11-23 06:00:00,"0,3,4,8,9,13,14,15"
787,True,2,33,119,2025-11-23 14:00:00,"0,5"
799,True,7,7009,119,2025-11-24 02:00:00,"0,5,6,8,9,11,12"
823,True,2,260,119,2025-11-25 05:00:00,"2,8"
839,True,11,62201,119,2025-11-25 21:00:00,"0,3,4,5,6,7,9,12,13,14,15"
854,True,12,63417,119,2025-11-26 12:00:00,"0,3,4,5,7,8,9,10,12,13,14,15"
876,True,14,63455,119,2025-11-27 10:00:00,"0,1,2,3,4,6,7,8,9,10,12,13,14,15"
919,True,15,65527,119,2025-11-29 05:00:00,"0,1,2,4,5,6,7,8,9,10,11,12,13,14,15"
936,True,3,8240,119,2025-11-29 22:00:00,"4,5,13"
937,True,6,3207,119,2025-11-29 23:00:00,"0,1,2,7,10,11"
954,True,3,100,119,2025-11-30 16:00:00,"2,5,6"
967,True,15,65534,119,2025-12-01 08:00:00,"1,2,3,4,5,6,7,8,9,10,11,12,13,14,15"
971,True,13,61367,119,2025-12-01 12:00:00,"0,1,2,4,5,7,8,9,10,11,13,14,15"
972,True,2,4224,119,2025-12-01 13:00:00,"7,12"
976,True,9,58554,119,2025-12-01 17:00:00,"1,3,4,5,7,10,13,14,15"
1045,True,3,17440,119,2025-12-04 18:00:00,"5,10,14"
1062,True,1,1,119,2025-12-05 11:00:00,0
1064,True,16,65535,119,2025-12-05 13:00:00,"0,1,2,3,4,5,6,7,8,9,10,11,12,13,14,15"
1097,True,12,14331,119,2025-12-06 22:00:00,"0,1,3,4,5,6,7,8,9,10,12,13"
1103,True,9,55660,119,2025-12-07 07:00:00,"2,3,5,6,8,11,12,14,15"
1109,True,6,41300,119,2025-12-07 13:00:00,"2,4,6,8,13,15"
1138,True,16,65535,119,2025-12-08 18:00:00,"0,1,2,3,4,5,6,7,8,9,10,11,12,13,14,15"
1143,True,5,107,119,2025-12-08 23:00:00,"0,1,3,5,6"
1156,True,6,17194,119,2025-12-09 12:00:00,"1,3,5,8,9,14"
1166,True,16,65535,119,2025-12-09 22:00:00,"0,1,2,3,4,5,6,7,8,9,10,11,12,13,14,15"
1181,True,16,65535,119,2025-12-10 13:00:00,"0,1,2,3,4,5,6,7,8,9,10,11,12,13,14,15"
1183,True,11,28523,119,2025-12-10 15:00:00,"0,1,3,5,6,8,9,10,11,13,14"
1193,True,10,59884,119,2025-12-11 01:00:00,"2,3,5,6,7,8,11,13,14,15"
1214,True,11,32155,119,2025-12-11 22:00:00,"0,1,3,4,7,8,10,11,12,13,14"
1220,True,16,65535,119,2025-12-12 04:00:00,"0,1,2,3,4,5,6,7,8,9,10,11,12,13,14,15"
1221,True,8,54566,119,2025-12-12 05:00:00,"1,2,5,8,10,12,14,15"
1278,True,6,21066,119,2025-12-14 17:00:00,"1,3,6,9,12,14"
1293,True,3,524,119,2025-12-15 08:00:00,"2,3,9"
1337,True,4,32902,119,2025-12-17 04:00:00,"1,2,7,15"
1345,True,13,64894,119,2025-12-17 12:00:00,"1,2,3,4,5,6,8,10,11,12,13,14,15"
1356,True,11,62183,119,2025-12-17 23:00:00,"0,1,2,5,6,7,9,12,13,14,15"
1389,True,6,50400,119,2025-12-19 11:00:00,"5,6,7,10,14,15"
1480,True,15,65519,119,2025-12-23 06:00:00,"0,1,2,3,5,6,7,8,9,10,11,12,13,14,15"
1521,True,12,56955,119,2025-12-24 23:00:00,"0,1,3,4,5,6,9,10,11,12,14,15"
1546,True,14,63231,119,2025-12-26 03:00:00,"0,1,2,3,4,5,6,7,9,10,12,13,14,15"
1579,True,9,52109,119,2025-12-27 12:00:00,"0,2,3,7,8,9,11,14,15"
1613,True,4,33041,119,2025-12-28 22:00:00,"0,4,8,15"
1627,True,11,60063,119,2025-12-29 12:00:00,"0,1,2,3,4,7,9,11,13,14,15"
1648,True,1,16384,119,2025-12-30 09:00:00,14
1660,True,5,41482,119,2025-12-30 21:00:00,"1,3,9,13,15"
1669,True,15,49151,119,2025-12-31 09:00:00,"0,1,2,3,4,5,6,7,8,9,10,11,12,13,15"
1680,True,1,4,119,2025-12-31 20:00:00,2
1682,True,2,2080,119,2025-12-31 22:00:00,"5,11"
30,True,10,52574,120,2025-10-22 06:00:00,"1,2,3,4,6,8,10,11,14,15"
35,True,5,8656,120,2025-10-22 11:00:00,"4,6,7,8,13"
37,True,11,30202,120,2025-10-22 13:00:00,"1,3,4,5,6,7,8,10,12,13,14"
48,True,1,512,120,2025-10-23 00:00:00,9
97,True,15,65534,120,2025-10-25 01:00:00,"1,2,3,4,5,6,7,8,9,10,11,12,13,14,15"
123,True,6,798,120,2025-10-26 06:00:00,"1,2,3,4,8,9"
155,True,7,62018,120,2025-10-27 14:00:00,"1,6,9,12,13,14,15"
166,True,10,58806,120,2025-10-28 01:00:00,"1,2,4,5,7,8,10,13,14,15"
167,True,8,19037,120,2025-10-28 02:00:00,"0,2,3,4,6,9,11,14"
177,True,8,49878,120,2025-10-28 12:00:00,"1,2,4,6,7,9,14,15"
219,True,9,61928,120,2025-10-30 06:00:00,"3,5,6,7,8,12,13,14,15"
235,True,7,22648,120,2025-10-31 02:00:00,"3,4,5,6,11,12,14"
238,True,1,64,120,2025-10-31 05:00:00,6
259,True,13,63227,120,2025-11-01 05:00:00,"0,1,3,4,5,6,7,9,10,12,13,14,15"
278,True,12,31733,120,2025-11-02 00:00:00,"0,2,4,5,6,7,8,9,11,12,13,14"
321,True,10,23417,120,2025-11-03 19:00:00,"0,3,4,5,6,8,9,11,12,14"
329,True,7,10908,120,2025-11-04 03:00:00,"2,3,4,7,9,11,13"
342,True,8,24791,120,2025-11-04 16:00:00,"0,1,2,4,6,7,13,14"
366,True,7,21654,120,2025-11-05 16:00:00,"1,2,4,7,10,12,14"
371,True,14,64767,120,2025-11-05 21:00:00,"0,1,2,3,4,5,6,7,10,11,12,13,14,15"
390,True,1,16,120,2025-11-06 16:00:00,4
428,True,3,641,120,2025-11-08 09:00:00,"0,7,9"
430,True,3,8198,120,2025-11-08 11:00:00,"1,2,13"
507,True,8,3639,120,2025-11-11 16:00:00,"0,1,2,4,5,9,10,11"
536,True,9,23374,120,2025-11-12 21:00:00,"1,2,3,6,8,9,11,12,14"
560,True,3,17152,120,2025-11-14 00:00:00,"8,9,14"
585,True,16,65535,120,2025-11-15 01:00:00,"0,1,2,3,4,5,6,7,8,9,10,11,12,13,14,15"
599,True,5,19473,120,2025-11-15 15:00:00,"0,4,10,11,14"
634,True,1,16,120,2025-11-17 02:00:00,4
672,True,7,18892,120,2025-11-18 16:00:00,"2,3,6,7,8,11,14"
686,True,10,48207,120,2025-11-19 09:00:00,"0,1,2,3,6,10,11,12,13,15"
713,True,13,44799,120,2025-11-20 12:00:00,"0,1,2,3,4,5,6,7,9,10,11,13,15"
717,True,15,49151,120,2025-11-20 16:00:00,"0,1,2,3,4,5,6,7,8,9,10,11,12,13,15"
728,True,6,41161,120,2025-11-21 03:00:00,"0,3,6,7,13,15"
736,True,15,65531,120,2025-11-21 11:00:00,"0,1,3,4,5,6,7,8,9,10,11,12,13,14,15"
775,True,4,8713,120,2025-11-23 02:00:00,"0,3,9,13"
804,True,4,4170,120,2025-11-24 07:00:00,"1,3,6,12"
806,True,7,40136,120,2025-11-24 09:00:00,"3,6,7,10,11,12,15"
840,True,15,65527,120,2025-11-25 22:00:00,"0,1,2,4,5,6,7,8,9,10,11,12,13,14,15"
848,True,15,65503,120,2025-11-26 06:00:00,"0,1,2,3,4,6,7,8,9,10,11,12,13,14,15"
878,True,5,17232,120,2025-11-27 12:00:00,"4,6,8,9,14"
920,True,14,63455,120,2025-11-29 06:00:00,"0,1,2,3,4,6,7,8,9,10,12,13,14,15"
944,True,10,48283,120,2025-11-30 06:00:00,"0,1,3,4,7,10,11,12,13,15"
957,True,6,45123,120,2025-11-30 19:00:00,"0,1,6,12,13,15"
967,True,10,16077,120,2025-12-01 08:00:00,"0,2,3,6,7,9,10,11,12,13"
973,True,1,512,120,2025-12-01 14:00:00,9
988,True,3,18436,120,2025-12-02 05:00:00,"2,11,14"
1002,True,11,32366,120,2025-12-02 23:00:00,"1,2,3,5,6,9,10,11,12,13,14"
1029,True,4,1192,120,2025-12-04 02:00:00,"3,5,7,10"
1033,True,2,8448,120,2025-12-04 06:00:00,"8,13"
1045,True,5,8656,120,2025-12-04 18:00:00,"4,6,7,8,13"
1073,True,1,2048,120,2025-12-05 22:00:00,11
1092,True,16,65535,120,2025-12-06 17:00:00,"0,1,2,3,4,5,6,7,8,9,10,11,12,13,14,15"
1122,True,1,8,120,2025-12-08 02:00:00,3
1131,True,15,65533,120,2025-12-08 11:00:00,"0,2,3,4,5,6,7,8,9,10,11,12,13,14,15"
1180,True,16,65535,120,2025-12-10 12:00:00,"0,1,2,3,4,5,6,7,8,9,10,11,12,13,14,15"
1197,True,1,8,120,2025-12-11 05:00:00,3
1202,True,9,36329,120,2025-12-11 10:00:00,"0,3,5,6,7,8,10,11,15"
1260,True,15,63487,120,2025-12-13 23:00:00,"0,1,2,3,4,5,6,7,8,9,10,12,13,14,15"
1287,True,13,32507,120,2025-12-15 02:00:00,"0,1,3,4,5,6,7,9,10,11,12,13,14"
1338,True,10,23390,120,2025-12-17 05:00:00,"1,2,3,4,6,8,9,11,12,14"
1339,True,3,8449,120,2025-12-17 06:00:00,"0,8,13"
1346,True,4,11296,120,2025-12-17 13:00:00,"5,10,11,13"
1357,True,14,63479,120,2025-12-18 00:00:00,"0,1,2,4,5,6,7,8,9,10,12,13,14,15"
1361,True,7,25769,120,2025-12-18 04:00:00,"0,3,5,7,10,13,14"
1383,True,15,65531,120,2025-12-19 05:00:00,"0,1,3,4,5,6,7,8,9,10,11,12,13,14,15"
1401,True,5,1321,120,2025-12-19 23:00:00,"0,3,5,8,10"
1409,True,13,49148,120,2025-12-20 07:00:00,"2,3,4,5,6,7,8,9,10,11,12,13,15"
1453,True,4,8241,120,2025-12-22 03:00:00,"0,4,5,13"
1457,True,10,28380,120,2025-12-22 07:00:00,"2,3,4,6,7,9,10,11,13,14"
1522,True,11,64870,120,2025-12-25 03:00:00,"1,2,5,6,8,10,11,12,13,14,15"
1549,True,12,63356,120,2025-12-26 06:00:00,"2,3,4,5,6,8,9,10,12,13,14,15"
1573,True,7,22691,120,2025-12-27 06:00:00,"0,1,5,7,11,12,14"
1582,True,9,11870,120,2025-12-27 15:00:00,"1,2,3,4,6,9,10,11,13"
1623,True,16,65535,120,2025-12-29 08:00:00,"0,1,2,3,4,5,6,7,8,9,10,11,12,13,14,15"
1637,True,11,57194,120,2025-12-29 22:00:00,"1,3,5,6,8,9,10,11,12,14,15"
1659,True,4,9226,120,2025-12-30 20:00:00,"1,3,10,13"
1662,True,16,65535,120,2025-12-30 23:00:00,"0,1,2,3,4,5,6,7,8,9,10,11,12,13,14,15"
1673,True,1,16384,120,2025-12-31 13:00:00,14
13,True,8,19412,121,2025-10-21 13:00:00,"2,4,6,7,8,9,11,14"
21,True,15,65407,121,2025-10-21 21:00:00,"0,1,2,3,4,5,6,8,9,10,11,12,13,14,15"
60,True,15,57343,121,2025-10-23 12:00:00,"0,1,2,3,4,5,6,7,8,9,10,11,12,14,15"
80,True,7,7585,121,2025-10-24 08:00:00,"0,5,7,8,10,11,12"
92,True,15,65407,121,2025-10-24 20:00:00,"0,1,2,3,4,5,6,8,9,10,11,12,13,14,15"
95,True,3,5376,121,2025-10-24 23:00:00,"8,10,12"
105,True,2,10,121,2025-10-25 09:00:00,"1,3"
130,True,12,53117,121,2025-10-26 13:00:00,"0,2,3,4,5,6,8,9,10,11,14,15"
132,True,11,63923,121,2025-10-26 15:00:00,"0,1,4,5,7,8,11,12,13,14,15"
136,True,15,49151,121,2025-10-26 19:00:00,"0,1,2,3,4,5,6,7,8,9,10,11,12,13,15"
155,True,7,26929,121,2025-10-27 14:00:00,"0,4,5,8,11,13,14"
173,True,13,61433,121,2025-10-28 08:00:00,"0,3,4,5,6,7,8,9,10,11,13,14,15"
187,True,12,47359,121,2025-10-28 22:00:00,"0,1,2,3,4,5,6,7,11,12,13,15"
240,True,15,65023,121,2025-10-31 07:00:00,"0,1,2,3,4,5,6,7,8,10,11,12,13,14,15"
257,True,6,4403,121,2025-11-01 03:00:00,"0,1,4,5,8,12"
265,True,13,64990,121,2025-11-01 11:00:00,"1,2,3,4,6,7,8,10,11,12,13,14,15"
276,True,14,57341,121,2025-11-01 22:00:00,"0,2,3,4,5,6,7,8,9,10,11,12,14,15"
281,True,14,57341,121,2025-11-02 03:00:00,"0,2,3,4,5,6,7,8,9,10,11,12,14,15"
289,True,12,28143,121,2025-11-02 11:00:00,"0,1,2,3,5,6,7,8,10,11,13,14"
298,True,16,65535,121,2025-11-02 20:00:00,"0,1,2,3,4,5,6,7,8,9,10,11,12,13,14,15"
318,True,8,13170,121,2025-11-03 16:00:00,"1,4,5,6,8,9,12,13"
367,True,12,38655,121,2025-11-05 17:00:00,"0,1,2,3,4,5,6,7,9,10,12,15"
386,True,1,128,121,2025-11-06 12:00:00,7
397,True,11,19959,121,2025-11-06 23:00:00,"0,1,2,4,5,6,7,8,10,11,14"
508,True,12,40439,121,2025-11-11 17:00:00,"0,1,2,4,5,6,7,8,10,11,12,15"
514,True,9,51511,121,2025-11-11 23:00:00,"0,1,2,4,5,8,11,14,15"
520,True,1,8,121,2025-11-12 05:00:00,3
548,True,13,63451,121,2025-11-13 12:00:00,"0,1,3,4,6,7,8,9,10,12,13,14,15"
552,True,10,31961,121,2025-11-13 16:00:00,"0,3,4,6,7,10,11,12,13,14"
572,True,1,8192,121,2025-11-14 12:00:00,13
594,True,10,44319,121,2025-11-15 10:00:00,"0,1,2,3,4,8,10,11,13,15"
642,True,3,53248,121,2025-11-17 10:00:00,"12,14,15"
656,True,5,25156,121,2025-11-18 00:00:00,"2,6,9,13,14"
712,True,1,4096,121,2025-11-20 11:00:00,12
717,True,7,26968,121,2025-11-20 16:00:00,"3,4,6,8,11,13,14"
790,True,13,61367,121,2025-11-23 17:00:00,"0,1,2,4,5,7,8,9,10,11,13,14,15"
803,True,4,5123,121,2025-11-24 06:00:00,"0,1,10,12"
820,True,11,29630,121,2025-11-24 23:00:00,"1,2,3,4,5,7,8,9,12,13,14"
868,True,12,61215,121,2025-11-27 02:00:00,"0,1,2,3,4,8,9,10,11,13,14,15"
875,True,16,65535,121,2025-11-27 09:00:00,"0,1,2,3,4,5,6,7,8,9,10,11,12,13,14,15"
911,True,15,63487,121,2025-11-28 21:00:00,"0,1,2,3,4,5,6,7,8,9,10,12,13,14,15"
935,True,3,9248,121,2025-11-29 21:00:00,"5,10,13"
937,True,8,56656,121,2025-11-29 23:00:00,"4,6,8,10,11,12,14,15"
943,True,16,65535,121,2025-11-30 05:00:00,"0,1,2,3,4,5,6,7,8,9,10,11,12,13,14,15"
999,True,1,16384,121,2025-12-02 20:00:00,14
1007,True,5,17458,121,2025-12-03 04:00:00,"1,4,5,10,14"
1011,True,5,2753,121,2025-12-03 08:00:00,"0,6,7,9,11"
1019,True,14,62975,121,2025-12-03 16:00:00,"0,1,2,3,4,5,6,7,8,10,12,13,14,15"
1074,True,13,49083,121,2025-12-05 23:00:00,"0,1,3,4,5,7,8,9,10,11,12,13,15"
1086,True,5,58496,121,2025-12-06 11:00:00,"7,10,13,14,15"
1092,True,9,24341,121,2025-12-06 17:00:00,"0,2,4,8,9,10,11,12,14"
1096,True,6,43015,121,2025-12-06 21:00:00,"0,1,2,11,13,15"
1114,True,12,59071,121,2025-12-07 18:00:00,"0,1,2,3,4,5,7,9,10,13,14,15"
1139,True,4,18945,121,2025-12-08 19:00:00,"0,9,11,14"
1150,True,1,4096,121,2025-12-09 06:00:00,12
1162,True,7,29827,121,2025-12-09 18:00:00,"0,1,7,10,12,13,14"
1163,True,1,2,121,2025-12-09 19:00:00,1
1181,True,4,24582,121,2025-12-10 13:00:00,"1,2,13,14"
1194,True,4,2848,121,2025-12-11 02:00:00,"5,8,9,11"
1217,True,2,65,121,2025-12-12 01:00:00,"0,6"
1225,True,9,18412,121,2025-12-12 09:00:00,"2,3,5,6,7,8,9,10,14"
1271,True,9,19582,121,2025-12-14 10:00:00,"1,2,3,4,5,6,10,11,14"
1308,True,3,4416,121,2025-12-15 23:00:00,"6,8,12"
1312,True,9,23861,121,2025-12-16 03:00:00,"0,2,4,5,8,10,11,12,14"
1319,True,1,2,121,2025-12-16 10:00:00,1
1320,True,12,48375,121,2025-12-16 11:00:00,"0,1,2,4,5,6,7,10,11,12,13,15"
1322,True,10,63858,121,2025-12-16 13:00:00,"1,4,5,6,8,11,12,13,14,15"
1323,True,15,65531,121,2025-12-16 14:00:00,"0,1,3,4,5,6,7,8,9,10,11,12,13,14,15"
1336,True,4,20993,121,2025-12-17 03:00:00,"0,9,12,14"
1346,True,13,64487,121,2025-12-17 13:00:00,"0,1,2,5,6,7,8,9,11,12,13,14,15"
1355,True,16,65535,121,2025-12-17 22:00:00,"0,1,2,3,4,5,6,7,8,9,10,11,12,13,14,15"
1371,True,11,32583,121,2025-12-18 14:00:00,"0,1,2,6,8,9,10,11,12,13,14"
1407,True,7,49717,121,2025-12-20 05:00:00,"0,2,4,5,9,14,15"
1449,True,7,45102,121,2025-12-21 23:00:00,"1,2,3,5,12,13,15"
1456,True,4,16913,121,2025-12-22 06:00:00,"0,4,9,14"
1505,True,1,128,121,2025-12-24 07:00:00,7
1515,True,10,62378,121,2025-12-24 17:00:00,"1,3,5,7,8,9,12,13,14,15"
1532,True,1,1024,121,2025-12-25 13:00:00,10
1538,True,7,14740,121,2025-12-25 19:00:00,"2,4,7,8,11,12,13"
1560,True,14,64959,121,2025-12-26 17:00:00,"0,1,2,3,4,5,7,8,10,11,12,13,14,15"
1572,True,3,18434,121,2025-12-27 05:00:00,"1,11,14"
1586,True,1,16384,121,2025-12-27 19:00:00,14
1609,True,10,9723,121,2025-12-28 18:00:00,"0,1,3,4,5,6,7,8,10,13"
1614,True,6,33132,121,2025-12-28 23:00:00,"2,3,5,6,8,15"
1635,True,8,8954,121,2025-12-29 20:00:00,"1,3,4,5,6,7,9,13"
1643,True,16,65535,121,2025-12-30 04:00:00,"0,1,2,3,4,5,6,7,8,9,10,11,12,13,14,15"
1678,True,4,10512,121,2025-12-31 18:00:00,"4,8,11,13"
16,True,10,20199,122,2025-10-21 16:00:00,"0,1,2,5,6,7,9,10,11,14"
54,True,8,18869,122,2025-10-23 06:00:00,"0,2,4,5,7,8,11,14"
66,True,10,24515,122,2025-10-23 18:00:00,"0,1,6,7,8,9,10,11,12,14"
72,True,5,9484,122,2025-10-24 00:00:00,"2,3,8,10,13"
76,True,12,65366,122,2025-10-24 04:00:00,"1,2,4,6,8,9,10,11,12,13,14,15"
85,True,3,8336,122,2025-10-24 13:00:00,"4,7,13"
86,True,13,65513,122,2025-10-24 14:00:00,"0,3,5,6,7,8,9,10,11,12,13,14,15"
127,True,7,2391,122,2025-10-26 10:00:00,"0,1,2,4,6,8,11"
128,True,16,65535,122,2025-10-26 11:00:00,"0,1,2,3,4,5,6,7,8,9,10,11,12,13,14,15"
151,True,13,32510,122,2025-10-27 10:00:00,"1,2,3,4,5,6,7,9,10,11,12,13,14"
160,True,15,57343,122,2025-10-27 19:00:00,"0,1,2,3,4,5,6,7,8,9,10,11,12,14,15"
164,True,6,12632,122,2025-10-27 23:00:00,"3,4,6,8,12,13"
165,True,12,30702,122,2025-10-28 00:00:00,"1,2,3,5,6,7,8,9,10,12,13,14"
174,True,4,5144,122,2025-10-28 09:00:00,"3,4,10,12"
184,True,3,6146,122,2025-10-28 19:00:00,"1,11,12"
193,True,4,525,122,2025-10-29 04:00:00,"0,2,3,9"
201,True,14,61311,122,2025-10-29 12:00:00,"0,1,2,3,4,5,6,8,9,10,11,13,14,15"
212,True,5,9089,122,2025-10-29 23:00:00,"0,7,8,9,13"
229,True,3,16520,122,2025-10-30 20:00:00,"3,7,14"
239,True,3,16464,122,2025-10-31 06:00:00,"4,6,14"
278,True,15,65519,122,2025-11-02 00:00:00,"0,1,2,3,5,6,7,8,9,10,11,12,13,14,15"
309,True,13,65389,122,2025-11-03 07:00:00,"0,2,3,5,6,8,9,10,11,12,13,14,15"
339,True,13,52735,122,2025-11-04 13:00:00,"0,1,2,3,4,5,6,7,8,10,11,14,15"
361,True,7,3000,122,2025-11-05 11:00:00,"3,4,5,7,8,9,11"
376,True,10,45811,122,2025-11-06 02:00:00,"0,1,4,5,6,7,9,12,13,15"
406,True,14,64447,122,2025-11-07 11:00:00,"0,1,2,3,4,5,7,8,9,11,12,13,14,15"
414,True,5,18499,122,2025-11-07 19:00:00,"0,1,6,11,14"
426,True,12,59371,122,2025-11-08 07:00:00,"0,1,3,5,6,7,8,9,10,13,14,15"
445,True,8,26005,122,2025-11-09 02:00:00,"0,2,4,7,8,10,13,14"
447,True,7,41425,122,2025-11-09 04:00:00,"0,4,6,7,8,13,15"
448,True,13,30711,122,2025-11-09 05:00:00,"0,1,2,4,5,6,7,8,9,10,12,13,14"
455,True,14,32759,122,2025-11-09 12:00:00,"0,1,2,4,5,6,7,8,9,10,11,12,13,14"
462,True,3,69,122,2025-11-09 19:00:00,"0,2,6"
513,True,2,32769,122,2025-11-11 22:00:00,"0,15"
542,True,13,65273,122,2025-11-13 06:00:00,"0,3,4,5,6,7,9,10,11,12,13,14,15"
544,True,10,53679,122,2025-11-13 08:00:00,"0,1,2,3,5,7,8,12,14,15"
629,True,3,32848,122,2025-11-16 21:00:00,"4,6,15"
672,True,4,18696,122,2025-11-18 16:00:00,"3,8,11,14"
674,True,11,32244,122,2025-11-18 18:00:00,"2,4,5,6,7,8,10,11,12,13,14"
688,True,2,4352,122,2025-11-19 11:00:00,"8,12"
701,True,8,19038,122,2025-11-20 00:00:00,"1,2,3,4,6,9,11,14"
712,True,4,17540,122,2025-11-20 11:00:00,"2,7,10,14"
743,True,12,12283,122,2025-11-21 18:00:00,"0,1,3,4,5,6,7,8,9,10,11,13"
760,True,1,4,122,2025-11-22 11:00:00,2
774,True,11,64185,122,2025-11-23 01:00:00,"0,3,4,5,7,9,11,12,13,14,15"
784,True,5,28864,122,2025-11-23 11:00:00,"6,7,12,13,14"
792,True,13,63407,122,2025-11-23 19:00:00,"0,1,2,3,5,7,8,9,10,12,13,14,15"
877,True,6,51778,122,2025-11-27 11:00:00,"1,6,9,11,14,15"
949,True,16,65535,122,2025-11-30 11:00:00,"0,1,2,3,4,5,6,7,8,9,10,11,12,13,14,15"
1071,True,12,60350,122,2025-12-05 20:00:00,"1,2,3,4,5,7,8,9,11,13,14,15"
1082,True,12,52733,122,2025-12-06 07:00:00,"0,2,3,4,5,6,7,8,10,11,14,15"
1096,True,4,4152,122,2025-12-06 21:00:00,"3,4,5,12"
1113,True,12,53117,122,2025-12-07 17:00:00,"0,2,3,4,5,6,8,9,10,11,14,15"
1132,True,10,40347,122,2025-12-08 12:00:00,"0,1,3,4,7,8,10,11,12,15"
1139,True,14,65275,122,2025-12-08 19:00:00,"0,1,3,4,5,6,7,9,10,11,12,13,14,15"
1141,True,16,65535,122,2025-12-08 21:00:00,"0,1,2,3,4,5,6,7,8,9,10,11,12,13,14,15"
1160,True,2,520,122,2025-12-09 16:00:00,"3,9"
1170,True,8,19517,122,2025-12-10 02:00:00,"0,2,3,4,5,10,11,14"
1221,True,8,14541,122,2025-12-12 05:00:00,"0,2,3,6,7,11,12,13"
1225,True,11,56527,122,2025-12-12 09:00:00,"0,1,2,3,6,7,10,11,12,14,15"
1249,True,16,65535,122,2025-12-13 12:00:00,"0,1,2,3,4,5,6,7,8,9,10,11,12,13,14,15"
1251,True,16,65535,122,2025-12-13 14:00:00,"0,1,2,3,4,5,6,7,8,9,10,11,12,13,14,15"
1258,True,15,57343,122,2025-12-13 21:00:00,"0,1,2,3,4,5,6,7,8,9,10,11,12,14,15"
1277,True,5,18949,122,2025-12-14 16:00:00,"0,2,9,11,14"
1281,True,12,16343,122,2025-12-14 20:00:00,"0,1,2,4,6,7,8,9,10,11,12,13"
1294,True,12,63443,122,2025-12-15 09:00:00,"0,1,4,6,7,8,9,10,12,13,14,15"
1315,True,14,65523,122,2025-12-16 06:00:00,"0,1,4,5,6,7,8,9,10,11,12,13,14,15"
1324,True,9,45711,122,2025-12-16 15:00:00,"0,1,2,3,7,9,12,13,15"
1327,True,7,50744,122,2025-12-16 18:00:00,"3,4,5,9,10,14,15"
1328,True,2,640,122,2025-12-16 19:00:00,"7,9"
1397,True,7,29731,122,2025-12-19 19:00:00,"0,1,5,10,12,13,14"
1425,True,5,4142,122,2025-12-20 23:00:00,"1,2,3,5,12"
1449,True,5,38952,122,2025-12-21 23:00:00,"3,5,11,12,15"
1459,True,3,16928,122,2025-12-22 09:00:00,"5,9,14"
1508,True,8,63681,122,2025-12-24 10:00:00,"0,6,7,11,12,13,14,15"
1513,True,16,65535,122,2025-12-24 15:00:00,"0,1,2,3,4,5,6,7,8,9,10,11,12,13,14,15"
1523,True,5,7297,122,2025-12-25 04:00:00,"0,7,10,11,12"
1564,True,3,164,122,2025-12-26 21:00:00,"2,5,7"
1570,True,1,32,122,2025-12-27 03:00:00,5
1577,True,15,65519,122,2025-12-27 10:00:00,"0,1,2,3,5,6,7,8,9,10,11,12,13,14,15"
1579,True,1,1024,122,2025-12-27 12:00:00,10
1590,True,13,31231,122,2025-12-27 23:00:00,"0,1,2,3,4,5,6,7,8,11,12,13,14"
1603,True,4,24585,122,2025-12-28 12:00:00,"0,3,13,14"
1615,True,7,17844,122,2025-12-29 00:00:00,"2,4,5,7,8,10,14"
1619,True,8,30898,122,2025-12-29 04:00:00,"1,4,5,7,11,12,13,14"
1627,True,10,46517,122,2025-12-29 12:00:00,"0,2,4,5,7,8,10,12,13,15"
1636,True,8,58950,122,2025-12-29 21:00:00,"1,2,6,9,10,13,14,15"
1648,True,7,38226,122,2025-12-30 09:00:00,"1,4,6,8,10,12,15"
1649,True,11,26365,122,2025-12-30 10:00:00,"0,2,3,4,5,6,7,9,10,13,14"
1667,True,11,61043,122,2025-12-31 07:00:00,"0,1,4,5,6,9,10,11,13,14,15"
1677,True,11,62141,122,2025-12-31 17:00:00,"0,2,3,4,5,7,9,12,13,14,15"
1680,True,11,60408,122,2025-12-31 20:00:00,"3,4,5,6,7,8,9,11,13,14,15"
1683,True,9,28051,122,2025-12-31 23:00:00,"0,1,4,7,8,10,11,13,14"
12,True,12,61149,123,2025-10-21 12:00:00,"0,2,3,4,6,7,9,10,11,13,14,15"
48,True,16,65535,123,2025-10-23 00:00:00,"0,1,2,3,4,5,6,7,8,9,10,11,12,13,14,15"
74,True,3,4354,123,2025-10-24 02:00:00,"1,8,12"
76,True,12,63438,123,2025-10-24 04:00:00,"1,2,3,6,7,8,9,10,12,13,14,15"
98,True,12,57308,123,2025-10-25 02:00:00,"2,3,4,6,7,8,9,10,11,12,14,15"
115,True,3,2120,123,2025-10-25 19:00:00,"3,6,11"
128,True,5,20760,123,2025-10-26 11:00:00,"3,4,8,12,14"
133,True,4,6180,123,2025-10-26 16:00:00,"2,5,11,12"
138,True,12,61404,123,2025-10-26 21:00:00,"2,3,4,6,7,8,9,10,11,13,14,15"
173,True,5,794,123,2025-10-28 08:00:00,"1,3,4,8,9"
205,True,9,40122,123,2025-10-29 16:00:00,"1,3,4,5,7,10,11,12,15"
227,True,12,60798,123,2025-10-30 18:00:00,"1,2,3,4,5,6,8,10,11,13,14,15"
230,True,11,28652,123,2025-10-30 21:00:00,"2,3,5,6,7,8,9,10,11,13,14"
235,True,12,61275,123,2025-10-31 02:00:00,"0,1,3,4,6,8,9,10,11,13,14,15"
281,True,2,4097,123,2025-11-02 03:00:00,"0,12"
288,True,9,40900,123,2025-11-02 10:00:00,"2,6,7,8,9,10,11,12,15"
324,True,15,65519,123,2025-11-03 22:00:00,"0,1,2,3,5,6,7,8,9,10,11,12,13,14,15"
336,True,12,62910,123,2025-11-04 10:00:00,"1,2,3,4,5,7,8,10,12,13,14,15"
342,True,10,59068,123,2025-11-04 16:00:00,"2,3,4,5,7,9,10,13,14,15"
417,True,8,20053,123,2025-11-07 22:00:00,"0,2,4,6,9,10,11,14"
457,True,15,65023,123,2025-11-09 14:00:00,"0,1,2,3,4,5,6,7,8,10,11,12,13,14,15"
468,True,7,47752,123,2025-11-10 01:00:00,"3,7,9,11,12,13,15"
503,True,15,65407,123,2025-11-11 12:00:00,"0,1,2,3,4,5,6,8,9,10,11,12,13,14,15"
512,True,4,61440,123,2025-11-11 21:00:00,"12,13,14,15"
539,True,10,64675,123,2025-11-13 03:00:00,"0,1,5,7,10,11,12,13,14,15"
550,True,1,32,123,2025-11-13 14:00:00,5
589,True,6,33586,123,2025-11-15 05:00:00,"1,4,5,8,9,15"
644,True,8,12891,123,2025-11-17 12:00:00,"0,1,3,4,6,9,12,13"
657,True,16,65535,123,2025-11-18 01:00:00,"0,1,2,3,4,5,6,7,8,9,10,11,12,13,14,15"
688,True,7,40104,123,2025-11-19 11:00:00,"3,5,7,10,11,12,15"
689,True,8,34251,123,2025-11-19 12:00:00,"0,1,3,6,7,8,10,15"
710,True,2,3072,123,2025-11-20 09:00:00,"10,11"
730,True,12,64847,123,2025-11-21 05:00:00,"0,1,2,3,6,8,10,11,12,13,14,15"
775,True,12,47998,123,2025-11-23 02:00:00,"1,2,3,4,5,6,8,9,11,12,13,15"
807,True,6,53777,123,2025-11-24 10:00:00,"0,4,9,12,14,15"
818,True,12,63207,123,2025-11-24 21:00:00,"0,1,2,5,6,7,9,10,12,13,14,15"
823,True,16,65535,123,2025-11-25 05:00:00,"0,1,2,3,4,5,6,7,8,9,10,11,12,13,14,15"
827,True,11,24295,123,2025-11-25 09:00:00,"0,1,2,5,6,7,9,10,11,12,14"
851,True,7,42307,123,2025-11-26 09:00:00,"0,1,6,8,10,13,15"
863,True,16,65535,123,2025-11-26 21:00:00,"0,1,2,3,4,5,6,7,8,9,10,11,12,13,14,15"
906,True,6,5793,123,2025-11-28 16:00:00,"0,5,7,9,10,12"
911,True,12,53759,123,2025-11-28 21:00:00,"0,1,2,3,4,5,6,7,8,12,14,15"
917,True,11,11711,123,2025-11-29 03:00:00,"0,1,2,3,4,5,7,8,10,11,13"
959,True,16,65535,123,2025-11-30 21:00:00,"0,1,2,3,4,5,6,7,8,9,10,11,12,13,14,15"
990,True,12,32190,123,2025-12-02 07:00:00,"1,2,3,4,5,7,8,10,11,12,13,14"
1007,True,13,63983,123,2025-12-03 04:00:00,"0,1,2,3,5,6,7,8,11,12,13,14,15"
1036,True,12,24031,123,2025-12-04 09:00:00,"0,1,2,3,4,6,7,8,10,11,12,14"
1045,True,2,544,123,2025-12-04 18:00:00,"5,9"
1081,True,15,32767,123,2025-12-06 06:00:00,"0,1,2,3,4,5,6,7,8,9,10,11,12,13,14"
1085,True,9,50366,123,2025-12-06 10:00:00,"1,2,3,4,5,7,10,14,15"
1116,True,5,33136,123,2025-12-07 20:00:00,"4,5,6,8,15"
1121,True,16,65535,123,2025-12-08 01:00:00,"0,1,2,3,4,5,6,7,8,9,10,11,12,13,14,15"
1123,True,6,7212,123,2025-12-08 03:00:00,"2,3,5,10,11,12"
1138,True,12,40926,123,2025-12-08 18:00:00,"1,2,3,4,6,7,8,9,10,11,12,15"
1147,True,10,45927,123,2025-12-09 03:00:00,"0,1,2,5,6,8,9,12,13,15"
1150,True,14,49143,123,2025-12-09 06:00:00,"0,1,2,4,5,6,7,8,9,10,11,12,13,15"
1155,True,11,64307,123,2025-12-09 11:00:00,"0,1,4,5,8,9,11,12,13,14,15"
1185,True,7,16004,123,2025-12-10 17:00:00,"2,7,9,10,11,12,13"
1204,True,4,202,123,2025-12-11 12:00:00,"1,3,6,7"
1208,True,11,63162,123,2025-12-11 16:00:00,"1,3,4,5,7,9,10,12,13,14,15"
1233,True,1,1,123,2025-12-12 17:00:00,0
1310,True,9,22966,123,2025-12-16 01:00:00,"1,2,4,5,7,8,11,12,14"
1324,True,12,23549,123,2025-12-16 15:00:00,"0,2,3,4,5,6,7,8,9,11,12,14"
1337,True,13,60671,123,2025-12-17 04:00:00,"0,1,2,3,4,5,6,7,10,11,13,14,15"
1361,True,4,6240,123,2025-12-18 04:00:00,"5,6,11,12"
1385,True,12,56299,123,2025-12-19 07:00:00,"0,1,3,5,6,7,8,9,11,12,14,15"
1407,True,10,55001,123,2025-12-20 05:00:00,"0,3,4,6,7,9,10,12,14,15"
1440,True,3,1540,123,2025-12-21 14:00:00,"2,9,10"
1473,True,6,7306,123,2025-12-22 23:00:00,"1,3,7,10,11,12"
1478,True,4,10252,123,2025-12-23 04:00:00,"2,3,11,13"
1503,True,5,16612,123,2025-12-24 05:00:00,"2,5,6,7,14"
1576,True,2,8196,123,2025-12-27 09:00:00,"2,13"
1583,True,7,50024,123,2025-12-27 16:00:00,"3,5,6,8,9,14,15"
1591,True,7,8922,123,2025-12-28 00:00:00,"1,3,4,6,7,9,13"
6,True,2,272,124,2025-10-21 06:00:00,"4,8"
21,True,2,32776,124,2025-10-21 21:00:00,"3,15"
51,True,4,550,124,2025-10-23 03:00:00,"1,2,5,9"
85,True,11,31198,124,2025-10-24 13:00:00,"1,2,3,4,6,7,8,11,12,13,14"
126,True,10,64654,124,2025-10-26 09:00:00,"1,2,3,7,10,11,12,13,14,15"
151,True,4,4320,124,2025-10-27 10:00:00,"5,6,7,12"
152,True,3,4176,124,2025-10-27 11:00:00,"4,6,12"
165,True,11,64309,124,2025-10-28 00:00:00,"0,2,4,5,8,9,11,12,13,14,15"
169,True,12,48319,124,2025-10-28 04:00:00,"0,1,2,3,4,5,7,10,11,12,13,15"
183,True,16,65535,124,2025-10-28 18:00:00,"0,1,2,3,4,5,6,7,8,9,10,11,12,13,14,15"
190,True,7,44129,124,2025-10-29 01:00:00,"0,5,6,10,11,13,15"
211,True,3,33344,124,2025-10-29 22:00:00,"6,9,15"
239,True,4,2310,124,2025-10-31 06:00:00,"1,2,8,11"
243,True,12,53214,124,2025-10-31 10:00:00,"1,2,3,4,6,7,8,9,10,11,14,15"
267,True,10,46038,124,2025-11-01 13:00:00,"1,2,4,6,7,8,9,12,13,15"
270,True,8,25433,124,2025-11-01 16:00:00,"0,3,4,6,8,9,13,14"
312,True,12,30399,124,2025-11-03 10:00:00,"0,1,2,3,4,5,7,9,10,12,13,14"
325,True,6,41188,124,2025-11-03 23:00:00,"2,5,6,7,13,15"
327,True,9,15732,124,2025-11-04 01:00:00,"2,4,5,6,8,10,11,12,13"
367,True,12,27645,124,2025-11-05 17:00:00,"0,2,3,4,5,6,7,8,9,11,13,14"
384,True,13,57310,124,2025-11-06 10:00:00,"1,2,3,4,6,7,8,9,10,11,12,14,15"
388,True,4,49176,124,2025-11-06 14:00:00,"3,4,14,15"
405,True,13,64951,124,2025-11-07 10:00:00,"0,1,2,4,5,7,8,10,11,12,13,14,15"
455,True,1,8,124,2025-11-09 12:00:00,3
494,True,9,56680,124,2025-11-11 03:00:00,"3,5,6,8,10,11,12,14,15"
498,True,12,31731,124,2025-11-11 07:00:00,"0,1,4,5,6,7,8,9,11,12,13,14"
509,True,15,32767,124,2025-11-11 18:00:00,"0,1,2,3,4,5,6,7,8,9,10,11,12,13,14"
520,True,3,36880,124,2025-11-12 05:00:00,"4,12,15"
522,True,8,34631,124,2025-11-12 07:00:00,"0,1,2,6,8,9,10,15"
523,True,13,47071,124,2025-11-12 08:00:00,"0,1,2,3,4,6,7,8,9,10,12,13,15"
533,True,12,24059,124,2025-11-12 18:00:00,"0,1,3,4,5,6,7,8,10,11,12,14"
545,True,8,50574,124,2025-11-13 09:00:00,"1,2,3,7,8,10,14,15"
571,True,1,32,124,2025-11-14 11:00:00,5
574,True,4,9221,124,2025-11-14 14:00:00,"0,2,10,13"
584,True,2,4100,124,2025-11-15 00:00:00,"2,12"
589,True,14,61183,124,2025-11-15 05:00:00,"0,1,2,3,4,5,6,7,9,10,11,13,14,15"
601,True,12,57322,124,2025-11-15 17:00:00,"1,3,5,6,7,8,9,10,11,12,14,15"
624,True,16,65535,124,2025-11-16 16:00:00,"0,1,2,3,4,5,6,7,8,9,10,11,12,13,14,15"
635,True,3,17412,124,2025-11-17 03:00:00,"2,10,14"
647,True,3,16464,124,2025-11-17 15:00:00,"4,6,14"
653,True,10,62582,124,2025-11-17 21:00:00,"1,2,4,5,6,10,12,13,14,15"
665,True,10,39823,124,2025-11-18 09:00:00,"0,1,2,3,7,8,9,11,12,15"
706,True,1,512,124,2025-11-20 05:00:00,9
710,True,16,65535,124,2025-11-20 09:00:00,"0,1,2,3,4,5,6,7,8,9,10,11,12,13,14,15"
759,True,15,57343,124,2025-11-22 10:00:00,"0,1,2,3,4,5,6,7,8,9,10,11,12,14,15"
779,True,5,17096,124,2025-11-23 06:00:00,"3,6,7,9,14"
780,True,13,57271,124,2025-11-23 07:00:00,"0,1,2,4,5,7,8,9,10,11,12,14,15"
796,True,11,49663,124,2025-11-23 23:00:00,"0,1,2,3,4,5,6,7,8,14,15"
835,True,10,48663,124,2025-11-25 17:00:00,"0,1,2,4,9,10,11,12,13,15"
866,True,8,17771,124,2025-11-27 00:00:00,"0,1,3,5,6,8,10,14"
877,True,13,63995,124,2025-11-27 11:00:00,"0,1,3,4,5,6,7,8,11,12,13,14,15"
886,True,11,16190,124,2025-11-27 20:00:00,"1,2,3,4,5,8,9,10,11,12,13"
890,True,5,1543,124,2025-11-28 00:00:00,"0,1,2,9,10"
946,True,6,1619,124,2025-11-30 08:00:00,"0,1,4,6,9,10"
976,True,8,34652,124,2025-12-01 17:00:00,"2,3,4,6,8,9,10,15"
983,True,1,8,124,2025-12-02 00:00:00,3
995,True,16,65535,124,2025-12-02 16:00:00,"0,1,2,3,4,5,6,7,8,9,10,11,12,13,14,15"
1010,True,14,65469,124,2025-12-03 07:00:00,"0,2,3,4,5,7,8,9,10,11,12,13,14,15"
1112,True,2,2304,124,2025-12-07 16:00:00,"8,11"
1127,True,9,19069,124,2025-12-08 07:00:00,"0,2,3,4,5,6,9,11,14"
1142,True,2,33792,124,2025-12-08 22:00:00,"10,15"
1143,True,7,55400,124,2025-12-08 23:00:00,"3,5,6,11,12,14,15"
1145,True,3,32804,124,2025-12-09 01:00:00,"2,5,15"
1165,True,11,30967,124,2025-12-09 21:00:00,"0,1,2,4,5,6,7,11,12,13,14"
1189,True,6,36362,124,2025-12-10 21:00:00,"1,3,9,10,11,15"
1197,True,1,256,124,2025-12-11 05:00:00,8
1207,True,5,5649,124,2025-12-11 15:00:00,"0,4,9,10,12"
1214,True,8,18647,124,2025-12-11 22:00:00,"0,1,2,4,6,7,11,14"
1220,True,6,41313,124,2025-12-12 04:00:00,"0,5,6,8,13,15"
1234,True,14,65523,124,2025-12-12 18:00:00,"0,1,4,5,6,7,8,9,10,11,12,13,14,15"
1237,True,5,3776,124,2025-12-12 21:00:00,"6,7,9,10,11"
1253,True,1,256,124,2025-12-13 16:00:00,8
1255,True,10,59238,124,2025-12-13 18:00:00,"1,2,5,6,8,9,10,13,14,15"
1319,True,1,8,124,2025-12-16 10:00:00,3
1344,True,2,40,124,2025-12-17 11:00:00,"3,5"
1349,True,15,65407,124,2025-12-17 16:00:00,"0,1,2,3,4,5,6,8,9,10,11,12,13,14,15"
1377,True,15,65407,124,2025-12-18 20:00:00,"0,1,2,3,4,5,6,8,9,10,11,12,13,14,15"
1385,True,12,64497,124,2025-12-19 07:00:00,"0,4,5,6,7,8,9,11,12,13,14,15"
1399,True,12,48573,124,2025-12-19 21:00:00,"0,2,3,4,5,7,8,10,11,12,13,15"
1419,True,14,16383,124,2025-12-20 17:00:00,"0,1,2,3,4,5,6,7,8,9,10,11,12,13"
1454,True,5,8498,124,2025-12-22 04:00:00,"1,4,5,8,13"
1475,True,16,65535,124,2025-12-23 01:00:00,"0,1,2,3,4,5,6,7,8,9,10,11,12,13,14,15"
1501,True,14,65525,124,2025-12-24 03:00:00,"0,2,4,5,6,7,8,9,10,11,12,13,14,15"
1502,True,10,48358,124,2025-12-24 04:00:00,"1,2,5,6,7,10,11,12,13,15"
1521,True,10,48050,124,2025-12-24 23:00:00,"1,4,5,7,8,9,11,12,13,15"
1542,True,15,65533,124,2025-12-25 23:00:00,"0,2,3,4,5,6,7,8,9,10,11,12,13,14,15"
1585,True,2,6,124,2025-12-27 18:00:00,"1,2"
1592,True,9,50042,124,2025-12-28 01:00:00,"1,3,4,5,6,8,9,14,15"
1625,True,15,65527,124,2025-12-29 10:00:00,"0,1,2,4,5,6,7,8,9,10,11,12,13,14,15"
1640,True,3,34848,124,2025-12-30 01:00:00,"5,11,15"
1642,True,16,65535,124,2025-12-30 03:00:00,"0,1,2,3,4,5,6,7,8,9,10,11,12,13,14,15"
1650,True,15,63487,124,2025-12-30 11:00:00,"0,1,2,3,4,5,6,7,8,9,10,12,13,14,15"
1673,True,3,8288,124,2025-12-31 13:00:00,"5,6,13"
31,True,11,63309,125,2025-10-22 07:00:00,"0,2,3,6,8,9,10,12,13,14,15"
47,True,16,65535,125,2025-10-22 23:00:00,"0,1,2,3,4,5,6,7,8,9,10,11,12,13,14,15"
56,True,9,44888,125,2025-10-23 08:00:00,"3,4,6,8,9,10,11,13,15"
58,True,7,42186,125,2025-10-23 10:00:00,"1,3,6,7,10,13,15"
65,True,5,2250,125,2025-10-23 17:00:00,"1,3,6,7,11"
105,True,8,17365,125,2025-10-25 09:00:00,"0,2,4,6,7,8,9,14"
106,True,9,60714,125,2025-10-25 10:00:00,"1,3,5,8,10,11,13,14,15"
124,True,13,57085,125,2025-10-26 07:00:00,"0,2,3,4,5,6,7,9,10,11,12,14,15"
141,True,12,48124,125,2025-10-27 00:00:00,"2,3,4,5,6,7,8,9,11,12,13,15"
156,True,2,384,125,2025-10-27 15:00:00,"7,8"
173,True,5,20628,125,2025-10-28 08:00:00,"2,4,7,12,14"
178,True,11,53212,125,2025-10-28 13:00:00,"2,3,4,6,7,8,9,10,11,14,15"
187,True,9,13211,125,2025-10-28 22:00:00,"0,1,3,4,7,8,9,12,13"
206,True,2,6144,125,2025-10-29 17:00:00,"11,12"
219,True,15,32767,125,2025-10-30 06:00:00,"0,1,2,3,4,5,6,7,8,9,10,11,12,13,14"
267,True,14,65277,125,2025-11-01 13:00:00,"0,2,3,4,5,6,7,9,10,11,12,13,14,15"
294,True,2,132,125,2025-11-02 16:00:00,"2,7"
296,True,9,24241,125,2025-11-02 18:00:00,"0,4,5,7,9,10,11,12,14"
325,True,8,6381,125,2025-11-03 23:00:00,"0,2,3,5,6,7,11,12"
338,True,7,51974,125,2025-11-04 12:00:00,"1,2,8,9,11,14,15"
368,True,15,65503,125,2025-11-05 18:00:00,"0,1,2,3,4,6,7,8,9,10,11,12,13,14,15"
372,True,10,46570,125,2025-11-05 22:00:00,"1,3,5,6,7,8,10,12,13,15"
387,True,14,65463,125,2025-11-06 13:00:00,"0,1,2,4,5,7,8,9,10,11,12,13,14,15"
432,True,2,5,125,2025-11-08 13:00:00,"0,2"
443,True,5,38017,125,2025-11-09 00:00:00,"0,7,10,12,15"
525,True,8,41805,125,2025-11-12 10:00:00,"0,2,3,6,8,9,13,15"
553,True,6,45093,125,2025-11-13 17:00:00,"0,2,5,12,13,15"
565,True,13,16379,125,2025-11-14 05:00:00,"0,1,3,4,5,6,7,8,9,10,11,12,13"
580,True,10,60634,125,2025-11-14 20:00:00,"1,3,4,6,7,10,11,13,14,15"
591,True,10,64449,125,2025-11-15 07:00:00,"0,6,7,8,9,11,12,13,14,15"
620,True,2,33792,125,2025-11-16 12:00:00,"10,15"
661,True,7,35030,125,2025-11-18 05:00:00,"1,2,4,6,7,11,15"
707,True,6,1142,125,2025-11-20 06:00:00,"1,2,4,5,6,10"
711,True,10,44815,125,2025-11-20 10:00:00,"0,1,2,3,8,9,10,11,13,15"
719,True,1,1024,125,2025-11-20 18:00:00,10
734,True,5,20746,125,2025-11-21 09:00:00,"1,3,8,12,14"
751,True,4,33058,125,2025-11-22 02:00:00,"1,5,8,15"
754,True,10,22203,125,2025-11-22 05:00:00,"0,1,3,4,5,7,9,10,12,14"
777,True,7,50476,125,2025-11-23 04:00:00,"2,3,5,8,10,14,15"
831,True,6,43281,125,2025-11-25 13:00:00,"0,4,8,11,13,15"
864,True,3,4226,125,2025-11-26 22:00:00,"1,7,12"
908,True,8,54373,125,2025-11-28 18:00:00,"0,2,5,6,10,12,14,15"
910,True,2,16512,125,2025-11-28 20:00:00,"7,14"
928,True,9,16887,125,2025-11-29 14:00:00,"0,1,2,4,5,6,7,8,14"
929,True,5,9104,125,2025-11-29 15:00:00,"4,7,8,9,13"
952,True,8,28294,125,2025-11-30 14:00:00,"1,2,7,9,10,11,13,14"
972,True,9,31909,125,2025-12-01 13:00:00,"0,2,5,7,10,11,12,13,14"
993,True,9,50428,125,2025-12-02 10:00:00,"2,3,4,5,6,7,10,14,15"
1008,True,14,32766,125,2025-12-03 05:00:00,"1,2,3,4,5,6,7,8,9,10,11,12,13,14"
1013,True,4,4137,125,2025-12-03 10:00:00,"0,3,5,12"
1019,True,12,60335,125,2025-12-03 16:00:00,"0,1,2,3,5,7,8,9,11,13,14,15"
1028,True,6,5360,125,2025-12-04 01:00:00,"4,5,6,7,10,12"
1035,True,9,6583,125,2025-12-04 08:00:00,"0,1,2,4,5,7,8,11,12"
1056,True,3,648,125,2025-12-05 05:00:00,"3,7,9"
1077,True,15,65533,125,2025-12-06 02:00:00,"0,2,3,4,5,6,7,8,9,10,11,12,13,14,15"
1089,True,3,1168,125,2025-12-06 14:00:00,"4,7,10"
1105,True,9,35291,125,2025-12-07 09:00:00,"0,1,3,4,6,7,8,11,15"
1110,True,15,65471,125,2025-12-07 14:00:00,"0,1,2,3,4,5,7,8,9,10,11,12,13,14,15"
1127,True,2,1032,125,2025-12-08 07:00:00,"3,10"
1141,True,16,65535,125,2025-12-08 21:00:00,"0,1,2,3,4,5,6,7,8,9,10,11,12,13,14,15"
1175,True,5,19468,125,2025-12-10 07:00:00,"2,3,10,11,14"
1182,True,3,4356,125,2025-12-10 14:00:00,"2,8,12"
1196,True,16,65535,125,2025-12-11 04:00:00,"0,1,2,3,4,5,6,7,8,9,10,11,12,13,14,15"
1219,True,4,41040,125,2025-12-12 03:00:00,"4,6,13,15"
1226,True,5,10254,125,2025-12-12 10:00:00,"1,2,3,11,13"
1234,True,13,63215,125,2025-12-12 18:00:00,"0,1,2,3,5,6,7,9,10,12,13,14,15"
1279,True,9,26572,125,2025-12-14 18:00:00,"2,3,6,7,8,9,10,13,14"
1309,True,8,28204,125,2025-12-16 00:00:00,"2,3,5,9,10,11,13,14"
1350,True,6,38064,125,2025-12-17 17:00:00,"4,5,7,10,12,15"
1365,True,4,2181,125,2025-12-18 08:00:00,"0,2,7,11"
1429,True,8,63523,125,2025-12-21 03:00:00,"0,1,5,11,12,13,14,15"
1441,True,13,60926,125,2025-12-21 15:00:00,"1,2,3,4,5,6,7,8,10,11,13,14,15"
1453,True,6,12380,125,2025-12-22 03:00:00,"2,3,4,6,12,13"
1460,True,13,32762,125,2025-12-22 10:00:00,"1,3,4,5,6,7,8,9,10,11,12,13,14"
1476,True,5,15392,125,2025-12-23 02:00:00,"5,10,11,12,13"
1495,True,16,65535,125,2025-12-23 21:00:00,"0,1,2,3,4,5,6,7,8,9,10,11,12,13,14,15"
1594,True,6,37668,125,2025-12-28 03:00:00,"2,5,8,9,12,15"
1609,True,12,64317,125,2025-12-28 18:00:00,"0,2,3,4,5,8,9,11,12,13,14,15"
1623,True,13,32695,125,2025-12-29 08:00:00,"0,1,2,4,5,7,8,9,10,11,12,13,14"
1632,True,14,56319,125,2025-12-29 17:00:00,"0,1,2,3,4,5,6,7,8,9,11,12,14,15"
1648,True,2,8320,125,2025-12-30 09:00:00,"7,13"
1680,True,8,47316,125,2025-12-31 20:00:00,"2,4,6,7,11,12,13,15"
1682,True,3,552,125,2025-12-31 22:00:00,"3,5,9"
11,True,14,65405,126,2025-10-21 11:00:00,"0,2,3,4,5,6,8,9,10,11,12,13,14,15"
15,True,8,9852,126,2025-10-21 15:00:00,"2,3,4,5,6,9,10,13"
39,True,5,16427,126,2025-10-22 15:00:00,"0,1,3,5,14"
53,True,3,641,126,2025-10-23 05:00:00,"0,7,9"
82,True,14,65455,126,2025-10-24 10:00:00,"0,1,2,3,5,7,8,9,10,11,12,13,14,15"
107,True,9,13227,126,2025-10-25 11:00:00,"0,1,3,5,7,8,9,12,13"
159,True,11,61113,126,2025-10-27 18:00:00,"0,3,4,5,7,9,10,11,13,14,15"
183,True,13,65401,126,2025-10-28 18:00:00,"0,3,4,5,6,8,9,10,11,12,13,14,15"
186,True,10,17663,126,2025-10-28 21:00:00,"0,1,2,3,4,5,6,7,10,14"
208,True,9,64037,126,2025-10-29 19:00:00,"0,2,5,9,11,12,13,14,15"
281,True,15,63487,126,2025-11-02 03:00:00,"0,1,2,3,4,5,6,7,8,9,10,12,13,14,15"
361,True,8,23612,126,2025-11-05 11:00:00,"2,3,4,5,10,11,12,14"
400,True,8,10097,126,2025-11-07 05:00:00,"0,4,5,6,8,9,10,13"
419,True,5,2948,126,2025-11-08 00:00:00,"2,7,8,9,11"
441,True,2,768,126,2025-11-08 22:00:00,"8,9"
464,True,6,45601,126,2025-11-09 21:00:00,"0,5,9,12,13,15"
484,True,6,742,126,2025-11-10 17:00:00,"1,2,5,6,7,9"
494,True,15,65527,126,2025-11-11 03:00:00,"0,1,2,4,5,6,7,8,9,10,11,12,13,14,15"
515,True,8,35359,126,2025-11-12 00:00:00,"0,1,2,3,4,9,11,15"
541,True,9,31427,126,2025-11-13 05:00:00,"0,1,6,7,9,11,12,13,14"
546,True,16,65535,126,2025-11-13 10:00:00,"0,1,2,3,4,5,6,7,8,9,10,11,12,13,14,15"
547,True,1,1,126,2025-11-13 11:00:00,0
621,True,5,8281,126,2025-11-16 13:00:00,"0,3,4,6,13"
644,True,3,69,126,2025-11-17 12:00:00,"0,2,6"
652,True,12,57205,126,2025-11-17 20:00:00,"0,2,4,5,6,8,9,10,11,12,14,15"
683,True,1,32,126,2025-11-19 06:00:00,5
708,True,7,6471,126,2025-11-20 07:00:00,"0,1,2,6,8,11,12"
711,True,7,17814,126,2025-11-20 10:00:00,"1,2,4,7,8,10,14"
734,True,10,60089,126,2025-11-21 09:00:00,"0,3,4,5,7,9,11,13,14,15"
735,True,3,84,126,2025-11-21 10:00:00,"2,4,6"
755,True,9,38479,126,2025-11-22 06:00:00,"0,1,2,3,6,9,10,12,15"
776,True,5,37123,126,2025-11-23 03:00:00,"0,1,8,12,15"
799,True,7,44108,126,2025-11-24 02:00:00,"2,3,6,10,11,13,15"
872,True,5,39296,126,2025-11-27 06:00:00,"7,8,11,12,15"
876,True,2,34,126,2025-11-27 10:00:00,"1,5"
877,True,12,48890,126,2025-11-27 11:00:00,"1,3,4,5,6,7,9,10,11,12,13,15"
891,True,6,35266,126,2025-11-28 01:00:00,"1,6,7,8,11,15"
958,True,4,11280,126,2025-11-30 20:00:00,"4,10,11,13"
984,True,7,38680,126,2025-12-02 01:00:00,"3,4,8,9,10,12,15"
988,True,14,61431,126,2025-12-02 05:00:00,"0,1,2,4,5,6,7,8,9,10,11,13,14,15"
990,True,2,10240,126,2025-12-02 07:00:00,"11,13"
1011,True,16,65535,126,2025-12-03 08:00:00,"0,1,2,3,4,5,6,7,8,9,10,11,12,13,14,15"
1026,True,6,33946,126,2025-12-03 23:00:00,"1,3,4,7,10,15"
1043,True,13,63991,126,2025-12-04 16:00:00,"0,1,2,4,5,6,7,8,11,12,13,14,15"
1117,True,6,49353,126,2025-12-07 21:00:00,"0,3,6,7,14,15"
1132,True,15,65533,126,2025-12-08 12:00:00,"0,2,3,4,5,6,7,8,9,10,11,12,13,14,15"
1214,True,12,32245,126,2025-12-11 22:00:00,"0,2,4,5,6,7,8,10,11,12,13,14"
1221,True,15,63487,126,2025-12-12 05:00:00,"0,1,2,3,4,5,6,7,8,9,10,12,13,14,15"
1230,True,7,51271,126,2025-12-12 14:00:00,"0,1,2,6,11,14,15"
1252,True,15,65533,126,2025-12-13 15:00:00,"0,2,3,4,5,6,7,8,9,10,11,12,13,14,15"
1269,True,16,65535,126,2025-12-14 08:00:00,"0,1,2,3,4,5,6,7,8,9,10,11,12,13,14,15"
1286,True,3,8258,126,2025-12-15 01:00:00,"1,6,13"
1294,True,4,2216,126,2025-12-15 09:00:00,"3,5,7,11"
1314,True,14,53247,126,2025-12-16 05:00:00,"0,1,2,3,4,5,6,7,8,9,10,11,14,15"
1348,True,8,45521,126,2025-12-17 15:00:00,"0,4,6,7,8,12,13,15"
1370,True,5,37385,126,2025-12-18 13:00:00,"0,3,9,12,15"
1375,True,13,59263,126,2025-12-18 18:00:00,"0,1,2,3,4,5,6,8,9,10,13,14,15"
1449,True,1,128,126,2025-12-21 23:00:00,7
1474,True,9,47042,126,2025-12-23 00:00:00,"1,6,7,8,9,10,12,13,15"
1494,True,10,19949,126,2025-12-23 20:00:00,"0,2,3,5,6,7,8,10,11,14"
1500,True,1,8,126,2025-12-24 02:00:00,3
1527,True,8,11326,126,2025-12-25 08:00:00,"1,2,3,4,5,10,11,13"
1616,True,5,49163,126,2025-12-29 01:00:00,"0,1,3,14,15"
1622,True,12,57051,126,2025-12-29 07:00:00,"0,1,3,4,6,7,9,10,11,12,14,15"
1673,True,4,49161,126,2025-12-31 13:00:00,"0,3,14,15"
12,True,15,65023,127,2025-10-21 12:00:00,"0,1,2,3,4,5,6,7,8,10,11,12,13,14,15"
26,True,12,65323,127,2025-10-22 02:00:00,"0,1,3,5,8,9,10,11,12,13,14,15"
40,True,13,64239,127,2025-10-22 16:00:00,"0,1,2,3,5,6,7,9,11,12,13,14,15"
42,True,15,64511,127,2025-10-22 18:00:00,"0,1,2,3,4,5,6,7,8,9,11,12,13,14,15"
46,True,6,7302,127,2025-10-22 22:00:00,"1,2,7,10,11,12"
48,True,16,65535,127,2025-10-23 00:00:00,"0,1,2,3,4,5,6,7,8,9,10,11,12,13,14,15"
56,True,12,57135,127,2025-10-23 08:00:00,"0,1,2,3,5,8,9,10,11,12,14,15"
61,True,2,1280,127,2025-10-23 13:00:00,"8,10"
66,True,12,27631,127,2025-10-23 18:00:00,"0,1,2,3,5,6,7,8,9,11,13,14"
70,True,11,48811,127,2025-10-23 22:00:00,"0,1,3,5,7,9,10,11,12,13,15"
79,True,15,65023,127,2025-10-24 07:00:00,"0,1,2,3,4,5,6,7,8,10,11,12,13,14,15"
81,True,8,37950,127,2025-10-24 09:00:00,"1,2,3,4,5,10,12,15"
82,True,11,31469,127,2025-10-24 10:00:00,"0,2,3,5,6,7,9,11,12,13,14"
89,True,12,27646,127,2025-10-24 17:00:00,"1,2,3,4,5,6,7,8,9,11,13,14"
111,True,16,65535,127,2025-10-25 15:00:00,"0,1,2,3,4,5,6,7,8,9,10,11,12,13,14,15"
126,True,4,34432,127,2025-10-26 09:00:00,"7,9,10,15"
154,True,6,58392,127,2025-10-27 13:00:00,"3,4,10,13,14,15"
178,True,8,39874,127,2025-10-28 13:00:00,"1,6,7,8,9,11,12,15"
239,True,9,58166,127,2025-10-31 06:00:00,"1,2,4,5,8,9,13,14,15"
243,True,4,18696,127,2025-10-31 10:00:00,"3,8,11,14"
254,True,12,64125,127,2025-10-31 21:00:00,"0,2,3,4,5,6,9,11,12,13,14,15"
291,True,7,6979,127,2025-11-02 13:00:00,"0,1,6,8,9,11,12"
320,True,12,63353,127,2025-11-03 18:00:00,"0,3,4,5,6,8,9,10,12,13,14,15"
363,True,10,63519,127,2025-11-05 13:00:00,"0,1,2,3,4,11,12,13,14,15"
371,True,7,33916,127,2025-11-05 21:00:00,"2,3,4,5,6,10,15"
445,True,5,18698,127,2025-11-09 02:00:00,"1,3,8,11,14"
489,True,3,321,127,2025-11-10 22:00:00,"0,6,8"
514,True,5,16721,127,2025-11-11 23:00:00,"0,4,6,8,14"
521,True,7,49777,127,2025-11-12 06:00:00,"0,4,5,6,9,14,15"
568,True,13,65341,127,2025-11-14 08:00:00,"0,2,3,4,5,8,9,10,11,12,13,14,15"
588,True,11,12030,127,2025-11-15 04:00:00,"1,2,3,4,5,6,7,9,10,11,13"
602,True,16,65535,127,2025-11-15 18:00:00,"0,1,2,3,4,5,6,7,8,9,10,11,12,13,14,15"
647,True,1,32,127,2025-11-17 15:00:00,5
675,True,11,12799,127,2025-11-18 19:00:00,"0,1,2,3,4,5,6,7,8,12,13"
681,True,15,65279,127,2025-11-19 04:00:00,"0,1,2,3,4,5,6,7,9,10,11,12,13,14,15"
682,True,1,8192,127,2025-11-19 05:00:00,13
685,True,7,7307,127,2025-11-19 08:00:00,"0,1,3,7,10,11,12"
720,True,12,64862,127,2025-11-20 19:00:00,"1,2,3,4,6,8,10,11,12,13,14,15"
751,True,7,13761,127,2025-11-22 02:00:00,"0,6,7,8,10,12,13"
804,True,5,5641,127,2025-11-24 07:00:00,"0,3,9,10,12"
810,True,8,22384,127,2025-11-24 13:00:00,"4,5,6,8,9,10,12,14"
815,True,3,88,127,2025-11-24 18:00:00,"3,4,6"
820,True,16,65535,127,2025-11-24 23:00:00,"0,1,2,3,4,5,6,7,8,9,10,11,12,13,14,15"
821,True,2,24,127,2025-11-25 03:00:00,"3,4"
834,True,1,2048,127,2025-11-25 16:00:00,11
847,True,6,24677,127,2025-11-26 05:00:00,"0,2,5,6,13,14"
860,True,9,56113,127,2025-11-26 18:00:00,"0,4,5,8,9,11,12,14,15"
882,True,2,16640,127,2025-11-27 16:00:00,"8,14"
961,True,3,49,127,2025-11-30 23:00:00,"0,4,5"
963,True,14,61437,127,2025-12-01 04:00:00,"0,2,3,4,5,6,7,8,9,10,11,13,14,15"
1054,True,6,13319,127,2025-12-05 03:00:00,"0,1,2,10,12,13"
1059,True,13,32734,127,2025-12-05 08:00:00,"1,2,3,4,6,7,8,9,10,11,12,13,14"
1062,True,3,9218,127,2025-12-05 11:00:00,"1,10,13"
1065,True,4,34945,127,2025-12-05 14:00:00,"0,7,11,15"
1068,True,8,9194,127,2025-12-05 17:00:00,"1,3,5,6,7,8,9,13"
1076,True,1,1024,127,2025-12-06 01:00:00,10
1088,True,7,16507,127,2025-12-06 13:00:00,"0,1,3,4,5,6,14"
1092,True,3,2576,127,2025-12-06 17:00:00,"4,9,11"
1104,True,7,39557,127,2025-12-07 08:00:00,"0,2,7,9,11,12,15"
1112,True,1,64,127,2025-12-07 16:00:00,6
1142,True,15,65279,127,2025-12-08 22:00:00,"0,1,2,3,4,5,6,7,9,10,11,12,13,14,15"
1156,True,5,16413,127,2025-12-09 12:00:00,"0,2,3,4,14"
1157,True,11,32740,127,2025-12-09 13:00:00,"2,5,6,7,8,9,10,11,12,13,14"
1158,True,11,61382,127,2025-12-09 14:00:00,"1,2,6,7,8,9,10,11,13,14,15"
1251,True,8,17897,127,2025-12-13 14:00:00,"0,3,5,6,7,8,10,14"
1256,True,12,64469,127,2025-12-13 19:00:00,"0,2,4,6,7,8,9,11,12,13,14,15"
1259,True,15,65531,127,2025-12-13 22:00:00,"0,1,3,4,5,6,7,8,9,10,11,12,13,14,15"
1264,True,9,30321,127,2025-12-14 03:00:00,"0,4,5,6,9,10,12,13,14"
1278,True,9,62913,127,2025-12-14 17:00:00,"0,6,7,8,10,12,13,14,15"
1290,True,5,18968,127,2025-12-15 05:00:00,"3,4,9,11,14"
1304,True,10,36341,127,2025-12-15 19:00:00,"0,2,4,5,6,7,8,10,11,15"
1318,True,15,65503,127,2025-12-16 09:00:00,"0,1,2,3,4,6,7,8,9,10,11,12,13,14,15"
1334,True,9,7387,127,2025-12-17 01:00:00,"0,1,3,4,6,7,10,11,12"
1360,True,2,129,127,2025-12-18 03:00:00,"0,7"
1363,True,15,63487,127,2025-12-18 06:00:00,"0,1,2,3,4,5,6,7,8,9,10,12,13,14,15"
1416,True,15,65519,127,2025-12-20 14:00:00,"0,1,2,3,5,6,7,8,9,10,11,12,13,14,15"
1417,True,12,28575,127,2025-12-20 15:00:00,"0,1,2,3,4,7,8,9,10,11,13,14"
1418,True,7,50284,127,2025-12-20 16:00:00,"2,3,5,6,10,14,15"
1428,True,13,57323,127,2025-12-21 02:00:00,"0,1,3,5,6,7,8,9,10,11,12,14,15"
1431,True,5,11329,127,2025-12-21 05:00:00,"0,6,10,11,13"
1438,True,3,400,127,2025-12-21 12:00:00,"4,7,8"
1452,True,6,6414,127,2025-12-22 02:00:00,"1,2,3,8,11,12"
1456,True,16,65535,127,2025-12-22 06:00:00,"0,1,2,3,4,5,6,7,8,9,10,11,12,13,14,15"
1460,True,14,64507,127,2025-12-22 10:00:00,"0,1,3,4,5,6,7,8,9,11,12,13,14,15"
1464,True,12,56127,127,2025-12-22 14:00:00,"0,1,2,3,4,5,8,9,11,12,14,15"
1465,True,15,65023,127,2025-12-22 15:00:00,"0,1,2,3,4,5,6,7,8,10,11,12,13,14,15"
1504,True,13,65367,127,2025-12-24 06:00:00,"0,1,2,4,6,8,9,10,11,12,13,14,15"
1522,True,15,65503,127,2025-12-25 03:00:00,"0,1,2,3,4,6,7,8,9,10,11,12,13,14,15"
1525,True,4,9856,127,2025-12-25 06:00:00,"7,9,10,13"
1566,True,3,2192,127,2025-12-26 23:00:00,"4,7,11"
1568,True,9,47736,127,2025-12-27 01:00:00,"3,4,5,6,9,11,12,13,15"
1579,True,16,65535,127,2025-12-27 12:00:00,"0,1,2,3,4,5,6,7,8,9,10,11,12,13,14,15"
1605,True,8,57578,127,2025-12-28 14:00:00,"1,3,5,6,7,13,14,15"
1638,True,2,3072,127,2025-12-29 23:00:00,"10,11"
1654,True,9,35959,127,2025-12-30 15:00:00,"0,1,2,4,5,6,10,11,15"
17,True,14,61423,128,2025-10-21 17:00:00,"0,1,2,3,5,6,7,8,9,10,11,13,14,15"
79,True,14,63231,128,2025-10-24 07:00:00,"0,1,2,3,4,5,6,7,9,10,12,13,14,15"
83,True,3,208,128,2025-10-24 11:00:00,"4,6,7"
120,True,7,57875,128,2025-10-26 03:00:00,"0,1,4,9,13,14,15"
122,True,10,40374,128,2025-10-26 05:00:00,"1,2,4,5,7,8,10,11,12,15"
158,True,5,16778,128,2025-10-27 17:00:00,"1,3,7,8,14"
166,True,12,65475,128,2025-10-28 01:00:00,"0,1,6,7,8,9,10,11,12,13,14,15"
359,True,16,65535,128,2025-11-05 09:00:00,"0,1,2,3,4,5,6,7,8,9,10,11,12,13,14,15"
423,True,3,3073,128,2025-11-08 04:00:00,"0,10,11"
455,True,14,24575,128,2025-11-09 12:00:00,"0,1,2,3,4,5,6,7,8,9,10,11,12,14"
462,True,10,62649,128,2025-11-09 19:00:00,"0,3,4,5,7,10,12,13,14,15"
465,True,11,56683,128,2025-11-09 22:00:00,"0,1,3,5,6,8,10,11,12,14,15"
490,True,6,27905,128,2025-11-10 23:00:00,"0,8,10,11,13,14"
526,True,1,1024,128,2025-11-12 11:00:00,10
544,True,16,65535,128,2025-11-13 08:00:00,"0,1,2,3,4,5,6,7,8,9,10,11,12,13,14,15"
589,True,12,40687,128,2025-11-15 05:00:00,"0,1,2,3,5,6,7,9,10,11,12,15"
590,True,12,58877,128,2025-11-15 06:00:00,"0,2,3,4,5,6,7,8,10,13,14,15"
607,True,15,57343,128,2025-11-15 23:00:00,"0,1,2,3,4,5,6,7,8,9,10,11,12,14,15"
608,True,15,65533,128,2025-11-16 00:00:00,"0,2,3,4,5,6,7,8,9,10,11,12,13,14,15"
624,True,13,53183,128,2025-11-16 16:00:00,"0,1,2,3,4,5,7,8,9,10,11,14,15"
650,True,4,5250,128,2025-11-17 18:00:00,"1,7,10,12"
687,True,8,35753,128,2025-11-19 10:00:00,"0,3,5,7,8,9,11,15"
689,True,10,13943,128,2025-11-19 12:00:00,"0,1,2,4,5,6,9,10,12,13"
698,True,13,65199,128,2025-11-19 21:00:00,"0,1,2,3,5,7,9,10,11,12,13,14,15"
735,True,14,49147,128,2025-11-21 10:00:00,"0,1,3,4,5,6,7,8,9,10,11,12,13,15"
765,True,1,256,128,2025-11-22 16:00:00,8
800,True,2,16386,128,2025-11-24 03:00:00,"1,14"
828,True,3,262,128,2025-11-25 10:00:00,"1,2,8"
844,True,4,20552,128,2025-11-26 02:00:00,"3,6,12,14"
878,True,9,13407,128,2025-11-27 12:00:00,"0,1,2,3,4,6,10,12,13"
918,True,11,28660,128,2025-11-29 04:00:00,"2,4,5,6,7,8,9,10,11,13,14"
932,True,10,30644,128,2025-11-29 18:00:00,"2,4,5,7,8,9,10,12,13,14"
939,True,8,5369,128,2025-11-30 01:00:00,"0,3,4,5,6,7,10,12"
1027,True,1,4,128,2025-12-04 00:00:00,2
1060,True,11,7647,128,2025-12-05 09:00:00,"0,1,2,3,4,6,7,8,10,11,12"
1065,True,13,49103,128,2025-12-05 14:00:00,"0,1,2,3,6,7,8,9,10,11,12,13,15"
1069,True,7,58885,128,2025-12-05 18:00:00,"0,2,9,10,13,14,15"
1082,True,3,17440,128,2025-12-06 07:00:00,"5,10,14"
1108,True,2,129,128,2025-12-07 12:00:00,"0,7"
1140,True,8,13406,128,2025-12-08 20:00:00,"1,2,3,4,6,10,12,13"
1143,True,9,12198,128,2025-12-08 23:00:00,"1,2,5,7,8,9,10,11,13"
1151,True,16,65535,128,2025-12-09 07:00:00,"0,1,2,3,4,5,6,7,8,9,10,11,12,13,14,15"
1170,True,11,48998,128,2025-12-10 02:00:00,"1,2,5,6,8,9,10,11,12,13,15"
1184,True,13,16127,128,2025-12-10 16:00:00,"0,1,2,3,4,5,6,7,9,10,11,12,13"
1223,True,7,36241,128,2025-12-12 07:00:00,"0,4,7,8,10,11,15"
1229,True,11,30579,128,2025-12-12 13:00:00,"0,1,4,5,6,8,9,10,12,13,14"
1240,True,15,65531,128,2025-12-13 03:00:00,"0,1,3,4,5,6,7,8,9,10,11,12,13,14,15"
1253,True,14,16383,128,2025-12-13 16:00:00,"0,1,2,3,4,5,6,7,8,9,10,11,12,13"
1270,True,8,27932,128,2025-12-14 09:00:00,"2,3,4,8,10,11,13,14"
1282,True,10,40541,128,2025-12-14 21:00:00,"0,2,3,4,6,9,10,11,12,15"
1283,True,12,44023,128,2025-12-14 22:00:00,"0,1,2,4,5,6,7,8,9,11,13,15"
1294,True,6,798,128,2025-12-15 09:00:00,"1,2,3,4,8,9"
1295,True,15,65534,128,2025-12-15 10:00:00,"1,2,3,4,5,6,7,8,9,10,11,12,13,14,15"
1307,True,1,16,128,2025-12-15 22:00:00,4
1319,True,10,51174,128,2025-12-16 10:00:00,"1,2,5,6,7,8,9,10,14,15"
1327,True,9,7804,128,2025-12-16 18:00:00,"2,3,4,5,6,9,10,11,12"
1351,True,1,2,128,2025-12-17 18:00:00,1
1399,True,5,57364,128,2025-12-19 21:00:00,"2,4,13,14,15"
1405,True,9,24348,128,2025-12-20 03:00:00,"2,3,4,8,9,10,11,12,14"
1419,True,10,32295,128,2025-12-20 17:00:00,"0,1,2,5,9,10,11,12,13,14"
1455,True,10,45982,128,2025-12-22 05:00:00,"1,2,3,4,7,8,9,12,13,15"
1508,True,7,5864,128,2025-12-24 10:00:00,"3,5,6,7,9,10,12"
1525,True,11,44781,128,2025-12-25 06:00:00,"0,2,3,5,6,7,9,10,11,13,15"
1528,True,2,33024,128,2025-12-25 09:00:00,"8,15"
1531,True,11,21999,128,2025-12-25 12:00:00,"0,1,2,3,5,6,7,8,10,12,14"
1578,True,14,65523,128,2025-12-27 11:00:00,"0,1,4,5,6,7,8,9,10,11,12,13,14,15"
1606,True,13,57340,128,2025-12-28 15:00:00,"2,3,4,5,6,7,8,9,10,11,12,14,15"
1618,True,12,51198,128,2025-12-29 03:00:00,"1,2,3,4,5,6,7,8,9,10,14,15"
1629,True,16,65535,128,2025-12-29 14:00:00,"0,1,2,3,4,5,6,7,8,9,10,11,12,13,14,15"
1636,True,12,64827,128,2025-12-29 21:00:00,"0,1,3,4,5,8,10,11,12,13,14,15"
1681,True,11,44525,128,2025-12-31 21:00:00,"0,2,3,5,6,7,8,10,11,13,15"
49,True,5,9602,129,2025-10-23 01:00:00,"1,7,8,10,13"
54,True,9,61975,129,2025-10-23 06:00:00,"0,1,2,4,9,12,13,14,15"
69,True,4,6657,129,2025-10-23 21:00:00,"0,9,11,12"
77,True,1,8192,129,2025-10-24 05:00:00,13
88,True,8,44201,129,2025-10-24 16:00:00,"0,3,5,7,10,11,13,15"
119,True,5,17452,129,2025-10-25 23:00:00,"2,3,5,10,14"
129,True,12,32222,129,2025-10-26 12:00:00,"1,2,3,4,6,7,8,10,11,12,13,14"
172,True,16,65535,129,2025-10-28 07:00:00,"0,1,2,3,4,5,6,7,8,9,10,11,12,13,14,15"
264,True,7,62721,129,2025-11-01 10:00:00,"0,8,10,12,13,14,15"
267,True,12,62831,129,2025-11-01 13:00:00,"0,1,2,3,5,6,8,10,12,13,14,15"
270,True,1,8192,129,2025-11-01 16:00:00,13
282,True,4,2076,129,2025-11-02 04:00:00,"2,3,4,11"
333,True,10,52965,129,2025-11-04 07:00:00,"0,2,5,6,7,9,10,11,14,15"
347,True,12,56175,129,2025-11-04 21:00:00,"0,1,2,3,5,6,8,9,11,12,14,15"
399,True,9,55516,129,2025-11-07 04:00:00,"2,3,4,6,7,11,12,14,15"
415,True,14,65532,129,2025-11-07 20:00:00,"2,3,4,5,6,7,8,9,10,11,12,13,14,15"
441,True,9,29294,129,2025-11-08 22:00:00,"1,2,3,5,6,9,12,13,14"
500,True,12,57336,129,2025-11-11 09:00:00,"3,4,5,6,7,8,9,10,11,12,14,15"
518,True,5,41792,129,2025-11-12 03:00:00,"6,8,9,13,15"
531,True,12,63211,129,2025-11-12 16:00:00,"0,1,3,5,6,7,9,10,12,13,14,15"
605,True,13,49133,129,2025-11-15 21:00:00,"0,2,3,5,6,7,8,9,10,11,12,13,15"
617,True,6,2469,129,2025-11-16 09:00:00,"0,2,5,7,8,11"
646,True,13,62447,129,2025-11-17 14:00:00,"0,1,2,3,5,6,7,8,9,12,13,14,15"
653,True,10,28508,129,2025-11-17 21:00:00,"2,3,4,6,8,9,10,11,13,14"
665,True,10,29646,129,2025-11-18 09:00:00,"1,2,3,6,7,8,9,12,13,14"
718,True,8,10654,129,2025-11-20 17:00:00,"1,2,3,4,7,8,11,13"
719,True,9,25007,129,2025-11-20 18:00:00,"0,1,2,3,5,7,8,13,14"
721,True,15,65527,129,2025-11-20 20:00:00,"0,1,2,4,5,6,7,8,9,10,11,12,13,14,15"
729,True,7,44674,129,2025-11-21 04:00:00,"1,7,9,10,11,13,15"
732,True,13,65207,129,2025-11-21 07:00:00,"0,1,2,4,5,7,9,10,11,12,13,14,15"
766,True,15,65533,129,2025-11-22 17:00:00,"0,2,3,4,5,6,7,8,9,10,11,12,13,14,15"
767,True,6,33961,129,2025-11-22 18:00:00,"0,3,5,7,10,15"
797,True,1,1,129,2025-11-24 00:00:00,0
847,True,2,72,129,2025-11-26 05:00:00,"3,6"
849,True,12,57203,129,2025-11-26 07:00:00,"0,1,4,5,6,8,9,10,11,12,14,15"
875,True,2,640,129,2025-11-27 09:00:00,"7,9"
898,True,13,56767,129,2025-11-28 08:00:00,"0,1,2,3,4,5,7,8,10,11,12,14,15"
918,True,6,7194,129,2025-11-29 04:00:00,"1,3,4,10,11,12"
923,True,5,49222,129,2025-11-29 09:00:00,"1,2,6,14,15"
986,True,11,60341,129,2025-12-02 03:00:00,"0,2,4,5,7,8,9,11,13,14,15"
990,True,5,355,129,2025-12-02 07:00:00,"0,1,5,6,8"
1004,True,6,3466,129,2025-12-03 01:00:00,"1,3,7,8,10,11"
1005,True,5,50704,129,2025-12-03 02:00:00,"4,9,10,14,15"
1020,True,12,55166,129,2025-12-03 17:00:00,"1,2,3,4,5,6,8,9,10,12,14,15"
1038,True,14,60927,129,2025-12-04 11:00:00,"0,1,2,3,4,5,6,7,8,10,11,13,14,15"
1069,True,1,16384,129,2025-12-05 18:00:00,14
1070,True,8,36706,129,2025-12-05 19:00:00,"1,5,6,8,9,10,11,15"
1073,True,7,4729,129,2025-12-05 22:00:00,"0,3,4,5,6,9,12"
1088,True,12,28653,129,2025-12-06 13:00:00,"0,2,3,5,6,7,8,9,10,11,13,14"
1141,True,10,61743,129,2025-12-08 21:00:00,"0,1,2,3,5,8,12,13,14,15"
1161,True,2,20,129,2025-12-09 17:00:00,"2,4"
1182,True,8,15004,129,2025-12-10 14:00:00,"2,3,4,7,9,11,12,13"
1195,True,9,29043,129,2025-12-11 03:00:00,"0,1,4,5,6,8,12,13,14"
1199,True,10,29391,129,2025-12-11 07:00:00,"0,1,2,3,6,7,9,12,13,14"
1202,True,6,36361,129,2025-12-11 10:00:00,"0,3,9,10,11,15"
1208,True,6,60032,129,2025-12-11 16:00:00,"7,9,11,13,14,15"
1221,True,5,5889,129,2025-12-12 05:00:00,"0,8,9,10,12"
1250,True,7,25396,129,2025-12-13 13:00:00,"2,4,5,8,9,13,14"
1267,True,7,48642,129,2025-12-14 06:00:00,"1,9,10,11,12,13,15"
1285,True,13,65261,129,2025-12-15 00:00:00,"0,2,3,5,6,7,9,10,11,12,13,14,15"
1328,True,2,9216,129,2025-12-16 19:00:00,"10,13"
1345,True,15,32767,129,2025-12-17 12:00:00,"0,1,2,3,4,5,6,7,8,9,10,11,12,13,14"
1362,True,6,1506,129,2025-12-18 05:00:00,"1,5,6,7,8,10"
1364,True,16,65535,129,2025-12-18 07:00:00,"0,1,2,3,4,5,6,7,8,9,10,11,12,13,14,15"
1371,True,3,6148,129,2025-12-18 14:00:00,"2,11,12"
1407,True,9,28468,129,2025-12-20 05:00:00,"2,4,5,8,9,10,11,13,14"
1442,True,4,16460,129,2025-12-21 16:00:00,"2,3,6,14"
1449,True,3,2561,129,2025-12-21 23:00:00,"0,9,11"
1476,True,14,65495,129,2025-12-23 02:00:00,"0,1,2,4,6,7,8,9,10,11,12,13,14,15"
1488,True,4,24712,129,2025-12-23 14:00:00,"3,7,13,14"
1509,True,12,48110,129,2025-12-24 11:00:00,"1,2,3,5,6,7,8,9,11,12,13,15"
1523,True,8,64066,129,2025-12-25 04:00:00,"1,6,9,11,12,13,14,15"
1550,True,14,32759,129,2025-12-26 07:00:00,"0,1,2,4,5,6,7,8,9,10,11,12,13,14"
1558,True,1,128,129,2025-12-26 15:00:00,7
1575,True,2,9216,129,2025-12-27 08:00:00,"10,13"
1590,True,16,65535,129,2025-12-27 23:00:00,"0,1,2,3,4,5,6,7,8,9,10,11,12,13,14,15"
1603,True,6,25670,129,2025-12-28 12:00:00,"1,2,6,10,13,14"
1610,True,13,15871,129,2025-12-28 19:00:00,"0,1,2,3,4,5,6,7,8,10,11,12,13"
1631,True,13,48623,129,2025-12-29 16:00:00,"0,1,2,3,5,6,7,8,10,11,12,13,15"
1641,True,12,59371,129,2025-12-30 02:00:00,"0,1,3,5,6,7,8,9,10,13,14,15"
2,True,1,1024,130,2025-10-21 02:00:00,10
5,True,12,30459,130,2025-10-21 05:00:00,"0,1,3,4,5,6,7,9,10,12,13,14"
11,True,9,31303,130,2025-10-21 11:00:00,"0,1,2,6,9,11,12,13,14"
78,True,2,49152,130,2025-10-24 06:00:00,"14,15"
96,True,10,39894,130,2025-10-25 00:00:00,"1,2,4,6,7,8,9,11,12,15"
99,True,13,61310,130,2025-10-25 03:00:00,"1,2,3,4,5,6,8,9,10,11,13,14,15"
107,True,3,5122,130,2025-10-25 11:00:00,"1,10,12"
134,True,1,2048,130,2025-10-26 17:00:00,11
182,True,3,9344,130,2025-10-28 17:00:00,"7,10,13"
189,True,1,256,130,2025-10-29 00:00:00,8
202,True,1,32768,130,2025-10-29 13:00:00,15
239,True,4,49158,130,2025-10-31 06:00:00,"1,2,14,15"
245,True,8,49559,130,2025-10-31 12:00:00,"0,1,2,4,7,8,14,15"
258,True,15,65533,130,2025-11-01 04:00:00,"0,2,3,4,5,6,7,8,9,10,11,12,13,14,15"
264,True,12,60607,130,2025-11-01 10:00:00,"0,1,2,3,4,5,7,10,11,13,14,15"
274,True,13,64639,130,2025-11-01 20:00:00,"0,1,2,3,4,5,6,10,11,12,13,14,15"
286,True,13,64765,130,2025-11-02 08:00:00,"0,2,3,4,5,6,7,10,11,12,13,14,15"
299,True,16,65535,130,2025-11-02 21:00:00,"0,1,2,3,4,5,6,7,8,9,10,11,12,13,14,15"
303,True,12,64762,130,2025-11-03 01:00:00,"1,3,4,5,6,7,10,11,12,13,14,15"
318,True,15,65534,130,2025-11-03 16:00:00,"1,2,3,4,5,6,7,8,9,10,11,12,13,14,15"
347,True,3,2178,130,2025-11-04 21:00:00,"1,7,11"
403,True,6,17828,130,2025-11-07 08:00:00,"2,5,7,8,10,14"
413,True,7,60481,130,2025-11-07 18:00:00,"0,6,10,11,13,14,15"
481,True,14,60927,130,2025-11-10 14:00:00,"0,1,2,3,4,5,6,7,8,10,11,13,14,15"
513,True,13,64506,130,2025-11-11 22:00:00,"1,3,4,5,6,7,8,9,11,12,13,14,15"
527,True,4,24588,130,2025-11-12 12:00:00,"2,3,13,14"
532,True,12,44783,130,2025-11-12 17:00:00,"0,1,2,3,5,6,7,9,10,11,13,15"
540,True,3,400,130,2025-11-13 04:00:00,"4,7,8"
571,True,6,26848,130,2025-11-14 11:00:00,"5,6,7,11,13,14"
602,True,8,14899,130,2025-11-15 18:00:00,"0,1,4,5,9,11,12,13"
625,True,9,42980,130,2025-11-16 17:00:00,"2,5,6,7,8,9,10,13,15"
635,True,16,65535,130,2025-11-17 03:00:00,"0,1,2,3,4,5,6,7,8,9,10,11,12,13,14,15"
662,True,12,61299,130,2025-11-18 06:00:00,"0,1,4,5,6,8,9,10,11,13,14,15"
663,True,12,59386,130,2025-11-18 07:00:00,"1,3,4,5,6,7,8,9,10,13,14,15"
704,True,13,64958,130,2025-11-20 03:00:00,"1,2,3,4,5,7,8,10,11,12,13,14,15"
708,True,2,33792,130,2025-11-20 07:00:00,"10,15"
712,True,9,32138,130,2025-11-20 11:00:00,"1,3,7,8,10,11,12,13,14"
798,True,5,9505,130,2025-11-24 01:00:00,"0,5,8,10,13"
835,True,11,63404,130,2025-11-25 17:00:00,"2,3,5,7,8,9,10,12,13,14,15"
864,True,10,21949,130,2025-11-26 22:00:00,"0,2,3,4,5,7,8,10,12,14"
883,True,5,33817,130,2025-11-27 17:00:00,"0,3,4,10,15"
888,True,15,65279,130,2025-11-27 22:00:00,"0,1,2,3,4,5,6,7,9,10,11,12,13,14,15"
893,True,15,61439,130,2025-11-28 03:00:00,"0,1,2,3,4,5,6,7,8,9,10,11,13,14,15"
934,True,9,45711,130,2025-11-29 20:00:00,"0,1,2,3,7,9,12,13,15"
964,True,5,7936,130,2025-12-01 05:00:00,"8,9,10,11,12"
974,True,15,65503,130,2025-12-01 15:00:00,"0,1,2,3,4,6,7,8,9,10,11,12,13,14,15"
985,True,2,258,130,2025-12-02 02:00:00,"1,8"
996,True,4,5280,130,2025-12-02 17:00:00,"5,7,10,12"
1004,True,10,64149,130,2025-12-03 01:00:00,"0,2,4,7,9,11,12,13,14,15"
1006,True,5,6676,130,2025-12-03 03:00:00,"2,4,9,11,12"
1110,True,4,2098,130,2025-12-07 14:00:00,"1,4,5,11"
1148,True,14,60927,130,2025-12-09 04:00:00,"0,1,2,3,4,5,6,7,8,10,11,13,14,15"
1157,True,14,53247,130,2025-12-09 13:00:00,"0,1,2,3,4,5,6,7,8,9,10,11,14,15"
1207,True,16,65535,130,2025-12-11 15:00:00,"0,1,2,3,4,5,6,7,8,9,10,11,12,13,14,15"
1224,True,1,4096,130,2025-12-12 08:00:00,12
1234,True,15,64511,130,2025-12-12 18:00:00,"0,1,2,3,4,5,6,7,8,9,11,12,13,14,15"
1281,True,12,7935,130,2025-12-14 20:00:00,"0,1,2,3,4,5,6,7,9,10,11,12"
1309,True,9,64553,130,2025-12-16 00:00:00,"0,3,5,10,11,12,13,14,15"
1311,True,3,32773,130,2025-12-16 02:00:00,"0,2,15"
1336,True,8,5605,130,2025-12-17 03:00:00,"0,2,5,6,7,8,10,12"
1357,True,11,61337,130,2025-12-18 00:00:00,"0,3,4,7,8,9,10,11,13,14,15"
1358,True,15,65471,130,2025-12-18 01:00:00,"0,1,2,3,4,5,7,8,9,10,11,12,13,14,15"
1359,True,10,50135,130,2025-12-18 02:00:00,"0,1,2,4,6,7,8,9,14,15"
1378,True,2,18432,130,2025-12-18 21:00:00,"11,14"
1407,True,11,60875,130,2025-12-20 05:00:00,"0,1,3,6,7,8,10,11,13,14,15"
1414,True,3,13312,130,2025-12-20 12:00:00,"10,12,13"
1437,True,6,22808,130,2025-12-21 11:00:00,"3,4,8,11,12,14"
1509,True,10,44391,130,2025-12-24 11:00:00,"0,1,2,5,6,8,10,11,13,15"
1523,True,6,16655,130,2025-12-25 04:00:00,"0,1,2,3,8,14"
1586,True,15,49151,130,2025-12-27 19:00:00,"0,1,2,3,4,5,6,7,8,9,10,11,12,13,15"
1613,True,8,15405,130,2025-12-28 22:00:00,"0,2,3,5,10,11,12,13"
1627,True,15,57343,130,2025-12-29 12:00:00,"0,1,2,3,4,5,6,7,8,9,10,11,12,14,15"
0,True,15,65503,131,2025-10-21 00:00:00,"0,1,2,3,4,6,7,8,9,10,11,12,13,14,15"
43,True,13,57278,131,2025-10-22 19:00:00,"1,2,3,4,5,7,8,9,10,11,12,14,15"
61,True,7,956,131,2025-10-23 13:00:00,"2,3,4,5,7,8,9"
71,True,6,34059,131,2025-10-23 23:00:00,"0,1,3,8,10,15"
89,True,9,23388,131,2025-10-24 17:00:00,"2,3,4,6,8,9,11,12,14"
104,True,2,10,131,2025-10-25 08:00:00,"1,3"
120,True,11,49009,131,2025-10-26 03:00:00,"0,4,5,6,8,9,10,11,12,13,15"
125,True,3,1104,131,2025-10-26 08:00:00,"4,6,10"
127,True,1,32768,131,2025-10-26 10:00:00,15
132,True,6,16911,131,2025-10-26 15:00:00,"0,1,2,3,9,14"
140,True,15,65527,131,2025-10-26 23:00:00,"0,1,2,4,5,6,7,8,9,10,11,12,13,14,15"
217,True,13,57323,131,2025-10-30 04:00:00,"0,1,3,5,6,7,8,9,10,11,12,14,15"
244,True,9,9707,131,2025-10-31 11:00:00,"0,1,3,5,6,7,8,10,13"
263,True,8,59911,131,2025-11-01 09:00:00,"0,1,2,9,11,13,14,15"
293,True,14,32759,131,2025-11-02 15:00:00,"0,1,2,4,5,6,7,8,9,10,11,12,13,14"
306,True,12,49069,131,2025-11-03 04:00:00,"0,2,3,5,7,8,9,10,11,12,13,15"
316,True,5,8970,131,2025-11-03 14:00:00,"1,3,8,9,13"
322,True,11,59366,131,2025-11-03 20:00:00,"1,2,5,6,7,8,9,10,13,14,15"
372,True,3,8768,131,2025-11-05 22:00:00,"6,9,13"
403,True,6,49460,131,2025-11-07 08:00:00,"2,4,5,8,14,15"
432,True,8,62534,131,2025-11-08 13:00:00,"1,2,6,10,12,13,14,15"
434,True,5,34113,131,2025-11-08 15:00:00,"0,6,8,10,15"
450,True,16,65535,131,2025-11-09 07:00:00,"0,1,2,3,4,5,6,7,8,9,10,11,12,13,14,15"
493,True,7,38008,131,2025-11-11 02:00:00,"3,4,5,6,10,12,15"
500,True,8,40581,131,2025-11-11 09:00:00,"0,2,7,9,10,11,12,15"
524,True,9,15788,131,2025-11-12 09:00:00,"2,3,5,7,8,10,11,12,13"
525,True,12,63443,131,2025-11-12 10:00:00,"0,1,4,6,7,8,9,10,12,13,14,15"
526,True,10,59333,131,2025-11-12 11:00:00,"0,2,6,7,8,9,10,13,14,15"
593,True,16,65535,131,2025-11-15 09:00:00,"0,1,2,3,4,5,6,7,8,9,10,11,12,13,14,15"
594,True,4,17540,131,2025-11-15 10:00:00,"2,7,10,14"
619,True,10,45805,131,2025-11-16 11:00:00,"0,2,3,5,6,7,9,12,13,15"
621,True,3,6656,131,2025-11-16 13:00:00,"9,11,12"
662,True,15,49151,131,2025-11-18 06:00:00,"0,1,2,3,4,5,6,7,8,9,10,11,12,13,15"
695,True,13,65149,131,2025-11-19 18:00:00,"0,2,3,4,5,6,9,10,11,12,13,14,15"
721,True,7,13432,131,2025-11-20 20:00:00,"3,4,5,6,10,12,13"
791,True,5,19552,131,2025-11-23 18:00:00,"5,6,10,11,14"
823,True,15,61439,131,2025-11-25 05:00:00,"0,1,2,3,4,5,6,7,8,9,10,11,13,14,15"
840,True,2,16385,131,2025-11-25 22:00:00,"0,14"
843,True,4,1200,131,2025-11-26 01:00:00,"4,5,7,10"
855,True,10,28923,131,2025-11-26 13:00:00,"0,1,3,4,5,6,7,12,13,14"
897,True,5,57380,131,2025-11-28 07:00:00,"2,5,13,14,15"
921,True,6,26370,131,2025-11-29 07:00:00,"1,8,9,10,13,14"
942,True,8,36553,131,2025-11-30 04:00:00,"0,3,6,7,9,10,11,15"
945,True,6,26776,131,2025-11-30 07:00:00,"3,4,7,11,13,14"
949,True,9,46022,131,2025-11-30 11:00:00,"1,2,6,7,8,9,12,13,15"
952,True,15,57343,131,2025-11-30 14:00:00,"0,1,2,3,4,5,6,7,8,9,10,11,12,14,15"
974,True,6,57425,131,2025-12-01 15:00:00,"0,4,6,13,14,15"
985,True,14,65215,131,2025-12-02 02:00:00,"0,1,2,3,4,5,7,9,10,11,12,13,14,15"
994,True,1,1,131,2025-12-02 15:00:00,0
995,True,10,31950,131,2025-12-02 16:00:00,"1,2,3,6,7,10,11,12,13,14"
1014,True,9,11761,131,2025-12-03 11:00:00,"0,4,5,6,7,8,10,11,13"
1026,True,1,16,131,2025-12-03 23:00:00,4
1031,True,6,33427,131,2025-12-04 04:00:00,"0,1,4,7,9,15"
1052,True,7,58442,131,2025-12-05 01:00:00,"1,3,6,10,13,14,15"
1098,True,16,65535,131,2025-12-06 23:00:00,"0,1,2,3,4,5,6,7,8,9,10,11,12,13,14,15"
1144,True,1,2048,131,2025-12-09 00:00:00,11
1163,True,8,57574,131,2025-12-09 19:00:00,"1,2,5,6,7,13,14,15"
1172,True,15,65407,131,2025-12-10 04:00:00,"0,1,2,3,4,5,6,8,9,10,11,12,13,14,15"
1178,True,10,52571,131,2025-12-10 10:00:00,"0,1,3,4,6,8,10,11,14,15"
1196,True,11,28154,131,2025-12-11 04:00:00,"1,3,4,5,6,7,8,10,11,13,14"
1225,True,5,2585,131,2025-12-12 09:00:00,"0,3,4,9,11"
1227,True,5,46112,131,2025-12-12 11:00:00,"5,10,12,13,15"
1249,True,15,64511,131,2025-12-13 12:00:00,"0,1,2,3,4,5,6,7,8,9,11,12,13,14,15"
1257,True,14,65499,131,2025-12-13 20:00:00,"0,1,3,4,6,7,8,9,10,11,12,13,14,15"
1270,True,12,64919,131,2025-12-14 09:00:00,"0,1,2,4,7,8,10,11,12,13,14,15"
1283,True,12,63163,131,2025-12-14 22:00:00,"0,1,3,4,5,7,9,10,12,13,14,15"
1307,True,5,34338,131,2025-12-15 22:00:00,"1,5,9,10,15"
1321,True,11,22783,131,2025-12-16 12:00:00,"0,1,2,3,4,5,6,7,11,12,14"
1359,True,12,64941,131,2025-12-18 02:00:00,"0,2,3,5,7,8,10,11,12,13,14,15"
1370,True,9,47289,131,2025-12-18 13:00:00,"0,3,4,5,7,11,12,13,15"
1375,True,14,64895,131,2025-12-18 18:00:00,"0,1,2,3,4,5,6,8,10,11,12,13,14,15"
1376,True,13,61421,131,2025-12-18 19:00:00,"0,2,3,5,6,7,8,9,10,11,13,14,15"
1393,True,6,14920,131,2025-12-19 15:00:00,"3,6,9,11,12,13"
1420,True,8,58674,131,2025-12-20 18:00:00,"1,4,5,8,10,13,14,15"
1421,True,2,258,131,2025-12-20 19:00:00,"1,8"
1434,True,9,55540,131,2025-12-21 08:00:00,"2,4,5,6,7,11,12,14,15"
1435,True,3,34818,131,2025-12-21 09:00:00,"1,11,15"
1449,True,10,32680,131,2025-12-21 23:00:00,"3,5,7,8,9,10,11,12,13,14"
1451,True,16,65535,131,2025-12-22 01:00:00,"0,1,2,3,4,5,6,7,8,9,10,11,12,13,14,15"
1466,True,1,8,131,2025-12-22 16:00:00,3
1477,True,6,32956,131,2025-12-23 03:00:00,"2,3,4,5,7,15"
1480,True,14,65515,131,2025-12-23 06:00:00,"0,1,3,5,6,7,8,9,10,11,12,13,14,15"
1507,True,12,64830,131,2025-12-24 09:00:00,"1,2,3,4,5,8,10,11,12,13,14,15"
1552,True,6,2417,131,2025-12-26 09:00:00,"0,4,5,6,8,11"
1567,True,1,512,131,2025-12-27 00:00:00,9
1615,True,15,65533,131,2025-12-29 00:00:00,"0,2,3,4,5,6,7,8,9,10,11,12,13,14,15"
1618,True,15,65527,131,2025-12-29 03:00:00,"0,1,2,4,5,6,7,8,9,10,11,12,13,14,15"
1647,True,12,60667,131,2025-12-30 08:00:00,"0,1,3,4,5,6,7,10,11,13,14,15"
0,True,9,32164,132,2025-10-21 00:00:00,"2,5,7,8,10,11,12,13,14"
1,True,12,16126,132,2025-10-21 01:00:00,"1,2,3,4,5,6,7,9,10,11,12,13"
8,True,1,4,132,2025-10-21 08:00:00,2
41,True,10,56742,132,2025-10-22 17:00:00,"1,2,5,7,8,10,11,12,14,15"
68,True,8,16036,132,2025-10-23 20:00:00,"2,5,7,9,10,11,12,13"
98,True,9,51091,132,2025-10-25 02:00:00,"0,1,4,7,8,9,10,14,15"
100,True,3,8198,132,2025-10-25 04:00:00,"1,2,13"
119,True,3,672,132,2025-10-25 23:00:00,"5,7,9"
137,True,1,16384,132,2025-10-26 20:00:00,14
144,True,9,25451,132,2025-10-27 03:00:00,"0,1,3,5,6,8,9,13,14"
145,True,16,65535,132,2025-10-27 04:00:00,"0,1,2,3,4,5,6,7,8,9,10,11,12,13,14,15"
155,True,14,61431,132,2025-10-27 14:00:00,"0,1,2,4,5,6,7,8,9,10,11,13,14,15"
179,True,12,39933,132,2025-10-28 14:00:00,"0,2,3,4,5,6,7,8,9,11,12,15"
195,True,16,65535,132,2025-10-29 06:00:00,"0,1,2,3,4,5,6,7,8,9,10,11,12,13,14,15"
211,True,16,65535,132,2025-10-29 22:00:00,"0,1,2,3,4,5,6,7,8,9,10,11,12,13,14,15"
229,True,5,34838,132,2025-10-30 20:00:00,"1,2,4,11,15"
242,True,3,4610,132,2025-10-31 09:00:00,"1,9,12"
256,True,9,44645,132,2025-10-31 23:00:00,"0,2,5,6,9,10,11,13,15"
310,True,6,183,132,2025-11-03 08:00:00,"0,1,2,4,5,7"
314,True,8,25718,132,2025-11-03 12:00:00,"1,2,4,5,6,10,13,14"
354,True,16,65535,132,2025-11-05 04:00:00,"0,1,2,3,4,5,6,7,8,9,10,11,12,13,14,15"
382,True,16,65535,132,2025-11-06 08:00:00,"0,1,2,3,4,5,6,7,8,9,10,11,12,13,14,15"
402,True,8,62148,132,2025-11-07 07:00:00,"2,6,7,9,12,13,14,15"
405,True,9,34430,132,2025-11-07 10:00:00,"1,2,3,4,5,6,9,10,15"
412,True,12,32478,132,2025-11-07 17:00:00,"1,2,3,4,6,7,9,10,11,12,13,14"
440,True,4,32932,132,2025-11-08 21:00:00,"2,5,7,15"
443,True,16,65535,132,2025-11-09 00:00:00,"0,1,2,3,4,5,6,7,8,9,10,11,12,13,14,15"
455,True,3,32774,132,2025-11-09 12:00:00,"1,2,15"
493,True,9,23695,132,2025-11-11 02:00:00,"0,1,2,3,7,10,11,12,14"
501,True,12,48087,132,2025-11-11 10:00:00,"0,1,2,4,6,7,8,9,11,12,13,15"
512,True,3,32898,132,2025-11-11 21:00:00,"1,7,15"
550,True,13,32251,132,2025-11-13 14:00:00,"0,1,3,4,5,6,7,8,10,11,12,13,14"
554,True,13,60383,132,2025-11-13 18:00:00,"0,1,2,3,4,6,7,8,9,11,13,14,15"
603,True,13,47099,132,2025-11-15 19:00:00,"0,1,3,4,5,6,7,8,9,10,12,13,15"
622,True,12,63919,132,2025-11-16 14:00:00,"0,1,2,3,5,7,8,11,12,13,14,15"
626,True,10,62766,132,2025-11-16 18:00:00,"1,2,3,5,8,10,12,13,14,15"
632,True,6,34994,132,2025-11-17 00:00:00,"1,4,5,7,11,15"
663,True,16,65535,132,2025-11-18 07:00:00,"0,1,2,3,4,5,6,7,8,9,10,11,12,13,14,15"
671,True,5,18240,132,2025-11-18 15:00:00,"6,8,9,10,14"
681,True,8,53732,132,2025-11-19 04:00:00,"2,5,6,7,8,12,14,15"
702,True,14,65021,132,2025-11-20 01:00:00,"0,2,3,4,5,6,7,8,10,11,12,13,14,15"
740,True,10,60852,132,2025-11-21 15:00:00,"2,4,5,7,8,10,11,13,14,15"
746,True,11,63464,132,2025-11-21 21:00:00,"3,5,6,7,8,9,10,12,13,14,15"
763,True,15,65531,132,2025-11-22 14:00:00,"0,1,3,4,5,6,7,8,9,10,11,12,13,14,15"
770,True,13,61951,132,2025-11-22 21:00:00,"0,1,2,3,4,5,6,7,8,12,13,14,15"
774,True,6,14610,132,2025-11-23 01:00:00,"1,4,8,11,12,13"
802,True,13,64989,132,2025-11-24 05:00:00,"0,2,3,4,6,7,8,10,11,12,13,14,15"
835,True,2,3,132,2025-11-25 17:00:00,"0,1"
872,True,1,512,132,2025-11-27 06:00:00,9
896,True,11,61274,132,2025-11-28 06:00:00,"1,3,4,6,8,9,10,11,13,14,15"
952,True,13,32510,132,2025-11-30 14:00:00,"1,2,3,4,5,6,7,9,10,11,12,13,14"
1042,True,2,16640,132,2025-12-04 15:00:00,"8,14"
1054,True,14,65403,132,2025-12-05 03:00:00,"0,1,3,4,5,6,8,9,10,11,12,13,14,15"
1063,True,13,65269,132,2025-12-05 12:00:00,"0,2,4,5,6,7,9,10,11,12,13,14,15"
1103,True,8,50362,132,2025-12-07 07:00:00,"1,3,4,5,7,10,14,15"
1114,True,10,28055,132,2025-12-07 18:00:00,"0,1,2,4,7,8,10,11,13,14"
1115,True,1,1024,132,2025-12-07 19:00:00,10
1131,True,16,65535,132,2025-12-08 11:00:00,"0,1,2,3,4,5,6,7,8,9,10,11,12,13,14,15"
1142,True,2,32769,132,2025-12-08 22:00:00,"0,15"
1191,True,10,32113,132,2025-12-10 23:00:00,"0,4,5,6,8,10,11,12,13,14"
1208,True,2,16392,132,2025-12-11 16:00:00,"3,14"
1258,True,6,15874,132,2025-12-13 21:00:00,"1,9,10,11,12,13"
1296,True,3,16396,132,2025-12-15 11:00:00,"2,3,14"
1369,True,2,16640,132,2025-12-18 12:00:00,"8,14"
1437,True,15,65407,132,2025-12-21 11:00:00,"0,1,2,3,4,5,6,8,9,10,11,12,13,14,15"
1453,True,5,24673,132,2025-12-22 03:00:00,"0,5,6,13,14"
1516,True,2,640,132,2025-12-24 18:00:00,"7,9"
1532,True,10,59189,132,2025-12-25 13:00:00,"0,2,4,5,8,9,10,13,14,15"
1571,True,11,38651,132,2025-12-27 04:00:00,"0,1,3,4,5,6,7,9,10,12,15"
1597,True,5,1082,132,2025-12-28 06:00:00,"1,3,4,5,10"
1625,True,7,25954,132,2025-12-29 10:00:00,"1,5,6,8,10,13,14"
10,True,16,65535,133,2025-10-21 10:00:00,"0,1,2,3,4,5,6,7,8,9,10,11,12,13,14,15"
41,True,4,9284,133,2025-10-22 17:00:00,"2,6,10,13"
52,True,7,59672,133,2025-10-23 04:00:00,"3,4,8,11,13,14,15"
100,True,9,29727,133,2025-10-25 04:00:00,"0,1,2,3,4,10,12,13,14"
145,True,4,16964,133,2025-10-27 04:00:00,"2,6,9,14"
166,True,2,4112,133,2025-10-28 01:00:00,"4,12"
175,True,8,42405,133,2025-10-28 10:00:00,"0,2,5,7,8,10,13,15"
195,True,6,33987,133,2025-10-29 06:00:00,"0,1,6,7,10,15"
196,True,1,512,133,2025-10-29 07:00:00,9
203,True,4,17456,133,2025-10-29 14:00:00,"4,5,10,14"
224,True,5,4649,133,2025-10-30 15:00:00,"0,3,5,9,12"
232,True,10,43709,133,2025-10-30 23:00:00,"0,2,3,4,5,7,9,11,13,15"
260,True,13,59390,133,2025-11-01 06:00:00,"1,2,3,4,5,6,7,8,9,10,13,14,15"
273,True,9,62308,133,2025-11-01 19:00:00,"2,5,6,8,9,12,13,14,15"
293,True,16,65535,133,2025-11-02 15:00:00,"0,1,2,3,4,5,6,7,8,9,10,11,12,13,14,15"
348,True,15,65533,133,2025-11-04 22:00:00,"0,2,3,4,5,6,7,8,9,10,11,12,13,14,15"
369,True,13,48991,133,2025-11-05 19:00:00,"0,1,2,3,4,6,8,9,10,11,12,13,15"
371,True,1,4096,133,2025-11-05 21:00:00,12
385,True,5,25730,133,2025-11-06 11:00:00,"1,7,10,13,14"
396,True,11,32211,133,2025-11-06 22:00:00,"0,1,4,6,7,8,10,11,12,13,14"
414,True,12,48351,133,2025-11-07 19:00:00,"0,1,2,3,4,6,7,10,11,12,13,15"
432,True,2,132,133,2025-11-08 13:00:00,"2,7"
439,True,11,56942,133,2025-11-08 20:00:00,"1,2,3,5,6,9,10,11,12,14,15"
461,True,4,2307,133,2025-11-09 18:00:00,"0,1,8,11"
471,True,13,62971,133,2025-11-10 04:00:00,"0,1,3,4,5,6,7,8,10,12,13,14,15"
473,True,5,15368,133,2025-11-10 06:00:00,"3,10,11,12,13"
509,True,16,65535,133,2025-11-11 18:00:00,"0,1,2,3,4,5,6,7,8,9,10,11,12,13,14,15"
510,True,5,12817,133,2025-11-11 19:00:00,"0,4,9,12,13"
549,True,7,61461,133,2025-11-13 13:00:00,"0,2,4,12,13,14,15"
575,True,9,18327,133,2025-11-14 15:00:00,"0,1,2,4,7,8,9,10,14"
579,True,5,30848,133,2025-11-14 19:00:00,"7,11,12,13,14"
606,True,8,38601,133,2025-11-15 22:00:00,"0,3,6,7,9,10,12,15"
621,True,8,63873,133,2025-11-16 13:00:00,"0,7,8,11,12,13,14,15"
622,True,9,53437,133,2025-11-16 14:00:00,"0,2,3,4,5,7,12,14,15"
624,True,9,56652,133,2025-11-16 16:00:00,"2,3,6,8,10,11,12,14,15"
625,True,7,45107,133,2025-11-16 17:00:00,"0,1,4,5,12,13,15"
647,True,10,61757,133,2025-11-17 15:00:00,"0,2,3,4,5,8,12,13,14,15"
679,True,15,65534,133,2025-11-18 23:00:00,"1,2,3,4,5,6,7,8,9,10,11,12,13,14,15"
683,True,7,33148,133,2025-11-19 06:00:00,"2,3,4,5,6,8,15"
689,True,11,32173,133,2025-11-19 12:00:00,"0,2,3,5,7,8,10,11,12,13,14"
692,True,9,56853,133,2025-11-19 15:00:00,"0,2,4,9,10,11,12,14,15"
699,True,5,11400,133,2025-11-19 22:00:00,"3,7,10,11,13"
705,True,9,48677,133,2025-11-20 04:00:00,"0,2,5,9,10,11,12,13,15"
725,True,14,63999,133,2025-11-21 00:00:00,"0,1,2,3,4,5,6,7,8,11,12,13,14,15"
764,True,7,15110,133,2025-11-22 15:00:00,"1,2,8,9,11,12,13"
766,True,1,4096,133,2025-11-22 17:00:00,12
768,True,15,65527,133,2025-11-22 19:00:00,"0,1,2,4,5,6,7,8,9,10,11,12,13,14,15"
794,True,3,3074,133,2025-11-23 21:00:00,"1,10,11"
808,True,4,3585,133,2025-11-24 11:00:00,"0,9,10,11"
828,True,6,45091,133,2025-11-25 10:00:00,"0,1,5,12,13,15"
851,True,11,32211,133,2025-11-26 09:00:00,"0,1,4,6,7,8,10,11,12,13,14"
863,True,4,14352,133,2025-11-26 21:00:00,"4,11,12,13"
876,True,13,54271,133,2025-11-27 10:00:00,"0,1,2,3,4,5,6,7,8,9,12,14,15"
947,True,10,63344,133,2025-11-30 09:00:00,"4,5,6,8,9,10,12,13,14,15"
954,True,14,59391,133,2025-11-30 16:00:00,"0,1,2,3,4,5,6,7,8,9,10,13,14,15"
986,True,4,32936,133,2025-12-02 03:00:00,"3,5,7,15"
1063,True,9,23028,133,2025-12-05 12:00:00,"2,4,5,6,7,8,11,12,14"
1066,True,15,65533,133,2025-12-05 15:00:00,"0,2,3,4,5,6,7,8,9,10,11,12,13,14,15"
1114,True,11,15611,133,2025-12-07 18:00:00,"0,1,3,4,5,6,7,10,11,12,13"
1115,True,16,65535,133,2025-12-07 19:00:00,"0,1,2,3,4,5,6,7,8,9,10,11,12,13,14,15"
1136,True,11,65444,133,2025-12-08 16:00:00,"2,5,7,8,9,10,11,12,13,14,15"
1159,True,2,16392,133,2025-12-09 15:00:00,"3,14"
1166,True,5,26912,133,2025-12-09 22:00:00,"5,8,11,13,14"
1179,True,13,61279,133,2025-12-10 11:00:00,"0,1,2,3,4,6,8,9,10,11,13,14,15"
1199,True,14,56831,133,2025-12-11 07:00:00,"0,1,2,3,4,5,6,7,8,10,11,12,14,15"
1212,True,9,2543,133,2025-12-11 20:00:00,"0,1,2,3,5,6,7,8,11"
1223,True,16,65535,133,2025-12-12 07:00:00,"0,1,2,3,4,5,6,7,8,9,10,11,12,13,14,15"
1225,True,5,1070,133,2025-12-12 09:00:00,"1,2,3,5,10"
1227,True,1,32,133,2025-12-12 11:00:00,5
1232,True,12,64249,133,2025-12-12 16:00:00,"0,3,4,5,6,7,9,11,12,13,14,15"
1248,True,15,65534,133,2025-12-13 11:00:00,"1,2,3,4,5,6,7,8,9,10,11,12,13,14,15"
1333,True,4,8722,133,2025-12-17 00:00:00,"1,4,9,13"
1339,True,8,25014,133,2025-12-17 06:00:00,"1,2,4,5,7,8,13,14"
1356,True,13,65483,133,2025-12-17 23:00:00,"0,1,3,6,7,8,9,10,11,12,13,14,15"
1375,True,2,320,133,2025-12-18 18:00:00,"6,8"
1379,True,5,7297,133,2025-12-18 22:00:00,"0,7,10,11,12"
1388,True,8,46868,133,2025-12-19 10:00:00,"2,4,8,9,10,12,13,15"
1419,True,1,32,133,2025-12-20 17:00:00,5
1422,True,3,2306,133,2025-12-20 20:00:00,"1,8,11"
1462,True,7,39689,133,2025-12-22 12:00:00,"0,3,8,9,11,12,15"
1502,True,13,23551,133,2025-12-24 04:00:00,"0,1,2,3,4,5,6,7,8,9,11,12,14"
1517,True,1,32768,133,2025-12-24 19:00:00,15
1566,True,7,2670,133,2025-12-26 23:00:00,"1,2,3,5,6,9,11"
1576,True,13,56959,133,2025-12-27 09:00:00,"0,1,2,3,4,5,6,9,10,11,12,14,15"
1625,True,5,49348,133,2025-12-29 10:00:00,"2,6,7,14,15"
1651,True,15,65279,133,2025-12-30 12:00:00,"0,1,2,3,4,5,6,7,9,10,11,12,13,14,15"
1652,True,4,18752,133,2025-12-30 13:00:00,"6,8,11,14"
1653,True,7,29904,133,2025-12-30 14:00:00,"4,6,7,10,12,13,14"
1657,True,1,512,133,2025-12-30 18:00:00,9
1668,True,13,28670,133,2025-12-31 08:00:00,"1,2,3,4,5,6,7,8,9,10,11,13,14"
12,True,12,55259,134,2025-10-21 12:00:00,"0,1,3,4,6,7,8,9,10,12,14,15"
19,True,3,1538,134,2025-10-21 19:00:00,"1,9,10"
20,True,15,65407,134,2025-10-21 20:00:00,"0,1,2,3,4,5,6,8,9,10,11,12,13,14,15"
40,True,16,65535,134,2025-10-22 16:00:00,"0,1,2,3,4,5,6,7,8,9,10,11,12,13,14,15"
76,True,13,61421,134,2025-10-24 04:00:00,"0,2,3,5,6,7,8,9,10,11,13,14,15"
94,True,6,49230,134,2025-10-24 22:00:00,"1,2,3,6,14,15"
119,True,5,3220,134,2025-10-25 23:00:00,"2,4,7,10,11"
124,True,11,20445,134,2025-10-26 07:00:00,"0,2,3,4,6,7,8,9,10,11,14"
139,True,12,48606,134,2025-10-26 22:00:00,"1,2,3,4,6,7,8,10,11,12,13,15"
145,True,6,12813,134,2025-10-27 04:00:00,"0,2,3,9,12,13"
169,True,11,40886,134,2025-10-28 04:00:00,"1,2,4,5,7,8,9,10,11,12,15"
180,True,16,65535,134,2025-10-28 15:00:00,"0,1,2,3,4,5,6,7,8,9,10,11,12,13,14,15"
185,True,12,31725,134,2025-10-28 20:00:00,"0,2,3,5,6,7,8,9,11,12,13,14"
196,True,5,34892,134,2025-10-29 07:00:00,"2,3,6,11,15"
206,True,4,16472,134,2025-10-29 17:00:00,"3,4,6,14"
210,True,10,48246,134,2025-10-29 21:00:00,"1,2,4,5,6,10,11,12,13,15"
234,True,2,12,134,2025-10-31 01:00:00,"2,3"
250,True,16,65535,134,2025-10-31 17:00:00,"0,1,2,3,4,5,6,7,8,9,10,11,12,13,14,15"
260,True,3,5128,134,2025-11-01 06:00:00,"3,10,12"
274,True,10,31929,134,2025-11-01 20:00:00,"0,3,4,5,7,10,11,12,13,14"
278,True,6,2394,134,2025-11-02 00:00:00,"1,3,4,6,8,11"
302,True,14,65515,134,2025-11-03 00:00:00,"0,1,3,5,6,7,8,9,10,11,12,13,14,15"
363,True,14,64895,134,2025-11-05 13:00:00,"0,1,2,3,4,5,6,8,10,11,12,13,14,15"
369,True,16,65535,134,2025-11-05 19:00:00,"0,1,2,3,4,5,6,7,8,9,10,11,12,13,14,15"
377,True,6,37187,134,2025-11-06 03:00:00,"0,1,6,8,12,15"
393,True,3,641,134,2025-11-06 19:00:00,"0,7,9"
400,True,3,4144,134,2025-11-07 05:00:00,"4,5,12"
445,True,2,2049,134,2025-11-09 02:00:00,"0,11"
468,True,14,65487,134,2025-11-10 01:00:00,"0,1,2,3,6,7,8,9,10,11,12,13,14,15"
496,True,3,8225,134,2025-11-11 05:00:00,"0,5,13"
519,True,3,1408,134,2025-11-12 04:00:00,"7,8,10"
546,True,2,258,134,2025-11-13 10:00:00,"1,8"
589,True,15,49151,134,2025-11-15 05:00:00,"0,1,2,3,4,5,6,7,8,9,10,11,12,13,15"
611,True,9,28005,134,2025-11-16 03:00:00,"0,2,5,6,8,10,11,13,14"
614,True,13,65451,134,2025-11-16 06:00:00,"0,1,3,5,7,8,9,10,11,12,13,14,15"
632,True,6,10644,134,2025-11-17 00:00:00,"2,4,7,8,11,13"
686,True,8,39982,134,2025-11-19 09:00:00,"1,2,3,5,10,11,12,15"
701,True,11,24310,134,2025-11-20 00:00:00,"1,2,4,5,6,7,9,10,11,12,14"
747,True,1,8,134,2025-11-21 22:00:00,3
808,True,1,128,134,2025-11-24 11:00:00,7
881,True,6,5720,134,2025-11-27 15:00:00,"3,4,6,9,10,12"
901,True,16,65535,134,2025-11-28 11:00:00,"0,1,2,3,4,5,6,7,8,9,10,11,12,13,14,15"
1065,True,8,42553,134,2025-12-05 14:00:00,"0,3,4,5,9,10,13,15"
1073,True,15,65279,134,2025-12-05 22:00:00,"0,1,2,3,4,5,6,7,9,10,11,12,13,14,15"
1092,True,11,51134,134,2025-12-06 17:00:00,"1,2,3,4,5,7,8,9,10,14,15"
1110,True,10,62991,134,2025-12-07 14:00:00,"0,1,2,3,9,10,12,13,14,15"
1120,True,9,62108,134,2025-12-08 00:00:00,"2,3,4,7,9,12,13,14,15"
1126,True,13,48863,134,2025-12-08 06:00:00,"0,1,2,3,4,6,7,9,10,11,12,13,15"
1151,True,15,65519,134,2025-12-09 07:00:00,"0,1,2,3,5,6,7,8,9,10,11,12,13,14,15"
1165,True,13,28669,134,2025-12-09 21:00:00,"0,2,3,4,5,6,7,8,9,10,11,13,14"
1172,True,1,1,134,2025-12-10 04:00:00,0
1182,True,2,1040,134,2025-12-10 14:00:00,"4,10"
1202,True,4,24706,134,2025-12-11 10:00:00,"1,7,13,14"
1214,True,2,130,134,2025-12-11 22:00:00,"1,7"
1239,True,11,28621,134,2025-12-12 23:00:00,"0,2,3,6,7,8,9,10,11,13,14"
1248,True,2,544,134,2025-12-13 11:00:00,"5,9"
1249,True,12,40891,134,2025-12-13 12:00:00,"0,1,3,4,5,7,8,9,10,11,12,15"
1250,True,7,29004,134,2025-12-13 13:00:00,"2,3,6,8,12,13,14"
1257,True,13,32509,134,2025-12-13 20:00:00,"0,2,3,4,5,6,7,9,10,11,12,13,14"
1258,True,9,57978,134,2025-12-13 21:00:00,"1,3,4,5,6,9,13,14,15"
1259,True,4,354,134,2025-12-13 22:00:00,"1,5,6,8"
1263,True,4,16403,134,2025-12-14 02:00:00,"0,1,4,14"
1289,True,13,64887,134,2025-12-15 04:00:00,"0,1,2,4,5,6,8,10,11,12,13,14,15"
1290,True,16,65535,134,2025-12-15 05:00:00,"0,1,2,3,4,5,6,7,8,9,10,11,12,13,14,15"
1310,True,12,14334,134,2025-12-16 01:00:00,"1,2,3,4,5,6,7,8,9,10,12,13"
1327,True,16,65535,134,2025-12-16 18:00:00,"0,1,2,3,4,5,6,7,8,9,10,11,12,13,14,15"
1333,True,7,50066,134,2025-12-17 00:00:00,"1,4,7,8,9,14,15"
1398,True,8,1743,134,2025-12-19 20:00:00,"0,1,2,3,6,7,9,10"
1411,True,2,32769,134,2025-12-20 09:00:00,"0,15"
1455,True,6,6918,134,2025-12-22 05:00:00,"1,2,8,9,11,12"
1537,True,9,7783,134,2025-12-25 18:00:00,"0,1,2,5,6,9,10,11,12"
1538,True,8,26812,134,2025-12-25 19:00:00,"2,3,4,5,7,11,13,14"
1559,True,8,23492,134,2025-12-26 16:00:00,"2,6,7,8,9,11,12,14"
1568,True,8,47398,134,2025-12-27 01:00:00,"1,2,5,8,11,12,13,15"
1585,True,15,65471,134,2025-12-27 18:00:00,"0,1,2,3,4,5,7,8,9,10,11,12,13,14,15"
1605,True,4,49185,134,2025-12-28 14:00:00,"0,5,14,15"
1607,True,6,16988,134,2025-12-28 16:00:00,"2,3,4,6,9,14"
1620,True,9,48962,134,2025-12-29 05:00:00,"1,6,8,9,10,11,12,13,15"
1629,True,8,55953,134,2025-12-29 14:00:00,"0,4,7,9,11,12,14,15"
1639,True,14,55295,134,2025-12-30 00:00:00,"0,1,2,3,4,5,6,7,8,9,10,12,14,15"
1673,True,5,33926,134,2025-12-31 13:00:00,"1,2,7,10,15"
1677,True,6,5894,134,2025-12-31 17:00:00,"1,2,8,9,10,12"
32,True,14,32763,135,2025-10-22 08:00:00,"0,1,3,4,5,6,7,8,9,10,11,12,13,14"
49,True,3,8212,135,2025-10-23 01:00:00,"2,4,13"
103,True,6,27777,135,2025-10-25 07:00:00,"0,7,10,11,13,14"
110,True,11,62931,135,2025-10-25 14:00:00,"0,1,4,6,7,8,10,12,13,14,15"
118,True,14,28671,135,2025-10-25 22:00:00,"0,1,2,3,4,5,6,7,8,9,10,11,13,14"
153,True,1,4,135,2025-10-27 12:00:00,2
157,True,4,16458,135,2025-10-27 16:00:00,"1,3,6,14"
171,True,9,61779,135,2025-10-28 06:00:00,"0,1,4,6,8,12,13,14,15"
208,True,11,42995,135,2025-10-29 19:00:00,"0,1,4,5,6,7,8,9,10,13,15"
251,True,4,34305,135,2025-10-31 18:00:00,"0,9,10,15"
279,True,14,30719,135,2025-11-02 01:00:00,"0,1,2,3,4,5,6,7,8,9,10,12,13,14"
338,True,3,43008,135,2025-11-04 12:00:00,"11,13,15"
384,True,2,130,135,2025-11-06 10:00:00,"1,7"
385,True,9,8164,135,2025-11-06 11:00:00,"2,5,6,7,8,9,10,11,12"
451,True,9,53154,135,2025-11-09 08:00:00,"1,5,7,8,9,10,11,14,15"
453,True,5,4238,135,2025-11-09 10:00:00,"1,2,3,7,12"
475,True,6,10521,135,2025-11-10 08:00:00,"0,3,4,8,11,13"
500,True,5,49328,135,2025-11-11 09:00:00,"4,5,7,14,15"
556,True,4,1920,135,2025-11-13 20:00:00,"7,8,9,10"
637,True,8,59662,135,2025-11-17 05:00:00,"1,2,3,8,11,13,14,15"
642,True,9,58771,135,2025-11-17 10:00:00,"0,1,4,7,8,10,13,14,15"
649,True,6,22852,135,2025-11-17 17:00:00,"2,6,8,11,12,14"
668,True,14,65021,135,2025-11-18 12:00:00,"0,2,3,4,5,6,7,8,10,11,12,13,14,15"
685,True,15,65519,135,2025-11-19 08:00:00,"0,1,2,3,5,6,7,8,9,10,11,12,13,14,15"
708,True,2,33,135,2025-11-20 07:00:00,"0,5"
712,True,7,57374,135,2025-11-20 11:00:00,"1,2,3,4,13,14,15"
732,True,6,39050,135,2025-11-21 07:00:00,"1,3,7,11,12,15"
733,True,9,52014,135,2025-11-21 08:00:00,"1,2,3,5,8,9,11,14,15"
742,True,1,1,135,2025-11-21 17:00:00,0
757,True,13,48959,135,2025-11-22 08:00:00,"0,1,2,3,4,5,8,9,10,11,12,13,15"
773,True,3,53248,135,2025-11-23 00:00:00,"12,14,15"
778,True,1,512,135,2025-11-23 05:00:00,9
790,True,4,20800,135,2025-11-23 17:00:00,"6,8,12,14"
807,True,8,13018,135,2025-11-24 10:00:00,"1,3,4,6,7,9,12,13"
820,True,2,1026,135,2025-11-24 23:00:00,"1,10"
835,True,2,8448,135,2025-11-25 17:00:00,"8,13"
857,True,15,65471,135,2025-11-26 15:00:00,"0,1,2,3,4,5,7,8,9,10,11,12,13,14,15"
867,True,4,6184,135,2025-11-27 01:00:00,"3,5,11,12"
900,True,4,404,135,2025-11-28 10:00:00,"2,4,7,8"
924,True,8,38454,135,2025-11-29 10:00:00,"1,2,4,5,9,10,12,15"
950,True,16,65535,135,2025-11-30 12:00:00,"0,1,2,3,4,5,6,7,8,9,10,11,12,13,14,15"
970,True,5,2123,135,2025-12-01 11:00:00,"0,1,3,6,11"
993,True,16,65535,135,2025-12-02 10:00:00,"0,1,2,3,4,5,6,7,8,9,10,11,12,13,14,15"
1012,True,11,39867,135,2025-12-03 09:00:00,"0,1,3,4,5,7,8,9,11,12,15"
1013,True,15,65519,135,2025-12-03 10:00:00,"0,1,2,3,5,6,7,8,9,10,11,12,13,14,15"
1035,True,6,16595,135,2025-12-04 08:00:00,"0,1,4,6,7,14"
1036,True,6,12040,135,2025-12-04 09:00:00,"3,8,9,10,11,13"
1060,True,13,32251,135,2025-12-05 09:00:00,"0,1,3,4,5,6,7,8,10,11,12,13,14"
1072,True,13,49015,135,2025-12-05 21:00:00,"0,1,2,4,5,6,8,9,10,11,12,13,15"
1077,True,7,4825,135,2025-12-06 02:00:00,"0,3,4,6,7,9,12"
1078,True,12,29679,135,2025-12-06 03:00:00,"0,1,2,3,5,6,7,8,9,12,13,14"
1089,True,1,128,135,2025-12-06 14:00:00,7
1106,True,2,2052,135,2025-12-07 10:00:00,"2,11"
1177,True,3,16408,135,2025-12-10 09:00:00,"3,4,14"
1185,True,9,42667,135,2025-12-10 17:00:00,"0,1,3,5,7,9,10,13,15"
1201,True,12,63435,135,2025-12-11 09:00:00,"0,1,3,6,7,8,9,10,12,13,14,15"
1239,True,9,38459,135,2025-12-12 23:00:00,"0,1,3,4,5,9,10,12,15"
1346,True,14,64495,135,2025-12-17 13:00:00,"0,1,2,3,5,6,7,8,9,11,12,13,14,15"
1370,True,9,58029,135,2025-12-18 13:00:00,"0,2,3,5,7,9,13,14,15"
1382,True,13,62447,135,2025-12-19 04:00:00,"0,1,2,3,5,6,7,8,9,12,13,14,15"
1429,True,3,8450,135,2025-12-21 03:00:00,"1,8,13"
1450,True,12,49047,135,2025-12-22 00:00:00,"0,1,2,4,7,8,9,10,11,12,13,15"
1463,True,12,56819,135,2025-12-22 13:00:00,"0,1,4,5,6,7,8,10,11,12,14,15"
1473,True,13,64927,135,2025-12-22 23:00:00,"0,1,2,3,4,7,8,10,11,12,13,14,15"
1483,True,13,30687,135,2025-12-23 09:00:00,"0,1,2,3,4,6,7,8,9,10,12,13,14"
1498,True,7,52033,135,2025-12-24 00:00:00,"0,6,8,9,11,14,15"
1505,True,12,64187,135,2025-12-24 07:00:00,"0,1,3,4,5,7,9,11,12,13,14,15"
1535,True,3,2066,135,2025-12-25 16:00:00,"1,4,11"
1567,True,4,49176,135,2025-12-27 00:00:00,"3,4,14,15"
1570,True,1,16384,135,2025-12-27 03:00:00,14
1585,True,10,42748,135,2025-12-27 18:00:00,"2,3,4,5,6,7,9,10,13,15"
1592,True,5,49928,135,2025-12-28 01:00:00,"3,8,9,14,15"
1600,True,5,234,135,2025-12-28 09:00:00,"1,3,5,6,7"
1619,True,8,2556,135,2025-12-29 04:00:00,"2,3,4,5,6,7,8,11"
1624,True,13,63453,135,2025-12-29 09:00:00,"0,2,3,4,6,7,8,9,10,12,13,14,15"
14,True,16,65535,136,2025-10-21 14:00:00,"0,1,2,3,4,5,6,7,8,9,10,11,12,13,14,15"
16,True,15,57343,136,2025-10-21 16:00:00,"0,1,2,3,4,5,6,7,8,9,10,11,12,14,15"
35,True,8,58012,136,2025-10-22 11:00:00,"2,3,4,7,9,13,14,15"
89,True,13,63439,136,2025-10-24 17:00:00,"0,1,2,3,6,7,8,9,10,12,13,14,15"
150,True,5,2318,136,2025-10-27 09:00:00,"1,2,3,8,11"
178,True,1,4,136,2025-10-28 13:00:00,2
181,True,13,57263,136,2025-10-28 16:00:00,"0,1,2,3,5,7,8,9,10,11,12,14,15"
242,True,6,20696,136,2025-10-31 09:00:00,"3,4,6,7,12,14"
296,True,15,65531,136,2025-11-02 18:00:00,"0,1,3,4,5,6,7,8,9,10,11,12,13,14,15"
303,True,11,56747,136,2025-11-03 01:00:00,"0,1,3,5,7,8,10,11,12,14,15"
329,True,13,64766,136,2025-11-04 03:00:00,"1,2,3,4,5,6,7,10,11,12,13,14,15"
344,True,7,44336,136,2025-11-04 18:00:00,"4,5,8,10,11,13,15"
383,True,11,61262,136,2025-11-06 09:00:00,"1,2,3,6,8,9,10,11,13,14,15"
433,True,4,408,136,2025-11-08 14:00:00,"3,4,7,8"
442,True,9,61040,136,2025-11-08 23:00:00,"4,5,6,9,10,11,13,14,15"
444,True,14,57341,136,2025-11-09 01:00:00,"0,2,3,4,5,6,7,8,9,10,11,12,14,15"
448,True,4,8528,136,2025-11-09 05:00:00,"4,6,8,13"
490,True,14,60415,136,2025-11-10 23:00:00,"0,1,2,3,4,5,6,7,8,9,11,13,14,15"
505,True,1,4096,136,2025-11-11 14:00:00,12
511,True,3,12290,136,2025-11-11 20:00:00,"1,12,13"
534,True,6,39464,136,2025-11-12 19:00:00,"3,5,9,11,12,15"
556,True,14,55295,136,2025-11-13 20:00:00,"0,1,2,3,4,5,6,7,8,9,10,12,14,15"
558,True,11,61170,136,2025-11-13 22:00:00,"1,4,5,6,7,9,10,11,13,14,15"
559,True,16,65535,136,2025-11-13 23:00:00,"0,1,2,3,4,5,6,7,8,9,10,11,12,13,14,15"
564,True,1,1024,136,2025-11-14 04:00:00,10
565,True,10,58997,136,2025-11-14 05:00:00,"0,2,4,5,6,9,10,13,14,15"
576,True,7,9848,136,2025-11-14 16:00:00,"3,4,5,6,9,10,13"
584,True,9,43929,136,2025-11-15 00:00:00,"0,3,4,7,8,9,11,13,15"
592,True,12,48878,136,2025-11-15 08:00:00,"1,2,3,5,6,7,9,10,11,12,13,15"
610,True,14,64255,136,2025-11-16 02:00:00,"0,1,2,3,4,5,6,7,9,11,12,13,14,15"
672,True,2,1280,136,2025-11-18 16:00:00,"8,10"
675,True,16,65535,136,2025-11-18 19:00:00,"0,1,2,3,4,5,6,7,8,9,10,11,12,13,14,15"
692,True,16,65535,136,2025-11-19 15:00:00,"0,1,2,3,4,5,6,7,8,9,10,11,12,13,14,15"
710,True,8,3495,136,2025-11-20 09:00:00,"0,1,2,5,7,8,10,11"
721,True,9,5839,136,2025-11-20 20:00:00,"0,1,2,3,6,7,9,10,12"
739,True,14,49087,136,2025-11-21 14:00:00,"0,1,2,3,4,5,7,8,9,10,11,12,13,15"
754,True,8,10477,136,2025-11-22 05:00:00,"0,2,3,5,6,7,11,13"
762,True,8,47660,136,2025-11-22 13:00:00,"2,3,5,9,11,12,13,15"
785,True,8,49499,136,2025-11-23 12:00:00,"0,1,3,4,6,8,14,15"
880,True,9,26029,136,2025-11-27 14:00:00,"0,2,3,5,7,8,10,13,14"
895,True,3,36865,136,2025-11-28 05:00:00,"0,12,15"
990,True,1,8,136,2025-12-02 07:00:00,3
1017,True,10,34805,136,2025-12-03 14:00:00,"0,2,4,5,6,7,8,9,10,15"
1034,True,13,22527,136,2025-12-04 07:00:00,"0,1,2,3,4,5,6,7,8,9,10,12,14"
1038,True,5,45068,136,2025-12-04 11:00:00,"2,3,12,13,15"
1046,True,1,1024,136,2025-12-04 19:00:00,10
1059,True,6,15108,136,2025-12-05 08:00:00,"2,8,9,11,12,13"
1075,True,6,34092,136,2025-12-06 00:00:00,"2,3,5,8,10,15"
1083,True,6,9993,136,2025-12-06 08:00:00,"0,3,8,9,10,13"
1094,True,11,52985,136,2025-12-06 19:00:00,"0,3,4,5,6,7,9,10,11,14,15"
1107,True,14,65399,136,2025-12-07 11:00:00,"0,1,2,4,5,6,8,9,10,11,12,13,14,15"
1137,True,12,30685,136,2025-12-08 17:00:00,"0,2,3,4,6,7,8,9,10,12,13,14"
1152,True,4,1584,136,2025-12-09 08:00:00,"4,5,9,10"
1153,True,4,9240,136,2025-12-09 09:00:00,"3,4,10,13"
1159,True,15,65407,136,2025-12-09 15:00:00,"0,1,2,3,4,5,6,8,9,10,11,12,13,14,15"
1173,True,6,23557,136,2025-12-10 05:00:00,"0,2,10,11,12,14"
1175,True,10,45183,136,2025-12-10 07:00:00,"0,1,2,3,4,5,6,12,13,15"
1185,True,15,32767,136,2025-12-10 17:00:00,"0,1,2,3,4,5,6,7,8,9,10,11,12,13,14"
1200,True,16,65535,136,2025-12-11 08:00:00,"0,1,2,3,4,5,6,7,8,9,10,11,12,13,14,15"
1273,True,5,49286,136,2025-12-14 12:00:00,"1,2,7,14,15"
1290,True,1,16,136,2025-12-15 05:00:00,4
1300,True,12,32379,136,2025-12-15 15:00:00,"0,1,3,4,5,6,9,10,11,12,13,14"
1303,True,1,8192,136,2025-12-15 18:00:00,13
1304,True,3,2096,136,2025-12-15 19:00:00,"4,5,11"
1307,True,11,28255,136,2025-12-15 22:00:00,"0,1,2,3,4,6,9,10,11,13,14"
1325,True,2,34816,136,2025-12-16 16:00:00,"11,15"
1364,True,9,29095,136,2025-12-18 07:00:00,"0,1,2,5,7,8,12,13,14"
1374,True,5,35202,136,2025-12-18 17:00:00,"1,7,8,11,15"
1378,True,2,33792,136,2025-12-18 21:00:00,"10,15"
1414,True,6,36984,136,2025-12-20 12:00:00,"3,4,5,6,12,15"
1432,True,15,65279,136,2025-12-21 06:00:00,"0,1,2,3,4,5,6,7,9,10,11,12,13,14,15"
1468,True,15,65407,136,2025-12-22 18:00:00,"0,1,2,3,4,5,6,8,9,10,11,12,13,14,15"
1470,True,6,10546,136,2025-12-22 20:00:00,"1,4,5,8,11,13"
1474,True,6,49678,136,2025-12-23 00:00:00,"1,2,3,9,14,15"
1477,True,4,45568,136,2025-12-23 03:00:00,"9,12,13,15"
1495,True,9,55658,136,2025-12-23 21:00:00,"1,3,5,6,8,11,12,14,15"
1509,True,2,384,136,2025-12-24 11:00:00,"7,8"
1525,True,8,25035,136,2025-12-25 06:00:00,"0,1,3,6,7,8,13,14"
1552,True,3,9220,136,2025-12-26 09:00:00,"2,10,13"
1564,True,9,40235,136,2025-12-26 21:00:00,"0,1,3,5,8,10,11,12,15"
1566,True,13,32727,136,2025-12-26 23:00:00,"0,1,2,4,6,7,8,9,10,11,12,13,14"
1602,True,15,32767,136,2025-12-28 11:00:00,"0,1,2,3,4,5,6,7,8,9,10,11,12,13,14"
1608,True,8,20858,136,2025-12-28 17:00:00,"1,3,4,5,6,8,12,14"
1653,True,2,144,136,2025-12-30 14:00:00,"4,7"
1665,True,6,14497,136,2025-12-31 05:00:00,"0,5,7,11,12,13"
1680,True,12,56247,136,2025-12-31 20:00:00,"0,1,2,4,5,7,8,9,11,12,14,15"
14,True,12,53227,137,2025-10-21 14:00:00,"0,1,3,5,6,7,8,9,10,11,14,15"
18,True,2,32776,137,2025-10-21 18:00:00,"3,15"
26,True,3,40964,137,2025-10-22 02:00:00,"2,13,15"
36,True,9,10703,137,2025-10-22 12:00:00,"0,1,2,3,6,7,8,11,13"
54,True,3,1156,137,2025-10-23 06:00:00,"2,7,10"
61,True,8,50985,137,2025-10-23 13:00:00,"0,3,5,8,9,10,14,15"
102,True,10,5599,137,2025-10-25 06:00:00,"0,1,2,3,4,6,7,8,10,12"
117,True,16,65535,137,2025-10-25 21:00:00,"0,1,2,3,4,5,6,7,8,9,10,11,12,13,14,15"
130,True,9,19181,137,2025-10-26 13:00:00,"0,2,3,5,6,7,9,11,14"
144,True,12,45823,137,2025-10-27 03:00:00,"0,1,2,3,4,5,6,7,9,12,13,15"
163,True,1,16384,137,2025-10-27 22:00:00,14
169,True,15,32767,137,2025-10-28 04:00:00,"0,1,2,3,4,5,6,7,8,9,10,11,12,13,14"
183,True,14,65526,137,2025-10-28 18:00:00,"1,2,4,5,6,7,8,9,10,11,12,13,14,15"
200,True,12,47083,137,2025-10-29 11:00:00,"0,1,3,5,6,7,8,9,10,12,13,15"
204,True,11,15823,137,2025-10-29 15:00:00,"0,1,2,3,6,7,8,10,11,12,13"
210,True,16,65535,137,2025-10-29 21:00:00,"0,1,2,3,4,5,6,7,8,9,10,11,12,13,14,15"
219,True,6,45330,137,2025-10-30 06:00:00,"1,4,8,12,13,15"
227,True,13,60863,137,2025-10-30 18:00:00,"0,1,2,3,4,5,7,8,10,11,13,14,15"
243,True,11,64753,137,2025-10-31 10:00:00,"0,4,5,6,7,10,11,12,13,14,15"
255,True,5,34180,137,2025-10-31 22:00:00,"2,7,8,10,15"
266,True,6,7937,137,2025-11-01 12:00:00,"0,8,9,10,11,12"
284,True,11,48911,137,2025-11-02 06:00:00,"0,1,2,3,8,9,10,11,12,13,15"
313,True,5,1825,137,2025-11-03 11:00:00,"0,5,8,9,10"
320,True,12,63191,137,2025-11-03 18:00:00,"0,1,2,4,6,7,9,10,12,13,14,15"
344,True,10,53201,137,2025-11-04 18:00:00,"0,4,6,7,8,9,10,11,14,15"
355,True,8,9575,137,2025-11-05 05:00:00,"0,1,2,5,6,8,10,13"
361,True,7,41543,137,2025-11-05 11:00:00,"0,1,2,6,9,13,15"
395,True,13,49019,137,2025-11-06 21:00:00,"0,1,3,4,5,6,8,9,10,11,12,13,15"
410,True,10,32212,137,2025-11-07 15:00:00,"2,4,6,7,8,10,11,12,13,14"
442,True,9,3829,137,2025-11-08 23:00:00,"0,2,4,5,6,7,9,10,11"
467,True,14,28671,137,2025-11-10 00:00:00,"0,1,2,3,4,5,6,7,8,9,10,11,13,14"
495,True,10,60619,137,2025-11-11 04:00:00,"0,1,3,6,7,10,11,13,14,15"
515,True,16,65535,137,2025-11-12 00:00:00,"0,1,2,3,4,5,6,7,8,9,10,11,12,13,14,15"
547,True,4,305,137,2025-11-13 11:00:00,"0,4,5,8"
552,True,11,12270,137,2025-11-13 16:00:00,"1,2,3,5,6,7,8,9,10,11,13"
560,True,14,65405,137,2025-11-14 00:00:00,"0,2,3,4,5,6,8,9,10,11,12,13,14,15"
582,True,6,15372,137,2025-11-14 22:00:00,"2,3,10,11,12,13"
632,True,10,59093,137,2025-11-17 00:00:00,"0,2,4,6,7,9,10,13,14,15"
644,True,8,20851,137,2025-11-17 12:00:00,"0,1,4,5,6,8,12,14"
679,True,13,40895,137,2025-11-18 23:00:00,"0,1,2,3,4,5,7,8,9,10,11,12,15"
685,True,16,65535,137,2025-11-19 08:00:00,"0,1,2,3,4,5,6,7,8,9,10,11,12,13,14,15"
692,True,12,54143,137,2025-11-19 15:00:00,"0,1,2,3,4,5,6,8,9,12,14,15"
694,True,5,16554,137,2025-11-19 17:00:00,"1,3,5,7,14"
699,True,3,176,137,2025-11-19 22:00:00,"4,5,7"
701,True,16,65535,137,2025-11-20 00:00:00,"0,1,2,3,4,5,6,7,8,9,10,11,12,13,14,15"
782,True,16,65535,137,2025-11-23 09:00:00,"0,1,2,3,4,5,6,7,8,9,10,11,12,13,14,15"
812,True,3,1044,137,2025-11-24 15:00:00,"2,4,10"
813,True,14,57335,137,2025-11-24 16:00:00,"0,1,2,4,5,6,7,8,9,10,11,12,14,15"
863,True,10,61757,137,2025-11-26 21:00:00,"0,2,3,4,5,8,12,13,14,15"
910,True,9,63200,137,2025-11-28 20:00:00,"5,6,7,9,10,12,13,14,15"
914,True,16,65535,137,2025-11-29 00:00:00,"0,1,2,3,4,5,6,7,8,9,10,11,12,13,14,15"
960,True,4,4688,137,2025-11-30 22:00:00,"4,6,9,12"
970,True,6,8491,137,2025-12-01 11:00:00,"0,1,3,5,8,13"
1087,True,15,65023,137,2025-12-06 12:00:00,"0,1,2,3,4,5,6,7,8,10,11,12,13,14,15"
1115,True,2,4128,137,2025-12-07 19:00:00,"5,12"
1134,True,13,65483,137,2025-12-08 14:00:00,"0,1,3,6,7,8,9,10,11,12,13,14,15"
1143,True,15,65503,137,2025-12-08 23:00:00,"0,1,2,3,4,6,7,8,9,10,11,12,13,14,15"
1188,True,8,55683,137,2025-12-10 20:00:00,"0,1,7,8,11,12,14,15"
1210,True,14,49147,137,2025-12-11 18:00:00,"0,1,3,4,5,6,7,8,9,10,11,12,13,15"
1242,True,11,14203,137,2025-12-13 05:00:00,"0,1,3,4,5,6,8,9,10,12,13"
1251,True,13,63967,137,2025-12-13 14:00:00,"0,1,2,3,4,6,7,8,11,12,13,14,15"
1253,True,5,37032,137,2025-12-13 16:00:00,"3,5,7,12,15"
1258,True,13,65150,137,2025-12-13 21:00:00,"1,2,3,4,5,6,9,10,11,12,13,14,15"
1278,True,9,24482,137,2025-12-14 17:00:00,"1,5,7,8,9,10,11,12,14"
1311,True,4,28736,137,2025-12-16 02:00:00,"6,12,13,14"
1315,True,7,22573,137,2025-12-16 06:00:00,"0,2,3,5,11,12,14"
1340,True,11,31669,137,2025-12-17 07:00:00,"0,2,4,5,7,8,9,11,12,13,14"
1353,True,16,65535,137,2025-12-17 20:00:00,"0,1,2,3,4,5,6,7,8,9,10,11,12,13,14,15"
1402,True,1,16384,137,2025-12-20 00:00:00,14
1432,True,11,28643,137,2025-12-21 06:00:00,"0,1,5,6,7,8,9,10,11,13,14"
1436,True,15,65471,137,2025-12-21 10:00:00,"0,1,2,3,4,5,7,8,9,10,11,12,13,14,15"
1468,True,2,1040,137,2025-12-22 18:00:00,"4,10"
1471,True,1,2048,137,2025-12-22 21:00:00,11
1501,True,11,64115,137,2025-12-24 03:00:00,"0,1,4,5,6,9,11,12,13,14,15"
1503,True,7,59937,137,2025-12-24 05:00:00,"0,5,9,11,13,14,15"
1518,True,16,65535,137,2025-12-24 20:00:00,"0,1,2,3,4,5,6,7,8,9,10,11,12,13,14,15"
1525,True,6,8743,137,2025-12-25 06:00:00,"0,1,2,5,9,13"
1531,True,7,35033,137,2025-12-25 12:00:00,"0,3,4,6,7,11,15"
1569,True,15,65279,137,2025-12-27 02:00:00,"0,1,2,3,4,5,6,7,9,10,11,12,13,14,15"
1654,True,5,3128,137,2025-12-30 15:00:00,"3,4,5,10,11"
1656,True,16,65535,137,2025-12-30 17:00:00,"0,1,2,3,4,5,6,7,8,9,10,11,12,13,14,15"
63,True,8,1913,138,2025-10-23 15:00:00,"0,3,4,5,6,8,9,10"
103,True,11,64364,138,2025-10-25 07:00:00,"2,3,5,6,8,9,11,12,13,14,15"
122,True,7,3417,138,2025-10-26 05:00:00,"0,3,4,6,8,10,11"
150,True,16,65535,138,2025-10-27 09:00:00,"0,1,2,3,4,5,6,7,8,9,10,11,12,13,14,15"
175,True,13,57263,138,2025-10-28 10:00:00,"0,1,2,3,5,7,8,9,10,11,12,14,15"
185,True,9,28261,138,2025-10-28 20:00:00,"0,2,5,6,9,10,11,13,14"
193,True,10,51099,138,2025-10-29 04:00:00,"0,1,3,4,7,8,9,10,14,15"
196,True,12,49014,138,2025-10-29 07:00:00,"1,2,4,5,6,8,9,10,11,12,13,15"
232,True,12,31647,138,2025-10-30 23:00:00,"0,1,2,3,4,7,8,9,11,12,13,14"
251,True,7,4413,138,2025-10-31 18:00:00,"0,2,3,4,5,8,12"
299,True,15,49151,138,2025-11-02 21:00:00,"0,1,2,3,4,5,6,7,8,9,10,11,12,13,15"
330,True,15,64511,138,2025-11-04 04:00:00,"0,1,2,3,4,5,6,7,8,9,11,12,13,14,15"
358,True,13,56255,138,2025-11-05 08:00:00,"0,1,2,3,4,5,7,8,9,11,12,14,15"
373,True,11,31717,138,2025-11-05 23:00:00,"0,2,5,6,7,8,9,11,12,13,14"
393,True,1,128,138,2025-11-06 19:00:00,7
404,True,3,529,138,2025-11-07 09:00:00,"0,4,9"
413,True,10,16101,138,2025-11-07 18:00:00,"0,2,5,6,7,9,10,11,12,13"
429,True,11,56911,138,2025-11-08 10:00:00,"0,1,2,3,6,9,10,11,12,14,15"
469,True,6,57861,138,2025-11-10 02:00:00,"0,2,9,13,14,15"
501,True,6,567,138,2025-11-11 10:00:00,"0,1,2,4,5,9"
506,True,6,37059,138,2025-11-11 15:00:00,"0,1,6,7,12,15"
508,True,14,61375,138,2025-11-11 17:00:00,"0,1,2,3,4,5,7,8,9,10,11,13,14,15"
517,True,3,16450,138,2025-11-12 02:00:00,"1,6,14"
556,True,11,62837,138,2025-11-13 20:00:00,"0,2,4,5,6,8,10,12,13,14,15"
635,True,13,57309,138,2025-11-17 03:00:00,"0,2,3,4,6,7,8,9,10,11,12,14,15"
638,True,15,32767,138,2025-11-17 06:00:00,"0,1,2,3,4,5,6,7,8,9,10,11,12,13,14"
657,True,2,4097,138,2025-11-18 01:00:00,"0,12"
660,True,15,65534,138,2025-11-18 04:00:00,"1,2,3,4,5,6,7,8,9,10,11,12,13,14,15"
661,True,1,128,138,2025-11-18 05:00:00,7
679,True,8,33741,138,2025-11-18 23:00:00,"0,2,3,6,7,8,9,15"
785,True,7,34990,138,2025-11-23 12:00:00,"1,2,3,5,7,11,15"
789,True,8,29538,138,2025-11-23 16:00:00,"1,5,6,8,9,12,13,14"
857,True,10,20454,138,2025-11-26 15:00:00,"1,2,5,6,7,8,9,10,11,14"
859,True,9,49885,138,2025-11-26 17:00:00,"0,2,3,4,6,7,9,14,15"
866,True,10,54260,138,2025-11-27 00:00:00,"2,4,5,6,7,8,9,12,14,15"
883,True,10,45691,138,2025-11-27 17:00:00,"0,1,3,4,5,6,9,12,13,15"
902,True,8,44428,138,2025-11-28 12:00:00,"2,3,7,8,10,11,13,15"
910,True,7,51973,138,2025-11-28 20:00:00,"0,2,8,9,11,14,15"
913,True,1,4096,138,2025-11-28 23:00:00,12
914,True,6,1814,138,2025-11-29 00:00:00,"1,2,4,8,9,10"
920,True,14,65277,138,2025-11-29 06:00:00,"0,2,3,4,5,6,7,9,10,11,12,13,14,15"
923,True,12,56279,138,2025-11-29 09:00:00,"0,1,2,4,6,7,8,9,11,12,14,15"
953,True,14,31743,138,2025-11-30 15:00:00,"0,1,2,3,4,5,6,7,8,9,11,12,13,14"
1017,True,8,7964,138,2025-12-03 14:00:00,"2,3,4,8,9,10,11,12"
1026,True,13,62973,138,2025-12-03 23:00:00,"0,2,3,4,5,6,7,8,10,12,13,14,15"
1027,True,12,32189,138,2025-12-04 00:00:00,"0,2,3,4,5,7,8,10,11,12,13,14"
1061,True,9,40342,138,2025-12-05 10:00:00,"1,2,4,7,8,10,11,12,15"
1070,True,1,4,138,2025-12-05 19:00:00,2
1087,True,14,32511,138,2025-12-06 12:00:00,"0,1,2,3,4,5,6,7,9,10,11,12,13,14"
1091,True,4,4208,138,2025-12-06 16:00:00,"4,5,6,12"
1096,True,4,25728,138,2025-12-06 21:00:00,"7,10,13,14"
1105,True,9,4039,138,2025-12-07 09:00:00,"0,1,2,6,7,8,9,10,11"
1114,True,14,32765,138,2025-12-07 18:00:00,"0,2,3,4,5,6,7,8,9,10,11,12,13,14"
1117,True,2,2064,138,2025-12-07 21:00:00,"4,11"
1121,True,2,4098,138,2025-12-08 01:00:00,"1,12"
1189,True,8,45852,138,2025-12-10 21:00:00,"2,3,4,8,9,12,13,15"
1233,True,16,65535,138,2025-12-12 17:00:00,"0,1,2,3,4,5,6,7,8,9,10,11,12,13,14,15"
1238,True,5,49442,138,2025-12-12 22:00:00,"1,5,8,14,15"
1269,True,12,23543,138,2025-12-14 08:00:00,"0,1,2,4,5,6,7,8,9,11,12,14"
1280,True,1,128,138,2025-12-14 19:00:00,7
1314,True,10,55205,138,2025-12-16 05:00:00,"0,2,5,7,8,9,10,12,14,15"
1319,True,4,534,138,2025-12-16 10:00:00,"1,2,4,9"
1337,True,2,2056,138,2025-12-17 04:00:00,"3,11"
1353,True,13,62335,138,2025-12-17 20:00:00,"0,1,2,3,4,5,6,8,9,12,13,14,15"
1372,True,6,33166,138,2025-12-18 15:00:00,"1,2,3,7,8,15"
1402,True,15,65527,138,2025-12-20 00:00:00,"0,1,2,4,5,6,7,8,9,10,11,12,13,14,15"
1463,True,9,63814,138,2025-12-22 13:00:00,"1,2,6,8,11,12,13,14,15"
1469,True,15,61439,138,2025-12-22 19:00:00,"0,1,2,3,4,5,6,7,8,9,10,11,13,14,15"
1472,True,13,60287,138,2025-12-22 22:00:00,"0,1,2,3,4,5,6,8,9,11,13,14,15"
1473,True,3,2564,138,2025-12-22 23:00:00,"2,9,11"
1485,True,8,63360,138,2025-12-23 11:00:00,"7,8,9,10,12,13,14,15"
1508,True,16,65535,138,2025-12-24 10:00:00,"0,1,2,3,4,5,6,7,8,9,10,11,12,13,14,15"
1527,True,16,65535,138,2025-12-25 08:00:00,"0,1,2,3,4,5,6,7,8,9,10,11,12,13,14,15"
1535,True,10,65192,138,2025-12-25 16:00:00,"3,5,7,9,10,11,12,13,14,15"
1538,True,12,65205,138,2025-12-25 19:00:00,"0,2,4,5,7,9,10,11,12,13,14,15"
1546,True,8,45150,138,2025-12-26 03:00:00,"1,2,3,4,6,12,13,15"
1572,True,10,59122,138,2025-12-27 05:00:00,"1,4,5,6,7,9,10,13,14,15"
1586,True,16,65535,138,2025-12-27 19:00:00,"0,1,2,3,4,5,6,7,8,9,10,11,12,13,14,15"
1610,True,16,65535,138,2025-12-28 19:00:00,"0,1,2,3,4,5,6,7,8,9,10,11,12,13,14,15"
1611,True,4,8356,138,2025-12-28 20:00:00,"2,5,7,13"
1632,True,10,27595,138,2025-12-29 17:00:00,"0,1,3,6,7,8,9,11,13,14"
1678,True,12,60255,138,2025-12-31 18:00:00,"0,1,2,3,4,6,8,9,11,13,14,15"
4,True,14,61311,139,2025-10-21 04:00:00,"0,1,2,3,4,5,6,8,9,10,11,13,14,15"
12,True,4,2625,139,2025-10-21 12:00:00,"0,6,9,11"
13,True,2,4100,139,2025-10-21 13:00:00,"2,12"
100,True,6,20495,139,2025-10-25 04:00:00,"0,1,2,3,12,14"
111,True,10,23159,139,2025-10-25 15:00:00,"0,1,2,4,5,6,9,11,12,14"
186,True,5,33362,139,2025-10-28 21:00:00,"1,4,6,9,15"
189,True,7,63752,139,2025-10-29 00:00:00,"3,8,11,12,13,14,15"
202,True,4,16454,139,2025-10-29 13:00:00,"1,2,6,14"
209,True,8,55941,139,2025-10-29 20:00:00,"0,2,7,9,11,12,14,15"
228,True,13,65438,139,2025-10-30 19:00:00,"1,2,3,4,7,8,9,10,11,12,13,14,15"
255,True,14,65502,139,2025-10-31 22:00:00,"1,2,3,4,6,7,8,9,10,11,12,13,14,15"
293,True,15,63487,139,2025-11-02 15:00:00,"0,1,2,3,4,5,6,7,8,9,10,12,13,14,15"
298,True,15,65407,139,2025-11-02 20:00:00,"0,1,2,3,4,5,6,8,9,10,11,12,13,14,15"
314,True,12,53182,139,2025-11-03 12:00:00,"1,2,3,4,5,7,8,9,10,11,14,15"
318,True,1,64,139,2025-11-03 16:00:00,6
340,True,13,60411,139,2025-11-04 14:00:00,"0,1,3,4,5,6,7,8,9,11,13,14,15"
366,True,3,4099,139,2025-11-05 16:00:00,"0,1,12"
371,True,2,10,139,2025-11-05 21:00:00,"1,3"
385,True,3,2306,139,2025-11-06 11:00:00,"1,8,11"
445,True,8,28719,139,2025-11-09 02:00:00,"0,1,2,3,5,12,13,14"
446,True,3,34944,139,2025-11-09 03:00:00,"7,11,15"
451,True,1,64,139,2025-11-09 08:00:00,6
456,True,11,48477,139,2025-11-09 13:00:00,"0,2,3,4,6,8,10,11,12,13,15"
504,True,14,65469,139,2025-11-11 13:00:00,"0,2,3,4,5,7,8,9,10,11,12,13,14,15"
539,True,10,16179,139,2025-11-13 03:00:00,"0,1,4,5,8,9,10,11,12,13"
549,True,14,32765,139,2025-11-13 13:00:00,"0,2,3,4,5,6,7,8,9,10,11,12,13,14"
567,True,13,47099,139,2025-11-14 07:00:00,"0,1,3,4,5,6,7,8,9,10,12,13,15"
591,True,16,65535,139,2025-11-15 07:00:00,"0,1,2,3,4,5,6,7,8,9,10,11,12,13,14,15"
663,True,15,65531,139,2025-11-18 07:00:00,"0,1,3,4,5,6,7,8,9,10,11,12,13,14,15"
674,True,13,65485,139,2025-11-18 18:00:00,"0,2,3,6,7,8,9,10,11,12,13,14,15"
702,True,15,49151,139,2025-11-20 01:00:00,"0,1,2,3,4,5,6,7,8,9,10,11,12,13,15"
746,True,5,18756,139,2025-11-21 21:00:00,"2,6,8,11,14"
750,True,5,403,139,2025-11-22 01:00:00,"0,1,4,7,8"
752,True,2,1280,139,2025-11-22 03:00:00,"8,10"
763,True,2,34,139,2025-11-22 14:00:00,"1,5"
807,True,6,1127,139,2025-11-24 10:00:00,"0,1,2,5,6,10"
865,True,12,60910,139,2025-11-26 23:00:00,"1,2,3,5,6,7,8,10,11,13,14,15"
877,True,3,552,139,2025-11-27 11:00:00,"3,5,9"
890,True,15,65503,139,2025-11-28 00:00:00,"0,1,2,3,4,6,7,8,9,10,11,12,13,14,15"
903,True,6,9753,139,2025-11-28 13:00:00,"0,3,4,9,10,13"
920,True,2,6144,139,2025-11-29 06:00:00,"11,12"
942,True,16,65535,139,2025-11-30 04:00:00,"0,1,2,3,4,5,6,7,8,9,10,11,12,13,14,15"
948,True,12,8189,139,2025-11-30 10:00:00,"0,2,3,4,5,6,7,8,9,10,11,12"
978,True,15,32767,139,2025-12-01 19:00:00,"0,1,2,3,4,5,6,7,8,9,10,11,12,13,14"
988,True,12,53207,139,2025-12-02 05:00:00,"0,1,2,4,6,7,8,9,10,11,14,15"
1031,True,6,5016,139,2025-12-04 04:00:00,"3,4,7,8,9,12"
1062,True,1,2,139,2025-12-05 11:00:00,1
1088,True,13,16319,139,2025-12-06 13:00:00,"0,1,2,3,4,5,7,8,9,10,11,12,13"
1119,True,2,5120,139,2025-12-07 23:00:00,"10,12"
1143,True,7,52756,139,2025-12-08 23:00:00,"2,4,9,10,11,14,15"
1149,True,1,1,139,2025-12-09 05:00:00,0
1169,True,15,63487,139,2025-12-10 01:00:00,"0,1,2,3,4,5,6,7,8,9,10,12,13,14,15"
1255,True,11,52974,139,2025-12-13 18:00:00,"1,2,3,5,6,7,9,10,11,14,15"
1311,True,15,65519,139,2025-12-16 02:00:00,"0,1,2,3,5,6,7,8,9,10,11,12,13,14,15"
1372,True,3,41088,139,2025-12-18 15:00:00,"7,13,15"
1382,True,10,60828,139,2025-12-19 04:00:00,"2,3,4,7,8,10,11,13,14,15"
1395,True,2,32772,139,2025-12-19 17:00:00,"2,15"
1396,True,7,19058,139,2025-12-19 18:00:00,"1,4,5,6,9,11,14"
1421,True,11,59005,139,2025-12-20 19:00:00,"0,2,3,4,5,6,9,10,13,14,15"
1486,True,10,51706,139,2025-12-23 12:00:00,"1,3,4,5,6,7,8,11,14,15"
1491,True,15,57343,139,2025-12-23 17:00:00,"0,1,2,3,4,5,6,7,8,9,10,11,12,14,15"
1508,True,8,39687,139,2025-12-24 10:00:00,"0,1,2,8,9,11,12,15"
1512,True,8,40021,139,2025-12-24 14:00:00,"0,2,4,6,10,11,12,15"
1520,True,13,63351,139,2025-12-24 22:00:00,"0,1,2,4,5,6,8,9,10,12,13,14,15"
1534,True,4,16649,139,2025-12-25 15:00:00,"0,3,8,14"
1560,True,2,520,139,2025-12-26 17:00:00,"3,9"
1578,True,14,65399,139,2025-12-27 11:00:00,"0,1,2,4,5,6,8,9,10,11,12,13,14,15"
1589,True,12,57259,139,2025-12-27 22:00:00,"0,1,3,5,7,8,9,10,11,12,14,15"
1614,True,1,8,139,2025-12-28 23:00:00,3
1637,True,13,49086,139,2025-12-29 22:00:00,"1,2,3,4,5,7,8,9,10,11,12,13,15"
1639,True,12,48109,139,2025-12-30 00:00:00,"0,2,3,5,6,7,8,9,11,12,13,15"
1640,True,13,64446,139,2025-12-30 01:00:00,"1,2,3,4,5,7,8,9,11,12,13,14,15"
1646,True,2,12,139,2025-12-30 07:00:00,"2,3"
0,True,15,65527,140,2025-10-21 00:00:00,"0,1,2,4,5,6,7,8,9,10,11,12,13,14,15"
3,True,10,59579,140,2025-10-21 03:00:00,"0,1,3,4,5,7,11,13,14,15"
4,True,3,1030,140,2025-10-21 04:00:00,"1,2,10"
35,True,12,38903,140,2025-10-22 11:00:00,"0,1,2,4,5,6,7,8,9,10,12,15"
45,True,7,51977,140,2025-10-22 21:00:00,"0,3,8,9,11,14,15"
48,True,4,526,140,2025-10-23 00:00:00,"1,2,3,9"
75,True,5,17796,140,2025-10-24 03:00:00,"2,7,8,10,14"
78,True,8,45673,140,2025-10-24 06:00:00,"0,3,5,6,9,12,13,15"
86,True,12,24061,140,2025-10-24 14:00:00,"0,2,3,4,5,6,7,8,10,11,12,14"
126,True,12,65141,140,2025-10-26 09:00:00,"0,2,4,5,6,9,10,11,12,13,14,15"
136,True,13,32575,140,2025-10-26 19:00:00,"0,1,2,3,4,5,8,9,10,11,12,13,14"
182,True,2,18,140,2025-10-28 17:00:00,"1,4"
185,True,16,65535,140,2025-10-28 20:00:00,"0,1,2,3,4,5,6,7,8,9,10,11,12,13,14,15"
253,True,7,53604,140,2025-10-31 20:00:00,"2,5,6,8,12,14,15"
257,True,15,65519,140,2025-11-01 03:00:00,"0,1,2,3,5,6,7,8,9,10,11,12,13,14,15"
291,True,14,65467,140,2025-11-02 13:00:00,"0,1,3,4,5,7,8,9,10,11,12,13,14,15"
294,True,10,48076,140,2025-11-02 16:00:00,"2,3,6,7,8,9,11,12,13,15"
309,True,3,1042,140,2025-11-03 07:00:00,"1,4,10"
318,True,4,38976,140,2025-11-03 16:00:00,"6,11,12,15"
324,True,4,4110,140,2025-11-03 22:00:00,"1,2,3,12"
326,True,10,9975,140,2025-11-04 00:00:00,"0,1,2,4,5,6,7,9,10,13"
336,True,12,48847,140,2025-11-04 10:00:00,"0,1,2,3,6,7,9,10,11,12,13,15"
342,True,16,65535,140,2025-11-04 16:00:00,"0,1,2,3,4,5,6,7,8,9,10,11,12,13,14,15"
372,True,4,2132,140,2025-11-05 22:00:00,"2,4,6,11"
411,True,8,45874,140,2025-11-07 16:00:00,"1,4,5,8,9,12,13,15"
414,True,12,59895,140,2025-11-07 19:00:00,"0,1,2,4,5,6,7,8,11,13,14,15"
421,True,14,49147,140,2025-11-08 02:00:00,"0,1,3,4,5,6,7,8,9,10,11,12,13,15"
440,True,15,32767,140,2025-11-08 21:00:00,"0,1,2,3,4,5,6,7,8,9,10,11,12,13,14"
454,True,5,16738,140,2025-11-09 11:00:00,"1,5,6,8,14"
462,True,1,1024,140,2025-11-09 19:00:00,10
463,True,6,9393,140,2025-11-09 20:00:00,"0,4,5,7,10,13"
464,True,7,52362,140,2025-11-09 21:00:00,"1,3,7,10,11,14,15"
479,True,11,63740,140,2025-11-10 12:00:00,"2,3,4,5,6,7,11,12,13,14,15"
481,True,15,64511,140,2025-11-10 14:00:00,"0,1,2,3,4,5,6,7,8,9,11,12,13,14,15"
514,True,7,29584,140,2025-11-11 23:00:00,"4,7,8,9,12,13,14"
529,True,6,17112,140,2025-11-12 14:00:00,"3,4,6,7,9,14"
535,True,4,17441,140,2025-11-12 20:00:00,"0,5,10,14"
546,True,16,65535,140,2025-11-13 10:00:00,"0,1,2,3,4,5,6,7,8,9,10,11,12,13,14,15"
550,True,8,62104,140,2025-11-13 14:00:00,"3,4,7,9,12,13,14,15"
573,True,5,24866,140,2025-11-14 13:00:00,"1,5,8,13,14"
583,True,15,63487,140,2025-11-14 23:00:00,"0,1,2,3,4,5,6,7,8,9,10,12,13,14,15"
614,True,6,27672,140,2025-11-16 06:00:00,"3,4,10,11,13,14"
627,True,1,2048,140,2025-11-16 19:00:00,11
630,True,5,1321,140,2025-11-16 22:00:00,"0,3,5,8,10"
632,True,10,47407,140,2025-11-17 00:00:00,"0,1,2,3,5,8,11,12,13,15"
655,True,14,30719,140,2025-11-17 23:00:00,"0,1,2,3,4,5,6,7,8,9,10,12,13,14"
663,True,2,8200,140,2025-11-18 07:00:00,"3,13"
706,True,11,56655,140,2025-11-20 05:00:00,"0,1,2,3,6,8,10,11,12,14,15"
724,True,1,256,140,2025-11-20 23:00:00,8
750,True,11,58975,140,2025-11-22 01:00:00,"0,1,2,3,4,6,9,10,13,14,15"
751,True,11,53695,140,2025-11-22 02:00:00,"0,1,2,3,4,5,7,8,12,14,15"
778,True,7,53530,140,2025-11-23 05:00:00,"1,3,4,8,12,14,15"
782,True,11,58095,140,2025-11-23 09:00:00,"0,1,2,3,5,6,7,9,13,14,15"
790,True,2,9216,140,2025-11-23 17:00:00,"10,13"
832,True,1,1,140,2025-11-25 14:00:00,0
890,True,16,65535,140,2025-11-28 00:00:00,"0,1,2,3,4,5,6,7,8,9,10,11,12,13,14,15"
892,True,6,317,140,2025-11-28 02:00:00,"0,2,3,4,5,8"
934,True,13,30655,140,2025-11-29 20:00:00,"0,1,2,3,4,5,7,8,9,10,12,13,14"
949,True,14,53247,140,2025-11-30 11:00:00,"0,1,2,3,4,5,6,7,8,9,10,11,14,15"
957,True,6,16539,140,2025-11-30 19:00:00,"0,1,3,4,7,14"
974,True,16,65535,140,2025-12-01 15:00:00,"0,1,2,3,4,5,6,7,8,9,10,11,12,13,14,15"
995,True,7,29096,140,2025-12-02 16:00:00,"3,5,7,8,12,13,14"
1022,True,16,65535,140,2025-12-03 19:00:00,"0,1,2,3,4,5,6,7,8,9,10,11,12,13,14,15"
1034,True,3,42,140,2025-12-04 07:00:00,"1,3,5"
1057,True,13,57083,140,2025-12-05 06:00:00,"0,1,3,4,5,6,7,9,10,11,12,14,15"
1075,True,13,64751,140,2025-12-06 00:00:00,"0,1,2,3,5,6,7,10,11,12,13,14,15"
1095,True,2,16896,140,2025-12-06 20:00:00,"9,14"
1097,True,12,64366,140,2025-12-06 22:00:00,"1,2,3,5,6,8,9,11,12,13,14,15"
1098,True,13,65246,140,2025-12-06 23:00:00,"1,2,3,4,6,7,9,10,11,12,13,14,15"
1138,True,4,8520,140,2025-12-08 18:00:00,"3,6,8,13"
1143,True,9,57834,140,2025-12-08 23:00:00,"1,3,5,6,7,8,13,14,15"
1157,True,10,39293,140,2025-12-09 13:00:00,"0,2,3,4,5,6,8,11,12,15"
1210,True,9,38854,140,2025-12-11 18:00:00,"1,2,6,7,8,9,10,12,15"
1253,True,4,450,140,2025-12-13 16:00:00,"1,6,7,8"
1264,True,3,321,140,2025-12-14 03:00:00,"0,6,8"
1267,True,1,1024,140,2025-12-14 06:00:00,10
1287,True,11,63868,140,2025-12-15 02:00:00,"2,3,4,5,6,8,11,12,13,14,15"
1317,True,12,64762,140,2025-12-16 08:00:00,"1,3,4,5,6,7,10,11,12,13,14,15"
1329,True,5,38401,140,2025-12-16 20:00:00,"0,9,10,12,15"
1355,True,13,63469,140,2025-12-17 22:00:00,"0,2,3,5,6,7,8,9,10,12,13,14,15"
1380,True,16,65535,140,2025-12-18 23:00:00,"0,1,2,3,4,5,6,7,8,9,10,11,12,13,14,15"
1428,True,11,61207,140,2025-12-21 02:00:00,"0,1,2,4,8,9,10,11,13,14,15"
1433,True,1,1024,140,2025-12-21 07:00:00,10
1475,True,12,64925,140,2025-12-23 01:00:00,"0,2,3,4,7,8,10,11,12,13,14,15"
1496,True,13,31487,140,2025-12-23 22:00:00,"0,1,2,3,4,5,6,7,9,11,12,13,14"
1501,True,6,5706,140,2025-12-24 03:00:00,"1,3,6,9,10,12"
1520,True,14,56319,140,2025-12-24 22:00:00,"0,1,2,3,4,5,6,7,8,9,11,12,14,15"
1562,True,14,49143,140,2025-12-26 19:00:00,"0,1,2,4,5,6,7,8,9,10,11,12,13,15"
1641,True,3,6656,140,2025-12-30 02:00:00,"9,11,12"
1642,True,9,55971,140,2025-12-30 03:00:00,"0,1,5,7,9,11,12,14,15"
1651,True,4,6784,140,2025-12-30 12:00:00,"7,9,11,12"
1658,True,6,8554,140,2025-12-30 19:00:00,"1,3,5,6,8,13"
44,True,16,65535,141,2025-10-22 20:00:00,"0,1,2,3,4,5,6,7,8,9,10,11,12,13,14,15"
49,True,2,8320,141,2025-10-23 01:00:00,"7,13"
55,True,11,31355,141,2025-10-23 07:00:00,"0,1,3,4,5,6,9,11,12,13,14"
88,True,5,28682,141,2025-10-24 16:00:00,"1,3,12,13,14"
101,True,5,4678,141,2025-10-25 05:00:00,"1,2,6,9,12"
105,True,1,32768,141,2025-10-25 09:00:00,15
123,True,4,6180,141,2025-10-26 06:00:00,"2,5,11,12"
150,True,13,16381,141,2025-10-27 09:00:00,"0,2,3,4,5,6,7,8,9,10,11,12,13"
159,True,13,65327,141,2025-10-27 18:00:00,"0,1,2,3,5,8,9,10,11,12,13,14,15"
167,True,12,32748,141,2025-10-28 02:00:00,"2,3,5,6,7,8,9,10,11,12,13,14"
180,True,15,64511,141,2025-10-28 15:00:00,"0,1,2,3,4,5,6,7,8,9,11,12,13,14,15"
182,True,9,44709,141,2025-10-28 17:00:00,"0,2,5,7,9,10,11,13,15"
198,True,1,1024,141,2025-10-29 09:00:00,10
203,True,11,46067,141,2025-10-29 14:00:00,"0,1,4,5,6,7,8,9,12,13,15"
214,True,16,65535,141,2025-10-30 01:00:00,"0,1,2,3,4,5,6,7,8,9,10,11,12,13,14,15"
217,True,9,63635,141,2025-10-30 04:00:00,"0,1,4,7,11,12,13,14,15"
250,True,10,31589,141,2025-10-31 17:00:00,"0,2,5,6,8,9,11,12,13,14"
277,True,13,49083,141,2025-11-01 23:00:00,"0,1,3,4,5,7,8,9,10,11,12,13,15"
282,True,7,10922,141,2025-11-02 04:00:00,"1,3,5,7,9,11,13"
387,True,2,1026,141,2025-11-06 13:00:00,"1,10"
460,True,2,12,141,2025-11-09 17:00:00,"2,3"
464,True,15,32767,141,2025-11-09 21:00:00,"0,1,2,3,4,5,6,7,8,9,10,11,12,13,14"
486,True,5,35488,141,2025-11-10 19:00:00,"5,7,9,11,15"
494,True,6,21769,141,2025-11-11 03:00:00,"0,3,8,10,12,14"
501,True,3,16516,141,2025-11-11 10:00:00,"2,7,14"
548,True,2,4098,141,2025-11-13 12:00:00,"1,12"
584,True,9,19945,141,2025-11-15 00:00:00,"0,3,5,6,7,8,10,11,14"
596,True,3,386,141,2025-11-15 12:00:00,"1,7,8"
598,True,12,63839,141,2025-11-15 14:00:00,"0,1,2,3,4,6,8,11,12,13,14,15"
624,True,15,65407,141,2025-11-16 16:00:00,"0,1,2,3,4,5,6,8,9,10,11,12,13,14,15"
653,True,5,37125,141,2025-11-17 21:00:00,"0,2,8,12,15"
674,True,12,48367,141,2025-11-18 18:00:00,"0,1,2,3,5,6,7,10,11,12,13,15"
677,True,8,56208,141,2025-11-18 21:00:00,"4,7,8,9,11,12,14,15"
688,True,2,16385,141,2025-11-19 11:00:00,"0,14"
697,True,11,61297,141,2025-11-19 20:00:00,"0,4,5,6,8,9,10,11,13,14,15"
740,True,1,32768,141,2025-11-21 15:00:00,15
746,True,15,32767,141,2025-11-21 21:00:00,"0,1,2,3,4,5,6,7,8,9,10,11,12,13,14"
748,True,1,16384,141,2025-11-21 23:00:00,14
749,True,2,1040,141,2025-11-22 00:00:00,"4,10"
758,True,7,10662,141,2025-11-22 09:00:00,"1,2,5,7,8,11,13"
762,True,15,65527,141,2025-11-22 13:00:00,"0,1,2,4,5,6,7,8,9,10,11,12,13,14,15"
806,True,15,65531,141,2025-11-24 09:00:00,"0,1,3,4,5,6,7,8,9,10,11,12,13,14,15"
818,True,13,16351,141,2025-11-24 21:00:00,"0,1,2,3,4,6,7,8,9,10,11,12,13"
830,True,10,52972,141,2025-11-25 12:00:00,"2,3,5,6,7,9,10,11,14,15"
844,True,14,57087,141,2025-11-26 02:00:00,"0,1,2,3,4,5,6,7,9,10,11,12,14,15"
855,True,4,4292,141,2025-11-26 13:00:00,"2,6,7,12"
860,True,5,9283,141,2025-11-26 18:00:00,"0,1,6,10,13"
876,True,11,56282,141,2025-11-27 10:00:00,"1,3,4,6,7,8,9,11,12,14,15"
915,True,11,15215,141,2025-11-29 01:00:00,"0,1,2,3,5,6,8,9,11,12,13"
918,True,15,63487,141,2025-11-29 04:00:00,"0,1,2,3,4,5,6,7,8,9,10,12,13,14,15"
929,True,13,65510,141,2025-11-29 15:00:00,"1,2,5,6,7,8,9,10,11,12,13,14,15"
931,True,11,46963,141,2025-11-29 17:00:00,"0,1,4,5,6,8,9,10,12,13,15"
939,True,15,32767,141,2025-11-30 01:00:00,"0,1,2,3,4,5,6,7,8,9,10,11,12,13,14"
952,True,4,16705,141,2025-11-30 14:00:00,"0,6,8,14"
982,True,12,65071,141,2025-12-01 23:00:00,"0,1,2,3,5,9,10,11,12,13,14,15"
1033,True,11,52670,141,2025-12-04 06:00:00,"1,2,3,4,5,7,8,10,11,14,15"
1065,True,5,299,141,2025-12-05 14:00:00,"0,1,3,5,8"
1112,True,6,20064,141,2025-12-07 16:00:00,"5,6,9,10,11,14"
1135,True,8,43636,141,2025-12-08 15:00:00,"2,4,5,6,9,11,13,15"
1139,True,3,33793,141,2025-12-08 19:00:00,"0,10,15"
1140,True,6,17734,141,2025-12-08 20:00:00,"1,2,6,8,10,14"
1145,True,11,30705,141,2025-12-09 01:00:00,"0,4,5,6,7,8,9,10,12,13,14"
1210,True,1,32,141,2025-12-11 18:00:00,5
1256,True,14,61407,141,2025-12-13 19:00:00,"0,1,2,3,4,6,7,8,9,10,11,13,14,15"
1277,True,2,768,141,2025-12-14 16:00:00,"8,9"
1304,True,3,3104,141,2025-12-15 19:00:00,"5,10,11"
1333,True,2,16388,141,2025-12-17 00:00:00,"2,14"
1361,True,12,57182,141,2025-12-18 04:00:00,"1,2,3,4,6,8,9,10,11,12,14,15"
1371,True,9,26749,141,2025-12-18 14:00:00,"0,2,3,4,5,6,11,13,14"
1373,True,3,769,141,2025-12-18 16:00:00,"0,8,9"
1381,True,1,32768,141,2025-12-19 03:00:00,15
1386,True,13,64251,141,2025-12-19 08:00:00,"0,1,3,4,5,6,7,9,11,12,13,14,15"
1395,True,3,34818,141,2025-12-19 17:00:00,"1,11,15"
1407,True,13,30463,141,2025-12-20 05:00:00,"0,1,2,3,4,5,6,7,9,10,12,13,14"
1421,True,16,65535,141,2025-12-20 19:00:00,"0,1,2,3,4,5,6,7,8,9,10,11,12,13,14,15"
1427,True,2,1152,141,2025-12-21 01:00:00,"7,10"
1431,True,13,62973,141,2025-12-21 05:00:00,"0,2,3,4,5,6,7,8,10,12,13,14,15"
1498,True,9,52621,141,2025-12-24 00:00:00,"0,2,3,7,8,10,11,14,15"
1515,True,2,1152,141,2025-12-24 17:00:00,"7,10"
1533,True,5,33347,141,2025-12-25 14:00:00,"0,1,6,9,15"
1571,True,8,58691,141,2025-12-27 04:00:00,"0,1,6,8,10,13,14,15"
1588,True,15,65531,141,2025-12-27 21:00:00,"0,1,3,4,5,6,7,8,9,10,11,12,13,14,15"
1596,True,10,7611,141,2025-12-28 05:00:00,"0,1,3,4,5,7,8,10,11,12"
1605,True,16,65535,141,2025-12-28 14:00:00,"0,1,2,3,4,5,6,7,8,9,10,11,12,13,14,15"
1606,True,8,42323,141,2025-12-28 15:00:00,"0,1,4,6,8,10,13,15"
1646,True,12,16335,141,2025-12-30 07:00:00,"0,1,2,3,6,7,8,9,10,11,12,13"
1658,True,3,200,141,2025-12-30 19:00:00,"3,6,7"
