semilla,formato,n_flips,ataques,rechazos,aceptados_atacados,cancelaciones,alterados,detectados_alterados,alertas_cancelados,banda_local_cambiada,banda_local_sin_alerta,falsa_excedencia,falsa_excedencia_sin_alerta,ocultamiento,ocultamiento_sin_alerta
42,base,1,3,1,2,0,2,2,0,1,0,0,0,0,0
42,base,2,5,4,1,0,1,1,0,1,0,0,0,0,0
42,base,3,7,6,1,0,1,1,0,1,0,0,0,0,0
42,base,4,8,8,0,0,0,0,0,0,0,0,0,0,0
42,base,5,2,1,1,0,1,1,0,1,0,0,0,0,0
42,base,6,5,5,0,0,0,0,0,0,0,0,0,0,0
42,base,7,9,9,0,0,0,0,0,0,0,0,0,0,0
42,base,8,2,2,0,0,0,0,0,0,0,0,0,0,0
42,base,9,2,2,0,0,0,0,0,0,0,0,0,0,0
42,base,10,8,8,0,0,0,0,0,0,0,0,0,0,0
42,base,11,4,4,0,0,0,0,0,0,0,0,0,0,0
42,base,12,6,6,0,0,0,0,0,0,0,0,0,0,0
42,base,13,5,5,0,0,0,0,0,0,0,0,0,0,0
42,base,14,3,3,0,0,0,0,0,0,0,0,0,0,0
42,base,15,5,5,0,0,0,0,0,0,0,0,0,0,0
42,base,16,7,7,0,0,0,0,0,0,0,0,0,0,0
42,A,1,3,1,2,0,2,1,0,1,0,0,0,0,0
42,A,2,5,3,2,0,2,2,0,2,0,0,0,0,0
42,A,3,7,6,1,0,1,1,0,1,0,0,0,0,0
42,A,4,8,6,2,0,2,2,0,1,0,1,0,0,0
42,A,5,2,1,1,0,1,1,0,1,0,0,0,0,0
42,A,6,5,5,0,0,0,0,0,0,0,0,0,0,0
42,A,7,9,9,0,0,0,0,0,0,0,0,0,0,0
42,A,8,2,2,0,0,0,0,0,0,0,0,0,0,0
42,A,9,2,2,0,0,0,0,0,0,0,0,0,0,0
42,A,10,8,8,0,0,0,0,0,0,0,0,0,0,0
42,A,11,4,4,0,0,0,0,0,0,0,0,0,0,0
42,A,12,6,6,0,0,0,0,0,0,0,0,0,0,0
42,A,13,5,5,0,0,0,0,0,0,0,0,0,0,0
42,A,14,3,3,0,0,0,0,0,0,0,0,0,0,0
42,A,15,5,5,0,0,0,0,0,0,0,0,0,0,0
42,A,16,7,7,0,0,0,0,0,0,0,0,0,0,0
42,B,1,3,1,2,0,2,1,0,1,0,0,0,0,0
42,B,2,5,3,2,0,2,2,0,2,0,0,0,0,0
42,B,3,7,6,1,0,1,1,0,1,0,0,0,0,0
42,B,4,8,5,3,0,3,3,0,2,0,1,0,0,0
42,B,5,2,1,1,0,1,1,0,1,0,0,0,0,0
42,B,6,5,4,1,0,1,1,0,1,0,0,0,0,0
42,B,7,9,8,1,0,1,1,0,1,0,0,0,0,0
42,B,8,2,2,0,0,0,0,0,0,0,0,0,0,0
42,B,9,2,2,0,0,0,0,0,0,0,0,0,0,0
42,B,10,8,8,0,0,0,0,0,0,0,0,0,0,0
42,B,11,4,4,0,0,0,0,0,0,0,0,0,0,0
42,B,12,6,6,0,0,0,0,0,0,0,0,0,0,0
42,B,13,5,5,0,0,0,0,0,0,0,0,0,0,0
42,B,14,3,3,0,0,0,0,0,0,0,0,0,0,0
42,B,15,5,5,0,0,0,0,0,0,0,0,0,0,0
42,B,16,7,7,0,0,0,0,0,0,0,0,0,0,0
43,base,1,3,2,1,0,1,0,0,0,0,0,0,0,0
43,base,2,6,4,2,0,2,2,0,2,0,0,0,0,0
43,base,3,6,5,1,0,1,0,0,0,0,0,0,0,0
43,base,4,8,7,1,0,1,1,0,1,0,1,0,0,0
43,base,5,10,10,0,0,0,0,0,0,0,0,0,0,0
43,base,6,5,5,0,0,0,0,0,0,0,0,0,0,0
43,base,7,3,3,0,0,0,0,0,0,0,0,0,0,0
43,base,8,8,8,0,0,0,0,0,0,0,0,0,0,0
43,base,9,1,1,0,0,0,0,0,0,0,0,0,0,0
43,base,10,8,8,0,0,0,0,0,0,0,0,0,0,0
43,base,11,5,5,0,0,0,0,0,0,0,0,0,0,0
43,base,12,3,3,0,0,0,0,0,0,0,0,0,0,0
43,base,13,6,6,0,0,0,0,0,0,0,0,0,0,0
43,base,14,2,2,0,0,0,0,0,0,0,0,0,0,0
43,base,15,2,2,0,0,0,0,0,0,0,0,0,0,0
43,base,16,4,4,0,0,0,0,0,0,0,0,0,0,0
43,A,1,3,1,2,0,2,0,0,0,0,0,0,0,0
43,A,2,6,3,3,0,3,3,0,3,0,0,0,0,0
43,A,3,6,5,1,0,1,0,0,0,0,0,0,0,0
43,A,4,8,6,2,0,2,2,0,2,0,1,0,0,0
43,A,5,10,9,1,0,1,1,0,1,0,0,0,0,0
43,A,6,5,5,0,0,0,0,0,0,0,0,0,0,0
43,A,7,3,3,0,0,0,0,0,0,0,0,0,0,0
43,A,8,8,8,0,0,0,0,0,0,0,0,0,0,0
43,A,9,1,1,0,0,0,0,0,0,0,0,0,0,0
43,A,10,8,8,0,0,0,0,0,0,0,0,0,0,0
43,A,11,5,5,0,0,0,0,0,0,0,0,0,0,0
43,A,12,3,3,0,0,0,0,0,0,0,0,0,0,0
43,A,13,6,6,0,0,0,0,0,0,0,0,0,0,0
43,A,14,2,2,0,0,0,0,0,0,0,0,0,0,0
43,A,15,2,2,0,0,0,0,0,0,0,0,0,0,0
43,A,16,4,4,0,0,0,0,0,0,0,0,0,0,0
43,B,1,3,1,2,0,2,0,0,0,0,0,0,0,0
43,B,2,6,2,4,1,3,3,0,3,0,0,0,0,0
43,B,3,6,5,1,0,1,0,0,0,0,0,0,0,0
43,B,4,8,4,4,0,4,3,0,2,0,1,0,0,0
43,B,5,10,7,3,0,3,3,0,3,0,0,0,0,0
43,B,6,5,5,0,0,0,0,0,0,0,0,0,0,0
43,B,7,3,3,0,0,0,0,0,0,0,0,0,0,0
43,B,8,8,8,0,0,0,0,0,0,0,0,0,0,0
43,B,9,1,1,0,0,0,0,0,0,0,0,0,0,0
43,B,10,8,8,0,0,0,0,0,0,0,0,0,0,0
43,B,11,5,5,0,0,0,0,0,0,0,0,0,0,0
43,B,12,3,3,0,0,0,0,0,0,0,0,0,0,0
43,B,13,6,6,0,0,0,0,0,0,0,0,0,0,0
43,B,14,2,2,0,0,0,0,0,0,0,0,0,0,0
43,B,15,2,2,0,0,0,0,0,0,0,0,0,0,0
43,B,16,4,4,0,0,0,0,0,0,0,0,0,0,0
44,base,1,8,4,4,0,4,1,0,1,0,0,0,0,0
44,base,2,4,3,1,0,1,1,0,1,0,1,0,0,0
44,base,3,6,4,2,0,2,2,0,2,0,0,0,0,0
44,base,4,3,3,0,0,0,0,0,0,0,0,0,0,0
44,base,5,7,7,0,0,0,0,0,0,0,0,0,0,0
44,base,6,2,2,0,0,0,0,0,0,0,0,0,0,0
44,base,7,6,6,0,0,0,0,0,0,0,0,0,0,0
44,base,8,8,8,0,0,0,0,0,0,0,0,0,0,0
44,base,9,8,8,0,0,0,0,0,0,0,0,0,0,0
44,base,10,9,9,0,0,0,0,0,0,0,0,0,0,0
44,base,11,0,0,0,0,0,0,0,0,0,0,0,0,0
44,base,12,8,8,0,0,0,0,0,0,0,0,0,0,0
44,base,13,5,5,0,0,0,0,0,0,0,0,0,0,0
44,base,14,2,2,0,0,0,0,0,0,0,0,0,0,0
44,base,15,6,6,0,0,0,0,0,0,0,0,0,0,0
44,base,16,2,2,0,0,0,0,0,0,0,0,0,0,0
44,A,1,8,3,5,0,5,2,0,1,0,0,0,0,0
44,A,2,4,3,1,0,1,1,0,1,0,0,0,0,0
44,A,3,6,3,3,1,2,2,0,2,0,0,0,0,0
44,A,4,3,3,0,0,0,0,0,0,0,0,0,0,0
44,A,5,7,5,2,0,2,2,0,2,0,2,0,0,0
44,A,6,2,2,0,0,0,0,0,0,0,0,0,0,0
44,A,7,6,6,0,0,0,0,0,0,0,0,0,0,0
44,A,8,8,8,0,0,0,0,0,0,0,0,0,0,0
44,A,9,8,8,0,0,0,0,0,0,0,0,0,0,0
44,A,10,9,9,0,0,0,0,0,0,0,0,0,0,0
44,A,11,0,0,0,0,0,0,0,0,0,0,0,0,0
44,A,12,8,8,0,0,0,0,0,0,0,0,0,0,0
44,A,13,5,5,0,0,0,0,0,0,0,0,0,0,0
44,A,14,2,2,0,0,0,0,0,0,0,0,0,0,0
44,A,15,6,6,0,0,0,0,0,0,0,0,0,0,0
44,A,16,2,2,0,0,0,0,0,0,0,0,0,0,0
44,B,1,8,2,6,0,6,2,0,1,0,0,0,0,0
44,B,2,4,3,1,0,1,1,0,1,0,0,0,0,0
44,B,3,6,2,4,0,4,3,0,3,0,0,0,0,0
44,B,4,3,2,1,0,1,1,0,0,0,0,0,0,0
44,B,5,7,2,5,0,5,5,0,4,0,2,0,0,0
44,B,6,2,2,0,0,0,0,0,0,0,0,0,0,0
44,B,7,6,6,0,0,0,0,0,0,0,0,0,0,0
44,B,8,8,8,0,0,0,0,0,0,0,0,0,0,0
44,B,9,8,8,0,0,0,0,0,0,0,0,0,0,0
44,B,10,9,9,0,0,0,0,0,0,0,0,0,0,0
44,B,11,0,0,0,0,0,0,0,0,0,0,0,0,0
44,B,12,8,8,0,0,0,0,0,0,0,0,0,0,0
44,B,13,5,5,0,0,0,0,0,0,0,0,0,0,0
44,B,14,2,2,0,0,0,0,0,0,0,0,0,0,0
44,B,15,6,6,0,0,0,0,0,0,0,0,0,0,0
44,B,16,2,2,0,0,0,0,0,0,0,0,0,0,0
45,base,1,5,4,1,0,1,0,0,0,0,0,0,0,0
45,base,2,7,6,1,0,1,1,0,1,0,0,0,0,0
45,base,3,4,4,0,0,0,0,0,0,0,0,0,0,0
45,base,4,8,7,1,0,1,1,0,1,0,1,0,0,0
45,base,5,9,9,0,0,0,0,0,0,0,0,0,0,0
45,base,6,3,3,0,0,0,0,0,0,0,0,0,0,0
45,base,7,6,6,0,0,0,0,0,0,0,0,0,0,0
45,base,8,3,3,0,0,0,0,0,0,0,0,0,0,0
45,base,9,6,6,0,0,0,0,0,0,0,0,0,0,0
45,base,10,7,7,0,0,0,0,0,0,0,0,0,0,0
45,base,11,9,9,0,0,0,0,0,0,0,0,0,0,0
45,base,12,5,5,0,0,0,0,0,0,0,0,0,0,0
45,base,13,9,9,0,0,0,0,0,0,0,0,0,0,0
45,base,14,5,5,0,0,0,0,0,0,0,0,0,0,0
45,base,15,4,4,0,0,0,0,0,0,0,0,0,0,0
45,base,16,3,3,0,0,0,0,0,0,0,0,0,0,0
45,A,1,5,3,2,0,2,1,0,0,0,0,0,0,0
45,A,2,7,6,1,0,1,1,0,1,0,0,0,0,0
45,A,3,4,3,1,0,1,1,0,1,0,0,0,0,0
45,A,4,8,7,1,0,1,1,0,1,0,1,0,0,0
45,A,5,9,7,2,0,2,2,0,2,0,2,0,0,0
45,A,6,3,3,0,0,0,0,0,0,0,0,0,0,0
45,A,7,6,6,0,0,0,0,0,0,0,0,0,0,0
45,A,8,3,3,0,0,0,0,0,0,0,0,0,0,0
45,A,9,6,6,0,0,0,0,0,0,0,0,0,0,0
45,A,10,7,7,0,0,0,0,0,0,0,0,0,0,0
45,A,11,9,9,0,0,0,0,0,0,0,0,0,0,0
45,A,12,5,5,0,0,0,0,0,0,0,0,0,0,0
45,A,13,9,9,0,0,0,0,0,0,0,0,0,0,0
45,A,14,5,5,0,0,0,0,0,0,0,0,0,0,0
45,A,15,4,4,0,0,0,0,0,0,0,0,0,0,0
45,A,16,3,3,0,0,0,0,0,0,0,0,0,0,0
45,B,1,5,2,3,0,3,2,0,0,0,0,0,0,0
45,B,2,7,6,1,0,1,1,0,1,0,0,0,0,0
45,B,3,4,2,2,0,2,2,0,1,0,0,0,0,0
45,B,4,8,6,2,0,2,2,0,2,0,2,0,0,0
45,B,5,9,6,3,0,3,3,0,3,0,3,0,0,0
45,B,6,3,3,0,0,0,0,0,0,0,0,0,0,0
45,B,7,6,4,2,0,2,2,0,1,0,1,0,0,0
45,B,8,3,3,0,0,0,0,0,0,0,0,0,0,0
45,B,9,6,6,0,0,0,0,0,0,0,0,0,0,0
45,B,10,7,7,0,0,0,0,0,0,0,0,0,0,0
45,B,11,9,9,0,0,0,0,0,0,0,0,0,0,0
45,B,12,5,5,0,0,0,0,0,0,0,0,0,0,0
45,B,13,9,9,0,0,0,0,0,0,0,0,0,0,0
45,B,14,5,5,0,0,0,0,0,0,0,0,0,0,0
45,B,15,4,4,0,0,0,0,0,0,0,0,0,0,0
45,B,16,3,3,0,0,0,0,0,0,0,0,0,0,0
46,base,1,6,3,3,0,3,1,0,1,0,0,0,0,0
46,base,2,4,4,0,0,0,0,0,0,0,0,0,0,0
46,base,3,3,3,0,0,0,0,0,0,0,0,0,0,0
46,base,4,5,5,0,0,0,0,0,0,0,0,0,0,0
46,base,5,2,2,0,0,0,0,0,0,0,0,0,0,0
46,base,6,7,7,0,0,0,0,0,0,0,0,0,0,0
46,base,7,4,4,0,0,0,0,0,0,0,0,0,0,0
46,base,8,5,5,0,0,0,0,0,0,0,0,0,0,0
46,base,9,4,4,0,0,0,0,0,0,0,0,0,0,0
46,base,10,10,10,0,0,0,0,0,0,0,0,0,0,0
46,base,11,9,9,0,0,0,0,0,0,0,0,0,0,0
46,base,12,5,5,0,0,0,0,0,0,0,0,0,0,0
46,base,13,2,2,0,0,0,0,0,0,0,0,0,0,0
46,base,14,6,6,0,0,0,0,0,0,0,0,0,0,0
46,base,15,4,4,0,0,0,0,0,0,0,0,0,0,0
46,base,16,13,13,0,0,0,0,0,0,0,0,0,0,0
46,A,1,6,3,3,0,3,1,0,1,0,0,0,0,0
46,A,2,4,4,0,0,0,0,0,0,0,0,0,0,0
46,A,3,3,2,1,0,1,1,0,1,0,1,0,0,0
46,A,4,5,5,0,0,0,0,0,0,0,0,0,0,0
46,A,5,2,2,0,0,0,0,0,0,0,0,0,0,0
46,A,6,7,6,1,0,1,1,0,1,0,1,0,0,0
46,A,7,4,4,0,0,0,0,0,0,0,0,0,0,0
46,A,8,5,5,0,0,0,0,0,0,0,0,0,0,0
46,A,9,4,4,0,0,0,0,0,0,0,0,0,0,0
46,A,10,10,10,0,0,0,0,0,0,0,0,0,0,0
46,A,11,9,9,0,0,0,0,0,0,0,0,0,0,0
46,A,12,5,5,0,0,0,0,0,0,0,0,0,0,0
46,A,13,2,2,0,0,0,0,0,0,0,0,0,0,0
46,A,14,6,6,0,0,0,0,0,0,0,0,0,0,0
46,A,15,4,4,0,0,0,0,0,0,0,0,0,0,0
46,A,16,13,13,0,0,0,0,0,0,0,0,0,0,0
46,B,1,6,0,6,0,6,2,0,1,0,0,0,0,0
46,B,2,4,4,0,0,0,0,0,0,0,0,0,0,0
46,B,3,3,1,2,0,2,2,0,2,0,1,0,0,0
46,B,4,5,4,1,0,1,1,0,0,0,0,0,0,0
46,B,5,2,2,0,0,0,0,0,0,0,0,0,0,0
46,B,6,7,5,2,0,2,2,0,2,0,2,0,0,0
46,B,7,4,4,0,0,0,0,0,0,0,0,0,0,0
46,B,8,5,5,0,0,0,0,0,0,0,0,0,0,0
46,B,9,4,4,0,0,0,0,0,0,0,0,0,0,0
46,B,10,10,10,0,0,0,0,0,0,0,0,0,0,0
46,B,11,9,9,0,0,0,0,0,0,0,0,0,0,0
46,B,12,5,5,0,0,0,0,0,0,0,0,0,0,0
46,B,13,2,2,0,0,0,0,0,0,0,0,0,0,0
46,B,14,6,6,0,0,0,0,0,0,0,0,0,0,0
46,B,15,4,4,0,0,0,0,0,0,0,0,0,0,0
46,B,16,13,13,0,0,0,0,0,0,0,0,0,0,0
47,base,1,4,2,2,0,2,1,0,0,0,0,0,0,0
47,base,2,8,7,1,0,1,0,0,0,0,0,0,0,0
47,base,3,3,3,0,0,0,0,0,0,0,0,0,0,0
47,base,4,4,4,0,0,0,0,0,0,0,0,0,0,0
47,base,5,7,7,0,0,0,0,0,0,0,0,0,0,0
47,base,6,8,8,0,0,0,0,0,0,0,0,0,0,0
47,base,7,9,9,0,0,0,0,0,0,0,0,0,0,0
47,base,8,7,7,0,0,0,0,0,0,0,0,0,0,0
47,base,9,11,11,0,0,0,0,0,0,0,0,0,0,0
47,base,10,11,11,0,0,0,0,0,0,0,0,0,0,0
47,base,11,2,2,0,0,0,0,0,0,0,0,0,0,0
47,base,12,14,14,0,0,0,0,0,0,0,0,0,0,0
47,base,13,8,8,0,0,0,0,0,0,0,0,0,0,0
47,base,14,3,3,0,0,0,0,0,0,0,0,0,0,0
47,base,15,4,4,0,0,0,0,0,0,0,0,0,0,0
47,base,16,6,6,0,0,0,0,0,0,0,0,0,0,0
47,A,1,4,1,3,0,3,1,0,0,0,0,0,0,0
47,A,2,8,7,1,0,1,0,0,0,0,0,0,0,0
47,A,3,3,2,1,0,1,1,0,1,0,0,0,0,0
47,A,4,4,3,1,0,1,1,0,1,0,1,0,0,0
47,A,5,7,6,1,0,1,1,0,1,0,1,0,0,0
47,A,6,8,7,1,0,1,1,0,1,0,0,0,0,0
47,A,7,9,9,0,0,0,0,0,0,0,0,0,0,0
47,A,8,7,7,0,0,0,0,0,0,0,0,0,0,0
47,A,9,11,11,0,0,0,0,0,0,0,0,0,0,0
47,A,10,11,11,0,0,0,0,0,0,0,0,0,0,0
47,A,11,2,2,0,0,0,0,0,0,0,0,0,0,0
47,A,12,14,14,0,0,0,0,0,0,0,0,0,0,0
47,A,13,8,8,0,0,0,0,0,0,0,0,0,0,0
47,A,14,3,3,0,0,0,0,0,0,0,0,0,0,0
47,A,15,4,4,0,0,0,0,0,0,0,0,0,0,0
47,A,16,6,6,0,0,0,0,0,0,0,0,0,0,0
47,B,1,4,1,3,0,3,1,0,0,0,0,0,0,0
47,B,2,8,2,6,0,6,2,0,1,0,0,0,0,0
47,B,3,3,0,3,0,3,3,0,2,0,0,0,0,0
47,B,4,4,3,1,0,1,1,0,1,0,1,0,0,0
47,B,5,7,5,2,0,2,2,0,1,0,1,0,0,0
47,B,6,8,7,1,0,1,1,0,1,0,0,0,0,0
47,B,7,9,9,0,0,0,0,0,0,0,0,0,0,0
47,B,8,7,7,0,0,0,0,0,0,0,0,0,0,0
47,B,9,11,11,0,0,0,0,0,0,0,0,0,0,0
47,B,10,11,11,0,0,0,0,0,0,0,0,0,0,0
47,B,11,2,2,0,0,0,0,0,0,0,0,0,0,0
47,B,12,14,14,0,0,0,0,0,0,0,0,0,0,0
47,B,13,8,8,0,0,0,0,0,0,0,0,0,0,0
47,B,14,3,3,0,0,0,0,0,0,0,0,0,0,0
47,B,15,4,4,0,0,0,0,0,0,0,0,0,0,0
47,B,16,6,6,0,0,0,0,0,0,0,0,0,0,0
48,base,1,5,2,3,0,3,3,0,0,0,0,0,0,0
48,base,2,5,4,1,0,1,0,0,0,0,0,0,0,0
48,base,3,1,1,0,0,0,0,0,0,0,0,0,0,0
48,base,4,11,11,0,0,0,0,0,0,0,0,0,0,0
48,base,5,7,6,1,0,1,1,0,1,0,1,0,0,0
48,base,6,4,4,0,0,0,0,0,0,0,0,0,0,0
48,base,7,4,4,0,0,0,0,0,0,0,0,0,0,0
48,base,8,10,10,0,0,0,0,0,0,0,0,0,0,0
48,base,9,5,5,0,0,0,0,0,0,0,0,0,0,0
48,base,10,2,2,0,0,0,0,0,0,0,0,0,0,0
48,base,11,6,6,0,0,0,0,0,0,0,0,0,0,0
48,base,12,7,7,0,0,0,0,0,0,0,0,0,0,0
48,base,13,7,7,0,0,0,0,0,0,0,0,0,0,0
48,base,14,5,5,0,0,0,0,0,0,0,0,0,0,0
48,base,15,7,7,0,0,0,0,0,0,0,0,0,0,0
48,base,16,4,4,0,0,0,0,0,0,0,0,0,0,0
48,A,1,5,2,3,0,3,1,0,0,0,0,0,0,0
48,A,2,5,3,2,0,2,0,0,0,0,0,0,0,0
48,A,3,1,1,0,0,0,0,0,0,0,0,0,0,0
48,A,4,11,10,1,0,1,1,0,1,0,1,0,0,0
48,A,5,7,6,1,0,1,1,0,1,0,1,0,0,0
48,A,6,4,4,0,0,0,0,0,0,0,0,0,0,0
48,A,7,4,4,0,0,0,0,0,0,0,0,0,0,0
48,A,8,10,10,0,0,0,0,0,0,0,0,0,0,0
48,A,9,5,5,0,0,0,0,0,0,0,0,0,0,0
48,A,10,2,2,0,0,0,0,0,0,0,0,0,0,0
48,A,11,6,6,0,0,0,0,0,0,0,0,0,0,0
48,A,12,7,7,0,0,0,0,0,0,0,0,0,0,0
48,A,13,7,7,0,0,0,0,0,0,0,0,0,0,0
48,A,14,5,5,0,0,0,0,0,0,0,0,0,0,0
48,A,15,7,7,0,0,0,0,0,0,0,0,0,0,0
48,A,16,4,4,0,0,0,0,0,0,0,0,0,0,0
48,B,1,5,0,5,0,5,1,0,0,0,0,0,0,0
48,B,2,5,3,2,0,2,0,0,0,0,0,0,0,0
48,B,3,1,0,1,0,1,1,0,1,0,1,0,0,0
48,B,4,11,7,4,0,4,4,0,2,0,2,0,0,0
48,B,5,7,5,2,0,2,2,0,1,0,1,0,0,0
48,B,6,4,4,0,0,0,0,0,0,0,0,0,0,0
48,B,7,4,3,1,0,1,1,0,1,0,1,0,0,0
48,B,8,10,10,0,0,0,0,0,0,0,0,0,0,0
48,B,9,5,5,0,0,0,0,0,0,0,0,0,0,0
48,B,10,2,2,0,0,0,0,0,0,0,0,0,0,0
48,B,11,6,6,0,0,0,0,0,0,0,0,0,0,0
48,B,12,7,7,0,0,0,0,0,0,0,0,0,0,0
48,B,13,7,7,0,0,0,0,0,0,0,0,0,0,0
48,B,14,5,5,0,0,0,0,0,0,0,0,0,0,0
48,B,15,7,7,0,0,0,0,0,0,0,0,0,0,0
48,B,16,4,4,0,0,0,0,0,0,0,0,0,0,0
49,base,1,7,4,3,0,3,2,0,3,1,0,0,0,0
49,base,2,7,5,2,0,2,1,0,1,0,0,0,0,0
49,base,3,4,3,1,0,1,1,0,1,0,0,0,0,0
49,base,4,8,8,0,0,0,0,0,0,0,0,0,0,0
49,base,5,5,5,0,0,0,0,0,0,0,0,0,0,0
49,base,6,4,4,0,0,0,0,0,0,0,0,0,0,0
49,base,7,8,8,0,0,0,0,0,0,0,0,0,0,0
49,base,8,4,4,0,0,0,0,0,0,0,0,0,0,0
49,base,9,3,3,0,0,0,0,0,0,0,0,0,0,0
49,base,10,9,9,0,0,0,0,0,0,0,0,0,0,0
49,base,11,9,9,0,0,0,0,0,0,0,0,0,0,0
49,base,12,10,10,0,0,0,0,0,0,0,0,0,0,0
49,base,13,3,3,0,0,0,0,0,0,0,0,0,0,0
49,base,14,5,5,0,0,0,0,0,0,0,0,0,0,0
49,base,15,5,5,0,0,0,0,0,0,0,0,0,0,0
49,base,16,4,4,0,0,0,0,0,0,0,0,0,0,0
49,A,1,7,3,4,0,4,2,0,3,1,0,0,0,0
49,A,2,7,5,2,0,2,1,0,1,0,0,0,0,0
49,A,3,4,3,1,0,1,1,0,1,0,0,0,0,0
49,A,4,8,8,0,0,0,0,0,0,0,0,0,0,0
49,A,5,5,5,0,0,0,0,0,0,0,0,0,0,0
49,A,6,4,4,0,0,0,0,0,0,0,0,0,0,0
49,A,7,8,8,0,0,0,0,0,0,0,0,0,0,0
49,A,8,4,4,0,0,0,0,0,0,0,0,0,0,0
49,A,9,3,3,0,0,0,0,0,0,0,0,0,0,0
49,A,10,9,9,0,0,0,0,0,0,0,0,0,0,0
49,A,11,9,9,0,0,0,0,0,0,0,0,0,0,0
49,A,12,10,10,0,0,0,0,0,0,0,0,0,0,0
49,A,13,3,3,0,0,0,0,0,0,0,0,0,0,0
49,A,14,5,5,0,0,0,0,0,0,0,0,0,0,0
49,A,15,5,5,0,0,0,0,0,0,0,0,0,0,0
49,A,16,4,4,0,0,0,0,0,0,0,0,0,0,0
49,B,1,7,2,5,0,5,3,0,3,1,0,0,0,0
49,B,2,7,4,3,0,3,1,0,1,0,0,0,0,0
49,B,3,4,3,1,0,1,1,0,1,0,0,0,0,0
49,B,4,8,5,3,0,3,3,0,2,0,0,0,0,0
49,B,5,5,5,0,0,0,0,0,0,0,0,0,0,0
49,B,6,4,4,0,0,0,0,0,0,0,0,0,0,0
49,B,7,8,8,0,0,0,0,0,0,0,0,0,0,0
49,B,8,4,4,0,0,0,0,0,0,0,0,0,0,0
49,B,9,3,3,0,0,0,0,0,0,0,0,0,0,0
49,B,10,9,9,0,0,0,0,0,0,0,0,0,0,0
49,B,11,9,9,0,0,0,0,0,0,0,0,0,0,0
49,B,12,10,10,0,0,0,0,0,0,0,0,0,0,0
49,B,13,3,3,0,0,0,0,0,0,0,0,0,0,0
49,B,14,5,5,0,0,0,0,0,0,0,0,0,0,0
49,B,15,5,5,0,0,0,0,0,0,0,0,0,0,0
49,B,16,4,4,0,0,0,0,0,0,0,0,0,0,0
50,base,1,6,3,3,0,3,2,0,2,0,1,0,0,0
50,base,2,4,2,2,0,2,2,0,1,0,1,0,0,0
50,base,3,8,6,2,0,2,2,0,2,0,2,0,0,0
50,base,4,6,6,0,0,0,0,0,0,0,0,0,0,0
50,base,5,5,5,0,0,0,0,0,0,0,0,0,0,0
50,base,6,5,5,0,0,0,0,0,0,0,0,0,0,0
50,base,7,6,6,0,0,0,0,0,0,0,0,0,0,0
50,base,8,7,7,0,0,0,0,0,0,0,0,0,0,0
50,base,9,4,4,0,0,0,0,0,0,0,0,0,0,0
50,base,10,4,4,0,0,0,0,0,0,0,0,0,0,0
50,base,11,6,6,0,0,0,0,0,0,0,0,0,0,0
50,base,12,3,3,0,0,0,0,0,0,0,0,0,0,0
50,base,13,3,3,0,0,0,0,0,0,0,0,0,0,0
50,base,14,4,4,0,0,0,0,0,0,0,0,0,0,0
50,base,15,7,7,0,0,0,0,0,0,0,0,0,0,0
50,base,16,2,2,0,0,0,0,0,0,0,0,0,0,0
50,A,1,6,3,3,0,3,2,0,2,0,1,0,0,0
50,A,2,4,1,3,0,3,2,0,1,0,1,0,0,0
50,A,3,8,4,4,0,4,4,0,4,0,4,0,0,0
50,A,4,6,6,0,0,0,0,0,0,0,0,0,0,0
50,A,5,5,5,0,0,0,0,0,0,0,0,0,0,0
50,A,6,5,5,0,0,0,0,0,0,0,0,0,0,0
50,A,7,6,6,0,0,0,0,0,0,0,0,0,0,0
50,A,8,7,7,0,0,0,0,0,0,0,0,0,0,0
50,A,9,4,4,0,0,0,0,0,0,0,0,0,0,0
50,A,10,4,3,1,0,1,1,0,1,0,1,0,0,0
50,A,11,6,6,0,0,0,0,0,0,0,0,0,0,0
50,A,12,3,3,0,0,0,0,0,0,0,0,0,0,0
50,A,13,3,3,0,0,0,0,0,0,0,0,0,0,0
50,A,14,4,4,0,0,0,0,0,0,0,0,0,0,0
50,A,15,7,7,0,0,0,0,0,0,0,0,0,0,0
50,A,16,2,2,0,0,0,0,0,0,0,0,0,0,0
50,B,1,6,0,6,0,6,3,0,2,0,1,0,0,0
50,B,2,4,1,3,0,3,2,0,1,0,1,0,0,0
50,B,3,8,3,5,0,5,5,0,5,0,4,0,0,0
50,B,4,6,4,2,0,2,1,0,0,0,0,0,0,0
50,B,5,5,4,1,0,1,1,0,0,0,0,0,0,0
50,B,6,5,5,0,0,0,0,0,0,0,0,0,0,0
50,B,7,6,6,0,0,0,0,0,0,0,0,0,0,0
50,B,8,7,6,1,0,1,1,0,1,0,1,0,0,0
50,B,9,4,4,0,0,0,0,0,0,0,0,0,0,0
50,B,10,4,3,1,0,1,1,0,1,0,1,0,0,0
50,B,11,6,6,0,0,0,0,0,0,0,0,0,0,0
50,B,12,3,3,0,0,0,0,0,0,0,0,0,0,0
50,B,13,3,3,0,0,0,0,0,0,0,0,0,0,0
50,B,14,4,4,0,0,0,0,0,0,0,0,0,0,0
50,B,15,7,7,0,0,0,0,0,0,0,0,0,0,0
50,B,16,2,2,0,0,0,0,0,0,0,0,0,0,0
51,base,1,4,2,2,0,2,2,0,0,0,0,0,0,0
51,base,2,6,6,0,0,0,0,0,0,0,0,0,0,0
51,base,3,1,1,0,0,0,0,0,0,0,0,0,0,0
51,base,4,2,2,0,0,0,0,0,0,0,0,0,0,0
51,base,5,5,5,0,0,0,0,0,0,0,0,0,0,0
51,base,6,4,4,0,0,0,0,0,0,0,0,0,0,0
51,base,7,9,9,0,0,0,0,0,0,0,0,0,0,0
51,base,8,3,3,0,0,0,0,0,0,0,0,0,0,0
51,base,9,6,6,0,0,0,0,0,0,0,0,0,0,0
51,base,10,8,8,0,0,0,0,0,0,0,0,0,0,0
51,base,11,5,5,0,0,0,0,0,0,0,0,0,0,0
51,base,12,8,8,0,0,0,0,0,0,0,0,0,0,0
51,base,13,2,2,0,0,0,0,0,0,0,0,0,0,0
51,base,14,7,7,0,0,0,0,0,0,0,0,0,0,0
51,base,15,3,3,0,0,0,0,0,0,0,0,0,0,0
51,base,16,7,7,0,0,0,0,0,0,0,0,0,0,0
51,A,1,4,0,4,0,4,2,0,0,0,0,0,0,0
51,A,2,6,3,3,0,3,1,0,0,0,0,0,0,0
51,A,3,1,1,0,0,0,0,0,0,0,0,0,0,0
51,A,4,2,2,0,0,0,0,0,0,0,0,0,0,0
51,A,5,5,5,0,0,0,0,0,0,0,0,0,0,0
51,A,6,4,4,0,0,0,0,0,0,0,0,0,0,0
51,A,7,9,8,1,0,1,1,0,1,0,1,0,0,0
51,A,8,3,3,0,0,0,0,0,0,0,0,0,0,0
51,A,9,6,6,0,0,0,0,0,0,0,0,0,0,0
51,A,10,8,8,0,0,0,0,0,0,0,0,0,0,0
51,A,11,5,5,0,0,0,0,0,0,0,0,0,0,0
51,A,12,8,8,0,0,0,0,0,0,0,0,0,0,0
51,A,13,2,2,0,0,0,0,0,0,0,0,0,0,0
51,A,14,7,7,0,0,0,0,0,0,0,0,0,0,0
51,A,15,3,3,0,0,0,0,0,0,0,0,0,0,0
51,A,16,7,7,0,0,0,0,0,0,0,0,0,0,0
51,B,1,4,0,4,0,4,2,0,0,0,0,0,0,0
51,B,2,6,2,4,1,3,2,0,0,0,0,0,0,0
51,B,3,1,1,0,0,0,0,0,0,0,0,0,0,0
51,B,4,2,2,0,0,0,0,0,0,0,0,0,0,0
51,B,5,5,5,0,0,0,0,0,0,0,0,0,0,0
51,B,6,4,4,0,0,0,0,0,0,0,0,0,0,0
51,B,7,9,8,1,0,1,1,0,1,0,1,0,0,0
51,B,8,3,3,0,0,0,0,0,0,0,0,0,0,0
51,B,9,6,6,0,0,0,0,0,0,0,0,0,0,0
51,B,10,8,8,0,0,0,0,0,0,0,0,0,0,0
51,B,11,5,5,0,0,0,0,0,0,0,0,0,0,0
51,B,12,8,8,0,0,0,0,0,0,0,0,0,0,0
51,B,13,2,2,0,0,0,0,0,0,0,0,0,0,0
51,B,14,7,7,0,0,0,0,0,0,0,0,0,0,0
51,B,15,3,3,0,0,0,0,0,0,0,0,0,0,0
51,B,16,7,7,0,0,0,0,0,0,0,0,0,0,0
52,base,1,5,4,1,0,1,0,0,0,0,0,0,0,0
52,base,2,6,6,0,0,0,0,0,0,0,0,0,0,0
52,base,3,5,5,0,0,0,0,0,0,0,0,0,0,0
52,base,4,5,5,0,0,0,0,0,0,0,0,0,0,0
52,base,5,4,4,0,0,0,0,0,0,0,0,0,0,0
52,base,6,7,7,0,0,0,0,0,0,0,0,0,0,0
52,base,7,3,3,0,0,0,0,0,0,0,0,0,0,0
52,base,8,8,8,0,0,0,0,0,0,0,0,0,0,0
52,base,9,5,5,0,0,0,0,0,0,0,0,0,0,0
52,base,10,9,9,0,0,0,0,0,0,0,0,0,0,0
52,base,11,6,6,0,0,0,0,0,0,0,0,0,0,0
52,base,12,7,7,0,0,0,0,0,0,0,0,0,0,0
52,base,13,10,10,0,0,0,0,0,0,0,0,0,0,0
52,base,14,2,2,0,0,0,0,0,0,0,0,0,0,0
52,base,15,6,6,0,0,0,0,0,0,0,0,0,0,0
52,base,16,9,9,0,0,0,0,0,0,0,0,0,0,0
52,A,1,5,3,2,0,2,0,0,0,0,0,0,0,0
52,A,2,6,5,1,0,1,1,0,0,0,0,0,0,0
52,A,3,5,3,2,0,2,1,0,1,0,1,0,0,0
52,A,4,5,5,0,0,0,0,0,0,0,0,0,0,0
52,A,5,4,4,0,0,0,0,0,0,0,0,0,0,0
52,A,6,7,7,0,0,0,0,0,0,0,0,0,0,0
52,A,7,3,3,0,0,0,0,0,0,0,0,0,0,0
52,A,8,8,8,0,0,0,0,0,0,0,0,0,0,0
52,A,9,5,5,0,0,0,0,0,0,0,0,0,0,0
52,A,10,9,9,0,0,0,0,0,0,0,0,0,0,0
52,A,11,6,6,0,0,0,0,0,0,0,0,0,0,0
52,A,12,7,7,0,0,0,0,0,0,0,0,0,0,0
52,A,13,10,10,0,0,0,0,0,0,0,0,0,0,0
52,A,14,2,2,0,0,0,0,0,0,0,0,0,0,0
52,A,15,6,6,0,0,0,0,0,0,0,0,0,0,0
52,A,16,9,9,0,0,0,0,0,0,0,0,0,0,0
52,B,1,5,2,3,0,3,0,0,1,1,0,0,0,0
52,B,2,6,3,3,0,3,1,0,1,1,0,0,0,0
52,B,3,5,2,3,0,3,2,0,1,0,0,0,0,0
52,B,4,5,3,2,0,2,2,0,1,0,0,0,0,0
52,B,5,4,4,0,0,0,0,0,0,0,0,0,0,0
52,B,6,7,6,1,0,1,1,0,1,0,1,0,0,0
52,B,7,3,3,0,0,0,0,0,0,0,0,0,0,0
52,B,8,8,8,0,0,0,0,0,0,0,0,0,0,0
52,B,9,5,5,0,0,0,0,0,0,0,0,0,0,0
52,B,10,9,9,0,0,0,0,0,0,0,0,0,0,0
52,B,11,6,6,0,0,0,0,0,0,0,0,0,0,0
52,B,12,7,7,0,0,0,0,0,0,0,0,0,0,0
52,B,13,10,10,0,0,0,0,0,0,0,0,0,0,0
52,B,14,2,2,0,0,0,0,0,0,0,0,0,0,0
52,B,15,6,6,0,0,0,0,0,0,0,0,0,0,0
52,B,16,9,9,0,0,0,0,0,0,0,0,0,0,0
53,base,1,3,1,2,0,2,0,0,0,0,0,0,0,0
53,base,2,11,8,3,0,3,1,0,1,0,1,0,0,0
53,base,3,4,3,1,0,1,1,0,1,0,1,0,0,0
53,base,4,3,3,0,0,0,0,0,0,0,0,0,0,0
53,base,5,5,5,0,0,0,0,0,0,0,0,0,0,0
53,base,6,4,4,0,0,0,0,0,0,0,0,0,0,0
53,base,7,2,2,0,0,0,0,0,0,0,0,0,0,0
53,base,8,4,4,0,0,0,0,0,0,0,0,0,0,0
53,base,9,4,4,0,0,0,0,0,0,0,0,0,0,0
53,base,10,6,6,0,0,0,0,0,0,0,0,0,0,0
53,base,11,1,1,0,0,0,0,0,0,0,0,0,0,0
53,base,12,3,3,0,0,0,0,0,0,0,0,0,0,0
53,base,13,3,3,0,0,0,0,0,0,0,0,0,0,0
53,base,14,7,7,0,0,0,0,0,0,0,0,0,0,0
53,base,15,5,5,0,0,0,0,0,0,0,0,0,0,0
53,base,16,5,5,0,0,0,0,0,0,0,0,0,0,0
53,A,1,3,0,3,0,3,0,0,0,0,0,0,0,0
53,A,2,11,8,3,1,2,1,0,1,0,1,0,0,0
53,A,3,4,3,1,0,1,1,0,1,0,1,0,0,0
53,A,4,3,3,0,0,0,0,0,0,0,0,0,0,0
53,A,5,5,5,0,0,0,0,0,0,0,0,0,0,0
53,A,6,4,4,0,0,0,0,0,0,0,0,0,0,0
53,A,7,2,2,0,0,0,0,0,0,0,0,0,0,0
53,A,8,4,4,0,0,0,0,0,0,0,0,0,0,0
53,A,9,4,4,0,0,0,0,0,0,0,0,0,0,0
53,A,10,6,6,0,0,0,0,0,0,0,0,0,0,0
53,A,11,1,1,0,0,0,0,0,0,0,0,0,0,0
53,A,12,3,3,0,0,0,0,0,0,0,0,0,0,0
53,A,13,3,3,0,0,0,0,0,0,0,0,0,0,0
53,A,14,7,7,0,0,0,0,0,0,0,0,0,0,0
53,A,15,5,5,0,0,0,0,0,0,0,0,0,0,0
53,A,16,5,5,0,0,0,0,0,0,0,0,0,0,0
53,B,1,3,0,3,0,3,0,0,0,0,0,0,0,0
53,B,2,11,8,3,1,2,1,0,1,0,1,0,0,0
53,B,3,4,3,1,0,1,1,0,1,0,1,0,0,0
53,B,4,3,3,0,0,0,0,0,0,0,0,0,0,0
53,B,5,5,4,1,0,1,1,0,1,0,1,0,0,0
53,B,6,4,4,0,0,0,0,0,0,0,0,0,0,0
53,B,7,2,2,0,0,0,0,0,0,0,0,0,0,0
53,B,8,4,4,0,0,0,0,0,0,0,0,0,0,0
53,B,9,4,4,0,0,0,0,0,0,0,0,0,0,0
53,B,10,6,5,1,0,1,1,0,1,0,1,0,0,0
53,B,11,1,1,0,0,0,0,0,0,0,0,0,0,0
53,B,12,3,3,0,0,0,0,0,0,0,0,0,0,0
53,B,13,3,3,0,0,0,0,0,0,0,0,0,0,0
53,B,14,7,7,0,0,0,0,0,0,0,0,0,0,0
53,B,15,5,5,0,0,0,0,0,0,0,0,0,0,0
53,B,16,5,5,0,0,0,0,0,0,0,0,0,0,0
54,base,1,1,0,1,0,1,1,0,0,0,0,0,0,0
54,base,2,3,2,1,0,1,0,0,0,0,0,0,0,0
54,base,3,5,4,1,0,1,1,0,1,0,0,0,0,0
54,base,4,1,1,0,0,0,0,0,0,0,0,0,0,0
54,base,5,5,5,0,0,0,0,0,0,0,0,0,0,0
54,base,6,3,3,0,0,0,0,0,0,0,0,0,0,0
54,base,7,3,3,0,0,0,0,0,0,0,0,0,0,0
54,base,8,5,5,0,0,0,0,0,0,0,0,0,0,0
54,base,9,6,6,0,0,0,0,0,0,0,0,0,0,0
54,base,10,4,4,0,0,0,0,0,0,0,0,0,0,0
54,base,11,5,5,0,0,0,0,0,0,0,0,0,0,0
54,base,12,8,8,0,0,0,0,0,0,0,0,0,0,0
54,base,13,6,6,0,0,0,0,0,0,0,0,0,0,0
54,base,14,5,5,0,0,0,0,0,0,0,0,0,0,0
54,base,15,5,5,0,0,0,0,0,0,0,0,0,0,0
54,base,16,7,7,0,0,0,0,0,0,0,0,0,0,0
54,A,1,1,0,1,0,1,0,0,0,0,0,0,0,0
54,A,2,3,1,2,0,2,1,0,1,0,0,0,0,0
54,A,3,5,4,1,0,1,1,0,1,0,0,0,0,0
54,A,4,1,1,0,0,0,0,0,0,0,0,0,0,0
54,A,5,5,5,0,0,0,0,0,0,0,0,0,0,0
54,A,6,3,3,0,0,0,0,0,0,0,0,0,0,0
54,A,7,3,3,0,0,0,0,0,0,0,0,0,0,0
54,A,8,5,5,0,0,0,0,0,0,0,0,0,0,0
54,A,9,6,6,0,0,0,0,0,0,0,0,0,0,0
54,A,10,4,4,0,0,0,0,0,0,0,0,0,0,0
54,A,11,5,5,0,0,0,0,0,0,0,0,0,0,0
54,A,12,8,8,0,0,0,0,0,0,0,0,0,0,0
54,A,13,6,6,0,0,0,0,0,0,0,0,0,0,0
54,A,14,5,5,0,0,0,0,0,0,0,0,0,0,0
54,A,15,5,5,0,0,0,0,0,0,0,0,0,0,0
54,A,16,7,7,0,0,0,0,0,0,0,0,0,0,0
54,B,1,1,0,1,0,1,0,0,0,0,0,0,0,0
54,B,2,3,1,2,0,2,1,0,1,0,0,0,0,0
54,B,3,5,3,2,0,2,2,0,2,0,0,0,0,0
54,B,4,1,1,0,0,0,0,0,0,0,0,0,0,0
54,B,5,5,4,1,0,1,1,0,1,0,0,0,0,0
54,B,6,3,3,0,0,0,0,0,0,0,0,0,0,0
54,B,7,3,3,0,0,0,0,0,0,0,0,0,0,0
54,B,8,5,4,1,0,1,1,0,1,0,1,0,0,0
54,B,9,6,6,0,0,0,0,0,0,0,0,0,0,0
54,B,10,4,4,0,0,0,0,0,0,0,0,0,0,0
54,B,11,5,5,0,0,0,0,0,0,0,0,0,0,0
54,B,12,8,8,0,0,0,0,0,0,0,0,0,0,0
54,B,13,6,6,0,0,0,0,0,0,0,0,0,0,0
54,B,14,5,5,0,0,0,0,0,0,0,0,0,0,0
54,B,15,5,5,0,0,0,0,0,0,0,0,0,0,0
54,B,16,7,7,0,0,0,0,0,0,0,0,0,0,0
55,base,1,5,2,3,0,3,2,0,1,0,0,0,0,0
55,base,2,7,5,2,0,2,1,0,1,0,0,0,0,0
55,base,3,8,8,0,0,0,0,0,0,0,0,0,0,0
55,base,4,4,4,0,0,0,0,0,0,0,0,0,0,0
55,base,5,5,5,0,0,0,0,0,0,0,0,0,0,0
55,base,6,6,6,0,0,0,0,0,0,0,0,0,0,0
55,base,7,4,4,0,0,0,0,0,0,0,0,0,0,0
55,base,8,3,3,0,0,0,0,0,0,0,0,0,0,0
55,base,9,9,9,0,0,0,0,0,0,0,0,0,0,0
55,base,10,4,4,0,0,0,0,0,0,0,0,0,0,0
55,base,11,4,4,0,0,0,0,0,0,0,0,0,0,0
55,base,12,4,4,0,0,0,0,0,0,0,0,0,0,0
55,base,13,7,7,0,0,0,0,0,0,0,0,0,0,0
55,base,14,4,4,0,0,0,0,0,0,0,0,0,0,0
55,base,15,4,4,0,0,0,0,0,0,0,0,0,0,0
55,base,16,8,8,0,0,0,0,0,0,0,0,0,0,0
55,A,1,5,1,4,0,4,2,0,1,0,0,0,0,0
55,A,2,7,5,2,0,2,1,0,1,0,0,0,0,0
55,A,3,8,6,2,0,2,1,0,1,0,0,0,0,0
55,A,4,4,4,0,0,0,0,0,0,0,0,0,0,0
55,A,5,5,5,0,0,0,0,0,0,0,0,0,0,0
55,A,6,6,6,0,0,0,0,0,0,0,0,0,0,0
55,A,7,4,4,0,0,0,0,0,0,0,0,0,0,0
55,A,8,3,3,0,0,0,0,0,0,0,0,0,0,0
55,A,9,9,9,0,0,0,0,0,0,0,0,0,0,0
55,A,10,4,4,0,0,0,0,0,0,0,0,0,0,0
55,A,11,4,4,0,0,0,0,0,0,0,0,0,0,0
55,A,12,4,4,0,0,0,0,0,0,0,0,0,0,0
55,A,13,7,7,0,0,0,0,0,0,0,0,0,0,0
55,A,14,4,4,0,0,0,0,0,0,0,0,0,0,0
55,A,15,4,4,0,0,0,0,0,0,0,0,0,0,0
55,A,16,8,8,0,0,0,0,0,0,0,0,0,0,0
55,B,1,5,0,5,0,5,3,0,1,0,0,0,0,0
55,B,2,7,5,2,0,2,1,0,1,0,0,0,0,0
55,B,3,8,4,4,0,4,3,0,2,0,1,0,0,0
55,B,4,4,0,4,0,4,4,0,2,0,1,0,0,0
55,B,5,5,4,1,0,1,1,0,1,0,0,0,0,0
55,B,6,6,5,1,0,1,1,0,1,0,0,0,0,0
55,B,7,4,3,1,0,1,1,0,1,0,1,0,0,0
55,B,8,3,2,1,0,1,1,0,1,0,0,0,0,0
55,B,9,9,9,0,0,0,0,0,0,0,0,0,0,0
55,B,10,4,4,0,0,0,0,0,0,0,0,0,0,0
55,B,11,4,4,0,0,0,0,0,0,0,0,0,0,0
55,B,12,4,4,0,0,0,0,0,0,0,0,0,0,0
55,B,13,7,7,0,0,0,0,0,0,0,0,0,0,0
55,B,14,4,4,0,0,0,0,0,0,0,0,0,0,0
55,B,15,4,4,0,0,0,0,0,0,0,0,0,0,0
55,B,16,8,8,0,0,0,0,0,0,0,0,0,0,0
56,base,1,9,6,3,0,3,1,0,1,0,0,0,0,0
56,base,2,6,5,1,0,1,0,0,0,0,0,0,0,0
56,base,3,6,6,0,0,0,0,0,0,0,0,0,0,0
56,base,4,8,8,0,0,0,0,0,0,0,0,0,0,0
56,base,5,3,3,0,0,0,0,0,0,0,0,0,0,0
56,base,6,1,1,0,0,0,0,0,0,0,0,0,0,0
56,base,7,7,7,0,0,0,0,0,0,0,0,0,0,0
56,base,8,9,9,0,0,0,0,0,0,0,0,0,0,0
56,base,9,3,3,0,0,0,0,0,0,0,0,0,0,0
56,base,10,8,8,0,0,0,0,0,0,0,0,0,0,0
56,base,11,3,3,0,0,0,0,0,0,0,0,0,0,0
56,base,12,5,5,0,0,0,0,0,0,0,0,0,0,0
56,base,13,5,5,0,0,0,0,0,0,0,0,0,0,0
56,base,14,5,5,0,0,0,0,0,0,0,0,0,0,0
56,base,15,3,3,0,0,0,0,0,0,0,0,0,0,0
56,base,16,7,7,0,0,0,0,0,0,0,0,0,0,0
56,A,1,9,4,5,0,5,1,0,1,0,0,0,0,0
56,A,2,6,3,3,0,3,1,0,1,0,0,0,0,0
56,A,3,6,5,1,0,1,1,0,1,0,0,0,0,0
56,A,4,8,7,1,0,1,1,0,1,0,0,0,0,0
56,A,5,3,3,0,0,0,0,0,0,0,0,0,0,0
56,A,6,1,1,0,0,0,0,0,0,0,0,0,0,0
56,A,7,7,7,0,0,0,0,0,0,0,0,0,0,0
56,A,8,9,9,0,0,0,0,0,0,0,0,0,0,0
56,A,9,3,3,0,0,0,0,0,0,0,0,0,0,0
56,A,10,8,8,0,0,0,0,0,0,0,0,0,0,0
56,A,11,3,3,0,0,0,0,0,0,0,0,0,0,0
56,A,12,5,5,0,0,0,0,0,0,0,0,0,0,0
56,A,13,5,5,0,0,0,0,0,0,0,0,0,0,0
56,A,14,5,5,0,0,0,0,0,0,0,0,0,0,0
56,A,15,3,3,0,0,0,0,0,0,0,0,0,0,0
56,A,16,7,7,0,0,0,0,0,0,0,0,0,0,0
56,B,1,9,4,5,0,5,1,0,1,0,0,0,0,0
56,B,2,6,2,4,1,3,2,0,2,0,1,0,0,0
56,B,3,6,5,1,0,1,1,0,1,0,0,0,0,0
56,B,4,8,5,3,0,3,3,0,3,0,1,0,0,0
56,B,5,3,3,0,0,0,0,0,0,0,0,0,0,0
56,B,6,1,1,0,0,0,0,0,0,0,0,0,0,0
56,B,7,7,6,1,0,1,1,0,0,0,0,0,0,0
56,B,8,9,9,0,0,0,0,0,0,0,0,0,0,0
56,B,9,3,3,0,0,0,0,0,0,0,0,0,0,0
56,B,10,8,8,0,0,0,0,0,0,0,0,0,0,0
56,B,11,3,3,0,0,0,0,0,0,0,0,0,0,0
56,B,12,5,5,0,0,0,0,0,0,0,0,0,0,0
56,B,13,5,5,0,0,0,0,0,0,0,0,0,0,0
56,B,14,5,5,0,0,0,0,0,0,0,0,0,0,0
56,B,15,3,3,0,0,0,0,0,0,0,0,0,0,0
56,B,16,7,7,0,0,0,0,0,0,0,0,0,0,0
57,base,1,8,3,5,0,5,4,0,2,0,1,0,0,0
57,base,2,6,3,3,0,3,2,0,2,0,1,0,0,0
57,base,3,4,3,1,0,1,1,0,1,0,0,0,0,0
57,base,4,4,4,0,0,0,0,0,0,0,0,0,0,0
57,base,5,3,3,0,0,0,0,0,0,0,0,0,0,0
57,base,6,6,6,0,0,0,0,0,0,0,0,0,0,0
57,base,7,5,5,0,0,0,0,0,0,0,0,0,0,0
57,base,8,8,8,0,0,0,0,0,0,0,0,0,0,0
57,base,9,3,3,0,0,0,0,0,0,0,0,0,0,0
57,base,10,4,4,0,0,0,0,0,0,0,0,0,0,0
57,base,11,6,6,0,0,0,0,0,0,0,0,0,0,0
57,base,12,2,2,0,0,0,0,0,0,0,0,0,0,0
57,base,13,6,6,0,0,0,0,0,0,0,0,0,0,0
57,base,14,0,0,0,0,0,0,0,0,0,0,0,0,0
57,base,15,3,3,0,0,0,0,0,0,0,0,0,0,0
57,base,16,5,5,0,0,0,0,0,0,0,0,0,0,0
57,A,1,8,2,6,0,6,4,0,2,0,1,0,0,0
57,A,2,6,3,3,0,3,2,0,1,0,1,0,0,0
57,A,3,4,3,1,0,1,1,0,1,0,0,0,0,0
57,A,4,4,4,0,0,0,0,0,0,0,0,0,0,0
57,A,5,3,3,0,0,0,0,0,0,0,0,0,0,0
57,A,6,6,5,1,0,1,1,0,1,0,1,0,0,0
57,A,7,5,5,0,0,0,0,0,0,0,0,0,0,0
57,A,8,8,8,0,0,0,0,0,0,0,0,0,0,0
57,A,9,3,3,0,0,0,0,0,0,0,0,0,0,0
57,A,10,4,4,0,0,0,0,0,0,0,0,0,0,0
57,A,11,6,6,0,0,0,0,0,0,0,0,0,0,0
57,A,12,2,2,0,0,0,0,0,0,0,0,0,0,0
57,A,13,6,6,0,0,0,0,0,0,0,0,0,0,0
57,A,14,0,0,0,0,0,0,0,0,0,0,0,0,0
57,A,15,3,3,0,0,0,0,0,0,0,0,0,0,0
57,A,16,5,5,0,0,0,0,0,0,0,0,0,0,0
57,B,1,8,1,7,0,7,4,0,2,0,1,0,0,0
57,B,2,6,1,5,0,5,4,0,2,0,1,0,0,0
57,B,3,4,2,2,0,2,1,0,1,0,0,0,0,0
57,B,4,4,4,0,0,0,0,0,0,0,0,0,0,0
57,B,5,3,3,0,0,0,0,0,0,0,0,0,0,0
57,B,6,6,4,2,0,2,2,0,2,0,1,0,0,0
57,B,7,5,5,0,0,0,0,0,0,0,0,0,0,0
57,B,8,8,7,1,0,1,1,0,1,0,0,0,0,0
57,B,9,3,3,0,0,0,0,0,0,0,0,0,0,0
57,B,10,4,3,1,0,1,1,0,1,0,1,0,0,0
57,B,11,6,6,0,0,0,0,0,0,0,0,0,0,0
57,B,12,2,2,0,0,0,0,0,0,0,0,0,0,0
57,B,13,6,6,0,0,0,0,0,0,0,0,0,0,0
57,B,14,0,0,0,0,0,0,0,0,0,0,0,0,0
57,B,15,3,3,0,0,0,0,0,0,0,0,0,0,0
57,B,16,5,5,0,0,0,0,0,0,0,0,0,0,0
58,base,1,7,4,3,0,3,3,0,2,0,0,0,0,0
58,base,2,4,2,2,0,2,1,0,1,1,0,0,0,0
58,base,3,9,8,1,0,1,1,0,1,0,1,0,0,0
58,base,4,5,5,0,0,0,0,0,0,0,0,0,0,0
58,base,5,8,8,0,0,0,0,0,0,0,0,0,0,0
58,base,6,6,6,0,0,0,0,0,0,0,0,0,0,0
58,base,7,4,4,0,0,0,0,0,0,0,0,0,0,0
58,base,8,5,5,0,0,0,0,0,0,0,0,0,0,0
58,base,9,5,5,0,0,0,0,0,0,0,0,0,0,0
58,base,10,5,5,0,0,0,0,0,0,0,0,0,0,0
58,base,11,4,4,0,0,0,0,0,0,0,0,0,0,0
58,base,12,5,5,0,0,0,0,0,0,0,0,0,0,0
58,base,13,3,3,0,0,0,0,0,0,0,0,0,0,0
58,base,14,7,7,0,0,0,0,0,0,0,0,0,0,0
58,base,15,3,3,0,0,0,0,0,0,0,0,0,0,0
58,base,16,6,6,0,0,0,0,0,0,0,0,0,0,0
58,A,1,7,4,3,0,3,3,0,2,0,0,0,0,0
58,A,2,4,1,3,0,3,2,0,1,0,0,0,0,0
58,A,3,9,8,1,0,1,1,0,1,0,1,0,0,0
58,A,4,5,4,1,0,1,1,0,1,0,0,0,0,0
58,A,5,8,7,1,0,1,1,0,0,0,0,0,0,0
58,A,6,6,6,0,0,0,0,0,0,0,0,0,0,0
58,A,7,4,4,0,0,0,0,0,0,0,0,0,0,0
58,A,8,5,5,0,0,0,0,0,0,0,0,0,0,0
58,A,9,5,5,0,0,0,0,0,0,0,0,0,0,0
58,A,10,5,5,0,0,0,0,0,0,0,0,0,0,0
58,A,11,4,4,0,0,0,0,0,0,0,0,0,0,0
58,A,12,5,5,0,0,0,0,0,0,0,0,0,0,0
58,A,13,3,3,0,0,0,0,0,0,0,0,0,0,0
58,A,14,7,7,0,0,0,0,0,0,0,0,0,0,0
58,A,15,3,3,0,0,0,0,0,0,0,0,0,0,0
58,A,16,6,6,0,0,0,0,0,0,0,0,0,0,0
58,B,1,7,3,4,0,4,2,0,2,0,0,0,0,0
58,B,2,4,1,3,0,3,2,0,1,0,0,0,0,0
58,B,3,9,5,4,0,4,1,0,1,0,1,0,0,0
58,B,4,5,3,2,0,2,2,0,2,0,0,0,0,0
58,B,5,8,7,1,0,1,1,0,0,0,0,0,0,0
58,B,6,6,6,0,0,0,0,0,0,0,0,0,0,0
58,B,7,4,3,1,0,1,1,0,1,0,1,0,0,0
58,B,8,5,5,0,0,0,0,0,0,0,0,0,0,0
58,B,9,5,5,0,0,0,0,0,0,0,0,0,0,0
58,B,10,5,5,0,0,0,0,0,0,0,0,0,0,0
58,B,11,4,4,0,0,0,0,0,0,0,0,0,0,0
58,B,12,5,5,0,0,0,0,0,0,0,0,0,0,0
58,B,13,3,3,0,0,0,0,0,0,0,0,0,0,0
58,B,14,7,7,0,0,0,0,0,0,0,0,0,0,0
58,B,15,3,3,0,0,0,0,0,0,0,0,0,0,0
58,B,16,6,6,0,0,0,0,0,0,0,0,0,0,0
59,base,1,5,4,1,0,1,0,0,0,0,0,0,0,0
59,base,2,5,3,2,0,2,2,0,2,0,0,0,0,0
59,base,3,6,5,1,0,1,1,0,1,0,0,0,0,0
59,base,4,4,4,0,0,0,0,0,0,0,0,0,0,0
59,base,5,0,0,0,0,0,0,0,0,0,0,0,0,0
59,base,6,4,4,0,0,0,0,0,0,0,0,0,0,0
59,base,7,2,2,0,0,0,0,0,0,0,0,0,0,0
59,base,8,5,5,0,0,0,0,0,0,0,0,0,0,0
59,base,9,5,5,0,0,0,0,0,0,0,0,0,0,0
59,base,10,8,8,0,0,0,0,0,0,0,0,0,0,0
59,base,11,3,3,0,0,0,0,0,0,0,0,0,0,0
59,base,12,5,5,0,0,0,0,0,0,0,0,0,0,0
59,base,13,7,7,0,0,0,0,0,0,0,0,0,0,0
59,base,14,6,6,0,0,0,0,0,0,0,0,0,0,0
59,base,15,2,2,0,0,0,0,0,0,0,0,0,0,0
59,base,16,6,6,0,0,0,0,0,0,0,0,0,0,0
59,A,1,5,3,2,0,2,0,0,0,0,0,0,0,0
59,A,2,5,3,2,0,2,2,0,2,0,0,0,0,0
59,A,3,6,5,1,0,1,1,0,1,0,0,0,0,0
59,A,4,4,4,0,0,0,0,0,0,0,0,0,0,0
59,A,5,0,0,0,0,0,0,0,0,0,0,0,0,0
59,A,6,4,4,0,0,0,0,0,0,0,0,0,0,0
59,A,7,2,2,0,0,0,0,0,0,0,0,0,0,0
59,A,8,5,5,0,0,0,0,0,0,0,0,0,0,0
59,A,9,5,5,0,0,0,0,0,0,0,0,0,0,0
59,A,10,8,8,0,0,0,0,0,0,0,0,0,0,0
59,A,11,3,3,0,0,0,0,0,0,0,0,0,0,0
59,A,12,5,5,0,0,0,0,0,0,0,0,0,0,0
59,A,13,7,7,0,0,0,0,0,0,0,0,0,0,0
59,A,14,6,6,0,0,0,0,0,0,0,0,0,0,0
59,A,15,2,2,0,0,0,0,0,0,0,0,0,0,0
59,A,16,6,6,0,0,0,0,0,0,0,0,0,0,0
59,B,1,5,3,2,0,2,0,0,0,0,0,0,0,0
59,B,2,5,2,3,0,3,2,0,2,0,0,0,0,0
59,B,3,6,4,2,0,2,2,0,2,0,1,0,0,0
59,B,4,4,4,0,0,0,0,0,0,0,0,0,0,0
59,B,5,0,0,0,0,0,0,0,0,0,0,0,0,0
59,B,6,4,4,0,0,0,0,0,0,0,0,0,0,0
59,B,7,2,2,0,0,0,0,0,0,0,0,0,0,0
59,B,8,5,5,0,0,0,0,0,0,0,0,0,0,0
59,B,9,5,5,0,0,0,0,0,0,0,0,0,0,0
59,B,10,8,8,0,0,0,0,0,0,0,0,0,0,0
59,B,11,3,3,0,0,0,0,0,0,0,0,0,0,0
59,B,12,5,5,0,0,0,0,0,0,0,0,0,0,0
59,B,13,7,7,0,0,0,0,0,0,0,0,0,0,0
59,B,14,6,6,0,0,0,0,0,0,0,0,0,0,0
59,B,15,2,2,0,0,0,0,0,0,0,0,0,0,0
59,B,16,6,6,0,0,0,0,0,0,0,0,0,0,0
60,base,1,5,3,2,0,2,1,0,1,0,0,0,0,0
60,base,2,7,6,1,0,1,1,0,1,0,0,0,0,0
60,base,3,4,4,0,0,0,0,0,0,0,0,0,0,0
60,base,4,5,5,0,0,0,0,0,0,0,0,0,0,0
60,base,5,6,6,0,0,0,0,0,0,0,0,0,0,0
60,base,6,1,1,0,0,0,0,0,0,0,0,0,0,0
60,base,7,6,6,0,0,0,0,0,0,0,0,0,0,0
60,base,8,6,6,0,0,0,0,0,0,0,0,0,0,0
60,base,9,10,10,0,0,0,0,0,0,0,0,0,0,0
60,base,10,6,6,0,0,0,0,0,0,0,0,0,0,0
60,base,11,7,7,0,0,0,0,0,0,0,0,0,0,0
60,base,12,4,4,0,0,0,0,0,0,0,0,0,0,0
60,base,13,6,6,0,0,0,0,0,0,0,0,0,0,0
60,base,14,7,7,0,0,0,0,0,0,0,0,0,0,0
60,base,15,5,5,0,0,0,0,0,0,0,0,0,0,0
60,base,16,6,6,0,0,0,0,0,0,0,0,0,0,0
60,A,1,5,2,3,0,3,1,0,1,0,0,0,0,0
60,A,2,7,5,2,0,2,1,0,1,0,0,0,0,0
60,A,3,4,4,0,0,0,0,0,0,0,0,0,0,0
60,A,4,5,5,0,0,0,0,0,0,0,0,0,0,0
60,A,5,6,6,0,0,0,0,0,0,0,0,0,0,0
60,A,6,1,1,0,0,0,0,0,0,0,0,0,0,0
60,A,7,6,6,0,0,0,0,0,0,0,0,0,0,0
60,A,8,6,6,0,0,0,0,0,0,0,0,0,0,0
60,A,9,10,10,0,0,0,0,0,0,0,0,0,0,0
60,A,10,6,6,0,0,0,0,0,0,0,0,0,0,0
60,A,11,7,7,0,0,0,0,0,0,0,0,0,0,0
60,A,12,4,4,0,0,0,0,0,0,0,0,0,0,0
60,A,13,6,6,0,0,0,0,0,0,0,0,0,0,0
60,A,14,7,7,0,0,0,0,0,0,0,0,0,0,0
60,A,15,5,5,0,0,0,0,0,0,0,0,0,0,0
60,A,16,6,6,0,0,0,0,0,0,0,0,0,0,0
60,B,1,5,2,3,0,3,1,0,1,0,0,0,0,0
60,B,2,7,3,4,0,4,2,0,2,0,1,0,0,0
60,B,3,4,4,0,0,0,0,0,0,0,0,0,0,0
60,B,4,5,5,0,0,0,0,0,0,0,0,0,0,0
60,B,5,6,3,3,0,3,3,0,1,0,0,0,0,0
60,B,6,1,1,0,0,0,0,0,0,0,0,0,0,0
60,B,7,6,6,0,0,0,0,0,0,0,0,0,0,0
60,B,8,6,6,0,0,0,0,0,0,0,0,0,0,0
60,B,9,10,10,0,0,0,0,0,0,0,0,0,0,0
60,B,10,6,6,0,0,0,0,0,0,0,0,0,0,0
60,B,11,7,7,0,0,0,0,0,0,0,0,0,0,0
60,B,12,4,4,0,0,0,0,0,0,0,0,0,0,0
60,B,13,6,6,0,0,0,0,0,0,0,0,0,0,0
60,B,14,7,7,0,0,0,0,0,0,0,0,0,0,0
60,B,15,5,5,0,0,0,0,0,0,0,0,0,0,0
60,B,16,6,6,0,0,0,0,0,0,0,0,0,0,0
61,base,1,5,2,3,0,3,0,0,1,1,0,0,0,0
61,base,2,6,5,1,0,1,1,0,1,0,0,0,0,0
61,base,3,3,3,0,0,0,0,0,0,0,0,0,0,0
61,base,4,5,5,0,0,0,0,0,0,0,0,0,0,0
61,base,5,11,11,0,0,0,0,0,0,0,0,0,0,0
61,base,6,10,10,0,0,0,0,0,0,0,0,0,0,0
61,base,7,5,5,0,0,0,0,0,0,0,0,0,0,0
61,base,8,10,10,0,0,0,0,0,0,0,0,0,0,0
61,base,9,4,4,0,0,0,0,0,0,0,0,0,0,0
61,base,10,3,3,0,0,0,0,0,0,0,0,0,0,0
61,base,11,4,4,0,0,0,0,0,0,0,0,0,0,0
61,base,12,5,5,0,0,0,0,0,0,0,0,0,0,0
61,base,13,5,5,0,0,0,0,0,0,0,0,0,0,0
61,base,14,4,4,0,0,0,0,0,0,0,0,0,0,0
61,base,15,3,3,0,0,0,0,0,0,0,0,0,0,0
61,base,16,6,6,0,0,0,0,0,0,0,0,0,0,0
61,A,1,5,1,4,0,4,1,0,1,1,0,0,0,0
61,A,2,6,4,2,0,2,2,0,1,0,0,0,0,0
61,A,3,3,2,1,1,0,0,1,0,0,0,0,0,0
61,A,4,5,4,1,0,1,1,0,1,0,0,0,0,0
61,A,5,11,11,0,0,0,0,0,0,0,0,0,0,0
61,A,6,10,9,1,0,1,1,0,1,0,1,0,0,0
61,A,7,5,5,0,0,0,0,0,0,0,0,0,0,0
61,A,8,10,10,0,0,0,0,0,0,0,0,0,0,0
61,A,9,4,4,0,0,0,0,0,0,0,0,0,0,0
61,A,10,3,3,0,0,0,0,0,0,0,0,0,0,0
61,A,11,4,4,0,0,0,0,0,0,0,0,0,0,0
61,A,12,5,5,0,0,0,0,0,0,0,0,0,0,0
61,A,13,5,5,0,0,0,0,0,0,0,0,0,0,0
61,A,14,4,4,0,0,0,0,0,0,0,0,0,0,0
61,A,15,3,3,0,0,0,0,0,0,0,0,0,0,0
61,A,16,6,6,0,0,0,0,0,0,0,0,0,0,0
61,B,1,5,0,5,0,5,2,0,1,1,0,0,0,0
61,B,2,6,4,2,0,2,2,0,1,0,0,0,0,0
61,B,3,3,2,1,0,1,1,0,0,0,0,0,0,0
61,B,4,5,3,2,0,2,2,0,2,0,1,0,0,0
61,B,5,11,10,1,0,1,0,0,0,0,0,0,0,0
61,B,6,10,9,1,0,1,1,0,1,0,0,0,0,0
61,B,7,5,5,0,0,0,0,0,0,0,0,0,0,0
61,B,8,10,10,0,0,0,0,0,0,0,0,0,0,0
61,B,9,4,4,0,0,0,0,0,0,0,0,0,0,0
61,B,10,3,3,0,0,0,0,0,0,0,0,0,0,0
61,B,11,4,4,0,0,0,0,0,0,0,0,0,0,0
61,B,12,5,5,0,0,0,0,0,0,0,0,0,0,0
61,B,13,5,5,0,0,0,0,0,0,0,0,0,0,0
61,B,14,4,4,0,0,0,0,0,0,0,0,0,0,0
61,B,15,3,3,0,0,0,0,0,0,0,0,0,0,0
61,B,16,6,6,0,0,0,0,0,0,0,0,0,0,0
62,base,1,3,1,2,0,2,1,0,1,0,0,0,0,0
62,base,2,6,6,0,0,0,0,0,0,0,0,0,0,0
62,base,3,5,5,0,0,0,0,0,0,0,0,0,0,0
62,base,4,2,2,0,0,0,0,0,0,0,0,0,0,0
62,base,5,10,10,0,0,0,0,0,0,0,0,0,0,0
62,base,6,4,4,0,0,0,0,0,0,0,0,0,0,0
62,base,7,5,5,0,0,0,0,0,0,0,0,0,0,0
62,base,8,5,5,0,0,0,0,0,0,0,0,0,0,0
62,base,9,5,5,0,0,0,0,0,0,0,0,0,0,0
62,base,10,5,5,0,0,0,0,0,0,0,0,0,0,0
62,base,11,9,9,0,0,0,0,0,0,0,0,0,0,0
62,base,12,8,8,0,0,0,0,0,0,0,0,0,0,0
62,base,13,2,2,0,0,0,0,0,0,0,0,0,0,0
62,base,14,7,7,0,0,0,0,0,0,0,0,0,0,0
62,base,15,2,2,0,0,0,0,0,0,0,0,0,0,0
62,base,16,5,5,0,0,0,0,0,0,0,0,0,0,0
62,A,1,3,1,2,0,2,1,0,1,0,0,0,0,0
62,A,2,6,4,2,0,2,1,0,0,0,0,0,0,0
62,A,3,5,5,0,0,0,0,0,0,0,0,0,0,0
62,A,4,2,2,0,0,0,0,0,0,0,0,0,0,0
62,A,5,10,9,1,0,1,1,0,1,0,0,0,0,0
62,A,6,4,4,0,0,0,0,0,0,0,0,0,0,0
62,A,7,5,5,0,0,0,0,0,0,0,0,0,0,0
62,A,8,5,5,0,0,0,0,0,0,0,0,0,0,0
62,A,9,5,5,0,0,0,0,0,0,0,0,0,0,0
62,A,10,5,5,0,0,0,0,0,0,0,0,0,0,0
62,A,11,9,9,0,0,0,0,0,0,0,0,0,0,0
62,A,12,8,8,0,0,0,0,0,0,0,0,0,0,0
62,A,13,2,2,0,0,0,0,0,0,0,0,0,0,0
62,A,14,7,7,0,0,0,0,0,0,0,0,0,0,0
62,A,15,2,2,0,0,0,0,0,0,0,0,0,0,0
62,A,16,5,5,0,0,0,0,0,0,0,0,0,0,0
62,B,1,3,0,3,0,3,1,0,1,0,0,0,0,0
62,B,2,6,1,5,1,4,1,0,0,0,0,0,0,0
62,B,3,5,4,1,0,1,0,0,0,0,0,0,0,0
62,B,4,2,0,2,0,2,2,0,1,0,0,0,0,0
62,B,5,10,8,2,0,2,2,0,1,0,0,0,0,0
62,B,6,4,4,0,0,0,0,0,0,0,0,0,0,0
62,B,7,5,5,0,0,0,0,0,0,0,0,0,0,0
62,B,8,5,5,0,0,0,0,0,0,0,0,0,0,0
62,B,9,5,5,0,0,0,0,0,0,0,0,0,0,0
62,B,10,5,5,0,0,0,0,0,0,0,0,0,0,0
62,B,11,9,9,0,0,0,0,0,0,0,0,0,0,0
62,B,12,8,8,0,0,0,0,0,0,0,0,0,0,0
62,B,13,2,2,0,0,0,0,0,0,0,0,0,0,0
62,B,14,7,7,0,0,0,0,0,0,0,0,0,0,0
62,B,15,2,2,0,0,0,0,0,0,0,0,0,0,0
62,B,16,5,5,0,0,0,0,0,0,0,0,0,0,0
63,base,1,6,3,3,0,3,0,0,0,0,0,0,0,0
63,base,2,2,2,0,0,0,0,0,0,0,0,0,0,0
63,base,3,8,7,1,0,1,0,0,1,1,0,0,0,0
63,base,4,6,6,0,0,0,0,0,0,0,0,0,0,0
63,base,5,2,2,0,0,0,0,0,0,0,0,0,0,0
63,base,6,5,5,0,0,0,0,0,0,0,0,0,0,0
63,base,7,7,7,0,0,0,0,0,0,0,0,0,0,0
63,base,8,8,8,0,0,0,0,0,0,0,0,0,0,0
63,base,9,8,8,0,0,0,0,0,0,0,0,0,0,0
63,base,10,4,4,0,0,0,0,0,0,0,0,0,0,0
63,base,11,7,7,0,0,0,0,0,0,0,0,0,0,0
63,base,12,6,6,0,0,0,0,0,0,0,0,0,0,0
63,base,13,2,2,0,0,0,0,0,0,0,0,0,0,0
63,base,14,4,4,0,0,0,0,0,0,0,0,0,0,0
63,base,15,2,2,0,0,0,0,0,0,0,0,0,0,0
63,base,16,6,6,0,0,0,0,0,0,0,0,0,0,0
63,A,1,6,1,5,0,5,1,0,0,0,0,0,0,0
63,A,2,2,2,0,0,0,0,0,0,0,0,0,0,0
63,A,3,8,7,1,0,1,0,0,1,1,0,0,0,0
63,A,4,6,6,0,0,0,0,0,0,0,0,0,0,0
63,A,5,2,2,0,0,0,0,0,0,0,0,0,0,0
63,A,6,5,5,0,0,0,0,0,0,0,0,0,0,0
63,A,7,7,7,0,0,0,0,0,0,0,0,0,0,0
63,A,8,8,8,0,0,0,0,0,0,0,0,0,0,0
63,A,9,8,8,0,0,0,0,0,0,0,0,0,0,0
63,A,10,4,4,0,0,0,0,0,0,0,0,0,0,0
63,A,11,7,7,0,0,0,0,0,0,0,0,0,0,0
63,A,12,6,6,0,0,0,0,0,0,0,0,0,0,0
63,A,13,2,2,0,0,0,0,0,0,0,0,0,0,0
63,A,14,4,4,0,0,0,0,0,0,0,0,0,0,0
63,A,15,2,2,0,0,0,0,0,0,0,0,0,0,0
63,A,16,6,6,0,0,0,0,0,0,0,0,0,0,0
63,B,1,6,1,5,0,5,1,0,0,0,0,0,0,0
63,B,2,2,2,0,0,0,0,0,0,0,0,0,0,0
63,B,3,8,5,3,0,3,2,0,1,0,0,0,0,0
63,B,4,6,5,1,0,1,1,0,0,0,0,0,0,0
63,B,5,2,2,0,0,0,0,0,0,0,0,0,0,0
63,B,6,5,4,1,0,1,1,0,1,0,1,0,0,0
63,B,7,7,7,0,0,0,0,0,0,0,0,0,0,0
63,B,8,8,8,0,0,0,0,0,0,0,0,0,0,0
63,B,9,8,8,0,0,0,0,0,0,0,0,0,0,0
63,B,10,4,4,0,0,0,0,0,0,0,0,0,0,0
63,B,11,7,7,0,0,0,0,0,0,0,0,0,0,0
63,B,12,6,6,0,0,0,0,0,0,0,0,0,0,0
63,B,13,2,2,0,0,0,0,0,0,0,0,0,0,0
63,B,14,4,4,0,0,0,0,0,0,0,0,0,0,0
63,B,15,2,2,0,0,0,0,0,0,0,0,0,0,0
63,B,16,6,6,0,0,0,0,0,0,0,0,0,0,0
64,base,1,5,2,3,0,3,2,0,1,1,0,0,0,0
64,base,2,4,3,1,0,1,1,0,0,0,0,0,0,0
64,base,3,6,5,1,0,1,1,0,1,0,1,0,0,0
64,base,4,6,5,1,0,1,1,0,1,0,0,0,0,0
64,base,5,2,2,0,0,0,0,0,0,0,0,0,0,0
64,base,6,5,5,0,0,0,0,0,0,0,0,0,0,0
64,base,7,6,6,0,0,0,0,0,0,0,0,0,0,0
64,base,8,7,7,0,0,0,0,0,0,0,0,0,0,0
64,base,9,5,5,0,0,0,0,0,0,0,0,0,0,0
64,base,10,7,7,0,0,0,0,0,0,0,0,0,0,0
64,base,11,3,3,0,0,0,0,0,0,0,0,0,0,0
64,base,12,5,5,0,0,0,0,0,0,0,0,0,0,0
64,base,13,6,6,0,0,0,0,0,0,0,0,0,0,0
64,base,14,7,7,0,0,0,0,0,0,0,0,0,0,0
64,base,15,10,10,0,0,0,0,0,0,0,0,0,0,0
64,base,16,8,8,0,0,0,0,0,0,0,0,0,0,0
64,A,1,5,1,4,0,4,2,0,0,0,0,0,0,0
64,A,2,4,3,1,0,1,1,0,0,0,0,0,0,0
64,A,3,6,4,2,0,2,2,0,2,0,2,0,0,0
64,A,4,6,4,2,0,2,1,0,1,0,0,0,0,0
64,A,5,2,2,0,0,0,0,0,0,0,0,0,0,0
64,A,6,5,5,0,0,0,0,0,0,0,0,0,0,0
64,A,7,6,6,0,0,0,0,0,0,0,0,0,0,0
64,A,8,7,7,0,0,0,0,0,0,0,0,0,0,0
64,A,9,5,5,0,0,0,0,0,0,0,0,0,0,0
64,A,10,7,7,0,0,0,0,0,0,0,0,0,0,0
64,A,11,3,3,0,0,0,0,0,0,0,0,0,0,0
64,A,12,5,5,0,0,0,0,0,0,0,0,0,0,0
64,A,13,6,6,0,0,0,0,0,0,0,0,0,0,0
64,A,14,7,7,0,0,0,0,0,0,0,0,0,0,0
64,A,15,10,10,0,0,0,0,0,0,0,0,0,0,0
64,A,16,8,8,0,0,0,0,0,0,0,0,0,0,0
64,B,1,5,1,4,0,4,2,0,0,0,0,0,0,0
64,B,2,4,3,1,0,1,1,0,0,0,0,0,0,0
64,B,3,6,4,2,0,2,2,0,2,0,2,0,0,0
64,B,4,6,4,2,0,2,1,0,1,0,0,0,0,0
64,B,5,2,2,0,0,0,0,0,0,0,0,0,0,0
64,B,6,5,5,0,0,0,0,0,0,0,0,0,0,0
64,B,7,6,6,0,0,0,0,0,0,0,0,0,0,0
64,B,8,7,6,1,0,1,1,0,1,0,1,0,0,0
64,B,9,5,5,0,0,0,0,0,0,0,0,0,0,0
64,B,10,7,7,0,0,0,0,0,0,0,0,0,0,0
64,B,11,3,3,0,0,0,0,0,0,0,0,0,0,0
64,B,12,5,5,0,0,0,0,0,0,0,0,0,0,0
64,B,13,6,6,0,0,0,0,0,0,0,0,0,0,0
64,B,14,7,7,0,0,0,0,0,0,0,0,0,0,0
64,B,15,10,10,0,0,0,0,0,0,0,0,0,0,0
64,B,16,8,8,0,0,0,0,0,0,0,0,0,0,0
65,base,1,4,3,1,0,1,0,0,0,0,0,0,0,0
65,base,2,7,5,2,0,2,1,0,2,1,1,0,0,0
65,base,3,4,4,0,0,0,0,0,0,0,0,0,0,0
65,base,4,5,5,0,0,0,0,0,0,0,0,0,0,0
65,base,5,8,8,0,0,0,0,0,0,0,0,0,0,0
65,base,6,3,3,0,0,0,0,0,0,0,0,0,0,0
65,base,7,5,5,0,0,0,0,0,0,0,0,0,0,0
65,base,8,4,4,0,0,0,0,0,0,0,0,0,0,0
65,base,9,4,4,0,0,0,0,0,0,0,0,0,0,0
65,base,10,2,2,0,0,0,0,0,0,0,0,0,0,0
65,base,11,8,8,0,0,0,0,0,0,0,0,0,0,0
65,base,12,4,4,0,0,0,0,0,0,0,0,0,0,0
65,base,13,3,3,0,0,0,0,0,0,0,0,0,0,0
65,base,14,9,9,0,0,0,0,0,0,0,0,0,0,0
65,base,15,5,5,0,0,0,0,0,0,0,0,0,0,0
65,base,16,5,5,0,0,0,0,0,0,0,0,0,0,0
65,A,1,4,3,1,0,1,0,0,0,0,0,0,0,0
65,A,2,7,4,3,0,3,1,0,2,1,0,0,0,0
65,A,3,4,4,0,0,0,0,0,0,0,0,0,0,0
65,A,4,5,5,0,0,0,0,0,0,0,0,0,0,0
65,A,5,8,7,1,0,1,1,0,1,0,0,0,0,0
65,A,6,3,3,0,0,0,0,0,0,0,0,0,0,0
65,A,7,5,5,0,0,0,0,0,0,0,0,0,0,0
65,A,8,4,4,0,0,0,0,0,0,0,0,0,0,0
65,A,9,4,4,0,0,0,0,0,0,0,0,0,0,0
65,A,10,2,2,0,0,0,0,0,0,0,0,0,0,0
65,A,11,8,8,0,0,0,0,0,0,0,0,0,0,0
65,A,12,4,4,0,0,0,0,0,0,0,0,0,0,0
65,A,13,3,3,0,0,0,0,0,0,0,0,0,0,0
65,A,14,9,9,0,0,0,0,0,0,0,0,0,0,0
65,A,15,5,5,0,0,0,0,0,0,0,0,0,0,0
65,A,16,5,5,0,0,0,0,0,0,0,0,0,0,0
65,B,1,4,2,2,0,2,1,0,0,0,0,0,0,0
65,B,2,7,3,4,1,3,2,0,2,1,0,0,0,0
65,B,3,4,4,0,0,0,0,0,0,0,0,0,0,0
65,B,4,5,5,0,0,0,0,0,0,0,0,0,0,0
65,B,5,8,6,2,0,2,2,0,2,0,1,0,0,0
65,B,6,3,3,0,0,0,0,0,0,0,0,0,0,0
65,B,7,5,5,0,0,0,0,0,0,0,0,0,0,0
65,B,8,4,4,0,0,0,0,0,0,0,0,0,0,0
65,B,9,4,4,0,0,0,0,0,0,0,0,0,0,0
65,B,10,2,2,0,0,0,0,0,0,0,0,0,0,0
65,B,11,8,8,0,0,0,0,0,0,0,0,0,0,0
65,B,12,4,4,0,0,0,0,0,0,0,0,0,0,0
65,B,13,3,3,0,0,0,0,0,0,0,0,0,0,0
65,B,14,9,9,0,0,0,0,0,0,0,0,0,0,0
65,B,15,5,5,0,0,0,0,0,0,0,0,0,0,0
65,B,16,5,5,0,0,0,0,0,0,0,0,0,0,0
66,base,1,6,4,2,0,2,1,0,0,0,0,0,0,0
66,base,2,1,1,0,0,0,0,0,0,0,0,0,0,0
66,base,3,5,5,0,0,0,0,0,0,0,0,0,0,0
66,base,4,6,6,0,0,0,0,0,0,0,0,0,0,0
66,base,5,0,0,0,0,0,0,0,0,0,0,0,0,0
66,base,6,10,10,0,0,0,0,0,0,0,0,0,0,0
66,base,7,2,2,0,0,0,0,0,0,0,0,0,0,0
66,base,8,5,5,0,0,0,0,0,0,0,0,0,0,0
66,base,9,4,4,0,0,0,0,0,0,0,0,0,0,0
66,base,10,6,6,0,0,0,0,0,0,0,0,0,0,0
66,base,11,3,3,0,0,0,0,0,0,0,0,0,0,0
66,base,12,7,7,0,0,0,0,0,0,0,0,0,0,0
66,base,13,4,4,0,0,0,0,0,0,0,0,0,0,0
66,base,14,5,5,0,0,0,0,0,0,0,0,0,0,0
66,base,15,1,1,0,0,0,0,0,0,0,0,0,0,0
66,base,16,4,4,0,0,0,0,0,0,0,0,0,0,0
66,A,1,6,2,4,0,4,0,0,1,1,0,0,0,0
66,A,2,1,1,0,0,0,0,0,0,0,0,0,0,0
66,A,3,5,3,2,0,2,1,0,1,0,0,0,0,0
66,A,4,6,5,1,0,1,1,0,1,0,0,0,0,0
66,A,5,0,0,0,0,0,0,0,0,0,0,0,0,0
66,A,6,10,10,0,0,0,0,0,0,0,0,0,0,0
66,A,7,2,2,0,0,0,0,0,0,0,0,0,0,0
66,A,8,5,5,0,0,0,0,0,0,0,0,0,0,0
66,A,9,4,4,0,0,0,0,0,0,0,0,0,0,0
66,A,10,6,6,0,0,0,0,0,0,0,0,0,0,0
66,A,11,3,3,0,0,0,0,0,0,0,0,0,0,0
66,A,12,7,7,0,0,0,0,0,0,0,0,0,0,0
66,A,13,4,4,0,0,0,0,0,0,0,0,0,0,0
66,A,14,5,5,0,0,0,0,0,0,0,0,0,0,0
66,A,15,1,1,0,0,0,0,0,0,0,0,0,0,0
66,A,16,4,4,0,0,0,0,0,0,0,0,0,0,0
66,B,1,6,1,5,0,5,0,0,0,0,0,0,0,0
66,B,2,1,1,0,0,0,0,0,0,0,0,0,0,0
66,B,3,5,0,5,0,5,3,0,2,0,0,0,0,0
66,B,4,6,5,1,0,1,1,0,1,0,0,0,0,0
66,B,5,0,0,0,0,0,0,0,0,0,0,0,0,0
66,B,6,10,9,1,0,1,1,0,1,0,1,0,0,0
66,B,7,2,2,0,0,0,0,0,0,0,0,0,0,0
66,B,8,5,5,0,0,0,0,0,0,0,0,0,0,0
66,B,9,4,4,0,0,0,0,0,0,0,0,0,0,0
66,B,10,6,6,0,0,0,0,0,0,0,0,0,0,0
66,B,11,3,3,0,0,0,0,0,0,0,0,0,0,0
66,B,12,7,7,0,0,0,0,0,0,0,0,0,0,0
66,B,13,4,4,0,0,0,0,0,0,0,0,0,0,0
66,B,14,5,5,0,0,0,0,0,0,0,0,0,0,0
66,B,15,1,1,0,0,0,0,0,0,0,0,0,0,0
66,B,16,4,4,0,0,0,0,0,0,0,0,0,0,0
67,base,1,5,3,2,0,2,0,0,0,0,0,0,0,0
67,base,2,3,2,1,0,1,1,0,1,0,0,0,0,0
67,base,3,9,9,0,0,0,0,0,0,0,0,0,0,0
67,base,4,7,7,0,0,0,0,0,0,0,0,0,0,0
67,base,5,8,8,0,0,0,0,0,0,0,0,0,0,0
67,base,6,5,5,0,0,0,0,0,0,0,0,0,0,0
67,base,7,4,4,0,0,0,0,0,0,0,0,0,0,0
67,base,8,6,6,0,0,0,0,0,0,0,0,0,0,0
67,base,9,4,4,0,0,0,0,0,0,0,0,0,0,0
67,base,10,3,3,0,0,0,0,0,0,0,0,0,0,0
67,base,11,7,7,0,0,0,0,0,0,0,0,0,0,0
67,base,12,5,5,0,0,0,0,0,0,0,0,0,0,0
67,base,13,3,3,0,0,0,0,0,0,0,0,0,0,0
67,base,14,3,3,0,0,0,0,0,0,0,0,0,0,0
67,base,15,2,2,0,0,0,0,0,0,0,0,0,0,0
67,base,16,5,5,0,0,0,0,0,0,0,0,0,0,0
67,A,1,5,1,4,0,4,0,0,0,0,0,0,0,0
67,A,2,3,1,2,0,2,2,0,1,0,0,0,0,0
67,A,3,9,8,1,0,1,1,0,1,0,0,0,0,0
67,A,4,7,7,0,0,0,0,0,0,0,0,0,0,0
67,A,5,8,7,1,0,1,1,0,1,0,1,0,0,0
67,A,6,5,4,1,0,1,1,0,0,0,0,0,0,0
67,A,7,4,4,0,0,0,0,0,0,0,0,0,0,0
67,A,8,6,6,0,0,0,0,0,0,0,0,0,0,0
67,A,9,4,4,0,0,0,0,0,0,0,0,0,0,0
67,A,10,3,3,0,0,0,0,0,0,0,0,0,0,0
67,A,11,7,7,0,0,0,0,0,0,0,0,0,0,0
67,A,12,5,5,0,0,0,0,0,0,0,0,0,0,0
67,A,13,3,3,0,0,0,0,0,0,0,0,0,0,0
67,A,14,3,3,0,0,0,0,0,0,0,0,0,0,0
67,A,15,2,2,0,0,0,0,0,0,0,0,0,0,0
67,A,16,5,5,0,0,0,0,0,0,0,0,0,0,0
67,B,1,5,1,4,0,4,0,0,0,0,0,0,0,0
67,B,2,3,1,2,0,2,2,0,1,0,0,0,0,0
67,B,3,9,4,5,0,5,3,0,3,0,0,0,0,0
67,B,4,7,5,2,0,2,1,0,1,1,0,0,0,0
67,B,5,8,5,3,0,3,3,0,3,0,2,0,0,0
67,B,6,5,4,1,0,1,1,0,0,0,0,0,0,0
67,B,7,4,4,0,0,0,0,0,0,0,0,0,0,0
67,B,8,6,6,0,0,0,0,0,0,0,0,0,0,0
67,B,9,4,4,0,0,0,0,0,0,0,0,0,0,0
67,B,10,3,3,0,0,0,0,0,0,0,0,0,0,0
67,B,11,7,7,0,0,0,0,0,0,0,0,0,0,0
67,B,12,5,5,0,0,0,0,0,0,0,0,0,0,0
67,B,13,3,3,0,0,0,0,0,0,0,0,0,0,0
67,B,14,3,3,0,0,0,0,0,0,0,0,0,0,0
67,B,15,2,2,0,0,0,0,0,0,0,0,0,0,0
67,B,16,5,5,0,0,0,0,0,0,0,0,0,0,0
68,base,1,4,3,1,0,1,1,0,1,0,1,0,0,0
68,base,2,6,5,1,0,1,0,0,0,0,0,0,0,0
68,base,3,3,3,0,0,0,0,0,0,0,0,0,0,0
68,base,4,5,5,0,0,0,0,0,0,0,0,0,0,0
68,base,5,8,8,0,0,0,0,0,0,0,0,0,0,0
68,base,6,3,3,0,0,0,0,0,0,0,0,0,0,0
68,base,7,2,2,0,0,0,0,0,0,0,0,0,0,0
68,base,8,8,8,0,0,0,0,0,0,0,0,0,0,0
68,base,9,10,10,0,0,0,0,0,0,0,0,0,0,0
68,base,10,9,9,0,0,0,0,0,0,0,0,0,0,0
68,base,11,5,5,0,0,0,0,0,0,0,0,0,0,0
68,base,12,5,5,0,0,0,0,0,0,0,0,0,0,0
68,base,13,8,8,0,0,0,0,0,0,0,0,0,0,0
68,base,14,3,3,0,0,0,0,0,0,0,0,0,0,0
68,base,15,4,4,0,0,0,0,0,0,0,0,0,0,0
68,base,16,6,6,0,0,0,0,0,0,0,0,0,0,0
68,A,1,4,3,1,0,1,1,0,1,0,1,0,0,0
68,A,2,6,5,1,0,1,0,0,0,0,0,0,0,0
68,A,3,3,3,0,0,0,0,0,0,0,0,0,0,0
68,A,4,5,5,0,0,0,0,0,0,0,0,0,0,0
68,A,5,8,8,0,0,0,0,0,0,0,0,0,0,0
68,A,6,3,3,0,0,0,0,0,0,0,0,0,0,0
68,A,7,2,2,0,0,0,0,0,0,0,0,0,0,0
68,A,8,8,8,0,0,0,0,0,0,0,0,0,0,0
68,A,9,10,10,0,0,0,0,0,0,0,0,0,0,0
68,A,10,9,9,0,0,0,0,0,0,0,0,0,0,0
68,A,11,5,5,0,0,0,0,0,0,0,0,0,0,0
68,A,12,5,5,0,0,0,0,0,0,0,0,0,0,0
68,A,13,8,8,0,0,0,0,0,0,0,0,0,0,0
68,A,14,3,3,0,0,0,0,0,0,0,0,0,0,0
68,A,15,4,4,0,0,0,0,0,0,0,0,0,0,0
68,A,16,6,6,0,0,0,0,0,0,0,0,0,0,0
68,B,1,4,3,1,0,1,1,0,1,0,1,0,0,0
68,B,2,6,5,1,0,1,0,0,0,0,0,0,0,0
68,B,3,3,3,0,0,0,0,0,0,0,0,0,0,0
68,B,4,5,3,2,0,2,1,0,1,1,0,0,0,0
68,B,5,8,7,1,0,1,1,0,1,0,0,0,0,0
68,B,6,3,3,0,0,0,0,0,0,0,0,0,0,0
68,B,7,2,2,0,0,0,0,0,0,0,0,0,0,0
68,B,8,8,8,0,0,0,0,0,0,0,0,0,0,0
68,B,9,10,10,0,0,0,0,0,0,0,0,0,0,0
68,B,10,9,9,0,0,0,0,0,0,0,0,0,0,0
68,B,11,5,5,0,0,0,0,0,0,0,0,0,0,0
68,B,12,5,5,0,0,0,0,0,0,0,0,0,0,0
68,B,13,8,8,0,0,0,0,0,0,0,0,0,0,0
68,B,14,3,3,0,0,0,0,0,0,0,0,0,0,0
68,B,15,4,4,0,0,0,0,0,0,0,0,0,0,0
68,B,16,6,6,0,0,0,0,0,0,0,0,0,0,0
69,base,1,2,2,0,0,0,0,0,0,0,0,0,0,0
69,base,2,4,3,1,0,1,1,0,1,0,1,0,0,0
69,base,3,5,3,2,0,2,1,0,1,0,0,0,0,0
69,base,4,0,0,0,0,0,0,0,0,0,0,0,0,0
69,base,5,3,3,0,0,0,0,0,0,0,0,0,0,0
69,base,6,4,4,0,0,0,0,0,0,0,0,0,0,0
69,base,7,3,3,0,0,0,0,0,0,0,0,0,0,0
69,base,8,6,6,0,0,0,0,0,0,0,0,0,0,0
69,base,9,9,9,0,0,0,0,0,0,0,0,0,0,0
69,base,10,5,5,0,0,0,0,0,0,0,0,0,0,0
69,base,11,3,3,0,0,0,0,0,0,0,0,0,0,0
69,base,12,6,6,0,0,0,0,0,0,0,0,0,0,0
69,base,13,9,9,0,0,0,0,0,0,0,0,0,0,0
69,base,14,5,5,0,0,0,0,0,0,0,0,0,0,0
69,base,15,6,6,0,0,0,0,0,0,0,0,0,0,0
69,base,16,4,4,0,0,0,0,0,0,0,0,0,0,0
69,A,1,2,2,0,0,0,0,0,0,0,0,0,0,0
69,A,2,4,3,1,0,1,1,0,1,0,1,0,0,0
69,A,3,5,1,4,0,4,3,0,3,0,0,0,0,0
69,A,4,0,0,0,0,0,0,0,0,0,0,0,0,0
69,A,5,3,3,0,0,0,0,0,0,0,0,0,0,0
69,A,6,4,4,0,0,0,0,0,0,0,0,0,0,0
69,A,7,3,3,0,0,0,0,0,0,0,0,0,0,0
69,A,8,6,6,0,0,0,0,0,0,0,0,0,0,0
69,A,9,9,9,0,0,0,0,0,0,0,0,0,0,0
69,A,10,5,5,0,0,0,0,0,0,0,0,0,0,0
69,A,11,3,3,0,0,0,0,0,0,0,0,0,0,0
69,A,12,6,6,0,0,0,0,0,0,0,0,0,0,0
69,A,13,9,9,0,0,0,0,0,0,0,0,0,0,0
69,A,14,5,5,0,0,0,0,0,0,0,0,0,0,0
69,A,15,6,6,0,0,0,0,0,0,0,0,0,0,0
69,A,16,4,4,0,0,0,0,0,0,0,0,0,0,0
69,B,1,2,2,0,0,0,0,0,0,0,0,0,0,0
69,B,2,4,2,2,0,2,1,0,1,0,1,0,0,0
69,B,3,5,0,5,0,5,3,0,3,0,0,0,0,0
69,B,4,0,0,0,0,0,0,0,0,0,0,0,0,0
69,B,5,3,3,0,0,0,0,0,0,0,0,0,0,0
69,B,6,4,4,0,0,0,0,0,0,0,0,0,0,0
69,B,7,3,2,1,0,1,1,0,1,0,1,0,0,0
69,B,8,6,6,0,0,0,0,0,0,0,0,0,0,0
69,B,9,9,9,0,0,0,0,0,0,0,0,0,0,0
69,B,10,5,5,0,0,0,0,0,0,0,0,0,0,0
69,B,11,3,3,0,0,0,0,0,0,0,0,0,0,0
69,B,12,6,6,0,0,0,0,0,0,0,0,0,0,0
69,B,13,9,9,0,0,0,0,0,0,0,0,0,0,0
69,B,14,5,5,0,0,0,0,0,0,0,0,0,0,0
69,B,15,6,6,0,0,0,0,0,0,0,0,0,0,0
69,B,16,4,4,0,0,0,0,0,0,0,0,0,0,0
70,base,1,6,3,3,0,3,2,0,1,0,0,0,0,0
70,base,2,9,8,1,0,1,1,0,1,0,0,0,0,0
70,base,3,2,2,0,0,0,0,0,0,0,0,0,0,0
70,base,4,5,5,0,0,0,0,0,0,0,0,0,0,0
70,base,5,6,6,0,0,0,0,0,0,0,0,0,0,0
70,base,6,5,5,0,0,0,0,0,0,0,0,0,0,0
70,base,7,7,7,0,0,0,0,0,0,0,0,0,0,0
70,base,8,2,2,0,0,0,0,0,0,0,0,0,0,0
70,base,9,2,2,0,0,0,0,0,0,0,0,0,0,0
70,base,10,3,3,0,0,0,0,0,0,0,0,0,0,0
70,base,11,6,6,0,0,0,0,0,0,0,0,0,0,0
70,base,12,2,2,0,0,0,0,0,0,0,0,0,0,0
70,base,13,6,6,0,0,0,0,0,0,0,0,0,0,0
70,base,14,8,8,0,0,0,0,0,0,0,0,0,0,0
70,base,15,4,4,0,0,0,0,0,0,0,0,0,0,0
70,base,16,8,8,0,0,0,0,0,0,0,0,0,0,0
70,A,1,6,2,4,0,4,2,0,1,0,0,0,0,0
70,A,2,9,8,1,0,1,1,0,1,0,0,0,0,0
70,A,3,2,2,0,0,0,0,0,0,0,0,0,0,0
70,A,4,5,5,0,0,0,0,0,0,0,0,0,0,0
70,A,5,6,6,0,0,0,0,0,0,0,0,0,0,0
70,A,6,5,5,0,0,0,0,0,0,0,0,0,0,0
70,A,7,7,7,0,0,0,0,0,0,0,0,0,0,0
70,A,8,2,2,0,0,0,0,0,0,0,0,0,0,0
70,A,9,2,2,0,0,0,0,0,0,0,0,0,0,0
70,A,10,3,3,0,0,0,0,0,0,0,0,0,0,0
70,A,11,6,6,0,0,0,0,0,0,0,0,0,0,0
70,A,12,2,2,0,0,0,0,0,0,0,0,0,0,0
70,A,13,6,6,0,0,0,0,0,0,0,0,0,0,0
70,A,14,8,8,0,0,0,0,0,0,0,0,0,0,0
70,A,15,4,4,0,0,0,0,0,0,0,0,0,0,0
70,A,16,8,8,0,0,0,0,0,0,0,0,0,0,0
70,B,1,6,1,5,0,5,3,0,1,0,0,0,0,0
70,B,2,9,4,5,1,4,3,1,3,0,0,0,0,0
70,B,3,2,1,1,0,1,1,0,1,0,0,0,0,0
70,B,4,5,5,0,0,0,0,0,0,0,0,0,0,0
70,B,5,6,6,0,0,0,0,0,0,0,0,0,0,0
70,B,6,5,5,0,0,0,0,0,0,0,0,0,0,0
70,B,7,7,7,0,0,0,0,0,0,0,0,0,0,0
70,B,8,2,2,0,0,0,0,0,0,0,0,0,0,0
70,B,9,2,2,0,0,0,0,0,0,0,0,0,0,0
70,B,10,3,3,0,0,0,0,0,0,0,0,0,0,0
70,B,11,6,6,0,0,0,0,0,0,0,0,0,0,0
70,B,12,2,2,0,0,0,0,0,0,0,0,0,0,0
70,B,13,6,6,0,0,0,0,0,0,0,0,0,0,0
70,B,14,8,8,0,0,0,0,0,0,0,0,0,0,0
70,B,15,4,4,0,0,0,0,0,0,0,0,0,0,0
70,B,16,8,8,0,0,0,0,0,0,0,0,0,0,0
71,base,1,6,3,3,0,3,1,0,0,0,0,0,0,0
71,base,2,7,4,3,0,3,2,0,2,0,0,0,0,0
71,base,3,9,9,0,0,0,0,0,0,0,0,0,0,0
71,base,4,7,6,1,0,1,1,0,1,0,1,0,0,0
71,base,5,3,3,0,0,0,0,0,0,0,0,0,0,0
71,base,6,7,7,0,0,0,0,0,0,0,0,0,0,0
71,base,7,2,2,0,0,0,0,0,0,0,0,0,0,0
71,base,8,2,2,0,0,0,0,0,0,0,0,0,0,0
71,base,9,10,10,0,0,0,0,0,0,0,0,0,0,0
71,base,10,5,5,0,0,0,0,0,0,0,0,0,0,0
71,base,11,8,8,0,0,0,0,0,0,0,0,0,0,0
71,base,12,0,0,0,0,0,0,0,0,0,0,0,0,0
71,base,13,12,12,0,0,0,0,0,0,0,0,0,0,0
71,base,14,12,12,0,0,0,0,0,0,0,0,0,0,0
71,base,15,4,4,0,0,0,0,0,0,0,0,0,0,0
71,base,16,5,5,0,0,0,0,0,0,0,0,0,0,0
71,A,1,6,3,3,0,3,1,0,0,0,0,0,0,0
71,A,2,7,3,4,0,4,2,0,2,0,0,0,0,0
71,A,3,9,5,4,0,4,2,0,1,0,0,0,0,0
71,A,4,7,5,2,0,2,2,0,2,0,2,0,0,0
71,A,5,3,3,0,0,0,0,0,0,0,0,0,0,0
71,A,6,7,7,0,0,0,0,0,0,0,0,0,0,0
71,A,7,2,2,0,0,0,0,0,0,0,0,0,0,0
71,A,8,2,2,0,0,0,0,0,0,0,0,0,0,0
71,A,9,10,10,0,0,0,0,0,0,0,0,0,0,0
71,A,10,5,5,0,0,0,0,0,0,0,0,0,0,0
71,A,11,8,8,0,0,0,0,0,0,0,0,0,0,0
71,A,12,0,0,0,0,0,0,0,0,0,0,0,0,0
71,A,13,12,12,0,0,0,0,0,0,0,0,0,0,0
71,A,14,12,12,0,0,0,0,0,0,0,0,0,0,0
71,A,15,4,4,0,0,0,0,0,0,0,0,0,0,0
71,A,16,5,5,0,0,0,0,0,0,0,0,0,0,0
71,B,1,6,3,3,0,3,1,0,0,0,0,0,0,0
71,B,2,7,3,4,0,4,2,0,2,0,0,0,0,0
71,B,3,9,4,5,0,5,2,0,1,0,0,0,0,0
71,B,4,7,5,2,0,2,2,0,2,0,2,0,0,0
71,B,5,3,3,0,0,0,0,0,0,0,0,0,0,0
71,B,6,7,5,2,0,2,2,0,2,0,1,0,0,0
71,B,7,2,2,0,0,0,0,0,0,0,0,0,0,0
71,B,8,2,2,0,0,0,0,0,0,0,0,0,0,0
71,B,9,10,8,2,0,2,2,0,2,0,0,0,0,0
71,B,10,5,5,0,0,0,0,0,0,0,0,0,0,0
71,B,11,8,8,0,0,0,0,0,0,0,0,0,0,0
71,B,12,0,0,0,0,0,0,0,0,0,0,0,0,0
71,B,13,12,12,0,0,0,0,0,0,0,0,0,0,0
71,B,14,12,12,0,0,0,0,0,0,0,0,0,0,0
71,B,15,4,4,0,0,0,0,0,0,0,0,0,0,0
71,B,16,5,5,0,0,0,0,0,0,0,0,0,0,0
72,base,1,10,6,4,0,4,1,0,0,0,0,0,0,0
72,base,2,5,3,2,0,2,1,0,1,0,1,0,0,0
72,base,3,4,4,0,0,0,0,0,0,0,0,0,0,0
72,base,4,1,1,0,0,0,0,0,0,0,0,0,0,0
72,base,5,10,10,0,0,0,0,0,0,0,0,0,0,0
72,base,6,8,8,0,0,0,0,0,0,0,0,0,0,0
72,base,7,4,4,0,0,0,0,0,0,0,0,0,0,0
72,base,8,7,7,0,0,0,0,0,0,0,0,0,0,0
72,base,9,8,8,0,0,0,0,0,0,0,0,0,0,0
72,base,10,3,3,0,0,0,0,0,0,0,0,0,0,0
72,base,11,5,5,0,0,0,0,0,0,0,0,0,0,0
72,base,12,4,4,0,0,0,0,0,0,0,0,0,0,0
72,base,13,5,5,0,0,0,0,0,0,0,0,0,0,0
72,base,14,7,7,0,0,0,0,0,0,0,0,0,0,0
72,base,15,4,4,0,0,0,0,0,0,0,0,0,0,0
72,base,16,9,9,0,0,0,0,0,0,0,0,0,0,0
72,A,1,10,4,6,0,6,1,0,0,0,0,0,0,0
72,A,2,5,3,2,0,2,1,0,1,0,0,0,0,0
72,A,3,4,4,0,0,0,0,0,0,0,0,0,0,0
72,A,4,1,1,0,0,0,0,0,0,0,0,0,0,0
72,A,5,10,8,2,0,2,2,0,2,0,1,0,0,0
72,A,6,8,8,0,0,0,0,0,0,0,0,0,0,0
72,A,7,4,4,0,0,0,0,0,0,0,0,0,0,0
72,A,8,7,7,0,0,0,0,0,0,0,0,0,0,0
72,A,9,8,8,0,0,0,0,0,0,0,0,0,0,0
72,A,10,3,3,0,0,0,0,0,0,0,0,0,0,0
72,A,11,5,5,0,0,0,0,0,0,0,0,0,0,0
72,A,12,4,4,0,0,0,0,0,0,0,0,0,0,0
72,A,13,5,5,0,0,0,0,0,0,0,0,0,0,0
72,A,14,7,7,0,0,0,0,0,0,0,0,0,0,0
72,A,15,4,4,0,0,0,0,0,0,0,0,0,0,0
72,A,16,9,9,0,0,0,0,0,0,0,0,0,0,0
72,B,1,10,2,8,0,8,0,0,0,0,0,0,0,0
72,B,2,5,3,2,0,2,1,0,1,0,0,0,0,0
72,B,3,4,4,0,0,0,0,0,0,0,0,0,0,0
72,B,4,1,1,0,0,0,0,0,0,0,0,0,0,0
72,B,5,10,5,5,0,5,5,0,5,0,3,0,0,0
72,B,6,8,8,0,0,0,0,0,0,0,0,0,0,0
72,B,7,4,3,1,0,1,1,0,1,0,1,0,0,0
72,B,8,7,6,1,0,1,1,0,1,0,1,0,0,0
72,B,9,8,8,0,0,0,0,0,0,0,0,0,0,0
72,B,10,3,3,0,0,0,0,0,0,0,0,0,0,0
72,B,11,5,5,0,0,0,0,0,0,0,0,0,0,0
72,B,12,4,4,0,0,0,0,0,0,0,0,0,0,0
72,B,13,5,5,0,0,0,0,0,0,0,0,0,0,0
72,B,14,7,7,0,0,0,0,0,0,0,0,0,0,0
72,B,15,4,4,0,0,0,0,0,0,0,0,0,0,0
72,B,16,9,9,0,0,0,0,0,0,0,0,0,0,0
73,base,1,2,1,1,0,1,0,0,0,0,0,0,0,0
73,base,2,10,8,2,0,2,1,0,1,0,0,0,0,0
73,base,3,5,5,0,0,0,0,0,0,0,0,0,0,0
73,base,4,5,5,0,0,0,0,0,0,0,0,0,0,0
73,base,5,2,2,0,0,0,0,0,0,0,0,0,0,0
73,base,6,5,5,0,0,0,0,0,0,0,0,0,0,0
73,base,7,4,4,0,0,0,0,0,0,0,0,0,0,0
73,base,8,8,8,0,0,0,0,0,0,0,0,0,0,0
73,base,9,3,3,0,0,0,0,0,0,0,0,0,0,0
73,base,10,7,7,0,0,0,0,0,0,0,0,0,0,0
73,base,11,3,3,0,0,0,0,0,0,0,0,0,0,0
73,base,12,6,6,0,0,0,0,0,0,0,0,0,0,0
73,base,13,10,10,0,0,0,0,0,0,0,0,0,0,0
73,base,14,4,4,0,0,0,0,0,0,0,0,0,0,0
73,base,15,7,7,0,0,0,0,0,0,0,0,0,0,0
73,base,16,2,2,0,0,0,0,0,0,0,0,0,0,0
73,A,1,2,1,1,0,1,0,0,0,0,0,0,0,0
73,A,2,10,7,3,0,3,2,0,1,0,0,0,0,0
73,A,3,5,4,1,0,1,0,0,0,0,0,0,0,0
73,A,4,5,5,0,0,0,0,0,0,0,0,0,0,0
73,A,5,2,2,0,0,0,0,0,0,0,0,0,0,0
73,A,6,5,5,0,0,0,0,0,0,0,0,0,0,0
73,A,7,4,4,0,0,0,0,0,0,0,0,0,0,0
73,A,8,8,8,0,0,0,0,0,0,0,0,0,0,0
73,A,9,3,3,0,0,0,0,0,0,0,0,0,0,0
73,A,10,7,7,0,0,0,0,0,0,0,0,0,0,0
73,A,11,3,3,0,0,0,0,0,0,0,0,0,0,0
73,A,12,6,6,0,0,0,0,0,0,0,0,0,0,0
73,A,13,10,10,0,0,0,0,0,0,0,0,0,0,0
73,A,14,4,4,0,0,0,0,0,0,0,0,0,0,0
73,A,15,7,7,0,0,0,0,0,0,0,0,0,0,0
73,A,16,2,2,0,0,0,0,0,0,0,0,0,0,0
73,B,1,2,1,1,0,1,0,0,0,0,0,0,0,0
73,B,2,10,6,4,0,4,3,0,2,0,1,0,0,0
73,B,3,5,2,3,0,3,1,0,1,0,0,0,0,0
73,B,4,5,5,0,0,0,0,0,0,0,0,0,0,0
73,B,5,2,2,0,0,0,0,0,0,0,0,0,0,0
73,B,6,5,5,0,0,0,0,0,0,0,0,0,0,0
73,B,7,4,4,0,0,0,0,0,0,0,0,0,0,0
73,B,8,8,8,0,0,0,0,0,0,0,0,0,0,0
73,B,9,3,3,0,0,0,0,0,0,0,0,0,0,0
73,B,10,7,7,0,0,0,0,0,0,0,0,0,0,0
73,B,11,3,3,0,0,0,0,0,0,0,0,0,0,0
73,B,12,6,6,0,0,0,0,0,0,0,0,0,0,0
73,B,13,10,10,0,0,0,0,0,0,0,0,0,0,0
73,B,14,4,4,0,0,0,0,0,0,0,0,0,0,0
73,B,15,7,7,0,0,0,0,0,0,0,0,0,0,0
73,B,16,2,2,0,0,0,0,0,0,0,0,0,0,0
74,base,1,8,4,4,0,4,4,0,4,0,0,0,0,0
74,base,2,6,6,0,0,0,0,0,0,0,0,0,0,0
74,base,3,6,4,2,0,2,2,0,2,0,0,0,0,0
74,base,4,3,3,0,0,0,0,0,0,0,0,0,0,0
74,base,5,3,3,0,0,0,0,0,0,0,0,0,0,0
74,base,6,7,7,0,0,0,0,0,0,0,0,0,0,0
74,base,7,5,5,0,0,0,0,0,0,0,0,0,0,0
74,base,8,6,6,0,0,0,0,0,0,0,0,0,0,0
74,base,9,12,12,0,0,0,0,0,0,0,0,0,0,0
74,base,10,4,4,0,0,0,0,0,0,0,0,0,0,0
74,base,11,3,3,0,0,0,0,0,0,0,0,0,0,0
74,base,12,3,3,0,0,0,0,0,0,0,0,0,0,0
74,base,13,7,7,0,0,0,0,0,0,0,0,0,0,0
74,base,14,5,5,0,0,0,0,0,0,0,0,0,0,0
74,base,15,5,5,0,0,0,0,0,0,0,0,0,0,0
74,base,16,3,3,0,0,0,0,0,0,0,0,0,0,0
74,A,1,8,4,4,0,4,4,0,4,0,0,0,0,0
74,A,2,6,5,1,0,1,1,0,1,0,0,0,0,0
74,A,3,6,3,3,0,3,3,0,2,0,0,0,0,0
74,A,4,3,3,0,0,0,0,0,0,0,0,0,0,0
74,A,5,3,3,0,0,0,0,0,0,0,0,0,0,0
74,A,6,7,7,0,0,0,0,0,0,0,0,0,0,0
74,A,7,5,5,0,0,0,0,0,0,0,0,0,0,0
74,A,8,6,6,0,0,0,0,0,0,0,0,0,0,0
74,A,9,12,11,1,0,1,1,0,1,0,1,0,0,0
74,A,10,4,4,0,0,0,0,0,0,0,0,0,0,0
74,A,11,3,3,0,0,0,0,0,0,0,0,0,0,0
74,A,12,3,3,0,0,0,0,0,0,0,0,0,0,0
74,A,13,7,7,0,0,0,0,0,0,0,0,0,0,0
74,A,14,5,5,0,0,0,0,0,0,0,0,0,0,0
74,A,15,5,5,0,0,0,0,0,0,0,0,0,0,0
74,A,16,3,3,0,0,0,0,0,0,0,0,0,0,0
74,B,1,8,4,4,0,4,4,0,4,0,0,0,0,0
74,B,2,6,2,4,1,3,3,0,2,0,1,0,0,0
74,B,3,6,2,4,0,4,3,0,3,0,1,0,0,0
74,B,4,3,3,0,0,0,0,0,0,0,0,0,0,0
74,B,5,3,2,1,0,1,0,0,0,0,0,0,0,0
74,B,6,7,5,2,0,2,2,0,2,0,0,0,0,0
74,B,7,5,5,0,0,0,0,0,0,0,0,0,0,0
74,B,8,6,6,0,0,0,0,0,0,0,0,0,0,0
74,B,9,12,11,1,0,1,1,0,1,0,1,0,0,0
74,B,10,4,4,0,0,0,0,0,0,0,0,0,0,0
74,B,11,3,3,0,0,0,0,0,0,0,0,0,0,0
74,B,12,3,3,0,0,0,0,0,0,0,0,0,0,0
74,B,13,7,7,0,0,0,0,0,0,0,0,0,0,0
74,B,14,5,5,0,0,0,0,0,0,0,0,0,0,0
74,B,15,5,5,0,0,0,0,0,0,0,0,0,0,0
74,B,16,3,3,0,0,0,0,0,0,0,0,0,0,0
75,base,1,5,2,3,0,3,3,0,2,0,0,0,0,0
75,base,2,6,5,1,0,1,1,0,1,0,1,0,0,0
75,base,3,6,4,2,0,2,2,0,2,0,1,0,0,0
75,base,4,4,4,0,0,0,0,0,0,0,0,0,0,0
75,base,5,5,5,0,0,0,0,0,0,0,0,0,0,0
75,base,6,7,7,0,0,0,0,0,0,0,0,0,0,0
75,base,7,4,4,0,0,0,0,0,0,0,0,0,0,0
75,base,8,8,8,0,0,0,0,0,0,0,0,0,0,0
75,base,9,6,6,0,0,0,0,0,0,0,0,0,0,0
75,base,10,4,4,0,0,0,0,0,0,0,0,0,0,0
75,base,11,3,3,0,0,0,0,0,0,0,0,0,0,0
75,base,12,4,4,0,0,0,0,0,0,0,0,0,0,0
75,base,13,8,8,0,0,0,0,0,0,0,0,0,0,0
75,base,14,5,5,0,0,0,0,0,0,0,0,0,0,0
75,base,15,5,5,0,0,0,0,0,0,0,0,0,0,0
75,base,16,5,5,0,0,0,0,0,0,0,0,0,0,0
75,A,1,5,2,3,0,3,2,0,2,0,0,0,0,0
75,A,2,6,4,2,0,2,1,0,1,0,1,0,0,0
75,A,3,6,3,3,0,3,2,0,1,0,1,0,0,0
75,A,4,4,3,1,0,1,1,0,1,0,1,0,0,0
75,A,5,5,5,0,0,0,0,0,0,0,0,0,0,0
75,A,6,7,6,1,0,1,1,0,1,0,0,0,0,0
75,A,7,4,4,0,0,0,0,0,0,0,0,0,0,0
75,A,8,8,8,0,0,0,0,0,0,0,0,0,0,0
75,A,9,6,6,0,0,0,0,0,0,0,0,0,0,0
75,A,10,4,4,0,0,0,0,0,0,0,0,0,0,0
75,A,11,3,3,0,0,0,0,0,0,0,0,0,0,0
75,A,12,4,4,0,0,0,0,0,0,0,0,0,0,0
75,A,13,8,8,0,0,0,0,0,0,0,0,0,0,0
75,A,14,5,5,0,0,0,0,0,0,0,0,0,0,0
75,A,15,5,5,0,0,0,0,0,0,0,0,0,0,0
75,A,16,5,5,0,0,0,0,0,0,0,0,0,0,0
75,B,1,5,0,5,0,5,3,0,2,0,0,0,0,0
75,B,2,6,3,3,1,2,1,0,1,0,1,0,0,0
75,B,3,6,3,3,0,3,1,0,1,0,1,0,0,0
75,B,4,4,3,1,0,1,1,0,1,0,1,0,0,0
75,B,5,5,5,0,0,0,0,0,0,0,0,0,0,0
75,B,6,7,4,3,0,3,3,0,3,0,2,0,0,0
75,B,7,4,4,0,0,0,0,0,0,0,0,0,0,0
75,B,8,8,8,0,0,0,0,0,0,0,0,0,0,0
75,B,9,6,6,0,0,0,0,0,0,0,0,0,0,0
75,B,10,4,4,0,0,0,0,0,0,0,0,0,0,0
75,B,11,3,3,0,0,0,0,0,0,0,0,0,0,0
75,B,12,4,4,0,0,0,0,0,0,0,0,0,0,0
75,B,13,8,8,0,0,0,0,0,0,0,0,0,0,0
75,B,14,5,5,0,0,0,0,0,0,0,0,0,0,0
75,B,15,5,5,0,0,0,0,0,0,0,0,0,0,0
75,B,16,5,5,0,0,0,0,0,0,0,0,0,0,0
76,base,1,4,2,2,0,2,2,0,2,0,0,0,0,0
76,base,2,6,2,4,0,4,3,0,3,0,0,0,0,0
76,base,3,6,4,2,0,2,2,0,2,0,1,0,0,0
76,base,4,3,3,0,0,0,0,0,0,0,0,0,0,0
76,base,5,8,8,0,0,0,0,0,0,0,0,0,0,0
76,base,6,5,5,0,0,0,0,0,0,0,0,0,0,0
76,base,7,7,7,0,0,0,0,0,0,0,0,0,0,0
76,base,8,7,7,0,0,0,0,0,0,0,0,0,0,0
76,base,9,4,4,0,0,0,0,0,0,0,0,0,0,0
76,base,10,4,4,0,0,0,0,0,0,0,0,0,0,0
76,base,11,5,5,0,0,0,0,0,0,0,0,0,0,0
76,base,12,6,6,0,0,0,0,0,0,0,0,0,0,0
76,base,13,5,5,0,0,0,0,0,0,0,0,0,0,0
76,base,14,5,5,0,0,0,0,0,0,0,0,0,0,0
76,base,15,2,2,0,0,0,0,0,0,0,0,0,0,0
76,base,16,1,1,0,0,0,0,0,0,0,0,0,0,0
76,A,1,4,2,2,0,2,2,0,2,0,0,0,0,0
76,A,2,6,2,4,0,4,3,0,3,0,0,0,0,0
76,A,3,6,4,2,0,2,2,0,2,0,2,0,0,0
76,A,4,3,3,0,0,0,0,0,0,0,0,0,0,0
76,A,5,8,8,0,0,0,0,0,0,0,0,0,0,0
76,A,6,5,5,0,0,0,0,0,0,0,0,0,0,0
76,A,7,7,7,0,0,0,0,0,0,0,0,0,0,0
76,A,8,7,7,0,0,0,0,0,0,0,0,0,0,0
76,A,9,4,4,0,0,0,0,0,0,0,0,0,0,0
76,A,10,4,4,0,0,0,0,0,0,0,0,0,0,0
76,A,11,5,5,0,0,0,0,0,0,0,0,0,0,0
76,A,12,6,6,0,0,0,0,0,0,0,0,0,0,0
76,A,13,5,5,0,0,0,0,0,0,0,0,0,0,0
76,A,14,5,5,0,0,0,0,0,0,0,0,0,0,0
76,A,15,2,2,0,0,0,0,0,0,0,0,0,0,0
76,A,16,1,1,0,0,0,0,0,0,0,0,0,0,0
76,B,1,4,1,3,0,3,2,0,2,0,0,0,0,0
76,B,2,6,2,4,0,4,3,0,3,0,0,0,0,0
76,B,3,6,3,3,0,3,3,0,3,0,2,0,0,0
76,B,4,3,3,0,0,0,0,0,0,0,0,0,0,0
76,B,5,8,7,1,0,1,1,0,1,0,0,0,0,0
76,B,6,5,5,0,0,0,0,0,0,0,0,0,0,0
76,B,7,7,7,0,0,0,0,0,0,0,0,0,0,0
76,B,8,7,7,0,0,0,0,0,0,0,0,0,0,0
76,B,9,4,3,1,0,1,1,0,1,0,0,0,0,0
76,B,10,4,4,0,0,0,0,0,0,0,0,0,0,0
76,B,11,5,5,0,0,0,0,0,0,0,0,0,0,0
76,B,12,6,6,0,0,0,0,0,0,0,0,0,0,0
76,B,13,5,5,0,0,0,0,0,0,0,0,0,0,0
76,B,14,5,5,0,0,0,0,0,0,0,0,0,0,0
76,B,15,2,2,0,0,0,0,0,0,0,0,0,0,0
76,B,16,1,1,0,0,0,0,0,0,0,0,0,0,0
77,base,1,6,2,4,0,4,4,0,2,0,0,0,0,0
77,base,2,3,2,1,0,1,0,0,0,0,0,0,0,0
77,base,3,0,0,0,0,0,0,0,0,0,0,0,0,0
77,base,4,4,4,0,0,0,0,0,0,0,0,0,0,0
77,base,5,2,2,0,0,0,0,0,0,0,0,0,0,0
77,base,6,5,5,0,0,0,0,0,0,0,0,0,0,0
77,base,7,3,3,0,0,0,0,0,0,0,0,0,0,0
77,base,8,2,2,0,0,0,0,0,0,0,0,0,0,0
77,base,9,9,9,0,0,0,0,0,0,0,0,0,0,0
77,base,10,5,5,0,0,0,0,0,0,0,0,0,0,0
77,base,11,8,8,0,0,0,0,0,0,0,0,0,0,0
77,base,12,7,7,0,0,0,0,0,0,0,0,0,0,0
77,base,13,8,8,0,0,0,0,0,0,0,0,0,0,0
77,base,14,2,2,0,0,0,0,0,0,0,0,0,0,0
77,base,15,6,6,0,0,0,0,0,0,0,0,0,0,0
77,base,16,6,6,0,0,0,0,0,0,0,0,0,0,0
77,A,1,6,2,4,0,4,2,0,2,0,0,0,0,0
77,A,2,3,2,1,0,1,0,0,0,0,0,0,0,0
77,A,3,0,0,0,0,0,0,0,0,0,0,0,0,0
77,A,4,4,3,1,0,1,0,0,0,0,0,0,0,0
77,A,5,2,2,0,0,0,0,0,0,0,0,0,0,0
77,A,6,5,5,0,0,0,0,0,0,0,0,0,0,0
77,A,7,3,3,0,0,0,0,0,0,0,0,0,0,0
77,A,8,2,2,0,0,0,0,0,0,0,0,0,0,0
77,A,9,9,9,0,0,0,0,0,0,0,0,0,0,0
77,A,10,5,5,0,0,0,0,0,0,0,0,0,0,0
77,A,11,8,8,0,0,0,0,0,0,0,0,0,0,0
77,A,12,7,7,0,0,0,0,0,0,0,0,0,0,0
77,A,13,8,8,0,0,0,0,0,0,0,0,0,0,0
77,A,14,2,2,0,0,0,0,0,0,0,0,0,0,0
77,A,15,6,6,0,0,0,0,0,0,0,0,0,0,0
77,A,16,6,6,0,0,0,0,0,0,0,0,0,0,0
77,B,1,6,0,6,0,6,4,0,2,0,0,0,0,0
77,B,2,3,1,2,0,2,1,0,1,0,0,0,0,0
77,B,3,0,0,0,0,0,0,0,0,0,0,0,0,0
77,B,4,4,2,2,0,2,1,0,1,0,0,0,0,0
77,B,5,2,2,0,0,0,0,0,0,0,0,0,0,0
77,B,6,5,4,1,0,1,1,0,0,0,0,0,0,0
77,B,7,3,3,0,0,0,0,0,0,0,0,0,0,0
77,B,8,2,2,0,0,0,0,0,0,0,0,0,0,0
77,B,9,9,9,0,0,0,0,0,0,0,0,0,0,0
77,B,10,5,5,0,0,0,0,0,0,0,0,0,0,0
77,B,11,8,8,0,0,0,0,0,0,0,0,0,0,0
77,B,12,7,7,0,0,0,0,0,0,0,0,0,0,0
77,B,13,8,8,0,0,0,0,0,0,0,0,0,0,0
77,B,14,2,2,0,0,0,0,0,0,0,0,0,0,0
77,B,15,6,6,0,0,0,0,0,0,0,0,0,0,0
77,B,16,6,6,0,0,0,0,0,0,0,0,0,0,0
78,base,1,3,1,2,0,2,1,0,0,0,0,0,0,0
78,base,2,3,2,1,0,1,1,0,1,0,0,0,0,0
78,base,3,5,5,0,0,0,0,0,0,0,0,0,0,0
78,base,4,4,4,0,0,0,0,0,0,0,0,0,0,0
78,base,5,2,2,0,0,0,0,0,0,0,0,0,0,0
78,base,6,6,6,0,0,0,0,0,0,0,0,0,0,0
78,base,7,5,5,0,0,0,0,0,0,0,0,0,0,0
78,base,8,2,2,0,0,0,0,0,0,0,0,0,0,0
78,base,9,5,5,0,0,0,0,0,0,0,0,0,0,0
78,base,10,3,3,0,0,0,0,0,0,0,0,0,0,0
78,base,11,7,7,0,0,0,0,0,0,0,0,0,0,0
78,base,12,3,3,0,0,0,0,0,0,0,0,0,0,0
78,base,13,5,5,0,0,0,0,0,0,0,0,0,0,0
78,base,14,9,9,0,0,0,0,0,0,0,0,0,0,0
78,base,15,9,9,0,0,0,0,0,0,0,0,0,0,0
78,base,16,3,3,0,0,0,0,0,0,0,0,0,0,0
78,A,1,3,1,2,0,2,1,0,0,0,0,0,0,0
78,A,2,3,1,2,0,2,2,0,2,0,0,0,0,0
78,A,3,5,4,1,0,1,1,0,1,0,0,0,0,0
78,A,4,4,3,1,0,1,1,0,1,0,1,0,0,0
78,A,5,2,2,0,0,0,0,0,0,0,0,0,0,0
78,A,6,6,6,0,0,0,0,0,0,0,0,0,0,0
78,A,7,5,5,0,0,0,0,0,0,0,0,0,0,0
78,A,8,2,2,0,0,0,0,0,0,0,0,0,0,0
78,A,9,5,5,0,0,0,0,0,0,0,0,0,0,0
78,A,10,3,3,0,0,0,0,0,0,0,0,0,0,0
78,A,11,7,7,0,0,0,0,0,0,0,0,0,0,0
78,A,12,3,3,0,0,0,0,0,0,0,0,0,0,0
78,A,13,5,5,0,0,0,0,0,0,0,0,0,0,0
78,A,14,9,9,0,0,0,0,0,0,0,0,0,0,0
78,A,15,9,9,0,0,0,0,0,0,0,0,0,0,0
78,A,16,3,3,0,0,0,0,0,0,0,0,0,0,0
78,B,1,3,1,2,0,2,1,0,0,0,0,0,0,0
78,B,2,3,1,2,0,2,2,0,2,0,0,0,0,0
78,B,3,5,4,1,0,1,1,0,1,0,0,0,0,0
78,B,4,4,3,1,0,1,1,0,1,0,1,0,0,0
78,B,5,2,1,1,0,1,1,0,1,0,0,0,0,0
78,B,6,6,5,1,0,1,1,0,1,0,0,0,0,0
78,B,7,5,5,0,0,0,0,0,0,0,0,0,0,0
78,B,8,2,2,0,0,0,0,0,0,0,0,0,0,0
78,B,9,5,5,0,0,0,0,0,0,0,0,0,0,0
78,B,10,3,3,0,0,0,0,0,0,0,0,0,0,0
78,B,11,7,7,0,0,0,0,0,0,0,0,0,0,0
78,B,12,3,3,0,0,0,0,0,0,0,0,0,0,0
78,B,13,5,5,0,0,0,0,0,0,0,0,0,0,0
78,B,14,9,9,0,0,0,0,0,0,0,0,0,0,0
78,B,15,9,9,0,0,0,0,0,0,0,0,0,0,0
78,B,16,3,3,0,0,0,0,0,0,0,0,0,0,0
79,base,1,5,2,3,0,3,1,0,0,0,0,0,0,0
79,base,2,2,2,0,0,0,0,0,0,0,0,0,0,0
79,base,3,6,6,0,0,0,0,0,0,0,0,0,0,0
79,base,4,10,10,0,0,0,0,0,0,0,0,0,0,0
79,base,5,2,2,0,0,0,0,0,0,0,0,0,0,0
79,base,6,1,1,0,0,0,0,0,0,0,0,0,0,0
79,base,7,4,4,0,0,0,0,0,0,0,0,0,0,0
79,base,8,2,2,0,0,0,0,0,0,0,0,0,0,0
79,base,9,7,7,0,0,0,0,0,0,0,0,0,0,0
79,base,10,3,3,0,0,0,0,0,0,0,0,0,0,0
79,base,11,7,7,0,0,0,0,0,0,0,0,0,0,0
79,base,12,11,11,0,0,0,0,0,0,0,0,0,0,0
79,base,13,4,4,0,0,0,0,0,0,0,0,0,0,0
79,base,14,4,4,0,0,0,0,0,0,0,0,0,0,0
79,base,15,5,5,0,0,0,0,0,0,0,0,0,0,0
79,base,16,7,7,0,0,0,0,0,0,0,0,0,0,0
79,A,1,5,2,3,0,3,1,0,0,0,0,0,0,0
79,A,2,2,1,1,0,1,1,0,1,0,0,0,0,0
79,A,3,6,6,0,0,0,0,0,0,0,0,0,0,0
79,A,4,10,10,0,0,0,0,0,0,0,0,0,0,0
79,A,5,2,2,0,0,0,0,0,0,0,0,0,0,0
79,A,6,1,1,0,0,0,0,0,0,0,0,0,0,0
79,A,7,4,4,0,0,0,0,0,0,0,0,0,0,0
79,A,8,2,2,0,0,0,0,0,0,0,0,0,0,0
79,A,9,7,7,0,0,0,0,0,0,0,0,0,0,0
79,A,10,3,3,0,0,0,0,0,0,0,0,0,0,0
79,A,11,7,7,0,0,0,0,0,0,0,0,0,0,0
79,A,12,11,11,0,0,0,0,0,0,0,0,0,0,0
79,A,13,4,4,0,0,0,0,0,0,0,0,0,0,0
79,A,14,4,4,0,0,0,0,0,0,0,0,0,0,0
79,A,15,5,5,0,0,0,0,0,0,0,0,0,0,0
79,A,16,7,7,0,0,0,0,0,0,0,0,0,0,0
79,B,1,5,1,4,0,4,1,0,0,0,0,0,0,0
79,B,2,2,0,2,0,2,2,0,1,0,0,0,0,0
79,B,3,6,5,1,0,1,1,0,0,0,0,0,0,0
79,B,4,10,8,2,0,2,1,0,1,0,1,0,0,0
79,B,5,2,0,2,0,2,2,0,0,0,0,0,0,0
79,B,6,1,0,1,0,1,1,0,1,0,1,0,0,0
79,B,7,4,4,0,0,0,0,0,0,0,0,0,0,0
79,B,8,2,2,0,0,0,0,0,0,0,0,0,0,0
79,B,9,7,7,0,0,0,0,0,0,0,0,0,0,0
79,B,10,3,3,0,0,0,0,0,0,0,0,0,0,0
79,B,11,7,7,0,0,0,0,0,0,0,0,0,0,0
79,B,12,11,11,0,0,0,0,0,0,0,0,0,0,0
79,B,13,4,4,0,0,0,0,0,0,0,0,0,0,0
79,B,14,4,4,0,0,0,0,0,0,0,0,0,0,0
79,B,15,5,5,0,0,0,0,0,0,0,0,0,0,0
79,B,16,7,7,0,0,0,0,0,0,0,0,0,0,0
80,base,1,3,1,2,0,2,1,0,1,0,0,0,0,0
80,base,2,6,5,1,0,1,0,0,1,1,0,0,0,0
80,base,3,7,6,1,0,1,1,0,1,0,0,0,0,0
80,base,4,6,6,0,0,0,0,0,0,0,0,0,0,0
80,base,5,7,7,0,0,0,0,0,0,0,0,0,0,0
80,base,6,6,6,0,0,0,0,0,0,0,0,0,0,0
80,base,7,4,4,0,0,0,0,0,0,0,0,0,0,0
80,base,8,5,5,0,0,0,0,0,0,0,0,0,0,0
80,base,9,3,3,0,0,0,0,0,0,0,0,0,0,0
80,base,10,7,7,0,0,0,0,0,0,0,0,0,0,0
80,base,11,4,4,0,0,0,0,0,0,0,0,0,0,0
80,base,12,4,4,0,0,0,0,0,0,0,0,0,0,0
80,base,13,5,5,0,0,0,0,0,0,0,0,0,0,0
80,base,14,6,6,0,0,0,0,0,0,0,0,0,0,0
80,base,15,5,5,0,0,0,0,0,0,0,0,0,0,0
80,base,16,11,11,0,0,0,0,0,0,0,0,0,0,0
80,A,1,3,1,2,0,2,1,0,1,0,0,0,0,0
80,A,2,6,4,2,0,2,1,0,2,1,0,0,0,0
80,A,3,7,5,2,0,2,2,0,2,0,1,0,0,0
80,A,4,6,5,1,0,1,0,0,0,0,0,0,0,0
80,A,5,7,7,0,0,0,0,0,0,0,0,0,0,0
80,A,6,6,5,1,0,1,1,0,1,0,0,0,0,0
80,A,7,4,4,0,0,0,0,0,0,0,0,0,0,0
80,A,8,5,5,0,0,0,0,0,0,0,0,0,0,0
80,A,9,3,3,0,0,0,0,0,0,0,0,0,0,0
80,A,10,7,7,0,0,0,0,0,0,0,0,0,0,0
80,A,11,4,4,0,0,0,0,0,0,0,0,0,0,0
80,A,12,4,4,0,0,0,0,0,0,0,0,0,0,0
80,A,13,5,5,0,0,0,0,0,0,0,0,0,0,0
80,A,14,6,6,0,0,0,0,0,0,0,0,0,0,0
80,A,15,5,5,0,0,0,0,0,0,0,0,0,0,0
80,A,16,11,11,0,0,0,0,0,0,0,0,0,0,0
80,B,1,3,1,2,0,2,1,0,1,0,0,0,0,0
80,B,2,6,4,2,0,2,2,0,2,0,0,0,0,0
80,B,3,7,3,4,0,4,4,0,4,0,1,0,0,0
80,B,4,6,4,2,0,2,1,0,1,0,1,0,0,0
80,B,5,7,5,2,0,2,2,0,2,0,2,0,0,0
80,B,6,6,4,2,0,2,2,0,2,0,1,0,0,0
80,B,7,4,4,0,0,0,0,0,0,0,0,0,0,0
80,B,8,5,5,0,0,0,0,0,0,0,0,0,0,0
80,B,9,3,3,0,0,0,0,0,0,0,0,0,0,0
80,B,10,7,7,0,0,0,0,0,0,0,0,0,0,0
80,B,11,4,4,0,0,0,0,0,0,0,0,0,0,0
80,B,12,4,4,0,0,0,0,0,0,0,0,0,0,0
80,B,13,5,5,0,0,0,0,0,0,0,0,0,0,0
80,B,14,6,6,0,0,0,0,0,0,0,0,0,0,0
80,B,15,5,5,0,0,0,0,0,0,0,0,0,0,0
80,B,16,11,11,0,0,0,0,0,0,0,0,0,0,0
81,base,1,3,2,1,0,1,1,0,1,0,0,0,0,0
81,base,2,7,7,0,0,0,0,0,0,0,0,0,0,0
81,base,3,6,6,0,0,0,0,0,0,0,0,0,0,0
81,base,4,7,7,0,0,0,0,0,0,0,0,0,0,0
81,base,5,6,6,0,0,0,0,0,0,0,0,0,0,0
81,base,6,6,6,0,0,0,0,0,0,0,0,0,0,0
81,base,7,5,5,0,0,0,0,0,0,0,0,0,0,0
81,base,8,1,1,0,0,0,0,0,0,0,0,0,0,0
81,base,9,5,5,0,0,0,0,0,0,0,0,0,0,0
81,base,10,8,8,0,0,0,0,0,0,0,0,0,0,0
81,base,11,2,2,0,0,0,0,0,0,0,0,0,0,0
81,base,12,11,11,0,0,0,0,0,0,0,0,0,0,0
81,base,13,5,5,0,0,0,0,0,0,0,0,0,0,0
81,base,14,5,5,0,0,0,0,0,0,0,0,0,0,0
81,base,15,5,5,0,0,0,0,0,0,0,0,0,0,0
81,base,16,6,6,0,0,0,0,0,0,0,0,0,0,0
81,A,1,3,2,1,0,1,1,0,1,0,0,0,0,0
81,A,2,7,7,0,0,0,0,0,0,0,0,0,0,0
81,A,3,6,4,2,0,2,1,0,2,1,0,0,0,0
81,A,4,7,7,0,0,0,0,0,0,0,0,0,0,0
81,A,5,6,5,1,0,1,0,0,0,0,0,0,0,0
81,A,6,6,6,0,0,0,0,0,0,0,0,0,0,0
81,A,7,5,5,0,0,0,0,0,0,0,0,0,0,0
81,A,8,1,1,0,0,0,0,0,0,0,0,0,0,0
81,A,9,5,5,0,0,0,0,0,0,0,0,0,0,0
81,A,10,8,8,0,0,0,0,0,0,0,0,0,0,0
81,A,11,2,2,0,0,0,0,0,0,0,0,0,0,0
81,A,12,11,11,0,0,0,0,0,0,0,0,0,0,0
81,A,13,5,5,0,0,0,0,0,0,0,0,0,0,0
81,A,14,5,5,0,0,0,0,0,0,0,0,0,0,0
81,A,15,5,5,0,0,0,0,0,0,0,0,0,0,0
81,A,16,6,6,0,0,0,0,0,0,0,0,0,0,0
81,B,1,3,2,1,0,1,1,0,1,0,0,0,0,0
81,B,2,7,6,1,0,1,1,0,1,0,0,0,0,0
81,B,3,6,2,4,0,4,2,0,2,1,0,0,0,0
81,B,4,7,6,1,0,1,0,0,0,0,1,1,0,0
81,B,5,6,5,1,0,1,0,0,0,0,0,0,0,0
81,B,6,6,5,1,0,1,1,0,1,0,1,0,0,0
81,B,7,5,5,0,0,0,0,0,0,0,0,0,0,0
81,B,8,1,1,0,0,0,0,0,0,0,0,0,0,0
81,B,9,5,5,0,0,0,0,0,0,0,0,0,0,0
81,B,10,8,8,0,0,0,0,0,0,0,0,0,0,0
81,B,11,2,2,0,0,0,0,0,0,0,0,0,0,0
81,B,12,11,11,0,0,0,0,0,0,0,0,0,0,0
81,B,13,5,5,0,0,0,0,0,0,0,0,0,0,0
81,B,14,5,5,0,0,0,0,0,0,0,0,0,0,0
81,B,15,5,5,0,0,0,0,0,0,0,0,0,0,0
81,B,16,6,6,0,0,0,0,0,0,0,0,0,0,0
82,base,1,3,0,3,0,3,2,0,1,0,0,0,0,0
82,base,2,6,3,3,0,3,3,0,3,0,1,0,0,0
82,base,3,9,9,0,0,0,0,0,0,0,0,0,0,0
82,base,4,8,8,0,0,0,0,0,0,0,0,0,0,0
82,base,5,5,5,0,0,0,0,0,0,0,0,0,0,0
82,base,6,3,3,0,0,0,0,0,0,0,0,0,0,0
82,base,7,4,4,0,0,0,0,0,0,0,0,0,0,0
82,base,8,8,8,0,0,0,0,0,0,0,0,0,0,0
82,base,9,3,3,0,0,0,0,0,0,0,0,0,0,0
82,base,10,11,11,0,0,0,0,0,0,0,0,0,0,0
82,base,11,11,11,0,0,0,0,0,0,0,0,0,0,0
82,base,12,6,6,0,0,0,0,0,0,0,0,0,0,0
82,base,13,2,2,0,0,0,0,0,0,0,0,0,0,0
82,base,14,5,5,0,0,0,0,0,0,0,0,0,0,0
82,base,15,6,6,0,0,0,0,0,0,0,0,0,0,0
82,base,16,5,5,0,0,0,0,0,0,0,0,0,0,0
82,A,1,3,0,3,0,3,2,0,1,0,0,0,0,0
82,A,2,6,2,4,0,4,4,0,3,0,1,0,0,0
82,A,3,9,7,2,0,2,2,0,1,0,1,0,0,0
82,A,4,8,8,0,0,0,0,0,0,0,0,0,0,0
82,A,5,5,5,0,0,0,0,0,0,0,0,0,0,0
82,A,6,3,3,0,0,0,0,0,0,0,0,0,0,0
82,A,7,4,4,0,0,0,0,0,0,0,0,0,0,0
82,A,8,8,8,0,0,0,0,0,0,0,0,0,0,0
82,A,9,3,3,0,0,0,0,0,0,0,0,0,0,0
82,A,10,11,11,0,0,0,0,0,0,0,0,0,0,0
82,A,11,11,11,0,0,0,0,0,0,0,0,0,0,0
82,A,12,6,6,0,0,0,0,0,0,0,0,0,0,0
82,A,13,2,2,0,0,0,0,0,0,0,0,0,0,0
82,A,14,5,5,0,0,0,0,0,0,0,0,0,0,0
82,A,15,6,6,0,0,0,0,0,0,0,0,0,0,0
82,A,16,5,5,0,0,0,0,0,0,0,0,0,0,0
82,B,1,3,0,3,0,3,2,0,1,0,0,0,0,0
82,B,2,6,1,5,0,5,5,0,4,0,1,0,0,0
82,B,3,9,6,3,0,3,2,0,2,0,1,0,0,0
82,B,4,8,8,0,0,0,0,0,0,0,0,0,0,0
82,B,5,5,4,1,0,1,1,0,1,0,0,0,0,0
82,B,6,3,3,0,0,0,0,0,0,0,0,0,0,0
82,B,7,4,4,0,0,0,0,0,0,0,0,0,0,0
82,B,8,8,8,0,0,0,0,0,0,0,0,0,0,0
82,B,9,3,3,0,0,0,0,0,0,0,0,0,0,0
82,B,10,11,11,0,0,0,0,0,0,0,0,0,0,0
82,B,11,11,11,0,0,0,0,0,0,0,0,0,0,0
82,B,12,6,6,0,0,0,0,0,0,0,0,0,0,0
82,B,13,2,2,0,0,0,0,0,0,0,0,0,0,0
82,B,14,5,5,0,0,0,0,0,0,0,0,0,0,0
82,B,15,6,6,0,0,0,0,0,0,0,0,0,0,0
82,B,16,5,5,0,0,0,0,0,0,0,0,0,0,0
83,base,1,5,3,2,0,2,0,0,0,0,0,0,0,0
83,base,2,4,3,1,0,1,0,0,0,0,0,0,0,0
83,base,3,4,3,1,0,1,1,0,1,0,0,0,0,0
83,base,4,3,3,0,0,0,0,0,0,0,0,0,0,0
83,base,5,1,1,0,0,0,0,0,0,0,0,0,0,0
83,base,6,3,3,0,0,0,0,0,0,0,0,0,0,0
83,base,7,5,5,0,0,0,0,0,0,0,0,0,0,0
83,base,8,7,7,0,0,0,0,0,0,0,0,0,0,0
83,base,9,3,3,0,0,0,0,0,0,0,0,0,0,0
83,base,10,7,7,0,0,0,0,0,0,0,0,0,0,0
83,base,11,6,6,0,0,0,0,0,0,0,0,0,0,0
83,base,12,3,3,0,0,0,0,0,0,0,0,0,0,0
83,base,13,8,8,0,0,0,0,0,0,0,0,0,0,0
83,base,14,6,6,0,0,0,0,0,0,0,0,0,0,0
83,base,15,7,7,0,0,0,0,0,0,0,0,0,0,0
83,base,16,4,4,0,0,0,0,0,0,0,0,0,0,0
83,A,1,5,3,2,0,2,0,0,0,0,0,0,0,0
83,A,2,4,2,2,0,2,1,0,0,0,0,0,0,0
83,A,3,4,3,1,0,1,1,0,0,0,0,0,0,0
83,A,4,3,3,0,0,0,0,0,0,0,0,0,0,0
83,A,5,1,1,0,0,0,0,0,0,0,0,0,0,0
83,A,6,3,3,0,0,0,0,0,0,0,0,0,0,0
83,A,7,5,5,0,0,0,0,0,0,0,0,0,0,0
83,A,8,7,7,0,0,0,0,0,0,0,0,0,0,0
83,A,9,3,3,0,0,0,0,0,0,0,0,0,0,0
83,A,10,7,7,0,0,0,0,0,0,0,0,0,0,0
83,A,11,6,6,0,0,0,0,0,0,0,0,0,0,0
83,A,12,3,3,0,0,0,0,0,0,0,0,0,0,0
83,A,13,8,8,0,0,0,0,0,0,0,0,0,0,0
83,A,14,6,6,0,0,0,0,0,0,0,0,0,0,0
83,A,15,7,7,0,0,0,0,0,0,0,0,0,0,0
83,A,16,4,4,0,0,0,0,0,0,0,0,0,0,0
83,B,1,5,1,4,0,4,1,0,1,1,0,0,0,0
83,B,2,4,2,2,0,2,0,0,0,0,0,0,0,0
83,B,3,4,2,2,0,2,0,0,0,0,0,0,0,0
83,B,4,3,1,2,0,2,1,0,1,0,1,0,0,0
83,B,5,1,0,1,0,1,1,0,1,0,1,0,0,0
83,B,6,3,2,1,0,1,1,0,1,0,0,0,0,0
83,B,7,5,5,0,0,0,0,0,0,0,0,0,0,0
83,B,8,7,7,0,0,0,0,0,0,0,0,0,0,0
83,B,9,3,3,0,0,0,0,0,0,0,0,0,0,0
83,B,10,7,7,0,0,0,0,0,0,0,0,0,0,0
83,B,11,6,6,0,0,0,0,0,0,0,0,0,0,0
83,B,12,3,3,0,0,0,0,0,0,0,0,0,0,0
83,B,13,8,8,0,0,0,0,0,0,0,0,0,0,0
83,B,14,6,6,0,0,0,0,0,0,0,0,0,0,0
83,B,15,7,7,0,0,0,0,0,0,0,0,0,0,0
83,B,16,4,4,0,0,0,0,0,0,0,0,0,0,0
84,base,1,4,1,3,0,3,1,0,0,0,0,0,0,0
84,base,2,5,5,0,0,0,0,0,0,0,0,0,0,0
84,base,3,8,8,0,0,0,0,0,0,0,0,0,0,0
84,base,4,10,10,0,0,0,0,0,0,0,0,0,0,0
84,base,5,6,6,0,0,0,0,0,0,0,0,0,0,0
84,base,6,4,4,0,0,0,0,0,0,0,0,0,0,0
84,base,7,5,5,0,0,0,0,0,0,0,0,0,0,0
84,base,8,3,3,0,0,0,0,0,0,0,0,0,0,0
84,base,9,9,9,0,0,0,0,0,0,0,0,0,0,0
84,base,10,4,4,0,0,0,0,0,0,0,0,0,0,0
84,base,11,4,4,0,0,0,0,0,0,0,0,0,0,0
84,base,12,7,7,0,0,0,0,0,0,0,0,0,0,0
84,base,13,5,5,0,0,0,0,0,0,0,0,0,0,0
84,base,14,7,7,0,0,0,0,0,0,0,0,0,0,0
84,base,15,7,7,0,0,0,0,0,0,0,0,0,0,0
84,base,16,2,2,0,0,0,0,0,0,0,0,0,0,0
84,A,1,4,1,3,0,3,1,0,0,0,0,0,0,0
84,A,2,5,5,0,0,0,0,0,0,0,0,0,0,0
84,A,3,8,7,1,0,1,1,0,1,0,0,0,0,0
84,A,4,10,10,0,0,0,0,0,0,0,0,0,0,0
84,A,5,6,6,0,0,0,0,0,0,0,0,0,0,0
84,A,6,4,4,0,0,0,0,0,0,0,0,0,0,0
84,A,7,5,5,0,0,0,0,0,0,0,0,0,0,0
84,A,8,3,3,0,0,0,0,0,0,0,0,0,0,0
84,A,9,9,8,1,0,1,1,0,1,0,1,0,0,0
84,A,10,4,4,0,0,0,0,0,0,0,0,0,0,0
84,A,11,4,4,0,0,0,0,0,0,0,0,0,0,0
84,A,12,7,7,0,0,0,0,0,0,0,0,0,0,0
84,A,13,5,5,0,0,0,0,0,0,0,0,0,0,0
84,A,14,7,7,0,0,0,0,0,0,0,0,0,0,0
84,A,15,7,7,0,0,0,0,0,0,0,0,0,0,0
84,A,16,2,2,0,0,0,0,0,0,0,0,0,0,0
84,B,1,4,1,3,0,3,1,0,0,0,0,0,0,0
84,B,2,5,4,1,1,0,0,0,0,0,0,0,0,0
84,B,3,8,6,2,0,2,1,0,1,0,0,0,0,0
84,B,4,10,6,4,0,4,4,0,4,0,0,0,0,0
84,B,5,6,3,3,0,3,2,0,2,0,1,0,0,0
84,B,6,4,4,0,0,0,0,0,0,0,0,0,0,0
84,B,7,5,4,1,0,1,1,0,0,0,0,0,0,0
84,B,8,3,2,1,0,1,1,0,1,0,1,0,0,0
84,B,9,9,8,1,0,1,1,0,1,0,1,0,0,0
84,B,10,4,4,0,0,0,0,0,0,0,0,0,0,0
84,B,11,4,4,0,0,0,0,0,0,0,0,0,0,0
84,B,12,7,7,0,0,0,0,0,0,0,0,0,0,0
84,B,13,5,5,0,0,0,0,0,0,0,0,0,0,0
84,B,14,7,7,0,0,0,0,0,0,0,0,0,0,0
84,B,15,7,7,0,0,0,0,0,0,0,0,0,0,0
84,B,16,2,2,0,0,0,0,0,0,0,0,0,0,0
85,base,1,5,4,1,0,1,1,0,1,0,1,0,0,0
85,base,2,6,6,0,0,0,0,0,0,0,0,0,0,0
85,base,3,9,8,1,0,1,1,0,1,0,0,0,0,0
85,base,4,3,3,0,0,0,0,0,0,0,0,0,0,0
85,base,5,5,5,0,0,0,0,0,0,0,0,0,0,0
85,base,6,9,9,0,0,0,0,0,0,0,0,0,0,0
85,base,7,5,5,0,0,0,0,0,0,0,0,0,0,0
85,base,8,3,3,0,0,0,0,0,0,0,0,0,0,0
85,base,9,6,6,0,0,0,0,0,0,0,0,0,0,0
85,base,10,3,3,0,0,0,0,0,0,0,0,0,0,0
85,base,11,0,0,0,0,0,0,0,0,0,0,0,0,0
85,base,12,7,7,0,0,0,0,0,0,0,0,0,0,0
85,base,13,6,6,0,0,0,0,0,0,0,0,0,0,0
85,base,14,5,5,0,0,0,0,0,0,0,0,0,0,0
85,base,15,3,3,0,0,0,0,0,0,0,0,0,0,0
85,base,16,5,5,0,0,0,0,0,0,0,0,0,0,0
85,A,1,5,3,2,0,2,1,0,1,0,1,0,0,0
85,A,2,6,4,2,0,2,1,0,1,0,0,0,0,0
85,A,3,9,7,2,0,2,2,0,1,0,0,0,0,0
85,A,4,3,3,0,0,0,0,0,0,0,0,0,0,0
85,A,5,5,5,0,0,0,0,0,0,0,0,0,0,0
85,A,6,9,7,2,0,2,1,0,2,1,1,0,0,0
85,A,7,5,5,0,0,0,0,0,0,0,0,0,0,0
85,A,8,3,3,0,0,0,0,0,0,0,0,0,0,0
85,A,9,6,6,0,0,0,0,0,0,0,0,0,0,0
85,A,10,3,3,0,0,0,0,0,0,0,0,0,0,0
85,A,11,0,0,0,0,0,0,0,0,0,0,0,0,0
85,A,12,7,7,0,0,0,0,0,0,0,0,0,0,0
85,A,13,6,6,0,0,0,0,0,0,0,0,0,0,0
85,A,14,5,5,0,0,0,0,0,0,0,0,0,0,0
85,A,15,3,3,0,0,0,0,0,0,0,0,0,0,0
85,A,16,5,5,0,0,0,0,0,0,0,0,0,0,0
85,B,1,5,3,2,0,2,1,0,1,0,1,0,0,0
85,B,2,6,2,4,0,4,1,0,1,0,0,0,0,0
85,B,3,9,4,5,0,5,3,0,1,0,0,0,0,0
85,B,4,3,2,1,0,1,1,0,1,0,1,0,0,0
85,B,5,5,5,0,0,0,0,0,0,0,0,0,0,0
85,B,6,9,7,2,0,2,2,0,2,0,1,0,0,0
85,B,7,5,4,1,0,1,1,0,1,0,1,0,0,0
85,B,8,3,3,0,0,0,0,0,0,0,0,0,0,0
85,B,9,6,6,0,0,0,0,0,0,0,0,0,0,0
85,B,10,3,3,0,0,0,0,0,0,0,0,0,0,0
85,B,11,0,0,0,0,0,0,0,0,0,0,0,0,0
85,B,12,7,7,0,0,0,0,0,0,0,0,0,0,0
85,B,13,6,6,0,0,0,0,0,0,0,0,0,0,0
85,B,14,5,5,0,0,0,0,0,0,0,0,0,0,0
85,B,15,3,3,0,0,0,0,0,0,0,0,0,0,0
85,B,16,5,5,0,0,0,0,0,0,0,0,0,0,0
86,base,1,3,2,1,0,1,1,0,1,0,0,0,0,0
86,base,2,5,4,1,0,1,1,0,1,0,0,0,0,0
86,base,3,6,6,0,0,0,0,0,0,0,0,0,0,0
86,base,4,4,4,0,0,0,0,0,0,0,0,0,0,0
86,base,5,10,10,0,0,0,0,0,0,0,0,0,0,0
86,base,6,3,3,0,0,0,0,0,0,0,0,0,0,0
86,base,7,5,5,0,0,0,0,0,0,0,0,0,0,0
86,base,8,7,7,0,0,0,0,0,0,0,0,0,0,0
86,base,9,2,2,0,0,0,0,0,0,0,0,0,0,0
86,base,10,8,8,0,0,0,0,0,0,0,0,0,0,0
86,base,11,6,6,0,0,0,0,0,0,0,0,0,0,0
86,base,12,5,5,0,0,0,0,0,0,0,0,0,0,0
86,base,13,4,4,0,0,0,0,0,0,0,0,0,0,0
86,base,14,5,5,0,0,0,0,0,0,0,0,0,0,0
86,base,15,3,3,0,0,0,0,0,0,0,0,0,0,0
86,base,16,4,4,0,0,0,0,0,0,0,0,0,0,0
86,A,1,3,2,1,0,1,1,0,1,0,0,0,0,0
86,A,2,5,4,1,0,1,1,0,1,0,0,0,0,0
86,A,3,6,6,0,0,0,0,0,0,0,0,0,0,0
86,A,4,4,3,1,0,1,1,0,1,0,1,0,0,0
86,A,5,10,9,1,0,1,1,0,1,0,0,0,0,0
86,A,6,3,3,0,0,0,0,0,0,0,0,0,0,0
86,A,7,5,5,0,0,0,0,0,0,0,0,0,0,0
86,A,8,7,7,0,0,0,0,0,0,0,0,0,0,0
86,A,9,2,2,0,0,0,0,0,0,0,0,0,0,0
86,A,10,8,8,0,0,0,0,0,0,0,0,0,0,0
86,A,11,6,6,0,0,0,0,0,0,0,0,0,0,0
86,A,12,5,5,0,0,0,0,0,0,0,0,0,0,0
86,A,13,4,4,0,0,0,0,0,0,0,0,0,0,0
86,A,14,5,5,0,0,0,0,0,0,0,0,0,0,0
86,A,15,3,3,0,0,0,0,0,0,0,0,0,0,0
86,A,16,4,4,0,0,0,0,0,0,0,0,0,0,0
86,B,1,3,2,1,0,1,1,0,1,0,0,0,0,0
86,B,2,5,4,1,0,1,1,0,1,0,0,0,0,0
86,B,3,6,3,3,0,3,3,0,2,0,1,0,0,0
86,B,4,4,1,3,0,3,3,0,2,0,1,0,0,0
86,B,5,10,8,2,0,2,2,0,2,0,0,0,0,0
86,B,6,3,2,1,0,1,1,0,1,0,1,0,0,0
86,B,7,5,5,0,0,0,0,0,0,0,0,0,0,0
86,B,8,7,7,0,0,0,0,0,0,0,0,0,0,0
86,B,9,2,2,0,0,0,0,0,0,0,0,0,0,0
86,B,10,8,8,0,0,0,0,0,0,0,0,0,0,0
86,B,11,6,6,0,0,0,0,0,0,0,0,0,0,0
86,B,12,5,5,0,0,0,0,0,0,0,0,0,0,0
86,B,13,4,4,0,0,0,0,0,0,0,0,0,0,0
86,B,14,5,5,0,0,0,0,0,0,0,0,0,0,0
86,B,15,3,3,0,0,0,0,0,0,0,0,0,0,0
86,B,16,4,4,0,0,0,0,0,0,0,0,0,0,0
87,base,1,5,1,4,0,4,3,0,2,0,0,0,0,0
87,base,2,8,7,1,0,1,1,0,0,0,0,0,0,0
87,base,3,6,5,1,0,1,1,0,0,0,0,0,0,0
87,base,4,5,5,0,0,0,0,0,0,0,0,0,0,0
87,base,5,10,10,0,0,0,0,0,0,0,0,0,0,0
87,base,6,3,3,0,0,0,0,0,0,0,0,0,0,0
87,base,7,5,5,0,0,0,0,0,0,0,0,0,0,0
87,base,8,6,6,0,0,0,0,0,0,0,0,0,0,0
87,base,9,6,6,0,0,0,0,0,0,0,0,0,0,0
87,base,10,5,5,0,0,0,0,0,0,0,0,0,0,0
87,base,11,4,4,0,0,0,0,0,0,0,0,0,0,0
87,base,12,4,4,0,0,0,0,0,0,0,0,0,0,0
87,base,13,8,8,0,0,0,0,0,0,0,0,0,0,0
87,base,14,7,7,0,0,0,0,0,0,0,0,0,0,0
87,base,15,8,8,0,0,0,0,0,0,0,0,0,0,0
87,base,16,5,5,0,0,0,0,0,0,0,0,0,0,0
87,A,1,5,1,4,0,4,3,0,2,0,0,0,0,0
87,A,2,8,6,2,0,2,2,0,1,0,1,0,0,0
87,A,3,6,4,2,0,2,1,0,0,0,0,0,0,0
87,A,4,5,5,0,0,0,0,0,0,0,0,0,0,0
87,A,5,10,10,0,0,0,0,0,0,0,0,0,0,0
87,A,6,3,3,0,0,0,0,0,0,0,0,0,0,0
87,A,7,5,5,0,0,0,0,0,0,0,0,0,0,0
87,A,8,6,6,0,0,0,0,0,0,0,0,0,0,0
87,A,9,6,6,0,0,0,0,0,0,0,0,0,0,0
87,A,10,5,5,0,0,0,0,0,0,0,0,0,0,0
87,A,11,4,4,0,0,0,0,0,0,0,0,0,0,0
87,A,12,4,4,0,0,0,0,0,0,0,0,0,0,0
87,A,13,8,8,0,0,0,0,0,0,0,0,0,0,0
87,A,14,7,7,0,0,0,0,0,0,0,0,0,0,0
87,A,15,8,8,0,0,0,0,0,0,0,0,0,0,0
87,A,16,5,5,0,0,0,0,0,0,0,0,0,0,0
87,B,1,5,1,4,0,4,3,0,2,0,0,0,0,0
87,B,2,8,5,3,0,3,2,0,1,0,1,0,0,0
87,B,3,6,2,4,0,4,2,0,1,0,1,0,0,0
87,B,4,5,5,0,0,0,0,0,0,0,0,0,0,0
87,B,5,10,10,0,0,0,0,0,0,0,0,0,0,0
87,B,6,3,2,1,0,1,1,0,1,0,0,0,0,0
87,B,7,5,5,0,0,0,0,0,0,0,0,0,0,0
87,B,8,6,6,0,0,0,0,0,0,0,0,0,0,0
87,B,9,6,5,1,0,1,1,0,1,0,0,0,0,0
87,B,10,5,5,0,0,0,0,0,0,0,0,0,0,0
87,B,11,4,4,0,0,0,0,0,0,0,0,0,0,0
87,B,12,4,4,0,0,0,0,0,0,0,0,0,0,0
87,B,13,8,8,0,0,0,0,0,0,0,0,0,0,0
87,B,14,7,7,0,0,0,0,0,0,0,0,0,0,0
87,B,15,8,8,0,0,0,0,0,0,0,0,0,0,0
87,B,16,5,5,0,0,0,0,0,0,0,0,0,0,0
88,base,1,4,4,0,0,0,0,0,0,0,0,0,0,0
88,base,2,3,1,2,0,2,2,0,2,0,1,0,0,0
88,base,3,5,5,0,0,0,0,0,0,0,0,0,0,0
88,base,4,5,5,0,0,0,0,0,0,0,0,0,0,0
88,base,5,8,8,0,0,0,0,0,0,0,0,0,0,0
88,base,6,5,5,0,0,0,0,0,0,0,0,0,0,0
88,base,7,6,6,0,0,0,0,0,0,0,0,0,0,0
88,base,8,12,12,0,0,0,0,0,0,0,0,0,0,0
88,base,9,4,4,0,0,0,0,0,0,0,0,0,0,0
88,base,10,3,3,0,0,0,0,0,0,0,0,0,0,0
88,base,11,8,8,0,0,0,0,0,0,0,0,0,0,0
88,base,12,5,5,0,0,0,0,0,0,0,0,0,0,0
88,base,13,3,3,0,0,0,0,0,0,0,0,0,0,0
88,base,14,4,4,0,0,0,0,0,0,0,0,0,0,0
88,base,15,6,6,0,0,0,0,0,0,0,0,0,0,0
88,base,16,11,11,0,0,0,0,0,0,0,0,0,0,0
88,A,1,4,3,1,0,1,0,0,0,0,0,0,0,0
88,A,2,3,1,2,0,2,2,0,2,0,1,0,0,0
88,A,3,5,4,1,0,1,0,0,0,0,0,0,0,0
88,A,4,5,4,1,0,1,1,0,1,0,1,0,0,0
88,A,5,8,7,1,0,1,1,0,1,0,1,0,0,0
88,A,6,5,5,0,0,0,0,0,0,0,0,0,0,0
88,A,7,6,6,0,0,0,0,0,0,0,0,0,0,0
88,A,8,12,12,0,0,0,0,0,0,0,0,0,0,0
88,A,9,4,4,0,0,0,0,0,0,0,0,0,0,0
88,A,10,3,3,0,0,0,0,0,0,0,0,0,0,0
88,A,11,8,8,0,0,0,0,0,0,0,0,0,0,0
88,A,12,5,5,0,0,0,0,0,0,0,0,0,0,0
88,A,13,3,3,0,0,0,0,0,0,0,0,0,0,0
88,A,14,4,4,0,0,0,0,0,0,0,0,0,0,0
88,A,15,6,6,0,0,0,0,0,0,0,0,0,0,0
88,A,16,11,11,0,0,0,0,0,0,0,0,0,0,0
88,B,1,4,2,2,0,2,1,0,1,0,0,0,0,0
88,B,2,3,1,2,0,2,2,0,2,0,1,0,0,0
88,B,3,5,4,1,0,1,0,0,0,0,0,0,0,0
88,B,4,5,3,2,0,2,2,0,2,0,1,0,0,0
88,B,5,8,7,1,0,1,1,0,1,0,1,0,0,0
88,B,6,5,4,1,0,1,1,0,1,0,1,0,0,0
88,B,7,6,5,1,0,1,1,0,1,0,1,0,0,0
88,B,8,12,12,0,0,0,0,0,0,0,0,0,0,0
88,B,9,4,4,0,0,0,0,0,0,0,0,0,0,0
88,B,10,3,3,0,0,0,0,0,0,0,0,0,0,0
88,B,11,8,8,0,0,0,0,0,0,0,0,0,0,0
88,B,12,5,5,0,0,0,0,0,0,0,0,0,0,0
88,B,13,3,3,0,0,0,0,0,0,0,0,0,0,0
88,B,14,4,4,0,0,0,0,0,0,0,0,0,0,0
88,B,15,6,6,0,0,0,0,0,0,0,0,0,0,0
88,B,16,11,11,0,0,0,0,0,0,0,0,0,0,0
89,base,1,2,1,1,0,1,0,0,0,0,0,0,0,0
89,base,2,6,4,2,0,2,0,0,0,0,0,0,0,0
89,base,3,5,4,1,0,1,0,0,0,0,0,0,0,0
89,base,4,8,7,1,0,1,1,0,1,0,0,0,0,0
89,base,5,7,7,0,0,0,0,0,0,0,0,0,0,0
89,base,6,7,7,0,0,0,0,0,0,0,0,0,0,0
89,base,7,4,4,0,0,0,0,0,0,0,0,0,0,0
89,base,8,6,6,0,0,0,0,0,0,0,0,0,0,0
89,base,9,3,3,0,0,0,0,0,0,0,0,0,0,0
89,base,10,10,10,0,0,0,0,0,0,0,0,0,0,0
89,base,11,4,4,0,0,0,0,0,0,0,0,0,0,0
89,base,12,6,6,0,0,0,0,0,0,0,0,0,0,0
89,base,13,4,4,0,0,0,0,0,0,0,0,0,0,0
89,base,14,1,1,0,0,0,0,0,0,0,0,0,0,0
89,base,15,9,9,0,0,0,0,0,0,0,0,0,0,0
89,base,16,3,3,0,0,0,0,0,0,0,0,0,0,0
89,A,1,2,0,2,0,2,0,0,0,0,0,0,0,0
89,A,2,6,3,3,0,3,0,0,0,0,0,0,0,0
89,A,3,5,4,1,0,1,0,0,0,0,0,0,0,0
89,A,4,8,7,1,0,1,1,0,1,0,0,0,0,0
89,A,5,7,6,1,0,1,1,0,0,0,0,0,0,0
89,A,6,7,7,0,0,0,0,0,0,0,0,0,0,0
89,A,7,4,4,0,0,0,0,0,0,0,0,0,0,0
89,A,8,6,6,0,0,0,0,0,0,0,0,0,0,0
89,A,9,3,3,0,0,0,0,0,0,0,0,0,0,0
89,A,10,10,10,0,0,0,0,0,0,0,0,0,0,0
89,A,11,4,4,0,0,0,0,0,0,0,0,0,0,0
89,A,12,6,6,0,0,0,0,0,0,0,0,0,0,0
89,A,13,4,4,0,0,0,0,0,0,0,0,0,0,0
89,A,14,1,1,0,0,0,0,0,0,0,0,0,0,0
89,A,15,9,9,0,0,0,0,0,0,0,0,0,0,0
89,A,16,3,3,0,0,0,0,0,0,0,0,0,0,0
89,B,1,2,0,2,0,2,0,0,0,0,0,0,0,0
89,B,2,6,2,4,0,4,1,0,1,0,1,0,0,0
89,B,3,5,2,3,0,3,1,0,0,0,0,0,0,0
89,B,4,8,7,1,0,1,1,0,1,0,0,0,0,0
89,B,5,7,4,3,0,3,3,0,2,0,0,0,0,0
89,B,6,7,6,1,0,1,1,0,1,0,0,0,0,0
89,B,7,4,4,0,0,0,0,0,0,0,0,0,0,0
89,B,8,6,4,2,0,2,1,0,1,0,0,0,0,0
89,B,9,3,3,0,0,0,0,0,0,0,0,0,0,0
89,B,10,10,10,0,0,0,0,0,0,0,0,0,0,0
89,B,11,4,4,0,0,0,0,0,0,0,0,0,0,0
89,B,12,6,6,0,0,0,0,0,0,0,0,0,0,0
89,B,13,4,4,0,0,0,0,0,0,0,0,0,0,0
89,B,14,1,1,0,0,0,0,0,0,0,0,0,0,0
89,B,15,9,9,0,0,0,0,0,0,0,0,0,0,0
89,B,16,3,3,0,0,0,0,0,0,0,0,0,0,0
90,base,1,4,1,3,0,3,1,0,0,0,0,0,0,0
90,base,2,6,5,1,0,1,1,0,1,0,0,0,0,0
90,base,3,6,6,0,0,0,0,0,0,0,0,0,0,0
90,base,4,4,4,0,0,0,0,0,0,0,0,0,0,0
90,base,5,3,3,0,0,0,0,0,0,0,0,0,0,0
90,base,6,7,7,0,0,0,0,0,0,0,0,0,0,0
90,base,7,5,5,0,0,0,0,0,0,0,0,0,0,0
90,base,8,5,5,0,0,0,0,0,0,0,0,0,0,0
90,base,9,8,8,0,0,0,0,0,0,0,0,0,0,0
90,base,10,5,5,0,0,0,0,0,0,0,0,0,0,0
90,base,11,6,6,0,0,0,0,0,0,0,0,0,0,0
90,base,12,7,7,0,0,0,0,0,0,0,0,0,0,0
90,base,13,5,5,0,0,0,0,0,0,0,0,0,0,0
90,base,14,4,4,0,0,0,0,0,0,0,0,0,0,0
90,base,15,3,3,0,0,0,0,0,0,0,0,0,0,0
90,base,16,4,4,0,0,0,0,0,0,0,0,0,0,0
90,A,1,4,1,3,0,3,1,0,0,0,0,0,0,0
90,A,2,6,4,2,0,2,2,0,2,0,0,0,0,0
90,A,3,6,5,1,0,1,0,0,0,0,0,0,0,0
90,A,4,4,4,0,0,0,0,0,0,0,0,0,0,0
90,A,5,3,3,0,0,0,0,0,0,0,0,0,0,0
90,A,6,7,7,0,0,0,0,0,0,0,0,0,0,0
90,A,7,5,5,0,0,0,0,0,0,0,0,0,0,0
90,A,8,5,5,0,0,0,0,0,0,0,0,0,0,0
90,A,9,8,8,0,0,0,0,0,0,0,0,0,0,0
90,A,10,5,5,0,0,0,0,0,0,0,0,0,0,0
90,A,11,6,6,0,0,0,0,0,0,0,0,0,0,0
90,A,12,7,7,0,0,0,0,0,0,0,0,0,0,0
90,A,13,5,5,0,0,0,0,0,0,0,0,0,0,0
90,A,14,4,4,0,0,0,0,0,0,0,0,0,0,0
90,A,15,3,3,0,0,0,0,0,0,0,0,0,0,0
90,A,16,4,4,0,0,0,0,0,0,0,0,0,0,0
90,B,1,4,1,3,0,3,1,0,0,0,0,0,0,0
90,B,2,6,2,4,0,4,3,0,2,0,0,0,0,0
90,B,3,6,3,3,0,3,2,0,1,0,1,0,0,0
90,B,4,4,4,0,0,0,0,0,0,0,0,0,0,0
90,B,5,3,3,0,0,0,0,0,0,0,0,0,0,0
90,B,6,7,5,2,0,2,2,0,2,0,1,0,0,0
90,B,7,5,5,0,0,0,0,0,0,0,0,0,0,0
90,B,8,5,5,0,0,0,0,0,0,0,0,0,0,0
90,B,9,8,8,0,0,0,0,0,0,0,0,0,0,0
90,B,10,5,5,0,0,0,0,0,0,0,0,0,0,0
90,B,11,6,6,0,0,0,0,0,0,0,0,0,0,0
90,B,12,7,7,0,0,0,0,0,0,0,0,0,0,0
90,B,13,5,5,0,0,0,0,0,0,0,0,0,0,0
90,B,14,4,4,0,0,0,0,0,0,0,0,0,0,0
90,B,15,3,3,0,0,0,0,0,0,0,0,0,0,0
90,B,16,4,4,0,0,0,0,0,0,0,0,0,0,0
91,base,1,8,5,3,0,3,3,0,3,0,1,0,0,0
91,base,2,8,6,2,0,2,2,0,0,0,0,0,0,0
91,base,3,6,4,2,0,2,2,0,2,0,0,0,0,0
91,base,4,6,6,0,0,0,0,0,0,0,0,0,0,0
91,base,5,5,5,0,0,0,0,0,0,0,0,0,0,0
91,base,6,7,7,0,0,0,0,0,0,0,0,0,0,0
91,base,7,5,5,0,0,0,0,0,0,0,0,0,0,0
91,base,8,6,6,0,0,0,0,0,0,0,0,0,0,0
91,base,9,4,4,0,0,0,0,0,0,0,0,0,0,0
91,base,10,6,6,0,0,0,0,0,0,0,0,0,0,0
91,base,11,4,4,0,0,0,0,0,0,0,0,0,0,0
91,base,12,5,5,0,0,0,0,0,0,0,0,0,0,0
91,base,13,10,10,0,0,0,0,0,0,0,0,0,0,0
91,base,14,6,6,0,0,0,0,0,0,0,0,0,0,0
91,base,15,5,5,0,0,0,0,0,0,0,0,0,0,0
91,base,16,5,5,0,0,0,0,0,0,0,0,0,0,0
91,A,1,8,5,3,0,3,3,0,3,0,1,0,0,0
91,A,2,8,5,3,0,3,2,0,1,0,0,0,0,0
91,A,3,6,3,3,0,3,2,0,2,0,0,0,0,0
91,A,4,6,5,1,0,1,1,0,1,0,1,0,0,0
91,A,5,5,5,0,0,0,0,0,0,0,0,0,0,0
91,A,6,7,7,0,0,0,0,0,0,0,0,0,0,0
91,A,7,5,5,0,0,0,0,0,0,0,0,0,0,0
91,A,8,6,6,0,0,0,0,0,0,0,0,0,0,0
91,A,9,4,4,0,0,0,0,0,0,0,0,0,0,0
91,A,10,6,6,0,0,0,0,0,0,0,0,0,0,0
91,A,11,4,4,0,0,0,0,0,0,0,0,0,0,0
91,A,12,5,5,0,0,0,0,0,0,0,0,0,0,0
91,A,13,10,10,0,0,0,0,0,0,0,0,0,0,0
91,A,14,6,6,0,0,0,0,0,0,0,0,0,0,0
91,A,15,5,5,0,0,0,0,0,0,0,0,0,0,0
91,A,16,5,5,0,0,0,0,0,0,0,0,0,0,0
91,B,1,8,4,4,0,4,4,0,3,0,1,0,0,0
91,B,2,8,5,3,0,3,2,0,1,0,0,0,0,0
91,B,3,6,3,3,0,3,2,0,2,0,0,0,0,0
91,B,4,6,5,1,0,1,1,0,1,0,1,0,0,0
91,B,5,5,5,0,0,0,0,0,0,0,0,0,0,0
91,B,6,7,5,2,0,2,1,0,2,1,0,0,0,0
91,B,7,5,5,0,0,0,0,0,0,0,0,0,0,0
91,B,8,6,6,0,0,0,0,0,0,0,0,0,0,0
91,B,9,4,4,0,0,0,0,0,0,0,0,0,0,0
91,B,10,6,6,0,0,0,0,0,0,0,0,0,0,0
91,B,11,4,4,0,0,0,0,0,0,0,0,0,0,0
91,B,12,5,5,0,0,0,0,0,0,0,0,0,0,0
91,B,13,10,10,0,0,0,0,0,0,0,0,0,0,0
91,B,14,6,6,0,0,0,0,0,0,0,0,0,0,0
91,B,15,5,5,0,0,0,0,0,0,0,0,0,0,0
91,B,16,5,5,0,0,0,0,0,0,0,0,0,0,0
92,base,1,5,3,2,0,2,1,0,1,0,0,0,0,0
92,base,2,5,5,0,0,0,0,0,0,0,0,0,0,0
92,base,3,3,3,0,0,0,0,0,0,0,0,0,0,0
92,base,4,3,3,0,0,0,0,0,0,0,0,0,0,0
92,base,5,5,5,0,0,0,0,0,0,0,0,0,0,0
92,base,6,7,7,0,0,0,0,0,0,0,0,0,0,0
92,base,7,4,4,0,0,0,0,0,0,0,0,0,0,0
92,base,8,7,7,0,0,0,0,0,0,0,0,0,0,0
92,base,9,8,8,0,0,0,0,0,0,0,0,0,0,0
92,base,10,6,6,0,0,0,0,0,0,0,0,0,0,0
92,base,11,3,3,0,0,0,0,0,0,0,0,0,0,0
92,base,12,5,5,0,0,0,0,0,0,0,0,0,0,0
92,base,13,5,5,0,0,0,0,0,0,0,0,0,0,0
92,base,14,7,7,0,0,0,0,0,0,0,0,0,0,0
92,base,15,7,7,0,0,0,0,0,0,0,0,0,0,0
92,base,16,6,6,0,0,0,0,0,0,0,0,0,0,0
92,A,1,5,3,2,0,2,1,0,1,0,0,0,0,0
92,A,2,5,4,1,0,1,1,0,0,0,0,0,0,0
92,A,3,3,3,0,0,0,0,0,0,0,0,0,0,0
92,A,4,3,3,0,0,0,0,0,0,0,0,0,0,0
92,A,5,5,4,1,0,1,1,0,1,0,1,0,0,0
92,A,6,7,7,0,0,0,0,0,0,0,0,0,0,0
92,A,7,4,4,0,0,0,0,0,0,0,0,0,0,0
92,A,8,7,7,0,0,0,0,0,0,0,0,0,0,0
92,A,9,8,8,0,0,0,0,0,0,0,0,0,0,0
92,A,10,6,6,0,0,0,0,0,0,0,0,0,0,0
92,A,11,3,3,0,0,0,0,0,0,0,0,0,0,0
92,A,12,5,5,0,0,0,0,0,0,0,0,0,0,0
92,A,13,5,5,0,0,0,0,0,0,0,0,0,0,0
92,A,14,7,7,0,0,0,0,0,0,0,0,0,0,0
92,A,15,7,7,0,0,0,0,0,0,0,0,0,0,0
92,A,16,6,6,0,0,0,0,0,0,0,0,0,0,0
92,B,1,5,2,3,0,3,1,0,1,0,0,0,0,0
92,B,2,5,3,2,0,2,1,0,0,0,0,0,0,0
92,B,3,3,2,1,0,1,0,0,0,0,0,0,0,0
92,B,4,3,2,1,0,1,1,0,0,0,0,0,0,0
92,B,5,5,4,1,0,1,1,0,1,0,1,0,0,0
92,B,6,7,6,1,0,1,1,0,0,0,0,0,0,0
92,B,7,4,4,0,0,0,0,0,0,0,0,0,0,0
92,B,8,7,7,0,0,0,0,0,0,0,0,0,0,0
92,B,9,8,8,0,0,0,0,0,0,0,0,0,0,0
92,B,10,6,6,0,0,0,0,0,0,0,0,0,0,0
92,B,11,3,3,0,0,0,0,0,0,0,0,0,0,0
92,B,12,5,5,0,0,0,0,0,0,0,0,0,0,0
92,B,13,5,5,0,0,0,0,0,0,0,0,0,0,0
92,B,14,7,7,0,0,0,0,0,0,0,0,0,0,0
92,B,15,7,7,0,0,0,0,0,0,0,0,0,0,0
92,B,16,6,6,0,0,0,0,0,0,0,0,0,0,0
93,base,1,5,2,3,0,3,2,0,3,1,1,0,0,0
93,base,2,3,3,0,0,0,0,0,0,0,0,0,0,0
93,base,3,7,7,0,0,0,0,0,0,0,0,0,0,0
93,base,4,4,3,1,0,1,1,0,1,0,0,0,0,0
93,base,5,4,4,0,0,0,0,0,0,0,0,0,0,0
93,base,6,8,8,0,0,0,0,0,0,0,0,0,0,0
93,base,7,6,6,0,0,0,0,0,0,0,0,0,0,0
93,base,8,10,10,0,0,0,0,0,0,0,0,0,0,0
93,base,9,6,6,0,0,0,0,0,0,0,0,0,0,0
93,base,10,4,4,0,0,0,0,0,0,0,0,0,0,0
93,base,11,1,1,0,0,0,0,0,0,0,0,0,0,0
93,base,12,5,5,0,0,0,0,0,0,0,0,0,0,0
93,base,13,9,9,0,0,0,0,0,0,0,0,0,0,0
93,base,14,6,6,0,0,0,0,0,0,0,0,0,0,0
93,base,15,3,3,0,0,0,0,0,0,0,0,0,0,0
93,base,16,4,4,0,0,0,0,0,0,0,0,0,0,0
93,A,1,5,1,4,0,4,2,0,3,1,1,0,0,0
93,A,2,3,3,0,0,0,0,0,0,0,0,0,0,0
93,A,3,7,6,1,0,1,1,0,0,0,0,0,0,0
93,A,4,4,3,1,0,1,1,0,1,0,0,0,0,0
93,A,5,4,4,0,0,0,0,0,0,0,0,0,0,0
93,A,6,8,8,0,0,0,0,0,0,0,0,0,0,0
93,A,7,6,6,0,0,0,0,0,0,0,0,0,0,0
93,A,8,10,10,0,0,0,0,0,0,0,0,0,0,0
93,A,9,6,6,0,0,0,0,0,0,0,0,0,0,0
93,A,10,4,4,0,0,0,0,0,0,0,0,0,0,0
93,A,11,1,1,0,0,0,0,0,0,0,0,0,0,0
93,A,12,5,5,0,0,0,0,0,0,0,0,0,0,0
93,A,13,9,9,0,0,0,0,0,0,0,0,0,0,0
93,A,14,6,6,0,0,0,0,0,0,0,0,0,0,0
93,A,15,3,3,0,0,0,0,0,0,0,0,0,0,0
93,A,16,4,4,0,0,0,0,0,0,0,0,0,0,0
93,B,1,5,1,4,0,4,2,0,3,1,1,0,0,0
93,B,2,3,3,0,0,0,0,0,0,0,0,0,0,0
93,B,3,7,4,3,0,3,2,0,1,0,1,0,0,0
93,B,4,4,3,1,0,1,1,0,1,0,0,0,0,0
93,B,5,4,3,1,0,1,1,0,1,0,0,0,0,0
93,B,6,8,8,0,0,0,0,0,0,0,0,0,0,0
93,B,7,6,5,1,0,1,1,0,1,0,1,0,0,0
93,B,8,10,10,0,0,0,0,0,0,0,0,0,0,0
93,B,9,6,6,0,0,0,0,0,0,0,0,0,0,0
93,B,10,4,4,0,0,0,0,0,0,0,0,0,0,0
93,B,11,1,1,0,0,0,0,0,0,0,0,0,0,0
93,B,12,5,5,0,0,0,0,0,0,0,0,0,0,0
93,B,13,9,9,0,0,0,0,0,0,0,0,0,0,0
93,B,14,6,6,0,0,0,0,0,0,0,0,0,0,0
93,B,15,3,3,0,0,0,0,0,0,0,0,0,0,0
93,B,16,4,4,0,0,0,0,0,0,0,0,0,0,0
94,base,1,1,0,1,0,1,1,0,1,0,1,0,0,0
94,base,2,2,2,0,0,0,0,0,0,0,0,0,0,0
94,base,3,6,6,0,0,0,0,0,0,0,0,0,0,0
94,base,4,6,6,0,0,0,0,0,0,0,0,0,0,0
94,base,5,2,2,0,0,0,0,0,0,0,0,0,0,0
94,base,6,4,4,0,0,0,0,0,0,0,0,0,0,0
94,base,7,3,3,0,0,0,0,0,0,0,0,0,0,0
94,base,8,4,4,0,0,0,0,0,0,0,0,0,0,0
94,base,9,7,7,0,0,0,0,0,0,0,0,0,0,0
94,base,10,10,10,0,0,0,0,0,0,0,0,0,0,0
94,base,11,3,3,0,0,0,0,0,0,0,0,0,0,0
94,base,12,4,4,0,0,0,0,0,0,0,0,0,0,0
94,base,13,7,7,0,0,0,0,0,0,0,0,0,0,0
94,base,14,10,10,0,0,0,0,0,0,0,0,0,0,0
94,base,15,6,6,0,0,0,0,0,0,0,0,0,0,0
94,base,16,3,3,0,0,0,0,0,0,0,0,0,0,0
94,A,1,1,0,1,0,1,1,0,1,0,1,0,0,0
94,A,2,2,1,1,1,0,0,0,0,0,0,0,0,0
94,A,3,6,5,1,0,1,0,0,0,0,0,0,0,0
94,A,4,6,5,1,0,1,1,0,1,0,1,0,0,0
94,A,5,2,2,0,0,0,0,0,0,0,0,0,0,0
94,A,6,4,4,0,0,0,0,0,0,0,0,0,0,0
94,A,7,3,3,0,0,0,0,0,0,0,0,0,0,0
94,A,8,4,4,0,0,0,0,0,0,0,0,0,0,0
94,A,9,7,7,0,0,0,0,0,0,0,0,0,0,0
94,A,10,10,10,0,0,0,0,0,0,0,0,0,0,0
94,A,11,3,3,0,0,0,0,0,0,0,0,0,0,0
94,A,12,4,4,0,0,0,0,0,0,0,0,0,0,0
94,A,13,7,7,0,0,0,0,0,0,0,0,0,0,0
94,A,14,10,10,0,0,0,0,0,0,0,0,0,0,0
94,A,15,6,6,0,0,0,0,0,0,0,0,0,0,0
94,A,16,3,3,0,0,0,0,0,0,0,0,0,0,0
94,B,1,1,0,1,0,1,1,0,1,0,1,0,0,0
94,B,2,2,1,1,1,0,0,0,0,0,0,0,0,0
94,B,3,6,3,3,0,3,2,0,1,0,0,0,0,0
94,B,4,6,4,2,0,2,2,0,2,0,2,0,0,0
94,B,5,2,2,0,0,0,0,0,0,0,0,0,0,0
94,B,6,4,3,1,0,1,1,0,0,0,0,0,0,0
94,B,7,3,3,0,0,0,0,0,0,0,0,0,0,0
94,B,8,4,4,0,0,0,0,0,0,0,0,0,0,0
94,B,9,7,7,0,0,0,0,0,0,0,0,0,0,0
94,B,10,10,10,0,0,0,0,0,0,0,0,0,0,0
94,B,11,3,3,0,0,0,0,0,0,0,0,0,0,0
94,B,12,4,4,0,0,0,0,0,0,0,0,0,0,0
94,B,13,7,7,0,0,0,0,0,0,0,0,0,0,0
94,B,14,10,10,0,0,0,0,0,0,0,0,0,0,0
94,B,15,6,6,0,0,0,0,0,0,0,0,0,0,0
94,B,16,3,3,0,0,0,0,0,0,0,0,0,0,0
95,base,1,6,3,3,0,3,0,0,0,0,0,0,0,0
95,base,2,4,4,0,0,0,0,0,0,0,0,0,0,0
95,base,3,2,1,1,0,1,0,0,0,0,0,0,0,0
95,base,4,4,3,1,0,1,1,0,1,0,1,0,0,0
95,base,5,9,9,0,0,0,0,0,0,0,0,0,0,0
95,base,6,8,8,0,0,0,0,0,0,0,0,0,0,0
95,base,7,6,6,0,0,0,0,0,0,0,0,0,0,0
95,base,8,7,7,0,0,0,0,0,0,0,0,0,0,0
95,base,9,5,5,0,0,0,0,0,0,0,0,0,0,0
95,base,10,7,7,0,0,0,0,0,0,0,0,0,0,0
95,base,11,3,3,0,0,0,0,0,0,0,0,0,0,0
95,base,12,3,3,0,0,0,0,0,0,0,0,0,0,0
95,base,13,3,3,0,0,0,0,0,0,0,0,0,0,0
95,base,14,11,11,0,0,0,0,0,0,0,0,0,0,0
95,base,15,6,6,0,0,0,0,0,0,0,0,0,0,0
95,base,16,3,3,0,0,0,0,0,0,0,0,0,0,0
95,A,1,6,2,4,0,4,0,0,0,0,0,0,0,0
95,A,2,4,3,1,0,1,1,0,1,0,0,0,0,0
95,A,3,2,1,1,0,1,0,0,0,0,0,0,0,0
95,A,4,4,3,1,0,1,1,0,1,0,0,0,0,0
95,A,5,9,9,0,0,0,0,0,0,0,0,0,0,0
95,A,6,8,8,0,0,0,0,0,0,0,0,0,0,0
95,A,7,6,5,1,0,1,1,0,1,0,0,0,0,0
95,A,8,7,7,0,0,0,0,0,0,0,0,0,0,0
95,A,9,5,5,0,0,0,0,0,0,0,0,0,0,0
95,A,10,7,7,0,0,0,0,0,0,0,0,0,0,0
95,A,11,3,3,0,0,0,0,0,0,0,0,0,0,0
95,A,12,3,3,0,0,0,0,0,0,0,0,0,0,0
95,A,13,3,3,0,0,0,0,0,0,0,0,0,0,0
95,A,14,11,11,0,0,0,0,0,0,0,0,0,0,0
95,A,15,6,6,0,0,0,0,0,0,0,0,0,0,0
95,A,16,3,3,0,0,0,0,0,0,0,0,0,0,0
95,B,1,6,1,5,0,5,0,0,0,0,0,0,0,0
95,B,2,4,1,3,0,3,2,0,1,0,0,0,0,0
95,B,3,2,1,1,0,1,0,0,0,0,0,0,0,0
95,B,4,4,3,1,0,1,1,0,1,0,0,0,0,0
95,B,5,9,9,0,0,0,0,0,0,0,0,0,0,0
95,B,6,8,8,0,0,0,0,0,0,0,0,0,0,0
95,B,7,6,4,2,0,2,2,0,2,0,1,0,0,0
95,B,8,7,7,0,0,0,0,0,0,0,0,0,0,0
95,B,9,5,5,0,0,0,0,0,0,0,0,0,0,0
95,B,10,7,7,0,0,0,0,0,0,0,0,0,0,0
95,B,11,3,3,0,0,0,0,0,0,0,0,0,0,0
95,B,12,3,3,0,0,0,0,0,0,0,0,0,0,0
95,B,13,3,3,0,0,0,0,0,0,0,0,0,0,0
95,B,14,11,11,0,0,0,0,0,0,0,0,0,0,0
95,B,15,6,6,0,0,0,0,0,0,0,0,0,0,0
95,B,16,3,3,0,0,0,0,0,0,0,0,0,0,0
96,base,1,3,1,2,0,2,0,0,0,0,0,0,0,0
96,base,2,4,3,1,0,1,1,0,0,0,0,0,0,0
96,base,3,7,7,0,0,0,0,0,0,0,0,0,0,0
96,base,4,5,5,0,0,0,0,0,0,0,0,0,0,0
96,base,5,8,8,0,0,0,0,0,0,0,0,0,0,0
96,base,6,6,6,0,0,0,0,0,0,0,0,0,0,0
96,base,7,3,3,0,0,0,0,0,0,0,0,0,0,0
96,base,8,5,5,0,0,0,0,0,0,0,0,0,0,0
96,base,9,8,8,0,0,0,0,0,0,0,0,0,0,0
96,base,10,7,7,0,0,0,0,0,0,0,0,0,0,0
96,base,11,7,7,0,0,0,0,0,0,0,0,0,0,0
96,base,12,8,8,0,0,0,0,0,0,0,0,0,0,0
96,base,13,5,5,0,0,0,0,0,0,0,0,0,0,0
96,base,14,3,3,0,0,0,0,0,0,0,0,0,0,0
96,base,15,1,1,0,0,0,0,0,0,0,0,0,0,0
96,base,16,1,1,0,0,0,0,0,0,0,0,0,0,0
96,A,1,3,1,2,0,2,0,0,0,0,0,0,0,0
96,A,2,4,2,2,0,2,2,0,0,0,0,0,0,0
96,A,3,7,5,2,0,2,1,0,1,0,0,0,0,0
96,A,4,5,5,0,0,0,0,0,0,0,0,0,0,0
96,A,5,8,7,1,0,1,1,0,1,0,1,0,0,0
96,A,6,6,5,1,0,1,1,0,1,0,1,0,0,0
96,A,7,3,3,0,0,0,0,0,0,0,0,0,0,0
96,A,8,5,5,0,0,0,0,0,0,0,0,0,0,0
96,A,9,8,8,0,0,0,0,0,0,0,0,0,0,0
96,A,10,7,7,0,0,0,0,0,0,0,0,0,0,0
96,A,11,7,7,0,0,0,0,0,0,0,0,0,0,0
96,A,12,8,8,0,0,0,0,0,0,0,0,0,0,0
96,A,13,5,5,0,0,0,0,0,0,0,0,0,0,0
96,A,14,3,3,0,0,0,0,0,0,0,0,0,0,0
96,A,15,1,1,0,0,0,0,0,0,0,0,0,0,0
96,A,16,1,1,0,0,0,0,0,0,0,0,0,0,0
96,B,1,3,1,2,0,2,0,0,0,0,0,0,0,0
96,B,2,4,2,2,0,2,2,0,0,0,0,0,0,0
96,B,3,7,3,4,0,4,2,0,1,0,0,0,0,0
96,B,4,5,5,0,0,0,0,0,0,0,0,0,0,0
96,B,5,8,7,1,0,1,1,0,1,0,0,0,0,0
96,B,6,6,3,3,0,3,3,0,2,0,2,0,0,0
96,B,7,3,3,0,0,0,0,0,0,0,0,0,0,0
96,B,8,5,5,0,0,0,0,0,0,0,0,0,0,0
96,B,9,8,8,0,0,0,0,0,0,0,0,0,0,0
96,B,10,7,7,0,0,0,0,0,0,0,0,0,0,0
96,B,11,7,7,0,0,0,0,0,0,0,0,0,0,0
96,B,12,8,8,0,0,0,0,0,0,0,0,0,0,0
96,B,13,5,5,0,0,0,0,0,0,0,0,0,0,0
96,B,14,3,3,0,0,0,0,0,0,0,0,0,0,0
96,B,15,1,1,0,0,0,0,0,0,0,0,0,0,0
96,B,16,1,1,0,0,0,0,0,0,0,0,0,0,0
97,base,1,2,1,1,0,1,0,0,0,0,0,0,0,0
97,base,2,5,4,1,0,1,1,0,1,0,0,0,0,0
97,base,3,5,5,0,0,0,0,0,0,0,0,0,0,0
97,base,4,1,1,0,0,0,0,0,0,0,0,0,0,0
97,base,5,5,5,0,0,0,0,0,0,0,0,0,0,0
97,base,6,11,10,1,0,1,1,0,1,0,1,0,0,0
97,base,7,7,7,0,0,0,0,0,0,0,0,0,0,0
97,base,8,4,4,0,0,0,0,0,0,0,0,0,0,0
97,base,9,8,8,0,0,0,0,0,0,0,0,0,0,0
97,base,10,9,9,0,0,0,0,0,0,0,0,0,0,0
97,base,11,6,6,0,0,0,0,0,0,0,0,0,0,0
97,base,12,9,9,0,0,0,0,0,0,0,0,0,0,0
97,base,13,2,2,0,0,0,0,0,0,0,0,0,0,0
97,base,14,4,4,0,0,0,0,0,0,0,0,0,0,0
97,base,15,9,9,0,0,0,0,0,0,0,0,0,0,0
97,base,16,7,7,0,0,0,0,0,0,0,0,0,0,0
97,A,1,2,0,2,0,2,0,0,0,0,0,0,0,0
97,A,2,5,4,1,0,1,1,0,1,0,0,0,0,0
97,A,3,5,4,1,0,1,1,0,1,0,1,0,0,0
97,A,4,1,1,0,0,0,0,0,0,0,0,0,0,0
97,A,5,5,5,0,0,0,0,0,0,0,0,0,0,0
97,A,6,11,10,1,0,1,1,0,1,0,1,0,0,0
97,A,7,7,7,0,0,0,0,0,0,0,0,0,0,0
97,A,8,4,4,0,0,0,0,0,0,0,0,0,0,0
97,A,9,8,8,0,0,0,0,0,0,0,0,0,0,0
97,A,10,9,9,0,0,0,0,0,0,0,0,0,0,0
97,A,11,6,6,0,0,0,0,0,0,0,0,0,0,0
97,A,12,9,9,0,0,0,0,0,0,0,0,0,0,0
97,A,13,2,2,0,0,0,0,0,0,0,0,0,0,0
97,A,14,4,4,0,0,0,0,0,0,0,0,0,0,0
97,A,15,9,9,0,0,0,0,0,0,0,0,0,0,0
97,A,16,7,7,0,0,0,0,0,0,0,0,0,0,0
97,B,1,2,0,2,0,2,0,0,0,0,0,0,0,0
97,B,2,5,3,2,1,1,1,0,1,0,0,0,0,0
97,B,3,5,1,4,0,4,4,0,3,0,2,0,0,0
97,B,4,1,0,1,0,1,1,0,0,0,0,0,0,0
97,B,5,5,5,0,0,0,0,0,0,0,0,0,0,0
97,B,6,11,9,2,0,2,2,0,2,0,2,0,0,0
97,B,7,7,6,1,0,1,1,0,1,0,1,0,0,0
97,B,8,4,4,0,0,0,0,0,0,0,0,0,0,0
97,B,9,8,8,0,0,0,0,0,0,0,0,0,0,0
97,B,10,9,9,0,0,0,0,0,0,0,0,0,0,0
97,B,11,6,6,0,0,0,0,0,0,0,0,0,0,0
97,B,12,9,9,0,0,0,0,0,0,0,0,0,0,0
97,B,13,2,2,0,0,0,0,0,0,0,0,0,0,0
97,B,14,4,4,0,0,0,0,0,0,0,0,0,0,0
97,B,15,9,9,0,0,0,0,0,0,0,0,0,0,0
97,B,16,7,7,0,0,0,0,0,0,0,0,0,0,0
98,base,1,3,0,3,0,3,1,0,0,0,0,0,0,0
98,base,2,3,3,0,0,0,0,0,0,0,0,0,0,0
98,base,3,5,5,0,0,0,0,0,0,0,0,0,0,0
98,base,4,7,7,0,0,0,0,0,0,0,0,0,0,0
98,base,5,4,3,1,0,1,1,0,1,0,1,0,0,0
98,base,6,4,3,1,0,1,1,0,1,0,1,0,0,0
98,base,7,4,4,0,0,0,0,0,0,0,0,0,0,0
98,base,8,2,2,0,0,0,0,0,0,0,0,0,0,0
98,base,9,5,5,0,0,0,0,0,0,0,0,0,0,0
98,base,10,3,3,0,0,0,0,0,0,0,0,0,0,0
98,base,11,8,8,0,0,0,0,0,0,0,0,0,0,0
98,base,12,3,3,0,0,0,0,0,0,0,0,0,0,0
98,base,13,4,4,0,0,0,0,0,0,0,0,0,0,0
98,base,14,5,5,0,0,0,0,0,0,0,0,0,0,0
98,base,15,6,6,0,0,0,0,0,0,0,0,0,0,0
98,base,16,9,9,0,0,0,0,0,0,0,0,0,0,0
98,A,1,3,0,3,0,3,0,0,0,0,0,0,0,0
98,A,2,3,2,1,0,1,0,0,0,0,0,0,0,0
98,A,3,5,4,1,0,1,1,0,1,0,1,0,0,0
98,A,4,7,5,2,0,2,1,0,1,0,0,0,0,0
98,A,5,4,2,2,0,2,2,0,2,0,2,0,0,0
98,A,6,4,3,1,0,1,1,0,1,0,1,0,0,0
98,A,7,4,4,0,0,0,0,0,0,0,0,0,0,0
98,A,8,2,2,0,0,0,0,0,0,0,0,0,0,0
98,A,9,5,5,0,0,0,0,0,0,0,0,0,0,0
98,A,10,3,3,0,0,0,0,0,0,0,0,0,0,0
98,A,11,8,8,0,0,0,0,0,0,0,0,0,0,0
98,A,12,3,3,0,0,0,0,0,0,0,0,0,0,0
98,A,13,4,4,0,0,0,0,0,0,0,0,0,0,0
98,A,14,5,5,0,0,0,0,0,0,0,0,0,0,0
98,A,15,6,6,0,0,0,0,0,0,0,0,0,0,0
98,A,16,9,9,0,0,0,0,0,0,0,0,0,0,0
98,B,1,3,0,3,0,3,0,0,0,0,0,0,0,0
98,B,2,3,2,1,0,1,0,0,0,0,0,0,0,0
98,B,3,5,2,3,0,3,1,0,1,0,0,0,0,0
98,B,4,7,4,3,0,3,1,0,1,0,0,0,0,0
98,B,5,4,1,3,0,3,3,0,2,0,2,0,0,0
98,B,6,4,2,2,0,2,2,0,1,0,0,0,0,0
98,B,7,4,4,0,0,0,0,0,0,0,0,0,0,0
98,B,8,2,2,0,0,0,0,0,0,0,0,0,0,0
98,B,9,5,5,0,0,0,0,0,0,0,0,0,0,0
98,B,10,3,3,0,0,0,0,0,0,0,0,0,0,0
98,B,11,8,8,0,0,0,0,0,0,0,0,0,0,0
98,B,12,3,3,0,0,0,0,0,0,0,0,0,0,0
98,B,13,4,4,0,0,0,0,0,0,0,0,0,0,0
98,B,14,5,5,0,0,0,0,0,0,0,0,0,0,0
98,B,15,6,6,0,0,0,0,0,0,0,0,0,0,0
98,B,16,9,9,0,0,0,0,0,0,0,0,0,0,0
99,base,1,1,1,0,0,0,0,0,0,0,0,0,0,0
99,base,2,4,3,1,0,1,1,0,1,0,0,0,0,0
99,base,3,5,5,0,0,0,0,0,0,0,0,0,0,0
99,base,4,6,6,0,0,0,0,0,0,0,0,0,0,0
99,base,5,4,4,0,0,0,0,0,0,0,0,0,0,0
99,base,6,6,6,0,0,0,0,0,0,0,0,0,0,0
99,base,7,5,5,0,0,0,0,0,0,0,0,0,0,0
99,base,8,7,7,0,0,0,0,0,0,0,0,0,0,0
99,base,9,1,1,0,0,0,0,0,0,0,0,0,0,0
99,base,10,4,4,0,0,0,0,0,0,0,0,0,0,0
99,base,11,4,4,0,0,0,0,0,0,0,0,0,0,0
99,base,12,6,6,0,0,0,0,0,0,0,0,0,0,0
99,base,13,4,4,0,0,0,0,0,0,0,0,0,0,0
99,base,14,7,7,0,0,0,0,0,0,0,0,0,0,0
99,base,15,6,6,0,0,0,0,0,0,0,0,0,0,0
99,base,16,6,6,0,0,0,0,0,0,0,0,0,0,0
99,A,1,1,1,0,0,0,0,0,0,0,0,0,0,0
99,A,2,4,3,1,0,1,1,0,1,0,0,0,0,0
99,A,3,5,5,0,0,0,0,0,0,0,0,0,0,0
99,A,4,6,6,0,0,0,0,0,0,0,0,0,0,0
99,A,5,4,4,0,0,0,0,0,0,0,0,0,0,0
99,A,6,6,6,0,0,0,0,0,0,0,0,0,0,0
99,A,7,5,5,0,0,0,0,0,0,0,0,0,0,0
99,A,8,7,7,0,0,0,0,0,0,0,0,0,0,0
99,A,9,1,1,0,0,0,0,0,0,0,0,0,0,0
99,A,10,4,4,0,0,0,0,0,0,0,0,0,0,0
99,A,11,4,4,0,0,0,0,0,0,0,0,0,0,0
99,A,12,6,6,0,0,0,0,0,0,0,0,0,0,0
99,A,13,4,4,0,0,0,0,0,0,0,0,0,0,0
99,A,14,7,7,0,0,0,0,0,0,0,0,0,0,0
99,A,15,6,6,0,0,0,0,0,0,0,0,0,0,0
99,A,16,6,6,0,0,0,0,0,0,0,0,0,0,0
99,B,1,1,0,1,0,1,0,0,0,0,0,0,0,0
99,B,2,4,1,3,0,3,3,0,2,0,0,0,0,0
99,B,3,5,2,3,0,3,3,0,1,0,0,0,0,0
99,B,4,6,4,2,0,2,2,0,2,0,0,0,0,0
99,B,5,4,3,1,0,1,1,0,1,0,0,0,0,0
99,B,6,6,5,1,0,1,1,0,1,0,0,0,0,0
99,B,7,5,5,0,0,0,0,0,0,0,0,0,0,0
99,B,8,7,7,0,0,0,0,0,0,0,0,0,0,0
99,B,9,1,1,0,0,0,0,0,0,0,0,0,0,0
99,B,10,4,4,0,0,0,0,0,0,0,0,0,0,0
99,B,11,4,4,0,0,0,0,0,0,0,0,0,0,0
99,B,12,6,6,0,0,0,0,0,0,0,0,0,0,0
99,B,13,4,4,0,0,0,0,0,0,0,0,0,0,0
99,B,14,7,7,0,0,0,0,0,0,0,0,0,0,0
99,B,15,6,6,0,0,0,0,0,0,0,0,0,0,0
99,B,16,6,6,0,0,0,0,0,0,0,0,0,0,0
100,base,1,10,5,5,0,5,4,0,1,0,0,0,0,0
100,base,2,7,6,1,0,1,1,0,1,0,0,0,0,0
100,base,3,6,5,1,0,1,1,0,1,0,0,0,0,0
100,base,4,3,3,0,0,0,0,0,0,0,0,0,0,0
100,base,5,6,6,0,0,0,0,0,0,0,0,0,0,0
100,base,6,8,8,0,0,0,0,0,0,0,0,0,0,0
100,base,7,9,9,0,0,0,0,0,0,0,0,0,0,0
100,base,8,7,7,0,0,0,0,0,0,0,0,0,0,0
100,base,9,6,6,0,0,0,0,0,0,0,0,0,0,0
100,base,10,6,6,0,0,0,0,0,0,0,0,0,0,0
100,base,11,7,7,0,0,0,0,0,0,0,0,0,0,0
100,base,12,7,7,0,0,0,0,0,0,0,0,0,0,0
100,base,13,3,3,0,0,0,0,0,0,0,0,0,0,0
100,base,14,4,4,0,0,0,0,0,0,0,0,0,0,0
100,base,15,10,10,0,0,0,0,0,0,0,0,0,0,0
100,base,16,5,5,0,0,0,0,0,0,0,0,0,0,0
100,A,1,10,5,5,0,5,3,0,1,0,0,0,0,0
100,A,2,7,4,3,0,3,3,0,2,0,1,0,0,0
100,A,3,6,3,3,0,3,3,0,3,0,0,0,0,0
100,A,4,3,3,0,0,0,0,0,0,0,0,0,0,0
100,A,5,6,5,1,0,1,1,0,1,0,0,0,0,0
100,A,6,8,7,1,0,1,1,0,1,0,0,0,0,0
100,A,7,9,9,0,0,0,0,0,0,0,0,0,0,0
100,A,8,7,7,0,0,0,0,0,0,0,0,0,0,0
100,A,9,6,6,0,0,0,0,0,0,0,0,0,0,0
100,A,10,6,6,0,0,0,0,0,0,0,0,0,0,0
100,A,11,7,7,0,0,0,0,0,0,0,0,0,0,0
100,A,12,7,7,0,0,0,0,0,0,0,0,0,0,0
100,A,13,3,3,0,0,0,0,0,0,0,0,0,0,0
100,A,14,4,4,0,0,0,0,0,0,0,0,0,0,0
100,A,15,10,10,0,0,0,0,0,0,0,0,0,0,0
100,A,16,5,5,0,0,0,0,0,0,0,0,0,0,0
100,B,1,10,5,5,0,5,3,0,1,0,0,0,0,0
100,B,2,7,3,4,0,4,2,0,2,0,1,0,0,0
100,B,3,6,3,3,0,3,3,0,2,0,0,0,0,0
100,B,4,3,3,0,0,0,0,0,0,0,0,0,0,0
100,B,5,6,4,2,0,2,2,0,2,0,0,0,0,0
100,B,6,8,6,2,0,2,2,0,2,0,1,0,0,0
100,B,7,9,9,0,0,0,0,0,0,0,0,0,0,0
100,B,8,7,7,0,0,0,0,0,0,0,0,0,0,0
100,B,9,6,6,0,0,0,0,0,0,0,0,0,0,0
100,B,10,6,6,0,0,0,0,0,0,0,0,0,0,0
100,B,11,7,7,0,0,0,0,0,0,0,0,0,0,0
100,B,12,7,7,0,0,0,0,0,0,0,0,0,0,0
100,B,13,3,3,0,0,0,0,0,0,0,0,0,0,0
100,B,14,4,4,0,0,0,0,0,0,0,0,0,0,0
100,B,15,10,10,0,0,0,0,0,0,0,0,0,0,0
100,B,16,5,5,0,0,0,0,0,0,0,0,0,0,0
101,base,1,2,0,2,0,2,0,0,0,0,0,0,0,0
101,base,2,8,7,1,0,1,1,0,0,0,0,0,0,0
101,base,3,4,4,0,0,0,0,0,0,0,0,0,0,0
101,base,4,5,5,0,0,0,0,0,0,0,0,0,0,0
101,base,5,2,2,0,0,0,0,0,0,0,0,0,0,0
101,base,6,8,8,0,0,0,0,0,0,0,0,0,0,0
101,base,7,3,3,0,0,0,0,0,0,0,0,0,0,0
101,base,8,6,6,0,0,0,0,0,0,0,0,0,0,0
101,base,9,6,6,0,0,0,0,0,0,0,0,0,0,0
101,base,10,7,7,0,0,0,0,0,0,0,0,0,0,0
101,base,11,6,6,0,0,0,0,0,0,0,0,0,0,0
101,base,12,7,7,0,0,0,0,0,0,0,0,0,0,0
101,base,13,5,5,0,0,0,0,0,0,0,0,0,0,0
101,base,14,8,8,0,0,0,0,0,0,0,0,0,0,0
101,base,15,4,4,0,0,0,0,0,0,0,0,0,0,0
101,base,16,4,4,0,0,0,0,0,0,0,0,0,0,0
101,A,1,2,0,2,0,2,0,0,0,0,0,0,0,0
101,A,2,8,7,1,0,1,1,0,0,0,0,0,0,0
101,A,3,4,3,1,0,1,1,0,1,0,0,0,0,0
101,A,4,5,4,1,0,1,1,0,1,0,1,0,0,0
101,A,5,2,2,0,0,0,0,0,0,0,0,0,0,0
101,A,6,8,8,0,0,0,0,0,0,0,0,0,0,0
101,A,7,3,3,0,0,0,0,0,0,0,0,0,0,0
101,A,8,6,6,0,0,0,0,0,0,0,0,0,0,0
101,A,9,6,6,0,0,0,0,0,0,0,0,0,0,0
101,A,10,7,7,0,0,0,0,0,0,0,0,0,0,0
101,A,11,6,6,0,0,0,0,0,0,0,0,0,0,0
101,A,12,7,7,0,0,0,0,0,0,0,0,0,0,0
101,A,13,5,5,0,0,0,0,0,0,0,0,0,0,0
101,A,14,8,8,0,0,0,0,0,0,0,0,0,0,0
101,A,15,4,4,0,0,0,0,0,0,0,0,0,0,0
101,A,16,4,4,0,0,0,0,0,0,0,0,0,0,0
101,B,1,2,0,2,0,2,0,0,0,0,0,0,0,0
101,B,2,8,7,1,0,1,1,0,0,0,0,0,0,0
101,B,3,4,2,2,0,2,1,0,1,0,0,0,0,0
101,B,4,5,2,3,0,3,2,0,2,0,1,0,0,0
101,B,5,2,1,1,0,1,1,0,1,0,1,0,0,0
101,B,6,8,8,0,0,0,0,0,0,0,0,0,0,0
101,B,7,3,3,0,0,0,0,0,0,0,0,0,0,0
101,B,8,6,6,0,0,0,0,0,0,0,0,0,0,0
101,B,9,6,6,0,0,0,0,0,0,0,0,0,0,0
101,B,10,7,7,0,0,0,0,0,0,0,0,0,0,0
101,B,11,6,6,0,0,0,0,0,0,0,0,0,0,0
101,B,12,7,7,0,0,0,0,0,0,0,0,0,0,0
101,B,13,5,5,0,0,0,0,0,0,0,0,0,0,0
101,B,14,8,8,0,0,0,0,0,0,0,0,0,0,0
101,B,15,4,4,0,0,0,0,0,0,0,0,0,0,0
101,B,16,4,4,0,0,0,0,0,0,0,0,0,0,0
102,base,1,4,1,3,0,3,3,0,2,0,0,0,0,0
102,base,2,2,1,1,0,1,1,0,1,0,0,0,0,0
102,base,3,3,3,0,0,0,0,0,0,0,0,0,0,0
102,base,4,9,9,0,0,0,0,0,0,0,0,0,0,0
102,base,5,4,4,0,0,0,0,0,0,0,0,0,0,0
102,base,6,11,11,0,0,0,0,0,0,0,0,0,0,0
102,base,7,5,5,0,0,0,0,0,0,0,0,0,0,0
102,base,8,4,4,0,0,0,0,0,0,0,0,0,0,0
102,base,9,10,10,0,0,0,0,0,0,0,0,0,0,0
102,base,10,7,7,0,0,0,0,0,0,0,0,0,0,0
102,base,11,2,2,0,0,0,0,0,0,0,0,0,0,0
102,base,12,3,3,0,0,0,0,0,0,0,0,0,0,0
102,base,13,2,2,0,0,0,0,0,0,0,0,0,0,0
102,base,14,9,9,0,0,0,0,0,0,0,0,0,0,0
102,base,15,5,5,0,0,0,0,0,0,0,0,0,0,0
102,base,16,4,4,0,0,0,0,0,0,0,0,0,0,0
102,A,1,4,1,3,0,3,2,0,2,0,0,0,0,0
102,A,2,2,1,1,0,1,1,0,1,0,0,0,0,0
102,A,3,3,3,0,0,0,0,0,0,0,0,0,0,0
102,A,4,9,9,0,0,0,0,0,0,0,0,0,0,0
102,A,5,4,4,0,0,0,0,0,0,0,0,0,0,0
102,A,6,11,11,0,0,0,0,0,0,0,0,0,0,0
102,A,7,5,5,0,0,0,0,0,0,0,0,0,0,0
102,A,8,4,4,0,0,0,0,0,0,0,0,0,0,0
102,A,9,10,10,0,0,0,0,0,0,0,0,0,0,0
102,A,10,7,7,0,0,0,0,0,0,0,0,0,0,0
102,A,11,2,2,0,0,0,0,0,0,0,0,0,0,0
102,A,12,3,3,0,0,0,0,0,0,0,0,0,0,0
102,A,13,2,2,0,0,0,0,0,0,0,0,0,0,0
102,A,14,9,9,0,0,0,0,0,0,0,0,0,0,0
102,A,15,5,5,0,0,0,0,0,0,0,0,0,0,0
102,A,16,4,4,0,0,0,0,0,0,0,0,0,0,0
102,B,1,4,1,3,0,3,2,0,2,0,0,0,0,0
102,B,2,2,1,1,0,1,1,0,1,0,0,0,0,0
102,B,3,3,2,1,0,1,1,0,0,0,0,0,0,0
102,B,4,9,8,1,0,1,1,0,0,0,0,0,0,0
102,B,5,4,3,1,0,1,1,0,1,0,1,0,0,0
102,B,6,11,11,0,0,0,0,0,0,0,0,0,0,0
102,B,7,5,5,0,0,0,0,0,0,0,0,0,0,0
102,B,8,4,4,0,0,0,0,0,0,0,0,0,0,0
102,B,9,10,9,1,0,1,1,0,1,0,1,0,0,0
102,B,10,7,7,0,0,0,0,0,0,0,0,0,0,0
102,B,11,2,2,0,0,0,0,0,0,0,0,0,0,0
102,B,12,3,3,0,0,0,0,0,0,0,0,0,0,0
102,B,13,2,2,0,0,0,0,0,0,0,0,0,0,0
102,B,14,9,9,0,0,0,0,0,0,0,0,0,0,0
102,B,15,5,5,0,0,0,0,0,0,0,0,0,0,0
102,B,16,4,4,0,0,0,0,0,0,0,0,0,0,0
103,base,1,3,2,1,0,1,1,0,0,0,0,0,0,0
103,base,2,5,3,2,0,2,2,0,2,0,0,0,0,0
103,base,3,4,4,0,0,0,0,0,0,0,0,0,0,0
103,base,4,7,7,0,0,0,0,0,0,0,0,0,0,0
103,base,5,5,4,1,0,1,1,0,1,0,0,0,0,0
103,base,6,3,3,0,0,0,0,0,0,0,0,0,0,0
103,base,7,8,8,0,0,0,0,0,0,0,0,0,0,0
103,base,8,1,1,0,0,0,0,0,0,0,0,0,0,0
103,base,9,7,7,0,0,0,0,0,0,0,0,0,0,0
103,base,10,1,1,0,0,0,0,0,0,0,0,0,0,0
103,base,11,6,6,0,0,0,0,0,0,0,0,0,0,0
103,base,12,5,5,0,0,0,0,0,0,0,0,0,0,0
103,base,13,9,9,0,0,0,0,0,0,0,0,0,0,0
103,base,14,5,5,0,0,0,0,0,0,0,0,0,0,0
103,base,15,3,3,0,0,0,0,0,0,0,0,0,0,0
103,base,16,3,3,0,0,0,0,0,0,0,0,0,0,0
103,A,1,3,1,2,0,2,0,0,0,0,0,0,0,0
103,A,2,5,2,3,0,3,3,0,3,0,0,0,0,0
103,A,3,4,4,0,0,0,0,0,0,0,0,0,0,0
103,A,4,7,7,0,0,0,0,0,0,0,0,0,0,0
103,A,5,5,4,1,0,1,1,0,1,0,0,0,0,0
103,A,6,3,3,0,0,0,0,0,0,0,0,0,0,0
103,A,7,8,8,0,0,0,0,0,0,0,0,0,0,0
103,A,8,1,1,0,0,0,0,0,0,0,0,0,0,0
103,A,9,7,7,0,0,0,0,0,0,0,0,0,0,0
103,A,10,1,1,0,0,0,0,0,0,0,0,0,0,0
103,A,11,6,6,0,0,0,0,0,0,0,0,0,0,0
103,A,12,5,5,0,0,0,0,0,0,0,0,0,0,0
103,A,13,9,9,0,0,0,0,0,0,0,0,0,0,0
103,A,14,5,5,0,0,0,0,0,0,0,0,0,0,0
103,A,15,3,3,0,0,0,0,0,0,0,0,0,0,0
103,A,16,3,3,0,0,0,0,0,0,0,0,0,0,0
103,B,1,3,1,2,0,2,0,0,0,0,0,0,0,0
103,B,2,5,1,4,0,4,4,0,3,0,0,0,0,0
103,B,3,4,4,0,0,0,0,0,0,0,0,0,0,0
103,B,4,7,5,2,0,2,1,0,1,0,0,0,0,0
103,B,5,5,4,1,0,1,1,0,1,0,0,0,0,0
103,B,6,3,3,0,0,0,0,0,0,0,0,0,0,0
103,B,7,8,8,0,0,0,0,0,0,0,0,0,0,0
103,B,8,1,1,0,0,0,0,0,0,0,0,0,0,0
103,B,9,7,7,0,0,0,0,0,0,0,0,0,0,0
103,B,10,1,1,0,0,0,0,0,0,0,0,0,0,0
103,B,11,6,6,0,0,0,0,0,0,0,0,0,0,0
103,B,12,5,5,0,0,0,0,0,0,0,0,0,0,0
103,B,13,9,9,0,0,0,0,0,0,0,0,0,0,0
103,B,14,5,5,0,0,0,0,0,0,0,0,0,0,0
103,B,15,3,3,0,0,0,0,0,0,0,0,0,0,0
103,B,16,3,3,0,0,0,0,0,0,0,0,0,0,0
104,base,1,2,0,2,0,2,0,0,0,0,0,0,0,0
104,base,2,11,10,1,0,1,0,0,0,0,0,0,0,0
104,base,3,8,7,1,0,1,1,0,1,0,0,0,0,0
104,base,4,7,7,0,0,0,0,0,0,0,0,0,0,0
104,base,5,6,6,0,0,0,0,0,0,0,0,0,0,0
104,base,6,5,5,0,0,0,0,0,0,0,0,0,0,0
104,base,7,9,9,0,0,0,0,0,0,0,0,0,0,0
104,base,8,2,2,0,0,0,0,0,0,0,0,0,0,0
104,base,9,4,4,0,0,0,0,0,0,0,0,0,0,0
104,base,10,6,6,0,0,0,0,0,0,0,0,0,0,0
104,base,11,8,8,0,0,0,0,0,0,0,0,0,0,0
104,base,12,4,4,0,0,0,0,0,0,0,0,0,0,0
104,base,13,2,2,0,0,0,0,0,0,0,0,0,0,0
104,base,14,2,2,0,0,0,0,0,0,0,0,0,0,0
104,base,15,4,4,0,0,0,0,0,0,0,0,0,0,0
104,base,16,4,4,0,0,0,0,0,0,0,0,0,0,0
104,A,1,2,0,2,0,2,0,0,0,0,0,0,0,0
104,A,2,11,9,2,0,2,0,0,0,0,0,0,0,0
104,A,3,8,5,3,0,3,2,0,3,1,0,0,0,0
104,A,4,7,7,0,0,0,0,0,0,0,0,0,0,0
104,A,5,6,6,0,0,0,0,0,0,0,0,0,0,0
104,A,6,5,5,0,0,0,0,0,0,0,0,0,0,0
104,A,7,9,9,0,0,0,0,0,0,0,0,0,0,0
104,A,8,2,2,0,0,0,0,0,0,0,0,0,0,0
104,A,9,4,4,0,0,0,0,0,0,0,0,0,0,0
104,A,10,6,5,1,0,1,1,0,1,0,1,0,0,0
104,A,11,8,8,0,0,0,0,0,0,0,0,0,0,0
104,A,12,4,4,0,0,0,0,0,0,0,0,0,0,0
104,A,13,2,2,0,0,0,0,0,0,0,0,0,0,0
104,A,14,2,2,0,0,0,0,0,0,0,0,0,0,0
104,A,15,4,4,0,0,0,0,0,0,0,0,0,0,0
104,A,16,4,4,0,0,0,0,0,0,0,0,0,0,0
104,B,1,2,0,2,0,2,0,0,0,0,0,0,0,0
104,B,2,11,8,3,0,3,0,0,1,1,0,0,0,0
104,B,3,8,4,4,0,4,3,0,3,1,0,0,0,0
104,B,4,7,6,1,0,1,1,0,1,0,1,0,0,0
104,B,5,6,5,1,0,1,1,0,0,0,0,0,0,0
104,B,6,5,5,0,0,0,0,0,0,0,0,0,0,0
104,B,7,9,9,0,0,0,0,0,0,0,0,0,0,0
104,B,8,2,2,0,0,0,0,0,0,0,0,0,0,0
104,B,9,4,3,1,0,1,1,0,1,0,0,0,0,0
104,B,10,6,5,1,0,1,1,0,1,0,1,0,0,0
104,B,11,8,8,0,0,0,0,0,0,0,0,0,0,0
104,B,12,4,4,0,0,0,0,0,0,0,0,0,0,0
104,B,13,2,2,0,0,0,0,0,0,0,0,0,0,0
104,B,14,2,2,0,0,0,0,0,0,0,0,0,0,0
104,B,15,4,4,0,0,0,0,0,0,0,0,0,0,0
104,B,16,4,4,0,0,0,0,0,0,0,0,0,0,0
105,base,1,7,2,5,0,5,4,0,3,0,1,0,0,0
105,base,2,4,3,1,0,1,1,0,0,0,0,0,0,0
105,base,3,6,6,0,0,0,0,0,0,0,0,0,0,0
105,base,4,7,7,0,0,0,0,0,0,0,0,0,0,0
105,base,5,8,8,0,0,0,0,0,0,0,0,0,0,0
105,base,6,2,2,0,0,0,0,0,0,0,0,0,0,0
105,base,7,6,6,0,0,0,0,0,0,0,0,0,0,0
105,base,8,4,4,0,0,0,0,0,0,0,0,0,0,0
105,base,9,6,6,0,0,0,0,0,0,0,0,0,0,0
105,base,10,2,2,0,0,0,0,0,0,0,0,0,0,0
105,base,11,6,6,0,0,0,0,0,0,0,0,0,0,0
105,base,12,7,7,0,0,0,0,0,0,0,0,0,0,0
105,base,13,7,7,0,0,0,0,0,0,0,0,0,0,0
105,base,14,4,4,0,0,0,0,0,0,0,0,0,0,0
105,base,15,5,5,0,0,0,0,0,0,0,0,0,0,0
105,base,16,8,8,0,0,0,0,0,0,0,0,0,0,0
105,A,1,7,1,6,0,6,4,0,3,0,1,0,0,0
105,A,2,4,1,3,0,3,3,0,0,0,0,0,0,0
105,A,3,6,6,0,0,0,0,0,0,0,0,0,0,0
105,A,4,7,7,0,0,0,0,0,0,0,0,0,0,0
105,A,5,8,8,0,0,0,0,0,0,0,0,0,0,0
105,A,6,2,2,0,0,0,0,0,0,0,0,0,0,0
105,A,7,6,6,0,0,0,0,0,0,0,0,0,0,0
105,A,8,4,4,0,0,0,0,0,0,0,0,0,0,0
105,A,9,6,6,0,0,0,0,0,0,0,0,0,0,0
105,A,10,2,2,0,0,0,0,0,0,0,0,0,0,0
105,A,11,6,6,0,0,0,0,0,0,0,0,0,0,0
105,A,12,7,7,0,0,0,0,0,0,0,0,0,0,0
105,A,13,7,7,0,0,0,0,0,0,0,0,0,0,0
105,A,14,4,4,0,0,0,0,0,0,0,0,0,0,0
105,A,15,5,5,0,0,0,0,0,0,0,0,0,0,0
105,A,16,8,8,0,0,0,0,0,0,0,0,0,0,0
105,B,1,7,1,6,0,6,3,0,3,0,1,0,0,0
105,B,2,4,1,3,0,3,2,0,0,0,0,0,0,0
105,B,3,6,6,0,0,0,0,0,0,0,0,0,0,0
105,B,4,7,6,1,0,1,1,0,0,0,0,0,0,0
105,B,5,8,8,0,0,0,0,0,0,0,0,0,0,0
105,B,6,2,2,0,0,0,0,0,0,0,0,0,0,0
105,B,7,6,5,1,0,1,1,0,1,0,1,0,0,0
105,B,8,4,4,0,0,0,0,0,0,0,0,0,0,0
105,B,9,6,6,0,0,0,0,0,0,0,0,0,0,0
105,B,10,2,2,0,0,0,0,0,0,0,0,0,0,0
105,B,11,6,6,0,0,0,0,0,0,0,0,0,0,0
105,B,12,7,7,0,0,0,0,0,0,0,0,0,0,0
105,B,13,7,7,0,0,0,0,0,0,0,0,0,0,0
105,B,14,4,4,0,0,0,0,0,0,0,0,0,0,0
105,B,15,5,5,0,0,0,0,0,0,0,0,0,0,0
105,B,16,8,8,0,0,0,0,0,0,0,0,0,0,0
106,base,1,10,7,3,0,3,3,0,2,0,1,0,0,0
106,base,2,10,8,2,0,2,2,0,1,0,0,0,0,0
106,base,3,4,3,1,0,1,1,0,1,0,0,0,0,0
106,base,4,3,3,0,0,0,0,0,0,0,0,0,0,0
106,base,5,8,8,0,0,0,0,0,0,0,0,0,0,0
106,base,6,5,5,0,0,0,0,0,0,0,0,0,0,0
106,base,7,6,6,0,0,0,0,0,0,0,0,0,0,0
106,base,8,3,3,0,0,0,0,0,0,0,0,0,0,0
106,base,9,4,4,0,0,0,0,0,0,0,0,0,0,0
106,base,10,2,2,0,0,0,0,0,0,0,0,0,0,0
106,base,11,8,8,0,0,0,0,0,0,0,0,0,0,0
106,base,12,6,6,0,0,0,0,0,0,0,0,0,0,0
106,base,13,3,3,0,0,0,0,0,0,0,0,0,0,0
106,base,14,5,5,0,0,0,0,0,0,0,0,0,0,0
106,base,15,8,8,0,0,0,0,0,0,0,0,0,0,0
106,base,16,2,2,0,0,0,0,0,0,0,0,0,0,0
106,A,1,10,3,7,0,7,4,0,2,0,1,0,0,0
106,A,2,10,5,5,1,4,3,0,1,0,0,0,0,0
106,A,3,4,1,3,0,3,3,0,1,0,0,0,0,0
106,A,4,3,2,1,0,1,1,0,1,0,1,0,0,0
106,A,5,8,8,0,0,0,0,0,0,0,0,0,0,0
106,A,6,5,5,0,0,0,0,0,0,0,0,0,0,0
106,A,7,6,6,0,0,0,0,0,0,0,0,0,0,0
106,A,8,3,3,0,0,0,0,0,0,0,0,0,0,0
106,A,9,4,4,0,0,0,0,0,0,0,0,0,0,0
106,A,10,2,2,0,0,0,0,0,0,0,0,0,0,0
106,A,11,8,8,0,0,0,0,0,0,0,0,0,0,0
106,A,12,6,6,0,0,0,0,0,0,0,0,0,0,0
106,A,13,3,3,0,0,0,0,0,0,0,0,0,0,0
106,A,14,5,5,0,0,0,0,0,0,0,0,0,0,0
106,A,15,8,8,0,0,0,0,0,0,0,0,0,0,0
106,A,16,2,2,0,0,0,0,0,0,0,0,0,0,0
106,B,1,10,2,8,0,8,4,0,2,0,1,0,0,0
106,B,2,10,3,7,1,6,5,0,2,0,0,0,0,0
106,B,3,4,1,3,0,3,2,0,1,0,0,0,0,0
106,B,4,3,2,1,0,1,1,0,1,0,1,0,0,0
106,B,5,8,8,0,0,0,0,0,0,0,0,0,0,0
106,B,6,5,5,0,0,0,0,0,0,0,0,0,0,0
106,B,7,6,5,1,0,1,1,0,1,0,0,0,0,0
106,B,8,3,3,0,0,0,0,0,0,0,0,0,0,0
106,B,9,4,4,0,0,0,0,0,0,0,0,0,0,0
106,B,10,2,2,0,0,0,0,0,0,0,0,0,0,0
106,B,11,8,8,0,0,0,0,0,0,0,0,0,0,0
106,B,12,6,6,0,0,0,0,0,0,0,0,0,0,0
106,B,13,3,3,0,0,0,0,0,0,0,0,0,0,0
106,B,14,5,5,0,0,0,0,0,0,0,0,0,0,0
106,B,15,8,8,0,0,0,0,0,0,0,0,0,0,0
106,B,16,2,2,0,0,0,0,0,0,0,0,0,0,0
107,base,1,3,3,0,0,0,0,0,0,0,0,0,0,0
107,base,2,3,3,0,0,0,0,0,0,0,0,0,0,0
107,base,3,6,6,0,0,0,0,0,0,0,0,0,0,0
107,base,4,7,7,0,0,0,0,0,0,0,0,0,0,0
107,base,5,6,6,0,0,0,0,0,0,0,0,0,0,0
107,base,6,3,3,0,0,0,0,0,0,0,0,0,0,0
107,base,7,6,6,0,0,0,0,0,0,0,0,0,0,0
107,base,8,6,6,0,0,0,0,0,0,0,0,0,0,0
107,base,9,3,3,0,0,0,0,0,0,0,0,0,0,0
107,base,10,4,4,0,0,0,0,0,0,0,0,0,0,0
107,base,11,8,8,0,0,0,0,0,0,0,0,0,0,0
107,base,12,9,9,0,0,0,0,0,0,0,0,0,0,0
107,base,13,4,4,0,0,0,0,0,0,0,0,0,0,0
107,base,14,3,3,0,0,0,0,0,0,0,0,0,0,0
107,base,15,9,9,0,0,0,0,0,0,0,0,0,0,0
107,base,16,3,3,0,0,0,0,0,0,0,0,0,0,0
107,A,1,3,2,1,0,1,0,0,0,0,0,0,0,0
107,A,2,3,3,0,0,0,0,0,0,0,0,0,0,0
107,A,3,6,6,0,0,0,0,0,0,0,0,0,0,0
107,A,4,7,7,0,0,0,0,0,0,0,0,0,0,0
107,A,5,6,6,0,0,0,0,0,0,0,0,0,0,0
107,A,6,3,3,0,0,0,0,0,0,0,0,0,0,0
107,A,7,6,6,0,0,0,0,0,0,0,0,0,0,0
107,A,8,6,6,0,0,0,0,0,0,0,0,0,0,0
107,A,9,3,3,0,0,0,0,0,0,0,0,0,0,0
107,A,10,4,4,0,0,0,0,0,0,0,0,0,0,0
107,A,11,8,8,0,0,0,0,0,0,0,0,0,0,0
107,A,12,9,9,0,0,0,0,0,0,0,0,0,0,0
107,A,13,4,4,0,0,0,0,0,0,0,0,0,0,0
107,A,14,3,3,0,0,0,0,0,0,0,0,0,0,0
107,A,15,9,9,0,0,0,0,0,0,0,0,0,0,0
107,A,16,3,3,0,0,0,0,0,0,0,0,0,0,0
107,B,1,3,2,1,0,1,0,0,0,0,0,0,0,0
107,B,2,3,2,1,0,1,0,0,0,0,0,0,0,0
107,B,3,6,5,1,0,1,1,0,1,0,0,0,0,0
107,B,4,7,6,1,0,1,0,0,0,0,0,0,0,0
107,B,5,6,5,1,0,1,1,0,1,0,1,0,0,0
107,B,6,3,2,1,0,1,1,0,1,0,0,0,0,0
107,B,7,6,6,0,0,0,0,0,0,0,0,0,0,0
107,B,8,6,5,1,0,1,1,0,1,0,1,0,0,0
107,B,9,3,3,0,0,0,0,0,0,0,0,0,0,0
107,B,10,4,4,0,0,0,0,0,0,0,0,0,0,0
107,B,11,8,8,0,0,0,0,0,0,0,0,0,0,0
107,B,12,9,9,0,0,0,0,0,0,0,0,0,0,0
107,B,13,4,4,0,0,0,0,0,0,0,0,0,0,0
107,B,14,3,3,0,0,0,0,0,0,0,0,0,0,0
107,B,15,9,9,0,0,0,0,0,0,0,0,0,0,0
107,B,16,3,3,0,0,0,0,0,0,0,0,0,0,0
108,base,1,5,4,1,0,1,0,0,0,0,0,0,0,0
108,base,2,6,3,3,0,3,3,0,3,0,1,0,0,0
108,base,3,2,0,2,0,2,1,0,0,0,0,0,0,0
108,base,4,4,4,0,0,0,0,0,0,0,0,0,0,0
108,base,5,3,3,0,0,0,0,0,0,0,0,0,0,0
108,base,6,4,4,0,0,0,0,0,0,0,0,0,0,0
108,base,7,8,8,0,0,0,0,0,0,0,0,0,0,0
108,base,8,1,1,0,0,0,0,0,0,0,0,0,0,0
108,base,9,6,6,0,0,0,0,0,0,0,0,0,0,0
108,base,10,2,2,0,0,0,0,0,0,0,0,0,0,0
108,base,11,3,3,0,0,0,0,0,0,0,0,0,0,0
108,base,12,5,5,0,0,0,0,0,0,0,0,0,0,0
108,base,13,5,5,0,0,0,0,0,0,0,0,0,0,0
108,base,14,6,6,0,0,0,0,0,0,0,0,0,0,0
108,base,15,10,10,0,0,0,0,0,0,0,0,0,0,0
108,base,16,8,8,0,0,0,0,0,0,0,0,0,0,0
108,A,1,5,2,3,0,3,1,0,0,0,0,0,0,0
108,A,2,6,3,3,0,3,3,0,3,0,1,0,0,0
108,A,3,2,0,2,0,2,1,0,0,0,0,0,0,0
108,A,4,4,3,1,0,1,1,0,0,0,0,0,0,0
108,A,5,3,3,0,0,0,0,0,0,0,0,0,0,0
108,A,6,4,4,0,0,0,0,0,0,0,0,0,0,0
108,A,7,8,7,1,0,1,1,0,1,0,0,0,0,0
108,A,8,1,1,0,0,0,0,0,0,0,0,0,0,0
108,A,9,6,6,0,0,0,0,0,0,0,0,0,0,0
108,A,10,2,2,0,0,0,0,0,0,0,0,0,0,0
108,A,11,3,3,0,0,0,0,0,0,0,0,0,0,0
108,A,12,5,5,0,0,0,0,0,0,0,0,0,0,0
108,A,13,5,5,0,0,0,0,0,0,0,0,0,0,0
108,A,14,6,6,0,0,0,0,0,0,0,0,0,0,0
108,A,15,10,10,0,0,0,0,0,0,0,0,0,0,0
108,A,16,8,8,0,0,0,0,0,0,0,0,0,0,0
108,B,1,5,2,3,0,3,0,0,0,0,0,0,0,0
108,B,2,6,3,3,0,3,3,0,3,0,1,0,0,0
108,B,3,2,0,2,0,2,1,0,0,0,0,0,0,0
108,B,4,4,2,2,0,2,2,0,1,0,1,0,0,0
108,B,5,3,2,1,0,1,1,0,1,0,0,0,0,0
108,B,6,4,4,0,0,0,0,0,0,0,0,0,0,0
108,B,7,8,7,1,0,1,1,0,1,0,0,0,0,0
108,B,8,1,1,0,0,0,0,0,0,0,0,0,0,0
108,B,9,6,6,0,0,0,0,0,0,0,0,0,0,0
108,B,10,2,2,0,0,0,0,0,0,0,0,0,0,0
108,B,11,3,3,0,0,0,0,0,0,0,0,0,0,0
108,B,12,5,5,0,0,0,0,0,0,0,0,0,0,0
108,B,13,5,5,0,0,0,0,0,0,0,0,0,0,0
108,B,14,6,6,0,0,0,0,0,0,0,0,0,0,0
108,B,15,10,10,0,0,0,0,0,0,0,0,0,0,0
108,B,16,8,8,0,0,0,0,0,0,0,0,0,0,0
109,base,1,6,4,2,0,2,2,0,0,0,0,0,0,0
109,base,2,4,3,1,0,1,0,0,0,0,0,0,0,0
109,base,3,4,4,0,0,0,0,0,0,0,0,0,0,0
109,base,4,6,6,0,0,0,0,0,0,0,0,0,0,0
109,base,5,9,9,0,0,0,0,0,0,0,0,0,0,0
109,base,6,4,4,0,0,0,0,0,0,0,0,0,0,0
109,base,7,7,7,0,0,0,0,0,0,0,0,0,0,0
109,base,8,6,6,0,0,0,0,0,0,0,0,0,0,0
109,base,9,9,9,0,0,0,0,0,0,0,0,0,0,0
109,base,10,5,5,0,0,0,0,0,0,0,0,0,0,0
109,base,11,4,4,0,0,0,0,0,0,0,0,0,0,0
109,base,12,3,3,0,0,0,0,0,0,0,0,0,0,0
109,base,13,3,3,0,0,0,0,0,0,0,0,0,0,0
109,base,14,5,5,0,0,0,0,0,0,0,0,0,0,0
109,base,15,8,8,0,0,0,0,0,0,0,0,0,0,0
109,base,16,8,8,0,0,0,0,0,0,0,0,0,0,0
109,A,1,6,4,2,0,2,1,0,0,0,0,0,0,0
109,A,2,4,2,2,0,2,1,0,1,0,0,0,0,0
109,A,3,4,4,0,0,0,0,0,0,0,0,0,0,0
109,A,4,6,6,0,0,0,0,0,0,0,0,0,0,0
109,A,5,9,9,0,0,0,0,0,0,0,0,0,0,0
109,A,6,4,4,0,0,0,0,0,0,0,0,0,0,0
109,A,7,7,7,0,0,0,0,0,0,0,0,0,0,0
109,A,8,6,6,0,0,0,0,0,0,0,0,0,0,0
109,A,9,9,9,0,0,0,0,0,0,0,0,0,0,0
109,A,10,5,5,0,0,0,0,0,0,0,0,0,0,0
109,A,11,4,4,0,0,0,0,0,0,0,0,0,0,0
109,A,12,3,3,0,0,0,0,0,0,0,0,0,0,0
109,A,13,3,3,0,0,0,0,0,0,0,0,0,0,0
109,A,14,5,5,0,0,0,0,0,0,0,0,0,0,0
109,A,15,8,8,0,0,0,0,0,0,0,0,0,0,0
109,A,16,8,8,0,0,0,0,0,0,0,0,0,0,0
109,B,1,6,1,5,0,5,2,0,0,0,0,0,0,0
109,B,2,4,1,3,0,3,1,0,1,0,0,0,0,0
109,B,3,4,2,2,0,2,1,0,0,0,0,0,0,0
109,B,4,6,6,0,0,0,0,0,0,0,0,0,0,0
109,B,5,9,8,1,0,1,1,0,1,0,0,0,0,0
109,B,6,4,2,2,0,2,2,0,2,0,1,0,0,0
109,B,7,7,7,0,0,0,0,0,0,0,0,0,0,0
109,B,8,6,5,1,0,1,1,0,1,0,1,0,0,0
109,B,9,9,9,0,0,0,0,0,0,0,0,0,0,0
109,B,10,5,5,0,0,0,0,0,0,0,0,0,0,0
109,B,11,4,4,0,0,0,0,0,0,0,0,0,0,0
109,B,12,3,3,0,0,0,0,0,0,0,0,0,0,0
109,B,13,3,3,0,0,0,0,0,0,0,0,0,0,0
109,B,14,5,5,0,0,0,0,0,0,0,0,0,0,0
109,B,15,8,8,0,0,0,0,0,0,0,0,0,0,0
109,B,16,8,8,0,0,0,0,0,0,0,0,0,0,0
110,base,1,4,0,4,0,4,3,0,1,0,0,0,0,0
110,base,2,7,6,1,0,1,1,0,1,0,0,0,0,0
110,base,3,5,5,0,0,0,0,0,0,0,0,0,0,0
110,base,4,5,4,1,0,1,1,0,1,0,1,0,0,0
110,base,5,8,8,0,0,0,0,0,0,0,0,0,0,0
110,base,6,7,7,0,0,0,0,0,0,0,0,0,0,0
110,base,7,6,6,0,0,0,0,0,0,0,0,0,0,0
110,base,8,3,3,0,0,0,0,0,0,0,0,0,0,0
110,base,9,8,8,0,0,0,0,0,0,0,0,0,0,0
110,base,10,3,3,0,0,0,0,0,0,0,0,0,0,0
110,base,11,3,3,0,0,0,0,0,0,0,0,0,0,0
110,base,12,3,3,0,0,0,0,0,0,0,0,0,0,0
110,base,13,9,9,0,0,0,0,0,0,0,0,0,0,0
110,base,14,4,4,0,0,0,0,0,0,0,0,0,0,0
110,base,15,6,6,0,0,0,0,0,0,0,0,0,0,0
110,base,16,8,8,0,0,0,0,0,0,0,0,0,0,0
110,A,1,4,0,4,0,4,3,0,1,0,0,0,0,0
110,A,2,7,6,1,0,1,1,0,1,0,0,0,0,0
110,A,3,5,5,0,0,0,0,0,0,0,0,0,0,0
110,A,4,5,4,1,0,1,1,0,1,0,1,0,0,0
110,A,5,8,7,1,0,1,1,0,1,0,1,0,0,0
110,A,6,7,7,0,0,0,0,0,0,0,0,0,0,0
110,A,7,6,6,0,0,0,0,0,0,0,0,0,0,0
110,A,8,3,3,0,0,0,0,0,0,0,0,0,0,0
110,A,9,8,8,0,0,0,0,0,0,0,0,0,0,0
110,A,10,3,3,0,0,0,0,0,0,0,0,0,0,0
110,A,11,3,3,0,0,0,0,0,0,0,0,0,0,0
110,A,12,3,3,0,0,0,0,0,0,0,0,0,0,0
110,A,13,9,9,0,0,0,0,0,0,0,0,0,0,0
110,A,14,4,4,0,0,0,0,0,0,0,0,0,0,0
110,A,15,6,6,0,0,0,0,0,0,0,0,0,0,0
110,A,16,8,8,0,0,0,0,0,0,0,0,0,0,0
110,B,1,4,0,4,0,4,3,0,1,0,0,0,0,0
110,B,2,7,6,1,0,1,1,0,1,0,0,0,0,0
110,B,3,5,5,0,0,0,0,0,0,0,0,0,0,0
110,B,4,5,2,3,1,2,2,0,2,0,2,0,0,0
110,B,5,8,7,1,0,1,1,0,1,0,1,0,0,0
110,B,6,7,7,0,0,0,0,0,0,0,0,0,0,0
110,B,7,6,5,1,0,1,1,0,1,0,0,0,0,0
110,B,8,3,3,0,0,0,0,0,0,0,0,0,0,0
110,B,9,8,8,0,0,0,0,0,0,0,0,0,0,0
110,B,10,3,3,0,0,0,0,0,0,0,0,0,0,0
110,B,11,3,3,0,0,0,0,0,0,0,0,0,0,0
110,B,12,3,3,0,0,0,0,0,0,0,0,0,0,0
110,B,13,9,9,0,0,0,0,0,0,0,0,0,0,0
110,B,14,4,4,0,0,0,0,0,0,0,0,0,0,0
110,B,15,6,6,0,0,0,0,0,0,0,0,0,0,0
110,B,16,8,8,0,0,0,0,0,0,0,0,0,0,0
111,base,1,7,4,3,0,3,2,0,1,0,0,0,0,0
111,base,2,5,3,2,0,2,2,0,1,0,0,0,0,0
111,base,3,4,3,1,0,1,0,0,1,1,0,0,0,0
111,base,4,7,6,1,0,1,1,0,1,0,0,0,0,0
111,base,5,5,5,0,0,0,0,0,0,0,0,0,0,0
111,base,6,3,3,0,0,0,0,0,0,0,0,0,0,0
111,base,7,8,8,0,0,0,0,0,0,0,0,0,0,0
111,base,8,2,2,0,0,0,0,0,0,0,0,0,0,0
111,base,9,5,5,0,0,0,0,0,0,0,0,0,0,0
111,base,10,2,2,0,0,0,0,0,0,0,0,0,0,0
111,base,11,4,4,0,0,0,0,0,0,0,0,0,0,0
111,base,12,3,3,0,0,0,0,0,0,0,0,0,0,0
111,base,13,5,5,0,0,0,0,0,0,0,0,0,0,0
111,base,14,6,6,0,0,0,0,0,0,0,0,0,0,0
111,base,15,12,12,0,0,0,0,0,0,0,0,0,0,0
111,base,16,6,6,0,0,0,0,0,0,0,0,0,0,0
111,A,1,7,4,3,0,3,2,0,1,0,0,0,0,0
111,A,2,5,3,2,0,2,2,0,1,0,0,0,0,0
111,A,3,4,3,1,0,1,1,0,1,0,0,0,0,0
111,A,4,7,6,1,0,1,1,0,1,0,0,0,0,0
111,A,5,5,5,0,0,0,0,0,0,0,0,0,0,0
111,A,6,3,2,1,0,1,1,0,1,0,1,0,0,0
111,A,7,8,8,0,0,0,0,0,0,0,0,0,0,0
111,A,8,2,2,0,0,0,0,0,0,0,0,0,0,0
111,A,9,5,5,0,0,0,0,0,0,0,0,0,0,0
111,A,10,2,2,0,0,0,0,0,0,0,0,0,0,0
111,A,11,4,4,0,0,0,0,0,0,0,0,0,0,0
111,A,12,3,3,0,0,0,0,0,0,0,0,0,0,0
111,A,13,5,5,0,0,0,0,0,0,0,0,0,0,0
111,A,14,6,6,0,0,0,0,0,0,0,0,0,0,0
111,A,15,12,12,0,0,0,0,0,0,0,0,0,0,0
111,A,16,6,6,0,0,0,0,0,0,0,0,0,0,0
111,B,1,7,3,4,0,4,2,0,1,0,0,0,0,0
111,B,2,5,2,3,0,3,2,0,1,0,0,0,0,0
111,B,3,4,3,1,0,1,1,0,1,0,0,0,0,0
111,B,4,7,5,2,0,2,1,0,1,0,0,0,0,0
111,B,5,5,5,0,0,0,0,0,0,0,0,0,0,0
111,B,6,3,2,1,0,1,1,0,1,0,1,0,0,0
111,B,7,8,8,0,0,0,0,0,0,0,0,0,0,0
111,B,8,2,2,0,0,0,0,0,0,0,0,0,0,0
111,B,9,5,5,0,0,0,0,0,0,0,0,0,0,0
111,B,10,2,2,0,0,0,0,0,0,0,0,0,0,0
111,B,11,4,4,0,0,0,0,0,0,0,0,0,0,0
111,B,12,3,3,0,0,0,0,0,0,0,0,0,0,0
111,B,13,5,5,0,0,0,0,0,0,0,0,0,0,0
111,B,14,6,6,0,0,0,0,0,0,0,0,0,0,0
111,B,15,12,12,0,0,0,0,0,0,0,0,0,0,0
111,B,16,6,6,0,0,0,0,0,0,0,0,0,0,0
112,base,1,4,1,3,0,3,1,0,1,0,0,0,0,0
112,base,2,3,2,1,0,1,1,0,1,0,0,0,0,0
112,base,3,4,4,0,0,0,0,0,0,0,0,0,0,0
112,base,4,3,3,0,0,0,0,0,0,0,0,0,0,0
112,base,5,4,4,0,0,0,0,0,0,0,0,0,0,0
112,base,6,7,7,0,0,0,0,0,0,0,0,0,0,0
112,base,7,2,2,0,0,0,0,0,0,0,0,0,0,0
112,base,8,4,4,0,0,0,0,0,0,0,0,0,0,0
112,base,9,5,5,0,0,0,0,0,0,0,0,0,0,0
112,base,10,7,7,0,0,0,0,0,0,0,0,0,0,0
112,base,11,5,5,0,0,0,0,0,0,0,0,0,0,0
112,base,12,5,5,0,0,0,0,0,0,0,0,0,0,0
112,base,13,3,3,0,0,0,0,0,0,0,0,0,0,0
112,base,14,9,9,0,0,0,0,0,0,0,0,0,0,0
112,base,15,5,5,0,0,0,0,0,0,0,0,0,0,0
112,base,16,8,8,0,0,0,0,0,0,0,0,0,0,0
112,A,1,4,1,3,0,3,1,0,1,0,0,0,0,0
112,A,2,3,2,1,0,1,1,0,1,0,0,0,0,0
112,A,3,4,3,1,0,1,1,0,1,0,0,0,0,0
112,A,4,3,3,0,0,0,0,0,0,0,0,0,0,0
112,A,5,4,3,1,0,1,1,0,1,0,0,0,0,0
112,A,6,7,7,0,0,0,0,0,0,0,0,0,0,0
112,A,7,2,2,0,0,0,0,0,0,0,0,0,0,0
112,A,8,4,4,0,0,0,0,0,0,0,0,0,0,0
112,A,9,5,5,0,0,0,0,0,0,0,0,0,0,0
112,A,10,7,7,0,0,0,0,0,0,0,0,0,0,0
112,A,11,5,5,0,0,0,0,0,0,0,0,0,0,0
112,A,12,5,5,0,0,0,0,0,0,0,0,0,0,0
112,A,13,3,3,0,0,0,0,0,0,0,0,0,0,0
112,A,14,9,9,0,0,0,0,0,0,0,0,0,0,0
112,A,15,5,5,0,0,0,0,0,0,0,0,0,0,0
112,A,16,8,8,0,0,0,0,0,0,0,0,0,0,0
112,B,1,4,0,4,0,4,1,0,1,0,0,0,0,0
112,B,2,3,0,3,1,2,1,0,1,0,0,0,0,0
112,B,3,4,2,2,0,2,1,0,1,0,0,0,0,0
112,B,4,3,2,1,0,1,1,0,1,0,0,0,0,0
112,B,5,4,3,1,0,1,1,0,1,0,0,0,0,0
112,B,6,7,6,1,0,1,1,0,0,0,0,0,0,0
112,B,7,2,2,0,0,0,0,0,0,0,0,0,0,0
112,B,8,4,3,1,0,1,1,0,1,0,1,0,0,0
112,B,9,5,5,0,0,0,0,0,0,0,0,0,0,0
112,B,10,7,7,0,0,0,0,0,0,0,0,0,0,0
112,B,11,5,5,0,0,0,0,0,0,0,0,0,0,0
112,B,12,5,5,0,0,0,0,0,0,0,0,0,0,0
112,B,13,3,3,0,0,0,0,0,0,0,0,0,0,0
112,B,14,9,9,0,0,0,0,0,0,0,0,0,0,0
112,B,15,5,5,0,0,0,0,0,0,0,0,0,0,0
112,B,16,8,8,0,0,0,0,0,0,0,0,0,0,0
113,base,1,8,4,4,0,4,3,0,0,0,0,0,0,0
113,base,2,2,2,0,0,0,0,0,0,0,0,0,0,0
113,base,3,1,0,1,0,1,1,0,1,0,0,0,0,0
113,base,4,8,8,0,0,0,0,0,0,0,0,0,0,0
113,base,5,5,5,0,0,0,0,0,0,0,0,0,0,0
113,base,6,8,8,0,0,0,0,0,0,0,0,0,0,0
113,base,7,3,3,0,0,0,0,0,0,0,0,0,0,0
113,base,8,6,6,0,0,0,0,0,0,0,0,0,0,0
113,base,9,5,5,0,0,0,0,0,0,0,0,0,0,0
113,base,10,9,9,0,0,0,0,0,0,0,0,0,0,0
113,base,11,3,3,0,0,0,0,0,0,0,0,0,0,0
113,base,12,3,3,0,0,0,0,0,0,0,0,0,0,0
113,base,13,3,3,0,0,0,0,0,0,0,0,0,0,0
113,base,14,3,3,0,0,0,0,0,0,0,0,0,0,0
113,base,15,7,7,0,0,0,0,0,0,0,0,0,0,0
113,base,16,2,2,0,0,0,0,0,0,0,0,0,0,0
113,A,1,8,3,5,0,5,4,0,1,0,0,0,0,0
113,A,2,2,2,0,0,0,0,0,0,0,0,0,0,0
113,A,3,1,0,1,0,1,1,0,1,0,0,0,0,0
113,A,4,8,8,0,0,0,0,0,0,0,0,0,0,0
113,A,5,5,5,0,0,0,0,0,0,0,0,0,0,0
113,A,6,8,8,0,0,0,0,0,0,0,0,0,0,0
113,A,7,3,3,0,0,0,0,0,0,0,0,0,0,0
113,A,8,6,6,0,0,0,0,0,0,0,0,0,0,0
113,A,9,5,5,0,0,0,0,0,0,0,0,0,0,0
113,A,10,9,9,0,0,0,0,0,0,0,0,0,0,0
113,A,11,3,3,0,0,0,0,0,0,0,0,0,0,0
113,A,12,3,3,0,0,0,0,0,0,0,0,0,0,0
113,A,13,3,3,0,0,0,0,0,0,0,0,0,0,0
113,A,14,3,3,0,0,0,0,0,0,0,0,0,0,0
113,A,15,7,7,0,0,0,0,0,0,0,0,0,0,0
113,A,16,2,2,0,0,0,0,0,0,0,0,0,0,0
113,B,1,8,1,7,0,7,4,0,1,0,0,0,0,0
113,B,2,2,2,0,0,0,0,0,0,0,0,0,0,0
113,B,3,1,0,1,0,1,1,0,1,0,0,0,0,0
113,B,4,8,8,0,0,0,0,0,0,0,0,0,0,0
113,B,5,5,5,0,0,0,0,0,0,0,0,0,0,0
113,B,6,8,7,1,0,1,0,0,0,0,0,0,0,0
113,B,7,3,3,0,0,0,0,0,0,0,0,0,0,0
113,B,8,6,6,0,0,0,0,0,0,0,0,0,0,0
113,B,9,5,5,0,0,0,0,0,0,0,0,0,0,0
113,B,10,9,9,0,0,0,0,0,0,0,0,0,0,0
113,B,11,3,3,0,0,0,0,0,0,0,0,0,0,0
113,B,12,3,3,0,0,0,0,0,0,0,0,0,0,0
113,B,13,3,3,0,0,0,0,0,0,0,0,0,0,0
113,B,14,3,3,0,0,0,0,0,0,0,0,0,0,0
113,B,15,7,7,0,0,0,0,0,0,0,0,0,0,0
113,B,16,2,2,0,0,0,0,0,0,0,0,0,0,0
114,base,1,8,7,1,0,1,1,0,1,0,0,0,0,0
114,base,2,10,9,1,0,1,0,0,0,0,0,0,0,0
114,base,3,2,2,0,0,0,0,0,0,0,0,0,0,0
114,base,4,5,5,0,0,0,0,0,0,0,0,0,0,0
114,base,5,7,7,0,0,0,0,0,0,0,0,0,0,0
114,base,6,5,5,0,0,0,0,0,0,0,0,0,0,0
114,base,7,9,9,0,0,0,0,0,0,0,0,0,0,0
114,base,8,4,4,0,0,0,0,0,0,0,0,0,0,0
114,base,9,3,3,0,0,0,0,0,0,0,0,0,0,0
114,base,10,4,4,0,0,0,0,0,0,0,0,0,0,0
114,base,11,4,4,0,0,0,0,0,0,0,0,0,0,0
114,base,12,7,7,0,0,0,0,0,0,0,0,0,0,0
114,base,13,5,5,0,0,0,0,0,0,0,0,0,0,0
114,base,14,8,8,0,0,0,0,0,0,0,0,0,0,0
114,base,15,10,10,0,0,0,0,0,0,0,0,0,0,0
114,base,16,9,9,0,0,0,0,0,0,0,0,0,0,0
114,A,1,8,6,2,0,2,1,0,1,0,0,0,0,0
114,A,2,10,7,3,0,3,2,0,0,0,0,0,0,0
114,A,3,2,2,0,0,0,0,0,0,0,0,0,0,0
114,A,4,5,5,0,0,0,0,0,0,0,0,0,0,0
114,A,5,7,5,2,0,2,1,0,1,0,0,0,0,0
114,A,6,5,5,0,0,0,0,0,0,0,0,0,0,0
114,A,7,9,9,0,0,0,0,0,0,0,0,0,0,0
114,A,8,4,4,0,0,0,0,0,0,0,0,0,0,0
114,A,9,3,3,0,0,0,0,0,0,0,0,0,0,0
114,A,10,4,4,0,0,0,0,0,0,0,0,0,0,0
114,A,11,4,4,0,0,0,0,0,0,0,0,0,0,0
114,A,12,7,7,0,0,0,0,0,0,0,0,0,0,0
114,A,13,5,5,0,0,0,0,0,0,0,0,0,0,0
114,A,14,8,8,0,0,0,0,0,0,0,0,0,0,0
114,A,15,10,10,0,0,0,0,0,0,0,0,0,0,0
114,A,16,9,9,0,0,0,0,0,0,0,0,0,0,0
114,B,1,8,6,2,0,2,2,0,1,0,0,0,0,0
114,B,2,10,3,7,3,4,3,2,1,0,0,0,0,0
114,B,3,2,2,0,0,0,0,0,0,0,0,0,0,0
114,B,4,5,3,2,0,2,2,0,1,0,1,0,0,0
114,B,5,7,5,2,0,2,1,0,1,0,0,0,0,0
114,B,6,5,4,1,0,1,1,0,1,0,0,0,0,0
114,B,7,9,8,1,0,1,1,0,1,0,1,0,0,0
114,B,8,4,4,0,0,0,0,0,0,0,0,0,0,0
114,B,9,3,3,0,0,0,0,0,0,0,0,0,0,0
114,B,10,4,4,0,0,0,0,0,0,0,0,0,0,0
114,B,11,4,4,0,0,0,0,0,0,0,0,0,0,0
114,B,12,7,7,0,0,0,0,0,0,0,0,0,0,0
114,B,13,5,5,0,0,0,0,0,0,0,0,0,0,0
114,B,14,8,8,0,0,0,0,0,0,0,0,0,0,0
114,B,15,10,10,0,0,0,0,0,0,0,0,0,0,0
114,B,16,9,9,0,0,0,0,0,0,0,0,0,0,0
115,base,1,5,2,3,0,3,3,0,2,0,1,0,0,0
115,base,2,4,4,0,0,0,0,0,0,0,0,0,0,0
115,base,3,8,7,1,0,1,1,0,1,0,1,0,0,0
115,base,4,4,4,0,0,0,0,0,0,0,0,0,0,0
115,base,5,5,5,0,0,0,0,0,0,0,0,0,0,0
115,base,6,5,5,0,0,0,0,0,0,0,0,0,0,0
115,base,7,3,3,0,0,0,0,0,0,0,0,0,0,0
115,base,8,4,4,0,0,0,0,0,0,0,0,0,0,0
115,base,9,5,5,0,0,0,0,0,0,0,0,0,0,0
115,base,10,7,7,0,0,0,0,0,0,0,0,0,0,0
115,base,11,3,3,0,0,0,0,0,0,0,0,0,0,0
115,base,12,4,4,0,0,0,0,0,0,0,0,0,0,0
115,base,13,7,7,0,0,0,0,0,0,0,0,0,0,0
115,base,14,8,8,0,0,0,0,0,0,0,0,0,0,0
115,base,15,5,5,0,0,0,0,0,0,0,0,0,0,0
115,base,16,5,5,0,0,0,0,0,0,0,0,0,0,0
115,A,1,5,2,3,0,3,2,0,2,0,1,0,0,0
115,A,2,4,3,1,0,1,1,0,1,0,0,0,0,0
115,A,3,8,7,1,0,1,1,0,1,0,0,0,0,0
115,A,4,4,4,0,0,0,0,0,0,0,0,0,0,0
115,A,5,5,4,1,0,1,1,0,1,0,1,0,0,0
115,A,6,5,4,1,0,1,1,0,0,0,0,0,0,0
115,A,7,3,3,0,0,0,0,0,0,0,0,0,0,0
115,A,8,4,4,0,0,0,0,0,0,0,0,0,0,0
115,A,9,5,5,0,0,0,0,0,0,0,0,0,0,0
115,A,10,7,7,0,0,0,0,0,0,0,0,0,0,0
115,A,11,3,3,0,0,0,0,0,0,0,0,0,0,0
115,A,12,4,4,0,0,0,0,0,0,0,0,0,0,0
115,A,13,7,7,0,0,0,0,0,0,0,0,0,0,0
115,A,14,8,8,0,0,0,0,0,0,0,0,0,0,0
115,A,15,5,5,0,0,0,0,0,0,0,0,0,0,0
115,A,16,5,5,0,0,0,0,0,0,0,0,0,0,0
115,B,1,5,0,5,0,5,3,0,2,0,1,0,0,0
115,B,2,4,1,3,0,3,3,0,1,0,0,0,0,0
115,B,3,8,7,1,0,1,1,0,1,0,0,0,0,0
115,B,4,4,4,0,0,0,0,0,0,0,0,0,0,0
115,B,5,5,3,2,0,2,2,0,2,0,2,0,0,0
115,B,6,5,4,1,0,1,1,0,0,0,0,0,0,0
115,B,7,3,3,0,0,0,0,0,0,0,0,0,0,0
115,B,8,4,4,0,0,0,0,0,0,0,0,0,0,0
115,B,9,5,5,0,0,0,0,0,0,0,0,0,0,0
115,B,10,7,7,0,0,0,0,0,0,0,0,0,0,0
115,B,11,3,3,0,0,0,0,0,0,0,0,0,0,0
115,B,12,4,4,0,0,0,0,0,0,0,0,0,0,0
115,B,13,7,7,0,0,0,0,0,0,0,0,0,0,0
115,B,14,8,8,0,0,0,0,0,0,0,0,0,0,0
115,B,15,5,5,0,0,0,0,0,0,0,0,0,0,0
115,B,16,5,5,0,0,0,0,0,0,0,0,0,0,0
116,base,1,4,2,2,0,2,1,0,1,0,1,0,0,0
116,base,2,4,4,0,0,0,0,0,0,0,0,0,0,0
116,base,3,2,2,0,0,0,0,0,0,0,0,0,0,0
116,base,4,7,7,0,0,0,0,0,0,0,0,0,0,0
116,base,5,6,6,0,0,0,0,0,0,0,0,0,0,0
116,base,6,3,3,0,0,0,0,0,0,0,0,0,0,0
116,base,7,5,5,0,0,0,0,0,0,0,0,0,0,0
116,base,8,4,4,0,0,0,0,0,0,0,0,0,0,0
116,base,9,5,5,0,0,0,0,0,0,0,0,0,0,0
116,base,10,11,11,0,0,0,0,0,0,0,0,0,0,0
116,base,11,4,4,0,0,0,0,0,0,0,0,0,0,0
116,base,12,5,5,0,0,0,0,0,0,0,0,0,0,0
116,base,13,3,3,0,0,0,0,0,0,0,0,0,0,0
116,base,14,5,5,0,0,0,0,0,0,0,0,0,0,0
116,base,15,4,4,0,0,0,0,0,0,0,0,0,0,0
116,base,16,4,4,0,0,0,0,0,0,0,0,0,0,0
116,A,1,4,2,2,0,2,1,0,1,0,1,0,0,0
116,A,2,4,2,2,0,2,2,0,1,0,0,0,0,0
116,A,3,2,2,0,0,0,0,0,0,0,0,0,0,0
116,A,4,7,7,0,0,0,0,0,0,0,0,0,0,0
116,A,5,6,6,0,0,0,0,0,0,0,0,0,0,0
116,A,6,3,3,0,0,0,0,0,0,0,0,0,0,0
116,A,7,5,4,1,0,1,1,0,1,0,1,0,0,0
116,A,8,4,4,0,0,0,0,0,0,0,0,0,0,0
116,A,9,5,5,0,0,0,0,0,0,0,0,0,0,0
116,A,10,11,11,0,0,0,0,0,0,0,0,0,0,0
116,A,11,4,4,0,0,0,0,0,0,0,0,0,0,0
116,A,12,5,5,0,0,0,0,0,0,0,0,0,0,0
116,A,13,3,3,0,0,0,0,0,0,0,0,0,0,0
116,A,14,5,5,0,0,0,0,0,0,0,0,0,0,0
116,A,15,4,4,0,0,0,0,0,0,0,0,0,0,0
116,A,16,4,4,0,0,0,0,0,0,0,0,0,0,0
116,B,1,4,2,2,0,2,1,0,1,0,1,0,0,0
116,B,2,4,1,3,0,3,1,0,2,1,0,0,0,0
116,B,3,2,1,1,0,1,0,0,0,0,0,0,0,0
116,B,4,7,4,3,0,3,3,0,3,0,2,0,0,0
116,B,5,6,6,0,0,0,0,0,0,0,0,0,0,0
116,B,6,3,3,0,0,0,0,0,0,0,0,0,0,0
116,B,7,5,4,1,0,1,1,0,1,0,1,0,0,0
116,B,8,4,4,0,0,0,0,0,0,0,0,0,0,0
116,B,9,5,5,0,0,0,0,0,0,0,0,0,0,0
116,B,10,11,11,0,0,0,0,0,0,0,0,0,0,0
116,B,11,4,4,0,0,0,0,0,0,0,0,0,0,0
116,B,12,5,5,0,0,0,0,0,0,0,0,0,0,0
116,B,13,3,3,0,0,0,0,0,0,0,0,0,0,0
116,B,14,5,5,0,0,0,0,0,0,0,0,0,0,0
116,B,15,4,4,0,0,0,0,0,0,0,0,0,0,0
116,B,16,4,4,0,0,0,0,0,0,0,0,0,0,0
117,base,1,7,4,3,0,3,3,0,3,0,0,0,0,0
117,base,2,3,1,2,0,2,2,0,0,0,0,0,0,0
117,base,3,3,3,0,0,0,0,0,0,0,0,0,0,0
117,base,4,6,5,1,0,1,1,0,1,0,0,0,0,0
117,base,5,3,3,0,0,0,0,0,0,0,0,0,0,0
117,base,6,4,4,0,0,0,0,0,0,0,0,0,0,0
117,base,7,5,5,0,0,0,0,0,0,0,0,0,0,0
117,base,8,8,8,0,0,0,0,0,0,0,0,0,0,0
117,base,9,1,1,0,0,0,0,0,0,0,0,0,0,0
117,base,10,2,2,0,0,0,0,0,0,0,0,0,0,0
117,base,11,0,0,0,0,0,0,0,0,0,0,0,0,0
117,base,12,9,9,0,0,0,0,0,0,0,0,0,0,0
117,base,13,2,2,0,0,0,0,0,0,0,0,0,0,0
117,base,14,6,6,0,0,0,0,0,0,0,0,0,0,0
117,base,15,4,4,0,0,0,0,0,0,0,0,0,0,0
117,base,16,6,6,0,0,0,0,0,0,0,0,0,0,0
117,A,1,7,3,4,0,4,3,0,3,0,0,0,0,0
117,A,2,3,0,3,0,3,2,0,0,0,0,0,0,0
117,A,3,3,3,0,0,0,0,0,0,0,0,0,0,0
117,A,4,6,4,2,0,2,2,0,2,0,0,0,0,0
117,A,5,3,3,0,0,0,0,0,0,0,0,0,0,0
117,A,6,4,4,0,0,0,0,0,0,0,0,0,0,0
117,A,7,5,5,0,0,0,0,0,0,0,0,0,0,0
117,A,8,8,8,0,0,0,0,0,0,0,0,0,0,0
117,A,9,1,1,0,0,0,0,0,0,0,0,0,0,0
117,A,10,2,2,0,0,0,0,0,0,0,0,0,0,0
117,A,11,0,0,0,0,0,0,0,0,0,0,0,0,0
117,A,12,9,9,0,0,0,0,0,0,0,0,0,0,0
117,A,13,2,2,0,0,0,0,0,0,0,0,0,0,0
117,A,14,6,6,0,0,0,0,0,0,0,0,0,0,0
117,A,15,4,4,0,0,0,0,0,0,0,0,0,0,0
117,A,16,6,6,0,0,0,0,0,0,0,0,0,0,0
117,B,1,7,2,5,0,5,3,0,3,0,0,0,0,0
117,B,2,3,0,3,0,3,1,0,0,0,0,0,0,0
117,B,3,3,3,0,0,0,0,0,0,0,0,0,0,0
117,B,4,6,3,3,0,3,3,0,3,0,0,0,0,0
117,B,5,3,3,0,0,0,0,0,0,0,0,0,0,0
117,B,6,4,4,0,0,0,0,0,0,0,0,0,0,0
117,B,7,5,5,0,0,0,0,0,0,0,0,0,0,0
117,B,8,8,7,1,0,1,0,0,0,0,0,0,0,0
117,B,9,1,1,0,0,0,0,0,0,0,0,0,0,0
117,B,10,2,2,0,0,0,0,0,0,0,0,0,0,0
117,B,11,0,0,0,0,0,0,0,0,0,0,0,0,0
117,B,12,9,9,0,0,0,0,0,0,0,0,0,0,0
117,B,13,2,2,0,0,0,0,0,0,0,0,0,0,0
117,B,14,6,6,0,0,0,0,0,0,0,0,0,0,0
117,B,15,4,4,0,0,0,0,0,0,0,0,0,0,0
117,B,16,6,6,0,0,0,0,0,0,0,0,0,0,0
118,base,1,4,2,2,0,2,1,0,0,0,0,0,0,0
118,base,2,4,2,2,0,2,1,0,1,0,1,0,0,0
118,base,3,5,4,1,0,1,1,0,1,0,0,0,0,0
118,base,4,4,4,0,0,0,0,0,0,0,0,0,0,0
118,base,5,3,3,0,0,0,0,0,0,0,0,0,0,0
118,base,6,1,1,0,0,0,0,0,0,0,0,0,0,0
118,base,7,7,7,0,0,0,0,0,0,0,0,0,0,0
118,base,8,1,1,0,0,0,0,0,0,0,0,0,0,0
118,base,9,2,2,0,0,0,0,0,0,0,0,0,0,0
118,base,10,10,10,0,0,0,0,0,0,0,0,0,0,0
118,base,11,7,7,0,0,0,0,0,0,0,0,0,0,0
118,base,12,2,2,0,0,0,0,0,0,0,0,0,0,0
118,base,13,2,2,0,0,0,0,0,0,0,0,0,0,0
118,base,14,8,8,0,0,0,0,0,0,0,0,0,0,0
118,base,15,7,7,0,0,0,0,0,0,0,0,0,0,0
118,base,16,6,6,0,0,0,0,0,0,0,0,0,0,0
118,A,1,4,1,3,0,3,1,0,0,0,0,0,0,0
118,A,2,4,2,2,0,2,1,0,1,0,1,0,0,0
118,A,3,5,4,1,0,1,1,0,1,0,0,0,0,0
118,A,4,4,3,1,0,1,1,0,1,0,1,0,0,0
118,A,5,3,2,1,0,1,1,0,0,0,0,0,0,0
118,A,6,1,1,0,0,0,0,0,0,0,0,0,0,0
118,A,7,7,7,0,0,0,0,0,0,0,0,0,0,0
118,A,8,1,1,0,0,0,0,0,0,0,0,0,0,0
118,A,9,2,2,0,0,0,0,0,0,0,0,0,0,0
118,A,10,10,10,0,0,0,0,0,0,0,0,0,0,0
118,A,11,7,7,0,0,0,0,0,0,0,0,0,0,0
118,A,12,2,2,0,0,0,0,0,0,0,0,0,0,0
118,A,13,2,2,0,0,0,0,0,0,0,0,0,0,0
118,A,14,8,8,0,0,0,0,0,0,0,0,0,0,0
118,A,15,7,7,0,0,0,0,0,0,0,0,0,0,0
118,A,16,6,6,0,0,0,0,0,0,0,0,0,0,0
118,B,1,4,0,4,0,4,1,0,0,0,0,0,0,0
118,B,2,4,2,2,0,2,1,0,1,0,1,0,0,0
118,B,3,5,4,1,0,1,1,0,1,0,0,0,0,0
118,B,4,4,3,1,0,1,1,0,1,0,1,0,0,0
118,B,5,3,2,1,0,1,1,0,0,0,0,0,0,0
118,B,6,1,1,0,0,0,0,0,0,0,0,0,0,0
118,B,7,7,7,0,0,0,0,0,0,0,0,0,0,0
118,B,8,1,1,0,0,0,0,0,0,0,0,0,0,0
118,B,9,2,2,0,0,0,0,0,0,0,0,0,0,0
118,B,10,10,10,0,0,0,0,0,0,0,0,0,0,0
118,B,11,7,7,0,0,0,0,0,0,0,0,0,0,0
118,B,12,2,2,0,0,0,0,0,0,0,0,0,0,0
118,B,13,2,2,0,0,0,0,0,0,0,0,0,0,0
118,B,14,8,8,0,0,0,0,0,0,0,0,0,0,0
118,B,15,7,7,0,0,0,0,0,0,0,0,0,0,0
118,B,16,6,6,0,0,0,0,0,0,0,0,0,0,0
119,base,1,7,4,3,0,3,0,0,0,0,0,0,0,0
119,base,2,5,4,1,0,1,0,0,1,1,0,0,0,0
119,base,3,5,4,1,0,1,1,0,1,0,0,0,0,0
119,base,4,5,5,0,0,0,0,0,0,0,0,0,0,0
119,base,5,4,3,1,0,1,1,0,1,0,0,0,0,0
119,base,6,7,7,0,0,0,0,0,0,0,0,0,0,0
119,base,7,3,3,0,0,0,0,0,0,0,0,0,0,0
119,base,8,7,7,0,0,0,0,0,0,0,0,0,0,0
119,base,9,5,5,0,0,0,0,0,0,0,0,0,0,0
119,base,10,2,2,0,0,0,0,0,0,0,0,0,0,0
119,base,11,7,7,0,0,0,0,0,0,0,0,0,0,0
119,base,12,7,7,0,0,0,0,0,0,0,0,0,0,0
119,base,13,7,7,0,0,0,0,0,0,0,0,0,0,0
119,base,14,4,4,0,0,0,0,0,0,0,0,0,0,0
119,base,15,4,4,0,0,0,0,0,0,0,0,0,0,0
119,base,16,11,11,0,0,0,0,0,0,0,0,0,0,0
119,A,1,7,4,3,0,3,0,0,0,0,0,0,0,0
119,A,2,5,3,2,0,2,0,0,0,0,0,0,0,0
119,A,3,5,3,2,0,2,2,0,1,0,0,0,0,0
119,A,4,5,4,1,0,1,1,0,0,0,0,0,0,0
119,A,5,4,3,1,0,1,1,0,1,0,0,0,0,0
119,A,6,7,7,0,0,0,0,0,0,0,0,0,0,0
119,A,7,3,3,0,0,0,0,0,0,0,0,0,0,0
119,A,8,7,7,0,0,0,0,0,0,0,0,0,0,0
119,A,9,5,5,0,0,0,0,0,0,0,0,0,0,0
119,A,10,2,2,0,0,0,0,0,0,0,0,0,0,0
119,A,11,7,7,0,0,0,0,0,0,0,0,0,0,0
119,A,12,7,7,0,0,0,0,0,0,0,0,0,0,0
119,A,13,7,7,0,0,0,0,0,0,0,0,0,0,0
119,A,14,4,4,0,0,0,0,0,0,0,0,0,0,0
119,A,15,4,4,0,0,0,0,0,0,0,0,0,0,0
119,A,16,11,11,0,0,0,0,0,0,0,0,0,0,0
119,B,1,7,3,4,0,4,0,0,0,0,0,0,0,0
119,B,2,5,2,3,0,3,1,0,0,0,0,0,0,0
119,B,3,5,2,3,0,3,3,0,1,0,0,0,0,0
119,B,4,5,4,1,0,1,0,0,0,0,0,0,0,0
119,B,5,4,3,1,0,1,1,0,1,0,0,0,0,0
119,B,6,7,6,1,0,1,1,0,1,0,0,0,0,0
119,B,7,3,3,0,0,0,0,0,0,0,0,0,0,0
119,B,8,7,7,0,0,0,0,0,0,0,0,0,0,0
119,B,9,5,5,0,0,0,0,0,0,0,0,0,0,0
119,B,10,2,2,0,0,0,0,0,0,0,0,0,0,0
119,B,11,7,7,0,0,0,0,0,0,0,0,0,0,0
119,B,12,7,7,0,0,0,0,0,0,0,0,0,0,0
119,B,13,7,7,0,0,0,0,0,0,0,0,0,0,0
119,B,14,4,4,0,0,0,0,0,0,0,0,0,0,0
119,B,15,4,4,0,0,0,0,0,0,0,0,0,0,0
119,B,16,11,11,0,0,0,0,0,0,0,0,0,0,0
120,base,1,9,4,5,0,5,2,0,1,0,0,0,0,0
120,base,2,1,1,0,0,0,0,0,0,0,0,0,0,0
120,base,3,5,5,0,0,0,0,0,0,0,0,0,0,0
120,base,4,6,6,0,0,0,0,0,0,0,0,0,0,0
120,base,5,5,5,0,0,0,0,0,0,0,0,0,0,0
120,base,6,3,3,0,0,0,0,0,0,0,0,0,0,0
120,base,7,8,8,0,0,0,0,0,0,0,0,0,0,0
120,base,8,4,4,0,0,0,0,0,0,0,0,0,0,0
120,base,9,4,4,0,0,0,0,0,0,0,0,0,0,0
120,base,10,8,8,0,0,0,0,0,0,0,0,0,0,0
120,base,11,4,4,0,0,0,0,0,0,0,0,0,0,0
120,base,12,2,2,0,0,0,0,0,0,0,0,0,0,0
120,base,13,4,4,0,0,0,0,0,0,0,0,0,0,0
120,base,14,3,3,0,0,0,0,0,0,0,0,0,0,0
120,base,15,8,8,0,0,0,0,0,0,0,0,0,0,0
120,base,16,5,5,0,0,0,0,0,0,0,0,0,0,0
120,A,1,9,2,7,0,7,1,0,1,0,0,0,0,0
120,A,2,1,1,0,0,0,0,0,0,0,0,0,0,0
120,A,3,5,4,1,0,1,1,0,1,0,0,0,0,0
120,A,4,6,6,0,0,0,0,0,0,0,0,0,0,0
120,A,5,5,5,0,0,0,0,0,0,0,0,0,0,0
120,A,6,3,2,1,0,1,1,0,0,0,0,0,0,0
120,A,7,8,8,0,0,0,0,0,0,0,0,0,0,0
120,A,8,4,4,0,0,0,0,0,0,0,0,0,0,0
120,A,9,4,4,0,0,0,0,0,0,0,0,0,0,0
120,A,10,8,8,0,0,0,0,0,0,0,0,0,0,0
120,A,11,4,4,0,0,0,0,0,0,0,0,0,0,0
120,A,12,2,2,0,0,0,0,0,0,0,0,0,0,0
120,A,13,4,4,0,0,0,0,0,0,0,0,0,0,0
120,A,14,3,3,0,0,0,0,0,0,0,0,0,0,0
120,A,15,8,8,0,0,0,0,0,0,0,0,0,0,0
120,A,16,5,5,0,0,0,0,0,0,0,0,0,0,0
120,B,1,9,1,8,0,8,1,0,1,0,0,0,0,0
120,B,2,1,1,0,0,0,0,0,0,0,0,0,0,0
120,B,3,5,4,1,0,1,1,0,1,0,1,0,0,0
120,B,4,6,5,1,0,1,1,0,1,0,1,0,0,0
120,B,5,5,4,1,0,1,1,0,0,0,0,0,0,0
120,B,6,3,2,1,0,1,1,0,0,0,0,0,0,0
120,B,7,8,8,0,0,0,0,0,0,0,0,0,0,0
120,B,8,4,3,1,0,1,1,0,1,0,0,0,0,0
120,B,9,4,4,0,0,0,0,0,0,0,0,0,0,0
120,B,10,8,8,0,0,0,0,0,0,0,0,0,0,0
120,B,11,4,4,0,0,0,0,0,0,0,0,0,0,0
120,B,12,2,2,0,0,0,0,0,0,0,0,0,0,0
120,B,13,4,4,0,0,0,0,0,0,0,0,0,0,0
120,B,14,3,3,0,0,0,0,0,0,0,0,0,0,0
120,B,15,8,8,0,0,0,0,0,0,0,0,0,0,0
120,B,16,5,5,0,0,0,0,0,0,0,0,0,0,0
121,base,1,11,6,5,0,5,3,0,2,0,1,0,0,0
121,base,2,2,0,2,0,2,1,0,1,0,0,0,0,0
121,base,3,5,5,0,0,0,0,0,0,0,0,0,0,0
121,base,4,7,7,0,0,0,0,0,0,0,0,0,0,0
121,base,5,4,4,0,0,0,0,0,0,0,0,0,0,0
121,base,6,3,3,0,0,0,0,0,0,0,0,0,0,0
121,base,7,7,7,0,0,0,0,0,0,0,0,0,0,0
121,base,8,4,4,0,0,0,0,0,0,0,0,0,0,0
121,base,9,5,5,0,0,0,0,0,0,0,0,0,0,0
121,base,10,5,5,0,0,0,0,0,0,0,0,0,0,0
121,base,11,4,4,0,0,0,0,0,0,0,0,0,0,0
121,base,12,8,8,0,0,0,0,0,0,0,0,0,0,0
121,base,13,6,6,0,0,0,0,0,0,0,0,0,0,0
121,base,14,4,4,0,0,0,0,0,0,0,0,0,0,0
121,base,15,7,7,0,0,0,0,0,0,0,0,0,0,0
121,base,16,5,5,0,0,0,0,0,0,0,0,0,0,0
121,A,1,11,6,5,0,5,3,0,2,0,1,0,0,0
121,A,2,2,0,2,0,2,1,0,1,0,0,0,0,0
121,A,3,5,5,0,0,0,0,0,0,0,0,0,0,0
121,A,4,7,7,0,0,0,0,0,0,0,0,0,0,0
121,A,5,4,4,0,0,0,0,0,0,0,0,0,0,0
121,A,6,3,3,0,0,0,0,0,0,0,0,0,0,0
121,A,7,7,7,0,0,0,0,0,0,0,0,0,0,0
121,A,8,4,4,0,0,0,0,0,0,0,0,0,0,0
121,A,9,5,5,0,0,0,0,0,0,0,0,0,0,0
121,A,10,5,5,0,0,0,0,0,0,0,0,0,0,0
121,A,11,4,4,0,0,0,0,0,0,0,0,0,0,0
121,A,12,8,8,0,0,0,0,0,0,0,0,0,0,0
121,A,13,6,6,0,0,0,0,0,0,0,0,0,0,0
121,A,14,4,4,0,0,0,0,0,0,0,0,0,0,0
121,A,15,7,7,0,0,0,0,0,0,0,0,0,0,0
121,A,16,5,5,0,0,0,0,0,0,0,0,0,0,0
121,B,1,11,5,6,0,6,4,0,2,0,1,0,0,0
121,B,2,2,0,2,0,2,1,0,1,0,0,0,0,0
121,B,3,5,5,0,0,0,0,0,0,0,0,0,0,0
121,B,4,7,6,1,0,1,1,0,0,0,0,0,0,0
121,B,5,4,3,1,0,1,1,0,1,0,1,0,0,0
121,B,6,3,3,0,0,0,0,0,0,0,0,0,0,0
121,B,7,7,7,0,0,0,0,0,0,0,0,0,0,0
121,B,8,4,4,0,0,0,0,0,0,0,0,0,0,0
121,B,9,5,5,0,0,0,0,0,0,0,0,0,0,0
121,B,10,5,5,0,0,0,0,0,0,0,0,0,0,0
121,B,11,4,4,0,0,0,0,0,0,0,0,0,0,0
121,B,12,8,8,0,0,0,0,0,0,0,0,0,0,0
121,B,13,6,6,0,0,0,0,0,0,0,0,0,0,0
121,B,14,4,4,0,0,0,0,0,0,0,0,0,0,0
121,B,15,7,7,0,0,0,0,0,0,0,0,0,0,0
121,B,16,5,5,0,0,0,0,0,0,0,0,0,0,0
122,base,1,3,1,2,0,2,2,0,0,0,0,0,0,0
122,base,2,4,4,0,0,0,0,0,0,0,0,0,0,0
122,base,3,8,6,2,0,2,2,0,2,0,1,0,0,0
122,base,4,6,6,0,0,0,0,0,0,0,0,0,0,0
122,base,5,8,8,0,0,0,0,0,0,0,0,0,0,0
122,base,6,2,2,0,0,0,0,0,0,0,0,0,0,0
122,base,7,7,7,0,0,0,0,0,0,0,0,0,0,0
122,base,8,8,8,0,0,0,0,0,0,0,0,0,0,0
122,base,9,2,2,0,0,0,0,0,0,0,0,0,0,0
122,base,10,6,6,0,0,0,0,0,0,0,0,0,0,0
122,base,11,7,7,0,0,0,0,0,0,0,0,0,0,0
122,base,12,9,9,0,0,0,0,0,0,0,0,0,0,0
122,base,13,8,8,0,0,0,0,0,0,0,0,0,0,0
122,base,14,5,5,0,0,0,0,0,0,0,0,0,0,0
122,base,15,4,4,0,0,0,0,0,0,0,0,0,0,0
122,base,16,6,6,0,0,0,0,0,0,0,0,0,0,0
122,A,1,3,1,2,0,2,2,0,0,0,0,0,0,0
122,A,2,4,2,2,0,2,2,0,1,0,1,0,0,0
122,A,3,8,6,2,0,2,2,0,2,0,1,0,0,0
122,A,4,6,5,1,0,1,1,0,0,0,0,0,0,0
122,A,5,8,8,0,0,0,0,0,0,0,0,0,0,0
122,A,6,2,2,0,0,0,0,0,0,0,0,0,0,0
122,A,7,7,7,0,0,0,0,0,0,0,0,0,0,0
122,A,8,8,8,0,0,0,0,0,0,0,0,0,0,0
122,A,9,2,2,0,0,0,0,0,0,0,0,0,0,0
122,A,10,6,6,0,0,0,0,0,0,0,0,0,0,0
122,A,11,7,7,0,0,0,0,0,0,0,0,0,0,0
122,A,12,9,9,0,0,0,0,0,0,0,0,0,0,0
122,A,13,8,8,0,0,0,0,0,0,0,0,0,0,0
122,A,14,5,5,0,0,0,0,0,0,0,0,0,0,0
122,A,15,4,4,0,0,0,0,0,0,0,0,0,0,0
122,A,16,6,6,0,0,0,0,0,0,0,0,0,0,0
122,B,1,3,0,3,0,3,2,0,1,0,0,0,0,0
122,B,2,4,2,2,1,1,1,1,1,0,1,0,0,0
122,B,3,8,6,2,0,2,2,0,2,0,1,0,0,0
122,B,4,6,5,1,0,1,0,0,0,0,0,0,0,0
122,B,5,8,8,0,0,0,0,0,0,0,0,0,0,0
122,B,6,2,2,0,0,0,0,0,0,0,0,0,0,0
122,B,7,7,5,2,0,2,2,0,2,0,1,0,0,0
122,B,8,8,8,0,0,0,0,0,0,0,0,0,0,0
122,B,9,2,2,0,0,0,0,0,0,0,0,0,0,0
122,B,10,6,6,0,0,0,0,0,0,0,0,0,0,0
122,B,11,7,7,0,0,0,0,0,0,0,0,0,0,0
122,B,12,9,9,0,0,0,0,0,0,0,0,0,0,0
122,B,13,8,8,0,0,0,0,0,0,0,0,0,0,0
122,B,14,5,5,0,0,0,0,0,0,0,0,0,0,0
122,B,15,4,4,0,0,0,0,0,0,0,0,0,0,0
122,B,16,6,6,0,0,0,0,0,0,0,0,0,0,0
123,base,1,2,0,2,0,2,1,0,1,0,0,0,0,0
123,base,2,4,4,0,0,0,0,0,0,0,0,0,0,0
123,base,3,3,3,0,0,0,0,0,0,0,0,0,0,0
123,base,4,5,4,1,0,1,1,0,1,0,1,0,0,0
123,base,5,4,4,0,0,0,0,0,0,0,0,0,0,0
123,base,6,5,5,0,0,0,0,0,0,0,0,0,0,0
123,base,7,6,6,0,0,0,0,0,0,0,0,0,0,0
123,base,8,3,3,0,0,0,0,0,0,0,0,0,0,0
123,base,9,4,4,0,0,0,0,0,0,0,0,0,0,0
123,base,10,4,4,0,0,0,0,0,0,0,0,0,0,0
123,base,11,5,5,0,0,0,0,0,0,0,0,0,0,0
123,base,12,16,16,0,0,0,0,0,0,0,0,0,0,0
123,base,13,2,2,0,0,0,0,0,0,0,0,0,0,0
123,base,14,1,1,0,0,0,0,0,0,0,0,0,0,0
123,base,15,4,4,0,0,0,0,0,0,0,0,0,0,0
123,base,16,6,6,0,0,0,0,0,0,0,0,0,0,0
123,A,1,2,0,2,0,2,0,0,1,1,0,0,0,0
123,A,2,4,3,1,0,1,0,0,0,0,0,0,0,0
123,A,3,3,3,0,0,0,0,0,0,0,0,0,0,0
123,A,4,5,4,1,0,1,1,0,1,0,1,0,0,0
123,A,5,4,3,1,0,1,0,0,0,0,0,0,0,0
123,A,6,5,5,0,0,0,0,0,0,0,0,0,0,0
123,A,7,6,6,0,0,0,0,0,0,0,0,0,0,0
123,A,8,3,3,0,0,0,0,0,0,0,0,0,0,0
123,A,9,4,4,0,0,0,0,0,0,0,0,0,0,0
123,A,10,4,4,0,0,0,0,0,0,0,0,0,0,0
123,A,11,5,5,0,0,0,0,0,0,0,0,0,0,0
123,A,12,16,16,0,0,0,0,0,0,0,0,0,0,0
123,A,13,2,2,0,0,0,0,0,0,0,0,0,0,0
123,A,14,1,1,0,0,0,0,0,0,0,0,0,0,0
123,A,15,4,4,0,0,0,0,0,0,0,0,0,0,0
123,A,16,6,6,0,0,0,0,0,0,0,0,0,0,0
123,B,1,2,0,2,0,2,0,0,1,1,0,0,0,0
123,B,2,4,2,2,0,2,0,0,0,0,0,0,0,0
123,B,3,3,1,2,0,2,2,0,2,0,0,0,0,0
123,B,4,5,4,1,0,1,1,0,1,0,1,0,0,0
123,B,5,4,3,1,0,1,0,0,0,0,0,0,0,0
123,B,6,5,5,0,0,0,0,0,0,0,0,0,0,0
123,B,7,6,6,0,0,0,0,0,0,0,0,0,0,0
123,B,8,3,3,0,0,0,0,0,0,0,0,0,0,0
123,B,9,4,4,0,0,0,0,0,0,0,0,0,0,0
123,B,10,4,4,0,0,0,0,0,0,0,0,0,0,0
123,B,11,5,5,0,0,0,0,0,0,0,0,0,0,0
123,B,12,16,16,0,0,0,0,0,0,0,0,0,0,0
123,B,13,2,2,0,0,0,0,0,0,0,0,0,0,0
123,B,14,1,1,0,0,0,0,0,0,0,0,0,0,0
123,B,15,4,4,0,0,0,0,0,0,0,0,0,0,0
123,B,16,6,6,0,0,0,0,0,0,0,0,0,0,0
124,base,1,7,3,4,0,4,2,0,2,1,0,0,0,0
124,base,2,7,5,2,0,2,2,0,2,0,0,0,0,0
124,base,3,8,8,0,0,0,0,0,0,0,0,0,0,0
124,base,4,5,5,0,0,0,0,0,0,0,0,0,0,0
124,base,5,5,5,0,0,0,0,0,0,0,0,0,0,0
124,base,6,4,4,0,0,0,0,0,0,0,0,0,0,0
124,base,7,2,2,0,0,0,0,0,0,0,0,0,0,0
124,base,8,6,6,0,0,0,0,0,0,0,0,0,0,0
124,base,9,4,4,0,0,0,0,0,0,0,0,0,0,0
124,base,10,8,8,0,0,0,0,0,0,0,0,0,0,0
124,base,11,5,5,0,0,0,0,0,0,0,0,0,0,0
124,base,12,9,9,0,0,0,0,0,0,0,0,0,0,0
124,base,13,5,5,0,0,0,0,0,0,0,0,0,0,0
124,base,14,5,5,0,0,0,0,0,0,0,0,0,0,0
124,base,15,7,7,0,0,0,0,0,0,0,0,0,0,0
124,base,16,6,6,0,0,0,0,0,0,0,0,0,0,0
124,A,1,7,0,7,0,7,3,0,1,0,0,0,0,0
124,A,2,7,4,3,0,3,2,0,1,0,0,0,0,0
124,A,3,8,8,0,0,0,0,0,0,0,0,0,0,0
124,A,4,5,4,1,0,1,1,0,0,0,0,0,0,0
124,A,5,5,5,0,0,0,0,0,0,0,0,0,0,0
124,A,6,4,4,0,0,0,0,0,0,0,0,0,0,0
124,A,7,2,2,0,0,0,0,0,0,0,0,0,0,0
124,A,8,6,6,0,0,0,0,0,0,0,0,0,0,0
124,A,9,4,4,0,0,0,0,0,0,0,0,0,0,0
124,A,10,8,8,0,0,0,0,0,0,0,0,0,0,0
124,A,11,5,5,0,0,0,0,0,0,0,0,0,0,0
124,A,12,9,9,0,0,0,0,0,0,0,0,0,0,0
124,A,13,5,5,0,0,0,0,0,0,0,0,0,0,0
124,A,14,5,5,0,0,0,0,0,0,0,0,0,0,0
124,A,15,7,7,0,0,0,0,0,0,0,0,0,0,0
124,A,16,6,6,0,0,0,0,0,0,0,0,0,0,0
124,B,1,7,0,7,0,7,3,0,1,0,0,0,0,0
124,B,2,7,3,4,1,3,1,0,1,0,0,0,0,0
124,B,3,8,8,0,0,0,0,0,0,0,0,0,0,0
124,B,4,5,3,2,0,2,1,0,0,0,0,0,0,0
124,B,5,5,3,2,0,2,2,0,1,0,1,0,0,0
124,B,6,4,3,1,0,1,1,0,1,0,0,0,0,0
124,B,7,2,2,0,0,0,0,0,0,0,0,0,0,0
124,B,8,6,6,0,0,0,0,0,0,0,0,0,0,0
124,B,9,4,4,0,0,0,0,0,0,0,0,0,0,0
124,B,10,8,8,0,0,0,0,0,0,0,0,0,0,0
124,B,11,5,5,0,0,0,0,0,0,0,0,0,0,0
124,B,12,9,9,0,0,0,0,0,0,0,0,0,0,0
124,B,13,5,5,0,0,0,0,0,0,0,0,0,0,0
124,B,14,5,5,0,0,0,0,0,0,0,0,0,0,0
124,B,15,7,7,0,0,0,0,0,0,0,0,0,0,0
124,B,16,6,6,0,0,0,0,0,0,0,0,0,0,0
125,base,1,1,1,0,0,0,0,0,0,0,0,0,0,0
125,base,2,8,6,2,0,2,1,0,1,0,1,0,0,0
125,base,3,5,5,0,0,0,0,0,0,0,0,0,0,0
125,base,4,4,4,0,0,0,0,0,0,0,0,0,0,0
125,base,5,8,8,0,0,0,0,0,0,0,0,0,0,0
125,base,6,7,7,0,0,0,0,0,0,0,0,0,0,0
125,base,7,4,4,0,0,0,0,0,0,0,0,0,0,0
125,base,8,8,8,0,0,0,0,0,0,0,0,0,0,0
125,base,9,10,10,0,0,0,0,0,0,0,0,0,0,0
125,base,10,5,5,0,0,0,0,0,0,0,0,0,0,0
125,base,11,2,2,0,0,0,0,0,0,0,0,0,0,0
125,base,12,3,3,0,0,0,0,0,0,0,0,0,0,0
125,base,13,6,6,0,0,0,0,0,0,0,0,0,0,0
125,base,14,4,4,0,0,0,0,0,0,0,0,0,0,0
125,base,15,4,4,0,0,0,0,0,0,0,0,0,0,0
125,base,16,4,4,0,0,0,0,0,0,0,0,0,0,0
125,A,1,1,1,0,0,0,0,0,0,0,0,0,0,0
125,A,2,8,5,3,0,3,2,0,2,0,2,0,0,0
125,A,3,5,3,2,0,2,2,0,2,0,1,0,0,0
125,A,4,4,4,0,0,0,0,0,0,0,0,0,0,0
125,A,5,8,8,0,0,0,0,0,0,0,0,0,0,0
125,A,6,7,7,0,0,0,0,0,0,0,0,0,0,0
125,A,7,4,4,0,0,0,0,0,0,0,0,0,0,0
125,A,8,8,8,0,0,0,0,0,0,0,0,0,0,0
125,A,9,10,10,0,0,0,0,0,0,0,0,0,0,0
125,A,10,5,5,0,0,0,0,0,0,0,0,0,0,0
125,A,11,2,2,0,0,0,0,0,0,0,0,0,0,0
125,A,12,3,3,0,0,0,0,0,0,0,0,0,0,0
125,A,13,6,6,0,0,0,0,0,0,0,0,0,0,0
125,A,14,4,4,0,0,0,0,0,0,0,0,0,0,0
125,A,15,4,4,0,0,0,0,0,0,0,0,0,0,0
125,A,16,4,4,0,0,0,0,0,0,0,0,0,0,0
125,B,1,1,0,1,0,1,1,0,0,0,0,0,0,0
125,B,2,8,4,4,1,3,2,0,2,0,2,0,0,0
125,B,3,5,2,3,0,3,3,0,2,0,1,0,0,0
125,B,4,4,3,1,0,1,1,0,1,0,0,0,0,0
125,B,5,8,7,1,0,1,1,0,1,0,0,0,0,0
125,B,6,7,6,1,0,1,1,0,1,0,0,0,0,0
125,B,7,4,4,0,0,0,0,0,0,0,0,0,0,0
125,B,8,8,8,0,0,0,0,0,0,0,0,0,0,0
125,B,9,10,10,0,0,0,0,0,0,0,0,0,0,0
125,B,10,5,5,0,0,0,0,0,0,0,0,0,0,0
125,B,11,2,2,0,0,0,0,0,0,0,0,0,0,0
125,B,12,3,3,0,0,0,0,0,0,0,0,0,0,0
125,B,13,6,6,0,0,0,0,0,0,0,0,0,0,0
125,B,14,4,4,0,0,0,0,0,0,0,0,0,0,0
125,B,15,4,4,0,0,0,0,0,0,0,0,0,0,0
125,B,16,4,4,0,0,0,0,0,0,0,0,0,0,0
126,base,1,4,0,4,0,4,3,0,1,0,1,0,0,0
126,base,2,3,2,1,0,1,0,0,0,0,0,0,0,0
126,base,3,4,2,2,0,2,2,0,2,0,0,0,0,0
126,base,4,3,3,0,0,0,0,0,0,0,0,0,0,0
126,base,5,7,7,0,0,0,0,0,0,0,0,0,0,0
126,base,6,5,5,0,0,0,0,0,0,0,0,0,0,0
126,base,7,5,5,0,0,0,0,0,0,0,0,0,0,0
126,base,8,6,6,0,0,0,0,0,0,0,0,0,0,0
126,base,9,5,5,0,0,0,0,0,0,0,0,0,0,0
126,base,10,3,3,0,0,0,0,0,0,0,0,0,0,0
126,base,11,1,1,0,0,0,0,0,0,0,0,0,0,0
126,base,12,4,4,0,0,0,0,0,0,0,0,0,0,0
126,base,13,3,3,0,0,0,0,0,0,0,0,0,0,0
126,base,14,4,4,0,0,0,0,0,0,0,0,0,0,0
126,base,15,5,5,0,0,0,0,0,0,0,0,0,0,0
126,base,16,3,3,0,0,0,0,0,0,0,0,0,0,0
126,A,1,4,0,4,0,4,2,0,1,0,1,0,0,0
126,A,2,3,1,2,0,2,1,0,0,0,0,0,0,0
126,A,3,4,1,3,0,3,3,0,3,0,1,0,0,0
126,A,4,3,3,0,0,0,0,0,0,0,0,0,0,0
126,A,5,7,7,0,0,0,0,0,0,0,0,0,0,0
126,A,6,5,4,1,0,1,1,0,1,0,1,0,0,0
126,A,7,5,5,0,0,0,0,0,0,0,0,0,0,0
126,A,8,6,6,0,0,0,0,0,0,0,0,0,0,0
126,A,9,5,5,0,0,0,0,0,0,0,0,0,0,0
126,A,10,3,3,0,0,0,0,0,0,0,0,0,0,0
126,A,11,1,1,0,0,0,0,0,0,0,0,0,0,0
126,A,12,4,4,0,0,0,0,0,0,0,0,0,0,0
126,A,13,3,3,0,0,0,0,0,0,0,0,0,0,0
126,A,14,4,4,0,0,0,0,0,0,0,0,0,0,0
126,A,15,5,5,0,0,0,0,0,0,0,0,0,0,0
126,A,16,3,3,0,0,0,0,0,0,0,0,0,0,0
126,B,1,4,0,4,0,4,2,0,1,0,1,0,0,0
126,B,2,3,1,2,1,1,1,1,0,0,0,0,0,0
126,B,3,4,1,3,0,3,3,0,3,0,0,0,0,0
126,B,4,3,2,1,0,1,1,0,1,0,1,0,0,0
126,B,5,7,6,1,0,1,1,0,1,0,1,0,0,0
126,B,6,5,4,1,0,1,1,0,1,0,1,0,0,0
126,B,7,5,5,0,0,0,0,0,0,0,0,0,0,0
126,B,8,6,6,0,0,0,0,0,0,0,0,0,0,0
126,B,9,5,5,0,0,0,0,0,0,0,0,0,0,0
126,B,10,3,3,0,0,0,0,0,0,0,0,0,0,0
126,B,11,1,1,0,0,0,0,0,0,0,0,0,0,0
126,B,12,4,4,0,0,0,0,0,0,0,0,0,0,0
126,B,13,3,3,0,0,0,0,0,0,0,0,0,0,0
126,B,14,4,4,0,0,0,0,0,0,0,0,0,0,0
126,B,15,5,5,0,0,0,0,0,0,0,0,0,0,0
126,B,16,3,3,0,0,0,0,0,0,0,0,0,0,0
127,base,1,5,3,2,0,2,2,0,2,0,0,0,0,0
127,base,2,5,3,2,0,2,2,0,1,0,0,0,0,0
127,base,3,7,5,2,0,2,2,0,1,0,0,0,0,0
127,base,4,4,4,0,0,0,0,0,0,0,0,0,0,0
127,base,5,6,6,0,0,0,0,0,0,0,0,0,0,0
127,base,6,5,5,0,0,0,0,0,0,0,0,0,0,0
127,base,7,8,8,0,0,0,0,0,0,0,0,0,0,0
127,base,8,6,6,0,0,0,0,0,0,0,0,0,0,0
127,base,9,7,7,0,0,0,0,0,0,0,0,0,0,0
127,base,10,2,2,0,0,0,0,0,0,0,0,0,0,0
127,base,11,6,6,0,0,0,0,0,0,0,0,0,0,0
127,base,12,10,10,0,0,0,0,0,0,0,0,0,0,0
127,base,13,5,5,0,0,0,0,0,0,0,0,0,0,0
127,base,14,2,2,0,0,0,0,0,0,0,0,0,0,0
127,base,15,11,11,0,0,0,0,0,0,0,0,0,0,0
127,base,16,6,6,0,0,0,0,0,0,0,0,0,0,0
127,A,1,5,3,2,0,2,1,0,2,1,0,0,0,0
127,A,2,5,3,2,0,2,1,0,1,0,0,0,0,0
127,A,3,7,3,4,0,4,4,0,3,0,1,0,0,0
127,A,4,4,4,0,0,0,0,0,0,0,0,0,0,0
127,A,5,6,6,0,0,0,0,0,0,0,0,0,0,0
127,A,6,5,5,0,0,0,0,0,0,0,0,0,0,0
127,A,7,8,8,0,0,0,0,0,0,0,0,0,0,0
127,A,8,6,6,0,0,0,0,0,0,0,0,0,0,0
127,A,9,7,7,0,0,0,0,0,0,0,0,0,0,0
127,A,10,2,2,0,0,0,0,0,0,0,0,0,0,0
127,A,11,6,6,0,0,0,0,0,0,0,0,0,0,0
127,A,12,10,10,0,0,0,0,0,0,0,0,0,0,0
127,A,13,5,5,0,0,0,0,0,0,0,0,0,0,0
127,A,14,2,2,0,0,0,0,0,0,0,0,0,0,0
127,A,15,11,11,0,0,0,0,0,0,0,0,0,0,0
127,A,16,6,6,0,0,0,0,0,0,0,0,0,0,0
127,B,1,5,1,4,0,4,1,0,1,0,0,0,0,0
127,B,2,5,1,4,1,3,2,0,1,0,0,0,0,0
127,B,3,7,1,6,0,6,4,0,4,0,1,0,0,0
127,B,4,4,4,0,0,0,0,0,0,0,0,0,0,0
127,B,5,6,6,0,0,0,0,0,0,0,0,0,0,0
127,B,6,5,5,0,0,0,0,0,0,0,0,0,0,0
127,B,7,8,8,0,0,0,0,0,0,0,0,0,0,0
127,B,8,6,6,0,0,0,0,0,0,0,0,0,0,0
127,B,9,7,7,0,0,0,0,0,0,0,0,0,0,0
127,B,10,2,2,0,0,0,0,0,0,0,0,0,0,0
127,B,11,6,6,0,0,0,0,0,0,0,0,0,0,0
127,B,12,10,10,0,0,0,0,0,0,0,0,0,0,0
127,B,13,5,5,0,0,0,0,0,0,0,0,0,0,0
127,B,14,2,2,0,0,0,0,0,0,0,0,0,0,0
127,B,15,11,11,0,0,0,0,0,0,0,0,0,0,0
127,B,16,6,6,0,0,0,0,0,0,0,0,0,0,0
128,base,1,5,2,3,0,3,1,0,0,0,0,0,0,0
128,base,2,3,2,1,0,1,1,0,1,0,1,0,0,0
128,base,3,4,3,1,0,1,1,0,1,0,0,0,0,0
128,base,4,2,2,0,0,0,0,0,0,0,0,0,0,0
128,base,5,2,2,0,0,0,0,0,0,0,0,0,0,0
128,base,6,2,2,0,0,0,0,0,0,0,0,0,0,0
128,base,7,4,4,0,0,0,0,0,0,0,0,0,0,0
128,base,8,4,4,0,0,0,0,0,0,0,0,0,0,0
128,base,9,4,4,0,0,0,0,0,0,0,0,0,0,0
128,base,10,8,8,0,0,0,0,0,0,0,0,0,0,0
128,base,11,8,8,0,0,0,0,0,0,0,0,0,0,0
128,base,12,6,6,0,0,0,0,0,0,0,0,0,0,0
128,base,13,5,5,0,0,0,0,0,0,0,0,0,0,0
128,base,14,6,6,0,0,0,0,0,0,0,0,0,0,0
128,base,15,4,4,0,0,0,0,0,0,0,0,0,0,0
128,base,16,4,4,0,0,0,0,0,0,0,0,0,0,0
128,A,1,5,1,4,0,4,1,0,1,1,0,0,0,0
128,A,2,3,2,1,0,1,1,0,1,0,1,0,0,0
128,A,3,4,2,2,0,2,2,0,1,0,0,0,0,0
128,A,4,2,2,0,0,0,0,0,0,0,0,0,0,0
128,A,5,2,2,0,0,0,0,0,0,0,0,0,0,0
128,A,6,2,1,1,0,1,0,0,0,0,0,0,0,0
128,A,7,4,4,0,0,0,0,0,0,0,0,0,0,0
128,A,8,4,4,0,0,0,0,0,0,0,0,0,0,0
128,A,9,4,4,0,0,0,0,0,0,0,0,0,0,0
128,A,10,8,8,0,0,0,0,0,0,0,0,0,0,0
128,A,11,8,8,0,0,0,0,0,0,0,0,0,0,0
128,A,12,6,6,0,0,0,0,0,0,0,0,0,0,0
128,A,13,5,5,0,0,0,0,0,0,0,0,0,0,0
128,A,14,6,6,0,0,0,0,0,0,0,0,0,0,0
128,A,15,4,4,0,0,0,0,0,0,0,0,0,0,0
128,A,16,4,4,0,0,0,0,0,0,0,0,0,0,0
128,B,1,5,0,5,0,5,1,0,2,2,0,0,0,0
128,B,2,3,2,1,0,1,1,0,1,0,1,0,0,0
128,B,3,4,1,3,0,3,2,0,1,0,0,0,0,0
128,B,4,2,2,0,0,0,0,0,0,0,0,0,0,0
128,B,5,2,2,0,0,0,0,0,0,0,0,0,0,0
128,B,6,2,1,1,0,1,0,0,0,0,0,0,0,0
128,B,7,4,4,0,0,0,0,0,0,0,0,0,0,0
128,B,8,4,4,0,0,0,0,0,0,0,0,0,0,0
128,B,9,4,4,0,0,0,0,0,0,0,0,0,0,0
128,B,10,8,8,0,0,0,0,0,0,0,0,0,0,0
128,B,11,8,8,0,0,0,0,0,0,0,0,0,0,0
128,B,12,6,6,0,0,0,0,0,0,0,0,0,0,0
128,B,13,5,5,0,0,0,0,0,0,0,0,0,0,0
128,B,14,6,6,0,0,0,0,0,0,0,0,0,0,0
128,B,15,4,4,0,0,0,0,0,0,0,0,0,0,0
128,B,16,4,4,0,0,0,0,0,0,0,0,0,0,0
129,base,1,5,3,2,0,2,1,0,1,0,1,0,0,0
129,base,2,5,3,2,0,2,2,0,1,0,0,0,0,0
129,base,3,2,2,0,0,0,0,0,0,0,0,0,0,0
129,base,4,4,4,0,0,0,0,0,0,0,0,0,0,0
129,base,5,7,7,0,0,0,0,0,0,0,0,0,0,0
129,base,6,8,8,0,0,0,0,0,0,0,0,0,0,0
129,base,7,5,5,0,0,0,0,0,0,0,0,0,0,0
129,base,8,5,5,0,0,0,0,0,0,0,0,0,0,0
129,base,9,6,6,0,0,0,0,0,0,0,0,0,0,0
129,base,10,5,5,0,0,0,0,0,0,0,0,0,0,0
129,base,11,1,1,0,0,0,0,0,0,0,0,0,0,0
129,base,12,10,10,0,0,0,0,0,0,0,0,0,0,0
129,base,13,7,7,0,0,0,0,0,0,0,0,0,0,0
129,base,14,4,4,0,0,0,0,0,0,0,0,0,0,0
129,base,15,3,3,0,0,0,0,0,0,0,0,0,0,0
129,base,16,3,3,0,0,0,0,0,0,0,0,0,0,0
129,A,1,5,3,2,0,2,1,0,1,0,1,0,0,0
129,A,2,5,2,3,0,3,3,0,2,0,1,0,0,0
129,A,3,2,2,0,0,0,0,0,0,0,0,0,0,0
129,A,4,4,4,0,0,0,0,0,0,0,0,0,0,0
129,A,5,7,6,1,0,1,1,0,1,0,0,0,0,0
129,A,6,8,8,0,0,0,0,0,0,0,0,0,0,0
129,A,7,5,5,0,0,0,0,0,0,0,0,0,0,0
129,A,8,5,5,0,0,0,0,0,0,0,0,0,0,0
129,A,9,6,6,0,0,0,0,0,0,0,0,0,0,0
129,A,10,5,5,0,0,0,0,0,0,0,0,0,0,0
129,A,11,1,1,0,0,0,0,0,0,0,0,0,0,0
129,A,12,10,10,0,0,0,0,0,0,0,0,0,0,0
129,A,13,7,7,0,0,0,0,0,0,0,0,0,0,0
129,A,14,4,4,0,0,0,0,0,0,0,0,0,0,0
129,A,15,3,3,0,0,0,0,0,0,0,0,0,0,0
129,A,16,3,3,0,0,0,0,0,0,0,0,0,0,0
129,B,1,5,3,2,0,2,1,0,1,0,1,0,0,0
129,B,2,5,2,3,0,3,3,0,2,0,0,0,0,0
129,B,3,2,1,1,0,1,0,0,0,0,0,0,0,0
129,B,4,4,3,1,0,1,1,0,0,0,0,0,0,0
129,B,5,7,6,1,0,1,1,0,1,0,0,0,0,0
129,B,6,8,5,3,0,3,3,0,3,0,3,0,0,0
129,B,7,5,5,0,0,0,0,0,0,0,0,0,0,0
129,B,8,5,5,0,0,0,0,0,0,0,0,0,0,0
129,B,9,6,6,0,0,0,0,0,0,0,0,0,0,0
129,B,10,5,5,0,0,0,0,0,0,0,0,0,0,0
129,B,11,1,1,0,0,0,0,0,0,0,0,0,0,0
129,B,12,10,10,0,0,0,0,0,0,0,0,0,0,0
129,B,13,7,7,0,0,0,0,0,0,0,0,0,0,0
129,B,14,4,4,0,0,0,0,0,0,0,0,0,0,0
129,B,15,3,3,0,0,0,0,0,0,0,0,0,0,0
129,B,16,3,3,0,0,0,0,0,0,0,0,0,0,0
130,base,1,5,5,0,0,0,0,0,0,0,0,0,0,0
130,base,2,4,4,0,0,0,0,0,0,0,0,0,0,0
130,base,3,6,6,0,0,0,0,0,0,0,0,0,0,0
130,base,4,4,4,0,0,0,0,0,0,0,0,0,0,0
130,base,5,4,4,0,0,0,0,0,0,0,0,0,0,0
130,base,6,4,4,0,0,0,0,0,0,0,0,0,0,0
130,base,7,1,1,0,0,0,0,0,0,0,0,0,0,0
130,base,8,4,4,0,0,0,0,0,0,0,0,0,0,0
130,base,9,5,5,0,0,0,0,0,0,0,0,0,0,0
130,base,10,5,5,0,0,0,0,0,0,0,0,0,0,0
130,base,11,3,3,0,0,0,0,0,0,0,0,0,0,0
130,base,12,7,7,0,0,0,0,0,0,0,0,0,0,0
130,base,13,5,5,0,0,0,0,0,0,0,0,0,0,0
130,base,14,3,3,0,0,0,0,0,0,0,0,0,0,0
130,base,15,9,9,0,0,0,0,0,0,0,0,0,0,0
130,base,16,3,3,0,0,0,0,0,0,0,0,0,0,0
130,A,1,5,4,1,0,1,0,0,0,0,0,0,0,0
130,A,2,4,3,1,0,1,0,0,0,0,0,0,0,0
130,A,3,6,5,1,0,1,1,0,1,0,0,0,0,0
130,A,4,4,4,0,0,0,0,0,0,0,0,0,0,0
130,A,5,4,4,0,0,0,0,0,0,0,0,0,0,0
130,A,6,4,4,0,0,0,0,0,0,0,0,0,0,0
130,A,7,1,1,0,0,0,0,0,0,0,0,0,0,0
130,A,8,4,4,0,0,0,0,0,0,0,0,0,0,0
130,A,9,5,5,0,0,0,0,0,0,0,0,0,0,0
130,A,10,5,5,0,0,0,0,0,0,0,0,0,0,0
130,A,11,3,3,0,0,0,0,0,0,0,0,0,0,0
130,A,12,7,7,0,0,0,0,0,0,0,0,0,0,0
130,A,13,5,5,0,0,0,0,0,0,0,0,0,0,0
130,A,14,3,3,0,0,0,0,0,0,0,0,0,0,0
130,A,15,9,9,0,0,0,0,0,0,0,0,0,0,0
130,A,16,3,3,0,0,0,0,0,0,0,0,0,0,0
130,B,1,5,2,3,0,3,0,0,0,0,0,0,0,0
130,B,2,4,3,1,0,1,0,0,0,0,0,0,0,0
130,B,3,6,4,2,0,2,2,0,2,0,0,0,0,0
130,B,4,4,3,1,0,1,0,0,0,0,0,0,0,0
130,B,5,4,4,0,0,0,0,0,0,0,0,0,0,0
130,B,6,4,4,0,0,0,0,0,0,0,0,0,0,0
130,B,7,1,1,0,0,0,0,0,0,0,0,0,0,0
130,B,8,4,4,0,0,0,0,0,0,0,0,0,0,0
130,B,9,5,5,0,0,0,0,0,0,0,0,0,0,0
130,B,10,5,5,0,0,0,0,0,0,0,0,0,0,0
130,B,11,3,3,0,0,0,0,0,0,0,0,0,0,0
130,B,12,7,7,0,0,0,0,0,0,0,0,0,0,0
130,B,13,5,5,0,0,0,0,0,0,0,0,0,0,0
130,B,14,3,3,0,0,0,0,0,0,0,0,0,0,0
130,B,15,9,9,0,0,0,0,0,0,0,0,0,0,0
130,B,16,3,3,0,0,0,0,0,0,0,0,0,0,0
131,base,1,6,3,3,0,3,3,0,1,0,0,0,0,0
131,base,2,3,2,1,0,1,0,0,0,0,0,0,0,0
131,base,3,4,4,0,0,0,0,0,0,0,0,0,0,0
131,base,4,2,2,0,0,0,0,0,0,0,0,0,0,0
131,base,5,7,7,0,0,0,0,0,0,0,0,0,0,0
131,base,6,10,10,0,0,0,0,0,0,0,0,0,0,0
131,base,7,4,4,0,0,0,0,0,0,0,0,0,0,0
131,base,8,6,6,0,0,0,0,0,0,0,0,0,0,0
131,base,9,7,7,0,0,0,0,0,0,0,0,0,0,0
131,base,10,6,6,0,0,0,0,0,0,0,0,0,0,0
131,base,11,4,4,0,0,0,0,0,0,0,0,0,0,0
131,base,12,7,7,0,0,0,0,0,0,0,0,0,0,0
131,base,13,4,4,0,0,0,0,0,0,0,0,0,0,0
131,base,14,5,5,0,0,0,0,0,0,0,0,0,0,0
131,base,15,9,9,0,0,0,0,0,0,0,0,0,0,0
131,base,16,4,4,0,0,0,0,0,0,0,0,0,0,0
131,A,1,6,2,4,0,4,2,0,1,0,0,0,0,0
131,A,2,3,1,2,0,2,1,0,0,0,0,0,0,0
131,A,3,4,4,0,0,0,0,0,0,0,0,0,0,0
131,A,4,2,2,0,0,0,0,0,0,0,0,0,0,0
131,A,5,7,7,0,0,0,0,0,0,0,0,0,0,0
131,A,6,10,10,0,0,0,0,0,0,0,0,0,0,0
131,A,7,4,3,1,0,1,1,0,1,0,1,0,0,0
131,A,8,6,6,0,0,0,0,0,0,0,0,0,0,0
131,A,9,7,7,0,0,0,0,0,0,0,0,0,0,0
131,A,10,6,6,0,0,0,0,0,0,0,0,0,0,0
131,A,11,4,4,0,0,0,0,0,0,0,0,0,0,0
131,A,12,7,7,0,0,0,0,0,0,0,0,0,0,0
131,A,13,4,4,0,0,0,0,0,0,0,0,0,0,0
131,A,14,5,5,0,0,0,0,0,0,0,0,0,0,0
131,A,15,9,9,0,0,0,0,0,0,0,0,0,0,0
131,A,16,4,4,0,0,0,0,0,0,0,0,0,0,0
131,B,1,6,1,5,0,5,2,0,1,0,0,0,0,0
131,B,2,3,1,2,0,2,1,0,0,0,0,0,0,0
131,B,3,4,3,1,0,1,1,0,1,0,0,0,0,0
131,B,4,2,1,1,0,1,1,0,1,0,1,0,0,0
131,B,5,7,6,1,0,1,0,0,0,0,0,0,0,0
131,B,6,10,9,1,0,1,1,0,1,0,0,0,0,0
131,B,7,4,3,1,0,1,1,0,1,0,1,0,0,0
131,B,8,6,6,0,0,0,0,0,0,0,0,0,0,0
131,B,9,7,7,0,0,0,0,0,0,0,0,0,0,0
131,B,10,6,6,0,0,0,0,0,0,0,0,0,0,0
131,B,11,4,4,0,0,0,0,0,0,0,0,0,0,0
131,B,12,7,7,0,0,0,0,0,0,0,0,0,0,0
131,B,13,4,4,0,0,0,0,0,0,0,0,0,0,0
131,B,14,5,5,0,0,0,0,0,0,0,0,0,0,0
131,B,15,9,9,0,0,0,0,0,0,0,0,0,0,0
131,B,16,4,4,0,0,0,0,0,0,0,0,0,0,0
132,base,1,4,3,1,0,1,0,0,0,0,0,0,0,0
132,base,2,6,5,1,0,1,1,0,0,0,0,0,0,0
132,base,3,6,6,0,0,0,0,0,0,0,0,0,0,0
132,base,4,1,1,0,0,0,0,0,0,0,0,0,0,0
132,base,5,4,4,0,0,0,0,0,0,0,0,0,0,0
132,base,6,4,3,1,0,1,1,0,1,0,1,0,0,0
132,base,7,1,1,0,0,0,0,0,0,0,0,0,0,0
132,base,8,5,5,0,0,0,0,0,0,0,0,0,0,0
132,base,9,6,6,0,0,0,0,0,0,0,0,0,0,0
132,base,10,6,6,0,0,0,0,0,0,0,0,0,0,0
132,base,11,3,3,0,0,0,0,0,0,0,0,0,0,0
132,base,12,5,5,0,0,0,0,0,0,0,0,0,0,0
132,base,13,7,7,0,0,0,0,0,0,0,0,0,0,0
132,base,14,3,3,0,0,0,0,0,0,0,0,0,0,0
132,base,15,2,2,0,0,0,0,0,0,0,0,0,0,0
132,base,16,8,8,0,0,0,0,0,0,0,0,0,0,0
132,A,1,4,2,2,0,2,1,0,0,0,0,0,0,0
132,A,2,6,4,2,0,2,2,0,1,0,1,0,0,0
132,A,3,6,5,1,0,1,1,0,1,0,1,0,0,0
132,A,4,1,1,0,0,0,0,0,0,0,0,0,0,0
132,A,5,4,4,0,0,0,0,0,0,0,0,0,0,0
132,A,6,4,3,1,0,1,1,0,1,0,1,0,0,0
132,A,7,1,1,0,0,0,0,0,0,0,0,0,0,0
132,A,8,5,5,0,0,0,0,0,0,0,0,0,0,0
132,A,9,6,6,0,0,0,0,0,0,0,0,0,0,0
132,A,10,6,6,0,0,0,0,0,0,0,0,0,0,0
132,A,11,3,3,0,0,0,0,0,0,0,0,0,0,0
132,A,12,5,5,0,0,0,0,0,0,0,0,0,0,0
132,A,13,7,7,0,0,0,0,0,0,0,0,0,0,0
132,A,14,3,3,0,0,0,0,0,0,0,0,0,0,0
132,A,15,2,2,0,0,0,0,0,0,0,0,0,0,0
132,A,16,8,8,0,0,0,0,0,0,0,0,0,0,0
132,B,1,4,1,3,0,3,1,0,0,0,0,0,0,0
132,B,2,6,4,2,0,2,2,0,1,0,1,0,0,0
132,B,3,6,5,1,0,1,1,0,1,0,1,0,0,0
132,B,4,1,1,0,0,0,0,0,0,0,0,0,0,0
132,B,5,4,3,1,0,1,1,0,0,0,0,0,0,0
132,B,6,4,3,1,0,1,1,0,1,0,1,0,0,0
132,B,7,1,1,0,0,0,0,0,0,0,0,0,0,0
132,B,8,5,5,0,0,0,0,0,0,0,0,0,0,0
132,B,9,6,6,0,0,0,0,0,0,0,0,0,0,0
132,B,10,6,6,0,0,0,0,0,0,0,0,0,0,0
132,B,11,3,3,0,0,0,0,0,0,0,0,0,0,0
132,B,12,5,5,0,0,0,0,0,0,0,0,0,0,0
132,B,13,7,7,0,0,0,0,0,0,0,0,0,0,0
132,B,14,3,3,0,0,0,0,0,0,0,0,0,0,0
132,B,15,2,2,0,0,0,0,0,0,0,0,0,0,0
132,B,16,8,8,0,0,0,0,0,0,0,0,0,0,0
133,base,1,7,5,2,0,2,1,0,2,1,0,0,0,0
133,base,2,4,3,1,0,1,1,0,1,0,1,0,0,0
133,base,3,2,2,0,0,0,0,0,0,0,0,0,0,0
133,base,4,9,9,0,0,0,0,0,0,0,0,0,0,0
133,base,5,10,10,0,0,0,0,0,0,0,0,0,0,0
133,base,6,2,2,0,0,0,0,0,0,0,0,0,0,0
133,base,7,8,8,0,0,0,0,0,0,0,0,0,0,0
133,base,8,5,5,0,0,0,0,0,0,0,0,0,0,0
133,base,9,9,9,0,0,0,0,0,0,0,0,0,0,0
133,base,10,3,3,0,0,0,0,0,0,0,0,0,0,0
133,base,11,6,6,0,0,0,0,0,0,0,0,0,0,0
133,base,12,2,2,0,0,0,0,0,0,0,0,0,0,0
133,base,13,9,9,0,0,0,0,0,0,0,0,0,0,0
133,base,14,3,3,0,0,0,0,0,0,0,0,0,0,0
133,base,15,6,6,0,0,0,0,0,0,0,0,0,0,0
133,base,16,5,5,0,0,0,0,0,0,0,0,0,0,0
133,A,1,7,3,4,0,4,4,0,1,0,0,0,0,0
133,A,2,4,2,2,0,2,2,0,2,0,1,0,0,0
133,A,3,2,2,0,0,0,0,0,0,0,0,0,0,0
133,A,4,9,9,0,0,0,0,0,0,0,0,0,0,0
133,A,5,10,10,0,0,0,0,0,0,0,0,0,0,0
133,A,6,2,2,0,0,0,0,0,0,0,0,0,0,0
133,A,7,8,8,0,0,0,0,0,0,0,0,0,0,0
133,A,8,5,5,0,0,0,0,0,0,0,0,0,0,0
133,A,9,9,9,0,0,0,0,0,0,0,0,0,0,0
133,A,10,3,3,0,0,0,0,0,0,0,0,0,0,0
133,A,11,6,6,0,0,0,0,0,0,0,0,0,0,0
133,A,12,2,2,0,0,0,0,0,0,0,0,0,0,0
133,A,13,9,9,0,0,0,0,0,0,0,0,0,0,0
133,A,14,3,3,0,0,0,0,0,0,0,0,0,0,0
133,A,15,6,6,0,0,0,0,0,0,0,0,0,0,0
133,A,16,5,5,0,0,0,0,0,0,0,0,0,0,0
133,B,1,7,3,4,0,4,1,0,1,0,0,0,0,0
133,B,2,4,2,2,0,2,2,0,2,0,1,0,0,0
133,B,3,2,0,2,0,2,2,0,0,0,0,0,0,0
133,B,4,9,7,2,0,2,1,0,1,0,0,0,0,0
133,B,5,10,9,1,0,1,1,0,0,0,0,0,0,0
133,B,6,2,2,0,0,0,0,0,0,0,0,0,0,0
133,B,7,8,7,1,0,1,1,0,1,0,0,0,0,0
133,B,8,5,5,0,0,0,0,0,0,0,0,0,0,0
133,B,9,9,8,1,0,1,1,0,1,0,1,0,0,0
133,B,10,3,3,0,0,0,0,0,0,0,0,0,0,0
133,B,11,6,6,0,0,0,0,0,0,0,0,0,0,0
133,B,12,2,2,0,0,0,0,0,0,0,0,0,0,0
133,B,13,9,9,0,0,0,0,0,0,0,0,0,0,0
133,B,14,3,3,0,0,0,0,0,0,0,0,0,0,0
133,B,15,6,6,0,0,0,0,0,0,0,0,0,0,0
133,B,16,5,5,0,0,0,0,0,0,0,0,0,0,0
134,base,1,3,0,3,0,3,2,0,1,0,1,0,0,0
134,base,2,7,5,2,0,2,2,0,1,0,0,0,0,0
134,base,3,6,6,0,0,0,0,0,0,0,0,0,0,0
134,base,4,5,5,0,0,0,0,0,0,0,0,0,0,0
134,base,5,3,3,0,0,0,0,0,0,0,0,0,0,0
134,base,6,9,9,0,0,0,0,0,0,0,0,0,0,0
134,base,7,2,2,0,0,0,0,0,0,0,0,0,0,0
134,base,8,7,7,0,0,0,0,0,0,0,0,0,0,0
134,base,9,5,5,0,0,0,0,0,0,0,0,0,0,0
134,base,10,3,3,0,0,0,0,0,0,0,0,0,0,0
134,base,11,5,5,0,0,0,0,0,0,0,0,0,0,0
134,base,12,5,5,0,0,0,0,0,0,0,0,0,0,0
134,base,13,6,6,0,0,0,0,0,0,0,0,0,0,0
134,base,14,4,4,0,0,0,0,0,0,0,0,0,0,0
134,base,15,5,5,0,0,0,0,0,0,0,0,0,0,0
134,base,16,7,7,0,0,0,0,0,0,0,0,0,0,0
134,A,1,3,0,3,0,3,2,0,1,0,1,0,0,0
134,A,2,7,3,4,0,4,3,0,1,0,0,0,0,0
134,A,3,6,5,1,0,1,1,0,1,0,1,0,0,0
134,A,4,5,4,1,0,1,1,0,1,0,0,0,0,0
134,A,5,3,3,0,0,0,0,0,0,0,0,0,0,0
134,A,6,9,9,0,0,0,0,0,0,0,0,0,0,0
134,A,7,2,2,0,0,0,0,0,0,0,0,0,0,0
134,A,8,7,7,0,0,0,0,0,0,0,0,0,0,0
134,A,9,5,5,0,0,0,0,0,0,0,0,0,0,0
134,A,10,3,3,0,0,0,0,0,0,0,0,0,0,0
134,A,11,5,5,0,0,0,0,0,0,0,0,0,0,0
134,A,12,5,5,0,0,0,0,0,0,0,0,0,0,0
134,A,13,6,6,0,0,0,0,0,0,0,0,0,0,0
134,A,14,4,4,0,0,0,0,0,0,0,0,0,0,0
134,A,15,5,5,0,0,0,0,0,0,0,0,0,0,0
134,A,16,7,7,0,0,0,0,0,0,0,0,0,0,0
134,B,1,3,0,3,0,3,2,0,1,0,1,0,0,0
134,B,2,7,1,6,1,5,3,1,1,0,0,0,0,0
134,B,3,6,3,3,0,3,3,0,2,0,1,0,0,0
134,B,4,5,4,1,0,1,1,0,1,0,0,0,0,0
134,B,5,3,2,1,0,1,1,0,1,0,0,0,0,0
134,B,6,9,8,1,0,1,1,0,1,0,0,0,0,0
134,B,7,2,2,0,0,0,0,0,0,0,0,0,0,0
134,B,8,7,6,1,0,1,1,0,1,0,1,0,0,0
134,B,9,5,5,0,0,0,0,0,0,0,0,0,0,0
134,B,10,3,3,0,0,0,0,0,0,0,0,0,0,0
134,B,11,5,5,0,0,0,0,0,0,0,0,0,0,0
134,B,12,5,5,0,0,0,0,0,0,0,0,0,0,0
134,B,13,6,6,0,0,0,0,0,0,0,0,0,0,0
134,B,14,4,4,0,0,0,0,0,0,0,0,0,0,0
134,B,15,5,5,0,0,0,0,0,0,0,0,0,0,0
134,B,16,7,7,0,0,0,0,0,0,0,0,0,0,0
135,base,1,5,2,3,0,3,2,0,1,0,1,0,0,0
135,base,2,5,3,2,0,2,2,0,1,0,1,0,0,0
135,base,3,6,6,0,0,0,0,0,0,0,0,0,0,0
135,base,4,7,7,0,0,0,0,0,0,0,0,0,0,0
135,base,5,5,4,1,0,1,1,0,1,0,1,0,0,0
135,base,6,6,6,0,0,0,0,0,0,0,0,0,0,0
135,base,7,3,3,0,0,0,0,0,0,0,0,0,0,0
135,base,8,4,4,0,0,0,0,0,0,0,0,0,0,0
135,base,9,8,8,0,0,0,0,0,0,0,0,0,0,0
135,base,10,1,1,0,0,0,0,0,0,0,0,0,0,0
135,base,11,3,3,0,0,0,0,0,0,0,0,0,0,0
135,base,12,5,5,0,0,0,0,0,0,0,0,0,0,0
135,base,13,7,7,0,0,0,0,0,0,0,0,0,0,0
135,base,14,5,5,0,0,0,0,0,0,0,0,0,0,0
135,base,15,3,3,0,0,0,0,0,0,0,0,0,0,0
135,base,16,2,2,0,0,0,0,0,0,0,0,0,0,0
135,A,1,5,1,4,0,4,3,0,1,0,1,0,0,0
135,A,2,5,3,2,0,2,1,0,1,0,1,0,0,0
135,A,3,6,6,0,0,0,0,0,0,0,0,0,0,0
135,A,4,7,6,1,0,1,1,0,1,0,0,0,0,0
135,A,5,5,4,1,0,1,1,0,1,0,1,0,0,0
135,A,6,6,6,0,0,0,0,0,0,0,0,0,0,0
135,A,7,3,3,0,0,0,0,0,0,0,0,0,0,0
135,A,8,4,4,0,0,0,0,0,0,0,0,0,0,0
135,A,9,8,8,0,0,0,0,0,0,0,0,0,0,0
135,A,10,1,1,0,0,0,0,0,0,0,0,0,0,0
135,A,11,3,3,0,0,0,0,0,0,0,0,0,0,0
135,A,12,5,5,0,0,0,0,0,0,0,0,0,0,0
135,A,13,7,7,0,0,0,0,0,0,0,0,0,0,0
135,A,14,5,5,0,0,0,0,0,0,0,0,0,0,0
135,A,15,3,3,0,0,0,0,0,0,0,0,0,0,0
135,A,16,2,2,0,0,0,0,0,0,0,0,0,0,0
135,B,1,5,1,4,0,4,2,0,1,0,1,0,0,0
135,B,2,5,1,4,0,4,2,0,1,0,1,0,0,0
135,B,3,6,5,1,0,1,0,0,1,1,0,0,0,0
135,B,4,7,5,2,0,2,2,0,2,0,0,0,0,0
135,B,5,5,3,2,0,2,2,0,2,0,1,0,0,0
135,B,6,6,6,0,0,0,0,0,0,0,0,0,0,0
135,B,7,3,3,0,0,0,0,0,0,0,0,0,0,0
135,B,8,4,3,1,0,1,1,0,1,0,1,0,0,0
135,B,9,8,8,0,0,0,0,0,0,0,0,0,0,0
135,B,10,1,1,0,0,0,0,0,0,0,0,0,0,0
135,B,11,3,3,0,0,0,0,0,0,0,0,0,0,0
135,B,12,5,5,0,0,0,0,0,0,0,0,0,0,0
135,B,13,7,7,0,0,0,0,0,0,0,0,0,0,0
135,B,14,5,5,0,0,0,0,0,0,0,0,0,0,0
135,B,15,3,3,0,0,0,0,0,0,0,0,0,0,0
135,B,16,2,2,0,0,0,0,0,0,0,0,0,0,0
136,base,1,7,4,3,0,3,1,0,0,0,0,0,0,0
136,base,2,5,4,1,0,1,1,0,1,0,1,0,0,0
136,base,3,4,4,0,0,0,0,0,0,0,0,0,0,0
136,base,4,5,5,0,0,0,0,0,0,0,0,0,0,0
136,base,5,4,4,0,0,0,0,0,0,0,0,0,0,0
136,base,6,10,10,0,0,0,0,0,0,0,0,0,0,0
136,base,7,2,2,0,0,0,0,0,0,0,0,0,0,0
136,base,8,7,7,0,0,0,0,0,0,0,0,0,0,0
136,base,9,7,7,0,0,0,0,0,0,0,0,0,0,0
136,base,10,3,3,0,0,0,0,0,0,0,0,0,0,0
136,base,11,5,5,0,0,0,0,0,0,0,0,0,0,0
136,base,12,4,4,0,0,0,0,0,0,0,0,0,0,0
136,base,13,5,5,0,0,0,0,0,0,0,0,0,0,0
136,base,14,6,6,0,0,0,0,0,0,0,0,0,0,0
136,base,15,7,7,0,0,0,0,0,0,0,0,0,0,0
136,base,16,5,5,0,0,0,0,0,0,0,0,0,0,0
136,A,1,7,4,3,0,3,1,0,0,0,0,0,0,0
136,A,2,5,3,2,0,2,2,0,2,0,2,0,0,0
136,A,3,4,4,0,0,0,0,0,0,0,0,0,0,0
136,A,4,5,4,1,0,1,1,0,1,0,1,0,0,0
136,A,5,4,4,0,0,0,0,0,0,0,0,0,0,0
136,A,6,10,10,0,0,0,0,0,0,0,0,0,0,0
136,A,7,2,2,0,0,0,0,0,0,0,0,0,0,0
136,A,8,7,7,0,0,0,0,0,0,0,0,0,0,0
136,A,9,7,7,0,0,0,0,0,0,0,0,0,0,0
136,A,10,3,3,0,0,0,0,0,0,0,0,0,0,0
136,A,11,5,5,0,0,0,0,0,0,0,0,0,0,0
136,A,12,4,4,0,0,0,0,0,0,0,0,0,0,0
136,A,13,5,5,0,0,0,0,0,0,0,0,0,0,0
136,A,14,6,6,0,0,0,0,0,0,0,0,0,0,0
136,A,15,7,7,0,0,0,0,0,0,0,0,0,0,0
136,A,16,5,5,0,0,0,0,0,0,0,0,0,0,0
136,B,1,7,2,5,0,5,1,0,0,0,0,0,0,0
136,B,2,5,2,3,1,2,2,1,2,0,2,0,0,0
136,B,3,4,3,1,0,1,1,0,0,0,0,0,0,0
136,B,4,5,3,2,0,2,2,0,1,0,1,0,0,0
136,B,5,4,3,1,0,1,1,0,0,0,0,0,0,0
136,B,6,10,10,0,0,0,0,0,0,0,0,0,0,0
136,B,7,2,2,0,0,0,0,0,0,0,0,0,0,0
136,B,8,7,6,1,0,1,1,0,1,0,1,0,0,0
136,B,9,7,7,0,0,0,0,0,0,0,0,0,0,0
136,B,10,3,3,0,0,0,0,0,0,0,0,0,0,0
136,B,11,5,5,0,0,0,0,0,0,0,0,0,0,0
136,B,12,4,4,0,0,0,0,0,0,0,0,0,0,0
136,B,13,5,5,0,0,0,0,0,0,0,0,0,0,0
136,B,14,6,6,0,0,0,0,0,0,0,0,0,0,0
136,B,15,7,7,0,0,0,0,0,0,0,0,0,0,0
136,B,16,5,5,0,0,0,0,0,0,0,0,0,0,0
137,base,1,3,3,0,0,0,0,0,0,0,0,0,0,0
137,base,2,3,3,0,0,0,0,0,0,0,0,0,0,0
137,base,3,4,3,1,0,1,1,0,1,0,1,0,0,0
137,base,4,3,3,0,0,0,0,0,0,0,0,0,0,0
137,base,5,5,5,0,0,0,0,0,0,0,0,0,0,0
137,base,6,5,5,0,0,0,0,0,0,0,0,0,0,0
137,base,7,4,4,0,0,0,0,0,0,0,0,0,0,0
137,base,8,4,4,0,0,0,0,0,0,0,0,0,0,0
137,base,9,5,5,0,0,0,0,0,0,0,0,0,0,0
137,base,10,6,6,0,0,0,0,0,0,0,0,0,0,0
137,base,11,8,8,0,0,0,0,0,0,0,0,0,0,0
137,base,12,5,5,0,0,0,0,0,0,0,0,0,0,0
137,base,13,6,6,0,0,0,0,0,0,0,0,0,0,0
137,base,14,5,5,0,0,0,0,0,0,0,0,0,0,0
137,base,15,5,5,0,0,0,0,0,0,0,0,0,0,0
137,base,16,10,10,0,0,0,0,0,0,0,0,0,0,0
137,A,1,3,3,0,0,0,0,0,0,0,0,0,0,0
137,A,2,3,3,0,0,0,0,0,0,0,0,0,0,0
137,A,3,4,3,1,0,1,1,0,1,0,1,0,0,0
137,A,4,3,2,1,0,1,1,0,0,0,0,0,0,0
137,A,5,5,5,0,0,0,0,0,0,0,0,0,0,0
137,A,6,5,5,0,0,0,0,0,0,0,0,0,0,0
137,A,7,4,4,0,0,0,0,0,0,0,0,0,0,0
137,A,8,4,4,0,0,0,0,0,0,0,0,0,0,0
137,A,9,5,5,0,0,0,0,0,0,0,0,0,0,0
137,A,10,6,6,0,0,0,0,0,0,0,0,0,0,0
137,A,11,8,8,0,0,0,0,0,0,0,0,0,0,0
137,A,12,5,5,0,0,0,0,0,0,0,0,0,0,0
137,A,13,6,6,0,0,0,0,0,0,0,0,0,0,0
137,A,14,5,5,0,0,0,0,0,0,0,0,0,0,0
137,A,15,5,5,0,0,0,0,0,0,0,0,0,0,0
137,A,16,10,10,0,0,0,0,0,0,0,0,0,0,0
137,B,1,3,2,1,0,1,1,0,0,0,0,0,0,0
137,B,2,3,2,1,0,1,1,0,0,0,0,0,0,0
137,B,3,4,1,3,0,3,2,0,2,0,0,0,0,0
137,B,4,3,2,1,0,1,1,0,0,0,0,0,0,0
137,B,5,5,3,2,0,2,2,0,0,0,0,0,0,0
137,B,6,5,5,0,0,0,0,0,0,0,0,0,0,0
137,B,7,4,4,0,0,0,0,0,0,0,0,0,0,0
137,B,8,4,4,0,0,0,0,0,0,0,0,0,0,0
137,B,9,5,4,1,0,1,1,0,1,0,1,0,0,0
137,B,10,6,6,0,0,0,0,0,0,0,0,0,0,0
137,B,11,8,8,0,0,0,0,0,0,0,0,0,0,0
137,B,12,5,5,0,0,0,0,0,0,0,0,0,0,0
137,B,13,6,6,0,0,0,0,0,0,0,0,0,0,0
137,B,14,5,5,0,0,0,0,0,0,0,0,0,0,0
137,B,15,5,5,0,0,0,0,0,0,0,0,0,0,0
137,B,16,10,10,0,0,0,0,0,0,0,0,0,0,0
138,base,1,5,1,4,0,4,3,0,3,0,1,0,0,0
138,base,2,4,4,0,0,0,0,0,0,0,0,0,0,0
138,base,3,3,3,0,0,0,0,0,0,0,0,0,0,0
138,base,4,4,4,0,0,0,0,0,0,0,0,0,0,0
138,base,5,1,1,0,0,0,0,0,0,0,0,0,0,0
138,base,6,5,5,0,0,0,0,0,0,0,0,0,0,0
138,base,7,4,4,0,0,0,0,0,0,0,0,0,0,0
138,base,8,8,8,0,0,0,0,0,0,0,0,0,0,0
138,base,9,5,5,0,0,0,0,0,0,0,0,0,0,0
138,base,10,9,9,0,0,0,0,0,0,0,0,0,0,0
138,base,11,4,4,0,0,0,0,0,0,0,0,0,0,0
138,base,12,7,7,0,0,0,0,0,0,0,0,0,0,0
138,base,13,6,6,0,0,0,0,0,0,0,0,0,0,0
138,base,14,5,5,0,0,0,0,0,0,0,0,0,0,0
138,base,15,6,6,0,0,0,0,0,0,0,0,0,0,0
138,base,16,6,6,0,0,0,0,0,0,0,0,0,0,0
138,A,1,5,1,4,0,4,3,0,3,0,1,0,0,0
138,A,2,4,4,0,0,0,0,0,0,0,0,0,0,0
138,A,3,3,2,1,0,1,1,0,0,0,0,0,0,0
138,A,4,4,3,1,0,1,0,0,0,0,0,0,0,0
138,A,5,1,1,0,0,0,0,0,0,0,0,0,0,0
138,A,6,5,4,1,0,1,0,0,0,0,0,0,0,0
138,A,7,4,4,0,0,0,0,0,0,0,0,0,0,0
138,A,8,8,8,0,0,0,0,0,0,0,0,0,0,0
138,A,9,5,5,0,0,0,0,0,0,0,0,0,0,0
138,A,10,9,9,0,0,0,0,0,0,0,0,0,0,0
138,A,11,4,4,0,0,0,0,0,0,0,0,0,0,0
138,A,12,7,7,0,0,0,0,0,0,0,0,0,0,0
138,A,13,6,6,0,0,0,0,0,0,0,0,0,0,0
138,A,14,5,5,0,0,0,0,0,0,0,0,0,0,0
138,A,15,6,6,0,0,0,0,0,0,0,0,0,0,0
138,A,16,6,6,0,0,0,0,0,0,0,0,0,0,0
138,B,1,5,1,4,0,4,3,0,3,0,1,0,0,0
138,B,2,4,2,2,2,0,0,1,0,0,0,0,0,0
138,B,3,3,1,2,0,2,1,0,0,0,0,0,0,0
138,B,4,4,3,1,0,1,0,0,0,0,0,0,0,0
138,B,5,1,1,0,0,0,0,0,0,0,0,0,0,0
138,B,6,5,3,2,0,2,2,0,0,0,0,0,0,0
138,B,7,4,3,1,0,1,1,0,1,0,0,0,0,0
138,B,8,8,7,1,0,1,1,0,1,0,0,0,0,0
138,B,9,5,4,1,0,1,1,0,1,0,1,0,0,0
138,B,10,9,9,0,0,0,0,0,0,0,0,0,0,0
138,B,11,4,4,0,0,0,0,0,0,0,0,0,0,0
138,B,12,7,7,0,0,0,0,0,0,0,0,0,0,0
138,B,13,6,6,0,0,0,0,0,0,0,0,0,0,0
138,B,14,5,5,0,0,0,0,0,0,0,0,0,0,0
138,B,15,6,6,0,0,0,0,0,0,0,0,0,0,0
138,B,16,6,6,0,0,0,0,0,0,0,0,0,0,0
139,base,1,5,0,5,0,5,2,0,2,0,0,0,0,0
139,base,2,9,6,3,0,3,2,0,1,0,0,0,0,0
139,base,3,5,5,0,0,0,0,0,0,0,0,0,0,0
139,base,4,3,3,0,0,0,0,0,0,0,0,0,0,0
139,base,5,3,3,0,0,0,0,0,0,0,0,0,0,0
139,base,6,4,4,0,0,0,0,0,0,0,0,0,0,0
139,base,7,3,3,0,0,0,0,0,0,0,0,0,0,0
139,base,8,4,4,0,0,0,0,0,0,0,0,0,0,0
139,base,9,0,0,0,0,0,0,0,0,0,0,0,0,0
139,base,10,4,4,0,0,0,0,0,0,0,0,0,0,0
139,base,11,3,3,0,0,0,0,0,0,0,0,0,0,0
139,base,12,6,6,0,0,0,0,0,0,0,0,0,0,0
139,base,13,8,8,0,0,0,0,0,0,0,0,0,0,0
139,base,14,5,5,0,0,0,0,0,0,0,0,0,0,0
139,base,15,9,9,0,0,0,0,0,0,0,0,0,0,0
139,base,16,2,2,0,0,0,0,0,0,0,0,0,0,0
139,A,1,5,0,5,0,5,2,0,2,0,0,0,0,0
139,A,2,9,5,4,0,4,1,0,1,1,0,0,0,0
139,A,3,5,4,1,0,1,1,0,0,0,0,0,0,0
139,A,4,3,3,0,0,0,0,0,0,0,0,0,0,0
139,A,5,3,2,1,0,1,1,0,1,0,1,0,0,0
139,A,6,4,4,0,0,0,0,0,0,0,0,0,0,0
139,A,7,3,3,0,0,0,0,0,0,0,0,0,0,0
139,A,8,4,4,0,0,0,0,0,0,0,0,0,0,0
139,A,9,0,0,0,0,0,0,0,0,0,0,0,0,0
139,A,10,4,4,0,0,0,0,0,0,0,0,0,0,0
139,A,11,3,3,0,0,0,0,0,0,0,0,0,0,0
139,A,12,6,6,0,0,0,0,0,0,0,0,0,0,0
139,A,13,8,8,0,0,0,0,0,0,0,0,0,0,0
139,A,14,5,5,0,0,0,0,0,0,0,0,0,0,0
139,A,15,9,9,0,0,0,0,0,0,0,0,0,0,0
139,A,16,2,2,0,0,0,0,0,0,0,0,0,0,0
139,B,1,5,0,5,0,5,2,0,2,0,0,0,0,0
139,B,2,9,4,5,2,3,1,0,0,0,0,0,0,0
139,B,3,5,3,2,0,2,1,0,0,0,0,0,0,0
139,B,4,3,2,1,0,1,1,0,1,0,0,0,0,0
139,B,5,3,2,1,0,1,1,0,1,0,1,0,0,0
139,B,6,4,3,1,0,1,1,0,1,0,0,0,0,0
139,B,7,3,3,0,0,0,0,0,0,0,0,0,0,0
139,B,8,4,4,0,0,0,0,0,0,0,0,0,0,0
139,B,9,0,0,0,0,0,0,0,0,0,0,0,0,0
139,B,10,4,4,0,0,0,0,0,0,0,0,0,0,0
139,B,11,3,3,0,0,0,0,0,0,0,0,0,0,0
139,B,12,6,6,0,0,0,0,0,0,0,0,0,0,0
139,B,13,8,8,0,0,0,0,0,0,0,0,0,0,0
139,B,14,5,5,0,0,0,0,0,0,0,0,0,0,0
139,B,15,9,9,0,0,0,0,0,0,0,0,0,0,0
139,B,16,2,2,0,0,0,0,0,0,0,0,0,0,0
140,base,1,6,5,1,0,1,0,0,0,0,0,0,0,0
140,base,2,4,3,1,0,1,0,0,0,0,0,0,0,0
140,base,3,5,4,1,0,1,1,0,0,0,0,0,0,0
140,base,4,8,8,0,0,0,0,0,0,0,0,0,0,0
140,base,5,5,5,0,0,0,0,0,0,0,0,0,0,0
140,base,6,7,7,0,0,0,0,0,0,0,0,0,0,0
140,base,7,6,6,0,0,0,0,0,0,0,0,0,0,0
140,base,8,3,3,0,0,0,0,0,0,0,0,0,0,0
140,base,9,3,3,0,0,0,0,0,0,0,0,0,0,0
140,base,10,5,5,0,0,0,0,0,0,0,0,0,0,0
140,base,11,7,7,0,0,0,0,0,0,0,0,0,0,0
140,base,12,8,8,0,0,0,0,0,0,0,0,0,0,0
140,base,13,7,7,0,0,0,0,0,0,0,0,0,0,0
140,base,14,6,6,0,0,0,0,0,0,0,0,0,0,0
140,base,15,5,5,0,0,0,0,0,0,0,0,0,0,0
140,base,16,7,7,0,0,0,0,0,0,0,0,0,0,0
140,A,1,6,4,2,0,2,0,0,0,0,0,0,0,0
140,A,2,4,3,1,0,1,0,0,0,0,0,0,0,0
140,A,3,5,3,2,0,2,2,0,1,0,0,0,0,0
140,A,4,8,6,2,0,2,1,0,1,0,0,0,0,0
140,A,5,5,5,0,0,0,0,0,0,0,0,0,0,0
140,A,6,7,6,1,0,1,0,0,0,0,0,0,0,0
140,A,7,6,6,0,0,0,0,0,0,0,0,0,0,0
140,A,8,3,3,0,0,0,0,0,0,0,0,0,0,0
140,A,9,3,3,0,0,0,0,0,0,0,0,0,0,0
140,A,10,5,5,0,0,0,0,0,0,0,0,0,0,0
140,A,11,7,7,0,0,0,0,0,0,0,0,0,0,0
140,A,12,8,8,0,0,0,0,0,0,0,0,0,0,0
140,A,13,7,7,0,0,0,0,0,0,0,0,0,0,0
140,A,14,6,6,0,0,0,0,0,0,0,0,0,0,0
140,A,15,5,5,0,0,0,0,0,0,0,0,0,0,0
140,A,16,7,7,0,0,0,0,0,0,0,0,0,0,0
140,B,1,6,0,6,0,6,1,0,0,0,0,0,0,0
140,B,2,4,3,1,0,1,0,0,0,0,0,0,0,0
140,B,3,5,1,4,0,4,1,0,1,0,0,0,0,0
140,B,4,8,5,3,0,3,2,0,2,0,0,0,0,0
140,B,5,5,4,1,0,1,1,0,0,0,0,0,0,0
140,B,6,7,6,1,0,1,0,0,0,0,0,0,0,0
140,B,7,6,6,0,0,0,0,0,0,0,0,0,0,0
140,B,8,3,3,0,0,0,0,0,0,0,0,0,0,0
140,B,9,3,3,0,0,0,0,0,0,0,0,0,0,0
140,B,10,5,5,0,0,0,0,0,0,0,0,0,0,0
140,B,11,7,7,0,0,0,0,0,0,0,0,0,0,0
140,B,12,8,8,0,0,0,0,0,0,0,0,0,0,0
140,B,13,7,7,0,0,0,0,0,0,0,0,0,0,0
140,B,14,6,6,0,0,0,0,0,0,0,0,0,0,0
140,B,15,5,5,0,0,0,0,0,0,0,0,0,0,0
140,B,16,7,7,0,0,0,0,0,0,0,0,0,0,0
141,base,1,6,5,1,0,1,1,0,0,0,0,0,0,0
141,base,2,10,9,1,0,1,0,0,1,1,0,0,0,0
141,base,3,7,6,1,0,1,1,0,1,0,1,0,0,0
141,base,4,3,3,0,0,0,0,0,0,0,0,0,0,0
141,base,5,7,7,0,0,0,0,0,0,0,0,0,0,0
141,base,6,3,3,0,0,0,0,0,0,0,0,0,0,0
141,base,7,2,2,0,0,0,0,0,0,0,0,0,0,0
141,base,8,4,4,0,0,0,0,0,0,0,0,0,0,0
141,base,9,5,5,0,0,0,0,0,0,0,0,0,0,0
141,base,10,3,3,0,0,0,0,0,0,0,0,0,0,0
141,base,11,8,8,0,0,0,0,0,0,0,0,0,0,0
141,base,12,6,6,0,0,0,0,0,0,0,0,0,0,0
141,base,13,8,8,0,0,0,0,0,0,0,0,0,0,0
141,base,14,2,2,0,0,0,0,0,0,0,0,0,0,0
141,base,15,9,9,0,0,0,0,0,0,0,0,0,0,0
141,base,16,4,4,0,0,0,0,0,0,0,0,0,0,0
141,A,1,6,5,1,0,1,0,0,0,0,0,0,0,0
141,A,2,10,8,2,0,2,1,0,1,1,0,0,0,0
141,A,3,7,4,3,0,3,2,0,2,0,2,0,0,0
141,A,4,3,3,0,0,0,0,0,0,0,0,0,0,0
141,A,5,7,6,1,0,1,0,0,1,1,0,0,0,0
141,A,6,3,3,0,0,0,0,0,0,0,0,0,0,0
141,A,7,2,2,0,0,0,0,0,0,0,0,0,0,0
141,A,8,4,4,0,0,0,0,0,0,0,0,0,0,0
141,A,9,5,5,0,0,0,0,0,0,0,0,0,0,0
141,A,10,3,3,0,0,0,0,0,0,0,0,0,0,0
141,A,11,8,8,0,0,0,0,0,0,0,0,0,0,0
141,A,12,6,6,0,0,0,0,0,0,0,0,0,0,0
141,A,13,8,8,0,0,0,0,0,0,0,0,0,0,0
141,A,14,2,2,0,0,0,0,0,0,0,0,0,0,0
141,A,15,9,9,0,0,0,0,0,0,0,0,0,0,0
141,A,16,4,4,0,0,0,0,0,0,0,0,0,0,0
141,B,1,6,4,2,0,2,0,0,0,0,0,0,0,0
141,B,2,10,4,6,0,6,4,0,3,1,2,0,0,0
141,B,3,7,3,4,0,4,3,0,2,0,2,0,0,0
141,B,4,3,3,0,0,0,0,0,0,0,0,0,0,0
141,B,5,7,6,1,0,1,0,0,0,0,0,0,0,0
141,B,6,3,3,0,0,0,0,0,0,0,0,0,0,0
141,B,7,2,2,0,0,0,0,0,0,0,0,0,0,0
141,B,8,4,4,0,0,0,0,0,0,0,0,0,0,0
141,B,9,5,5,0,0,0,0,0,0,0,0,0,0,0
141,B,10,3,3,0,0,0,0,0,0,0,0,0,0,0
141,B,11,8,8,0,0,0,0,0,0,0,0,0,0,0
141,B,12,6,6,0,0,0,0,0,0,0,0,0,0,0
141,B,13,8,8,0,0,0,0,0,0,0,0,0,0,0
141,B,14,2,2,0,0,0,0,0,0,0,0,0,0,0
141,B,15,9,9,0,0,0,0,0,0,0,0,0,0,0
141,B,16,4,4,0,0,0,0,0,0,0,0,0,0,0
