timestamp,estacion,original_ppb,predicho_ppb,base_ppb,perfil_ppb,umbral_ppb,alerta_limpia
2025-10-21 00:00:00,CAM,9.0,0.9321165,4.6363635,4.636363636363637,17.370346069335938,False
2025-10-21 01:00:00,CAM,8.0,0.2962582,3.7272727,3.727272727272727,17.370346069335938,False
2025-10-21 02:00:00,CAM,5.0,0.35217738,3.1818182,3.1818181818181817,17.370346069335938,False
2025-10-21 03:00:00,CAM,2.0,2.2178319,4.714286,4.714285714285714,17.370346069335938,False
2025-10-21 04:00:00,CAM,3.0,1.171087,3.0,3.0,17.370346069335938,False
2025-10-21 05:00:00,CAM,2.0,1.3086221,2.642857,2.642857142857143,17.370346069335938,False
2025-10-21 06:00:00,CAM,2.0,0.4532839,2.142857,2.142857142857143,17.370346069335938,False
2025-10-21 07:00:00,CAM,3.0,0.5488932,3.2142856,3.2142857142857144,17.370346069335938,False
2025-10-21 08:00:00,CAM,6.0,3.9287758,8.428572,8.428571428571429,17.370346069335938,False
2025-10-21 09:00:00,CAM,15.0,9.765876,15.923077,15.923076923076923,17.370346069335938,False
2025-10-21 10:00:00,CAM,24.0,22.97757,27.833334,27.833333333333332,17.370346069335938,False
2025-10-21 11:00:00,CAM,49.0,42.56349,39.75,39.75,17.370346069335938,False
2025-10-21 12:00:00,CAM,69.0,58.88212,48.166668,48.166666666666664,17.370346069335938,False
2025-10-21 13:00:00,CAM,70.0,66.05357,50.166668,50.166666666666664,17.370346069335938,False
2025-10-21 14:00:00,CAM,64.0,63.727028,46.76923,46.76923076923077,17.370346069335938,False
2025-10-21 15:00:00,CAM,57.0,65.89317,45.92857,45.92857142857143,17.370346069335938,False
2025-10-21 16:00:00,CAM,33.0,53.8146,40.285713,40.285714285714285,17.370346069335938,True
2025-10-21 17:00:00,CAM,20.0,35.098152,27.428572,27.428571428571427,17.370346069335938,False
2025-10-21 18:00:00,CAM,14.0,22.838968,18.571428,18.571428571428573,17.370346069335938,False
2025-10-21 19:00:00,CAM,12.0,13.273684,13.0,13.0,17.370346069335938,False
2025-10-21 20:00:00,CAM,12.0,8.481228,10.214286,10.214285714285714,17.370346069335938,False
2025-10-21 21:00:00,CAM,11.0,5.0670967,8.142858,8.142857142857142,17.370346069335938,False
2025-10-21 22:00:00,CAM,12.0,3.383332,6.571429,6.571428571428571,17.370346069335938,False
2025-10-21 23:00:00,CAM,13.0,3.1483421,5.785714,5.785714285714286,17.370346069335938,False
2025-10-22 00:00:00,CAM,13.0,3.3898783,5.181818,5.181818181818182,17.370346069335938,False
2025-10-22 01:00:00,CAM,8.0,3.9515126,4.3636365,4.363636363636363,17.370346069335938,False
2025-10-22 02:00:00,CAM,7.0,3.4629104,3.5454545,3.5454545454545454,17.370346069335938,False
2025-10-22 03:00:00,CAM,7.0,4.944717,4.714286,4.714285714285714,17.370346069335938,False
2025-10-22 04:00:00,CAM,11.0,4.0925646,3.142857,3.142857142857143,17.370346069335938,False
2025-10-22 05:00:00,CAM,9.0,4.200261,2.7142856,2.7142857142857144,17.370346069335938,False
2025-10-22 06:00:00,CAM,5.0,3.597242,2.2857144,2.2857142857142856,17.370346069335938,False
2025-10-22 07:00:00,CAM,5.0,3.770519,3.357143,3.357142857142857,17.370346069335938,False
2025-10-22 08:00:00,CAM,13.0,8.981751,8.571428,8.571428571428571,17.370346069335938,False
2025-10-22 09:00:00,CAM,22.0,17.776758,16.307692,16.307692307692307,17.370346069335938,False
2025-10-22 10:00:00,CAM,28.0,28.017952,27.666666,27.666666666666668,17.370346069335938,False
2025-10-22 11:00:00,CAM,33.0,33.96151,40.333332,40.333333333333336,17.370346069335938,False
2025-10-22 12:00:00,CAM,28.0,34.950104,49.5,49.5,17.370346069335938,False
2025-10-22 13:00:00,CAM,29.0,32.78991,52.583332,52.583333333333336,17.370346069335938,False
2025-10-22 14:00:00,CAM,30.0,31.918444,49.076923,49.07692307692308,17.370346069335938,False
2025-10-22 15:00:00,CAM,27.0,38.15452,47.785713,47.785714285714285,17.370346069335938,False
2025-10-22 16:00:00,CAM,25.0,35.33844,40.57143,40.57142857142857,17.370346069335938,False
2025-10-22 17:00:00,CAM,18.0,24.019459,27.428572,27.428571428571427,17.370346069335938,False
2025-10-22 18:00:00,CAM,13.0,15.232253,18.428572,18.428571428571427,17.370346069335938,False
2025-10-22 19:00:00,CAM,10.0,7.177379,12.857142,12.857142857142858,17.370346069335938,False
2025-10-22 20:00:00,CAM,7.0,4.0559235,10.285714,10.285714285714286,17.370346069335938,False
2025-10-22 21:00:00,CAM,7.0,2.7482047,8.142858,8.142857142857142,17.370346069335938,False
2025-10-22 22:00:00,CAM,7.0,2.3288832,6.5,6.5,17.370346069335938,False
2025-10-22 23:00:00,CAM,2.0,2.8845901,6.071429,6.071428571428571,17.370346069335938,False
2025-10-23 00:00:00,CAM,2.0,3.7075,5.8333335,5.833333333333333,17.370346069335938,False
2025-10-23 01:00:00,CAM,4.0,3.1067853,4.6666665,4.666666666666667,17.370346069335938,False
2025-10-23 02:00:00,CAM,8.0,2.9860065,3.8333333,3.8333333333333335,17.370346069335938,False
2025-10-23 03:00:00,CAM,4.0,4.3479924,4.714286,4.714285714285714,17.370346069335938,False
2025-10-23 04:00:00,CAM,3.0,3.7282584,3.7142856,3.7142857142857144,17.370346069335938,False
2025-10-23 05:00:00,CAM,2.0,3.2804224,3.0,3.0,17.370346069335938,False
2025-10-23 06:00:00,CAM,2.0,1.9903852,2.357143,2.357142857142857,17.370346069335938,False
2025-10-23 07:00:00,CAM,2.0,1.5629548,3.2857144,3.2857142857142856,17.370346069335938,False
2025-10-23 08:00:00,CAM,7.0,4.1056595,8.928572,8.928571428571429,17.370346069335938,False
2025-10-23 09:00:00,CAM,15.0,8.908318,17.538462,17.53846153846154,17.370346069335938,False
2025-10-23 10:00:00,CAM,29.0,16.516457,29.0,29.0,17.370346069335938,False
2025-10-23 11:00:00,CAM,42.0,28.24902,41.666668,41.666666666666664,17.370346069335938,False
2025-10-23 12:00:00,CAM,61.0,42.787796,50.583332,50.583333333333336,17.370346069335938,True
2025-10-23 13:00:00,CAM,72.0,56.6638,53.916668,53.916666666666664,17.370346069335938,False
2025-10-23 14:00:00,CAM,75.0,62.41407,50.384617,50.38461538461539,17.370346069335938,False
2025-10-23 15:00:00,CAM,72.0,67.29658,49.0,49.0,17.370346069335938,False
2025-10-23 16:00:00,CAM,62.0,61.612076,41.857143,41.857142857142854,17.370346069335938,False
2025-10-23 17:00:00,CAM,46.0,47.67034,28.571428,28.571428571428573,17.370346069335938,False
2025-10-23 18:00:00,CAM,21.0,36.650352,19.285715,19.285714285714285,17.370346069335938,False
2025-10-23 19:00:00,CAM,14.0,22.338272,13.5,13.5,17.370346069335938,False
2025-10-23 20:00:00,CAM,10.0,13.394772,10.642858,10.642857142857142,17.370346069335938,False
2025-10-23 22:00:00,CAM,7.0,5.5631223,6.785714,6.785714285714286,17.370346069335938,False
2025-10-23 23:00:00,CAM,7.0,4.3861313,5.857143,5.857142857142857,17.370346069335938,False
2025-10-24 00:00:00,CAM,6.0,4.084305,5.5833335,5.583333333333333,17.370346069335938,False
2025-10-24 01:00:00,CAM,8.0,3.5538328,4.9166665,4.916666666666667,17.370346069335938,False
2025-10-24 02:00:00,CAM,9.0,3.2861657,4.4166665,4.416666666666667,17.370346069335938,False
2025-10-24 03:00:00,CAM,4.0,4.205941,5.0,5.0,17.370346069335938,False
2025-10-24 04:00:00,CAM,4.0,3.4396498,3.9285715,3.9285714285714284,17.370346069335938,False
2025-10-24 05:00:00,CAM,2.0,2.9337406,3.142857,3.142857142857143,17.370346069335938,False
2025-10-24 06:00:00,CAM,2.0,2.4767776,2.5,2.5,17.370346069335938,False
2025-10-24 07:00:00,CAM,2.0,3.5912488,3.4285715,3.4285714285714284,17.370346069335938,False
2025-10-24 10:00:00,CAM,38.0,37.117653,30.916666,30.916666666666668,17.370346069335938,False
2025-10-24 11:00:00,CAM,61.0,62.260937,43.916668,43.916666666666664,17.370346069335938,False
2025-10-24 12:00:00,CAM,62.0,86.457504,54.5,54.5,17.370346069335938,True
2025-10-24 13:00:00,CAM,75.0,92.81402,58.0,58.0,17.370346069335938,True
2025-10-24 14:00:00,CAM,87.0,89.89447,54.384617,54.38461538461539,17.370346069335938,False
2025-10-24 16:00:00,CAM,89.0,82.51291,45.785713,45.785714285714285,17.370346069335938,False
2025-10-24 17:00:00,CAM,74.0,67.44619,31.285715,31.285714285714285,17.370346069335938,False
2025-10-24 18:00:00,CAM,35.0,51.124287,20.642857,20.642857142857142,17.370346069335938,False
2025-10-24 19:00:00,CAM,25.0,36.291603,14.5,14.5,17.370346069335938,False
2025-10-24 20:00:00,CAM,8.0,25.785522,11.357142,11.357142857142858,17.370346069335938,True
2025-10-24 21:00:00,CAM,4.0,15.974965,9.153846,9.153846153846153,17.370346069335938,False
2025-10-24 22:00:00,CAM,9.0,10.374546,7.285714,7.285714285714286,17.370346069335938,False
2025-10-24 23:00:00,CAM,8.0,8.239713,6.357143,6.357142857142857,17.370346069335938,False
2025-10-25 00:00:00,CAM,2.0,7.132806,6.0833335,6.083333333333333,17.370346069335938,False
2025-10-25 01:00:00,CAM,8.0,5.566856,5.5833335,5.583333333333333,17.370346069335938,False
2025-10-25 02:00:00,CAM,3.0,4.7511034,5.1666665,5.166666666666667,17.370346069335938,False
2025-10-25 03:00:00,CAM,4.0,4.7853713,5.285714,5.285714285714286,17.370346069335938,False
2025-10-25 04:00:00,CAM,6.0,4.0395155,4.214286,4.214285714285714,17.370346069335938,False
2025-10-25 05:00:00,CAM,2.0,3.5115242,3.2857144,3.2857142857142856,17.370346069335938,False
2025-10-25 06:00:00,CAM,2.0,2.9721956,2.642857,2.642857142857143,17.370346069335938,False
2025-10-25 07:00:00,CAM,2.0,4.0535746,3.5,3.5,17.370346069335938,False
2025-10-25 08:00:00,CAM,5.0,10.921622,9.846154,9.846153846153847,17.370346069335938,False
2025-10-25 09:00:00,CAM,17.0,22.92232,19.75,19.75,17.370346069335938,False
2025-10-25 10:00:00,CAM,46.0,44.09011,33.333332,33.333333333333336,17.370346069335938,False
2025-10-25 11:00:00,CAM,62.0,71.81583,47.666668,47.666666666666664,17.370346069335938,False
2025-10-25 12:00:00,CAM,72.0,85.7617,57.5,57.5,17.370346069335938,False
2025-10-25 13:00:00,CAM,84.0,85.73949,62.166668,62.166666666666664,17.370346069335938,False
2025-10-25 14:00:00,CAM,94.0,88.19968,60.076923,60.07692307692308,17.370346069335938,False
2025-10-25 15:00:00,CAM,96.0,84.134125,56.0,56.0,17.370346069335938,False
2025-10-25 16:00:00,CAM,88.0,80.00122,51.0,51.0,17.370346069335938,False
2025-10-25 17:00:00,CAM,66.0,62.922318,36.214287,36.214285714285715,17.370346069335938,False
2025-10-25 18:00:00,CAM,47.0,41.691154,22.5,22.5,17.370346069335938,False
2025-10-25 19:00:00,CAM,35.0,28.449371,15.785714,15.785714285714286,17.370346069335938,False
2025-10-25 20:00:00,CAM,26.0,22.787565,11.857142,11.857142857142858,17.370346069335938,False
2025-10-25 21:00:00,CAM,20.0,16.711214,9.461538,9.461538461538462,17.370346069335938,False
2025-10-25 22:00:00,CAM,3.0,10.914476,7.928571,7.928571428571429,17.370346069335938,False
2025-10-25 23:00:00,CAM,3.0,7.3674526,6.857143,6.857142857142857,17.370346069335938,False
2025-10-26 03:00:00,CAM,6.0,7.9468384,5.571429,5.571428571428571,17.370346069335938,False
2025-10-26 04:00:00,CAM,5.0,4.4795046,4.642857,4.642857142857143,17.370346069335938,False
2025-10-26 05:00:00,CAM,6.0,3.4154146,3.4285715,3.4285714285714284,17.370346069335938,False
2025-10-26 06:00:00,CAM,2.0,2.8648815,2.7857144,2.7857142857142856,17.370346069335938,False
2025-10-26 07:00:00,CAM,5.0,3.461787,3.5714285,3.5714285714285716,17.370346069335938,False
2025-10-26 08:00:00,CAM,20.0,9.783688,9.769231,9.76923076923077,17.370346069335938,False
2025-10-26 09:00:00,CAM,34.0,23.087873,20.25,20.25,17.370346069335938,False
2025-10-26 10:00:00,CAM,59.0,48.41429,36.0,36.0,17.370346069335938,False
2025-10-26 11:00:00,CAM,83.0,75.10883,51.416668,51.416666666666664,17.370346069335938,False
2025-10-26 12:00:00,CAM,110.0,88.04448,60.666668,60.666666666666664,17.370346069335938,True
2025-10-26 13:00:00,CAM,125.0,92.65369,65.75,65.75,17.370346069335938,True
2025-10-26 14:00:00,CAM,95.0,96.606476,64.0,64.0,17.370346069335938,False
2025-10-26 15:00:00,CAM,86.0,91.170975,60.076923,60.07692307692308,17.370346069335938,False
2025-10-26 16:00:00,CAM,77.0,83.403564,54.642857,54.642857142857146,17.370346069335938,False
2025-10-26 17:00:00,CAM,54.0,62.60664,39.214287,39.214285714285715,17.370346069335938,False
2025-10-26 18:00:00,CAM,40.0,39.67852,24.642857,24.642857142857142,17.370346069335938,False
2025-10-26 19:00:00,CAM,28.0,27.738884,17.285715,17.285714285714285,17.370346069335938,False
2025-10-26 20:00:00,CAM,19.0,19.46269,12.571428,12.571428571428571,17.370346069335938,False
2025-10-26 21:00:00,CAM,9.0,13.268277,9.769231,9.76923076923077,17.370346069335938,False
2025-10-26 22:00:00,CAM,5.0,7.9350367,7.357143,7.357142857142857,17.370346069335938,False
2025-10-26 23:00:00,CAM,8.0,5.0155106,6.285714,6.285714285714286,17.370346069335938,False
2025-10-27 00:00:00,CAM,7.0,4.7408466,6.0,6.0,17.370346069335938,False
2025-10-27 01:00:00,CAM,3.0,4.93405,5.909091,5.909090909090909,17.370346069335938,False
2025-10-27 02:00:00,CAM,6.0,5.2238665,5.7272725,5.7272727272727275,17.370346069335938,False
2025-10-27 03:00:00,CAM,13.0,6.105652,6.0,6.0,17.370346069335938,False
2025-10-27 04:00:00,CAM,9.0,5.716817,4.928571,4.928571428571429,17.370346069335938,False
2025-10-27 05:00:00,CAM,4.0,5.211626,3.7857144,3.7857142857142856,17.370346069335938,False
2025-10-27 06:00:00,CAM,2.0,3.8611817,2.857143,2.857142857142857,17.370346069335938,False
2025-10-27 07:00:00,CAM,2.0,4.3880496,3.7857144,3.7857142857142856,17.370346069335938,False
2025-10-27 08:00:00,CAM,6.0,11.103948,10.615385,10.615384615384615,17.370346069335938,False
2025-10-27 09:00:00,CAM,7.0,22.544914,21.5,21.5,17.370346069335938,False
2025-10-27 10:00:00,CAM,27.0,39.55521,37.333332,37.333333333333336,17.370346069335938,False
2025-10-27 11:00:00,CAM,47.0,65.01425,54.0,54.0,17.370346069335938,True
2025-10-27 12:00:00,CAM,63.0,79.184105,65.5,65.5,17.370346069335938,False
2025-10-27 13:00:00,CAM,65.0,83.12474,71.333336,71.33333333333333,17.370346069335938,True
2025-10-27 14:00:00,CAM,73.0,80.10434,66.76923,66.76923076923077,17.370346069335938,False
2025-10-27 15:00:00,CAM,65.0,78.485405,62.076923,62.07692307692308,17.370346069335938,False
2025-10-27 16:00:00,CAM,51.0,76.85198,56.285713,56.285714285714285,17.370346069335938,True
2025-10-27 17:00:00,CAM,36.0,58.344036,39.92857,39.92857142857143,17.370346069335938,True
2025-10-27 18:00:00,CAM,24.0,40.173477,25.214285,25.214285714285715,17.370346069335938,False
2025-10-27 19:00:00,CAM,15.0,28.147038,18.357143,18.357142857142858,17.370346069335938,False
2025-10-27 20:00:00,CAM,18.0,20.366663,13.785714,13.785714285714286,17.370346069335938,False
2025-10-27 21:00:00,CAM,8.0,14.298243,10.384615,10.384615384615385,17.370346069335938,False
2025-10-27 22:00:00,CAM,2.0,7.7834086,7.642857,7.642857142857143,17.370346069335938,False
2025-10-27 23:00:00,CAM,2.0,5.8686604,6.857143,6.857142857142857,17.370346069335938,False
2025-10-28 00:00:00,CAM,2.0,5.357813,6.6363635,6.636363636363637,17.370346069335938,False
2025-10-28 01:00:00,CAM,3.0,5.2563276,6.181818,6.181818181818182,17.370346069335938,False
2025-10-28 02:00:00,CAM,9.0,5.6368356,6.2727275,6.2727272727272725,17.370346069335938,False
2025-10-28 03:00:00,CAM,8.0,6.729537,6.857143,6.857142857142857,17.370346069335938,False
2025-10-28 04:00:00,CAM,6.0,5.799334,5.5,5.5,17.370346069335938,False
2025-10-28 05:00:00,CAM,2.0,4.9862704,4.071429,4.071428571428571,17.370346069335938,False
2025-10-28 06:00:00,CAM,2.0,4.0301204,3.0,3.0,17.370346069335938,False
2025-10-28 07:00:00,CAM,2.0,4.9387145,3.9285715,3.9285714285714284,17.370346069335938,False
2025-10-28 08:00:00,CAM,5.0,12.125557,10.846154,10.846153846153847,17.370346069335938,False
2025-10-28 09:00:00,CAM,14.0,23.037767,20.583334,20.583333333333332,17.370346069335938,False
2025-10-28 10:00:00,CAM,35.0,45.417183,37.083332,37.083333333333336,17.370346069335938,False
2025-10-28 11:00:00,CAM,39.0,74.22237,54.083332,54.083333333333336,17.370346069335938,True
2025-10-28 12:00:00,CAM,50.0,96.66263,66.416664,66.41666666666667,17.370346069335938,True
2025-10-28 13:00:00,CAM,61.0,101.410995,72.083336,72.08333333333333,17.370346069335938,True
2025-10-28 14:00:00,CAM,73.0,96.397064,67.76923,67.76923076923077,17.370346069335938,True
2025-10-28 15:00:00,CAM,64.0,93.71083,63.76923,63.76923076923077,17.370346069335938,True
2025-10-28 16:00:00,CAM,53.0,86.6544,57.214287,57.214285714285715,17.370346069335938,True
2025-10-28 17:00:00,CAM,40.0,67.26388,40.714287,40.714285714285715,17.370346069335938,True
2025-10-28 18:00:00,CAM,18.0,47.79653,26.0,26.0,17.370346069335938,True
2025-10-28 19:00:00,CAM,23.0,32.257744,18.714285,18.714285714285715,17.370346069335938,False
2025-10-28 20:00:00,CAM,24.0,25.067219,14.285714,14.285714285714286,17.370346069335938,False
2025-10-28 21:00:00,CAM,11.0,19.444439,10.461538,10.461538461538462,17.370346069335938,False
2025-10-28 22:00:00,CAM,2.0,11.406977,7.285714,7.285714285714286,17.370346069335938,False
2025-10-28 23:00:00,CAM,2.0,7.666169,6.714286,6.714285714285714,17.370346069335938,False
2025-10-29 00:00:00,CAM,2.0,6.662643,6.25,6.25,17.370346069335938,False
2025-10-29 01:00:00,CAM,4.0,6.353305,5.9166665,5.916666666666667,17.370346069335938,False
2025-10-29 02:00:00,CAM,4.0,7.2273045,6.5,6.5,17.370346069335938,False
2025-10-29 03:00:00,CAM,6.0,7.565586,7.071429,7.071428571428571,17.370346069335938,False
2025-10-29 04:00:00,CAM,3.0,6.6056957,5.714286,5.714285714285714,17.370346069335938,False
2025-10-29 05:00:00,CAM,2.0,5.7720103,4.142857,4.142857142857143,17.370346069335938,False
2025-10-29 06:00:00,CAM,2.0,4.4407578,2.642857,2.642857142857143,17.370346069335938,False
2025-10-29 07:00:00,CAM,3.0,4.916258,3.4285715,3.4285714285714284,17.370346069335938,False
2025-10-29 08:00:00,CAM,22.0,12.5697155,9.769231,9.76923076923077,17.370346069335938,False
2025-10-29 09:00:00,CAM,38.0,32.34432,20.076923,20.076923076923077,17.370346069335938,False
2025-10-29 14:00:00,CAM,42.0,67.10635,68.61539,68.61538461538461,17.370346069335938,True
2025-10-29 15:00:00,CAM,45.0,65.177345,64.0,64.0,17.370346069335938,True
2025-10-29 16:00:00,CAM,42.0,66.62906,58.07143,58.07142857142857,17.370346069335938,True
2025-10-29 17:00:00,CAM,27.0,54.283817,41.714287,41.714285714285715,17.370346069335938,True
2025-10-29 18:00:00,CAM,16.0,33.946693,25.714285,25.714285714285715,17.370346069335938,True
2025-10-29 19:00:00,CAM,11.0,21.958956,19.0,19.0,17.370346069335938,False
2025-10-29 20:00:00,CAM,15.0,14.216128,14.571428,14.571428571428571,17.370346069335938,False
2025-10-29 21:00:00,CAM,6.0,7.8326683,9.923077,9.923076923076923,17.370346069335938,False
2025-10-29 22:00:00,CAM,3.0,3.23488,6.0,6.0,17.370346069335938,False
2025-10-29 23:00:00,CAM,1.0,2.3425884,5.642857,5.642857142857143,17.370346069335938,False
2025-10-30 00:00:00,CAM,1.0,1.4688354,4.75,4.75,17.370346069335938,False
2025-10-30 01:00:00,CAM,1.0,1.8149233,4.75,4.75,17.370346069335938,False
2025-10-30 02:00:00,CAM,1.0,2.547831,5.0833335,5.083333333333333,17.370346069335938,False
2025-10-30 03:00:00,CAM,1.0,4.1580243,6.285714,6.285714285714286,17.370346069335938,False
2025-10-30 04:00:00,CAM,1.0,3.6418667,5.285714,5.285714285714286,17.370346069335938,False
2025-10-30 05:00:00,CAM,1.0,2.289864,3.5714285,3.5714285714285716,17.370346069335938,False
2025-10-30 06:00:00,CAM,1.0,1.6417489,2.7142856,2.7142857142857144,17.370346069335938,False
2025-10-30 07:00:00,CAM,1.0,2.194118,3.2857144,3.2857142857142856,17.370346069335938,False
2025-10-30 08:00:00,CAM,3.0,9.00478,10.230769,10.23076923076923,17.370346069335938,False
2025-10-30 09:00:00,CAM,12.0,20.11507,20.76923,20.76923076923077,17.370346069335938,False
2025-10-30 10:00:00,CAM,28.0,37.626686,37.0,37.0,17.370346069335938,False
2025-10-30 11:00:00,CAM,54.0,65.23143,53.666668,53.666666666666664,17.370346069335938,False
2025-10-30 12:00:00,CAM,74.0,95.13165,66.0,66.0,17.370346069335938,True
2025-10-30 13:00:00,CAM,77.0,108.03224,72.166664,72.16666666666667,17.370346069335938,True
2025-10-30 14:00:00,CAM,86.0,107.153564,67.84615,67.84615384615384,17.370346069335938,True
2025-10-30 15:00:00,CAM,92.0,107.96138,63.46154,63.46153846153846,17.370346069335938,False
2025-10-30 16:00:00,CAM,89.0,100.819595,57.857143,57.857142857142854,17.370346069335938,False
2025-10-30 17:00:00,CAM,66.0,82.61467,42.214287,42.214285714285715,17.370346069335938,False
2025-10-30 18:00:00,CAM,36.0,57.803017,25.714285,25.714285714285715,17.370346069335938,True
2025-10-30 19:00:00,CAM,18.0,37.148567,18.571428,18.571428571428573,17.370346069335938,True
2025-10-30 20:00:00,CAM,6.0,23.059288,15.142858,15.142857142857142,17.370346069335938,False
2025-10-30 21:00:00,CAM,1.0,11.982122,9.538462,9.538461538461538,17.370346069335938,False
2025-10-30 22:00:00,CAM,2.0,5.4122458,6.142857,6.142857142857143,17.370346069335938,False
2025-10-30 23:00:00,CAM,3.0,3.365521,5.285714,5.285714285714286,17.370346069335938,False
2025-10-31 00:00:00,CAM,1.0,1.8400445,4.4166665,4.416666666666667,17.370346069335938,False
2025-10-31 01:00:00,CAM,1.0,1.4727583,4.75,4.75,17.370346069335938,False
2025-10-31 02:00:00,CAM,1.0,2.2886243,5.0,5.0,17.370346069335938,False
2025-10-31 03:00:00,CAM,4.0,4.444609,6.357143,6.357142857142857,17.370346069335938,False
2025-10-31 04:00:00,CAM,1.0,3.933107,5.357143,5.357142857142857,17.370346069335938,False
2025-10-31 05:00:00,CAM,1.0,2.617885,3.642857,3.642857142857143,17.370346069335938,False
2025-10-31 06:00:00,CAM,1.0,1.9749321,2.7857144,2.7857142857142856,17.370346069335938,False
2025-10-31 07:00:00,CAM,2.0,2.7193756,3.2857144,3.2857142857142856,17.370346069335938,False
2025-10-31 08:00:00,CAM,5.0,9.676027,10.0,10.0,17.370346069335938,False
2025-10-31 09:00:00,CAM,15.0,20.92086,20.23077,20.23076923076923,17.370346069335938,False
2025-10-31 10:00:00,CAM,36.0,41.879013,36.307693,36.30769230769231,17.370346069335938,False
2025-10-31 11:00:00,CAM,56.0,72.00601,53.692307,53.69230769230769,17.370346069335938,False
2025-10-31 12:00:00,CAM,60.0,93.972626,66.61539,66.61538461538461,17.370346069335938,True
2025-10-31 13:00:00,CAM,65.0,96.985245,72.53846,72.53846153846153,17.370346069335938,True
2025-10-31 14:00:00,CAM,79.0,92.425125,69.14286,69.14285714285714,17.370346069335938,False
2025-10-31 15:00:00,CAM,80.0,85.71901,63.384617,63.38461538461539,17.370346069335938,False
2025-10-31 16:00:00,CAM,70.0,81.60814,58.0,58.0,17.370346069335938,False
2025-10-31 17:00:00,CAM,55.0,64.45501,42.642857,42.642857142857146,17.370346069335938,False
2025-10-31 18:00:00,CAM,31.0,45.372875,26.5,26.5,17.370346069335938,False
2025-10-31 19:00:00,CAM,17.0,29.872597,18.0,18.0,17.370346069335938,False
2025-10-31 20:00:00,CAM,15.0,21.349937,14.285714,14.285714285714286,17.370346069335938,False
2025-10-31 21:00:00,CAM,6.0,10.440384,8.538462,8.538461538461538,17.370346069335938,False
2025-10-31 22:00:00,CAM,1.0,3.217978,5.642857,5.642857142857143,17.370346069335938,False
2025-10-31 23:00:00,CAM,1.0,0.42696667,5.285714,5.285714285714286,17.370346069335938,False
2025-11-01 03:00:00,CAM,1.0,9.781784,6.5,6.5,17.370346069335938,False
2025-11-01 04:00:00,CAM,1.0,4.4922194,5.285714,5.285714285714286,17.370346069335938,False
2025-11-01 05:00:00,CAM,1.0,2.6842895,3.642857,3.642857142857143,17.370346069335938,False
2025-11-01 06:00:00,CAM,1.0,1.5736966,2.7142856,2.7142857142857144,17.370346069335938,False
2025-11-01 07:00:00,CAM,1.0,2.0414433,3.2857144,3.2857142857142856,17.370346069335938,False
2025-11-01 08:00:00,CAM,3.0,8.247887,10.0,10.0,17.370346069335938,False
2025-11-01 09:00:00,CAM,16.0,16.960728,20.0,20.0,17.370346069335938,False
2025-11-01 10:00:00,CAM,42.0,33.99658,36.23077,36.23076923076923,17.370346069335938,False
2025-11-01 11:00:00,CAM,63.0,60.312206,52.53846,52.53846153846154,17.370346069335938,False
2025-11-01 12:00:00,CAM,76.0,84.05142,64.23077,64.23076923076923,17.370346069335938,False
2025-11-01 13:00:00,CAM,69.0,88.943886,70.07692,70.07692307692308,17.370346069335938,True
2025-11-01 14:00:00,CAM,70.0,82.74234,68.42857,68.42857142857143,17.370346069335938,False
2025-11-01 15:00:00,CAM,78.0,71.751495,63.53846,63.53846153846154,17.370346069335938,False
2025-11-01 16:00:00,CAM,63.0,66.67889,58.285713,58.285714285714285,17.370346069335938,False
2025-11-01 17:00:00,CAM,58.0,55.69874,43.92857,43.92857142857143,17.370346069335938,False
2025-11-01 18:00:00,CAM,37.0,42.85452,27.428572,27.428571428571427,17.370346069335938,False
2025-11-01 19:00:00,CAM,36.0,31.607437,19.0,19.0,17.370346069335938,False
2025-11-01 20:00:00,CAM,29.0,25.95989,14.0,14.0,17.370346069335938,False
2025-11-01 21:00:00,CAM,20.0,17.297115,8.153846,8.153846153846153,17.370346069335938,False
2025-11-01 22:00:00,CAM,2.0,8.916936,5.214286,5.214285714285714,17.370346069335938,False
2025-11-01 23:00:00,CAM,3.0,4.950864,4.928571,4.928571428571429,17.370346069335938,False
2025-11-02 00:00:00,CAM,1.0,3.1458416,4.2727275,4.2727272727272725,17.370346069335938,False
2025-11-02 01:00:00,CAM,5.0,3.3181262,4.5454545,4.545454545454546,17.370346069335938,False
2025-11-02 02:00:00,CAM,3.0,3.7750225,5.090909,5.090909090909091,17.370346069335938,False
2025-11-02 03:00:00,CAM,2.0,5.4508452,6.214286,6.214285714285714,17.370346069335938,False
2025-11-02 04:00:00,CAM,1.0,4.993113,5.214286,5.214285714285714,17.370346069335938,False
2025-11-02 05:00:00,CAM,1.0,3.8793416,3.5714285,3.5714285714285716,17.370346069335938,False
2025-11-02 06:00:00,CAM,1.0,3.0782707,2.642857,2.642857142857143,17.370346069335938,False
2025-11-02 07:00:00,CAM,13.0,3.3833175,3.2142856,3.2142857142857144,17.370346069335938,False
2025-11-02 08:00:00,CAM,20.0,11.367427,9.769231,9.76923076923077,17.370346069335938,False
2025-11-02 09:00:00,CAM,32.0,27.403938,20.461538,20.46153846153846,17.370346069335938,False
2025-11-02 10:00:00,CAM,45.0,46.228947,36.615383,36.61538461538461,17.370346069335938,False
2025-11-02 11:00:00,CAM,41.0,56.509563,53.0,53.0,17.370346069335938,False
2025-11-02 12:00:00,CAM,55.0,62.84212,64.69231,64.6923076923077,17.370346069335938,False
2025-11-02 13:00:00,CAM,62.0,67.88139,69.53846,69.53846153846153,17.370346069335938,False
2025-11-02 14:00:00,CAM,62.0,66.92864,69.14286,69.14285714285714,17.370346069335938,False
2025-11-02 15:00:00,CAM,64.0,57.695618,65.61539,65.61538461538461,17.370346069335938,False
2025-11-02 16:00:00,CAM,60.0,57.15627,59.214287,59.214285714285715,17.370346069335938,False
2025-11-02 17:00:00,CAM,48.0,48.29572,44.785713,44.785714285714285,17.370346069335938,False
2025-11-02 18:00:00,CAM,32.0,36.691708,27.428572,27.428571428571427,17.370346069335938,False
2025-11-02 19:00:00,CAM,28.0,29.554424,20.5,20.5,17.370346069335938,False
2025-11-02 20:00:00,CAM,24.0,24.48177,15.928572,15.928571428571429,17.370346069335938,False
2025-11-02 21:00:00,CAM,24.0,16.73462,9.538462,9.538461538461538,17.370346069335938,False
2025-11-02 22:00:00,CAM,18.0,11.979429,5.285714,5.285714285714286,17.370346069335938,False
2025-11-02 23:00:00,CAM,19.0,10.007631,5.0,5.0,17.370346069335938,False
2025-11-03 00:00:00,CAM,20.0,8.317321,4.181818,4.181818181818182,17.370346069335938,False
2025-11-03 01:00:00,CAM,14.0,8.932992,4.818182,4.818181818181818,17.370346069335938,False
2025-11-03 02:00:00,CAM,13.0,9.753605,5.090909,5.090909090909091,17.370346069335938,False
2025-11-03 03:00:00,CAM,15.0,10.867718,6.214286,6.214285714285714,17.370346069335938,False
2025-11-03 04:00:00,CAM,8.0,9.359056,5.142857,5.142857142857143,17.370346069335938,False
2025-11-03 05:00:00,CAM,2.0,7.0174465,3.5,3.5,17.370346069335938,False
2025-11-03 06:00:00,CAM,1.0,3.8419049,2.5714285,2.5714285714285716,17.370346069335938,False
2025-11-03 07:00:00,CAM,2.0,3.2565398,3.857143,3.857142857142857,17.370346069335938,False
2025-11-03 08:00:00,CAM,8.0,7.0063424,9.846154,9.846153846153847,17.370346069335938,False
2025-11-03 09:00:00,CAM,11.0,15.284367,20.076923,20.076923076923077,17.370346069335938,False
2025-11-03 10:00:00,CAM,16.0,31.85406,36.307693,36.30769230769231,17.370346069335938,False
2025-11-03 11:00:00,CAM,26.0,46.640114,51.846153,51.84615384615385,17.370346069335938,True
2025-11-03 12:00:00,CAM,43.0,55.104603,64.23077,64.23076923076923,17.370346069335938,False
2025-11-03 13:00:00,CAM,59.0,60.794937,70.15385,70.15384615384616,17.370346069335938,False
2025-11-03 14:00:00,CAM,66.0,62.46197,70.0,70.0,17.370346069335938,False
2025-11-03 15:00:00,CAM,71.0,58.864254,66.92308,66.92307692307692,17.370346069335938,False
2025-11-03 16:00:00,CAM,71.0,61.01186,60.5,60.5,17.370346069335938,False
2025-11-03 17:00:00,CAM,51.0,53.45133,45.5,45.5,17.370346069335938,False
2025-11-03 18:00:00,CAM,34.0,39.433083,27.285715,27.285714285714285,17.370346069335938,False
2025-11-03 19:00:00,CAM,19.0,28.207113,20.5,20.5,17.370346069335938,False
2025-11-03 20:00:00,CAM,23.0,22.28517,16.0,16.0,17.370346069335938,False
2025-11-03 21:00:00,CAM,16.0,15.705527,10.307693,10.307692307692308,17.370346069335938,False
2025-11-03 22:00:00,CAM,11.0,9.591428,5.5,5.5,17.370346069335938,False
2025-11-03 23:00:00,CAM,16.0,8.297842,5.357143,5.357142857142857,17.370346069335938,False
2025-11-04 00:00:00,CAM,17.0,8.192676,5.5,5.5,17.370346069335938,False
2025-11-04 01:00:00,CAM,10.0,8.513501,5.5833335,5.583333333333333,17.370346069335938,False
2025-11-04 02:00:00,CAM,3.0,8.370907,5.75,5.75,17.370346069335938,False
2025-11-04 03:00:00,CAM,14.0,7.642389,5.5,5.5,17.370346069335938,False
2025-11-04 04:00:00,CAM,5.0,6.4226823,4.428571,4.428571428571429,17.370346069335938,False
2025-11-04 05:00:00,CAM,1.0,4.2715306,2.642857,2.642857142857143,17.370346069335938,False
2025-11-04 06:00:00,CAM,1.0,2.6210265,1.8571428,1.8571428571428572,17.370346069335938,False
2025-11-04 07:00:00,CAM,1.0,3.2375858,3.2142856,3.2142857142857144,17.370346069335938,False
2025-11-04 08:00:00,CAM,3.0,9.272274,9.461538,9.461538461538462,17.370346069335938,False
2025-11-04 09:00:00,CAM,10.0,17.226871,19.076923,19.076923076923077,17.370346069335938,False
2025-11-04 10:00:00,CAM,18.0,33.546974,34.846153,34.84615384615385,17.370346069335938,False
2025-11-04 11:00:00,CAM,27.0,53.144314,50.46154,50.46153846153846,17.370346069335938,True
2025-11-04 12:00:00,CAM,40.0,74.165085,63.307693,63.30769230769231,17.370346069335938,True
2025-11-04 13:00:00,CAM,67.0,90.65529,70.23077,70.23076923076923,17.370346069335938,True
2025-11-04 14:00:00,CAM,78.0,96.581635,71.14286,71.14285714285714,17.370346069335938,True
2025-11-04 15:00:00,CAM,72.0,95.49548,69.0,69.0,17.370346069335938,True
2025-11-04 16:00:00,CAM,66.0,85.82107,62.357143,62.357142857142854,17.370346069335938,True
2025-11-04 17:00:00,CAM,66.0,65.86667,47.07143,47.07142857142857,17.370346069335938,False
2025-11-04 18:00:00,CAM,24.0,38.502907,28.428572,28.428571428571427,17.370346069335938,False
2025-11-04 19:00:00,CAM,13.0,22.490608,20.785715,20.785714285714285,17.370346069335938,False
2025-11-04 20:00:00,CAM,11.0,16.84727,16.857143,16.857142857142858,17.370346069335938,False
2025-11-04 21:00:00,CAM,12.0,10.990453,11.0,11.0,17.370346069335938,False
2025-11-04 22:00:00,CAM,13.0,5.0331883,6.0,6.0,17.370346069335938,False
2025-11-04 23:00:00,CAM,6.0,5.3129563,6.285714,6.285714285714286,17.370346069335938,False
2025-11-05 00:00:00,CAM,15.0,5.023387,6.1666665,6.166666666666667,17.370346069335938,False
2025-11-05 01:00:00,CAM,11.0,4.282431,5.75,5.75,17.370346069335938,False
2025-11-05 02:00:00,CAM,17.0,4.651828,5.5833335,5.583333333333333,17.370346069335938,False
2025-11-05 03:00:00,CAM,10.0,5.868078,6.357143,6.357142857142857,17.370346069335938,False
2025-11-05 04:00:00,CAM,3.0,4.324177,4.571429,4.571428571428571,17.370346069335938,False
2025-11-05 05:00:00,CAM,2.0,2.700018,2.5714285,2.5714285714285716,17.370346069335938,False
2025-11-05 06:00:00,CAM,2.0,1.662197,1.7857143,1.7857142857142858,17.370346069335938,False
2025-11-05 07:00:00,CAM,3.0,2.7201376,3.0714285,3.0714285714285716,17.370346069335938,False
2025-11-05 08:00:00,CAM,9.0,8.797931,9.230769,9.23076923076923,17.370346069335938,False
2025-11-05 09:00:00,CAM,13.0,18.91692,18.692308,18.692307692307693,17.370346069335938,False
2025-11-05 10:00:00,CAM,26.0,37.227425,34.384617,34.38461538461539,17.370346069335938,False
2025-11-05 11:00:00,CAM,49.0,59.64164,48.76923,48.76923076923077,17.370346069335938,False
2025-11-05 12:00:00,CAM,69.0,83.980316,61.076923,61.07692307692308,17.370346069335938,False
2025-11-05 13:00:00,CAM,90.0,100.61223,70.0,70.0,17.370346069335938,False
2025-11-05 14:00:00,CAM,93.0,99.362274,72.14286,72.14285714285714,17.370346069335938,False
2025-11-05 15:00:00,CAM,89.0,94.97204,70.15385,70.15384615384616,17.370346069335938,False
2025-11-05 16:00:00,CAM,73.0,87.35951,64.71429,64.71428571428571,17.370346069335938,False
2025-11-05 17:00:00,CAM,54.0,70.94231,50.357143,50.357142857142854,17.370346069335938,False
2025-11-05 18:00:00,CAM,25.0,46.0852,29.142857,29.142857142857142,17.370346069335938,True
2025-11-05 19:00:00,CAM,21.0,31.09164,20.857143,20.857142857142858,17.370346069335938,False
2025-11-05 20:00:00,CAM,16.0,23.767807,16.785715,16.785714285714285,17.370346069335938,False
2025-11-05 21:00:00,CAM,4.0,14.292933,11.076923,11.076923076923077,17.370346069335938,False
2025-11-05 22:00:00,CAM,3.0,7.250494,6.071429,6.071428571428571,17.370346069335938,False
2025-11-05 23:00:00,CAM,10.0,5.8175254,5.785714,5.785714285714286,17.370346069335938,False
2025-11-06 00:00:00,CAM,11.0,6.652018,6.3333335,6.333333333333333,17.370346069335938,False
2025-11-06 01:00:00,CAM,12.0,6.98255,6.0,6.0,17.370346069335938,False
2025-11-06 02:00:00,CAM,6.0,7.5940804,6.4166665,6.416666666666667,17.370346069335938,False
2025-11-06 03:00:00,CAM,7.0,7.7092533,6.571429,6.571428571428571,17.370346069335938,False
2025-11-06 04:00:00,CAM,1.0,5.2442675,4.0,4.0,17.370346069335938,False
2025-11-06 05:00:00,CAM,1.0,2.8798864,2.0714285,2.0714285714285716,17.370346069335938,False
2025-11-06 06:00:00,CAM,1.0,2.0761318,1.5714285,1.5714285714285714,17.370346069335938,False
2025-11-06 07:00:00,CAM,1.0,3.2319524,2.9285715,2.9285714285714284,17.370346069335938,False
2025-11-06 08:00:00,CAM,3.0,9.315669,8.923077,8.923076923076923,17.370346069335938,False
2025-11-06 09:00:00,CAM,9.0,18.838034,18.0,18.0,17.370346069335938,False
2025-11-06 10:00:00,CAM,22.0,39.004738,34.23077,34.23076923076923,17.370346069335938,False
2025-11-06 11:00:00,CAM,38.0,63.41392,50.0,50.0,17.370346069335938,True
2025-11-06 12:00:00,CAM,66.0,88.66231,64.23077,64.23076923076923,17.370346069335938,True
2025-11-06 13:00:00,CAM,75.0,108.53706,74.69231,74.6923076923077,17.370346069335938,True
2025-11-06 14:00:00,CAM,86.0,113.894806,76.64286,76.64285714285714,17.370346069335938,True
2025-11-06 15:00:00,CAM,95.0,114.229065,74.92308,74.92307692307692,17.370346069335938,True
2025-11-06 16:00:00,CAM,102.0,109.57437,68.14286,68.14285714285714,17.370346069335938,False
2025-11-06 17:00:00,CAM,85.0,93.19886,52.92857,52.92857142857143,17.370346069335938,False
2025-11-06 18:00:00,CAM,34.0,60.021336,30.0,30.0,17.370346069335938,True
2025-11-06 19:00:00,CAM,15.0,31.785265,21.642857,21.642857142857142,17.370346069335938,False
2025-11-06 20:00:00,CAM,4.0,25.093025,17.428572,17.428571428571427,17.370346069335938,True
2025-11-06 21:00:00,CAM,5.0,14.087512,10.846154,10.846153846153847,17.370346069335938,False
2025-11-06 22:00:00,CAM,14.0,7.76094,5.785714,5.785714285714286,17.370346069335938,False
2025-11-06 23:00:00,CAM,4.0,7.505496,6.357143,6.357142857142857,17.370346069335938,False
2025-11-07 03:00:00,CAM,2.0,9.607096,6.785714,6.785714285714286,17.370346069335938,False
2025-11-07 04:00:00,CAM,1.0,4.18489,3.857143,3.857142857142857,17.370346069335938,False
2025-11-07 05:00:00,CAM,1.0,1.9136356,2.0,2.0,17.370346069335938,False
2025-11-07 06:00:00,CAM,1.0,1.1753507,1.5,1.5,17.370346069335938,False
2025-11-07 07:00:00,CAM,2.0,2.4775493,2.857143,2.857142857142857,17.370346069335938,False
2025-11-07 08:00:00,CAM,4.0,8.679909,8.615385,8.615384615384615,17.370346069335938,False
2025-11-07 09:00:00,CAM,13.0,17.762238,17.538462,17.53846153846154,17.370346069335938,False
2025-11-07 10:00:00,CAM,29.0,40.74048,33.692307,33.69230769230769,17.370346069335938,False
2025-11-07 11:00:00,CAM,60.0,68.58572,49.692307,49.69230769230769,17.370346069335938,False
2025-11-07 12:00:00,CAM,92.0,93.99423,64.61539,64.61538461538461,17.370346069335938,False
2025-11-07 13:00:00,CAM,101.0,114.379456,74.92308,74.92307692307692,17.370346069335938,False
2025-11-07 14:00:00,CAM,114.0,122.231705,77.42857,77.42857142857143,17.370346069335938,False
2025-11-07 15:00:00,CAM,135.0,122.981186,76.69231,76.6923076923077,17.370346069335938,False
2025-11-07 16:00:00,CAM,144.0,116.74546,71.0,71.0,17.370346069335938,True
2025-11-07 17:00:00,CAM,100.0,98.36449,55.714287,55.714285714285715,17.370346069335938,False
2025-11-07 18:00:00,CAM,12.0,66.61379,30.928572,30.928571428571427,17.370346069335938,True
2025-11-07 19:00:00,CAM,14.0,38.41204,21.714285,21.714285714285715,17.370346069335938,True
2025-11-07 20:00:00,CAM,4.0,28.632523,17.0,17.0,17.370346069335938,True
2025-11-07 21:00:00,CAM,2.0,16.184801,10.428572,10.428571428571429,17.370346069335938,False
2025-11-07 22:00:00,CAM,2.0,9.568029,6.285714,6.285714285714286,17.370346069335938,False
2025-11-07 23:00:00,CAM,3.0,8.142529,6.142857,6.142857142857143,17.370346069335938,False
2025-11-08 00:00:00,CAM,1.0,8.205692,7.181818,7.181818181818182,17.370346069335938,False
2025-11-08 01:00:00,CAM,1.0,6.7520237,6.5454545,6.545454545454546,17.370346069335938,False
2025-11-08 02:00:00,CAM,4.0,5.443779,6.0,6.0,17.370346069335938,False
2025-11-08 03:00:00,CAM,8.0,6.2990565,6.642857,6.642857142857143,17.370346069335938,False
2025-11-08 04:00:00,CAM,7.0,3.4979587,3.642857,3.642857142857143,17.370346069335938,False
2025-11-08 05:00:00,CAM,2.0,2.321893,1.9285715,1.9285714285714286,17.370346069335938,False
2025-11-08 06:00:00,CAM,1.0,1.6983645,1.4285715,1.4285714285714286,17.370346069335938,False
2025-11-08 07:00:00,CAM,1.0,3.263056,2.857143,2.857142857142857,17.370346069335938,False
2025-11-08 08:00:00,CAM,3.0,9.285284,8.285714,8.285714285714286,17.370346069335938,False
2025-11-08 09:00:00,CAM,15.0,20.877243,17.214285,17.214285714285715,17.370346069335938,False
2025-11-08 10:00:00,CAM,40.0,44.54921,33.0,33.0,17.370346069335938,False
2025-11-08 11:00:00,CAM,78.0,74.980865,49.615383,49.61538461538461,17.370346069335938,False
2025-11-08 12:00:00,CAM,74.0,105.86348,66.92308,66.92307692307692,17.370346069335938,True
2025-11-08 13:00:00,CAM,89.0,117.75851,76.92308,76.92307692307692,17.370346069335938,True
2025-11-08 14:00:00,CAM,86.0,120.1924,79.35714,79.35714285714286,17.370346069335938,True
2025-11-08 15:00:00,CAM,86.0,120.237274,80.85714,80.85714285714286,17.370346069335938,True
2025-11-08 16:00:00,CAM,102.0,113.32112,74.92857,74.92857142857143,17.370346069335938,False
2025-11-08 17:00:00,CAM,90.0,95.309975,57.57143,57.57142857142857,17.370346069335938,False
2025-11-08 18:00:00,CAM,35.0,56.819565,29.285715,29.285714285714285,17.370346069335938,True
2025-11-08 19:00:00,CAM,20.0,32.739037,20.928572,20.928571428571427,17.370346069335938,False
2025-11-08 20:00:00,CAM,3.0,21.458595,16.714285,16.714285714285715,17.370346069335938,True
2025-11-08 21:00:00,CAM,8.0,15.020221,10.285714,10.285714285714286,17.370346069335938,False
2025-11-08 22:00:00,CAM,4.0,8.322706,5.785714,5.785714285714286,17.370346069335938,False
2025-11-08 23:00:00,CAM,1.0,6.490495,5.785714,5.785714285714286,17.370346069335938,False
2025-11-09 00:00:00,CAM,2.0,6.019561,7.090909,7.090909090909091,17.370346069335938,False
2025-11-09 01:00:00,CAM,7.0,3.92733,5.909091,5.909090909090909,17.370346069335938,False
2025-11-09 02:00:00,CAM,9.0,4.16498,6.090909,6.090909090909091,17.370346069335938,False
2025-11-09 03:00:00,CAM,4.0,5.6328177,6.928571,6.928571428571429,17.370346069335938,False
2025-11-09 04:00:00,CAM,9.0,3.1047506,3.7142856,3.7142857142857144,17.370346069335938,False
2025-11-09 05:00:00,CAM,8.0,2.0128143,1.9285715,1.9285714285714286,17.370346069335938,False
2025-11-09 06:00:00,CAM,1.0,1.7102581,1.3571428,1.3571428571428572,17.370346069335938,False
2025-11-09 07:00:00,CAM,2.0,3.292243,2.7857144,2.7857142857142856,17.370346069335938,False
2025-11-09 08:00:00,CAM,10.0,9.099198,8.142858,8.142857142857142,17.370346069335938,False
2025-11-09 09:00:00,CAM,26.0,20.977194,17.071428,17.071428571428573,17.370346069335938,False
2025-11-09 10:00:00,CAM,45.0,45.055847,32.53846,32.53846153846154,17.370346069335938,False
2025-11-09 11:00:00,CAM,69.0,76.56814,50.846153,50.84615384615385,17.370346069335938,False
2025-11-09 12:00:00,CAM,86.0,104.28705,67.07692,67.07692307692308,17.370346069335938,True
2025-11-09 13:00:00,CAM,101.0,118.11667,77.30769,77.3076923076923,17.370346069335938,False
2025-11-09 14:00:00,CAM,69.0,112.98822,78.78571,78.78571428571429,17.370346069335938,True
2025-11-09 15:00:00,CAM,58.0,102.09852,80.14286,80.14285714285714,17.370346069335938,True
2025-11-09 16:00:00,CAM,51.0,90.9741,75.92857,75.92857142857143,17.370346069335938,True
2025-11-09 17:00:00,CAM,47.0,74.03024,59.285713,59.285714285714285,17.370346069335938,True
2025-11-09 18:00:00,CAM,42.0,44.17695,28.428572,28.428571428571427,17.370346069335938,False
2025-11-09 19:00:00,CAM,40.0,38.866062,19.857143,19.857142857142858,17.370346069335938,False
2025-11-09 20:00:00,CAM,38.0,32.564423,15.071428,15.071428571428571,17.370346069335938,False
2025-11-09 21:00:00,CAM,32.0,25.400938,9.428572,9.428571428571429,17.370346069335938,False
2025-11-09 22:00:00,CAM,33.0,20.371384,5.857143,5.857142857142857,17.370346069335938,False
2025-11-09 23:00:00,CAM,30.0,18.9551,5.642857,5.642857142857143,17.370346069335938,False
2025-11-10 00:00:00,CAM,34.0,18.94872,6.6666665,6.666666666666667,17.370346069335938,False
2025-11-10 01:00:00,CAM,35.0,19.098497,6.0,6.0,17.370346069335938,False
2025-11-10 02:00:00,CAM,27.0,21.181217,6.3333335,6.333333333333333,17.370346069335938,False
2025-11-10 03:00:00,CAM,12.0,20.897415,6.785714,6.785714285714286,17.370346069335938,False
2025-11-10 04:00:00,CAM,13.0,16.245089,4.0,4.0,17.370346069335938,False
2025-11-10 05:00:00,CAM,20.0,11.9613,2.0714285,2.0714285714285716,17.370346069335938,False
2025-11-10 06:00:00,CAM,4.0,9.658219,1.2857143,1.2857142857142858,17.370346069335938,False
2025-11-10 07:00:00,CAM,10.0,7.5937433,2.5714285,2.5714285714285716,17.370346069335938,False
2025-11-10 08:00:00,CAM,8.0,10.224711,7.428571,7.428571428571429,17.370346069335938,False
2025-11-10 09:00:00,CAM,7.0,15.437332,16.5,16.5,17.370346069335938,False
2025-11-10 10:00:00,CAM,12.0,23.044237,31.461538,31.46153846153846,17.370346069335938,False
2025-11-10 11:00:00,CAM,15.0,29.733032,49.76923,49.76923076923077,17.370346069335938,False
2025-11-10 12:00:00,CAM,9.0,36.213337,65.23077,65.23076923076923,17.370346069335938,True
2025-11-10 13:00:00,CAM,16.0,41.484585,75.46154,75.46153846153847,17.370346069335938,True
2025-11-10 14:00:00,CAM,17.0,41.29257,76.92857,76.92857142857143,17.370346069335938,True
2025-11-10 15:00:00,CAM,14.0,43.651615,78.14286,78.14285714285714,17.370346069335938,True
2025-11-10 16:00:00,CAM,14.0,44.82471,74.07143,74.07142857142857,17.370346069335938,True
2025-11-10 17:00:00,CAM,10.0,35.91493,58.785713,58.785714285714285,17.370346069335938,True
2025-11-10 18:00:00,CAM,10.0,11.027811,28.571428,28.571428571428573,17.370346069335938,False
2025-11-10 19:00:00,CAM,9.0,6.8616753,20.714285,20.714285714285715,17.370346069335938,False
2025-11-10 20:00:00,CAM,16.0,5.6061974,16.428572,16.428571428571427,17.370346069335938,False
2025-11-10 21:00:00,CAM,11.0,3.9199734,11.071428,11.071428571428571,17.370346069335938,False
2025-11-10 22:00:00,CAM,7.0,3.5987835,7.857143,7.857142857142857,17.370346069335938,False
2025-11-10 23:00:00,CAM,5.0,4.676936,7.214286,7.214285714285714,17.370346069335938,False
2025-11-11 00:00:00,CAM,12.0,8.254357,8.916667,8.916666666666666,17.370346069335938,False
2025-11-11 01:00:00,CAM,13.0,10.020065,8.666667,8.666666666666666,17.370346069335938,False
2025-11-11 02:00:00,CAM,7.0,10.056969,8.083333,8.083333333333334,17.370346069335938,False
2025-11-11 03:00:00,CAM,3.0,9.049923,6.714286,6.714285714285714,17.370346069335938,False
2025-11-11 04:00:00,CAM,4.0,6.5478997,4.285714,4.285714285714286,17.370346069335938,False
2025-11-11 05:00:00,CAM,2.0,4.271584,3.2142856,3.2142857142857144,17.370346069335938,False
2025-11-11 06:00:00,CAM,1.0,1.1885172,1.4285715,1.4285714285714286,17.370346069335938,False
2025-11-11 07:00:00,CAM,4.0,0.6709864,3.142857,3.142857142857143,17.370346069335938,False
2025-11-11 08:00:00,CAM,7.0,1.4945512,7.571429,7.571428571428571,17.370346069335938,False
2025-11-11 09:00:00,CAM,7.0,5.119755,16.5,16.5,17.370346069335938,False
2025-11-11 10:00:00,CAM,20.0,13.505621,30.307692,30.307692307692307,17.370346069335938,False
2025-11-11 11:00:00,CAM,24.0,23.777802,47.307693,47.30769230769231,17.370346069335938,False
2025-11-11 12:00:00,CAM,37.0,34.66507,61.076923,61.07692307692308,17.370346069335938,False
2025-11-11 13:00:00,CAM,50.0,47.93365,71.69231,71.6923076923077,17.370346069335938,False
2025-11-11 14:00:00,CAM,63.0,58.62609,72.92857,72.92857142857143,17.370346069335938,False
2025-11-11 15:00:00,CAM,63.0,68.7111,74.5,74.5,17.370346069335938,False
2025-11-11 16:00:00,CAM,57.0,77.78875,71.42857,71.42857142857143,17.370346069335938,True
2025-11-11 17:00:00,CAM,47.0,62.659317,56.92857,56.92857142857143,17.370346069335938,False
2025-11-11 18:00:00,CAM,27.0,35.155823,27.571428,27.571428571428573,17.370346069335938,False
2025-11-11 19:00:00,CAM,20.0,26.500984,20.285715,20.285714285714285,17.370346069335938,False
2025-11-11 20:00:00,CAM,4.0,16.704424,16.285715,16.285714285714285,17.370346069335938,False
2025-11-11 21:00:00,CAM,8.0,6.8679266,11.285714,11.285714285714286,17.370346069335938,False
2025-11-11 22:00:00,CAM,11.0,1.5348396,8.214286,8.214285714285714,17.370346069335938,False
2025-11-11 23:00:00,CAM,2.0,0.9438634,7.428571,7.428571428571429,17.370346069335938,False
2025-11-12 00:00:00,CAM,2.0,4.258893,9.75,9.75,17.370346069335938,False
2025-11-12 01:00:00,CAM,1.0,5.1708765,9.5,9.5,17.370346069335938,False
2025-11-12 02:00:00,CAM,3.0,4.820256,7.9166665,7.916666666666667,17.370346069335938,False
2025-11-12 03:00:00,CAM,2.0,4.185998,6.357143,6.357142857142857,17.370346069335938,False
2025-11-12 04:00:00,CAM,1.0,2.3792245,4.142857,4.142857142857143,17.370346069335938,False
2025-11-12 05:00:00,CAM,1.0,1.6800811,3.2142856,3.2142857142857144,17.370346069335938,False
2025-11-12 06:00:00,CAM,1.0,-0.08685613,1.3571428,1.3571428571428572,17.370346069335938,False
2025-11-12 07:00:00,CAM,2.0,1.8283262,3.2857144,3.2857142857142856,17.370346069335938,False
2025-11-12 08:00:00,CAM,3.0,6.1992607,7.714286,7.714285714285714,17.370346069335938,False
2025-11-12 09:00:00,CAM,8.0,14.956058,16.0,16.0,17.370346069335938,False
2025-11-12 10:00:00,CAM,27.0,31.285551,29.153847,29.153846153846153,17.370346069335938,False
2025-11-12 11:00:00,CAM,54.0,58.213566,46.153847,46.15384615384615,17.370346069335938,False
2025-11-12 12:00:00,CAM,86.0,87.120544,60.076923,60.07692307692308,17.370346069335938,False
2025-11-12 13:00:00,CAM,86.0,105.95856,70.84615,70.84615384615384,17.370346069335938,True
2025-11-12 14:00:00,CAM,107.0,106.47824,72.21429,72.21428571428571,17.370346069335938,False
2025-11-12 15:00:00,CAM,123.0,108.21706,74.42857,74.42857142857143,17.370346069335938,False
2025-11-12 16:00:00,CAM,85.0,102.430244,71.71429,71.71428571428571,17.370346069335938,True
2025-11-12 17:00:00,CAM,50.0,75.4297,57.42857,57.42857142857143,17.370346069335938,True
2025-11-12 18:00:00,CAM,26.0,30.422249,28.214285,28.214285714285715,17.370346069335938,False
2025-11-12 19:00:00,CAM,15.0,15.932559,20.071428,20.071428571428573,17.370346069335938,False
2025-11-12 20:00:00,CAM,10.0,10.342243,14.857142,14.857142857142858,17.370346069335938,False
2025-11-12 21:00:00,CAM,11.0,6.4293556,11.071428,11.071428571428571,17.370346069335938,False
2025-11-12 22:00:00,CAM,10.0,5.4778748,8.857142,8.857142857142858,17.370346069335938,False
2025-11-12 23:00:00,CAM,6.0,5.840081,7.428571,7.428571428571429,17.370346069335938,False
2025-11-13 03:00:00,CAM,1.0,11.112839,6.071429,6.071428571428571,17.370346069335938,False
2025-11-13 04:00:00,CAM,1.0,5.0986457,4.0,4.0,17.370346069335938,False
2025-11-13 05:00:00,CAM,1.0,3.678879,3.142857,3.142857142857143,17.370346069335938,False
2025-11-13 06:00:00,CAM,1.0,1.4778721,1.2857143,1.2857142857142858,17.370346069335938,False
2025-11-13 07:00:00,CAM,1.0,3.2150097,3.2142856,3.2142857142857144,17.370346069335938,False
2025-11-13 08:00:00,CAM,2.0,5.9375725,6.357143,6.357142857142857,17.370346069335938,False
2025-11-13 09:00:00,CAM,8.0,12.14889,13.857142,13.857142857142858,17.370346069335938,False
2025-11-13 10:00:00,CAM,26.0,25.037802,29.0,29.0,17.370346069335938,False
2025-11-13 11:00:00,CAM,37.0,43.27773,46.714287,46.714285714285715,17.370346069335938,False
2025-11-13 12:00:00,CAM,42.0,63.780857,61.92857,61.92857142857143,17.370346069335938,True
2025-11-13 13:00:00,CAM,72.0,73.388054,71.92857,71.92857142857143,17.370346069335938,False
2025-11-13 14:00:00,CAM,80.0,68.48934,76.85714,76.85714285714286,17.370346069335938,False
2025-11-13 15:00:00,CAM,84.0,73.94632,80.0,80.0,17.370346069335938,False
2025-11-13 16:00:00,CAM,81.0,85.08326,74.78571,74.78571428571429,17.370346069335938,False
2025-11-13 17:00:00,CAM,34.0,66.85028,59.07143,59.07142857142857,17.370346069335938,True
2025-11-13 18:00:00,CAM,10.0,26.321674,28.928572,28.928571428571427,17.370346069335938,False
2025-11-13 19:00:00,CAM,4.0,15.778706,20.357143,20.357142857142858,17.370346069335938,False
2025-11-13 20:00:00,CAM,5.0,8.318094,14.5,14.5,17.370346069335938,False
2025-11-13 21:00:00,CAM,10.0,5.6352715,11.428572,11.428571428571429,17.370346069335938,False
2025-11-13 22:00:00,CAM,6.0,5.117207,9.357142,9.357142857142858,17.370346069335938,False
2025-11-13 23:00:00,CAM,4.0,4.6444254,7.785714,7.785714285714286,17.370346069335938,False
2025-11-14 00:00:00,CAM,8.0,8.405079,10.545455,10.545454545454545,17.370346069335938,False
2025-11-14 01:00:00,CAM,3.0,8.769714,10.0,10.0,17.370346069335938,False
2025-11-14 02:00:00,CAM,1.0,7.9632497,8.454545,8.454545454545455,17.370346069335938,False
2025-11-14 03:00:00,CAM,1.0,6.1832566,6.071429,6.071428571428571,17.370346069335938,False
2025-11-14 04:00:00,CAM,1.0,4.5977345,4.0,4.0,17.370346069335938,False
2025-11-14 05:00:00,CAM,1.0,4.0335236,3.142857,3.142857142857143,17.370346069335938,False
2025-11-14 06:00:00,CAM,1.0,2.2864857,1.2857143,1.2857142857142858,17.370346069335938,False
2025-11-14 07:00:00,CAM,2.0,4.0562043,3.2142856,3.2142857142857144,17.370346069335938,False
2025-11-14 08:00:00,CAM,3.0,6.9884667,6.285714,6.285714285714286,17.370346069335938,False
2025-11-14 09:00:00,CAM,7.0,14.775706,13.571428,13.571428571428571,17.370346069335938,False
2025-11-14 10:00:00,CAM,19.0,32.52611,28.857143,28.857142857142858,17.370346069335938,False
2025-11-14 11:00:00,CAM,38.0,56.126152,45.5,45.5,17.370346069335938,True
2025-11-14 12:00:00,CAM,52.0,74.22751,59.642857,59.642857142857146,17.370346069335938,True
2025-11-14 13:00:00,CAM,60.0,90.74915,71.57143,71.57142857142857,17.370346069335938,True
2025-11-14 14:00:00,CAM,62.0,86.19948,76.42857,76.42857142857143,17.370346069335938,True
2025-11-14 15:00:00,CAM,53.0,72.81436,79.42857,79.42857142857143,17.370346069335938,True
2025-11-14 16:00:00,CAM,46.0,56.75599,74.21429,74.21428571428571,17.370346069335938,False
2025-11-14 17:00:00,CAM,40.0,41.53247,56.785713,56.785714285714285,17.370346069335938,False
2025-11-14 18:00:00,CAM,17.0,21.892445,27.071428,27.071428571428573,17.370346069335938,False
2025-11-14 19:00:00,CAM,8.0,14.334977,19.357143,19.357142857142858,17.370346069335938,False
2025-11-14 20:00:00,CAM,7.0,7.992842,14.428572,14.428571428571429,17.370346069335938,False
2025-11-14 21:00:00,CAM,2.0,6.300991,12.071428,12.071428571428571,17.370346069335938,False
2025-11-14 22:00:00,CAM,1.0,5.069058,9.642858,9.642857142857142,17.370346069335938,False
2025-11-14 23:00:00,CAM,1.0,4.7195926,7.857143,7.857142857142857,17.370346069335938,False
2025-11-15 00:00:00,CAM,1.0,9.210524,11.181818,11.181818181818182,17.370346069335938,False
2025-11-15 01:00:00,CAM,1.0,9.141075,10.181818,10.181818181818182,17.370346069335938,False
2025-11-15 02:00:00,CAM,1.0,8.278736,8.454545,8.454545454545455,17.370346069335938,False
2025-11-15 03:00:00,CAM,1.0,6.480463,5.857143,5.857142857142857,17.370346069335938,False
2025-11-15 04:00:00,CAM,1.0,4.96225,4.0,4.0,17.370346069335938,False
2025-11-15 05:00:00,CAM,1.0,4.434036,3.142857,3.142857142857143,17.370346069335938,False
2025-11-15 06:00:00,CAM,1.0,2.6617827,1.2857143,1.2857142857142858,17.370346069335938,False
2025-11-15 07:00:00,CAM,1.0,4.4140687,3.2142856,3.2142857142857144,17.370346069335938,False
2025-11-15 08:00:00,CAM,2.0,7.2778196,6.142857,6.142857142857143,17.370346069335938,False
2025-11-15 09:00:00,CAM,4.0,14.637671,13.0,13.0,17.370346069335938,False
2025-11-15 10:00:00,CAM,21.0,31.77259,27.642857,27.642857142857142,17.370346069335938,False
2025-11-15 11:00:00,CAM,43.0,53.662193,44.214287,44.214285714285715,17.370346069335938,False
2025-11-15 12:00:00,CAM,53.0,68.23619,59.07143,59.07142857142857,17.370346069335938,False
2025-11-15 13:00:00,CAM,50.0,80.13254,71.21429,71.21428571428571,17.370346069335938,True
2025-11-15 14:00:00,CAM,55.0,71.37818,75.21429,75.21428571428571,17.370346069335938,False
2025-11-15 15:00:00,CAM,66.0,58.778633,77.5,77.5,17.370346069335938,False
2025-11-15 16:00:00,CAM,87.0,57.96201,72.5,72.5,17.370346069335938,True
2025-11-15 17:00:00,CAM,57.0,50.751884,55.714287,55.714285714285715,17.370346069335938,False
2025-11-15 18:00:00,CAM,19.0,21.682205,26.071428,26.071428571428573,17.370346069335938,False
2025-11-15 19:00:00,CAM,2.0,11.218326,18.714285,18.714285714285715,17.370346069335938,False
2025-11-15 20:00:00,CAM,3.0,7.608464,13.857142,13.857142857142858,17.370346069335938,False
2025-11-15 21:00:00,CAM,1.0,6.0199594,11.785714,11.785714285714286,17.370346069335938,False
2025-11-15 22:00:00,CAM,1.0,4.0575643,9.642858,9.642857142857142,17.370346069335938,False
2025-11-15 23:00:00,CAM,1.0,3.9773526,7.857143,7.857142857142857,17.370346069335938,False
2025-11-16 00:00:00,CAM,1.0,8.274363,10.333333,10.333333333333334,17.370346069335938,False
2025-11-16 01:00:00,CAM,1.0,8.829042,9.416667,9.416666666666666,17.370346069335938,False
2025-11-16 02:00:00,CAM,1.0,7.9241734,7.8333335,7.833333333333333,17.370346069335938,False
2025-11-16 03:00:00,CAM,1.0,6.653483,5.857143,5.857142857142857,17.370346069335938,False
2025-11-16 04:00:00,CAM,1.0,5.257515,4.0,4.0,17.370346069335938,False
2025-11-16 05:00:00,CAM,1.0,4.69868,3.142857,3.142857142857143,17.370346069335938,False
2025-11-16 06:00:00,CAM,1.0,2.9664783,1.2857143,1.2857142857142858,17.370346069335938,False
2025-11-16 07:00:00,CAM,1.0,4.814583,3.2142856,3.2142857142857144,17.370346069335938,False
2025-11-16 08:00:00,CAM,4.0,7.5658097,6.071429,6.071428571428571,17.370346069335938,False
2025-11-16 09:00:00,CAM,13.0,15.682682,12.142858,12.142857142857142,17.370346069335938,False
2025-11-16 10:00:00,CAM,42.0,37.301086,26.142857,26.142857142857142,17.370346069335938,False
2025-11-16 11:00:00,CAM,69.0,60.948196,42.785713,42.785714285714285,17.370346069335938,False
2025-11-16 12:00:00,CAM,65.0,80.16354,57.42857,57.42857142857143,17.370346069335938,False
2025-11-16 13:00:00,CAM,72.0,85.20056,69.85714,69.85714285714286,17.370346069335938,False
2025-11-16 14:00:00,CAM,68.0,70.888084,74.14286,74.14285714285714,17.370346069335938,False
2025-11-16 15:00:00,CAM,61.0,58.843643,76.64286,76.64285714285714,17.370346069335938,False
2025-11-16 16:00:00,CAM,60.0,54.109673,74.21429,74.21428571428571,17.370346069335938,False
2025-11-16 17:00:00,CAM,47.0,44.49377,55.642857,55.642857142857146,17.370346069335938,False
2025-11-16 18:00:00,CAM,26.0,25.413881,24.785715,24.785714285714285,17.370346069335938,False
2025-11-16 19:00:00,CAM,12.0,18.889578,16.285715,16.285714285714285,17.370346069335938,False
2025-11-16 20:00:00,CAM,2.0,11.326104,12.0,12.0,17.370346069335938,False
2025-11-16 21:00:00,CAM,1.0,8.538117,10.428572,10.428571428571429,17.370346069335938,False
2025-11-16 22:00:00,CAM,1.0,6.4687796,9.571428,9.571428571428571,17.370346069335938,False
2025-11-16 23:00:00,CAM,1.0,5.103902,7.714286,7.714285714285714,17.370346069335938,False
2025-11-17 00:00:00,CAM,3.0,8.592956,10.333333,10.333333333333334,17.370346069335938,False
2025-11-17 01:00:00,CAM,6.0,9.081193,9.083333,9.083333333333334,17.370346069335938,False
2025-11-17 02:00:00,CAM,4.0,8.502959,7.6666665,7.666666666666667,17.370346069335938,False
2025-11-17 03:00:00,CAM,2.0,7.30284,5.785714,5.785714285714286,17.370346069335938,False
2025-11-17 04:00:00,CAM,2.0,5.88194,4.0,4.0,17.370346069335938,False
2025-11-17 05:00:00,CAM,2.0,5.235347,3.142857,3.142857142857143,17.370346069335938,False
2025-11-17 06:00:00,CAM,1.0,3.2906594,1.2857143,1.2857142857142858,17.370346069335938,False
2025-11-17 07:00:00,CAM,2.0,4.1006045,2.357143,2.357142857142857,17.370346069335938,False
2025-11-17 08:00:00,CAM,7.0,6.708347,4.928571,4.928571428571429,17.370346069335938,False
2025-11-17 09:00:00,CAM,13.0,14.106125,10.785714,10.785714285714286,17.370346069335938,False
2025-11-17 10:00:00,CAM,31.0,33.95865,25.928572,25.928571428571427,17.370346069335938,False
2025-11-17 11:00:00,CAM,52.0,57.317772,44.785713,44.785714285714285,17.370346069335938,False
2025-11-17 12:00:00,CAM,66.0,80.09564,58.142857,58.142857142857146,17.370346069335938,False
2025-11-17 14:00:00,CAM,87.0,80.49278,74.57143,74.57142857142857,17.370346069335938,False
2025-11-17 15:00:00,CAM,97.0,76.08897,76.42857,76.42857142857143,17.370346069335938,True
2025-11-17 16:00:00,CAM,95.0,76.3238,74.21429,74.21428571428571,17.370346069335938,True
2025-11-17 17:00:00,CAM,74.0,60.69516,55.57143,55.57142857142857,17.370346069335938,False
2025-11-17 18:00:00,CAM,9.0,28.01995,24.357143,24.357142857142858,17.370346069335938,True
2025-11-17 19:00:00,CAM,19.0,12.449494,15.142858,15.142857142857142,17.370346069335938,False
2025-11-17 20:00:00,CAM,8.0,8.227804,10.428572,10.428571428571429,17.370346069335938,False
2025-11-17 21:00:00,CAM,2.0,3.933339,8.785714,8.785714285714286,17.370346069335938,False
2025-11-17 22:00:00,CAM,1.0,3.384223,8.357142,8.357142857142858,17.370346069335938,False
2025-11-17 23:00:00,CAM,1.0,1.1121821,6.428571,6.428571428571429,17.370346069335938,False
2025-11-18 00:00:00,CAM,1.0,3.5266428,8.916667,8.916666666666666,17.370346069335938,False
2025-11-18 01:00:00,CAM,1.0,3.6508198,8.416667,8.416666666666666,17.370346069335938,False
2025-11-18 02:00:00,CAM,1.0,4.141372,6.9166665,6.916666666666667,17.370346069335938,False
2025-11-18 03:00:00,CAM,1.0,4.023365,4.857143,4.857142857142857,17.370346069335938,False
2025-11-18 04:00:00,CAM,1.0,4.892993,3.5714285,3.5714285714285716,17.370346069335938,False
2025-11-18 05:00:00,CAM,1.0,5.528029,3.142857,3.142857142857143,17.370346069335938,False
2025-11-18 06:00:00,CAM,1.0,4.1493764,1.2857143,1.2857142857142858,17.370346069335938,False
2025-11-18 07:00:00,CAM,1.0,4.7038946,2.357143,2.357142857142857,17.370346069335938,False
2025-11-18 08:00:00,CAM,3.0,7.0092783,4.857143,4.857142857142857,17.370346069335938,False
2025-11-18 09:00:00,CAM,14.0,13.624293,10.928572,10.928571428571429,17.370346069335938,False
2025-11-18 10:00:00,CAM,46.0,33.24633,27.0,27.0,17.370346069335938,False
2025-11-18 11:00:00,CAM,66.0,65.406204,46.642857,46.642857142857146,17.370346069335938,False
2025-11-18 12:00:00,CAM,74.0,84.292625,59.785713,59.785714285714285,17.370346069335938,False
2025-11-18 13:00:00,CAM,78.0,96.781586,71.46154,71.46153846153847,17.370346069335938,True
2025-11-18 14:00:00,CAM,73.0,94.059105,76.07143,76.07142857142857,17.370346069335938,True
2025-11-18 15:00:00,CAM,69.0,83.26986,78.28571,78.28571428571429,17.370346069335938,False
2025-11-18 16:00:00,CAM,71.0,64.72703,75.92857,75.92857142857143,17.370346069335938,False
2025-11-18 17:00:00,CAM,56.0,53.51136,57.214287,57.214285714285715,17.370346069335938,False
2025-11-18 18:00:00,CAM,24.0,23.511225,22.571428,22.571428571428573,17.370346069335938,False
2025-11-18 19:00:00,CAM,14.0,9.992291,15.142858,15.142857142857142,17.370346069335938,False
2025-11-18 20:00:00,CAM,4.0,3.3029418,9.357142,9.357142857142858,17.370346069335938,False
2025-11-18 21:00:00,CAM,3.0,0.4637227,7.785714,7.785714285714286,17.370346069335938,False
2025-11-18 22:00:00,CAM,5.0,0.36024094,7.642857,7.642857142857143,17.370346069335938,False
2025-11-18 23:00:00,CAM,2.0,-0.6011839,5.357143,5.357142857142857,17.370346069335938,False
2025-11-19 03:00:00,CAM,4.0,9.420846,3.9285715,3.9285714285714284,17.370346069335938,False
2025-11-19 04:00:00,CAM,3.0,4.53026,3.2857144,3.2857142857142856,17.370346069335938,False
2025-11-19 05:00:00,CAM,1.0,4.1972513,3.142857,3.142857142857143,17.370346069335938,False
2025-11-19 06:00:00,CAM,1.0,2.6424425,1.2857143,1.2857142857142858,17.370346069335938,False
2025-11-19 07:00:00,CAM,1.0,3.2114835,2.357143,2.357142857142857,17.370346069335938,False
2025-11-19 08:00:00,CAM,4.0,5.3766317,4.857143,4.857142857142857,17.370346069335938,False
2025-11-19 09:00:00,CAM,15.0,11.180465,11.214286,11.214285714285714,17.370346069335938,False
2025-11-19 10:00:00,CAM,26.0,29.607634,29.0,29.0,17.370346069335938,False
2025-11-19 14:00:00,CAM,69.0,67.22412,75.71429,75.71428571428571,17.370346069335938,False
2025-11-19 15:00:00,CAM,63.0,64.149345,78.07143,78.07142857142857,17.370346069335938,False
2025-11-19 16:00:00,CAM,54.0,62.689598,76.28571,76.28571428571429,17.370346069335938,False
2025-11-19 17:00:00,CAM,26.0,51.602325,56.5,56.5,17.370346069335938,True
2025-11-19 18:00:00,CAM,11.0,22.127062,22.571428,22.571428571428573,17.370346069335938,False
2025-11-19 19:00:00,CAM,11.0,12.850474,15.214286,15.214285714285714,17.370346069335938,False
2025-11-19 20:00:00,CAM,3.0,3.8960867,8.857142,8.857142857142858,17.370346069335938,False
2025-11-19 21:00:00,CAM,5.0,0.85224104,7.142857,7.142857142857143,17.370346069335938,False
2025-11-19 22:00:00,CAM,2.0,0.9885421,7.071429,7.071428571428571,17.370346069335938,False
2025-11-19 23:00:00,CAM,2.0,0.19195986,5.071429,5.071428571428571,17.370346069335938,False
2025-11-20 00:00:00,CAM,2.0,3.4387534,6.909091,6.909090909090909,17.370346069335938,False
2025-11-20 01:00:00,CAM,2.0,4.913631,7.3636365,7.363636363636363,17.370346069335938,False
2025-11-20 02:00:00,CAM,2.0,4.3501167,5.818182,5.818181818181818,17.370346069335938,False
2025-11-20 03:00:00,CAM,3.0,3.213252,3.5,3.5,17.370346069335938,False
2025-11-20 04:00:00,CAM,2.0,3.5923285,3.2857144,3.2857142857142856,17.370346069335938,False
2025-11-20 05:00:00,CAM,2.0,3.7886844,3.0714285,3.0714285714285716,17.370346069335938,False
2025-11-20 06:00:00,CAM,2.0,1.8237752,1.2142857,1.2142857142857142,17.370346069335938,False
2025-11-20 07:00:00,CAM,2.0,2.6527827,2.2142856,2.2142857142857144,17.370346069335938,False
2025-11-20 08:00:00,CAM,3.0,4.724978,4.5,4.5,17.370346069335938,False
2025-11-20 12:00:00,CAM,75.0,75.01865,61.692307,61.69230769230769,17.370346069335938,False
2025-11-20 13:00:00,CAM,75.0,85.666214,70.833336,70.83333333333333,17.370346069335938,False
2025-11-20 14:00:00,CAM,79.0,81.88733,74.0,74.0,17.370346069335938,False
2025-11-20 15:00:00,CAM,84.0,93.68637,76.21429,76.21428571428571,17.370346069335938,False
2025-11-20 16:00:00,CAM,101.0,104.23254,74.92857,74.92857142857143,17.370346069335938,False
2025-11-20 17:00:00,CAM,99.0,83.29175,54.5,54.5,17.370346069335938,False
2025-11-20 18:00:00,CAM,45.0,39.75438,21.571428,21.571428571428573,17.370346069335938,False
2025-11-20 19:00:00,CAM,17.0,13.731929,14.5,14.5,17.370346069335938,False
2025-11-20 20:00:00,CAM,2.0,5.0483584,7.928571,7.928571428571429,17.370346069335938,False
2025-11-20 21:00:00,CAM,2.0,2.089653,7.214286,7.214285714285714,17.370346069335938,False
2025-11-20 22:00:00,CAM,2.0,0.7560072,7.0,7.0,17.370346069335938,False
2025-11-20 23:00:00,CAM,2.0,-0.7540822,4.5,4.5,17.370346069335938,False
2025-11-21 00:00:00,CAM,2.0,1.5419569,6.090909,6.090909090909091,17.370346069335938,False
2025-11-21 01:00:00,CAM,3.0,3.4387772,6.4545455,6.454545454545454,17.370346069335938,False
2025-11-21 02:00:00,CAM,4.0,4.607111,5.4545455,5.454545454545454,17.370346069335938,False
2025-11-21 03:00:00,CAM,6.0,2.9681475,3.2142856,3.2142857142857144,17.370346069335938,False
2025-11-21 04:00:00,CAM,4.0,4.5092754,3.357143,3.357142857142857,17.370346069335938,False
2025-11-21 05:00:00,CAM,2.0,4.955125,3.142857,3.142857142857143,17.370346069335938,False
2025-11-21 06:00:00,CAM,2.0,2.0643058,1.2857143,1.2857142857142858,17.370346069335938,False
2025-11-21 07:00:00,CAM,2.0,3.0120742,2.2857144,2.2857142857142856,17.370346069335938,False
2025-11-21 08:00:00,CAM,4.0,5.843396,4.5,4.5,17.370346069335938,False
2025-11-21 09:00:00,CAM,23.0,15.307522,11.538462,11.538461538461538,17.370346069335938,False
2025-11-21 10:00:00,CAM,45.0,40.1316,29.538462,29.53846153846154,17.370346069335938,False
2025-11-21 11:00:00,CAM,62.0,72.90349,50.416668,50.416666666666664,17.370346069335938,False
2025-11-21 12:00:00,CAM,78.0,88.599075,62.384617,62.38461538461539,17.370346069335938,False
2025-11-21 13:00:00,CAM,83.0,96.80835,70.833336,70.83333333333333,17.370346069335938,False
2025-11-21 14:00:00,CAM,93.0,99.58252,73.5,73.5,17.370346069335938,False
2025-11-21 15:00:00,CAM,87.0,94.84875,75.42857,75.42857142857143,17.370346069335938,False
2025-11-21 16:00:00,CAM,75.0,85.436424,74.85714,74.85714285714286,17.370346069335938,False
2025-11-21 17:00:00,CAM,44.0,59.13999,55.5,55.5,17.370346069335938,False
2025-11-21 18:00:00,CAM,28.0,16.01241,22.357143,22.357142857142858,17.370346069335938,False
2025-11-21 19:00:00,CAM,21.0,10.174207,14.642858,14.642857142857142,17.370346069335938,False
2025-11-21 20:00:00,CAM,6.0,7.1145325,7.785714,7.785714285714286,17.370346069335938,False
2025-11-21 21:00:00,CAM,6.0,4.989686,7.0,7.0,17.370346069335938,False
2025-11-21 22:00:00,CAM,10.0,3.3544426,6.142857,6.142857142857143,17.370346069335938,False
2025-11-21 23:00:00,CAM,11.0,4.0890427,4.357143,4.357142857142857,17.370346069335938,False
2025-11-22 00:00:00,CAM,17.0,8.942007,5.75,5.75,17.370346069335938,False
2025-11-22 01:00:00,CAM,11.0,10.492937,6.1666665,6.166666666666667,17.370346069335938,False
2025-11-22 02:00:00,CAM,4.0,8.4766445,5.3333335,5.333333333333333,17.370346069335938,False
2025-11-22 03:00:00,CAM,2.0,6.262663,3.5,3.5,17.370346069335938,False
2025-11-22 04:00:00,CAM,3.0,5.9061055,3.5714285,3.5714285714285716,17.370346069335938,False
2025-11-22 05:00:00,CAM,3.0,6.04642,3.2142856,3.2142857142857144,17.370346069335938,False
2025-11-22 06:00:00,CAM,2.0,3.2303224,1.3571428,1.3571428571428572,17.370346069335938,False
2025-11-22 07:00:00,CAM,3.0,3.9578562,2.2857144,2.2857142857142856,17.370346069335938,False
2025-11-22 08:00:00,CAM,5.0,6.5644865,4.5,4.5,17.370346069335938,False
2025-11-22 09:00:00,CAM,16.0,15.587234,12.307693,12.307692307692308,17.370346069335938,False
2025-11-22 10:00:00,CAM,40.0,37.560036,30.76923,30.76923076923077,17.370346069335938,False
2025-11-22 11:00:00,CAM,59.0,59.776405,50.583332,50.583333333333336,17.370346069335938,False
2025-11-22 12:00:00,CAM,77.0,70.99242,61.307693,61.30769230769231,17.370346069335938,False
2025-11-22 13:00:00,CAM,84.0,74.66524,69.333336,69.33333333333333,17.370346069335938,False
2025-11-22 14:00:00,CAM,81.0,68.96136,72.0,72.0,17.370346069335938,False
2025-11-22 15:00:00,CAM,78.0,62.05783,72.0,72.0,17.370346069335938,False
2025-11-22 16:00:00,CAM,62.0,56.097057,69.92857,69.92857142857143,17.370346069335938,False
2025-11-22 17:00:00,CAM,39.0,39.66727,51.5,51.5,17.370346069335938,False
2025-11-22 18:00:00,CAM,24.0,14.017645,23.5,23.5,17.370346069335938,False
2025-11-22 19:00:00,CAM,18.0,6.967863,15.142858,15.142857142857142,17.370346069335938,False
2025-11-22 20:00:00,CAM,19.0,0.8435316,7.928571,7.928571428571429,17.370346069335938,True
2025-11-22 21:00:00,CAM,15.0,1.9390187,7.285714,7.285714285714286,17.370346069335938,False
2025-11-22 22:00:00,CAM,18.0,3.5855846,6.714286,6.714285714285714,17.370346069335938,False
2025-11-22 23:00:00,CAM,14.0,4.025755,4.928571,4.928571428571429,17.370346069335938,False
2025-11-23 00:00:00,CAM,13.0,6.5803375,7.0833335,7.083333333333333,17.370346069335938,False
2025-11-23 01:00:00,CAM,9.0,7.2669015,7.0,7.0,17.370346069335938,False
2025-11-23 02:00:00,CAM,9.0,5.777216,5.3333335,5.333333333333333,17.370346069335938,False
2025-11-23 03:00:00,CAM,3.0,4.046606,3.0714285,3.0714285714285716,17.370346069335938,False
2025-11-23 04:00:00,CAM,2.0,4.0780907,3.2857144,3.2857142857142856,17.370346069335938,False
2025-11-23 05:00:00,CAM,3.0,4.0298314,3.2857144,3.2857142857142856,17.370346069335938,False
2025-11-23 06:00:00,CAM,2.0,2.4328642,1.4285715,1.4285714285714286,17.370346069335938,False
2025-11-23 07:00:00,CAM,2.0,3.4469938,2.4285715,2.4285714285714284,17.370346069335938,False
2025-11-23 08:00:00,CAM,5.0,5.7109213,4.642857,4.642857142857143,17.370346069335938,False
2025-11-23 09:00:00,CAM,24.0,14.23218,12.384615,12.384615384615385,17.370346069335938,False
2025-11-23 10:00:00,CAM,31.0,38.062107,30.76923,30.76923076923077,17.370346069335938,False
2025-11-23 11:00:00,CAM,41.0,60.910538,49.0,49.0,17.370346069335938,True
2025-11-23 12:00:00,CAM,54.0,72.17001,61.53846,61.53846153846154,17.370346069335938,True
2025-11-23 13:00:00,CAM,62.0,80.30118,68.916664,68.91666666666667,17.370346069335938,True
2025-11-23 14:00:00,CAM,64.0,80.66043,71.64286,71.64285714285714,17.370346069335938,False
2025-11-23 15:00:00,CAM,70.0,72.76745,71.42857,71.42857142857143,17.370346069335938,False
2025-11-23 16:00:00,CAM,66.0,64.59417,67.07143,67.07142857142857,17.370346069335938,False
2025-11-23 17:00:00,CAM,55.0,52.436455,47.857143,47.857142857142854,17.370346069335938,False
2025-11-23 18:00:00,CAM,34.0,28.896566,22.714285,22.714285714285715,17.370346069335938,False
2025-11-23 19:00:00,CAM,15.0,17.43789,15.0,15.0,17.370346069335938,False
2025-11-23 20:00:00,CAM,4.0,8.117861,9.071428,9.071428571428571,17.370346069335938,False
2025-11-23 21:00:00,CAM,7.0,3.5614028,7.785714,7.785714285714286,17.370346069335938,False
2025-11-23 22:00:00,CAM,4.0,2.180503,7.714286,7.714285714285714,17.370346069335938,False
2025-11-23 23:00:00,CAM,2.0,1.3697729,5.857143,5.857142857142857,17.370346069335938,False
2025-11-24 00:00:00,CAM,2.0,4.425479,8.0,8.0,17.370346069335938,False
2025-11-24 01:00:00,CAM,2.0,5.155205,7.1666665,7.166666666666667,17.370346069335938,False
2025-11-24 02:00:00,CAM,2.0,4.4695716,5.3333335,5.333333333333333,17.370346069335938,False
2025-11-24 03:00:00,CAM,2.0,3.085463,3.0,3.0,17.370346069335938,False
2025-11-24 04:00:00,CAM,2.0,3.541123,2.7857144,2.7857142857142856,17.370346069335938,False
2025-11-24 05:00:00,CAM,3.0,3.736747,2.9285715,2.9285714285714284,17.370346069335938,False
2025-11-24 06:00:00,CAM,2.0,2.5231495,1.5,1.5,17.370346069335938,False
2025-11-24 07:00:00,CAM,2.0,3.8094456,2.4285715,2.4285714285714284,17.370346069335938,False
2025-11-24 08:00:00,CAM,3.0,5.990413,4.285714,4.285714285714286,17.370346069335938,False
2025-11-24 09:00:00,CAM,9.0,14.910963,12.230769,12.23076923076923,17.370346069335938,False
2025-11-24 10:00:00,CAM,21.0,36.631664,29.692308,29.692307692307693,17.370346069335938,False
2025-11-24 11:00:00,CAM,51.0,62.82024,46.666668,46.666666666666664,17.370346069335938,False
2025-11-24 12:00:00,CAM,66.0,82.128944,59.076923,59.07692307692308,17.370346069335938,False
2025-11-24 13:00:00,CAM,86.0,89.73682,65.666664,65.66666666666667,17.370346069335938,False
2025-11-24 14:00:00,CAM,98.0,101.06793,71.28571,71.28571428571429,17.370346069335938,False
2025-11-24 15:00:00,CAM,115.0,104.49936,72.28571,72.28571428571429,17.370346069335938,False
2025-11-24 16:00:00,CAM,102.0,99.18964,68.14286,68.14285714285714,17.370346069335938,False
2025-11-24 17:00:00,CAM,96.0,81.166306,48.42857,48.42857142857143,17.370346069335938,False
2025-11-24 18:00:00,CAM,57.0,43.233944,22.142857,22.142857142857142,17.370346069335938,False
2025-11-24 19:00:00,CAM,19.0,13.081951,13.214286,13.214285714285714,17.370346069335938,False
2025-11-24 20:00:00,CAM,6.0,4.956641,6.642857,6.642857142857143,17.370346069335938,False
2025-11-24 21:00:00,CAM,2.0,2.9990838,6.0,6.0,17.370346069335938,False
2025-11-24 22:00:00,CAM,2.0,1.2906737,5.642857,5.642857142857143,17.370346069335938,False
2025-11-24 23:00:00,CAM,2.0,0.2546296,3.857143,3.857142857142857,17.370346069335938,False
2025-11-25 03:00:00,CAM,3.0,7.1693344,2.2857144,2.2857142857142856,17.370346069335938,False
2025-11-25 04:00:00,CAM,2.0,3.0507066,2.0,2.0,17.370346069335938,False
2025-11-25 05:00:00,CAM,2.0,2.8468037,1.7142857,1.7142857142857142,17.370346069335938,False
2025-11-25 06:00:00,CAM,2.0,2.4882278,1.3571428,1.3571428571428572,17.370346069335938,False
2025-11-25 07:00:00,CAM,2.0,2.998746,1.8571428,1.8571428571428572,17.370346069335938,False
2025-11-25 08:00:00,CAM,3.0,5.495074,3.9285715,3.9285714285714284,17.370346069335938,False
2025-11-25 09:00:00,CAM,9.0,13.507261,12.384615,12.384615384615385,17.370346069335938,False
2025-11-25 10:00:00,CAM,36.0,35.342285,30.384615,30.384615384615383,17.370346069335938,False
2025-11-25 15:00:00,CAM,114.0,100.034294,79.5,79.5,17.370346069335938,False
2025-11-25 16:00:00,CAM,106.0,83.86551,74.42857,74.42857142857143,17.370346069335938,True
2025-11-25 17:00:00,CAM,81.0,67.27915,54.57143,54.57142857142857,17.370346069335938,False
2025-11-25 18:00:00,CAM,28.0,36.08558,25.5,25.5,17.370346069335938,False
2025-11-25 19:00:00,CAM,7.0,15.830104,13.928572,13.928571428571429,17.370346069335938,False
2025-11-25 20:00:00,CAM,9.0,7.8107,5.928571,5.928571428571429,17.370346069335938,False
2025-11-25 21:00:00,CAM,4.0,9.491981,5.357143,5.357142857142857,17.370346069335938,False
2025-11-25 22:00:00,CAM,7.0,9.192822,5.285714,5.285714285714286,17.370346069335938,False
2025-11-25 23:00:00,CAM,14.0,5.8635826,3.642857,3.642857142857143,17.370346069335938,False
2025-11-26 00:00:00,CAM,4.0,7.48905,4.7272725,4.7272727272727275,17.370346069335938,False
2025-11-26 01:00:00,CAM,6.0,8.162588,3.6363637,3.6363636363636362,17.370346069335938,False
2025-11-26 02:00:00,CAM,6.0,7.9600925,2.909091,2.909090909090909,17.370346069335938,False
2025-11-26 03:00:00,CAM,4.0,6.4984264,2.2857144,2.2857142857142856,17.370346069335938,False
2025-11-26 04:00:00,CAM,4.0,6.468777,1.8571428,1.8571428571428572,17.370346069335938,False
2025-11-26 05:00:00,CAM,2.0,4.95422,1.7142857,1.7142857142857142,17.370346069335938,False
2025-11-26 06:00:00,CAM,2.0,4.309771,1.4285715,1.4285714285714286,17.370346069335938,False
2025-11-26 07:00:00,CAM,2.0,4.2181997,1.7142857,1.7142857142857142,17.370346069335938,False
2025-11-26 08:00:00,CAM,4.0,6.458029,3.642857,3.642857142857143,17.370346069335938,False
2025-11-26 09:00:00,CAM,11.0,17.09232,12.538462,12.538461538461538,17.370346069335938,False
2025-11-26 10:00:00,CAM,20.0,40.893932,31.615385,31.615384615384617,17.370346069335938,True
2025-11-26 11:00:00,CAM,46.0,66.0346,52.0,52.0,17.370346069335938,True
2025-11-26 12:00:00,CAM,67.0,87.32948,65.666664,65.66666666666667,17.370346069335938,True
2025-11-26 13:00:00,CAM,75.0,99.11103,73.454544,73.45454545454545,17.370346069335938,True
2025-11-26 14:00:00,CAM,75.0,100.56764,78.15385,78.15384615384616,17.370346069335938,True
2025-11-26 15:00:00,CAM,69.0,98.73119,83.14286,83.14285714285714,17.370346069335938,True
2025-11-26 16:00:00,CAM,56.0,85.191666,77.92857,77.92857142857143,17.370346069335938,True
2025-11-26 17:00:00,CAM,27.0,49.412735,57.0,57.0,17.370346069335938,True
2025-11-26 18:00:00,CAM,19.0,16.129148,25.571428,25.571428571428573,17.370346069335938,False
2025-11-26 19:00:00,CAM,17.0,8.986973,13.0,13.0,17.370346069335938,False
2025-11-26 20:00:00,CAM,17.0,6.066964,6.285714,6.285714285714286,17.370346069335938,False
2025-11-26 21:00:00,CAM,15.0,6.771246,5.071429,5.071428571428571,17.370346069335938,False
2025-11-26 22:00:00,CAM,18.0,7.790861,5.0,5.0,17.370346069335938,False
2025-11-26 23:00:00,CAM,18.0,8.788481,4.5,4.5,17.370346069335938,False
2025-11-27 00:00:00,CAM,21.0,10.299994,4.909091,4.909090909090909,17.370346069335938,False
2025-11-27 01:00:00,CAM,19.0,10.470597,4.090909,4.090909090909091,17.370346069335938,False
2025-11-27 02:00:00,CAM,20.0,10.204294,3.1818182,3.1818181818181817,17.370346069335938,False
2025-11-27 03:00:00,CAM,24.0,9.963551,2.4285715,2.4285714285714284,17.370346069335938,False
2025-11-27 04:00:00,CAM,16.0,9.794319,2.0714285,2.0714285714285716,17.370346069335938,False
2025-11-27 05:00:00,CAM,12.0,9.170793,1.7857143,1.7857142857142858,17.370346069335938,False
2025-11-27 06:00:00,CAM,7.0,7.2724805,1.5,1.5,17.370346069335938,False
2025-11-27 07:00:00,CAM,4.0,4.791333,1.7142857,1.7142857142857142,17.370346069335938,False
2025-11-27 08:00:00,CAM,8.0,5.084629,3.7142856,3.7142857142857144,17.370346069335938,False
2025-11-27 09:00:00,CAM,17.0,13.562694,12.769231,12.76923076923077,17.370346069335938,False
2025-11-27 10:00:00,CAM,27.0,31.79131,31.076923,31.076923076923077,17.370346069335938,False
2025-11-27 11:00:00,CAM,29.0,49.858185,51.272728,51.27272727272727,17.370346069335938,True
2025-11-27 12:00:00,CAM,35.0,56.80498,64.083336,64.08333333333333,17.370346069335938,True
2025-11-27 13:00:00,CAM,36.0,57.12153,72.454544,72.45454545454545,17.370346069335938,True
2025-11-27 14:00:00,CAM,40.0,52.335552,75.69231,75.6923076923077,17.370346069335938,False
2025-11-27 15:00:00,CAM,29.0,53.65906,79.28571,79.28571428571429,17.370346069335938,True
2025-11-27 16:00:00,CAM,27.0,54.649727,75.85714,75.85714285714286,17.370346069335938,True
2025-11-27 17:00:00,CAM,18.0,41.487396,55.357143,55.357142857142854,17.370346069335938,True
2025-11-27 18:00:00,CAM,14.0,15.162091,25.071428,25.071428571428573,17.370346069335938,False
2025-11-27 19:00:00,CAM,12.0,5.4772935,13.142858,13.142857142857142,17.370346069335938,False
2025-11-27 20:00:00,CAM,11.0,1.1916714,6.785714,6.785714285714286,17.370346069335938,False
2025-11-27 21:00:00,CAM,13.0,0.89574814,5.357143,5.357142857142857,17.370346069335938,False
2025-11-27 22:00:00,CAM,16.0,3.1209607,5.571429,5.571428571428571,17.370346069335938,False
2025-11-27 23:00:00,CAM,15.0,4.105478,5.357143,5.357142857142857,17.370346069335938,False
2025-11-28 00:00:00,CAM,15.0,6.915519,6.25,6.25,17.370346069335938,False
2025-11-28 01:00:00,CAM,16.0,7.720081,5.3333335,5.333333333333333,17.370346069335938,False
2025-11-28 02:00:00,CAM,18.0,8.699286,4.5833335,4.583333333333333,17.370346069335938,False
2025-11-28 03:00:00,CAM,21.0,9.221558,4.071429,4.071428571428571,17.370346069335938,False
2025-11-28 04:00:00,CAM,18.0,10.083939,3.142857,3.142857142857143,17.370346069335938,False
2025-11-28 05:00:00,CAM,19.0,9.382103,2.5714285,2.5714285714285716,17.370346069335938,False
2025-11-28 06:00:00,CAM,14.0,6.1993113,1.9285715,1.9285714285714286,17.370346069335938,False
2025-11-28 07:00:00,CAM,9.0,3.918112,1.9285715,1.9285714285714286,17.370346069335938,False
2025-11-28 08:00:00,CAM,13.0,4.004477,4.142857,4.142857142857143,17.370346069335938,False
2025-11-28 09:00:00,CAM,10.0,11.751584,13.461538,13.461538461538462,17.370346069335938,False
2025-11-28 10:00:00,CAM,16.0,24.265858,31.153847,31.153846153846153,17.370346069335938,False
2025-11-28 11:00:00,CAM,17.0,34.03734,50.545456,50.54545454545455,17.370346069335938,False
2025-11-28 12:00:00,CAM,19.0,39.003777,63.5,63.5,17.370346069335938,True
2025-11-28 13:00:00,CAM,25.0,38.01367,69.181816,69.18181818181819,17.370346069335938,False
2025-11-28 14:00:00,CAM,15.0,39.222378,72.61539,72.61538461538461,17.370346069335938,True
2025-11-28 15:00:00,CAM,22.0,44.76023,75.35714,75.35714285714286,17.370346069335938,True
2025-11-28 16:00:00,CAM,20.0,49.413506,72.0,72.0,17.370346069335938,True
2025-11-28 17:00:00,CAM,14.0,40.3744,54.214287,54.214285714285715,17.370346069335938,True
2025-11-28 19:00:00,CAM,3.0,2.2320385,13.714286,13.714285714285714,17.370346069335938,False
2025-11-28 20:00:00,CAM,3.0,-2.9829912,7.214286,7.214285714285714,17.370346069335938,False
2025-11-28 21:00:00,CAM,9.0,-2.1943192,5.571429,5.571428571428571,17.370346069335938,False
2025-11-28 22:00:00,CAM,3.0,0.3936205,6.285714,6.285714285714286,17.370346069335938,False
2025-11-28 23:00:00,CAM,2.0,1.3925014,6.142857,6.142857142857143,17.370346069335938,False
2025-11-29 00:00:00,CAM,2.0,2.7742252,6.8333335,6.833333333333333,17.370346069335938,False
2025-11-29 01:00:00,CAM,2.0,3.1934767,6.4166665,6.416666666666667,17.370346069335938,False
2025-11-29 02:00:00,CAM,2.0,3.6628833,6.0,6.0,17.370346069335938,False
2025-11-29 03:00:00,CAM,2.0,3.86398,5.5,5.5,17.370346069335938,False
2025-11-29 04:00:00,CAM,2.0,3.325584,4.357143,4.357142857142857,17.370346069335938,False
2025-11-29 05:00:00,CAM,2.0,3.0803223,3.857143,3.857142857142857,17.370346069335938,False
2025-11-29 06:00:00,CAM,2.0,2.2061079,2.857143,2.857142857142857,17.370346069335938,False
2025-11-29 07:00:00,CAM,2.0,1.8915817,2.4285715,2.4285714285714284,17.370346069335938,False
2025-11-29 08:00:00,CAM,3.0,4.074173,4.857143,4.857142857142857,17.370346069335938,False
2025-11-29 09:00:00,CAM,5.0,12.425685,13.692307,13.692307692307692,17.370346069335938,False
2025-11-29 10:00:00,CAM,18.0,29.932617,30.923077,30.923076923076923,17.370346069335938,False
2025-11-29 11:00:00,CAM,43.0,52.484196,48.636364,48.63636363636363,17.370346069335938,False
2025-11-29 12:00:00,CAM,54.0,72.75077,60.75,60.75,17.370346069335938,True
2025-11-29 13:00:00,CAM,63.0,82.77124,66.0,66.0,17.370346069335938,True
2025-11-29 14:00:00,CAM,72.0,79.108894,69.0,69.0,17.370346069335938,False
2025-11-29 15:00:00,CAM,56.0,78.43166,73.14286,73.14285714285714,17.370346069335938,True
2025-11-29 16:00:00,CAM,52.0,71.10798,70.14286,70.14285714285714,17.370346069335938,True
2025-11-29 17:00:00,CAM,45.0,57.330914,52.357143,52.357142857142854,17.370346069335938,False
2025-11-29 18:00:00,CAM,19.0,35.729267,26.0,26.0,17.370346069335938,False
2025-11-29 19:00:00,CAM,5.0,16.429226,13.357142,13.357142857142858,17.370346069335938,False
2025-11-29 20:00:00,CAM,2.0,4.5650296,6.928571,6.928571428571429,17.370346069335938,False
2025-11-29 21:00:00,CAM,2.0,3.4251857,6.071429,6.071428571428571,17.370346069335938,False
2025-11-29 22:00:00,CAM,2.0,4.361511,6.428571,6.428571428571429,17.370346069335938,False
2025-11-29 23:00:00,CAM,3.0,4.469771,6.214286,6.214285714285714,17.370346069335938,False
2025-11-30 00:00:00,CAM,3.0,6.6173806,6.9166665,6.916666666666667,17.370346069335938,False
2025-11-30 01:00:00,CAM,2.0,6.9084544,6.5,6.5,17.370346069335938,False
2025-11-30 02:00:00,CAM,2.0,6.2748213,6.0833335,6.083333333333333,17.370346069335938,False
2025-11-30 03:00:00,CAM,2.0,6.669485,5.571429,5.571428571428571,17.370346069335938,False
2025-11-30 04:00:00,CAM,2.0,5.864077,4.428571,4.428571428571429,17.370346069335938,False
2025-11-30 05:00:00,CAM,2.0,5.77178,3.9285715,3.9285714285714284,17.370346069335938,False
2025-11-30 06:00:00,CAM,2.0,3.9894311,2.9285715,2.9285714285714284,17.370346069335938,False
2025-11-30 07:00:00,CAM,3.0,3.3216534,2.5,2.5,17.370346069335938,False
2025-11-30 08:00:00,CAM,4.0,5.1253357,4.928571,4.928571428571429,17.370346069335938,False
2025-11-30 09:00:00,CAM,13.0,14.733017,13.769231,13.76923076923077,17.370346069335938,False
2025-11-30 10:00:00,CAM,43.0,37.818672,30.692308,30.692307692307693,17.370346069335938,False
2025-11-30 11:00:00,CAM,67.0,66.86986,48.636364,48.63636363636363,17.370346069335938,False
2025-11-30 12:00:00,CAM,75.0,84.84796,60.833332,60.833333333333336,17.370346069335938,False
2025-11-30 13:00:00,CAM,89.0,90.40724,67.181816,67.18181818181819,17.370346069335938,False
2025-11-30 14:00:00,CAM,103.0,89.78302,70.30769,70.3076923076923,17.370346069335938,False
2025-11-30 15:00:00,CAM,109.0,90.60652,72.42857,72.42857142857143,17.370346069335938,True
2025-11-30 16:00:00,CAM,114.0,84.91581,67.64286,67.64285714285714,17.370346069335938,True
2025-11-30 17:00:00,CAM,107.0,76.53026,51.5,51.5,17.370346069335938,True
2025-11-30 18:00:00,CAM,54.0,47.131657,26.0,26.0,17.370346069335938,False
2025-11-30 19:00:00,CAM,31.0,25.354427,13.571428,13.571428571428571,17.370346069335938,False
2025-11-30 20:00:00,CAM,30.0,19.146444,6.857143,6.857142857142857,17.370346069335938,False
2025-11-30 21:00:00,CAM,19.0,16.848484,6.142857,6.142857142857143,17.370346069335938,False
2025-11-30 22:00:00,CAM,15.0,12.073705,6.5,6.5,17.370346069335938,False
2025-11-30 23:00:00,CAM,18.0,8.864857,6.357143,6.357142857142857,17.370346069335938,False
2025-12-01 03:00:00,CAM,8.0,11.053404,5.642857,5.642857142857143,17.370346069335938,False
2025-12-01 04:00:00,CAM,6.0,5.529647,4.5,4.5,17.370346069335938,False
2025-12-01 05:00:00,CAM,2.0,4.2024055,4.0,4.0,17.370346069335938,False
2025-12-01 06:00:00,CAM,2.0,2.393412,3.0,3.0,17.370346069335938,False
2025-12-01 07:00:00,CAM,2.0,1.3004422,2.642857,2.642857142857143,17.370346069335938,False
2025-12-01 08:00:00,CAM,4.0,2.946506,4.928571,4.928571428571429,17.370346069335938,False
2025-12-01 09:00:00,CAM,6.0,11.466558,13.769231,13.76923076923077,17.370346069335938,False
2025-12-01 10:00:00,CAM,16.0,27.945526,30.76923,30.76923076923077,17.370346069335938,False
2025-12-01 11:00:00,CAM,35.0,46.966488,48.454544,48.45454545454545,17.370346069335938,False
2025-12-01 12:00:00,CAM,55.0,65.16766,61.666668,61.666666666666664,17.370346069335938,False
2025-12-01 13:00:00,CAM,76.0,75.06851,68.72727,68.72727272727273,17.370346069335938,False
2025-12-01 14:00:00,CAM,92.0,70.55509,73.0,73.0,17.370346069335938,True
2025-12-01 15:00:00,CAM,90.0,71.60758,75.85714,75.85714285714286,17.370346069335938,True
2025-12-01 16:00:00,CAM,81.0,63.195343,71.5,71.5,17.370346069335938,True
2025-12-01 17:00:00,CAM,37.0,42.67766,55.785713,55.785714285714285,17.370346069335938,False
2025-12-01 18:00:00,CAM,23.0,19.88164,28.153847,28.153846153846153,17.370346069335938,False
2025-12-01 19:00:00,CAM,9.0,12.940539,14.928572,14.928571428571429,17.370346069335938,False
2025-12-01 20:00:00,CAM,3.0,8.473658,8.857142,8.857142857142858,17.370346069335938,False
2025-12-01 21:00:00,CAM,2.0,3.8824158,7.428571,7.428571428571429,17.370346069335938,False
2025-12-01 22:00:00,CAM,2.0,2.206007,7.5,7.5,17.370346069335938,False
2025-12-01 23:00:00,CAM,2.0,2.1126933,7.571429,7.571428571428571,17.370346069335938,False
2025-12-02 00:00:00,CAM,2.0,3.7167256,7.4545455,7.454545454545454,17.370346069335938,False
2025-12-02 01:00:00,CAM,3.0,4.2336044,6.6363635,6.636363636363637,17.370346069335938,False
2025-12-02 02:00:00,CAM,5.0,5.022062,6.3636365,6.363636363636363,17.370346069335938,False
2025-12-02 03:00:00,CAM,3.0,5.5900702,6.071429,6.071428571428571,17.370346069335938,False
2025-12-02 04:00:00,CAM,2.0,4.9266367,4.785714,4.785714285714286,17.370346069335938,False
2025-12-02 05:00:00,CAM,2.0,4.1982903,4.0,4.0,17.370346069335938,False
2025-12-02 06:00:00,CAM,2.0,3.3670204,3.0714285,3.0714285714285716,17.370346069335938,False
2025-12-02 07:00:00,CAM,2.0,2.9286234,2.642857,2.642857142857143,17.370346069335938,False
2025-12-02 08:00:00,CAM,3.0,4.9767613,4.714286,4.714285714285714,17.370346069335938,False
2025-12-02 09:00:00,CAM,10.0,14.081523,13.230769,13.23076923076923,17.370346069335938,False
2025-12-02 10:00:00,CAM,32.0,35.426067,29.615385,29.615384615384617,17.370346069335938,False
2025-12-02 11:00:00,CAM,58.0,66.83552,46.909092,46.90909090909091,17.370346069335938,False
2025-12-02 12:00:00,CAM,81.0,92.880615,60.75,60.75,17.370346069335938,False
2025-12-02 13:00:00,CAM,95.0,109.15265,69.333336,69.33333333333333,17.370346069335938,False
2025-12-02 14:00:00,CAM,98.0,116.678116,73.38461,73.38461538461539,17.370346069335938,True
2025-12-02 15:00:00,CAM,86.0,118.17192,75.35714,75.35714285714286,17.370346069335938,True
2025-12-02 16:00:00,CAM,50.0,100.16732,70.5,70.5,17.370346069335938,True
2025-12-02 17:00:00,CAM,49.0,70.81327,53.142857,53.142857142857146,17.370346069335938,True
2025-12-02 18:00:00,CAM,43.0,46.899254,29.23077,29.23076923076923,17.370346069335938,False
2025-12-02 19:00:00,CAM,31.0,32.192013,14.214286,14.214285714285714,17.370346069335938,False
2025-12-02 20:00:00,CAM,28.0,22.849659,8.5,8.5,17.370346069335938,False
2025-12-02 21:00:00,CAM,12.0,15.723982,7.428571,7.428571428571429,17.370346069335938,False
2025-12-02 22:00:00,CAM,3.0,9.536097,7.571429,7.571428571428571,17.370346069335938,False
2025-12-02 23:00:00,CAM,8.0,7.5825076,7.642857,7.642857142857143,17.370346069335938,False
2025-12-03 00:00:00,CAM,11.0,6.9024096,7.5454545,7.545454545454546,17.370346069335938,False
2025-12-03 01:00:00,CAM,7.0,6.037345,6.818182,6.818181818181818,17.370346069335938,False
2025-12-03 02:00:00,CAM,2.0,6.267258,6.7272725,6.7272727272727275,17.370346069335938,False
2025-12-03 03:00:00,CAM,2.0,6.3634796,6.214286,6.214285714285714,17.370346069335938,False
2025-12-03 04:00:00,CAM,2.0,5.851104,4.857143,4.857142857142857,17.370346069335938,False
2025-12-03 05:00:00,CAM,2.0,6.14571,4.071429,4.071428571428571,17.370346069335938,False
2025-12-03 06:00:00,CAM,2.0,4.203311,3.142857,3.142857142857143,17.370346069335938,False
2025-12-03 07:00:00,CAM,2.0,2.847875,2.7142856,2.7142857142857144,17.370346069335938,False
2025-12-03 08:00:00,CAM,3.0,4.5500197,4.714286,4.714285714285714,17.370346069335938,False
2025-12-03 09:00:00,CAM,7.0,13.34402,12.923077,12.923076923076923,17.370346069335938,False
2025-12-03 10:00:00,CAM,13.0,34.587963,28.538462,28.53846153846154,17.370346069335938,True
2025-12-03 11:00:00,CAM,44.0,63.96903,46.18182,46.18181818181818,17.370346069335938,True
2025-12-03 12:00:00,CAM,67.0,90.67987,61.333332,61.333333333333336,17.370346069335938,True
2025-12-03 13:00:00,CAM,77.0,106.945694,70.75,70.75,17.370346069335938,True
2025-12-03 14:00:00,CAM,88.0,112.28015,75.30769,75.3076923076923,17.370346069335938,True
2025-12-03 15:00:00,CAM,106.0,117.14798,76.57143,76.57142857142857,17.370346069335938,False
2025-12-03 16:00:00,CAM,112.0,106.06154,69.0,69.0,17.370346069335938,False
2025-12-03 17:00:00,CAM,63.0,78.82148,52.642857,52.642857142857146,17.370346069335938,False
2025-12-03 18:00:00,CAM,29.0,45.37662,30.692308,30.692307692307693,17.370346069335938,False
2025-12-03 19:00:00,CAM,31.0,28.240536,15.428572,15.428571428571429,17.370346069335938,False
2025-12-03 20:00:00,CAM,20.0,19.087292,10.214286,10.214285714285714,17.370346069335938,False
2025-12-03 21:00:00,CAM,7.0,14.568421,8.071428,8.071428571428571,17.370346069335938,False
2025-12-03 22:00:00,CAM,2.0,9.829101,7.428571,7.428571428571429,17.370346069335938,False
2025-12-03 23:00:00,CAM,2.0,9.367796,8.071428,8.071428571428571,17.370346069335938,False
2025-12-04 00:00:00,CAM,2.0,8.557664,7.8333335,7.833333333333333,17.370346069335938,False
2025-12-04 01:00:00,CAM,2.0,6.734136,6.8333335,6.833333333333333,17.370346069335938,False
2025-12-04 02:00:00,CAM,2.0,6.3049946,6.3333335,6.333333333333333,17.370346069335938,False
2025-12-04 03:00:00,CAM,2.0,6.242077,6.071429,6.071428571428571,17.370346069335938,False
2025-12-04 04:00:00,CAM,3.0,4.7506914,4.785714,4.785714285714286,17.370346069335938,False
2025-12-04 05:00:00,CAM,2.0,3.9369764,4.142857,4.142857142857143,17.370346069335938,False
2025-12-04 06:00:00,CAM,2.0,2.8014383,3.2142856,3.2142857142857144,17.370346069335938,False
2025-12-04 07:00:00,CAM,2.0,2.1645613,2.7857144,2.7857142857142856,17.370346069335938,False
2025-12-04 08:00:00,CAM,4.0,3.7411363,4.642857,4.642857142857143,17.370346069335938,False
2025-12-04 09:00:00,CAM,12.0,11.543348,12.307693,12.307692307692308,17.370346069335938,False
2025-12-04 10:00:00,CAM,32.0,30.056831,27.538462,27.53846153846154,17.370346069335938,False
2025-12-04 11:00:00,CAM,49.0,59.268456,46.0,46.0,17.370346069335938,False
2025-12-04 12:00:00,CAM,76.0,82.80211,61.76923,61.76923076923077,17.370346069335938,False
2025-12-04 13:00:00,CAM,101.0,102.451416,71.23077,71.23076923076923,17.370346069335938,False
2025-12-04 14:00:00,CAM,98.0,112.51422,76.76923,76.76923076923077,17.370346069335938,False
2025-12-04 15:00:00,CAM,95.0,117.041595,79.64286,79.64285714285714,17.370346069335938,True
2025-12-04 16:00:00,CAM,90.0,110.28839,73.14286,73.14285714285714,17.370346069335938,True
2025-12-04 17:00:00,CAM,88.0,88.54379,55.285713,55.285714285714285,17.370346069335938,False
2025-12-04 18:00:00,CAM,49.0,46.9149,32.076923,32.07692307692308,17.370346069335938,False
2025-12-04 19:00:00,CAM,24.0,27.809704,16.857143,16.857142857142858,17.370346069335938,False
2025-12-04 20:00:00,CAM,23.0,18.396145,11.428572,11.428571428571429,17.370346069335938,False
2025-12-04 21:00:00,CAM,20.0,12.074548,8.214286,8.214285714285714,17.370346069335938,False
2025-12-04 22:00:00,CAM,28.0,12.571693,7.428571,7.428571428571429,17.370346069335938,False
2025-12-04 23:00:00,CAM,21.0,15.505906,8.071428,8.071428571428571,17.370346069335938,False
2025-12-05 00:00:00,CAM,19.0,14.452459,7.8333335,7.833333333333333,17.370346069335938,False
2025-12-05 01:00:00,CAM,15.0,12.104185,6.8333335,6.833333333333333,17.370346069335938,False
2025-12-05 02:00:00,CAM,14.0,10.952885,6.3333335,6.333333333333333,17.370346069335938,False
2025-12-05 03:00:00,CAM,3.0,10.673521,6.0,6.0,17.370346069335938,False
2025-12-05 04:00:00,CAM,3.0,8.977478,4.857143,4.857142857142857,17.370346069335938,False
2025-12-05 05:00:00,CAM,2.0,6.7811937,4.142857,4.142857142857143,17.370346069335938,False
2025-12-05 06:00:00,CAM,2.0,3.5779579,3.2142856,3.2142857142857144,17.370346069335938,False
2025-12-05 07:00:00,CAM,2.0,2.1912606,2.7857144,2.7857142857142856,17.370346069335938,False
2025-12-05 08:00:00,CAM,6.0,3.5929148,4.714286,4.714285714285714,17.370346069335938,False
2025-12-05 09:00:00,CAM,14.0,11.054995,12.285714,12.285714285714286,17.370346069335938,False
2025-12-05 10:00:00,CAM,27.0,28.384243,27.857143,27.857142857142858,17.370346069335938,False
2025-12-05 11:00:00,CAM,46.0,53.158085,46.23077,46.23076923076923,17.370346069335938,False
2025-12-05 12:00:00,CAM,59.0,78.382416,61.846153,61.84615384615385,17.370346069335938,True
2025-12-05 13:00:00,CAM,85.0,101.2735,73.23077,73.23076923076923,17.370346069335938,False
2025-12-05 14:00:00,CAM,75.0,109.17761,78.23077,78.23076923076923,17.370346069335938,True
2025-12-05 15:00:00,CAM,70.0,99.75326,80.42857,80.42857142857143,17.370346069335938,True
2025-12-05 16:00:00,CAM,52.0,78.637436,72.35714,72.35714285714286,17.370346069335938,True
2025-12-05 17:00:00,CAM,46.0,55.19031,54.5,54.5,17.370346069335938,False
2025-12-05 18:00:00,CAM,41.0,36.95196,32.384617,32.38461538461539,17.370346069335938,False
2025-12-05 19:00:00,CAM,30.0,28.219816,17.357143,17.357142857142858,17.370346069335938,False
2025-12-05 20:00:00,CAM,27.0,22.453135,12.928572,12.928571428571429,17.370346069335938,False
2025-12-05 21:00:00,CAM,19.0,15.121402,9.5,9.5,17.370346069335938,False
2025-12-05 22:00:00,CAM,12.0,10.542498,9.285714,9.285714285714286,17.370346069335938,False
2025-12-05 23:00:00,CAM,4.0,8.466363,9.428572,9.428571428571429,17.370346069335938,False
2025-12-06 00:00:00,CAM,5.0,8.517599,9.25,9.25,17.370346069335938,False
2025-12-06 01:00:00,CAM,2.0,7.587092,7.8333335,7.833333333333333,17.370346069335938,False
2025-12-06 02:00:00,CAM,2.0,6.5205183,7.1666665,7.166666666666667,17.370346069335938,False
2025-12-06 03:00:00,CAM,2.0,4.804085,5.785714,5.785714285714286,17.370346069335938,False
2025-12-06 04:00:00,CAM,2.0,4.026429,4.785714,4.785714285714286,17.370346069335938,False
2025-12-06 05:00:00,CAM,2.0,3.3910418,4.142857,4.142857142857143,17.370346069335938,False
2025-12-06 06:00:00,CAM,2.0,2.1848433,3.2142856,3.2142857142857144,17.370346069335938,False
2025-12-06 07:00:00,CAM,2.0,1.548418,2.7857144,2.7857142857142856,17.370346069335938,False
2025-12-06 08:00:00,CAM,3.0,3.5373724,4.857143,4.857142857142857,17.370346069335938,False
2025-12-06 09:00:00,CAM,11.0,10.189486,11.642858,11.642857142857142,17.370346069335938,False
2025-12-06 10:00:00,CAM,17.0,25.731245,26.571428,26.571428571428573,17.370346069335938,False
2025-12-06 11:00:00,CAM,41.0,51.361607,45.0,45.0,17.370346069335938,False
2025-12-06 12:00:00,CAM,60.0,77.02643,60.384617,60.38461538461539,17.370346069335938,False
2025-12-06 13:00:00,CAM,64.0,98.6087,73.38461,73.38461538461539,17.370346069335938,True
2025-12-06 14:00:00,CAM,73.0,99.610016,76.84615,76.84615384615384,17.370346069335938,True
2025-12-06 15:00:00,CAM,78.0,92.18466,79.21429,79.21428571428571,17.370346069335938,False
2025-12-06 16:00:00,CAM,59.0,75.88579,70.71429,70.71428571428571,17.370346069335938,False
2025-12-06 17:00:00,CAM,44.0,54.763393,54.642857,54.642857142857146,17.370346069335938,False
2025-12-06 18:00:00,CAM,18.0,36.12248,33.384617,33.38461538461539,17.370346069335938,True
2025-12-06 19:00:00,CAM,14.0,22.209045,18.0,18.0,17.370346069335938,False
2025-12-06 20:00:00,CAM,9.0,16.145386,14.428572,14.428571428571429,17.370346069335938,False
2025-12-06 21:00:00,CAM,7.0,10.156227,10.428572,10.428571428571429,17.370346069335938,False
2025-12-06 22:00:00,CAM,4.0,7.0659337,9.428572,9.428571428571429,17.370346069335938,False
2025-12-06 23:00:00,CAM,5.0,6.024763,8.928572,8.928571428571429,17.370346069335938,False
2025-12-07 03:00:00,CAM,4.0,9.080355,5.785714,5.785714285714286,17.370346069335938,False
2025-12-07 04:00:00,CAM,4.0,3.1096914,4.714286,4.714285714285714,17.370346069335938,False
2025-12-07 05:00:00,CAM,2.0,2.1413398,4.071429,4.071428571428571,17.370346069335938,False
2025-12-07 06:00:00,CAM,2.0,1.3837698,3.2142856,3.2142857142857144,17.370346069335938,False
2025-12-07 07:00:00,CAM,2.0,0.9219687,2.7142856,2.7142857142857144,17.370346069335938,False
2025-12-07 08:00:00,CAM,6.0,2.742775,4.714286,4.714285714285714,17.370346069335938,False
2025-12-07 09:00:00,CAM,21.0,9.7399235,11.285714,11.285714285714286,17.370346069335938,False
2025-12-07 10:00:00,CAM,46.0,26.920286,24.928572,24.928571428571427,17.370346069335938,True
2025-12-07 11:00:00,CAM,62.0,59.559395,43.615383,43.61538461538461,17.370346069335938,False
2025-12-07 12:00:00,CAM,70.0,78.890366,59.076923,59.07692307692308,17.370346069335938,False
2025-12-07 13:00:00,CAM,77.0,91.39691,71.84615,71.84615384615384,17.370346069335938,False
2025-12-07 14:00:00,CAM,87.0,88.19062,76.23077,76.23076923076923,17.370346069335938,False
2025-12-07 15:00:00,CAM,76.0,84.287636,79.21429,79.21428571428571,17.370346069335938,False
2025-12-07 16:00:00,CAM,68.0,66.82196,70.5,70.5,17.370346069335938,False
2025-12-07 17:00:00,CAM,55.0,55.736416,55.0,55.0,17.370346069335938,False
2025-12-07 18:00:00,CAM,49.0,41.053738,32.923077,32.92307692307692,17.370346069335938,False
2025-12-07 19:00:00,CAM,34.0,27.508865,17.714285,17.714285714285715,17.370346069335938,False
2025-12-07 20:00:00,CAM,13.0,22.180416,13.714286,13.714285714285714,17.370346069335938,False
2025-12-07 21:00:00,CAM,4.0,14.428374,9.857142,9.857142857142858,17.370346069335938,False
2025-12-07 22:00:00,CAM,14.0,10.653481,8.428572,8.428571428571429,17.370346069335938,False
2025-12-07 23:00:00,CAM,15.0,11.095247,8.285714,8.285714285714286,17.370346069335938,False
2025-12-08 00:00:00,CAM,23.0,13.104207,7.818182,7.818181818181818,17.370346069335938,False
2025-12-08 01:00:00,CAM,25.0,14.372176,6.909091,6.909090909090909,17.370346069335938,False
2025-12-08 02:00:00,CAM,24.0,15.799904,6.818182,6.818181818181818,17.370346069335938,False
2025-12-08 03:00:00,CAM,25.0,15.950911,5.857143,5.857142857142857,17.370346069335938,False
2025-12-08 04:00:00,CAM,22.0,15.724646,4.857143,4.857142857142857,17.370346069335938,False
2025-12-08 05:00:00,CAM,17.0,13.794013,4.0,4.0,17.370346069335938,False
2025-12-08 06:00:00,CAM,9.0,10.1445875,3.2142856,3.2142857142857144,17.370346069335938,False
2025-12-08 07:00:00,CAM,8.0,6.373698,2.7142856,2.7142857142857144,17.370346069335938,False
2025-12-08 08:00:00,CAM,9.0,5.999576,4.785714,4.785714285714286,17.370346069335938,False
2025-12-08 09:00:00,CAM,11.0,10.1082325,11.071428,11.071428571428571,17.370346069335938,False
2025-12-08 10:00:00,CAM,19.0,21.025436,26.0,26.0,17.370346069335938,False
2025-12-08 14:00:00,CAM,20.0,46.67152,78.0,78.0,17.370346069335938,True
2025-12-08 15:00:00,CAM,31.0,46.11369,79.64286,79.64285714285714,17.370346069335938,False
2025-12-08 16:00:00,CAM,22.0,39.159416,70.64286,70.64285714285714,17.370346069335938,False
2025-12-08 17:00:00,CAM,13.0,29.010933,55.0,55.0,17.370346069335938,False
2025-12-08 18:00:00,CAM,7.0,13.537552,34.076923,34.07692307692308,17.370346069335938,False
2025-12-08 19:00:00,CAM,4.0,3.1492405,19.071428,19.071428571428573,17.370346069335938,False
2025-12-08 20:00:00,CAM,4.0,1.7229824,14.357142,14.357142857142858,17.370346069335938,False
2025-12-08 21:00:00,CAM,4.0,-0.6415453,9.642858,9.642857142857142,17.370346069335938,False
2025-12-08 22:00:00,CAM,3.0,0.9853163,9.142858,9.142857142857142,17.370346069335938,False
2025-12-08 23:00:00,CAM,3.0,2.6351275,9.214286,9.214285714285714,17.370346069335938,False
2025-12-09 00:00:00,CAM,3.0,4.882101,9.727273,9.727272727272727,17.370346069335938,False
2025-12-09 01:00:00,CAM,2.0,5.39079,9.0,9.0,17.370346069335938,False
2025-12-09 02:00:00,CAM,2.0,5.9571958,8.818182,8.818181818181818,17.370346069335938,False
2025-12-09 03:00:00,CAM,3.0,4.9104967,7.5,7.5,17.370346069335938,False
2025-12-09 04:00:00,CAM,3.0,3.77467,6.285714,6.285714285714286,17.370346069335938,False
2025-12-09 05:00:00,CAM,2.0,2.228467,5.0,5.0,17.370346069335938,False
2025-12-09 06:00:00,CAM,2.0,0.59966326,3.7142856,3.7142857142857144,17.370346069335938,False
2025-12-09 07:00:00,CAM,2.0,-0.39809608,3.142857,3.142857142857143,17.370346069335938,False
2025-12-09 08:00:00,CAM,3.0,0.75538063,5.214286,5.214285714285714,17.370346069335938,False
2025-12-09 09:00:00,CAM,7.0,5.235814,11.214286,11.214285714285714,17.370346069335938,False
2025-12-09 10:00:00,CAM,25.0,18.29743,25.857143,25.857142857142858,17.370346069335938,False
2025-12-09 11:00:00,CAM,48.0,39.874577,44.75,44.75,17.370346069335938,False
2025-12-09 12:00:00,CAM,61.0,66.37503,59.833332,59.833333333333336,17.370346069335938,False
2025-12-09 13:00:00,CAM,65.0,81.02901,71.916664,71.91666666666667,17.370346069335938,False
2025-12-09 14:00:00,CAM,55.0,74.80285,72.0,72.0,17.370346069335938,True
2025-12-09 15:00:00,CAM,59.0,71.82781,73.64286,73.64285714285714,17.370346069335938,False
2025-12-09 16:00:00,CAM,66.0,60.56221,64.92857,64.92857142857143,17.370346069335938,False
2025-12-09 17:00:00,CAM,63.0,58.246513,49.07143,49.07142857142857,17.370346069335938,False
2025-12-09 18:00:00,CAM,17.0,42.1388,30.23077,30.23076923076923,17.370346069335938,True
2025-12-09 19:00:00,CAM,31.0,16.30018,18.0,18.0,17.370346069335938,False
2025-12-09 20:00:00,CAM,25.0,19.702929,14.214286,14.214285714285714,17.370346069335938,False
2025-12-09 21:00:00,CAM,10.0,13.303536,9.785714,9.785714285714286,17.370346069335938,False
2025-12-09 22:00:00,CAM,5.0,10.424856,9.214286,9.214285714285714,17.370346069335938,False
2025-12-09 23:00:00,CAM,7.0,9.539977,9.285714,9.285714285714286,17.370346069335938,False
2025-12-10 00:00:00,CAM,14.0,10.2321005,9.166667,9.166666666666666,17.370346069335938,False
2025-12-10 01:00:00,CAM,20.0,10.867949,8.416667,8.416666666666666,17.370346069335938,False
2025-12-10 02:00:00,CAM,16.0,10.262635,8.25,8.25,17.370346069335938,False
2025-12-10 03:00:00,CAM,4.0,8.122569,7.5,7.5,17.370346069335938,False
2025-12-10 04:00:00,CAM,2.0,5.7875166,6.357143,6.357142857142857,17.370346069335938,False
2025-12-10 05:00:00,CAM,2.0,3.8127623,5.0,5.0,17.370346069335938,False
2025-12-10 06:00:00,CAM,2.0,2.0956523,3.7142856,3.7142857142857144,17.370346069335938,False
2025-12-10 07:00:00,CAM,2.0,1.0970485,3.142857,3.142857142857143,17.370346069335938,False
2025-12-10 08:00:00,CAM,3.0,2.9282317,5.214286,5.214285714285714,17.370346069335938,False
2025-12-10 15:00:00,CAM,48.0,55.24975,69.71429,69.71428571428571,17.370346069335938,False
2025-12-10 16:00:00,CAM,36.0,42.926277,62.07143,62.07142857142857,17.370346069335938,False
2025-12-10 17:00:00,CAM,34.0,39.698837,47.785713,47.785714285714285,17.370346069335938,False
2025-12-10 18:00:00,CAM,9.0,23.014343,29.384615,29.384615384615383,17.370346069335938,False
2025-12-10 19:00:00,CAM,10.0,9.330265,19.714285,19.714285714285715,17.370346069335938,False
2025-12-10 20:00:00,CAM,11.0,7.0738935,15.357142,15.357142857142858,17.370346069335938,False
2025-12-10 21:00:00,CAM,12.0,5.7622867,10.214286,10.214285714285714,17.370346069335938,False
2025-12-10 22:00:00,CAM,4.0,6.1668367,9.071428,9.071428571428571,17.370346069335938,False
2025-12-10 23:00:00,CAM,4.0,6.7241917,8.785714,8.785714285714286,17.370346069335938,False
2025-12-11 00:00:00,CAM,3.0,8.34283,10.0,10.0,17.370346069335938,False
2025-12-11 01:00:00,CAM,6.0,8.967957,9.583333,9.583333333333334,17.370346069335938,False
2025-12-11 02:00:00,CAM,2.0,8.907503,9.083333,9.083333333333334,17.370346069335938,False
2025-12-11 03:00:00,CAM,2.0,7.0121098,7.5,7.5,17.370346069335938,False
2025-12-11 04:00:00,CAM,3.0,5.1819906,6.214286,6.214285714285714,17.370346069335938,False
2025-12-11 05:00:00,CAM,2.0,3.4828625,5.0,5.0,17.370346069335938,False
2025-12-11 06:00:00,CAM,2.0,1.870609,3.7142856,3.7142857142857144,17.370346069335938,False
2025-12-11 07:00:00,CAM,2.0,1.0839984,3.142857,3.142857142857143,17.370346069335938,False
2025-12-11 08:00:00,CAM,4.0,3.0518098,5.142857,5.142857142857143,17.370346069335938,False
2025-12-11 09:00:00,CAM,15.0,9.038574,11.076923,11.076923076923077,17.370346069335938,False
2025-12-11 10:00:00,CAM,27.0,23.667995,25.461538,25.46153846153846,17.370346069335938,False
2025-12-11 11:00:00,CAM,39.0,45.108562,44.916668,44.916666666666664,17.370346069335938,False
2025-12-11 12:00:00,CAM,52.0,62.26207,59.333332,59.333333333333336,17.370346069335938,False
2025-12-11 13:00:00,CAM,64.0,73.0315,71.083336,71.08333333333333,17.370346069335938,False
2025-12-11 14:00:00,CAM,74.0,70.03697,70.46154,70.46153846153847,17.370346069335938,False
2025-12-11 15:00:00,CAM,68.0,63.096306,68.21429,68.21428571428571,17.370346069335938,False
2025-12-11 16:00:00,CAM,62.0,57.634327,60.642857,60.642857142857146,17.370346069335938,False
2025-12-11 17:00:00,CAM,48.0,45.411495,48.285713,48.285714285714285,17.370346069335938,False
2025-12-11 18:00:00,CAM,17.0,25.41637,28.615385,28.615384615384617,17.370346069335938,False
2025-12-11 19:00:00,CAM,5.0,11.821806,19.214285,19.214285714285715,17.370346069335938,False
2025-12-11 20:00:00,CAM,27.0,9.218404,14.928572,14.928571428571429,17.370346069335938,True
2025-12-11 21:00:00,CAM,14.0,10.302879,10.0,10.0,17.370346069335938,False
2025-12-11 22:00:00,CAM,2.0,4.239712,8.071428,8.071428571428571,17.370346069335938,False
2025-12-11 23:00:00,CAM,2.0,3.2317243,7.785714,7.785714285714286,17.370346069335938,False
2025-12-12 00:00:00,CAM,2.0,3.3556843,8.5,8.5,17.370346069335938,False
2025-12-12 01:00:00,CAM,2.0,3.2223296,8.5,8.5,17.370346069335938,False
2025-12-12 02:00:00,CAM,2.0,2.9531145,7.5833335,7.583333333333333,17.370346069335938,False
2025-12-12 03:00:00,CAM,2.0,1.8099914,5.928571,5.928571428571429,17.370346069335938,False
2025-12-12 04:00:00,CAM,2.0,1.524394,5.285714,5.285714285714286,17.370346069335938,False
2025-12-12 05:00:00,CAM,2.0,0.6337905,4.285714,4.285714285714286,17.370346069335938,False
2025-12-12 06:00:00,CAM,2.0,-0.38931084,3.357143,3.357142857142857,17.370346069335938,False
2025-12-12 07:00:00,CAM,2.0,-1.623991,3.0,3.0,17.370346069335938,False
2025-12-12 08:00:00,CAM,3.0,-1.3861127,4.857143,4.857142857142857,17.370346069335938,False
2025-12-12 09:00:00,CAM,8.0,2.8599777,10.923077,10.923076923076923,17.370346069335938,False
2025-12-12 10:00:00,CAM,25.0,15.4773035,25.461538,25.46153846153846,17.370346069335938,False
2025-12-12 11:00:00,CAM,52.0,36.790062,45.75,45.75,17.370346069335938,False
2025-12-12 12:00:00,CAM,77.0,60.841896,60.75,60.75,17.370346069335938,False
2025-12-12 13:00:00,CAM,68.0,79.78208,73.416664,73.41666666666667,17.370346069335938,False
2025-12-12 14:00:00,CAM,63.0,69.30007,73.07692,73.07692307692308,17.370346069335938,False
2025-12-12 15:00:00,CAM,54.0,49.94463,71.0,71.0,17.370346069335938,False
2025-12-12 16:00:00,CAM,43.0,34.857727,63.142857,63.142857142857146,17.370346069335938,False
2025-12-12 17:00:00,CAM,31.0,27.68375,50.42857,50.42857142857143,17.370346069335938,False
2025-12-12 18:00:00,CAM,10.0,14.265099,28.846153,28.846153846153847,17.370346069335938,False
2025-12-12 19:00:00,CAM,10.0,4.3996925,18.714285,18.714285714285715,17.370346069335938,False
2025-12-12 20:00:00,CAM,12.0,3.8747625,16.071428,16.071428571428573,17.370346069335938,False
2025-12-12 21:00:00,CAM,2.0,-0.9144974,10.071428,10.071428571428571,17.370346069335938,False
2025-12-12 22:00:00,CAM,2.0,-2.7806506,7.071429,7.071428571428571,17.370346069335938,False
2025-12-12 23:00:00,CAM,3.0,-1.1945977,6.857143,6.857142857142857,17.370346069335938,False
2025-12-13 03:00:00,CAM,2.0,6.596114,4.571429,4.571428571428571,17.370346069335938,False
2025-12-13 04:00:00,CAM,2.0,0.7363634,4.142857,4.142857142857143,17.370346069335938,False
2025-12-13 05:00:00,CAM,2.0,-0.5053773,3.0714285,3.0714285714285716,17.370346069335938,False
2025-12-13 06:00:00,CAM,2.0,-0.7944269,2.5,2.5,17.370346069335938,False
2025-12-13 07:00:00,CAM,2.0,-0.78721666,2.5,2.5,17.370346069335938,False
2025-12-13 08:00:00,CAM,3.0,-0.011734009,4.142857,4.142857142857143,17.370346069335938,False
2025-12-13 09:00:00,CAM,9.0,5.0396757,10.769231,10.76923076923077,17.370346069335938,False
2025-12-13 10:00:00,CAM,20.0,16.242193,26.153847,26.153846153846153,17.370346069335938,False
2025-12-13 11:00:00,CAM,36.0,33.26295,48.666668,48.666666666666664,17.370346069335938,False
2025-12-13 12:00:00,CAM,45.0,47.271408,65.583336,65.58333333333333,17.370346069335938,False
2025-12-13 13:00:00,CAM,44.0,55.392677,77.0,77.0,17.370346069335938,False
2025-12-13 14:00:00,CAM,56.0,48.01065,76.76923,76.76923076923077,17.370346069335938,False
2025-12-13 15:00:00,CAM,64.0,40.012676,73.28571,73.28571428571429,17.370346069335938,True
2025-12-13 16:00:00,CAM,62.0,37.25895,64.78571,64.78571428571429,17.370346069335938,True
2025-12-13 17:00:00,CAM,47.0,36.29183,51.642857,51.642857142857146,17.370346069335938,False
2025-12-13 18:00:00,CAM,29.0,20.850988,27.5,27.5,17.370346069335938,False
2025-12-13 19:00:00,CAM,21.0,11.962392,19.214285,19.214285714285715,17.370346069335938,False
2025-12-13 20:00:00,CAM,21.0,9.117586,16.714285,16.714285714285715,17.370346069335938,False
2025-12-13 21:00:00,CAM,8.0,2.161601,9.571428,9.571428571428571,17.370346069335938,False
2025-12-13 22:00:00,CAM,4.0,-0.4282937,7.0,7.0,17.370346069335938,False
2025-12-13 23:00:00,CAM,2.0,-0.35109138,6.928571,6.928571428571429,17.370346069335938,False
2025-12-14 00:00:00,CAM,2.0,1.9021015,7.909091,7.909090909090909,17.370346069335938,False
2025-12-14 01:00:00,CAM,2.0,3.116858,7.818182,7.818181818181818,17.370346069335938,False
2025-12-14 02:00:00,CAM,3.0,3.4406605,6.6363635,6.636363636363637,17.370346069335938,False
2025-12-14 03:00:00,CAM,6.0,2.4360974,4.571429,4.571428571428571,17.370346069335938,False
2025-12-14 04:00:00,CAM,4.0,2.273497,4.142857,4.142857142857143,17.370346069335938,False
2025-12-14 05:00:00,CAM,4.0,1.2931912,3.0714285,3.0714285714285716,17.370346069335938,False
2025-12-14 06:00:00,CAM,2.0,0.76555216,2.5,2.5,17.370346069335938,False
2025-12-14 07:00:00,CAM,2.0,0.45585847,2.5,2.5,17.370346069335938,False
2025-12-14 08:00:00,CAM,4.0,1.8168015,4.142857,4.142857142857143,17.370346069335938,False
2025-12-14 09:00:00,CAM,12.0,7.6830635,11.076923,11.076923076923077,17.370346069335938,False
2025-12-14 10:00:00,CAM,27.0,22.489037,26.307692,26.307692307692307,17.370346069335938,False
2025-12-14 11:00:00,CAM,45.0,49.285164,48.083332,48.083333333333336,17.370346069335938,False
2025-12-14 12:00:00,CAM,56.0,68.1782,64.833336,64.83333333333333,17.370346069335938,False
2025-12-14 13:00:00,CAM,67.0,76.14457,75.416664,75.41666666666667,17.370346069335938,False
2025-12-14 14:00:00,CAM,56.0,64.84777,75.53846,75.53846153846153,17.370346069335938,False
2025-12-14 15:00:00,CAM,47.0,58.280067,73.85714,73.85714285714286,17.370346069335938,False
2025-12-14 16:00:00,CAM,37.0,45.481075,65.5,65.5,17.370346069335938,False
2025-12-14 17:00:00,CAM,33.0,38.37548,51.785713,51.785714285714285,17.370346069335938,False
2025-12-14 18:00:00,CAM,26.0,23.88206,28.214285,28.214285714285715,17.370346069335938,False
2025-12-14 19:00:00,CAM,22.0,17.81895,20.357143,20.357142857142858,17.370346069335938,False
2025-12-14 20:00:00,CAM,21.0,16.478283,18.071428,18.071428571428573,17.370346069335938,False
2025-12-14 21:00:00,CAM,17.0,9.677346,10.0,10.0,17.370346069335938,False
2025-12-14 22:00:00,CAM,16.0,8.132475,7.142857,7.142857142857143,17.370346069335938,False
2025-12-14 23:00:00,CAM,20.0,9.2309675,6.857143,6.857142857142857,17.370346069335938,False
2025-12-15 00:00:00,CAM,18.0,11.593126,7.818182,7.818181818181818,17.370346069335938,False
2025-12-15 01:00:00,CAM,22.0,12.333164,7.818182,7.818181818181818,17.370346069335938,False
2025-12-15 02:00:00,CAM,14.0,12.491328,6.7272725,6.7272727272727275,17.370346069335938,False
2025-12-15 03:00:00,CAM,21.0,10.932228,4.857143,4.857142857142857,17.370346069335938,False
2025-12-15 04:00:00,CAM,18.0,10.982288,4.285714,4.285714285714286,17.370346069335938,False
2025-12-15 05:00:00,CAM,16.0,7.903364,3.2142856,3.2142857142857144,17.370346069335938,False
2025-12-15 06:00:00,CAM,8.0,3.507856,2.5,2.5,17.370346069335938,False
2025-12-15 07:00:00,CAM,7.0,-1.665726,2.4285715,2.4285714285714284,17.370346069335938,False
2025-12-15 08:00:00,CAM,6.0,-3.6091266,4.142857,4.142857142857143,17.370346069335938,False
2025-12-15 09:00:00,CAM,9.0,-0.6379938,11.0,11.0,17.370346069335938,False
2025-12-15 10:00:00,CAM,15.0,7.738987,25.076923,25.076923076923077,17.370346069335938,False
2025-12-15 11:00:00,CAM,17.0,19.735615,46.25,46.25,17.370346069335938,False
2025-12-15 12:00:00,CAM,19.0,30.081127,63.25,63.25,17.370346069335938,False
2025-12-15 13:00:00,CAM,19.0,36.40415,73.583336,73.58333333333333,17.370346069335938,True
2025-12-15 14:00:00,CAM,19.0,33.26007,71.92308,71.92307692307692,17.370346069335938,False
2025-12-15 15:00:00,CAM,16.0,31.18702,69.42857,69.42857142857143,17.370346069335938,False
2025-12-15 16:00:00,CAM,21.0,24.901836,60.0,60.0,17.370346069335938,False
2025-12-15 17:00:00,CAM,12.0,16.878258,46.5,46.5,17.370346069335938,False
2025-12-15 18:00:00,CAM,6.0,2.8031387,26.214285,26.214285714285715,17.370346069335938,False
2025-12-15 19:00:00,CAM,3.0,1.1103935,19.714285,19.714285714285715,17.370346069335938,False
2025-12-15 20:00:00,CAM,2.0,2.1151905,17.428572,17.428571428571427,17.370346069335938,False
2025-12-15 21:00:00,CAM,2.0,-3.4346724,9.857142,9.857142857142858,17.370346069335938,False
2025-12-15 22:00:00,CAM,2.0,-4.451276,7.214286,7.214285714285714,17.370346069335938,False
2025-12-15 23:00:00,CAM,4.0,-3.0268345,7.0,7.0,17.370346069335938,False
2025-12-16 00:00:00,CAM,3.0,0.466197,8.666667,8.666666666666666,17.370346069335938,False
2025-12-16 01:00:00,CAM,3.0,1.6498022,9.0,9.0,17.370346069335938,False
2025-12-16 02:00:00,CAM,10.0,1.0054517,7.3333335,7.333333333333333,17.370346069335938,False
2025-12-16 03:00:00,CAM,14.0,0.44122696,5.785714,5.785714285714286,17.370346069335938,False
2025-12-16 04:00:00,CAM,3.0,0.3923235,5.142857,5.142857142857143,17.370346069335938,False
2025-12-16 05:00:00,CAM,2.0,-0.67721844,4.214286,4.214285714285714,17.370346069335938,False
2025-12-16 06:00:00,CAM,2.0,-2.2675326,2.9285715,2.9285714285714284,17.370346069335938,False
2025-12-16 07:00:00,CAM,2.0,-3.0605752,2.7857144,2.7857142857142856,17.370346069335938,False
2025-12-16 08:00:00,CAM,3.0,-2.8280382,4.285714,4.285714285714286,17.370346069335938,False
2025-12-16 12:00:00,CAM,49.0,45.04988,60.25,60.25,17.370346069335938,False
2025-12-16 13:00:00,CAM,58.0,59.555412,68.833336,68.83333333333333,17.370346069335938,False
2025-12-16 14:00:00,CAM,65.0,67.06908,66.30769,66.3076923076923,17.370346069335938,False
2025-12-16 15:00:00,CAM,76.0,62.521885,64.14286,64.14285714285714,17.370346069335938,False
2025-12-16 16:00:00,CAM,69.0,57.823456,55.714287,55.714285714285715,17.370346069335938,False
2025-12-16 17:00:00,CAM,61.0,54.39634,44.714287,44.714285714285715,17.370346069335938,False
2025-12-16 18:00:00,CAM,19.0,32.16826,25.0,25.0,17.370346069335938,False
2025-12-16 19:00:00,CAM,10.0,14.874125,19.285715,19.285714285714285,17.370346069335938,False
2025-12-16 20:00:00,CAM,21.0,12.285053,17.357143,17.357142857142858,17.370346069335938,False
2025-12-16 21:00:00,CAM,25.0,5.587369,9.857142,9.857142857142858,17.370346069335938,True
2025-12-16 22:00:00,CAM,17.0,4.329819,7.214286,7.214285714285714,17.370346069335938,False
2025-12-16 23:00:00,CAM,4.0,5.4412355,7.142857,7.142857142857143,17.370346069335938,False
2025-12-17 00:00:00,CAM,3.0,7.703574,8.75,8.75,17.370346069335938,False
2025-12-17 01:00:00,CAM,6.0,7.6610384,9.0,9.0,17.370346069335938,False
2025-12-17 02:00:00,CAM,4.0,5.6832595,7.75,7.75,17.370346069335938,False
2025-12-17 03:00:00,CAM,2.0,4.8739457,6.571429,6.571428571428571,17.370346069335938,False
2025-12-17 04:00:00,CAM,2.0,3.8500175,5.214286,5.214285714285714,17.370346069335938,False
2025-12-17 05:00:00,CAM,2.0,3.0930219,4.214286,4.214285714285714,17.370346069335938,False
2025-12-17 06:00:00,CAM,2.0,1.9324098,2.9285715,2.9285714285714284,17.370346069335938,False
2025-12-17 07:00:00,CAM,2.0,1.5728996,2.7857144,2.7857142857142856,17.370346069335938,False
2025-12-17 08:00:00,CAM,2.0,2.6486292,4.285714,4.285714285714286,17.370346069335938,False
2025-12-17 09:00:00,CAM,9.0,8.278619,11.333333,11.333333333333334,17.370346069335938,False
2025-12-17 10:00:00,CAM,36.0,22.709454,24.416666,24.416666666666668,17.370346069335938,False
2025-12-17 11:00:00,CAM,48.0,48.783375,43.545456,43.54545454545455,17.370346069335938,False
2025-12-17 12:00:00,CAM,57.0,69.50888,57.583332,57.583333333333336,17.370346069335938,False
2025-12-17 13:00:00,CAM,64.0,71.346146,65.75,65.75,17.370346069335938,False
2025-12-17 14:00:00,CAM,69.0,62.91117,63.76923,63.76923076923077,17.370346069335938,False
2025-12-17 15:00:00,CAM,74.0,58.232086,63.42857,63.42857142857143,17.370346069335938,False
2025-12-17 16:00:00,CAM,46.0,43.26039,57.07143,57.07142857142857,17.370346069335938,False
2025-12-17 17:00:00,CAM,30.0,28.347002,45.57143,45.57142857142857,17.370346069335938,False
2025-12-17 18:00:00,CAM,11.0,11.200283,23.285715,23.285714285714285,17.370346069335938,False
2025-12-17 19:00:00,CAM,3.0,5.2227764,17.785715,17.785714285714285,17.370346069335938,False
2025-12-17 20:00:00,CAM,2.0,5.0372324,16.857143,16.857142857142858,17.370346069335938,False
2025-12-17 21:00:00,CAM,2.0,-0.18100548,10.785714,10.785714285714286,17.370346069335938,False
2025-12-17 22:00:00,CAM,2.0,-2.1277933,8.214286,8.214285714285714,17.370346069335938,False
2025-12-17 23:00:00,CAM,2.0,-2.3485932,6.857143,6.857142857142857,17.370346069335938,False
2025-12-18 00:00:00,CAM,2.0,0.30389404,8.083333,8.083333333333334,17.370346069335938,False
2025-12-18 01:00:00,CAM,2.0,2.672367,8.916667,8.916666666666666,17.370346069335938,False
2025-12-18 02:00:00,CAM,2.0,2.8920054,7.9166665,7.916666666666667,17.370346069335938,False
2025-12-18 03:00:00,CAM,2.0,2.263537,6.571429,6.571428571428571,17.370346069335938,False
2025-12-18 04:00:00,CAM,2.0,1.7586651,5.214286,5.214285714285714,17.370346069335938,False
2025-12-18 05:00:00,CAM,2.0,1.609551,4.214286,4.214285714285714,17.370346069335938,False
2025-12-18 06:00:00,CAM,2.0,0.5620606,2.9285715,2.9285714285714284,17.370346069335938,False
2025-12-18 07:00:00,CAM,2.0,0.4468851,2.7857144,2.7857142857142856,17.370346069335938,False
2025-12-18 08:00:00,CAM,2.0,1.628165,4.214286,4.214285714285714,17.370346069335938,False
2025-12-18 09:00:00,CAM,9.0,8.075701,11.5,11.5,17.370346069335938,False
2025-12-18 10:00:00,CAM,28.0,22.929794,26.333334,26.333333333333332,17.370346069335938,False
2025-12-18 11:00:00,CAM,47.0,46.934868,43.909092,43.90909090909091,17.370346069335938,False
2025-12-18 12:00:00,CAM,59.0,65.159,56.75,56.75,17.370346069335938,False
2025-12-18 13:00:00,CAM,66.0,67.75291,64.666664,64.66666666666667,17.370346069335938,False
2025-12-18 14:00:00,CAM,73.0,54.56858,62.307693,62.30769230769231,17.370346069335938,True
2025-12-18 15:00:00,CAM,59.0,41.581734,61.142857,61.142857142857146,17.370346069335938,True
2025-12-18 16:00:00,CAM,63.0,22.78548,52.357143,52.357142857142854,17.370346069335938,True
2025-12-18 17:00:00,CAM,45.0,24.11099,43.214287,43.214285714285715,17.370346069335938,True
2025-12-18 18:00:00,CAM,25.0,13.510787,22.0,22.0,17.370346069335938,False
2025-12-18 19:00:00,CAM,9.0,4.6685324,15.785714,15.785714285714286,17.370346069335938,False
2025-12-18 20:00:00,CAM,11.0,2.258627,15.571428,15.571428571428571,17.370346069335938,False
2025-12-18 21:00:00,CAM,2.0,-3.0231647,10.428572,10.428571428571429,17.370346069335938,False
2025-12-18 22:00:00,CAM,2.0,-4.8670635,8.214286,8.214285714285714,17.370346069335938,False
2025-12-18 23:00:00,CAM,2.0,-4.330542,6.857143,6.857142857142857,17.370346069335938,False
2025-12-19 03:00:00,CAM,2.0,8.042438,6.571429,6.571428571428571,17.370346069335938,False
2025-12-19 04:00:00,CAM,2.0,1.8189423,5.142857,5.142857142857143,17.370346069335938,False
2025-12-19 05:00:00,CAM,2.0,2.472235,4.214286,4.214285714285714,17.370346069335938,False
2025-12-19 06:00:00,CAM,2.0,1.5332613,2.9285715,2.9285714285714284,17.370346069335938,False
2025-12-19 07:00:00,CAM,2.0,0.82286227,2.7857144,2.7857142857142856,17.370346069335938,False
2025-12-19 08:00:00,CAM,4.0,0.7630229,4.071429,4.071428571428571,17.370346069335938,False
2025-12-19 09:00:00,CAM,20.0,5.2261586,11.25,11.25,17.370346069335938,False
2025-12-19 10:00:00,CAM,28.0,17.245953,26.0,26.0,17.370346069335938,False
2025-12-19 11:00:00,CAM,40.0,33.799942,43.727272,43.72727272727273,17.370346069335938,False
2025-12-19 12:00:00,CAM,55.0,34.093536,55.333332,55.333333333333336,17.370346069335938,True
2025-12-19 13:00:00,CAM,64.0,35.29049,61.75,61.75,17.370346069335938,True
2025-12-19 14:00:00,CAM,70.0,30.3194,60.384617,60.38461538461539,17.370346069335938,True
2025-12-19 15:00:00,CAM,78.0,31.586058,58.57143,58.57142857142857,17.370346069335938,True
2025-12-19 16:00:00,CAM,80.0,30.016163,50.42857,50.42857142857143,17.370346069335938,True
2025-12-19 17:00:00,CAM,77.0,32.099033,40.142857,40.142857142857146,17.370346069335938,True
2025-12-19 18:00:00,CAM,28.0,21.89568,20.285715,20.285714285714285,17.370346069335938,False
2025-12-19 19:00:00,CAM,6.0,1.5229731,14.714286,14.714285714285714,17.370346069335938,False
2025-12-19 20:00:00,CAM,10.0,0.5387659,14.714286,14.714285714285714,17.370346069335938,False
2025-12-19 21:00:00,CAM,6.0,-4.6397104,9.142858,9.142857142857142,17.370346069335938,False
2025-12-19 22:00:00,CAM,6.0,-6.013327,6.357143,6.357142857142857,17.370346069335938,False
2025-12-19 23:00:00,CAM,10.0,-5.3412457,5.5,5.5,17.370346069335938,False
2025-12-20 00:00:00,CAM,7.0,-2.4090853,7.090909,7.090909090909091,17.370346069335938,False
2025-12-20 01:00:00,CAM,3.0,1.1324201,8.363636,8.363636363636363,17.370346069335938,False
2025-12-20 02:00:00,CAM,2.0,1.5797977,7.3636365,7.363636363636363,17.370346069335938,False
2025-12-20 03:00:00,CAM,3.0,1.5867977,6.5,6.5,17.370346069335938,False
2025-12-20 04:00:00,CAM,2.0,1.3101475,5.071429,5.071428571428571,17.370346069335938,False
2025-12-20 05:00:00,CAM,2.0,1.369396,4.214286,4.214285714285714,17.370346069335938,False
2025-12-20 06:00:00,CAM,2.0,0.39101553,2.9285715,2.9285714285714284,17.370346069335938,False
2025-12-20 07:00:00,CAM,2.0,0.1079483,2.7857144,2.7857142857142856,17.370346069335938,False
2025-12-20 08:00:00,CAM,3.0,0.46476245,3.9285715,3.9285714285714284,17.370346069335938,False
2025-12-20 09:00:00,CAM,7.0,6.8299417,11.75,11.75,17.370346069335938,False
2025-12-20 10:00:00,CAM,14.0,20.400206,26.083334,26.083333333333332,17.370346069335938,False
2025-12-20 11:00:00,CAM,39.0,37.99893,43.18182,43.18181818181818,17.370346069335938,False
2025-12-20 12:00:00,CAM,67.0,57.576996,55.0,55.0,17.370346069335938,False
2025-12-20 13:00:00,CAM,85.0,56.835983,60.0,60.0,17.370346069335938,True
2025-12-20 14:00:00,CAM,92.0,53.654587,60.0,60.0,17.370346069335938,True
2025-12-20 15:00:00,CAM,96.0,48.951736,59.142857,59.142857142857146,17.370346069335938,True
2025-12-20 16:00:00,CAM,90.0,45.818153,52.42857,52.42857142857143,17.370346069335938,True
2025-12-20 17:00:00,CAM,69.0,38.976578,42.357143,42.357142857142854,17.370346069335938,True
2025-12-20 18:00:00,CAM,33.0,15.690004,19.357143,19.357142857142858,17.370346069335938,False
2025-12-20 19:00:00,CAM,24.0,5.1284575,13.0,13.0,17.370346069335938,True
2025-12-20 20:00:00,CAM,8.0,2.1965885,13.5,13.5,17.370346069335938,False
2025-12-20 21:00:00,CAM,2.0,-4.253688,8.214286,8.214285714285714,17.370346069335938,False
2025-12-20 22:00:00,CAM,2.0,-5.8194757,5.928571,5.928571428571429,17.370346069335938,False
2025-12-20 23:00:00,CAM,2.0,-4.813874,5.928571,5.928571428571429,17.370346069335938,False
2025-12-21 00:00:00,CAM,2.0,-2.4616017,7.2727275,7.2727272727272725,17.370346069335938,False
2025-12-21 01:00:00,CAM,3.0,0.45951843,8.454545,8.454545454545455,17.370346069335938,False
2025-12-21 02:00:00,CAM,6.0,1.5126839,7.3636365,7.363636363636363,17.370346069335938,False
2025-12-21 03:00:00,CAM,9.0,2.5107632,6.571429,6.571428571428571,17.370346069335938,False
2025-12-21 04:00:00,CAM,11.0,2.085114,5.071429,5.071428571428571,17.370346069335938,False
2025-12-21 05:00:00,CAM,5.0,2.4427361,4.214286,4.214285714285714,17.370346069335938,False
2025-12-21 06:00:00,CAM,2.0,1.4418111,2.9285715,2.9285714285714284,17.370346069335938,False
2025-12-21 07:00:00,CAM,2.0,1.4199152,2.7857144,2.7857142857142856,17.370346069335938,False
2025-12-21 08:00:00,CAM,3.0,2.0538464,3.9285715,3.9285714285714284,17.370346069335938,False
2025-12-21 09:00:00,CAM,10.0,7.940647,11.416667,11.416666666666666,17.370346069335938,False
2025-12-21 10:00:00,CAM,24.0,21.194347,25.833334,25.833333333333332,17.370346069335938,False
2025-12-21 11:00:00,CAM,52.0,37.684074,43.0,43.0,17.370346069335938,False
2025-12-21 12:00:00,CAM,75.0,56.310116,55.583332,55.583333333333336,17.370346069335938,True
2025-12-21 13:00:00,CAM,83.0,55.852833,61.75,61.75,17.370346069335938,True
2025-12-21 14:00:00,CAM,96.0,51.839066,61.46154,61.46153846153846,17.370346069335938,True
2025-12-21 15:00:00,CAM,104.0,50.369595,60.42857,60.42857142857143,17.370346069335938,True
2025-12-21 16:00:00,CAM,87.0,44.274796,54.642857,54.642857142857146,17.370346069335938,True
2025-12-21 17:00:00,CAM,87.0,38.10212,44.142857,44.142857142857146,17.370346069335938,True
2025-12-21 18:00:00,CAM,47.0,22.965618,20.428572,20.428571428571427,17.370346069335938,True
2025-12-21 19:00:00,CAM,34.0,12.314589,13.714286,13.714285714285714,17.370346069335938,True
2025-12-21 20:00:00,CAM,31.0,9.803416,13.428572,13.428571428571429,17.370346069335938,True
2025-12-21 21:00:00,CAM,30.0,4.764968,7.857143,7.857142857142857,17.370346069335938,True
2025-12-21 22:00:00,CAM,26.0,5.9269843,5.785714,5.785714285714286,17.370346069335938,True
2025-12-21 23:00:00,CAM,25.0,6.092224,5.714286,5.714285714285714,17.370346069335938,True
2025-12-22 00:00:00,CAM,23.0,8.211148,6.8333335,6.833333333333333,17.370346069335938,False
2025-12-22 01:00:00,CAM,22.0,10.518469,8.0,8.0,17.370346069335938,False
2025-12-22 02:00:00,CAM,8.0,10.621635,7.25,7.25,17.370346069335938,False
2025-12-22 03:00:00,CAM,23.0,9.85133,6.928571,6.928571428571429,17.370346069335938,False
2025-12-22 04:00:00,CAM,14.0,7.3083377,5.571429,5.571428571428571,17.370346069335938,False
2025-12-22 05:00:00,CAM,3.0,4.7076826,4.428571,4.428571428571429,17.370346069335938,False
2025-12-22 06:00:00,CAM,4.0,2.4862862,2.9285715,2.9285714285714284,17.370346069335938,False
2025-12-22 07:00:00,CAM,2.0,1.1557441,2.7857144,2.7857142857142856,17.370346069335938,False
2025-12-22 08:00:00,CAM,4.0,0.6987777,3.7142856,3.7142857142857144,17.370346069335938,False
2025-12-22 09:00:00,CAM,14.0,5.949989,10.5,10.5,17.370346069335938,False
2025-12-22 10:00:00,CAM,21.0,18.124159,24.0,24.0,17.370346069335938,False
2025-12-22 11:00:00,CAM,33.0,32.583405,42.090908,42.09090909090909,17.370346069335938,False
2025-12-22 12:00:00,CAM,42.0,38.079124,56.0,56.0,17.370346069335938,False
2025-12-22 13:00:00,CAM,54.0,40.144466,62.25,62.25,17.370346069335938,False
2025-12-22 14:00:00,CAM,69.0,40.67372,62.153847,62.15384615384615,17.370346069335938,True
2025-12-22 15:00:00,CAM,48.0,41.473557,62.42857,62.42857142857143,17.370346069335938,False
2025-12-22 16:00:00,CAM,22.0,26.184189,56.0,56.0,17.370346069335938,False
2025-12-22 17:00:00,CAM,12.0,18.13599,46.42857,46.42857142857143,17.370346069335938,False
2025-12-22 18:00:00,CAM,7.0,-2.3867245,20.285715,20.285714285714285,17.370346069335938,False
2025-12-22 19:00:00,CAM,4.0,-3.7737627,13.714286,13.714285714285714,17.370346069335938,False
2025-12-22 20:00:00,CAM,4.0,-0.012677193,14.714286,14.714285714285714,17.370346069335938,False
2025-12-22 21:00:00,CAM,7.0,-1.9618988,9.714286,9.714285714285714,17.370346069335938,False
2025-12-22 22:00:00,CAM,11.0,-1.9927955,6.642857,6.642857142857143,17.370346069335938,False
2025-12-22 23:00:00,CAM,3.0,0.5028548,6.428571,6.428571428571429,17.370346069335938,False
2025-12-23 00:00:00,CAM,3.0,2.6574354,6.8333335,6.833333333333333,17.370346069335938,False
2025-12-23 01:00:00,CAM,7.0,4.741533,7.75,7.75,17.370346069335938,False
2025-12-23 02:00:00,CAM,3.0,3.4131856,5.9166665,5.916666666666667,17.370346069335938,False
2025-12-23 03:00:00,CAM,2.0,4.5300565,6.785714,6.785714285714286,17.370346069335938,False
2025-12-23 04:00:00,CAM,2.0,2.824021,5.0,5.0,17.370346069335938,False
2025-12-23 05:00:00,CAM,2.0,1.2444253,3.4285715,3.4285714285714284,17.370346069335938,False
2025-12-23 06:00:00,CAM,2.0,0.2022438,2.5714285,2.5714285714285716,17.370346069335938,False
2025-12-23 07:00:00,CAM,2.0,-0.29132652,2.357143,2.357142857142857,17.370346069335938,False
2025-12-23 08:00:00,CAM,3.0,-0.102632284,3.357143,3.357142857142857,17.370346069335938,False
2025-12-23 09:00:00,CAM,3.0,5.5884748,10.75,10.75,17.370346069335938,False
2025-12-23 10:00:00,CAM,7.0,15.339634,24.166666,24.166666666666668,17.370346069335938,False
2025-12-23 11:00:00,CAM,16.0,26.80663,41.333332,41.333333333333336,17.370346069335938,False
2025-12-23 12:00:00,CAM,24.0,34.24123,54.923077,54.92307692307692,17.370346069335938,False
2025-12-23 13:00:00,CAM,39.0,38.57685,61.615383,61.61538461538461,17.370346069335938,False
2025-12-23 14:00:00,CAM,53.0,51.271233,65.92308,65.92307692307692,17.370346069335938,False
2025-12-23 15:00:00,CAM,70.0,62.52384,63.642857,63.642857142857146,17.370346069335938,False
2025-12-23 16:00:00,CAM,65.0,54.664593,56.0,56.0,17.370346069335938,False
2025-12-23 17:00:00,CAM,50.0,44.8463,46.357143,46.357142857142854,17.370346069335938,False
2025-12-23 18:00:00,CAM,17.0,10.298776,20.285715,20.285714285714285,17.370346069335938,False
2025-12-23 19:00:00,CAM,9.0,-3.3913546,13.714286,13.714285714285714,17.370346069335938,False
2025-12-23 20:00:00,CAM,12.0,-0.3584547,14.714286,14.714285714285714,17.370346069335938,False
2025-12-23 21:00:00,CAM,6.0,-3.448866,9.928572,9.928571428571429,17.370346069335938,False
2025-12-23 22:00:00,CAM,10.0,-4.557173,7.214286,7.214285714285714,17.370346069335938,False
2025-12-23 23:00:00,CAM,5.0,-3.4079156,6.428571,6.428571428571429,17.370346069335938,False
2025-12-24 00:00:00,CAM,3.0,-0.41791964,6.8333335,6.833333333333333,17.370346069335938,False
2025-12-24 01:00:00,CAM,6.0,3.0804577,8.166667,8.166666666666666,17.370346069335938,False
2025-12-24 02:00:00,CAM,5.0,2.2718196,6.0,6.0,17.370346069335938,False
2025-12-24 03:00:00,CAM,3.0,3.171842,6.714286,6.714285714285714,17.370346069335938,False
2025-12-24 04:00:00,CAM,3.0,1.4947691,4.928571,4.928571428571429,17.370346069335938,False
2025-12-24 05:00:00,CAM,3.0,0.34019232,3.4285715,3.4285714285714284,17.370346069335938,False
2025-12-24 06:00:00,CAM,2.0,-0.5001452,2.5714285,2.5714285714285716,17.370346069335938,False
2025-12-24 07:00:00,CAM,2.0,-1.4115465,2.357143,2.357142857142857,17.370346069335938,False
2025-12-24 08:00:00,CAM,2.0,-0.8955035,3.357143,3.357142857142857,17.370346069335938,False
2025-12-24 09:00:00,CAM,5.0,3.609149,10.416667,10.416666666666666,17.370346069335938,False
2025-12-24 10:00:00,CAM,11.0,13.747115,22.666666,22.666666666666668,17.370346069335938,False
2025-12-24 11:00:00,CAM,26.0,26.976389,38.666668,38.666666666666664,17.370346069335938,False
2025-12-24 12:00:00,CAM,52.0,40.492165,52.076923,52.07692307692308,17.370346069335938,False
2025-12-24 13:00:00,CAM,76.0,49.035484,59.615383,59.61538461538461,17.370346069335938,True
2025-12-24 14:00:00,CAM,74.0,62.46925,65.76923,65.76923076923077,17.370346069335938,False
2025-12-24 15:00:00,CAM,70.0,56.961845,64.42857,64.42857142857143,17.370346069335938,False
2025-12-24 16:00:00,CAM,78.0,42.991276,55.92857,55.92857142857143,17.370346069335938,True
2025-12-24 17:00:00,CAM,82.0,31.890354,45.42857,45.42857142857143,17.370346069335938,True
2025-12-24 18:00:00,CAM,37.0,9.885132,20.285715,20.285714285714285,17.370346069335938,True
2025-12-24 19:00:00,CAM,23.0,-1.2641325,12.142858,12.142857142857142,17.370346069335938,True
2025-12-24 20:00:00,CAM,19.0,1.4252043,13.785714,13.785714285714286,17.370346069335938,True
2025-12-24 21:00:00,CAM,12.0,-1.2309198,9.642858,9.642857142857142,17.370346069335938,False
2025-12-24 22:00:00,CAM,9.0,-1.6253581,7.571429,7.571428571428571,17.370346069335938,False
2025-12-24 23:00:00,CAM,10.0,-1.4976397,6.285714,6.285714285714286,17.370346069335938,False
2025-12-25 03:00:00,CAM,4.0,9.9744005,6.642857,6.642857142857143,17.370346069335938,False
2025-12-25 04:00:00,CAM,4.0,1.9345288,5.0,5.0,17.370346069335938,False
2025-12-25 05:00:00,CAM,3.0,-0.118130445,3.5,3.5,17.370346069335938,False
2025-12-25 06:00:00,CAM,2.0,-1.309402,2.5714285,2.5714285714285716,17.370346069335938,False
2025-12-25 07:00:00,CAM,3.0,-2.3224769,2.357143,2.357142857142857,17.370346069335938,False
2025-12-25 08:00:00,CAM,5.0,-3.4859302,3.2857144,3.2857142857142856,17.370346069335938,False
2025-12-25 09:00:00,CAM,11.0,-0.28521538,10.0,10.0,17.370346069335938,False
2025-12-25 10:00:00,CAM,23.0,6.274332,21.76923,21.76923076923077,17.370346069335938,False
2025-12-25 11:00:00,CAM,43.0,14.621853,37.692307,37.69230769230769,17.370346069335938,True
2025-12-25 12:00:00,CAM,66.0,26.909473,52.07143,52.07142857142857,17.370346069335938,True
2025-12-25 13:00:00,CAM,70.0,47.03386,60.785713,60.785714285714285,17.370346069335938,True
2025-12-25 14:00:00,CAM,61.0,52.113434,66.35714,66.35714285714286,17.370346069335938,False
2025-12-25 15:00:00,CAM,57.0,34.458954,66.0,66.0,17.370346069335938,True
2025-12-25 16:00:00,CAM,50.0,24.584091,58.92857,58.92857142857143,17.370346069335938,True
2025-12-25 17:00:00,CAM,37.0,18.898626,48.857143,48.857142857142854,17.370346069335938,True
2025-12-25 18:00:00,CAM,26.0,0.72187614,22.285715,22.285714285714285,17.370346069335938,True
2025-12-25 19:00:00,CAM,21.0,-3.1263256,13.071428,13.071428571428571,17.370346069335938,True
2025-12-25 20:00:00,CAM,17.0,0.6297331,14.357142,14.357142857142858,17.370346069335938,False
2025-12-25 21:00:00,CAM,12.0,-1.4911509,9.642858,9.642857142857142,17.370346069335938,False
2025-12-25 22:00:00,CAM,5.0,-1.3097768,7.928571,7.928571428571429,17.370346069335938,False
2025-12-25 23:00:00,CAM,5.0,-1.0076714,6.714286,6.714285714285714,17.370346069335938,False
2025-12-26 00:00:00,CAM,6.0,0.080620766,6.181818,6.181818181818182,17.370346069335938,False
2025-12-26 01:00:00,CAM,2.0,2.5895386,7.090909,7.090909090909091,17.370346069335938,False
2025-12-26 02:00:00,CAM,3.0,1.1718459,5.3636365,5.363636363636363,17.370346069335938,False
2025-12-26 03:00:00,CAM,2.0,2.836329,6.785714,6.785714285714286,17.370346069335938,False
2025-12-26 04:00:00,CAM,6.0,1.591104,5.071429,5.071428571428571,17.370346069335938,False
2025-12-26 05:00:00,CAM,10.0,0.9269774,3.5714285,3.5714285714285716,17.370346069335938,False
2025-12-26 06:00:00,CAM,6.0,0.3922007,2.5714285,2.5714285714285716,17.370346069335938,False
2025-12-26 07:00:00,CAM,2.0,0.097645044,2.4285715,2.4285714285714284,17.370346069335938,False
2025-12-26 08:00:00,CAM,4.0,-0.87361526,3.357143,3.357142857142857,17.370346069335938,False
2025-12-26 09:00:00,CAM,6.0,2.3735495,9.692307,9.692307692307692,17.370346069335938,False
2025-12-26 10:00:00,CAM,11.0,9.059746,21.461538,21.46153846153846,17.370346069335938,False
2025-12-26 11:00:00,CAM,20.0,18.350473,38.0,38.0,17.370346069335938,False
2025-12-26 12:00:00,CAM,27.0,25.426785,53.07143,53.07142857142857,17.370346069335938,False
2025-12-26 13:00:00,CAM,41.0,27.635532,61.214287,61.214285714285715,17.370346069335938,False
2025-12-26 14:00:00,CAM,56.0,29.481117,65.42857,65.42857142857143,17.370346069335938,True
2025-12-26 15:00:00,CAM,49.0,29.451427,65.21429,65.21428571428571,17.370346069335938,True
2025-12-26 16:00:00,CAM,29.0,20.771858,58.07143,58.07142857142857,17.370346069335938,False
2025-12-26 17:00:00,CAM,26.0,12.398079,48.07143,48.07142857142857,17.370346069335938,False
2025-12-26 18:00:00,CAM,15.0,-5.593004,22.928572,22.928571428571427,17.370346069335938,True
2025-12-26 19:00:00,CAM,15.0,-7.967885,14.214286,14.214285714285714,17.370346069335938,True
2025-12-26 20:00:00,CAM,5.0,-3.8021994,13.642858,13.642857142857142,17.370346069335938,False
2025-12-26 21:00:00,CAM,5.0,-4.223915,9.5,9.5,17.370346069335938,False
2025-12-26 22:00:00,CAM,4.0,-3.6322813,8.142858,8.142857142857142,17.370346069335938,False
2025-12-26 23:00:00,CAM,2.0,-3.4182649,6.928571,6.928571428571429,17.370346069335938,False
2025-12-27 00:00:00,CAM,4.0,-2.5122848,6.5454545,6.545454545454546,17.370346069335938,False
2025-12-27 01:00:00,CAM,3.0,-0.35697365,7.090909,7.090909090909091,17.370346069335938,False
2025-12-27 02:00:00,CAM,2.0,-0.6989231,5.4545455,5.454545454545454,17.370346069335938,False
2025-12-27 03:00:00,CAM,2.0,1.1423335,6.785714,6.785714285714286,17.370346069335938,False
2025-12-27 04:00:00,CAM,2.0,0.5119176,5.357143,5.357142857142857,17.370346069335938,False
2025-12-27 05:00:00,CAM,2.0,-0.07182455,4.142857,4.142857142857143,17.370346069335938,False
2025-12-27 06:00:00,CAM,2.0,-0.92333436,2.857143,2.857142857142857,17.370346069335938,False
2025-12-27 07:00:00,CAM,2.0,-1.5800564,2.4285715,2.4285714285714284,17.370346069335938,False
2025-12-27 08:00:00,CAM,3.0,-1.7054083,3.4285715,3.4285714285714284,17.370346069335938,False
2025-12-27 09:00:00,CAM,6.0,2.4714704,9.538462,9.538461538461538,17.370346069335938,False
2025-12-27 10:00:00,CAM,18.0,10.518553,20.384615,20.384615384615383,17.370346069335938,False
2025-12-27 11:00:00,CAM,35.0,23.18765,35.53846,35.53846153846154,17.370346069335938,False
2025-12-27 12:00:00,CAM,55.0,36.543015,49.5,49.5,17.370346069335938,True
2025-12-27 13:00:00,CAM,69.0,37.987335,59.285713,59.285714285714285,17.370346069335938,True
2025-12-27 14:00:00,CAM,74.0,40.74664,64.92857,64.92857142857143,17.370346069335938,True
2025-12-27 15:00:00,CAM,87.0,38.14819,64.85714,64.85714285714286,17.370346069335938,True
2025-12-27 16:00:00,CAM,83.0,34.31733,57.07143,57.07142857142857,17.370346069335938,True
2025-12-27 17:00:00,CAM,68.0,35.328785,47.714287,47.714285714285715,17.370346069335938,True
2025-12-27 18:00:00,CAM,43.0,17.810328,23.285715,23.285714285714285,17.370346069335938,True
2025-12-27 19:00:00,CAM,39.0,12.716327,14.571428,14.571428571428571,17.370346069335938,True
2025-12-27 20:00:00,CAM,14.0,14.316053,13.142858,13.142857142857142,17.370346069335938,False
2025-12-27 21:00:00,CAM,2.0,5.2616873,9.714286,9.714285714285714,17.370346069335938,False
2025-12-27 22:00:00,CAM,2.0,1.2918615,8.285714,8.285714285714286,17.370346069335938,False
2025-12-27 23:00:00,CAM,3.0,0.36895847,6.857143,6.857142857142857,17.370346069335938,False
2025-12-28 00:00:00,CAM,2.0,-0.66143084,6.3333335,6.333333333333333,17.370346069335938,False
2025-12-28 01:00:00,CAM,3.0,-0.20499086,6.75,6.75,17.370346069335938,False
2025-12-28 02:00:00,CAM,2.0,-1.0260463,5.1666665,5.166666666666667,17.370346069335938,False
2025-12-28 03:00:00,CAM,2.0,1.5561514,6.785714,6.785714285714286,17.370346069335938,False
2025-12-28 04:00:00,CAM,2.0,1.2366252,5.357143,5.357142857142857,17.370346069335938,False
2025-12-28 05:00:00,CAM,2.0,0.94855,4.142857,4.142857142857143,17.370346069335938,False
2025-12-28 06:00:00,CAM,2.0,0.34322572,2.857143,2.857142857142857,17.370346069335938,False
2025-12-28 07:00:00,CAM,2.0,-0.66364455,2.4285715,2.4285714285714284,17.370346069335938,False
2025-12-28 08:00:00,CAM,3.0,-0.30506825,3.4285715,3.4285714285714284,17.370346069335938,False
2025-12-28 09:00:00,CAM,10.0,3.685544,9.307693,9.307692307692308,17.370346069335938,False
2025-12-28 10:00:00,CAM,32.0,19.137512,20.23077,20.23076923076923,17.370346069335938,False
2025-12-28 11:00:00,CAM,60.0,45.002445,35.46154,35.46153846153846,17.370346069335938,False
2025-12-28 12:00:00,CAM,71.0,67.14299,50.214287,50.214285714285715,17.370346069335938,False
2025-12-28 13:00:00,CAM,80.0,62.262787,61.07143,61.07142857142857,17.370346069335938,True
2025-12-28 14:00:00,CAM,95.0,59.414375,66.21429,66.21428571428571,17.370346069335938,True
2025-12-28 15:00:00,CAM,90.0,63.821995,66.5,66.5,17.370346069335938,True
2025-12-28 16:00:00,CAM,83.0,64.16401,58.57143,58.57142857142857,17.370346069335938,True
2025-12-28 17:00:00,CAM,71.0,59.707043,49.214287,49.214285714285715,17.370346069335938,False
2025-12-28 18:00:00,CAM,35.0,32.946507,24.285715,24.285714285714285,17.370346069335938,False
2025-12-28 19:00:00,CAM,18.0,15.754958,15.857142,15.857142857142858,17.370346069335938,False
2025-12-28 20:00:00,CAM,21.0,14.310952,12.642858,12.642857142857142,17.370346069335938,False
2025-12-28 21:00:00,CAM,12.0,12.81763,9.285714,9.285714285714286,17.370346069335938,False
2025-12-28 22:00:00,CAM,14.0,8.508813,8.142858,8.142857142857142,17.370346069335938,False
2025-12-28 23:00:00,CAM,16.0,9.693125,6.928571,6.928571428571429,17.370346069335938,False
2025-12-29 00:00:00,CAM,17.0,9.757188,6.3333335,6.333333333333333,17.370346069335938,False
2025-12-29 01:00:00,CAM,6.0,9.512329,6.8333335,6.833333333333333,17.370346069335938,False
2025-12-29 02:00:00,CAM,4.0,6.010921,5.0833335,5.083333333333333,17.370346069335938,False
2025-12-29 03:00:00,CAM,9.0,6.5355353,6.5,6.5,17.370346069335938,False
2025-12-29 04:00:00,CAM,10.0,5.0461674,5.214286,5.214285714285714,17.370346069335938,False
2025-12-29 05:00:00,CAM,3.0,3.263399,4.0,4.0,17.370346069335938,False
2025-12-29 06:00:00,CAM,2.0,1.7137024,2.857143,2.857142857142857,17.370346069335938,False
2025-12-29 07:00:00,CAM,2.0,0.019492865,2.4285715,2.4285714285714284,17.370346069335938,False
2025-12-29 08:00:00,CAM,3.0,-0.8315611,3.357143,3.357142857142857,17.370346069335938,False
2025-12-29 09:00:00,CAM,6.0,2.5469227,9.153846,9.153846153846153,17.370346069335938,False
2025-12-29 10:00:00,CAM,23.0,12.489372,20.615385,20.615384615384617,17.370346069335938,False
2025-12-29 11:00:00,CAM,42.0,27.822386,36.615383,36.61538461538461,17.370346069335938,False
2025-12-29 12:00:00,CAM,55.0,45.9776,51.285713,51.285714285714285,17.370346069335938,False
2025-12-29 13:00:00,CAM,51.0,44.643654,62.0,62.0,17.370346069335938,False
2025-12-29 14:00:00,CAM,47.0,39.60276,69.0,69.0,17.370346069335938,False
2025-12-29 15:00:00,CAM,44.0,36.876896,69.57143,69.57142857142857,17.370346069335938,False
2025-12-29 16:00:00,CAM,36.0,29.976915,61.857143,61.857142857142854,17.370346069335938,False
2025-12-29 17:00:00,CAM,28.0,22.386787,51.92857,51.92857142857143,17.370346069335938,False
2025-12-29 18:00:00,CAM,17.0,0.21611023,24.928572,24.928571428571427,17.370346069335938,False
2025-12-29 19:00:00,CAM,13.0,-1.305212,15.571428,15.571428571428571,17.370346069335938,False
2025-12-29 20:00:00,CAM,12.0,0.28132534,12.642858,12.642857142857142,17.370346069335938,False
2025-12-29 21:00:00,CAM,13.0,0.6114845,8.928572,8.928571428571429,17.370346069335938,False
2025-12-29 22:00:00,CAM,14.0,3.2498055,8.0,8.0,17.370346069335938,False
2025-12-29 23:00:00,CAM,14.0,3.214491,6.642857,6.642857142857143,17.370346069335938,False
2025-12-30 00:00:00,CAM,14.0,3.9537253,6.25,6.25,17.370346069335938,False
2025-12-30 01:00:00,CAM,9.0,4.422084,5.5,5.5,17.370346069335938,False
2025-12-30 02:00:00,CAM,8.0,4.4554086,4.25,4.25,17.370346069335938,False
2025-12-30 03:00:00,CAM,11.0,6.8781605,5.642857,5.642857142857143,17.370346069335938,False
2025-12-30 04:00:00,CAM,11.0,6.6446853,4.642857,4.642857142857143,17.370346069335938,False
2025-12-30 05:00:00,CAM,8.0,5.780546,3.0714285,3.0714285714285716,17.370346069335938,False
2025-12-30 06:00:00,CAM,4.0,3.4789538,2.4285715,2.4285714285714284,17.370346069335938,False
2025-12-30 07:00:00,CAM,6.0,0.35487056,2.0714285,2.0714285714285716,17.370346069335938,False
2025-12-30 08:00:00,CAM,10.0,-4.7525587,3.142857,3.142857142857143,17.370346069335938,False
2025-12-30 09:00:00,CAM,20.0,-6.21856,8.923077,8.923076923076923,17.370346069335938,True
2025-12-30 13:00:00,CAM,32.0,22.454754,64.28571,64.28571428571429,17.370346069335938,False
2025-12-30 14:00:00,CAM,35.0,29.305973,71.0,71.0,17.370346069335938,False
2025-12-30 15:00:00,CAM,38.0,31.422443,71.57143,71.57142857142857,17.370346069335938,False
2025-12-30 16:00:00,CAM,37.0,25.622887,62.92857,62.92857142857143,17.370346069335938,False
2025-12-30 17:00:00,CAM,24.0,21.200426,53.07143,53.07142857142857,17.370346069335938,False
2025-12-30 18:00:00,CAM,8.0,0.5994663,25.714285,25.714285714285715,17.370346069335938,False
2025-12-30 19:00:00,CAM,3.0,-4.018923,16.285715,16.285714285714285,17.370346069335938,False
2025-12-30 20:00:00,CAM,3.0,-4.213971,13.357142,13.357142857142858,17.370346069335938,False
2025-12-30 21:00:00,CAM,4.0,-6.37407,9.714286,9.714285714285714,17.370346069335938,False
2025-12-30 22:00:00,CAM,2.0,-5.8761435,8.857142,8.857142857142858,17.370346069335938,False
2025-12-30 23:00:00,CAM,4.0,-6.3199525,7.357143,7.357142857142857,17.370346069335938,False
2025-12-31 03:00:00,CAM,2.0,6.479986,5.428571,5.428571428571429,17.370346069335938,False
2025-12-31 04:00:00,CAM,2.0,-0.6535492,5.214286,5.214285714285714,17.370346069335938,False
2025-12-31 05:00:00,CAM,2.0,-1.9839249,3.5,3.5,17.370346069335938,False
2025-12-31 06:00:00,CAM,2.0,-2.38885,2.5714285,2.5714285714285716,17.370346069335938,False
2025-12-31 07:00:00,CAM,2.0,-2.7190824,2.357143,2.357142857142857,17.370346069335938,False
2025-12-31 08:00:00,CAM,3.0,-2.5904555,3.642857,3.642857142857143,17.370346069335938,False
2025-12-31 09:00:00,CAM,6.0,1.164321,9.714286,9.714285714285714,17.370346069335938,False
2025-12-31 10:00:00,CAM,15.0,9.962899,21.23077,21.23076923076923,17.370346069335938,False
2025-12-31 11:00:00,CAM,33.0,22.288069,38.53846,38.53846153846154,17.370346069335938,False
2025-12-31 12:00:00,CAM,55.0,33.03241,54.23077,54.23076923076923,17.370346069335938,True
2025-12-31 13:00:00,CAM,69.0,43.61946,62.42857,62.42857142857143,17.370346069335938,True
2025-12-31 15:00:00,CAM,75.0,56.771744,68.85714,68.85714285714286,17.370346069335938,True
2025-12-31 16:00:00,CAM,73.0,53.82898,60.642857,60.642857142857146,17.370346069335938,True
2025-12-31 17:00:00,CAM,59.0,46.819344,50.42857,50.42857142857143,17.370346069335938,False
2025-12-31 18:00:00,CAM,44.0,21.176617,24.928572,24.928571428571427,17.370346069335938,True
2025-12-31 19:00:00,CAM,30.0,15.771603,15.785714,15.785714285714286,17.370346069335938,False
2025-12-31 20:00:00,CAM,30.0,15.251686,12.071428,12.071428571428571,17.370346069335938,False
2025-12-31 21:00:00,CAM,14.0,10.194148,8.214286,8.214285714285714,17.370346069335938,False
2025-12-31 22:00:00,CAM,16.0,6.1213126,7.785714,7.785714285714286,17.370346069335938,False
2025-12-31 23:00:00,CAM,8.0,3.915523,7.357143,7.357142857142857,17.370346069335938,False
