timestamp,estacion,original_ppb,predicho_ppb,base_ppb,perfil_ppb,umbral_ppb,alerta_limpia
2025-10-21 00:00:00,MER,3.0,6.589572,7.181818,7.181818181818182,18.30265235900879,False
2025-10-21 01:00:00,MER,4.0,5.3664293,5.5454545,5.545454545454546,18.30265235900879,False
2025-10-21 02:00:00,MER,1.0,5.310383,4.909091,4.909090909090909,18.30265235900879,False
2025-10-21 03:00:00,MER,1.0,7.694829,7.5,7.5,18.30265235900879,False
2025-10-21 04:00:00,MER,1.0,6.6566057,5.857143,5.857142857142857,18.30265235900879,False
2025-10-21 05:00:00,MER,1.0,4.94828,3.7142856,3.7142857142857144,18.30265235900879,False
2025-10-21 06:00:00,MER,1.0,4.0822206,2.9285715,2.9285714285714284,18.30265235900879,False
2025-10-21 07:00:00,MER,3.0,5.7812843,4.428571,4.428571428571429,18.30265235900879,False
2025-10-21 08:00:00,MER,6.0,9.018751,7.5,7.5,18.30265235900879,False
2025-10-21 09:00:00,MER,16.0,17.72684,15.142858,15.142857142857142,18.30265235900879,False
2025-10-21 10:00:00,MER,21.0,31.586119,26.23077,26.23076923076923,18.30265235900879,False
2025-10-21 11:00:00,MER,41.0,47.46998,37.307693,37.30769230769231,18.30265235900879,False
2025-10-21 12:00:00,MER,56.0,64.05049,49.23077,49.23076923076923,18.30265235900879,False
2025-10-21 13:00:00,MER,54.0,67.25007,47.142857,47.142857142857146,18.30265235900879,False
2025-10-21 14:00:00,MER,47.0,64.763725,43.5,43.5,18.30265235900879,False
2025-10-21 15:00:00,MER,46.0,64.810905,40.92857,40.92857142857143,18.30265235900879,True
2025-10-21 16:00:00,MER,24.0,54.725166,34.92857,34.92857142857143,18.30265235900879,True
2025-10-21 17:00:00,MER,17.0,36.70785,25.714285,25.714285714285715,18.30265235900879,True
2025-10-21 18:00:00,MER,14.0,23.292858,17.928572,17.928571428571427,18.30265235900879,False
2025-10-21 19:00:00,MER,10.0,15.164401,13.142858,13.142857142857142,18.30265235900879,False
2025-10-21 20:00:00,MER,12.0,12.107526,11.214286,11.214285714285714,18.30265235900879,False
2025-10-21 21:00:00,MER,9.0,9.668322,10.214286,10.214285714285714,18.30265235900879,False
2025-10-21 22:00:00,MER,13.0,7.871746,7.785714,7.785714285714286,18.30265235900879,False
2025-10-21 23:00:00,MER,11.0,10.077538,8.357142,8.357142857142858,18.30265235900879,False
2025-10-22 00:00:00,MER,11.0,9.737686,6.4545455,6.454545454545454,18.30265235900879,False
2025-10-22 01:00:00,MER,12.0,10.764435,5.2727275,5.2727272727272725,18.30265235900879,False
2025-10-22 02:00:00,MER,10.0,10.689371,4.818182,4.818181818181818,18.30265235900879,False
2025-10-22 03:00:00,MER,11.0,13.605003,7.5,7.5,18.30265235900879,False
2025-10-22 04:00:00,MER,8.0,12.4665985,5.857143,5.857142857142857,18.30265235900879,False
2025-10-22 05:00:00,MER,4.0,10.66558,3.7142856,3.7142857142857144,18.30265235900879,False
2025-10-22 06:00:00,MER,2.0,8.9675865,2.9285715,2.9285714285714284,18.30265235900879,False
2025-10-22 07:00:00,MER,5.0,7.738735,4.571429,4.571428571428571,18.30265235900879,False
2025-10-22 08:00:00,MER,12.0,9.881794,7.642857,7.642857142857143,18.30265235900879,False
2025-10-22 09:00:00,MER,19.0,18.383198,15.642858,15.642857142857142,18.30265235900879,False
2025-10-22 10:00:00,MER,24.0,27.796503,26.0,26.0,18.30265235900879,False
2025-10-22 11:00:00,MER,26.0,36.885754,37.384617,37.38461538461539,18.30265235900879,False
2025-10-22 12:00:00,MER,24.0,46.30958,50.0,50.0,18.30265235900879,True
2025-10-22 13:00:00,MER,24.0,40.721718,48.214287,48.214285714285715,18.30265235900879,False
2025-10-22 14:00:00,MER,28.0,37.350666,44.92857,44.92857142857143,18.30265235900879,False
2025-10-22 15:00:00,MER,25.0,37.545807,42.42857,42.42857142857143,18.30265235900879,False
2025-10-22 16:00:00,MER,22.0,32.251354,35.142857,35.142857142857146,18.30265235900879,False
2025-10-22 17:00:00,MER,15.0,23.186237,25.571428,25.571428571428573,18.30265235900879,False
2025-10-22 18:00:00,MER,14.0,15.43623,17.785715,17.785714285714285,18.30265235900879,False
2025-10-22 19:00:00,MER,10.0,9.451914,12.928572,12.928571428571429,18.30265235900879,False
2025-10-22 20:00:00,MER,8.0,7.9103193,11.5,11.5,18.30265235900879,False
2025-10-22 21:00:00,MER,7.0,6.453083,9.928572,9.928571428571429,18.30265235900879,False
2025-10-22 22:00:00,MER,5.0,4.601241,7.785714,7.785714285714286,18.30265235900879,False
2025-10-22 23:00:00,MER,8.0,5.911505,8.071428,8.071428571428571,18.30265235900879,False
2025-10-23 00:00:00,MER,3.0,5.3135524,6.8333335,6.833333333333333,18.30265235900879,False
2025-10-23 01:00:00,MER,2.0,4.7707195,5.8333335,5.833333333333333,18.30265235900879,False
2025-10-23 02:00:00,MER,2.0,5.09019,5.25,5.25,18.30265235900879,False
2025-10-23 03:00:00,MER,2.0,8.442883,7.428571,7.428571428571429,18.30265235900879,False
2025-10-23 04:00:00,MER,4.0,7.6798086,5.714286,5.714285714285714,18.30265235900879,False
2025-10-23 05:00:00,MER,2.0,5.097549,3.5714285,3.5714285714285716,18.30265235900879,False
2025-10-23 06:00:00,MER,1.0,2.19736,2.857143,2.857142857142857,18.30265235900879,False
2025-10-23 07:00:00,MER,2.0,1.6224225,4.5,4.5,18.30265235900879,False
2025-10-23 08:00:00,MER,3.0,3.4643822,8.142858,8.142857142857142,18.30265235900879,False
2025-10-23 09:00:00,MER,10.0,10.176351,16.357143,16.357142857142858,18.30265235900879,False
2025-10-23 10:00:00,MER,21.0,20.09962,27.153847,27.153846153846153,18.30265235900879,False
2025-10-23 11:00:00,MER,42.0,33.34237,38.46154,38.46153846153846,18.30265235900879,False
2025-10-23 12:00:00,MER,53.0,50.08795,50.846153,50.84615384615385,18.30265235900879,False
2025-10-23 13:00:00,MER,57.0,55.418823,49.0,49.0,18.30265235900879,False
2025-10-23 14:00:00,MER,61.0,58.877937,46.285713,46.285714285714285,18.30265235900879,False
2025-10-23 15:00:00,MER,61.0,59.30044,43.642857,43.642857142857146,18.30265235900879,False
2025-10-23 16:00:00,MER,47.0,52.402016,36.42857,36.42857142857143,18.30265235900879,False
2025-10-23 17:00:00,MER,35.0,43.36003,26.428572,26.428571428571427,18.30265235900879,False
2025-10-23 18:00:00,MER,21.0,32.759853,18.642857,18.642857142857142,18.30265235900879,False
2025-10-23 19:00:00,MER,11.0,19.866493,13.571428,13.571428571428571,18.30265235900879,False
2025-10-23 20:00:00,MER,7.0,13.314047,12.0,12.0,18.30265235900879,False
2025-10-23 21:00:00,MER,4.0,10.245401,10.428572,10.428571428571429,18.30265235900879,False
2025-10-23 22:00:00,MER,3.0,7.750994,8.071428,8.071428571428571,18.30265235900879,False
2025-10-23 23:00:00,MER,3.0,7.9565177,8.285714,8.285714285714286,18.30265235900879,False
2025-10-24 00:00:00,MER,1.0,7.5991006,6.75,6.75,18.30265235900879,False
2025-10-24 01:00:00,MER,1.0,7.3503428,5.9166665,5.916666666666667,18.30265235900879,False
2025-10-24 02:00:00,MER,2.0,7.668285,5.4166665,5.416666666666667,18.30265235900879,False
2025-10-24 03:00:00,MER,2.0,10.543217,7.571429,7.571428571428571,18.30265235900879,False
2025-10-24 04:00:00,MER,2.0,8.924482,6.0,6.0,18.30265235900879,False
2025-10-24 05:00:00,MER,1.0,6.7454705,3.7142856,3.7142857142857144,18.30265235900879,False
2025-10-24 06:00:00,MER,1.0,6.174856,2.9285715,2.9285714285714284,18.30265235900879,False
2025-10-24 07:00:00,MER,2.0,7.8314238,4.571429,4.571428571428571,18.30265235900879,False
2025-10-24 08:00:00,MER,4.0,11.480488,8.285714,8.285714285714286,18.30265235900879,False
2025-10-24 09:00:00,MER,14.0,21.16286,17.0,17.0,18.30265235900879,False
2025-10-24 10:00:00,MER,30.0,33.426556,26.714285,26.714285714285715,18.30265235900879,False
2025-10-24 11:00:00,MER,51.0,50.55754,38.714287,38.714285714285715,18.30265235900879,False
2025-10-24 12:00:00,MER,76.0,67.59035,51.0,51.0,18.30265235900879,False
2025-10-24 13:00:00,MER,80.0,68.00825,51.142857,51.142857142857146,18.30265235900879,False
2025-10-24 14:00:00,MER,82.0,69.81796,49.5,49.5,18.30265235900879,False
2025-10-24 15:00:00,MER,82.0,70.29132,46.642857,46.642857142857146,18.30265235900879,False
2025-10-24 16:00:00,MER,81.0,62.489655,39.0,39.0,18.30265235900879,True
2025-10-24 17:00:00,MER,59.0,53.055267,28.428572,28.428571428571427,18.30265235900879,False
2025-10-24 18:00:00,MER,35.0,41.26802,19.928572,19.928571428571427,18.30265235900879,False
2025-10-24 19:00:00,MER,29.0,28.369526,14.214286,14.214285714285714,18.30265235900879,False
2025-10-24 20:00:00,MER,11.0,23.374834,12.357142,12.357142857142858,18.30265235900879,False
2025-10-24 21:00:00,MER,3.0,16.197777,10.642858,10.642857142857142,18.30265235900879,False
2025-10-24 22:00:00,MER,6.0,10.9385395,8.142858,8.142857142857142,18.30265235900879,False
2025-10-24 23:00:00,MER,9.0,11.045693,8.357142,8.357142857142858,18.30265235900879,False
2025-10-25 00:00:00,MER,2.0,10.1406355,6.75,6.75,18.30265235900879,False
2025-10-25 01:00:00,MER,2.0,8.80271,5.9166665,5.916666666666667,18.30265235900879,False
2025-10-25 02:00:00,MER,1.0,8.525401,5.5,5.5,18.30265235900879,False
2025-10-25 03:00:00,MER,1.0,11.304887,7.642857,7.642857142857143,18.30265235900879,False
2025-10-25 04:00:00,MER,1.0,10.89958,6.071429,6.071428571428571,18.30265235900879,False
2025-10-25 05:00:00,MER,1.0,9.142779,3.7142856,3.7142857142857144,18.30265235900879,False
2025-10-25 06:00:00,MER,1.0,7.423316,2.9285715,2.9285714285714284,18.30265235900879,False
2025-10-25 07:00:00,MER,2.0,8.0697565,4.571429,4.571428571428571,18.30265235900879,False
2025-10-25 08:00:00,MER,5.0,10.494521,8.428572,8.428571428571429,18.30265235900879,False
2025-10-25 09:00:00,MER,14.0,18.491844,17.785715,17.785714285714285,18.30265235900879,False
2025-10-25 10:00:00,MER,39.0,28.317678,28.285715,28.285714285714285,18.30265235900879,False
2025-10-25 11:00:00,MER,68.0,44.866306,41.142857,41.142857142857146,18.30265235900879,True
2025-10-25 12:00:00,MER,90.0,60.74417,54.357143,54.357142857142854,18.30265235900879,True
2025-10-25 13:00:00,MER,79.0,59.830402,55.0,55.0,18.30265235900879,True
2025-10-25 14:00:00,MER,82.0,66.42167,54.57143,54.57142857142857,18.30265235900879,False
2025-10-25 15:00:00,MER,90.0,67.66058,51.357143,51.357142857142854,18.30265235900879,True
2025-10-25 16:00:00,MER,75.0,63.665997,43.642857,43.642857142857146,18.30265235900879,False
2025-10-25 17:00:00,MER,55.0,53.22864,31.857143,31.857142857142858,18.30265235900879,False
2025-10-25 18:00:00,MER,29.0,38.290337,21.571428,21.571428571428573,18.30265235900879,False
2025-10-25 19:00:00,MER,32.0,29.171501,15.857142,15.857142857142858,18.30265235900879,False
2025-10-25 20:00:00,MER,23.0,24.60056,12.928572,12.928571428571429,18.30265235900879,False
2025-10-25 21:00:00,MER,13.0,20.08419,10.714286,10.714285714285714,18.30265235900879,False
2025-10-25 22:00:00,MER,8.0,15.580324,8.5,8.5,18.30265235900879,False
2025-10-25 23:00:00,MER,3.0,13.634048,8.857142,8.857142857142858,18.30265235900879,False
2025-10-26 03:00:00,MER,2.0,15.5565815,7.642857,7.642857142857143,18.30265235900879,False
2025-10-26 04:00:00,MER,2.0,10.023409,6.071429,6.071428571428571,18.30265235900879,False
2025-10-26 05:00:00,MER,1.0,8.010122,3.7142856,3.7142857142857144,18.30265235900879,False
2025-10-26 06:00:00,MER,1.0,7.0461636,2.9285715,2.9285714285714284,18.30265235900879,False
2025-10-26 07:00:00,MER,2.0,6.797843,4.571429,4.571428571428571,18.30265235900879,False
2025-10-26 08:00:00,MER,5.0,7.839717,8.5,8.5,18.30265235900879,False
2025-10-26 09:00:00,MER,13.0,13.800176,17.928572,17.928571428571427,18.30265235900879,False
2025-10-26 10:00:00,MER,39.0,25.368397,29.714285,29.714285714285715,18.30265235900879,False
2025-10-26 11:00:00,MER,70.0,47.06336,44.714287,44.714285714285715,18.30265235900879,True
2025-10-26 12:00:00,MER,72.0,64.79184,58.785713,58.785714285714285,18.30265235900879,False
2025-10-26 13:00:00,MER,83.0,66.904655,58.0,58.0,18.30265235900879,False
2025-10-26 14:00:00,MER,81.0,74.4105,57.785713,57.785714285714285,18.30265235900879,False
2025-10-26 15:00:00,MER,74.0,75.94044,55.214287,55.214285714285715,18.30265235900879,False
2025-10-26 16:00:00,MER,69.0,69.53035,46.857143,46.857142857142854,18.30265235900879,False
2025-10-26 17:00:00,MER,41.0,55.17292,34.214287,34.214285714285715,18.30265235900879,False
2025-10-26 18:00:00,MER,30.0,38.29812,22.428572,22.428571428571427,18.30265235900879,False
2025-10-26 19:00:00,MER,24.0,28.64151,17.428572,17.428571428571427,18.30265235900879,False
2025-10-26 20:00:00,MER,16.0,22.322145,13.642858,13.642857142857142,18.30265235900879,False
2025-10-26 21:00:00,MER,8.0,18.141703,10.857142,10.857142857142858,18.30265235900879,False
2025-10-26 22:00:00,MER,3.0,13.614506,8.571428,8.571428571428571,18.30265235900879,False
2025-10-26 23:00:00,MER,4.0,10.786712,8.357142,8.357142857142858,18.30265235900879,False
2025-10-27 00:00:00,MER,2.0,10.012766,6.3636365,6.363636363636363,18.30265235900879,False
2025-10-27 01:00:00,MER,3.0,11.14908,6.090909,6.090909090909091,18.30265235900879,False
2025-10-27 02:00:00,MER,4.0,11.164728,5.4545455,5.454545454545454,18.30265235900879,False
2025-10-27 03:00:00,MER,1.0,13.195623,7.357143,7.357142857142857,18.30265235900879,False
2025-10-27 04:00:00,MER,1.0,11.665552,5.857143,5.857142857142857,18.30265235900879,False
2025-10-27 05:00:00,MER,1.0,8.731546,3.642857,3.642857142857143,18.30265235900879,False
2025-10-27 06:00:00,MER,1.0,5.6679707,2.9285715,2.9285714285714284,18.30265235900879,False
2025-10-27 07:00:00,MER,2.0,4.6739645,4.5,4.5,18.30265235900879,False
2025-10-27 08:00:00,MER,5.0,5.294586,8.357142,8.357142857142858,18.30265235900879,False
2025-10-27 09:00:00,MER,9.0,10.670233,17.357143,17.357142857142858,18.30265235900879,False
2025-10-27 10:00:00,MER,33.0,19.169262,29.785715,29.785714285714285,18.30265235900879,False
2025-10-27 11:00:00,MER,47.0,37.02947,46.0,46.0,18.30265235900879,False
2025-10-27 12:00:00,MER,51.0,55.914192,59.857143,59.857142857142854,18.30265235900879,False
2025-10-27 13:00:00,MER,55.0,60.514046,60.642857,60.642857142857146,18.30265235900879,False
2025-10-27 14:00:00,MER,60.0,62.635834,60.0,60.0,18.30265235900879,False
2025-10-27 15:00:00,MER,63.0,63.780712,56.785713,56.785714285714285,18.30265235900879,False
2025-10-27 16:00:00,MER,48.0,60.785538,48.357143,48.357142857142854,18.30265235900879,False
2025-10-27 17:00:00,MER,32.0,47.4845,34.357143,34.357142857142854,18.30265235900879,False
2025-10-27 18:00:00,MER,24.0,31.401566,22.5,22.5,18.30265235900879,False
2025-10-27 19:00:00,MER,23.0,23.9388,18.428572,18.428571428571427,18.30265235900879,False
2025-10-27 20:00:00,MER,21.0,19.046738,14.285714,14.285714285714286,18.30265235900879,False
2025-10-27 21:00:00,MER,17.0,16.395744,11.142858,11.142857142857142,18.30265235900879,False
2025-10-27 22:00:00,MER,12.0,11.953241,8.571428,8.571428571428571,18.30265235900879,False
2025-10-27 23:00:00,MER,1.0,9.539762,8.571428,8.571428571428571,18.30265235900879,False
2025-10-28 00:00:00,MER,1.0,7.9448557,6.4545455,6.454545454545454,18.30265235900879,False
2025-10-28 01:00:00,MER,1.0,8.163054,6.181818,6.181818181818182,18.30265235900879,False
2025-10-28 02:00:00,MER,1.0,8.814857,5.7272725,5.7272727272727275,18.30265235900879,False
2025-10-28 03:00:00,MER,1.0,11.288755,7.357143,7.357142857142857,18.30265235900879,False
2025-10-28 04:00:00,MER,1.0,9.433369,5.857143,5.857142857142857,18.30265235900879,False
2025-10-28 05:00:00,MER,1.0,7.2000437,3.642857,3.642857142857143,18.30265235900879,False
2025-10-28 06:00:00,MER,1.0,6.029559,2.857143,2.857142857142857,18.30265235900879,False
2025-10-28 07:00:00,MER,2.0,7.676464,4.5,4.5,18.30265235900879,False
2025-10-28 08:00:00,MER,3.0,11.937517,8.214286,8.214285714285714,18.30265235900879,False
2025-10-28 09:00:00,MER,8.0,21.919151,16.428572,16.428571428571427,18.30265235900879,False
2025-10-28 10:00:00,MER,26.0,40.04886,29.857143,29.857142857142858,18.30265235900879,False
2025-10-28 11:00:00,MER,52.0,63.93666,46.5,46.5,18.30265235900879,False
2025-10-28 12:00:00,MER,48.0,81.05194,60.0,60.0,18.30265235900879,True
2025-10-28 13:00:00,MER,55.0,78.627396,61.0,61.0,18.30265235900879,True
2025-10-28 14:00:00,MER,57.0,77.83894,60.42857,60.42857142857143,18.30265235900879,True
2025-10-28 15:00:00,MER,62.0,78.516426,58.214287,58.214285714285715,18.30265235900879,False
2025-10-28 16:00:00,MER,47.0,73.23347,49.5,49.5,18.30265235900879,True
2025-10-28 17:00:00,MER,34.0,56.129612,35.0,35.0,18.30265235900879,True
2025-10-28 18:00:00,MER,22.0,38.76002,23.214285,23.214285714285715,18.30265235900879,False
2025-10-28 19:00:00,MER,21.0,27.250647,19.0,19.0,18.30265235900879,False
2025-10-28 20:00:00,MER,25.0,23.161743,14.928572,14.928571428571429,18.30265235900879,False
2025-10-28 21:00:00,MER,17.0,21.092907,11.5,11.5,18.30265235900879,False
2025-10-28 22:00:00,MER,3.0,15.843838,8.5,8.5,18.30265235900879,False
2025-10-28 23:00:00,MER,2.0,12.0875,7.714286,7.714285714285714,18.30265235900879,False
2025-10-29 00:00:00,MER,1.0,10.231405,6.0,6.0,18.30265235900879,False
2025-10-29 01:00:00,MER,1.0,10.406418,5.75,5.75,18.30265235900879,False
2025-10-29 02:00:00,MER,1.0,10.269769,5.3333335,5.333333333333333,18.30265235900879,False
2025-10-29 03:00:00,MER,2.0,11.047166,6.428571,6.428571428571429,18.30265235900879,False
2025-10-29 04:00:00,MER,2.0,10.245879,5.214286,5.214285714285714,18.30265235900879,False
2025-10-29 05:00:00,MER,1.0,9.251936,3.2857144,3.2857142857142856,18.30265235900879,False
2025-10-29 06:00:00,MER,1.0,8.3477745,2.642857,2.642857142857143,18.30265235900879,False
2025-10-29 07:00:00,MER,3.0,8.941589,4.142857,4.142857142857143,18.30265235900879,False
2025-10-29 08:00:00,MER,13.0,13.314375,7.5,7.5,18.30265235900879,False
2025-10-29 09:00:00,MER,35.0,29.28746,15.5,15.5,18.30265235900879,False
2025-10-29 10:00:00,MER,37.0,49.87432,30.142857,30.142857142857142,18.30265235900879,False
2025-10-29 11:00:00,MER,41.0,65.59808,47.642857,47.642857142857146,18.30265235900879,True
2025-10-29 12:00:00,MER,46.0,74.985535,59.785713,59.785714285714285,18.30265235900879,True
2025-10-29 13:00:00,MER,45.0,72.54746,61.0,61.0,18.30265235900879,True
2025-10-29 14:00:00,MER,44.0,71.269,60.357143,60.357142857142854,18.30265235900879,True
2025-10-29 15:00:00,MER,45.0,71.299164,58.785713,58.785714285714285,18.30265235900879,True
2025-10-29 16:00:00,MER,41.0,64.42544,50.07143,50.07142857142857,18.30265235900879,True
2025-10-29 17:00:00,MER,26.0,50.643402,35.642857,35.642857142857146,18.30265235900879,True
2025-10-29 18:00:00,MER,16.0,33.095192,23.357143,23.357142857142858,18.30265235900879,False
2025-10-29 19:00:00,MER,10.0,22.305544,19.142857,19.142857142857142,18.30265235900879,False
2025-10-29 20:00:00,MER,13.0,15.923484,15.285714,15.285714285714286,18.30265235900879,False
2025-10-29 21:00:00,MER,6.0,11.528072,11.285714,11.285714285714286,18.30265235900879,False
2025-10-29 22:00:00,MER,2.0,7.050816,7.285714,7.285714285714286,18.30265235900879,False
2025-10-29 23:00:00,MER,1.0,5.095215,6.285714,6.285714285714286,18.30265235900879,False
2025-10-30 00:00:00,MER,1.0,2.8145437,4.25,4.25,18.30265235900879,False
2025-10-30 01:00:00,MER,1.0,2.8685844,4.0,4.0,18.30265235900879,False
2025-10-30 02:00:00,MER,1.0,2.711813,3.5,3.5,18.30265235900879,False
2025-10-30 03:00:00,MER,1.0,4.3963065,4.928571,4.928571428571429,18.30265235900879,False
2025-10-30 04:00:00,MER,1.0,3.8713183,4.285714,4.285714285714286,18.30265235900879,False
2025-10-30 05:00:00,MER,1.0,1.9923655,2.5,2.5,18.30265235900879,False
2025-10-30 06:00:00,MER,1.0,1.3034021,2.0,2.0,18.30265235900879,False
2025-10-30 07:00:00,MER,2.0,2.1639621,3.357143,3.357142857142857,18.30265235900879,False
2025-10-30 08:00:00,MER,3.0,5.0164347,7.357143,7.357142857142857,18.30265235900879,False
2025-10-30 09:00:00,MER,11.0,14.397314,16.357143,16.357142857142858,18.30265235900879,False
2025-10-30 10:00:00,MER,22.0,30.063644,30.571428,30.571428571428573,18.30265235900879,False
2025-10-30 11:00:00,MER,43.0,53.772316,47.642857,47.642857142857146,18.30265235900879,False
2025-10-30 12:00:00,MER,61.0,76.04193,59.285713,59.285714285714285,18.30265235900879,False
2025-10-30 13:00:00,MER,82.0,81.97868,60.5,60.5,18.30265235900879,False
2025-10-30 14:00:00,MER,86.0,85.71954,60.214287,60.214285714285715,18.30265235900879,False
2025-10-30 15:00:00,MER,91.0,88.48533,58.92857,58.92857142857143,18.30265235900879,False
2025-10-30 16:00:00,MER,84.0,81.61547,50.42857,50.42857142857143,18.30265235900879,False
2025-10-30 17:00:00,MER,58.0,66.10571,36.07143,36.07142857142857,18.30265235900879,False
2025-10-30 18:00:00,MER,36.0,49.099083,23.5,23.5,18.30265235900879,False
2025-10-30 19:00:00,MER,16.0,33.695744,18.928572,18.928571428571427,18.30265235900879,False
2025-10-30 20:00:00,MER,9.0,21.934025,15.071428,15.071428571428571,18.30265235900879,False
2025-10-30 21:00:00,MER,7.0,14.907301,11.285714,11.285714285714286,18.30265235900879,False
2025-10-30 22:00:00,MER,2.0,8.700804,7.142857,7.142857142857143,18.30265235900879,False
2025-10-30 23:00:00,MER,3.0,6.698478,6.0,6.0,18.30265235900879,False
2025-10-31 00:00:00,MER,5.0,5.229081,4.0833335,4.083333333333333,18.30265235900879,False
2025-10-31 01:00:00,MER,1.0,3.71945,3.9166667,3.9166666666666665,18.30265235900879,False
2025-10-31 02:00:00,MER,1.0,3.7571669,3.4166667,3.4166666666666665,18.30265235900879,False
2025-10-31 03:00:00,MER,1.0,5.6823144,4.928571,4.928571428571429,18.30265235900879,False
2025-10-31 04:00:00,MER,1.0,5.1092014,4.214286,4.214285714285714,18.30265235900879,False
2025-10-31 05:00:00,MER,1.0,2.9631593,2.4285715,2.4285714285714284,18.30265235900879,False
2025-10-31 06:00:00,MER,1.0,1.7673287,2.0,2.0,18.30265235900879,False
2025-10-31 07:00:00,MER,2.0,2.4494944,3.2857144,3.2857142857142856,18.30265235900879,False
2025-10-31 08:00:00,MER,4.0,5.086443,7.214286,7.214285714285714,18.30265235900879,False
2025-10-31 09:00:00,MER,15.0,13.519026,16.071428,16.071428571428573,18.30265235900879,False
2025-10-31 10:00:00,MER,39.0,29.794903,30.0,30.0,18.30265235900879,False
2025-10-31 11:00:00,MER,50.0,51.431053,47.357143,47.357142857142854,18.30265235900879,False
2025-10-31 12:00:00,MER,66.0,67.08875,59.142857,59.142857142857146,18.30265235900879,False
2025-10-31 13:00:00,MER,72.0,69.126884,60.857143,60.857142857142854,18.30265235900879,False
2025-10-31 14:00:00,MER,66.0,72.348816,59.785713,59.785714285714285,18.30265235900879,False
2025-10-31 15:00:00,MER,71.0,72.967094,59.857143,59.857142857142854,18.30265235900879,False
2025-10-31 16:00:00,MER,59.0,66.94675,51.285713,51.285714285714285,18.30265235900879,False
2025-10-31 17:00:00,MER,47.0,54.17977,36.07143,36.07142857142857,18.30265235900879,False
2025-10-31 18:00:00,MER,22.0,39.923866,23.785715,23.785714285714285,18.30265235900879,False
2025-10-31 19:00:00,MER,15.0,28.16986,18.357143,18.357142857142858,18.30265235900879,False
2025-10-31 20:00:00,MER,12.0,21.357473,15.142858,15.142857142857142,18.30265235900879,False
2025-10-31 21:00:00,MER,10.0,14.045161,11.0,11.0,18.30265235900879,False
2025-10-31 22:00:00,MER,2.0,5.923406,6.642857,6.642857142857143,18.30265235900879,False
2025-10-31 23:00:00,MER,1.0,2.6087246,5.428571,5.428571428571429,18.30265235900879,False
2025-11-01 03:00:00,MER,1.0,10.858658,4.285714,4.285714285714286,18.30265235900879,False
2025-11-01 04:00:00,MER,1.0,2.343514,3.9285715,3.9285714285714284,18.30265235900879,False
2025-11-01 05:00:00,MER,1.0,1.1092408,2.357143,2.357142857142857,18.30265235900879,False
2025-11-01 06:00:00,MER,1.0,0.67174697,2.0,2.0,18.30265235900879,False
2025-11-01 07:00:00,MER,2.0,2.4002042,3.2857144,3.2857142857142856,18.30265235900879,False
2025-11-01 08:00:00,MER,3.0,6.2548094,7.214286,7.214285714285714,18.30265235900879,False
2025-11-01 09:00:00,MER,17.0,15.407225,16.214285,16.214285714285715,18.30265235900879,False
2025-11-01 10:00:00,MER,35.0,32.314568,30.714285,30.714285714285715,18.30265235900879,False
2025-11-01 11:00:00,MER,58.0,53.336143,46.92857,46.92857142857143,18.30265235900879,False
2025-11-01 12:00:00,MER,76.0,67.01275,58.285713,58.285714285714285,18.30265235900879,False
2025-11-01 13:00:00,MER,89.0,67.372604,60.285713,60.285714285714285,18.30265235900879,True
2025-11-01 14:00:00,MER,87.0,64.86663,59.142857,59.142857142857146,18.30265235900879,True
2025-11-01 15:00:00,MER,67.0,66.95897,59.714287,59.714285714285715,18.30265235900879,False
2025-11-01 16:00:00,MER,49.0,62.003654,51.0,51.0,18.30265235900879,False
2025-11-01 17:00:00,MER,44.0,49.321583,36.0,36.0,18.30265235900879,False
2025-11-01 18:00:00,MER,27.0,36.314575,22.857143,22.857142857142858,18.30265235900879,False
2025-11-01 19:00:00,MER,31.0,28.226532,17.571428,17.571428571428573,18.30265235900879,False
2025-11-01 20:00:00,MER,27.0,25.081741,14.642858,14.642857142857142,18.30265235900879,False
2025-11-01 21:00:00,MER,24.0,19.363842,10.5,10.5,18.30265235900879,False
2025-11-01 22:00:00,MER,6.0,10.390282,5.928571,5.928571428571429,18.30265235900879,False
2025-11-01 23:00:00,MER,4.0,4.870857,5.0,5.0,18.30265235900879,False
2025-11-02 00:00:00,MER,2.0,1.5686746,2.8181818,2.8181818181818183,18.30265235900879,False
2025-11-02 01:00:00,MER,1.0,1.6518068,2.6363637,2.6363636363636362,18.30265235900879,False
2025-11-02 02:00:00,MER,2.0,1.1224147,2.2727273,2.272727272727273,18.30265235900879,False
2025-11-02 03:00:00,MER,1.0,3.3968656,4.071429,4.071428571428571,18.30265235900879,False
2025-11-02 04:00:00,MER,1.0,3.7412784,3.7142856,3.7142857142857144,18.30265235900879,False
2025-11-02 05:00:00,MER,1.0,3.0354,2.2857144,2.2857142857142856,18.30265235900879,False
2025-11-02 06:00:00,MER,1.0,3.1277964,1.9285715,1.9285714285714286,18.30265235900879,False
2025-11-02 07:00:00,MER,2.0,4.0236287,3.2142856,3.2142857142857144,18.30265235900879,False
2025-11-02 08:00:00,MER,13.0,9.275553,6.928571,6.928571428571429,18.30265235900879,False
2025-11-02 09:00:00,MER,23.0,24.131483,16.5,16.5,18.30265235900879,False
2025-11-02 10:00:00,MER,39.0,40.748352,31.142857,31.142857142857142,18.30265235900879,False
2025-11-02 11:00:00,MER,38.0,49.173763,48.07143,48.07142857142857,18.30265235900879,False
2025-11-02 12:00:00,MER,44.0,51.65359,58.357143,58.357142857142854,18.30265235900879,False
2025-11-02 13:00:00,MER,53.0,56.185616,62.142857,62.142857142857146,18.30265235900879,False
2025-11-02 14:00:00,MER,54.0,58.770687,61.785713,61.785714285714285,18.30265235900879,False
2025-11-02 15:00:00,MER,56.0,60.37667,61.357143,61.357142857142854,18.30265235900879,False
2025-11-02 16:00:00,MER,49.0,53.39761,51.57143,51.57142857142857,18.30265235900879,False
2025-11-02 17:00:00,MER,41.0,43.17373,37.5,37.5,18.30265235900879,False
2025-11-02 18:00:00,MER,30.0,32.018486,24.071428,24.071428571428573,18.30265235900879,False
2025-11-02 19:00:00,MER,21.0,26.169868,19.642857,19.642857142857142,18.30265235900879,False
2025-11-02 20:00:00,MER,17.0,21.47686,16.142857,16.142857142857142,18.30265235900879,False
2025-11-02 21:00:00,MER,18.0,15.933884,11.5,11.5,18.30265235900879,False
2025-11-02 22:00:00,MER,15.0,11.05843,6.142857,6.142857142857143,18.30265235900879,False
2025-11-02 23:00:00,MER,15.0,9.643541,5.142857,5.142857142857143,18.30265235900879,False
2025-11-03 00:00:00,MER,15.0,7.8460603,2.909091,2.909090909090909,18.30265235900879,False
2025-11-03 01:00:00,MER,15.0,8.191098,2.6363637,2.6363636363636362,18.30265235900879,False
2025-11-03 02:00:00,MER,20.0,9.386647,2.3636363,2.3636363636363638,18.30265235900879,False
2025-11-03 03:00:00,MER,8.0,11.14059,4.071429,4.071428571428571,18.30265235900879,False
2025-11-03 04:00:00,MER,6.0,11.563541,3.7142856,3.7142857142857144,18.30265235900879,False
2025-11-03 05:00:00,MER,2.0,9.659441,2.2857144,2.2857142857142856,18.30265235900879,False
2025-11-03 06:00:00,MER,1.0,6.550315,1.8571428,1.8571428571428572,18.30265235900879,False
2025-11-03 07:00:00,MER,3.0,6.34221,3.142857,3.142857142857143,18.30265235900879,False
2025-11-03 08:00:00,MER,8.0,8.33655,6.857143,6.857142857142857,18.30265235900879,False
2025-11-03 09:00:00,MER,17.0,16.386759,16.142857,16.142857142857142,18.30265235900879,False
2025-11-03 10:00:00,MER,20.0,30.363712,31.0,31.0,18.30265235900879,False
2025-11-03 11:00:00,MER,31.0,43.997967,47.357143,47.357142857142854,18.30265235900879,False
2025-11-03 12:00:00,MER,51.0,50.819008,57.857143,57.857142857142854,18.30265235900879,False
2025-11-03 13:00:00,MER,60.0,53.75262,62.714287,62.714285714285715,18.30265235900879,False
2025-11-03 14:00:00,MER,63.0,56.870926,62.5,62.5,18.30265235900879,False
2025-11-03 15:00:00,MER,63.0,58.546246,62.285713,62.285714285714285,18.30265235900879,False
2025-11-03 16:00:00,MER,57.0,56.92676,52.5,52.5,18.30265235900879,False
2025-11-03 17:00:00,MER,44.0,48.705627,37.92857,37.92857142857143,18.30265235900879,False
2025-11-03 18:00:00,MER,25.0,35.96532,24.071428,24.071428571428573,18.30265235900879,False
2025-11-03 19:00:00,MER,22.0,26.815321,19.142857,19.142857142857142,18.30265235900879,False
2025-11-03 20:00:00,MER,19.0,19.894684,15.857142,15.857142857142858,18.30265235900879,False
2025-11-03 21:00:00,MER,17.0,14.954712,11.285714,11.285714285714286,18.30265235900879,False
2025-11-03 22:00:00,MER,12.0,9.884149,6.142857,6.142857142857143,18.30265235900879,False
2025-11-03 23:00:00,MER,12.0,8.868827,5.071429,5.071428571428571,18.30265235900879,False
2025-11-04 00:00:00,MER,10.0,8.370421,3.9166667,3.9166666666666665,18.30265235900879,False
2025-11-04 01:00:00,MER,10.0,9.921901,3.6666667,3.6666666666666665,18.30265235900879,False
2025-11-04 02:00:00,MER,3.0,10.897842,3.8333333,3.8333333333333335,18.30265235900879,False
2025-11-04 03:00:00,MER,7.0,9.648661,2.5,2.5,18.30265235900879,False
2025-11-04 04:00:00,MER,4.0,9.368911,2.2857144,2.2857142857142856,18.30265235900879,False
2025-11-04 05:00:00,MER,2.0,7.251795,1.3571428,1.3571428571428572,18.30265235900879,False
2025-11-04 06:00:00,MER,1.0,4.5882316,1.0714285,1.0714285714285714,18.30265235900879,False
2025-11-04 07:00:00,MER,2.0,4.47246,2.4285715,2.4285714285714284,18.30265235900879,False
2025-11-04 08:00:00,MER,3.0,8.333992,6.214286,6.214285714285714,18.30265235900879,False
2025-11-04 09:00:00,MER,9.0,16.764723,15.785714,15.785714285714286,18.30265235900879,False
2025-11-04 10:00:00,MER,17.0,31.600105,30.357143,30.357142857142858,18.30265235900879,False
2025-11-04 11:00:00,MER,29.0,48.298607,47.0,47.0,18.30265235900879,True
2025-11-04 12:00:00,MER,43.0,62.63692,58.142857,58.142857142857146,18.30265235900879,True
2025-11-04 13:00:00,MER,71.0,73.31744,63.42857,63.42857142857143,18.30265235900879,False
2025-11-04 14:00:00,MER,77.0,81.09873,64.14286,64.14285714285714,18.30265235900879,False
2025-11-04 15:00:00,MER,71.0,82.62492,64.0,64.0,18.30265235900879,False
2025-11-04 16:00:00,MER,63.0,74.223434,53.714287,53.714285714285715,18.30265235900879,False
2025-11-04 17:00:00,MER,54.0,61.06078,39.142857,39.142857142857146,18.30265235900879,False
2025-11-04 18:00:00,MER,35.0,42.40924,24.642857,24.642857142857142,18.30265235900879,False
2025-11-04 19:00:00,MER,13.0,25.890463,19.642857,19.642857142857142,18.30265235900879,False
2025-11-04 20:00:00,MER,5.0,18.446583,15.714286,15.714285714285714,18.30265235900879,False
2025-11-04 21:00:00,MER,4.0,12.898166,11.428572,11.428571428571429,18.30265235900879,False
2025-11-04 22:00:00,MER,2.0,6.380544,6.571429,6.571428571428571,18.30265235900879,False
2025-11-04 23:00:00,MER,2.0,5.0441847,5.5,5.5,18.30265235900879,False
2025-11-05 00:00:00,MER,3.0,4.3477306,4.5,4.5,18.30265235900879,False
2025-11-05 01:00:00,MER,2.0,4.321736,4.1666665,4.166666666666667,18.30265235900879,False
2025-11-05 02:00:00,MER,2.0,4.784554,4.0,4.0,18.30265235900879,False
2025-11-05 03:00:00,MER,3.0,4.1515107,2.9285715,2.9285714285714284,18.30265235900879,False
2025-11-05 04:00:00,MER,3.0,3.2865863,2.5,2.5,18.30265235900879,False
2025-11-05 05:00:00,MER,1.0,2.075065,1.4285715,1.4285714285714286,18.30265235900879,False
2025-11-05 06:00:00,MER,2.0,1.0163405,1.0714285,1.0714285714285714,18.30265235900879,False
2025-11-05 07:00:00,MER,4.0,1.6075023,2.357143,2.357142857142857,18.30265235900879,False
2025-11-05 08:00:00,MER,8.0,4.5873213,6.0,6.0,18.30265235900879,False
2025-11-05 09:00:00,MER,14.0,14.338824,15.285714,15.285714285714286,18.30265235900879,False
2025-11-05 10:00:00,MER,19.0,30.859995,30.071428,30.071428571428573,18.30265235900879,False
2025-11-05 11:00:00,MER,38.0,51.9591,46.142857,46.142857142857146,18.30265235900879,False
2025-11-05 12:00:00,MER,64.0,71.87417,57.214287,57.214285714285715,18.30265235900879,False
2025-11-05 13:00:00,MER,77.0,84.348434,64.64286,64.64285714285714,18.30265235900879,False
2025-11-05 14:00:00,MER,72.0,87.77465,66.28571,66.28571428571429,18.30265235900879,False
2025-11-05 15:00:00,MER,74.0,87.70431,65.78571,65.78571428571429,18.30265235900879,False
2025-11-05 16:00:00,MER,62.0,77.61127,56.5,56.5,18.30265235900879,False
2025-11-05 17:00:00,MER,47.0,62.649467,41.785713,41.785714285714285,18.30265235900879,False
2025-11-05 18:00:00,MER,31.0,43.796265,26.142857,26.142857142857142,18.30265235900879,False
2025-11-05 19:00:00,MER,22.0,28.14074,19.857143,19.857142857142858,18.30265235900879,False
2025-11-05 20:00:00,MER,13.0,18.461897,15.214286,15.214285714285714,18.30265235900879,False
2025-11-05 21:00:00,MER,7.0,12.313584,11.071428,11.071428571428571,18.30265235900879,False
2025-11-05 22:00:00,MER,3.0,4.5132065,5.785714,5.785714285714286,18.30265235900879,False
2025-11-05 23:00:00,MER,8.0,2.1543257,4.857143,4.857142857142857,18.30265235900879,False
2025-11-06 00:00:00,MER,8.0,1.6846056,3.8333333,3.8333333333333335,18.30265235900879,False
2025-11-06 01:00:00,MER,11.0,3.3620431,3.3333333,3.3333333333333335,18.30265235900879,False
2025-11-06 02:00:00,MER,9.0,3.8050654,3.3333333,3.3333333333333335,18.30265235900879,False
2025-11-06 03:00:00,MER,6.0,2.869679,2.357143,2.357142857142857,18.30265235900879,False
2025-11-06 04:00:00,MER,1.0,2.707509,2.142857,2.142857142857143,18.30265235900879,False
2025-11-06 05:00:00,MER,1.0,0.7617855,1.2142857,1.2142857142857142,18.30265235900879,False
2025-11-06 06:00:00,MER,1.0,-0.1760273,1.0714285,1.0714285714285714,18.30265235900879,False
2025-11-06 07:00:00,MER,2.0,0.54490066,2.2857144,2.2857142857142856,18.30265235900879,False
2025-11-06 08:00:00,MER,2.0,3.416773,5.714286,5.714285714285714,18.30265235900879,False
2025-11-06 09:00:00,MER,8.0,12.590906,14.928572,14.928571428571429,18.30265235900879,False
2025-11-06 10:00:00,MER,21.0,29.643827,29.714285,29.714285714285715,18.30265235900879,False
2025-11-06 11:00:00,MER,33.0,52.87333,47.0,47.0,18.30265235900879,True
2025-11-06 12:00:00,MER,55.0,74.19986,60.07143,60.07142857142857,18.30265235900879,True
2025-11-06 13:00:00,MER,62.0,88.59376,68.42857,68.42857142857143,18.30265235900879,True
2025-11-06 14:00:00,MER,73.0,92.75493,69.42857,69.42857142857143,18.30265235900879,True
2025-11-06 15:00:00,MER,82.0,95.11859,69.28571,69.28571428571429,18.30265235900879,False
2025-11-06 16:00:00,MER,81.0,87.89389,59.357143,59.357142857142854,18.30265235900879,False
2025-11-06 17:00:00,MER,64.0,73.757805,44.07143,44.07142857142857,18.30265235900879,False
2025-11-06 18:00:00,MER,15.0,53.423893,27.357143,27.357142857142858,18.30265235900879,True
2025-11-06 19:00:00,MER,16.0,34.288235,20.714285,20.714285714285715,18.30265235900879,False
2025-11-06 20:00:00,MER,17.0,23.949833,15.571428,15.571428571428571,18.30265235900879,False
2025-11-06 21:00:00,MER,4.0,12.663536,11.071428,11.071428571428571,18.30265235900879,False
2025-11-06 22:00:00,MER,7.0,4.338216,5.642857,5.642857142857143,18.30265235900879,False
2025-11-06 23:00:00,MER,4.0,2.7260048,4.857143,4.857142857142857,18.30265235900879,False
2025-11-07 03:00:00,MER,1.0,9.12486,2.642857,2.642857142857143,18.30265235900879,False
2025-11-07 04:00:00,MER,1.0,3.5964968,1.9285715,1.9285714285714286,18.30265235900879,False
2025-11-07 05:00:00,MER,1.0,1.6921885,1.1428572,1.1428571428571428,18.30265235900879,False
2025-11-07 06:00:00,MER,1.0,1.1006224,1.0714285,1.0714285714285714,18.30265235900879,False
2025-11-07 07:00:00,MER,2.0,1.9563819,2.2857144,2.2857142857142856,18.30265235900879,False
2025-11-07 08:00:00,MER,3.0,4.724704,5.642857,5.642857142857143,18.30265235900879,False
2025-11-07 09:00:00,MER,11.0,12.951044,14.785714,14.785714285714286,18.30265235900879,False
2025-11-07 10:00:00,MER,25.0,31.819525,29.714285,29.714285714285715,18.30265235900879,False
2025-11-07 11:00:00,MER,49.0,56.92306,46.357143,46.357142857142854,18.30265235900879,False
2025-11-07 12:00:00,MER,81.0,75.2099,60.214287,60.214285714285715,18.30265235900879,False
2025-11-07 13:00:00,MER,99.0,90.95508,68.78571,68.78571428571429,18.30265235900879,False
2025-11-07 14:00:00,MER,117.0,99.07653,70.28571,70.28571428571429,18.30265235900879,False
2025-11-07 15:00:00,MER,120.0,102.26193,70.78571,70.78571428571429,18.30265235900879,False
2025-11-07 16:00:00,MER,111.0,94.73865,61.785713,61.785714285714285,18.30265235900879,False
2025-11-07 17:00:00,MER,87.0,79.29605,46.142857,46.142857142857146,18.30265235900879,False
2025-11-07 18:00:00,MER,37.0,57.673645,26.928572,26.928571428571427,18.30265235900879,True
2025-11-07 19:00:00,MER,20.0,40.28267,21.071428,21.071428571428573,18.30265235900879,True
2025-11-07 20:00:00,MER,8.0,31.522465,16.285715,16.285714285714285,18.30265235900879,True
2025-11-07 21:00:00,MER,2.0,19.359613,11.071428,11.071428571428571,18.30265235900879,False
2025-11-07 22:00:00,MER,2.0,10.238638,5.928571,5.928571428571429,18.30265235900879,False
2025-11-07 23:00:00,MER,3.0,6.8755474,4.928571,4.928571428571429,18.30265235900879,False
2025-11-08 00:00:00,MER,3.0,6.1654553,4.5454545,4.545454545454546,18.30265235900879,False
2025-11-08 01:00:00,MER,2.0,5.1404676,4.3636365,4.363636363636363,18.30265235900879,False
2025-11-08 02:00:00,MER,2.0,4.5078583,4.090909,4.090909090909091,18.30265235900879,False
2025-11-08 03:00:00,MER,1.0,4.1899858,2.5714285,2.5714285714285716,18.30265235900879,False
2025-11-08 04:00:00,MER,1.0,3.8650045,1.8571428,1.8571428571428572,18.30265235900879,False
2025-11-08 05:00:00,MER,1.0,3.0286107,1.1428572,1.1428571428571428,18.30265235900879,False
2025-11-08 06:00:00,MER,1.0,2.064413,1.0714285,1.0714285714285714,18.30265235900879,False
2025-11-08 07:00:00,MER,2.0,2.5864067,2.2857144,2.2857142857142856,18.30265235900879,False
2025-11-08 08:00:00,MER,3.0,5.202733,5.571429,5.571428571428571,18.30265235900879,False
2025-11-08 09:00:00,MER,10.0,15.569056,14.571428,14.571428571428571,18.30265235900879,False
2025-11-08 10:00:00,MER,28.0,35.93053,29.357143,29.357142857142858,18.30265235900879,False
2025-11-08 11:00:00,MER,62.0,63.458153,46.214287,46.214285714285715,18.30265235900879,False
2025-11-08 12:00:00,MER,75.0,88.113014,60.57143,60.57142857142857,18.30265235900879,False
2025-11-08 13:00:00,MER,83.0,99.18663,70.14286,70.14285714285714,18.30265235900879,False
2025-11-08 14:00:00,MER,91.0,102.58408,72.78571,72.78571428571429,18.30265235900879,False
2025-11-08 15:00:00,MER,95.0,102.819595,73.5,73.5,18.30265235900879,False
2025-11-08 16:00:00,MER,97.0,92.55455,63.92857,63.92857142857143,18.30265235900879,False
2025-11-08 17:00:00,MER,58.0,77.47014,48.142857,48.142857142857146,18.30265235900879,True
2025-11-08 18:00:00,MER,17.0,54.49987,27.071428,27.071428571428573,18.30265235900879,True
2025-11-08 19:00:00,MER,15.0,36.045364,20.428572,20.428571428571427,18.30265235900879,True
2025-11-08 20:00:00,MER,14.0,23.65269,16.071428,16.071428571428573,18.30265235900879,False
2025-11-08 21:00:00,MER,5.0,15.467886,11.0,11.0,18.30265235900879,False
2025-11-08 22:00:00,MER,5.0,5.2349124,5.642857,5.642857142857143,18.30265235900879,False
2025-11-08 23:00:00,MER,4.0,3.075974,4.5,4.5,18.30265235900879,False
2025-11-09 00:00:00,MER,2.0,3.1347768,4.6363635,4.636363636363637,18.30265235900879,False
2025-11-09 01:00:00,MER,1.0,3.1289032,4.3636365,4.363636363636363,18.30265235900879,False
2025-11-09 02:00:00,MER,1.0,3.4633794,4.181818,4.181818181818182,18.30265235900879,False
2025-11-09 03:00:00,MER,1.0,2.5567238,2.5714285,2.5714285714285716,18.30265235900879,False
2025-11-09 04:00:00,MER,1.0,2.6864412,1.8571428,1.8571428571428572,18.30265235900879,False
2025-11-09 05:00:00,MER,1.0,2.7233791,1.1428572,1.1428571428571428,18.30265235900879,False
2025-11-09 06:00:00,MER,1.0,2.1138258,1.0714285,1.0714285714285714,18.30265235900879,False
2025-11-09 07:00:00,MER,2.0,2.4161656,2.2857144,2.2857142857142856,18.30265235900879,False
2025-11-09 08:00:00,MER,6.0,4.793409,5.428571,5.428571428571429,18.30265235900879,False
2025-11-09 09:00:00,MER,11.0,15.429704,14.285714,14.285714285714286,18.30265235900879,False
2025-11-09 10:00:00,MER,35.0,35.725418,28.571428,28.571428571428573,18.30265235900879,False
2025-11-09 11:00:00,MER,63.0,60.56518,45.785713,45.785714285714285,18.30265235900879,False
2025-11-09 12:00:00,MER,73.0,82.17708,59.5,59.5,18.30265235900879,False
2025-11-09 13:00:00,MER,68.0,95.60621,70.42857,70.42857142857143,18.30265235900879,True
2025-11-09 14:00:00,MER,61.0,95.68027,73.42857,73.42857142857143,18.30265235900879,True
2025-11-09 15:00:00,MER,49.0,90.178795,73.85714,73.85714285714286,18.30265235900879,True
2025-11-09 16:00:00,MER,46.0,79.178406,65.5,65.5,18.30265235900879,True
2025-11-09 17:00:00,MER,40.0,60.71741,48.357143,48.357142857142854,18.30265235900879,True
2025-11-09 18:00:00,MER,38.0,37.941376,26.214285,26.214285714285715,18.30265235900879,False
2025-11-09 19:00:00,MER,32.0,31.876652,19.214285,19.214285714285715,18.30265235900879,False
2025-11-09 20:00:00,MER,33.0,28.170105,15.428572,15.428571428571429,18.30265235900879,False
2025-11-09 21:00:00,MER,34.0,21.981977,10.428572,10.428571428571429,18.30265235900879,False
2025-11-09 22:00:00,MER,27.0,15.717449,5.428571,5.428571428571429,18.30265235900879,False
2025-11-09 23:00:00,MER,21.0,14.553581,4.571429,4.571428571428571,18.30265235900879,False
2025-11-10 00:00:00,MER,24.0,13.701462,4.4166665,4.416666666666667,18.30265235900879,False
2025-11-10 01:00:00,MER,26.0,15.197062,4.0833335,4.083333333333333,18.30265235900879,False
2025-11-10 02:00:00,MER,26.0,17.62858,3.9166667,3.9166666666666665,18.30265235900879,False
2025-11-10 03:00:00,MER,21.0,15.962125,2.5,2.5,18.30265235900879,False
2025-11-10 04:00:00,MER,21.0,13.305242,1.7857143,1.7857142857142858,18.30265235900879,False
2025-11-10 05:00:00,MER,23.0,12.083071,1.1428572,1.1428571428571428,18.30265235900879,False
2025-11-10 06:00:00,MER,10.0,12.620786,1.0714285,1.0714285714285714,18.30265235900879,False
2025-11-10 07:00:00,MER,5.0,10.684788,2.2857144,2.2857142857142856,18.30265235900879,False
2025-11-10 08:00:00,MER,5.0,11.665014,5.5,5.5,18.30265235900879,False
2025-11-10 09:00:00,MER,8.0,19.016815,14.142858,14.142857142857142,18.30265235900879,False
2025-11-10 10:00:00,MER,10.0,30.662912,28.285715,28.285714285714285,18.30265235900879,True
2025-11-10 11:00:00,MER,12.0,42.37389,45.285713,45.285714285714285,18.30265235900879,True
2025-11-10 12:00:00,MER,19.0,53.8149,59.57143,59.57142857142857,18.30265235900879,True
2025-11-10 13:00:00,MER,17.0,59.682884,69.35714,69.35714285714286,18.30265235900879,True
2025-11-10 14:00:00,MER,18.0,58.25305,72.0,72.0,18.30265235900879,True
2025-11-10 15:00:00,MER,14.0,56.354572,72.07143,72.07142857142857,18.30265235900879,True
2025-11-10 16:00:00,MER,12.0,47.65788,63.857143,63.857142857142854,18.30265235900879,True
2025-11-10 17:00:00,MER,9.0,32.77336,48.285713,48.285714285714285,18.30265235900879,True
2025-11-10 18:00:00,MER,9.0,13.386498,26.785715,26.785714285714285,18.30265235900879,False
2025-11-10 19:00:00,MER,7.0,8.34313,19.785715,19.785714285714285,18.30265235900879,False
2025-11-10 20:00:00,MER,14.0,7.149026,16.642857,16.642857142857142,18.30265235900879,False
2025-11-10 21:00:00,MER,12.0,5.8376937,12.285714,12.285714285714286,18.30265235900879,False
2025-11-10 22:00:00,MER,4.0,3.2811985,7.142857,7.142857142857143,18.30265235900879,False
2025-11-10 23:00:00,MER,5.0,3.71888,5.785714,5.785714285714286,18.30265235900879,False
2025-11-11 00:00:00,MER,4.0,6.2520504,6.25,6.25,18.30265235900879,False
2025-11-11 01:00:00,MER,4.0,9.135736,6.0,6.0,18.30265235900879,False
2025-11-11 02:00:00,MER,3.0,9.722693,5.75,5.75,18.30265235900879,False
2025-11-11 03:00:00,MER,13.0,7.321436,3.9285715,3.9285714285714284,18.30265235900879,False
2025-11-11 04:00:00,MER,11.0,5.4104877,3.2142856,3.2142857142857144,18.30265235900879,False
2025-11-11 05:00:00,MER,14.0,3.3979301,2.7142856,2.7142857142857144,18.30265235900879,False
2025-11-11 06:00:00,MER,1.0,0.08755803,1.7142857,1.7142857142857142,18.30265235900879,False
2025-11-11 07:00:00,MER,2.0,-1.6516232,2.5,2.5,18.30265235900879,False
2025-11-11 08:00:00,MER,3.0,-0.68393326,5.5,5.5,18.30265235900879,False
2025-11-11 09:00:00,MER,8.0,6.3427973,14.071428,14.071428571428571,18.30265235900879,False
2025-11-11 10:00:00,MER,11.0,19.080654,26.642857,26.642857142857142,18.30265235900879,False
2025-11-11 11:00:00,MER,19.0,35.64804,42.785713,42.785714285714285,18.30265235900879,False
2025-11-11 12:00:00,MER,33.0,51.332306,57.285713,57.285714285714285,18.30265235900879,True
2025-11-11 13:00:00,MER,48.0,63.864384,66.64286,66.64285714285714,18.30265235900879,False
2025-11-11 14:00:00,MER,58.0,70.417244,69.0,69.0,18.30265235900879,False
2025-11-11 15:00:00,MER,58.0,72.839424,68.57143,68.57142857142857,18.30265235900879,False
2025-11-11 16:00:00,MER,48.0,71.79111,61.285713,61.285714285714285,18.30265235900879,True
2025-11-11 17:00:00,MER,29.0,55.065536,46.642857,46.642857142857146,18.30265235900879,True
2025-11-11 18:00:00,MER,27.0,31.007406,25.714285,25.714285714285715,18.30265235900879,False
2025-11-11 19:00:00,MER,14.0,20.788315,18.642857,18.642857142857142,18.30265235900879,False
2025-11-11 20:00:00,MER,2.0,16.47292,16.142857,16.142857142857142,18.30265235900879,False
2025-11-11 21:00:00,MER,1.0,7.2857175,11.928572,11.928571428571429,18.30265235900879,False
2025-11-11 22:00:00,MER,4.0,0.57998514,6.571429,6.571428571428571,18.30265235900879,False
2025-11-11 23:00:00,MER,4.0,-0.53980494,6.071429,6.071428571428571,18.30265235900879,False
2025-11-12 00:00:00,MER,1.0,-0.20285606,6.5,6.5,18.30265235900879,False
2025-11-12 01:00:00,MER,1.0,0.08619499,6.25,6.25,18.30265235900879,False
2025-11-12 02:00:00,MER,1.0,0.5404463,5.9166665,5.916666666666667,18.30265235900879,False
2025-11-12 03:00:00,MER,1.0,0.39359617,4.785714,4.785714285714286,18.30265235900879,False
2025-11-12 04:00:00,MER,1.0,0.1672244,3.9285715,3.9285714285714284,18.30265235900879,False
2025-11-12 05:00:00,MER,1.0,0.49027562,3.642857,3.642857142857143,18.30265235900879,False
2025-11-12 06:00:00,MER,1.0,-1.2712377,1.7142857,1.7142857142857142,18.30265235900879,False
2025-11-12 07:00:00,MER,2.0,-0.47565818,2.5,2.5,18.30265235900879,False
2025-11-12 08:00:00,MER,4.0,2.0176623,5.5,5.5,18.30265235900879,False
2025-11-12 09:00:00,MER,8.0,10.142857,14.071428,14.071428571428571,18.30265235900879,False
2025-11-12 10:00:00,MER,20.0,22.77249,25.571428,25.571428571428573,18.30265235900879,False
2025-11-12 11:00:00,MER,55.0,43.94879,40.42857,40.42857142857143,18.30265235900879,False
2025-11-12 12:00:00,MER,77.0,70.94135,56.214287,56.214285714285715,18.30265235900879,False
2025-11-12 13:00:00,MER,85.0,86.90395,66.14286,66.14285714285714,18.30265235900879,False
2025-11-12 14:00:00,MER,94.0,88.32202,69.07143,69.07142857142857,18.30265235900879,False
2025-11-12 15:00:00,MER,98.0,87.98331,68.28571,68.28571428571429,18.30265235900879,False
2025-11-12 16:00:00,MER,75.0,82.36726,61.357143,61.357142857142854,18.30265235900879,False
2025-11-12 17:00:00,MER,47.0,63.756565,46.285713,46.285714285714285,18.30265235900879,False
2025-11-12 18:00:00,MER,22.0,38.121456,26.071428,26.071428571428573,18.30265235900879,False
2025-11-12 19:00:00,MER,18.0,21.905088,18.142857,18.142857142857142,18.30265235900879,False
2025-11-12 20:00:00,MER,4.0,15.860842,14.5,14.5,18.30265235900879,False
2025-11-12 21:00:00,MER,5.0,10.685905,10.785714,10.785714285714286,18.30265235900879,False
2025-11-12 22:00:00,MER,5.0,5.511009,6.642857,6.642857142857143,18.30265235900879,False
2025-11-12 23:00:00,MER,3.0,5.2205467,6.214286,6.214285714285714,18.30265235900879,False
2025-11-13 03:00:00,MER,1.0,12.685814,4.714286,4.714285714285714,18.30265235900879,False
2025-11-13 04:00:00,MER,1.0,3.072058,3.857143,3.857142857142857,18.30265235900879,False
2025-11-13 05:00:00,MER,1.0,2.938501,3.642857,3.642857142857143,18.30265235900879,False
2025-11-13 06:00:00,MER,1.0,1.0902184,1.7142857,1.7142857142857142,18.30265235900879,False
2025-11-13 07:00:00,MER,2.0,1.2502837,2.4285715,2.4285714285714284,18.30265235900879,False
2025-11-13 08:00:00,MER,3.0,2.1214623,4.857143,4.857142857142857,18.30265235900879,False
2025-11-13 09:00:00,MER,6.0,7.1671605,12.142858,12.142857142857142,18.30265235900879,False
2025-11-13 10:00:00,MER,15.0,16.586784,24.357143,24.357142857142858,18.30265235900879,False
2025-11-13 11:00:00,MER,40.0,32.377663,41.42857,41.42857142857143,18.30265235900879,False
2025-11-13 12:00:00,MER,57.0,51.944008,58.42857,58.42857142857143,18.30265235900879,False
2025-11-13 13:00:00,MER,63.0,62.661472,69.0,69.0,18.30265235900879,False
2025-11-13 14:00:00,MER,81.0,66.873726,72.64286,72.64285714285714,18.30265235900879,False
2025-11-13 15:00:00,MER,83.0,69.902504,72.07143,72.07142857142857,18.30265235900879,False
2025-11-13 16:00:00,MER,73.0,72.128235,63.785713,63.785714285714285,18.30265235900879,False
2025-11-13 17:00:00,MER,37.0,59.96357,47.785713,47.785714285714285,18.30265235900879,True
2025-11-13 18:00:00,MER,14.0,32.850536,26.5,26.5,18.30265235900879,True
2025-11-13 19:00:00,MER,16.0,15.738992,18.714285,18.714285714285715,18.30265235900879,False
2025-11-13 20:00:00,MER,6.0,8.592407,13.857142,13.857142857142858,18.30265235900879,False
2025-11-13 21:00:00,MER,6.0,5.161395,10.714286,10.714285714285714,18.30265235900879,False
2025-11-13 22:00:00,MER,6.0,1.8221526,6.857143,6.857142857142857,18.30265235900879,False
2025-11-13 23:00:00,MER,4.0,1.3571868,6.357143,6.357142857142857,18.30265235900879,False
2025-11-14 00:00:00,MER,2.0,2.0140977,7.0,7.0,18.30265235900879,False
2025-11-14 01:00:00,MER,1.0,2.4612484,6.7272725,6.7272727272727275,18.30265235900879,False
2025-11-14 02:00:00,MER,1.0,2.7760231,6.3636365,6.363636363636363,18.30265235900879,False
2025-11-14 03:00:00,MER,1.0,1.8788362,4.714286,4.714285714285714,18.30265235900879,False
2025-11-14 04:00:00,MER,1.0,1.966785,3.857143,3.857142857142857,18.30265235900879,False
2025-11-14 05:00:00,MER,1.0,2.2588463,3.642857,3.642857142857143,18.30265235900879,False
2025-11-14 06:00:00,MER,1.0,0.4650023,1.7142857,1.7142857142857142,18.30265235900879,False
2025-11-14 07:00:00,MER,2.0,0.8448831,2.4285715,2.4285714285714284,18.30265235900879,False
2025-11-14 08:00:00,MER,2.0,2.3657446,4.857143,4.857142857142857,18.30265235900879,False
2025-11-14 09:00:00,MER,7.0,8.139953,11.785714,11.785714285714286,18.30265235900879,False
2025-11-14 10:00:00,MER,17.0,19.552486,23.857143,23.857142857142858,18.30265235900879,False
2025-11-14 11:00:00,MER,37.0,40.675037,41.214287,41.214285714285715,18.30265235900879,False
2025-11-14 12:00:00,MER,63.0,62.06536,58.142857,58.142857142857146,18.30265235900879,False
2025-11-14 13:00:00,MER,82.0,76.00593,67.64286,67.64285714285714,18.30265235900879,False
2025-11-14 14:00:00,MER,65.0,79.80657,72.28571,72.28571428571429,18.30265235900879,False
2025-11-14 15:00:00,MER,48.0,71.83362,71.5,71.5,18.30265235900879,True
2025-11-14 16:00:00,MER,37.0,58.416897,63.0,63.0,18.30265235900879,True
2025-11-14 17:00:00,MER,32.0,41.229145,46.285713,46.285714285714285,18.30265235900879,False
2025-11-14 18:00:00,MER,8.0,21.30515,24.928572,24.928571428571427,18.30265235900879,False
2025-11-14 19:00:00,MER,4.0,13.086885,18.714285,18.714285714285715,18.30265235900879,False
2025-11-14 20:00:00,MER,6.0,7.639365,13.642858,13.642857142857142,18.30265235900879,False
2025-11-14 21:00:00,MER,2.0,4.111716,10.642858,10.642857142857142,18.30265235900879,False
2025-11-14 22:00:00,MER,1.0,1.0771132,7.142857,7.142857142857143,18.30265235900879,False
2025-11-14 23:00:00,MER,1.0,0.9761696,6.428571,6.428571428571429,18.30265235900879,False
2025-11-15 00:00:00,MER,1.0,1.5642133,6.7272725,6.7272727272727275,18.30265235900879,False
2025-11-15 01:00:00,MER,2.0,1.8961387,6.7272725,6.7272727272727275,18.30265235900879,False
2025-11-15 02:00:00,MER,1.0,2.3514361,6.3636365,6.363636363636363,18.30265235900879,False
2025-11-15 03:00:00,MER,1.0,1.753931,4.714286,4.714285714285714,18.30265235900879,False
2025-11-15 04:00:00,MER,1.0,1.8484979,3.857143,3.857142857142857,18.30265235900879,False
2025-11-15 05:00:00,MER,1.0,2.261928,3.642857,3.642857142857143,18.30265235900879,False
2025-11-15 06:00:00,MER,1.0,0.55654263,1.7142857,1.7142857142857142,18.30265235900879,False
2025-11-15 07:00:00,MER,2.0,1.0386044,2.4285715,2.4285714285714284,18.30265235900879,False
2025-11-15 08:00:00,MER,2.0,2.5393002,4.714286,4.714285714285714,18.30265235900879,False
2025-11-15 09:00:00,MER,8.0,8.181876,11.214286,11.214285714285714,18.30265235900879,False
2025-11-15 10:00:00,MER,15.0,19.55268,22.285715,22.285714285714285,18.30265235900879,False
2025-11-15 11:00:00,MER,31.0,41.79113,40.285713,40.285714285714285,18.30265235900879,False
2025-11-15 12:00:00,MER,53.0,63.340977,57.92857,57.92857142857143,18.30265235900879,False
2025-11-15 13:00:00,MER,64.0,72.35215,68.35714,68.35714285714286,18.30265235900879,False
2025-11-15 14:00:00,MER,61.0,75.08228,72.21429,72.21428571428571,18.30265235900879,False
2025-11-15 15:00:00,MER,64.0,67.655685,69.85714,69.85714285714286,18.30265235900879,False
2025-11-15 16:00:00,MER,58.0,61.65731,61.42857,61.42857142857143,18.30265235900879,False
2025-11-15 17:00:00,MER,46.0,51.336266,45.214287,45.214285714285715,18.30265235900879,False
2025-11-15 18:00:00,MER,7.0,28.805794,23.928572,23.928571428571427,18.30265235900879,True
2025-11-15 19:00:00,MER,3.0,17.132734,17.928572,17.928571428571427,18.30265235900879,False
2025-11-15 20:00:00,MER,3.0,9.757745,13.214286,13.214285714285714,18.30265235900879,False
2025-11-15 21:00:00,MER,2.0,4.6268263,10.071428,10.071428571428571,18.30265235900879,False
2025-11-15 22:00:00,MER,2.0,0.9360056,7.071429,7.071428571428571,18.30265235900879,False
2025-11-15 23:00:00,MER,2.0,0.9639721,6.428571,6.428571428571429,18.30265235900879,False
2025-11-16 00:00:00,MER,1.0,0.93618536,6.25,6.25,18.30265235900879,False
2025-11-16 01:00:00,MER,1.0,1.4438124,6.3333335,6.333333333333333,18.30265235900879,False
2025-11-16 02:00:00,MER,1.0,1.7272367,5.9166665,5.916666666666667,18.30265235900879,False
2025-11-16 03:00:00,MER,3.0,1.8532493,4.714286,4.714285714285714,18.30265235900879,False
2025-11-16 04:00:00,MER,2.0,1.8599377,3.857143,3.857142857142857,18.30265235900879,False
2025-11-16 05:00:00,MER,1.0,2.034444,3.642857,3.642857142857143,18.30265235900879,False
2025-11-16 06:00:00,MER,1.0,0.3303944,1.7142857,1.7142857142857142,18.30265235900879,False
2025-11-16 07:00:00,MER,1.0,0.9488778,2.4285715,2.4285714285714284,18.30265235900879,False
2025-11-16 08:00:00,MER,4.0,2.7652934,4.642857,4.642857142857143,18.30265235900879,False
2025-11-16 09:00:00,MER,13.0,9.17224,10.571428,10.571428571428571,18.30265235900879,False
2025-11-16 10:00:00,MER,27.0,25.193068,20.857143,20.857142857142858,18.30265235900879,False
2025-11-16 11:00:00,MER,53.0,51.11316,38.357143,38.357142857142854,18.30265235900879,False
2025-11-16 12:00:00,MER,81.0,72.43982,56.285713,56.285714285714285,18.30265235900879,False
2025-11-16 13:00:00,MER,85.0,78.8232,66.57143,66.57142857142857,18.30265235900879,False
2025-11-16 14:00:00,MER,64.0,75.181595,70.35714,70.35714285714286,18.30265235900879,False
2025-11-16 15:00:00,MER,59.0,71.58096,69.64286,69.64285714285714,18.30265235900879,False
2025-11-16 16:00:00,MER,47.0,63.717625,62.07143,62.07142857142857,18.30265235900879,False
2025-11-16 17:00:00,MER,30.0,47.49896,45.357143,45.357142857142854,18.30265235900879,False
2025-11-16 18:00:00,MER,26.0,26.004156,22.5,22.5,18.30265235900879,False
2025-11-16 19:00:00,MER,13.0,18.18718,15.928572,15.928571428571429,18.30265235900879,False
2025-11-16 20:00:00,MER,11.0,11.630233,11.5,11.5,18.30265235900879,False
2025-11-16 21:00:00,MER,3.0,6.594862,8.5,8.5,18.30265235900879,False
2025-11-16 22:00:00,MER,1.0,2.2650995,6.785714,6.785714285714286,18.30265235900879,False
2025-11-16 23:00:00,MER,1.0,1.4022756,6.285714,6.285714285714286,18.30265235900879,False
2025-11-17 00:00:00,MER,1.0,0.9620905,6.1666665,6.166666666666667,18.30265235900879,False
2025-11-17 01:00:00,MER,1.0,1.896924,6.3333335,6.333333333333333,18.30265235900879,False
2025-11-17 02:00:00,MER,1.0,2.4753654,5.8333335,5.833333333333333,18.30265235900879,False
2025-11-17 03:00:00,MER,1.0,2.3547432,4.857143,4.857142857142857,18.30265235900879,False
2025-11-17 04:00:00,MER,1.0,2.3008478,3.9285715,3.9285714285714284,18.30265235900879,False
2025-11-17 05:00:00,MER,1.0,2.5443897,3.642857,3.642857142857143,18.30265235900879,False
2025-11-17 06:00:00,MER,1.0,0.78784937,1.7142857,1.7142857142857142,18.30265235900879,False
2025-11-17 07:00:00,MER,1.0,1.1952555,2.357143,2.357142857142857,18.30265235900879,False
2025-11-17 08:00:00,MER,2.0,2.5434756,4.0,4.0,18.30265235900879,False
2025-11-17 09:00:00,MER,7.0,8.810588,9.857142,9.857142857142858,18.30265235900879,False
2025-11-17 10:00:00,MER,24.0,21.589863,20.0,20.0,18.30265235900879,False
2025-11-17 11:00:00,MER,57.0,43.964146,39.42857,39.42857142857143,18.30265235900879,False
2025-11-17 12:00:00,MER,62.0,70.89987,58.92857,58.92857142857143,18.30265235900879,False
2025-11-17 13:00:00,MER,73.0,80.47637,68.85714,68.85714285714286,18.30265235900879,False
2025-11-17 14:00:00,MER,85.0,77.05206,71.07143,71.07142857142857,18.30265235900879,False
2025-11-17 15:00:00,MER,80.0,76.78849,69.85714,69.85714285714286,18.30265235900879,False
2025-11-17 16:00:00,MER,76.0,72.92,61.92857,61.92857142857143,18.30265235900879,False
2025-11-17 17:00:00,MER,52.0,59.653408,44.57143,44.57142857142857,18.30265235900879,False
2025-11-17 18:00:00,MER,31.0,32.17283,22.214285,22.214285714285715,18.30265235900879,False
2025-11-17 19:00:00,MER,17.0,16.366852,15.357142,15.357142857142858,18.30265235900879,False
2025-11-17 20:00:00,MER,5.0,11.27941,11.071428,11.071428571428571,18.30265235900879,False
2025-11-17 21:00:00,MER,3.0,4.2704535,7.428571,7.428571428571429,18.30265235900879,False
2025-11-17 22:00:00,MER,1.0,2.8861196,5.785714,5.785714285714286,18.30265235900879,False
2025-11-17 23:00:00,MER,1.0,0.9073806,5.285714,5.285714285714286,18.30265235900879,False
2025-11-18 00:00:00,MER,1.0,-0.27123594,5.0,5.0,18.30265235900879,False
2025-11-18 01:00:00,MER,1.0,0.5215721,5.1666665,5.166666666666667,18.30265235900879,False
2025-11-18 02:00:00,MER,1.0,0.08232641,4.25,4.25,18.30265235900879,False
2025-11-18 03:00:00,MER,1.0,0.5038574,4.357143,4.357142857142857,18.30265235900879,False
2025-11-18 04:00:00,MER,1.0,0.6474967,3.5714285,3.5714285714285716,18.30265235900879,False
2025-11-18 05:00:00,MER,1.0,0.8204818,3.5714285,3.5714285714285716,18.30265235900879,False
2025-11-18 06:00:00,MER,1.0,-0.92153466,1.7142857,1.7142857142857142,18.30265235900879,False
2025-11-18 07:00:00,MER,1.0,-1.0168457,2.2142856,2.2142857142857144,18.30265235900879,False
2025-11-18 08:00:00,MER,3.0,-0.4643662,3.5714285,3.5714285714285716,18.30265235900879,False
2025-11-18 09:00:00,MER,11.0,4.283095,9.142858,9.142857142857142,18.30265235900879,False
2025-11-18 10:00:00,MER,34.0,15.886377,20.285715,20.285714285714285,18.30265235900879,False
2025-11-18 11:00:00,MER,62.0,43.51715,41.285713,41.285714285714285,18.30265235900879,True
2025-11-18 12:00:00,MER,73.0,65.91776,59.714287,59.714285714285715,18.30265235900879,False
2025-11-18 13:00:00,MER,71.0,74.94606,69.78571,69.78571428571429,18.30265235900879,False
2025-11-18 14:00:00,MER,69.0,73.35808,72.64286,72.64285714285714,18.30265235900879,False
2025-11-18 15:00:00,MER,55.0,68.27826,71.07143,71.07142857142857,18.30265235900879,False
2025-11-18 16:00:00,MER,51.0,59.613136,63.285713,63.285714285714285,18.30265235900879,False
2025-11-18 17:00:00,MER,41.0,44.278343,45.142857,45.142857142857146,18.30265235900879,False
2025-11-18 18:00:00,MER,12.0,22.455927,22.642857,22.642857142857142,18.30265235900879,False
2025-11-18 19:00:00,MER,16.0,9.723907,15.0,15.0,18.30265235900879,False
2025-11-18 20:00:00,MER,5.0,4.1337056,10.071428,10.071428571428571,18.30265235900879,False
2025-11-18 21:00:00,MER,3.0,0.49234867,6.428571,6.428571428571429,18.30265235900879,False
2025-11-18 22:00:00,MER,4.0,-1.1925626,5.0,5.0,18.30265235900879,False
2025-11-18 23:00:00,MER,3.0,-1.6868896,4.5,4.5,18.30265235900879,False
2025-11-19 03:00:00,MER,1.0,10.425723,3.9285715,3.9285714285714284,18.30265235900879,False
2025-11-19 04:00:00,MER,1.0,1.5077205,3.357143,3.357142857142857,18.30265235900879,False
2025-11-19 05:00:00,MER,1.0,1.4740071,3.5,3.5,18.30265235900879,False
2025-11-19 06:00:00,MER,1.0,0.010070443,1.7142857,1.7142857142857142,18.30265235900879,False
2025-11-19 07:00:00,MER,1.0,0.35307813,2.142857,2.142857142857143,18.30265235900879,False
2025-11-19 08:00:00,MER,2.0,1.1405096,3.5714285,3.5714285714285716,18.30265235900879,False
2025-11-19 09:00:00,MER,4.0,5.876115,9.285714,9.285714285714286,18.30265235900879,False
2025-11-19 10:00:00,MER,19.0,18.1866,21.5,21.5,18.30265235900879,False
2025-11-19 11:00:00,MER,38.0,43.398125,43.642857,43.642857142857146,18.30265235900879,False
2025-11-19 12:00:00,MER,53.0,63.054382,61.857143,61.857142857142854,18.30265235900879,False
2025-11-19 13:00:00,MER,53.0,67.01988,69.78571,69.78571428571429,18.30265235900879,False
2025-11-19 14:00:00,MER,58.0,64.625114,72.07143,72.07142857142857,18.30265235900879,False
2025-11-19 15:00:00,MER,50.0,66.48881,69.92857,69.92857142857143,18.30265235900879,False
2025-11-19 16:00:00,MER,44.0,63.4552,62.42857,62.42857142857143,18.30265235900879,True
2025-11-19 17:00:00,MER,30.0,47.89902,44.214287,44.214285714285715,18.30265235900879,False
2025-11-19 18:00:00,MER,16.0,22.991488,21.0,21.0,18.30265235900879,False
2025-11-19 19:00:00,MER,7.0,14.316528,15.214286,15.214285714285714,18.30265235900879,False
2025-11-19 20:00:00,MER,4.0,6.9875464,10.071428,10.071428571428571,18.30265235900879,False
2025-11-19 21:00:00,MER,1.0,1.5106654,6.357143,6.357142857142857,18.30265235900879,False
2025-11-19 22:00:00,MER,1.0,0.2757244,5.142857,5.142857142857143,18.30265235900879,False
2025-11-19 23:00:00,MER,1.0,0.106508255,4.571429,4.571428571428571,18.30265235900879,False
2025-11-20 00:00:00,MER,1.0,-0.15443802,4.3636365,4.363636363636363,18.30265235900879,False
2025-11-20 01:00:00,MER,1.0,0.7750232,4.6363635,4.636363636363637,18.30265235900879,False
2025-11-20 02:00:00,MER,1.0,1.028348,4.2727275,4.2727272727272725,18.30265235900879,False
2025-11-20 03:00:00,MER,1.0,1.5193019,3.7857144,3.7857142857142856,18.30265235900879,False
2025-11-20 04:00:00,MER,1.0,1.5992606,3.2142856,3.2142857142857144,18.30265235900879,False
2025-11-20 05:00:00,MER,1.0,2.232236,3.5,3.5,18.30265235900879,False
2025-11-20 06:00:00,MER,1.0,0.18583846,1.6428572,1.6428571428571428,18.30265235900879,False
2025-11-20 07:00:00,MER,1.0,-0.13644528,1.9285715,1.9285714285714286,18.30265235900879,False
2025-11-20 08:00:00,MER,2.0,-0.08049154,3.142857,3.142857142857143,18.30265235900879,False
2025-11-20 09:00:00,MER,8.0,3.919681,8.571428,8.571428571428571,18.30265235900879,False
2025-11-20 14:00:00,MER,91.0,76.945526,71.07143,71.07142857142857,18.30265235900879,False
2025-11-20 15:00:00,MER,94.0,78.18983,68.21429,68.21428571428571,18.30265235900879,False
2025-11-20 16:00:00,MER,109.0,83.05478,61.142857,61.142857142857146,18.30265235900879,True
2025-11-20 17:00:00,MER,75.0,67.428345,43.0,43.0,18.30265235900879,False
2025-11-20 18:00:00,MER,33.0,38.67801,19.928572,19.928571428571427,18.30265235900879,False
2025-11-20 19:00:00,MER,19.0,16.631496,14.142858,14.142857142857142,18.30265235900879,False
2025-11-20 20:00:00,MER,4.0,8.960146,9.428572,9.428571428571429,18.30265235900879,False
2025-11-20 21:00:00,MER,5.0,2.3923311,5.928571,5.928571428571429,18.30265235900879,False
2025-11-20 22:00:00,MER,6.0,-1.546751,5.0,5.0,18.30265235900879,False
2025-11-20 23:00:00,MER,5.0,-1.8418093,4.071429,4.071428571428571,18.30265235900879,False
2025-11-21 00:00:00,MER,3.0,-1.3798387,3.7272727,3.727272727272727,18.30265235900879,False
2025-11-21 01:00:00,MER,2.0,-0.8511994,3.7272727,3.727272727272727,18.30265235900879,False
2025-11-21 02:00:00,MER,3.0,0.82889485,3.5454545,3.5454545454545454,18.30265235900879,False
2025-11-21 03:00:00,MER,3.0,1.3585231,3.4285715,3.4285714285714284,18.30265235900879,False
2025-11-21 04:00:00,MER,1.0,2.6577544,3.2142856,3.2142857142857144,18.30265235900879,False
2025-11-21 05:00:00,MER,1.0,3.8130064,3.5,3.5,18.30265235900879,False
2025-11-21 06:00:00,MER,1.0,1.2284513,1.6428572,1.6428571428571428,18.30265235900879,False
2025-11-21 07:00:00,MER,2.0,1.0914366,1.8571428,1.8571428571428572,18.30265235900879,False
2025-11-21 08:00:00,MER,3.0,1.6319575,3.142857,3.142857142857143,18.30265235900879,False
2025-11-21 09:00:00,MER,10.0,6.2311954,8.571428,8.571428571428571,18.30265235900879,False
2025-11-21 10:00:00,MER,35.0,21.538841,21.538462,21.53846153846154,18.30265235900879,False
2025-11-21 11:00:00,MER,53.0,52.72719,44.46154,44.46153846153846,18.30265235900879,False
2025-11-21 12:00:00,MER,65.0,76.34305,61.53846,61.53846153846154,18.30265235900879,False
2025-11-21 13:00:00,MER,71.0,84.69562,68.53846,68.53846153846153,18.30265235900879,False
2025-11-21 14:00:00,MER,71.0,90.18984,72.35714,72.35714285714286,18.30265235900879,True
2025-11-21 15:00:00,MER,63.0,84.93516,69.07143,69.07142857142857,18.30265235900879,True
2025-11-21 16:00:00,MER,57.0,76.58891,63.142857,63.142857142857146,18.30265235900879,True
2025-11-21 17:00:00,MER,34.0,54.55513,43.785713,43.785714285714285,18.30265235900879,True
2025-11-21 18:00:00,MER,29.0,25.430717,21.214285,21.214285714285715,18.30265235900879,False
2025-11-21 19:00:00,MER,25.0,14.378735,14.357142,14.357142857142858,18.30265235900879,False
2025-11-21 20:00:00,MER,12.0,9.666916,8.5,8.5,18.30265235900879,False
2025-11-21 21:00:00,MER,8.0,6.3797064,6.0,6.0,18.30265235900879,False
2025-11-21 22:00:00,MER,3.0,3.0451798,4.928571,4.928571428571429,18.30265235900879,False
2025-11-21 23:00:00,MER,3.0,3.597153,4.142857,4.142857142857143,18.30265235900879,False
2025-11-22 00:00:00,MER,6.0,5.8673863,3.6666667,3.6666666666666665,18.30265235900879,False
2025-11-22 01:00:00,MER,9.0,7.8822384,3.5833333,3.5833333333333335,18.30265235900879,False
2025-11-22 02:00:00,MER,3.0,6.4921875,3.5,3.5,18.30265235900879,False
2025-11-22 03:00:00,MER,1.0,6.353635,3.5714285,3.5714285714285716,18.30265235900879,False
2025-11-22 04:00:00,MER,1.0,6.122338,3.2142856,3.2142857142857144,18.30265235900879,False
2025-11-22 05:00:00,MER,1.0,7.1083145,3.5,3.5,18.30265235900879,False
2025-11-22 06:00:00,MER,1.0,4.2302003,1.6428572,1.6428571428571428,18.30265235900879,False
2025-11-22 07:00:00,MER,1.0,3.5095797,1.8571428,1.8571428571428572,18.30265235900879,False
2025-11-22 08:00:00,MER,3.0,3.824131,3.142857,3.142857142857143,18.30265235900879,False
2025-11-22 09:00:00,MER,7.0,8.067337,8.5,8.5,18.30265235900879,False
2025-11-22 10:00:00,MER,24.0,22.780746,22.307692,22.307692307692307,18.30265235900879,False
2025-11-22 11:00:00,MER,45.0,47.218563,44.76923,44.76923076923077,18.30265235900879,False
2025-11-22 12:00:00,MER,59.0,62.80549,60.307693,60.30769230769231,18.30265235900879,False
2025-11-22 13:00:00,MER,63.0,67.21039,66.38461,66.38461538461539,18.30265235900879,False
2025-11-22 14:00:00,MER,63.0,69.705246,69.07143,69.07142857142857,18.30265235900879,False
2025-11-22 15:00:00,MER,62.0,68.473785,65.0,65.0,18.30265235900879,False
2025-11-22 16:00:00,MER,47.0,64.11574,59.285713,59.285714285714285,18.30265235900879,False
2025-11-22 17:00:00,MER,24.0,43.367573,40.0,40.0,18.30265235900879,True
2025-11-22 18:00:00,MER,14.0,18.221308,20.642857,20.642857142857142,18.30265235900879,False
2025-11-22 19:00:00,MER,14.0,8.538029,14.714286,14.714285714285714,18.30265235900879,False
2025-11-22 20:00:00,MER,13.0,2.2908063,8.785714,8.785714285714286,18.30265235900879,False
2025-11-22 21:00:00,MER,13.0,1.6169152,6.428571,6.428571428571429,18.30265235900879,False
2025-11-22 22:00:00,MER,11.0,1.8546026,5.0,5.0,18.30265235900879,False
2025-11-22 23:00:00,MER,11.0,2.910597,4.142857,4.142857142857143,18.30265235900879,False
2025-11-23 00:00:00,MER,6.0,2.9142976,3.9166667,3.9166666666666665,18.30265235900879,False
2025-11-23 01:00:00,MER,4.0,3.983404,4.1666665,4.166666666666667,18.30265235900879,False
2025-11-23 02:00:00,MER,1.0,3.4693434,3.5833333,3.5833333333333335,18.30265235900879,False
2025-11-23 03:00:00,MER,1.0,4.6174135,3.5714285,3.5714285714285716,18.30265235900879,False
2025-11-23 04:00:00,MER,1.0,4.8621745,3.2142856,3.2142857142857144,18.30265235900879,False
2025-11-23 05:00:00,MER,1.0,5.455264,3.5,3.5,18.30265235900879,False
2025-11-23 06:00:00,MER,1.0,4.009911,1.6428572,1.6428571428571428,18.30265235900879,False
2025-11-23 07:00:00,MER,1.0,3.8162684,1.7857143,1.7857142857142858,18.30265235900879,False
2025-11-23 08:00:00,MER,3.0,3.5349765,3.142857,3.142857142857143,18.30265235900879,False
2025-11-23 09:00:00,MER,13.0,6.5192623,8.285714,8.285714285714286,18.30265235900879,False
2025-11-23 10:00:00,MER,23.0,20.005487,22.0,22.0,18.30265235900879,False
2025-11-23 11:00:00,MER,34.0,39.660286,43.46154,43.46153846153846,18.30265235900879,False
2025-11-23 12:00:00,MER,40.0,53.648705,59.076923,59.07692307692308,18.30265235900879,False
2025-11-23 13:00:00,MER,48.0,59.66137,64.84615,64.84615384615384,18.30265235900879,False
2025-11-23 14:00:00,MER,48.0,63.72029,67.07143,67.07142857142857,18.30265235900879,False
2025-11-23 15:00:00,MER,49.0,61.554108,62.642857,62.642857142857146,18.30265235900879,False
2025-11-23 16:00:00,MER,51.0,56.779724,55.714287,55.714285714285715,18.30265235900879,False
2025-11-23 17:00:00,MER,39.0,40.86718,37.57143,37.57142857142857,18.30265235900879,False
2025-11-23 18:00:00,MER,24.0,22.62848,20.428572,20.428571428571427,18.30265235900879,False
2025-11-23 19:00:00,MER,13.0,13.602676,14.642858,14.642857142857142,18.30265235900879,False
2025-11-23 20:00:00,MER,8.0,6.123906,8.714286,8.714285714285714,18.30265235900879,False
2025-11-23 21:00:00,MER,3.0,2.7898974,7.0,7.0,18.30265235900879,False
2025-11-23 22:00:00,MER,2.0,0.46302795,5.428571,5.428571428571429,18.30265235900879,False
2025-11-23 23:00:00,MER,1.0,0.355484,4.642857,4.642857142857143,18.30265235900879,False
2025-11-24 00:00:00,MER,2.0,0.017478943,4.25,4.25,18.30265235900879,False
2025-11-24 01:00:00,MER,1.0,0.6169436,4.4166665,4.416666666666667,18.30265235900879,False
2025-11-24 02:00:00,MER,1.0,0.40612745,3.5833333,3.5833333333333335,18.30265235900879,False
2025-11-24 03:00:00,MER,2.0,1.7384417,3.5714285,3.5714285714285716,18.30265235900879,False
2025-11-24 04:00:00,MER,1.0,2.6819966,3.2142856,3.2142857142857144,18.30265235900879,False
2025-11-24 05:00:00,MER,1.0,3.8032255,3.5,3.5,18.30265235900879,False
2025-11-24 06:00:00,MER,1.0,2.339047,1.6428572,1.6428571428571428,18.30265235900879,False
2025-11-24 07:00:00,MER,1.0,2.3853033,1.7142857,1.7142857142857142,18.30265235900879,False
2025-11-24 08:00:00,MER,2.0,2.6513684,2.9285715,2.9285714285714284,18.30265235900879,False
2025-11-24 09:00:00,MER,7.0,6.8041677,8.428572,8.428571428571429,18.30265235900879,False
2025-11-24 10:00:00,MER,27.0,20.029629,21.076923,21.076923076923077,18.30265235900879,False
2025-11-28 00:00:00,MER,16.0,1.9559352,2.4,2.4,18.30265235900879,False
2025-11-28 01:00:00,MER,21.0,4.1846313,2.3,2.3,18.30265235900879,False
2025-11-28 02:00:00,MER,26.0,6.1440682,1.4,1.4,18.30265235900879,True
2025-11-28 03:00:00,MER,25.0,8.116193,1.4545455,1.4545454545454546,18.30265235900879,False
2025-11-28 04:00:00,MER,26.0,9.263931,1.0909091,1.0909090909090908,18.30265235900879,False
2025-11-28 05:00:00,MER,15.0,8.007753,1.0,1.0,18.30265235900879,False
2025-11-28 06:00:00,MER,13.0,3.834901,1.0,1.0,18.30265235900879,False
2025-11-28 07:00:00,MER,5.0,0.33539188,1.2727273,1.2727272727272727,18.30265235900879,False
2025-11-28 08:00:00,MER,6.0,-0.78177285,2.5454545,2.5454545454545454,18.30265235900879,False
2025-11-28 09:00:00,MER,7.0,5.397311,8.636364,8.636363636363637,18.30265235900879,False
2025-11-28 10:00:00,MER,14.0,19.538492,24.5,24.5,18.30265235900879,False
2025-11-28 11:00:00,MER,17.0,38.55587,45.555557,45.55555555555556,18.30265235900879,True
2025-11-28 12:00:00,MER,18.0,53.016556,61.0,61.0,18.30265235900879,True
2025-11-28 13:00:00,MER,17.0,57.592785,67.77778,67.77777777777777,18.30265235900879,True
2025-11-28 14:00:00,MER,15.0,56.59201,67.5,67.5,18.30265235900879,True
2025-11-28 15:00:00,MER,20.0,51.89991,62.4,62.4,18.30265235900879,True
2025-11-28 16:00:00,MER,21.0,50.179203,57.7,57.7,18.30265235900879,True
2025-11-28 17:00:00,MER,12.0,33.83975,40.3,40.3,18.30265235900879,True
2025-11-28 18:00:00,MER,5.0,10.794782,20.0,20.0,18.30265235900879,False
2025-11-28 19:00:00,MER,3.0,3.3175573,13.1,13.1,18.30265235900879,False
2025-11-28 20:00:00,MER,2.0,-2.072454,7.1,7.1,18.30265235900879,False
2025-11-28 21:00:00,MER,4.0,-3.5418673,4.3,4.3,18.30265235900879,False
2025-11-28 22:00:00,MER,3.0,-3.065818,3.2,3.2,18.30265235900879,False
2025-11-28 23:00:00,MER,2.0,-2.4045954,2.9,2.9,18.30265235900879,False
2025-11-29 00:00:00,MER,1.0,-0.5564754,3.8,3.8,18.30265235900879,False
2025-11-29 01:00:00,MER,1.0,0.9027705,4.3,4.3,18.30265235900879,False
2025-11-29 02:00:00,MER,1.0,1.3311558,3.9,3.9,18.30265235900879,False
2025-11-29 03:00:00,MER,1.0,1.5819621,3.6363637,3.6363636363636362,18.30265235900879,False
2025-11-29 04:00:00,MER,1.0,1.578439,3.3636363,3.3636363636363638,18.30265235900879,False
2025-11-29 05:00:00,MER,1.0,0.32134056,2.2727273,2.272727272727273,18.30265235900879,False
2025-11-29 06:00:00,MER,1.0,-0.48737836,2.090909,2.090909090909091,18.30265235900879,False
2025-11-29 07:00:00,MER,2.0,-2.0539916,1.5454545,1.5454545454545454,18.30265235900879,False
2025-11-29 08:00:00,MER,3.0,-2.5866876,2.909091,2.909090909090909,18.30265235900879,False
2025-11-29 09:00:00,MER,5.0,1.4571843,8.636364,8.636363636363637,18.30265235900879,False
2025-11-29 10:00:00,MER,15.0,16.351585,24.2,24.2,18.30265235900879,False
2025-11-29 11:00:00,MER,36.0,38.906975,43.333332,43.333333333333336,18.30265235900879,False
2025-11-29 12:00:00,MER,64.0,59.261745,56.0,56.0,18.30265235900879,False
2025-11-29 13:00:00,MER,71.0,69.610886,60.555557,60.55555555555556,18.30265235900879,False
2025-11-29 14:00:00,MER,68.0,72.77559,62.5,62.5,18.30265235900879,False
2025-11-29 15:00:00,MER,57.0,67.78158,59.6,59.6,18.30265235900879,False
2025-11-29 16:00:00,MER,48.0,62.46216,56.1,56.1,18.30265235900879,False
2025-11-29 17:00:00,MER,32.0,41.841007,38.3,38.3,18.30265235900879,False
2025-11-29 18:00:00,MER,13.0,19.499754,19.7,19.7,18.30265235900879,False
2025-11-29 19:00:00,MER,4.0,6.86017,13.0,13.0,18.30265235900879,False
2025-11-29 20:00:00,MER,10.0,-0.86534977,6.7,6.7,18.30265235900879,False
2025-11-29 21:00:00,MER,9.0,-1.1559834,4.5,4.5,18.30265235900879,False
2025-11-29 22:00:00,MER,6.0,-1.8837461,3.4,3.4,18.30265235900879,False
2025-11-29 23:00:00,MER,3.0,-2.6028638,3.0,3.0,18.30265235900879,False
2025-11-30 00:00:00,MER,3.0,-1.1512115,3.8,3.8,18.30265235900879,False
2025-11-30 01:00:00,MER,3.0,0.16288376,4.2,4.2,18.30265235900879,False
2025-11-30 02:00:00,MER,7.0,0.2888763,3.9,3.9,18.30265235900879,False
2025-11-30 03:00:00,MER,12.0,1.1897731,3.6363637,3.6363636363636362,18.30265235900879,False
2025-11-30 04:00:00,MER,3.0,1.0386531,3.3636363,3.3636363636363638,18.30265235900879,False
2025-11-30 05:00:00,MER,3.0,0.2590475,2.2727273,2.272727272727273,18.30265235900879,False
2025-11-30 06:00:00,MER,2.0,-0.06477952,2.090909,2.090909090909091,18.30265235900879,False
2025-11-30 07:00:00,MER,3.0,-0.9164307,1.5454545,1.5454545454545454,18.30265235900879,False
2025-11-30 08:00:00,MER,5.0,-0.67444396,3.0,3.0,18.30265235900879,False
2025-11-30 09:00:00,MER,20.0,3.4313717,8.363636,8.363636363636363,18.30265235900879,False
2025-11-30 10:00:00,MER,45.0,21.605415,24.2,24.2,18.30265235900879,True
2025-11-30 11:00:00,MER,57.0,50.456448,43.88889,43.888888888888886,18.30265235900879,False
2025-11-30 12:00:00,MER,71.0,70.91757,57.22222,57.22222222222222,18.30265235900879,False
2025-11-30 13:00:00,MER,79.0,75.44244,61.333332,61.333333333333336,18.30265235900879,False
2025-11-30 14:00:00,MER,89.0,76.31968,63.2,63.2,18.30265235900879,False
2025-11-30 15:00:00,MER,93.0,72.8505,58.9,58.9,18.30265235900879,True
2025-11-30 16:00:00,MER,100.0,70.82402,55.1,55.1,18.30265235900879,True
2025-11-30 17:00:00,MER,82.0,55.147125,36.9,36.9,18.30265235900879,True
2025-11-30 18:00:00,MER,47.0,36.558617,20.3,20.3,18.30265235900879,False
2025-11-30 19:00:00,MER,37.0,23.603302,13.1,13.1,18.30265235900879,False
2025-11-30 20:00:00,MER,31.0,17.605183,7.4,7.4,18.30265235900879,False
2025-11-30 21:00:00,MER,13.0,14.898449,5.2,5.2,18.30265235900879,False
2025-11-30 22:00:00,MER,11.0,9.503482,3.8,3.8,18.30265235900879,False
2025-11-30 23:00:00,MER,15.0,5.281376,3.1,3.1,18.30265235900879,False
2025-12-01 03:00:00,MER,4.0,12.925198,4.4545455,4.454545454545454,18.30265235900879,False
2025-12-01 04:00:00,MER,1.0,4.558012,3.4545455,3.4545454545454546,18.30265235900879,False
2025-12-01 05:00:00,MER,2.0,2.2283869,2.4545455,2.4545454545454546,18.30265235900879,False
2025-12-01 06:00:00,MER,2.0,1.0784962,2.1818182,2.1818181818181817,18.30265235900879,False
2025-12-01 07:00:00,MER,3.0,-0.018043995,1.7272727,1.7272727272727273,18.30265235900879,False
2025-12-01 08:00:00,MER,4.0,0.43738818,3.090909,3.090909090909091,18.30265235900879,False
2025-12-01 09:00:00,MER,9.0,5.6785192,9.0,9.0,18.30265235900879,False
2025-12-01 10:00:00,MER,21.0,22.78255,26.0,26.0,18.30265235900879,False
2025-12-01 11:00:00,MER,48.0,44.644344,44.333332,44.333333333333336,18.30265235900879,False
2025-12-01 12:00:00,MER,61.0,62.7659,56.11111,56.111111111111114,18.30265235900879,False
2025-12-01 13:00:00,MER,84.0,72.72715,60.666668,60.666666666666664,18.30265235900879,False
2025-12-01 14:00:00,MER,88.0,74.94958,65.7,65.7,18.30265235900879,False
2025-12-01 15:00:00,MER,85.0,71.1416,62.3,62.3,18.30265235900879,False
2025-12-01 16:00:00,MER,57.0,68.86026,60.4,60.4,18.30265235900879,False
2025-12-01 17:00:00,MER,43.0,45.144657,42.1,42.1,18.30265235900879,False
2025-12-01 18:00:00,MER,30.0,21.94967,22.4,22.4,18.30265235900879,False
2025-12-01 19:00:00,MER,20.0,15.798556,15.5,15.5,18.30265235900879,False
2025-12-01 20:00:00,MER,5.0,10.02336,9.4,9.4,18.30265235900879,False
2025-12-01 21:00:00,MER,2.0,4.3842096,6.2,6.2,18.30265235900879,False
2025-12-01 22:00:00,MER,2.0,2.4452136,4.8,4.8,18.30265235900879,False
2025-12-01 23:00:00,MER,2.0,0.92488813,4.5,4.5,18.30265235900879,False
2025-12-02 00:00:00,MER,2.0,0.930161,4.3333335,4.333333333333333,18.30265235900879,False
2025-12-02 01:00:00,MER,2.0,1.6629481,4.7777777,4.777777777777778,18.30265235900879,False
2025-12-02 02:00:00,MER,6.0,2.535148,4.888889,4.888888888888889,18.30265235900879,False
2025-12-02 03:00:00,MER,2.0,3.3290112,4.7272725,4.7272727272727275,18.30265235900879,False
2025-12-02 04:00:00,MER,2.0,2.9133587,3.4545455,3.4545454545454546,18.30265235900879,False
2025-12-02 05:00:00,MER,2.0,1.8144132,2.5454545,2.5454545454545454,18.30265235900879,False
2025-12-02 06:00:00,MER,2.0,1.3163242,2.2727273,2.272727272727273,18.30265235900879,False
2025-12-02 07:00:00,MER,2.0,0.5601376,1.9090909,1.9090909090909092,18.30265235900879,False
2025-12-02 08:00:00,MER,4.0,0.91822267,3.2727273,3.272727272727273,18.30265235900879,False
2025-12-02 09:00:00,MER,13.0,5.698185,9.181818,9.181818181818182,18.30265235900879,False
2025-12-02 10:00:00,MER,38.0,23.433813,25.7,25.7,18.30265235900879,False
2025-12-02 11:00:00,MER,67.0,49.612045,43.333332,43.333333333333336,18.30265235900879,False
2025-12-02 12:00:00,MER,84.0,71.00767,56.0,56.0,18.30265235900879,False
2025-12-02 13:00:00,MER,87.0,82.78369,61.88889,61.888888888888886,18.30265235900879,False
2025-12-02 14:00:00,MER,83.0,87.32048,66.0,66.0,18.30265235900879,False
2025-12-02 15:00:00,MER,69.0,80.97551,62.8,62.8,18.30265235900879,False
2025-12-02 16:00:00,MER,60.0,70.63969,58.5,58.5,18.30265235900879,False
2025-12-02 17:00:00,MER,60.0,48.434914,41.2,41.2,18.30265235900879,False
2025-12-02 18:00:00,MER,55.0,31.021465,22.3,22.3,18.30265235900879,True
2025-12-02 19:00:00,MER,41.0,27.267038,15.8,15.8,18.30265235900879,False
2025-12-02 20:00:00,MER,25.0,16.686916,9.4,9.4,18.30265235900879,False
2025-12-02 21:00:00,MER,2.0,8.251107,6.1,6.1,18.30265235900879,False
2025-12-02 22:00:00,MER,2.0,2.8102717,4.9,4.9,18.30265235900879,False
2025-12-02 23:00:00,MER,2.0,1.51986,4.6,4.6,18.30265235900879,False
2025-12-03 00:00:00,MER,1.0,1.2537851,4.4444447,4.444444444444445,18.30265235900879,False
2025-12-03 01:00:00,MER,2.0,1.51017,4.888889,4.888888888888889,18.30265235900879,False
2025-12-03 02:00:00,MER,1.0,2.9008276,5.4444447,5.444444444444445,18.30265235900879,False
2025-12-03 03:00:00,MER,2.0,3.948197,4.818182,4.818181818181818,18.30265235900879,False
2025-12-03 04:00:00,MER,2.0,4.102889,3.5454545,3.5454545454545454,18.30265235900879,False
2025-12-03 05:00:00,MER,2.0,4.1145883,2.6363637,2.6363636363636362,18.30265235900879,False
2025-12-03 06:00:00,MER,2.0,2.5535254,2.3636363,2.3636363636363638,18.30265235900879,False
2025-12-03 07:00:00,MER,2.0,1.2241764,2.0,2.0,18.30265235900879,False
2025-12-03 08:00:00,MER,3.0,1.8521273,3.3636363,3.3636363636363638,18.30265235900879,False
2025-12-03 09:00:00,MER,8.0,7.438759,9.363636,9.363636363636363,18.30265235900879,False
2025-12-03 10:00:00,MER,25.0,26.612196,26.1,26.1,18.30265235900879,False
2025-12-03 11:00:00,MER,46.0,50.512947,43.88889,43.888888888888886,18.30265235900879,False
2025-12-03 12:00:00,MER,67.0,72.4352,57.22222,57.22222222222222,18.30265235900879,False
2025-12-03 13:00:00,MER,77.0,85.76529,63.666668,63.666666666666664,18.30265235900879,False
2025-12-03 14:00:00,MER,98.0,90.163315,67.4,67.4,18.30265235900879,False
2025-12-03 15:00:00,MER,106.0,85.14122,64.2,64.2,18.30265235900879,True
2025-12-03 16:00:00,MER,62.0,75.91304,59.4,59.4,18.30265235900879,False
2025-12-03 17:00:00,MER,38.0,57.103367,43.1,43.1,18.30265235900879,True
2025-12-03 18:00:00,MER,27.0,35.314167,26.6,26.6,18.30265235900879,False
2025-12-03 19:00:00,MER,22.0,25.115292,18.3,18.3,18.30265235900879,False
2025-12-03 20:00:00,MER,24.0,16.57796,11.4,11.4,18.30265235900879,False
2025-12-03 21:00:00,MER,11.0,7.182085,6.0,6.0,18.30265235900879,False
2025-12-03 22:00:00,MER,2.0,2.2581074,4.7,4.7,18.30265235900879,False
2025-12-03 23:00:00,MER,2.0,2.552244,4.5,4.5,18.30265235900879,False
2025-12-04 00:00:00,MER,2.0,2.3398936,4.1,4.1,18.30265235900879,False
2025-12-04 01:00:00,MER,2.0,2.5522153,4.6,4.6,18.30265235900879,False
2025-12-04 02:00:00,MER,6.0,4.1351314,5.0,5.0,18.30265235900879,False
2025-12-04 03:00:00,MER,4.0,4.753675,4.909091,4.909090909090909,18.30265235900879,False
2025-12-04 04:00:00,MER,2.0,3.5660117,3.6363637,3.6363636363636362,18.30265235900879,False
2025-12-04 05:00:00,MER,2.0,2.3893466,2.7272727,2.727272727272727,18.30265235900879,False
2025-12-04 06:00:00,MER,2.0,1.7126925,2.4545455,2.4545454545454546,18.30265235900879,False
2025-12-04 07:00:00,MER,2.0,1.1695805,2.090909,2.090909090909091,18.30265235900879,False
2025-12-04 08:00:00,MER,4.0,1.8700739,3.4545455,3.4545454545454546,18.30265235900879,False
2025-12-04 09:00:00,MER,12.0,7.706408,9.727273,9.727272727272727,18.30265235900879,False
2025-12-04 10:00:00,MER,24.0,25.978085,26.7,26.7,18.30265235900879,False
2025-12-04 11:00:00,MER,49.0,50.27205,44.77778,44.77777777777778,18.30265235900879,False
2025-12-04 12:00:00,MER,80.0,69.52102,58.77778,58.77777777777778,18.30265235900879,False
2025-12-04 13:00:00,MER,100.0,82.9446,66.333336,66.33333333333333,18.30265235900879,False
2025-12-04 14:00:00,MER,99.0,91.101135,71.4,71.4,18.30265235900879,False
2025-12-04 15:00:00,MER,105.0,92.044815,69.8,69.8,18.30265235900879,False
2025-12-04 16:00:00,MER,97.0,87.26666,61.2,61.2,18.30265235900879,False
2025-12-04 17:00:00,MER,85.0,69.617676,43.9,43.9,18.30265235900879,False
2025-12-04 18:00:00,MER,51.0,41.3472,27.7,27.7,18.30265235900879,False
2025-12-04 19:00:00,MER,30.0,29.520252,19.8,19.8,18.30265235900879,False
2025-12-04 20:00:00,MER,30.0,20.535864,13.4,13.4,18.30265235900879,False
2025-12-04 21:00:00,MER,28.0,12.330164,7.0,7.0,18.30265235900879,False
2025-12-04 22:00:00,MER,31.0,10.098211,4.8,4.8,18.30265235900879,True
2025-12-04 23:00:00,MER,22.0,11.951413,4.6,4.6,18.30265235900879,False
2025-12-05 00:00:00,MER,16.0,10.584967,4.2,4.2,18.30265235900879,False
2025-12-05 01:00:00,MER,11.0,10.057108,4.7,4.7,18.30265235900879,False
2025-12-05 02:00:00,MER,13.0,11.499817,5.5,5.5,18.30265235900879,False
2025-12-05 03:00:00,MER,5.0,11.791127,5.181818,5.181818181818182,18.30265235900879,False
2025-12-05 04:00:00,MER,2.0,9.979941,3.7272727,3.727272727272727,18.30265235900879,False
2025-12-05 05:00:00,MER,1.0,6.9166355,2.8181818,2.8181818181818183,18.30265235900879,False
2025-12-05 06:00:00,MER,2.0,3.7161345,2.5454545,2.5454545454545454,18.30265235900879,False
2025-12-05 07:00:00,MER,2.0,2.5226784,2.1818182,2.1818181818181817,18.30265235900879,False
2025-12-05 08:00:00,MER,3.0,3.3170173,3.6363637,3.6363636363636362,18.30265235900879,False
2025-12-05 09:00:00,MER,8.0,9.63484,10.090909,10.090909090909092,18.30265235900879,False
2025-12-05 10:00:00,MER,22.0,27.18246,26.454546,26.454545454545453,18.30265235900879,False
2025-12-05 11:00:00,MER,42.0,47.19795,45.2,45.2,18.30265235900879,False
2025-12-05 12:00:00,MER,74.0,66.20795,60.9,60.9,18.30265235900879,False
2025-12-05 13:00:00,MER,86.0,81.50454,69.7,69.7,18.30265235900879,False
2025-12-05 14:00:00,MER,69.0,84.798485,72.2,72.2,18.30265235900879,False
2025-12-05 15:00:00,MER,66.0,76.87873,70.9,70.9,18.30265235900879,False
2025-12-05 16:00:00,MER,56.0,62.62029,60.0,60.0,18.30265235900879,False
2025-12-05 17:00:00,MER,53.0,48.61995,44.9,44.9,18.30265235900879,False
2025-12-05 18:00:00,MER,50.0,36.99726,29.5,29.5,18.30265235900879,False
2025-12-05 19:00:00,MER,35.0,29.787224,20.9,20.9,18.30265235900879,False
2025-12-05 20:00:00,MER,21.0,22.537224,16.0,16.0,18.30265235900879,False
2025-12-05 21:00:00,MER,13.0,12.966274,9.3,9.3,18.30265235900879,False
2025-12-05 22:00:00,MER,9.0,8.043375,7.3,7.3,18.30265235900879,False
2025-12-05 23:00:00,MER,10.0,5.6535273,6.3,6.3,18.30265235900879,False
2025-12-06 00:00:00,MER,7.0,5.1381054,5.5,5.5,18.30265235900879,False
2025-12-06 01:00:00,MER,2.0,6.336837,5.6,5.6,18.30265235900879,False
2025-12-06 02:00:00,MER,2.0,7.0169363,6.5,6.5,18.30265235900879,False
2025-12-06 03:00:00,MER,1.0,5.1836777,5.3636365,5.363636363636363,18.30265235900879,False
2025-12-06 04:00:00,MER,1.0,3.8856401,3.8181818,3.8181818181818183,18.30265235900879,False
2025-12-06 05:00:00,MER,1.0,2.916295,2.8181818,2.8181818181818183,18.30265235900879,False
2025-12-06 06:00:00,MER,1.0,1.7486815,2.6363637,2.6363636363636362,18.30265235900879,False
2025-12-06 07:00:00,MER,2.0,0.75853777,2.1818182,2.1818181818181817,18.30265235900879,False
2025-12-06 08:00:00,MER,4.0,1.8132875,3.6363637,3.6363636363636362,18.30265235900879,False
2025-12-06 09:00:00,MER,8.0,7.509082,9.909091,9.909090909090908,18.30265235900879,False
2025-12-06 10:00:00,MER,14.0,23.735573,25.272728,25.272727272727273,18.30265235900879,False
2025-12-06 11:00:00,MER,33.0,46.055534,44.1,44.1,18.30265235900879,False
2025-12-06 12:00:00,MER,58.0,68.47701,61.8,61.8,18.30265235900879,False
2025-12-06 13:00:00,MER,77.0,82.488174,71.2,71.2,18.30265235900879,False
2025-12-06 14:00:00,MER,75.0,84.82625,72.0,72.0,18.30265235900879,False
2025-12-06 15:00:00,MER,62.0,79.687035,71.2,71.2,18.30265235900879,False
2025-12-06 16:00:00,MER,27.0,64.809494,59.9,59.9,18.30265235900879,True
2025-12-06 17:00:00,MER,23.0,47.101463,46.8,46.8,18.30265235900879,True
2025-12-06 18:00:00,MER,14.0,32.00083,31.6,31.6,18.30265235900879,False
2025-12-06 19:00:00,MER,4.0,21.903477,21.9,21.9,18.30265235900879,False
2025-12-06 20:00:00,MER,7.0,16.288296,16.9,16.9,18.30265235900879,False
2025-12-06 21:00:00,MER,3.0,7.59605,9.8,9.8,18.30265235900879,False
2025-12-06 22:00:00,MER,1.0,4.5294065,7.9,7.9,18.30265235900879,False
2025-12-06 23:00:00,MER,1.0,2.9570322,7.0,7.0,18.30265235900879,False
2025-12-07 03:00:00,MER,1.0,9.749876,5.3636365,5.363636363636363,18.30265235900879,False
2025-12-07 04:00:00,MER,2.0,-0.57842803,3.8181818,3.8181818181818183,18.30265235900879,False
2025-12-07 05:00:00,MER,1.0,-1.4085062,2.8181818,2.8181818181818183,18.30265235900879,False
2025-12-07 06:00:00,MER,1.0,-1.0270593,2.6363637,2.6363636363636362,18.30265235900879,False
2025-12-07 07:00:00,MER,2.0,-1.0991318,2.2727273,2.272727272727273,18.30265235900879,False
2025-12-07 08:00:00,MER,4.0,-0.10597801,3.7272727,3.727272727272727,18.30265235900879,False
2025-12-07 09:00:00,MER,16.0,7.211914,10.0,10.0,18.30265235900879,False
2025-12-07 10:00:00,MER,37.0,24.82606,24.363636,24.363636363636363,18.30265235900879,False
2025-12-07 11:00:00,MER,49.0,51.600395,42.9,42.9,18.30265235900879,False
2025-12-07 12:00:00,MER,76.0,74.73764,61.7,61.7,18.30265235900879,False
2025-12-07 13:00:00,MER,99.0,87.27523,72.6,72.6,18.30265235900879,False
2025-12-07 14:00:00,MER,95.0,85.56834,73.2,73.2,18.30265235900879,False
2025-12-07 15:00:00,MER,94.0,85.6732,71.2,71.2,18.30265235900879,False
2025-12-07 16:00:00,MER,64.0,70.03552,57.9,57.9,18.30265235900879,False
2025-12-07 17:00:00,MER,42.0,57.043407,46.7,46.7,18.30265235900879,False
2025-12-07 18:00:00,MER,35.0,38.42376,31.6,31.6,18.30265235900879,False
2025-12-07 19:00:00,MER,33.0,27.86905,20.9,20.9,18.30265235900879,False
2025-12-07 20:00:00,MER,28.0,23.894087,16.3,16.3,18.30265235900879,False
2025-12-07 21:00:00,MER,20.0,12.562295,8.8,8.8,18.30265235900879,False
2025-12-07 22:00:00,MER,17.0,8.31371,6.9,6.9,18.30265235900879,False
2025-12-07 23:00:00,MER,12.0,6.6613183,6.0,6.0,18.30265235900879,False
2025-12-08 00:00:00,MER,19.0,8.383355,5.5555553,5.555555555555555,18.30265235900879,False
2025-12-08 01:00:00,MER,25.0,11.365013,5.0,5.0,18.30265235900879,False
2025-12-08 02:00:00,MER,24.0,16.509953,7.0,7.0,18.30265235900879,False
2025-12-08 03:00:00,MER,26.0,16.631947,5.3636365,5.363636363636363,18.30265235900879,False
2025-12-08 04:00:00,MER,23.0,16.281334,3.909091,3.909090909090909,18.30265235900879,False
2025-12-08 05:00:00,MER,20.0,14.387323,2.8181818,2.8181818181818183,18.30265235900879,False
2025-12-08 06:00:00,MER,8.0,10.660441,2.6363637,2.6363636363636362,18.30265235900879,False
2025-12-08 07:00:00,MER,7.0,6.3286076,2.3636363,2.3636363636363638,18.30265235900879,False
2025-12-08 08:00:00,MER,10.0,5.265547,3.8181818,3.8181818181818183,18.30265235900879,False
2025-12-08 09:00:00,MER,12.0,11.432404,10.272727,10.272727272727273,18.30265235900879,False
2025-12-08 10:00:00,MER,17.0,25.858555,25.636364,25.636363636363637,18.30265235900879,False
2025-12-08 16:00:00,MER,22.0,44.411777,59.2,59.2,18.30265235900879,True
2025-12-08 17:00:00,MER,10.0,35.40766,47.0,47.0,18.30265235900879,True
2025-12-08 18:00:00,MER,4.0,22.343372,32.7,32.7,18.30265235900879,True
2025-12-08 19:00:00,MER,3.0,12.200241,22.9,22.9,18.30265235900879,False
2025-12-08 20:00:00,MER,1.0,8.203449,18.3,18.3,18.30265235900879,False
2025-12-08 21:00:00,MER,1.0,0.81446266,10.5,10.5,18.30265235900879,False
2025-12-08 22:00:00,MER,2.0,-0.36676884,8.4,8.4,18.30265235900879,False
2025-12-08 23:00:00,MER,2.0,-0.3416729,7.1,7.1,18.30265235900879,False
2025-12-09 00:00:00,MER,2.0,0.81771374,7.4444447,7.444444444444445,18.30265235900879,False
2025-12-09 01:00:00,MER,1.0,2.5304508,7.6666665,7.666666666666667,18.30265235900879,False
2025-12-09 02:00:00,MER,1.0,5.5383973,9.555555,9.555555555555555,18.30265235900879,False
2025-12-09 03:00:00,MER,1.0,4.467874,7.5454545,7.545454545454546,18.30265235900879,False
2025-12-09 04:00:00,MER,1.0,3.6102147,5.909091,5.909090909090909,18.30265235900879,False
2025-12-09 05:00:00,MER,1.0,2.2669408,4.5454545,4.545454545454546,18.30265235900879,False
2025-12-09 06:00:00,MER,2.0,0.4966805,3.2727273,3.272727272727273,18.30265235900879,False
2025-12-09 07:00:00,MER,2.0,-0.77338576,2.909091,2.909090909090909,18.30265235900879,False
2025-12-09 08:00:00,MER,3.0,-0.5393667,4.5454545,4.545454545454546,18.30265235900879,False
2025-12-09 09:00:00,MER,11.0,3.828689,10.727273,10.727272727272727,18.30265235900879,False
2025-12-09 10:00:00,MER,26.0,16.027126,24.727272,24.727272727272727,18.30265235900879,False
2025-12-09 11:00:00,MER,44.0,38.13404,44.4,44.4,18.30265235900879,False
2025-12-09 12:00:00,MER,57.0,66.01006,65.3,65.3,18.30265235900879,False
2025-12-09 13:00:00,MER,73.0,87.45305,77.7,77.7,18.30265235900879,False
2025-12-09 14:00:00,MER,67.0,92.431656,77.9,77.9,18.30265235900879,True
2025-12-09 15:00:00,MER,45.0,88.431175,75.7,75.7,18.30265235900879,True
2025-12-09 16:00:00,MER,48.0,61.22897,55.81818,55.81818181818182,18.30265235900879,False
2025-12-09 17:00:00,MER,48.0,50.958668,43.636364,43.63636363636363,18.30265235900879,False
2025-12-09 18:00:00,MER,6.0,39.732124,30.09091,30.09090909090909,18.30265235900879,True
2025-12-09 19:00:00,MER,21.0,21.15514,21.09091,21.09090909090909,18.30265235900879,False
2025-12-09 20:00:00,MER,22.0,18.926746,16.727272,16.727272727272727,18.30265235900879,False
2025-12-09 21:00:00,MER,11.0,11.835045,9.636364,9.636363636363637,18.30265235900879,False
2025-12-09 22:00:00,MER,6.0,6.7867475,7.818182,7.818181818181818,18.30265235900879,False
2025-12-09 23:00:00,MER,3.0,3.8083117,6.6363635,6.636363636363637,18.30265235900879,False
2025-12-10 00:00:00,MER,4.0,4.7330837,6.9,6.9,18.30265235900879,False
2025-12-10 01:00:00,MER,11.0,7.668418,7.0,7.0,18.30265235900879,False
2025-12-10 02:00:00,MER,11.0,10.832739,8.7,8.7,18.30265235900879,False
2025-12-10 03:00:00,MER,1.0,7.681056,7.0,7.0,18.30265235900879,False
2025-12-10 04:00:00,MER,1.0,4.696667,5.5,5.5,18.30265235900879,False
2025-12-10 05:00:00,MER,1.0,2.6404295,4.25,4.25,18.30265235900879,False
2025-12-10 06:00:00,MER,2.0,1.7091947,3.1666667,3.1666666666666665,18.30265235900879,False
2025-12-10 07:00:00,MER,2.0,-0.20494843,2.8333333,2.8333333333333335,18.30265235900879,False
2025-12-10 08:00:00,MER,3.0,0.4371562,4.4166665,4.416666666666667,18.30265235900879,False
2025-12-10 09:00:00,MER,8.0,5.771358,10.75,10.75,18.30265235900879,False
2025-12-10 10:00:00,MER,19.0,19.976452,24.833334,24.833333333333332,18.30265235900879,False
2025-12-10 11:00:00,MER,44.0,42.532227,44.363636,44.36363636363637,18.30265235900879,False
2025-12-10 12:00:00,MER,65.0,63.951168,64.545456,64.54545454545455,18.30265235900879,False
2025-12-10 13:00:00,MER,65.0,79.24709,77.27273,77.27272727272727,18.30265235900879,False
2025-12-10 14:00:00,MER,54.0,80.28219,76.90909,76.9090909090909,18.30265235900879,True
2025-12-10 15:00:00,MER,46.0,75.786804,72.90909,72.9090909090909,18.30265235900879,True
2025-12-10 16:00:00,MER,42.0,52.168945,55.166668,55.166666666666664,18.30265235900879,False
2025-12-10 17:00:00,MER,22.0,40.89246,44.0,44.0,18.30265235900879,True
2025-12-10 18:00:00,MER,3.0,22.515635,28.083334,28.083333333333332,18.30265235900879,True
2025-12-10 19:00:00,MER,3.0,10.973249,21.083334,21.083333333333332,18.30265235900879,False
2025-12-10 20:00:00,MER,17.0,7.9466534,17.166666,17.166666666666668,18.30265235900879,False
2025-12-10 21:00:00,MER,17.0,2.9685664,9.75,9.75,18.30265235900879,False
2025-12-10 22:00:00,MER,15.0,3.1940203,7.6666665,7.666666666666667,18.30265235900879,False
2025-12-10 23:00:00,MER,6.0,2.2080688,6.3333335,6.333333333333333,18.30265235900879,False
2025-12-11 00:00:00,MER,12.0,3.0721152,6.6363635,6.636363636363637,18.30265235900879,False
2025-12-11 01:00:00,MER,5.0,5.109149,7.3636365,7.363636363636363,18.30265235900879,False
2025-12-11 02:00:00,MER,6.0,7.429598,8.909091,8.909090909090908,18.30265235900879,False
2025-12-11 03:00:00,MER,4.0,4.703533,6.5384617,6.538461538461538,18.30265235900879,False
2025-12-11 04:00:00,MER,3.0,2.5691442,5.1538463,5.153846153846154,18.30265235900879,False
2025-12-11 05:00:00,MER,2.0,1.2448995,4.0,4.0,18.30265235900879,False
2025-12-11 06:00:00,MER,2.0,-0.11299372,3.0769231,3.076923076923077,18.30265235900879,False
2025-12-11 07:00:00,MER,2.0,-1.0433137,2.7692308,2.769230769230769,18.30265235900879,False
2025-12-11 08:00:00,MER,4.0,-0.72388077,4.3076925,4.3076923076923075,18.30265235900879,False
2025-12-11 09:00:00,MER,9.0,3.4874768,10.538462,10.538461538461538,18.30265235900879,False
2025-12-11 10:00:00,MER,18.0,15.750918,24.384615,24.384615384615383,18.30265235900879,False
2025-12-11 11:00:00,MER,31.0,34.037853,44.333332,44.333333333333336,18.30265235900879,False
2025-12-11 12:00:00,MER,45.0,55.316357,64.583336,64.58333333333333,18.30265235900879,False
2025-12-11 13:00:00,MER,54.0,72.18328,76.25,76.25,18.30265235900879,False
2025-12-11 14:00:00,MER,68.0,79.98801,75.0,75.0,18.30265235900879,False
2025-12-11 15:00:00,MER,72.0,80.8416,70.666664,70.66666666666667,18.30265235900879,False
2025-12-11 16:00:00,MER,53.0,63.923637,54.153847,54.15384615384615,18.30265235900879,False
2025-12-11 17:00:00,MER,37.0,49.718124,42.307693,42.30769230769231,18.30265235900879,False
2025-12-11 18:00:00,MER,18.0,26.075445,26.153847,26.153846153846153,18.30265235900879,False
2025-12-11 19:00:00,MER,4.0,15.958974,19.692308,19.692307692307693,18.30265235900879,False
2025-12-11 20:00:00,MER,21.0,14.01102,17.153847,17.153846153846153,18.30265235900879,False
2025-12-11 21:00:00,MER,12.0,9.453992,10.307693,10.307692307692308,18.30265235900879,False
2025-12-11 22:00:00,MER,6.0,5.733595,8.230769,8.23076923076923,18.30265235900879,False
2025-12-11 23:00:00,MER,2.0,1.9033904,6.3076925,6.3076923076923075,18.30265235900879,False
2025-12-12 00:00:00,MER,2.0,0.82422495,7.0833335,7.083333333333333,18.30265235900879,False
2025-12-12 01:00:00,MER,2.0,0.11667347,7.1666665,7.166666666666667,18.30265235900879,False
2025-12-12 02:00:00,MER,2.0,1.7447405,8.666667,8.666666666666666,18.30265235900879,False
2025-12-12 03:00:00,MER,2.0,-0.01810646,6.357143,6.357142857142857,18.30265235900879,False
2025-12-12 04:00:00,MER,2.0,-0.91844845,5.0,5.0,18.30265235900879,False
2025-12-12 05:00:00,MER,2.0,-1.7101688,3.857143,3.857142857142857,18.30265235900879,False
2025-12-12 06:00:00,MER,2.0,-2.5395646,3.0,3.0,18.30265235900879,False
2025-12-12 07:00:00,MER,2.0,-3.5665228,2.7142856,2.7142857142857144,18.30265235900879,False
2025-12-12 08:00:00,MER,4.0,-3.5475793,4.285714,4.285714285714286,18.30265235900879,False
2025-12-12 09:00:00,MER,13.0,0.6175947,10.428572,10.428571428571429,18.30265235900879,False
2025-12-12 10:00:00,MER,21.0,12.323871,23.928572,23.928571428571427,18.30265235900879,False
2025-12-12 11:00:00,MER,51.0,33.033314,43.307693,43.30769230769231,18.30265235900879,False
2025-12-12 12:00:00,MER,79.0,59.289524,63.076923,63.07692307692308,18.30265235900879,True
2025-12-12 13:00:00,MER,95.0,78.22292,74.53846,74.53846153846153,18.30265235900879,False
2025-12-12 14:00:00,MER,87.0,76.041885,74.46154,74.46153846153847,18.30265235900879,False
2025-12-12 15:00:00,MER,55.0,67.50267,70.76923,70.76923076923077,18.30265235900879,False
2025-12-12 16:00:00,MER,34.0,43.70466,54.07143,54.07142857142857,18.30265235900879,False
2025-12-12 17:00:00,MER,24.0,25.405107,41.92857,41.92857142857143,18.30265235900879,False
2025-12-12 18:00:00,MER,4.0,10.779233,25.571428,25.571428571428573,18.30265235900879,False
2025-12-12 19:00:00,MER,6.0,6.021819,18.571428,18.571428571428573,18.30265235900879,False
2025-12-12 20:00:00,MER,7.0,7.4451942,17.428572,17.428571428571427,18.30265235900879,False
2025-12-12 21:00:00,MER,4.0,2.2169151,10.428572,10.428571428571429,18.30265235900879,False
2025-12-12 22:00:00,MER,1.0,-0.6153555,8.071428,8.071428571428571,18.30265235900879,False
2025-12-12 23:00:00,MER,1.0,-2.015154,6.0,6.0,18.30265235900879,False
2025-12-13 03:00:00,MER,1.0,7.633584,4.714286,4.714285714285714,18.30265235900879,False
2025-12-13 04:00:00,MER,1.0,-3.902137,3.2857144,3.2857142857142856,18.30265235900879,False
2025-12-13 05:00:00,MER,1.0,-4.2083044,2.9285715,2.9285714285714284,18.30265235900879,False
2025-12-13 06:00:00,MER,1.0,-4.661072,2.2142856,2.2142857142857144,18.30265235900879,False
2025-12-13 07:00:00,MER,2.0,-4.711064,2.5,2.5,18.30265235900879,False
2025-12-13 08:00:00,MER,2.0,-4.245109,4.142857,4.142857142857143,18.30265235900879,False
2025-12-13 09:00:00,MER,5.0,0.5507231,10.857142,10.857142857142858,18.30265235900879,False
2025-12-13 10:00:00,MER,16.0,10.073994,24.428572,24.428571428571427,18.30265235900879,False
2025-12-13 11:00:00,MER,31.0,26.050003,45.923077,45.92307692307692,18.30265235900879,False
2025-12-13 12:00:00,MER,45.0,44.117714,67.76923,67.76923076923077,18.30265235900879,False
2025-12-13 13:00:00,MER,52.0,58.115177,80.53846,80.53846153846153,18.30265235900879,False
2025-12-13 14:00:00,MER,59.0,60.57779,80.0,80.0,18.30265235900879,False
2025-12-13 15:00:00,MER,68.0,57.091187,73.46154,73.46153846153847,18.30265235900879,False
2025-12-13 16:00:00,MER,69.0,43.045647,55.0,55.0,18.30265235900879,True
2025-12-13 17:00:00,MER,60.0,32.935844,42.785713,42.785714285714285,18.30265235900879,True
2025-12-13 18:00:00,MER,33.0,14.716546,25.5,25.5,18.30265235900879,False
2025-12-13 19:00:00,MER,22.0,9.187196,18.785715,18.785714285714285,18.30265235900879,False
2025-12-13 20:00:00,MER,19.0,9.791077,17.785715,17.785714285714285,18.30265235900879,False
2025-12-13 21:00:00,MER,8.0,3.6333976,10.428572,10.428571428571429,18.30265235900879,False
2025-12-13 22:00:00,MER,2.0,1.1887107,7.928571,7.928571428571429,18.30265235900879,False
2025-12-13 23:00:00,MER,4.0,-1.7104902,5.928571,5.928571428571429,18.30265235900879,False
2025-12-14 00:00:00,MER,2.0,-1.1506786,6.3636365,6.363636363636363,18.30265235900879,False
2025-12-14 01:00:00,MER,2.0,-0.9543147,6.0,6.0,18.30265235900879,False
2025-12-14 02:00:00,MER,5.0,0.9395714,7.181818,7.181818181818182,18.30265235900879,False
2025-12-14 03:00:00,MER,3.0,-0.77000475,4.714286,4.714285714285714,18.30265235900879,False
2025-12-14 04:00:00,MER,1.0,-1.9677212,3.2857144,3.2857142857142856,18.30265235900879,False
2025-12-14 05:00:00,MER,1.0,-2.1130784,2.9285715,2.9285714285714284,18.30265235900879,False
2025-12-14 06:00:00,MER,1.0,-2.7296503,2.2142856,2.2142857142857144,18.30265235900879,False
2025-12-14 07:00:00,MER,2.0,-3.2903905,2.5,2.5,18.30265235900879,False
2025-12-14 08:00:00,MER,3.0,-2.1050062,4.071429,4.071428571428571,18.30265235900879,False
2025-12-14 09:00:00,MER,6.0,2.7164555,10.857142,10.857142857142858,18.30265235900879,False
2025-12-14 10:00:00,MER,20.0,15.14057,24.5,24.5,18.30265235900879,False
2025-12-14 11:00:00,MER,42.0,37.299725,45.53846,45.53846153846154,18.30265235900879,False
2025-12-14 12:00:00,MER,49.0,60.827538,66.30769,66.3076923076923,18.30265235900879,False
2025-12-14 13:00:00,MER,49.0,76.438286,79.07692,79.07692307692308,18.30265235900879,True
2025-12-14 14:00:00,MER,53.0,75.30629,79.30769,79.3076923076923,18.30265235900879,True
2025-12-14 15:00:00,MER,41.0,68.58492,74.30769,74.3076923076923,18.30265235900879,True
2025-12-14 16:00:00,MER,37.0,47.642296,56.5,56.5,18.30265235900879,False
2025-12-14 17:00:00,MER,30.0,33.773212,44.785713,44.785714285714285,18.30265235900879,False
2025-12-14 18:00:00,MER,20.0,19.232376,26.928572,26.928571428571427,18.30265235900879,False
2025-12-14 19:00:00,MER,21.0,14.256023,20.071428,20.071428571428573,18.30265235900879,False
2025-12-14 20:00:00,MER,24.0,13.155613,18.428572,18.428571428571427,18.30265235900879,False
2025-12-14 21:00:00,MER,23.0,5.8469334,10.357142,10.357142857142858,18.30265235900879,False
2025-12-14 22:00:00,MER,21.0,4.1556683,7.642857,7.642857142857143,18.30265235900879,False
2025-12-14 23:00:00,MER,17.0,3.728827,6.0,6.0,18.30265235900879,False
2025-12-15 00:00:00,MER,22.0,5.7431684,6.2727275,6.2727272727272725,18.30265235900879,False
2025-12-15 01:00:00,MER,25.0,7.4017267,5.909091,5.909090909090909,18.30265235900879,False
2025-12-15 02:00:00,MER,22.0,10.4229355,7.0,7.0,18.30265235900879,False
2025-12-15 03:00:00,MER,22.0,8.435896,4.071429,4.071428571428571,18.30265235900879,False
2025-12-15 04:00:00,MER,18.0,8.587164,3.142857,3.142857142857143,18.30265235900879,False
2025-12-15 05:00:00,MER,16.0,7.0110846,2.7857144,2.7857142857142856,18.30265235900879,False
2025-12-15 06:00:00,MER,11.0,3.3259346,2.142857,2.142857142857143,18.30265235900879,False
2025-12-15 07:00:00,MER,5.0,-0.65006924,2.4285715,2.4285714285714284,18.30265235900879,False
2025-12-15 08:00:00,MER,6.0,-2.0819662,3.9285715,3.9285714285714284,18.30265235900879,False
2025-12-15 09:00:00,MER,11.0,0.32217503,9.857142,9.857142857142858,18.30265235900879,False
2025-12-15 10:00:00,MER,12.0,8.250812,22.714285,22.714285714285715,18.30265235900879,False
2025-12-15 11:00:00,MER,15.0,24.399895,44.384617,44.38461538461539,18.30265235900879,False
2025-12-15 12:00:00,MER,17.0,40.279648,64.61539,64.61538461538461,18.30265235900879,True
2025-12-15 13:00:00,MER,19.0,49.647957,76.76923,76.76923076923077,18.30265235900879,True
2025-12-15 14:00:00,MER,18.0,48.223656,76.53846,76.53846153846153,18.30265235900879,True
2025-12-15 15:00:00,MER,19.0,42.12587,70.30769,70.3076923076923,18.30265235900879,True
2025-12-15 16:00:00,MER,18.0,25.275896,52.0,52.0,18.30265235900879,False
2025-12-15 17:00:00,MER,13.0,16.933016,41.07143,41.07142857142857,18.30265235900879,False
2025-12-15 18:00:00,MER,11.0,4.8836784,25.0,25.0,18.30265235900879,False
2025-12-15 19:00:00,MER,7.0,3.0549726,18.928572,18.928571428571427,18.30265235900879,False
2025-12-15 20:00:00,MER,2.0,4.859809,17.928572,17.928571428571427,18.30265235900879,False
2025-12-15 21:00:00,MER,7.0,-0.31364536,11.071428,11.071428571428571,18.30265235900879,False
2025-12-15 22:00:00,MER,1.0,-1.773838,8.357142,8.357142857142858,18.30265235900879,False
2025-12-15 23:00:00,MER,1.0,-2.7710261,6.142857,6.142857142857143,18.30265235900879,False
2025-12-16 00:00:00,MER,1.0,0.06186676,7.5833335,7.583333333333333,18.30265235900879,False
2025-12-16 01:00:00,MER,1.0,0.60129976,7.5,7.5,18.30265235900879,False
2025-12-16 02:00:00,MER,4.0,2.4549775,8.25,8.25,18.30265235900879,False
2025-12-16 03:00:00,MER,8.0,0.45605183,5.357143,5.357142857142857,18.30265235900879,False
2025-12-16 04:00:00,MER,2.0,-0.20735836,4.357143,4.357142857142857,18.30265235900879,False
2025-12-16 05:00:00,MER,1.0,-0.7601187,3.7857144,3.7857142857142856,18.30265235900879,False
2025-12-16 06:00:00,MER,1.0,-2.064943,2.7857144,2.7857142857142856,18.30265235900879,False
2025-12-16 07:00:00,MER,2.0,-2.9240186,2.5714285,2.5714285714285716,18.30265235900879,False
2025-12-16 08:00:00,MER,3.0,-2.7330008,4.071429,4.071428571428571,18.30265235900879,False
2025-12-16 09:00:00,MER,6.0,0.7548952,10.0,10.0,18.30265235900879,False
2025-12-16 10:00:00,MER,17.0,9.871073,22.071428,22.071428571428573,18.30265235900879,False
2025-12-16 11:00:00,MER,42.0,25.462248,41.846153,41.84615384615385,18.30265235900879,False
2025-12-16 12:00:00,MER,50.0,45.053802,61.23077,61.23076923076923,18.30265235900879,False
2025-12-16 13:00:00,MER,60.0,62.386204,71.76923,71.76923076923077,18.30265235900879,False
2025-12-16 14:00:00,MER,66.0,70.125916,71.15385,71.15384615384616,18.30265235900879,False
2025-12-16 15:00:00,MER,69.0,63.0756,65.23077,65.23076923076923,18.30265235900879,False
2025-12-16 16:00:00,MER,71.0,48.37123,49.214287,49.214285714285715,18.30265235900879,True
2025-12-16 17:00:00,MER,54.0,39.884125,38.92857,38.92857142857143,18.30265235900879,False
2025-12-16 18:00:00,MER,18.0,20.869656,23.642857,23.642857142857142,18.30265235900879,False
2025-12-16 19:00:00,MER,7.0,8.4222975,18.0,18.0,18.30265235900879,False
2025-12-16 20:00:00,MER,9.0,9.495261,17.714285,17.714285714285715,18.30265235900879,False
2025-12-16 21:00:00,MER,14.0,4.258637,11.428572,11.428571428571429,18.30265235900879,False
2025-12-16 22:00:00,MER,26.0,1.8839574,8.285714,8.285714285714286,18.30265235900879,True
2025-12-16 23:00:00,MER,14.0,0.41391563,6.071429,6.071428571428571,18.30265235900879,False
2025-12-17 00:00:00,MER,4.0,3.4267907,7.5,7.5,18.30265235900879,False
2025-12-17 01:00:00,MER,2.0,3.9422004,7.4166665,7.416666666666667,18.30265235900879,False
2025-12-17 02:00:00,MER,4.0,3.6914153,8.083333,8.083333333333334,18.30265235900879,False
2025-12-17 03:00:00,MER,2.0,1.1736131,5.785714,5.785714285714286,18.30265235900879,False
2025-12-17 04:00:00,MER,1.0,-0.6307974,4.357143,4.357142857142857,18.30265235900879,False
2025-12-17 05:00:00,MER,1.0,-1.2738369,3.7142856,3.7142857142857144,18.30265235900879,False
2025-12-17 06:00:00,MER,2.0,-2.2557228,2.7142856,2.7142857142857144,18.30265235900879,False
2025-12-17 07:00:00,MER,2.0,-2.3538315,2.5714285,2.5714285714285716,18.30265235900879,False
2025-12-17 08:00:00,MER,4.0,-1.0933022,4.0,4.0,18.30265235900879,False
2025-12-17 09:00:00,MER,17.0,3.8511925,9.5,9.5,18.30265235900879,False
2025-12-17 10:00:00,MER,32.0,15.58922,20.571428,20.571428571428573,18.30265235900879,False
2025-12-17 11:00:00,MER,48.0,40.77784,39.923077,39.92307692307692,18.30265235900879,False
2025-12-17 12:00:00,MER,59.0,65.18028,58.615383,58.61538461538461,18.30265235900879,False
2025-12-17 13:00:00,MER,71.0,73.27241,69.69231,69.6923076923077,18.30265235900879,False
2025-12-17 14:00:00,MER,80.0,68.45172,69.84615,69.84615384615384,18.30265235900879,False
2025-12-17 15:00:00,MER,60.0,58.413033,65.23077,65.23076923076923,18.30265235900879,False
2025-12-17 16:00:00,MER,45.0,38.624683,50.0,50.0,18.30265235900879,False
2025-12-17 17:00:00,MER,30.0,20.90763,38.5,38.5,18.30265235900879,False
2025-12-17 18:00:00,MER,13.0,3.4836159,21.0,21.0,18.30265235900879,False
2025-12-17 19:00:00,MER,3.0,1.1779699,15.571428,15.571428571428571,18.30265235900879,False
2025-12-17 20:00:00,MER,2.0,4.6848745,16.571428,16.571428571428573,18.30265235900879,False
2025-12-17 21:00:00,MER,2.0,1.8229256,12.285714,12.285714285714286,18.30265235900879,False
2025-12-17 22:00:00,MER,2.0,0.20670795,10.0,10.0,18.30265235900879,False
2025-12-17 23:00:00,MER,1.0,-2.417623,6.928571,6.928571428571429,18.30265235900879,False
2025-12-18 00:00:00,MER,1.0,-1.062933,7.75,7.75,18.30265235900879,False
2025-12-18 01:00:00,MER,1.0,-0.8447089,7.4166665,7.416666666666667,18.30265235900879,False
2025-12-18 02:00:00,MER,2.0,0.8919544,8.333333,8.333333333333334,18.30265235900879,False
2025-12-18 03:00:00,MER,1.0,-0.7339082,5.785714,5.785714285714286,18.30265235900879,False
2025-12-18 04:00:00,MER,2.0,-1.1802402,4.285714,4.285714285714286,18.30265235900879,False
2025-12-18 05:00:00,MER,2.0,-1.024786,3.642857,3.642857142857143,18.30265235900879,False
2025-12-18 06:00:00,MER,2.0,-2.0146892,2.7142856,2.7142857142857144,18.30265235900879,False
2025-12-18 07:00:00,MER,2.0,-2.6626103,2.5714285,2.5714285714285716,18.30265235900879,False
2025-12-18 08:00:00,MER,3.0,-2.0586443,4.071429,4.071428571428571,18.30265235900879,False
2025-12-18 09:00:00,MER,14.0,2.6110587,10.142858,10.142857142857142,18.30265235900879,False
2025-12-18 10:00:00,MER,26.0,12.198725,21.071428,21.071428571428573,18.30265235900879,False
2025-12-18 11:00:00,MER,43.0,33.50763,40.076923,40.07692307692308,18.30265235900879,False
2025-12-18 12:00:00,MER,54.0,52.945103,58.0,58.0,18.30265235900879,False
2025-12-18 13:00:00,MER,65.0,67.97776,69.23077,69.23076923076923,18.30265235900879,False
2025-12-18 14:00:00,MER,65.0,63.50154,68.46154,68.46153846153847,18.30265235900879,False
2025-12-18 15:00:00,MER,51.0,51.153168,61.692307,61.69230769230769,18.30265235900879,False
2025-12-18 16:00:00,MER,46.0,28.659143,48.785713,48.785714285714285,18.30265235900879,False
2025-12-18 17:00:00,MER,45.0,19.789059,37.92857,37.92857142857143,18.30265235900879,True
2025-12-18 18:00:00,MER,26.0,3.5085735,20.0,20.0,18.30265235900879,True
2025-12-18 19:00:00,MER,5.0,-2.4889917,14.214286,14.214285714285714,18.30265235900879,False
2025-12-18 20:00:00,MER,5.0,-0.08261204,15.0,15.0,18.30265235900879,False
2025-12-18 21:00:00,MER,2.0,-1.9226284,11.642858,11.642857142857142,18.30265235900879,False
2025-12-18 22:00:00,MER,3.0,-2.1065207,10.0,10.0,18.30265235900879,False
2025-12-18 23:00:00,MER,2.0,-3.4340758,6.857143,6.857142857142857,18.30265235900879,False
2025-12-19 03:00:00,MER,2.0,7.4292536,5.571429,5.571428571428571,18.30265235900879,False
2025-12-19 04:00:00,MER,2.0,-1.8374991,4.285714,4.285714285714286,18.30265235900879,False
2025-12-19 05:00:00,MER,2.0,-1.4988632,3.642857,3.642857142857143,18.30265235900879,False
2025-12-19 06:00:00,MER,2.0,-2.223553,2.7142856,2.7142857142857144,18.30265235900879,False
2025-12-19 07:00:00,MER,3.0,-3.3027842,2.5714285,2.5714285714285716,18.30265235900879,False
2025-12-19 08:00:00,MER,4.0,-3.201459,4.0,4.0,18.30265235900879,False
2025-12-19 09:00:00,MER,12.0,0.7574377,10.285714,10.285714285714286,18.30265235900879,False
2025-12-19 10:00:00,MER,24.0,7.8517904,21.214285,21.214285714285715,18.30265235900879,False
2025-12-19 11:00:00,MER,38.0,21.363192,39.615383,39.61538461538461,18.30265235900879,False
2025-12-19 12:00:00,MER,54.0,33.253693,56.0,56.0,18.30265235900879,True
2025-12-19 13:00:00,MER,63.0,43.806137,66.53846,66.53846153846153,18.30265235900879,True
2025-12-19 14:00:00,MER,67.0,45.75247,65.84615,65.84615384615384,18.30265235900879,True
2025-12-19 15:00:00,MER,78.0,42.090515,57.53846,57.53846153846154,18.30265235900879,True
2025-12-19 16:00:00,MER,81.0,34.791813,45.142857,45.142857142857146,18.30265235900879,True
2025-12-19 17:00:00,MER,68.0,27.283924,35.07143,35.07142857142857,18.30265235900879,True
2025-12-19 18:00:00,MER,14.0,8.468902,18.214285,18.214285714285715,18.30265235900879,False
2025-12-19 19:00:00,MER,5.0,-5.2207966,12.428572,12.428571428571429,18.30265235900879,False
2025-12-19 20:00:00,MER,7.0,-2.691966,13.214286,13.214285714285714,18.30265235900879,False
2025-12-19 21:00:00,MER,6.0,-3.9874115,9.785714,9.785714285714286,18.30265235900879,False
2025-12-19 22:00:00,MER,3.0,-3.7764606,8.0,8.0,18.30265235900879,False
2025-12-19 23:00:00,MER,6.0,-4.6081767,5.428571,5.428571428571429,18.30265235900879,False
2025-12-20 00:00:00,MER,4.0,-1.957159,6.909091,6.909090909090909,18.30265235900879,False
2025-12-20 01:00:00,MER,4.0,-0.669806,7.0,7.0,18.30265235900879,False
2025-12-20 02:00:00,MER,2.0,0.5711403,7.5454545,7.545454545454546,18.30265235900879,False
2025-12-20 03:00:00,MER,2.0,-0.7664747,5.357143,5.357142857142857,18.30265235900879,False
2025-12-20 04:00:00,MER,2.0,-1.1585612,4.285714,4.285714285714286,18.30265235900879,False
2025-12-20 05:00:00,MER,2.0,-1.0379269,3.7142856,3.7142857142857144,18.30265235900879,False
2025-12-20 06:00:00,MER,2.0,-1.8462636,2.7142856,2.7142857142857144,18.30265235900879,False
2025-12-20 07:00:00,MER,2.0,-2.2586384,2.642857,2.642857142857143,18.30265235900879,False
2025-12-20 08:00:00,MER,3.0,-1.8498116,4.071429,4.071428571428571,18.30265235900879,False
2025-12-20 09:00:00,MER,7.0,2.9531503,10.571428,10.571428571428571,18.30265235900879,False
2025-12-20 10:00:00,MER,23.0,11.718284,21.357143,21.357142857142858,18.30265235900879,False
2025-12-20 11:00:00,MER,42.0,27.100876,39.307693,39.30769230769231,18.30265235900879,False
2025-12-20 12:00:00,MER,57.0,46.03916,54.46154,54.46153846153846,18.30265235900879,False
2025-12-20 13:00:00,MER,80.0,57.944042,64.76923,64.76923076923077,18.30265235900879,True
2025-12-20 14:00:00,MER,97.0,58.512714,65.69231,65.6923076923077,18.30265235900879,True
2025-12-20 15:00:00,MER,106.0,54.71418,58.46154,58.46153846153846,18.30265235900879,True
2025-12-20 16:00:00,MER,102.0,48.568573,46.92857,46.92857142857143,18.30265235900879,True
2025-12-20 17:00:00,MER,72.0,38.086937,36.142857,36.142857142857146,18.30265235900879,True
2025-12-20 18:00:00,MER,31.0,11.29994,15.642858,15.642857142857142,18.30265235900879,True
2025-12-20 19:00:00,MER,11.0,-3.202137,10.285714,10.285714285714286,18.30265235900879,False
2025-12-20 20:00:00,MER,19.0,0.4746294,12.214286,12.214285714285714,18.30265235900879,True
2025-12-20 21:00:00,MER,16.0,-0.9846821,9.285714,9.285714285714286,18.30265235900879,False
2025-12-20 22:00:00,MER,7.0,-1.7053514,7.571429,7.571428571428571,18.30265235900879,False
2025-12-20 23:00:00,MER,6.0,-3.58672,5.142857,5.142857142857143,18.30265235900879,False
2025-12-21 00:00:00,MER,9.0,-1.4909797,6.6363635,6.636363636363637,18.30265235900879,False
2025-12-21 01:00:00,MER,10.0,0.16560173,7.181818,7.181818181818182,18.30265235900879,False
2025-12-21 02:00:00,MER,5.0,1.0930753,7.5454545,7.545454545454546,18.30265235900879,False
2025-12-21 03:00:00,MER,2.0,-0.312438,5.428571,5.428571428571429,18.30265235900879,False
2025-12-21 04:00:00,MER,2.0,-0.6118455,4.357143,4.357142857142857,18.30265235900879,False
2025-12-21 05:00:00,MER,2.0,-0.04239869,3.7857144,3.7857142857142856,18.30265235900879,False
2025-12-21 06:00:00,MER,2.0,-0.93693304,2.7857144,2.7857142857142856,18.30265235900879,False
2025-12-21 07:00:00,MER,3.0,-1.2204757,2.642857,2.642857142857143,18.30265235900879,False
2025-12-21 08:00:00,MER,3.0,-0.6863756,4.0,4.0,18.30265235900879,False
2025-12-21 09:00:00,MER,9.0,4.67622,10.5,10.5,18.30265235900879,False
2025-12-21 10:00:00,MER,21.0,15.204121,22.0,22.0,18.30265235900879,False
2025-12-21 11:00:00,MER,53.0,32.90787,40.0,40.0,18.30265235900879,True
2025-12-21 12:00:00,MER,69.0,50.593235,54.384617,54.38461538461539,18.30265235900879,True
2025-12-21 13:00:00,MER,81.0,59.07506,65.0,65.0,18.30265235900879,True
2025-12-21 14:00:00,MER,87.0,57.941994,67.38461,67.38461538461539,18.30265235900879,True
2025-12-21 15:00:00,MER,79.0,54.385094,61.846153,61.84615384615385,18.30265235900879,True
2025-12-21 16:00:00,MER,79.0,47.555035,52.285713,52.285714285714285,18.30265235900879,True
2025-12-21 17:00:00,MER,68.0,35.74564,39.642857,39.642857142857146,18.30265235900879,True
2025-12-21 18:00:00,MER,48.0,12.9489,16.857143,16.857142857142858,18.30265235900879,True
2025-12-21 19:00:00,MER,25.0,0.036296844,10.785714,10.785714285714286,18.30265235900879,True
2025-12-21 20:00:00,MER,24.0,3.6619883,13.071428,13.071428571428571,18.30265235900879,True
2025-12-21 21:00:00,MER,26.0,3.6441636,10.214286,10.214285714285714,18.30265235900879,True
2025-12-21 22:00:00,MER,25.0,6.051781,8.0,8.0,18.30265235900879,True
2025-12-21 23:00:00,MER,22.0,4.567529,5.5,5.5,18.30265235900879,False
2025-12-22 00:00:00,MER,20.0,6.570518,6.8333335,6.833333333333333,18.30265235900879,False
2025-12-22 01:00:00,MER,19.0,7.1895146,7.4166665,7.416666666666667,18.30265235900879,False
2025-12-22 02:00:00,MER,11.0,6.626204,7.3333335,7.333333333333333,18.30265235900879,False
2025-12-22 03:00:00,MER,5.0,3.4678624,5.5,5.5,18.30265235900879,False
2025-12-22 04:00:00,MER,3.0,1.7764425,4.357143,4.357142857142857,18.30265235900879,False
2025-12-22 05:00:00,MER,2.0,1.2628894,3.857143,3.857142857142857,18.30265235900879,False
2025-12-22 06:00:00,MER,2.0,0.00416708,2.857143,2.857142857142857,18.30265235900879,False
2025-12-22 07:00:00,MER,3.0,-0.5373647,2.7142856,2.7142857142857144,18.30265235900879,False
2025-12-22 08:00:00,MER,3.0,-0.029589891,3.9285715,3.9285714285714284,18.30265235900879,False
2025-12-22 09:00:00,MER,11.0,5.0751367,10.0,10.0,18.30265235900879,False
2025-12-22 10:00:00,MER,20.0,14.624364,20.857143,20.857142857142858,18.30265235900879,False
2025-12-22 11:00:00,MER,31.0,30.694489,40.307693,40.30769230769231,18.30265235900879,False
2025-12-22 12:00:00,MER,45.0,40.057854,53.846153,53.84615384615385,18.30265235900879,False
2025-12-22 13:00:00,MER,62.0,47.99299,63.615383,63.61538461538461,18.30265235900879,False
2025-12-22 14:00:00,MER,62.0,51.98365,66.76923,66.76923076923077,18.30265235900879,False
2025-12-22 15:00:00,MER,41.0,47.744667,60.692307,60.69230769230769,18.30265235900879,False
2025-12-22 16:00:00,MER,23.0,33.8501,53.357143,53.357142857142854,18.30265235900879,False
2025-12-22 17:00:00,MER,9.0,17.100166,41.5,41.5,18.30265235900879,False
2025-12-22 18:00:00,MER,5.0,-5.1271496,17.785715,17.785714285714285,18.30265235900879,False
2025-12-22 19:00:00,MER,5.0,-8.934627,10.214286,10.214285714285714,18.30265235900879,False
2025-12-22 20:00:00,MER,3.0,-2.7350407,12.785714,12.785714285714286,18.30265235900879,False
2025-12-22 21:00:00,MER,3.0,-1.9492626,10.642858,10.642857142857142,18.30265235900879,False
2025-12-22 22:00:00,MER,6.0,-1.8620176,8.571428,8.571428571428571,18.30265235900879,False
2025-12-22 23:00:00,MER,4.0,-2.319828,6.214286,6.214285714285714,18.30265235900879,False
2025-12-23 00:00:00,MER,1.0,-0.3561101,6.9166665,6.916666666666667,18.30265235900879,False
2025-12-23 01:00:00,MER,2.0,1.0489197,6.9166665,6.916666666666667,18.30265235900879,False
2025-12-23 02:00:00,MER,2.0,1.483521,6.25,6.25,18.30265235900879,False
2025-12-23 03:00:00,MER,2.0,-0.04399538,4.0,4.0,18.30265235900879,False
2025-12-23 04:00:00,MER,1.0,-0.67271805,2.9285715,2.9285714285714284,18.30265235900879,False
2025-12-23 05:00:00,MER,1.0,-1.0236201,2.5714285,2.5714285714285716,18.30265235900879,False
2025-12-23 06:00:00,MER,2.0,-1.7339723,2.4285715,2.4285714285714284,18.30265235900879,False
2025-12-23 07:00:00,MER,1.0,-2.6337698,2.4285715,2.4285714285714284,18.30265235900879,False
2025-12-23 08:00:00,MER,2.0,-3.6819599,3.4285715,3.4285714285714284,18.30265235900879,False
2025-12-23 09:00:00,MER,3.0,0.09355259,9.928572,9.928571428571429,18.30265235900879,False
2025-12-23 10:00:00,MER,8.0,7.66096,21.071428,21.071428571428573,18.30265235900879,False
2025-12-23 11:00:00,MER,15.0,22.483776,39.642857,39.642857142857146,18.30265235900879,False
2025-12-23 12:00:00,MER,28.0,32.6326,53.214287,53.214285714285715,18.30265235900879,False
2025-12-23 13:00:00,MER,49.0,41.44792,63.5,63.5,18.30265235900879,False
2025-12-23 14:00:00,MER,65.0,50.264805,66.42857,66.42857142857143,18.30265235900879,False
2025-12-23 15:00:00,MER,67.0,53.108135,59.285713,59.285714285714285,18.30265235900879,False
2025-12-23 16:00:00,MER,66.0,51.79718,53.42857,53.42857142857143,18.30265235900879,False
2025-12-23 17:00:00,MER,56.0,38.34196,41.42857,41.42857142857143,18.30265235900879,False
2025-12-23 18:00:00,MER,26.0,8.599229,17.857143,17.857142857142858,18.30265235900879,False
2025-12-23 19:00:00,MER,12.0,-7.088813,10.357142,10.357142857142858,18.30265235900879,True
2025-12-23 20:00:00,MER,7.0,-1.8823271,12.928572,12.928571428571429,18.30265235900879,False
2025-12-23 21:00:00,MER,6.0,-1.1897736,10.785714,10.785714285714286,18.30265235900879,False
2025-12-23 22:00:00,MER,7.0,-1.2213478,8.857142,8.857142857142858,18.30265235900879,False
2025-12-23 23:00:00,MER,5.0,-2.159349,6.357143,6.357142857142857,18.30265235900879,False
2025-12-24 00:00:00,MER,2.0,-1.2018628,6.8333335,6.833333333333333,18.30265235900879,False
2025-12-24 01:00:00,MER,3.0,-0.10817385,7.0,7.0,18.30265235900879,False
2025-12-24 02:00:00,MER,3.0,-0.0015583038,6.3333335,6.333333333333333,18.30265235900879,False
2025-12-24 03:00:00,MER,2.0,-1.4343715,4.071429,4.071428571428571,18.30265235900879,False
2025-12-24 04:00:00,MER,2.0,-2.2789404,2.9285715,2.9285714285714284,18.30265235900879,False
2025-12-24 05:00:00,MER,2.0,-2.3229644,2.5714285,2.5714285714285716,18.30265235900879,False
2025-12-24 06:00:00,MER,2.0,-2.4600613,2.4285715,2.4285714285714284,18.30265235900879,False
2025-12-24 07:00:00,MER,2.0,-2.8989482,2.357143,2.357142857142857,18.30265235900879,False
2025-12-24 08:00:00,MER,3.0,-2.5530663,3.357143,3.357142857142857,18.30265235900879,False
2025-12-24 09:00:00,MER,4.0,1.9229321,9.357142,9.357142857142858,18.30265235900879,False
2025-12-24 10:00:00,MER,8.0,10.507537,19.785715,19.785714285714285,18.30265235900879,False
2025-12-24 11:00:00,MER,28.0,25.342361,37.57143,37.57142857142857,18.30265235900879,False
2025-12-24 12:00:00,MER,52.0,36.25697,51.142857,51.142857142857146,18.30265235900879,False
2025-12-24 13:00:00,MER,77.0,48.381897,61.785713,61.785714285714285,18.30265235900879,True
2025-12-24 14:00:00,MER,70.0,58.04818,66.28571,66.28571428571429,18.30265235900879,False
2025-12-24 15:00:00,MER,67.0,52.262062,60.857143,60.857142857142854,18.30265235900879,False
2025-12-24 16:00:00,MER,54.0,44.450005,54.714287,54.714285714285715,18.30265235900879,False
2025-12-24 17:00:00,MER,60.0,32.799133,42.0,42.0,18.30265235900879,True
2025-12-24 18:00:00,MER,40.0,7.27149,19.285715,19.285714285714285,18.30265235900879,True
2025-12-24 19:00:00,MER,17.0,-7.760972,9.714286,9.714285714285714,18.30265235900879,True
2025-12-24 20:00:00,MER,16.0,-3.100233,11.857142,11.857142857142858,18.30265235900879,True
2025-12-24 21:00:00,MER,14.0,-1.947217,10.428572,10.428571428571429,18.30265235900879,False
2025-12-24 22:00:00,MER,8.0,-1.1831713,8.928572,8.928571428571429,18.30265235900879,False
2025-12-24 23:00:00,MER,6.0,-1.918787,6.5,6.5,18.30265235900879,False
2025-12-25 03:00:00,MER,2.0,7.090049,4.142857,4.142857142857143,18.30265235900879,False
2025-12-25 04:00:00,MER,2.0,-3.599475,3.0,3.0,18.30265235900879,False
2025-12-25 05:00:00,MER,2.0,-3.4647703,2.642857,2.642857142857143,18.30265235900879,False
2025-12-25 06:00:00,MER,3.0,-3.2047718,2.4285715,2.4285714285714284,18.30265235900879,False
2025-12-25 07:00:00,MER,3.0,-3.1443748,2.357143,2.357142857142857,18.30265235900879,False
2025-12-25 08:00:00,MER,6.0,-2.6126041,3.357143,3.357142857142857,18.30265235900879,False
2025-12-25 09:00:00,MER,10.0,1.9026384,9.071428,9.071428571428571,18.30265235900879,False
2025-12-25 10:00:00,MER,22.0,9.554938,19.0,19.0,18.30265235900879,False
2025-12-25 11:00:00,MER,42.0,23.15171,36.42857,36.42857142857143,18.30265235900879,True
2025-12-25 12:00:00,MER,71.0,35.052414,50.214287,50.214285714285715,18.30265235900879,True
2025-12-25 13:00:00,MER,92.0,50.85867,62.642857,62.642857142857146,18.30265235900879,True
2025-12-25 14:00:00,MER,79.0,58.002373,67.42857,67.42857142857143,18.30265235900879,True
2025-12-25 15:00:00,MER,59.0,44.648056,62.357143,62.357142857142854,18.30265235900879,False
2025-12-25 16:00:00,MER,52.0,33.220024,55.57143,55.57142857142857,18.30265235900879,True
2025-12-25 17:00:00,MER,35.0,21.364567,44.714287,44.714285714285715,18.30265235900879,False
2025-12-25 18:00:00,MER,25.0,-0.13833809,21.928572,21.928571428571427,18.30265235900879,True
2025-12-25 19:00:00,MER,21.0,-7.5292215,10.714286,10.714285714285714,18.30265235900879,True
2025-12-25 20:00:00,MER,17.0,-2.1387024,11.785714,11.785714285714286,18.30265235900879,True
2025-12-25 21:00:00,MER,11.0,-0.76465416,10.214286,10.214285714285714,18.30265235900879,False
2025-12-25 22:00:00,MER,7.0,-1.0396795,8.428572,8.428571428571429,18.30265235900879,False
2025-12-25 23:00:00,MER,8.0,-1.7666807,6.5,6.5,18.30265235900879,False
2025-12-26 00:00:00,MER,5.0,-0.58665323,6.181818,6.181818181818182,18.30265235900879,False
2025-12-26 01:00:00,MER,5.0,0.989171,6.4545455,6.454545454545454,18.30265235900879,False
2025-12-26 02:00:00,MER,2.0,0.081178665,5.6363635,5.636363636363637,18.30265235900879,False
2025-12-26 03:00:00,MER,2.0,-1.2934909,4.0,4.0,18.30265235900879,False
2025-12-26 04:00:00,MER,2.0,-2.3035195,2.9285715,2.9285714285714284,18.30265235900879,False
2025-12-26 05:00:00,MER,2.0,-2.057335,2.642857,2.642857142857143,18.30265235900879,False
2025-12-26 06:00:00,MER,2.0,-1.7039909,2.5,2.5,18.30265235900879,False
2025-12-26 07:00:00,MER,2.0,-2.0837514,2.4285715,2.4285714285714284,18.30265235900879,False
2025-12-26 08:00:00,MER,3.0,-1.9677482,3.5,3.5,18.30265235900879,False
2025-12-26 09:00:00,MER,4.0,2.3445454,9.142858,9.142857142857142,18.30265235900879,False
2025-12-26 10:00:00,MER,10.0,10.089442,19.285715,19.285714285714285,18.30265235900879,False
2025-12-26 11:00:00,MER,16.0,23.4575,37.214287,37.214285714285715,18.30265235900879,False
2025-12-26 12:00:00,MER,29.0,32.8414,52.07143,52.07142857142857,18.30265235900879,False
2025-12-26 13:00:00,MER,51.0,42.08881,65.35714,65.35714285714286,18.30265235900879,False
2025-12-26 14:00:00,MER,63.0,42.742516,68.21429,68.21428571428571,18.30265235900879,True
2025-12-26 15:00:00,MER,51.0,36.56467,61.42857,61.42857142857143,18.30265235900879,False
2025-12-26 16:00:00,MER,27.0,29.300198,55.5,55.5,18.30265235900879,False
2025-12-26 17:00:00,MER,16.0,16.570583,44.57143,44.57142857142857,18.30265235900879,False
2025-12-26 18:00:00,MER,19.0,-3.0813656,22.428572,22.428571428571427,18.30265235900879,True
2025-12-26 19:00:00,MER,17.0,-9.432455,11.928572,11.928571428571429,18.30265235900879,True
2025-12-26 20:00:00,MER,13.0,-5.418606,11.5,11.5,18.30265235900879,True
2025-12-26 21:00:00,MER,6.0,-3.1139917,10.142858,10.142857142857142,18.30265235900879,False
2025-12-26 22:00:00,MER,4.0,-2.3827314,8.5,8.5,18.30265235900879,False
2025-12-26 23:00:00,MER,2.0,-2.6930614,6.928571,6.928571428571429,18.30265235900879,False
2025-12-27 00:00:00,MER,2.0,-1.9827228,6.4545455,6.454545454545454,18.30265235900879,False
2025-12-27 01:00:00,MER,2.0,-0.60565233,6.7272725,6.7272727272727275,18.30265235900879,False
2025-12-27 02:00:00,MER,2.0,-0.7018089,5.6363635,5.636363636363637,18.30265235900879,False
2025-12-27 03:00:00,MER,2.0,-1.8513227,4.0,4.0,18.30265235900879,False
2025-12-27 04:00:00,MER,2.0,-2.385504,2.9285715,2.9285714285714284,18.30265235900879,False
2025-12-27 05:00:00,MER,2.0,-2.4282475,2.642857,2.642857142857143,18.30265235900879,False
2025-12-27 06:00:00,MER,2.0,-2.816743,2.5,2.5,18.30265235900879,False
2025-12-27 07:00:00,MER,2.0,-3.6541097,2.4285715,2.4285714285714284,18.30265235900879,False
2025-12-27 08:00:00,MER,3.0,-4.0128393,3.4285715,3.4285714285714284,18.30265235900879,False
2025-12-27 09:00:00,MER,7.0,-1.0455027,8.5,8.5,18.30265235900879,False
2025-12-27 10:00:00,MER,26.0,6.049411,18.5,18.5,18.30265235900879,True
2025-12-27 11:00:00,MER,43.0,19.030563,34.714287,34.714285714285715,18.30265235900879,True
2025-12-27 12:00:00,MER,51.0,31.750332,48.5,48.5,18.30265235900879,True
2025-12-27 13:00:00,MER,58.0,46.358776,62.214287,62.214285714285715,18.30265235900879,False
2025-12-27 14:00:00,MER,71.0,52.83564,66.5,66.5,18.30265235900879,False
2025-12-27 15:00:00,MER,87.0,46.61353,61.142857,61.142857142857146,18.30265235900879,True
2025-12-27 16:00:00,MER,80.0,40.648758,55.0,55.0,18.30265235900879,True
2025-12-27 17:00:00,MER,62.0,30.62941,44.0,44.0,18.30265235900879,True
2025-12-27 18:00:00,MER,52.0,11.100543,23.5,23.5,18.30265235900879,True
2025-12-27 19:00:00,MER,37.0,0.75758934,12.714286,12.714285714285714,18.30265235900879,True
2025-12-27 20:00:00,MER,18.0,5.971763,11.928572,11.928571428571429,18.30265235900879,False
2025-12-27 21:00:00,MER,8.0,5.092586,10.285714,10.285714285714286,18.30265235900879,False
2025-12-27 22:00:00,MER,5.0,1.6445775,8.714286,8.714285714285714,18.30265235900879,False
2025-12-27 23:00:00,MER,5.0,0.8069358,7.0,7.0,18.30265235900879,False
2025-12-28 00:00:00,MER,3.0,-1.0257025,6.0833335,6.083333333333333,18.30265235900879,False
2025-12-28 01:00:00,MER,2.0,0.24924564,6.3333335,6.333333333333333,18.30265235900879,False
2025-12-28 02:00:00,MER,2.0,0.44819546,5.3333335,5.333333333333333,18.30265235900879,False
2025-12-28 03:00:00,MER,2.0,0.21801567,4.071429,4.071428571428571,18.30265235900879,False
2025-12-28 04:00:00,MER,4.0,-0.72983193,3.0,3.0,18.30265235900879,False
2025-12-28 05:00:00,MER,3.0,-0.93837714,2.7142856,2.7142857142857144,18.30265235900879,False
2025-12-28 06:00:00,MER,2.0,-0.79706454,2.5714285,2.5714285714285716,18.30265235900879,False
2025-12-28 07:00:00,MER,2.0,-1.3671782,2.4285715,2.4285714285714284,18.30265235900879,False
2025-12-28 08:00:00,MER,4.0,0.39245248,3.5,3.5,18.30265235900879,False
2025-12-28 09:00:00,MER,21.0,5.5247054,8.642858,8.642857142857142,18.30265235900879,False
2025-12-28 10:00:00,MER,41.0,19.693502,19.214285,19.214285714285715,18.30265235900879,True
2025-12-28 11:00:00,MER,62.0,44.43271,35.57143,35.57142857142857,18.30265235900879,False
2025-12-28 12:00:00,MER,75.0,60.462257,48.92857,48.92857142857143,18.30265235900879,False
2025-12-28 13:00:00,MER,72.0,61.748314,62.642857,62.642857142857146,18.30265235900879,False
2025-12-28 14:00:00,MER,79.0,58.355423,67.35714,67.35714285714286,18.30265235900879,True
2025-12-28 15:00:00,MER,80.0,54.191517,62.5,62.5,18.30265235900879,True
2025-12-28 16:00:00,MER,82.0,52.595917,55.785713,55.785714285714285,18.30265235900879,True
2025-12-28 17:00:00,MER,81.0,45.275936,44.142857,44.142857142857146,18.30265235900879,True
2025-12-28 18:00:00,MER,58.0,26.129644,24.857143,24.857142857142858,18.30265235900879,True
2025-12-28 19:00:00,MER,39.0,8.898016,13.785714,13.785714285714286,18.30265235900879,True
2025-12-28 20:00:00,MER,22.0,10.81356,11.857142,11.857142857142858,18.30265235900879,False
2025-12-28 21:00:00,MER,8.0,11.489691,10.285714,10.285714285714286,18.30265235900879,False
2025-12-28 22:00:00,MER,25.0,8.436012,8.928572,8.928571428571429,18.30265235900879,False
2025-12-28 23:00:00,MER,7.0,8.445389,7.071429,7.071428571428571,18.30265235900879,False
2025-12-29 00:00:00,MER,12.0,11.166047,6.1666665,6.166666666666667,18.30265235900879,False
2025-12-29 01:00:00,MER,8.0,10.495656,6.3333335,6.333333333333333,18.30265235900879,False
2025-12-29 02:00:00,MER,5.0,6.1372395,5.0833335,5.083333333333333,18.30265235900879,False
2025-12-29 03:00:00,MER,3.0,3.9488177,4.0,4.0,18.30265235900879,False
2025-12-29 04:00:00,MER,9.0,2.969019,3.2142856,3.2142857142857144,18.30265235900879,False
2025-12-29 05:00:00,MER,9.0,1.6563636,2.857143,2.857142857142857,18.30265235900879,False
2025-12-29 06:00:00,MER,2.0,0.998495,2.642857,2.642857142857143,18.30265235900879,False
2025-12-29 07:00:00,MER,2.0,-0.048907757,2.4285715,2.4285714285714284,18.30265235900879,False
2025-12-29 08:00:00,MER,3.0,0.65840554,3.5714285,3.5714285714285716,18.30265235900879,False
2025-12-29 09:00:00,MER,10.0,6.4982195,9.714286,9.714285714285714,18.30265235900879,False
2025-12-29 10:00:00,MER,16.0,18.394905,20.714285,20.714285714285715,18.30265235900879,False
2025-12-29 11:00:00,MER,37.0,33.762276,37.0,37.0,18.30265235900879,False
2025-12-29 12:00:00,MER,50.0,46.16259,50.785713,50.785714285714285,18.30265235900879,False
2025-12-29 13:00:00,MER,51.0,48.616875,64.28571,64.28571428571429,18.30265235900879,False
2025-12-29 14:00:00,MER,44.0,45.23693,69.21429,69.21428571428571,18.30265235900879,False
2025-12-29 15:00:00,MER,40.0,39.402702,65.28571,65.28571428571429,18.30265235900879,False
2025-12-29 16:00:00,MER,37.0,32.007103,59.0,59.0,18.30265235900879,False
2025-12-29 17:00:00,MER,30.0,20.38614,47.785713,47.785714285714285,18.30265235900879,False
2025-12-29 18:00:00,MER,24.0,1.4785786,27.571428,27.571428571428573,18.30265235900879,True
2025-12-29 19:00:00,MER,15.0,-7.4766293,15.071428,15.071428571428571,18.30265235900879,True
2025-12-29 20:00:00,MER,14.0,-5.8798227,11.714286,11.714285714285714,18.30265235900879,True
2025-12-29 21:00:00,MER,14.0,-4.2534714,9.214286,9.214285714285714,18.30265235900879,False
2025-12-29 22:00:00,MER,17.0,-0.7241087,9.214286,9.214285714285714,18.30265235900879,False
2025-12-29 23:00:00,MER,16.0,-1.5367947,6.357143,6.357142857142857,18.30265235900879,False
2025-12-30 00:00:00,MER,13.0,-0.91084003,5.3333335,5.333333333333333,18.30265235900879,False
2025-12-30 01:00:00,MER,12.0,0.16504765,4.9166665,4.916666666666667,18.30265235900879,False
2025-12-30 02:00:00,MER,11.0,0.14569426,3.6666667,3.6666666666666665,18.30265235900879,False
2025-12-30 03:00:00,MER,11.0,-0.13291907,2.642857,2.642857142857143,18.30265235900879,False
2025-12-30 04:00:00,MER,12.0,-0.16759324,2.5714285,2.5714285714285716,18.30265235900879,False
2025-12-30 05:00:00,MER,8.0,-0.668869,2.357143,2.357142857142857,18.30265235900879,False
2025-12-30 06:00:00,MER,5.0,-2.7728496,2.0,2.0,18.30265235900879,False
2025-12-30 07:00:00,MER,4.0,-4.8089037,2.2142856,2.2142857142857144,18.30265235900879,False
2025-12-30 08:00:00,MER,8.0,-6.4777265,3.357143,3.357142857142857,18.30265235900879,False
2025-12-30 09:00:00,MER,14.0,-3.5525742,9.642858,9.642857142857142,18.30265235900879,False
2025-12-30 10:00:00,MER,20.0,3.4153347,21.0,21.0,18.30265235900879,False
2025-12-30 11:00:00,MER,26.0,16.510517,38.57143,38.57142857142857,18.30265235900879,False
2025-12-30 12:00:00,MER,26.0,27.81108,53.142857,53.142857142857146,18.30265235900879,False
2025-12-30 13:00:00,MER,29.0,39.458157,66.57143,66.57142857142857,18.30265235900879,False
2025-12-30 14:00:00,MER,34.0,42.727173,71.07143,71.07142857142857,18.30265235900879,False
2025-12-30 15:00:00,MER,33.0,38.150448,66.78571,66.78571428571429,18.30265235900879,False
2025-12-30 16:00:00,MER,37.0,32.171444,60.357143,60.357142857142854,18.30265235900879,False
2025-12-30 17:00:00,MER,29.0,21.64905,49.0,49.0,18.30265235900879,False
2025-12-30 18:00:00,MER,14.0,3.4986477,28.5,28.5,18.30265235900879,False
2025-12-30 19:00:00,MER,3.0,-5.6586123,15.642858,15.642857142857142,18.30265235900879,False
2025-12-30 20:00:00,MER,2.0,-5.0674,12.571428,12.571428571428571,18.30265235900879,False
2025-12-30 21:00:00,MER,2.0,-4.86915,9.714286,9.714285714285714,18.30265235900879,False
2025-12-30 22:00:00,MER,2.0,-1.8001652,10.357142,10.357142857142858,18.30265235900879,False
2025-12-30 23:00:00,MER,2.0,-3.0285945,7.428571,7.428571428571429,18.30265235900879,False
2025-12-31 03:00:00,MER,1.0,4.932125,2.857143,2.857142857142857,18.30265235900879,False
2025-12-31 04:00:00,MER,2.0,-3.2517579,3.2857144,3.2857142857142856,18.30265235900879,False
2025-12-31 05:00:00,MER,2.0,-2.6937618,2.857143,2.857142857142857,18.30265235900879,False
2025-12-31 06:00:00,MER,2.0,-2.8125613,2.2857144,2.2857142857142856,18.30265235900879,False
2025-12-31 07:00:00,MER,2.0,-3.1630244,2.357143,2.357142857142857,18.30265235900879,False
2025-12-31 08:00:00,MER,3.0,-2.9038312,3.7142856,3.7142857142857144,18.30265235900879,False
2025-12-31 09:00:00,MER,6.0,1.5694408,10.214286,10.214285714285714,18.30265235900879,False
2025-12-31 10:00:00,MER,13.0,8.847688,21.214285,21.214285714285715,18.30265235900879,False
2025-12-31 11:00:00,MER,34.0,20.274796,37.42857,37.42857142857143,18.30265235900879,False
2025-12-31 12:00:00,MER,54.0,30.824253,51.42857,51.42857142857143,18.30265235900879,True
2025-12-31 13:00:00,MER,69.0,49.46783,64.35714,64.35714285714286,18.30265235900879,True
2025-12-31 14:00:00,MER,83.0,58.961193,68.78571,68.78571428571429,18.30265235900879,True
2025-12-31 15:00:00,MER,86.0,58.745163,64.21429,64.21428571428571,18.30265235900879,True
2025-12-31 16:00:00,MER,88.0,57.90948,57.92857,57.92857142857143,18.30265235900879,True
2025-12-31 17:00:00,MER,76.0,47.61356,47.214287,47.214285714285715,18.30265235900879,True
2025-12-31 18:00:00,MER,42.0,21.86938,28.214285,28.214285714285715,18.30265235900879,True
2025-12-31 19:00:00,MER,42.0,6.4672546,15.357142,15.357142857142858,18.30265235900879,True
2025-12-31 20:00:00,MER,29.0,7.27313,12.071428,12.071428571428571,18.30265235900879,True
2025-12-31 21:00:00,MER,14.0,6.976403,8.857142,8.857142857142858,18.30265235900879,False
2025-12-31 22:00:00,MER,8.0,4.9749374,8.642858,8.642857142857142,18.30265235900879,False
2025-12-31 23:00:00,MER,9.0,2.785338,6.571429,6.571428571428571,18.30265235900879,False
