timestamp,estacion,original_ppb,predicho_ppb,base_ppb,perfil_ppb,umbral_ppb,alerta_limpia
2025-10-21 00:00:00,UIZ,1.0,9.768673,6.7272725,6.7272727272727275,27.24694061279297,False
2025-10-21 01:00:00,UIZ,1.0,9.762768,6.818182,6.818181818181818,27.24694061279297,False
2025-10-21 02:00:00,UIZ,2.0,9.89595,6.909091,6.909090909090909,27.24694061279297,False
2025-10-21 03:00:00,UIZ,2.0,11.90206,9.071428,9.071428571428571,27.24694061279297,False
2025-10-21 04:00:00,UIZ,2.0,10.80587,7.928571,7.928571428571429,27.24694061279297,False
2025-10-21 05:00:00,UIZ,1.0,8.554649,5.642857,5.642857142857143,27.24694061279297,False
2025-10-21 06:00:00,UIZ,1.0,5.6488967,3.0,3.0,27.24694061279297,False
2025-10-21 07:00:00,UIZ,2.0,7.3882475,5.0,5.0,27.24694061279297,False
2025-10-21 08:00:00,UIZ,7.0,12.537676,10.461538,10.461538461538462,27.24694061279297,False
2025-10-21 09:00:00,UIZ,14.0,21.515396,19.642857,19.642857142857142,27.24694061279297,False
2025-10-21 10:00:00,UIZ,33.0,33.25848,31.153847,31.153846153846153,27.24694061279297,False
2025-10-21 11:00:00,UIZ,50.0,48.912796,45.692307,45.69230769230769,27.24694061279297,False
2025-10-21 12:00:00,UIZ,71.0,60.935295,56.153847,56.15384615384615,27.24694061279297,False
2025-10-21 13:00:00,UIZ,68.0,62.0185,55.307693,55.30769230769231,27.24694061279297,False
2025-10-21 14:00:00,UIZ,56.0,59.119102,50.307693,50.30769230769231,27.24694061279297,False
2025-10-21 15:00:00,UIZ,58.0,59.30685,49.5,49.5,27.24694061279297,False
2025-10-21 16:00:00,UIZ,35.0,50.74592,41.5,41.5,27.24694061279297,False
2025-10-21 17:00:00,UIZ,24.0,39.524883,32.714287,32.714285714285715,27.24694061279297,False
2025-10-21 18:00:00,UIZ,16.0,28.312998,23.285715,23.285714285714285,27.24694061279297,False
2025-10-21 19:00:00,UIZ,17.0,21.745152,18.0,18.0,27.24694061279297,False
2025-10-21 20:00:00,UIZ,10.0,16.241467,13.142858,13.142857142857142,27.24694061279297,False
2025-10-21 21:00:00,UIZ,11.0,13.411669,10.714286,10.714285714285714,27.24694061279297,False
2025-10-21 22:00:00,UIZ,12.0,10.747972,8.071428,8.071428571428571,27.24694061279297,False
2025-10-21 23:00:00,UIZ,7.0,10.000552,7.076923,7.076923076923077,27.24694061279297,False
2025-10-22 00:00:00,UIZ,9.0,8.801711,5.6363635,5.636363636363637,27.24694061279297,False
2025-10-22 01:00:00,UIZ,7.0,9.819429,6.181818,6.181818181818182,27.24694061279297,False
2025-10-22 02:00:00,UIZ,7.0,10.069343,6.4545455,6.454545454545454,27.24694061279297,False
2025-10-22 03:00:00,UIZ,12.0,12.55848,9.0,9.0,27.24694061279297,False
2025-10-22 04:00:00,UIZ,17.0,11.462264,7.928571,7.928571428571429,27.24694061279297,False
2025-10-22 05:00:00,UIZ,15.0,8.98613,5.642857,5.642857142857143,27.24694061279297,False
2025-10-22 06:00:00,UIZ,4.0,5.9787297,3.0,3.0,27.24694061279297,False
2025-10-22 07:00:00,UIZ,0.0,7.269415,5.0,5.0,27.24694061279297,False
2025-10-22 08:00:00,UIZ,13.0,12.477754,10.538462,10.538461538461538,27.24694061279297,False
2025-10-22 09:00:00,UIZ,24.0,21.602158,19.785715,19.785714285714285,27.24694061279297,False
2025-10-22 10:00:00,UIZ,29.0,33.100582,31.384615,31.384615384615383,27.24694061279297,False
2025-10-22 11:00:00,UIZ,34.0,47.347973,45.923077,45.92307692307692,27.24694061279297,False
2025-10-22 12:00:00,UIZ,32.0,58.056885,57.23077,57.23076923076923,27.24694061279297,False
2025-10-22 13:00:00,UIZ,34.0,56.348408,56.692307,56.69230769230769,27.24694061279297,False
2025-10-22 14:00:00,UIZ,35.0,49.451275,51.384617,51.38461538461539,27.24694061279297,False
2025-10-22 15:00:00,UIZ,33.0,47.623478,51.07143,51.07142857142857,27.24694061279297,False
2025-10-22 16:00:00,UIZ,29.0,36.72737,41.785713,41.785714285714285,27.24694061279297,False
2025-10-22 17:00:00,UIZ,24.0,26.279346,32.42857,32.42857142857143,27.24694061279297,False
2025-10-22 18:00:00,UIZ,18.0,16.66,22.928572,22.928571428571427,27.24694061279297,False
2025-10-22 19:00:00,UIZ,13.0,11.65006,17.928572,17.928571428571427,27.24694061279297,False
2025-10-22 20:00:00,UIZ,6.0,6.532206,12.714286,12.714285714285714,27.24694061279297,False
2025-10-22 21:00:00,UIZ,6.0,4.661603,10.642858,10.642857142857142,27.24694061279297,False
2025-10-22 22:00:00,UIZ,3.0,1.9935832,7.785714,7.785714285714286,27.24694061279297,False
2025-10-22 23:00:00,UIZ,3.0,1.544055,7.071429,7.071428571428571,27.24694061279297,False
2025-10-23 00:00:00,UIZ,7.0,0.65315485,5.9166665,5.916666666666667,27.24694061279297,False
2025-10-23 01:00:00,UIZ,3.0,1.1612673,6.25,6.25,27.24694061279297,False
2025-10-23 02:00:00,UIZ,1.0,1.6059885,6.5,6.5,27.24694061279297,False
2025-10-23 03:00:00,UIZ,2.0,3.6470594,8.357142,8.357142857142858,27.24694061279297,False
2025-10-23 04:00:00,UIZ,2.0,3.3916368,7.857143,7.857142857142857,27.24694061279297,False
2025-10-23 05:00:00,UIZ,2.0,1.8135014,6.142857,6.142857142857143,27.24694061279297,False
2025-10-23 06:00:00,UIZ,1.0,-1.3289423,3.0,3.0,27.24694061279297,False
2025-10-23 07:00:00,UIZ,2.0,0.57282114,4.857143,4.857142857142857,27.24694061279297,False
2025-10-23 08:00:00,UIZ,3.0,6.728477,11.0,11.0,27.24694061279297,False
2025-10-23 09:00:00,UIZ,13.0,16.403444,20.785715,20.785714285714285,27.24694061279297,False
2025-10-23 10:00:00,UIZ,27.0,28.018623,32.692307,32.69230769230769,27.24694061279297,False
2025-10-23 11:00:00,UIZ,41.0,41.90693,47.076923,47.07692307692308,27.24694061279297,False
2025-10-23 12:00:00,UIZ,57.0,52.768536,58.153847,58.15384615384615,27.24694061279297,False
2025-10-23 13:00:00,UIZ,68.0,54.103775,57.923077,57.92307692307692,27.24694061279297,False
2025-10-23 14:00:00,UIZ,68.0,53.292923,52.923077,52.92307692307692,27.24694061279297,False
2025-10-23 15:00:00,UIZ,71.0,57.41535,52.214287,52.214285714285715,27.24694061279297,False
2025-10-23 16:00:00,UIZ,62.0,51.684784,43.142857,43.142857142857146,27.24694061279297,False
2025-10-23 17:00:00,UIZ,47.0,44.16365,33.785713,33.785714285714285,27.24694061279297,False
2025-10-23 18:00:00,UIZ,32.0,34.49504,23.928572,23.928571428571427,27.24694061279297,False
2025-10-23 19:00:00,UIZ,15.0,26.934467,18.785715,18.785714285714285,27.24694061279297,False
2025-10-23 20:00:00,UIZ,9.0,18.950762,13.071428,13.071428571428571,27.24694061279297,False
2025-10-23 21:00:00,UIZ,4.0,15.674549,11.0,11.0,27.24694061279297,False
2025-10-23 22:00:00,UIZ,1.0,12.027394,7.928571,7.928571428571429,27.24694061279297,False
2025-10-23 23:00:00,UIZ,1.0,10.805831,7.214286,7.214285714285714,27.24694061279297,False
2025-10-24 00:00:00,UIZ,1.0,9.90599,6.3333335,6.333333333333333,27.24694061279297,False
2025-10-24 01:00:00,UIZ,1.0,9.578934,6.25,6.25,27.24694061279297,False
2025-10-24 02:00:00,UIZ,2.0,9.763262,6.5,6.5,27.24694061279297,False
2025-10-24 03:00:00,UIZ,3.0,11.60311,8.428572,8.428571428571429,27.24694061279297,False
2025-10-24 04:00:00,UIZ,1.0,10.806679,7.928571,7.928571428571429,27.24694061279297,False
2025-10-24 05:00:00,UIZ,1.0,8.845016,6.214286,6.214285714285714,27.24694061279297,False
2025-10-24 06:00:00,UIZ,1.0,5.3453126,3.0,3.0,27.24694061279297,False
2025-10-24 07:00:00,UIZ,3.0,6.918315,4.928571,4.928571428571429,27.24694061279297,False
2025-10-24 08:00:00,UIZ,9.0,12.821117,11.153846,11.153846153846153,27.24694061279297,False
2025-10-24 09:00:00,UIZ,21.0,23.338785,21.571428,21.571428571428573,27.24694061279297,False
2025-10-24 10:00:00,UIZ,44.0,36.288647,34.0,34.0,27.24694061279297,False
2025-10-24 11:00:00,UIZ,61.0,52.920334,48.846153,48.84615384615385,27.24694061279297,False
2025-10-24 12:00:00,UIZ,76.0,68.524826,60.923077,60.92307692307692,27.24694061279297,False
2025-10-24 13:00:00,UIZ,117.0,71.58042,61.23077,61.23076923076923,27.24694061279297,True
2025-10-24 14:00:00,UIZ,114.0,68.99558,56.153847,56.15384615384615,27.24694061279297,True
2025-10-24 15:00:00,UIZ,96.0,70.10715,55.357143,55.357142857142854,27.24694061279297,False
2025-10-24 16:00:00,UIZ,86.0,61.70762,46.285713,46.285714285714285,27.24694061279297,False
2025-10-24 17:00:00,UIZ,70.0,52.406116,36.5,36.5,27.24694061279297,False
2025-10-24 18:00:00,UIZ,49.0,40.88043,25.928572,25.928571428571427,27.24694061279297,False
2025-10-24 19:00:00,UIZ,35.0,32.114704,19.714285,19.714285714285715,27.24694061279297,False
2025-10-24 20:00:00,UIZ,16.0,23.897488,13.642858,13.642857142857142,27.24694061279297,False
2025-10-24 21:00:00,UIZ,4.0,18.982492,11.214286,11.214285714285714,27.24694061279297,False
2025-10-24 22:00:00,UIZ,1.0,14.233762,7.928571,7.928571428571429,27.24694061279297,False
2025-10-24 23:00:00,UIZ,5.0,13.037975,7.214286,7.214285714285714,27.24694061279297,False
2025-10-25 00:00:00,UIZ,2.0,11.878168,6.3333335,6.333333333333333,27.24694061279297,False
2025-10-25 01:00:00,UIZ,2.0,11.309765,6.25,6.25,27.24694061279297,False
2025-10-25 02:00:00,UIZ,3.0,11.451443,6.5833335,6.583333333333333,27.24694061279297,False
2025-10-25 03:00:00,UIZ,5.0,13.260569,8.571428,8.571428571428571,27.24694061279297,False
2025-10-25 04:00:00,UIZ,3.0,12.586142,7.928571,7.928571428571429,27.24694061279297,False
2025-10-25 05:00:00,UIZ,2.0,10.807762,6.214286,6.214285714285714,27.24694061279297,False
2025-10-25 06:00:00,UIZ,1.0,7.130163,3.0,3.0,27.24694061279297,False
2025-10-25 07:00:00,UIZ,4.0,8.844385,5.071429,5.071428571428571,27.24694061279297,False
2025-10-25 08:00:00,UIZ,19.0,15.041574,11.692307,11.692307692307692,27.24694061279297,False
2025-10-25 09:00:00,UIZ,34.0,26.139763,22.857143,22.857142857142858,27.24694061279297,False
2025-10-25 11:00:00,UIZ,63.0,59.776924,51.76923,51.76923076923077,27.24694061279297,False
2025-10-25 12:00:00,UIZ,94.0,74.92345,63.76923,63.76923076923077,27.24694061279297,False
2025-10-25 13:00:00,UIZ,93.0,79.80765,67.0,67.0,27.24694061279297,False
2025-10-25 14:00:00,UIZ,99.0,78.925514,63.923077,63.92307692307692,27.24694061279297,False
2025-10-25 15:00:00,UIZ,102.0,76.631195,61.07143,61.07142857142857,27.24694061279297,False
2025-10-25 16:00:00,UIZ,94.0,67.023506,51.5,51.5,27.24694061279297,False
2025-10-25 17:00:00,UIZ,71.0,55.23262,40.214287,40.214285714285715,27.24694061279297,False
2025-10-25 18:00:00,UIZ,47.0,41.743507,28.714285,28.714285714285715,27.24694061279297,False
2025-10-25 19:00:00,UIZ,32.0,32.893604,22.0,22.0,27.24694061279297,False
2025-10-25 20:00:00,UIZ,28.0,24.10131,14.714286,14.714285714285714,27.24694061279297,False
2025-10-25 21:00:00,UIZ,12.0,19.16145,11.428572,11.428571428571429,27.24694061279297,False
2025-10-25 22:00:00,UIZ,2.0,14.14838,7.928571,7.928571428571429,27.24694061279297,False
2025-10-25 23:00:00,UIZ,2.0,12.603882,7.5,7.5,27.24694061279297,False
2025-10-26 03:00:00,UIZ,2.0,14.9147,8.928572,8.928571428571429,27.24694061279297,False
2025-10-26 04:00:00,UIZ,1.0,12.499336,8.071428,8.071428571428571,27.24694061279297,False
2025-10-26 05:00:00,UIZ,3.0,10.598391,6.285714,6.285714285714286,27.24694061279297,False
2025-10-26 06:00:00,UIZ,1.0,7.1786985,3.0,3.0,27.24694061279297,False
2025-10-26 07:00:00,UIZ,4.0,8.838165,5.214286,5.214285714285714,27.24694061279297,False
2025-10-26 08:00:00,UIZ,17.0,15.79209,12.769231,12.76923076923077,27.24694061279297,False
2025-10-26 09:00:00,UIZ,41.0,27.47712,24.357143,24.357142857142858,27.24694061279297,False
2025-10-26 10:00:00,UIZ,65.0,42.580864,37.666668,37.666666666666664,27.24694061279297,False
2025-10-26 11:00:00,UIZ,74.0,62.947803,54.384617,54.38461538461539,27.24694061279297,False
2025-10-26 12:00:00,UIZ,67.0,79.54436,68.15385,68.15384615384616,27.24694061279297,False
2025-10-26 13:00:00,UIZ,76.0,84.074814,70.61539,70.61538461538461,27.24694061279297,False
2025-10-26 14:00:00,UIZ,89.0,83.21509,67.84615,67.84615384615384,27.24694061279297,False
2025-10-26 15:00:00,UIZ,87.0,80.9241,65.0,65.0,27.24694061279297,False
2025-10-26 16:00:00,UIZ,81.0,71.57777,55.642857,55.642857142857146,27.24694061279297,False
2025-10-26 17:00:00,UIZ,59.0,58.18454,43.42857,43.42857142857143,27.24694061279297,False
2025-10-26 18:00:00,UIZ,35.0,43.37473,31.0,31.0,27.24694061279297,False
2025-10-26 19:00:00,UIZ,28.0,33.312904,23.285715,23.285714285714285,27.24694061279297,False
2025-10-26 20:00:00,UIZ,16.0,23.910927,15.857142,15.857142857142858,27.24694061279297,False
2025-10-26 21:00:00,UIZ,8.0,18.331635,11.5,11.5,27.24694061279297,False
2025-10-26 22:00:00,UIZ,2.0,13.239275,7.642857,7.642857142857143,27.24694061279297,False
2025-10-26 23:00:00,UIZ,1.0,12.06896,7.5,7.5,27.24694061279297,False
2025-10-27 00:00:00,UIZ,1.0,11.343161,6.909091,6.909090909090909,27.24694061279297,False
2025-10-27 01:00:00,UIZ,1.0,11.0584,6.5454545,6.545454545454546,27.24694061279297,False
2025-10-27 02:00:00,UIZ,1.0,11.1725235,6.5454545,6.545454545454546,27.24694061279297,False
2025-10-27 03:00:00,UIZ,1.0,13.252224,8.571428,8.571428571428571,27.24694061279297,False
2025-10-27 04:00:00,UIZ,1.0,12.428077,7.714286,7.714285714285714,27.24694061279297,False
2025-10-27 05:00:00,UIZ,1.0,10.992387,6.357143,6.357142857142857,27.24694061279297,False
2025-10-27 06:00:00,UIZ,1.0,6.869026,2.7857144,2.7857142857142856,27.24694061279297,False
2025-10-27 07:00:00,UIZ,2.0,8.490013,5.0,5.0,27.24694061279297,False
2025-10-27 08:00:00,UIZ,7.0,16.002333,12.923077,12.923076923076923,27.24694061279297,False
2025-10-27 09:00:00,UIZ,19.0,27.964941,24.928572,24.928571428571427,27.24694061279297,False
2025-10-27 10:00:00,UIZ,30.0,41.941425,38.916668,38.916666666666664,27.24694061279297,False
2025-10-27 11:00:00,UIZ,48.0,59.474033,54.846153,54.84615384615385,27.24694061279297,False
2025-10-27 12:00:00,UIZ,59.0,74.2091,67.76923,67.76923076923077,27.24694061279297,False
2025-10-27 13:00:00,UIZ,68.0,79.50976,71.61539,71.61538461538461,27.24694061279297,False
2025-10-27 14:00:00,UIZ,67.0,79.2614,70.07692,70.07692307692308,27.24694061279297,False
2025-10-27 15:00:00,UIZ,68.0,77.177246,66.5,66.5,27.24694061279297,False
2025-10-27 16:00:00,UIZ,62.0,68.6586,57.0,57.0,27.24694061279297,False
2025-10-27 17:00:00,UIZ,44.0,55.35929,44.0,44.0,27.24694061279297,False
2025-10-27 18:00:00,UIZ,31.0,40.94806,31.0,31.0,27.24694061279297,False
2025-10-27 19:00:00,UIZ,23.0,32.625824,24.714285,24.714285714285715,27.24694061279297,False
2025-10-27 20:00:00,UIZ,23.0,22.884712,16.214285,16.214285714285715,27.24694061279297,False
2025-10-27 21:00:00,UIZ,19.0,17.879635,11.571428,11.571428571428571,27.24694061279297,False
2025-10-27 22:00:00,UIZ,1.0,12.9049835,7.642857,7.642857142857143,27.24694061279297,False
2025-10-27 23:00:00,UIZ,2.0,12.0423155,7.5,7.5,27.24694061279297,False
2025-10-28 00:00:00,UIZ,1.0,11.172741,6.909091,6.909090909090909,27.24694061279297,False
2025-10-28 01:00:00,UIZ,1.0,10.722527,6.5454545,6.545454545454546,27.24694061279297,False
2025-10-28 02:00:00,UIZ,1.0,10.864145,6.5454545,6.545454545454546,27.24694061279297,False
2025-10-28 03:00:00,UIZ,1.0,13.0899105,8.571428,8.571428571428571,27.24694061279297,False
2025-10-28 04:00:00,UIZ,1.0,12.140075,7.714286,7.714285714285714,27.24694061279297,False
2025-10-28 05:00:00,UIZ,1.0,10.67952,6.357143,6.357142857142857,27.24694061279297,False
2025-10-28 06:00:00,UIZ,1.0,6.80542,2.7857144,2.7857142857142856,27.24694061279297,False
2025-10-28 07:00:00,UIZ,3.0,8.573599,5.0,5.0,27.24694061279297,False
2025-10-28 08:00:00,UIZ,10.0,15.717207,12.615385,12.615384615384615,27.24694061279297,False
2025-10-28 09:00:00,UIZ,25.0,27.41668,24.571428,24.571428571428573,27.24694061279297,False
2025-10-28 10:00:00,UIZ,43.0,41.626102,38.23077,38.23076923076923,27.24694061279297,False
2025-10-28 11:00:00,UIZ,52.0,59.55491,54.357143,54.357142857142854,27.24694061279297,False
2025-10-28 15:00:00,UIZ,66.0,78.275635,67.07143,67.07142857142857,27.24694061279297,False
2025-10-28 16:00:00,UIZ,63.0,70.76897,58.42857,58.42857142857143,27.24694061279297,False
2025-10-28 17:00:00,UIZ,47.0,57.016506,45.0,45.0,27.24694061279297,False
2025-10-28 18:00:00,UIZ,30.0,42.582447,31.785715,31.785714285714285,27.24694061279297,False
2025-10-28 19:00:00,UIZ,28.0,33.31545,25.285715,25.285714285714285,27.24694061279297,False
2025-10-28 20:00:00,UIZ,30.0,24.08091,17.142857,17.142857142857142,27.24694061279297,False
2025-10-28 21:00:00,UIZ,22.0,19.379246,12.642858,12.642857142857142,27.24694061279297,False
2025-10-28 22:00:00,UIZ,23.0,12.842449,7.214286,7.214285714285714,27.24694061279297,False
2025-10-28 23:00:00,UIZ,22.0,11.446831,6.928571,6.928571428571429,27.24694061279297,False
2025-10-29 00:00:00,UIZ,10.0,10.624529,6.4166665,6.416666666666667,27.24694061279297,False
2025-10-29 01:00:00,UIZ,2.0,10.258498,6.0833335,6.083333333333333,27.24694061279297,False
2025-10-29 02:00:00,UIZ,10.0,10.318981,6.0833335,6.083333333333333,27.24694061279297,False
2025-10-29 03:00:00,UIZ,5.0,11.728209,7.785714,7.785714285714286,27.24694061279297,False
2025-10-29 04:00:00,UIZ,1.0,10.903631,6.785714,6.785714285714286,27.24694061279297,False
2025-10-29 05:00:00,UIZ,1.0,10.478472,6.142857,6.142857142857143,27.24694061279297,False
2025-10-29 06:00:00,UIZ,1.0,6.619972,2.5714285,2.5714285714285716,27.24694061279297,False
2025-10-29 07:00:00,UIZ,2.0,8.4364605,4.857143,4.857142857142857,27.24694061279297,False
2025-10-29 08:00:00,UIZ,17.0,16.14905,12.538462,12.538461538461538,27.24694061279297,False
2025-10-29 09:00:00,UIZ,40.0,29.799492,24.642857,24.642857142857142,27.24694061279297,False
2025-10-29 10:00:00,UIZ,46.0,46.399223,39.384617,39.38461538461539,27.24694061279297,False
2025-10-29 11:00:00,UIZ,50.0,62.20193,54.92857,54.92857142857143,27.24694061279297,False
2025-10-29 12:00:00,UIZ,52.0,75.378204,67.76923,67.76923076923077,27.24694061279297,False
2025-10-29 13:00:00,UIZ,51.0,79.52904,72.0,72.0,27.24694061279297,True
2025-10-29 14:00:00,UIZ,51.0,77.71857,70.07692,70.07692307692308,27.24694061279297,False
2025-10-29 15:00:00,UIZ,52.0,75.841415,67.42857,67.42857142857143,27.24694061279297,False
2025-10-29 16:00:00,UIZ,50.0,68.90047,59.642857,59.642857142857146,27.24694061279297,False
2025-10-29 17:00:00,UIZ,38.0,55.237793,46.0,46.0,27.24694061279297,False
2025-10-29 18:00:00,UIZ,21.0,39.57239,32.142857,32.142857142857146,27.24694061279297,False
2025-10-29 19:00:00,UIZ,11.0,30.461662,25.714285,25.714285714285715,27.24694061279297,False
2025-10-29 20:00:00,UIZ,7.0,21.215904,18.0,18.0,27.24694061279297,False
2025-10-29 21:00:00,UIZ,6.0,15.275921,12.857142,12.857142857142858,27.24694061279297,False
2025-10-29 22:00:00,UIZ,1.0,9.438759,7.785714,7.785714285714286,27.24694061279297,False
2025-10-29 23:00:00,UIZ,3.0,8.039447,7.214286,7.214285714285714,27.24694061279297,False
2025-10-30 00:00:00,UIZ,4.0,5.875534,5.5,5.5,27.24694061279297,False
2025-10-30 01:00:00,UIZ,4.0,4.432021,4.25,4.25,27.24694061279297,False
2025-10-30 02:00:00,UIZ,3.0,4.5909967,4.75,4.75,27.24694061279297,False
2025-10-30 03:00:00,UIZ,3.0,6.0581226,6.5,6.5,27.24694061279297,False
2025-10-30 04:00:00,UIZ,1.0,4.498016,5.285714,5.285714285714286,27.24694061279297,False
2025-10-30 05:00:00,UIZ,1.0,3.359119,4.428571,4.428571428571429,27.24694061279297,False
2025-10-30 06:00:00,UIZ,1.0,0.6363969,1.9285715,1.9285714285714286,27.24694061279297,False
2025-10-30 07:00:00,UIZ,2.0,2.2532437,3.7142856,3.7142857142857144,27.24694061279297,False
2025-10-30 08:00:00,UIZ,6.0,10.194852,11.846154,11.846153846153847,27.24694061279297,False
2025-10-30 09:00:00,UIZ,17.0,23.638878,25.571428,25.571428571428573,27.24694061279297,False
2025-10-30 10:00:00,UIZ,39.0,38.04156,40.076923,40.07692307692308,27.24694061279297,False
2025-10-30 11:00:00,UIZ,63.0,54.01052,55.214287,55.214285714285715,27.24694061279297,False
2025-10-30 12:00:00,UIZ,69.0,69.078575,67.38461,67.38461538461539,27.24694061279297,False
2025-10-30 13:00:00,UIZ,80.0,76.78435,71.15385,71.15384615384616,27.24694061279297,False
2025-10-30 14:00:00,UIZ,103.0,79.67814,69.46154,69.46153846153847,27.24694061279297,False
2025-10-30 15:00:00,UIZ,116.0,82.59031,67.78571,67.78571428571429,27.24694061279297,True
2025-10-30 16:00:00,UIZ,107.0,76.2984,59.92857,59.92857142857143,27.24694061279297,True
2025-10-30 17:00:00,UIZ,85.0,64.0925,46.57143,46.57142857142857,27.24694061279297,False
2025-10-30 18:00:00,UIZ,49.0,48.295486,31.642857,31.642857142857142,27.24694061279297,False
2025-10-30 19:00:00,UIZ,21.0,38.19091,24.857143,24.857142857142858,27.24694061279297,False
2025-10-30 20:00:00,UIZ,18.0,27.130772,17.571428,17.571428571428573,27.24694061279297,False
2025-10-30 21:00:00,UIZ,7.0,19.723547,12.785714,12.785714285714286,27.24694061279297,False
2025-10-30 22:00:00,UIZ,1.0,12.973172,7.714286,7.714285714285714,27.24694061279297,False
2025-10-30 23:00:00,UIZ,1.0,11.309967,6.928571,6.928571428571429,27.24694061279297,False
2025-10-31 00:00:00,UIZ,1.0,9.212387,5.3333335,5.333333333333333,27.24694061279297,False
2025-10-31 01:00:00,UIZ,1.0,7.1907644,4.1666665,4.166666666666667,27.24694061279297,False
2025-10-31 02:00:00,UIZ,1.0,7.3441753,4.5,4.5,27.24694061279297,False
2025-10-31 03:00:00,UIZ,1.0,9.175842,6.428571,6.428571428571429,27.24694061279297,False
2025-10-31 04:00:00,UIZ,1.0,7.8373847,5.142857,5.142857142857143,27.24694061279297,False
2025-10-31 05:00:00,UIZ,1.0,6.926008,4.428571,4.428571428571429,27.24694061279297,False
2025-10-31 06:00:00,UIZ,1.0,3.9849658,1.9285715,1.9285714285714286,27.24694061279297,False
2025-10-31 07:00:00,UIZ,2.0,5.3390293,3.642857,3.642857142857143,27.24694061279297,False
2025-10-31 08:00:00,UIZ,8.0,12.95963,11.692307,11.692307692307692,27.24694061279297,False
2025-10-31 09:00:00,UIZ,20.0,26.630684,25.428572,25.428571428571427,27.24694061279297,False
2025-10-31 10:00:00,UIZ,44.0,41.354565,39.76923,39.76923076923077,27.24694061279297,False
2025-10-31 11:00:00,UIZ,58.0,58.258366,55.0,55.0,27.24694061279297,False
2025-10-31 12:00:00,UIZ,71.0,72.01424,66.53846,66.53846153846153,27.24694061279297,False
2025-10-31 13:00:00,UIZ,88.0,78.31165,71.23077,71.23076923076923,27.24694061279297,False
2025-11-04 08:00:00,UIZ,8.0,11.471132,10.545455,10.545454545454545,27.24694061279297,False
2025-11-04 09:00:00,UIZ,16.0,25.09043,24.363636,24.363636363636363,27.24694061279297,False
2025-11-04 10:00:00,UIZ,26.0,40.66189,40.0,40.0,27.24694061279297,False
2025-11-04 11:00:00,UIZ,39.0,55.133694,54.0,54.0,27.24694061279297,False
2025-11-04 12:00:00,UIZ,54.0,67.64784,64.8,64.8,27.24694061279297,False
2025-11-04 13:00:00,UIZ,73.0,80.29437,74.3,74.3,27.24694061279297,False
2025-11-04 14:00:00,UIZ,84.0,85.439766,75.77778,75.77777777777777,27.24694061279297,False
2025-11-04 15:00:00,UIZ,81.0,87.552216,74.9,74.9,27.24694061279297,False
2025-11-04 16:00:00,UIZ,82.0,81.55275,66.9,66.9,27.24694061279297,False
2025-11-04 17:00:00,UIZ,76.0,66.768814,50.9,50.9,27.24694061279297,False
2025-11-04 18:00:00,UIZ,53.0,48.504684,32.8,32.8,27.24694061279297,False
2025-11-04 19:00:00,UIZ,30.0,34.86683,22.3,22.3,27.24694061279297,False
2025-11-04 20:00:00,UIZ,19.0,25.752878,16.3,16.3,27.24694061279297,False
2025-11-04 21:00:00,UIZ,4.0,17.25592,9.9,9.9,27.24694061279297,False
2025-11-04 22:00:00,UIZ,1.0,10.582084,4.7,4.7,27.24694061279297,False
2025-11-04 23:00:00,UIZ,1.0,9.210307,4.7,4.7,27.24694061279297,False
2025-11-05 00:00:00,UIZ,4.0,7.6420603,4.0,4.0,27.24694061279297,False
2025-11-05 01:00:00,UIZ,7.0,5.4562454,2.4444444,2.4444444444444446,27.24694061279297,False
2025-11-05 02:00:00,UIZ,6.0,5.6863213,3.2222223,3.2222222222222223,27.24694061279297,False
2025-11-05 03:00:00,UIZ,5.0,5.646199,3.5,3.5,27.24694061279297,False
2025-11-05 04:00:00,UIZ,6.0,4.597607,2.9,2.9,27.24694061279297,False
2025-11-05 05:00:00,UIZ,6.0,4.264229,2.8,2.8,27.24694061279297,False
2025-11-05 06:00:00,UIZ,4.0,2.4916177,1.3,1.3,27.24694061279297,False
2025-11-05 07:00:00,UIZ,3.0,3.212751,2.4,2.4,27.24694061279297,False
2025-11-05 08:00:00,UIZ,8.0,11.200935,10.636364,10.636363636363637,27.24694061279297,False
2025-11-05 09:00:00,UIZ,18.0,25.095257,24.545454,24.545454545454547,27.24694061279297,False
2025-11-05 10:00:00,UIZ,33.0,39.8943,39.3,39.3,27.24694061279297,False
2025-11-05 11:00:00,UIZ,57.0,54.813843,53.0,53.0,27.24694061279297,False
2025-11-05 12:00:00,UIZ,64.0,68.2251,63.1,63.1,27.24694061279297,False
2025-11-05 13:00:00,UIZ,82.0,82.99188,74.8,74.8,27.24694061279297,False
2025-11-05 14:00:00,UIZ,81.0,89.741776,78.888885,78.88888888888889,27.24694061279297,False
2025-11-05 15:00:00,UIZ,82.0,90.9066,77.2,77.2,27.24694061279297,False
2025-11-05 16:00:00,UIZ,74.0,86.857635,71.6,71.6,27.24694061279297,False
2025-11-05 17:00:00,UIZ,56.0,71.6575,56.1,56.1,27.24694061279297,False
2025-11-05 18:00:00,UIZ,40.0,51.112312,36.5,36.5,27.24694061279297,False
2025-11-05 19:00:00,UIZ,25.0,34.694714,23.6,23.6,27.24694061279297,False
2025-11-05 20:00:00,UIZ,18.0,25.154295,17.2,17.2,27.24694061279297,False
2025-11-05 21:00:00,UIZ,8.0,15.043312,9.2,9.2,27.24694061279297,False
2025-11-05 22:00:00,UIZ,2.0,7.8823876,3.6,3.6,27.24694061279297,False
2025-11-05 23:00:00,UIZ,1.0,7.2167997,4.1,4.1,27.24694061279297,False
2025-11-06 00:00:00,UIZ,2.0,6.1150503,3.4444444,3.4444444444444446,27.24694061279297,False
2025-11-06 01:00:00,UIZ,1.0,5.3370056,2.4444444,2.4444444444444446,27.24694061279297,False
2025-11-06 02:00:00,UIZ,0.0,5.9020023,3.1111112,3.111111111111111,27.24694061279297,False
2025-11-06 03:00:00,UIZ,1.0,5.387354,2.8,2.8,27.24694061279297,False
2025-11-06 04:00:00,UIZ,1.0,4.353944,1.8,1.8,27.24694061279297,False
2025-11-06 05:00:00,UIZ,1.0,4.2170324,1.9,1.9,27.24694061279297,False
2025-11-06 06:00:00,UIZ,1.0,3.3216727,1.3,1.3,27.24694061279297,False
2025-11-06 07:00:00,UIZ,2.0,4.221277,2.7,2.7,27.24694061279297,False
2025-11-06 08:00:00,UIZ,9.0,11.248079,10.181818,10.181818181818182,27.24694061279297,False
2025-11-06 09:00:00,UIZ,20.0,24.664759,24.0,24.0,27.24694061279297,False
2025-11-06 10:00:00,UIZ,36.0,40.365944,39.7,39.7,27.24694061279297,False
2025-11-06 11:00:00,UIZ,54.0,56.68307,55.090908,55.09090909090909,27.24694061279297,False
2025-11-06 12:00:00,UIZ,70.0,70.781906,66.3,66.3,27.24694061279297,False
2025-11-06 13:00:00,UIZ,81.0,87.75346,79.6,79.6,27.24694061279297,False
2025-11-06 14:00:00,UIZ,91.0,95.373886,84.0,84.0,27.24694061279297,False
2025-11-06 15:00:00,UIZ,100.0,96.34362,82.1,82.1,27.24694061279297,False
2025-11-06 16:00:00,UIZ,98.0,92.33151,76.1,76.1,27.24694061279297,False
2025-11-06 17:00:00,UIZ,77.0,76.418564,59.3,59.3,27.24694061279297,False
2025-11-06 18:00:00,UIZ,47.0,55.264267,38.7,38.7,27.24694061279297,False
2025-11-06 19:00:00,UIZ,39.0,37.94796,24.8,24.8,27.24694061279297,False
2025-11-06 20:00:00,UIZ,27.0,29.46954,18.4,18.4,27.24694061279297,False
2025-11-06 21:00:00,UIZ,3.0,17.341892,9.4,9.4,27.24694061279297,False
2025-11-06 22:00:00,UIZ,3.0,9.66003,3.5,3.5,27.24694061279297,False
2025-11-06 23:00:00,UIZ,2.0,8.881187,3.9,3.9,27.24694061279297,False
2025-11-07 03:00:00,UIZ,5.0,8.52725,2.7,2.7,27.24694061279297,False
2025-11-07 04:00:00,UIZ,5.0,5.396942,1.7,1.7,27.24694061279297,False
2025-11-07 05:00:00,UIZ,2.0,5.07535,1.8,1.8,27.24694061279297,False
2025-11-07 06:00:00,UIZ,1.0,4.1764574,1.3,1.3,27.24694061279297,False
2025-11-07 07:00:00,UIZ,2.0,4.9017973,2.7,2.7,27.24694061279297,False
2025-11-07 08:00:00,UIZ,7.0,12.341175,10.727273,10.727272727272727,27.24694061279297,False
2025-11-07 09:00:00,UIZ,22.0,25.726286,24.636364,24.636363636363637,27.24694061279297,False
2025-11-07 10:00:00,UIZ,47.0,41.901093,40.6,40.6,27.24694061279297,False
2025-11-07 11:00:00,UIZ,71.0,59.950863,56.272728,56.27272727272727,27.24694061279297,False
2025-11-07 12:00:00,UIZ,94.0,74.6977,67.6,67.6,27.24694061279297,False
2025-11-07 13:00:00,UIZ,101.0,93.4357,80.9,80.9,27.24694061279297,False
2025-11-07 14:00:00,UIZ,115.0,103.45587,86.55556,86.55555555555556,27.24694061279297,False
2025-11-07 15:00:00,UIZ,123.0,103.747116,85.0,85.0,27.24694061279297,False
2025-11-07 16:00:00,UIZ,119.0,99.16097,79.7,79.7,27.24694061279297,False
2025-11-07 17:00:00,UIZ,101.0,81.84872,62.3,62.3,27.24694061279297,False
2025-11-07 18:00:00,UIZ,58.0,59.274498,40.2,40.2,27.24694061279297,False
2025-11-07 19:00:00,UIZ,39.0,43.13502,27.2,27.2,27.24694061279297,False
2025-11-07 20:00:00,UIZ,13.0,33.98559,20.2,20.2,27.24694061279297,False
2025-11-07 21:00:00,UIZ,26.0,20.47572,9.3,9.3,27.24694061279297,False
2025-11-07 22:00:00,UIZ,20.0,12.696469,3.7,3.7,27.24694061279297,False
2025-11-07 23:00:00,UIZ,9.0,11.23959,4.0,4.0,27.24694061279297,False
2025-11-08 00:00:00,UIZ,5.0,9.06579,3.125,3.125,27.24694061279297,False
2025-11-08 01:00:00,UIZ,11.0,7.2920866,2.375,2.375,27.24694061279297,False
2025-11-08 02:00:00,UIZ,17.0,7.191107,3.125,3.125,27.24694061279297,False
2025-11-08 03:00:00,UIZ,13.0,6.854212,2.9,2.9,27.24694061279297,False
2025-11-08 04:00:00,UIZ,7.0,5.9408684,2.1,2.1,27.24694061279297,False
2025-11-08 05:00:00,UIZ,3.0,5.6652293,1.9,1.9,27.24694061279297,False
2025-11-08 06:00:00,UIZ,1.0,4.786294,1.3,1.3,27.24694061279297,False
2025-11-08 07:00:00,UIZ,3.0,5.6203446,2.6,2.6,27.24694061279297,False
2025-11-08 08:00:00,UIZ,10.0,13.014205,10.545455,10.545454545454545,27.24694061279297,False
2025-11-08 09:00:00,UIZ,24.0,27.151604,24.727272,24.727272727272727,27.24694061279297,False
2025-11-08 10:00:00,UIZ,44.0,44.122772,40.9,40.9,27.24694061279297,False
2025-11-08 11:00:00,UIZ,80.0,63.499672,57.18182,57.18181818181818,27.24694061279297,False
2025-11-08 12:00:00,UIZ,93.0,81.13156,69.4,69.4,27.24694061279297,False
2025-11-08 13:00:00,UIZ,105.0,94.08299,79.3,79.3,27.24694061279297,False
2025-11-08 14:00:00,UIZ,111.0,103.551254,86.666664,86.66666666666667,27.24694061279297,False
2025-11-08 15:00:00,UIZ,112.0,105.69441,87.7,87.7,27.24694061279297,False
2025-11-08 16:00:00,UIZ,124.0,101.46172,83.0,83.0,27.24694061279297,False
2025-11-08 17:00:00,UIZ,119.0,84.08418,65.4,65.4,27.24694061279297,True
2025-11-08 18:00:00,UIZ,61.0,59.27112,41.1,41.1,27.24694061279297,False
2025-11-08 19:00:00,UIZ,34.0,42.600594,27.6,27.6,27.24694061279297,False
2025-11-08 20:00:00,UIZ,15.0,31.869343,19.9,19.9,27.24694061279297,False
2025-11-08 21:00:00,UIZ,2.0,21.545305,11.5,11.5,27.24694061279297,False
2025-11-08 22:00:00,UIZ,2.0,12.968824,5.6,5.6,27.24694061279297,False
2025-11-08 23:00:00,UIZ,2.0,10.143955,4.4,4.4,27.24694061279297,False
2025-11-09 00:00:00,UIZ,2.0,7.965743,3.5,3.5,27.24694061279297,False
2025-11-09 01:00:00,UIZ,3.0,7.1719923,3.5,3.5,27.24694061279297,False
2025-11-09 02:00:00,UIZ,1.0,8.161306,4.875,4.875,27.24694061279297,False
2025-11-09 03:00:00,UIZ,4.0,6.882428,3.7,3.7,27.24694061279297,False
2025-11-09 04:00:00,UIZ,7.0,5.575094,2.5,2.5,27.24694061279297,False
2025-11-09 05:00:00,UIZ,1.0,4.9489126,2.0,2.0,27.24694061279297,False
2025-11-09 06:00:00,UIZ,1.0,3.9005792,1.3,1.3,27.24694061279297,False
2025-11-09 07:00:00,UIZ,4.0,4.6964126,2.5,2.5,27.24694061279297,False
2025-11-09 08:00:00,UIZ,12.0,11.442317,9.727273,9.727272727272727,27.24694061279297,False
2025-11-09 09:00:00,UIZ,30.0,25.519625,23.818182,23.818181818181817,27.24694061279297,False
2025-11-09 10:00:00,UIZ,45.0,43.74626,41.18182,41.18181818181818,27.24694061279297,False
2025-11-09 11:00:00,UIZ,61.0,64.21672,58.727272,58.72727272727273,27.24694061279297,False
2025-11-09 12:00:00,UIZ,75.0,79.29865,69.3,69.3,27.24694061279297,False
2025-11-09 13:00:00,UIZ,73.0,93.68513,80.5,80.5,27.24694061279297,False
2025-11-09 14:00:00,UIZ,68.0,102.65755,88.0,88.0,27.24694061279297,True
2025-11-09 15:00:00,UIZ,57.0,103.655426,88.7,88.7,27.24694061279297,True
2025-11-09 16:00:00,UIZ,51.0,100.4187,86.0,86.0,27.24694061279297,True
2025-11-09 17:00:00,UIZ,46.0,83.09278,70.2,70.2,27.24694061279297,True
2025-11-09 18:00:00,UIZ,41.0,53.71354,42.5,42.5,27.24694061279297,False
2025-11-09 19:00:00,UIZ,36.0,37.99808,27.8,27.8,27.24694061279297,False
2025-11-09 20:00:00,UIZ,31.0,28.06608,18.6,18.6,27.24694061279297,False
2025-11-09 21:00:00,UIZ,30.0,19.240562,10.5,10.5,27.24694061279297,False
2025-11-09 22:00:00,UIZ,33.0,13.749752,5.6,5.6,27.24694061279297,False
2025-11-09 23:00:00,UIZ,24.0,12.027952,4.4,4.4,27.24694061279297,False
2025-11-10 00:00:00,UIZ,24.0,10.43926,3.3333333,3.3333333333333335,27.24694061279297,False
2025-11-10 01:00:00,UIZ,27.0,10.6145735,3.4444444,3.4444444444444446,27.24694061279297,False
2025-11-10 02:00:00,UIZ,25.0,12.088114,4.4444447,4.444444444444445,27.24694061279297,False
2025-11-10 03:00:00,UIZ,16.0,11.253316,3.9,3.9,27.24694061279297,False
2025-11-10 04:00:00,UIZ,24.0,9.522133,3.1,3.1,27.24694061279297,False
2025-11-10 05:00:00,UIZ,26.0,7.8465786,1.8,1.8,27.24694061279297,False
2025-11-10 06:00:00,UIZ,17.0,7.1757555,1.3,1.3,27.24694061279297,False
2025-11-10 07:00:00,UIZ,4.0,7.241915,2.5,2.5,27.24694061279297,False
2025-11-10 08:00:00,UIZ,16.0,13.164227,9.272727,9.272727272727273,27.24694061279297,False
2025-11-10 09:00:00,UIZ,23.0,26.009722,22.818182,22.818181818181817,27.24694061279297,False
2025-11-10 10:00:00,UIZ,20.0,41.87836,39.363636,39.36363636363637,27.24694061279297,False
2025-11-10 11:00:00,UIZ,22.0,58.858627,57.545456,57.54545454545455,27.24694061279297,True
2025-11-10 12:00:00,UIZ,27.0,70.65846,70.1,70.1,27.24694061279297,True
2025-11-10 13:00:00,UIZ,24.0,79.580055,80.2,80.2,27.24694061279297,True
2025-11-10 14:00:00,UIZ,27.0,83.08574,85.666664,85.66666666666667,27.24694061279297,True
2025-11-10 15:00:00,UIZ,22.0,81.075615,85.7,85.7,27.24694061279297,True
2025-11-10 16:00:00,UIZ,15.0,76.880516,83.0,83.0,27.24694061279297,True
2025-11-10 17:00:00,UIZ,9.0,62.175102,68.9,68.9,27.24694061279297,True
2025-11-10 18:00:00,UIZ,7.0,36.283127,43.1,43.1,27.24694061279297,True
2025-11-10 19:00:00,UIZ,12.0,21.810673,28.6,28.6,27.24694061279297,False
2025-11-10 20:00:00,UIZ,15.0,13.219238,20.1,20.1,27.24694061279297,False
2025-11-10 21:00:00,UIZ,17.0,5.7804713,12.7,12.7,27.24694061279297,False
2025-11-10 22:00:00,UIZ,11.0,1.9635677,8.7,8.7,27.24694061279297,False
2025-11-10 23:00:00,UIZ,7.0,0.14188862,6.7,6.7,27.24694061279297,False
2025-11-11 00:00:00,UIZ,9.0,-0.50596476,5.888889,5.888888888888889,27.24694061279297,False
2025-11-11 01:00:00,UIZ,11.0,0.08365965,6.3333335,6.333333333333333,27.24694061279297,False
2025-11-11 02:00:00,UIZ,8.0,0.91057825,7.111111,7.111111111111111,27.24694061279297,False
2025-11-11 03:00:00,UIZ,7.0,-0.71549845,5.4,5.4,27.24694061279297,False
2025-11-11 04:00:00,UIZ,8.0,-0.6814923,5.4,5.4,27.24694061279297,False
2025-11-11 05:00:00,UIZ,2.0,-1.7493138,4.3,4.3,27.24694061279297,False
2025-11-11 06:00:00,UIZ,1.0,-3.1444821,2.9,2.9,27.24694061279297,False
2025-11-11 07:00:00,UIZ,2.0,-3.2981498,2.7,2.7,27.24694061279297,False
2025-11-11 08:00:00,UIZ,7.0,4.0490623,10.090909,10.090909090909092,27.24694061279297,False
2025-11-11 09:00:00,UIZ,15.0,16.942856,23.181818,23.181818181818183,27.24694061279297,False
2025-11-11 10:00:00,UIZ,19.0,31.88284,38.454544,38.45454545454545,27.24694061279297,False
2025-11-11 11:00:00,UIZ,28.0,48.135345,55.18182,55.18181818181818,27.24694061279297,False
2025-11-11 12:00:00,UIZ,39.0,59.29204,66.9,66.9,27.24694061279297,False
2025-11-11 13:00:00,UIZ,56.0,67.78413,75.8,75.8,27.24694061279297,False
2025-11-11 14:00:00,UIZ,64.0,73.32016,81.22222,81.22222222222223,27.24694061279297,False
2025-11-11 15:00:00,UIZ,66.0,74.301544,81.1,81.1,27.24694061279297,False
2025-11-11 16:00:00,UIZ,62.0,73.53308,78.3,78.3,27.24694061279297,False
2025-11-11 17:00:00,UIZ,55.0,61.416264,65.4,65.4,27.24694061279297,False
2025-11-11 18:00:00,UIZ,47.0,36.8544,40.7,40.7,27.24694061279297,False
2025-11-11 19:00:00,UIZ,33.0,22.468456,27.5,27.5,27.24694061279297,False
2025-11-11 20:00:00,UIZ,12.0,14.060263,19.3,19.3,27.24694061279297,False
2025-11-11 21:00:00,UIZ,2.0,7.282338,12.5,12.5,27.24694061279297,False
2025-11-11 22:00:00,UIZ,1.0,4.56897,9.7,9.7,27.24694061279297,False
2025-11-11 23:00:00,UIZ,1.0,2.0233698,7.2,7.2,27.24694061279297,False
2025-11-12 00:00:00,UIZ,1.0,1.5073061,6.7777777,6.777777777777778,27.24694061279297,False
2025-11-12 01:00:00,UIZ,2.0,2.0583787,7.4444447,7.444444444444445,27.24694061279297,False
2025-11-12 02:00:00,UIZ,2.0,2.5030708,7.888889,7.888888888888889,27.24694061279297,False
2025-11-12 03:00:00,UIZ,2.0,0.5968766,6.0,6.0,27.24694061279297,False
2025-11-12 04:00:00,UIZ,1.0,0.70387125,6.1,6.1,27.24694061279297,False
2025-11-12 05:00:00,UIZ,1.0,-1.0222945,4.4,4.4,27.24694061279297,False
2025-11-12 06:00:00,UIZ,1.0,-2.5399146,2.9,2.9,27.24694061279297,False
2025-11-12 07:00:00,UIZ,2.0,-2.875064,2.6,2.6,27.24694061279297,False
2025-11-12 08:00:00,UIZ,7.0,4.1798716,9.818182,9.818181818181818,27.24694061279297,False
2025-11-12 09:00:00,UIZ,19.0,16.37999,22.272728,22.272727272727273,27.24694061279297,False
2025-11-12 10:00:00,UIZ,39.0,29.855192,36.272728,36.27272727272727,27.24694061279297,False
2025-11-12 11:00:00,UIZ,68.0,45.81925,53.0,53.0,27.24694061279297,False
2025-11-12 12:00:00,UIZ,83.0,58.496128,64.36364,64.36363636363636,27.24694061279297,False
2025-11-12 13:00:00,UIZ,92.0,73.064735,74.0,74.0,27.24694061279297,False
2025-11-12 14:00:00,UIZ,106.0,84.14584,79.5,79.5,27.24694061279297,False
2025-11-12 15:00:00,UIZ,107.0,90.98619,81.1,81.1,27.24694061279297,False
2025-11-12 16:00:00,UIZ,88.0,91.72217,78.2,78.2,27.24694061279297,False
2025-11-12 17:00:00,UIZ,62.0,80.6397,66.2,66.2,27.24694061279297,False
2025-11-12 18:00:00,UIZ,30.0,55.28323,42.4,42.4,27.24694061279297,False
2025-11-12 19:00:00,UIZ,17.0,35.498337,28.0,28.0,27.24694061279297,False
2025-11-12 20:00:00,UIZ,3.0,22.372353,17.5,17.5,27.24694061279297,False
2025-11-12 21:00:00,UIZ,3.0,13.713403,10.5,10.5,27.24694061279297,False
2025-11-12 22:00:00,UIZ,2.0,9.345654,7.5,7.5,27.24694061279297,False
2025-11-12 23:00:00,UIZ,1.0,6.2339034,5.1,5.1,27.24694061279297,False
2025-11-13 03:00:00,UIZ,1.0,10.521246,5.7,5.7,27.24694061279297,False
2025-11-13 04:00:00,UIZ,1.0,7.991807,6.1,6.1,27.24694061279297,False
2025-11-13 05:00:00,UIZ,1.0,5.4480367,4.4,4.4,27.24694061279297,False
2025-11-13 06:00:00,UIZ,1.0,3.4796374,2.9,2.9,27.24694061279297,False
2025-11-13 07:00:00,UIZ,2.0,2.7497525,2.6,2.6,27.24694061279297,False
2025-11-13 08:00:00,UIZ,6.0,8.623998,8.909091,8.909090909090908,27.24694061279297,False
2025-11-13 09:00:00,UIZ,16.0,19.63645,20.363636,20.363636363636363,27.24694061279297,False
2025-11-13 10:00:00,UIZ,30.0,34.520588,35.636364,35.63636363636363,27.24694061279297,False
2025-11-13 11:00:00,UIZ,44.0,53.680637,54.636364,54.63636363636363,27.24694061279297,False
2025-11-13 12:00:00,UIZ,57.0,67.4028,67.181816,67.18181818181819,27.24694061279297,False
2025-11-13 13:00:00,UIZ,74.0,79.81567,77.72727,77.72727272727273,27.24694061279297,False
2025-11-13 14:00:00,UIZ,78.0,89.23674,85.0,85.0,27.24694061279297,False
2025-11-13 15:00:00,UIZ,83.0,93.02852,86.6,86.6,27.24694061279297,False
2025-11-13 16:00:00,UIZ,75.0,89.83715,82.0,82.0,27.24694061279297,False
2025-11-13 17:00:00,UIZ,51.0,77.60891,68.6,68.6,27.24694061279297,False
2025-11-13 18:00:00,UIZ,22.0,51.82386,43.3,43.3,27.24694061279297,True
2025-11-13 19:00:00,UIZ,13.0,33.54786,28.6,28.6,27.24694061279297,False
2025-11-13 20:00:00,UIZ,3.0,20.067001,17.1,17.1,27.24694061279297,False
2025-11-13 21:00:00,UIZ,3.0,11.344173,10.2,10.2,27.24694061279297,False
2025-11-13 22:00:00,UIZ,4.0,7.800078,7.6,7.6,27.24694061279297,False
2025-11-13 23:00:00,UIZ,2.0,4.2988563,4.9,4.9,27.24694061279297,False
2025-11-14 00:00:00,UIZ,1.0,4.9459696,6.0,6.0,27.24694061279297,False
2025-11-14 01:00:00,UIZ,1.0,6.4795403,7.875,7.875,27.24694061279297,False
2025-11-14 02:00:00,UIZ,1.0,5.894986,7.5,7.5,27.24694061279297,False
2025-11-14 03:00:00,UIZ,1.0,3.7945442,5.5,5.5,27.24694061279297,False
2025-11-14 04:00:00,UIZ,1.0,4.338981,6.1,6.1,27.24694061279297,False
2025-11-14 05:00:00,UIZ,1.0,2.5334926,4.4,4.4,27.24694061279297,False
2025-11-14 06:00:00,UIZ,1.0,0.87662697,2.9,2.9,27.24694061279297,False
2025-11-14 07:00:00,UIZ,2.0,0.35431385,2.6,2.6,27.24694061279297,False
2025-11-14 08:00:00,UIZ,7.0,6.38952,8.909091,8.909090909090908,27.24694061279297,False
2025-11-14 09:00:00,UIZ,16.0,17.45047,20.272728,20.272727272727273,27.24694061279297,False
2025-11-14 10:00:00,UIZ,39.0,31.675919,34.81818,34.81818181818182,27.24694061279297,False
2025-11-14 11:00:00,UIZ,65.0,49.892372,52.909092,52.90909090909091,27.24694061279297,False
2025-11-14 12:00:00,UIZ,65.0,64.221085,66.09091,66.0909090909091,27.24694061279297,False
2025-11-14 13:00:00,UIZ,85.0,78.80836,77.181816,77.18181818181819,27.24694061279297,False
2025-11-14 14:00:00,UIZ,95.0,86.42063,82.5,82.5,27.24694061279297,False
2025-11-14 15:00:00,UIZ,67.0,86.85307,83.3,83.3,27.24694061279297,False
2025-11-14 16:00:00,UIZ,50.0,81.77847,78.8,78.8,27.24694061279297,True
2025-11-14 17:00:00,UIZ,34.0,67.547905,65.2,65.2,27.24694061279297,True
2025-11-14 18:00:00,UIZ,7.0,40.96775,40.6,40.6,27.24694061279297,True
2025-11-14 19:00:00,UIZ,9.0,26.159893,27.8,27.8,27.24694061279297,False
2025-11-14 20:00:00,UIZ,4.0,12.841637,15.6,15.6,27.24694061279297,False
2025-11-14 21:00:00,UIZ,2.0,6.400888,9.8,9.8,27.24694061279297,False
2025-11-14 22:00:00,UIZ,1.0,4.3229604,7.9,7.9,27.24694061279297,False
2025-11-14 23:00:00,UIZ,2.0,1.4330559,5.0,5.0,27.24694061279297,False
2025-11-15 00:00:00,UIZ,2.0,2.5189729,6.0,6.0,27.24694061279297,False
2025-11-15 01:00:00,UIZ,1.0,4.5272894,7.875,7.875,27.24694061279297,False
2025-11-15 02:00:00,UIZ,1.0,4.222682,7.5,7.5,27.24694061279297,False
2025-11-15 03:00:00,UIZ,1.0,2.3237605,5.5,5.5,27.24694061279297,False
2025-11-15 04:00:00,UIZ,0.0,2.935652,6.1,6.1,27.24694061279297,False
2025-11-15 05:00:00,UIZ,1.0,1.2340822,4.4,4.4,27.24694061279297,False
2025-11-15 06:00:00,UIZ,1.0,-0.29450488,2.9,2.9,27.24694061279297,False
2025-11-15 07:00:00,UIZ,2.0,-0.6529517,2.6,2.6,27.24694061279297,False
2025-11-15 08:00:00,UIZ,8.0,5.4295483,8.818182,8.818181818181818,27.24694061279297,False
2025-11-15 09:00:00,UIZ,23.0,16.306572,19.90909,19.90909090909091,27.24694061279297,False
2025-11-15 10:00:00,UIZ,40.0,30.40896,34.363636,34.36363636363637,27.24694061279297,False
2025-11-15 11:00:00,UIZ,49.0,49.375084,53.545456,53.54545454545455,27.24694061279297,False
2025-11-15 12:00:00,UIZ,56.0,61.93827,65.545456,65.54545454545455,27.24694061279297,False
2025-11-15 13:00:00,UIZ,76.0,74.34443,76.90909,76.9090909090909,27.24694061279297,False
2025-11-15 14:00:00,UIZ,87.0,82.873695,83.63636,83.63636363636364,27.24694061279297,False
2025-11-15 15:00:00,UIZ,101.0,81.41017,81.818184,81.81818181818181,27.24694061279297,False
2025-11-15 16:00:00,UIZ,81.0,77.527504,76.181816,76.18181818181819,27.24694061279297,False
2025-11-15 17:00:00,UIZ,58.0,66.21327,62.363636,62.36363636363637,27.24694061279297,False
2025-11-15 18:00:00,UIZ,17.0,42.22915,37.545456,37.54545454545455,27.24694061279297,False
2025-11-15 19:00:00,UIZ,2.0,27.901434,26.09091,26.09090909090909,27.24694061279297,False
2025-11-15 20:00:00,UIZ,1.0,14.618137,14.545455,14.545454545454545,27.24694061279297,False
2025-11-15 21:00:00,UIZ,1.0,7.9922714,9.090909,9.090909090909092,27.24694061279297,False
2025-11-15 22:00:00,UIZ,1.0,5.449022,7.2727275,7.2727272727272725,27.24694061279297,False
2025-11-15 23:00:00,UIZ,1.0,2.7543206,4.7272725,4.7272727272727275,27.24694061279297,False
2025-11-16 00:00:00,UIZ,1.0,3.3959355,5.5555553,5.555555555555555,27.24694061279297,False
2025-11-16 01:00:00,UIZ,3.0,4.7915,7.111111,7.111111111111111,27.24694061279297,False
2025-11-16 02:00:00,UIZ,8.0,4.400177,6.7777777,6.777777777777778,27.24694061279297,False
2025-11-16 03:00:00,UIZ,9.0,2.7680666,5.090909,5.090909090909091,27.24694061279297,False
2025-11-16 04:00:00,UIZ,7.0,3.1433477,5.5454545,5.545454545454546,27.24694061279297,False
2025-11-16 05:00:00,UIZ,2.0,1.5380409,4.090909,4.090909090909091,27.24694061279297,False
2025-11-16 06:00:00,UIZ,1.0,0.010911703,2.7272727,2.727272727272727,27.24694061279297,False
2025-11-16 07:00:00,UIZ,3.0,-0.32759333,2.5454545,2.5454545454545454,27.24694061279297,False
2025-11-16 08:00:00,UIZ,10.0,5.623469,8.75,8.75,27.24694061279297,False
2025-11-16 09:00:00,UIZ,34.0,16.807283,20.166666,20.166666666666668,27.24694061279297,False
2025-11-16 10:00:00,UIZ,59.0,31.55023,34.833332,34.833333333333336,27.24694061279297,True
2025-11-16 11:00:00,UIZ,68.0,51.470734,53.166668,53.166666666666664,27.24694061279297,False
2025-11-16 12:00:00,UIZ,82.0,66.77574,64.75,64.75,27.24694061279297,False
2025-11-16 13:00:00,UIZ,83.0,81.38098,76.833336,76.83333333333333,27.24694061279297,False
2025-11-16 14:00:00,UIZ,79.0,89.599045,83.916664,83.91666666666667,27.24694061279297,False
2025-11-16 15:00:00,UIZ,73.0,90.38836,83.416664,83.41666666666667,27.24694061279297,False
2025-11-16 16:00:00,UIZ,60.0,84.59223,76.583336,76.58333333333333,27.24694061279297,False
2025-11-16 17:00:00,UIZ,42.0,69.88346,62.0,62.0,27.24694061279297,True
2025-11-16 18:00:00,UIZ,27.0,42.338783,35.833332,35.833333333333336,27.24694061279297,False
2025-11-16 19:00:00,UIZ,13.0,28.23807,24.083334,24.083333333333332,27.24694061279297,False
2025-11-16 20:00:00,UIZ,3.0,15.742329,13.416667,13.416666666666666,27.24694061279297,False
2025-11-16 21:00:00,UIZ,2.0,9.426369,8.416667,8.416666666666666,27.24694061279297,False
2025-11-16 22:00:00,UIZ,1.0,6.2835255,6.75,6.75,27.24694061279297,False
2025-11-16 23:00:00,UIZ,1.0,3.403945,4.4166665,4.416666666666667,27.24694061279297,False
2025-11-17 00:00:00,UIZ,1.0,3.7301896,5.1,5.1,27.24694061279297,False
2025-11-17 01:00:00,UIZ,2.0,5.3623705,6.7,6.7,27.24694061279297,False
2025-11-17 02:00:00,UIZ,4.0,5.6130605,6.9,6.9,27.24694061279297,False
2025-11-17 03:00:00,UIZ,9.0,4.216524,5.4166665,5.416666666666667,27.24694061279297,False
2025-11-17 04:00:00,UIZ,4.0,4.3936462,5.6666665,5.666666666666667,27.24694061279297,False
2025-11-17 05:00:00,UIZ,1.0,2.54549,3.9166667,3.9166666666666665,27.24694061279297,False
2025-11-17 06:00:00,UIZ,1.0,0.91574717,2.5833333,2.5833333333333335,27.24694061279297,False
2025-11-17 07:00:00,UIZ,5.0,0.5064788,2.5833333,2.5833333333333335,27.24694061279297,False
2025-11-17 08:00:00,UIZ,14.0,6.389479,8.846154,8.846153846153847,27.24694061279297,False
2025-11-17 09:00:00,UIZ,30.0,18.365114,21.23077,21.23076923076923,27.24694061279297,False
2025-11-17 10:00:00,UIZ,43.0,33.538574,36.692307,36.69230769230769,27.24694061279297,False
2025-11-17 11:00:00,UIZ,59.0,51.47625,54.307693,54.30769230769231,27.24694061279297,False
2025-11-17 12:00:00,UIZ,59.0,65.92514,66.07692,66.07692307692308,27.24694061279297,False
2025-11-17 13:00:00,UIZ,76.0,79.7168,77.30769,77.3076923076923,27.24694061279297,False
2025-11-17 14:00:00,UIZ,91.0,87.477486,83.53846,83.53846153846153,27.24694061279297,False
2025-11-17 15:00:00,UIZ,87.0,89.48109,82.61539,82.61538461538461,27.24694061279297,False
2025-11-17 16:00:00,UIZ,78.0,85.28343,75.30769,75.3076923076923,27.24694061279297,False
2025-11-17 17:00:00,UIZ,62.0,72.90489,60.46154,60.46153846153846,27.24694061279297,False
2025-11-17 18:00:00,UIZ,37.0,46.878006,35.153847,35.15384615384615,27.24694061279297,False
2025-11-17 19:00:00,UIZ,22.0,31.32572,23.23077,23.23076923076923,27.24694061279297,False
2025-11-17 20:00:00,UIZ,21.0,19.644352,12.615385,12.615384615384615,27.24694061279297,False
2025-11-17 21:00:00,UIZ,24.0,13.160742,7.923077,7.923076923076923,27.24694061279297,False
2025-11-17 22:00:00,UIZ,10.0,10.9297,6.3076925,6.3076923076923075,27.24694061279297,False
2025-11-17 23:00:00,UIZ,3.0,7.5132413,4.1538463,4.153846153846154,27.24694061279297,False
2025-11-18 00:00:00,UIZ,17.0,7.2595415,4.7272725,4.7272727272727275,27.24694061279297,False
2025-11-18 01:00:00,UIZ,3.0,7.919315,6.2727275,6.2727272727272725,27.24694061279297,False
2025-11-18 02:00:00,UIZ,2.0,7.95131,6.6363635,6.636363636363637,27.24694061279297,False
2025-11-18 03:00:00,UIZ,8.0,6.5015855,5.6923075,5.6923076923076925,27.24694061279297,False
2025-11-18 04:00:00,UIZ,7.0,5.947061,5.5384617,5.538461538461538,27.24694061279297,False
2025-11-18 05:00:00,UIZ,2.0,3.50015,3.6923077,3.6923076923076925,27.24694061279297,False
2025-11-18 06:00:00,UIZ,1.0,1.6632617,2.4615386,2.4615384615384617,27.24694061279297,False
2025-11-18 07:00:00,UIZ,1.0,1.0144495,2.7692308,2.769230769230769,27.24694061279297,False
2025-11-18 08:00:00,UIZ,3.0,6.6437173,9.214286,9.214285714285714,27.24694061279297,False
2025-11-18 09:00:00,UIZ,14.0,18.77689,21.857143,21.857142857142858,27.24694061279297,False
2025-11-18 10:00:00,UIZ,39.0,33.573208,37.142857,37.142857142857146,27.24694061279297,False
2025-11-18 11:00:00,UIZ,66.0,51.353954,54.642857,54.642857142857146,27.24694061279297,False
2025-11-18 12:00:00,UIZ,81.0,64.26832,65.57143,65.57142857142857,27.24694061279297,False
2025-11-18 13:00:00,UIZ,83.0,78.099884,77.21429,77.21428571428571,27.24694061279297,False
2025-11-18 14:00:00,UIZ,79.0,87.19291,84.07143,84.07142857142857,27.24694061279297,False
2025-11-18 15:00:00,UIZ,73.0,88.55806,82.92857,82.92857142857143,27.24694061279297,False
2025-11-18 16:00:00,UIZ,69.0,82.385216,75.5,75.5,27.24694061279297,False
2025-11-18 17:00:00,UIZ,70.0,69.15016,60.57143,60.57142857142857,27.24694061279297,False
2025-11-18 18:00:00,UIZ,42.0,44.568905,35.285713,35.285714285714285,27.24694061279297,False
2025-11-18 19:00:00,UIZ,27.0,29.698967,23.142857,23.142857142857142,27.24694061279297,False
2025-11-18 20:00:00,UIZ,22.0,18.048597,13.214286,13.214285714285714,27.24694061279297,False
2025-11-18 21:00:00,UIZ,1.0,12.398036,9.071428,9.071428571428571,27.24694061279297,False
2025-11-18 22:00:00,UIZ,2.0,8.217826,6.571429,6.571428571428571,27.24694061279297,False
2025-11-18 23:00:00,UIZ,1.0,4.6009946,4.071429,4.071428571428571,27.24694061279297,False
2025-11-19 03:00:00,UIZ,4.0,9.879895,5.857143,5.857142857142857,27.24694061279297,False
2025-11-19 04:00:00,UIZ,1.0,7.086305,5.642857,5.642857142857143,27.24694061279297,False
2025-11-19 05:00:00,UIZ,1.0,4.079113,3.5714285,3.5714285714285716,27.24694061279297,False
2025-11-19 06:00:00,UIZ,1.0,2.332106,2.357143,2.357142857142857,27.24694061279297,False
2025-11-19 07:00:00,UIZ,2.0,1.9466448,2.642857,2.642857142857143,27.24694061279297,False
2025-11-19 08:00:00,UIZ,4.0,7.4475174,8.857142,8.857142857142858,27.24694061279297,False
2025-11-19 09:00:00,UIZ,13.0,19.704964,21.714285,21.714285714285715,27.24694061279297,False
2025-11-19 11:00:00,UIZ,46.0,54.18124,56.57143,56.57142857142857,27.24694061279297,False
2025-11-19 12:00:00,UIZ,60.0,65.79065,67.5,67.5,27.24694061279297,False
2025-11-19 13:00:00,UIZ,60.0,77.6204,77.92857,77.92857142857143,27.24694061279297,False
2025-11-19 14:00:00,UIZ,68.0,85.05528,83.71429,83.71428571428571,27.24694061279297,False
2025-11-19 15:00:00,UIZ,56.0,86.423584,82.35714,82.35714285714286,27.24694061279297,True
2025-11-19 16:00:00,UIZ,54.0,80.77169,74.57143,74.57142857142857,27.24694061279297,False
2025-11-19 17:00:00,UIZ,35.0,67.41849,60.142857,60.142857142857146,27.24694061279297,True
2025-11-19 18:00:00,UIZ,20.0,40.166073,34.5,34.5,27.24694061279297,False
2025-11-19 19:00:00,UIZ,11.0,26.17702,22.928572,22.928571428571427,27.24694061279297,False
2025-11-19 20:00:00,UIZ,6.0,14.838455,13.428572,13.428571428571429,27.24694061279297,False
2025-11-19 21:00:00,UIZ,1.0,8.567944,8.857142,8.857142857142858,27.24694061279297,False
2025-11-19 22:00:00,UIZ,1.0,5.624899,6.642857,6.642857142857143,27.24694061279297,False
2025-11-19 23:00:00,UIZ,1.0,2.7006526,4.071429,4.071428571428571,27.24694061279297,False
2025-11-20 00:00:00,UIZ,1.0,4.268395,5.909091,5.909090909090909,27.24694061279297,False
2025-11-20 01:00:00,UIZ,1.0,4.1027536,5.909091,5.909090909090909,27.24694061279297,False
2025-11-20 02:00:00,UIZ,1.0,4.2647915,6.2727275,6.2727272727272725,27.24694061279297,False
2025-11-20 03:00:00,UIZ,1.0,3.6052308,5.785714,5.785714285714286,27.24694061279297,False
2025-11-20 04:00:00,UIZ,1.0,3.1300943,5.285714,5.285714285714286,27.24694061279297,False
2025-11-20 05:00:00,UIZ,1.0,1.1194689,3.2142856,3.2142857142857144,27.24694061279297,False
2025-11-20 06:00:00,UIZ,1.0,-0.077026606,2.142857,2.142857142857143,27.24694061279297,False
2025-11-20 07:00:00,UIZ,1.0,0.1141572,2.5714285,2.5714285714285716,27.24694061279297,False
2025-11-20 08:00:00,UIZ,5.0,5.81785,8.571428,8.571428571428571,27.24694061279297,False
2025-11-20 09:00:00,UIZ,15.0,18.189484,21.357143,21.357142857142858,27.24694061279297,False
2025-11-20 11:00:00,UIZ,59.0,52.095036,55.785713,55.785714285714285,27.24694061279297,False
2025-11-20 12:00:00,UIZ,72.0,64.546234,67.21429,67.21428571428571,27.24694061279297,False
2025-11-20 13:00:00,UIZ,74.0,76.31151,76.35714,76.35714285714286,27.24694061279297,False
2025-11-20 14:00:00,UIZ,93.0,85.13103,82.78571,82.78571428571429,27.24694061279297,False
2025-11-20 15:00:00,UIZ,113.0,86.2227,80.5,80.5,27.24694061279297,False
2025-11-20 16:00:00,UIZ,116.0,83.966354,73.14286,73.14285714285714,27.24694061279297,True
2025-11-20 17:00:00,UIZ,73.0,72.30678,58.642857,58.642857142857146,27.24694061279297,False
2025-11-20 18:00:00,UIZ,45.0,47.25986,33.07143,33.07142857142857,27.24694061279297,False
2025-11-20 19:00:00,UIZ,22.0,31.821342,21.928572,21.928571428571427,27.24694061279297,False
2025-11-20 20:00:00,UIZ,16.0,20.719704,12.571428,12.571428571428571,27.24694061279297,False
2025-11-20 21:00:00,UIZ,8.0,14.775885,8.357142,8.357142857142858,27.24694061279297,False
2025-11-20 22:00:00,UIZ,13.0,11.430574,6.571429,6.571428571428571,27.24694061279297,False
2025-11-20 23:00:00,UIZ,13.0,7.8998623,4.071429,4.071428571428571,27.24694061279297,False
2025-11-21 00:00:00,UIZ,9.0,8.806049,5.818182,5.818181818181818,27.24694061279297,False
2025-11-21 01:00:00,UIZ,16.0,8.120747,5.909091,5.909090909090909,27.24694061279297,False
2025-11-21 02:00:00,UIZ,15.0,8.219673,6.3636365,6.363636363636363,27.24694061279297,False
2025-11-21 03:00:00,UIZ,14.0,7.1961226,5.785714,5.785714285714286,27.24694061279297,False
2025-11-21 04:00:00,UIZ,9.0,6.4978247,5.285714,5.285714285714286,27.24694061279297,False
2025-11-21 05:00:00,UIZ,3.0,4.135242,3.2142856,3.2142857142857144,27.24694061279297,False
2025-11-21 06:00:00,UIZ,1.0,2.4961324,2.142857,2.142857142857143,27.24694061279297,False
2025-11-21 07:00:00,UIZ,2.0,2.322872,2.5,2.5,27.24694061279297,False
2025-11-21 08:00:00,UIZ,5.0,7.517684,8.285714,8.285714285714286,27.24694061279297,False
2025-11-21 09:00:00,UIZ,14.0,20.138193,21.0,21.0,27.24694061279297,False
2025-11-21 10:00:00,UIZ,45.0,38.254826,38.666668,38.666666666666664,27.24694061279297,False
2025-11-21 11:00:00,UIZ,65.0,57.444965,56.142857,56.142857142857146,27.24694061279297,False
2025-11-21 12:00:00,UIZ,78.0,72.357895,67.35714,67.35714285714286,27.24694061279297,False
2025-11-21 13:00:00,UIZ,84.0,84.02825,75.85714,75.85714285714286,27.24694061279297,False
2025-11-25 03:00:00,UIZ,19.0,11.423732,5.181818,5.181818181818182,27.24694061279297,False
2025-11-25 04:00:00,UIZ,18.0,7.0386314,3.6363637,3.6363636363636362,27.24694061279297,False
2025-11-25 05:00:00,UIZ,7.0,4.0056205,1.4545455,1.4545454545454546,27.24694061279297,False
2025-11-25 06:00:00,UIZ,1.0,2.5324502,1.0,1.0,27.24694061279297,False
2025-11-25 07:00:00,UIZ,2.0,2.851852,2.1818182,2.1818181818181817,27.24694061279297,False
2025-11-25 08:00:00,UIZ,5.0,6.6806684,6.909091,6.909090909090909,27.24694061279297,False
2025-11-25 09:00:00,UIZ,22.0,18.181002,19.0,19.0,27.24694061279297,False
2025-11-25 10:00:00,UIZ,42.0,38.15806,39.22222,39.22222222222222,27.24694061279297,False
2025-11-25 11:00:00,UIZ,65.0,56.716824,56.090908,56.09090909090909,27.24694061279297,False
2025-11-25 12:00:00,UIZ,81.0,70.205864,66.545456,66.54545454545455,27.24694061279297,False
2025-11-25 13:00:00,UIZ,82.0,83.11589,76.63636,76.63636363636364,27.24694061279297,False
2025-11-25 14:00:00,UIZ,59.0,92.94106,84.0,84.0,27.24694061279297,True
2025-11-25 15:00:00,UIZ,52.0,93.14087,82.6,82.6,27.24694061279297,True
2025-11-25 16:00:00,UIZ,39.0,83.6398,73.3,73.3,27.24694061279297,True
2025-11-25 17:00:00,UIZ,36.0,63.557808,54.2,54.2,27.24694061279297,True
2025-11-25 18:00:00,UIZ,37.0,37.082607,29.4,29.4,27.24694061279297,False
2025-11-25 19:00:00,UIZ,28.0,21.642162,16.9,16.9,27.24694061279297,False
2025-11-25 20:00:00,UIZ,18.0,12.921936,9.1,9.1,27.24694061279297,False
2025-11-25 21:00:00,UIZ,10.0,8.554542,4.7,4.7,27.24694061279297,False
2025-11-25 22:00:00,UIZ,1.0,6.768014,3.6,3.6,27.24694061279297,False
2025-11-25 23:00:00,UIZ,2.0,5.4027405,2.6,2.6,27.24694061279297,False
2025-11-26 00:00:00,UIZ,6.0,7.14356,4.125,4.125,27.24694061279297,False
2025-11-26 01:00:00,UIZ,5.0,7.2304583,3.625,3.625,27.24694061279297,False
2025-11-26 02:00:00,UIZ,1.0,8.104583,4.25,4.25,27.24694061279297,False
2025-11-26 03:00:00,UIZ,1.0,9.939234,6.2727275,6.2727272727272725,27.24694061279297,False
2025-11-26 04:00:00,UIZ,1.0,8.203492,4.5454545,4.545454545454546,27.24694061279297,False
2025-11-26 05:00:00,UIZ,1.0,5.050143,1.9090909,1.9090909090909092,27.24694061279297,False
2025-11-26 06:00:00,UIZ,1.0,3.6086366,1.0,1.0,27.24694061279297,False
2025-11-26 07:00:00,UIZ,1.0,4.192976,2.1818182,2.1818181818181817,27.24694061279297,False
2025-11-26 08:00:00,UIZ,5.0,8.224317,6.7272725,6.7272727272727275,27.24694061279297,False
2025-11-26 09:00:00,UIZ,14.0,20.793201,19.636364,19.636363636363637,27.24694061279297,False
2025-11-26 10:00:00,UIZ,22.0,43.162704,41.77778,41.77777777777778,27.24694061279297,False
2025-11-26 11:00:00,UIZ,46.0,61.58651,59.454544,59.45454545454545,27.24694061279297,False
2025-11-26 12:00:00,UIZ,66.0,74.67957,70.36364,70.36363636363636,27.24694061279297,False
2025-11-26 13:00:00,UIZ,66.0,85.968765,79.0,79.0,27.24694061279297,False
2025-11-26 14:00:00,UIZ,62.0,92.76188,83.5,83.5,27.24694061279297,True
2025-11-26 15:00:00,UIZ,60.0,92.38326,81.2,81.2,27.24694061279297,True
2025-11-26 16:00:00,UIZ,49.0,83.870865,71.0,71.0,27.24694061279297,True
2025-11-26 17:00:00,UIZ,21.0,63.828766,52.3,52.3,27.24694061279297,True
2025-11-26 18:00:00,UIZ,22.0,36.09895,28.4,28.4,27.24694061279297,False
2025-11-26 19:00:00,UIZ,20.0,21.199085,16.4,16.4,27.24694061279297,False
2025-11-26 20:00:00,UIZ,16.0,13.145479,9.7,9.7,27.24694061279297,False
2025-11-26 21:00:00,UIZ,16.0,7.9137897,5.5,5.5,27.24694061279297,False
2025-11-26 22:00:00,UIZ,18.0,5.4811473,3.6,3.6,27.24694061279297,False
2025-11-26 23:00:00,UIZ,23.0,4.6937194,2.7,2.7,27.24694061279297,False
2025-11-27 00:00:00,UIZ,25.0,7.0576916,4.75,4.75,27.24694061279297,False
2025-11-27 01:00:00,UIZ,25.0,6.6138496,4.0,4.0,27.24694061279297,False
2025-11-27 02:00:00,UIZ,26.0,6.8850756,4.125,4.125,27.24694061279297,False
2025-11-27 03:00:00,UIZ,25.0,9.199093,6.181818,6.181818181818182,27.24694061279297,False
2025-11-27 04:00:00,UIZ,21.0,7.474024,4.5454545,4.545454545454546,27.24694061279297,False
2025-11-27 05:00:00,UIZ,14.0,4.4837666,1.9090909,1.9090909090909092,27.24694061279297,False
2025-11-27 06:00:00,UIZ,4.0,2.7625518,1.0,1.0,27.24694061279297,False
2025-11-27 07:00:00,UIZ,2.0,2.727768,2.090909,2.090909090909091,27.24694061279297,False
2025-11-27 08:00:00,UIZ,9.0,6.444821,6.5454545,6.545454545454546,27.24694061279297,False
2025-11-27 09:00:00,UIZ,11.0,18.598618,19.181818,19.181818181818183,27.24694061279297,False
2025-11-27 10:00:00,UIZ,21.0,38.960403,39.88889,39.888888888888886,27.24694061279297,False
2025-11-27 11:00:00,UIZ,32.0,56.081917,57.454544,57.45454545454545,27.24694061279297,False
2025-11-27 12:00:00,UIZ,40.0,66.9304,68.818184,68.81818181818181,27.24694061279297,False
2025-11-27 13:00:00,UIZ,41.0,74.02887,76.63636,76.63636363636364,27.24694061279297,True
2025-11-27 14:00:00,UIZ,37.0,75.184006,79.1,79.1,27.24694061279297,True
2025-11-27 15:00:00,UIZ,33.0,70.80205,76.5,76.5,27.24694061279297,True
2025-11-27 16:00:00,UIZ,27.0,59.85977,67.1,67.1,27.24694061279297,True
2025-11-27 17:00:00,UIZ,24.0,40.19574,48.2,48.2,27.24694061279297,False
2025-11-27 18:00:00,UIZ,20.0,19.338448,27.6,27.6,27.24694061279297,False
2025-11-27 19:00:00,UIZ,15.0,8.612283,16.7,16.7,27.24694061279297,False
2025-11-27 20:00:00,UIZ,14.0,3.4009972,11.0,11.0,27.24694061279297,False
2025-11-27 21:00:00,UIZ,15.0,-0.36916733,6.8,6.8,27.24694061279297,False
2025-11-27 22:00:00,UIZ,12.0,-1.7266731,5.2,5.2,27.24694061279297,False
2025-11-27 23:00:00,UIZ,17.0,-1.7110863,4.9,4.9,27.24694061279297,False
2025-11-28 00:00:00,UIZ,17.0,0.6165409,7.0,7.0,27.24694061279297,False
2025-11-28 01:00:00,UIZ,20.0,0.03759241,6.3333335,6.333333333333333,27.24694061279297,False
2025-11-28 02:00:00,UIZ,21.0,0.3580985,6.5555553,6.555555555555555,27.24694061279297,False
2025-11-28 03:00:00,UIZ,21.0,2.0966034,8.363636,8.363636363636363,27.24694061279297,False
2025-11-28 04:00:00,UIZ,15.0,0.028080463,6.3636365,6.363636363636363,27.24694061279297,False
2025-11-28 05:00:00,UIZ,2.0,-3.5327234,3.090909,3.090909090909091,27.24694061279297,False
2025-11-28 06:00:00,UIZ,3.0,-5.5005417,1.2727273,1.2727272727272727,27.24694061279297,False
2025-11-28 07:00:00,UIZ,2.0,-4.739807,2.090909,2.090909090909091,27.24694061279297,False
2025-11-28 08:00:00,UIZ,10.0,0.08831549,6.818182,6.818181818181818,27.24694061279297,False
2025-11-28 09:00:00,UIZ,14.0,12.06716,18.727272,18.727272727272727,27.24694061279297,False
2025-11-28 10:00:00,UIZ,16.0,32.547676,38.88889,38.888888888888886,27.24694061279297,False
2025-11-28 11:00:00,UIZ,25.0,49.946827,56.363636,56.36363636363637,27.24694061279297,False
2025-11-28 12:00:00,UIZ,25.0,60.530376,67.27273,67.27272727272727,27.24694061279297,True
2025-11-28 13:00:00,UIZ,18.0,66.42242,73.63636,73.63636363636364,27.24694061279297,True
2025-11-28 14:00:00,UIZ,19.0,67.22639,75.0,75.0,27.24694061279297,True
2025-11-28 15:00:00,UIZ,26.0,63.428856,71.5,71.5,27.24694061279297,True
2025-11-28 16:00:00,UIZ,27.0,54.096336,62.3,62.3,27.24694061279297,False
2025-11-28 17:00:00,UIZ,18.0,37.31268,45.5,45.5,27.24694061279297,False
2025-11-28 18:00:00,UIZ,6.0,19.402832,27.4,27.4,27.24694061279297,False
2025-11-28 19:00:00,UIZ,3.0,9.459536,16.9,16.9,27.24694061279297,False
2025-11-28 20:00:00,UIZ,1.0,5.0792837,12.1,12.1,27.24694061279297,False
2025-11-28 21:00:00,UIZ,0.0,1.4647565,8.0,8.0,27.24694061279297,False
2025-11-28 22:00:00,UIZ,1.0,-0.12548923,6.0,6.0,27.24694061279297,False
2025-11-28 23:00:00,UIZ,1.0,0.6811881,6.4,6.4,27.24694061279297,False
2025-11-29 00:00:00,UIZ,1.0,3.4131765,8.777778,8.777777777777779,27.24694061279297,False
2025-11-29 01:00:00,UIZ,1.0,3.3094487,8.444445,8.444444444444445,27.24694061279297,False
2025-11-29 02:00:00,UIZ,1.0,3.8288136,8.777778,8.777777777777779,27.24694061279297,False
2025-11-29 03:00:00,UIZ,1.0,5.34878,10.181818,10.181818181818182,27.24694061279297,False
2025-11-29 04:00:00,UIZ,1.0,2.854134,7.6363635,7.636363636363637,27.24694061279297,False
2025-11-29 05:00:00,UIZ,1.0,-1.7126157,3.1818182,3.1818181818181817,27.24694061279297,False
2025-11-29 06:00:00,UIZ,1.0,-3.5847774,1.4545455,1.4545454545454546,27.24694061279297,False
2025-11-29 07:00:00,UIZ,1.0,-3.0503016,2.090909,2.090909090909091,27.24694061279297,False
2025-11-29 08:00:00,UIZ,3.0,1.6506462,7.090909,7.090909090909091,27.24694061279297,False
2025-11-29 09:00:00,UIZ,11.0,12.906755,18.545454,18.545454545454547,27.24694061279297,False
2025-11-29 10:00:00,UIZ,26.0,30.573727,36.333332,36.333333333333336,27.24694061279297,False
2025-11-29 11:00:00,UIZ,44.0,46.74556,52.727272,52.72727272727273,27.24694061279297,False
2025-11-29 12:00:00,UIZ,55.0,57.632046,63.636364,63.63636363636363,27.24694061279297,False
2025-11-29 13:00:00,UIZ,70.0,63.393837,67.545456,67.54545454545455,27.24694061279297,False
2025-11-29 14:00:00,UIZ,76.0,65.253136,67.4,67.4,27.24694061279297,False
2025-11-29 15:00:00,UIZ,68.0,67.144264,67.4,67.4,27.24694061279297,False
2025-11-29 16:00:00,UIZ,49.0,61.95421,60.0,60.0,27.24694061279297,False
2025-11-29 17:00:00,UIZ,40.0,46.54103,43.9,43.9,27.24694061279297,False
2025-11-29 18:00:00,UIZ,12.0,28.446798,27.3,27.3,27.24694061279297,False
2025-11-29 19:00:00,UIZ,1.0,14.877925,16.3,16.3,27.24694061279297,False
2025-11-29 20:00:00,UIZ,1.0,9.234335,11.8,11.8,27.24694061279297,False
2025-11-29 21:00:00,UIZ,1.0,5.3536634,7.8,7.8,27.24694061279297,False
2025-11-29 22:00:00,UIZ,1.0,3.2253125,6.0,6.0,27.24694061279297,False
2025-11-29 23:00:00,UIZ,1.0,3.2906828,6.3,6.3,27.24694061279297,False
2025-11-30 00:00:00,UIZ,1.0,5.598731,8.666667,8.666666666666666,27.24694061279297,False
2025-11-30 01:00:00,UIZ,1.0,5.3921003,8.444445,8.444444444444445,27.24694061279297,False
2025-11-30 02:00:00,UIZ,1.0,5.66822,8.777778,8.777777777777779,27.24694061279297,False
2025-11-30 03:00:00,UIZ,1.0,7.1116533,10.181818,10.181818181818182,27.24694061279297,False
2025-11-30 04:00:00,UIZ,1.0,4.4633975,7.7272725,7.7272727272727275,27.24694061279297,False
2025-11-30 05:00:00,UIZ,1.0,0.009822369,3.1818182,3.1818181818181817,27.24694061279297,False
2025-11-30 06:00:00,UIZ,1.0,-1.7282982,1.4545455,1.4545454545454546,27.24694061279297,False
2025-11-30 07:00:00,UIZ,2.0,-1.2345209,2.0,2.0,27.24694061279297,False
2025-11-30 08:00:00,UIZ,10.0,3.3225265,6.6363635,6.636363636363637,27.24694061279297,False
2025-11-30 09:00:00,UIZ,27.0,13.859956,17.454546,17.454545454545453,27.24694061279297,False
2025-11-30 10:00:00,UIZ,47.0,30.989252,34.77778,34.77777777777778,27.24694061279297,False
2025-11-30 11:00:00,UIZ,64.0,49.221355,52.272728,52.27272727272727,27.24694061279297,False
2025-11-30 12:00:00,UIZ,75.0,63.427895,63.545456,63.54545454545455,27.24694061279297,False
2025-11-30 13:00:00,UIZ,79.0,69.69081,67.0,67.0,27.24694061279297,False
2025-11-30 14:00:00,UIZ,77.0,72.124535,66.3,66.3,27.24694061279297,False
2025-11-30 15:00:00,UIZ,84.0,72.717735,64.1,64.1,27.24694061279297,False
2025-11-30 16:00:00,UIZ,76.0,67.26815,56.8,56.8,27.24694061279297,False
2025-11-30 17:00:00,UIZ,54.0,53.76112,42.1,42.1,27.24694061279297,False
2025-11-30 18:00:00,UIZ,48.0,37.579735,26.8,26.8,27.24694061279297,False
2025-11-30 19:00:00,UIZ,35.0,23.66776,16.2,16.2,27.24694061279297,False
2025-11-30 20:00:00,UIZ,24.0,17.76104,11.8,11.8,27.24694061279297,False
2025-11-30 21:00:00,UIZ,6.0,13.33154,7.8,7.8,27.24694061279297,False
2025-11-30 22:00:00,UIZ,3.0,10.603555,6.0,6.0,27.24694061279297,False
2025-11-30 23:00:00,UIZ,8.0,9.486623,6.3,6.3,27.24694061279297,False
2025-12-01 03:00:00,UIZ,3.0,14.941725,9.454545,9.454545454545455,27.24694061279297,False
2025-12-01 04:00:00,UIZ,1.0,10.320139,7.181818,7.181818181818182,27.24694061279297,False
2025-12-01 05:00:00,UIZ,1.0,5.299199,3.090909,3.090909090909091,27.24694061279297,False
2025-12-01 06:00:00,UIZ,1.0,2.6440735,1.4545455,1.4545454545454546,27.24694061279297,False
2025-12-01 07:00:00,UIZ,1.0,2.1392193,1.9090909,1.9090909090909092,27.24694061279297,False
2025-12-01 08:00:00,UIZ,6.0,5.9936643,6.6363635,6.636363636363637,27.24694061279297,False
2025-12-01 09:00:00,UIZ,17.0,15.707788,16.818182,16.818181818181817,27.24694061279297,False
2025-12-01 10:00:00,UIZ,35.0,31.915121,33.444443,33.44444444444444,27.24694061279297,False
2025-12-01 11:00:00,UIZ,53.0,50.596306,51.909092,51.90909090909091,27.24694061279297,False
2025-12-01 12:00:00,UIZ,68.0,63.56314,62.909092,62.90909090909091,27.24694061279297,False
2025-12-01 13:00:00,UIZ,71.0,70.302925,66.63636,66.63636363636364,27.24694061279297,False
2025-12-01 16:00:00,UIZ,55.0,64.533295,58.4,58.4,27.24694061279297,False
2025-12-01 17:00:00,UIZ,47.0,46.950512,43.3,43.3,27.24694061279297,False
2025-12-01 18:00:00,UIZ,43.0,31.391266,28.9,28.9,27.24694061279297,False
2025-12-01 19:00:00,UIZ,28.0,20.595657,18.4,18.4,27.24694061279297,False
2025-12-01 20:00:00,UIZ,9.0,15.722537,13.9,13.9,27.24694061279297,False
2025-12-01 21:00:00,UIZ,9.0,9.057295,8.2,8.2,27.24694061279297,False
2025-12-01 22:00:00,UIZ,7.0,6.550803,6.2,6.2,27.24694061279297,False
2025-12-01 23:00:00,UIZ,6.0,6.78815,7.0,7.0,27.24694061279297,False
2025-12-02 00:00:00,UIZ,3.0,9.176891,9.625,9.625,27.24694061279297,False
2025-12-02 01:00:00,UIZ,9.0,8.498194,9.0,9.0,27.24694061279297,False
2025-12-02 02:00:00,UIZ,17.0,8.054427,8.5,8.5,27.24694061279297,False
2025-12-02 03:00:00,UIZ,16.0,8.478837,8.909091,8.909090909090908,27.24694061279297,False
2025-12-02 04:00:00,UIZ,11.0,6.4269285,6.909091,6.909090909090909,27.24694061279297,False
2025-12-02 05:00:00,UIZ,3.0,2.4646735,3.090909,3.090909090909091,27.24694061279297,False
2025-12-02 06:00:00,UIZ,3.0,0.6865621,1.4545455,1.4545454545454546,27.24694061279297,False
2025-12-02 07:00:00,UIZ,3.0,0.58904403,1.5454545,1.5454545454545454,27.24694061279297,False
2025-12-02 08:00:00,UIZ,10.0,4.6327314,5.909091,5.909090909090909,27.24694061279297,False
2025-12-02 09:00:00,UIZ,23.0,14.104042,15.636364,15.636363636363637,27.24694061279297,False
2025-12-02 10:00:00,UIZ,45.0,30.865232,32.555557,32.55555555555556,27.24694061279297,False
2025-12-02 11:00:00,UIZ,65.0,50.766983,51.363636,51.36363636363637,27.24694061279297,False
2025-12-02 12:00:00,UIZ,81.0,66.3202,63.727272,63.72727272727273,27.24694061279297,False
2025-12-02 13:00:00,UIZ,70.0,72.257706,66.181816,66.18181818181819,27.24694061279297,False
2025-12-02 14:00:00,UIZ,73.0,70.84012,63.333332,63.333333333333336,27.24694061279297,False
2025-12-02 15:00:00,UIZ,53.0,69.91094,62.77778,62.77777777777778,27.24694061279297,False
2025-12-02 16:00:00,UIZ,61.0,62.005257,56.1,56.1,27.24694061279297,False
2025-12-02 17:00:00,UIZ,60.0,46.680626,41.8,41.8,27.24694061279297,False
2025-12-02 18:00:00,UIZ,59.0,34.325863,29.5,29.5,27.24694061279297,False
2025-12-02 19:00:00,UIZ,45.0,24.106356,19.0,19.0,27.24694061279297,False
2025-12-02 20:00:00,UIZ,18.0,17.063173,12.7,12.7,27.24694061279297,False
2025-12-02 21:00:00,UIZ,10.0,9.881752,6.7,6.7,27.24694061279297,False
2025-12-02 22:00:00,UIZ,3.0,7.689377,5.9,5.9,27.24694061279297,False
2025-12-02 23:00:00,UIZ,9.0,8.494251,7.3,7.3,27.24694061279297,False
2025-12-03 00:00:00,UIZ,20.0,8.981621,7.875,7.875,27.24694061279297,False
2025-12-03 01:00:00,UIZ,19.0,10.99292,9.75,9.75,27.24694061279297,False
2025-12-03 02:00:00,UIZ,11.0,11.688545,10.375,10.375,27.24694061279297,False
2025-12-03 03:00:00,UIZ,10.0,11.530631,9.636364,9.636363636363637,27.24694061279297,False
2025-12-03 04:00:00,UIZ,2.0,9.507099,7.2727275,7.2727272727272725,27.24694061279297,False
2025-12-03 05:00:00,UIZ,5.0,5.25562,3.1818182,3.1818181818181817,27.24694061279297,False
2025-12-03 06:00:00,UIZ,3.0,2.7863176,1.6363636,1.6363636363636365,27.24694061279297,False
2025-12-03 07:00:00,UIZ,4.0,2.2036252,1.7272727,1.7272727272727273,27.24694061279297,False
2025-12-03 08:00:00,UIZ,7.0,6.461744,6.5454545,6.545454545454546,27.24694061279297,False
2025-12-03 09:00:00,UIZ,18.0,16.085268,16.454546,16.454545454545453,27.24694061279297,False
2025-12-03 10:00:00,UIZ,42.0,32.915157,33.22222,33.22222222222222,27.24694061279297,False
2025-12-03 11:00:00,UIZ,65.0,51.652576,51.272728,51.27272727272727,27.24694061279297,False
2025-12-03 12:00:00,UIZ,85.0,66.685684,63.727272,63.72727272727273,27.24694061279297,False
2025-12-03 13:00:00,UIZ,96.0,71.77754,65.0,65.0,27.24694061279297,False
2025-12-03 14:00:00,UIZ,93.0,73.085846,62.666668,62.666666666666664,27.24694061279297,False
2025-12-03 15:00:00,UIZ,60.0,73.347404,60.555557,60.55555555555556,27.24694061279297,False
2025-12-03 16:00:00,UIZ,50.0,67.872246,55.3,55.3,27.24694061279297,False
2025-12-03 17:00:00,UIZ,47.0,51.944885,40.8,40.8,27.24694061279297,False
2025-12-03 18:00:00,UIZ,38.0,39.574512,31.2,31.2,27.24694061279297,False
2025-12-03 19:00:00,UIZ,34.0,26.985947,20.8,20.8,27.24694061279297,False
2025-12-03 20:00:00,UIZ,23.0,17.234583,12.3,12.3,27.24694061279297,False
2025-12-03 21:00:00,UIZ,19.0,11.291155,7.6,7.6,27.24694061279297,False
2025-12-03 22:00:00,UIZ,10.0,8.28138,6.0,6.0,27.24694061279297,False
2025-12-03 23:00:00,UIZ,7.0,10.109062,8.1,8.1,27.24694061279297,False
2025-12-04 00:00:00,UIZ,8.0,10.9112,9.222222,9.222222222222221,27.24694061279297,False
2025-12-04 01:00:00,UIZ,14.0,12.211935,10.777778,10.777777777777779,27.24694061279297,False
2025-12-04 02:00:00,UIZ,17.0,11.852982,10.444445,10.444444444444445,27.24694061279297,False
2025-12-04 03:00:00,UIZ,12.0,11.515696,10.181818,10.181818181818182,27.24694061279297,False
2025-12-04 04:00:00,UIZ,6.0,8.683507,7.3636365,7.363636363636363,27.24694061279297,False
2025-12-04 05:00:00,UIZ,3.0,4.571851,3.5454545,3.5454545454545454,27.24694061279297,False
2025-12-04 06:00:00,UIZ,3.0,2.3838108,1.8181819,1.8181818181818181,27.24694061279297,False
2025-12-04 07:00:00,UIZ,3.0,1.9920272,1.9090909,1.9090909090909092,27.24694061279297,False
2025-12-04 08:00:00,UIZ,5.0,6.3687167,6.818182,6.818181818181818,27.24694061279297,False
2025-12-04 09:00:00,UIZ,19.0,16.101843,16.90909,16.90909090909091,27.24694061279297,False
2025-12-04 10:00:00,UIZ,44.0,33.087208,34.1,34.1,27.24694061279297,False
2025-12-04 11:00:00,UIZ,52.0,52.727123,53.0,53.0,27.24694061279297,False
2025-12-04 12:00:00,UIZ,66.0,67.78696,66.0,66.0,27.24694061279297,False
2025-12-04 13:00:00,UIZ,89.0,74.59937,68.27273,68.27272727272727,27.24694061279297,False
2025-12-04 14:00:00,UIZ,100.0,75.73513,65.44444,65.44444444444444,27.24694061279297,False
2025-12-04 15:00:00,UIZ,112.0,73.5388,61.0,61.0,27.24694061279297,True
2025-12-04 16:00:00,UIZ,104.0,68.70525,54.9,54.9,27.24694061279297,True
2025-12-04 17:00:00,UIZ,72.0,57.205933,42.0,42.0,27.24694061279297,False
2025-12-04 18:00:00,UIZ,54.0,46.2911,33.0,33.0,27.24694061279297,False
2025-12-04 19:00:00,UIZ,41.0,33.072273,23.1,23.1,27.24694061279297,False
2025-12-04 20:00:00,UIZ,29.0,21.811525,14.0,14.0,27.24694061279297,False
2025-12-04 21:00:00,UIZ,23.0,15.429448,9.4,9.4,27.24694061279297,False
2025-12-04 22:00:00,UIZ,26.0,12.083759,6.9,6.9,27.24694061279297,False
2025-12-04 23:00:00,UIZ,12.0,13.957191,8.7,8.7,27.24694061279297,False
2025-12-05 00:00:00,UIZ,8.0,14.960375,10.0,10.0,27.24694061279297,False
2025-12-05 01:00:00,UIZ,11.0,16.703535,12.222222,12.222222222222221,27.24694061279297,False
2025-12-05 02:00:00,UIZ,3.0,16.280396,12.222222,12.222222222222221,27.24694061279297,False
2025-12-05 03:00:00,UIZ,3.0,14.6492195,11.181818,11.181818181818182,27.24694061279297,False
2025-12-05 04:00:00,UIZ,3.0,10.545455,7.818182,7.818181818181818,27.24694061279297,False
2025-12-05 05:00:00,UIZ,2.0,5.504532,3.7272727,3.727272727272727,27.24694061279297,False
2025-12-05 06:00:00,UIZ,2.0,2.9660053,2.0,2.0,27.24694061279297,False
2025-12-05 07:00:00,UIZ,3.0,2.419878,2.090909,2.090909090909091,27.24694061279297,False
2025-12-05 08:00:00,UIZ,6.0,6.656601,6.818182,6.818181818181818,27.24694061279297,False
2025-12-05 09:00:00,UIZ,20.0,16.738207,17.272728,17.272727272727273,27.24694061279297,False
2025-12-05 10:00:00,UIZ,35.0,34.113102,35.0,35.0,27.24694061279297,False
2025-12-05 11:00:00,UIZ,57.0,51.868862,52.363636,52.36363636363637,27.24694061279297,False
2025-12-05 12:00:00,UIZ,72.0,66.893135,65.454544,65.45454545454545,27.24694061279297,False
2025-12-05 13:00:00,UIZ,63.0,74.0475,69.63636,69.63636363636364,27.24694061279297,False
2025-12-05 14:00:00,UIZ,62.0,72.48212,66.22222,66.22222222222223,27.24694061279297,False
2025-12-05 15:00:00,UIZ,57.0,66.20715,60.88889,60.888888888888886,27.24694061279297,False
2025-12-05 16:00:00,UIZ,50.0,57.392593,53.7,53.7,27.24694061279297,False
2025-12-05 17:00:00,UIZ,52.0,44.015083,41.9,41.9,27.24694061279297,False
2025-12-05 18:00:00,UIZ,50.0,35.048336,33.9,33.9,27.24694061279297,False
2025-12-05 19:00:00,UIZ,37.0,25.444855,25.0,25.0,27.24694061279297,False
2025-12-05 20:00:00,UIZ,35.0,15.131013,15.3,15.3,27.24694061279297,False
2025-12-05 21:00:00,UIZ,30.0,10.735335,10.9,10.9,27.24694061279297,False
2025-12-05 22:00:00,UIZ,31.0,7.9729,8.2,8.2,27.24694061279297,False
2025-12-05 23:00:00,UIZ,18.0,8.283461,8.6,8.6,27.24694061279297,False
2025-12-06 00:00:00,UIZ,22.0,9.738367,9.888889,9.88888888888889,27.24694061279297,False
2025-12-06 01:00:00,UIZ,15.0,11.6294365,11.666667,11.666666666666666,27.24694061279297,False
2025-12-06 02:00:00,UIZ,10.0,10.742208,10.888889,10.88888888888889,27.24694061279297,False
2025-12-06 03:00:00,UIZ,9.0,9.969098,10.181818,10.181818181818182,27.24694061279297,False
2025-12-06 04:00:00,UIZ,14.0,7.184648,7.2727275,7.2727272727272725,27.24694061279297,False
2025-12-06 05:00:00,UIZ,2.0,3.223798,3.6363637,3.6363636363636362,27.24694061279297,False
2025-12-06 06:00:00,UIZ,3.0,1.1612397,2.090909,2.090909090909091,27.24694061279297,False
2025-12-06 07:00:00,UIZ,4.0,0.9316877,2.1818182,2.1818181818181817,27.24694061279297,False
2025-12-06 08:00:00,UIZ,8.0,5.344389,6.909091,6.909090909090909,27.24694061279297,False
2025-12-06 09:00:00,UIZ,16.0,16.002375,17.818182,17.818181818181817,27.24694061279297,False
2025-12-06 10:00:00,UIZ,26.0,31.893568,34.090908,34.09090909090909,27.24694061279297,False
2025-12-06 11:00:00,UIZ,49.0,48.718025,51.636364,51.63636363636363,27.24694061279297,False
2025-12-06 12:00:00,UIZ,66.0,61.851414,64.90909,64.9090909090909,27.24694061279297,False
2025-12-06 13:00:00,UIZ,72.0,65.364334,67.72727,67.72727272727273,27.24694061279297,False
2025-12-06 14:00:00,UIZ,75.0,64.20272,65.8,65.8,27.24694061279297,False
2025-12-06 15:00:00,UIZ,60.0,59.0182,60.5,60.5,27.24694061279297,False
2025-12-06 16:00:00,UIZ,35.0,51.37063,53.363636,53.36363636363637,27.24694061279297,False
2025-12-06 17:00:00,UIZ,28.0,39.2819,42.81818,42.81818181818182,27.24694061279297,False
2025-12-06 18:00:00,UIZ,30.0,32.007004,35.363636,35.36363636363637,27.24694061279297,False
2025-12-06 19:00:00,UIZ,24.0,22.844124,26.09091,26.09090909090909,27.24694061279297,False
2025-12-06 20:00:00,UIZ,13.0,13.848143,17.09091,17.09090909090909,27.24694061279297,False
2025-12-06 21:00:00,UIZ,13.0,9.416449,12.636364,12.636363636363637,27.24694061279297,False
2025-12-06 22:00:00,UIZ,13.0,6.951024,10.272727,10.272727272727273,27.24694061279297,False
2025-12-06 23:00:00,UIZ,9.0,6.1350603,9.454545,9.454545454545455,27.24694061279297,False
2025-12-07 03:00:00,UIZ,7.0,7.1845713,10.083333,10.083333333333334,27.24694061279297,False
2025-12-07 04:00:00,UIZ,3.0,3.9018712,7.8333335,7.833333333333333,27.24694061279297,False
2025-12-07 05:00:00,UIZ,3.0,-0.49237776,3.5,3.5,27.24694061279297,False
2025-12-07 06:00:00,UIZ,4.0,-1.7791376,2.1666667,2.1666666666666665,27.24694061279297,False
2025-12-07 07:00:00,UIZ,4.0,-1.5813942,2.3333333,2.3333333333333335,27.24694061279297,False
2025-12-07 08:00:00,UIZ,10.0,2.9875994,7.0,7.0,27.24694061279297,False
2025-12-07 09:00:00,UIZ,24.0,13.485451,17.666666,17.666666666666668,27.24694061279297,False
2025-12-07 10:00:00,UIZ,48.0,28.465118,33.416668,33.416666666666664,27.24694061279297,False
2025-12-07 11:00:00,UIZ,71.0,45.967903,51.416668,51.416666666666664,27.24694061279297,False
2025-12-07 12:00:00,UIZ,73.0,59.8141,65.0,65.0,27.24694061279297,False
2025-12-07 13:00:00,UIZ,74.0,63.75169,68.083336,68.08333333333333,27.24694061279297,False
2025-12-07 14:00:00,UIZ,80.0,64.491684,66.63636,66.63636363636364,27.24694061279297,False
2025-12-07 15:00:00,UIZ,87.0,62.059074,60.454544,60.45454545454545,27.24694061279297,False
2025-12-07 16:00:00,UIZ,74.0,55.425938,51.833332,51.833333333333336,27.24694061279297,False
2025-12-07 17:00:00,UIZ,52.0,46.80594,41.583332,41.583333333333336,27.24694061279297,False
2025-12-07 18:00:00,UIZ,39.0,39.95702,34.916668,34.916666666666664,27.24694061279297,False
2025-12-07 19:00:00,UIZ,30.0,30.58405,25.916666,25.916666666666668,27.24694061279297,False
2025-12-07 20:00:00,UIZ,25.0,21.43421,16.75,16.75,27.24694061279297,False
2025-12-07 21:00:00,UIZ,15.0,16.55252,12.666667,12.666666666666666,27.24694061279297,False
2025-12-07 22:00:00,UIZ,11.0,13.416199,10.5,10.5,27.24694061279297,False
2025-12-07 23:00:00,UIZ,5.0,11.617964,9.416667,9.416666666666666,27.24694061279297,False
2025-12-08 00:00:00,UIZ,13.0,13.360101,11.1,11.1,27.24694061279297,False
2025-12-08 01:00:00,UIZ,20.0,14.62744,12.0,12.0,27.24694061279297,False
2025-12-08 02:00:00,UIZ,21.0,13.719778,10.8,10.8,27.24694061279297,False
2025-12-08 03:00:00,UIZ,28.0,12.684908,9.846154,9.846153846153847,27.24694061279297,False
2025-12-08 04:00:00,UIZ,29.0,9.958922,7.4615383,7.461538461538462,27.24694061279297,False
2025-12-08 05:00:00,UIZ,20.0,5.1840906,3.4615386,3.4615384615384617,27.24694061279297,False
2025-12-08 06:00:00,UIZ,16.0,2.926174,2.3076923,2.3076923076923075,27.24694061279297,False
2025-12-08 07:00:00,UIZ,12.0,1.8641405,2.4615386,2.4615384615384617,27.24694061279297,False
2025-12-08 08:00:00,UIZ,13.0,5.926965,7.230769,7.230769230769231,27.24694061279297,False
2025-12-08 09:00:00,UIZ,11.0,16.245571,18.153847,18.153846153846153,27.24694061279297,False
2025-12-08 10:00:00,UIZ,24.0,31.81379,34.53846,34.53846153846154,27.24694061279297,False
2025-12-08 11:00:00,UIZ,22.0,49.39119,52.923077,52.92307692307692,27.24694061279297,True
2025-12-08 12:00:00,UIZ,29.0,61.104916,65.61539,65.61538461538461,27.24694061279297,True
2025-12-08 13:00:00,UIZ,25.0,62.581245,68.53846,68.53846153846153,27.24694061279297,True
2025-12-08 14:00:00,UIZ,29.0,60.25538,67.75,67.75,27.24694061279297,True
2025-12-08 15:00:00,UIZ,35.0,53.8394,62.666668,62.666666666666664,27.24694061279297,False
2025-12-08 16:00:00,UIZ,22.0,43.699326,53.53846,53.53846153846154,27.24694061279297,False
2025-12-08 17:00:00,UIZ,13.0,32.084595,42.384617,42.38461538461539,27.24694061279297,False
2025-12-08 18:00:00,UIZ,5.0,25.082458,35.23077,35.23076923076923,27.24694061279297,False
2025-12-08 19:00:00,UIZ,3.0,16.325312,26.23077,26.23076923076923,27.24694061279297,False
2025-12-08 20:00:00,UIZ,2.0,7.9503117,17.384615,17.384615384615383,27.24694061279297,False
2025-12-08 21:00:00,UIZ,3.0,3.8469095,12.846154,12.846153846153847,27.24694061279297,False
2025-12-08 22:00:00,UIZ,3.0,1.9758978,10.538462,10.538461538461538,27.24694061279297,False
2025-12-08 23:00:00,UIZ,2.0,0.8099184,9.076923,9.076923076923077,27.24694061279297,False
2025-12-09 00:00:00,UIZ,2.0,3.4127383,11.272727,11.272727272727273,27.24694061279297,False
2025-12-09 01:00:00,UIZ,2.0,5.199539,12.727273,12.727272727272727,27.24694061279297,False
2025-12-09 02:00:00,UIZ,3.0,4.46996,11.727273,11.727272727272727,27.24694061279297,False
2025-12-09 03:00:00,UIZ,3.0,4.1042366,11.142858,11.142857142857142,27.24694061279297,False
2025-12-09 04:00:00,UIZ,3.0,2.1072125,9.0,9.0,27.24694061279297,False
2025-12-09 05:00:00,UIZ,3.0,-2.1203427,4.642857,4.642857142857143,27.24694061279297,False
2025-12-09 06:00:00,UIZ,3.0,-3.4197805,3.2857144,3.2857142857142856,27.24694061279297,False
2025-12-09 07:00:00,UIZ,3.0,-3.5187116,3.142857,3.142857142857143,27.24694061279297,False
2025-12-09 08:00:00,UIZ,5.0,0.96370363,7.642857,7.642857142857143,27.24694061279297,False
2025-12-09 09:00:00,UIZ,16.0,10.843806,17.642857,17.642857142857142,27.24694061279297,False
2025-12-09 10:00:00,UIZ,33.0,26.542929,33.785713,33.785714285714285,27.24694061279297,False
2025-12-09 11:00:00,UIZ,45.0,42.65853,50.714287,50.714285714285715,27.24694061279297,False
2025-12-09 12:00:00,UIZ,51.0,54.28913,63.0,63.0,27.24694061279297,False
2025-12-09 13:00:00,UIZ,64.0,57.281082,65.42857,65.42857142857143,27.24694061279297,False
2025-12-09 14:00:00,UIZ,67.0,59.29059,64.76923,64.76923076923077,27.24694061279297,False
2025-12-09 15:00:00,UIZ,50.0,57.475372,60.53846,60.53846153846154,27.24694061279297,False
2025-12-09 16:00:00,UIZ,36.0,48.539448,51.285713,51.285714285714285,27.24694061279297,False
2025-12-09 17:00:00,UIZ,45.0,38.448875,40.285713,40.285714285714285,27.24694061279297,False
2025-12-09 18:00:00,UIZ,11.0,31.46362,33.07143,33.07142857142857,27.24694061279297,False
2025-12-09 19:00:00,UIZ,6.0,21.248924,24.571428,24.571428571428573,27.24694061279297,False
2025-12-09 20:00:00,UIZ,22.0,13.035746,16.285715,16.285714285714285,27.24694061279297,False
2025-12-09 21:00:00,UIZ,11.0,8.305887,12.142858,12.142857142857142,27.24694061279297,False
2025-12-09 22:00:00,UIZ,15.0,5.9596844,10.0,10.0,27.24694061279297,False
2025-12-09 23:00:00,UIZ,8.0,4.5389175,8.571428,8.571428571428571,27.24694061279297,False
2025-12-10 00:00:00,UIZ,4.0,6.7493525,10.5,10.5,27.24694061279297,False
2025-12-10 01:00:00,UIZ,7.0,8.26669,11.833333,11.833333333333334,27.24694061279297,False
2025-12-10 02:00:00,UIZ,9.0,7.507085,11.0,11.0,27.24694061279297,False
2025-12-10 03:00:00,UIZ,4.0,6.435088,10.0,10.0,27.24694061279297,False
2025-12-10 04:00:00,UIZ,3.0,4.4793987,7.928571,7.928571428571429,27.24694061279297,False
2025-12-10 05:00:00,UIZ,3.0,0.99132395,4.357143,4.357142857142857,27.24694061279297,False
2025-12-10 06:00:00,UIZ,3.0,0.1949532,3.4285715,3.4285714285714284,27.24694061279297,False
2025-12-10 07:00:00,UIZ,3.0,-0.12732816,3.2142856,3.2142857142857144,27.24694061279297,False
2025-12-10 08:00:00,UIZ,14.0,4.253418,7.642857,7.642857142857143,27.24694061279297,False
2025-12-10 09:00:00,UIZ,4.0,13.684222,17.214285,17.214285714285715,27.24694061279297,False
2025-12-10 10:00:00,UIZ,27.0,29.11745,33.142857,33.142857142857146,27.24694061279297,False
2025-12-10 11:00:00,UIZ,45.0,44.56596,49.285713,49.285714285714285,27.24694061279297,False
2025-12-10 12:00:00,UIZ,56.0,55.285965,60.857143,60.857142857142854,27.24694061279297,False
2025-12-10 13:00:00,UIZ,75.0,58.044044,64.14286,64.14285714285714,27.24694061279297,False
2025-12-10 14:00:00,UIZ,73.0,59.697853,65.38461,65.38461538461539,27.24694061279297,False
2025-12-10 15:00:00,UIZ,52.0,55.369465,60.384617,60.38461538461539,27.24694061279297,False
2025-12-10 16:00:00,UIZ,47.0,44.46499,51.07143,51.07142857142857,27.24694061279297,False
2025-12-10 17:00:00,UIZ,39.0,33.12501,40.92857,40.92857142857143,27.24694061279297,False
2025-12-10 18:00:00,UIZ,11.0,22.334652,31.214285,31.214285714285715,27.24694061279297,False
2025-12-10 19:00:00,UIZ,3.0,14.3165,23.0,23.0,27.24694061279297,False
2025-12-10 20:00:00,UIZ,8.0,8.580925,16.571428,16.571428571428573,27.24694061279297,False
2025-12-10 21:00:00,UIZ,13.0,5.4651794,12.214286,12.214285714285714,27.24694061279297,False
2025-12-10 23:00:00,UIZ,8.0,3.359713,9.0,9.0,27.24694061279297,False
2025-12-11 00:00:00,UIZ,14.0,4.905151,10.333333,10.333333333333334,27.24694061279297,False
2025-12-11 01:00:00,UIZ,10.0,6.7877073,12.0,12.0,27.24694061279297,False
2025-12-11 02:00:00,UIZ,7.0,6.685296,11.666667,11.666666666666666,27.24694061279297,False
2025-12-11 03:00:00,UIZ,2.0,5.4765897,10.214286,10.214285714285714,27.24694061279297,False
2025-12-11 04:00:00,UIZ,2.0,3.5638027,8.071428,8.071428571428571,27.24694061279297,False
2025-12-11 05:00:00,UIZ,2.0,0.19628191,4.5,4.5,27.24694061279297,False
2025-12-11 06:00:00,UIZ,3.0,-0.538502,3.5714285,3.5714285714285716,27.24694061279297,False
2025-12-11 07:00:00,UIZ,3.0,-0.57061887,3.357143,3.357142857142857,27.24694061279297,False
2025-12-11 08:00:00,UIZ,4.0,4.4032097,8.285714,8.285714285714286,27.24694061279297,False
2025-12-11 09:00:00,UIZ,12.0,12.394648,16.5,16.5,27.24694061279297,False
2025-12-11 10:00:00,UIZ,26.0,28.858547,33.5,33.5,27.24694061279297,False
2025-12-11 11:00:00,UIZ,38.0,43.667862,49.214287,49.214285714285715,27.24694061279297,False
2025-12-11 12:00:00,UIZ,44.0,53.51841,60.142857,60.142857142857146,27.24694061279297,False
2025-12-11 13:00:00,UIZ,51.0,57.155197,64.78571,64.78571428571429,27.24694061279297,False
2025-12-11 14:00:00,UIZ,57.0,57.879063,66.23077,66.23076923076923,27.24694061279297,False
2025-12-11 15:00:00,UIZ,61.0,51.786564,59.76923,59.76923076923077,27.24694061279297,False
2025-12-11 16:00:00,UIZ,53.0,44.401466,50.92857,50.92857142857143,27.24694061279297,False
2025-12-11 17:00:00,UIZ,29.0,36.76696,42.214287,42.214285714285715,27.24694061279297,False
2025-12-11 18:00:00,UIZ,14.0,24.701643,30.428572,30.428571428571427,27.24694061279297,False
2025-12-11 19:00:00,UIZ,8.0,16.089554,21.785715,21.785714285714285,27.24694061279297,False
2025-12-11 20:00:00,UIZ,9.0,10.843707,16.0,16.0,27.24694061279297,False
2025-12-11 21:00:00,UIZ,16.0,7.259653,12.0,12.0,27.24694061279297,False
2025-12-11 22:00:00,UIZ,7.0,5.5906816,10.461538,10.461538461538462,27.24694061279297,False
2025-12-11 23:00:00,UIZ,3.0,2.951696,7.928571,7.928571428571429,27.24694061279297,False
2025-12-12 00:00:00,UIZ,3.0,4.4365726,9.416667,9.416666666666666,27.24694061279297,False
2025-12-12 01:00:00,UIZ,3.0,5.728602,10.75,10.75,27.24694061279297,False
2025-12-12 02:00:00,UIZ,3.0,5.1086116,10.083333,10.083333333333334,27.24694061279297,False
2025-12-12 03:00:00,UIZ,4.0,3.5510278,8.571428,8.571428571428571,27.24694061279297,False
2025-12-12 04:00:00,UIZ,3.0,1.6644721,6.714286,6.714285714285714,27.24694061279297,False
2025-12-12 05:00:00,UIZ,3.0,-1.448256,3.642857,3.642857142857143,27.24694061279297,False
2025-12-12 06:00:00,UIZ,3.0,-1.654788,3.5,3.5,27.24694061279297,False
2025-12-12 07:00:00,UIZ,3.0,-1.8419154,3.4285715,3.4285714285714284,27.24694061279297,False
2025-12-12 08:00:00,UIZ,6.0,2.4359818,7.928571,7.928571428571429,27.24694061279297,False
2025-12-12 09:00:00,UIZ,12.0,10.786745,16.571428,16.571428571428573,27.24694061279297,False
2025-12-12 10:00:00,UIZ,32.0,27.389416,33.857143,33.857142857142854,27.24694061279297,False
2025-12-12 11:00:00,UIZ,57.0,42.000214,49.642857,49.642857142857146,27.24694061279297,False
2025-12-12 12:00:00,UIZ,70.0,51.873573,60.42857,60.42857142857143,27.24694061279297,False
2025-12-12 13:00:00,UIZ,80.0,57.62994,65.5,65.5,27.24694061279297,False
2025-12-12 14:00:00,UIZ,77.0,61.38883,67.76923,67.76923076923077,27.24694061279297,False
2025-12-12 15:00:00,UIZ,72.0,56.65688,61.923077,61.92307692307692,27.24694061279297,False
2025-12-12 16:00:00,UIZ,37.0,45.853085,52.785713,52.785714285714285,27.24694061279297,False
2025-12-12 17:00:00,UIZ,31.0,34.079926,42.57143,42.57142857142857,27.24694061279297,False
2025-12-12 18:00:00,UIZ,19.0,21.172962,30.0,30.0,27.24694061279297,False
2025-12-12 19:00:00,UIZ,27.0,12.54685,21.285715,21.285714285714285,27.24694061279297,False
2025-12-12 20:00:00,UIZ,33.0,7.267171,15.642858,15.642857142857142,27.24694061279297,False
2025-12-12 21:00:00,UIZ,5.0,4.550319,12.071428,12.071428571428571,27.24694061279297,False
2025-12-12 22:00:00,UIZ,3.0,3.293126,10.076923,10.076923076923077,27.24694061279297,False
2025-12-12 23:00:00,UIZ,3.0,0.5524473,6.928571,6.928571428571429,27.24694061279297,False
2025-12-13 03:00:00,UIZ,5.0,2.5077872,7.357143,7.357142857142857,27.24694061279297,False
2025-12-13 04:00:00,UIZ,4.0,0.28082418,5.857143,5.857142857142857,27.24694061279297,False
2025-12-13 05:00:00,UIZ,3.0,-1.8585875,3.7142856,3.7142857142857144,27.24694061279297,False
2025-12-13 06:00:00,UIZ,2.0,-2.1115165,3.5,3.5,27.24694061279297,False
2025-12-13 07:00:00,UIZ,3.0,-2.1109934,3.5,3.5,27.24694061279297,False
2025-12-13 08:00:00,UIZ,5.0,1.9499898,7.642857,7.642857142857143,27.24694061279297,False
2025-12-13 09:00:00,UIZ,11.0,10.512788,16.428572,16.428571428571427,27.24694061279297,False
2025-12-13 10:00:00,UIZ,21.0,28.585518,35.0,35.0,27.24694061279297,False
2025-12-13 11:00:00,UIZ,31.0,44.66264,51.92857,51.92857142857143,27.24694061279297,False
2025-12-13 12:00:00,UIZ,52.0,55.002117,63.642857,63.642857142857146,27.24694061279297,False
2025-12-13 13:00:00,UIZ,63.0,60.13888,69.92857,69.92857142857143,27.24694061279297,False
2025-12-13 14:00:00,UIZ,64.0,62.05555,72.23077,72.23076923076923,27.24694061279297,False
2025-12-13 15:00:00,UIZ,70.0,55.54219,65.46154,65.46153846153847,27.24694061279297,False
2025-12-13 16:00:00,UIZ,69.0,44.662125,53.5,53.5,27.24694061279297,False
2025-12-13 17:00:00,UIZ,54.0,35.50213,43.5,43.5,27.24694061279297,False
2025-12-13 18:00:00,UIZ,43.0,22.360653,30.928572,30.928571428571427,27.24694061279297,False
2025-12-13 19:00:00,UIZ,24.0,13.875298,23.0,23.0,27.24694061279297,False
2025-12-13 20:00:00,UIZ,19.0,8.68779,17.928572,17.928571428571427,27.24694061279297,False
2025-12-13 21:00:00,UIZ,8.0,3.3386707,12.428572,12.428571428571429,27.24694061279297,False
2025-12-13 22:00:00,UIZ,4.0,1.501317,10.230769,10.23076923076923,27.24694061279297,False
2025-12-13 23:00:00,UIZ,3.0,-1.1940589,7.071429,7.071428571428571,27.24694061279297,False
2025-12-14 00:00:00,UIZ,3.0,1.4104414,8.909091,8.909090909090908,27.24694061279297,False
2025-12-14 01:00:00,UIZ,2.0,3.1504025,10.090909,10.090909090909092,27.24694061279297,False
2025-12-14 02:00:00,UIZ,3.0,2.7995634,9.272727,9.272727272727273,27.24694061279297,False
2025-12-14 03:00:00,UIZ,2.0,1.4594626,7.642857,7.642857142857143,27.24694061279297,False
2025-12-14 04:00:00,UIZ,3.0,0.050260067,6.071429,6.071428571428571,27.24694061279297,False
2025-12-14 05:00:00,UIZ,3.0,-1.9999118,3.857143,3.857142857142857,27.24694061279297,False
2025-12-14 06:00:00,UIZ,3.0,-2.2279012,3.5714285,3.5714285714285716,27.24694061279297,False
2025-12-14 07:00:00,UIZ,3.0,-2.1187258,3.642857,3.642857142857143,27.24694061279297,False
2025-12-14 08:00:00,UIZ,11.0,1.946351,7.785714,7.785714285714286,27.24694061279297,False
2025-12-14 09:00:00,UIZ,18.0,10.366268,16.428572,16.428571428571427,27.24694061279297,False
2025-12-14 10:00:00,UIZ,31.0,27.855885,34.642857,34.642857142857146,27.24694061279297,False
2025-12-14 11:00:00,UIZ,44.0,43.158768,51.0,51.0,27.24694061279297,False
2025-12-14 12:00:00,UIZ,51.0,54.58551,63.42857,63.42857142857143,27.24694061279297,False
2025-12-14 13:00:00,UIZ,54.0,60.051178,69.42857,69.42857142857143,27.24694061279297,False
2025-12-14 14:00:00,UIZ,56.0,61.63263,71.30769,71.3076923076923,27.24694061279297,False
2025-12-14 15:00:00,UIZ,44.0,56.204758,65.61539,65.61538461538461,27.24694061279297,False
2025-12-14 16:00:00,UIZ,39.0,45.37211,54.92857,54.92857142857143,27.24694061279297,False
2025-12-14 17:00:00,UIZ,34.0,34.484695,44.5,44.5,27.24694061279297,False
2025-12-14 18:00:00,UIZ,22.0,23.031553,33.142857,33.142857142857146,27.24694061279297,False
2025-12-14 19:00:00,UIZ,18.0,14.582123,24.642857,24.642857142857142,27.24694061279297,False
2025-12-14 20:00:00,UIZ,15.0,9.301803,19.214285,19.214285714285715,27.24694061279297,False
2025-12-14 21:00:00,UIZ,17.0,3.1617594,12.928572,12.928571428571429,27.24694061279297,False
2025-12-14 22:00:00,UIZ,18.0,0.93070793,10.461538,10.461538461538462,27.24694061279297,False
2025-12-14 23:00:00,UIZ,16.0,-2.1147375,7.214286,7.214285714285714,27.24694061279297,False
2025-12-15 00:00:00,UIZ,22.0,-0.05035305,9.090909,9.090909090909092,27.24694061279297,False
2025-12-15 01:00:00,UIZ,21.0,1.142704,10.181818,10.181818181818182,27.24694061279297,False
2025-12-15 02:00:00,UIZ,22.0,0.4255123,9.454545,9.454545454545455,27.24694061279297,False
2025-12-15 03:00:00,UIZ,20.0,-1.286149,7.714286,7.714285714285714,27.24694061279297,False
2025-12-15 04:00:00,UIZ,16.0,-2.7652063,6.214286,6.214285714285714,27.24694061279297,False
2025-12-15 05:00:00,UIZ,14.0,-4.758686,4.0,4.0,27.24694061279297,False
2025-12-15 06:00:00,UIZ,8.0,-4.754998,3.7142856,3.7142857142857144,27.24694061279297,False
2025-12-15 07:00:00,UIZ,8.0,-4.3493767,3.7142856,3.7142857142857144,27.24694061279297,False
2025-12-15 08:00:00,UIZ,9.0,0.18088818,7.857143,7.857142857142857,27.24694061279297,False
2025-12-15 09:00:00,UIZ,12.0,8.18172,15.785714,15.785714285714286,27.24694061279297,False
2025-12-15 10:00:00,UIZ,12.0,25.765678,33.5,33.5,27.24694061279297,False
2025-12-15 11:00:00,UIZ,16.0,41.33171,49.57143,49.57142857142857,27.24694061279297,False
2025-12-15 12:00:00,UIZ,17.0,52.864044,61.714287,61.714285714285715,27.24694061279297,True
2025-12-15 13:00:00,UIZ,18.0,58.120853,67.64286,67.64285714285714,27.24694061279297,True
2025-12-15 14:00:00,UIZ,17.0,59.598423,69.69231,69.6923076923077,27.24694061279297,True
2025-12-15 15:00:00,UIZ,23.0,52.156445,62.53846,62.53846153846154,27.24694061279297,True
2025-12-15 16:00:00,UIZ,21.0,41.720932,52.285713,52.285714285714285,27.24694061279297,False
2025-12-15 17:00:00,UIZ,18.0,32.44348,43.07143,43.07142857142857,27.24694061279297,False
2025-12-15 18:00:00,UIZ,9.0,20.868345,31.285715,31.285714285714285,27.24694061279297,False
2025-12-15 19:00:00,UIZ,9.0,13.474873,23.428572,23.428571428571427,27.24694061279297,False
2025-12-15 20:00:00,UIZ,8.0,9.024996,18.571428,18.571428571428573,27.24694061279297,False
2025-12-15 21:00:00,UIZ,3.0,4.609437,13.714286,13.714285714285714,27.24694061279297,False
2025-12-15 22:00:00,UIZ,3.0,2.8561249,11.615385,11.615384615384615,27.24694061279297,False
2025-12-15 23:00:00,UIZ,2.0,-0.6547861,7.785714,7.785714285714286,27.24694061279297,False
2025-12-16 00:00:00,UIZ,2.0,1.9101534,10.166667,10.166666666666666,27.24694061279297,False
2025-12-16 01:00:00,UIZ,2.0,3.1382751,11.083333,11.083333333333334,27.24694061279297,False
2025-12-16 02:00:00,UIZ,2.0,2.7296638,10.5,10.5,27.24694061279297,False
2025-12-16 03:00:00,UIZ,2.0,1.27214,8.928572,8.928571428571429,27.24694061279297,False
2025-12-16 04:00:00,UIZ,3.0,-0.26947975,7.285714,7.285714285714286,27.24694061279297,False
2025-12-16 05:00:00,UIZ,2.0,-2.3666177,4.928571,4.928571428571429,27.24694061279297,False
2025-12-16 06:00:00,UIZ,3.0,-2.8995037,4.214286,4.214285714285714,27.24694061279297,False
2025-12-16 07:00:00,UIZ,3.0,-2.8075213,4.214286,4.214285714285714,27.24694061279297,False
2025-12-16 08:00:00,UIZ,5.0,1.083673,8.071428,8.071428571428571,27.24694061279297,False
2025-12-16 13:00:00,UIZ,63.0,54.252197,63.857143,63.857142857142854,27.24694061279297,False
2025-12-16 14:00:00,UIZ,63.0,56.01559,65.92857,65.92857142857143,27.24694061279297,False
2025-12-16 15:00:00,UIZ,57.0,49.915123,59.714287,59.714285714285715,27.24694061279297,False
2025-12-16 16:00:00,UIZ,44.0,40.58685,49.857143,49.857142857142854,27.24694061279297,False
2025-12-16 17:00:00,UIZ,35.0,32.74518,41.0,41.0,27.24694061279297,False
2025-12-16 18:00:00,UIZ,20.0,20.559446,28.857143,28.857142857142858,27.24694061279297,False
2025-12-16 19:00:00,UIZ,19.0,13.572609,22.071428,22.071428571428573,27.24694061279297,False
2025-12-16 20:00:00,UIZ,14.0,10.176712,18.5,18.5,27.24694061279297,False
2025-12-16 21:00:00,UIZ,16.0,5.279093,13.285714,13.285714285714286,27.24694061279297,False
2025-12-16 22:00:00,UIZ,9.0,3.7521152,11.307693,11.307692307692308,27.24694061279297,False
2025-12-16 23:00:00,UIZ,5.0,0.4551015,7.5,7.5,27.24694061279297,False
2025-12-17 00:00:00,UIZ,14.0,3.696116,10.083333,10.083333333333334,27.24694061279297,False
2025-12-17 01:00:00,UIZ,18.0,4.642555,10.5,10.5,27.24694061279297,False
2025-12-17 02:00:00,UIZ,21.0,3.8761377,9.25,9.25,27.24694061279297,False
2025-12-17 03:00:00,UIZ,20.0,2.838286,7.928571,7.928571428571429,27.24694061279297,False
2025-12-17 04:00:00,UIZ,11.0,1.8710022,6.714286,6.714285714285714,27.24694061279297,False
2025-12-17 05:00:00,UIZ,5.0,0.11659956,4.857143,4.857142857142857,27.24694061279297,False
2025-12-17 06:00:00,UIZ,2.0,-0.3993678,4.214286,4.214285714285714,27.24694061279297,False
2025-12-17 07:00:00,UIZ,2.0,-0.3570776,4.214286,4.214285714285714,27.24694061279297,False
2025-12-17 08:00:00,UIZ,5.0,3.1134682,7.714286,7.714285714285714,27.24694061279297,False
2025-12-17 09:00:00,UIZ,17.0,10.066009,14.846154,14.846153846153847,27.24694061279297,False
2025-12-17 10:00:00,UIZ,34.0,25.59525,30.846153,30.846153846153847,27.24694061279297,False
2025-12-17 11:00:00,UIZ,56.0,39.398735,45.53846,45.53846153846154,27.24694061279297,False
2025-12-17 12:00:00,UIZ,64.0,49.7527,56.307693,56.30769230769231,27.24694061279297,False
2025-12-17 13:00:00,UIZ,69.0,56.597935,63.357143,63.357142857142854,27.24694061279297,False
2025-12-17 14:00:00,UIZ,65.0,59.55122,65.21429,65.21428571428571,27.24694061279297,False
2025-12-17 15:00:00,UIZ,51.0,55.72742,60.0,60.0,27.24694061279297,False
2025-12-17 16:00:00,UIZ,47.0,44.6963,48.642857,48.642857142857146,27.24694061279297,False
2025-12-17 17:00:00,UIZ,26.0,35.040257,39.214287,39.214285714285715,27.24694061279297,False
2025-12-17 18:00:00,UIZ,12.0,21.454079,26.071428,26.071428571428573,27.24694061279297,False
2025-12-17 19:00:00,UIZ,6.0,14.993022,20.214285,20.214285714285715,27.24694061279297,False
2025-12-17 20:00:00,UIZ,2.0,13.211954,18.214285,18.214285714285715,27.24694061279297,False
2025-12-17 21:00:00,UIZ,2.0,9.1137085,13.714286,13.714285714285714,27.24694061279297,False
2025-12-17 22:00:00,UIZ,2.0,7.458988,11.769231,11.76923076923077,27.24694061279297,False
2025-12-17 23:00:00,UIZ,2.0,3.1634517,7.214286,7.214285714285714,27.24694061279297,False
2025-12-18 00:00:00,UIZ,2.0,5.6557627,9.583333,9.583333333333334,27.24694061279297,False
2025-12-18 01:00:00,UIZ,2.0,6.5029135,10.416667,10.416666666666666,27.24694061279297,False
2025-12-18 02:00:00,UIZ,2.0,6.1191306,10.083333,10.083333333333334,27.24694061279297,False
2025-12-18 03:00:00,UIZ,2.0,4.6083403,8.642858,8.642857142857142,27.24694061279297,False
2025-12-18 04:00:00,UIZ,1.0,3.2377472,7.357143,7.357142857142857,27.24694061279297,False
2025-12-18 05:00:00,UIZ,2.0,0.6868143,4.857143,4.857142857142857,27.24694061279297,False
2025-12-18 06:00:00,UIZ,2.0,-0.19957352,4.142857,4.142857142857143,27.24694061279297,False
2025-12-18 07:00:00,UIZ,2.0,-0.41935205,4.071429,4.071428571428571,27.24694061279297,False
2025-12-18 08:00:00,UIZ,6.0,2.8776517,7.571429,7.571428571428571,27.24694061279297,False
2025-12-18 09:00:00,UIZ,19.0,9.7607975,14.769231,14.76923076923077,27.24694061279297,False
2025-12-18 10:00:00,UIZ,38.0,24.559761,30.23077,30.23076923076923,27.24694061279297,False
2025-12-18 12:00:00,UIZ,56.0,46.626724,54.692307,54.69230769230769,27.24694061279297,False
2025-12-18 13:00:00,UIZ,61.0,52.866253,61.42857,61.42857142857143,27.24694061279297,False
2025-12-18 14:00:00,UIZ,63.0,55.201508,63.214287,63.214285714285715,27.24694061279297,False
2025-12-18 15:00:00,UIZ,45.0,51.95114,59.357143,59.357142857142854,27.24694061279297,False
2025-12-18 16:00:00,UIZ,41.0,40.190945,48.42857,48.42857142857143,27.24694061279297,False
2025-12-18 17:00:00,UIZ,41.0,30.02803,37.714287,37.714285714285715,27.24694061279297,False
2025-12-18 18:00:00,UIZ,19.0,16.800516,24.214285,24.214285714285715,27.24694061279297,False
2025-12-18 19:00:00,UIZ,13.0,10.410055,18.214285,18.214285714285715,27.24694061279297,False
2025-12-18 20:00:00,UIZ,8.0,9.09576,16.714285,16.714285714285715,27.24694061279297,False
2025-12-18 21:00:00,UIZ,3.0,5.1210976,12.5,12.5,27.24694061279297,False
2025-12-18 22:00:00,UIZ,3.0,4.2343364,11.153846,11.153846153846153,27.24694061279297,False
2025-12-18 23:00:00,UIZ,3.0,0.4339242,6.857143,6.857142857142857,27.24694061279297,False
2025-12-19 03:00:00,UIZ,3.0,2.4084496,7.928571,7.928571428571429,27.24694061279297,False
2025-12-19 04:00:00,UIZ,2.0,0.77654314,7.0,7.0,27.24694061279297,False
2025-12-19 05:00:00,UIZ,2.0,-1.5612669,4.785714,4.785714285714286,27.24694061279297,False
2025-12-19 06:00:00,UIZ,3.0,-2.236568,4.071429,4.071428571428571,27.24694061279297,False
2025-12-19 07:00:00,UIZ,3.0,-2.263166,4.0,4.0,27.24694061279297,False
2025-12-19 08:00:00,UIZ,4.0,1.3182273,7.642857,7.642857142857143,27.24694061279297,False
2025-12-19 09:00:00,UIZ,9.0,8.185397,14.769231,14.76923076923077,27.24694061279297,False
2025-12-19 10:00:00,UIZ,25.0,22.483414,29.76923,29.76923076923077,27.24694061279297,False
2025-12-19 11:00:00,UIZ,39.0,35.94512,44.25,44.25,27.24694061279297,False
2025-12-19 12:00:00,UIZ,55.0,44.460613,53.923077,53.92307692307692,27.24694061279297,False
2025-12-19 13:00:00,UIZ,64.0,49.36874,59.42857,59.42857142857143,27.24694061279297,False
2025-12-19 14:00:00,UIZ,67.0,50.67207,60.57143,60.57142857142857,27.24694061279297,False
2025-12-19 15:00:00,UIZ,73.0,45.67298,54.57143,54.57142857142857,27.24694061279297,True
2025-12-19 16:00:00,UIZ,71.0,37.504078,43.92857,43.92857142857143,27.24694061279297,True
2025-12-19 17:00:00,UIZ,68.0,31.401354,35.5,35.5,27.24694061279297,True
2025-12-19 18:00:00,UIZ,31.0,18.774187,21.714285,21.714285714285715,27.24694061279297,False
2025-12-19 19:00:00,UIZ,6.0,9.838711,16.214285,16.214285714285715,27.24694061279297,False
2025-12-19 20:00:00,UIZ,8.0,8.075129,15.214286,15.214285714285714,27.24694061279297,False
2025-12-19 21:00:00,UIZ,5.0,3.9150915,11.071428,11.071428571428571,27.24694061279297,False
2025-12-19 22:00:00,UIZ,3.0,2.3501525,9.384615,9.384615384615385,27.24694061279297,False
2025-12-19 23:00:00,UIZ,4.0,-0.47384024,6.214286,6.214285714285714,27.24694061279297,False
2025-12-20 00:00:00,UIZ,6.0,3.005011,9.181818,9.181818181818182,27.24694061279297,False
2025-12-20 01:00:00,UIZ,3.0,3.3871164,9.272727,9.272727272727273,27.24694061279297,False
2025-12-20 02:00:00,UIZ,3.0,3.896041,9.363636,9.363636363636363,27.24694061279297,False
2025-12-20 03:00:00,UIZ,3.0,2.848093,7.928571,7.928571428571429,27.24694061279297,False
2025-12-20 04:00:00,UIZ,2.0,2.0314808,6.928571,6.928571428571429,27.24694061279297,False
2025-12-20 05:00:00,UIZ,3.0,-0.028276443,4.785714,4.785714285714286,27.24694061279297,False
2025-12-20 06:00:00,UIZ,3.0,-0.6859007,4.142857,4.142857142857143,27.24694061279297,False
2025-12-20 07:00:00,UIZ,3.0,-0.90594006,4.0,4.0,27.24694061279297,False
2025-12-20 08:00:00,UIZ,4.0,2.490573,7.5,7.5,27.24694061279297,False
2025-12-20 09:00:00,UIZ,15.0,8.7326,13.923077,13.923076923076923,27.24694061279297,False
2025-12-20 10:00:00,UIZ,36.0,23.539097,29.0,29.0,27.24694061279297,False
2025-12-20 11:00:00,UIZ,54.0,36.27555,42.75,42.75,27.24694061279297,False
2025-12-20 12:00:00,UIZ,62.0,44.985382,52.615383,52.61538461538461,27.24694061279297,False
2025-12-20 13:00:00,UIZ,59.0,51.22469,59.5,59.5,27.24694061279297,False
2025-12-20 14:00:00,UIZ,72.0,53.73182,60.92857,60.92857142857143,27.24694061279297,False
2025-12-20 15:00:00,UIZ,78.0,51.9802,55.714287,55.714285714285715,27.24694061279297,False
2025-12-20 16:00:00,UIZ,82.0,45.742786,45.42857,45.42857142857143,27.24694061279297,True
2025-12-20 17:00:00,UIZ,76.0,40.747906,36.642857,36.642857142857146,27.24694061279297,True
2025-12-20 18:00:00,UIZ,29.0,26.654308,20.357143,20.357142857142858,27.24694061279297,False
2025-12-20 19:00:00,UIZ,10.0,16.664085,14.0,14.0,27.24694061279297,False
2025-12-20 20:00:00,UIZ,20.0,14.195077,13.285714,13.285714285714286,27.24694061279297,False
2025-12-20 21:00:00,UIZ,11.0,9.100759,9.285714,9.285714285714286,27.24694061279297,False
2025-12-20 22:00:00,UIZ,4.0,6.5493326,7.230769,7.230769230769231,27.24694061279297,False
2025-12-20 23:00:00,UIZ,3.0,4.301198,5.214286,5.214285714285714,27.24694061279297,False
2025-12-21 00:00:00,UIZ,4.0,6.734501,7.7272725,7.7272727272727275,27.24694061279297,False
2025-12-21 01:00:00,UIZ,3.0,7.4310913,8.181818,8.181818181818182,27.24694061279297,False
2025-12-21 02:00:00,UIZ,3.0,8.089667,8.727273,8.727272727272727,27.24694061279297,False
2025-12-21 03:00:00,UIZ,3.0,6.7726207,7.5,7.5,27.24694061279297,False
2025-12-21 04:00:00,UIZ,3.0,5.04732,6.071429,6.071428571428571,27.24694061279297,False
2025-12-21 05:00:00,UIZ,2.0,3.602182,4.857143,4.857142857142857,27.24694061279297,False
2025-12-21 06:00:00,UIZ,2.0,2.352704,4.142857,4.142857142857143,27.24694061279297,False
2025-12-21 07:00:00,UIZ,3.0,1.7482064,3.9285715,3.9285714285714284,27.24694061279297,False
2025-12-21 08:00:00,UIZ,4.0,4.470166,7.214286,7.214285714285714,27.24694061279297,False
2025-12-21 09:00:00,UIZ,14.0,10.531352,13.846154,13.846153846153847,27.24694061279297,False
2025-12-21 10:00:00,UIZ,34.0,25.730537,29.76923,29.76923076923077,27.24694061279297,False
2025-12-21 11:00:00,UIZ,55.0,38.150177,43.166668,43.166666666666664,27.24694061279297,False
2025-12-21 12:00:00,UIZ,60.0,46.82649,52.307693,52.30769230769231,27.24694061279297,False
2025-12-21 13:00:00,UIZ,67.0,54.353016,58.57143,58.57142857142857,27.24694061279297,False
2025-12-21 14:00:00,UIZ,72.0,59.085674,60.714287,60.714285714285715,27.24694061279297,False
2025-12-21 15:00:00,UIZ,72.0,58.830105,57.0,57.0,27.24694061279297,False
2025-12-21 16:00:00,UIZ,73.0,54.11091,48.785713,48.785714285714285,27.24694061279297,False
2025-12-21 17:00:00,UIZ,68.0,48.946495,40.07143,40.07142857142857,27.24694061279297,False
2025-12-21 18:00:00,UIZ,46.0,30.426834,20.285715,20.285714285714285,27.24694061279297,False
2025-12-21 19:00:00,UIZ,21.0,19.218174,13.0,13.0,27.24694061279297,False
2025-12-21 20:00:00,UIZ,21.0,17.273209,13.785714,13.785714285714286,27.24694061279297,False
2025-12-21 21:00:00,UIZ,19.0,11.292004,9.142858,9.142857142857142,27.24694061279297,False
2025-12-21 22:00:00,UIZ,21.0,8.909758,6.5384617,6.538461538461538,27.24694061279297,False
2025-12-21 23:00:00,UIZ,17.0,7.1462417,4.785714,4.785714285714286,27.24694061279297,False
2025-12-22 00:00:00,UIZ,13.0,9.706493,7.4166665,7.416666666666667,27.24694061279297,False
2025-12-22 01:00:00,UIZ,9.0,9.59845,7.75,7.75,27.24694061279297,False
2025-12-22 02:00:00,UIZ,6.0,9.503572,8.25,8.25,27.24694061279297,False
2025-12-22 03:00:00,UIZ,5.0,7.7417936,7.214286,7.214285714285714,27.24694061279297,False
2025-12-22 04:00:00,UIZ,6.0,5.9148684,6.071429,6.071428571428571,27.24694061279297,False
2025-12-22 05:00:00,UIZ,5.0,3.9875011,4.785714,4.785714285714286,27.24694061279297,False
2025-12-22 06:00:00,UIZ,2.0,2.7188282,4.0,4.0,27.24694061279297,False
2025-12-22 07:00:00,UIZ,3.0,2.018814,3.857143,3.857142857142857,27.24694061279297,False
2025-12-22 08:00:00,UIZ,5.0,4.402937,6.785714,6.785714285714286,27.24694061279297,False
2025-12-22 09:00:00,UIZ,12.0,10.147697,13.076923,13.076923076923077,27.24694061279297,False
2025-12-22 10:00:00,UIZ,21.0,24.957537,28.692308,28.692307692307693,27.24694061279297,False
2025-12-22 11:00:00,UIZ,33.0,37.180214,41.833332,41.833333333333336,27.24694061279297,False
2025-12-22 12:00:00,UIZ,41.0,45.481365,51.307693,51.30769230769231,27.24694061279297,False
2025-12-22 13:00:00,UIZ,55.0,50.872112,58.07143,58.07142857142857,27.24694061279297,False
2025-12-22 14:00:00,UIZ,55.0,51.881775,60.142857,60.142857142857146,27.24694061279297,False
2025-12-22 15:00:00,UIZ,42.0,47.15261,55.92857,55.92857142857143,27.24694061279297,False
2025-12-22 16:00:00,UIZ,25.0,39.092857,48.714287,48.714285714285715,27.24694061279297,False
2025-12-22 17:00:00,UIZ,15.0,30.751911,41.214287,41.214285714285715,27.24694061279297,False
2025-12-22 18:00:00,UIZ,10.0,10.3115015,20.785715,20.785714285714285,27.24694061279297,False
2025-12-22 19:00:00,UIZ,6.0,2.1826277,12.357142,12.357142857142858,27.24694061279297,False
2025-12-22 20:00:00,UIZ,7.0,3.7038383,13.5,13.5,27.24694061279297,False
2025-12-22 21:00:00,UIZ,6.0,0.20269966,9.428572,9.428571428571429,27.24694061279297,False
2025-12-22 22:00:00,UIZ,3.0,-1.5339975,7.3076925,7.3076923076923075,27.24694061279297,False
2025-12-22 23:00:00,UIZ,4.0,-2.89323,5.642857,5.642857142857143,27.24694061279297,False
2025-12-23 00:00:00,UIZ,2.0,-0.7709136,7.4166665,7.416666666666667,27.24694061279297,False
2025-12-23 01:00:00,UIZ,2.0,-1.0464602,6.8333335,6.833333333333333,27.24694061279297,False
2025-12-23 02:00:00,UIZ,2.0,-0.47199345,7.0,7.0,27.24694061279297,False
2025-12-23 03:00:00,UIZ,2.0,-1.6224389,5.571429,5.571428571428571,27.24694061279297,False
2025-12-23 04:00:00,UIZ,2.0,-2.694026,4.428571,4.428571428571429,27.24694061279297,False
2025-12-23 05:00:00,UIZ,2.0,-3.2417963,3.7142856,3.7142857142857144,27.24694061279297,False
2025-12-23 06:00:00,UIZ,2.0,-3.8042092,3.0,3.0,27.24694061279297,False
2025-12-23 07:00:00,UIZ,2.0,-3.4947722,3.2142856,3.2142857142857144,27.24694061279297,False
2025-12-23 08:00:00,UIZ,3.0,-0.47327662,6.214286,6.214285714285714,27.24694061279297,False
2025-12-23 09:00:00,UIZ,3.0,6.634652,13.153846,13.153846153846153,27.24694061279297,False
2025-12-23 10:00:00,UIZ,8.0,21.865437,28.461538,28.46153846153846,27.24694061279297,False
2025-12-23 11:00:00,UIZ,16.0,35.85927,42.75,42.75,27.24694061279297,False
2025-12-23 12:00:00,UIZ,25.0,44.622383,52.23077,52.23076923076923,27.24694061279297,False
2025-12-23 13:00:00,UIZ,44.0,51.464314,60.214287,60.214285714285715,27.24694061279297,False
2025-12-31 03:00:00,UIZ,2.0,-1.7342982,5.428571,5.428571428571429,27.24694061279297,False
2025-12-31 04:00:00,UIZ,2.0,-3.6718764,3.857143,3.857142857142857,27.24694061279297,False
2025-12-31 05:00:00,UIZ,2.0,-4.324108,3.0,3.0,27.24694061279297,False
2025-12-31 06:00:00,UIZ,2.0,-4.8860054,2.2857144,2.2857142857142856,27.24694061279297,False
2025-12-31 07:00:00,UIZ,2.0,-4.5415487,2.5714285,2.5714285714285716,27.24694061279297,False
2025-12-31 08:00:00,UIZ,3.0,-2.6869144,4.428571,4.428571428571429,27.24694061279297,False
2025-12-31 09:00:00,UIZ,8.0,5.4973307,12.714286,12.714285714285714,27.24694061279297,False
2025-12-31 10:00:00,UIZ,19.0,20.541119,28.0,28.0,27.24694061279297,False
2025-12-31 11:00:00,UIZ,40.0,34.30658,42.166668,42.166666666666664,27.24694061279297,False
2025-12-31 12:00:00,UIZ,60.0,43.02495,51.857143,51.857142857142854,27.24694061279297,False
2025-12-31 13:00:00,UIZ,63.0,50.41276,59.857143,59.857142857142854,27.24694061279297,False
2025-12-31 14:00:00,UIZ,63.0,56.694984,65.666664,65.66666666666667,27.24694061279297,False
2025-12-31 15:00:00,UIZ,69.0,54.25263,60.166668,60.166666666666664,27.24694061279297,False
2025-12-31 16:00:00,UIZ,71.0,54.925697,56.5,56.5,27.24694061279297,False
2025-12-31 17:00:00,UIZ,65.0,52.21917,49.0,49.0,27.24694061279297,False
2025-12-31 18:00:00,UIZ,50.0,27.977837,24.5,24.5,27.24694061279297,False
2025-12-31 19:00:00,UIZ,37.0,11.637083,10.333333,10.333333333333334,27.24694061279297,False
2025-12-31 20:00:00,UIZ,25.0,11.314696,11.0,11.0,27.24694061279297,False
2025-12-31 21:00:00,UIZ,17.0,7.43962,7.6666665,7.666666666666667,27.24694061279297,False
2025-12-31 22:00:00,UIZ,18.0,5.437037,6.0,6.0,27.24694061279297,False
2025-12-31 23:00:00,UIZ,16.0,4.755154,5.5,5.5,27.24694061279297,False
