timestamp,estacion,original_ppb,predicho_ppb,base_ppb,perfil_ppb,umbral_ppb,alerta_limpia
2025-10-21 00:00:00,LPR,17.0,10.821227,10.727273,10.727272727272727,15.626949310302734,False
2025-10-21 01:00:00,LPR,7.0,9.08825,9.090909,9.090909090909092,15.626949310302734,False
2025-10-21 02:00:00,LPR,3.0,10.039556,9.545455,9.545454545454545,15.626949310302734,False
2025-10-21 03:00:00,LPR,2.0,13.46602,13.0,13.0,15.626949310302734,False
2025-10-21 04:00:00,LPR,2.0,11.025217,10.285714,10.285714285714286,15.626949310302734,False
2025-10-21 05:00:00,LPR,2.0,9.42363,8.714286,8.714285714285714,15.626949310302734,False
2025-10-21 06:00:00,LPR,2.0,6.88139,6.214286,6.214285714285714,15.626949310302734,False
2025-10-21 07:00:00,LPR,2.0,6.2497945,5.714286,5.714285714285714,15.626949310302734,False
2025-10-21 08:00:00,LPR,4.0,11.3093405,10.857142,10.857142857142858,15.626949310302734,False
2025-10-21 09:00:00,LPR,9.0,19.913404,19.0,19.0,15.626949310302734,False
2025-10-21 10:00:00,LPR,25.0,32.71866,29.428572,29.428571428571427,15.626949310302734,False
2025-10-21 11:00:00,LPR,42.0,46.864647,38.57143,38.57142857142857,15.626949310302734,False
2025-10-21 12:00:00,LPR,46.0,55.8046,42.714287,42.714285714285715,15.626949310302734,False
2025-10-21 13:00:00,LPR,43.0,54.214577,38.357143,38.357142857142854,15.626949310302734,False
2025-10-21 14:00:00,LPR,55.0,51.579132,39.07143,39.07142857142857,15.626949310302734,False
2025-10-21 15:00:00,LPR,45.0,47.66148,38.384617,38.38461538461539,15.626949310302734,False
2025-10-21 16:00:00,LPR,31.0,36.340103,34.785713,34.785714285714285,15.626949310302734,False
2025-10-21 17:00:00,LPR,27.0,27.787493,29.5,29.5,15.626949310302734,False
2025-10-21 18:00:00,LPR,22.0,22.227448,23.714285,23.714285714285715,15.626949310302734,False
2025-10-21 19:00:00,LPR,20.0,18.866959,19.928572,19.928571428571427,15.626949310302734,False
2025-10-21 20:00:00,LPR,12.0,17.972918,17.357143,17.357142857142858,15.626949310302734,False
2025-10-21 21:00:00,LPR,15.0,15.837619,14.571428,14.571428571428571,15.626949310302734,False
2025-10-21 22:00:00,LPR,18.0,15.60767,13.285714,13.285714285714286,15.626949310302734,False
2025-10-21 23:00:00,LPR,20.0,18.59607,14.785714,14.785714285714286,15.626949310302734,False
2025-10-22 00:00:00,LPR,21.0,17.28595,12.090909,12.090909090909092,15.626949310302734,False
2025-10-22 01:00:00,LPR,19.0,16.134012,9.454545,9.454545454545455,15.626949310302734,False
2025-10-22 02:00:00,LPR,22.0,16.630478,9.454545,9.454545454545455,15.626949310302734,False
2025-10-22 03:00:00,LPR,23.0,19.720852,12.571428,12.571428571428571,15.626949310302734,False
2025-10-22 04:00:00,LPR,24.0,17.98748,10.357142,10.357142857142858,15.626949310302734,False
2025-10-22 05:00:00,LPR,21.0,16.449446,8.785714,8.785714285714286,15.626949310302734,False
2025-10-22 06:00:00,LPR,13.0,12.989531,6.285714,6.285714285714286,15.626949310302734,False
2025-10-22 07:00:00,LPR,16.0,11.0176735,5.714286,5.714285714285714,15.626949310302734,False
2025-10-22 08:00:00,LPR,19.0,15.62236,10.5,10.5,15.626949310302734,False
2025-10-22 09:00:00,LPR,24.0,25.014887,18.214285,18.214285714285715,15.626949310302734,False
2025-10-22 10:00:00,LPR,25.0,37.325863,29.142857,29.142857142857142,15.626949310302734,False
2025-10-22 11:00:00,LPR,28.0,47.955452,39.0,39.0,15.626949310302734,True
2025-10-22 12:00:00,LPR,24.0,51.472473,43.214287,43.214285714285715,15.626949310302734,True
2025-10-22 13:00:00,LPR,26.0,45.613636,39.5,39.5,15.626949310302734,True
2025-10-22 14:00:00,LPR,29.0,45.056755,40.857143,40.857142857142854,15.626949310302734,True
2025-10-22 15:00:00,LPR,26.0,42.78829,39.384617,39.38461538461539,15.626949310302734,True
2025-10-22 16:00:00,LPR,24.0,35.36866,34.92857,34.92857142857143,15.626949310302734,False
2025-10-22 17:00:00,LPR,22.0,28.544767,29.5,29.5,15.626949310302734,False
2025-10-22 18:00:00,LPR,19.0,22.91661,23.714285,23.714285714285715,15.626949310302734,False
2025-10-22 19:00:00,LPR,16.0,19.673126,20.142857,20.142857142857142,15.626949310302734,False
2025-10-22 20:00:00,LPR,13.0,17.113708,16.928572,16.928571428571427,15.626949310302734,False
2025-10-22 21:00:00,LPR,10.0,14.8780985,14.214286,14.214285714285714,15.626949310302734,False
2025-10-22 22:00:00,LPR,12.0,13.732351,12.928572,12.928571428571429,15.626949310302734,False
2025-10-22 23:00:00,LPR,17.0,15.85786,14.928572,14.928571428571429,15.626949310302734,False
2025-10-23 00:00:00,LPR,16.0,13.614663,12.833333,12.833333333333334,15.626949310302734,False
2025-10-23 01:00:00,LPR,16.0,10.928107,10.25,10.25,15.626949310302734,False
2025-10-23 02:00:00,LPR,14.0,11.811252,10.5,10.5,15.626949310302734,False
2025-10-23 03:00:00,LPR,15.0,14.080756,12.428572,12.428571428571429,15.626949310302734,False
2025-10-23 04:00:00,LPR,18.0,12.41965,10.714286,10.714285714285714,15.626949310302734,False
2025-10-23 05:00:00,LPR,5.0,10.36309,9.214286,9.214285714285714,15.626949310302734,False
2025-10-23 06:00:00,LPR,1.0,6.4597893,6.428571,6.428571428571429,15.626949310302734,False
2025-10-23 07:00:00,LPR,2.0,5.6516275,6.285714,6.285714285714286,15.626949310302734,False
2025-10-23 08:00:00,LPR,3.0,10.170546,11.071428,11.071428571428571,15.626949310302734,False
2025-10-23 09:00:00,LPR,8.0,18.92061,19.142857,19.142857142857142,15.626949310302734,False
2025-10-23 10:00:00,LPR,25.0,30.438599,29.785715,29.785714285714285,15.626949310302734,False
2025-10-23 11:00:00,LPR,40.0,42.356033,39.642857,39.642857142857146,15.626949310302734,False
2025-10-23 12:00:00,LPR,43.0,49.913425,43.714287,43.714285714285715,15.626949310302734,False
2025-10-23 13:00:00,LPR,43.0,50.99457,40.285713,40.285714285714285,15.626949310302734,False
2025-10-23 14:00:00,LPR,45.0,54.631416,41.785713,41.785714285714285,15.626949310302734,False
2025-10-23 15:00:00,LPR,47.0,51.269646,40.384617,40.38461538461539,15.626949310302734,False
2025-10-23 16:00:00,LPR,46.0,43.909416,35.714287,35.714285714285715,15.626949310302734,False
2025-10-23 17:00:00,LPR,40.0,37.35779,30.285715,30.285714285714285,15.626949310302734,False
2025-10-23 18:00:00,LPR,26.0,29.65801,24.5,24.5,15.626949310302734,False
2025-10-23 19:00:00,LPR,18.0,23.96398,20.857143,20.857142857142858,15.626949310302734,False
2025-10-23 20:00:00,LPR,15.0,19.641665,17.5,17.5,15.626949310302734,False
2025-10-23 21:00:00,LPR,10.0,16.542547,14.571428,14.571428571428571,15.626949310302734,False
2025-10-23 22:00:00,LPR,12.0,15.765104,13.5,13.5,15.626949310302734,False
2025-10-23 23:00:00,LPR,15.0,18.494877,15.785714,15.785714285714286,15.626949310302734,False
2025-10-24 00:00:00,LPR,9.0,17.284239,13.833333,13.833333333333334,15.626949310302734,False
2025-10-24 01:00:00,LPR,6.0,15.327711,11.416667,11.416666666666666,15.626949310302734,False
2025-10-24 02:00:00,LPR,4.0,15.690836,11.166667,11.166666666666666,15.626949310302734,False
2025-10-24 03:00:00,LPR,1.0,17.549995,12.5,12.5,15.626949310302734,True
2025-10-24 04:00:00,LPR,1.0,15.770462,10.857142,10.857142857142858,15.626949310302734,False
2025-10-24 05:00:00,LPR,2.0,13.0720215,8.5,8.5,15.626949310302734,False
2025-10-24 06:00:00,LPR,2.0,10.209663,5.928571,5.928571428571429,15.626949310302734,False
2025-10-24 07:00:00,LPR,2.0,9.5686245,5.5,5.5,15.626949310302734,False
2025-10-24 08:00:00,LPR,4.0,14.362168,10.428572,10.428571428571429,15.626949310302734,False
2025-10-24 09:00:00,LPR,10.0,23.796888,18.857143,18.857142857142858,15.626949310302734,False
2025-10-24 11:00:00,LPR,61.0,51.56061,40.92857,40.92857142857143,15.626949310302734,False
2025-10-24 12:00:00,LPR,60.0,62.324966,45.214287,45.214285714285715,15.626949310302734,False
2025-10-24 13:00:00,LPR,58.0,60.549942,42.07143,42.07142857142857,15.626949310302734,False
2025-10-24 14:00:00,LPR,57.0,60.650986,43.785713,43.785714285714285,15.626949310302734,False
2025-10-24 15:00:00,LPR,63.0,57.557827,42.692307,42.69230769230769,15.626949310302734,False
2025-10-24 16:00:00,LPR,73.0,50.2753,37.714287,37.714285714285715,15.626949310302734,True
2025-10-24 17:00:00,LPR,61.0,44.02382,31.928572,31.928571428571427,15.626949310302734,True
2025-10-24 18:00:00,LPR,59.0,34.65099,25.285715,25.285714285714285,15.626949310302734,True
2025-10-24 19:00:00,LPR,37.0,26.975403,21.071428,21.071428571428573,15.626949310302734,False
2025-10-24 20:00:00,LPR,27.0,22.839401,17.642857,17.642857142857142,15.626949310302734,False
2025-10-24 21:00:00,LPR,13.0,17.947218,14.428572,14.428571428571429,15.626949310302734,False
2025-10-24 22:00:00,LPR,10.0,16.6344,13.571428,13.571428571428571,15.626949310302734,False
2025-10-24 23:00:00,LPR,12.0,18.505053,15.642858,15.642857142857142,15.626949310302734,False
2025-10-25 00:00:00,LPR,10.0,16.720585,13.333333,13.333333333333334,15.626949310302734,False
2025-10-25 01:00:00,LPR,2.0,13.755011,10.75,10.75,15.626949310302734,False
2025-10-25 02:00:00,LPR,2.0,15.175379,11.333333,11.333333333333334,15.626949310302734,False
2025-10-25 03:00:00,LPR,2.0,16.280077,11.785714,11.785714285714286,15.626949310302734,False
2025-10-25 04:00:00,LPR,2.0,15.867749,10.642858,10.642857142857142,15.626949310302734,False
2025-10-25 05:00:00,LPR,2.0,13.630887,8.071428,8.071428571428571,15.626949310302734,False
2025-10-25 06:00:00,LPR,2.0,11.002344,5.785714,5.785714285714286,15.626949310302734,False
2025-10-25 07:00:00,LPR,3.0,10.4116535,5.571429,5.571428571428571,15.626949310302734,False
2025-10-25 08:00:00,LPR,5.0,15.035695,10.571428,10.571428571428571,15.626949310302734,False
2025-10-25 09:00:00,LPR,22.0,24.34197,19.357143,19.357142857142858,15.626949310302734,False
2025-10-25 10:00:00,LPR,47.0,38.258827,32.0,32.0,15.626949310302734,False
2025-10-25 11:00:00,LPR,56.0,56.04985,44.0,44.0,15.626949310302734,False
2025-10-25 12:00:00,LPR,44.0,62.80844,47.714287,47.714285714285715,15.626949310302734,True
2025-10-25 13:00:00,LPR,58.0,54.36436,44.92857,44.92857142857143,15.626949310302734,False
2025-10-25 14:00:00,LPR,58.0,54.3696,46.642857,46.642857142857146,15.626949310302734,False
2025-10-25 15:00:00,LPR,61.0,52.348915,45.923077,45.92307692307692,15.626949310302734,False
2025-10-25 16:00:00,LPR,73.0,49.616196,41.642857,41.642857142857146,15.626949310302734,True
2025-10-25 17:00:00,LPR,53.0,42.943146,35.357143,35.357142857142854,15.626949310302734,False
2025-10-25 18:00:00,LPR,46.0,34.972713,29.214285,29.214285714285715,15.626949310302734,False
2025-10-25 19:00:00,LPR,37.0,28.17046,23.285715,23.285714285714285,15.626949310302734,False
2025-10-25 20:00:00,LPR,34.0,25.120182,19.214285,19.214285714285715,15.626949310302734,False
2025-10-25 21:00:00,LPR,28.0,21.439049,15.071428,15.071428571428571,15.626949310302734,False
2025-10-25 22:00:00,LPR,19.0,20.605124,14.0,14.0,15.626949310302734,False
2025-10-25 23:00:00,LPR,9.0,21.093061,15.785714,15.785714285714286,15.626949310302734,False
2025-10-26 03:00:00,LPR,3.0,18.121693,11.0,11.0,15.626949310302734,False
2025-10-26 04:00:00,LPR,2.0,14.808302,10.071428,10.071428571428571,15.626949310302734,False
2025-10-26 05:00:00,LPR,2.0,12.402849,7.5,7.5,15.626949310302734,False
2025-10-26 06:00:00,LPR,2.0,9.859171,5.642857,5.642857142857143,15.626949310302734,False
2025-10-26 07:00:00,LPR,2.0,8.493017,5.5,5.5,15.626949310302734,False
2025-10-26 08:00:00,LPR,7.0,12.246536,10.571428,10.571428571428571,15.626949310302734,False
2025-10-26 09:00:00,LPR,23.0,20.940413,20.0,20.0,15.626949310302734,False
2025-10-26 10:00:00,LPR,38.0,37.180256,34.615383,34.61538461538461,15.626949310302734,False
2025-10-26 11:00:00,LPR,75.0,56.59526,46.642857,46.642857142857146,15.626949310302734,True
2025-10-26 12:00:00,LPR,60.0,62.023,48.857143,48.857142857142854,15.626949310302734,False
2025-10-26 13:00:00,LPR,66.0,60.191696,47.357143,47.357142857142854,15.626949310302734,False
2025-10-26 14:00:00,LPR,63.0,62.53434,49.07143,49.07142857142857,15.626949310302734,False
2025-10-26 15:00:00,LPR,71.0,61.248398,48.76923,48.76923076923077,15.626949310302734,False
2025-10-26 16:00:00,LPR,58.0,56.65397,45.285713,45.285714285714285,15.626949310302734,False
2025-10-26 17:00:00,LPR,39.0,48.693756,38.0,38.0,15.626949310302734,False
2025-10-26 18:00:00,LPR,30.0,40.209526,31.785715,31.785714285714285,15.626949310302734,False
2025-10-26 19:00:00,LPR,32.0,32.60279,25.214285,25.214285714285715,15.626949310302734,False
2025-10-26 20:00:00,LPR,28.0,28.332285,21.214285,21.214285714285715,15.626949310302734,False
2025-10-26 21:00:00,LPR,20.0,23.445122,16.5,16.5,15.626949310302734,False
2025-10-26 22:00:00,LPR,7.0,21.175425,14.785714,14.785714285714286,15.626949310302734,False
2025-10-26 23:00:00,LPR,15.0,19.806091,15.571428,15.571428571428571,15.626949310302734,False
2025-10-27 00:00:00,LPR,24.0,17.233564,13.272727,13.272727272727273,15.626949310302734,False
2025-10-27 01:00:00,LPR,17.0,13.44081,9.727273,9.727272727272727,15.626949310302734,False
2025-10-27 02:00:00,LPR,2.0,14.451345,10.363636,10.363636363636363,15.626949310302734,False
2025-10-27 03:00:00,LPR,2.0,15.890959,10.928572,10.928571428571429,15.626949310302734,False
2025-10-27 04:00:00,LPR,2.0,15.063701,10.071428,10.071428571428571,15.626949310302734,False
2025-10-27 05:00:00,LPR,2.0,12.182874,7.5,7.5,15.626949310302734,False
2025-10-27 06:00:00,LPR,3.0,9.265078,5.642857,5.642857142857143,15.626949310302734,False
2025-10-27 07:00:00,LPR,2.0,8.052227,5.428571,5.428571428571429,15.626949310302734,False
2025-10-27 08:00:00,LPR,4.0,12.187456,10.428572,10.428571428571429,15.626949310302734,False
2025-10-27 09:00:00,LPR,9.0,21.399584,20.071428,20.071428571428573,15.626949310302734,False
2025-10-27 10:00:00,LPR,31.0,35.952465,34.615383,34.61538461538461,15.626949310302734,False
2025-10-27 11:00:00,LPR,42.0,54.59784,49.285713,49.285714285714285,15.626949310302734,False
2025-10-27 12:00:00,LPR,46.0,61.70381,50.57143,50.57142857142857,15.626949310302734,True
2025-10-27 13:00:00,LPR,50.0,62.068962,49.285713,49.285714285714285,15.626949310302734,False
2025-10-27 14:00:00,LPR,50.0,59.149155,50.357143,50.357142857142854,15.626949310302734,False
2025-10-27 15:00:00,LPR,56.0,58.314545,50.357143,50.357142857142854,15.626949310302734,False
2025-10-27 16:00:00,LPR,46.0,53.384968,46.714287,46.714285714285715,15.626949310302734,False
2025-10-27 17:00:00,LPR,37.0,42.76318,38.42857,38.42857142857143,15.626949310302734,False
2025-10-27 18:00:00,LPR,33.0,33.03703,31.714285,31.714285714285715,15.626949310302734,False
2025-10-27 19:00:00,LPR,33.0,26.038248,25.571428,25.571428571428573,15.626949310302734,False
2025-10-27 20:00:00,LPR,30.0,23.828964,21.714285,21.714285714285715,15.626949310302734,False
2025-10-27 21:00:00,LPR,26.0,21.084093,16.857143,16.857142857142858,15.626949310302734,False
2025-10-27 22:00:00,LPR,25.0,19.07836,14.785714,14.785714285714286,15.626949310302734,False
2025-10-27 23:00:00,LPR,32.0,19.139542,16.5,16.5,15.626949310302734,False
2025-10-28 00:00:00,LPR,29.0,17.361517,15.272727,15.272727272727273,15.626949310302734,False
2025-10-28 01:00:00,LPR,24.0,13.203055,11.090909,11.090909090909092,15.626949310302734,False
2025-10-28 02:00:00,LPR,12.0,13.014451,10.363636,10.363636363636363,15.626949310302734,False
2025-10-28 03:00:00,LPR,2.0,14.555899,10.928572,10.928571428571429,15.626949310302734,False
2025-10-28 04:00:00,LPR,2.0,13.908487,10.071428,10.071428571428571,15.626949310302734,False
2025-10-28 05:00:00,LPR,2.0,11.279545,7.5,7.5,15.626949310302734,False
2025-10-28 06:00:00,LPR,2.0,9.358887,5.714286,5.714285714285714,15.626949310302734,False
2025-10-28 07:00:00,LPR,2.0,9.013533,5.428571,5.428571428571429,15.626949310302734,False
2025-10-28 08:00:00,LPR,4.0,13.923393,10.071428,10.071428571428571,15.626949310302734,False
2025-10-28 09:00:00,LPR,10.0,24.095226,18.928572,18.928571428571427,15.626949310302734,False
2025-10-28 10:00:00,LPR,33.0,42.7528,34.692307,34.69230769230769,15.626949310302734,False
2025-10-28 11:00:00,LPR,45.0,63.11705,49.714287,49.714285714285715,15.626949310302734,True
2025-10-28 12:00:00,LPR,42.0,69.23121,51.07143,51.07142857142857,15.626949310302734,True
2025-10-28 13:00:00,LPR,40.0,67.67555,49.357143,49.357142857142854,15.626949310302734,True
2025-10-28 14:00:00,LPR,52.0,67.36215,50.785713,50.785714285714285,15.626949310302734,False
2025-10-28 15:00:00,LPR,47.0,67.00381,52.214287,52.214285714285715,15.626949310302734,True
2025-10-28 16:00:00,LPR,50.0,60.04125,47.57143,47.57142857142857,15.626949310302734,False
2025-10-28 17:00:00,LPR,37.0,47.827423,39.07143,39.07142857142857,15.626949310302734,False
2025-10-28 18:00:00,LPR,29.0,38.045967,32.714287,32.714285714285715,15.626949310302734,False
2025-10-28 19:00:00,LPR,32.0,30.284958,26.714285,26.714285714285715,15.626949310302734,False
2025-10-28 20:00:00,LPR,33.0,28.187252,22.928572,22.928571428571427,15.626949310302734,False
2025-10-28 21:00:00,LPR,40.0,25.206705,17.785715,17.785714285714285,15.626949310302734,False
2025-10-28 22:00:00,LPR,27.0,22.267483,15.5,15.5,15.626949310302734,False
2025-10-28 23:00:00,LPR,33.0,22.434832,17.428572,17.428571428571427,15.626949310302734,False
2025-10-29 00:00:00,LPR,33.0,20.52667,16.416666,16.416666666666668,15.626949310302734,False
2025-10-29 01:00:00,LPR,23.0,16.20006,12.166667,12.166666666666666,15.626949310302734,False
2025-10-29 02:00:00,LPR,8.0,14.749899,10.5,10.5,15.626949310302734,False
2025-10-29 03:00:00,LPR,13.0,13.577574,9.357142,9.357142857142858,15.626949310302734,False
2025-10-29 04:00:00,LPR,32.0,12.929407,8.714286,8.714285714285714,15.626949310302734,True
2025-10-29 05:00:00,LPR,26.0,10.977306,6.785714,6.785714285714286,15.626949310302734,False
2025-10-29 06:00:00,LPR,18.0,9.717777,5.5,5.5,15.626949310302734,False
2025-10-29 07:00:00,LPR,20.0,9.2805805,5.142857,5.142857142857143,15.626949310302734,False
2025-10-29 08:00:00,LPR,30.0,13.711288,9.285714,9.285714285714286,15.626949310302734,True
2025-10-29 09:00:00,LPR,40.0,27.780247,18.071428,18.071428571428573,15.626949310302734,False
2025-10-29 14:00:00,LPR,34.0,64.27307,51.07143,51.07142857142857,15.626949310302734,True
2025-10-29 15:00:00,LPR,33.0,62.62352,52.42857,52.42857142857143,15.626949310302734,True
2025-10-29 16:00:00,LPR,32.0,56.985573,48.285713,48.285714285714285,15.626949310302734,True
2025-10-29 17:00:00,LPR,26.0,46.25057,39.214287,39.214285714285715,15.626949310302734,True
2025-10-29 18:00:00,LPR,14.0,36.158722,32.785713,32.785714285714285,15.626949310302734,True
2025-10-29 19:00:00,LPR,8.0,28.884224,27.142857,27.142857142857142,15.626949310302734,True
2025-10-29 20:00:00,LPR,9.0,26.311382,23.928572,23.928571428571427,15.626949310302734,True
2025-10-29 21:00:00,LPR,9.0,22.647282,19.357143,19.357142857142858,15.626949310302734,False
2025-10-29 22:00:00,LPR,3.0,19.527424,16.142857,16.142857142857142,15.626949310302734,True
2025-10-29 23:00:00,LPR,1.0,20.517618,17.928572,17.928571428571427,15.626949310302734,True
2025-10-30 00:00:00,LPR,1.0,18.946419,16.833334,16.833333333333332,15.626949310302734,True
2025-10-30 01:00:00,LPR,1.0,14.146433,11.833333,11.833333333333334,15.626949310302734,False
2025-10-30 02:00:00,LPR,1.0,10.81399,8.25,8.25,15.626949310302734,False
2025-10-30 03:00:00,LPR,1.0,10.796876,8.0,8.0,15.626949310302734,False
2025-10-30 04:00:00,LPR,1.0,11.593568,8.857142,8.857142857142858,15.626949310302734,False
2025-10-30 05:00:00,LPR,1.0,9.243268,6.785714,6.785714285714286,15.626949310302734,False
2025-10-30 06:00:00,LPR,1.0,7.339717,5.214286,5.214285714285714,15.626949310302734,False
2025-10-30 07:00:00,LPR,2.0,6.954066,5.214286,5.214285714285714,15.626949310302734,False
2025-10-30 08:00:00,LPR,3.0,10.000437,9.357142,9.357142857142858,15.626949310302734,False
2025-10-30 09:00:00,LPR,6.0,19.312466,18.785715,18.785714285714285,15.626949310302734,False
2025-10-30 10:00:00,LPR,24.0,36.56642,34.666668,34.666666666666664,15.626949310302734,False
2025-10-30 11:00:00,LPR,52.0,56.07517,50.0,50.0,15.626949310302734,False
2025-10-30 12:00:00,LPR,50.0,66.82081,51.153847,51.15384615384615,15.626949310302734,True
2025-10-30 13:00:00,LPR,56.0,68.96704,49.53846,49.53846153846154,15.626949310302734,False
2025-10-30 14:00:00,LPR,70.0,70.366776,51.0,51.0,15.626949310302734,False
2025-10-30 15:00:00,LPR,71.0,72.80863,52.0,52.0,15.626949310302734,False
2025-10-30 16:00:00,LPR,57.0,70.63983,47.857143,47.857142857142854,15.626949310302734,False
2025-10-30 17:00:00,LPR,46.0,59.48345,38.57143,38.57142857142857,15.626949310302734,False
2025-10-30 18:00:00,LPR,41.0,48.553986,31.214285,31.214285714285715,15.626949310302734,False
2025-10-30 19:00:00,LPR,25.0,36.85806,25.928572,25.928571428571427,15.626949310302734,False
2025-10-30 20:00:00,LPR,20.0,29.024445,23.214285,23.214285714285715,15.626949310302734,False
2025-10-30 21:00:00,LPR,17.0,21.472187,18.928572,18.928571428571427,15.626949310302734,False
2025-10-30 22:00:00,LPR,14.0,16.468126,15.428572,15.428571428571429,15.626949310302734,False
2025-10-30 23:00:00,LPR,16.0,16.896841,16.571428,16.571428571428573,15.626949310302734,False
2025-10-31 00:00:00,LPR,7.0,16.489893,15.583333,15.583333333333334,15.626949310302734,False
2025-10-31 01:00:00,LPR,3.0,12.863296,11.75,11.75,15.626949310302734,False
2025-10-31 02:00:00,LPR,1.0,9.859985,8.083333,8.083333333333334,15.626949310302734,False
2025-10-31 03:00:00,LPR,1.0,10.569382,7.928571,7.928571428571429,15.626949310302734,False
2025-10-31 04:00:00,LPR,1.0,11.948316,8.857142,8.857142857142858,15.626949310302734,False
2025-10-31 05:00:00,LPR,1.0,9.774424,6.714286,6.714285714285714,15.626949310302734,False
2025-10-31 06:00:00,LPR,2.0,8.312711,5.142857,5.142857142857143,15.626949310302734,False
2025-10-31 07:00:00,LPR,2.0,8.367752,5.214286,5.214285714285714,15.626949310302734,False
2025-10-31 08:00:00,LPR,3.0,12.0644045,9.142858,9.142857142857142,15.626949310302734,False
2025-10-31 09:00:00,LPR,9.0,22.047215,18.214285,18.214285714285715,15.626949310302734,False
2025-10-31 10:00:00,LPR,23.0,40.72451,34.083332,34.083333333333336,15.626949310302734,True
2025-10-31 11:00:00,LPR,50.0,61.83701,49.076923,49.07692307692308,15.626949310302734,False
2025-10-31 12:00:00,LPR,49.0,64.511826,48.0,48.0,15.626949310302734,False
2025-10-31 13:00:00,LPR,54.0,60.8337,47.53846,47.53846153846154,15.626949310302734,False
2025-10-31 14:00:00,LPR,56.0,60.531456,50.142857,50.142857142857146,15.626949310302734,False
2025-10-31 15:00:00,LPR,58.0,56.509926,50.5,50.5,15.626949310302734,False
2025-10-31 16:00:00,LPR,51.0,49.921738,46.42857,46.42857142857143,15.626949310302734,False
2025-10-31 17:00:00,LPR,47.0,39.101257,37.642857,37.642857142857146,15.626949310302734,False
2025-10-31 18:00:00,LPR,45.0,28.254833,30.357143,30.357142857142858,15.626949310302734,True
2025-10-31 19:00:00,LPR,31.0,19.723303,25.428572,25.428571428571427,15.626949310302734,False
2025-10-31 20:00:00,LPR,24.0,16.922625,22.357143,22.357142857142858,15.626949310302734,False
2025-10-31 21:00:00,LPR,20.0,13.960537,18.714285,18.714285714285715,15.626949310302734,False
2025-10-31 22:00:00,LPR,6.0,10.694809,14.928572,14.928571428571429,15.626949310302734,False
2025-10-31 23:00:00,LPR,4.0,12.365225,16.714285,16.714285714285715,15.626949310302734,False
2025-11-01 03:00:00,LPR,2.0,12.952303,7.785714,7.785714285714286,15.626949310302734,False
2025-11-01 04:00:00,LPR,1.0,10.484948,8.785714,8.785714285714286,15.626949310302734,False
2025-11-01 05:00:00,LPR,1.0,8.622615,6.642857,6.642857142857143,15.626949310302734,False
2025-11-01 06:00:00,LPR,1.0,7.3595686,5.142857,5.142857142857143,15.626949310302734,False
2025-11-01 07:00:00,LPR,2.0,8.061405,5.214286,5.214285714285714,15.626949310302734,False
2025-11-01 08:00:00,LPR,2.0,12.610307,9.071428,9.071428571428571,15.626949310302734,False
2025-11-01 09:00:00,LPR,18.0,22.0946,17.785715,17.785714285714285,15.626949310302734,False
2025-11-01 10:00:00,LPR,37.0,39.430676,32.25,32.25,15.626949310302734,False
2025-11-01 11:00:00,LPR,55.0,61.98464,48.153847,48.15384615384615,15.626949310302734,False
2025-11-01 12:00:00,LPR,75.0,63.12889,46.153847,46.15384615384615,15.626949310302734,False
2025-11-01 13:00:00,LPR,69.0,60.40229,46.846153,46.84615384615385,15.626949310302734,False
2025-11-01 14:00:00,LPR,51.0,56.852684,48.92857,48.92857142857143,15.626949310302734,False
2025-11-01 15:00:00,LPR,51.0,54.18103,49.42857,49.42857142857143,15.626949310302734,False
2025-11-01 16:00:00,LPR,45.0,49.278294,45.92857,45.92857142857143,15.626949310302734,False
2025-11-01 17:00:00,LPR,37.0,39.47288,37.357143,37.357142857142854,15.626949310302734,False
2025-11-01 18:00:00,LPR,39.0,31.910957,30.571428,30.571428571428573,15.626949310302734,False
2025-11-01 19:00:00,LPR,38.0,24.638096,25.0,25.0,15.626949310302734,False
2025-11-01 20:00:00,LPR,32.0,23.278118,21.928572,21.928571428571427,15.626949310302734,False
2025-11-01 21:00:00,LPR,24.0,21.180353,18.5,18.5,15.626949310302734,False
2025-11-01 22:00:00,LPR,15.0,15.852219,14.0,14.0,15.626949310302734,False
2025-11-01 23:00:00,LPR,7.0,15.987546,15.714286,15.714285714285714,15.626949310302734,False
2025-11-02 00:00:00,LPR,2.0,15.351889,15.272727,15.272727272727273,15.626949310302734,False
2025-11-02 01:00:00,LPR,1.0,11.616074,10.909091,10.909090909090908,15.626949310302734,False
2025-11-02 02:00:00,LPR,2.0,7.880262,6.4545455,6.454545454545454,15.626949310302734,False
2025-11-02 03:00:00,LPR,2.0,9.686311,7.285714,7.285714285714286,15.626949310302734,False
2025-11-02 04:00:00,LPR,1.0,11.639465,8.285714,8.285714285714286,15.626949310302734,False
2025-11-02 05:00:00,LPR,1.0,10.750509,6.5,6.5,15.626949310302734,False
2025-11-02 06:00:00,LPR,1.0,9.992931,5.071429,5.071428571428571,15.626949310302734,False
2025-11-02 07:00:00,LPR,2.0,10.220818,5.142857,5.142857142857143,15.626949310302734,False
2025-11-02 08:00:00,LPR,8.0,16.304102,8.857142,8.857142857142858,15.626949310302734,False
2025-11-02 09:00:00,LPR,26.0,29.695866,17.571428,17.571428571428573,15.626949310302734,False
2025-11-02 10:00:00,LPR,32.0,45.58034,31.583334,31.583333333333332,15.626949310302734,False
2025-11-02 11:00:00,LPR,41.0,60.39685,48.46154,48.46153846153846,15.626949310302734,True
2025-11-02 12:00:00,LPR,40.0,54.333748,48.076923,48.07692307692308,15.626949310302734,False
2025-11-02 13:00:00,LPR,46.0,52.211876,48.923077,48.92307692307692,15.626949310302734,False
2025-11-02 14:00:00,LPR,44.0,49.843483,49.142857,49.142857142857146,15.626949310302734,False
2025-11-02 15:00:00,LPR,48.0,48.911343,50.57143,50.57142857142857,15.626949310302734,False
2025-11-02 16:00:00,LPR,44.0,44.848522,46.92857,46.92857142857143,15.626949310302734,False
2025-11-02 17:00:00,LPR,38.0,37.721886,38.357143,38.357142857142854,15.626949310302734,False
2025-11-02 18:00:00,LPR,28.0,32.650272,32.57143,32.57142857142857,15.626949310302734,False
2025-11-02 19:00:00,LPR,20.0,27.533451,27.142857,27.142857142857142,15.626949310302734,False
2025-11-02 20:00:00,LPR,15.0,25.047441,23.285715,23.285714285714285,15.626949310302734,False
2025-11-02 21:00:00,LPR,18.0,23.010754,19.714285,19.714285714285715,15.626949310302734,False
2025-11-02 22:00:00,LPR,20.0,19.983303,14.785714,14.785714285714286,15.626949310302734,False
2025-11-02 23:00:00,LPR,21.0,22.225498,16.071428,16.071428571428573,15.626949310302734,False
2025-11-03 00:00:00,LPR,6.0,23.117691,15.363636,15.363636363636363,15.626949310302734,True
2025-11-03 01:00:00,LPR,7.0,20.350407,10.818182,10.818181818181818,15.626949310302734,False
2025-11-03 02:00:00,LPR,7.0,17.133904,6.4545455,6.454545454545454,15.626949310302734,False
2025-11-03 03:00:00,LPR,13.0,18.206139,7.285714,7.285714285714286,15.626949310302734,False
2025-11-03 04:00:00,LPR,6.0,18.81073,8.214286,8.214285714285714,15.626949310302734,False
2025-11-03 05:00:00,LPR,2.0,16.699654,6.428571,6.428571428571429,15.626949310302734,False
2025-11-03 06:00:00,LPR,14.0,13.234907,5.0,5.0,15.626949310302734,False
2025-11-03 07:00:00,LPR,8.0,11.4529705,5.071429,5.071428571428571,15.626949310302734,False
2025-11-03 08:00:00,LPR,10.0,13.318804,8.357142,8.357142857142858,15.626949310302734,False
2025-11-03 09:00:00,LPR,17.0,21.851608,17.285715,17.285714285714285,15.626949310302734,False
2025-11-03 10:00:00,LPR,21.0,35.217903,31.0,31.0,15.626949310302734,False
2025-11-03 16:00:00,LPR,46.0,54.577286,47.642857,47.642857142857146,15.626949310302734,False
2025-11-03 17:00:00,LPR,37.0,43.211906,38.857143,38.857142857142854,15.626949310302734,False
2025-11-03 18:00:00,LPR,31.0,34.125214,32.357143,32.357142857142854,15.626949310302734,False
2025-11-03 19:00:00,LPR,25.0,25.296316,26.642857,26.642857142857142,15.626949310302734,False
2025-11-03 20:00:00,LPR,23.0,20.582687,22.857143,22.857142857142858,15.626949310302734,False
2025-11-03 21:00:00,LPR,22.0,19.95686,19.357143,19.357142857142858,15.626949310302734,False
2025-11-03 22:00:00,LPR,19.0,18.17025,14.857142,14.857142857142858,15.626949310302734,False
2025-11-03 23:00:00,LPR,21.0,20.822365,16.0,16.0,15.626949310302734,False
2025-11-04 00:00:00,LPR,21.0,20.715647,14.583333,14.583333333333334,15.626949310302734,False
2025-11-04 01:00:00,LPR,18.0,18.281475,10.5,10.5,15.626949310302734,False
2025-11-04 02:00:00,LPR,14.0,15.400902,6.5,6.5,15.626949310302734,False
2025-11-04 03:00:00,LPR,15.0,15.07398,5.857143,5.857142857142857,15.626949310302734,False
2025-11-04 04:00:00,LPR,8.0,15.444575,6.785714,6.785714285714286,15.626949310302734,False
2025-11-04 05:00:00,LPR,3.0,12.753179,5.0,5.0,15.626949310302734,False
2025-11-04 06:00:00,LPR,2.0,11.019592,4.571429,4.571428571428571,15.626949310302734,False
2025-11-04 07:00:00,LPR,3.0,9.997825,4.785714,4.785714285714286,15.626949310302734,False
2025-11-04 08:00:00,LPR,4.0,12.172794,7.571429,7.571428571428571,15.626949310302734,False
2025-11-04 09:00:00,LPR,12.0,20.348734,16.5,16.5,15.626949310302734,False
2025-11-04 10:00:00,LPR,23.0,34.151142,30.083334,30.083333333333332,15.626949310302734,False
2025-11-04 11:00:00,LPR,39.0,54.477715,48.916668,48.916666666666664,15.626949310302734,False
2025-11-04 12:00:00,LPR,52.0,57.485348,48.25,48.25,15.626949310302734,False
2025-11-04 13:00:00,LPR,60.0,65.0172,50.75,50.75,15.626949310302734,False
2025-11-04 14:00:00,LPR,64.0,67.54326,51.076923,51.07692307692308,15.626949310302734,False
2025-11-04 15:00:00,LPR,64.0,67.87246,52.076923,52.07692307692308,15.626949310302734,False
2025-11-04 16:00:00,LPR,56.0,60.712578,48.285713,48.285714285714285,15.626949310302734,False
2025-11-04 17:00:00,LPR,43.0,49.399326,39.07143,39.07142857142857,15.626949310302734,False
2025-11-04 18:00:00,LPR,36.0,38.405476,33.0,33.0,15.626949310302734,False
2025-11-04 19:00:00,LPR,23.0,24.912527,26.571428,26.571428571428573,15.626949310302734,False
2025-11-04 20:00:00,LPR,18.0,18.42334,22.5,22.5,15.626949310302734,False
2025-11-04 21:00:00,LPR,17.0,15.570578,19.428572,19.428571428571427,15.626949310302734,False
2025-11-04 22:00:00,LPR,18.0,11.97657,14.785714,14.785714285714286,15.626949310302734,False
2025-11-04 23:00:00,LPR,18.0,15.309641,15.928572,15.928571428571429,15.626949310302734,False
2025-11-05 00:00:00,LPR,3.0,16.180155,14.916667,14.916666666666666,15.626949310302734,False
2025-11-05 01:00:00,LPR,3.0,13.920832,11.416667,11.416666666666666,15.626949310302734,False
2025-11-05 02:00:00,LPR,3.0,11.198584,7.4166665,7.416666666666667,15.626949310302734,False
2025-11-05 03:00:00,LPR,2.0,11.677158,6.785714,6.785714285714286,15.626949310302734,False
2025-11-05 04:00:00,LPR,2.0,12.028304,7.214286,7.214285714285714,15.626949310302734,False
2025-11-05 05:00:00,LPR,2.0,10.058327,5.071429,5.071428571428571,15.626949310302734,False
2025-11-05 06:00:00,LPR,2.0,8.766996,4.571429,4.571428571428571,15.626949310302734,False
2025-11-05 07:00:00,LPR,3.0,8.418821,4.857143,4.857142857142857,15.626949310302734,False
2025-11-05 08:00:00,LPR,5.0,10.537124,7.571429,7.571428571428571,15.626949310302734,False
2025-11-05 09:00:00,LPR,10.0,20.29041,16.714285,16.714285714285715,15.626949310302734,False
2025-11-05 10:00:00,LPR,22.0,34.244053,29.916666,29.916666666666668,15.626949310302734,False
2025-11-05 11:00:00,LPR,47.0,55.357056,48.666668,48.666666666666664,15.626949310302734,False
2025-11-05 12:00:00,LPR,70.0,61.020573,48.75,48.75,15.626949310302734,False
2025-11-05 13:00:00,LPR,68.0,66.33894,52.166668,52.166666666666664,15.626949310302734,False
2025-11-05 14:00:00,LPR,60.0,62.463173,51.76923,51.76923076923077,15.626949310302734,False
2025-11-05 15:00:00,LPR,57.0,61.554283,53.53846,53.53846153846154,15.626949310302734,False
2025-11-05 16:00:00,LPR,55.0,56.554707,50.07143,50.07142857142857,15.626949310302734,False
2025-11-05 17:00:00,LPR,52.0,45.100906,40.214287,40.214285714285715,15.626949310302734,False
2025-11-05 18:00:00,LPR,36.0,33.295258,34.0,34.0,15.626949310302734,False
2025-11-05 19:00:00,LPR,28.0,21.085014,26.785715,26.785714285714285,15.626949310302734,False
2025-11-05 20:00:00,LPR,23.0,17.135292,22.928572,22.928571428571427,15.626949310302734,False
2025-11-05 21:00:00,LPR,16.0,14.855578,19.571428,19.571428571428573,15.626949310302734,False
2025-11-05 22:00:00,LPR,11.0,11.299961,14.785714,14.785714285714286,15.626949310302734,False
2025-11-05 23:00:00,LPR,12.0,12.737531,15.785714,15.785714285714286,15.626949310302734,False
2025-11-06 00:00:00,LPR,17.0,11.895651,13.416667,13.416666666666666,15.626949310302734,False
2025-11-06 01:00:00,LPR,12.0,10.712782,10.083333,10.083333333333334,15.626949310302734,False
2025-11-06 02:00:00,LPR,10.0,7.375415,5.8333335,5.833333333333333,15.626949310302734,False
2025-11-06 03:00:00,LPR,4.0,7.343796,5.285714,5.285714285714286,15.626949310302734,False
2025-11-06 04:00:00,LPR,3.0,8.378847,5.642857,5.642857142857143,15.626949310302734,False
2025-11-06 05:00:00,LPR,3.0,6.0778046,3.7142856,3.7142857142857144,15.626949310302734,False
2025-11-06 06:00:00,LPR,3.0,5.8904624,3.7857144,3.7857142857142856,15.626949310302734,False
2025-11-06 07:00:00,LPR,3.0,5.8398876,3.9285715,3.9285714285714284,15.626949310302734,False
2025-11-06 08:00:00,LPR,5.0,8.417062,6.571429,6.571428571428571,15.626949310302734,False
2025-11-06 09:00:00,LPR,8.0,18.09473,15.714286,15.714285714285714,15.626949310302734,False
2025-11-06 10:00:00,LPR,25.0,34.37643,29.666666,29.666666666666668,15.626949310302734,False
2025-11-06 11:00:00,LPR,41.0,59.513912,50.25,50.25,15.626949310302734,True
2025-11-06 12:00:00,LPR,61.0,65.32508,52.583332,52.583333333333336,15.626949310302734,False
2025-11-06 13:00:00,LPR,75.0,69.87359,55.666668,55.666666666666664,15.626949310302734,False
2025-11-06 14:00:00,LPR,76.0,65.53844,54.153847,54.15384615384615,15.626949310302734,False
2025-11-06 15:00:00,LPR,86.0,66.21209,55.923077,55.92307692307692,15.626949310302734,True
2025-11-06 16:00:00,LPR,73.0,63.936028,52.285713,52.285714285714285,15.626949310302734,False
2025-11-06 17:00:00,LPR,53.0,55.9273,42.357143,42.357142857142854,15.626949310302734,False
2025-11-06 18:00:00,LPR,32.0,44.082397,35.214287,35.214285714285715,15.626949310302734,False
2025-11-06 19:00:00,LPR,37.0,26.294647,27.642857,27.642857142857142,15.626949310302734,False
2025-11-06 20:00:00,LPR,20.0,18.011047,23.642857,23.642857142857142,15.626949310302734,False
2025-11-06 21:00:00,LPR,8.0,14.076506,20.0,20.0,15.626949310302734,False
2025-11-06 22:00:00,LPR,12.0,8.726641,14.714286,14.714285714285714,15.626949310302734,False
2025-11-06 23:00:00,LPR,16.0,10.21718,15.428572,15.428571428571429,15.626949310302734,False
2025-11-07 03:00:00,LPR,6.0,9.122892,4.5,4.5,15.626949310302734,False
2025-11-07 04:00:00,LPR,2.0,7.080404,4.571429,4.571428571428571,15.626949310302734,False
2025-11-07 05:00:00,LPR,3.0,5.3655915,3.5714285,3.5714285714285716,15.626949310302734,False
2025-11-07 06:00:00,LPR,2.0,5.345701,3.9285715,3.9285714285714284,15.626949310302734,False
2025-11-07 07:00:00,LPR,3.0,5.4943976,4.0,4.0,15.626949310302734,False
2025-11-07 08:00:00,LPR,4.0,8.681078,6.714286,6.714285714285714,15.626949310302734,False
2025-11-07 10:00:00,LPR,23.0,34.639317,29.666666,29.666666666666668,15.626949310302734,False
2025-11-07 11:00:00,LPR,56.0,62.157257,50.333332,50.333333333333336,15.626949310302734,False
2025-11-07 12:00:00,LPR,81.0,66.137726,54.083332,54.083333333333336,15.626949310302734,False
2025-11-07 13:00:00,LPR,96.0,72.80625,58.333332,58.333333333333336,15.626949310302734,True
2025-11-07 14:00:00,LPR,107.0,75.320984,56.53846,56.53846153846154,15.626949310302734,True
2025-11-07 15:00:00,LPR,107.0,77.59791,58.923077,58.92307692307692,15.626949310302734,True
2025-11-07 16:00:00,LPR,89.0,72.98101,54.214287,54.214285714285715,15.626949310302734,True
2025-11-07 17:00:00,LPR,59.0,61.765015,43.285713,43.285714285714285,15.626949310302734,False
2025-11-07 18:00:00,LPR,54.0,50.360096,35.642857,35.642857142857146,15.626949310302734,False
2025-11-07 19:00:00,LPR,55.0,33.52601,29.0,29.0,15.626949310302734,True
2025-11-07 20:00:00,LPR,23.0,24.505478,24.0,24.0,15.626949310302734,False
2025-11-07 21:00:00,LPR,4.0,16.41699,19.857143,19.857142857142858,15.626949310302734,False
2025-11-07 22:00:00,LPR,12.0,9.4402685,14.714286,14.714285714285714,15.626949310302734,False
2025-11-07 23:00:00,LPR,3.0,10.094211,15.5,15.5,15.626949310302734,False
2025-11-08 00:00:00,LPR,3.0,9.974288,13.909091,13.909090909090908,15.626949310302734,False
2025-11-08 01:00:00,LPR,3.0,7.8022456,10.090909,10.090909090909092,15.626949310302734,False
2025-11-08 02:00:00,LPR,3.0,4.0842776,5.6363635,5.636363636363637,15.626949310302734,False
2025-11-08 03:00:00,LPR,2.0,4.9535675,4.857143,4.857142857142857,15.626949310302734,False
2025-11-08 04:00:00,LPR,3.0,5.7689185,4.642857,4.642857142857143,15.626949310302734,False
2025-11-08 05:00:00,LPR,3.0,5.5298543,3.642857,3.642857142857143,15.626949310302734,False
2025-11-08 06:00:00,LPR,3.0,6.1140466,3.9285715,3.9285714285714284,15.626949310302734,False
2025-11-08 07:00:00,LPR,3.0,6.8280745,4.071429,4.071428571428571,15.626949310302734,False
2025-11-08 08:00:00,LPR,4.0,9.777907,6.714286,6.714285714285714,15.626949310302734,False
2025-11-08 09:00:00,LPR,8.0,21.020298,16.153847,16.153846153846153,15.626949310302734,False
2025-11-08 11:00:00,LPR,61.0,67.17127,49.916668,49.916666666666664,15.626949310302734,False
2025-11-08 12:00:00,LPR,67.0,77.7358,55.833332,55.833333333333336,15.626949310302734,False
2025-11-08 13:00:00,LPR,68.0,80.26721,61.5,61.5,15.626949310302734,False
2025-11-08 14:00:00,LPR,70.0,74.302475,60.384617,60.38461538461539,15.626949310302734,False
2025-11-08 15:00:00,LPR,75.0,71.7762,62.307693,62.30769230769231,15.626949310302734,False
2025-11-08 16:00:00,LPR,68.0,63.978626,55.357143,55.357142857142854,15.626949310302734,False
2025-11-08 17:00:00,LPR,51.0,53.471523,43.142857,43.142857142857146,15.626949310302734,False
2025-11-08 18:00:00,LPR,54.0,43.168102,35.285713,35.285714285714285,15.626949310302734,False
2025-11-08 19:00:00,LPR,35.0,28.856476,30.285715,30.285714285714285,15.626949310302734,False
2025-11-08 20:00:00,LPR,34.0,17.49252,23.714285,23.714285714285715,15.626949310302734,True
2025-11-08 21:00:00,LPR,14.0,12.604442,19.214285,19.214285714285715,15.626949310302734,False
2025-11-08 22:00:00,LPR,10.0,7.9161806,14.857142,14.857142857142858,15.626949310302734,False
2025-11-08 23:00:00,LPR,9.0,8.542053,14.857142,14.857142857142858,15.626949310302734,False
2025-11-09 00:00:00,LPR,3.0,8.174505,13.272727,13.272727272727273,15.626949310302734,False
2025-11-09 01:00:00,LPR,3.0,6.698603,10.181818,10.181818181818182,15.626949310302734,False
2025-11-09 02:00:00,LPR,3.0,3.843948,5.7272725,5.7272727272727275,15.626949310302734,False
2025-11-09 03:00:00,LPR,2.0,4.7515187,4.857143,4.857142857142857,15.626949310302734,False
2025-11-09 04:00:00,LPR,3.0,6.1322694,4.714286,4.714285714285714,15.626949310302734,False
2025-11-09 05:00:00,LPR,3.0,6.343651,3.7142856,3.7142857142857144,15.626949310302734,False
2025-11-09 06:00:00,LPR,3.0,7.2855935,4.0,4.0,15.626949310302734,False
2025-11-09 07:00:00,LPR,3.0,7.735507,4.071429,4.071428571428571,15.626949310302734,False
2025-11-09 08:00:00,LPR,8.0,10.431452,6.642857,6.642857142857143,15.626949310302734,False
2025-11-09 09:00:00,LPR,14.0,20.876043,15.076923,15.076923076923077,15.626949310302734,False
2025-11-09 10:00:00,LPR,30.0,38.60654,27.666666,27.666666666666668,15.626949310302734,False
2025-11-09 11:00:00,LPR,58.0,68.08598,50.333332,50.333333333333336,15.626949310302734,False
2025-11-09 12:00:00,LPR,71.0,78.120415,57.75,57.75,15.626949310302734,False
2025-11-09 13:00:00,LPR,64.0,79.828964,62.333332,62.333333333333336,15.626949310302734,True
2025-11-09 14:00:00,LPR,43.0,69.49982,61.307693,61.30769230769231,15.626949310302734,True
2025-11-09 15:00:00,LPR,46.0,61.88803,63.384617,63.38461538461539,15.626949310302734,True
2025-11-09 16:00:00,LPR,43.0,48.73922,55.0,55.0,15.626949310302734,False
2025-11-09 17:00:00,LPR,43.0,36.962063,43.0,43.0,15.626949310302734,False
2025-11-09 18:00:00,LPR,44.0,33.028107,35.857143,35.857142857142854,15.626949310302734,False
2025-11-09 19:00:00,LPR,44.0,30.59018,30.142857,30.142857142857142,15.626949310302734,False
2025-11-09 20:00:00,LPR,40.0,25.382591,23.714285,23.714285714285715,15.626949310302734,False
2025-11-09 21:00:00,LPR,32.0,21.372192,18.214285,18.214285714285715,15.626949310302734,False
2025-11-09 22:00:00,LPR,31.0,19.933489,14.214286,14.214285714285714,15.626949310302734,False
2025-11-09 23:00:00,LPR,31.0,21.937859,14.857142,14.857142857142858,15.626949310302734,False
2025-11-10 00:00:00,LPR,22.0,20.12345,12.416667,12.416666666666666,15.626949310302734,False
2025-11-10 01:00:00,LPR,26.0,19.859436,9.583333,9.583333333333334,15.626949310302734,False
2025-11-10 02:00:00,LPR,27.0,17.87809,5.5,5.5,15.626949310302734,False
2025-11-10 03:00:00,LPR,36.0,17.420568,4.785714,4.785714285714286,15.626949310302734,True
2025-11-10 04:00:00,LPR,38.0,15.349085,4.785714,4.785714285714286,15.626949310302734,True
2025-11-10 05:00:00,LPR,29.0,12.548517,3.7857144,3.7857142857142856,15.626949310302734,True
2025-11-10 06:00:00,LPR,18.0,12.682615,4.071429,4.071428571428571,15.626949310302734,False
2025-11-10 07:00:00,LPR,20.0,9.735593,4.142857,4.142857142857143,15.626949310302734,False
2025-11-10 08:00:00,LPR,14.0,9.379368,6.714286,6.714285714285714,15.626949310302734,False
2025-11-10 09:00:00,LPR,15.0,14.844984,14.384615,14.384615384615385,15.626949310302734,False
2025-11-10 10:00:00,LPR,15.0,24.858294,27.0,27.0,15.626949310302734,False
2025-11-10 11:00:00,LPR,25.0,42.551025,48.916668,48.916666666666664,15.626949310302734,True
2025-11-10 12:00:00,LPR,28.0,49.144844,58.666668,58.666666666666664,15.626949310302734,True
2025-11-10 13:00:00,LPR,20.0,49.348167,62.166668,62.166666666666664,15.626949310302734,True
2025-11-10 14:00:00,LPR,18.0,44.3103,59.76923,59.76923076923077,15.626949310302734,True
2025-11-10 15:00:00,LPR,19.0,44.3302,61.46154,61.46153846153846,15.626949310302734,True
2025-11-10 16:00:00,LPR,16.0,36.078293,53.92857,53.92857142857143,15.626949310302734,True
2025-11-10 17:00:00,LPR,13.0,26.444387,43.285713,43.285714285714285,15.626949310302734,False
2025-11-10 18:00:00,LPR,12.0,22.487251,36.857143,36.857142857142854,15.626949310302734,False
2025-11-10 19:00:00,LPR,15.0,20.04594,31.0,31.0,15.626949310302734,False
2025-11-10 20:00:00,LPR,25.0,17.382084,24.571428,24.571428571428573,15.626949310302734,False
2025-11-10 21:00:00,LPR,30.0,15.876195,19.071428,19.071428571428573,15.626949310302734,False
2025-11-10 22:00:00,LPR,25.0,15.091607,15.928572,15.928571428571429,15.626949310302734,False
2025-11-10 23:00:00,LPR,33.0,16.56231,16.0,16.0,15.626949310302734,True
2025-11-11 00:00:00,LPR,31.0,14.117352,12.25,12.25,15.626949310302734,True
2025-11-11 01:00:00,LPR,16.0,14.377033,10.333333,10.333333333333334,15.626949310302734,False
2025-11-11 02:00:00,LPR,18.0,12.407379,7.5833335,7.583333333333333,15.626949310302734,False
2025-11-11 03:00:00,LPR,21.0,10.915443,7.214286,7.214285714285714,15.626949310302734,False
2025-11-11 04:00:00,LPR,19.0,9.413417,7.357143,7.357142857142857,15.626949310302734,False
2025-11-11 05:00:00,LPR,14.0,5.932113,5.714286,5.714285714285714,15.626949310302734,False
2025-11-11 06:00:00,LPR,2.0,3.5887973,5.142857,5.142857142857143,15.626949310302734,False
2025-11-11 07:00:00,LPR,3.0,2.073833,5.428571,5.428571428571429,15.626949310302734,False
2025-11-11 08:00:00,LPR,3.0,2.2116008,7.428571,7.428571428571429,15.626949310302734,False
2025-11-11 15:00:00,LPR,74.0,50.503906,58.615383,58.61538461538461,15.626949310302734,True
2025-11-11 16:00:00,LPR,50.0,44.047646,51.785713,51.785714285714285,15.626949310302734,False
2025-11-11 17:00:00,LPR,36.0,29.881851,41.57143,41.57142857142857,15.626949310302734,False
2025-11-11 18:00:00,LPR,34.0,21.248158,35.357143,35.357142857142854,15.626949310302734,False
2025-11-11 19:00:00,LPR,22.0,15.878601,29.714285,29.714285714285715,15.626949310302734,False
2025-11-11 20:00:00,LPR,13.0,12.305713,24.214285,24.214285714285715,15.626949310302734,False
2025-11-11 21:00:00,LPR,12.0,9.745473,19.357143,19.357142857142858,15.626949310302734,False
2025-11-11 22:00:00,LPR,1.0,8.206164,15.928572,15.928571428571429,15.626949310302734,False
2025-11-11 23:00:00,LPR,1.0,10.029505,16.071428,16.071428571428573,15.626949310302734,False
2025-11-12 00:00:00,LPR,1.0,7.4762063,12.416667,12.416666666666666,15.626949310302734,False
2025-11-12 01:00:00,LPR,1.0,5.5741577,9.666667,9.666666666666666,15.626949310302734,False
2025-11-12 02:00:00,LPR,1.0,5.100012,8.083333,8.083333333333334,15.626949310302734,False
2025-11-12 03:00:00,LPR,1.0,6.625084,8.571428,8.571428571428571,15.626949310302734,False
2025-11-12 04:00:00,LPR,1.0,7.213858,8.571428,8.571428571428571,15.626949310302734,False
2025-11-12 05:00:00,LPR,1.0,5.6518,6.571429,6.571428571428571,15.626949310302734,False
2025-11-12 06:00:00,LPR,2.0,4.1871243,5.142857,5.142857142857143,15.626949310302734,False
2025-11-12 07:00:00,LPR,2.0,4.2777677,5.5,5.5,15.626949310302734,False
2025-11-12 08:00:00,LPR,3.0,5.8665214,7.357143,7.357142857142857,15.626949310302734,False
2025-11-12 09:00:00,LPR,5.0,14.294842,15.25,15.25,15.626949310302734,False
2025-11-12 10:00:00,LPR,17.0,25.62522,25.0,25.0,15.626949310302734,False
2025-11-12 11:00:00,LPR,43.0,52.54936,47.727272,47.72727272727273,15.626949310302734,False
2025-11-12 12:00:00,LPR,81.0,69.163536,58.545456,58.54545454545455,15.626949310302734,False
2025-11-12 13:00:00,LPR,93.0,69.60203,61.454544,61.45454545454545,15.626949310302734,True
2025-11-12 14:00:00,LPR,87.0,60.579315,57.75,57.75,15.626949310302734,True
2025-11-12 15:00:00,LPR,89.0,63.225533,60.692307,60.69230769230769,15.626949310302734,True
2025-11-12 16:00:00,LPR,72.0,55.18755,51.785713,51.785714285714285,15.626949310302734,True
2025-11-12 17:00:00,LPR,55.0,41.134846,41.5,41.5,15.626949310302734,False
2025-11-12 18:00:00,LPR,28.0,28.958075,35.714287,35.714285714285715,15.626949310302734,False
2025-11-12 19:00:00,LPR,21.0,20.511875,29.0,29.0,15.626949310302734,False
2025-11-12 20:00:00,LPR,14.0,15.545795,22.785715,22.785714285714285,15.626949310302734,False
2025-11-12 21:00:00,LPR,9.0,13.013927,17.357143,17.357142857142858,15.626949310302734,False
2025-11-12 22:00:00,LPR,13.0,12.149402,14.071428,14.071428571428571,15.626949310302734,False
2025-11-12 23:00:00,LPR,19.0,13.809751,13.785714,13.785714285714286,15.626949310302734,False
2025-11-13 03:00:00,LPR,2.0,14.940577,7.714286,7.714285714285714,15.626949310302734,False
2025-11-13 04:00:00,LPR,2.0,9.743029,6.357143,6.357142857142857,15.626949310302734,False
2025-11-13 05:00:00,LPR,2.0,7.8582783,4.785714,4.785714285714286,15.626949310302734,False
2025-11-13 06:00:00,LPR,2.0,6.643627,4.0,4.0,15.626949310302734,False
2025-11-13 07:00:00,LPR,2.0,6.200087,4.214286,4.214285714285714,15.626949310302734,False
2025-11-13 08:00:00,LPR,3.0,6.065591,5.428571,5.428571428571429,15.626949310302734,False
2025-11-13 09:00:00,LPR,5.0,11.155549,12.333333,12.333333333333334,15.626949310302734,False
2025-11-13 10:00:00,LPR,14.0,20.647333,24.333334,24.333333333333332,15.626949310302734,False
2025-11-13 11:00:00,LPR,32.0,41.61598,47.333332,47.333333333333336,15.626949310302734,False
2025-11-13 15:00:00,LPR,70.0,73.80188,65.0,65.0,15.626949310302734,False
2025-11-13 16:00:00,LPR,61.0,67.34974,54.642857,54.642857142857146,15.626949310302734,False
2025-11-13 17:00:00,LPR,35.0,52.13286,43.57143,43.57142857142857,15.626949310302734,True
2025-11-13 18:00:00,LPR,22.0,34.1055,36.714287,36.714285714285715,15.626949310302734,False
2025-11-13 19:00:00,LPR,14.0,21.939709,29.928572,29.928571428571427,15.626949310302734,False
2025-11-13 20:00:00,LPR,7.0,15.60256,23.142857,23.142857142857142,15.626949310302734,False
2025-11-13 21:00:00,LPR,10.0,12.028238,17.357143,17.357142857142858,15.626949310302734,False
2025-11-13 22:00:00,LPR,11.0,11.909763,14.785714,14.785714285714286,15.626949310302734,False
2025-11-13 23:00:00,LPR,5.0,13.197156,15.071428,15.071428571428571,15.626949310302734,False
2025-11-14 00:00:00,LPR,1.0,9.25125,10.545455,10.545454545454545,15.626949310302734,False
2025-11-14 01:00:00,LPR,1.0,8.042103,8.454545,8.454545454545455,15.626949310302734,False
2025-11-14 02:00:00,LPR,2.0,8.354566,8.090909,8.090909090909092,15.626949310302734,False
2025-11-14 03:00:00,LPR,2.0,8.695353,7.785714,7.785714285714286,15.626949310302734,False
2025-11-14 04:00:00,LPR,2.0,7.9999027,6.428571,6.428571428571429,15.626949310302734,False
2025-11-14 05:00:00,LPR,2.0,6.697648,4.857143,4.857142857142857,15.626949310302734,False
2025-11-14 06:00:00,LPR,2.0,6.0729876,4.071429,4.071428571428571,15.626949310302734,False
2025-11-14 07:00:00,LPR,2.0,6.1887345,4.214286,4.214285714285714,15.626949310302734,False
2025-11-14 08:00:00,LPR,3.0,7.2348986,5.428571,5.428571428571429,15.626949310302734,False
2025-11-14 09:00:00,LPR,4.0,14.02914,12.25,12.25,15.626949310302734,False
2025-11-14 10:00:00,LPR,11.0,26.123201,23.5,23.5,15.626949310302734,False
2025-11-14 11:00:00,LPR,33.0,51.954338,45.666668,45.666666666666664,15.626949310302734,True
2025-11-14 12:00:00,LPR,63.0,69.39064,61.363636,61.36363636363637,15.626949310302734,False
2025-11-14 13:00:00,LPR,66.0,73.45562,64.818184,64.81818181818181,15.626949310302734,False
2025-11-14 14:00:00,LPR,44.0,67.75675,61.454544,61.45454545454545,15.626949310302734,True
2025-11-14 15:00:00,LPR,39.0,64.98799,64.92308,64.92307692307692,15.626949310302734,True
2025-11-14 16:00:00,LPR,37.0,49.160313,54.92857,54.92857142857143,15.626949310302734,False
2025-11-14 17:00:00,LPR,33.0,33.58178,42.785713,42.785714285714285,15.626949310302734,False
2025-11-14 18:00:00,LPR,29.0,25.992294,35.357143,35.357142857142854,15.626949310302734,False
2025-11-14 19:00:00,LPR,21.0,19.886421,29.142857,29.142857142857142,15.626949310302734,False
2025-11-14 20:00:00,LPR,3.0,16.143833,22.214285,22.214285714285715,15.626949310302734,False
2025-11-14 21:00:00,LPR,4.0,13.190856,16.857143,16.857142857142858,15.626949310302734,False
2025-11-14 22:00:00,LPR,6.0,11.836675,14.571428,14.571428571428571,15.626949310302734,False
2025-11-14 23:00:00,LPR,3.0,12.20987,14.285714,14.285714285714286,15.626949310302734,False
2025-11-15 00:00:00,LPR,2.0,8.771538,10.0,10.0,15.626949310302734,False
2025-11-15 01:00:00,LPR,2.0,7.677416,8.272727,8.272727272727273,15.626949310302734,False
2025-11-15 02:00:00,LPR,2.0,8.319933,8.181818,8.181818181818182,15.626949310302734,False
2025-11-15 03:00:00,LPR,2.0,8.7829895,7.857143,7.857142857142857,15.626949310302734,False
2025-11-15 04:00:00,LPR,2.0,7.7971797,6.5,6.5,15.626949310302734,False
2025-11-15 05:00:00,LPR,2.0,6.5457187,4.928571,4.928571428571429,15.626949310302734,False
2025-11-15 06:00:00,LPR,2.0,5.813121,4.071429,4.071428571428571,15.626949310302734,False
2025-11-15 07:00:00,LPR,2.0,5.968372,4.214286,4.214285714285714,15.626949310302734,False
2025-11-15 08:00:00,LPR,3.0,7.1712203,5.428571,5.428571428571429,15.626949310302734,False
2025-11-15 09:00:00,LPR,6.0,13.713803,11.833333,11.833333333333334,15.626949310302734,False
2025-11-15 10:00:00,LPR,19.0,25.722578,22.5,22.5,15.626949310302734,False
2025-11-15 11:00:00,LPR,42.0,51.61227,44.25,44.25,15.626949310302734,False
2025-11-15 12:00:00,LPR,73.0,72.759796,62.636364,62.63636363636363,15.626949310302734,False
2025-11-15 13:00:00,LPR,62.0,71.88014,65.90909,65.9090909090909,15.626949310302734,False
2025-11-15 14:00:00,LPR,32.0,61.25502,60.363636,60.36363636363637,15.626949310302734,True
2025-11-15 15:00:00,LPR,44.0,57.97156,63.46154,63.46153846153846,15.626949310302734,False
2025-11-15 16:00:00,LPR,51.0,48.343357,53.92857,53.92857142857143,15.626949310302734,False
2025-11-15 17:00:00,LPR,30.0,38.59588,41.785713,41.785714285714285,15.626949310302734,False
2025-11-15 18:00:00,LPR,33.0,25.997776,34.214287,34.214285714285715,15.626949310302734,False
2025-11-15 19:00:00,LPR,30.0,17.13176,28.428572,28.428571428571427,15.626949310302734,False
2025-11-15 20:00:00,LPR,4.0,11.216059,20.714285,20.714285714285715,15.626949310302734,False
2025-11-15 21:00:00,LPR,2.0,8.108447,15.714286,15.714285714285714,15.626949310302734,False
2025-11-15 22:00:00,LPR,2.0,8.4000635,14.571428,14.571428571428571,15.626949310302734,False
2025-11-15 23:00:00,LPR,2.0,9.65264,14.214286,14.214285714285714,15.626949310302734,False
2025-11-16 00:00:00,LPR,2.0,5.9190464,9.333333,9.333333333333334,15.626949310302734,False
2025-11-16 01:00:00,LPR,2.0,5.5859976,7.75,7.75,15.626949310302734,False
2025-11-16 02:00:00,LPR,2.0,6.807426,7.6666665,7.666666666666667,15.626949310302734,False
2025-11-16 03:00:00,LPR,2.0,8.400889,7.857143,7.857142857142857,15.626949310302734,False
2025-11-16 04:00:00,LPR,2.0,7.9821935,6.571429,6.571428571428571,15.626949310302734,False
2025-11-16 05:00:00,LPR,2.0,6.9095,5.0,5.0,15.626949310302734,False
2025-11-16 06:00:00,LPR,2.0,6.4305515,4.142857,4.142857142857143,15.626949310302734,False
2025-11-16 07:00:00,LPR,2.0,6.735504,4.214286,4.214285714285714,15.626949310302734,False
2025-11-16 08:00:00,LPR,4.0,8.121456,5.5,5.5,15.626949310302734,False
2025-11-16 09:00:00,LPR,15.0,14.542684,10.833333,10.833333333333334,15.626949310302734,False
2025-11-16 10:00:00,LPR,32.0,29.381691,21.0,21.0,15.626949310302734,False
2025-11-16 11:00:00,LPR,70.0,58.92598,43.166668,43.166666666666664,15.626949310302734,False
2025-11-16 12:00:00,LPR,54.0,78.79123,62.454544,62.45454545454545,15.626949310302734,True
2025-11-16 13:00:00,LPR,50.0,76.51041,65.27273,65.27272727272727,15.626949310302734,True
2025-11-16 14:00:00,LPR,50.0,65.52374,58.636364,58.63636363636363,15.626949310302734,False
2025-11-16 15:00:00,LPR,47.0,59.959137,62.923077,62.92307692307692,15.626949310302734,False
2025-11-16 16:00:00,LPR,37.0,44.59214,54.357143,54.357142857142854,15.626949310302734,False
2025-11-16 17:00:00,LPR,30.0,30.774021,41.285713,41.285714285714285,15.626949310302734,False
2025-11-16 18:00:00,LPR,34.0,25.190132,33.785713,33.785714285714285,15.626949310302734,False
2025-11-16 19:00:00,LPR,35.0,19.970385,27.857143,27.857142857142858,15.626949310302734,False
2025-11-16 20:00:00,LPR,31.0,12.213849,18.714285,18.714285714285715,15.626949310302734,True
2025-11-16 21:00:00,LPR,12.0,10.1867895,14.142858,14.142857142857142,15.626949310302734,False
2025-11-16 22:00:00,LPR,3.0,9.899368,13.642858,13.642857142857142,15.626949310302734,False
2025-11-16 23:00:00,LPR,2.0,10.881554,13.857142,13.857142857142858,15.626949310302734,False
2025-11-17 00:00:00,LPR,1.0,6.9235163,9.333333,9.333333333333334,15.626949310302734,False
2025-11-17 01:00:00,LPR,1.0,6.6445827,7.8333335,7.833333333333333,15.626949310302734,False
2025-11-17 02:00:00,LPR,1.0,7.5607924,7.6666665,7.666666666666667,15.626949310302734,False
2025-11-17 03:00:00,LPR,1.0,8.68046,7.857143,7.857142857142857,15.626949310302734,False
2025-11-17 04:00:00,LPR,1.0,8.272198,6.642857,6.642857142857143,15.626949310302734,False
2025-11-17 05:00:00,LPR,1.0,7.1802816,5.071429,5.071428571428571,15.626949310302734,False
2025-11-17 06:00:00,LPR,1.0,6.4709463,4.214286,4.214285714285714,15.626949310302734,False
2025-11-17 07:00:00,LPR,2.0,6.5310874,4.214286,4.214285714285714,15.626949310302734,False
2025-11-17 08:00:00,LPR,3.0,7.7027273,5.214286,5.214285714285714,15.626949310302734,False
2025-11-17 09:00:00,LPR,11.0,13.199412,9.916667,9.916666666666666,15.626949310302734,False
2025-11-17 10:00:00,LPR,31.0,27.157022,21.0,21.0,15.626949310302734,False
2025-11-17 11:00:00,LPR,58.0,55.766777,45.583332,45.583333333333336,15.626949310302734,False
2025-11-17 12:00:00,LPR,81.0,79.90775,63.727272,63.72727272727273,15.626949310302734,False
2025-11-17 13:00:00,LPR,79.0,76.49152,65.63636,65.63636363636364,15.626949310302734,False
2025-11-17 14:00:00,LPR,64.0,61.799774,59.18182,59.18181818181818,15.626949310302734,False
2025-11-17 15:00:00,LPR,71.0,62.88616,62.846153,62.84615384615385,15.626949310302734,False
2025-11-17 16:00:00,LPR,69.0,54.185844,53.857143,53.857142857142854,15.626949310302734,False
2025-11-17 17:00:00,LPR,44.0,40.263138,40.714287,40.714285714285715,15.626949310302734,False
2025-11-17 18:00:00,LPR,28.0,26.86864,34.214287,34.214285714285715,15.626949310302734,False
2025-11-17 19:00:00,LPR,27.0,17.464508,28.928572,28.928571428571427,15.626949310302734,False
2025-11-17 20:00:00,LPR,20.0,9.311452,19.857143,19.857142857142858,15.626949310302734,False
2025-11-17 21:00:00,LPR,7.0,4.0249825,13.714286,13.714285714285714,15.626949310302734,False
2025-11-17 22:00:00,LPR,1.0,5.0445023,12.428572,12.428571428571429,15.626949310302734,False
2025-11-17 23:00:00,LPR,1.0,6.938821,12.5,12.5,15.626949310302734,False
2025-11-18 00:00:00,LPR,1.0,5.16523,8.916667,8.916666666666666,15.626949310302734,False
2025-11-18 01:00:00,LPR,1.0,5.1409116,7.3333335,7.333333333333333,15.626949310302734,False
2025-11-18 02:00:00,LPR,1.0,6.304227,7.1666665,7.166666666666667,15.626949310302734,False
2025-11-18 03:00:00,LPR,1.0,6.7716937,7.0,7.0,15.626949310302734,False
2025-11-18 04:00:00,LPR,1.0,6.962226,6.285714,6.285714285714286,15.626949310302734,False
2025-11-18 05:00:00,LPR,1.0,6.297979,5.0,5.0,15.626949310302734,False
2025-11-18 06:00:00,LPR,1.0,5.234499,3.2857144,3.2857142857142856,15.626949310302734,False
2025-11-18 07:00:00,LPR,2.0,6.1320963,3.7857144,3.7857142857142856,15.626949310302734,False
2025-11-18 08:00:00,LPR,2.0,7.309511,4.714286,4.714285714285714,15.626949310302734,False
2025-11-18 09:00:00,LPR,4.0,12.52725,9.416667,9.416666666666666,15.626949310302734,False
2025-11-18 10:00:00,LPR,23.0,26.612144,21.833334,21.833333333333332,15.626949310302734,False
2025-11-18 11:00:00,LPR,42.0,57.41958,46.53846,46.53846153846154,15.626949310302734,False
2025-11-18 12:00:00,LPR,64.0,77.63281,65.166664,65.16666666666667,15.626949310302734,False
2025-11-18 13:00:00,LPR,69.0,72.62033,66.75,66.75,15.626949310302734,False
2025-11-18 14:00:00,LPR,63.0,56.606403,59.583332,59.583333333333336,15.626949310302734,False
2025-11-18 15:00:00,LPR,58.0,54.21826,63.42857,63.42857142857143,15.626949310302734,False
2025-11-18 16:00:00,LPR,41.0,43.28331,55.5,55.5,15.626949310302734,False
2025-11-18 17:00:00,LPR,38.0,31.061558,41.214287,41.214285714285715,15.626949310302734,False
2025-11-18 18:00:00,LPR,32.0,22.42691,34.0,34.0,15.626949310302734,False
2025-11-18 19:00:00,LPR,33.0,16.680958,29.071428,29.071428571428573,15.626949310302734,True
2025-11-18 20:00:00,LPR,24.0,8.95166,19.642857,19.642857142857142,15.626949310302734,False
2025-11-18 21:00:00,LPR,23.0,4.5183554,12.642858,12.642857142857142,15.626949310302734,True
2025-11-18 22:00:00,LPR,2.0,5.3278275,11.142858,11.142857142857142,15.626949310302734,False
2025-11-18 23:00:00,LPR,2.0,7.9957013,11.071428,11.071428571428571,15.626949310302734,False
2025-11-19 03:00:00,LPR,2.0,11.727512,6.0,6.0,15.626949310302734,False
2025-11-19 04:00:00,LPR,2.0,7.814395,5.785714,5.785714285714286,15.626949310302734,False
2025-11-19 05:00:00,LPR,2.0,6.5639267,4.857143,4.857142857142857,15.626949310302734,False
2025-11-19 06:00:00,LPR,2.0,5.3958173,3.2142856,3.2142857142857144,15.626949310302734,False
2025-11-19 07:00:00,LPR,2.0,5.997197,3.7142856,3.7142857142857144,15.626949310302734,False
2025-11-19 08:00:00,LPR,2.0,6.874468,4.571429,4.571428571428571,15.626949310302734,False
2025-11-19 09:00:00,LPR,5.0,11.313088,8.75,8.75,15.626949310302734,False
2025-11-19 10:00:00,LPR,16.0,25.48088,21.833334,21.833333333333332,15.626949310302734,False
2025-11-19 11:00:00,LPR,41.0,54.405025,46.76923,46.76923076923077,15.626949310302734,False
2025-11-19 12:00:00,LPR,49.0,76.0267,66.166664,66.16666666666667,15.626949310302734,True
2025-11-19 13:00:00,LPR,49.0,73.002975,67.5,67.5,15.626949310302734,True
2025-11-19 14:00:00,LPR,52.0,58.36901,59.5,59.5,15.626949310302734,False
2025-11-19 15:00:00,LPR,44.0,59.719143,63.0,63.0,15.626949310302734,True
2025-11-19 16:00:00,LPR,42.0,50.860508,54.42857,54.42857142857143,15.626949310302734,False
2025-11-19 17:00:00,LPR,34.0,35.148926,40.857143,40.857142857142854,15.626949310302734,False
2025-11-19 18:00:00,LPR,27.0,24.94561,33.714287,33.714285714285715,15.626949310302734,False
2025-11-19 19:00:00,LPR,26.0,21.675812,29.785715,29.785714285714285,15.626949310302734,False
2025-11-19 20:00:00,LPR,13.0,15.04089,20.071428,20.071428571428573,15.626949310302734,False
2025-11-19 21:00:00,LPR,9.0,10.113735,13.071428,13.071428571428571,15.626949310302734,False
2025-11-19 22:00:00,LPR,14.0,8.275162,10.0,10.0,15.626949310302734,False
2025-11-19 23:00:00,LPR,2.0,9.146064,9.928572,9.928571428571429,15.626949310302734,False
2025-11-20 00:00:00,LPR,1.0,7.1398273,7.6363635,7.636363636363637,15.626949310302734,False
2025-11-20 01:00:00,LPR,1.0,6.4331937,6.181818,6.181818181818182,15.626949310302734,False
2025-11-20 02:00:00,LPR,1.0,7.4734383,6.3636365,6.363636363636363,15.626949310302734,False
2025-11-20 03:00:00,LPR,1.0,8.31546,6.0,6.0,15.626949310302734,False
2025-11-20 04:00:00,LPR,1.0,8.442059,5.785714,5.785714285714286,15.626949310302734,False
2025-11-20 05:00:00,LPR,2.0,7.558069,4.857143,4.857142857142857,15.626949310302734,False
2025-11-20 06:00:00,LPR,2.0,5.807715,3.2142856,3.2142857142857144,15.626949310302734,False
2025-11-20 07:00:00,LPR,2.0,6.2306705,3.642857,3.642857142857143,15.626949310302734,False
2025-11-20 08:00:00,LPR,2.0,6.775648,4.357143,4.357142857142857,15.626949310302734,False
2025-11-20 11:00:00,LPR,49.0,54.39476,46.307693,46.30769230769231,15.626949310302734,False
2025-11-20 12:00:00,LPR,72.0,75.70826,64.416664,64.41666666666667,15.626949310302734,False
2025-11-20 13:00:00,LPR,80.0,75.57646,65.916664,65.91666666666667,15.626949310302734,False
2025-11-20 14:00:00,LPR,109.0,61.401943,58.833332,58.833333333333336,15.626949310302734,True
2025-11-20 15:00:00,LPR,114.0,64.09828,62.07143,62.07142857142857,15.626949310302734,True
2025-11-20 16:00:00,LPR,103.0,58.11401,53.5,53.5,15.626949310302734,True
2025-11-20 17:00:00,LPR,71.0,42.887016,39.57143,39.57142857142857,15.626949310302734,True
2025-11-20 18:00:00,LPR,33.0,29.47084,33.07143,33.07142857142857,15.626949310302734,False
2025-11-20 19:00:00,LPR,15.0,17.934263,29.642857,29.642857142857142,15.626949310302734,False
2025-11-20 20:00:00,LPR,4.0,7.9892206,19.357143,19.357142857142858,15.626949310302734,False
2025-11-20 21:00:00,LPR,0.0,3.167058,12.571428,12.571428571428571,15.626949310302734,False
2025-11-20 22:00:00,LPR,0.0,2.324295,10.214286,10.214285714285714,15.626949310302734,False
2025-11-20 23:00:00,LPR,0.0,3.9030418,9.214286,9.214285714285714,15.626949310302734,False
2025-11-21 00:00:00,LPR,0.0,2.457564,6.181818,6.181818181818182,15.626949310302734,False
2025-11-21 01:00:00,LPR,0.0,2.3265474,5.181818,5.181818181818182,15.626949310302734,False
2025-11-21 02:00:00,LPR,1.0,4.811736,5.5454545,5.545454545454546,15.626949310302734,False
2025-11-21 03:00:00,LPR,1.0,6.1913643,5.785714,5.785714285714286,15.626949310302734,False
2025-11-21 04:00:00,LPR,1.0,7.210367,5.642857,5.642857142857143,15.626949310302734,False
2025-11-21 05:00:00,LPR,1.0,7.3624544,4.785714,4.785714285714286,15.626949310302734,False
2025-11-21 06:00:00,LPR,1.0,5.552185,3.142857,3.142857142857143,15.626949310302734,False
2025-11-21 07:00:00,LPR,2.0,6.1681175,3.5714285,3.5714285714285716,15.626949310302734,False
2025-11-21 08:00:00,LPR,2.0,6.92383,4.142857,4.142857142857143,15.626949310302734,False
2025-11-21 09:00:00,LPR,7.0,11.974527,8.363636,8.363636363636363,15.626949310302734,False
2025-11-21 10:00:00,LPR,26.0,27.002066,21.0,21.0,15.626949310302734,False
2025-11-21 11:00:00,LPR,51.0,58.831894,46.923077,46.92307692307692,15.626949310302734,False
2025-11-21 12:00:00,LPR,60.0,81.10239,65.333336,65.33333333333333,15.626949310302734,True
2025-11-21 13:00:00,LPR,68.0,78.321106,66.333336,66.33333333333333,15.626949310302734,False
2025-11-21 14:00:00,LPR,71.0,69.00305,61.583332,61.583333333333336,15.626949310302734,False
2025-11-21 15:00:00,LPR,64.0,65.59966,64.07143,64.07142857142857,15.626949310302734,False
2025-11-21 16:00:00,LPR,61.0,53.11168,55.642857,55.642857142857146,15.626949310302734,False
2025-11-21 17:00:00,LPR,44.0,34.093643,40.857143,40.857142857142854,15.626949310302734,False
2025-11-21 18:00:00,LPR,35.0,21.994556,33.142857,33.142857142857146,15.626949310302734,False
2025-11-21 19:00:00,LPR,36.0,16.894783,28.071428,28.071428571428573,15.626949310302734,True
2025-11-21 20:00:00,LPR,37.0,11.266945,18.214285,18.214285714285715,15.626949310302734,True
2025-11-21 21:00:00,LPR,23.0,8.689301,12.0,12.0,15.626949310302734,False
2025-11-21 22:00:00,LPR,16.0,8.291017,9.357142,9.357142857142858,15.626949310302734,False
2025-11-21 23:00:00,LPR,33.0,8.926189,8.071428,8.071428571428571,15.626949310302734,True
2025-11-22 00:00:00,LPR,27.0,8.490526,5.6666665,5.666666666666667,15.626949310302734,True
2025-11-22 01:00:00,LPR,7.0,8.787596,4.75,4.75,15.626949310302734,False
2025-11-22 02:00:00,LPR,4.0,8.9203005,5.1666665,5.166666666666667,15.626949310302734,False
2025-11-22 03:00:00,LPR,2.0,9.135277,5.428571,5.428571428571429,15.626949310302734,False
2025-11-22 04:00:00,LPR,1.0,9.29271,5.571429,5.571428571428571,15.626949310302734,False
2025-11-22 05:00:00,LPR,1.0,9.196114,4.642857,4.642857142857143,15.626949310302734,False
2025-11-22 06:00:00,LPR,1.0,7.4497995,3.0714285,3.0714285714285716,15.626949310302734,False
2025-11-22 07:00:00,LPR,2.0,7.5789537,3.5,3.5,15.626949310302734,False
2025-11-22 08:00:00,LPR,3.0,7.7013597,4.0,4.0,15.626949310302734,False
2025-11-22 09:00:00,LPR,8.0,12.1490135,8.25,8.25,15.626949310302734,False
2025-11-22 10:00:00,LPR,23.0,27.563946,21.272728,21.272727272727273,15.626949310302734,False
2025-11-22 11:00:00,LPR,48.0,55.359337,46.53846,46.53846153846154,15.626949310302734,False
2025-11-22 12:00:00,LPR,48.0,69.83811,63.583332,63.583333333333336,15.626949310302734,True
2025-11-22 13:00:00,LPR,52.0,64.58589,64.0,64.0,15.626949310302734,False
2025-11-22 14:00:00,LPR,45.0,53.669445,58.583332,58.583333333333336,15.626949310302734,False
2025-11-22 15:00:00,LPR,43.0,54.68641,61.0,61.0,15.626949310302734,False
2025-11-22 16:00:00,LPR,39.0,45.23219,53.642857,53.642857142857146,15.626949310302734,False
2025-11-22 17:00:00,LPR,25.0,28.47129,39.785713,39.785714285714285,15.626949310302734,False
2025-11-22 18:00:00,LPR,18.0,18.351612,31.785715,31.785714285714285,15.626949310302734,False
2025-11-22 19:00:00,LPR,11.0,14.978123,26.714285,26.714285714285715,15.626949310302734,False
2025-11-22 20:00:00,LPR,11.0,11.862684,19.214285,19.214285714285715,15.626949310302734,False
2025-11-22 21:00:00,LPR,16.0,10.833106,13.357142,13.357142857142858,15.626949310302734,False
2025-11-22 22:00:00,LPR,10.0,9.925456,9.642858,9.642857142857142,15.626949310302734,False
2025-11-22 23:00:00,LPR,12.0,12.783375,10.214286,10.214285714285714,15.626949310302734,False
2025-11-23 00:00:00,LPR,10.0,10.346879,7.6666665,7.666666666666667,15.626949310302734,False
2025-11-23 01:00:00,LPR,1.0,8.102334,5.0833335,5.083333333333333,15.626949310302734,False
2025-11-23 02:00:00,LPR,1.0,8.2664385,5.25,5.25,15.626949310302734,False
2025-11-23 03:00:00,LPR,1.0,8.925737,5.428571,5.428571428571429,15.626949310302734,False
2025-11-23 04:00:00,LPR,1.0,8.975695,5.428571,5.428571428571429,15.626949310302734,False
2025-11-23 05:00:00,LPR,2.0,8.043732,4.5,4.5,15.626949310302734,False
2025-11-23 06:00:00,LPR,2.0,6.689304,2.9285715,2.9285714285714284,15.626949310302734,False
2025-11-23 07:00:00,LPR,2.0,6.7406764,3.4285715,3.4285714285714284,15.626949310302734,False
2025-11-23 08:00:00,LPR,3.0,6.306312,3.9285715,3.9285714285714284,15.626949310302734,False
2025-11-23 09:00:00,LPR,14.0,10.09935,8.25,8.25,15.626949310302734,False
2025-11-23 10:00:00,LPR,25.0,24.448956,21.416666,21.416666666666668,15.626949310302734,False
2025-11-23 11:00:00,LPR,35.0,48.424423,45.53846,45.53846153846154,15.626949310302734,False
2025-11-23 12:00:00,LPR,37.0,63.667194,62.0,62.0,15.626949310302734,True
2025-11-23 13:00:00,LPR,36.0,62.92445,62.666668,62.666666666666664,15.626949310302734,True
2025-11-23 14:00:00,LPR,37.0,53.620975,56.5,56.5,15.626949310302734,True
2025-11-23 15:00:00,LPR,37.0,52.927425,58.714287,58.714285714285715,15.626949310302734,True
2025-11-23 16:00:00,LPR,35.0,45.434677,51.57143,51.57142857142857,15.626949310302734,False
2025-11-23 17:00:00,LPR,20.0,32.153427,37.92857,37.92857142857143,15.626949310302734,False
2025-11-23 18:00:00,LPR,12.0,22.039953,29.214285,29.214285714285715,15.626949310302734,False
2025-11-23 19:00:00,LPR,12.0,16.713676,25.0,25.0,15.626949310302734,False
2025-11-23 20:00:00,LPR,6.0,11.42736,17.571428,17.571428571428573,15.626949310302734,False
2025-11-23 21:00:00,LPR,2.0,10.058294,13.5,13.5,15.626949310302734,False
2025-11-23 22:00:00,LPR,10.0,7.8040457,9.642858,9.642857142857142,15.626949310302734,False
2025-11-23 23:00:00,LPR,4.0,9.353075,10.428572,10.428571428571429,15.626949310302734,False
2025-11-24 00:00:00,LPR,1.0,7.660678,8.25,8.25,15.626949310302734,False
2025-11-24 01:00:00,LPR,1.0,5.0784154,4.9166665,4.916666666666667,15.626949310302734,False
2025-11-24 02:00:00,LPR,1.0,6.0652323,5.0833335,5.083333333333333,15.626949310302734,False
2025-11-24 03:00:00,LPR,1.0,7.247512,5.357143,5.357142857142857,15.626949310302734,False
2025-11-24 04:00:00,LPR,1.0,7.9537525,5.285714,5.285714285714286,15.626949310302734,False
2025-11-24 05:00:00,LPR,1.0,7.244218,4.428571,4.428571428571429,15.626949310302734,False
2025-11-24 06:00:00,LPR,2.0,5.8646708,2.857143,2.857142857142857,15.626949310302734,False
2025-11-24 07:00:00,LPR,2.0,6.2815733,3.357143,3.357142857142857,15.626949310302734,False
2025-11-24 08:00:00,LPR,2.0,6.2446465,3.5714285,3.5714285714285716,15.626949310302734,False
2025-11-24 09:00:00,LPR,14.0,11.033912,8.25,8.25,15.626949310302734,False
2025-11-24 10:00:00,LPR,30.0,25.428268,21.0,21.0,15.626949310302734,False
2025-11-24 11:00:00,LPR,51.0,53.256145,43.76923,43.76923076923077,15.626949310302734,False
2025-11-24 12:00:00,LPR,64.0,71.715675,59.166668,59.166666666666664,15.626949310302734,False
2025-11-24 13:00:00,LPR,73.0,70.60243,60.333332,60.333333333333336,15.626949310302734,False
2025-11-24 14:00:00,LPR,101.0,64.87928,56.0,56.0,15.626949310302734,True
2025-11-24 15:00:00,LPR,118.0,64.655815,58.07143,58.07142857142857,15.626949310302734,True
2025-11-24 16:00:00,LPR,129.0,55.284966,51.0,51.0,15.626949310302734,True
2025-11-24 17:00:00,LPR,102.0,38.974136,36.285713,36.285714285714285,15.626949310302734,True
2025-11-24 18:00:00,LPR,53.0,23.347876,26.928572,26.928571428571427,15.626949310302734,True
2025-11-24 19:00:00,LPR,19.0,8.429907,22.714285,22.714285714285715,15.626949310302734,False
2025-11-24 20:00:00,LPR,7.0,0.21448708,15.142858,15.142857142857142,15.626949310302734,False
2025-11-24 21:00:00,LPR,2.0,-1.5032368,11.357142,11.357142857142858,15.626949310302734,False
2025-11-24 22:00:00,LPR,1.0,-2.1636295,8.142858,8.142857142857142,15.626949310302734,False
2025-11-24 23:00:00,LPR,1.0,1.5885534,8.5,8.5,15.626949310302734,False
2025-11-25 03:00:00,LPR,1.0,6.557452,2.857143,2.857142857142857,15.626949310302734,False
2025-11-25 04:00:00,LPR,1.0,3.77243,2.642857,2.642857142857143,15.626949310302734,False
2025-11-25 05:00:00,LPR,1.0,4.388888,2.4285715,2.4285714285714284,15.626949310302734,False
2025-11-25 06:00:00,LPR,1.0,4.0585337,1.7142857,1.7142857142857142,15.626949310302734,False
2025-11-25 07:00:00,LPR,2.0,4.8855457,2.0714285,2.0714285714285716,15.626949310302734,False
2025-11-25 08:00:00,LPR,2.0,6.4589257,2.7142856,2.7142857142857144,15.626949310302734,False
2025-11-25 09:00:00,LPR,7.0,12.066123,8.166667,8.166666666666666,15.626949310302734,False
2025-11-25 14:00:00,LPR,93.0,72.014145,62.916668,62.916666666666664,15.626949310302734,True
2025-11-25 15:00:00,LPR,86.0,71.61814,65.14286,65.14285714285714,15.626949310302734,False
2025-11-25 16:00:00,LPR,85.0,62.916626,59.07143,59.07142857142857,15.626949310302734,True
2025-11-25 17:00:00,LPR,60.0,42.844036,42.642857,42.642857142857146,15.626949310302734,True
2025-11-25 18:00:00,LPR,25.0,22.198372,29.857143,29.857142857142858,15.626949310302734,False
2025-11-25 19:00:00,LPR,19.0,11.946885,23.0,23.0,15.626949310302734,False
2025-11-25 20:00:00,LPR,20.0,3.6715565,13.857142,13.857142857142858,15.626949310302734,True
2025-11-25 21:00:00,LPR,28.0,1.0485201,9.357142,9.357142857142858,15.626949310302734,True
2025-11-25 22:00:00,LPR,14.0,0.587131,6.428571,6.428571428571429,15.626949310302734,False
2025-11-25 23:00:00,LPR,2.0,2.929496,6.214286,6.214285714285714,15.626949310302734,False
2025-11-26 00:00:00,LPR,25.0,4.95986,4.2727275,4.2727272727272725,15.626949310302734,True
2025-11-26 01:00:00,LPR,39.0,5.462769,1.6363636,1.6363636363636365,15.626949310302734,True
2025-11-26 02:00:00,LPR,26.0,6.678846,1.5454545,1.5454545454545454,15.626949310302734,True
2025-11-26 03:00:00,LPR,12.0,6.4917393,1.4285715,1.4285714285714286,15.626949310302734,False
2025-11-26 04:00:00,LPR,1.0,7.3364034,1.3571428,1.3571428571428572,15.626949310302734,False
2025-11-26 05:00:00,LPR,1.0,6.514228,1.5,1.5,15.626949310302734,False
2025-11-26 06:00:00,LPR,1.0,6.355717,1.6428572,1.6428571428571428,15.626949310302734,False
2025-11-26 07:00:00,LPR,1.0,6.196834,2.0,2.0,15.626949310302734,False
2025-11-26 08:00:00,LPR,2.0,6.435687,2.642857,2.642857142857143,15.626949310302734,False
2025-11-26 12:00:00,LPR,41.0,77.26474,62.166668,62.166666666666664,15.626949310302734,True
2025-11-26 13:00:00,LPR,50.0,79.59918,64.75,64.75,15.626949310302734,True
2025-11-26 14:00:00,LPR,51.0,75.476494,65.23077,65.23076923076923,15.626949310302734,True
2025-11-26 15:00:00,LPR,54.0,70.67996,66.0,66.0,15.626949310302734,True
2025-11-26 16:00:00,LPR,49.0,60.06446,61.57143,61.57142857142857,15.626949310302734,False
2025-11-26 17:00:00,LPR,28.0,38.022537,44.357143,44.357142857142854,15.626949310302734,False
2025-11-26 18:00:00,LPR,24.0,20.560753,29.214285,29.214285714285715,15.626949310302734,False
2025-11-26 19:00:00,LPR,25.0,16.17161,22.785715,22.785714285714285,15.626949310302734,False
2025-11-26 20:00:00,LPR,22.0,12.961191,14.357142,14.357142857142858,15.626949310302734,False
2025-11-26 21:00:00,LPR,21.0,12.84384,10.5,10.5,15.626949310302734,False
2025-11-26 22:00:00,LPR,23.0,10.761613,7.357143,7.357142857142857,15.626949310302734,False
2025-11-26 23:00:00,LPR,28.0,12.656479,6.285714,6.285714285714286,15.626949310302734,False
2025-11-27 00:00:00,LPR,30.0,15.090332,6.4545455,6.454545454545454,15.626949310302734,False
2025-11-27 01:00:00,LPR,29.0,14.922869,5.090909,5.090909090909091,15.626949310302734,False
2025-11-27 02:00:00,LPR,34.0,14.805146,3.8181818,3.8181818181818183,15.626949310302734,True
2025-11-27 03:00:00,LPR,28.0,13.843114,2.2142856,2.2142857142857144,15.626949310302734,False
2025-11-27 04:00:00,LPR,24.0,13.594811,1.3571428,1.3571428571428572,15.626949310302734,False
2025-11-27 05:00:00,LPR,17.0,12.634934,1.5,1.5,15.626949310302734,False
2025-11-27 06:00:00,LPR,8.0,10.223963,1.5714285,1.5714285714285714,15.626949310302734,False
2025-11-27 07:00:00,LPR,9.0,7.3301067,1.9285715,1.9285714285714286,15.626949310302734,False
2025-11-27 08:00:00,LPR,8.0,5.6276355,2.5714285,2.5714285714285716,15.626949310302734,False
2025-11-27 09:00:00,LPR,11.0,10.493715,8.333333,8.333333333333334,15.626949310302734,False
2025-11-27 10:00:00,LPR,21.0,25.919357,22.727272,22.727272727272727,15.626949310302734,False
2025-11-27 11:00:00,LPR,31.0,49.593708,46.0,46.0,15.626949310302734,True
2025-11-27 12:00:00,LPR,34.0,62.78391,58.833332,58.833333333333336,15.626949310302734,True
2025-11-27 13:00:00,LPR,32.0,64.40239,61.166668,61.166666666666664,15.626949310302734,True
2025-11-27 14:00:00,LPR,34.0,62.758904,62.46154,62.46153846153846,15.626949310302734,True
2025-11-27 15:00:00,LPR,31.0,61.67213,63.5,63.5,15.626949310302734,True
2025-11-27 16:00:00,LPR,29.0,55.426712,59.92857,59.92857142857143,15.626949310302734,True
2025-11-27 17:00:00,LPR,22.0,36.877327,42.42857,42.42857142857143,15.626949310302734,False
2025-11-27 18:00:00,LPR,18.0,24.64597,28.928572,28.928571428571427,15.626949310302734,False
2025-11-27 19:00:00,LPR,17.0,21.606089,23.071428,23.071428571428573,15.626949310302734,False
2025-11-27 20:00:00,LPR,17.0,15.95412,14.928572,14.928571428571429,15.626949310302734,False
2025-11-27 21:00:00,LPR,17.0,13.600338,11.357142,11.357142857142858,15.626949310302734,False
2025-11-27 22:00:00,LPR,14.0,11.498713,8.071428,8.071428571428571,15.626949310302734,False
2025-11-27 23:00:00,LPR,20.0,11.275963,6.928571,6.928571428571429,15.626949310302734,False
2025-11-28 00:00:00,LPR,23.0,13.644243,8.416667,8.416666666666666,15.626949310302734,False
2025-11-28 01:00:00,LPR,28.0,13.903781,7.0833335,7.083333333333333,15.626949310302734,False
2025-11-28 02:00:00,LPR,31.0,14.902533,6.3333335,6.333333333333333,15.626949310302734,True
2025-11-28 03:00:00,LPR,31.0,13.526966,4.071429,4.071428571428571,15.626949310302734,True
2025-11-28 04:00:00,LPR,27.0,13.280355,2.9285715,2.9285714285714284,15.626949310302734,False
2025-11-28 05:00:00,LPR,17.0,10.922229,2.5714285,2.5714285714285716,15.626949310302734,False
2025-11-28 06:00:00,LPR,12.0,6.417944,2.0,2.0,15.626949310302734,False
2025-11-28 07:00:00,LPR,9.0,3.2130291,2.4285715,2.4285714285714284,15.626949310302734,False
2025-11-28 08:00:00,LPR,10.0,1.1479787,2.9285715,2.9285714285714284,15.626949310302734,False
2025-11-28 09:00:00,LPR,10.0,6.1863613,8.833333,8.833333333333334,15.626949310302734,False
2025-11-28 10:00:00,LPR,12.0,20.603596,23.363636,23.363636363636363,15.626949310302734,False
2025-11-28 11:00:00,LPR,16.0,42.839584,45.916668,45.916666666666664,15.626949310302734,True
2025-11-28 12:00:00,LPR,18.0,53.04186,56.923077,56.92307692307692,15.626949310302734,True
2025-11-28 13:00:00,LPR,20.0,53.49061,58.923077,58.92307692307692,15.626949310302734,True
2025-11-28 14:00:00,LPR,14.0,52.72525,60.42857,60.42857142857143,15.626949310302734,True
2025-11-28 15:00:00,LPR,17.0,51.863102,60.714287,60.714285714285715,15.626949310302734,True
2025-11-28 16:00:00,LPR,26.0,50.377865,57.642857,57.642857142857146,15.626949310302734,True
2025-11-28 17:00:00,LPR,15.0,35.962162,41.5,41.5,15.626949310302734,True
2025-11-28 18:00:00,LPR,8.0,23.295366,28.642857,28.642857142857142,15.626949310302734,False
2025-11-28 19:00:00,LPR,5.0,19.345692,23.285715,23.285714285714285,15.626949310302734,False
2025-11-28 20:00:00,LPR,5.0,12.304064,15.642858,15.642857142857142,15.626949310302734,False
2025-11-28 21:00:00,LPR,5.0,10.3082075,11.857142,11.857142857142858,15.626949310302734,False
2025-11-28 22:00:00,LPR,2.0,7.825512,8.285714,8.285714285714286,15.626949310302734,False
2025-11-28 23:00:00,LPR,1.0,8.198224,8.0,8.0,15.626949310302734,False
2025-11-29 00:00:00,LPR,1.0,10.311196,10.25,10.25,15.626949310302734,False
2025-11-29 01:00:00,LPR,1.0,9.356117,9.333333,9.333333333333334,15.626949310302734,False
2025-11-29 02:00:00,LPR,1.0,8.919705,8.75,8.75,15.626949310302734,False
2025-11-29 03:00:00,LPR,1.0,6.4661245,6.142857,6.142857142857143,15.626949310302734,False
2025-11-29 04:00:00,LPR,2.0,5.0803285,4.714286,4.714285714285714,15.626949310302734,False
2025-11-29 05:00:00,LPR,2.0,3.7763038,3.642857,3.642857142857143,15.626949310302734,False
2025-11-29 06:00:00,LPR,2.0,2.6965475,2.7142856,2.7142857142857144,15.626949310302734,False
2025-11-29 07:00:00,LPR,2.0,2.4751716,2.9285715,2.9285714285714284,15.626949310302734,False
2025-11-29 08:00:00,LPR,2.0,2.201558,3.4285715,3.4285714285714284,15.626949310302734,False
2025-11-29 09:00:00,LPR,4.0,6.4013157,9.333333,9.333333333333334,15.626949310302734,False
2025-11-29 10:00:00,LPR,14.0,19.73332,23.454546,23.454545454545453,15.626949310302734,False
2025-11-29 11:00:00,LPR,29.0,42.02842,44.5,44.5,15.626949310302734,False
2025-11-29 12:00:00,LPR,41.0,56.19962,53.46154,53.46153846153846,15.626949310302734,False
2025-11-29 13:00:00,LPR,41.0,64.84872,55.384617,55.38461538461539,15.626949310302734,True
2025-11-29 14:00:00,LPR,43.0,67.65548,58.285713,58.285714285714285,15.626949310302734,True
2025-11-29 15:00:00,LPR,29.0,63.10925,59.142857,59.142857142857146,15.626949310302734,True
2025-11-29 16:00:00,LPR,34.0,55.637,56.857143,56.857142857142854,15.626949310302734,True
2025-11-29 17:00:00,LPR,28.0,35.106262,40.214287,40.214285714285715,15.626949310302734,False
2025-11-29 18:00:00,LPR,21.0,21.344837,27.142857,27.142857142857142,15.626949310302734,False
2025-11-29 19:00:00,LPR,24.0,15.229932,22.142857,22.142857142857142,15.626949310302734,False
2025-11-29 20:00:00,LPR,27.0,10.069452,15.785714,15.785714285714286,15.626949310302734,True
2025-11-29 21:00:00,LPR,20.0,9.104356,11.928572,11.928571428571429,15.626949310302734,False
2025-11-29 22:00:00,LPR,3.0,6.3457294,8.0,8.0,15.626949310302734,False
2025-11-29 23:00:00,LPR,2.0,7.097763,7.857143,7.857142857142857,15.626949310302734,False
2025-11-30 00:00:00,LPR,2.0,10.291204,10.166667,10.166666666666666,15.626949310302734,False
2025-11-30 01:00:00,LPR,1.0,10.1102295,9.25,9.25,15.626949310302734,False
2025-11-30 02:00:00,LPR,1.0,9.587812,8.666667,8.666666666666666,15.626949310302734,False
2025-11-30 03:00:00,LPR,2.0,8.361313,6.071429,6.071428571428571,15.626949310302734,False
2025-11-30 04:00:00,LPR,2.0,7.4979815,4.714286,4.714285714285714,15.626949310302734,False
2025-11-30 05:00:00,LPR,2.0,6.7272663,3.642857,3.642857142857143,15.626949310302734,False
2025-11-30 06:00:00,LPR,2.0,5.304077,2.7142856,2.7142857142857144,15.626949310302734,False
2025-11-30 07:00:00,LPR,2.0,5.263865,2.9285715,2.9285714285714284,15.626949310302734,False
2025-11-30 08:00:00,LPR,3.0,5.301127,3.357143,3.357142857142857,15.626949310302734,False
2025-11-30 09:00:00,LPR,12.0,11.336122,9.166667,9.166666666666666,15.626949310302734,False
2025-11-30 10:00:00,LPR,30.0,27.839657,23.0,23.0,15.626949310302734,False
2025-11-30 11:00:00,LPR,55.0,56.182083,43.416668,43.416666666666664,15.626949310302734,False
2025-11-30 12:00:00,LPR,65.0,67.042694,51.0,51.0,15.626949310302734,False
2025-11-30 13:00:00,LPR,62.0,65.40466,53.76923,53.76923076923077,15.626949310302734,False
2025-11-30 14:00:00,LPR,79.0,65.94317,59.07143,59.07142857142857,15.626949310302734,False
2025-11-30 15:00:00,LPR,72.0,61.47351,58.07143,58.07142857142857,15.626949310302734,False
2025-11-30 16:00:00,LPR,84.0,58.215076,55.642857,55.642857142857146,15.626949310302734,True
2025-11-30 17:00:00,LPR,67.0,43.74221,40.07143,40.07142857142857,15.626949310302734,True
2025-11-30 18:00:00,LPR,43.0,27.249317,26.285715,26.285714285714285,15.626949310302734,True
2025-11-30 19:00:00,LPR,36.0,16.198538,21.714285,21.714285714285715,15.626949310302734,True
2025-11-30 20:00:00,LPR,26.0,12.78846,17.428572,17.428571428571427,15.626949310302734,False
2025-11-30 21:00:00,LPR,25.0,12.288878,13.214286,13.214285714285714,15.626949310302734,False
2025-11-30 22:00:00,LPR,18.0,6.562404,8.071428,8.071428571428571,15.626949310302734,False
2025-11-30 23:00:00,LPR,8.0,7.811768,7.857143,7.857142857142857,15.626949310302734,False
2025-12-01 03:00:00,LPR,1.0,12.864471,6.071429,6.071428571428571,15.626949310302734,False
2025-12-01 04:00:00,LPR,1.0,7.3357725,4.714286,4.714285714285714,15.626949310302734,False
2025-12-01 05:00:00,LPR,1.0,5.2975616,3.642857,3.642857142857143,15.626949310302734,False
2025-12-01 06:00:00,LPR,1.0,4.040271,2.7142856,2.7142857142857144,15.626949310302734,False
2025-12-01 07:00:00,LPR,2.0,4.1450796,2.9285715,2.9285714285714284,15.626949310302734,False
2025-12-01 08:00:00,LPR,2.0,4.3840303,3.2857144,3.2857142857142856,15.626949310302734,False
2025-12-01 09:00:00,LPR,4.0,9.801354,8.916667,8.916666666666666,15.626949310302734,False
2025-12-01 10:00:00,LPR,17.0,23.614157,22.818182,22.818181818181817,15.626949310302734,False
2025-12-01 11:00:00,LPR,37.0,45.278133,42.166668,42.166666666666664,15.626949310302734,False
2025-12-01 12:00:00,LPR,52.0,60.296936,51.846153,51.84615384615385,15.626949310302734,False
2025-12-01 13:00:00,LPR,54.0,65.83525,54.692307,54.69230769230769,15.626949310302734,False
2025-12-01 14:00:00,LPR,64.0,68.24175,61.142857,61.142857142857146,15.626949310302734,False
2025-12-01 15:00:00,LPR,75.0,68.55694,59.857143,59.857142857142854,15.626949310302734,False
2025-12-01 16:00:00,LPR,56.0,65.65104,59.0,59.0,15.626949310302734,False
2025-12-01 17:00:00,LPR,44.0,39.95004,42.714287,42.714285714285715,15.626949310302734,False
2025-12-01 18:00:00,LPR,32.0,17.20295,26.928572,26.928571428571427,15.626949310302734,False
2025-12-01 19:00:00,LPR,30.0,12.76702,21.785715,21.785714285714285,15.626949310302734,True
2025-12-01 20:00:00,LPR,19.0,11.292818,17.071428,17.071428571428573,15.626949310302734,False
2025-12-01 21:00:00,LPR,16.0,10.633551,14.142858,14.142857142857142,15.626949310302734,False
2025-12-01 22:00:00,LPR,1.0,7.7360487,9.142858,9.142857142857142,15.626949310302734,False
2025-12-01 23:00:00,LPR,1.0,7.193044,8.285714,8.285714285714286,15.626949310302734,False
2025-12-02 00:00:00,LPR,1.0,11.1053915,11.0,11.0,15.626949310302734,False
2025-12-02 01:00:00,LPR,1.0,10.7290325,9.909091,9.909090909090908,15.626949310302734,False
2025-12-02 02:00:00,LPR,3.0,10.816536,9.272727,9.272727272727273,15.626949310302734,False
2025-12-02 03:00:00,LPR,4.0,8.439899,6.071429,6.071428571428571,15.626949310302734,False
2025-12-02 04:00:00,LPR,1.0,7.487271,4.714286,4.714285714285714,15.626949310302734,False
2025-12-02 05:00:00,LPR,1.0,6.2154903,3.642857,3.642857142857143,15.626949310302734,False
2025-12-02 06:00:00,LPR,1.0,5.301503,2.7142856,2.7142857142857144,15.626949310302734,False
2025-12-02 07:00:00,LPR,2.0,5.6102014,2.9285715,2.9285714285714284,15.626949310302734,False
2025-12-02 08:00:00,LPR,2.0,5.64653,3.2142856,3.2142857142857144,15.626949310302734,False
2025-12-02 09:00:00,LPR,5.0,11.027419,8.333333,8.333333333333334,15.626949310302734,False
2025-12-02 10:00:00,LPR,20.0,26.363445,21.545454,21.545454545454547,15.626949310302734,False
2025-12-02 11:00:00,LPR,50.0,52.6515,40.416668,40.416666666666664,15.626949310302734,False
2025-12-02 12:00:00,LPR,68.0,67.47395,49.615383,49.61538461538461,15.626949310302734,False
2025-12-02 13:00:00,LPR,82.0,71.494934,52.76923,52.76923076923077,15.626949310302734,False
2025-12-02 14:00:00,LPR,92.0,77.441,61.142857,61.142857142857146,15.626949310302734,False
2025-12-02 15:00:00,LPR,79.0,72.17154,60.142857,60.142857142857146,15.626949310302734,False
2025-12-02 16:00:00,LPR,56.0,61.67015,58.07143,58.07142857142857,15.626949310302734,False
2025-12-02 17:00:00,LPR,39.0,36.001213,42.714287,42.714285714285715,15.626949310302734,False
2025-12-02 18:00:00,LPR,40.0,16.78598,27.214285,27.214285714285715,15.626949310302734,True
2025-12-02 19:00:00,LPR,27.0,14.009843,22.0,22.0,15.626949310302734,False
2025-12-02 20:00:00,LPR,15.0,10.817025,17.0,17.0,15.626949310302734,False
2025-12-02 21:00:00,LPR,6.0,9.547581,14.785714,14.785714285714286,15.626949310302734,False
2025-12-02 22:00:00,LPR,1.0,5.4090395,9.142858,9.142857142857142,15.626949310302734,False
2025-12-02 23:00:00,LPR,1.0,5.519184,8.285714,8.285714285714286,15.626949310302734,False
2025-12-03 00:00:00,LPR,1.0,8.869027,11.0,11.0,15.626949310302734,False
2025-12-03 01:00:00,LPR,1.0,8.344584,9.909091,9.909090909090908,15.626949310302734,False
2025-12-03 02:00:00,LPR,1.0,9.122139,9.454545,9.454545454545455,15.626949310302734,False
2025-12-03 03:00:00,LPR,6.0,7.465805,6.285714,6.285714285714286,15.626949310302734,False
2025-12-03 04:00:00,LPR,11.0,7.3369875,4.714286,4.714285714285714,15.626949310302734,False
2025-12-03 05:00:00,LPR,8.0,7.3030796,3.642857,3.642857142857143,15.626949310302734,False
2025-12-03 06:00:00,LPR,1.0,5.5013323,2.7142856,2.7142857142857144,15.626949310302734,False
2025-12-03 07:00:00,LPR,1.0,5.0767374,2.9285715,2.9285714285714284,15.626949310302734,False
2025-12-03 08:00:00,LPR,2.0,5.0395374,3.2142856,3.2142857142857144,15.626949310302734,False
2025-12-03 09:00:00,LPR,5.0,10.743795,8.416667,8.416666666666666,15.626949310302734,False
2025-12-03 10:00:00,LPR,24.0,26.546349,21.272728,21.272727272727273,15.626949310302734,False
2025-12-03 11:00:00,LPR,50.0,52.84201,41.083332,41.083333333333336,15.626949310302734,False
2025-12-03 12:00:00,LPR,73.0,66.42659,49.923077,49.92307692307692,15.626949310302734,False
2025-12-03 13:00:00,LPR,65.0,68.60195,53.76923,53.76923076923077,15.626949310302734,False
2025-12-03 14:00:00,LPR,76.0,72.84698,63.214287,63.214285714285715,15.626949310302734,False
2025-12-03 15:00:00,LPR,103.0,70.09158,61.642857,61.642857142857146,15.626949310302734,True
2025-12-03 16:00:00,LPR,85.0,65.98013,59.142857,59.142857142857146,15.626949310302734,True
2025-12-03 17:00:00,LPR,56.0,46.97753,42.785713,42.785714285714285,15.626949310302734,False
2025-12-03 18:00:00,LPR,35.0,21.781458,27.785715,27.785714285714285,15.626949310302734,False
2025-12-03 19:00:00,LPR,18.0,13.371604,21.571428,21.571428571428573,15.626949310302734,False
2025-12-03 20:00:00,LPR,7.0,8.827566,16.357143,16.357142857142858,15.626949310302734,False
2025-12-03 21:00:00,LPR,2.0,6.8774285,13.571428,13.571428571428571,15.626949310302734,False
2025-12-03 22:00:00,LPR,2.0,3.3015332,9.071428,9.071428571428571,15.626949310302734,False
2025-12-03 23:00:00,LPR,1.0,4.2947226,8.214286,8.214285714285714,15.626949310302734,False
2025-12-04 00:00:00,LPR,1.0,8.046589,10.166667,10.166666666666666,15.626949310302734,False
2025-12-04 01:00:00,LPR,1.0,7.6437283,9.166667,9.166666666666666,15.626949310302734,False
2025-12-04 02:00:00,LPR,1.0,8.561551,8.75,8.75,15.626949310302734,False
2025-12-04 03:00:00,LPR,1.0,7.3149843,6.571429,6.571428571428571,15.626949310302734,False
2025-12-04 04:00:00,LPR,1.0,6.5557194,5.357143,5.357142857142857,15.626949310302734,False
2025-12-04 05:00:00,LPR,1.0,5.3537426,4.071429,4.071428571428571,15.626949310302734,False
2025-12-04 06:00:00,LPR,2.0,4.064323,2.642857,2.642857142857143,15.626949310302734,False
2025-12-04 07:00:00,LPR,2.0,4.3806114,2.857143,2.857142857142857,15.626949310302734,False
2025-12-04 08:00:00,LPR,2.0,4.7352724,3.2142856,3.2142857142857144,15.626949310302734,False
2025-12-04 09:00:00,LPR,5.0,11.070539,8.416667,8.416666666666666,15.626949310302734,False
2025-12-04 10:00:00,LPR,17.0,26.35749,22.0,22.0,15.626949310302734,False
2025-12-04 11:00:00,LPR,49.0,49.529217,41.833332,41.833333333333336,15.626949310302734,False
2025-12-04 12:00:00,LPR,70.0,61.0431,51.76923,51.76923076923077,15.626949310302734,False
2025-12-04 13:00:00,LPR,68.0,63.53256,55.0,55.0,15.626949310302734,False
2025-12-04 14:00:00,LPR,68.0,70.03144,64.92857,64.92857142857143,15.626949310302734,False
2025-12-04 15:00:00,LPR,77.0,70.40301,65.85714,65.85714285714286,15.626949310302734,False
2025-12-04 16:00:00,LPR,74.0,70.14169,62.214287,62.214285714285715,15.626949310302734,False
2025-12-04 17:00:00,LPR,60.0,52.9858,44.357143,44.357142857142854,15.626949310302734,False
2025-12-04 18:00:00,LPR,40.0,27.990667,28.357143,28.357142857142858,15.626949310302734,False
2025-12-04 19:00:00,LPR,38.0,16.352236,21.0,21.0,15.626949310302734,True
2025-12-04 20:00:00,LPR,37.0,11.217773,15.928572,15.928571428571429,15.626949310302734,True
2025-12-04 21:00:00,LPR,32.0,10.461262,13.071428,13.071428571428571,15.626949310302734,True
2025-12-04 22:00:00,LPR,38.0,9.425322,8.214286,8.214285714285714,15.626949310302734,True
2025-12-04 23:00:00,LPR,27.0,13.213806,8.142858,8.142857142857142,15.626949310302734,False
2025-12-05 00:00:00,LPR,21.0,16.52796,10.166667,10.166666666666666,15.626949310302734,False
2025-12-05 01:00:00,LPR,21.0,15.338667,9.166667,9.166666666666666,15.626949310302734,False
2025-12-05 02:00:00,LPR,27.0,15.060889,8.75,8.75,15.626949310302734,False
2025-12-05 03:00:00,LPR,30.0,14.18581,6.571429,6.571428571428571,15.626949310302734,True
2025-12-05 04:00:00,LPR,18.0,12.37134,5.357143,5.357142857142857,15.626949310302734,False
2025-12-05 05:00:00,LPR,1.0,9.386507,4.0,4.0,15.626949310302734,False
2025-12-05 06:00:00,LPR,1.0,5.9817457,2.642857,2.642857142857143,15.626949310302734,False
2025-12-05 07:00:00,LPR,2.0,5.54735,2.857143,2.857142857142857,15.626949310302734,False
2025-12-05 08:00:00,LPR,5.0,5.141374,3.2142856,3.2142857142857144,15.626949310302734,False
2025-12-05 09:00:00,LPR,7.0,9.434121,8.153846,8.153846153846153,15.626949310302734,False
2025-12-05 10:00:00,LPR,20.0,23.005474,21.583334,21.583333333333332,15.626949310302734,False
2025-12-05 11:00:00,LPR,43.0,45.38572,41.833332,41.833333333333336,15.626949310302734,False
2025-12-05 12:00:00,LPR,61.0,60.882103,51.615383,51.61538461538461,15.626949310302734,False
2025-12-05 13:00:00,LPR,76.0,65.687164,54.076923,54.07692307692308,15.626949310302734,False
2025-12-05 14:00:00,LPR,68.0,71.738045,62.0,62.0,15.626949310302734,False
2025-12-05 15:00:00,LPR,58.0,65.742134,63.214287,63.214285714285715,15.626949310302734,False
2025-12-05 16:00:00,LPR,46.0,54.82898,60.142857,60.142857142857146,15.626949310302734,False
2025-12-05 17:00:00,LPR,37.0,34.41615,43.57143,43.57142857142857,15.626949310302734,False
2025-12-05 18:00:00,LPR,33.0,20.366516,28.857143,28.857142857142858,15.626949310302734,False
2025-12-05 19:00:00,LPR,24.0,16.729946,22.642857,22.642857142857142,15.626949310302734,False
2025-12-05 20:00:00,LPR,11.0,15.152776,18.285715,18.285714285714285,15.626949310302734,False
2025-12-05 21:00:00,LPR,9.0,14.258479,15.357142,15.357142857142858,15.626949310302734,False
2025-12-05 22:00:00,LPR,6.0,10.806985,10.928572,10.928571428571429,15.626949310302734,False
2025-12-05 23:00:00,LPR,14.0,10.620958,10.071428,10.071428571428571,15.626949310302734,False
2025-12-06 00:00:00,LPR,18.0,13.601331,11.916667,11.916666666666666,15.626949310302734,False
2025-12-06 01:00:00,LPR,18.0,13.911177,10.916667,10.916666666666666,15.626949310302734,False
2025-12-06 02:00:00,LPR,12.0,13.290714,10.916667,10.916666666666666,15.626949310302734,False
2025-12-06 03:00:00,LPR,2.0,10.433829,8.642858,8.642857142857142,15.626949310302734,False
2025-12-06 04:00:00,LPR,3.0,9.051524,6.571429,6.571428571428571,15.626949310302734,False
2025-12-06 05:00:00,LPR,2.0,6.6860747,4.0,4.0,15.626949310302734,False
2025-12-06 06:00:00,LPR,1.0,4.502804,2.642857,2.642857142857143,15.626949310302734,False
2025-12-06 07:00:00,LPR,2.0,4.2369385,2.857143,2.857142857142857,15.626949310302734,False
2025-12-06 08:00:00,LPR,2.0,4.4595647,3.4285715,3.4285714285714284,15.626949310302734,False
2025-12-06 09:00:00,LPR,5.0,8.978578,8.153846,8.153846153846153,15.626949310302734,False
2025-12-06 10:00:00,LPR,16.0,21.926601,21.083334,21.083333333333332,15.626949310302734,False
2025-12-06 11:00:00,LPR,33.0,42.79864,41.166668,41.166666666666664,15.626949310302734,False
2025-12-06 12:00:00,LPR,54.0,58.516277,51.692307,51.69230769230769,15.626949310302734,False
2025-12-06 13:00:00,LPR,52.0,64.05702,54.692307,54.69230769230769,15.626949310302734,False
2025-12-06 14:00:00,LPR,41.0,67.47114,61.785713,61.785714285714285,15.626949310302734,True
2025-12-06 15:00:00,LPR,44.0,63.083565,62.785713,62.785714285714285,15.626949310302734,True
2025-12-06 16:00:00,LPR,53.0,55.808968,59.07143,59.07142857142857,15.626949310302734,False
2025-12-06 17:00:00,LPR,22.0,35.58662,43.07143,43.07142857142857,15.626949310302734,False
2025-12-06 18:00:00,LPR,24.0,19.282429,28.714285,28.714285714285715,15.626949310302734,False
2025-12-06 19:00:00,LPR,24.0,12.95203,21.785715,21.785714285714285,15.626949310302734,False
2025-12-06 20:00:00,LPR,18.0,10.711841,16.428572,16.428571428571427,15.626949310302734,False
2025-12-06 21:00:00,LPR,16.0,12.1393,14.357142,14.357142857142858,15.626949310302734,False
2025-12-06 22:00:00,LPR,3.0,8.918157,10.214286,10.214285714285714,15.626949310302734,False
2025-12-06 23:00:00,LPR,11.0,7.649005,8.714286,8.714285714285714,15.626949310302734,False
2025-12-07 03:00:00,LPR,1.0,14.335865,8.642858,8.642857142857142,15.626949310302734,False
2025-12-07 04:00:00,LPR,1.0,6.483054,6.714286,6.714285714285714,15.626949310302734,False
2025-12-07 05:00:00,LPR,1.0,3.3560855,4.071429,4.071428571428571,15.626949310302734,False
2025-12-07 06:00:00,LPR,1.0,1.6533129,2.642857,2.642857142857143,15.626949310302734,False
2025-12-07 07:00:00,LPR,1.0,1.4070061,2.857143,2.857142857142857,15.626949310302734,False
2025-12-07 08:00:00,LPR,4.0,1.0280993,3.357143,3.357142857142857,15.626949310302734,False
2025-12-07 09:00:00,LPR,15.0,5.9386053,7.923077,7.923076923076923,15.626949310302734,False
2025-12-07 10:00:00,LPR,34.0,19.437433,20.5,20.5,15.626949310302734,False
2025-12-07 11:00:00,LPR,55.0,45.79435,39.916668,39.916666666666664,15.626949310302734,False
2025-12-07 12:00:00,LPR,86.0,61.571373,52.153847,52.15384615384615,15.626949310302734,True
2025-12-07 13:00:00,LPR,55.0,59.63664,54.692307,54.69230769230769,15.626949310302734,False
2025-12-07 14:00:00,LPR,63.0,64.12212,61.5,61.5,15.626949310302734,False
2025-12-07 15:00:00,LPR,58.0,64.05801,62.857143,62.857142857142854,15.626949310302734,False
2025-12-07 16:00:00,LPR,43.0,56.61521,60.07143,60.07142857142857,15.626949310302734,False
2025-12-07 17:00:00,LPR,40.0,37.283634,42.857143,42.857142857142854,15.626949310302734,False
2025-12-07 18:00:00,LPR,38.0,23.276543,29.142857,29.142857142857142,15.626949310302734,False
2025-12-07 19:00:00,LPR,30.0,19.386497,22.714285,22.714285714285715,15.626949310302734,False
2025-12-07 20:00:00,LPR,29.0,16.311665,16.928572,16.928571428571427,15.626949310302734,False
2025-12-07 21:00:00,LPR,29.0,14.344616,14.357142,14.357142857142858,15.626949310302734,False
2025-12-07 22:00:00,LPR,19.0,10.987076,9.714286,9.714285714285714,15.626949310302734,False
2025-12-07 23:00:00,LPR,20.0,11.681044,8.642858,8.642857142857142,15.626949310302734,False
2025-12-08 00:00:00,LPR,22.0,16.99428,11.272727,11.272727272727273,15.626949310302734,False
2025-12-08 01:00:00,LPR,29.0,21.55468,12.818182,12.818181818181818,15.626949310302734,False
2025-12-08 02:00:00,LPR,34.0,23.86198,12.545455,12.545454545454545,15.626949310302734,False
2025-12-08 03:00:00,LPR,33.0,21.830315,8.642858,8.642857142857142,15.626949310302734,False
2025-12-08 04:00:00,LPR,34.0,21.126282,6.714286,6.714285714285714,15.626949310302734,False
2025-12-08 05:00:00,LPR,25.0,17.83721,4.0,4.0,15.626949310302734,False
2025-12-08 06:00:00,LPR,17.0,14.097192,2.5714285,2.5714285714285716,15.626949310302734,False
2025-12-08 07:00:00,LPR,13.0,10.910943,2.7857144,2.7857142857142856,15.626949310302734,False
2025-12-08 08:00:00,LPR,20.0,9.009441,3.4285715,3.4285714285714284,15.626949310302734,False
2025-12-08 09:00:00,LPR,16.0,12.105179,8.0,8.0,15.626949310302734,False
2025-12-08 10:00:00,LPR,17.0,24.213446,21.25,21.25,15.626949310302734,False
2025-12-08 11:00:00,LPR,19.0,42.622364,41.583332,41.583333333333336,15.626949310302734,True
2025-12-08 12:00:00,LPR,20.0,54.791985,55.923077,55.92307692307692,15.626949310302734,True
2025-12-08 13:00:00,LPR,17.0,52.350063,56.153847,56.15384615384615,15.626949310302734,True
2025-12-08 14:00:00,LPR,20.0,57.761078,63.357143,63.357142857142854,15.626949310302734,True
2025-12-08 15:00:00,LPR,24.0,55.753723,64.35714,64.35714285714286,15.626949310302734,True
2025-12-08 16:00:00,LPR,28.0,50.28858,60.642857,60.642857142857146,15.626949310302734,True
2025-12-08 17:00:00,LPR,12.0,32.371223,44.285713,44.285714285714285,15.626949310302734,True
2025-12-08 19:00:00,LPR,6.0,13.371978,24.0,24.0,15.626949310302734,False
2025-12-08 20:00:00,LPR,5.0,10.068773,18.571428,18.571428571428573,15.626949310302734,False
2025-12-08 21:00:00,LPR,7.0,10.091869,16.285715,16.285714285714285,15.626949310302734,False
2025-12-08 22:00:00,LPR,9.0,5.892479,10.357142,10.357142857142858,15.626949310302734,False
2025-12-08 23:00:00,LPR,1.0,7.1730227,9.785714,9.785714285714286,15.626949310302734,False
2025-12-09 00:00:00,LPR,1.0,11.05328,13.181818,13.181818181818182,15.626949310302734,False
2025-12-09 01:00:00,LPR,1.0,14.070038,15.363636,15.363636363636363,15.626949310302734,False
2025-12-09 02:00:00,LPR,1.0,14.347844,15.545455,15.545454545454545,15.626949310302734,False
2025-12-09 03:00:00,LPR,2.0,9.906688,10.928572,10.928571428571429,15.626949310302734,False
2025-12-09 04:00:00,LPR,1.0,8.05011,9.071428,9.071428571428571,15.626949310302734,False
2025-12-09 05:00:00,LPR,2.0,4.1860194,5.714286,5.714285714285714,15.626949310302734,False
2025-12-09 06:00:00,LPR,2.0,1.2571421,3.642857,3.642857142857143,15.626949310302734,False
2025-12-09 07:00:00,LPR,2.0,-0.37957978,3.5714285,3.5714285714285716,15.626949310302734,False
2025-12-09 08:00:00,LPR,2.0,-1.5611725,4.714286,4.714285714285714,15.626949310302734,False
2025-12-09 09:00:00,LPR,6.0,-0.9427881,8.153846,8.153846153846153,15.626949310302734,False
2025-12-09 10:00:00,LPR,17.0,8.526608,20.166666,20.166666666666668,15.626949310302734,False
2025-12-09 11:00:00,LPR,38.0,27.674538,38.916668,38.916666666666664,15.626949310302734,False
2025-12-09 12:00:00,LPR,51.0,45.677002,52.53846,52.53846153846154,15.626949310302734,False
2025-12-09 13:00:00,LPR,43.0,48.56708,51.846153,51.84615384615385,15.626949310302734,False
2025-12-09 14:00:00,LPR,46.0,55.118015,57.57143,57.57142857142857,15.626949310302734,False
2025-12-09 15:00:00,LPR,48.0,55.285034,57.642857,57.642857142857146,15.626949310302734,False
2025-12-09 16:00:00,LPR,37.0,46.6292,53.42857,53.42857142857143,15.626949310302734,False
2025-12-09 17:00:00,LPR,39.0,37.03392,37.857143,37.857142857142854,15.626949310302734,False
2025-12-09 18:00:00,LPR,13.0,30.51763,29.307692,29.307692307692307,15.626949310302734,True
2025-12-09 19:00:00,LPR,25.0,17.68034,23.071428,23.071428571428573,15.626949310302734,False
2025-12-09 20:00:00,LPR,19.0,18.26153,18.428572,18.428571428571427,15.626949310302734,False
2025-12-09 21:00:00,LPR,16.0,20.66614,16.642857,16.642857142857142,15.626949310302734,False
2025-12-09 22:00:00,LPR,9.0,13.764317,10.928572,10.928571428571429,15.626949310302734,False
2025-12-09 23:00:00,LPR,8.0,12.564511,9.785714,9.785714285714286,15.626949310302734,False
2025-12-10 00:00:00,LPR,23.0,15.603685,12.166667,12.166666666666666,15.626949310302734,False
2025-12-10 01:00:00,LPR,17.0,19.737339,14.166667,14.166666666666666,15.626949310302734,False
2025-12-10 02:00:00,LPR,12.0,20.609047,14.333333,14.333333333333334,15.626949310302734,False
2025-12-10 03:00:00,LPR,4.0,16.075504,11.0,11.0,15.626949310302734,False
2025-12-10 04:00:00,LPR,1.0,12.090553,9.071428,9.071428571428571,15.626949310302734,False
2025-12-10 05:00:00,LPR,1.0,7.840037,5.785714,5.785714285714286,15.626949310302734,False
2025-12-10 06:00:00,LPR,1.0,5.2112994,3.7142856,3.7142857142857144,15.626949310302734,False
2025-12-10 07:00:00,LPR,2.0,4.434337,3.5714285,3.5714285714285716,15.626949310302734,False
2025-12-10 08:00:00,LPR,2.0,4.9373055,4.714286,4.714285714285714,15.626949310302734,False
2025-12-10 09:00:00,LPR,7.0,7.676978,8.076923,8.076923076923077,15.626949310302734,False
2025-12-10 10:00:00,LPR,16.0,19.017433,19.923077,19.923076923076923,15.626949310302734,False
2025-12-10 11:00:00,LPR,31.0,39.03903,38.846153,38.84615384615385,15.626949310302734,False
2025-12-10 12:00:00,LPR,49.0,54.03543,52.42857,52.42857142857143,15.626949310302734,False
2025-12-10 13:00:00,LPR,40.0,51.246555,51.214287,51.214285714285715,15.626949310302734,False
2025-12-10 14:00:00,LPR,37.0,50.972656,54.214287,54.214285714285715,15.626949310302734,False
2025-12-10 15:00:00,LPR,41.0,47.076122,54.92857,54.92857142857143,15.626949310302734,False
2025-12-10 16:00:00,LPR,48.0,39.418026,50.0,50.0,15.626949310302734,False
2025-12-10 17:00:00,LPR,36.0,25.333927,36.357143,36.357142857142854,15.626949310302734,False
2025-12-10 18:00:00,LPR,25.0,17.53421,28.384615,28.384615384615383,15.626949310302734,False
2025-12-10 19:00:00,LPR,18.0,14.333728,23.5,23.5,15.626949310302734,False
2025-12-10 20:00:00,LPR,23.0,12.45672,18.357143,18.357142857142858,15.626949310302734,False
2025-12-10 21:00:00,LPR,19.0,14.12501,15.785714,15.785714285714286,15.626949310302734,False
2025-12-10 22:00:00,LPR,16.0,10.949683,10.571428,10.571428571428571,15.626949310302734,False
2025-12-10 23:00:00,LPR,21.0,10.279144,10.214286,10.214285714285714,15.626949310302734,False
2025-12-11 00:00:00,LPR,25.0,11.73152,12.0,12.0,15.626949310302734,False
2025-12-11 01:00:00,LPR,28.0,13.961955,12.333333,12.333333333333334,15.626949310302734,False
2025-12-11 02:00:00,LPR,18.0,15.270686,13.166667,13.166666666666666,15.626949310302734,False
2025-12-11 03:00:00,LPR,15.0,11.73061,10.428572,10.428571428571429,15.626949310302734,False
2025-12-11 04:00:00,LPR,5.0,8.750319,9.071428,9.071428571428571,15.626949310302734,False
2025-12-11 05:00:00,LPR,2.0,4.785225,5.785714,5.785714285714286,15.626949310302734,False
2025-12-11 06:00:00,LPR,2.0,1.8850819,3.7142856,3.7142857142857144,15.626949310302734,False
2025-12-11 07:00:00,LPR,2.0,0.9641216,3.642857,3.642857142857143,15.626949310302734,False
2025-12-11 08:00:00,LPR,2.0,0.520648,4.714286,4.714285714285714,15.626949310302734,False
2025-12-11 09:00:00,LPR,7.0,1.8397498,8.0,8.0,15.626949310302734,False
2025-12-11 10:00:00,LPR,16.0,12.0411,19.642857,19.642857142857142,15.626949310302734,False
2025-12-11 11:00:00,LPR,32.0,29.807117,38.285713,38.285714285714285,15.626949310302734,False
2025-12-11 12:00:00,LPR,44.0,45.1504,53.0,53.0,15.626949310302734,False
2025-12-11 13:00:00,LPR,60.0,43.522583,50.5,50.5,15.626949310302734,True
2025-12-11 14:00:00,LPR,63.0,46.237007,53.214287,53.214285714285715,15.626949310302734,True
2025-12-11 15:00:00,LPR,56.0,46.48856,54.0,54.0,15.626949310302734,False
2025-12-11 16:00:00,LPR,41.0,42.89766,49.92857,49.92857142857143,15.626949310302734,False
2025-12-11 17:00:00,LPR,25.0,28.033117,36.92857,36.92857142857143,15.626949310302734,False
2025-12-11 18:00:00,LPR,22.0,17.9245,28.461538,28.46153846153846,15.626949310302734,False
2025-12-11 19:00:00,LPR,10.0,13.920534,23.0,23.0,15.626949310302734,False
2025-12-11 20:00:00,LPR,18.0,12.834352,18.428572,18.428571428571427,15.626949310302734,False
2025-12-11 21:00:00,LPR,17.0,16.592052,15.642858,15.642857142857142,15.626949310302734,False
2025-12-11 22:00:00,LPR,15.0,10.831169,10.071428,10.071428571428571,15.626949310302734,False
2025-12-11 23:00:00,LPR,4.0,8.901175,9.714286,9.714285714285714,15.626949310302734,False
2025-12-12 00:00:00,LPR,1.0,9.050416,11.583333,11.583333333333334,15.626949310302734,False
2025-12-12 01:00:00,LPR,1.0,9.514408,12.25,12.25,15.626949310302734,False
2025-12-12 02:00:00,LPR,1.0,9.537506,11.833333,11.833333333333334,15.626949310302734,False
2025-12-12 03:00:00,LPR,1.0,7.510585,9.5,9.5,15.626949310302734,False
2025-12-12 04:00:00,LPR,1.0,5.690158,7.714286,7.714285714285714,15.626949310302734,False
2025-12-12 05:00:00,LPR,1.0,2.4902275,4.714286,4.714285714285714,15.626949310302734,False
2025-12-12 06:00:00,LPR,1.0,0.7079606,3.2857144,3.2857142857142856,15.626949310302734,False
2025-12-12 07:00:00,LPR,2.0,-0.4698956,3.142857,3.142857142857143,15.626949310302734,False
2025-12-12 08:00:00,LPR,2.0,-0.9348221,4.285714,4.285714285714286,15.626949310302734,False
2025-12-12 09:00:00,LPR,11.0,1.0110617,7.714286,7.714285714285714,15.626949310302734,False
2025-12-12 10:00:00,LPR,26.0,11.05129,19.285715,19.285714285714285,15.626949310302734,False
2025-12-12 11:00:00,LPR,43.0,32.097847,38.357143,38.357142857142854,15.626949310302734,False
2025-12-12 12:00:00,LPR,62.0,53.7304,53.714287,53.714285714285715,15.626949310302734,False
2025-12-12 13:00:00,LPR,52.0,54.30936,52.5,52.5,15.626949310302734,False
2025-12-12 14:00:00,LPR,43.0,52.96489,55.285713,55.285714285714285,15.626949310302734,False
2025-12-12 15:00:00,LPR,39.0,47.642403,55.785713,55.785714285714285,15.626949310302734,False
2025-12-12 16:00:00,LPR,26.0,36.025284,50.785713,50.785714285714285,15.626949310302734,False
2025-12-12 17:00:00,LPR,27.0,20.676416,37.142857,37.142857142857146,15.626949310302734,False
2025-12-12 18:00:00,LPR,9.0,14.409066,28.76923,28.76923076923077,15.626949310302734,False
2025-12-12 19:00:00,LPR,20.0,10.951113,22.5,22.5,15.626949310302734,False
2025-12-12 20:00:00,LPR,24.0,10.958555,18.5,18.5,15.626949310302734,False
2025-12-12 21:00:00,LPR,27.0,10.654833,15.642858,15.642857142857142,15.626949310302734,True
2025-12-12 22:00:00,LPR,26.0,6.193412,10.142858,10.142857142857142,15.626949310302734,True
2025-12-12 23:00:00,LPR,13.0,4.8329315,8.571428,8.571428571428571,15.626949310302734,False
2025-12-13 03:00:00,LPR,2.0,13.336,7.357143,7.357142857142857,15.626949310302734,False
2025-12-13 04:00:00,LPR,2.0,3.6485014,5.857143,5.857142857142857,15.626949310302734,False
2025-12-13 05:00:00,LPR,2.0,0.51032495,3.5714285,3.5714285714285716,15.626949310302734,False
2025-12-13 06:00:00,LPR,2.0,-1.0320675,2.5,2.5,15.626949310302734,False
2025-12-13 07:00:00,LPR,2.0,-1.3646407,2.642857,2.642857142857143,15.626949310302734,False
2025-12-13 08:00:00,LPR,2.0,-1.9709284,3.7142856,3.7142857142857144,15.626949310302734,False
2025-12-13 09:00:00,LPR,4.0,-0.19743156,7.785714,7.785714285714286,15.626949310302734,False
2025-12-13 10:00:00,LPR,7.0,8.121384,20.285715,20.285714285714285,15.626949310302734,False
2025-12-13 11:00:00,LPR,15.0,24.303371,40.285713,40.285714285714285,15.626949310302734,False
2025-12-13 12:00:00,LPR,31.0,39.072876,56.857143,56.857142857142854,15.626949310302734,False
2025-12-13 13:00:00,LPR,51.0,36.94802,54.785713,54.785714285714285,15.626949310302734,False
2025-12-13 14:00:00,LPR,47.0,38.198185,57.357143,57.357142857142854,15.626949310302734,False
2025-12-13 15:00:00,LPR,49.0,38.615356,57.357143,57.357142857142854,15.626949310302734,False
2025-12-13 16:00:00,LPR,47.0,34.40103,50.785713,50.785714285714285,15.626949310302734,False
2025-12-13 17:00:00,LPR,40.0,23.311493,38.0,38.0,15.626949310302734,True
2025-12-13 18:00:00,LPR,31.0,14.849246,28.846153,28.846153846153847,15.626949310302734,True
2025-12-13 19:00:00,LPR,30.0,11.284335,23.571428,23.571428571428573,15.626949310302734,True
2025-12-13 20:00:00,LPR,25.0,10.303569,19.857143,19.857142857142858,15.626949310302734,False
2025-12-13 21:00:00,LPR,17.0,10.498664,17.214285,17.214285714285715,15.626949310302734,False
2025-12-13 22:00:00,LPR,5.0,7.4752154,11.857142,11.857142857142858,15.626949310302734,False
2025-12-13 23:00:00,LPR,6.0,4.5291824,9.428572,9.428571428571429,15.626949310302734,False
2025-12-14 00:00:00,LPR,14.0,5.9741426,10.545455,10.545454545454545,15.626949310302734,False
2025-12-14 01:00:00,LPR,9.0,6.7295012,10.818182,10.818181818181818,15.626949310302734,False
2025-12-14 02:00:00,LPR,1.0,7.042146,10.090909,10.090909090909092,15.626949310302734,False
2025-12-14 03:00:00,LPR,1.0,6.0508466,7.428571,7.428571428571429,15.626949310302734,False
2025-12-14 04:00:00,LPR,1.0,4.422458,5.857143,5.857142857142857,15.626949310302734,False
2025-12-14 05:00:00,LPR,1.0,1.8486567,3.5714285,3.5714285714285716,15.626949310302734,False
2025-12-14 06:00:00,LPR,2.0,0.8890834,2.5,2.5,15.626949310302734,False
2025-12-14 07:00:00,LPR,2.0,0.6604575,2.642857,2.642857142857143,15.626949310302734,False
2025-12-14 08:00:00,LPR,3.0,1.5565448,3.7142856,3.7142857142857144,15.626949310302734,False
2025-12-14 09:00:00,LPR,6.0,4.7816963,7.785714,7.785714285714286,15.626949310302734,False
2025-12-14 10:00:00,LPR,18.0,16.127472,19.785715,19.785714285714285,15.626949310302734,False
2025-12-14 11:00:00,LPR,33.0,37.362324,39.285713,39.285714285714285,15.626949310302734,False
2025-12-14 12:00:00,LPR,40.0,58.03777,56.142857,56.142857142857146,15.626949310302734,True
2025-12-14 13:00:00,LPR,38.0,55.04862,55.5,55.5,15.626949310302734,True
2025-12-14 14:00:00,LPR,39.0,49.745026,57.642857,57.642857142857146,15.626949310302734,False
2025-12-14 15:00:00,LPR,32.0,46.813725,58.785713,58.785714285714285,15.626949310302734,False
2025-12-14 16:00:00,LPR,33.0,37.793137,51.714287,51.714285714285715,15.626949310302734,False
2025-12-14 17:00:00,LPR,31.0,24.861225,38.857143,38.857142857142854,15.626949310302734,False
2025-12-14 18:00:00,LPR,27.0,19.08535,29.615385,29.615384615384617,15.626949310302734,False
2025-12-14 19:00:00,LPR,21.0,16.536314,24.0,24.0,15.626949310302734,False
2025-12-14 20:00:00,LPR,22.0,16.619604,19.714285,19.714285714285715,15.626949310302734,False
2025-12-14 21:00:00,LPR,25.0,16.747858,17.0,17.0,15.626949310302734,False
2025-12-14 22:00:00,LPR,24.0,13.147231,12.0,12.0,15.626949310302734,False
2025-12-14 23:00:00,LPR,28.0,13.550443,9.714286,9.714285714285714,15.626949310302734,False
2025-12-15 00:00:00,LPR,29.0,18.094505,11.636364,11.636363636363637,15.626949310302734,False
2025-12-15 01:00:00,LPR,24.0,21.039944,11.545455,11.545454545454545,15.626949310302734,False
2025-12-15 02:00:00,LPR,27.0,21.711582,10.090909,10.090909090909092,15.626949310302734,False
2025-12-15 03:00:00,LPR,27.0,19.700483,7.357143,7.357142857142857,15.626949310302734,False
2025-12-15 04:00:00,LPR,26.0,18.581995,5.785714,5.785714285714286,15.626949310302734,False
2025-12-15 05:00:00,LPR,18.0,14.706076,3.5,3.5,15.626949310302734,False
2025-12-15 06:00:00,LPR,17.0,10.125241,2.5,2.5,15.626949310302734,False
2025-12-15 07:00:00,LPR,8.0,5.0133553,2.642857,2.642857142857143,15.626949310302734,False
2025-12-15 08:00:00,LPR,10.0,2.256784,3.7142856,3.7142857142857144,15.626949310302734,False
2025-12-15 09:00:00,LPR,12.0,3.130581,7.357143,7.357142857142857,15.626949310302734,False
2025-12-15 10:00:00,LPR,15.0,12.715279,18.928572,18.928571428571427,15.626949310302734,False
2025-12-15 11:00:00,LPR,15.0,29.166435,37.714287,37.714285714285715,15.626949310302734,False
2025-12-15 12:00:00,LPR,15.0,44.308105,54.357143,54.357142857142854,15.626949310302734,True
2025-12-15 13:00:00,LPR,16.0,41.51046,53.785713,53.785714285714285,15.626949310302734,True
2025-12-15 14:00:00,LPR,15.0,39.691685,54.785713,54.785714285714285,15.626949310302734,True
2025-12-15 15:00:00,LPR,14.0,37.163124,55.92857,55.92857142857143,15.626949310302734,True
2025-12-15 16:00:00,LPR,17.0,26.348295,48.07143,48.07142857142857,15.626949310302734,False
2025-12-15 17:00:00,LPR,14.0,13.9444275,36.285713,36.285714285714285,15.626949310302734,False
2025-12-15 18:00:00,LPR,11.0,7.790558,28.384615,28.384615384615383,15.626949310302734,False
2025-12-15 19:00:00,LPR,10.0,4.9805183,22.928572,22.928571428571427,15.626949310302734,False
2025-12-15 20:00:00,LPR,10.0,4.447919,19.428572,19.428571428571427,15.626949310302734,False
2025-12-15 21:00:00,LPR,8.0,4.644202,17.0,17.0,15.626949310302734,False
2025-12-15 22:00:00,LPR,6.0,2.2837114,12.428572,12.428571428571429,15.626949310302734,False
2025-12-15 23:00:00,LPR,3.0,2.7414837,11.142858,11.142857142857142,15.626949310302734,False
2025-12-16 00:00:00,LPR,1.0,6.715352,13.083333,13.083333333333334,15.626949310302734,False
2025-12-16 01:00:00,LPR,2.0,6.5801163,12.583333,12.583333333333334,15.626949310302734,False
2025-12-16 02:00:00,LPR,1.0,6.5890427,11.5,11.5,15.626949310302734,False
2025-12-16 03:00:00,LPR,1.0,5.147691,9.214286,9.214285714285714,15.626949310302734,False
2025-12-16 04:00:00,LPR,1.0,3.9081402,7.571429,7.571428571428571,15.626949310302734,False
2025-12-16 05:00:00,LPR,1.0,0.11398411,4.714286,4.714285714285714,15.626949310302734,False
2025-12-16 06:00:00,LPR,2.0,-2.1391206,3.642857,3.642857142857143,15.626949310302734,False
2025-12-16 07:00:00,LPR,2.0,-4.397174,3.0714285,3.0714285714285716,15.626949310302734,False
2025-12-16 08:00:00,LPR,2.0,-5.4524975,4.285714,4.285714285714286,15.626949310302734,False
2025-12-16 09:00:00,LPR,3.0,-4.795156,7.928571,7.928571428571429,15.626949310302734,False
2025-12-16 10:00:00,LPR,10.0,2.8295422,18.785715,18.785714285714285,15.626949310302734,False
2025-12-16 11:00:00,LPR,21.0,17.496866,36.142857,36.142857142857146,15.626949310302734,False
2025-12-16 12:00:00,LPR,52.0,34.079803,51.714287,51.714285714285715,15.626949310302734,True
2025-12-16 13:00:00,LPR,76.0,38.95576,51.07143,51.07142857142857,15.626949310302734,True
2025-12-16 14:00:00,LPR,72.0,44.976917,51.285713,51.285714285714285,15.626949310302734,True
2025-12-16 15:00:00,LPR,63.0,45.535583,51.57143,51.57142857142857,15.626949310302734,True
2025-12-16 16:00:00,LPR,52.0,43.09687,45.285713,45.285714285714285,15.626949310302734,False
2025-12-16 17:00:00,LPR,30.0,35.229397,34.142857,34.142857142857146,15.626949310302734,False
2025-12-16 18:00:00,LPR,18.0,23.669386,26.76923,26.76923076923077,15.626949310302734,False
2025-12-16 19:00:00,LPR,8.0,13.068751,21.5,21.5,15.626949310302734,False
2025-12-16 20:00:00,LPR,8.0,11.373658,18.785715,18.785714285714285,15.626949310302734,False
2025-12-16 21:00:00,LPR,16.0,10.520249,16.428572,16.428571428571427,15.626949310302734,False
2025-12-16 22:00:00,LPR,10.0,8.450266,12.785714,12.785714285714286,15.626949310302734,False
2025-12-16 23:00:00,LPR,20.0,9.328113,11.285714,11.285714285714286,15.626949310302734,False
2025-12-17 00:00:00,LPR,21.0,13.519369,13.083333,13.083333333333334,15.626949310302734,False
2025-12-17 01:00:00,LPR,1.0,12.677967,12.666667,12.666666666666666,15.626949310302734,False
2025-12-17 02:00:00,LPR,1.0,10.588752,11.333333,11.333333333333334,15.626949310302734,False
2025-12-17 03:00:00,LPR,1.0,7.9826136,9.0,9.0,15.626949310302734,False
2025-12-17 04:00:00,LPR,1.0,6.139351,7.571429,7.571428571428571,15.626949310302734,False
2025-12-17 05:00:00,LPR,1.0,3.1189075,4.714286,4.714285714285714,15.626949310302734,False
2025-12-17 06:00:00,LPR,2.0,2.1521473,3.7142856,3.7142857142857144,15.626949310302734,False
2025-12-17 07:00:00,LPR,2.0,1.5086769,3.0714285,3.0714285714285716,15.626949310302734,False
2025-12-17 08:00:00,LPR,3.0,2.6392722,4.285714,4.285714285714286,15.626949310302734,False
2025-12-17 09:00:00,LPR,17.0,6.013127,7.785714,7.785714285714286,15.626949310302734,False
2025-12-17 10:00:00,LPR,23.0,16.35793,18.071428,18.071428571428573,15.626949310302734,False
2025-12-17 11:00:00,LPR,44.0,36.553936,34.07143,34.07142857142857,15.626949310302734,False
2025-12-17 12:00:00,LPR,50.0,59.46926,50.57143,50.57142857142857,15.626949310302734,False
2025-12-17 13:00:00,LPR,54.0,58.91351,50.642857,50.642857142857146,15.626949310302734,False
2025-12-17 14:00:00,LPR,60.0,56.62535,49.857143,49.857142857142854,15.626949310302734,False
2025-12-17 15:00:00,LPR,62.0,56.954514,50.42857,50.42857142857143,15.626949310302734,False
2025-12-17 16:00:00,LPR,37.0,44.307945,45.0,45.0,15.626949310302734,False
2025-12-17 17:00:00,LPR,22.0,25.723492,33.5,33.5,15.626949310302734,False
2025-12-17 18:00:00,LPR,11.0,15.203355,25.076923,25.076923076923077,15.626949310302734,False
2025-12-17 19:00:00,LPR,10.0,10.537347,20.142857,20.142857142857142,15.626949310302734,False
2025-12-17 20:00:00,LPR,2.0,10.068269,18.285715,18.285714285714285,15.626949310302734,False
2025-12-17 21:00:00,LPR,1.0,9.434605,17.142857,17.142857142857142,15.626949310302734,False
2025-12-17 22:00:00,LPR,1.0,5.9336214,13.428572,13.428571428571429,15.626949310302734,False
2025-12-17 23:00:00,LPR,1.0,5.602804,12.642858,12.642857142857142,15.626949310302734,False
2025-12-18 00:00:00,LPR,1.0,8.427153,14.75,14.75,15.626949310302734,False
2025-12-18 01:00:00,LPR,1.0,7.194825,12.666667,12.666666666666666,15.626949310302734,False
2025-12-18 02:00:00,LPR,1.0,6.3067026,11.333333,11.333333333333334,15.626949310302734,False
2025-12-18 03:00:00,LPR,1.0,4.1772566,8.642858,8.642857142857142,15.626949310302734,False
2025-12-18 04:00:00,LPR,1.0,3.0787826,6.857143,6.857142857142857,15.626949310302734,False
2025-12-18 05:00:00,LPR,2.0,1.0825369,4.214286,4.214285714285714,15.626949310302734,False
2025-12-18 06:00:00,LPR,2.0,0.7140262,3.7857144,3.7857142857142856,15.626949310302734,False
2025-12-18 07:00:00,LPR,2.0,-0.03673196,3.142857,3.142857142857143,15.626949310302734,False
2025-12-18 08:00:00,LPR,2.0,0.8607247,4.357143,4.357142857142857,15.626949310302734,False
2025-12-18 09:00:00,LPR,13.0,4.3559246,8.642858,8.642857142857142,15.626949310302734,False
2025-12-18 10:00:00,LPR,30.0,12.919463,18.0,18.0,15.626949310302734,True
2025-12-18 11:00:00,LPR,48.0,30.894506,33.642857,33.642857142857146,15.626949310302734,True
2025-12-18 12:00:00,LPR,55.0,49.926258,48.92857,48.92857142857143,15.626949310302734,False
2025-12-18 13:00:00,LPR,54.0,51.62569,49.857143,49.857142857142854,15.626949310302734,False
2025-12-18 14:00:00,LPR,58.0,42.02285,48.714287,48.714285714285715,15.626949310302734,True
2025-12-18 15:00:00,LPR,48.0,35.24991,47.5,47.5,15.626949310302734,False
2025-12-18 16:00:00,LPR,34.0,22.77602,41.57143,41.57142857142857,15.626949310302734,False
2025-12-18 17:00:00,LPR,28.0,14.719233,31.071428,31.071428571428573,15.626949310302734,False
2025-12-18 18:00:00,LPR,20.0,8.984844,23.23077,23.23076923076923,15.626949310302734,False
2025-12-18 19:00:00,LPR,11.0,6.311555,19.571428,19.571428571428573,15.626949310302734,False
2025-12-18 20:00:00,LPR,5.0,6.106797,17.928572,17.928571428571427,15.626949310302734,False
2025-12-18 21:00:00,LPR,2.0,6.0967236,17.071428,17.071428571428573,15.626949310302734,False
2025-12-18 22:00:00,LPR,9.0,3.4557848,13.357142,13.357142857142858,15.626949310302734,False
2025-12-18 23:00:00,LPR,2.0,4.874665,12.642858,12.642857142857142,15.626949310302734,False
2025-12-19 03:00:00,LPR,2.0,12.207256,8.642858,8.642857142857142,15.626949310302734,False
2025-12-19 04:00:00,LPR,2.0,3.383294,6.857143,6.857142857142857,15.626949310302734,False
2025-12-19 05:00:00,LPR,2.0,0.95046496,4.285714,4.285714285714286,15.626949310302734,False
2025-12-19 06:00:00,LPR,2.0,0.2801051,3.7857144,3.7857142857142856,15.626949310302734,False
2025-12-19 07:00:00,LPR,2.0,-0.8027842,3.142857,3.142857142857143,15.626949310302734,False
2025-12-19 08:00:00,LPR,2.0,-0.66845703,4.357143,4.357142857142857,15.626949310302734,False
2025-12-19 09:00:00,LPR,7.0,2.7833738,9.214286,9.214285714285714,15.626949310302734,False
2025-12-19 10:00:00,LPR,16.0,9.856278,18.928572,18.928571428571427,15.626949310302734,False
2025-12-19 11:00:00,LPR,32.0,23.885067,33.57143,33.57142857142857,15.626949310302734,False
2025-12-19 12:00:00,LPR,48.0,34.40948,47.857143,47.857142857142854,15.626949310302734,False
2025-12-19 13:00:00,LPR,52.0,32.627712,48.857143,48.857142857142854,15.626949310302734,True
2025-12-19 14:00:00,LPR,55.0,29.203218,48.0,48.0,15.626949310302734,True
2025-12-19 15:00:00,LPR,55.0,28.350428,45.42857,45.42857142857143,15.626949310302734,True
2025-12-19 16:00:00,LPR,56.0,24.355999,38.714287,38.714285714285715,15.626949310302734,True
2025-12-19 17:00:00,LPR,51.0,16.705616,28.785715,28.785714285714285,15.626949310302734,True
2025-12-19 18:00:00,LPR,21.0,10.362494,21.692308,21.692307692307693,15.626949310302734,False
2025-12-19 19:00:00,LPR,22.0,2.6151361,17.642857,17.642857142857142,15.626949310302734,True
2025-12-19 20:00:00,LPR,17.0,1.4689198,15.642858,15.642857142857142,15.626949310302734,False
2025-12-19 21:00:00,LPR,8.0,2.120532,14.928572,14.928571428571429,15.626949310302734,False
2025-12-19 22:00:00,LPR,1.0,0.6207504,11.285714,11.285714285714286,15.626949310302734,False
2025-12-19 23:00:00,LPR,2.0,2.3468294,10.857142,10.857142857142858,15.626949310302734,False
2025-12-20 00:00:00,LPR,9.0,7.803534,14.181818,14.181818181818182,15.626949310302734,False
2025-12-20 01:00:00,LPR,1.0,6.787824,11.909091,11.909090909090908,15.626949310302734,False
2025-12-20 02:00:00,LPR,1.0,4.833436,9.909091,9.909090909090908,15.626949310302734,False
2025-12-20 03:00:00,LPR,1.0,1.609263,6.642857,6.642857142857143,15.626949310302734,False
2025-12-20 04:00:00,LPR,1.0,0.8681426,5.714286,5.714285714285714,15.626949310302734,False
2025-12-20 05:00:00,LPR,2.0,-0.22584581,4.357143,4.357142857142857,15.626949310302734,False
2025-12-20 06:00:00,LPR,2.0,-0.065610886,3.857143,3.857142857142857,15.626949310302734,False
2025-12-20 07:00:00,LPR,2.0,-0.21690035,3.142857,3.142857142857143,15.626949310302734,False
2025-12-20 08:00:00,LPR,2.0,1.2334754,4.142857,4.142857142857143,15.626949310302734,False
2025-12-20 09:00:00,LPR,4.0,7.3699555,9.214286,9.214285714285714,15.626949310302734,False
2025-12-20 10:00:00,LPR,11.0,17.638924,18.642857,18.642857142857142,15.626949310302734,False
2025-12-20 11:00:00,LPR,34.0,35.163624,32.785713,32.785714285714285,15.626949310302734,False
2025-12-20 12:00:00,LPR,57.0,53.600815,46.92857,46.92857142857143,15.626949310302734,False
2025-12-20 13:00:00,LPR,67.0,50.244976,47.142857,47.142857142857146,15.626949310302734,True
2025-12-20 14:00:00,LPR,72.0,46.389606,47.07143,47.07142857142857,15.626949310302734,True
2025-12-20 15:00:00,LPR,78.0,43.066803,45.214287,45.214285714285715,15.626949310302734,True
2025-12-20 16:00:00,LPR,72.0,37.29316,39.42857,39.42857142857143,15.626949310302734,True
2025-12-20 17:00:00,LPR,55.0,25.073542,29.785715,29.785714285714285,15.626949310302734,True
2025-12-20 18:00:00,LPR,45.0,10.739352,20.76923,20.76923076923077,15.626949310302734,True
2025-12-20 19:00:00,LPR,40.0,4.4053965,17.5,17.5,15.626949310302734,True
2025-12-20 20:00:00,LPR,39.0,4.5808477,16.071428,16.071428571428573,15.626949310302734,True
2025-12-20 21:00:00,LPR,29.0,5.1152325,14.857142,14.857142857142858,15.626949310302734,True
2025-12-20 22:00:00,LPR,11.0,3.304306,10.928572,10.928571428571429,15.626949310302734,False
2025-12-20 23:00:00,LPR,8.0,3.2063475,10.0,10.0,15.626949310302734,False
2025-12-21 00:00:00,LPR,12.0,6.680599,13.363636,13.363636363636363,15.626949310302734,False
2025-12-21 01:00:00,LPR,2.0,4.4485426,10.363636,10.363636363636363,15.626949310302734,False
2025-12-21 02:00:00,LPR,2.0,3.7900982,8.909091,8.909090909090908,15.626949310302734,False
2025-12-21 03:00:00,LPR,2.0,1.7999482,6.571429,6.571428571428571,15.626949310302734,False
2025-12-21 04:00:00,LPR,2.0,0.7969971,5.571429,5.571428571428571,15.626949310302734,False
2025-12-21 05:00:00,LPR,2.0,0.3582573,4.357143,4.357142857142857,15.626949310302734,False
2025-12-21 06:00:00,LPR,2.0,0.41486526,3.9285715,3.9285714285714284,15.626949310302734,False
2025-12-21 07:00:00,LPR,2.0,0.4219861,3.142857,3.142857142857143,15.626949310302734,False
2025-12-21 08:00:00,LPR,2.0,2.1347344,4.142857,4.142857142857143,15.626949310302734,False
2025-12-21 09:00:00,LPR,4.0,7.6012154,9.142858,9.142857142857142,15.626949310302734,False
2025-12-21 10:00:00,LPR,16.0,19.656477,18.285715,18.285714285714285,15.626949310302734,False
2025-12-21 11:00:00,LPR,38.0,39.39813,32.857143,32.857142857142854,15.626949310302734,False
2025-12-21 12:00:00,LPR,56.0,58.16766,47.142857,47.142857142857146,15.626949310302734,False
2025-12-21 13:00:00,LPR,65.0,50.185143,48.214287,48.214285714285715,15.626949310302734,False
2025-12-21 14:00:00,LPR,63.0,45.148468,49.285713,49.285714285714285,15.626949310302734,True
2025-12-21 15:00:00,LPR,61.0,44.408836,47.642857,47.642857142857146,15.626949310302734,True
2025-12-21 16:00:00,LPR,59.0,38.049603,40.785713,40.785714285714285,15.626949310302734,True
2025-12-21 17:00:00,LPR,52.0,29.730492,32.142857,32.142857142857146,15.626949310302734,True
2025-12-21 18:00:00,LPR,42.0,19.820305,22.384615,22.384615384615383,15.626949310302734,True
2025-12-21 19:00:00,LPR,34.0,12.936079,18.642857,18.642857142857142,15.626949310302734,True
2025-12-21 20:00:00,LPR,21.0,13.594645,17.571428,17.571428571428573,15.626949310302734,False
2025-12-21 21:00:00,LPR,28.0,15.031575,15.785714,15.785714285714286,15.626949310302734,False
2025-12-21 22:00:00,LPR,24.0,14.636388,11.5,11.5,15.626949310302734,False
2025-12-21 23:00:00,LPR,20.0,14.107961,9.785714,9.785714285714286,15.626949310302734,False
2025-12-22 00:00:00,LPR,21.0,19.586872,13.25,13.25,15.626949310302734,False
2025-12-22 01:00:00,LPR,20.0,16.292362,9.666667,9.666666666666666,15.626949310302734,False
2025-12-22 02:00:00,LPR,20.0,14.298847,8.333333,8.333333333333334,15.626949310302734,False
2025-12-22 03:00:00,LPR,3.0,10.014977,6.642857,6.642857142857143,15.626949310302734,False
2025-12-22 04:00:00,LPR,3.0,7.6980476,5.642857,5.642857142857143,15.626949310302734,False
2025-12-22 05:00:00,LPR,1.0,5.661667,4.428571,4.428571428571429,15.626949310302734,False
2025-12-22 06:00:00,LPR,1.0,5.150364,4.0,4.0,15.626949310302734,False
2025-12-22 07:00:00,LPR,2.0,3.650774,3.2142856,3.2142857142857144,15.626949310302734,False
2025-12-22 08:00:00,LPR,2.0,3.6643314,4.0,4.0,15.626949310302734,False
2025-12-22 09:00:00,LPR,4.0,6.854536,8.357142,8.357142857142858,15.626949310302734,False
2025-12-22 10:00:00,LPR,12.0,13.648917,17.0,17.0,15.626949310302734,False
2025-12-22 11:00:00,LPR,22.0,25.302305,31.642857,31.642857142857142,15.626949310302734,False
2025-12-22 12:00:00,LPR,34.0,35.80605,45.0,45.0,15.626949310302734,False
2025-12-22 13:00:00,LPR,46.0,38.774715,48.92857,48.92857142857143,15.626949310302734,False
2025-12-22 14:00:00,LPR,47.0,37.011925,49.285713,49.285714285714285,15.626949310302734,False
2025-12-22 15:00:00,LPR,31.0,33.857895,47.857143,47.857142857142854,15.626949310302734,False
2025-12-22 16:00:00,LPR,24.0,22.206018,41.92857,41.92857142857143,15.626949310302734,False
2025-12-22 17:00:00,LPR,18.0,12.818811,33.0,33.0,15.626949310302734,False
2025-12-22 18:00:00,LPR,14.0,4.3324947,22.692308,22.692307692307693,15.626949310302734,False
2025-12-22 19:00:00,LPR,12.0,3.0643349,18.928572,18.928571428571427,15.626949310302734,False
2025-12-22 20:00:00,LPR,8.0,3.88198,17.0,17.0,15.626949310302734,False
2025-12-22 21:00:00,LPR,12.0,5.3369665,15.714286,15.714285714285714,15.626949310302734,False
2025-12-22 22:00:00,LPR,10.0,4.032035,11.857142,11.857142857142858,15.626949310302734,False
2025-12-22 23:00:00,LPR,11.0,3.9002576,9.785714,9.785714285714286,15.626949310302734,False
2025-12-23 00:00:00,LPR,11.0,8.158471,13.166667,13.166666666666666,15.626949310302734,False
2025-12-23 01:00:00,LPR,5.0,4.8940625,8.916667,8.916666666666666,15.626949310302734,False
2025-12-23 02:00:00,LPR,3.0,3.677938,7.1666665,7.166666666666667,15.626949310302734,False
2025-12-23 03:00:00,LPR,2.0,1.3721642,4.5,4.5,15.626949310302734,False
2025-12-23 04:00:00,LPR,1.0,0.50214696,3.4285715,3.4285714285714284,15.626949310302734,False
2025-12-23 05:00:00,LPR,1.0,-0.4206624,2.7142856,2.7142857142857144,15.626949310302734,False
2025-12-23 06:00:00,LPR,2.0,-0.960829,2.857143,2.857142857142857,15.626949310302734,False
2025-12-23 07:00:00,LPR,5.0,-2.133218,2.4285715,2.4285714285714284,15.626949310302734,False
2025-12-23 08:00:00,LPR,6.0,-3.8812869,2.7142856,2.7142857142857144,15.626949310302734,False
2025-12-23 09:00:00,LPR,6.0,-1.5325575,7.5,7.5,15.626949310302734,False
2025-12-23 10:00:00,LPR,10.0,4.6259155,16.642857,16.642857142857142,15.626949310302734,False
2025-12-23 11:00:00,LPR,14.0,16.19376,31.857143,31.857142857142858,15.626949310302734,False
2025-12-23 12:00:00,LPR,23.0,26.86308,46.0,46.0,15.626949310302734,False
2025-12-23 13:00:00,LPR,35.0,29.977762,51.0,51.0,15.626949310302734,False
2025-12-23 14:00:00,LPR,52.0,34.886772,51.214287,51.214285714285715,15.626949310302734,True
2025-12-23 15:00:00,LPR,48.0,41.552536,48.357143,48.357142857142854,15.626949310302734,False
2025-12-23 16:00:00,LPR,44.0,40.645065,41.642857,41.642857142857146,15.626949310302734,False
2025-12-23 17:00:00,LPR,32.0,31.219664,33.42857,33.42857142857143,15.626949310302734,False
2025-12-23 18:00:00,LPR,20.0,13.369554,22.071428,22.071428571428573,15.626949310302734,False
2025-12-23 19:00:00,LPR,18.0,5.4790106,19.357143,19.357142857142858,15.626949310302734,False
2025-12-23 20:00:00,LPR,9.0,5.0321703,17.214285,17.214285714285715,15.626949310302734,False
2025-12-23 21:00:00,LPR,7.0,6.481222,16.071428,16.071428571428573,15.626949310302734,False
2025-12-23 22:00:00,LPR,10.0,4.557303,11.928572,11.928571428571429,15.626949310302734,False
2025-12-23 23:00:00,LPR,8.0,4.9058027,10.5,10.5,15.626949310302734,False
2025-12-24 00:00:00,LPR,2.0,8.858168,14.0,14.0,15.626949310302734,False
2025-12-24 01:00:00,LPR,1.0,4.732543,9.25,9.25,15.626949310302734,False
2025-12-24 02:00:00,LPR,7.0,3.1793303,7.3333335,7.333333333333333,15.626949310302734,False
2025-12-24 03:00:00,LPR,1.0,1.2730327,4.5,4.5,15.626949310302734,False
2025-12-24 04:00:00,LPR,1.0,0.41342545,3.4285715,3.4285714285714284,15.626949310302734,False
2025-12-24 05:00:00,LPR,1.0,-0.023765326,2.642857,2.642857142857143,15.626949310302734,False
2025-12-24 06:00:00,LPR,2.0,0.5646343,2.857143,2.857142857142857,15.626949310302734,False
2025-12-24 07:00:00,LPR,2.0,0.52828574,2.642857,2.642857142857143,15.626949310302734,False
2025-12-24 08:00:00,LPR,2.0,0.04157853,3.0,3.0,15.626949310302734,False
2025-12-24 09:00:00,LPR,5.0,4.5719814,7.5,7.5,15.626949310302734,False
2025-12-24 10:00:00,LPR,12.0,12.63173,16.142857,16.142857142857142,15.626949310302734,False
2025-12-24 11:00:00,LPR,25.0,26.696373,30.142857,30.142857142857142,15.626949310302734,False
2025-12-24 12:00:00,LPR,36.0,42.378136,44.0,44.0,15.626949310302734,False
2025-12-24 13:00:00,LPR,46.0,52.169094,50.42857,50.42857142857143,15.626949310302734,False
2025-12-24 14:00:00,LPR,51.0,58.009895,51.642857,51.642857142857146,15.626949310302734,False
2025-12-24 15:00:00,LPR,47.0,48.769466,48.357143,48.357142857142854,15.626949310302734,False
2025-12-24 16:00:00,LPR,34.0,37.42342,42.142857,42.142857142857146,15.626949310302734,False
2025-12-24 17:00:00,LPR,42.0,30.718113,32.92857,32.92857142857143,15.626949310302734,False
2025-12-24 18:00:00,LPR,18.0,18.692047,22.571428,22.571428571428573,15.626949310302734,False
2025-12-24 19:00:00,LPR,12.0,8.834781,18.857143,18.857142857142858,15.626949310302734,False
2025-12-24 20:00:00,LPR,9.0,7.71231,16.5,16.5,15.626949310302734,False
2025-12-24 21:00:00,LPR,11.0,9.379608,15.428572,15.428571428571429,15.626949310302734,False
2025-12-24 22:00:00,LPR,12.0,7.6429396,12.0,12.0,15.626949310302734,False
2025-12-24 23:00:00,LPR,13.0,7.3032074,10.5,10.5,15.626949310302734,False
2025-12-25 03:00:00,LPR,1.0,10.032077,4.285714,4.285714285714286,15.626949310302734,False
2025-12-25 04:00:00,LPR,1.0,2.0676727,3.4285715,3.4285714285714284,15.626949310302734,False
2025-12-25 05:00:00,LPR,1.0,0.94491374,2.642857,2.642857142857143,15.626949310302734,False
2025-12-25 06:00:00,LPR,2.0,1.5732691,2.9285715,2.9285714285714284,15.626949310302734,False
2025-12-25 07:00:00,LPR,2.0,1.7459525,2.642857,2.642857142857143,15.626949310302734,False
2025-12-25 08:00:00,LPR,4.0,1.6886395,3.0,3.0,15.626949310302734,False
2025-12-25 09:00:00,LPR,11.0,4.489293,7.357143,7.357142857142857,15.626949310302734,False
2025-12-25 10:00:00,LPR,25.0,10.07459,15.857142,15.857142857142858,15.626949310302734,False
2025-12-25 11:00:00,LPR,42.0,22.540592,29.714285,29.714285714285715,15.626949310302734,True
2025-12-25 12:00:00,LPR,64.0,37.805588,43.07143,43.07142857142857,15.626949310302734,True
2025-12-25 13:00:00,LPR,86.0,50.013554,50.857143,50.857142857142854,15.626949310302734,True
2025-12-25 14:00:00,LPR,53.0,50.81914,52.642857,52.642857142857146,15.626949310302734,False
2025-12-25 15:00:00,LPR,47.0,36.269314,48.785713,48.785714285714285,15.626949310302734,False
2025-12-25 16:00:00,LPR,38.0,23.91398,41.142857,41.142857142857146,15.626949310302734,False
2025-12-25 17:00:00,LPR,30.0,15.931089,33.357143,33.357142857142854,15.626949310302734,False
2025-12-25 18:00:00,LPR,24.0,5.3898163,22.071428,22.071428571428573,15.626949310302734,True
2025-12-25 19:00:00,LPR,22.0,4.2349443,18.428572,18.428571428571427,15.626949310302734,True
2025-12-25 20:00:00,LPR,18.0,4.0052004,15.5,15.5,15.626949310302734,False
2025-12-25 21:00:00,LPR,10.0,5.290304,14.857142,14.857142857142858,15.626949310302734,False
2025-12-25 22:00:00,LPR,7.0,3.7377577,11.714286,11.714285714285714,15.626949310302734,False
2025-12-25 23:00:00,LPR,15.0,3.881588,9.928572,9.928571428571429,15.626949310302734,False
2025-12-26 00:00:00,LPR,13.0,6.6599703,11.090909,11.090909090909092,15.626949310302734,False
2025-12-26 01:00:00,LPR,8.0,3.2454233,6.090909,6.090909090909091,15.626949310302734,False
2025-12-26 02:00:00,LPR,4.0,3.1926577,5.909091,5.909090909090909,15.626949310302734,False
2025-12-26 03:00:00,LPR,1.0,0.7400613,3.2857144,3.2857142857142856,15.626949310302734,False
2025-12-26 04:00:00,LPR,7.0,0.9021368,3.142857,3.142857142857143,15.626949310302734,False
2025-12-26 05:00:00,LPR,1.0,0.9810115,2.5714285,2.5714285714285716,15.626949310302734,False
2025-12-26 06:00:00,LPR,1.0,2.5516994,2.9285715,2.9285714285714284,15.626949310302734,False
2025-12-26 07:00:00,LPR,1.0,2.986195,2.642857,2.642857142857143,15.626949310302734,False
2025-12-26 08:00:00,LPR,2.0,3.2861576,3.142857,3.142857142857143,15.626949310302734,False
2025-12-26 09:00:00,LPR,3.0,7.545856,7.642857,7.642857142857143,15.626949310302734,False
2025-12-26 10:00:00,LPR,5.0,14.668511,16.5,16.5,15.626949310302734,False
2025-12-26 11:00:00,LPR,12.0,24.468134,30.428572,30.428571428571427,15.626949310302734,False
2025-12-26 12:00:00,LPR,25.0,32.74776,44.5,44.5,15.626949310302734,False
2025-12-26 13:00:00,LPR,38.0,38.443653,52.714287,52.714285714285715,15.626949310302734,False
2025-12-26 14:00:00,LPR,44.0,38.05671,51.92857,51.92857142857143,15.626949310302734,False
2025-12-26 15:00:00,LPR,44.0,37.457184,48.142857,48.142857142857146,15.626949310302734,False
2025-12-26 16:00:00,LPR,35.0,23.869207,40.92857,40.92857142857143,15.626949310302734,False
2025-12-26 17:00:00,LPR,28.0,12.774702,33.714287,33.714285714285715,15.626949310302734,False
2025-12-26 18:00:00,LPR,9.0,2.6973228,22.214285,22.214285714285715,15.626949310302734,False
2025-12-26 19:00:00,LPR,7.0,2.085764,19.285715,19.285714285714285,15.626949310302734,False
2025-12-26 20:00:00,LPR,19.0,1.8002586,15.5,15.5,15.626949310302734,True
2025-12-26 21:00:00,LPR,10.0,2.5744314,14.357142,14.357142857142858,15.626949310302734,False
2025-12-26 22:00:00,LPR,3.0,0.8350725,11.142858,11.142857142857142,15.626949310302734,False
2025-12-26 23:00:00,LPR,10.0,1.4316425,10.714286,10.714285714285714,15.626949310302734,False
2025-12-27 00:00:00,LPR,4.0,3.9821453,12.181818,12.181818181818182,15.626949310302734,False
2025-12-27 01:00:00,LPR,1.0,-0.03038454,6.7272725,6.7272727272727275,15.626949310302734,False
2025-12-27 02:00:00,LPR,1.0,0.71926403,6.181818,6.181818181818182,15.626949310302734,False
2025-12-27 03:00:00,LPR,1.0,-1.7126353,3.2857144,3.2857142857142856,15.626949310302734,False
2025-12-27 04:00:00,LPR,2.0,-1.0527909,3.5714285,3.5714285714285716,15.626949310302734,False
2025-12-27 05:00:00,LPR,2.0,-1.635824,2.5714285,2.5714285714285716,15.626949310302734,False
2025-12-27 06:00:00,LPR,2.0,-0.94953275,2.9285715,2.9285714285714284,15.626949310302734,False
2025-12-27 07:00:00,LPR,2.0,-1.093832,2.5714285,2.5714285714285716,15.626949310302734,False
2025-12-27 08:00:00,LPR,2.0,-0.7436576,3.142857,3.142857142857143,15.626949310302734,False
2025-12-27 09:00:00,LPR,4.0,2.4854026,7.071429,7.071428571428571,15.626949310302734,False
2025-12-27 10:00:00,LPR,10.0,9.14261,15.0,15.0,15.626949310302734,False
2025-12-27 11:00:00,LPR,28.0,21.509441,28.214285,28.214285714285715,15.626949310302734,False
2025-12-27 12:00:00,LPR,53.0,38.789425,41.857143,41.857142857142854,15.626949310302734,False
2025-12-27 13:00:00,LPR,78.0,51.56106,51.714287,51.714285714285715,15.626949310302734,True
2025-12-27 14:00:00,LPR,72.0,49.773144,52.0,52.0,15.626949310302734,True
2025-12-27 15:00:00,LPR,43.0,42.364452,48.5,48.5,15.626949310302734,False
2025-12-27 16:00:00,LPR,54.0,36.434555,41.57143,41.57142857142857,15.626949310302734,True
2025-12-27 17:00:00,LPR,48.0,31.52352,33.785713,33.785714285714285,15.626949310302734,True
2025-12-27 18:00:00,LPR,41.0,22.10549,22.214285,22.214285714285715,15.626949310302734,True
2025-12-27 19:00:00,LPR,42.0,17.649462,18.357143,18.357142857142858,15.626949310302734,True
2025-12-27 20:00:00,LPR,17.0,16.58394,15.142858,15.142857142857142,15.626949310302734,False
2025-12-27 21:00:00,LPR,6.0,11.9011545,13.142858,13.142857142857142,15.626949310302734,False
2025-12-27 22:00:00,LPR,4.0,4.2764106,9.5,9.5,15.626949310302734,False
2025-12-27 23:00:00,LPR,2.0,4.6766353,10.5,10.5,15.626949310302734,False
2025-12-28 00:00:00,LPR,1.0,4.7143145,11.5,11.5,15.626949310302734,False
2025-12-28 01:00:00,LPR,2.0,0.9901924,6.25,6.25,15.626949310302734,False
2025-12-28 02:00:00,LPR,1.0,2.3938408,5.75,5.75,15.626949310302734,False
2025-12-28 03:00:00,LPR,1.0,1.6169573,3.2142856,3.2142857142857144,15.626949310302734,False
2025-12-28 04:00:00,LPR,1.0,2.9918997,3.5714285,3.5714285714285716,15.626949310302734,False
2025-12-28 05:00:00,LPR,1.0,2.0411167,2.5714285,2.5714285714285716,15.626949310302734,False
2025-12-28 06:00:00,LPR,2.0,2.9719236,2.9285715,2.9285714285714284,15.626949310302734,False
2025-12-28 07:00:00,LPR,2.0,2.5717096,2.5714285,2.5714285714285716,15.626949310302734,False
2025-12-28 08:00:00,LPR,3.0,3.8415275,3.142857,3.142857142857143,15.626949310302734,False
2025-12-28 09:00:00,LPR,15.0,9.44261,7.071429,7.071428571428571,15.626949310302734,False
2025-12-28 10:00:00,LPR,33.0,21.91309,15.214286,15.214285714285714,15.626949310302734,False
2025-12-28 11:00:00,LPR,53.0,43.205757,29.142857,29.142857142857142,15.626949310302734,False
2025-12-28 12:00:00,LPR,65.0,62.20923,43.42857,43.42857142857143,15.626949310302734,False
2025-12-28 13:00:00,LPR,70.0,65.62263,53.642857,53.642857142857146,15.626949310302734,False
2025-12-28 14:00:00,LPR,58.0,55.86302,53.785713,53.785714285714285,15.626949310302734,False
2025-12-28 15:00:00,LPR,69.0,51.272865,48.07143,48.07142857142857,15.626949310302734,True
2025-12-28 16:00:00,LPR,56.0,49.512123,42.07143,42.07142857142857,15.626949310302734,False
2025-12-28 17:00:00,LPR,49.0,43.717396,34.357143,34.357142857142854,15.626949310302734,False
2025-12-28 18:00:00,LPR,33.0,31.354,22.928572,22.928571428571427,15.626949310302734,False
2025-12-28 19:00:00,LPR,40.0,20.916618,19.214285,19.214285714285715,15.626949310302734,True
2025-12-28 20:00:00,LPR,38.0,16.06109,14.571428,14.571428571428571,15.626949310302734,True
2025-12-28 21:00:00,LPR,40.0,12.824907,12.357142,12.357142857142858,15.626949310302734,True
2025-12-28 22:00:00,LPR,39.0,9.005672,9.428572,9.428571428571429,15.626949310302734,True
2025-12-28 23:00:00,LPR,40.0,13.8629465,10.214286,10.214285714285714,15.626949310302734,True
2025-12-29 00:00:00,LPR,9.0,14.989492,10.416667,10.416666666666666,15.626949310302734,False
2025-12-29 01:00:00,LPR,6.0,10.86816,5.6666665,5.666666666666667,15.626949310302734,False
2025-12-29 02:00:00,LPR,5.0,9.152267,5.75,5.75,15.626949310302734,False
2025-12-29 03:00:00,LPR,3.0,5.6526103,3.2142856,3.2142857142857144,15.626949310302734,False
2025-12-29 04:00:00,LPR,1.0,6.1331434,3.5714285,3.5714285714285716,15.626949310302734,False
2025-12-29 05:00:00,LPR,1.0,4.7375064,2.5714285,2.5714285714285716,15.626949310302734,False
2025-12-29 06:00:00,LPR,2.0,4.6393566,2.9285715,2.9285714285714284,15.626949310302734,False
2025-12-29 07:00:00,LPR,2.0,3.8897448,2.5714285,2.5714285714285716,15.626949310302734,False
2025-12-29 08:00:00,LPR,2.0,4.8923817,3.142857,3.142857142857143,15.626949310302734,False
2025-12-29 09:00:00,LPR,4.0,10.2556505,7.714286,7.714285714285714,15.626949310302734,False
2025-12-29 10:00:00,LPR,9.0,20.25048,16.285715,16.285714285714285,15.626949310302734,False
2025-12-29 11:00:00,LPR,32.0,35.719067,30.571428,30.571428571428573,15.626949310302734,False
2025-12-29 12:00:00,LPR,43.0,52.53525,45.214287,45.214285714285715,15.626949310302734,False
2025-12-29 13:00:00,LPR,45.0,53.38943,55.92857,55.92857142857143,15.626949310302734,False
2025-12-29 14:00:00,LPR,40.0,41.502686,55.142857,55.142857142857146,15.626949310302734,False
2025-12-29 15:00:00,LPR,42.0,35.0512,50.714287,50.714285714285715,15.626949310302734,False
2025-12-29 16:00:00,LPR,33.0,29.519325,43.714287,43.714285714285715,15.626949310302734,False
2025-12-29 17:00:00,LPR,27.0,23.78638,35.642857,35.642857142857146,15.626949310302734,False
2025-12-29 18:00:00,LPR,27.0,13.433737,23.357143,23.357142857142858,15.626949310302734,False
2025-12-29 19:00:00,LPR,20.0,12.092183,20.571428,20.571428571428573,15.626949310302734,False
2025-12-29 20:00:00,LPR,19.0,9.838527,15.714286,15.714285714285714,15.626949310302734,False
2025-12-29 21:00:00,LPR,20.0,10.417916,13.428572,13.428571428571429,15.626949310302734,False
2025-12-29 22:00:00,LPR,18.0,9.67793,10.5,10.5,15.626949310302734,False
2025-12-29 23:00:00,LPR,21.0,10.822451,11.071428,11.071428571428571,15.626949310302734,False
2025-12-30 00:00:00,LPR,24.0,9.668,8.75,8.75,15.626949310302734,False
2025-12-30 01:00:00,LPR,26.0,6.362918,4.1666665,4.166666666666667,15.626949310302734,True
2025-12-30 02:00:00,LPR,25.0,7.281888,3.9166667,3.9166666666666665,15.626949310302734,True
2025-12-30 03:00:00,LPR,19.0,5.8349657,1.5,1.5,15.626949310302734,False
2025-12-30 04:00:00,LPR,24.0,6.8299055,1.7857143,1.7857142857142858,15.626949310302734,True
2025-12-30 05:00:00,LPR,21.0,6.7280145,1.3571428,1.3571428571428572,15.626949310302734,False
2025-12-30 06:00:00,LPR,16.0,6.1871486,1.8571428,1.8571428571428572,15.626949310302734,False
2025-12-30 07:00:00,LPR,12.0,5.1388683,2.142857,2.142857142857143,15.626949310302734,False
2025-12-30 08:00:00,LPR,20.0,3.237114,2.5714285,2.5714285714285716,15.626949310302734,True
2025-12-30 09:00:00,LPR,26.0,5.5097814,7.142857,7.142857142857143,15.626949310302734,True
2025-12-30 10:00:00,LPR,26.0,9.11881,15.857142,15.857142857142858,15.626949310302734,True
2025-12-30 11:00:00,LPR,31.0,18.989834,31.785715,31.785714285714285,15.626949310302734,False
2025-12-30 12:00:00,LPR,28.0,28.194838,47.214287,47.214285714285715,15.626949310302734,False
2025-12-30 13:00:00,LPR,32.0,34.41558,58.0,58.0,15.626949310302734,False
2025-12-30 14:00:00,LPR,27.0,30.910982,56.92857,56.92857142857143,15.626949310302734,False
2025-12-30 15:00:00,LPR,31.0,25.788084,52.714287,52.714285714285715,15.626949310302734,False
2025-12-30 16:00:00,LPR,24.0,18.98799,44.857143,44.857142857142854,15.626949310302734,False
2025-12-30 17:00:00,LPR,21.0,12.45484,36.57143,36.57142857142857,15.626949310302734,False
2025-12-30 18:00:00,LPR,12.0,2.3907413,24.5,24.5,15.626949310302734,False
2025-12-30 19:00:00,LPR,8.0,1.6085587,21.285715,21.285714285714285,15.626949310302734,False
2025-12-30 20:00:00,LPR,3.0,-0.9624634,16.357143,16.357142857142858,15.626949310302734,False
2025-12-30 21:00:00,LPR,3.0,-0.9302521,14.285714,14.285714285714286,15.626949310302734,False
2025-12-30 22:00:00,LPR,2.0,-2.1138964,11.357142,11.357142857142858,15.626949310302734,False
2025-12-30 23:00:00,LPR,2.0,0.09446907,12.357142,12.357142857142858,15.626949310302734,False
2025-12-31 03:00:00,LPR,1.0,3.3432093,2.7857144,2.7857142857142856,15.626949310302734,False
2025-12-31 04:00:00,LPR,1.0,-2.1914089,3.4285715,3.4285714285714284,15.626949310302734,False
2025-12-31 05:00:00,LPR,1.0,-2.438402,2.7857144,2.7857142857142856,15.626949310302734,False
2025-12-31 06:00:00,LPR,1.0,-1.9912462,2.857143,2.857142857142857,15.626949310302734,False
2025-12-31 07:00:00,LPR,1.0,-1.988802,2.857143,2.857142857142857,15.626949310302734,False
2025-12-31 08:00:00,LPR,2.0,-1.7311549,3.857143,3.857142857142857,15.626949310302734,False
2025-12-31 09:00:00,LPR,4.0,1.3091402,8.785714,8.785714285714286,15.626949310302734,False
2025-12-31 10:00:00,LPR,10.0,5.688553,17.0,17.0,15.626949310302734,False
2025-12-31 11:00:00,LPR,26.0,16.785027,32.5,32.5,15.626949310302734,False
2025-12-31 12:00:00,LPR,50.0,29.997486,45.5,45.5,15.626949310302734,True
2025-12-31 13:00:00,LPR,73.0,46.647514,54.857143,54.857142857142854,15.626949310302734,True
2025-12-31 14:00:00,LPR,83.0,51.649372,53.714287,53.714285714285715,15.626949310302734,True
2025-12-31 15:00:00,LPR,96.0,48.5177,50.42857,50.42857142857143,15.626949310302734,True
2025-12-31 16:00:00,LPR,54.0,40.84919,42.857143,42.857142857142854,15.626949310302734,False
2025-12-31 17:00:00,LPR,33.0,30.972284,35.92857,35.92857142857143,15.626949310302734,False
2025-12-31 18:00:00,LPR,31.0,14.519053,24.071428,24.071428571428573,15.626949310302734,True
2025-12-31 19:00:00,LPR,27.0,12.03082,21.285715,21.285714285714285,15.626949310302734,False
2025-12-31 20:00:00,LPR,17.0,9.895746,16.0,16.0,15.626949310302734,False
2025-12-31 21:00:00,LPR,11.0,10.749998,13.357142,13.357142857142858,15.626949310302734,False
2025-12-31 22:00:00,LPR,9.0,7.837758,10.785714,10.785714285714286,15.626949310302734,False
2025-12-31 23:00:00,LPR,7.0,9.1936655,11.071428,11.071428571428571,15.626949310302734,False
