timestamp,estacion,original_ppb,predicho_ppb,base_ppb,perfil_ppb,umbral_ppb,alerta_limpia
2025-10-25 00:00:00,CUA,9.0,35.331333,32.61386,32.613861386138616,29.444459915161133,False
2025-10-25 01:00:00,CUA,19.0,35.658047,33.049503,33.04950495049505,29.444459915161133,False
2025-10-25 02:00:00,CUA,16.0,35.602863,33.049503,33.04950495049505,29.444459915161133,False
2025-10-25 03:00:00,CUA,21.0,34.279266,31.570248,31.570247933884296,29.444459915161133,False
2025-10-25 04:00:00,CUA,25.0,33.77806,30.785124,30.785123966942148,29.444459915161133,False
2025-10-25 05:00:00,CUA,23.0,27.268293,24.008265,24.00826446280992,29.444459915161133,False
2025-10-25 06:00:00,CUA,26.0,21.04238,17.752066,17.75206611570248,29.444459915161133,False
2025-10-25 07:00:00,CUA,34.0,23.220644,19.884298,19.884297520661157,29.444459915161133,False
2025-10-25 08:00:00,CUA,32.0,33.33252,30.115702,30.115702479338843,29.444459915161133,False
2025-10-25 09:00:00,CUA,47.0,43.316135,40.066116,40.06611570247934,29.444459915161133,False
2025-10-25 10:00:00,CUA,69.0,54.992584,51.288136,51.28813559322034,29.444459915161133,False
2025-10-25 11:00:00,CUA,71.0,68.73026,64.0171,64.01709401709402,29.444459915161133,False
2025-10-25 12:00:00,CUA,84.0,81.01907,75.04425,75.04424778761062,29.444459915161133,False
2025-10-25 13:00:00,CUA,96.0,90.46661,82.94068,82.94067796610169,29.444459915161133,False
2025-10-25 14:00:00,CUA,109.0,94.51345,85.37931,85.37931034482759,29.444459915161133,False
2025-10-25 15:00:00,CUA,115.0,95.1883,84.420166,84.4201680672269,29.444459915161133,False
2025-10-25 16:00:00,CUA,90.0,89.231514,77.075,77.075,29.444459915161133,False
2025-10-25 17:00:00,CUA,70.0,79.997635,66.966385,66.96638655462185,29.444459915161133,False
2025-10-25 18:00:00,CUA,62.0,66.13634,53.97479,53.97478991596638,29.444459915161133,False
2025-10-25 19:00:00,CUA,58.0,54.23654,43.658333,43.65833333333333,29.444459915161133,False
2025-10-25 20:00:00,CUA,43.0,48.035778,38.858334,38.858333333333334,29.444459915161133,False
2025-10-25 21:00:00,CUA,33.0,43.83812,36.225,36.225,29.444459915161133,False
2025-10-25 22:00:00,CUA,29.0,40.709396,34.566666,34.56666666666667,29.444459915161133,False
2025-10-25 23:00:00,CUA,23.0,38.862366,33.57143,33.57142857142857,29.444459915161133,False
2025-10-26 03:00:00,CUA,24.0,25.865528,21.0,21.0,29.444459915161133,False
2025-10-26 04:00:00,CUA,34.0,30.097988,25.0,25.0,29.444459915161133,False
2025-10-26 05:00:00,CUA,31.0,28.319778,23.0,23.0,29.444459915161133,False
2025-10-26 06:00:00,CUA,17.0,31.64282,26.0,26.0,29.444459915161133,False
2025-10-26 07:00:00,CUA,7.0,39.63417,34.0,34.0,29.444459915161133,True
2025-10-26 08:00:00,CUA,33.0,37.52068,32.0,32.0,29.444459915161133,False
2025-10-26 09:00:00,CUA,49.0,52.55603,47.0,47.0,29.444459915161133,False
2025-10-26 10:00:00,CUA,65.0,75.349754,69.0,69.0,29.444459915161133,False
2025-10-26 11:00:00,CUA,72.0,78.2909,71.0,71.0,29.444459915161133,False
2025-10-26 12:00:00,CUA,86.0,92.032104,84.0,84.0,29.444459915161133,False
2025-10-26 13:00:00,CUA,99.0,105.09881,96.0,96.0,29.444459915161133,False
2025-10-26 14:00:00,CUA,119.0,119.88489,109.0,109.0,29.444459915161133,False
2025-10-26 15:00:00,CUA,101.0,127.252975,115.0,115.0,29.444459915161133,False
2025-10-26 16:00:00,CUA,84.0,103.223785,90.0,90.0,29.444459915161133,False
2025-10-26 17:00:00,CUA,73.0,82.93391,70.0,70.0,29.444459915161133,False
2025-10-26 18:00:00,CUA,61.0,73.67692,62.0,62.0,29.444459915161133,False
2025-10-26 19:00:00,CUA,42.0,68.20248,58.0,58.0,29.444459915161133,False
2025-10-26 20:00:00,CUA,29.0,51.64041,43.0,43.0,29.444459915161133,False
2025-10-26 21:00:00,CUA,25.0,40.427624,33.0,33.0,29.444459915161133,False
2025-10-26 22:00:00,CUA,19.0,35.158356,29.0,29.0,29.444459915161133,False
2025-10-26 23:00:00,CUA,19.0,28.605244,23.0,23.0,29.444459915161133,False
2025-10-27 00:00:00,CUA,13.0,14.550579,9.0,9.0,29.444459915161133,False
2025-10-27 01:00:00,CUA,17.0,24.615221,19.0,19.0,29.444459915161133,False
2025-10-27 02:00:00,CUA,25.0,21.737661,16.0,16.0,29.444459915161133,False
2025-10-27 03:00:00,CUA,26.0,28.35206,22.5,22.5,29.444459915161133,False
2025-10-27 04:00:00,CUA,24.0,35.773216,29.5,29.5,29.444459915161133,False
2025-10-27 05:00:00,CUA,11.0,33.58464,27.0,27.0,29.444459915161133,False
2025-10-27 06:00:00,CUA,5.0,28.046879,21.5,21.5,29.444459915161133,False
2025-10-27 07:00:00,CUA,12.0,26.811829,20.5,20.5,29.444459915161133,False
2025-10-27 08:00:00,CUA,37.0,38.58912,32.5,32.5,29.444459915161133,False
2025-10-27 09:00:00,CUA,45.0,53.93917,48.0,48.0,29.444459915161133,False
2025-10-27 10:00:00,CUA,50.0,72.38265,67.0,67.0,29.444459915161133,False
2025-10-27 11:00:00,CUA,55.0,76.28112,71.5,71.5,29.444459915161133,False
2025-10-29 00:00:00,CUA,30.0,7.1640043,11.0,11.0,29.444459915161133,False
2025-10-29 01:00:00,CUA,33.0,14.530546,18.0,18.0,29.444459915161133,False
2025-10-29 02:00:00,CUA,10.0,17.481003,20.5,20.5,29.444459915161133,False
2025-10-29 03:00:00,CUA,17.0,21.414064,23.666666,23.666666666666668,29.444459915161133,False
2025-10-29 04:00:00,CUA,36.0,26.254793,27.666666,27.666666666666668,29.444459915161133,False
2025-10-29 05:00:00,CUA,30.0,20.887371,21.666666,21.666666666666668,29.444459915161133,False
2025-10-29 06:00:00,CUA,30.0,15.538876,16.0,16.0,29.444459915161133,False
2025-10-29 07:00:00,CUA,33.0,17.287024,17.666666,17.666666666666668,29.444459915161133,False
2025-10-29 08:00:00,CUA,41.0,34.038105,34.0,34.0,29.444459915161133,False
2025-10-29 09:00:00,CUA,46.0,47.536293,47.0,47.0,29.444459915161133,False
2025-10-29 10:00:00,CUA,49.0,62.35646,61.333332,61.333333333333336,29.444459915161133,False
2025-10-29 11:00:00,CUA,57.0,66.93155,66.0,66.0,29.444459915161133,False
2025-10-29 12:00:00,CUA,58.0,86.09465,85.0,85.0,29.444459915161133,False
2025-10-29 13:00:00,CUA,59.0,98.04412,97.5,97.5,29.444459915161133,True
2025-10-29 14:00:00,CUA,63.0,114.04422,114.0,114.0,29.444459915161133,True
2025-10-29 15:00:00,CUA,56.0,107.38935,108.0,108.0,29.444459915161133,True
2025-10-29 16:00:00,CUA,54.0,85.54863,87.0,87.0,29.444459915161133,True
2025-10-29 17:00:00,CUA,46.0,68.98495,71.5,71.5,29.444459915161133,False
2025-10-29 18:00:00,CUA,28.0,57.895924,61.5,61.5,29.444459915161133,True
2025-10-29 19:00:00,CUA,23.0,45.4978,50.0,50.0,29.444459915161133,False
2025-10-29 20:00:00,CUA,23.0,31.158693,36.0,36.0,29.444459915161133,False
2025-10-29 21:00:00,CUA,18.0,24.135113,29.0,29.0,29.444459915161133,False
2025-10-29 22:00:00,CUA,7.0,19.256618,24.0,24.0,29.444459915161133,False
2025-10-29 23:00:00,CUA,5.0,16.491907,21.0,21.0,29.444459915161133,False
2025-10-30 00:00:00,CUA,5.0,13.143724,17.333334,17.333333333333332,29.444459915161133,False
2025-10-30 01:00:00,CUA,4.0,19.102346,23.0,23.0,29.444459915161133,False
2025-10-30 02:00:00,CUA,4.0,13.255988,17.0,17.0,29.444459915161133,False
2025-10-30 03:00:00,CUA,1.0,18.34622,22.0,22.0,29.444459915161133,False
2025-10-30 04:00:00,CUA,2.0,26.158651,29.75,29.75,29.444459915161133,False
2025-10-30 05:00:00,CUA,1.0,20.255993,23.75,23.75,29.444459915161133,False
2025-10-30 06:00:00,CUA,1.0,16.170963,19.5,19.5,29.444459915161133,False
2025-10-30 07:00:00,CUA,2.0,18.448597,21.5,21.5,29.444459915161133,False
2025-10-30 08:00:00,CUA,6.0,33.10137,35.75,35.75,29.444459915161133,False
2025-10-30 09:00:00,CUA,23.0,44.652462,46.75,46.75,29.444459915161133,False
2025-10-30 10:00:00,CUA,50.0,56.459766,58.25,58.25,29.444459915161133,False
2025-10-30 11:00:00,CUA,69.0,62.61039,63.75,63.75,29.444459915161133,False
2025-10-30 12:00:00,CUA,87.0,75.605064,76.0,76.0,29.444459915161133,False
2025-10-30 13:00:00,CUA,109.0,86.11723,84.666664,84.66666666666667,29.444459915161133,False
2025-10-30 14:00:00,CUA,134.0,100.87691,97.0,97.0,29.444459915161133,True
2025-10-30 15:00:00,CUA,127.0,97.59212,90.666664,90.66666666666667,29.444459915161133,False
2025-10-30 16:00:00,CUA,113.0,84.37047,76.0,76.0,29.444459915161133,False
2025-10-30 17:00:00,CUA,72.0,73.394424,63.0,63.0,29.444459915161133,False
2025-10-30 18:00:00,CUA,54.0,60.442497,50.333332,50.333333333333336,29.444459915161133,False
2025-10-30 19:00:00,CUA,52.0,48.379707,41.0,41.0,29.444459915161133,False
2025-10-30 20:00:00,CUA,40.0,36.049217,31.666666,31.666666666666668,29.444459915161133,False
2025-10-30 21:00:00,CUA,27.0,28.063967,25.333334,25.333333333333332,29.444459915161133,False
2025-10-30 22:00:00,CUA,17.0,20.30591,18.333334,18.333333333333332,29.444459915161133,False
2025-10-30 23:00:00,CUA,2.0,17.499723,15.666667,15.666666666666666,29.444459915161133,False
2025-10-31 00:00:00,CUA,12.0,16.260517,14.25,14.25,29.444459915161133,False
2025-10-31 01:00:00,CUA,18.0,20.416859,18.25,18.25,29.444459915161133,False
2025-10-31 02:00:00,CUA,15.0,16.459879,13.75,13.75,29.444459915161133,False
2025-10-31 03:00:00,CUA,17.0,20.99067,17.8,17.8,29.444459915161133,False
2025-10-31 04:00:00,CUA,6.0,27.91334,24.2,24.2,29.444459915161133,False
2025-10-31 05:00:00,CUA,8.0,23.447979,19.2,19.2,29.444459915161133,False
2025-10-31 06:00:00,CUA,5.0,19.973057,15.8,15.8,29.444459915161133,False
2025-10-31 07:00:00,CUA,7.0,21.775517,17.6,17.6,29.444459915161133,False
2025-10-31 08:00:00,CUA,39.0,33.795547,29.8,29.8,29.444459915161133,False
2025-10-31 09:00:00,CUA,46.0,45.694466,42.0,42.0,29.444459915161133,False
2025-10-31 10:00:00,CUA,49.0,60.738785,56.6,56.6,29.444459915161133,False
2025-10-31 11:00:00,CUA,56.0,69.79732,64.8,64.8,29.444459915161133,False
2025-10-31 12:00:00,CUA,66.0,84.3225,78.75,78.75,29.444459915161133,False
2025-10-31 13:00:00,CUA,73.0,96.611694,90.75,90.75,29.444459915161133,False
2025-10-31 14:00:00,CUA,84.0,111.960754,106.25,106.25,29.444459915161133,False
2025-10-31 15:00:00,CUA,88.0,104.92304,99.75,99.75,29.444459915161133,False
2025-10-31 16:00:00,CUA,85.0,91.25324,85.25,85.25,29.444459915161133,False
2025-10-31 17:00:00,CUA,64.0,70.95187,65.25,65.25,29.444459915161133,False
2025-10-31 18:00:00,CUA,45.0,56.34135,51.25,51.25,29.444459915161133,False
2025-10-31 19:00:00,CUA,43.0,46.871876,43.75,43.75,29.444459915161133,False
2025-10-31 20:00:00,CUA,26.0,35.376575,33.75,33.75,29.444459915161133,False
2025-10-31 21:00:00,CUA,11.0,26.200869,25.75,25.75,29.444459915161133,False
2025-10-31 22:00:00,CUA,3.0,17.11291,18.0,18.0,29.444459915161133,False
2025-10-31 23:00:00,CUA,2.0,10.919152,12.25,12.25,29.444459915161133,False
2025-11-01 03:00:00,CUA,29.0,16.118095,17.666666,17.666666666666668,29.444459915161133,False
2025-11-01 04:00:00,CUA,32.0,19.479368,21.166666,21.166666666666668,29.444459915161133,False
2025-11-01 05:00:00,CUA,13.0,15.9638405,17.333334,17.333333333333332,29.444459915161133,False
2025-11-01 06:00:00,CUA,32.0,12.814327,14.0,14.0,29.444459915161133,False
2025-11-01 07:00:00,CUA,38.0,14.901815,15.833333,15.833333333333334,29.444459915161133,False
2025-11-01 08:00:00,CUA,41.0,30.36058,31.333334,31.333333333333332,29.444459915161133,False
2025-11-01 09:00:00,CUA,43.0,41.815277,42.666668,42.666666666666664,29.444459915161133,False
2025-11-01 10:00:00,CUA,55.0,54.832085,55.333332,55.333333333333336,29.444459915161133,False
2025-11-01 11:00:00,CUA,72.0,63.71025,63.333332,63.333333333333336,29.444459915161133,False
2025-11-01 12:00:00,CUA,74.0,79.35954,76.2,76.2,29.444459915161133,False
2025-11-01 13:00:00,CUA,74.0,92.5261,87.2,87.2,29.444459915161133,False
2025-11-01 14:00:00,CUA,77.0,107.61913,101.8,101.8,29.444459915161133,True
2025-11-01 15:00:00,CUA,77.0,104.192986,97.4,97.4,29.444459915161133,False
2025-11-01 16:00:00,CUA,70.0,92.826454,85.2,85.2,29.444459915161133,False
2025-11-01 17:00:00,CUA,56.0,72.834496,65.0,65.0,29.444459915161133,False
2025-11-01 18:00:00,CUA,44.0,56.88614,50.0,50.0,29.444459915161133,False
2025-11-01 19:00:00,CUA,41.0,48.255047,43.6,43.6,29.444459915161133,False
2025-11-01 20:00:00,CUA,45.0,35.049263,32.2,32.2,29.444459915161133,False
2025-11-01 21:00:00,CUA,37.0,24.00992,22.8,22.8,29.444459915161133,False
2025-11-01 22:00:00,CUA,28.0,14.85207,15.0,15.0,29.444459915161133,False
2025-11-01 23:00:00,CUA,10.0,8.935129,10.2,10.2,29.444459915161133,False
2025-11-02 00:00:00,CUA,11.0,12.090924,13.8,13.8,29.444459915161133,False
2025-11-02 01:00:00,CUA,21.0,16.478144,18.2,18.2,29.444459915161133,False
2025-11-02 02:00:00,CUA,30.0,12.602467,14.0,14.0,29.444459915161133,False
2025-11-02 03:00:00,CUA,32.0,18.236092,19.285715,19.285714285714285,29.444459915161133,False
2025-11-02 04:00:00,CUA,32.0,22.039202,22.714285,22.714285714285715,29.444459915161133,False
2025-11-02 05:00:00,CUA,18.0,16.12585,16.714285,16.714285714285715,29.444459915161133,False
2025-11-02 06:00:00,CUA,9.0,16.23739,16.571428,16.571428571428573,29.444459915161133,False
2025-11-02 07:00:00,CUA,22.0,18.644293,19.0,19.0,29.444459915161133,False
2025-11-02 08:00:00,CUA,38.0,31.767782,32.714287,32.714285714285715,29.444459915161133,False
2025-11-02 09:00:00,CUA,43.0,41.089207,42.714287,42.714285714285715,29.444459915161133,False
2025-11-02 10:00:00,CUA,49.0,53.00796,55.285713,55.285714285714285,29.444459915161133,False
2025-11-02 11:00:00,CUA,54.0,61.228195,64.57143,64.57142857142857,29.444459915161133,False
2025-11-02 12:00:00,CUA,65.0,71.23872,75.833336,75.83333333333333,29.444459915161133,False
2025-11-02 13:00:00,CUA,73.0,79.98942,85.0,85.0,29.444459915161133,False
2025-11-02 14:00:00,CUA,74.0,92.555595,97.666664,97.66666666666667,29.444459915161133,False
2025-11-02 15:00:00,CUA,69.0,88.50871,94.0,94.0,29.444459915161133,False
2025-11-02 16:00:00,CUA,67.0,76.564316,82.666664,82.66666666666667,29.444459915161133,False
2025-11-02 17:00:00,CUA,57.0,56.865475,63.5,63.5,29.444459915161133,False
2025-11-02 18:00:00,CUA,48.0,42.02315,49.0,49.0,29.444459915161133,False
2025-11-02 19:00:00,CUA,38.0,35.876522,43.166668,43.166666666666664,29.444459915161133,False
2025-11-02 20:00:00,CUA,32.0,26.698292,34.333332,34.333333333333336,29.444459915161133,False
2025-11-02 21:00:00,CUA,26.0,17.203846,25.166666,25.166666666666668,29.444459915161133,False
2025-11-02 22:00:00,CUA,21.0,8.940427,17.166666,17.166666666666668,29.444459915161133,False
2025-11-02 23:00:00,CUA,19.0,1.7900944,10.166667,10.166666666666666,29.444459915161133,False
2025-11-03 00:00:00,CUA,16.0,4.779063,13.333333,13.333333333333334,29.444459915161133,False
2025-11-03 01:00:00,CUA,16.0,9.920116,18.666666,18.666666666666668,29.444459915161133,False
2025-11-03 02:00:00,CUA,13.0,7.783965,16.666666,16.666666666666668,29.444459915161133,False
2025-11-03 03:00:00,CUA,16.0,11.960511,20.875,20.875,29.444459915161133,False
2025-11-03 04:00:00,CUA,20.0,15.069751,23.875,23.875,29.444459915161133,False
2025-11-03 05:00:00,CUA,17.0,8.222123,16.875,16.875,29.444459915161133,False
2025-11-03 06:00:00,CUA,6.0,7.1507826,15.625,15.625,29.444459915161133,False
2025-11-03 07:00:00,CUA,5.0,10.974593,19.375,19.375,29.444459915161133,False
2025-11-03 08:00:00,CUA,12.0,25.020935,33.375,33.375,29.444459915161133,False
2025-11-03 09:00:00,CUA,25.0,34.315025,42.75,42.75,29.444459915161133,False
2025-11-03 10:00:00,CUA,32.0,45.908924,54.5,54.5,29.444459915161133,False
2025-11-03 11:00:00,CUA,43.0,54.47446,63.25,63.25,29.444459915161133,False
2025-11-03 12:00:00,CUA,60.0,65.187874,74.28571,74.28571428571429,29.444459915161133,False
2025-11-03 13:00:00,CUA,68.0,74.05605,83.28571,83.28571428571429,29.444459915161133,False
2025-11-03 14:00:00,CUA,77.0,85.14795,94.28571,94.28571428571429,29.444459915161133,False
2025-11-03 15:00:00,CUA,85.0,81.51431,90.42857,90.42857142857143,29.444459915161133,False
2025-11-03 16:00:00,CUA,85.0,71.99451,80.42857,80.42857142857143,29.444459915161133,False
2025-11-03 17:00:00,CUA,77.0,54.79542,62.57143,62.57142857142857,29.444459915161133,False
2025-11-03 18:00:00,CUA,53.0,41.309277,48.857143,48.857142857142854,29.444459915161133,False
2025-11-03 19:00:00,CUA,45.0,34.352524,42.42857,42.42857142857143,29.444459915161133,False
2025-11-03 20:00:00,CUA,31.0,25.46159,34.0,34.0,29.444459915161133,False
2025-11-03 21:00:00,CUA,28.0,16.576649,25.285715,25.285714285714285,29.444459915161133,False
2025-11-03 22:00:00,CUA,24.0,8.8593,17.714285,17.714285714285715,29.444459915161133,False
2025-11-03 23:00:00,CUA,24.0,2.5394697,11.428572,11.428571428571429,29.444459915161133,False
2025-11-04 00:00:00,CUA,26.0,4.8651295,13.714286,13.714285714285714,29.444459915161133,False
2025-11-04 01:00:00,CUA,21.0,9.494969,18.285715,18.285714285714285,29.444459915161133,False
2025-11-04 02:00:00,CUA,23.0,7.4572897,16.142857,16.142857142857142,29.444459915161133,False
2025-11-04 03:00:00,CUA,18.0,11.843614,20.333334,20.333333333333332,29.444459915161133,False
2025-11-04 04:00:00,CUA,7.0,15.275577,23.444445,23.444444444444443,29.444459915161133,False
2025-11-04 05:00:00,CUA,8.0,9.113467,16.88889,16.88888888888889,29.444459915161133,False
2025-11-04 06:00:00,CUA,2.0,7.1065993,14.555555,14.555555555555555,29.444459915161133,False
2025-11-04 07:00:00,CUA,13.0,10.601323,17.777779,17.77777777777778,29.444459915161133,False
2025-11-04 08:00:00,CUA,21.0,23.98312,31.0,31.0,29.444459915161133,False
2025-11-04 09:00:00,CUA,28.0,33.68188,40.77778,40.77777777777778,29.444459915161133,False
2025-11-04 10:00:00,CUA,43.0,44.61241,52.0,52.0,29.444459915161133,False
2025-11-04 11:00:00,CUA,55.0,53.160896,61.0,61.0,29.444459915161133,False
2025-11-04 12:00:00,CUA,68.0,64.20781,72.5,72.5,29.444459915161133,False
2025-11-04 13:00:00,CUA,78.0,73.09489,81.375,81.375,29.444459915161133,False
2025-11-04 14:00:00,CUA,77.0,84.31687,92.125,92.125,29.444459915161133,False
2025-11-04 15:00:00,CUA,78.0,82.77803,89.75,89.75,29.444459915161133,False
2025-11-04 16:00:00,CUA,82.0,75.11843,81.0,81.0,29.444459915161133,False
2025-11-04 17:00:00,CUA,79.0,59.15568,64.375,64.375,29.444459915161133,False
2025-11-04 18:00:00,CUA,41.0,43.900898,49.375,49.375,29.444459915161133,False
2025-11-04 19:00:00,CUA,44.0,36.066757,42.75,42.75,29.444459915161133,False
2025-11-04 20:00:00,CUA,43.0,25.818056,33.625,33.625,29.444459915161133,False
2025-11-04 21:00:00,CUA,35.0,17.668184,25.625,25.625,29.444459915161133,False
2025-11-04 22:00:00,CUA,26.0,10.935648,18.5,18.5,29.444459915161133,False
2025-11-04 23:00:00,CUA,10.0,5.8593416,13.0,13.0,29.444459915161133,False
2025-11-05 00:00:00,CUA,12.0,8.516742,15.25,15.25,29.444459915161133,False
2025-11-05 01:00:00,CUA,13.0,12.069497,18.625,18.625,29.444459915161133,False
2025-11-05 02:00:00,CUA,10.0,10.648727,17.0,17.0,29.444459915161133,False
2025-11-05 03:00:00,CUA,6.0,13.861735,20.1,20.1,29.444459915161133,False
2025-11-05 04:00:00,CUA,8.0,15.669815,21.8,21.8,29.444459915161133,False
2025-11-05 05:00:00,CUA,4.0,9.92993,16.0,16.0,29.444459915161133,False
2025-11-05 06:00:00,CUA,2.0,7.4155927,13.3,13.3,29.444459915161133,False
2025-11-05 07:00:00,CUA,7.0,11.477486,17.3,17.3,29.444459915161133,False
2025-11-05 08:00:00,CUA,20.0,24.241392,30.0,30.0,29.444459915161133,False
2025-11-05 09:00:00,CUA,28.0,33.642406,39.5,39.5,29.444459915161133,False
2025-11-05 10:00:00,CUA,51.0,44.99276,51.1,51.1,29.444459915161133,False
2025-11-05 11:00:00,CUA,65.0,53.95706,60.4,60.4,29.444459915161133,False
2025-11-05 12:00:00,CUA,75.0,65.61015,72.0,72.0,29.444459915161133,False
2025-11-05 13:00:00,CUA,84.0,74.91868,81.0,81.0,29.444459915161133,False
2025-11-05 14:00:00,CUA,96.0,85.27905,90.44444,90.44444444444444,29.444459915161133,False
2025-11-05 15:00:00,CUA,112.0,84.63728,88.44444,88.44444444444444,29.444459915161133,False
2025-11-05 16:00:00,CUA,109.0,78.445694,81.111115,81.11111111111111,29.444459915161133,True
2025-11-05 17:00:00,CUA,77.0,64.164505,66.0,66.0,29.444459915161133,False
2025-11-05 18:00:00,CUA,57.0,47.044903,48.444443,48.44444444444444,29.444459915161133,False
2025-11-05 19:00:00,CUA,35.0,39.771225,42.88889,42.888888888888886,29.444459915161133,False
2025-11-05 20:00:00,CUA,25.0,30.00323,34.666668,34.666666666666664,29.444459915161133,False
2025-11-05 21:00:00,CUA,24.0,21.629171,26.666666,26.666666666666668,29.444459915161133,False
2025-11-05 22:00:00,CUA,10.0,14.395799,19.333334,19.333333333333332,29.444459915161133,False
2025-11-05 23:00:00,CUA,8.0,8.306049,12.666667,12.666666666666666,29.444459915161133,False
2025-11-06 00:00:00,CUA,20.0,11.37895,14.888889,14.88888888888889,29.444459915161133,False
2025-11-06 01:00:00,CUA,14.0,15.058773,18.0,18.0,29.444459915161133,False
2025-11-06 02:00:00,CUA,8.0,13.716469,16.222221,16.22222222222222,29.444459915161133,False
2025-11-06 03:00:00,CUA,16.0,16.731157,18.818182,18.818181818181817,29.444459915161133,False
2025-11-06 04:00:00,CUA,8.0,18.97156,20.545454,20.545454545454547,29.444459915161133,False
2025-11-06 05:00:00,CUA,7.0,14.055965,14.909091,14.909090909090908,29.444459915161133,False
2025-11-06 06:00:00,CUA,2.0,11.878449,12.272727,12.272727272727273,29.444459915161133,False
2025-11-06 07:00:00,CUA,6.0,16.11544,16.363636,16.363636363636363,29.444459915161133,False
2025-11-06 08:00:00,CUA,13.0,29.020264,29.09091,29.09090909090909,29.444459915161133,False
2025-11-06 09:00:00,CUA,25.0,38.77535,38.454544,38.45454545454545,29.444459915161133,False
2025-11-06 10:00:00,CUA,44.0,52.72452,51.090908,51.09090909090909,29.444459915161133,False
2025-11-06 11:00:00,CUA,70.0,64.02244,60.81818,60.81818181818182,29.444459915161133,False
2025-11-06 12:00:00,CUA,77.0,76.985985,72.3,72.3,29.444459915161133,False
2025-11-06 13:00:00,CUA,91.0,87.035934,81.3,81.3,29.444459915161133,False
2025-11-06 14:00:00,CUA,109.0,97.419205,91.0,91.0,29.444459915161133,False
2025-11-06 15:00:00,CUA,119.0,98.394455,90.8,90.8,29.444459915161133,False
2025-11-06 16:00:00,CUA,117.0,93.16869,83.9,83.9,29.444459915161133,False
2025-11-06 17:00:00,CUA,90.0,78.06362,67.1,67.1,29.444459915161133,False
2025-11-06 18:00:00,CUA,77.0,60.99121,49.3,49.3,29.444459915161133,False
2025-11-06 19:00:00,CUA,48.0,52.38739,42.1,42.1,29.444459915161133,False
2025-11-06 20:00:00,CUA,50.0,43.24062,33.7,33.7,29.444459915161133,False
2025-11-06 21:00:00,CUA,40.0,33.862946,26.4,26.4,29.444459915161133,False
2025-11-06 22:00:00,CUA,8.0,24.760118,18.4,18.4,29.444459915161133,False
2025-11-06 23:00:00,CUA,11.0,17.767448,12.2,12.2,29.444459915161133,False
2025-11-07 03:00:00,CUA,15.0,22.677187,18.583334,18.583333333333332,29.444459915161133,False
2025-11-07 04:00:00,CUA,25.0,23.467985,19.5,19.5,29.444459915161133,False
2025-11-07 05:00:00,CUA,11.0,18.833559,14.25,14.25,29.444459915161133,False
2025-11-07 06:00:00,CUA,6.0,16.516191,11.416667,11.416666666666666,29.444459915161133,False
2025-11-07 07:00:00,CUA,5.0,20.616692,15.5,15.5,29.444459915161133,False
2025-11-07 08:00:00,CUA,13.0,32.90215,27.75,27.75,29.444459915161133,False
2025-11-07 09:00:00,CUA,29.0,42.39674,37.333332,37.333333333333336,29.444459915161133,False
2025-11-07 10:00:00,CUA,55.0,55.836334,50.5,50.5,29.444459915161133,False
2025-11-07 11:00:00,CUA,74.0,67.78786,61.583332,61.583333333333336,29.444459915161133,False
2025-11-07 12:00:00,CUA,100.0,79.95587,72.72727,72.72727272727273,29.444459915161133,False
2025-11-07 13:00:00,CUA,124.0,92.41638,82.181816,82.18181818181819,29.444459915161133,True
2025-11-07 14:00:00,CUA,136.0,105.777824,92.63636,92.63636363636364,29.444459915161133,True
2025-11-07 15:00:00,CUA,134.0,108.70172,93.36364,93.36363636363636,29.444459915161133,False
2025-11-07 16:00:00,CUA,129.0,103.60252,86.90909,86.9090909090909,29.444459915161133,False
2025-11-07 17:00:00,CUA,124.0,86.41479,69.181816,69.18181818181819,29.444459915161133,True
2025-11-07 18:00:00,CUA,83.0,69.143654,51.81818,51.81818181818182,29.444459915161133,False
2025-11-07 19:00:00,CUA,58.0,58.449852,42.636364,42.63636363636363,29.444459915161133,False
2025-11-07 20:00:00,CUA,62.0,49.974476,35.18182,35.18181818181818,29.444459915161133,False
2025-11-07 21:00:00,CUA,47.0,40.851696,27.636364,27.636363636363637,29.444459915161133,False
2025-11-07 22:00:00,CUA,35.0,29.706108,17.454546,17.454545454545453,29.444459915161133,False
2025-11-07 23:00:00,CUA,38.0,23.032349,12.090909,12.090909090909092,29.444459915161133,False
2025-11-08 00:00:00,CUA,41.0,25.022797,15.4,15.4,29.444459915161133,False
2025-11-08 01:00:00,CUA,17.0,26.300957,17.6,17.6,29.444459915161133,False
2025-11-08 02:00:00,CUA,28.0,23.647043,15.4,15.4,29.444459915161133,False
2025-11-08 03:00:00,CUA,12.0,26.408897,18.307692,18.307692307692307,29.444459915161133,False
2025-11-08 04:00:00,CUA,13.0,27.990715,19.923077,19.923076923076923,29.444459915161133,False
2025-11-08 05:00:00,CUA,14.0,22.030365,14.0,14.0,29.444459915161133,False
2025-11-08 06:00:00,CUA,17.0,18.845934,11.0,11.0,29.444459915161133,False
2025-11-08 07:00:00,CUA,13.0,22.17934,14.692307,14.692307692307692,29.444459915161133,False
2025-11-08 08:00:00,CUA,41.0,33.76073,26.615385,26.615384615384617,29.444459915161133,False
2025-11-08 09:00:00,CUA,33.0,43.604553,36.692307,36.69230769230769,29.444459915161133,False
2025-11-08 10:00:00,CUA,66.0,58.283787,50.846153,50.84615384615385,29.444459915161133,False
2025-11-08 11:00:00,CUA,79.0,71.033066,62.53846,62.53846153846154,29.444459915161133,False
2025-11-08 12:00:00,CUA,81.0,85.752686,75.0,75.0,29.444459915161133,False
2025-11-08 13:00:00,CUA,95.0,97.50598,85.666664,85.66666666666667,29.444459915161133,False
2025-11-08 14:00:00,CUA,97.0,108.877106,96.25,96.25,29.444459915161133,False
2025-11-08 15:00:00,CUA,99.0,110.68033,96.75,96.75,29.444459915161133,False
2025-11-08 16:00:00,CUA,100.0,105.83148,90.416664,90.41666666666667,29.444459915161133,False
2025-11-08 17:00:00,CUA,83.0,90.42828,73.75,73.75,29.444459915161133,False
2025-11-08 18:00:00,CUA,45.0,71.35206,54.416668,54.416666666666664,29.444459915161133,False
2025-11-08 19:00:00,CUA,32.0,59.049454,43.916668,43.916666666666664,29.444459915161133,False
2025-11-08 20:00:00,CUA,53.0,50.995316,37.416668,37.416666666666664,29.444459915161133,False
2025-11-08 21:00:00,CUA,42.0,41.56878,29.25,29.25,29.444459915161133,False
2025-11-08 22:00:00,CUA,32.0,29.557072,18.916666,18.916666666666668,29.444459915161133,False
2025-11-08 23:00:00,CUA,17.0,23.693533,14.25,14.25,29.444459915161133,False
2025-11-09 00:00:00,CUA,14.0,27.176975,18.6,18.6,29.444459915161133,False
2025-11-09 01:00:00,CUA,18.0,25.379646,17.4,17.4,29.444459915161133,False
2025-11-09 02:00:00,CUA,21.0,24.227903,16.6,16.6,29.444459915161133,False
2025-11-09 03:00:00,CUA,27.0,24.985977,17.615385,17.615384615384617,29.444459915161133,False
2025-11-09 04:00:00,CUA,13.0,26.168495,19.0,19.0,29.444459915161133,False
2025-11-09 05:00:00,CUA,20.0,20.419994,13.307693,13.307692307692308,29.444459915161133,False
2025-11-09 06:00:00,CUA,19.0,17.184273,10.307693,10.307692307692308,29.444459915161133,False
2025-11-09 07:00:00,CUA,15.0,19.664707,13.076923,13.076923076923077,29.444459915161133,False
2025-11-09 08:00:00,CUA,22.0,33.54067,27.307692,27.307692307692307,29.444459915161133,False
2025-11-09 09:00:00,CUA,47.0,41.893696,35.615383,35.61538461538461,29.444459915161133,False
2025-11-09 10:00:00,CUA,58.0,57.154015,50.615383,50.61538461538461,29.444459915161133,False
2025-11-09 11:00:00,CUA,76.0,70.65999,63.153847,63.15384615384615,29.444459915161133,False
2025-11-09 12:00:00,CUA,81.0,83.63866,74.75,74.75,29.444459915161133,False
2025-11-09 13:00:00,CUA,84.0,95.161446,85.583336,85.58333333333333,29.444459915161133,False
2025-11-09 14:00:00,CUA,97.0,104.72026,95.25,95.25,29.444459915161133,False
2025-11-09 15:00:00,CUA,84.0,104.53716,95.416664,95.41666666666667,29.444459915161133,False
2025-11-09 16:00:00,CUA,61.0,99.42967,91.25,91.25,29.444459915161133,True
2025-11-09 17:00:00,CUA,50.0,80.837685,74.833336,74.83333333333333,29.444459915161133,True
2025-11-09 18:00:00,CUA,42.0,56.65795,53.0,53.0,29.444459915161133,False
2025-11-09 19:00:00,CUA,45.0,43.201984,41.75,41.75,29.444459915161133,False
2025-11-09 20:00:00,CUA,41.0,38.006237,38.25,38.25,29.444459915161133,False
2025-11-09 21:00:00,CUA,38.0,28.36638,30.0,30.0,29.444459915161133,False
2025-11-09 22:00:00,CUA,38.0,16.278175,19.166666,19.166666666666668,29.444459915161133,False
2025-11-09 23:00:00,CUA,39.0,10.100645,13.75,13.75,29.444459915161133,False
2025-11-10 00:00:00,CUA,41.0,13.940985,18.181818,18.181818181818183,29.444459915161133,False
2025-11-10 01:00:00,CUA,43.0,12.687006,17.454546,17.454545454545453,29.444459915161133,True
2025-11-10 02:00:00,CUA,44.0,11.797163,17.0,17.0,29.444459915161133,True
2025-11-10 03:00:00,CUA,44.0,12.2415695,17.846153,17.846153846153847,29.444459915161133,True
2025-11-10 04:00:00,CUA,45.0,11.457605,17.384615,17.384615384615383,29.444459915161133,True
2025-11-10 05:00:00,CUA,43.0,6.7309194,12.461538,12.461538461538462,29.444459915161133,True
2025-11-10 06:00:00,CUA,35.0,4.551126,10.461538,10.461538461538462,29.444459915161133,True
2025-11-10 07:00:00,CUA,31.0,7.742916,13.692307,13.692307692307692,29.444459915161133,False
2025-11-10 08:00:00,CUA,35.0,20.255432,26.461538,26.46153846153846,29.444459915161133,False
2025-11-10 09:00:00,CUA,33.0,28.92338,35.46154,35.46153846153846,29.444459915161133,False
2025-11-10 10:00:00,CUA,25.0,43.047546,50.076923,50.07692307692308,29.444459915161133,False
2025-11-10 11:00:00,CUA,24.0,55.910374,63.46154,63.46153846153846,29.444459915161133,True
2025-11-10 12:00:00,CUA,30.0,66.12195,74.333336,74.33333333333333,29.444459915161133,True
2025-11-10 13:00:00,CUA,27.0,75.582275,84.333336,84.33333333333333,29.444459915161133,True
2025-11-10 14:00:00,CUA,28.0,84.283844,93.416664,93.41666666666667,29.444459915161133,True
2025-11-10 15:00:00,CUA,29.0,84.551056,94.0,94.0,29.444459915161133,True
2025-11-10 16:00:00,CUA,27.0,79.63757,89.333336,89.33333333333333,29.444459915161133,True
2025-11-10 17:00:00,CUA,24.0,63.133286,72.916664,72.91666666666667,29.444459915161133,True
2025-11-10 18:00:00,CUA,24.0,41.697777,51.416668,51.416666666666664,29.444459915161133,False
2025-11-10 19:00:00,CUA,24.0,32.394978,42.0,42.0,29.444459915161133,False
2025-11-10 20:00:00,CUA,21.0,29.71957,39.25,39.25,29.444459915161133,False
2025-11-10 21:00:00,CUA,23.0,21.559174,31.083334,31.083333333333332,29.444459915161133,False
2025-11-10 22:00:00,CUA,28.0,11.27699,20.75,20.75,29.444459915161133,False
2025-11-10 23:00:00,CUA,32.0,6.112789,15.416667,15.416666666666666,29.444459915161133,False
2025-11-11 00:00:00,CUA,36.0,11.627344,20.727272,20.727272727272727,29.444459915161133,False
2025-11-11 01:00:00,CUA,33.0,10.862243,19.818182,19.818181818181817,29.444459915161133,False
2025-11-11 02:00:00,CUA,33.0,9.943837,18.727272,18.727272727272727,29.444459915161133,False
2025-11-11 03:00:00,CUA,33.0,10.745215,19.23077,19.23076923076923,29.444459915161133,False
2025-11-11 04:00:00,CUA,27.0,10.871262,19.0,19.0,29.444459915161133,False
2025-11-11 05:00:00,CUA,24.0,7.1378093,14.923077,14.923076923076923,29.444459915161133,False
2025-11-11 06:00:00,CUA,14.0,5.17345,12.769231,12.76923076923077,29.444459915161133,False
2025-11-11 07:00:00,CUA,5.0,7.6275554,15.153846,15.153846153846153,29.444459915161133,False
2025-11-11 08:00:00,CUA,9.0,18.789696,26.307692,26.307692307692307,29.444459915161133,False
2025-11-11 09:00:00,CUA,19.0,26.921349,34.53846,34.53846153846154,29.444459915161133,False
2025-11-11 10:00:00,CUA,27.0,40.19655,48.153847,48.15384615384615,29.444459915161133,False
2025-11-11 11:00:00,CUA,38.0,52.53595,61.076923,61.07692307692308,29.444459915161133,False
2025-11-11 12:00:00,CUA,48.0,61.85443,70.92308,70.92307692307692,29.444459915161133,False
2025-11-11 13:00:00,CUA,60.0,70.37077,79.92308,79.92307692307692,29.444459915161133,False
2025-11-11 14:00:00,CUA,60.0,78.55161,88.38461,88.38461538461539,29.444459915161133,False
2025-11-11 15:00:00,CUA,56.0,79.07749,89.0,89.0,29.444459915161133,False
2025-11-11 16:00:00,CUA,56.0,74.39072,84.53846,84.53846153846153,29.444459915161133,False
2025-11-11 17:00:00,CUA,42.0,58.799915,69.15385,69.15384615384616,29.444459915161133,False
2025-11-11 18:00:00,CUA,11.0,38.869774,49.307693,49.30769230769231,29.444459915161133,False
2025-11-11 19:00:00,CUA,4.0,30.214731,40.615383,40.61538461538461,29.444459915161133,False
2025-11-11 20:00:00,CUA,17.0,27.779545,37.846153,37.84615384615385,29.444459915161133,False
2025-11-11 21:00:00,CUA,3.0,21.002941,30.461538,30.46153846153846,29.444459915161133,False
2025-11-11 22:00:00,CUA,2.0,12.532073,21.307692,21.307692307692307,29.444459915161133,False
2025-11-11 23:00:00,CUA,10.0,8.464351,16.692308,16.692307692307693,29.444459915161133,False
2025-11-12 00:00:00,CUA,7.0,14.375395,22.0,22.0,29.444459915161133,False
2025-11-12 01:00:00,CUA,3.0,13.823288,20.916666,20.916666666666668,29.444459915161133,False
2025-11-12 02:00:00,CUA,10.0,13.156876,19.916666,19.916666666666668,29.444459915161133,False
2025-11-12 03:00:00,CUA,11.0,13.85408,20.214285,20.214285714285715,29.444459915161133,False
2025-11-12 04:00:00,CUA,17.0,13.550703,19.571428,19.571428571428573,29.444459915161133,False
2025-11-12 05:00:00,CUA,9.0,9.830393,15.571428,15.571428571428571,29.444459915161133,False
2025-11-12 06:00:00,CUA,2.0,7.1294146,12.857142,12.857142857142858,29.444459915161133,False
2025-11-12 07:00:00,CUA,3.0,8.567295,14.428572,14.428571428571429,29.444459915161133,False
2025-11-12 08:00:00,CUA,33.0,19.004408,25.071428,25.071428571428573,29.444459915161133,False
2025-11-12 09:00:00,CUA,31.0,26.880062,33.42857,33.42857142857143,29.444459915161133,False
2025-11-12 10:00:00,CUA,58.0,39.468246,46.642857,46.642857142857146,29.444459915161133,False
2025-11-12 11:00:00,CUA,85.0,51.493313,59.42857,59.42857142857143,29.444459915161133,True
2025-11-12 12:00:00,CUA,101.0,61.174213,69.28571,69.28571428571429,29.444459915161133,True
2025-11-12 13:00:00,CUA,109.0,71.54432,78.5,78.5,29.444459915161133,True
2025-11-12 14:00:00,CUA,102.0,81.13106,86.35714,86.35714285714286,29.444459915161133,False
2025-11-12 15:00:00,CUA,97.0,83.54352,86.64286,86.64285714285714,29.444459915161133,False
2025-11-12 16:00:00,CUA,103.0,82.102196,82.5,82.5,29.444459915161133,False
2025-11-12 17:00:00,CUA,94.0,68.94125,67.21429,67.21428571428571,29.444459915161133,False
2025-11-12 18:00:00,CUA,57.0,49.31338,46.57143,46.57142857142857,29.444459915161133,False
2025-11-12 19:00:00,CUA,42.0,39.38094,38.0,38.0,29.444459915161133,False
2025-11-12 20:00:00,CUA,35.0,36.960747,36.357143,36.357142857142854,29.444459915161133,False
2025-11-12 21:00:00,CUA,24.0,28.538439,28.5,28.5,29.444459915161133,False
2025-11-12 22:00:00,CUA,18.0,19.62153,19.928572,19.928571428571427,29.444459915161133,False
2025-11-12 23:00:00,CUA,8.0,15.66885,16.214285,16.214285714285715,29.444459915161133,False
2025-11-13 03:00:00,CUA,5.0,18.218548,19.785715,19.785714285714285,29.444459915161133,False
2025-11-13 04:00:00,CUA,8.0,16.046333,18.214285,18.214285714285715,29.444459915161133,False
2025-11-13 05:00:00,CUA,5.0,11.539201,14.071428,14.071428571428571,29.444459915161133,False
2025-11-13 06:00:00,CUA,4.0,8.073999,10.857142,10.857142857142858,29.444459915161133,False
2025-11-13 07:00:00,CUA,7.0,9.261098,12.285714,12.285714285714286,29.444459915161133,False
2025-11-13 08:00:00,CUA,13.0,21.253206,24.5,24.5,29.444459915161133,False
2025-11-13 09:00:00,CUA,20.0,28.77409,32.357143,32.357142857142854,29.444459915161133,False
2025-11-13 10:00:00,CUA,45.0,43.305725,47.285713,47.285714285714285,29.444459915161133,False
2025-11-13 11:00:00,CUA,57.0,56.85906,61.42857,61.42857142857143,29.444459915161133,False
2025-11-13 12:00:00,CUA,65.0,67.16119,72.35714,72.35714285714286,29.444459915161133,False
2025-11-13 13:00:00,CUA,77.0,75.93367,82.07143,82.07142857142857,29.444459915161133,False
2025-11-13 14:00:00,CUA,82.0,83.185196,89.14286,89.14285714285714,29.444459915161133,False
2025-11-13 15:00:00,CUA,77.0,84.12442,89.57143,89.57142857142857,29.444459915161133,False
2025-11-13 16:00:00,CUA,76.0,81.63114,86.0,86.0,29.444459915161133,False
2025-11-13 17:00:00,CUA,94.0,67.02385,70.64286,70.64285714285714,29.444459915161133,False
2025-11-13 18:00:00,CUA,56.0,44.991047,48.642857,48.642857142857146,29.444459915161133,False
2025-11-13 19:00:00,CUA,35.0,34.738327,39.357143,39.357142857142854,29.444459915161133,False
2025-11-13 20:00:00,CUA,24.0,32.435066,37.214287,37.214285714285715,29.444459915161133,False
2025-11-13 21:00:00,CUA,25.0,24.988335,28.928572,28.928571428571427,29.444459915161133,False
2025-11-13 22:00:00,CUA,11.0,17.874863,20.714285,20.714285714285715,29.444459915161133,False
2025-11-13 23:00:00,CUA,3.0,14.859085,16.428572,16.428571428571427,29.444459915161133,False
2025-11-14 00:00:00,CUA,5.0,21.251724,21.454546,21.454545454545453,29.444459915161133,False
2025-11-14 01:00:00,CUA,12.0,20.123697,19.727272,19.727272727272727,29.444459915161133,False
2025-11-14 02:00:00,CUA,16.0,22.13336,21.363636,21.363636363636363,29.444459915161133,False
2025-11-14 03:00:00,CUA,8.0,21.155096,20.071428,20.071428571428573,29.444459915161133,False
2025-11-14 04:00:00,CUA,4.0,20.01647,18.642857,18.642857142857142,29.444459915161133,False
2025-11-14 05:00:00,CUA,7.0,16.104261,14.357142,14.357142857142858,29.444459915161133,False
2025-11-14 06:00:00,CUA,1.0,12.952059,11.071428,11.071428571428571,29.444459915161133,False
2025-11-14 07:00:00,CUA,3.0,14.650578,12.642858,12.642857142857142,29.444459915161133,False
2025-11-14 08:00:00,CUA,8.0,27.226978,25.0,25.0,29.444459915161133,False
2025-11-14 09:00:00,CUA,21.0,34.605312,32.142857,32.142857142857146,29.444459915161133,False
2025-11-14 10:00:00,CUA,43.0,49.57927,46.92857,46.92857142857143,29.444459915161133,False
2025-11-14 11:00:00,CUA,55.0,63.320755,60.57143,60.57142857142857,29.444459915161133,False
2025-11-14 12:00:00,CUA,82.0,73.68984,70.78571,70.78571428571429,29.444459915161133,False
2025-11-14 13:00:00,CUA,84.0,83.027695,79.78571,79.78571428571429,29.444459915161133,False
2025-11-14 14:00:00,CUA,86.0,88.403305,85.42857,85.42857142857143,29.444459915161133,False
2025-11-14 15:00:00,CUA,73.0,88.43607,86.0,86.0,29.444459915161133,False
2025-11-14 16:00:00,CUA,77.0,84.78263,83.35714,83.35714285714286,29.444459915161133,False
2025-11-14 17:00:00,CUA,59.0,72.49406,72.21429,72.21428571428571,29.444459915161133,False
2025-11-14 18:00:00,CUA,47.0,46.712475,48.785713,48.785714285714285,29.444459915161133,False
2025-11-14 19:00:00,CUA,42.0,34.84739,38.142857,38.142857142857146,29.444459915161133,False
2025-11-14 20:00:00,CUA,20.0,31.969448,36.07143,36.07142857142857,29.444459915161133,False
2025-11-14 21:00:00,CUA,6.0,24.881077,28.785715,28.785714285714285,29.444459915161133,False
2025-11-14 22:00:00,CUA,7.0,17.236551,20.285715,20.285714285714285,29.444459915161133,False
2025-11-14 23:00:00,CUA,9.0,14.349592,16.5,16.5,29.444459915161133,False
2025-11-15 00:00:00,CUA,11.0,19.480644,20.818182,20.818181818181817,29.444459915161133,False
2025-11-15 01:00:00,CUA,15.0,18.707972,19.181818,19.181818181818183,29.444459915161133,False
2025-11-15 02:00:00,CUA,27.0,21.731821,21.454546,21.454545454545453,29.444459915161133,False
2025-11-15 03:00:00,CUA,18.0,20.430265,19.428572,19.428571428571427,29.444459915161133,False
2025-11-15 04:00:00,CUA,10.0,19.974195,18.5,18.5,29.444459915161133,False
2025-11-15 05:00:00,CUA,5.0,15.938795,14.285714,14.285714285714286,29.444459915161133,False
2025-11-15 06:00:00,CUA,6.0,12.721509,10.785714,10.785714285714286,29.444459915161133,False
2025-11-15 07:00:00,CUA,8.0,14.6956625,12.357142,12.357142857142858,29.444459915161133,False
2025-11-15 08:00:00,CUA,13.0,25.415678,22.785715,22.785714285714285,29.444459915161133,False
2025-11-15 09:00:00,CUA,17.0,32.997227,30.357143,30.357142857142858,29.444459915161133,False
2025-11-15 10:00:00,CUA,41.0,48.997272,46.5,46.5,29.444459915161133,False
2025-11-15 11:00:00,CUA,53.0,62.455936,60.5,60.5,29.444459915161133,False
2025-11-15 12:00:00,CUA,57.0,72.83262,71.92857,71.92857142857143,29.444459915161133,False
2025-11-15 13:00:00,CUA,70.0,79.203545,80.57143,80.57142857142857,29.444459915161133,False
2025-11-15 14:00:00,CUA,72.0,82.48344,85.57143,85.57142857142857,29.444459915161133,False
2025-11-15 15:00:00,CUA,84.0,81.25218,84.92857,84.92857142857143,29.444459915161133,False
2025-11-15 16:00:00,CUA,74.0,79.45354,82.78571,82.78571428571429,29.444459915161133,False
2025-11-15 17:00:00,CUA,56.0,69.3377,71.85714,71.85714285714286,29.444459915161133,False
2025-11-15 18:00:00,CUA,40.0,47.071575,48.92857,48.92857142857143,29.444459915161133,False
2025-11-15 19:00:00,CUA,33.0,36.039497,38.07143,38.07142857142857,29.444459915161133,False
2025-11-15 20:00:00,CUA,15.0,33.221653,35.642857,35.642857142857146,29.444459915161133,False
2025-11-15 21:00:00,CUA,8.0,26.264696,28.428572,28.428571428571427,29.444459915161133,False
2025-11-15 22:00:00,CUA,8.0,19.156672,20.571428,20.571428571428573,29.444459915161133,False
2025-11-15 23:00:00,CUA,17.0,16.473825,17.0,17.0,29.444459915161133,False
2025-11-16 00:00:00,CUA,22.0,20.357155,20.0,20.0,29.444459915161133,False
2025-11-16 01:00:00,CUA,23.0,19.736355,18.833334,18.833333333333332,29.444459915161133,False
2025-11-16 02:00:00,CUA,32.0,23.145315,21.916666,21.916666666666668,29.444459915161133,False
2025-11-16 03:00:00,CUA,28.0,20.286808,18.642857,18.642857142857142,29.444459915161133,False
2025-11-16 04:00:00,CUA,25.0,18.985226,16.928572,16.928571428571427,29.444459915161133,False
2025-11-16 05:00:00,CUA,26.0,16.081087,13.714286,13.714285714285714,29.444459915161133,False
2025-11-16 06:00:00,CUA,30.0,11.416591,8.928572,8.928571428571429,29.444459915161133,False
2025-11-16 07:00:00,CUA,21.0,12.766497,10.214286,10.214285714285714,29.444459915161133,False
2025-11-16 08:00:00,CUA,42.0,23.333221,20.785715,20.785714285714285,29.444459915161133,False
2025-11-16 09:00:00,CUA,60.0,31.008732,28.5,28.5,29.444459915161133,False
2025-11-16 10:00:00,CUA,58.0,47.932808,45.5,45.5,29.444459915161133,False
2025-11-16 11:00:00,CUA,60.0,61.318832,59.142857,59.142857142857146,29.444459915161133,False
2025-11-16 12:00:00,CUA,81.0,73.42139,70.71429,70.71428571428571,29.444459915161133,False
2025-11-16 13:00:00,CUA,78.0,82.116196,80.28571,80.28571428571429,29.444459915161133,False
2025-11-16 14:00:00,CUA,82.0,86.0771,85.21429,85.21428571428571,29.444459915161133,False
2025-11-16 15:00:00,CUA,86.0,86.12214,85.42857,85.42857142857143,29.444459915161133,False
2025-11-16 16:00:00,CUA,68.0,84.729614,83.07143,83.07142857142857,29.444459915161133,False
2025-11-16 17:00:00,CUA,52.0,73.82723,71.85714,71.85714285714286,29.444459915161133,False
2025-11-16 18:00:00,CUA,47.0,49.325024,48.642857,48.642857142857146,29.444459915161133,False
2025-11-16 19:00:00,CUA,39.0,36.452682,37.5,37.5,29.444459915161133,False
2025-11-16 20:00:00,CUA,27.0,31.880585,33.5,33.5,29.444459915161133,False
2025-11-16 21:00:00,CUA,7.0,24.435877,26.357143,26.357142857142858,29.444459915161133,False
2025-11-16 22:00:00,CUA,5.0,17.481596,19.142857,19.142857142857142,29.444459915161133,False
2025-11-16 23:00:00,CUA,5.0,16.556406,17.5,17.5,29.444459915161133,False
2025-11-17 00:00:00,CUA,26.0,20.699314,20.916666,20.916666666666668,29.444459915161133,False
2025-11-17 01:00:00,CUA,30.0,19.628223,19.0,19.0,29.444459915161133,False
2025-11-17 02:00:00,CUA,29.0,23.504696,22.083334,22.083333333333332,29.444459915161133,False
2025-11-17 03:00:00,CUA,31.0,20.41183,18.357143,18.357142857142858,29.444459915161133,False
2025-11-17 04:00:00,CUA,31.0,18.851307,16.428572,16.428571428571427,29.444459915161133,False
2025-11-17 05:00:00,CUA,23.0,17.010942,14.285714,14.285714285714286,29.444459915161133,False
2025-11-17 06:00:00,CUA,16.0,13.332766,10.428572,10.428571428571429,29.444459915161133,False
2025-11-17 07:00:00,CUA,19.0,13.152442,10.142858,10.142857142857142,29.444459915161133,False
2025-11-17 08:00:00,CUA,19.0,24.16849,21.071428,21.071428571428573,29.444459915161133,False
2025-11-17 09:00:00,CUA,22.0,32.669178,29.714285,29.714285714285715,29.444459915161133,False
2025-11-17 10:00:00,CUA,60.0,48.646828,46.142857,46.142857142857146,29.444459915161133,False
2025-11-17 11:00:00,CUA,59.0,60.840454,59.57143,59.57142857142857,29.444459915161133,False
2025-11-17 12:00:00,CUA,74.0,71.76949,71.85714,71.85714285714286,29.444459915161133,False
2025-11-17 13:00:00,CUA,66.0,79.11565,80.64286,80.64285714285714,29.444459915161133,False
2025-11-17 14:00:00,CUA,72.0,83.459076,85.78571,85.78571428571429,29.444459915161133,False
2025-11-17 15:00:00,CUA,78.0,84.59621,86.64286,86.64285714285714,29.444459915161133,False
2025-11-17 16:00:00,CUA,86.0,82.46973,83.14286,83.14285714285714,29.444459915161133,False
2025-11-17 17:00:00,CUA,62.0,73.16668,71.5,71.5,29.444459915161133,False
2025-11-17 18:00:00,CUA,24.0,50.93877,48.57143,48.57142857142857,29.444459915161133,False
2025-11-17 19:00:00,CUA,50.0,38.714104,37.57143,37.57142857142857,29.444459915161133,False
2025-11-17 20:00:00,CUA,29.0,34.219223,33.142857,33.142857142857146,29.444459915161133,False
2025-11-17 21:00:00,CUA,34.0,26.972023,25.0,25.0,29.444459915161133,False
2025-11-17 22:00:00,CUA,14.0,20.797611,18.0,18.0,29.444459915161133,False
2025-11-17 23:00:00,CUA,21.0,19.548529,16.5,16.5,29.444459915161133,False
2025-11-18 00:00:00,CUA,14.0,25.208313,21.75,21.75,29.444459915161133,False
2025-11-18 01:00:00,CUA,21.0,23.793537,20.166666,20.166666666666668,29.444459915161133,False
2025-11-18 02:00:00,CUA,24.0,26.890266,23.416666,23.416666666666668,29.444459915161133,False
2025-11-18 03:00:00,CUA,31.0,23.068583,19.428572,19.428571428571427,29.444459915161133,False
2025-11-18 04:00:00,CUA,21.0,21.200947,17.214285,17.214285714285715,29.444459915161133,False
2025-11-18 05:00:00,CUA,23.0,18.921448,14.714286,14.714285714285714,29.444459915161133,False
2025-11-18 06:00:00,CUA,8.0,15.462276,11.142858,11.142857142857142,29.444459915161133,False
2025-11-18 07:00:00,CUA,6.0,15.386263,11.142858,11.142857142857142,29.444459915161133,False
2025-11-18 08:00:00,CUA,33.0,25.703344,21.571428,21.571428571428573,29.444459915161133,False
2025-11-18 09:00:00,CUA,41.0,33.52847,29.5,29.5,29.444459915161133,False
2025-11-18 10:00:00,CUA,50.0,52.432796,48.142857,48.142857142857146,29.444459915161133,False
2025-11-18 11:00:00,CUA,72.0,65.414406,60.714287,60.714285714285715,29.444459915161133,False
2025-11-18 12:00:00,CUA,84.0,77.77672,72.85714,72.85714285714286,29.444459915161133,False
2025-11-18 13:00:00,CUA,97.0,85.339836,80.5,80.5,29.444459915161133,False
2025-11-18 14:00:00,CUA,103.0,89.92664,85.42857,85.42857142857143,29.444459915161133,False
2025-11-18 15:00:00,CUA,97.0,90.64343,86.14286,86.14285714285714,29.444459915161133,False
2025-11-18 16:00:00,CUA,95.0,87.47159,83.21429,83.21428571428571,29.444459915161133,False
2025-11-18 17:00:00,CUA,71.0,74.87329,70.42857,70.42857142857143,29.444459915161133,False
2025-11-18 18:00:00,CUA,53.0,51.28432,46.5,46.5,29.444459915161133,False
2025-11-18 19:00:00,CUA,50.0,41.215023,37.92857,37.92857142857143,29.444459915161133,False
2025-11-18 20:00:00,CUA,33.0,35.252464,33.0,33.0,29.444459915161133,False
2025-11-18 21:00:00,CUA,26.0,26.979332,25.428572,25.428571428571427,29.444459915161133,False
2025-11-18 22:00:00,CUA,26.0,18.676527,17.285715,17.285714285714285,29.444459915161133,False
2025-11-18 23:00:00,CUA,15.0,17.758694,16.285715,16.285714285714285,29.444459915161133,False
2025-11-19 03:00:00,CUA,34.0,20.894825,20.357143,20.357142857142858,29.444459915161133,False
2025-11-19 04:00:00,CUA,25.0,19.15652,18.214285,18.214285714285715,29.444459915161133,False
2025-11-19 05:00:00,CUA,21.0,17.33369,15.785714,15.785714285714286,29.444459915161133,False
2025-11-19 06:00:00,CUA,7.0,13.606109,11.571428,11.571428571428571,29.444459915161133,False
2025-11-19 07:00:00,CUA,5.0,13.090455,10.642858,10.642857142857142,29.444459915161133,False
2025-11-19 08:00:00,CUA,22.0,25.267582,22.428572,22.428571428571427,29.444459915161133,False
2025-11-19 09:00:00,CUA,39.0,33.35065,30.428572,30.428571428571427,29.444459915161133,False
2025-11-19 10:00:00,CUA,47.0,51.764004,48.642857,48.642857142857146,29.444459915161133,False
2025-11-19 11:00:00,CUA,52.0,65.059975,61.92857,61.92857142857143,29.444459915161133,False
2025-11-19 12:00:00,CUA,61.0,75.87409,74.0,74.0,29.444459915161133,False
2025-11-19 13:00:00,CUA,80.0,81.75132,81.85714,81.85714285714286,29.444459915161133,False
2025-11-19 14:00:00,CUA,85.0,85.89108,87.28571,87.28571428571429,29.444459915161133,False
2025-11-19 15:00:00,CUA,94.0,85.719574,87.5,87.5,29.444459915161133,False
2025-11-19 16:00:00,CUA,83.0,82.67101,84.14286,84.14285714285714,29.444459915161133,False
2025-11-19 17:00:00,CUA,60.0,69.10496,69.85714,69.85714285714286,29.444459915161133,False
2025-11-19 18:00:00,CUA,40.0,46.629925,47.357143,47.357142857142854,29.444459915161133,False
2025-11-19 19:00:00,CUA,26.0,37.22625,38.357143,38.357142857142854,29.444459915161133,False
2025-11-19 20:00:00,CUA,23.0,30.956045,32.285713,32.285714285714285,29.444459915161133,False
2025-11-19 21:00:00,CUA,18.0,23.273134,24.785715,24.785714285714285,29.444459915161133,False
2025-11-19 22:00:00,CUA,16.0,15.969983,17.285715,17.285714285714285,29.444459915161133,False
2025-11-19 23:00:00,CUA,11.0,15.710103,16.642857,16.642857142857142,29.444459915161133,False
2025-11-20 00:00:00,CUA,12.0,21.205372,21.545454,21.545454545454547,29.444459915161133,False
2025-11-20 01:00:00,CUA,7.0,20.800865,20.818182,20.818181818181817,29.444459915161133,False
2025-11-20 02:00:00,CUA,20.0,24.838112,24.727272,24.727272727272727,29.444459915161133,False
2025-11-20 03:00:00,CUA,16.0,22.437044,22.357143,22.357142857142858,29.444459915161133,False
2025-11-20 04:00:00,CUA,21.0,19.683178,19.428572,19.428571428571427,29.444459915161133,False
2025-11-20 05:00:00,CUA,7.0,17.532356,17.0,17.0,29.444459915161133,False
2025-11-20 06:00:00,CUA,4.0,12.651238,11.928572,11.928571428571429,29.444459915161133,False
2025-11-20 07:00:00,CUA,4.0,11.327565,10.5,10.5,29.444459915161133,False
2025-11-20 08:00:00,CUA,5.0,23.463737,22.571428,22.571428571428573,29.444459915161133,False
2025-11-20 09:00:00,CUA,17.0,31.958815,31.214285,31.214285714285715,29.444459915161133,False
2025-11-20 10:00:00,CUA,38.0,49.073986,48.357143,48.357142857142854,29.444459915161133,False
2025-11-20 11:00:00,CUA,59.0,61.30803,61.0,61.0,29.444459915161133,False
2025-11-20 12:00:00,CUA,72.0,73.44106,73.0,73.0,29.444459915161133,False
2025-11-20 13:00:00,CUA,91.0,81.82554,81.57143,81.57142857142857,29.444459915161133,False
2025-11-20 14:00:00,CUA,108.0,86.39,86.5,86.5,29.444459915161133,False
2025-11-20 15:00:00,CUA,114.0,87.55336,86.21429,86.21428571428571,29.444459915161133,False
2025-11-20 16:00:00,CUA,108.0,89.46319,82.28571,82.28571428571429,29.444459915161133,False
2025-11-20 17:00:00,CUA,98.0,79.144295,68.64286,68.64285714285714,29.444459915161133,False
2025-11-20 18:00:00,CUA,33.0,56.980034,46.142857,46.142857142857146,29.444459915161133,False
2025-11-20 19:00:00,CUA,42.0,46.359524,37.714287,37.714285714285715,29.444459915161133,False
2025-11-20 20:00:00,CUA,47.0,40.338764,32.142857,32.142857142857146,29.444459915161133,False
2025-11-20 21:00:00,CUA,43.0,32.120758,24.357143,24.357142857142858,29.444459915161133,False
2025-11-20 22:00:00,CUA,32.0,25.629211,17.714285,17.714285714285715,29.444459915161133,False
2025-11-20 23:00:00,CUA,11.0,24.638142,16.857143,16.857142857142858,29.444459915161133,False
2025-11-21 00:00:00,CUA,18.0,28.222198,20.818182,20.818181818181817,29.444459915161133,False
2025-11-21 01:00:00,CUA,31.0,26.874454,20.181818,20.181818181818183,29.444459915161133,False
2025-11-21 02:00:00,CUA,31.0,31.985958,25.818182,25.818181818181817,29.444459915161133,False
2025-11-21 03:00:00,CUA,36.0,28.353193,22.357143,22.357142857142858,29.444459915161133,False
2025-11-21 04:00:00,CUA,32.0,26.237373,20.357143,20.357142857142858,29.444459915161133,False
2025-11-21 05:00:00,CUA,5.0,22.574585,17.0,17.0,29.444459915161133,False
2025-11-21 06:00:00,CUA,4.0,17.294048,12.071428,12.071428571428571,29.444459915161133,False
2025-11-21 07:00:00,CUA,5.0,15.291292,10.357142,10.357142857142858,29.444459915161133,False
2025-11-21 08:00:00,CUA,43.0,26.80045,22.0,22.0,29.444459915161133,False
2025-11-21 09:00:00,CUA,54.0,35.35529,30.642857,30.642857142857142,29.444459915161133,False
2025-11-21 10:00:00,CUA,64.0,53.339943,47.92857,47.92857142857143,29.444459915161133,False
2025-11-21 11:00:00,CUA,71.0,66.52698,60.214287,60.214285714285715,29.444459915161133,False
2025-11-21 12:00:00,CUA,85.0,79.95905,72.64286,72.64285714285714,29.444459915161133,False
2025-11-21 13:00:00,CUA,107.0,89.91377,81.57143,81.57142857142857,29.444459915161133,False
2025-11-21 14:00:00,CUA,113.0,96.51333,86.42857,86.42857142857143,29.444459915161133,False
2025-11-21 15:00:00,CUA,109.0,97.28796,85.85714,85.85714285714286,29.444459915161133,False
2025-11-21 16:00:00,CUA,99.0,93.994644,81.64286,81.64285714285714,29.444459915161133,False
2025-11-21 17:00:00,CUA,81.0,82.10002,69.21429,69.21428571428571,29.444459915161133,False
2025-11-21 18:00:00,CUA,62.0,55.313145,43.0,43.0,29.444459915161133,False
2025-11-21 19:00:00,CUA,36.0,47.227478,37.285713,37.285714285714285,29.444459915161133,False
2025-11-21 20:00:00,CUA,25.0,39.75187,31.928572,31.928571428571427,29.444459915161133,False
2025-11-21 21:00:00,CUA,27.0,30.10094,24.571428,24.571428571428573,29.444459915161133,False
2025-11-21 22:00:00,CUA,34.0,23.298677,19.428572,19.428571428571427,29.444459915161133,False
2025-11-21 23:00:00,CUA,32.0,19.838612,16.857143,16.857142857142858,29.444459915161133,False
2025-11-22 00:00:00,CUA,33.0,22.951723,20.583334,20.583333333333332,29.444459915161133,False
2025-11-22 01:00:00,CUA,16.0,23.125772,21.083334,21.083333333333332,29.444459915161133,False
2025-11-22 02:00:00,CUA,15.0,28.234217,26.25,26.25,29.444459915161133,False
2025-11-22 03:00:00,CUA,15.0,25.988161,23.857143,23.857142857142858,29.444459915161133,False
2025-11-22 04:00:00,CUA,18.0,23.20481,20.857143,20.857142857142858,29.444459915161133,False
2025-11-22 05:00:00,CUA,10.0,19.123302,16.571428,16.571428571428573,29.444459915161133,False
2025-11-22 06:00:00,CUA,11.0,14.592163,11.928572,11.928571428571429,29.444459915161133,False
2025-11-22 07:00:00,CUA,25.0,13.106239,10.357142,10.357142857142858,29.444459915161133,False
2025-11-22 08:00:00,CUA,46.0,26.97484,24.142857,24.142857142857142,29.444459915161133,False
2025-11-22 09:00:00,CUA,50.0,35.036015,32.42857,32.42857142857143,29.444459915161133,False
2025-11-22 10:00:00,CUA,57.0,50.903145,48.57143,48.57142857142857,29.444459915161133,False
2025-11-22 11:00:00,CUA,63.0,62.127518,60.0,60.0,29.444459915161133,False
2025-11-22 12:00:00,CUA,73.0,74.372086,71.57143,71.57142857142857,29.444459915161133,False
2025-11-22 13:00:00,CUA,90.0,84.53649,80.35714,80.35714285714286,29.444459915161133,False
2025-11-22 14:00:00,CUA,100.0,90.870964,84.78571,84.78571428571429,29.444459915161133,False
2025-11-22 15:00:00,CUA,99.0,92.12686,84.07143,84.07142857142857,29.444459915161133,False
2025-11-22 16:00:00,CUA,89.0,88.591934,79.5,79.5,29.444459915161133,False
2025-11-22 17:00:00,CUA,67.0,75.51849,66.14286,66.14285714285714,29.444459915161133,False
2025-11-22 18:00:00,CUA,43.0,49.736412,41.5,41.5,29.444459915161133,False
2025-11-22 19:00:00,CUA,34.0,42.24956,35.714287,35.714285714285715,29.444459915161133,False
2025-11-22 20:00:00,CUA,25.0,34.158234,29.285715,29.285714285714285,29.444459915161133,False
2025-11-22 21:00:00,CUA,25.0,26.529757,23.142857,23.142857142857142,29.444459915161133,False
2025-11-22 22:00:00,CUA,19.0,21.060574,19.357143,19.357142857142858,29.444459915161133,False
2025-11-22 23:00:00,CUA,5.0,16.818296,16.428572,16.428571428571427,29.444459915161133,False
2025-11-23 00:00:00,CUA,9.0,19.463076,19.916666,19.916666666666668,29.444459915161133,False
2025-11-23 01:00:00,CUA,9.0,19.969687,21.0,21.0,29.444459915161133,False
2025-11-23 02:00:00,CUA,19.0,23.691254,25.166666,25.166666666666668,29.444459915161133,False
2025-11-23 03:00:00,CUA,19.0,22.236105,24.071428,24.071428571428573,29.444459915161133,False
2025-11-23 04:00:00,CUA,25.0,19.039734,21.214285,21.214285714285715,29.444459915161133,False
2025-11-23 05:00:00,CUA,29.0,13.691541,16.285715,16.285714285714285,29.444459915161133,False
2025-11-23 06:00:00,CUA,24.0,8.411385,11.5,11.5,29.444459915161133,False
2025-11-23 07:00:00,CUA,21.0,7.8229795,11.214286,11.214285714285714,29.444459915161133,False
2025-11-23 08:00:00,CUA,27.0,20.797077,24.5,24.5,29.444459915161133,False
2025-11-23 09:00:00,CUA,31.0,29.56423,33.642857,33.642857142857146,29.444459915161133,False
2025-11-23 10:00:00,CUA,38.0,43.55644,47.92857,47.92857142857143,29.444459915161133,False
2025-11-23 11:00:00,CUA,47.0,54.4096,58.857143,58.857142857142854,29.444459915161133,False
2025-11-23 12:00:00,CUA,55.0,66.62861,71.0,71.0,29.444459915161133,False
2025-11-23 13:00:00,CUA,67.0,76.03673,80.0,80.0,29.444459915161133,False
2025-11-23 14:00:00,CUA,76.0,81.99693,85.0,85.0,29.444459915161133,False
2025-11-23 15:00:00,CUA,76.0,82.348404,84.07143,84.07142857142857,29.444459915161133,False
2025-11-23 16:00:00,CUA,74.0,77.5451,78.71429,78.71428571428571,29.444459915161133,False
2025-11-23 17:00:00,CUA,61.0,63.84086,65.0,65.0,29.444459915161133,False
2025-11-23 18:00:00,CUA,27.0,40.02473,41.357143,41.357142857142854,29.444459915161133,False
2025-11-23 19:00:00,CUA,26.0,34.70437,35.857143,35.857142857142854,29.444459915161133,False
2025-11-23 20:00:00,CUA,28.0,26.44695,27.285715,27.285714285714285,29.444459915161133,False
2025-11-23 21:00:00,CUA,17.0,21.42401,21.928572,21.928571428571427,29.444459915161133,False
2025-11-23 22:00:00,CUA,9.0,18.1399,18.428572,18.428571428571427,29.444459915161133,False
2025-11-23 23:00:00,CUA,3.0,15.400923,15.571428,15.571428571428571,29.444459915161133,False
2025-11-24 00:00:00,CUA,18.0,19.560791,19.5,19.5,29.444459915161133,False
2025-11-24 01:00:00,CUA,21.0,20.717157,20.25,20.25,29.444459915161133,False
2025-11-24 02:00:00,CUA,18.0,25.615519,25.0,25.0,29.444459915161133,False
2025-11-24 03:00:00,CUA,34.0,24.16112,23.5,23.5,29.444459915161133,False
2025-11-24 04:00:00,CUA,20.0,22.814901,22.071428,22.071428571428573,29.444459915161133,False
2025-11-24 05:00:00,CUA,19.0,18.011353,16.928572,16.928571428571427,29.444459915161133,False
2025-11-24 06:00:00,CUA,22.0,13.241773,11.857142,11.857142857142858,29.444459915161133,False
2025-11-24 07:00:00,CUA,21.0,13.238065,11.642858,11.642857142857142,29.444459915161133,False
2025-11-24 08:00:00,CUA,33.0,26.583939,24.857143,24.857142857142858,29.444459915161133,False
2025-11-24 09:00:00,CUA,44.0,34.394756,32.5,32.5,29.444459915161133,False
2025-11-24 10:00:00,CUA,48.0,48.67049,46.5,46.5,29.444459915161133,False
2025-11-24 11:00:00,CUA,59.0,59.297737,56.785713,56.785714285714285,29.444459915161133,False
2025-11-24 12:00:00,CUA,76.0,71.909775,69.14286,69.14285714285714,29.444459915161133,False
2025-11-24 13:00:00,CUA,93.0,81.91334,78.78571,78.78571428571429,29.444459915161133,False
2025-11-24 14:00:00,CUA,108.0,87.87105,83.5,83.5,29.444459915161133,False
2025-11-24 15:00:00,CUA,121.0,90.493904,83.5,83.5,29.444459915161133,True
2025-11-24 16:00:00,CUA,129.0,89.75113,79.64286,79.64285714285714,29.444459915161133,True
2025-11-24 17:00:00,CUA,121.0,78.10013,65.78571,65.78571428571429,29.444459915161133,True
2025-11-24 18:00:00,CUA,73.0,52.392372,40.285713,40.285714285714285,29.444459915161133,False
2025-11-24 19:00:00,CUA,50.0,43.627563,34.5,34.5,29.444459915161133,False
2025-11-24 20:00:00,CUA,43.0,34.467274,26.357143,26.357142857142858,29.444459915161133,False
2025-11-24 21:00:00,CUA,36.0,28.262564,20.428572,20.428571428571427,29.444459915161133,False
2025-11-24 22:00:00,CUA,32.0,23.755596,16.357143,16.357142857142858,29.444459915161133,False
2025-11-24 23:00:00,CUA,11.0,20.001785,13.0,13.0,29.444459915161133,False
2025-11-25 03:00:00,CUA,29.0,27.498192,22.785715,22.785714285714285,29.444459915161133,False
2025-11-25 04:00:00,CUA,17.0,24.129803,20.285715,20.285714285714285,29.444459915161133,False
2025-11-25 05:00:00,CUA,2.0,18.400723,15.214286,15.214285714285714,29.444459915161133,False
2025-11-25 06:00:00,CUA,2.0,13.430328,10.928572,10.928571428571429,29.444459915161133,False
2025-11-25 07:00:00,CUA,2.0,12.817586,10.928572,10.928571428571429,29.444459915161133,False
2025-11-25 08:00:00,CUA,14.0,25.842838,24.714285,24.714285714285715,29.444459915161133,False
2025-11-25 09:00:00,CUA,25.0,33.834972,33.285713,33.285714285714285,29.444459915161133,False
2025-11-25 10:00:00,CUA,61.0,47.864326,48.142857,48.142857142857146,29.444459915161133,False
2025-11-25 11:00:00,CUA,74.0,58.27346,59.285713,59.285714285714285,29.444459915161133,False
2025-11-25 12:00:00,CUA,92.0,71.53557,72.42857,72.42857142857143,29.444459915161133,False
2025-11-25 13:00:00,CUA,114.0,83.671684,83.5,83.5,29.444459915161133,True
2025-11-25 14:00:00,CUA,127.0,90.15012,89.21429,89.21428571428571,29.444459915161133,True
2025-11-25 15:00:00,CUA,119.0,91.24785,90.07143,90.07142857142857,29.444459915161133,False
2025-11-25 16:00:00,CUA,65.0,87.412445,86.92857,86.92857142857143,29.444459915161133,False
2025-11-25 17:00:00,CUA,42.0,72.76368,72.71429,72.71428571428571,29.444459915161133,True
2025-11-25 18:00:00,CUA,26.0,43.165833,43.785713,43.785714285714285,29.444459915161133,False
2025-11-25 19:00:00,CUA,31.0,34.07421,36.357143,36.357142857142854,29.444459915161133,False
2025-11-25 20:00:00,CUA,36.0,24.181217,27.928572,27.928571428571427,29.444459915161133,False
2025-11-25 21:00:00,CUA,32.0,16.698765,21.357143,21.357142857142858,29.444459915161133,False
2025-11-25 22:00:00,CUA,32.0,11.390944,16.642857,16.642857142857142,29.444459915161133,False
2025-11-25 23:00:00,CUA,30.0,6.1774917,11.5,11.5,29.444459915161133,False
2025-11-26 00:00:00,CUA,38.0,10.323988,15.909091,15.909090909090908,29.444459915161133,False
2025-11-26 01:00:00,CUA,42.0,11.358656,17.09091,17.09090909090909,29.444459915161133,True
2025-11-26 02:00:00,CUA,32.0,16.186314,21.90909,21.90909090909091,29.444459915161133,False
2025-11-26 03:00:00,CUA,21.0,16.993431,22.5,22.5,29.444459915161133,False
2025-11-26 04:00:00,CUA,10.0,14.459164,19.571428,19.571428571428573,29.444459915161133,False
2025-11-26 05:00:00,CUA,18.0,9.11825,13.642858,13.642857142857142,29.444459915161133,False
2025-11-26 06:00:00,CUA,2.0,5.7669096,10.071428,10.071428571428571,29.444459915161133,False
2025-11-26 07:00:00,CUA,3.0,6.467954,10.714286,10.714285714285714,29.444459915161133,False
2025-11-26 08:00:00,CUA,19.0,20.70711,25.071428,25.071428571428573,29.444459915161133,False
2025-11-26 09:00:00,CUA,31.0,29.227404,33.714287,33.714285714285715,29.444459915161133,False
2025-11-26 10:00:00,CUA,40.0,45.34382,50.57143,50.57142857142857,29.444459915161133,False
2025-11-26 11:00:00,CUA,56.0,55.536976,61.857143,61.857142857142854,29.444459915161133,False
2025-11-26 12:00:00,CUA,76.0,68.06609,75.57143,75.57142857142857,29.444459915161133,False
2025-11-26 13:00:00,CUA,89.0,79.2228,87.35714,87.35714285714286,29.444459915161133,False
2025-11-26 14:00:00,CUA,94.0,86.026955,94.0,94.0,29.444459915161133,False
2025-11-26 15:00:00,CUA,94.0,87.49893,94.57143,94.57142857142857,29.444459915161133,False
2025-11-26 16:00:00,CUA,77.0,83.0998,87.57143,87.57142857142857,29.444459915161133,False
2025-11-26 17:00:00,CUA,60.0,68.909584,72.71429,72.71428571428571,29.444459915161133,False
2025-11-26 18:00:00,CUA,40.0,40.26302,44.857143,44.857142857142854,29.444459915161133,False
2025-11-26 19:00:00,CUA,28.0,32.184242,38.285713,38.285714285714285,29.444459915161133,False
2025-11-26 20:00:00,CUA,25.0,22.204744,29.285715,29.285714285714285,29.444459915161133,False
2025-11-26 21:00:00,CUA,30.0,15.904213,23.428572,23.428571428571427,29.444459915161133,False
2025-11-26 22:00:00,CUA,29.0,11.103006,18.785715,18.785714285714285,29.444459915161133,False
2025-11-26 23:00:00,CUA,31.0,4.847167,12.928572,12.928571428571429,29.444459915161133,False
2025-11-27 00:00:00,CUA,34.0,10.45441,18.727272,18.727272727272727,29.444459915161133,False
2025-11-27 01:00:00,CUA,32.0,12.2291975,20.636364,20.636363636363637,29.444459915161133,False
2025-11-27 02:00:00,CUA,35.0,15.3156595,23.90909,23.90909090909091,29.444459915161133,False
2025-11-27 03:00:00,CUA,32.0,14.435196,23.214285,23.214285714285715,29.444459915161133,False
2025-11-27 04:00:00,CUA,33.0,10.161568,19.071428,19.071428571428573,29.444459915161133,False
2025-11-27 05:00:00,CUA,31.0,5.3196373,14.285714,14.285714285714286,29.444459915161133,False
2025-11-27 06:00:00,CUA,27.0,1.1624022,10.071428,10.071428571428571,29.444459915161133,False
2025-11-27 07:00:00,CUA,18.0,1.9784994,10.714286,10.714285714285714,29.444459915161133,False
2025-11-27 08:00:00,CUA,19.0,15.461114,24.071428,24.071428571428573,29.444459915161133,False
2025-11-27 09:00:00,CUA,23.0,25.041866,33.714287,33.714285714285715,29.444459915161133,False
2025-11-27 10:00:00,CUA,32.0,40.380306,49.285713,49.285714285714285,29.444459915161133,False
2025-11-27 11:00:00,CUA,38.0,50.5181,59.785713,59.785714285714285,29.444459915161133,False
2025-11-27 12:00:00,CUA,42.0,64.11852,73.78571,73.78571428571429,29.444459915161133,False
2025-11-27 13:00:00,CUA,47.0,75.93867,85.92857,85.92857142857143,29.444459915161133,False
2025-11-27 14:00:00,CUA,48.0,83.24859,93.42857,93.42857142857143,29.444459915161133,True
2025-11-27 15:00:00,CUA,47.0,84.088585,94.35714,94.35714285714286,29.444459915161133,True
2025-11-27 16:00:00,CUA,37.0,75.35996,85.71429,85.71428571428571,29.444459915161133,True
2025-11-27 17:00:00,CUA,32.0,59.876938,70.28571,70.28571428571429,29.444459915161133,False
2025-11-27 18:00:00,CUA,23.0,33.252026,43.642857,43.642857142857146,29.444459915161133,False
2025-11-27 19:00:00,CUA,20.0,26.95715,37.285713,37.285714285714285,29.444459915161133,False
2025-11-27 20:00:00,CUA,21.0,18.489672,28.571428,28.571428571428573,29.444459915161133,False
2025-11-27 21:00:00,CUA,19.0,13.805614,23.857143,23.857142857142858,29.444459915161133,False
2025-11-27 22:00:00,CUA,17.0,9.594074,19.571428,19.571428571428573,29.444459915161133,False
2025-11-27 23:00:00,CUA,19.0,4.704384,14.571428,14.571428571428571,29.444459915161133,False
2025-11-28 00:00:00,CUA,22.0,10.249693,20.0,20.0,29.444459915161133,False
2025-11-28 01:00:00,CUA,22.0,11.91839,21.583334,21.583333333333332,29.444459915161133,False
2025-11-28 02:00:00,CUA,25.0,15.197008,24.833334,24.833333333333332,29.444459915161133,False
2025-11-28 03:00:00,CUA,28.0,15.5578375,25.142857,25.142857142857142,29.444459915161133,False
2025-11-28 04:00:00,CUA,29.0,11.285441,20.857143,20.857142857142858,29.444459915161133,False
2025-11-28 05:00:00,CUA,26.0,6.650984,16.142857,16.142857142857142,29.444459915161133,False
2025-11-28 06:00:00,CUA,15.0,2.431696,11.714286,11.714285714285714,29.444459915161133,False
2025-11-28 07:00:00,CUA,24.0,2.4706945,11.5,11.5,29.444459915161133,False
2025-11-28 08:00:00,CUA,26.0,15.739631,24.5,24.5,29.444459915161133,False
2025-11-28 09:00:00,CUA,25.0,25.200058,33.92857,33.92857142857143,29.444459915161133,False
2025-11-28 10:00:00,CUA,26.0,39.579205,48.357143,48.357142857142854,29.444459915161133,False
2025-11-28 11:00:00,CUA,31.0,49.397938,58.42857,58.42857142857143,29.444459915161133,False
2025-11-28 12:00:00,CUA,30.0,62.98133,72.14286,72.14285714285714,29.444459915161133,True
2025-11-28 13:00:00,CUA,29.0,74.41246,83.78571,83.78571428571429,29.444459915161133,True
2025-11-28 14:00:00,CUA,36.0,81.39915,91.0,91.0,29.444459915161133,True
2025-11-28 15:00:00,CUA,35.0,82.615105,92.21429,92.21428571428571,29.444459915161133,True
2025-11-28 16:00:00,CUA,34.0,73.30469,82.92857,82.92857142857143,29.444459915161133,True
2025-11-28 17:00:00,CUA,27.0,56.098175,65.85714,65.85714285714286,29.444459915161133,False
2025-11-28 18:00:00,CUA,17.0,31.63845,41.285713,41.285714285714285,29.444459915161133,False
2025-11-28 19:00:00,CUA,9.0,26.836765,36.214287,36.214285714285715,29.444459915161133,False
2025-11-28 20:00:00,CUA,15.0,19.22154,28.357143,28.357142857142858,29.444459915161133,False
2025-11-28 21:00:00,CUA,13.0,14.486961,23.428572,23.428571428571427,29.444459915161133,False
2025-11-28 22:00:00,CUA,7.0,11.238179,20.0,20.0,29.444459915161133,False
2025-11-28 23:00:00,CUA,2.0,7.187953,15.714286,15.714285714285714,29.444459915161133,False
2025-11-29 00:00:00,CUA,2.0,13.201415,21.416666,21.416666666666668,29.444459915161133,False
2025-11-29 01:00:00,CUA,1.0,14.805506,22.416666,22.416666666666668,29.444459915161133,False
2025-11-29 02:00:00,CUA,1.0,18.699802,25.583334,25.583333333333332,29.444459915161133,False
2025-11-29 03:00:00,CUA,5.0,20.218842,26.571428,26.571428571428573,29.444459915161133,False
2025-11-29 04:00:00,CUA,1.0,16.787228,22.642857,22.642857142857142,29.444459915161133,False
2025-11-29 05:00:00,CUA,5.0,11.865061,17.5,17.5,29.444459915161133,False
2025-11-29 06:00:00,CUA,14.0,7.215058,12.714286,12.714285714285714,29.444459915161133,False
2025-11-29 07:00:00,CUA,2.0,7.489242,13.0,13.0,29.444459915161133,False
2025-11-29 08:00:00,CUA,9.0,19.656343,25.785715,25.785714285714285,29.444459915161133,False
2025-11-29 09:00:00,CUA,20.0,27.290085,34.214287,34.214285714285715,29.444459915161133,False
2025-11-29 10:00:00,CUA,39.0,40.299477,47.142857,47.142857142857146,29.444459915161133,False
2025-11-29 11:00:00,CUA,55.0,50.469337,56.714287,56.714285714285715,29.444459915161133,False
2025-11-29 12:00:00,CUA,62.0,62.49677,68.42857,68.42857142857143,29.444459915161133,False
2025-11-29 13:00:00,CUA,54.0,74.55808,79.85714,79.85714285714286,29.444459915161133,False
2025-11-29 14:00:00,CUA,58.0,83.08218,87.42857,87.42857142857143,29.444459915161133,False
2025-11-29 15:00:00,CUA,62.0,85.186676,89.5,89.5,29.444459915161133,False
2025-11-29 16:00:00,CUA,55.0,76.79286,79.85714,79.85714285714286,29.444459915161133,False
2025-11-29 17:00:00,CUA,46.0,61.875767,63.57143,63.57142857142857,29.444459915161133,False
2025-11-29 18:00:00,CUA,16.0,36.806175,39.142857,39.142857142857146,29.444459915161133,False
2025-11-29 19:00:00,CUA,5.0,30.2645,33.857143,33.857142857142854,29.444459915161133,False
2025-11-29 20:00:00,CUA,5.0,24.682568,28.0,28.0,29.444459915161133,False
2025-11-29 21:00:00,CUA,4.0,20.949827,23.928572,23.928571428571427,29.444459915161133,False
2025-11-29 22:00:00,CUA,7.0,17.158068,20.0,20.0,29.444459915161133,False
2025-11-29 23:00:00,CUA,16.0,12.512088,15.214286,15.214285714285714,29.444459915161133,False
2025-11-30 00:00:00,CUA,20.0,18.09228,20.666666,20.666666666666668,29.444459915161133,False
2025-11-30 01:00:00,CUA,7.0,18.956638,21.25,21.25,29.444459915161133,False
2025-11-30 02:00:00,CUA,11.0,21.200144,23.416666,23.416666666666668,29.444459915161133,False
2025-11-30 03:00:00,CUA,4.0,23.186394,25.642857,25.642857142857142,29.444459915161133,False
2025-11-30 04:00:00,CUA,20.0,19.441734,22.0,22.0,29.444459915161133,False
2025-11-30 05:00:00,CUA,19.0,14.80389,17.5,17.5,29.444459915161133,False
2025-11-30 06:00:00,CUA,14.0,10.496157,13.285714,13.285714285714286,29.444459915161133,False
2025-11-30 07:00:00,CUA,8.0,9.6703205,12.571428,12.571428571428571,29.444459915161133,False
2025-11-30 08:00:00,CUA,28.0,22.475199,25.5,25.5,29.444459915161133,False
2025-11-30 09:00:00,CUA,40.0,31.318954,34.42857,34.42857142857143,29.444459915161133,False
2025-11-30 10:00:00,CUA,56.0,43.47252,47.0,47.0,29.444459915161133,False
2025-11-30 11:00:00,CUA,63.0,52.896214,56.857143,56.857142857142854,29.444459915161133,False
2025-11-30 12:00:00,CUA,77.0,65.18062,68.78571,68.78571428571429,29.444459915161133,False
2025-11-30 13:00:00,CUA,88.0,75.98023,78.71429,78.71428571428571,29.444459915161133,False
2025-11-30 14:00:00,CUA,92.0,84.949104,86.42857,86.42857142857143,29.444459915161133,False
2025-11-30 15:00:00,CUA,89.0,88.16246,87.92857,87.92857142857143,29.444459915161133,False
2025-11-30 16:00:00,CUA,97.0,80.28007,78.5,78.5,29.444459915161133,False
2025-11-30 17:00:00,CUA,58.0,65.8719,62.857143,62.857142857142854,29.444459915161133,False
2025-11-30 18:00:00,CUA,29.0,41.1265,37.42857,37.42857142857143,29.444459915161133,False
2025-11-30 19:00:00,CUA,38.0,34.177155,31.857143,31.857142857142858,29.444459915161133,False
2025-11-30 20:00:00,CUA,48.0,28.1102,27.285715,27.285714285714285,29.444459915161133,False
2025-11-30 21:00:00,CUA,41.0,23.21003,23.642857,23.642857142857142,29.444459915161133,False
2025-11-30 22:00:00,CUA,33.0,19.441933,19.928572,19.928571428571427,29.444459915161133,False
2025-11-30 23:00:00,CUA,33.0,14.200981,15.142858,15.142857142857142,29.444459915161133,False
2025-12-01 03:00:00,CUA,18.0,22.14492,23.928572,23.928571428571427,29.444459915161133,False
2025-12-01 04:00:00,CUA,16.0,19.934538,21.642857,21.642857142857142,29.444459915161133,False
2025-12-01 05:00:00,CUA,7.0,15.71838,17.0,17.0,29.444459915161133,False
2025-12-01 06:00:00,CUA,1.0,11.03223,12.142858,12.142857142857142,29.444459915161133,False
2025-12-01 07:00:00,CUA,3.0,10.608617,11.642858,11.642857142857142,29.444459915161133,False
2025-12-01 08:00:00,CUA,30.0,23.133705,24.5,24.5,29.444459915161133,False
2025-12-01 09:00:00,CUA,36.0,31.276316,33.0,33.0,29.444459915161133,False
2025-12-01 10:00:00,CUA,47.0,44.605522,46.857143,46.857142857142854,29.444459915161133,False
2025-12-01 11:00:00,CUA,59.0,53.915916,57.07143,57.07142857142857,29.444459915161133,False
2025-12-01 12:00:00,CUA,71.0,64.52341,68.5,68.5,29.444459915161133,False
2025-12-01 13:00:00,CUA,83.0,74.762,79.42857,79.42857142857143,29.444459915161133,False
2025-12-01 14:00:00,CUA,94.0,82.34177,87.14286,87.14285714285714,29.444459915161133,False
2025-12-01 15:00:00,CUA,84.0,82.26621,88.14286,88.14285714285714,29.444459915161133,False
2025-12-01 16:00:00,CUA,51.0,73.63565,80.57143,80.57142857142857,29.444459915161133,False
2025-12-01 17:00:00,CUA,45.0,55.082146,63.285713,63.285714285714285,29.444459915161133,False
2025-12-01 18:00:00,CUA,34.0,27.916653,36.142857,36.142857142857146,29.444459915161133,False
2025-12-01 19:00:00,CUA,35.0,23.80674,31.785715,31.785714285714285,29.444459915161133,False
2025-12-01 20:00:00,CUA,31.0,20.991798,28.785715,28.785714285714285,29.444459915161133,False
2025-12-01 21:00:00,CUA,28.0,18.836407,26.071428,26.071428571428573,29.444459915161133,False
2025-12-01 22:00:00,CUA,26.0,15.614605,21.928572,21.928571428571427,29.444459915161133,False
2025-12-01 23:00:00,CUA,30.0,11.835932,17.142857,17.142857142857142,29.444459915161133,False
2025-12-02 00:00:00,CUA,29.0,15.207804,20.0,20.0,29.444459915161133,False
2025-12-02 01:00:00,CUA,26.0,14.315849,19.0,19.0,29.444459915161133,False
2025-12-02 02:00:00,CUA,19.0,16.36464,21.0,21.0,29.444459915161133,False
2025-12-02 03:00:00,CUA,11.0,18.315395,23.0,23.0,29.444459915161133,False
2025-12-02 04:00:00,CUA,3.0,15.831201,20.571428,20.571428571428573,29.444459915161133,False
2025-12-02 05:00:00,CUA,7.0,11.033984,15.857142,15.857142857142858,29.444459915161133,False
2025-12-02 06:00:00,CUA,7.0,6.110271,11.071428,11.071428571428571,29.444459915161133,False
2025-12-02 07:00:00,CUA,4.0,5.236687,10.5,10.5,29.444459915161133,False
2025-12-02 08:00:00,CUA,18.0,19.671677,25.285715,25.285714285714285,29.444459915161133,False
2025-12-02 09:00:00,CUA,32.0,27.979897,34.0,34.0,29.444459915161133,False
2025-12-02 10:00:00,CUA,44.0,39.265984,45.92857,45.92857142857143,29.444459915161133,False
2025-12-02 11:00:00,CUA,67.0,49.47978,57.07143,57.07142857142857,29.444459915161133,False
2025-12-02 12:00:00,CUA,83.0,60.173378,68.28571,68.28571428571429,29.444459915161133,False
2025-12-02 13:00:00,CUA,102.0,72.92405,80.64286,80.64285714285714,29.444459915161133,False
2025-12-02 14:00:00,CUA,102.0,81.76184,88.71429,88.71428571428571,29.444459915161133,False
2025-12-02 15:00:00,CUA,100.0,82.42985,88.57143,88.57142857142857,29.444459915161133,False
2025-12-02 16:00:00,CUA,64.0,72.985214,78.07143,78.07142857142857,29.444459915161133,False
2025-12-02 17:00:00,CUA,50.0,58.34706,62.07143,62.07142857142857,29.444459915161133,False
2025-12-02 18:00:00,CUA,48.0,33.460487,36.857143,36.857142857142854,29.444459915161133,False
2025-12-02 19:00:00,CUA,38.0,27.83285,30.714285,30.714285714285715,29.444459915161133,False
2025-12-02 20:00:00,CUA,38.0,26.373447,28.928572,28.928571428571427,29.444459915161133,False
2025-12-02 21:00:00,CUA,38.0,23.642843,25.642857,25.642857142857142,29.444459915161133,False
2025-12-02 22:00:00,CUA,15.0,20.876957,22.785715,22.785714285714285,29.444459915161133,False
2025-12-02 23:00:00,CUA,5.0,16.38108,17.785715,17.785714285714285,29.444459915161133,False
2025-12-03 00:00:00,CUA,14.0,20.71156,21.363636,21.363636363636363,29.444459915161133,False
2025-12-03 01:00:00,CUA,22.0,18.86305,19.454546,19.454545454545453,29.444459915161133,False
2025-12-03 02:00:00,CUA,20.0,20.036251,20.545454,20.545454545454547,29.444459915161133,False
2025-12-03 03:00:00,CUA,32.0,21.34909,21.571428,21.571428571428573,29.444459915161133,False
2025-12-03 04:00:00,CUA,37.0,19.093893,19.285715,19.285714285714285,29.444459915161133,False
2025-12-03 05:00:00,CUA,15.0,14.208098,14.714286,14.714285714285714,29.444459915161133,False
2025-12-03 06:00:00,CUA,1.0,10.064599,11.0,11.0,29.444459915161133,False
2025-12-03 07:00:00,CUA,3.0,9.096204,10.357142,10.357142857142858,29.444459915161133,False
2025-12-03 08:00:00,CUA,21.0,22.602217,24.214285,24.214285714285715,29.444459915161133,False
2025-12-03 09:00:00,CUA,37.0,31.230207,33.357143,33.357142857142854,29.444459915161133,False
2025-12-03 10:00:00,CUA,49.0,42.61411,45.5,45.5,29.444459915161133,False
2025-12-03 11:00:00,CUA,60.0,52.530487,56.714287,56.714285714285715,29.444459915161133,False
2025-12-03 12:00:00,CUA,73.0,63.42314,68.21429,68.21428571428571,29.444459915161133,False
2025-12-03 13:00:00,CUA,101.0,77.03163,81.0,81.0,29.444459915161133,False
2025-12-03 14:00:00,CUA,109.0,86.43564,88.64286,88.64285714285714,29.444459915161133,False
2025-12-03 15:00:00,CUA,60.0,87.49887,88.78571,88.78571428571429,29.444459915161133,False
2025-12-03 16:00:00,CUA,37.0,74.64611,75.85714,75.85714285714286,29.444459915161133,True
2025-12-03 17:00:00,CUA,36.0,58.1775,60.57143,60.57142857142857,29.444459915161133,False
2025-12-03 18:00:00,CUA,32.0,32.231182,36.5,36.5,29.444459915161133,False
2025-12-03 19:00:00,CUA,32.0,24.41262,29.857143,29.857142857142858,29.444459915161133,False
2025-12-03 20:00:00,CUA,32.0,23.482204,29.285715,29.285714285714285,29.444459915161133,False
2025-12-03 21:00:00,CUA,35.0,20.69823,26.5,26.5,29.444459915161133,False
2025-12-03 22:00:00,CUA,36.0,16.584791,22.0,22.0,29.444459915161133,False
2025-12-03 23:00:00,CUA,38.0,12.159151,17.071428,17.071428571428573,29.444459915161133,False
2025-12-04 00:00:00,CUA,40.0,16.080826,20.75,20.75,29.444459915161133,False
2025-12-04 01:00:00,CUA,33.0,15.351885,19.666666,19.666666666666668,29.444459915161133,False
2025-12-04 02:00:00,CUA,29.0,16.35893,20.5,20.5,29.444459915161133,False
2025-12-04 03:00:00,CUA,18.0,17.357967,21.428572,21.428571428571427,29.444459915161133,False
2025-12-04 04:00:00,CUA,9.0,16.076431,20.142857,20.142857142857142,29.444459915161133,False
2025-12-04 05:00:00,CUA,6.0,10.330156,14.285714,14.285714285714286,29.444459915161133,False
2025-12-04 06:00:00,CUA,3.0,6.5378566,10.571428,10.571428571428571,29.444459915161133,False
2025-12-04 07:00:00,CUA,2.0,5.9860263,10.214286,10.214285714285714,29.444459915161133,False
2025-12-04 08:00:00,CUA,16.0,19.6303,24.142857,24.142857142857142,29.444459915161133,False
2025-12-04 09:00:00,CUA,29.0,28.628647,33.214287,33.214285714285715,29.444459915161133,False
2025-12-04 10:00:00,CUA,45.0,40.71269,45.642857,45.642857142857146,29.444459915161133,False
2025-12-04 11:00:00,CUA,55.0,51.638504,57.285713,57.285714285714285,29.444459915161133,False
2025-12-04 12:00:00,CUA,71.0,62.516808,69.07143,69.07142857142857,29.444459915161133,False
2025-12-04 13:00:00,CUA,89.0,76.00797,82.5,82.5,29.444459915161133,False
2025-12-04 14:00:00,CUA,109.0,85.53539,90.35714,90.35714285714286,29.444459915161133,False
2025-12-04 15:00:00,CUA,119.0,84.98089,86.35714,86.35714285714286,29.444459915161133,True
2025-12-04 16:00:00,CUA,112.0,74.624725,72.57143,72.57142857142857,29.444459915161133,True
2025-12-04 17:00:00,CUA,67.0,63.143425,58.857143,58.857142857142854,29.444459915161133,False
2025-12-04 18:00:00,CUA,42.0,41.50426,35.92857,35.92857142857143,29.444459915161133,False
2025-12-04 19:00:00,CUA,50.0,35.38664,30.285715,30.285714285714285,29.444459915161133,False
2025-12-04 20:00:00,CUA,34.0,33.69515,29.928572,29.928571428571427,29.444459915161133,False
2025-12-04 21:00:00,CUA,30.0,30.050177,27.714285,27.714285714285715,29.444459915161133,False
2025-12-04 22:00:00,CUA,41.0,24.000929,23.428572,23.428571428571427,29.444459915161133,False
2025-12-04 23:00:00,CUA,35.0,17.821058,19.0,19.0,29.444459915161133,False
2025-12-05 00:00:00,CUA,35.0,20.223808,23.083334,23.083333333333332,29.444459915161133,False
2025-12-05 01:00:00,CUA,37.0,17.560219,21.833334,21.833333333333332,29.444459915161133,False
2025-12-05 02:00:00,CUA,29.0,16.145353,21.25,21.25,29.444459915161133,False
2025-12-05 03:00:00,CUA,15.0,15.63155,21.571428,21.571428571428573,29.444459915161133,False
2025-12-05 04:00:00,CUA,9.0,12.918112,19.285715,19.285714285714285,29.444459915161133,False
2025-12-05 05:00:00,CUA,6.0,7.5459337,14.214286,14.214285714285714,29.444459915161133,False
2025-12-05 06:00:00,CUA,1.0,3.914476,10.5,10.5,29.444459915161133,False
2025-12-05 07:00:00,CUA,3.0,3.4644418,10.071428,10.071428571428571,29.444459915161133,False
2025-12-05 08:00:00,CUA,14.0,18.255632,24.928572,24.928571428571427,29.444459915161133,False
2025-12-05 09:00:00,CUA,32.0,27.035076,34.07143,34.07142857142857,29.444459915161133,False
2025-12-05 10:00:00,CUA,44.0,38.494778,46.142857,46.142857142857146,29.444459915161133,False
2025-12-05 11:00:00,CUA,51.0,48.581432,57.0,57.0,29.444459915161133,False
2025-12-05 12:00:00,CUA,77.0,59.956886,69.0,69.0,29.444459915161133,False
2025-12-05 13:00:00,CUA,96.0,73.273476,82.35714,82.35714285714286,29.444459915161133,False
2025-12-05 14:00:00,CUA,86.0,81.58865,90.42857,90.42857142857143,29.444459915161133,False
2025-12-05 15:00:00,CUA,61.0,77.83084,86.71429,86.71428571428571,29.444459915161133,False
2025-12-05 16:00:00,CUA,47.0,63.918724,72.85714,72.85714285714286,29.444459915161133,False
2025-12-05 17:00:00,CUA,43.0,47.40163,56.642857,56.642857142857146,29.444459915161133,False
2025-12-05 18:00:00,CUA,42.0,26.9463,36.57143,36.57142857142857,29.444459915161133,False
2025-12-05 19:00:00,CUA,33.0,20.972847,30.857143,30.857142857142858,29.444459915161133,False
2025-12-05 20:00:00,CUA,33.0,19.027864,29.0,29.0,29.444459915161133,False
2025-12-05 21:00:00,CUA,34.0,16.903252,26.785715,26.785714285714285,29.444459915161133,False
2025-12-05 22:00:00,CUA,35.0,14.56692,24.071428,24.071428571428573,29.444459915161133,False
2025-12-05 23:00:00,CUA,32.0,11.774472,20.714285,20.714285714285715,29.444459915161133,False
2025-12-06 00:00:00,CUA,33.0,16.093803,24.5,24.5,29.444459915161133,False
2025-12-06 01:00:00,CUA,35.0,14.490215,22.333334,22.333333333333332,29.444459915161133,False
2025-12-06 02:00:00,CUA,26.0,13.96887,21.083334,21.083333333333332,29.444459915161133,False
2025-12-06 03:00:00,CUA,31.0,13.82354,20.071428,20.071428571428573,29.444459915161133,False
2025-12-06 04:00:00,CUA,25.0,12.217321,17.642857,17.642857142857142,29.444459915161133,False
2025-12-06 05:00:00,CUA,7.0,9.357604,14.285714,14.285714285714286,29.444459915161133,False
2025-12-06 06:00:00,CUA,2.0,5.526658,10.285714,10.285714285714286,29.444459915161133,False
2025-12-06 07:00:00,CUA,4.0,5.1516414,9.928572,9.928571428571429,29.444459915161133,False
2025-12-06 08:00:00,CUA,20.0,17.900982,22.857143,22.857142857142858,29.444459915161133,False
2025-12-06 09:00:00,CUA,30.0,27.248419,32.5,32.5,29.444459915161133,False
2025-12-06 10:00:00,CUA,38.0,38.709507,44.714287,44.714285714285715,29.444459915161133,False
2025-12-06 11:00:00,CUA,50.0,48.321545,55.57143,55.57142857142857,29.444459915161133,False
2025-12-06 12:00:00,CUA,64.0,60.038795,68.42857,68.42857142857143,29.444459915161133,False
2025-12-06 13:00:00,CUA,69.0,72.58275,81.57143,81.57142857142857,29.444459915161133,False
2025-12-06 14:00:00,CUA,75.0,79.350914,88.5,88.5,29.444459915161133,False
2025-12-06 15:00:00,CUA,74.0,73.76796,83.28571,83.28571428571429,29.444459915161133,False
2025-12-06 16:00:00,CUA,43.0,59.291374,69.14286,69.14285714285714,29.444459915161133,False
2025-12-06 17:00:00,CUA,31.0,43.680206,53.92857,53.92857142857143,29.444459915161133,False
2025-12-06 18:00:00,CUA,26.0,24.720695,35.142857,35.142857142857146,29.444459915161133,False
2025-12-06 19:00:00,CUA,25.0,20.257893,30.642857,30.642857142857142,29.444459915161133,False
2025-12-06 20:00:00,CUA,23.0,19.373909,29.571428,29.571428571428573,29.444459915161133,False
2025-12-06 21:00:00,CUA,17.0,17.377777,27.285715,27.285714285714285,29.444459915161133,False
2025-12-06 22:00:00,CUA,11.0,14.654352,24.142857,24.142857142857142,29.444459915161133,False
2025-12-06 23:00:00,CUA,7.0,11.701351,20.714285,20.714285714285715,29.444459915161133,False
2025-12-07 03:00:00,CUA,17.0,14.592032,21.214285,21.214285714285715,29.444459915161133,False
2025-12-07 04:00:00,CUA,12.0,10.958166,18.142857,18.142857142857142,29.444459915161133,False
2025-12-07 05:00:00,CUA,8.0,6.9428906,14.071428,14.071428571428571,29.444459915161133,False
2025-12-07 06:00:00,CUA,8.0,2.5779638,9.642858,9.642857142857142,29.444459915161133,False
2025-12-07 07:00:00,CUA,4.0,1.383914,8.428572,8.428571428571429,29.444459915161133,False
2025-12-07 08:00:00,CUA,18.0,13.895127,21.0,21.0,29.444459915161133,False
2025-12-07 09:00:00,CUA,30.0,23.753057,31.071428,31.071428571428573,29.444459915161133,False
2025-12-07 10:00:00,CUA,38.0,35.321045,43.357143,43.357142857142854,29.444459915161133,False
2025-12-07 11:00:00,CUA,56.0,45.744568,54.642857,54.642857142857146,29.444459915161133,False
2025-12-07 12:00:00,CUA,75.0,58.165134,67.78571,67.78571428571429,29.444459915161133,False
2025-12-07 13:00:00,CUA,91.0,70.27103,80.07143,80.07142857142857,29.444459915161133,False
2025-12-07 14:00:00,CUA,95.0,77.05273,86.71429,86.71428571428571,29.444459915161133,False
2025-12-07 15:00:00,CUA,82.0,72.9079,81.5,81.5,29.444459915161133,False
2025-12-07 16:00:00,CUA,78.0,58.032654,65.85714,65.85714285714286,29.444459915161133,False
2025-12-07 17:00:00,CUA,57.0,44.16408,51.357143,51.357142857142854,29.444459915161133,False
2025-12-07 18:00:00,CUA,49.0,26.262571,33.92857,33.92857142857143,29.444459915161133,False
2025-12-07 19:00:00,CUA,43.0,21.688366,30.0,30.0,29.444459915161133,False
2025-12-07 20:00:00,CUA,40.0,21.233511,29.428572,29.428571428571427,29.444459915161133,False
2025-12-07 21:00:00,CUA,29.0,18.913012,26.714285,26.714285714285715,29.444459915161133,False
2025-12-07 22:00:00,CUA,27.0,15.9921875,23.571428,23.571428571428573,29.444459915161133,False
2025-12-07 23:00:00,CUA,31.0,13.20662,20.857143,20.857142857142858,29.444459915161133,False
2025-12-08 00:00:00,CUA,34.0,17.99356,25.90909,25.90909090909091,29.444459915161133,False
2025-12-08 01:00:00,CUA,34.0,16.906212,25.272728,25.272727272727273,29.444459915161133,False
2025-12-08 02:00:00,CUA,32.0,13.507575,22.272728,22.272727272727273,29.444459915161133,False
2025-12-08 03:00:00,CUA,34.0,12.033829,21.071428,21.071428571428573,29.444459915161133,False
2025-12-08 04:00:00,CUA,32.0,7.993682,17.214285,17.214285714285715,29.444459915161133,False
2025-12-08 05:00:00,CUA,26.0,3.27847,12.571428,12.571428571428571,29.444459915161133,False
2025-12-08 06:00:00,CUA,17.0,-0.70583534,8.5,8.5,29.444459915161133,False
2025-12-08 07:00:00,CUA,17.0,-1.8234692,7.214286,7.214285714285714,29.444459915161133,False
2025-12-08 08:00:00,CUA,12.0,11.378902,20.357143,20.357142857142858,29.444459915161133,False
2025-12-08 09:00:00,CUA,11.0,21.930706,31.0,31.0,29.444459915161133,False
2025-12-08 10:00:00,CUA,21.0,34.034584,43.357143,43.357142857142854,29.444459915161133,False
2025-12-08 11:00:00,CUA,33.0,45.698845,55.285713,55.285714285714285,29.444459915161133,False
2025-12-08 12:00:00,CUA,38.0,59.470295,69.21429,69.21428571428571,29.444459915161133,False
2025-12-08 13:00:00,CUA,44.0,72.00138,81.78571,81.78571428571429,29.444459915161133,False
2025-12-08 14:00:00,CUA,31.0,78.149574,88.07143,88.07142857142857,29.444459915161133,True
2025-12-08 15:00:00,CUA,31.0,71.67371,81.92857,81.92857142857143,29.444459915161133,True
2025-12-08 16:00:00,CUA,32.0,55.49367,66.14286,66.14285714285714,29.444459915161133,False
2025-12-08 17:00:00,CUA,22.0,40.43807,51.07143,51.07142857142857,29.444459915161133,False
2025-12-08 18:00:00,CUA,12.0,25.129898,35.5,35.5,29.444459915161133,False
2025-12-08 19:00:00,CUA,11.0,21.103626,31.214285,31.214285714285715,29.444459915161133,False
2025-12-08 20:00:00,CUA,3.0,20.584324,30.285715,30.285714285714285,29.444459915161133,False
2025-12-08 21:00:00,CUA,2.0,18.233128,27.571428,27.571428571428573,29.444459915161133,False
2025-12-08 22:00:00,CUA,1.0,15.80086,24.857143,24.857142857142858,29.444459915161133,False
2025-12-08 23:00:00,CUA,1.0,14.034842,22.857143,22.857142857142858,29.444459915161133,False
2025-12-09 00:00:00,CUA,2.0,18.757816,27.363636,27.363636363636363,29.444459915161133,False
2025-12-09 01:00:00,CUA,1.0,17.994068,26.454546,26.454545454545453,29.444459915161133,False
2025-12-09 02:00:00,CUA,1.0,15.219068,23.545454,23.545454545454547,29.444459915161133,False
2025-12-09 03:00:00,CUA,1.0,12.83296,21.071428,21.071428571428573,29.444459915161133,False
2025-12-09 04:00:00,CUA,1.0,9.901136,18.071428,18.071428571428573,29.444459915161133,False
2025-12-09 05:00:00,CUA,1.0,4.9567804,13.071428,13.071428571428571,29.444459915161133,False
2025-12-09 06:00:00,CUA,1.0,0.035438538,8.142858,8.142857142857142,29.444459915161133,False
2025-12-09 07:00:00,CUA,1.0,-1.1833816,6.928571,6.928571428571429,29.444459915161133,False
2025-12-09 08:00:00,CUA,11.0,10.70964,18.857143,18.857142857142858,29.444459915161133,False
2025-12-09 09:00:00,CUA,33.0,20.396095,28.642857,28.642857142857142,29.444459915161133,False
2025-12-09 10:00:00,CUA,44.0,32.90006,41.42857,41.42857142857143,29.444459915161133,False
2025-12-09 11:00:00,CUA,52.0,44.35813,53.42857,53.42857142857143,29.444459915161133,False
2025-12-09 12:00:00,CUA,57.0,56.980618,66.5,66.5,29.444459915161133,False
2025-12-09 13:00:00,CUA,69.0,68.60139,78.28571,78.28571428571429,29.444459915161133,False
2025-12-09 14:00:00,CUA,64.0,73.03464,82.57143,82.57142857142857,29.444459915161133,False
2025-12-09 15:00:00,CUA,55.0,66.21641,75.5,75.5,29.444459915161133,False
2025-12-09 16:00:00,CUA,48.0,50.962326,59.214287,59.214285714285715,29.444459915161133,False
2025-12-09 17:00:00,CUA,28.0,35.36166,44.0,44.0,29.444459915161133,False
2025-12-09 18:00:00,CUA,3.0,22.265491,31.142857,31.142857142857142,29.444459915161133,False
2025-12-09 19:00:00,CUA,12.0,19.706804,28.428572,28.428571428571427,29.444459915161133,False
2025-12-09 20:00:00,CUA,15.0,18.679573,27.428572,27.428571428571427,29.444459915161133,False
2025-12-09 21:00:00,CUA,10.0,16.211182,25.142857,25.142857142857142,29.444459915161133,False
2025-12-09 22:00:00,CUA,13.0,13.785945,22.642857,22.642857142857142,29.444459915161133,False
2025-12-09 23:00:00,CUA,30.0,13.233894,22.142857,22.142857142857142,29.444459915161133,False
2025-12-10 00:00:00,CUA,33.0,16.425186,25.25,25.25,29.444459915161133,False
2025-12-10 01:00:00,CUA,29.0,15.480098,24.333334,24.333333333333332,29.444459915161133,False
2025-12-10 02:00:00,CUA,17.0,12.814952,21.666666,21.666666666666668,29.444459915161133,False
2025-12-10 03:00:00,CUA,13.0,10.346103,19.071428,19.071428571428573,29.444459915161133,False
2025-12-10 04:00:00,CUA,9.0,8.415433,16.928572,16.928571428571427,29.444459915161133,False
2025-12-10 05:00:00,CUA,2.0,4.6720753,13.0,13.0,29.444459915161133,False
2025-12-10 06:00:00,CUA,2.0,0.09623289,8.071428,8.071428571428571,29.444459915161133,False
2025-12-10 07:00:00,CUA,3.0,-1.0281029,6.857143,6.857142857142857,29.444459915161133,False
2025-12-10 08:00:00,CUA,25.0,10.784794,18.642857,18.642857142857142,29.444459915161133,False
2025-12-10 09:00:00,CUA,33.0,21.21706,29.214285,29.214285714285715,29.444459915161133,False
2025-12-10 10:00:00,CUA,33.0,31.96729,40.214287,40.214285714285715,29.444459915161133,False
2025-12-10 11:00:00,CUA,48.0,43.255096,51.857143,51.857142857142854,29.444459915161133,False
2025-12-10 12:00:00,CUA,67.0,54.993553,64.0,64.0,29.444459915161133,False
2025-12-10 13:00:00,CUA,74.0,66.20426,75.07143,75.07142857142857,29.444459915161133,False
2025-12-10 14:00:00,CUA,60.0,69.43293,78.07143,78.07142857142857,29.444459915161133,False
2025-12-10 15:00:00,CUA,37.0,62.672417,70.92857,70.92857142857143,29.444459915161133,False
2025-12-10 16:00:00,CUA,36.0,49.361847,58.0,58.0,29.444459915161133,False
2025-12-10 17:00:00,CUA,23.0,33.73844,43.0,43.0,29.444459915161133,False
2025-12-10 18:00:00,CUA,9.0,19.930502,29.5,29.5,29.444459915161133,False
2025-12-10 19:00:00,CUA,20.0,17.886261,27.071428,27.071428571428573,29.444459915161133,False
2025-12-10 20:00:00,CUA,19.0,16.976639,25.928572,25.928571428571427,29.444459915161133,False
2025-12-10 21:00:00,CUA,14.0,14.848922,23.571428,23.571428571428573,29.444459915161133,False
2025-12-10 22:00:00,CUA,19.0,12.690935,21.285715,21.285714285714285,29.444459915161133,False
2025-12-10 23:00:00,CUA,9.0,13.928077,22.142857,22.142857142857142,29.444459915161133,False
2025-12-11 00:00:00,CUA,19.0,16.882952,24.833334,24.833333333333332,29.444459915161133,False
2025-12-11 01:00:00,CUA,18.0,15.441597,23.25,23.25,29.444459915161133,False
2025-12-11 02:00:00,CUA,15.0,12.715008,20.416666,20.416666666666668,29.444459915161133,False
2025-12-11 03:00:00,CUA,7.0,10.8840885,18.5,18.5,29.444459915161133,False
2025-12-11 04:00:00,CUA,5.0,9.369202,16.857143,16.857142857142858,29.444459915161133,False
2025-12-11 05:00:00,CUA,6.0,4.388124,11.857142,11.857142857142858,29.444459915161133,False
2025-12-11 06:00:00,CUA,5.0,0.6120076,8.071428,8.071428571428571,29.444459915161133,False
2025-12-11 07:00:00,CUA,8.0,-0.67587185,6.857143,6.857142857142857,29.444459915161133,False
2025-12-11 08:00:00,CUA,21.0,11.285464,19.071428,19.071428571428573,29.444459915161133,False
2025-12-11 09:00:00,CUA,27.0,21.29457,29.357143,29.357142857142858,29.444459915161133,False
2025-12-11 10:00:00,CUA,32.0,31.200294,39.714287,39.714285714285715,29.444459915161133,False
2025-12-11 14:00:00,CUA,64.0,65.39695,75.64286,75.64285714285714,29.444459915161133,False
2025-12-11 15:00:00,CUA,60.0,56.545406,66.85714,66.85714285714286,29.444459915161133,False
2025-12-11 16:00:00,CUA,58.0,44.754868,55.07143,55.07142857142857,29.444459915161133,False
2025-12-11 17:00:00,CUA,27.0,29.843357,40.357143,40.357142857142854,29.444459915161133,False
2025-12-11 18:00:00,CUA,15.0,16.999336,27.285715,27.285714285714285,29.444459915161133,False
2025-12-11 19:00:00,CUA,23.0,16.736956,26.5,26.5,29.444459915161133,False
2025-12-11 20:00:00,CUA,35.0,16.099815,25.5,25.5,29.444459915161133,False
2025-12-11 21:00:00,CUA,19.0,13.092362,22.428572,22.428571428571427,29.444459915161133,False
2025-12-11 22:00:00,CUA,26.0,11.570401,20.571428,20.571428571428573,29.444459915161133,False
2025-12-11 23:00:00,CUA,8.0,11.958812,20.571428,20.571428571428573,29.444459915161133,False
2025-12-12 00:00:00,CUA,8.0,15.456626,23.583334,23.583333333333332,29.444459915161133,False
2025-12-12 01:00:00,CUA,26.0,14.342204,22.083334,22.083333333333332,29.444459915161133,False
2025-12-12 02:00:00,CUA,13.0,11.345427,18.75,18.75,29.444459915161133,False
2025-12-12 03:00:00,CUA,11.0,9.527765,16.714285,16.714285714285715,29.444459915161133,False
2025-12-12 04:00:00,CUA,9.0,7.7799964,14.857142,14.857142857142858,29.444459915161133,False
2025-12-12 05:00:00,CUA,22.0,3.0350041,10.071428,10.071428571428571,29.444459915161133,False
2025-12-12 06:00:00,CUA,18.0,-0.5145564,6.5,6.5,29.444459915161133,False
2025-12-12 07:00:00,CUA,7.0,-0.88833714,6.142857,6.142857142857143,29.444459915161133,False
2025-12-12 08:00:00,CUA,25.0,12.068472,19.214285,19.214285714285715,29.444459915161133,False
2025-12-12 09:00:00,CUA,37.0,22.217945,29.642857,29.642857142857142,29.444459915161133,False
2025-12-12 10:00:00,CUA,42.0,31.831478,39.714287,39.714285714285715,29.444459915161133,False
2025-12-12 11:00:00,CUA,55.0,43.61428,52.307693,52.30769230769231,29.444459915161133,False
2025-12-12 12:00:00,CUA,70.0,55.52211,65.0,65.0,29.444459915161133,False
2025-12-12 13:00:00,CUA,67.0,66.440315,76.07692,76.07692307692308,29.444459915161133,False
2025-12-12 14:00:00,CUA,63.0,67.352104,76.78571,76.78571428571429,29.444459915161133,False
2025-12-12 15:00:00,CUA,59.0,58.7285,67.78571,67.78571428571429,29.444459915161133,False
2025-12-12 16:00:00,CUA,47.0,46.949738,56.57143,56.57142857142857,29.444459915161133,False
2025-12-12 17:00:00,CUA,44.0,30.032093,40.0,40.0,29.444459915161133,False
2025-12-12 18:00:00,CUA,26.0,16.448559,26.714285,26.714285714285715,29.444459915161133,False
2025-12-12 19:00:00,CUA,19.0,16.73505,26.714285,26.714285714285715,29.444459915161133,False
2025-12-12 20:00:00,CUA,11.0,16.745583,26.5,26.5,29.444459915161133,False
2025-12-12 21:00:00,CUA,22.0,13.484118,22.428572,22.428571428571427,29.444459915161133,False
2025-12-12 22:00:00,CUA,28.0,12.973942,21.214285,21.214285714285715,29.444459915161133,False
2025-12-12 23:00:00,CUA,27.0,11.695102,19.785715,19.785714285714285,29.444459915161133,False
2025-12-13 03:00:00,CUA,11.0,8.888409,15.5,15.5,29.444459915161133,False
2025-12-13 04:00:00,CUA,8.0,6.3359523,13.428572,13.428571428571429,29.444459915161133,False
2025-12-13 05:00:00,CUA,9.0,2.8697324,9.785714,9.785714285714286,29.444459915161133,False
2025-12-13 06:00:00,CUA,25.0,-0.03310728,6.714286,6.714285714285714,29.444459915161133,False
2025-12-13 07:00:00,CUA,19.0,-1.7734523,4.928571,4.928571428571429,29.444459915161133,False
2025-12-13 08:00:00,CUA,14.0,12.329399,19.142857,19.142857142857142,29.444459915161133,False
2025-12-13 09:00:00,CUA,15.0,23.371304,30.5,30.5,29.444459915161133,False
2025-12-13 10:00:00,CUA,25.0,33.341858,40.857143,40.857142857142854,29.444459915161133,False
2025-12-13 11:00:00,CUA,45.0,46.12292,54.153847,54.15384615384615,29.444459915161133,False
2025-12-13 12:00:00,CUA,54.0,59.22599,68.07692,68.07692307692308,29.444459915161133,False
2025-12-13 13:00:00,CUA,56.0,69.5218,79.0,79.0,29.444459915161133,False
2025-12-13 14:00:00,CUA,59.0,68.98604,78.71429,78.71428571428571,29.444459915161133,False
2025-12-13 15:00:00,CUA,64.0,59.462547,69.5,69.5,29.444459915161133,False
2025-12-13 16:00:00,CUA,59.0,47.38453,57.5,57.5,29.444459915161133,False
2025-12-13 17:00:00,CUA,50.0,31.18257,41.214287,41.214285714285715,29.444459915161133,False
2025-12-13 18:00:00,CUA,37.0,17.100876,27.357143,27.357142857142858,29.444459915161133,False
2025-12-13 19:00:00,CUA,33.0,17.090033,27.428572,27.428571428571427,29.444459915161133,False
2025-12-13 20:00:00,CUA,28.0,15.984258,26.214285,26.214285714285715,29.444459915161133,False
2025-12-13 21:00:00,CUA,23.0,13.133208,23.071428,23.071428571428573,29.444459915161133,False
2025-12-13 22:00:00,CUA,11.0,13.235881,22.714285,22.714285714285715,29.444459915161133,False
2025-12-13 23:00:00,CUA,10.0,12.586296,21.571428,21.571428571428573,29.444459915161133,False
2025-12-14 00:00:00,CUA,15.0,15.652324,24.272728,24.272727272727273,29.444459915161133,False
2025-12-14 01:00:00,CUA,26.0,15.990159,24.363636,24.363636363636363,29.444459915161133,False
2025-12-14 02:00:00,CUA,22.0,11.055074,19.272728,19.272727272727273,29.444459915161133,False
2025-12-14 03:00:00,CUA,10.0,7.784333,15.928572,15.928571428571429,29.444459915161133,False
2025-12-14 04:00:00,CUA,3.0,5.8550577,13.928572,13.928571428571429,29.444459915161133,False
2025-12-14 05:00:00,CUA,2.0,2.0849547,10.071428,10.071428571428571,29.444459915161133,False
2025-12-14 06:00:00,CUA,2.0,-0.3943715,7.5,7.5,29.444459915161133,False
2025-12-14 07:00:00,CUA,4.0,-1.6468143,6.142857,6.142857142857143,29.444459915161133,False
2025-12-14 08:00:00,CUA,12.0,11.880272,19.5,19.5,29.444459915161133,False
2025-12-14 09:00:00,CUA,25.0,22.227913,30.142857,30.142857142857142,29.444459915161133,False
2025-12-14 10:00:00,CUA,41.0,31.465588,39.857143,39.857142857142854,29.444459915161133,False
2025-12-14 11:00:00,CUA,48.0,44.315773,53.384617,53.38461538461539,29.444459915161133,False
2025-12-14 12:00:00,CUA,53.0,57.7874,67.46154,67.46153846153847,29.444459915161133,False
2025-12-14 13:00:00,CUA,69.0,69.14535,79.15385,79.15384615384616,29.444459915161133,False
2025-12-14 14:00:00,CUA,74.0,68.572395,78.78571,78.78571428571429,29.444459915161133,False
2025-12-14 15:00:00,CUA,66.0,59.6076,69.64286,69.64285714285714,29.444459915161133,False
2025-12-14 16:00:00,CUA,51.0,47.8556,57.785713,57.785714285714285,29.444459915161133,False
2025-12-14 17:00:00,CUA,37.0,31.303223,41.5,41.5,29.444459915161133,False
2025-12-14 18:00:00,CUA,31.0,18.362425,28.857143,28.857142857142858,29.444459915161133,False
2025-12-14 19:00:00,CUA,27.0,18.97417,29.428572,29.428571428571427,29.444459915161133,False
2025-12-14 20:00:00,CUA,25.0,17.64502,27.857143,27.857142857142858,29.444459915161133,False
2025-12-14 21:00:00,CUA,26.0,14.586391,24.428572,24.428571428571427,29.444459915161133,False
2025-12-14 22:00:00,CUA,29.0,13.428319,23.0,23.0,29.444459915161133,False
2025-12-14 23:00:00,CUA,27.0,11.604947,21.142857,21.142857142857142,29.444459915161133,False
2025-12-15 00:00:00,CUA,23.0,14.235052,23.818182,23.818181818181817,29.444459915161133,False
2025-12-15 01:00:00,CUA,22.0,16.377846,26.09091,26.09090909090909,29.444459915161133,False
2025-12-15 02:00:00,CUA,24.0,10.425456,20.272728,20.272727272727273,29.444459915161133,False
2025-12-15 03:00:00,CUA,29.0,6.484584,16.357143,16.357142857142858,29.444459915161133,False
2025-12-15 04:00:00,CUA,30.0,2.8021355,12.714286,12.714285714285714,29.444459915161133,False
2025-12-15 05:00:00,CUA,31.0,-0.965435,8.857142,8.857142857142858,29.444459915161133,True
2025-12-15 06:00:00,CUA,22.0,-3.0054784,6.642857,6.642857142857143,29.444459915161133,False
2025-12-15 07:00:00,CUA,9.0,-3.533337,5.857143,5.857142857142857,29.444459915161133,False
2025-12-15 08:00:00,CUA,19.0,9.179221,18.357143,18.357142857142858,29.444459915161133,False
2025-12-15 09:00:00,CUA,20.0,19.927414,29.071428,29.071428571428573,29.444459915161133,False
2025-12-15 10:00:00,CUA,27.0,29.454113,38.785713,38.785714285714285,29.444459915161133,False
2025-12-15 11:00:00,CUA,28.0,42.682373,52.23077,52.23076923076923,29.444459915161133,False
2025-12-15 12:00:00,CUA,30.0,55.852097,65.61539,65.61538461538461,29.444459915161133,False
2025-12-15 13:00:00,CUA,33.0,67.813484,77.69231,77.6923076923077,29.444459915161133,True
2025-12-15 14:00:00,CUA,32.0,67.455345,77.5,77.5,29.444459915161133,True
2025-12-15 15:00:00,CUA,31.0,57.866947,68.0,68.0,29.444459915161133,False
2025-12-15 16:00:00,CUA,24.0,44.143913,54.5,54.5,29.444459915161133,False
2025-12-15 17:00:00,CUA,23.0,29.566902,40.0,40.0,29.444459915161133,False
2025-12-15 18:00:00,CUA,13.0,18.68679,29.0,29.0,29.444459915161133,False
2025-12-15 19:00:00,CUA,15.0,18.663647,28.642857,28.642857142857142,29.444459915161133,False
2025-12-15 20:00:00,CUA,12.0,16.501156,26.214285,26.214285714285715,29.444459915161133,False
2025-12-15 21:00:00,CUA,15.0,13.952568,23.357143,23.357142857142858,29.444459915161133,False
2025-12-15 22:00:00,CUA,14.0,13.521945,22.714285,22.714285714285715,29.444459915161133,False
2025-12-15 23:00:00,CUA,11.0,11.723238,20.714285,20.714285714285715,29.444459915161133,False
2025-12-16 00:00:00,CUA,3.0,14.830544,23.75,23.75,29.444459915161133,False
2025-12-16 01:00:00,CUA,4.0,16.949287,25.75,25.75,29.444459915161133,False
2025-12-16 02:00:00,CUA,3.0,11.860841,20.583334,20.583333333333332,29.444459915161133,False
2025-12-16 03:00:00,CUA,6.0,8.491648,17.142857,17.142857142857142,29.444459915161133,False
2025-12-16 04:00:00,CUA,2.0,5.169096,13.714286,13.714285714285714,29.444459915161133,False
2025-12-16 05:00:00,CUA,2.0,2.2248611,10.571428,10.571428571428571,29.444459915161133,False
2025-12-16 06:00:00,CUA,2.0,-0.03653717,8.142858,8.142857142857142,29.444459915161133,False
2025-12-16 07:00:00,CUA,2.0,-1.7751179,6.285714,6.285714285714286,29.444459915161133,False
2025-12-16 08:00:00,CUA,4.0,9.569504,17.571428,17.571428571428573,29.444459915161133,False
2025-12-16 09:00:00,CUA,12.0,19.887236,27.928572,27.928571428571427,29.444459915161133,False
2025-12-16 10:00:00,CUA,30.0,29.420128,37.357143,37.357142857142854,29.444459915161133,False
2025-12-16 11:00:00,CUA,42.0,41.49053,49.846153,49.84615384615385,29.444459915161133,False
2025-12-16 12:00:00,CUA,49.0,53.48231,62.46154,62.46153846153846,29.444459915161133,False
2025-12-16 17:00:00,CUA,46.0,27.726627,38.42857,38.42857142857143,29.444459915161133,False
2025-12-16 18:00:00,CUA,21.0,16.910618,27.5,27.5,29.444459915161133,False
2025-12-16 19:00:00,CUA,25.0,17.226383,27.214285,27.214285714285715,29.444459915161133,False
2025-12-16 20:00:00,CUA,35.0,15.292325,24.857143,24.857142857142858,29.444459915161133,False
2025-12-16 21:00:00,CUA,37.0,13.048312,22.428572,22.428571428571427,29.444459915161133,False
2025-12-16 22:00:00,CUA,37.0,12.61872,21.857143,21.857142857142858,29.444459915161133,False
2025-12-16 23:00:00,CUA,38.0,10.254419,19.357143,19.357142857142858,29.444459915161133,False
2025-12-17 00:00:00,CUA,36.0,12.875751,21.583334,21.583333333333332,29.444459915161133,False
2025-12-17 01:00:00,CUA,33.0,15.5593405,23.916666,23.916666666666668,29.444459915161133,False
2025-12-17 02:00:00,CUA,30.0,11.297653,19.25,19.25,29.444459915161133,False
2025-12-17 03:00:00,CUA,34.0,9.252398,16.785715,16.785714285714285,29.444459915161133,False
2025-12-17 04:00:00,CUA,27.0,6.650111,13.642858,13.642857142857142,29.444459915161133,False
2025-12-17 05:00:00,CUA,28.0,3.8082519,10.214286,10.214285714285714,29.444459915161133,False
2025-12-17 06:00:00,CUA,18.0,1.7862115,7.785714,7.785714285714286,29.444459915161133,False
2025-12-17 07:00:00,CUA,18.0,0.37921143,6.142857,6.142857142857143,29.444459915161133,False
2025-12-17 08:00:00,CUA,19.0,10.933697,16.571428,16.571428571428573,29.444459915161133,False
2025-12-17 09:00:00,CUA,43.0,20.671877,26.5,26.5,29.444459915161133,False
2025-12-17 10:00:00,CUA,41.0,30.056076,36.357143,36.357142857142854,29.444459915161133,False
2025-12-17 11:00:00,CUA,47.0,41.344902,47.923077,47.92307692307692,29.444459915161133,False
2025-12-17 12:00:00,CUA,51.0,52.616646,59.846153,59.84615384615385,29.444459915161133,False
2025-12-17 13:00:00,CUA,64.0,63.30308,71.5,71.5,29.444459915161133,False
2025-12-17 14:00:00,CUA,71.0,61.63353,70.84615,70.84615384615384,29.444459915161133,False
2025-12-17 15:00:00,CUA,67.0,51.227093,61.46154,61.46153846153846,29.444459915161133,False
2025-12-17 16:00:00,CUA,42.0,41.10606,51.692307,51.69230769230769,29.444459915161133,False
2025-12-17 17:00:00,CUA,32.0,27.631935,38.142857,38.142857142857146,29.444459915161133,False
2025-12-17 18:00:00,CUA,13.0,15.722531,25.571428,25.571428571428573,29.444459915161133,False
2025-12-17 19:00:00,CUA,19.0,16.792961,26.285715,26.285714285714285,29.444459915161133,False
2025-12-17 20:00:00,CUA,7.0,15.336731,24.642857,24.642857142857142,29.444459915161133,False
2025-12-17 21:00:00,CUA,3.0,13.499533,22.357143,22.357142857142858,29.444459915161133,False
2025-12-17 22:00:00,CUA,10.0,15.131799,23.428572,23.428571428571427,29.444459915161133,False
2025-12-17 23:00:00,CUA,15.0,13.926928,21.714285,21.714285714285715,29.444459915161133,False
2025-12-18 00:00:00,CUA,27.0,16.15769,23.416666,23.416666666666668,29.444459915161133,False
2025-12-18 01:00:00,CUA,27.0,18.015371,24.833334,24.833333333333332,29.444459915161133,False
2025-12-18 02:00:00,CUA,16.0,13.708815,20.083334,20.083333333333332,29.444459915161133,False
2025-12-18 03:00:00,CUA,18.0,10.860596,16.928572,16.928571428571427,29.444459915161133,False
2025-12-18 04:00:00,CUA,26.0,7.012157,12.928572,12.928571428571429,29.444459915161133,False
2025-12-18 05:00:00,CUA,9.0,5.308,11.142858,11.142857142857142,29.444459915161133,False
2025-12-18 06:00:00,CUA,2.0,3.3081002,9.0,9.0,29.444459915161133,False
2025-12-18 07:00:00,CUA,4.0,1.5402775,7.214286,7.214285714285714,29.444459915161133,False
2025-12-18 08:00:00,CUA,10.0,10.696489,16.428572,16.428571428571427,29.444459915161133,False
2025-12-18 09:00:00,CUA,28.0,21.016018,26.928572,26.928571428571427,29.444459915161133,False
2025-12-18 10:00:00,CUA,39.0,29.416878,35.785713,35.785714285714285,29.444459915161133,False
2025-12-18 11:00:00,CUA,47.0,39.81382,46.923077,46.92307692307692,29.444459915161133,False
2025-12-18 12:00:00,CUA,61.0,50.176735,58.153847,58.15384615384615,29.444459915161133,False
2025-12-18 13:00:00,CUA,62.0,59.675674,68.416664,68.41666666666667,29.444459915161133,False
2025-12-18 14:00:00,CUA,48.0,58.790775,67.92308,67.92307692307692,29.444459915161133,False
2025-12-18 15:00:00,CUA,40.0,52.884262,62.0,62.0,29.444459915161133,False
2025-12-18 16:00:00,CUA,45.0,43.397118,52.076923,52.07692307692308,29.444459915161133,False
2025-12-18 17:00:00,CUA,42.0,29.58725,37.857143,37.857142857142854,29.444459915161133,False
2025-12-18 18:00:00,CUA,27.0,16.226496,24.214285,24.214285714285715,29.444459915161133,False
2025-12-18 19:00:00,CUA,17.0,17.246151,25.357143,25.357142857142858,29.444459915161133,False
2025-12-18 20:00:00,CUA,3.0,14.801532,22.857143,22.857142857142858,29.444459915161133,False
2025-12-18 21:00:00,CUA,22.0,12.306206,20.071428,20.071428571428573,29.444459915161133,False
2025-12-18 22:00:00,CUA,28.0,14.284568,21.571428,21.571428571428573,29.444459915161133,False
2025-12-18 23:00:00,CUA,10.0,13.08137,20.071428,20.071428571428573,29.444459915161133,False
2025-12-19 03:00:00,CUA,37.0,11.02845,16.928572,16.928571428571427,29.444459915161133,False
2025-12-19 04:00:00,CUA,33.0,7.294523,14.142858,14.142857142857142,29.444459915161133,False
2025-12-19 05:00:00,CUA,28.0,4.3355002,11.357142,11.357142857142858,29.444459915161133,False
2025-12-19 06:00:00,CUA,23.0,1.9150467,8.928572,8.928571428571429,29.444459915161133,False
2025-12-19 07:00:00,CUA,11.0,0.40465593,7.357143,7.357142857142857,29.444459915161133,False
2025-12-19 08:00:00,CUA,25.0,9.046242,16.0,16.0,29.444459915161133,False
2025-12-19 09:00:00,CUA,37.0,19.71869,26.857143,26.857142857142858,29.444459915161133,False
2025-12-19 10:00:00,CUA,43.0,27.729103,35.357143,35.357142857142854,29.444459915161133,False
2025-12-19 11:00:00,CUA,52.0,37.905537,46.307693,46.30769230769231,29.444459915161133,False
2025-12-19 12:00:00,CUA,63.0,48.204514,57.384617,57.38461538461539,29.444459915161133,False
2025-12-19 13:00:00,CUA,70.0,56.598976,66.166664,66.16666666666667,29.444459915161133,False
2025-12-19 14:00:00,CUA,73.0,53.836857,63.23077,63.23076923076923,29.444459915161133,False
2025-12-19 15:00:00,CUA,79.0,47.54016,55.923077,55.92307692307692,29.444459915161133,True
2025-12-19 16:00:00,CUA,77.0,40.360764,46.923077,46.92307692307692,29.444459915161133,True
2025-12-19 17:00:00,CUA,69.0,31.252214,36.07143,36.07142857142857,29.444459915161133,True
2025-12-19 18:00:00,CUA,27.0,19.13208,23.142857,23.142857142857142,29.444459915161133,False
2025-12-19 19:00:00,CUA,13.0,17.97446,23.0,23.0,29.444459915161133,False
2025-12-19 20:00:00,CUA,22.0,15.281748,20.642857,20.642857142857142,29.444459915161133,False
2025-12-19 21:00:00,CUA,28.0,13.835316,19.5,19.5,29.444459915161133,False
2025-12-19 22:00:00,CUA,21.0,14.75217,20.642857,20.642857142857142,29.444459915161133,False
2025-12-19 23:00:00,CUA,4.0,12.418303,18.285715,18.285714285714285,29.444459915161133,False
2025-12-20 00:00:00,CUA,19.0,15.40659,21.181818,21.181818181818183,29.444459915161133,False
2025-12-20 01:00:00,CUA,10.0,17.499517,23.181818,23.181818181818183,29.444459915161133,False
2025-12-20 02:00:00,CUA,4.0,12.49015,18.09091,18.09090909090909,29.444459915161133,False
2025-12-20 03:00:00,CUA,21.0,13.246107,18.5,18.5,29.444459915161133,False
2025-12-20 04:00:00,CUA,16.0,11.083624,15.857142,15.857142857142858,29.444459915161133,False
2025-12-20 05:00:00,CUA,12.0,8.599659,12.928572,12.928571428571429,29.444459915161133,False
2025-12-20 06:00:00,CUA,9.0,6.427791,10.5,10.5,29.444459915161133,False
2025-12-20 07:00:00,CUA,16.0,4.0913725,7.928571,7.928571428571429,29.444459915161133,False
2025-12-20 08:00:00,CUA,35.0,13.166958,16.785715,16.785714285714285,29.444459915161133,False
2025-12-20 09:00:00,CUA,45.0,23.464577,27.214285,27.214285714285715,29.444459915161133,False
2025-12-20 10:00:00,CUA,51.0,31.353249,35.285713,35.285714285714285,29.444459915161133,False
2025-12-20 11:00:00,CUA,57.0,42.237526,46.384617,46.38461538461539,29.444459915161133,False
2025-12-20 12:00:00,CUA,69.0,52.496155,56.307693,56.30769230769231,29.444459915161133,False
2025-12-20 13:00:00,CUA,80.0,60.303883,64.0,64.0,29.444459915161133,False
2025-12-20 14:00:00,CUA,89.0,58.84294,62.23077,62.23076923076923,29.444459915161133,True
2025-12-20 15:00:00,CUA,96.0,54.731606,57.307693,57.30769230769231,29.444459915161133,True
2025-12-20 16:00:00,CUA,93.0,48.031994,49.23077,49.23076923076923,29.444459915161133,True
2025-12-20 17:00:00,CUA,84.0,38.184063,37.92857,37.92857142857143,29.444459915161133,True
2025-12-20 18:00:00,CUA,37.0,22.837252,22.071428,22.071428571428573,29.444459915161133,False
2025-12-20 19:00:00,CUA,19.0,20.246946,21.571428,21.571428571428573,29.444459915161133,False
2025-12-20 20:00:00,CUA,24.0,17.57125,19.857143,19.857142857142858,29.444459915161133,False
2025-12-20 21:00:00,CUA,26.0,15.494583,19.071428,19.071428571428573,29.444459915161133,False
2025-12-20 22:00:00,CUA,29.0,15.239132,19.642857,19.642857142857142,29.444459915161133,False
2025-12-20 23:00:00,CUA,22.0,11.884962,16.285715,16.285714285714285,29.444459915161133,False
2025-12-21 00:00:00,CUA,25.0,15.962801,19.90909,19.90909090909091,29.444459915161133,False
2025-12-21 01:00:00,CUA,35.0,17.401793,20.90909,20.90909090909091,29.444459915161133,False
2025-12-21 02:00:00,CUA,32.0,13.04143,16.09091,16.09090909090909,29.444459915161133,False
2025-12-21 03:00:00,CUA,31.0,15.419592,17.785715,17.785714285714285,29.444459915161133,False
2025-12-21 04:00:00,CUA,34.0,13.730292,15.214286,15.214285714285714,29.444459915161133,False
2025-12-21 05:00:00,CUA,25.0,12.821931,13.285714,13.285714285714286,29.444459915161133,False
2025-12-21 06:00:00,CUA,29.0,11.315036,11.0,11.0,29.444459915161133,False
2025-12-21 07:00:00,CUA,18.0,9.685881,8.785714,8.785714285714286,29.444459915161133,False
2025-12-21 08:00:00,CUA,18.0,19.292446,17.857143,17.857142857142858,29.444459915161133,False
2025-12-21 09:00:00,CUA,52.0,30.29423,28.285715,28.285714285714285,29.444459915161133,False
2025-12-21 10:00:00,CUA,52.0,38.852264,36.214287,36.214285714285715,29.444459915161133,False
2025-12-21 11:00:00,CUA,65.0,50.17295,46.923077,46.92307692307692,29.444459915161133,False
2025-12-21 12:00:00,CUA,73.0,60.02379,56.692307,56.69230769230769,29.444459915161133,False
2025-12-21 13:00:00,CUA,81.0,68.70561,64.916664,64.91666666666667,29.444459915161133,False
2025-12-21 14:00:00,CUA,81.0,67.56765,63.307693,63.30769230769231,29.444459915161133,False
2025-12-21 15:00:00,CUA,79.0,64.58818,59.0,59.0,29.444459915161133,False
2025-12-21 16:00:00,CUA,84.0,59.670338,53.076923,53.07692307692308,29.444459915161133,False
2025-12-21 17:00:00,CUA,83.0,48.645607,41.714287,41.714285714285715,29.444459915161133,True
2025-12-21 18:00:00,CUA,46.0,29.669788,22.857143,22.857142857142858,29.444459915161133,False
2025-12-21 19:00:00,CUA,50.0,26.4382,21.142857,21.142857142857142,29.444459915161133,False
2025-12-21 20:00:00,CUA,37.0,22.868513,19.928572,19.928571428571427,29.444459915161133,False
2025-12-21 21:00:00,CUA,37.0,19.853891,19.714285,19.714285714285715,29.444459915161133,False
2025-12-21 22:00:00,CUA,35.0,19.337887,20.928572,20.928571428571427,29.444459915161133,False
2025-12-21 23:00:00,CUA,31.0,14.289516,17.357143,17.357142857142858,29.444459915161133,False
2025-12-22 00:00:00,CUA,32.0,15.966869,20.333334,20.333333333333332,29.444459915161133,False
2025-12-22 01:00:00,CUA,25.0,16.802553,22.083334,22.083333333333332,29.444459915161133,False
2025-12-22 02:00:00,CUA,21.0,11.576384,17.416666,17.416666666666668,29.444459915161133,False
2025-12-22 03:00:00,CUA,12.0,12.703272,18.785715,18.785714285714285,29.444459915161133,False
2025-12-22 04:00:00,CUA,9.0,10.526329,16.785715,16.785714285714285,29.444459915161133,False
2025-12-22 05:00:00,CUA,15.0,8.159815,14.5,14.5,29.444459915161133,False
2025-12-22 06:00:00,CUA,13.0,5.923633,12.5,12.5,29.444459915161133,False
2025-12-22 07:00:00,CUA,4.0,3.0234828,9.785714,9.785714285714286,29.444459915161133,False
2025-12-22 08:00:00,CUA,21.0,10.887444,17.857143,17.857142857142858,29.444459915161133,False
2025-12-22 09:00:00,CUA,29.0,22.640041,29.857143,29.857142857142858,29.444459915161133,False
2025-12-22 10:00:00,CUA,38.0,29.474422,37.214287,37.214285714285715,29.444459915161133,False
2025-12-22 11:00:00,CUA,37.0,39.500263,47.615383,47.61538461538461,29.444459915161133,False
2025-12-22 12:00:00,CUA,47.0,48.150093,56.53846,56.53846153846154,29.444459915161133,False
2025-12-22 13:00:00,CUA,55.0,55.04434,64.083336,64.08333333333333,29.444459915161133,False
2025-12-22 14:00:00,CUA,57.0,52.892178,62.23077,62.23076923076923,29.444459915161133,False
2025-12-22 15:00:00,CUA,55.0,49.277237,58.76923,58.76923076923077,29.444459915161133,False
2025-12-22 16:00:00,CUA,43.0,44.02627,53.53846,53.53846153846154,29.444459915161133,False
2025-12-22 17:00:00,CUA,29.0,34.031796,43.57143,43.57142857142857,29.444459915161133,False
2025-12-22 18:00:00,CUA,24.0,12.90321,22.642857,22.642857142857142,29.444459915161133,False
2025-12-22 19:00:00,CUA,16.0,12.177967,21.642857,21.642857142857142,29.444459915161133,False
2025-12-22 20:00:00,CUA,11.0,10.489516,19.714285,19.714285714285715,29.444459915161133,False
2025-12-22 21:00:00,CUA,13.0,11.249598,20.285715,20.285714285714285,29.444459915161133,False
2025-12-22 22:00:00,CUA,12.0,12.598485,21.5,21.5,29.444459915161133,False
2025-12-22 23:00:00,CUA,13.0,8.562566,17.357143,17.357142857142858,29.444459915161133,False
2025-12-23 00:00:00,CUA,17.0,11.607267,20.166666,20.166666666666668,29.444459915161133,False
2025-12-23 01:00:00,CUA,17.0,13.001209,21.333334,21.333333333333332,29.444459915161133,False
2025-12-23 02:00:00,CUA,16.0,8.426339,16.5,16.5,29.444459915161133,False
2025-12-23 03:00:00,CUA,13.0,9.278614,17.214285,17.214285714285715,29.444459915161133,False
2025-12-23 04:00:00,CUA,7.0,7.2900596,15.142858,15.142857142857142,29.444459915161133,False
2025-12-23 05:00:00,CUA,1.0,5.9888306,13.714286,13.714285714285714,29.444459915161133,False
2025-12-23 06:00:00,CUA,6.0,4.625789,12.214286,12.214285714285714,29.444459915161133,False
2025-12-23 07:00:00,CUA,7.0,1.3371673,8.857142,8.857142857142858,29.444459915161133,False
2025-12-23 08:00:00,CUA,9.0,11.120958,18.5,18.5,29.444459915161133,False
2025-12-23 09:00:00,CUA,11.0,23.660305,31.142857,31.142857142857142,29.444459915161133,False
2025-12-23 10:00:00,CUA,13.0,30.806087,38.42857,38.42857142857143,29.444459915161133,False
2025-12-23 11:00:00,CUA,18.0,40.009724,47.923077,47.92307692307692,29.444459915161133,False
2025-12-23 12:00:00,CUA,26.0,48.818855,57.23077,57.23076923076923,29.444459915161133,False
2025-12-23 13:00:00,CUA,41.0,55.964306,65.0,65.0,29.444459915161133,False
2025-12-23 14:00:00,CUA,61.0,54.369152,64.23077,64.23076923076923,29.444459915161133,False
2025-12-23 15:00:00,CUA,74.0,50.395515,60.615383,60.61538461538461,29.444459915161133,False
2025-12-23 16:00:00,CUA,78.0,44.23978,54.384617,54.38461538461539,29.444459915161133,True
2025-12-23 17:00:00,CUA,63.0,34.14612,44.07143,44.07142857142857,29.444459915161133,False
2025-12-23 18:00:00,CUA,29.0,14.047614,23.5,23.5,29.444459915161133,False
2025-12-23 19:00:00,CUA,29.0,12.419058,22.0,22.0,29.444459915161133,False
2025-12-23 20:00:00,CUA,19.0,10.66664,20.285715,20.285714285714285,29.444459915161133,False
2025-12-23 21:00:00,CUA,19.0,11.767365,21.071428,21.071428571428573,29.444459915161133,False
2025-12-23 22:00:00,CUA,14.0,13.387431,22.285715,22.285714285714285,29.444459915161133,False
2025-12-23 23:00:00,CUA,10.0,9.673126,18.214285,18.214285714285715,29.444459915161133,False
2025-12-24 00:00:00,CUA,12.0,13.413614,21.416666,21.416666666666668,29.444459915161133,False
2025-12-24 01:00:00,CUA,10.0,15.0881195,22.666666,22.666666666666668,29.444459915161133,False
2025-12-24 02:00:00,CUA,4.0,10.569445,17.75,17.75,29.444459915161133,False
2025-12-24 03:00:00,CUA,4.0,11.024607,18.071428,18.071428571428573,29.444459915161133,False
2025-12-24 04:00:00,CUA,7.0,8.894831,15.571428,15.571428571428571,29.444459915161133,False
2025-12-24 05:00:00,CUA,6.0,7.4230933,13.714286,13.714285714285714,29.444459915161133,False
2025-12-24 06:00:00,CUA,1.0,6.5939555,12.571428,12.571428571428571,29.444459915161133,False
2025-12-24 07:00:00,CUA,1.0,3.523388,9.285714,9.285714285714286,29.444459915161133,False
2025-12-24 08:00:00,CUA,7.0,13.165829,18.357143,18.357142857142858,29.444459915161133,False
2025-12-24 09:00:00,CUA,11.0,24.244944,29.571428,29.571428571428573,29.444459915161133,False
2025-12-24 10:00:00,CUA,23.0,30.896225,36.214287,36.214285714285715,29.444459915161133,False
2025-12-24 11:00:00,CUA,37.0,39.416996,45.307693,45.30769230769231,29.444459915161133,False
2025-12-24 12:00:00,CUA,50.0,47.84558,54.846153,54.84615384615385,29.444459915161133,False
2025-12-24 13:00:00,CUA,59.0,54.73176,62.666668,62.666666666666664,29.444459915161133,False
2025-12-24 14:00:00,CUA,71.0,56.02234,64.0,64.0,29.444459915161133,False
2025-12-24 15:00:00,CUA,78.0,54.659748,62.076923,62.07692307692308,29.444459915161133,False
2025-12-24 16:00:00,CUA,80.0,49.86085,56.692307,56.69230769230769,29.444459915161133,True
2025-12-24 17:00:00,CUA,74.0,39.480232,46.57143,46.57142857142857,29.444459915161133,True
2025-12-24 18:00:00,CUA,28.0,17.49267,25.357143,25.357142857142858,29.444459915161133,False
2025-12-24 19:00:00,CUA,31.0,14.722833,23.214285,23.214285714285715,29.444459915161133,False
2025-12-24 20:00:00,CUA,23.0,11.860158,20.571428,20.571428571428573,29.444459915161133,False
2025-12-24 21:00:00,CUA,19.0,12.844257,21.714285,21.714285714285715,29.444459915161133,False
2025-12-24 22:00:00,CUA,15.0,13.444722,22.357143,22.357142857142858,29.444459915161133,False
2025-12-24 23:00:00,CUA,16.0,7.9592543,16.785715,16.785714285714285,29.444459915161133,False
2025-12-25 03:00:00,CUA,10.0,10.248,17.428572,17.428571428571427,29.444459915161133,False
2025-12-25 04:00:00,CUA,9.0,7.66025,15.428572,15.428571428571429,29.444459915161133,False
2025-12-25 05:00:00,CUA,8.0,6.429301,14.0,14.0,29.444459915161133,False
2025-12-25 06:00:00,CUA,8.0,5.167057,12.5,12.5,29.444459915161133,False
2025-12-25 07:00:00,CUA,9.0,2.0691175,9.142858,9.142857142857142,29.444459915161133,False
2025-12-25 08:00:00,CUA,15.0,10.108228,17.071428,17.071428571428573,29.444459915161133,False
2025-12-25 09:00:00,CUA,21.0,20.89162,28.0,28.0,29.444459915161133,False
2025-12-25 10:00:00,CUA,26.0,28.140978,35.5,35.5,29.444459915161133,False
2025-12-25 11:00:00,CUA,40.0,36.36834,44.46154,44.46153846153846,29.444459915161133,False
2025-12-25 12:00:00,CUA,55.0,44.658997,53.53846,53.53846153846154,29.444459915161133,False
2025-12-25 13:00:00,CUA,66.0,52.094833,61.416668,61.416666666666664,29.444459915161133,False
2025-12-25 14:00:00,CUA,68.0,55.41964,64.84615,64.84615384615384,29.444459915161133,False
2025-12-25 15:00:00,CUA,58.0,55.762894,65.23077,65.23076923076923,29.444459915161133,False
2025-12-25 16:00:00,CUA,60.0,50.44269,60.076923,60.07692307692308,29.444459915161133,False
2025-12-25 17:00:00,CUA,49.0,40.457634,50.214287,50.214285714285715,29.444459915161133,False
2025-12-25 18:00:00,CUA,40.0,17.21447,26.714285,26.714285714285715,29.444459915161133,False
2025-12-25 19:00:00,CUA,31.0,14.498592,24.0,24.0,29.444459915161133,False
2025-12-25 20:00:00,CUA,22.0,11.393049,20.857143,20.857142857142858,29.444459915161133,False
2025-12-25 21:00:00,CUA,21.0,12.750218,22.071428,22.071428571428573,29.444459915161133,False
2025-12-25 22:00:00,CUA,25.0,13.013931,22.071428,22.071428571428573,29.444459915161133,False
2025-12-25 23:00:00,CUA,26.0,8.608663,17.285715,17.285714285714285,29.444459915161133,False
2025-12-26 00:00:00,CUA,22.0,11.391729,19.727272,19.727272727272727,29.444459915161133,False
2025-12-26 01:00:00,CUA,13.0,13.2305975,21.363636,21.363636363636363,29.444459915161133,False
2025-12-26 02:00:00,CUA,9.0,8.953163,16.818182,16.818181818181817,29.444459915161133,False
2025-12-26 03:00:00,CUA,11.0,10.074671,17.642857,17.642857142857142,29.444459915161133,False
2025-12-26 04:00:00,CUA,7.0,8.512201,15.714286,15.714285714285714,29.444459915161133,False
2025-12-26 05:00:00,CUA,9.0,7.1836724,14.142858,14.142857142857142,29.444459915161133,False
2025-12-26 06:00:00,CUA,11.0,5.893349,12.714286,12.714285714285714,29.444459915161133,False
2025-12-26 07:00:00,CUA,4.0,2.5426502,9.214286,9.214285714285714,29.444459915161133,False
2025-12-26 08:00:00,CUA,14.0,10.123974,16.642857,16.642857142857142,29.444459915161133,False
2025-12-26 09:00:00,CUA,18.0,21.045946,27.571428,27.571428571428573,29.444459915161133,False
2025-12-26 10:00:00,CUA,22.0,28.474974,35.07143,35.07142857142857,29.444459915161133,False
2025-12-26 11:00:00,CUA,32.0,37.46222,44.142857,44.142857142857146,29.444459915161133,False
2025-12-26 12:00:00,CUA,44.0,46.649654,53.642857,53.642857142857146,29.444459915161133,False
2025-12-26 13:00:00,CUA,52.0,53.829197,61.76923,61.76923076923077,29.444459915161133,False
2025-12-26 14:00:00,CUA,52.0,56.252235,65.15385,65.15384615384616,29.444459915161133,False
2025-12-26 15:00:00,CUA,55.0,55.63452,65.07692,65.07692307692308,29.444459915161133,False
2025-12-26 16:00:00,CUA,36.0,50.83777,60.23077,60.23076923076923,29.444459915161133,False
2025-12-26 17:00:00,CUA,33.0,42.53633,51.785713,51.785714285714285,29.444459915161133,False
2025-12-26 18:00:00,CUA,28.0,19.217285,28.5,28.5,29.444459915161133,False
2025-12-26 19:00:00,CUA,23.0,15.384091,24.571428,24.571428571428573,29.444459915161133,False
2025-12-26 20:00:00,CUA,15.0,10.746457,19.928572,19.928571428571427,29.444459915161133,False
2025-12-26 21:00:00,CUA,8.0,13.248755,22.214285,22.214285714285715,29.444459915161133,False
2025-12-26 22:00:00,CUA,15.0,13.360581,22.0,22.0,29.444459915161133,False
2025-12-26 23:00:00,CUA,12.0,10.315389,18.571428,18.571428571428573,29.444459915161133,False
2025-12-27 00:00:00,CUA,15.0,13.143053,21.0,21.0,29.444459915161133,False
2025-12-27 01:00:00,CUA,9.0,12.716302,20.181818,20.181818181818183,29.444459915161133,False
2025-12-27 02:00:00,CUA,5.0,9.522932,16.454546,16.454545454545453,29.444459915161133,False
2025-12-27 03:00:00,CUA,7.0,11.311641,17.642857,17.642857142857142,29.444459915161133,False
2025-12-27 04:00:00,CUA,6.0,9.764267,15.571428,15.571428571428571,29.444459915161133,False
2025-12-27 05:00:00,CUA,7.0,7.8850713,13.214286,13.214285714285714,29.444459915161133,False
2025-12-27 06:00:00,CUA,1.0,7.3274035,12.214286,12.214285714285714,29.444459915161133,False
2025-12-27 07:00:00,CUA,1.0,4.4873137,9.0,9.0,29.444459915161133,False
2025-12-27 08:00:00,CUA,12.0,11.6325245,15.857142,15.857142857142858,29.444459915161133,False
2025-12-27 09:00:00,CUA,24.0,22.040756,26.214285,26.214285714285715,29.444459915161133,False
2025-12-27 10:00:00,CUA,33.0,29.229015,33.642857,33.642857142857146,29.444459915161133,False
2025-12-27 11:00:00,CUA,48.0,37.33655,42.5,42.5,29.444459915161133,False
2025-12-27 12:00:00,CUA,54.0,45.50444,51.785713,51.785714285714285,29.444459915161133,False
2025-12-27 13:00:00,CUA,64.0,53.41602,60.615383,60.61538461538461,29.444459915161133,False
2025-12-27 14:00:00,CUA,67.0,57.01636,64.30769,64.3076923076923,29.444459915161133,False
2025-12-27 15:00:00,CUA,68.0,57.759758,64.76923,64.76923076923077,29.444459915161133,False
2025-12-27 16:00:00,CUA,64.0,53.04523,59.384617,59.38461538461539,29.444459915161133,False
2025-12-27 17:00:00,CUA,60.0,45.405445,51.0,51.0,29.444459915161133,False
2025-12-27 18:00:00,CUA,42.0,22.66535,28.642857,28.642857142857142,29.444459915161133,False
2025-12-27 19:00:00,CUA,14.0,17.859144,24.857143,24.857142857142858,29.444459915161133,False
2025-12-27 20:00:00,CUA,24.0,12.575699,20.214285,20.214285714285715,29.444459915161133,False
2025-12-27 21:00:00,CUA,31.0,13.304731,21.214285,21.214285714285715,29.444459915161133,False
2025-12-27 22:00:00,CUA,37.0,13.541114,21.071428,21.071428571428573,29.444459915161133,False
2025-12-27 23:00:00,CUA,35.0,10.649662,17.5,17.5,29.444459915161133,False
2025-12-28 00:00:00,CUA,40.0,14.703814,20.5,20.5,29.444459915161133,False
2025-12-28 01:00:00,CUA,40.0,14.519743,19.25,19.25,29.444459915161133,False
2025-12-28 02:00:00,CUA,46.0,11.688107,15.5,15.5,29.444459915161133,True
2025-12-28 03:00:00,CUA,45.0,14.357769,17.357143,17.357142857142858,29.444459915161133,True
2025-12-28 04:00:00,CUA,44.0,13.307127,15.428572,15.428571428571429,29.444459915161133,True
2025-12-28 05:00:00,CUA,43.0,11.75547,13.071428,13.071428571428571,29.444459915161133,True
2025-12-28 06:00:00,CUA,15.0,10.042698,10.5,10.5,29.444459915161133,False
2025-12-28 07:00:00,CUA,30.0,7.8862343,7.714286,7.714285714285714,29.444459915161133,False
2025-12-28 08:00:00,CUA,27.0,16.497194,15.714286,15.714285714285714,29.444459915161133,False
2025-12-28 09:00:00,CUA,47.0,27.799063,26.857143,26.857142857142858,29.444459915161133,False
2025-12-28 10:00:00,CUA,57.0,35.07235,34.214287,34.214285714285715,29.444459915161133,False
2025-12-28 11:00:00,CUA,61.0,43.203136,42.714287,42.714285714285715,29.444459915161133,False
2025-12-28 12:00:00,CUA,61.0,51.666122,51.785713,51.785714285714285,29.444459915161133,False
2025-12-28 13:00:00,CUA,66.0,59.10321,61.23077,61.23076923076923,29.444459915161133,False
2025-12-28 14:00:00,CUA,77.0,61.015606,64.92308,64.92307692307692,29.444459915161133,False
2025-12-28 15:00:00,CUA,80.0,60.607502,65.07692,65.07692307692308,29.444459915161133,False
2025-12-28 16:00:00,CUA,84.0,55.863976,59.76923,59.76923076923077,29.444459915161133,False
2025-12-28 17:00:00,CUA,91.0,48.689487,51.714287,51.714285714285715,29.444459915161133,True
2025-12-28 18:00:00,CUA,61.0,25.879002,29.0,29.0,29.444459915161133,True
2025-12-28 19:00:00,CUA,38.0,18.744446,23.5,23.5,29.444459915161133,False
2025-12-28 20:00:00,CUA,43.0,14.585913,19.928572,19.928571428571427,29.444459915161133,False
2025-12-28 21:00:00,CUA,28.0,15.684038,21.785715,21.785714285714285,29.444459915161133,False
2025-12-28 22:00:00,CUA,34.0,16.206299,22.928572,22.928571428571427,29.444459915161133,False
2025-12-28 23:00:00,CUA,38.0,12.0397,19.285715,19.285714285714285,29.444459915161133,False
2025-12-29 00:00:00,CUA,40.0,15.081274,22.583334,22.583333333333332,29.444459915161133,False
2025-12-29 01:00:00,CUA,29.0,12.9831295,20.416666,20.416666666666668,29.444459915161133,False
2025-12-29 02:00:00,CUA,33.0,10.461788,17.5,17.5,29.444459915161133,False
2025-12-29 03:00:00,CUA,21.0,13.324345,19.857143,19.857142857142858,29.444459915161133,False
2025-12-29 04:00:00,CUA,12.0,12.457638,18.357143,18.357142857142858,29.444459915161133,False
2025-12-29 05:00:00,CUA,7.0,10.820666,16.0,16.0,29.444459915161133,False
2025-12-29 06:00:00,CUA,2.0,7.1497355,11.428572,11.428571428571429,29.444459915161133,False
2025-12-29 07:00:00,CUA,2.0,6.0714545,9.571428,9.571428571428571,29.444459915161133,False
2025-12-29 08:00:00,CUA,13.0,14.199575,16.785715,16.785714285714285,29.444459915161133,False
2025-12-29 09:00:00,CUA,33.0,26.9748,28.428572,28.428571428571427,29.444459915161133,False
2025-12-29 10:00:00,CUA,41.0,35.240517,35.357143,35.357142857142854,29.444459915161133,False
2025-12-29 11:00:00,CUA,58.0,43.329556,43.642857,43.642857142857146,29.444459915161133,False
2025-12-29 12:00:00,CUA,62.0,50.171463,52.357143,52.357142857142854,29.444459915161133,False
2025-12-29 13:00:00,CUA,62.0,56.666477,61.0,61.0,29.444459915161133,False
2025-12-29 14:00:00,CUA,59.0,59.049324,65.15385,65.15384615384616,29.444459915161133,False
2025-12-29 15:00:00,CUA,52.0,58.486923,66.15385,66.15384615384616,29.444459915161133,False
2025-12-29 16:00:00,CUA,46.0,53.610725,62.307693,62.30769230769231,29.444459915161133,False
2025-12-29 17:00:00,CUA,39.0,46.089916,55.57143,55.57142857142857,29.444459915161133,False
2025-12-29 18:00:00,CUA,31.0,21.423016,31.142857,31.142857142857142,29.444459915161133,False
2025-12-29 19:00:00,CUA,14.0,14.624503,24.285715,24.285714285714285,29.444459915161133,False
2025-12-29 20:00:00,CUA,20.0,11.640934,21.214285,21.214285714285715,29.444459915161133,False
2025-12-29 21:00:00,CUA,22.0,12.483315,21.928572,21.928571428571427,29.444459915161133,False
2025-12-29 22:00:00,CUA,23.0,13.958935,23.285715,23.285714285714285,29.444459915161133,False
2025-12-29 23:00:00,CUA,20.0,10.945296,20.071428,20.071428571428573,29.444459915161133,False
2025-12-30 00:00:00,CUA,18.0,15.051068,24.0,24.0,29.444459915161133,False
2025-12-30 01:00:00,CUA,20.0,12.094676,21.0,21.0,29.444459915161133,False
2025-12-30 02:00:00,CUA,21.0,9.346021,18.25,18.25,29.444459915161133,False
2025-12-30 03:00:00,CUA,22.0,10.355327,19.285715,19.285714285714285,29.444459915161133,False
2025-12-30 04:00:00,CUA,23.0,8.15316,17.071428,17.071428571428573,29.444459915161133,False
2025-12-30 05:00:00,CUA,24.0,5.394602,14.285714,14.285714285714286,29.444459915161133,False
2025-12-30 06:00:00,CUA,24.0,1.2764759,10.0,10.0,29.444459915161133,False
2025-12-30 07:00:00,CUA,24.0,0.5394983,9.071428,9.071428571428571,29.444459915161133,False
2025-12-30 08:00:00,CUA,25.0,7.9455824,16.357143,16.357142857142858,29.444459915161133,False
2025-12-30 09:00:00,CUA,27.0,20.799818,29.357143,29.357142857142858,29.444459915161133,False
2025-12-30 10:00:00,CUA,29.0,27.443619,36.357143,36.357142857142854,29.444459915161133,False
2025-12-30 11:00:00,CUA,28.0,36.753017,45.785713,45.785714285714285,29.444459915161133,False
2025-12-30 12:00:00,CUA,32.0,45.31475,54.642857,54.642857142857146,29.444459915161133,False
2025-12-30 13:00:00,CUA,38.0,53.597343,63.23077,63.23076923076923,29.444459915161133,False
2025-12-30 14:00:00,CUA,40.0,57.082264,67.23077,67.23076923076923,29.444459915161133,False
2025-12-30 15:00:00,CUA,40.0,57.29436,67.76923,67.76923076923077,29.444459915161133,False
2025-12-30 16:00:00,CUA,40.0,53.310707,64.0,64.0,29.444459915161133,False
2025-12-30 17:00:00,CUA,37.0,45.97208,56.714287,56.714285714285715,29.444459915161133,False
2025-12-30 18:00:00,CUA,17.0,21.86684,32.42857,32.42857142857143,29.444459915161133,False
2025-12-30 19:00:00,CUA,12.0,14.033908,24.214285,24.214285714285715,29.444459915161133,False
2025-12-30 20:00:00,CUA,9.0,12.205947,21.785715,21.785714285714285,29.444459915161133,False
2025-12-30 21:00:00,CUA,9.0,13.384761,22.428572,22.428571428571427,29.444459915161133,False
2025-12-30 22:00:00,CUA,3.0,15.311042,23.928572,23.928571428571427,29.444459915161133,False
2025-12-30 23:00:00,CUA,2.0,12.531547,20.714285,20.714285714285715,29.444459915161133,False
2025-12-31 03:00:00,CUA,1.0,14.111929,20.428572,20.428571428571427,29.444459915161133,False
2025-12-31 04:00:00,CUA,2.0,11.528864,18.571428,18.571428571428573,29.444459915161133,False
2025-12-31 05:00:00,CUA,1.0,9.025851,15.857142,15.857142857142858,29.444459915161133,False
2025-12-31 06:00:00,CUA,1.0,4.990889,11.571428,11.571428571428571,29.444459915161133,False
2025-12-31 07:00:00,CUA,2.0,4.2313256,10.642858,10.642857142857142,29.444459915161133,False
2025-12-31 08:00:00,CUA,3.0,11.575573,17.857143,17.857142857142858,29.444459915161133,False
2025-12-31 09:00:00,CUA,11.0,24.038345,30.428572,30.428571428571427,29.444459915161133,False
2025-12-31 10:00:00,CUA,29.0,29.486523,36.285713,36.285714285714285,29.444459915161133,False
2025-12-31 11:00:00,CUA,48.0,37.402042,44.785713,44.785714285714285,29.444459915161133,False
2025-12-31 12:00:00,CUA,58.0,44.957756,53.42857,53.42857142857143,29.444459915161133,False
2025-12-31 13:00:00,CUA,73.0,52.15209,61.42857,61.42857142857143,29.444459915161133,False
2025-12-31 14:00:00,CUA,86.0,55.753716,65.28571,65.28571428571429,29.444459915161133,True
2025-12-31 15:00:00,CUA,92.0,57.046944,65.78571,65.78571428571429,29.444459915161133,True
2025-12-31 16:00:00,CUA,91.0,54.624275,62.285713,62.285714285714285,29.444459915161133,True
2025-12-31 17:00:00,CUA,71.0,49.446415,56.07143,56.07142857142857,29.444459915161133,False
2025-12-31 18:00:00,CUA,49.0,25.516178,32.142857,32.142857142857146,29.444459915161133,False
2025-12-31 19:00:00,CUA,42.0,16.16225,23.285715,23.285714285714285,29.444459915161133,False
2025-12-31 20:00:00,CUA,33.0,12.0839405,19.928572,19.928571428571427,29.444459915161133,False
2025-12-31 21:00:00,CUA,29.0,11.985528,20.428572,20.428571428571427,29.444459915161133,False
2025-12-31 22:00:00,CUA,24.0,12.921361,21.5,21.5,29.444459915161133,False
2025-12-31 23:00:00,CUA,30.0,9.521383,18.142857,18.142857142857142,29.444459915161133,False
