timestamp,estacion,original_ppb,predicho_ppb,base_ppb,perfil_ppb,umbral_ppb,alerta_limpia
2025-10-21 00:00:00,LLA,3.0,8.004522,9.0,9.0,15.829898834228516,False
2025-10-21 01:00:00,LLA,1.0,6.669999,8.3,8.3,15.829898834228516,False
2025-10-21 02:00:00,LLA,0.0,6.624751,8.1,8.1,15.829898834228516,False
2025-10-21 03:00:00,LLA,1.0,6.6944523,7.8333335,7.833333333333333,15.829898834228516,False
2025-10-21 04:00:00,LLA,1.0,4.3343577,5.0833335,5.083333333333333,15.829898834228516,False
2025-10-21 05:00:00,LLA,1.0,1.7929994,2.25,2.25,15.829898834228516,False
2025-10-21 06:00:00,LLA,1.0,1.5564911,1.8333334,1.8333333333333333,15.829898834228516,False
2025-10-21 07:00:00,LLA,2.0,3.2227676,3.4166667,3.4166666666666665,15.829898834228516,False
2025-10-21 08:00:00,LLA,6.0,8.595405,8.666667,8.666666666666666,15.829898834228516,False
2025-10-21 09:00:00,LLA,13.0,17.65466,17.083334,17.083333333333332,15.829898834228516,False
2025-10-21 10:00:00,LLA,32.0,35.27443,29.166666,29.166666666666668,15.829898834228516,False
2025-10-21 11:00:00,LLA,44.0,53.742626,38.833332,38.833333333333336,15.829898834228516,False
2025-10-21 12:00:00,LLA,47.0,66.32138,43.25,43.25,15.829898834228516,True
2025-10-21 13:00:00,LLA,48.0,74.43359,45.333332,45.333333333333336,15.829898834228516,True
2025-10-21 14:00:00,LLA,60.0,76.54154,44.307693,44.30769230769231,15.829898834228516,True
2025-10-21 15:00:00,LLA,38.0,73.88219,40.076923,40.07692307692308,15.829898834228516,True
2025-10-21 16:00:00,LLA,31.0,61.849716,35.0,35.0,15.829898834228516,True
2025-10-21 17:00:00,LLA,29.0,45.463276,27.76923,27.76923076923077,15.829898834228516,True
2025-10-21 18:00:00,LLA,15.0,31.971725,19.76923,19.76923076923077,15.829898834228516,True
2025-10-21 19:00:00,LLA,8.0,20.143562,14.538462,14.538461538461538,15.829898834228516,False
2025-10-21 20:00:00,LLA,8.0,14.1810255,11.333333,11.333333333333334,15.829898834228516,False
2025-10-21 21:00:00,LLA,7.0,10.088103,9.916667,9.916666666666666,15.829898834228516,False
2025-10-21 22:00:00,LLA,9.0,9.141566,9.333333,9.333333333333334,15.829898834228516,False
2025-10-21 23:00:00,LLA,12.0,12.406788,11.833333,11.833333333333334,15.829898834228516,False
2025-10-22 00:00:00,LLA,16.0,10.592058,8.7,8.7,15.829898834228516,False
2025-10-22 01:00:00,LLA,15.0,11.901631,7.2,7.2,15.829898834228516,False
2025-10-22 02:00:00,LLA,13.0,11.41758,6.8,6.8,15.829898834228516,False
2025-10-22 03:00:00,LLA,13.0,11.81204,7.0,7.0,15.829898834228516,False
2025-10-22 04:00:00,LLA,9.0,9.975447,4.75,4.75,15.829898834228516,False
2025-10-22 05:00:00,LLA,5.0,7.788763,2.25,2.25,15.829898834228516,False
2025-10-22 06:00:00,LLA,3.0,6.5178933,1.8333334,1.8333333333333333,15.829898834228516,False
2025-10-22 07:00:00,LLA,7.0,7.083561,3.3333333,3.3333333333333335,15.829898834228516,False
2025-10-22 08:00:00,LLA,16.0,12.69959,8.25,8.25,15.829898834228516,False
2025-10-22 09:00:00,LLA,20.0,22.848118,16.583334,16.583333333333332,15.829898834228516,False
2025-10-22 10:00:00,LLA,26.0,35.560734,29.416666,29.416666666666668,15.829898834228516,False
2025-10-22 11:00:00,LLA,27.0,42.905228,39.166668,39.166666666666664,15.829898834228516,True
2025-10-22 12:00:00,LLA,28.0,44.621105,43.75,43.75,15.829898834228516,True
2025-10-22 13:00:00,LLA,32.0,42.644566,46.166668,46.166666666666664,15.829898834228516,False
2025-10-22 14:00:00,LLA,32.0,41.356056,46.076923,46.07692307692308,15.829898834228516,False
2025-10-22 15:00:00,LLA,29.0,38.85512,40.23077,40.23076923076923,15.829898834228516,False
2025-10-22 16:00:00,LLA,30.0,34.423687,34.76923,34.76923076923077,15.829898834228516,False
2025-10-22 17:00:00,LLA,26.0,28.177162,27.76923,27.76923076923077,15.829898834228516,False
2025-10-22 18:00:00,LLA,16.0,20.573982,19.153847,19.153846153846153,15.829898834228516,False
2025-10-22 19:00:00,LLA,13.0,14.011987,13.692307,13.692307692307692,15.829898834228516,False
2025-10-22 20:00:00,LLA,11.0,10.314869,11.25,11.25,15.829898834228516,False
2025-10-22 21:00:00,LLA,6.0,7.6000934,9.666667,9.666666666666666,15.829898834228516,False
2025-10-22 22:00:00,LLA,10.0,6.430457,8.916667,8.916666666666666,15.829898834228516,False
2025-10-22 23:00:00,LLA,5.0,8.91639,11.666667,11.666666666666666,15.829898834228516,False
2025-10-23 00:00:00,LLA,2.0,6.9105425,9.363636,9.363636363636363,15.829898834228516,False
2025-10-23 01:00:00,LLA,10.0,6.05218,7.909091,7.909090909090909,15.829898834228516,False
2025-10-23 02:00:00,LLA,10.0,6.474999,7.3636365,7.363636363636363,15.829898834228516,False
2025-10-23 03:00:00,LLA,11.0,6.8820043,6.9166665,6.916666666666667,15.829898834228516,False
2025-10-23 04:00:00,LLA,10.0,5.047586,4.75,4.75,15.829898834228516,False
2025-10-23 05:00:00,LLA,1.0,2.523869,2.1666667,2.1666666666666665,15.829898834228516,False
2025-10-23 06:00:00,LLA,1.0,0.9562688,1.4166666,1.4166666666666667,15.829898834228516,False
2025-10-23 07:00:00,LLA,2.0,1.7757019,3.5833333,3.5833333333333335,15.829898834228516,False
2025-10-23 08:00:00,LLA,12.0,5.226264,8.75,8.75,15.829898834228516,False
2025-10-23 09:00:00,LLA,20.0,12.340651,17.166666,17.166666666666668,15.829898834228516,False
2025-10-23 10:00:00,LLA,28.0,25.212212,30.5,30.5,15.829898834228516,False
2025-10-23 11:00:00,LLA,37.0,37.159008,40.166668,40.166666666666664,15.829898834228516,False
2025-10-23 12:00:00,LLA,44.0,45.616455,44.833332,44.833333333333336,15.829898834228516,False
2025-10-23 13:00:00,LLA,50.0,51.09103,47.583332,47.583333333333336,15.829898834228516,False
2025-10-23 14:00:00,LLA,51.0,53.860535,47.46154,47.46153846153846,15.829898834228516,False
2025-10-23 15:00:00,LLA,51.0,51.90012,41.615383,41.61538461538461,15.829898834228516,False
2025-10-23 16:00:00,LLA,51.0,48.531406,36.384617,36.38461538461539,15.829898834228516,False
2025-10-23 17:00:00,LLA,32.0,44.10794,29.307692,29.307692307692307,15.829898834228516,False
2025-10-23 18:00:00,LLA,11.0,36.134823,20.153847,20.153846153846153,15.829898834228516,True
2025-10-23 19:00:00,LLA,6.0,22.837318,14.307693,14.307692307692308,15.829898834228516,True
2025-10-23 20:00:00,LLA,7.0,15.574482,11.333333,11.333333333333334,15.829898834228516,False
2025-10-23 21:00:00,LLA,9.0,11.850002,9.5,9.5,15.829898834228516,False
2025-10-23 22:00:00,LLA,13.0,8.564337,9.166667,9.166666666666666,15.829898834228516,False
2025-10-23 23:00:00,LLA,13.0,11.197433,11.666667,11.666666666666666,15.829898834228516,False
2025-10-24 00:00:00,LLA,7.0,8.311902,8.727273,8.727272727272727,15.829898834228516,False
2025-10-24 01:00:00,LLA,2.0,8.200928,8.272727,8.272727272727273,15.829898834228516,False
2025-10-24 02:00:00,LLA,1.0,8.198901,7.5454545,7.545454545454546,15.829898834228516,False
2025-10-24 03:00:00,LLA,1.0,8.44894,7.0833335,7.083333333333333,15.829898834228516,False
2025-10-24 04:00:00,LLA,1.0,6.4421477,4.9166665,4.916666666666667,15.829898834228516,False
2025-10-24 05:00:00,LLA,1.0,3.3518248,1.5833334,1.5833333333333333,15.829898834228516,False
2025-10-24 06:00:00,LLA,1.0,3.313837,1.0833334,1.0833333333333333,15.829898834228516,False
2025-10-24 07:00:00,LLA,2.0,6.349969,3.5,3.5,15.829898834228516,False
2025-10-24 08:00:00,LLA,5.0,12.758978,9.416667,9.416666666666666,15.829898834228516,False
2025-10-24 09:00:00,LLA,12.0,21.79721,18.416666,18.416666666666668,15.829898834228516,False
2025-10-24 10:00:00,LLA,26.0,36.57466,31.916666,31.916666666666668,15.829898834228516,False
2025-10-24 11:00:00,LLA,56.0,51.422714,42.0,42.0,15.829898834228516,False
2025-10-24 12:00:00,LLA,61.0,65.92445,47.416668,47.416666666666664,15.829898834228516,False
2025-10-24 13:00:00,LLA,63.0,74.10721,50.25,50.25,15.829898834228516,False
2025-10-24 14:00:00,LLA,71.0,78.37657,50.076923,50.07692307692308,15.829898834228516,False
2025-10-24 15:00:00,LLA,75.0,73.70373,44.153847,44.15384615384615,15.829898834228516,False
2025-10-24 16:00:00,LLA,72.0,68.315056,39.23077,39.23076923076923,15.829898834228516,False
2025-10-24 17:00:00,LLA,50.0,61.290348,31.23077,31.23076923076923,15.829898834228516,False
2025-10-24 18:00:00,LLA,17.0,48.688194,20.923077,20.923076923076923,15.829898834228516,True
2025-10-24 19:00:00,LLA,6.0,34.961937,14.615385,14.615384615384615,15.829898834228516,True
2025-10-24 20:00:00,LLA,4.0,26.427807,11.333333,11.333333333333334,15.829898834228516,True
2025-10-24 21:00:00,LLA,4.0,19.8255,10.083333,10.083333333333334,15.829898834228516,False
2025-10-24 22:00:00,LLA,5.0,15.035553,10.0,10.0,15.829898834228516,False
2025-10-24 23:00:00,LLA,9.0,14.764915,11.916667,11.916666666666666,15.829898834228516,False
2025-10-25 00:00:00,LLA,1.0,10.337865,8.636364,8.636363636363637,15.829898834228516,False
2025-10-25 01:00:00,LLA,1.0,10.448079,7.5454545,7.545454545454546,15.829898834228516,False
2025-10-25 02:00:00,LLA,1.0,9.6000805,6.818182,6.818181818181818,15.829898834228516,False
2025-10-25 03:00:00,LLA,1.0,9.478737,6.4166665,6.416666666666667,15.829898834228516,False
2025-10-25 04:00:00,LLA,1.0,8.2470255,4.5,4.5,15.829898834228516,False
2025-10-25 05:00:00,LLA,1.0,5.771177,1.3333334,1.3333333333333333,15.829898834228516,False
2025-10-25 06:00:00,LLA,1.0,5.786598,1.0,1.0,15.829898834228516,False
2025-10-25 07:00:00,LLA,2.0,8.553895,3.4166667,3.4166666666666665,15.829898834228516,False
2025-10-25 08:00:00,LLA,9.0,15.313506,9.5,9.5,15.829898834228516,False
2025-10-25 09:00:00,LLA,18.0,25.854296,18.75,18.75,15.829898834228516,False
2025-10-25 10:00:00,LLA,43.0,43.71741,33.083332,33.083333333333336,15.829898834228516,False
2025-10-25 11:00:00,LLA,63.0,63.46104,45.083332,45.083333333333336,15.829898834228516,False
2025-10-25 13:00:00,LLA,83.0,81.40195,54.166668,54.166666666666664,15.829898834228516,False
2025-10-25 14:00:00,LLA,85.0,82.883224,54.0,54.0,15.829898834228516,False
2025-10-25 15:00:00,LLA,85.0,74.469986,48.307693,48.30769230769231,15.829898834228516,False
2025-10-25 16:00:00,LLA,71.0,66.89526,43.76923,43.76923076923077,15.829898834228516,False
2025-10-25 17:00:00,LLA,53.0,57.696083,34.46154,34.46153846153846,15.829898834228516,False
2025-10-25 18:00:00,LLA,31.0,39.913452,21.76923,21.76923076923077,15.829898834228516,False
2025-10-25 19:00:00,LLA,36.0,30.114813,14.615385,14.615384615384615,15.829898834228516,False
2025-10-25 20:00:00,LLA,28.0,25.9734,11.666667,11.666666666666666,15.829898834228516,False
2025-10-25 21:00:00,LLA,21.0,23.394844,10.25,10.25,15.829898834228516,False
2025-10-25 22:00:00,LLA,4.0,20.475786,10.166667,10.166666666666666,15.829898834228516,True
2025-10-25 23:00:00,LLA,1.0,19.495222,12.333333,12.333333333333334,15.829898834228516,True
2025-10-26 03:00:00,LLA,1.0,10.760712,6.3333335,6.333333333333333,15.829898834228516,False
2025-10-26 04:00:00,LLA,1.0,7.142064,4.5833335,4.583333333333333,15.829898834228516,False
2025-10-26 05:00:00,LLA,1.0,4.8711886,1.4166666,1.4166666666666667,15.829898834228516,False
2025-10-26 06:00:00,LLA,1.0,4.9534626,1.0,1.0,15.829898834228516,False
2025-10-26 07:00:00,LLA,3.0,8.20986,3.4166667,3.4166666666666665,15.829898834228516,False
2025-10-26 08:00:00,LLA,8.0,15.848574,9.666667,9.666666666666666,15.829898834228516,False
2025-10-26 09:00:00,LLA,26.0,27.814133,19.25,19.25,15.829898834228516,False
2025-10-26 10:00:00,LLA,51.0,49.53549,35.083332,35.083333333333336,15.829898834228516,False
2025-10-26 11:00:00,LLA,73.0,70.68965,48.25,48.25,15.829898834228516,False
2025-10-26 12:00:00,LLA,75.0,80.45328,52.272728,52.27272727272727,15.829898834228516,False
2025-10-26 13:00:00,LLA,81.0,86.05373,58.166668,58.166666666666664,15.829898834228516,False
2025-10-26 14:00:00,LLA,75.0,87.3267,58.0,58.0,15.829898834228516,False
2025-10-26 15:00:00,LLA,75.0,77.97096,52.23077,52.23076923076923,15.829898834228516,False
2025-10-26 16:00:00,LLA,58.0,72.19223,47.384617,47.38461538461539,15.829898834228516,False
2025-10-26 17:00:00,LLA,42.0,60.280617,37.076923,37.07692307692308,15.829898834228516,True
2025-10-26 18:00:00,LLA,35.0,40.934624,23.307692,23.307692307692307,15.829898834228516,False
2025-10-26 19:00:00,LLA,31.0,30.914314,16.538462,16.53846153846154,15.829898834228516,False
2025-10-26 20:00:00,LLA,27.0,27.34103,13.0,13.0,15.829898834228516,False
2025-10-26 21:00:00,LLA,24.0,23.766575,11.0,11.0,15.829898834228516,False
2025-10-26 22:00:00,LLA,6.0,20.131212,10.166667,10.166666666666666,15.829898834228516,False
2025-10-26 23:00:00,LLA,10.0,17.270504,11.666667,11.666666666666666,15.829898834228516,False
2025-10-27 00:00:00,LLA,1.0,12.857126,7.9,7.9,15.829898834228516,False
2025-10-27 01:00:00,LLA,3.0,12.14773,6.6,6.6,15.829898834228516,False
2025-10-27 02:00:00,LLA,5.0,11.814545,6.4,6.4,15.829898834228516,False
2025-10-27 03:00:00,LLA,1.0,10.408787,5.6666665,5.666666666666667,15.829898834228516,False
2025-10-27 04:00:00,LLA,0.0,9.190007,4.25,4.25,15.829898834228516,False
2025-10-27 05:00:00,LLA,0.0,6.582809,1.25,1.25,15.829898834228516,False
2025-10-27 06:00:00,LLA,0.0,6.1788535,0.9166667,0.9166666666666666,15.829898834228516,False
2025-10-27 07:00:00,LLA,1.0,8.927962,3.0833333,3.0833333333333335,15.829898834228516,False
2025-10-27 08:00:00,LLA,4.0,15.071316,9.083333,9.083333333333334,15.829898834228516,False
2025-10-27 09:00:00,LLA,18.0,25.259972,19.25,19.25,15.829898834228516,False
2025-10-27 10:00:00,LLA,41.0,42.39415,35.583332,35.583333333333336,15.829898834228516,False
2025-10-27 11:00:00,LLA,49.0,62.346664,50.083332,50.083333333333336,15.829898834228516,False
2025-10-27 12:00:00,LLA,54.0,73.11579,54.727272,54.72727272727273,15.829898834228516,True
2025-10-27 13:00:00,LLA,58.0,83.99388,60.75,60.75,15.829898834228516,True
2025-10-27 14:00:00,LLA,65.0,83.22078,60.0,60.0,15.829898834228516,True
2025-10-27 15:00:00,LLA,59.0,82.79526,54.46154,54.46153846153846,15.829898834228516,True
2025-10-27 16:00:00,LLA,50.0,76.68738,48.692307,48.69230769230769,15.829898834228516,True
2025-10-27 17:00:00,LLA,45.0,61.37378,37.846153,37.84615384615385,15.829898834228516,True
2025-10-27 18:00:00,LLA,26.0,43.325478,25.0,25.0,15.829898834228516,True
2025-10-27 19:00:00,LLA,27.0,31.15419,18.384615,18.384615384615383,15.829898834228516,False
2025-10-27 20:00:00,LLA,23.0,23.772026,14.916667,14.916666666666666,15.829898834228516,False
2025-10-27 21:00:00,LLA,9.0,19.78973,12.75,12.75,15.829898834228516,False
2025-10-27 22:00:00,LLA,4.0,15.189697,10.416667,10.416666666666666,15.829898834228516,False
2025-10-27 23:00:00,LLA,1.0,13.554932,12.166667,12.166666666666666,15.829898834228516,False
2025-10-28 00:00:00,LLA,2.0,8.852266,8.0,8.0,15.829898834228516,False
2025-10-28 01:00:00,LLA,1.0,6.9441595,6.9,6.9,15.829898834228516,False
2025-10-28 02:00:00,LLA,1.0,7.1322575,6.9,6.9,15.829898834228516,False
2025-10-28 03:00:00,LLA,2.0,6.2503195,5.75,5.75,15.829898834228516,False
2025-10-28 04:00:00,LLA,1.0,4.711562,4.25,4.25,15.829898834228516,False
2025-10-28 05:00:00,LLA,0.0,1.9664136,1.25,1.25,15.829898834228516,False
2025-10-28 06:00:00,LLA,0.0,1.8049271,0.9166667,0.9166666666666666,15.829898834228516,False
2025-10-28 07:00:00,LLA,1.0,4.218199,2.9166667,2.9166666666666665,15.829898834228516,False
2025-10-28 08:00:00,LLA,5.0,11.139049,8.833333,8.833333333333334,15.829898834228516,False
2025-10-28 09:00:00,LLA,17.0,23.876835,19.5,19.5,15.829898834228516,False
2025-10-28 10:00:00,LLA,34.0,45.401985,36.583332,36.583333333333336,15.829898834228516,False
2025-10-28 11:00:00,LLA,47.0,67.742004,50.583332,50.583333333333336,15.829898834228516,True
2025-10-28 12:00:00,LLA,52.0,79.32981,55.18182,55.18181818181818,15.829898834228516,True
2025-10-28 13:00:00,LLA,45.0,88.80589,60.916668,60.916666666666664,15.829898834228516,True
2025-10-28 14:00:00,LLA,52.0,89.937485,61.0,61.0,15.829898834228516,True
2025-10-28 15:00:00,LLA,54.0,87.31596,56.153847,56.15384615384615,15.829898834228516,True
2025-10-28 16:00:00,LLA,48.0,81.36201,50.0,50.0,15.829898834228516,True
2025-10-28 17:00:00,LLA,31.0,69.12657,39.692307,39.69230769230769,15.829898834228516,True
2025-10-28 18:00:00,LLA,21.0,49.00488,26.307692,26.307692307692307,15.829898834228516,True
2025-10-28 19:00:00,LLA,31.0,34.897945,19.846153,19.846153846153847,15.829898834228516,False
2025-10-28 20:00:00,LLA,31.0,27.87739,16.333334,16.333333333333332,15.829898834228516,False
2025-10-28 21:00:00,LLA,18.0,23.197563,13.083333,13.083333333333334,15.829898834228516,False
2025-10-28 22:00:00,LLA,5.0,17.904291,10.083333,10.083333333333334,15.829898834228516,False
2025-10-28 23:00:00,LLA,15.0,14.979087,11.5,11.5,15.829898834228516,False
2025-10-29 00:00:00,LLA,21.0,8.814285,7.4545455,7.454545454545454,15.829898834228516,False
2025-10-29 01:00:00,LLA,8.0,8.428468,6.3636365,6.363636363636363,15.829898834228516,False
2025-10-29 02:00:00,LLA,1.0,8.295463,6.3636365,6.363636363636363,15.829898834228516,False
2025-10-29 03:00:00,LLA,1.0,7.680359,5.8333335,5.833333333333333,15.829898834228516,False
2025-10-29 04:00:00,LLA,1.0,6.336244,4.1666665,4.166666666666667,15.829898834228516,False
2025-10-29 05:00:00,LLA,0.0,4.4008117,1.1666666,1.1666666666666667,15.829898834228516,False
2025-10-29 06:00:00,LLA,1.0,4.9704485,0.9166667,0.9166666666666666,15.829898834228516,False
2025-10-29 07:00:00,LLA,5.0,6.864832,2.8333333,2.8333333333333335,15.829898834228516,False
2025-10-29 08:00:00,LLA,32.0,13.509139,8.583333,8.583333333333334,15.829898834228516,True
2025-10-29 09:00:00,LLA,36.0,31.0417,19.25,19.25,15.829898834228516,False
2025-10-29 10:00:00,LLA,44.0,56.53622,36.583332,36.583333333333336,15.829898834228516,False
2025-10-29 11:00:00,LLA,46.0,72.486916,51.416668,51.416666666666664,15.829898834228516,True
2025-10-29 12:00:00,LLA,47.0,76.558235,55.81818,55.81818181818182,15.829898834228516,True
2025-10-29 13:00:00,LLA,47.0,81.31536,60.333332,60.333333333333336,15.829898834228516,True
2025-10-29 14:00:00,LLA,49.0,81.96951,61.153847,61.15384615384615,15.829898834228516,True
2025-10-29 15:00:00,LLA,48.0,79.81712,57.076923,57.07692307692308,15.829898834228516,True
2025-10-29 16:00:00,LLA,43.0,74.12635,50.692307,50.69230769230769,15.829898834228516,True
2025-10-29 17:00:00,LLA,24.0,61.607925,39.615383,39.61538461538461,15.829898834228516,True
2025-10-29 18:00:00,LLA,12.0,42.39486,25.615385,25.615384615384617,15.829898834228516,True
2025-10-29 19:00:00,LLA,12.0,32.259594,20.76923,20.76923076923077,15.829898834228516,True
2025-10-29 20:00:00,LLA,11.0,25.639389,17.75,17.75,15.829898834228516,False
2025-10-29 21:00:00,LLA,10.0,19.49673,13.333333,13.333333333333334,15.829898834228516,False
2025-10-29 22:00:00,LLA,3.0,13.69841,9.166667,9.166666666666666,15.829898834228516,False
2025-10-29 23:00:00,LLA,1.0,13.334923,11.166667,11.166666666666666,15.829898834228516,False
2025-10-30 00:00:00,LLA,3.0,8.96744,7.7272725,7.7272727272727275,15.829898834228516,False
2025-10-30 01:00:00,LLA,3.0,6.6688013,5.3636365,5.363636363636363,15.829898834228516,False
2025-10-30 02:00:00,LLA,2.0,5.744424,4.090909,4.090909090909091,15.829898834228516,False
2025-10-30 03:00:00,LLA,1.0,5.7640533,3.8333333,3.8333333333333335,15.829898834228516,False
2025-10-30 04:00:00,LLA,1.0,5.1199265,2.9166667,2.9166666666666665,15.829898834228516,False
2025-10-30 05:00:00,LLA,0.0,3.2905023,1.0,1.0,15.829898834228516,False
2025-10-30 06:00:00,LLA,0.0,3.4620461,0.9166667,0.9166666666666666,15.829898834228516,False
2025-10-30 07:00:00,LLA,1.0,5.2237887,2.4166667,2.4166666666666665,15.829898834228516,False
2025-10-30 08:00:00,LLA,4.0,12.500177,9.666667,9.666666666666666,15.829898834228516,False
2025-10-30 09:00:00,LLA,9.0,24.15221,19.666666,19.666666666666668,15.829898834228516,False
2025-10-30 10:00:00,LLA,16.0,42.752357,37.0,37.0,15.829898834228516,True
2025-10-30 11:00:00,LLA,44.0,63.140224,51.583332,51.583333333333336,15.829898834228516,True
2025-10-30 12:00:00,LLA,63.0,78.752914,55.545456,55.54545454545455,15.829898834228516,False
2025-10-30 13:00:00,LLA,74.0,89.284164,60.083332,60.083333333333336,15.829898834228516,False
2025-10-30 14:00:00,LLA,76.0,93.64241,61.46154,61.46153846153846,15.829898834228516,True
2025-10-30 15:00:00,LLA,76.0,93.239334,57.46154,57.46153846153846,15.829898834228516,True
2025-10-30 16:00:00,LLA,70.0,84.78023,51.0,51.0,15.829898834228516,False
2025-10-30 17:00:00,LLA,53.0,72.10487,38.76923,38.76923076923077,15.829898834228516,True
2025-10-30 18:00:00,LLA,16.0,54.56327,24.307692,24.307692307692307,15.829898834228516,True
2025-10-30 19:00:00,LLA,20.0,40.879143,20.23077,20.23076923076923,15.829898834228516,True
2025-10-30 20:00:00,LLA,7.0,31.734726,18.0,18.0,15.829898834228516,True
2025-10-30 21:00:00,LLA,5.0,23.244123,13.5,13.5,15.829898834228516,True
2025-10-30 22:00:00,LLA,4.0,13.965728,8.666667,8.666666666666666,15.829898834228516,False
2025-10-30 23:00:00,LLA,4.0,12.621422,9.833333,9.833333333333334,15.829898834228516,False
2025-10-31 00:00:00,LLA,1.0,8.710862,6.2727275,6.2727272727272725,15.829898834228516,False
2025-10-31 01:00:00,LLA,1.0,6.8512144,5.2727275,5.2727272727272725,15.829898834228516,False
2025-10-31 02:00:00,LLA,1.0,5.5090647,3.7272727,3.727272727272727,15.829898834228516,False
2025-10-31 03:00:00,LLA,1.0,5.6262803,3.5,3.5,15.829898834228516,False
2025-10-31 04:00:00,LLA,1.0,5.2058864,3.0,3.0,15.829898834228516,False
2025-10-31 05:00:00,LLA,1.0,3.4308102,1.0,1.0,15.829898834228516,False
2025-10-31 06:00:00,LLA,1.0,3.8870237,0.9166667,0.9166666666666666,15.829898834228516,False
2025-10-31 07:00:00,LLA,2.0,5.8572454,2.4166667,2.4166666666666665,15.829898834228516,False
2025-10-31 08:00:00,LLA,7.0,13.93976,9.666667,9.666666666666666,15.829898834228516,False
2025-10-31 09:00:00,LLA,13.0,24.910439,19.416666,19.416666666666668,15.829898834228516,False
2025-10-31 10:00:00,LLA,27.0,45.996185,36.333332,36.333333333333336,15.829898834228516,True
2025-10-31 11:00:00,LLA,50.0,69.32161,51.25,51.25,15.829898834228516,True
2025-10-31 12:00:00,LLA,58.0,81.93587,55.272728,55.27272727272727,15.829898834228516,True
2025-10-31 13:00:00,LLA,69.0,90.75059,60.75,60.75,15.829898834228516,True
2025-10-31 14:00:00,LLA,72.0,93.20499,61.76923,61.76923076923077,15.829898834228516,True
2025-10-31 15:00:00,LLA,67.0,90.04957,56.76923,56.76923076923077,15.829898834228516,True
2025-10-31 16:00:00,LLA,60.0,81.88864,50.153847,50.15384615384615,15.829898834228516,True
2025-10-31 17:00:00,LLA,44.0,67.368195,38.0,38.0,15.829898834228516,True
2025-10-31 18:00:00,LLA,12.0,49.73761,22.692308,22.692307692307693,15.829898834228516,True
2025-10-31 19:00:00,LLA,27.0,38.5987,19.615385,19.615384615384617,15.829898834228516,False
2025-10-31 20:00:00,LLA,20.0,28.826187,16.416666,16.416666666666668,15.829898834228516,False
2025-10-31 21:00:00,LLA,8.0,19.133543,12.0,12.0,15.829898834228516,False
2025-10-31 22:00:00,LLA,5.0,11.646063,7.1666665,7.166666666666667,15.829898834228516,False
2025-10-31 23:00:00,LLA,2.0,9.858764,8.25,8.25,15.829898834228516,False
2025-11-01 03:00:00,LLA,1.0,6.784324,3.5833333,3.5833333333333335,15.829898834228516,False
2025-11-01 04:00:00,LLA,1.0,4.0188656,3.0833333,3.0833333333333335,15.829898834228516,False
2025-11-01 05:00:00,LLA,1.0,2.2145472,1.0833334,1.0833333333333333,15.829898834228516,False
2025-11-01 06:00:00,LLA,1.0,2.3925774,0.9166667,0.9166666666666666,15.829898834228516,False
2025-11-01 07:00:00,LLA,2.0,4.0595264,2.5,2.5,15.829898834228516,False
2025-11-01 08:00:00,LLA,4.0,12.165237,9.666667,9.666666666666666,15.829898834228516,False
2025-11-01 09:00:00,LLA,12.0,22.434801,18.5,18.5,15.829898834228516,False
2025-11-01 10:00:00,LLA,43.0,42.990494,34.5,34.5,15.829898834228516,False
2025-11-01 11:00:00,LLA,64.0,67.854485,50.416668,50.416666666666664,15.829898834228516,False
2025-11-01 12:00:00,LLA,77.0,79.20499,54.18182,54.18181818181818,15.829898834228516,False
2025-11-01 13:00:00,LLA,74.0,90.89331,60.0,60.0,15.829898834228516,True
2025-11-01 14:00:00,LLA,70.0,93.343285,61.153847,61.15384615384615,15.829898834228516,True
2025-11-01 15:00:00,LLA,59.0,86.25717,56.307693,56.30769230769231,15.829898834228516,True
2025-11-01 16:00:00,LLA,55.0,77.89166,50.0,50.0,15.829898834228516,True
2025-11-01 17:00:00,LLA,38.0,61.733696,37.692307,37.69230769230769,15.829898834228516,True
2025-11-01 18:00:00,LLA,24.0,43.60332,20.076923,20.076923076923077,15.829898834228516,True
2025-11-01 19:00:00,LLA,30.0,39.356796,19.153847,19.153846153846153,15.829898834228516,False
2025-11-01 20:00:00,LLA,35.0,34.216984,15.416667,15.416666666666666,15.829898834228516,False
2025-11-01 21:00:00,LLA,5.0,25.041666,11.166667,11.166666666666666,15.829898834228516,True
2025-11-01 22:00:00,LLA,3.0,16.446804,6.5833335,6.583333333333333,15.829898834228516,False
2025-11-01 23:00:00,LLA,2.0,12.406552,7.3333335,7.333333333333333,15.829898834228516,False
2025-11-02 00:00:00,LLA,1.0,9.51625,5.7,5.7,15.829898834228516,False
2025-11-02 01:00:00,LLA,0.0,7.263353,4.5,4.5,15.829898834228516,False
2025-11-02 02:00:00,LLA,1.0,5.891047,3.5,3.5,15.829898834228516,False
2025-11-02 03:00:00,LLA,1.0,4.8844476,2.9166667,2.9166666666666665,15.829898834228516,False
2025-11-02 04:00:00,LLA,1.0,4.2251554,2.3333333,2.3333333333333335,15.829898834228516,False
2025-11-02 05:00:00,LLA,1.0,3.4220734,1.0,1.0,15.829898834228516,False
2025-11-02 06:00:00,LLA,2.0,3.7039852,0.9166667,0.9166666666666666,15.829898834228516,False
2025-11-02 07:00:00,LLA,19.0,5.878274,2.5,2.5,15.829898834228516,False
2025-11-02 08:00:00,LLA,30.0,15.463977,9.333333,9.333333333333334,15.829898834228516,False
2025-11-02 09:00:00,LLA,37.0,29.48215,17.833334,17.833333333333332,15.829898834228516,False
2025-11-02 10:00:00,LLA,45.0,50.962646,34.25,34.25,15.829898834228516,False
2025-11-02 11:00:00,LLA,47.0,70.21536,50.0,50.0,15.829898834228516,True
2025-11-02 12:00:00,LLA,49.0,76.23094,55.090908,55.09090909090909,15.829898834228516,True
2025-11-02 13:00:00,LLA,54.0,80.94239,60.333332,60.333333333333336,15.829898834228516,True
2025-11-02 14:00:00,LLA,52.0,84.25074,61.153847,61.15384615384615,15.829898834228516,True
2025-11-02 15:00:00,LLA,50.0,81.46178,58.384617,58.38461538461539,15.829898834228516,True
2025-11-02 16:00:00,LLA,46.0,77.13691,52.23077,52.23076923076923,15.829898834228516,True
2025-11-02 17:00:00,LLA,37.0,59.165825,38.692307,38.69230769230769,15.829898834228516,True
2025-11-02 18:00:00,LLA,26.0,39.34362,20.461538,20.46153846153846,15.829898834228516,False
2025-11-02 19:00:00,LLA,23.0,37.13302,20.615385,20.615384615384617,15.829898834228516,False
2025-11-02 20:00:00,LLA,18.0,31.589085,16.923077,16.923076923076923,15.829898834228516,False
2025-11-02 21:00:00,LLA,20.0,23.902805,10.692307,10.692307692307692,15.829898834228516,False
2025-11-02 22:00:00,LLA,17.0,20.039814,6.3076925,6.3076923076923075,15.829898834228516,False
2025-11-02 23:00:00,LLA,20.0,19.568874,6.923077,6.923076923076923,15.829898834228516,False
2025-11-03 00:00:00,LLA,22.0,16.679998,5.2727275,5.2727272727272725,15.829898834228516,False
2025-11-03 01:00:00,LLA,22.0,13.613199,4.090909,4.090909090909091,15.829898834228516,False
2025-11-03 02:00:00,LLA,16.0,12.063491,3.2727273,3.272727272727273,15.829898834228516,False
2025-11-03 03:00:00,LLA,22.0,10.53266,2.7692308,2.769230769230769,15.829898834228516,False
2025-11-03 04:00:00,LLA,24.0,8.679121,2.2307692,2.230769230769231,15.829898834228516,False
2025-11-03 05:00:00,LLA,13.0,6.8750925,1.0,1.0,15.829898834228516,False
2025-11-03 06:00:00,LLA,7.0,5.722304,1.0,1.0,15.829898834228516,False
2025-11-03 07:00:00,LLA,10.0,8.805822,3.7692308,3.769230769230769,15.829898834228516,False
2025-11-03 08:00:00,LLA,17.0,15.840393,10.923077,10.923076923076923,15.829898834228516,False
2025-11-03 09:00:00,LLA,29.0,25.54348,19.307692,19.307692307692307,15.829898834228516,False
2025-11-03 10:00:00,LLA,36.0,43.274494,35.076923,35.07692307692308,15.829898834228516,False
2025-11-03 11:00:00,LLA,43.0,60.334736,49.76923,49.76923076923077,15.829898834228516,True
2025-11-03 12:00:00,LLA,51.0,66.822914,54.583332,54.583333333333336,15.829898834228516,False
2025-11-03 13:00:00,LLA,57.0,68.71406,59.846153,59.84615384615385,15.829898834228516,False
2025-11-03 14:00:00,LLA,66.0,71.64504,60.5,60.5,15.829898834228516,False
2025-11-03 15:00:00,LLA,61.0,69.735535,57.785713,57.785714285714285,15.829898834228516,False
2025-11-03 16:00:00,LLA,50.0,70.08617,51.785713,51.785714285714285,15.829898834228516,True
2025-11-03 17:00:00,LLA,36.0,59.049732,38.57143,38.57142857142857,15.829898834228516,True
2025-11-03 18:00:00,LLA,21.0,39.894386,20.857143,20.857142857142858,15.829898834228516,True
2025-11-03 19:00:00,LLA,19.0,34.616703,20.785715,20.785714285714285,15.829898834228516,False
2025-11-03 20:00:00,LLA,15.0,28.343628,17.0,17.0,15.829898834228516,False
2025-11-03 21:00:00,LLA,17.0,24.282185,11.357142,11.357142857142858,15.829898834228516,False
2025-11-03 22:00:00,LLA,16.0,20.418325,7.071429,7.071428571428571,15.829898834228516,False
2025-11-03 23:00:00,LLA,15.0,19.749372,7.857143,7.857142857142857,15.829898834228516,False
2025-11-04 00:00:00,LLA,18.0,16.901428,6.6666665,6.666666666666667,15.829898834228516,False
2025-11-04 01:00:00,LLA,22.0,14.59865,5.5833335,5.583333333333333,15.829898834228516,False
2025-11-04 02:00:00,LLA,19.0,12.205862,4.3333335,4.333333333333333,15.829898834228516,False
2025-11-04 03:00:00,LLA,2.0,11.066709,4.142857,4.142857142857143,15.829898834228516,False
2025-11-04 04:00:00,LLA,1.0,9.466622,3.7857144,3.7857142857142856,15.829898834228516,False
2025-11-04 05:00:00,LLA,1.0,6.610616,1.8571428,1.8571428571428572,15.829898834228516,False
2025-11-04 06:00:00,LLA,2.0,5.2629137,1.4285715,1.4285714285714286,15.829898834228516,False
2025-11-04 07:00:00,LLA,7.0,8.106751,4.214286,4.214285714285714,15.829898834228516,False
2025-11-04 08:00:00,LLA,8.0,15.8247,11.357142,11.357142857142858,15.829898834228516,False
2025-11-04 09:00:00,LLA,12.0,25.767464,20.0,20.0,15.829898834228516,False
2025-11-04 10:00:00,LLA,26.0,43.52652,35.142857,35.142857142857146,15.829898834228516,True
2025-11-04 11:00:00,LLA,39.0,61.262764,49.285713,49.285714285714285,15.829898834228516,True
2025-11-04 12:00:00,LLA,56.0,71.98314,54.307693,54.30769230769231,15.829898834228516,True
2025-11-04 13:00:00,LLA,66.0,82.57771,59.642857,59.642857142857146,15.829898834228516,True
2025-11-04 14:00:00,LLA,74.0,90.89983,62.57143,62.57142857142857,15.829898834228516,True
2025-11-04 15:00:00,LLA,78.0,94.57384,59.07143,59.07142857142857,15.829898834228516,True
2025-11-04 16:00:00,LLA,80.0,88.121735,52.5,52.5,15.829898834228516,False
2025-11-04 17:00:00,LLA,56.0,71.92511,38.57143,38.57142857142857,15.829898834228516,True
2025-11-04 18:00:00,LLA,26.0,48.42984,20.214285,20.214285714285715,15.829898834228516,True
2025-11-04 19:00:00,LLA,27.0,41.70035,20.642857,20.642857142857142,15.829898834228516,False
2025-11-04 20:00:00,LLA,14.0,32.025658,17.5,17.5,15.829898834228516,True
2025-11-04 21:00:00,LLA,10.0,21.934042,11.642858,11.642857142857142,15.829898834228516,False
2025-11-04 22:00:00,LLA,11.0,15.30632,7.428571,7.428571428571429,15.829898834228516,False
2025-11-04 23:00:00,LLA,11.0,16.285694,7.857143,7.857142857142857,15.829898834228516,False
2025-11-05 00:00:00,LLA,14.0,16.616621,7.9166665,7.916666666666667,15.829898834228516,False
2025-11-05 01:00:00,LLA,12.0,13.682491,7.3333335,7.333333333333333,15.829898834228516,False
2025-11-05 02:00:00,LLA,12.0,11.533699,5.9166665,5.916666666666667,15.829898834228516,False
2025-11-05 03:00:00,LLA,5.0,9.611446,4.214286,4.214285714285714,15.829898834228516,False
2025-11-05 04:00:00,LLA,7.0,9.159009,3.7857144,3.7857142857142856,15.829898834228516,False
2025-11-05 05:00:00,LLA,5.0,7.216537,1.8571428,1.8571428571428572,15.829898834228516,False
2025-11-05 06:00:00,LLA,4.0,6.010708,1.5,1.5,15.829898834228516,False
2025-11-05 07:00:00,LLA,2.0,9.2684,4.571429,4.571428571428571,15.829898834228516,False
2025-11-05 08:00:00,LLA,6.0,16.535448,11.5,11.5,15.829898834228516,False
2025-11-05 09:00:00,LLA,13.0,26.4581,19.928572,19.928571428571427,15.829898834228516,False
2025-11-05 10:00:00,LLA,25.0,44.418076,34.714287,34.714285714285715,15.829898834228516,True
2025-11-05 11:00:00,LLA,40.0,62.85909,48.92857,48.92857142857143,15.829898834228516,True
2025-11-05 12:00:00,LLA,59.0,76.749695,55.0,55.0,15.829898834228516,True
2025-11-05 13:00:00,LLA,67.0,91.53203,60.92857,60.92857142857143,15.829898834228516,True
2025-11-05 14:00:00,LLA,69.0,96.21975,63.57143,63.57142857142857,15.829898834228516,True
2025-11-05 15:00:00,LLA,65.0,94.23725,61.92857,61.92857142857143,15.829898834228516,True
2025-11-05 16:00:00,LLA,59.0,86.60298,56.0,56.0,15.829898834228516,True
2025-11-05 17:00:00,LLA,40.0,67.85262,40.5,40.5,15.829898834228516,True
2025-11-05 18:00:00,LLA,24.0,44.72003,21.0,21.0,15.829898834228516,True
2025-11-05 19:00:00,LLA,30.0,38.835854,22.0,22.0,15.829898834228516,False
2025-11-05 20:00:00,LLA,17.0,31.885372,17.928572,17.928571428571427,15.829898834228516,False
2025-11-05 21:00:00,LLA,11.0,21.881048,11.857142,11.857142857142858,15.829898834228516,False
2025-11-05 22:00:00,LLA,9.0,14.93988,7.571429,7.571428571428571,15.829898834228516,False
2025-11-05 23:00:00,LLA,4.0,13.666317,7.785714,7.785714285714286,15.829898834228516,False
2025-11-06 00:00:00,LLA,9.0,13.3173275,7.75,7.75,15.829898834228516,False
2025-11-06 01:00:00,LLA,1.0,11.917746,7.0833335,7.083333333333333,15.829898834228516,False
2025-11-06 02:00:00,LLA,1.0,9.914892,5.8333335,5.833333333333333,15.829898834228516,False
2025-11-06 03:00:00,LLA,1.0,7.1109376,3.642857,3.642857142857143,15.829898834228516,False
2025-11-06 04:00:00,LLA,1.0,6.886901,3.642857,3.642857142857143,15.829898834228516,False
2025-11-06 05:00:00,LLA,1.0,4.4712834,1.8571428,1.8571428571428572,15.829898834228516,False
2025-11-06 06:00:00,LLA,1.0,4.038988,1.5714285,1.5714285714285714,15.829898834228516,False
2025-11-06 07:00:00,LLA,2.0,7.222643,4.214286,4.214285714285714,15.829898834228516,False
2025-11-06 08:00:00,LLA,4.0,14.740436,10.785714,10.785714285714286,15.829898834228516,False
2025-11-06 09:00:00,LLA,15.0,25.27033,19.428572,19.428571428571427,15.829898834228516,False
2025-11-06 10:00:00,LLA,33.0,43.76201,34.642857,34.642857142857146,15.829898834228516,False
2025-11-06 11:00:00,LLA,43.0,64.976654,49.857143,49.857142857142854,15.829898834228516,True
2025-11-06 12:00:00,LLA,66.0,78.93787,57.384617,57.38461538461539,15.829898834228516,False
2025-11-06 13:00:00,LLA,77.0,95.25517,63.42857,63.42857142857143,15.829898834228516,True
2025-11-06 14:00:00,LLA,84.0,101.6134,66.21429,66.21428571428571,15.829898834228516,True
2025-11-06 15:00:00,LLA,83.0,100.47029,64.5,64.5,15.829898834228516,True
2025-11-06 16:00:00,LLA,84.0,94.29968,58.07143,58.07142857142857,15.829898834228516,False
2025-11-06 17:00:00,LLA,50.0,75.27492,41.5,41.5,15.829898834228516,True
2025-11-06 18:00:00,LLA,14.0,51.01242,21.571428,21.571428571428573,15.829898834228516,True
2025-11-06 19:00:00,LLA,11.0,33.575386,23.214285,23.214285714285715,15.829898834228516,True
2025-11-06 20:00:00,LLA,18.0,28.235294,18.357143,18.357142857142858,15.829898834228516,False
2025-11-06 21:00:00,LLA,3.0,19.476027,12.214286,12.214285714285714,15.829898834228516,True
2025-11-06 22:00:00,LLA,10.0,11.737295,7.5,7.5,15.829898834228516,False
2025-11-06 23:00:00,LLA,10.0,14.175747,7.714286,7.714285714285714,15.829898834228516,False
2025-11-07 03:00:00,LLA,1.0,6.6812096,2.9285715,2.9285714285714284,15.829898834228516,False
2025-11-07 04:00:00,LLA,1.0,6.2367992,3.0,3.0,15.829898834228516,False
2025-11-07 05:00:00,LLA,1.0,4.746822,1.8571428,1.8571428571428572,15.829898834228516,False
2025-11-07 06:00:00,LLA,1.0,4.640436,1.5714285,1.5714285714285714,15.829898834228516,False
2025-11-07 07:00:00,LLA,2.0,8.072098,4.214286,4.214285714285714,15.829898834228516,False
2025-11-07 08:00:00,LLA,4.0,15.929365,10.214286,10.214285714285714,15.829898834228516,False
2025-11-07 09:00:00,LLA,16.0,25.591942,19.071428,19.071428571428573,15.829898834228516,False
2025-11-07 10:00:00,LLA,39.0,47.128033,35.0,35.0,15.829898834228516,False
2025-11-07 11:00:00,LLA,57.0,68.73944,50.285713,50.285714285714285,15.829898834228516,False
2025-11-07 12:00:00,LLA,74.0,83.33463,59.076923,59.07692307692308,15.829898834228516,False
2025-11-07 13:00:00,LLA,88.0,95.81348,65.35714,65.35714285714286,15.829898834228516,False
2025-11-07 14:00:00,LLA,95.0,106.37579,68.57143,68.57142857142857,15.829898834228516,False
2025-11-07 15:00:00,LLA,94.0,105.2397,66.78571,66.78571428571429,15.829898834228516,False
2025-11-07 16:00:00,LLA,86.0,98.46124,60.42857,60.42857142857143,15.829898834228516,False
2025-11-07 17:00:00,LLA,59.0,77.61393,42.785713,42.785714285714285,15.829898834228516,True
2025-11-07 18:00:00,LLA,16.0,51.374584,21.785715,21.785714285714285,15.829898834228516,True
2025-11-07 19:00:00,LLA,31.0,41.15242,23.571428,23.571428571428573,15.829898834228516,False
2025-11-07 20:00:00,LLA,14.0,36.114746,19.142857,19.142857142857142,15.829898834228516,True
2025-11-07 21:00:00,LLA,23.0,22.391815,11.785714,11.785714285714286,15.829898834228516,False
2025-11-07 22:00:00,LLA,2.0,11.416921,7.285714,7.285714285714286,15.829898834228516,False
2025-11-07 23:00:00,LLA,1.0,9.215896,7.5,7.5,15.829898834228516,False
2025-11-08 00:00:00,LLA,1.0,12.731004,8.454545,8.454545454545455,15.829898834228516,False
2025-11-08 01:00:00,LLA,1.0,9.839059,6.7272725,6.7272727272727275,15.829898834228516,False
2025-11-08 02:00:00,LLA,1.0,8.223607,5.4545455,5.454545454545454,15.829898834228516,False
2025-11-08 03:00:00,LLA,1.0,5.763213,2.9285715,2.9285714285714284,15.829898834228516,False
2025-11-08 04:00:00,LLA,1.0,6.4502907,3.0,3.0,15.829898834228516,False
2025-11-08 05:00:00,LLA,1.0,5.324822,1.8571428,1.8571428571428572,15.829898834228516,False
2025-11-08 06:00:00,LLA,1.0,4.8161516,1.5714285,1.5714285714285714,15.829898834228516,False
2025-11-08 07:00:00,LLA,1.0,7.884735,4.214286,4.214285714285714,15.829898834228516,False
2025-11-08 08:00:00,LLA,4.0,14.816101,10.142858,10.142857142857142,15.829898834228516,False
2025-11-08 09:00:00,LLA,14.0,26.257448,19.357143,19.357142857142858,15.829898834228516,False
2025-11-08 10:00:00,LLA,31.0,48.40912,35.92857,35.92857142857143,15.829898834228516,True
2025-11-08 11:00:00,LLA,62.0,72.46615,50.357143,50.357142857142854,15.829898834228516,False
2025-11-08 12:00:00,LLA,79.0,93.452415,60.076923,60.07692307692308,15.829898834228516,False
2025-11-08 13:00:00,LLA,91.0,103.952675,67.14286,67.14285714285714,15.829898834228516,False
2025-11-08 14:00:00,LLA,92.0,108.03453,70.28571,70.28571428571429,15.829898834228516,True
2025-11-08 15:00:00,LLA,98.0,105.21655,68.14286,68.14285714285714,15.829898834228516,False
2025-11-08 16:00:00,LLA,98.0,98.57939,61.42857,61.42857142857143,15.829898834228516,False
2025-11-08 17:00:00,LLA,68.0,78.28111,43.42857,43.42857142857143,15.829898834228516,False
2025-11-08 18:00:00,LLA,18.0,50.416252,21.714285,21.714285714285715,15.829898834228516,True
2025-11-08 19:00:00,LLA,8.0,41.636765,25.357143,25.357142857142858,15.829898834228516,True
2025-11-08 20:00:00,LLA,8.0,27.953491,19.857143,19.857142857142858,15.829898834228516,True
2025-11-08 21:00:00,LLA,3.0,19.293472,13.142858,13.142857142857142,15.829898834228516,True
2025-11-08 22:00:00,LLA,7.0,8.257848,7.071429,7.071428571428571,15.829898834228516,False
2025-11-08 23:00:00,LLA,2.0,6.346692,6.928571,6.928571428571429,15.829898834228516,False
2025-11-09 00:00:00,LLA,1.0,8.5095625,8.454545,8.454545454545455,15.829898834228516,False
2025-11-09 01:00:00,LLA,1.0,7.3930407,6.7272725,6.7272727272727275,15.829898834228516,False
2025-11-09 02:00:00,LLA,1.0,6.8692465,5.4545455,5.454545454545454,15.829898834228516,False
2025-11-09 03:00:00,LLA,1.0,4.949173,2.9285715,2.9285714285714284,15.829898834228516,False
2025-11-09 04:00:00,LLA,1.0,5.336506,3.0,3.0,15.829898834228516,False
2025-11-09 05:00:00,LLA,1.0,5.444987,1.8571428,1.8571428571428572,15.829898834228516,False
2025-11-09 06:00:00,LLA,1.0,5.128224,1.5714285,1.5714285714285714,15.829898834228516,False
2025-11-09 07:00:00,LLA,1.0,7.8818636,4.142857,4.142857142857143,15.829898834228516,False
2025-11-09 08:00:00,LLA,5.0,14.726119,9.785714,9.785714285714286,15.829898834228516,False
2025-11-09 09:00:00,LLA,22.0,27.048672,19.071428,19.071428571428573,15.829898834228516,False
2025-11-09 10:00:00,LLA,45.0,48.26413,35.07143,35.07142857142857,15.829898834228516,False
2025-11-09 11:00:00,LLA,63.0,71.23357,50.285713,50.285714285714285,15.829898834228516,False
2025-11-09 12:00:00,LLA,77.0,91.80319,61.42857,61.42857142857143,15.829898834228516,False
2025-11-09 13:00:00,LLA,64.0,103.61049,67.71429,67.71428571428571,15.829898834228516,True
2025-11-09 14:00:00,LLA,54.0,104.21933,70.78571,70.78571428571429,15.829898834228516,True
2025-11-09 15:00:00,LLA,55.0,95.14848,69.07143,69.07142857142857,15.829898834228516,True
2025-11-09 16:00:00,LLA,52.0,87.49763,63.357143,63.357142857142854,15.829898834228516,True
2025-11-09 17:00:00,LLA,48.0,66.68404,44.5,44.5,15.829898834228516,True
2025-11-09 18:00:00,LLA,44.0,41.18003,20.785715,20.785714285714285,15.829898834228516,False
2025-11-09 19:00:00,LLA,34.0,44.972046,23.357143,23.357142857142858,15.829898834228516,False
2025-11-09 20:00:00,LLA,28.0,38.871788,18.428572,18.428571428571427,15.829898834228516,False
2025-11-09 21:00:00,LLA,30.0,31.100304,11.857142,11.857142857142858,15.829898834228516,False
2025-11-09 22:00:00,LLA,23.0,25.45819,7.285714,7.285714285714286,15.829898834228516,False
2025-11-09 23:00:00,LLA,24.0,24.034246,7.0,7.0,15.829898834228516,False
2025-11-10 00:00:00,LLA,27.0,23.289394,7.8333335,7.833333333333333,15.829898834228516,False
2025-11-10 01:00:00,LLA,33.0,21.563328,6.25,6.25,15.829898834228516,False
2025-11-10 02:00:00,LLA,28.0,20.810417,5.0833335,5.083333333333333,15.829898834228516,False
2025-11-10 03:00:00,LLA,17.0,18.268503,2.9285715,2.9285714285714284,15.829898834228516,False
2025-11-10 04:00:00,LLA,10.0,16.963863,3.0,3.0,15.829898834228516,False
2025-11-10 05:00:00,LLA,12.0,13.899668,1.8571428,1.8571428571428572,15.829898834228516,False
2025-11-10 06:00:00,LLA,12.0,11.760465,1.5714285,1.5714285714285714,15.829898834228516,False
2025-11-10 07:00:00,LLA,13.0,12.472553,4.0,4.0,15.829898834228516,False
2025-11-10 08:00:00,LLA,9.0,18.048561,9.571428,9.571428571428571,15.829898834228516,False
2025-11-10 09:00:00,LLA,12.0,25.741337,18.785715,18.785714285714285,15.829898834228516,False
2025-11-10 10:00:00,LLA,12.0,37.92914,34.642857,34.642857142857146,15.829898834228516,True
2025-11-10 11:00:00,LLA,19.0,46.48488,49.57143,49.57142857142857,15.829898834228516,True
2025-11-10 12:00:00,LLA,21.0,56.48625,61.57143,61.57142857142857,15.829898834228516,True
2025-11-10 13:00:00,LLA,19.0,58.598675,66.5,66.5,15.829898834228516,True
2025-11-10 14:00:00,LLA,20.0,58.726498,69.28571,69.28571428571429,15.829898834228516,True
2025-11-10 15:00:00,LLA,17.0,54.031082,67.64286,67.64285714285714,15.829898834228516,True
2025-11-10 16:00:00,LLA,18.0,47.601936,62.92857,62.92857142857143,15.829898834228516,True
2025-11-10 17:00:00,LLA,10.0,32.08796,44.92857,44.92857142857143,15.829898834228516,True
2025-11-10 18:00:00,LLA,7.0,12.846053,21.428572,21.428571428571427,15.829898834228516,False
2025-11-10 19:00:00,LLA,8.0,19.380043,23.571428,23.571428571428573,15.829898834228516,False
2025-11-10 20:00:00,LLA,12.0,20.349089,18.5,18.5,15.829898834228516,False
2025-11-10 21:00:00,LLA,11.0,17.055075,12.285714,12.285714285714286,15.829898834228516,False
2025-11-10 22:00:00,LLA,13.0,14.765109,8.5,8.5,15.829898834228516,False
2025-11-10 23:00:00,LLA,15.0,13.417492,8.0,8.0,15.829898834228516,False
2025-11-11 00:00:00,LLA,21.0,16.088871,10.0,10.0,15.829898834228516,False
2025-11-11 01:00:00,LLA,21.0,15.039479,8.75,8.75,15.829898834228516,False
2025-11-11 02:00:00,LLA,10.0,12.451034,7.0,7.0,15.829898834228516,False
2025-11-11 03:00:00,LLA,4.0,9.045549,4.071429,4.071428571428571,15.829898834228516,False
2025-11-11 04:00:00,LLA,0.0,7.70197,3.7142856,3.7142857142857144,15.829898834228516,False
2025-11-11 05:00:00,LLA,1.0,5.81905,2.7142856,2.7142857142857144,15.829898834228516,False
2025-11-11 06:00:00,LLA,1.0,4.741317,2.4285715,2.4285714285714284,15.829898834228516,False
2025-11-11 07:00:00,LLA,1.0,5.6961064,4.857143,4.857142857142857,15.829898834228516,False
2025-11-11 08:00:00,LLA,2.0,8.942225,9.928572,9.928571428571429,15.829898834228516,False
2025-11-11 09:00:00,LLA,13.0,14.3936,18.357143,18.357142857142858,15.829898834228516,False
2025-11-11 10:00:00,LLA,23.0,27.456776,32.57143,32.57142857142857,15.829898834228516,False
2025-11-11 11:00:00,LLA,32.0,41.518566,47.42857,47.42857142857143,15.829898834228516,False
2025-11-11 12:00:00,LLA,45.0,51.759937,59.214287,59.214285714285715,15.829898834228516,False
2025-11-11 13:00:00,LLA,50.0,58.837753,63.714287,63.714285714285715,15.829898834228516,False
2025-11-11 14:00:00,LLA,60.0,66.52266,66.07143,66.07142857142857,15.829898834228516,False
2025-11-11 15:00:00,LLA,70.0,70.10132,64.64286,64.64285714285714,15.829898834228516,False
2025-11-11 16:00:00,LLA,59.0,77.47417,60.642857,60.642857142857146,15.829898834228516,True
2025-11-11 17:00:00,LLA,42.0,60.728935,42.42857,42.42857142857143,15.829898834228516,True
2025-11-11 18:00:00,LLA,27.0,38.33635,20.071428,20.071428571428573,15.829898834228516,False
2025-11-11 19:00:00,LLA,11.0,34.891678,22.214285,22.214285714285715,15.829898834228516,True
2025-11-11 20:00:00,LLA,5.0,23.5895,17.714285,17.714285714285715,15.829898834228516,True
2025-11-11 21:00:00,LLA,4.0,14.084944,12.428572,12.428571428571429,15.829898834228516,False
2025-11-11 22:00:00,LLA,2.0,9.477516,9.142858,9.142857142857142,15.829898834228516,False
2025-11-11 23:00:00,LLA,2.0,7.7171383,9.0,9.0,15.829898834228516,False
2025-11-12 00:00:00,LLA,1.0,9.903371,11.583333,11.583333333333334,15.829898834228516,False
2025-11-12 01:00:00,LLA,1.0,9.2982,10.416667,10.416666666666666,15.829898834228516,False
2025-11-12 02:00:00,LLA,1.0,7.4497294,7.75,7.75,15.829898834228516,False
2025-11-12 03:00:00,LLA,1.0,4.274812,4.214286,4.214285714285714,15.829898834228516,False
2025-11-12 04:00:00,LLA,1.0,4.1297474,3.642857,3.642857142857143,15.829898834228516,False
2025-11-12 05:00:00,LLA,1.0,3.4480348,2.7857144,2.7857142857142856,15.829898834228516,False
2025-11-12 06:00:00,LLA,1.0,3.5660882,2.5,2.5,15.829898834228516,False
2025-11-12 07:00:00,LLA,2.0,6.4083743,4.857143,4.857142857142857,15.829898834228516,False
2025-11-12 08:00:00,LLA,5.0,11.497653,9.714286,9.714285714285714,15.829898834228516,False
2025-11-12 09:00:00,LLA,13.0,19.267216,18.071428,18.071428571428573,15.829898834228516,False
2025-11-12 10:00:00,LLA,28.0,31.371891,31.785715,31.785714285714285,15.829898834228516,False
2025-11-12 11:00:00,LLA,54.0,44.012203,46.357143,46.357142857142854,15.829898834228516,False
2025-11-12 12:00:00,LLA,65.0,56.528282,58.714287,58.714285714285715,15.829898834228516,False
2025-11-12 13:00:00,LLA,73.0,61.93917,64.07143,64.07142857142857,15.829898834228516,False
2025-11-12 14:00:00,LLA,81.0,59.21174,66.64286,66.64285714285714,15.829898834228516,True
2025-11-12 15:00:00,LLA,77.0,60.643333,65.78571,65.78571428571429,15.829898834228516,True
2025-11-12 16:00:00,LLA,68.0,59.64306,61.42857,61.42857142857143,15.829898834228516,False
2025-11-12 17:00:00,LLA,35.0,38.405754,43.214287,43.214285714285715,15.829898834228516,False
2025-11-12 18:00:00,LLA,11.0,17.294477,20.5,20.5,15.829898834228516,False
2025-11-12 19:00:00,LLA,7.0,20.433228,20.785715,20.785714285714285,15.829898834228516,False
2025-11-12 20:00:00,LLA,12.0,19.996645,15.857142,15.857142857142858,15.829898834228516,False
2025-11-12 21:00:00,LLA,9.0,17.73623,11.428572,11.428571428571429,15.829898834228516,False
2025-11-12 22:00:00,LLA,9.0,15.81995,8.928572,8.928571428571429,15.829898834228516,False
2025-11-12 23:00:00,LLA,2.0,15.439117,8.071428,8.071428571428571,15.829898834228516,False
2025-11-13 03:00:00,LLA,1.0,9.021864,4.214286,4.214285714285714,15.829898834228516,False
2025-11-13 04:00:00,LLA,1.0,8.191461,3.642857,3.642857142857143,15.829898834228516,False
2025-11-13 05:00:00,LLA,1.0,8.162956,2.857143,2.857142857142857,15.829898834228516,False
2025-11-13 06:00:00,LLA,1.0,7.76462,2.5,2.5,15.829898834228516,False
2025-11-13 07:00:00,LLA,1.0,9.999954,4.642857,4.642857142857143,15.829898834228516,False
2025-11-13 08:00:00,LLA,3.0,12.934755,7.785714,7.785714285714286,15.829898834228516,False
2025-11-13 09:00:00,LLA,10.0,19.67698,16.428572,16.428571428571427,15.829898834228516,False
2025-11-13 10:00:00,LLA,27.0,29.095045,30.642857,30.642857142857142,15.829898834228516,False
2025-11-13 11:00:00,LLA,45.0,41.59295,46.92857,46.92857142857143,15.829898834228516,False
2025-11-13 12:00:00,LLA,55.0,53.459015,60.0,60.0,15.829898834228516,False
2025-11-13 13:00:00,LLA,64.0,57.469193,65.92857,65.92857142857143,15.829898834228516,False
2025-11-13 14:00:00,LLA,64.0,59.52338,68.92857,68.92857142857143,15.829898834228516,False
2025-11-13 15:00:00,LLA,74.0,72.507744,67.85714,67.85714285714286,15.829898834228516,False
2025-11-13 16:00:00,LLA,46.0,79.96772,63.214287,63.214285714285715,15.829898834228516,True
2025-11-13 17:00:00,LLA,23.0,53.726303,44.0,44.0,15.829898834228516,True
2025-11-13 18:00:00,LLA,8.0,21.135803,20.428572,20.428571428571427,15.829898834228516,False
2025-11-13 19:00:00,LLA,4.0,20.396862,20.428572,20.428571428571427,15.829898834228516,True
2025-11-13 20:00:00,LLA,8.0,16.017826,15.928572,15.928571428571429,15.829898834228516,False
2025-11-13 21:00:00,LLA,10.0,13.422962,11.357142,11.357142857142858,15.829898834228516,False
2025-11-13 22:00:00,LLA,8.0,12.48429,9.357142,9.357142857142858,15.829898834228516,False
2025-11-13 23:00:00,LLA,1.0,11.41992,8.142858,8.142857142857142,15.829898834228516,False
2025-11-14 00:00:00,LLA,3.0,13.395338,10.545455,10.545454545454545,15.829898834228516,False
2025-11-14 01:00:00,LLA,1.0,12.792422,10.454545,10.454545454545455,15.829898834228516,False
2025-11-14 02:00:00,LLA,1.0,10.237261,8.272727,8.272727272727273,15.829898834228516,False
2025-11-14 03:00:00,LLA,1.0,6.065327,4.214286,4.214285714285714,15.829898834228516,False
2025-11-14 04:00:00,LLA,1.0,6.0052357,3.642857,3.642857142857143,15.829898834228516,False
2025-11-14 05:00:00,LLA,1.0,5.418352,2.9285715,2.9285714285714284,15.829898834228516,False
2025-11-14 06:00:00,LLA,1.0,5.3287354,2.5714285,2.5714285714285716,15.829898834228516,False
2025-11-14 07:00:00,LLA,1.0,7.7393055,4.642857,4.642857142857143,15.829898834228516,False
2025-11-14 08:00:00,LLA,3.0,10.900051,7.714286,7.714285714285714,15.829898834228516,False
2025-11-14 09:00:00,LLA,11.0,19.683662,16.5,16.5,15.829898834228516,False
2025-11-14 10:00:00,LLA,25.0,34.04996,31.428572,31.428571428571427,15.829898834228516,False
2025-11-14 11:00:00,LLA,36.0,50.624985,47.0,47.0,15.829898834228516,False
2025-11-14 12:00:00,LLA,46.0,63.26616,59.42857,59.42857142857143,15.829898834228516,True
2025-11-14 13:00:00,LLA,53.0,68.38018,65.21429,65.21428571428571,15.829898834228516,False
2025-11-14 14:00:00,LLA,53.0,68.69314,68.07143,68.07142857142857,15.829898834228516,False
2025-11-14 15:00:00,LLA,43.0,67.495514,67.71429,67.71428571428571,15.829898834228516,True
2025-11-14 16:00:00,LLA,40.0,64.92952,61.5,61.5,15.829898834228516,True
2025-11-14 17:00:00,LLA,21.0,48.16675,41.857143,41.857142857142854,15.829898834228516,True
2025-11-14 18:00:00,LLA,5.0,26.73357,19.857143,19.857142857142858,15.829898834228516,True
2025-11-14 19:00:00,LLA,7.0,18.793783,19.285715,19.285714285714285,15.829898834228516,False
2025-11-14 20:00:00,LLA,4.0,17.025806,16.0,16.0,15.829898834228516,False
2025-11-14 21:00:00,LLA,3.0,11.977524,11.714286,11.714285714285714,15.829898834228516,False
2025-11-14 22:00:00,LLA,3.0,10.321788,9.642858,9.642857142857142,15.829898834228516,False
2025-11-14 23:00:00,LLA,3.0,7.941705,7.928571,7.928571428571429,15.829898834228516,False
2025-11-15 00:00:00,LLA,1.0,10.203893,10.727273,10.727272727272727,15.829898834228516,False
2025-11-15 01:00:00,LLA,1.0,10.018695,10.454545,10.454545454545455,15.829898834228516,False
2025-11-15 02:00:00,LLA,1.0,8.240471,8.272727,8.272727272727273,15.829898834228516,False
2025-11-15 03:00:00,LLA,1.0,4.4207883,4.214286,4.214285714285714,15.829898834228516,False
2025-11-15 04:00:00,LLA,1.0,4.176163,3.642857,3.642857142857143,15.829898834228516,False
2025-11-15 05:00:00,LLA,1.0,3.8490596,2.9285715,2.9285714285714284,15.829898834228516,False
2025-11-15 06:00:00,LLA,1.0,3.7956219,2.5714285,2.5714285714285716,15.829898834228516,False
2025-11-15 07:00:00,LLA,1.0,6.0338655,4.571429,4.571428571428571,15.829898834228516,False
2025-11-15 08:00:00,LLA,5.0,9.023248,7.428571,7.428571428571429,15.829898834228516,False
2025-11-15 09:00:00,LLA,15.0,17.488655,16.357143,16.357142857142858,15.829898834228516,False
2025-11-15 10:00:00,LLA,32.0,31.06896,31.285715,31.285714285714285,15.829898834228516,False
2025-11-15 11:00:00,LLA,45.0,44.921574,46.0,46.0,15.829898834228516,False
2025-11-15 12:00:00,LLA,55.0,57.37117,58.57143,58.57142857142857,15.829898834228516,False
2025-11-15 13:00:00,LLA,62.0,60.103912,64.07143,64.07142857142857,15.829898834228516,False
2025-11-15 14:00:00,LLA,67.0,56.07544,66.71429,66.71428571428571,15.829898834228516,False
2025-11-15 15:00:00,LLA,71.0,57.051155,66.0,66.0,15.829898834228516,False
2025-11-15 16:00:00,LLA,47.0,61.358624,60.07143,60.07142857142857,15.829898834228516,False
2025-11-15 17:00:00,LLA,28.0,46.66493,40.214287,40.214285714285715,15.829898834228516,True
2025-11-15 18:00:00,LLA,6.0,19.646128,19.357143,19.357142857142858,15.829898834228516,False
2025-11-15 19:00:00,LLA,8.0,12.655994,17.857143,17.857142857142858,15.829898834228516,False
2025-11-15 20:00:00,LLA,3.0,13.165805,14.857142,14.857142857142858,15.829898834228516,False
2025-11-15 21:00:00,LLA,1.0,9.295258,11.357142,11.357142857142858,15.829898834228516,False
2025-11-15 22:00:00,LLA,1.0,7.086134,9.5,9.5,15.829898834228516,False
2025-11-15 23:00:00,LLA,1.0,6.2637405,8.0,8.0,15.829898834228516,False
2025-11-16 00:00:00,LLA,1.0,8.465216,9.916667,9.916666666666666,15.829898834228516,False
2025-11-16 01:00:00,LLA,1.0,8.859086,9.666667,9.666666666666666,15.829898834228516,False
2025-11-16 02:00:00,LLA,1.0,7.228563,7.6666665,7.666666666666667,15.829898834228516,False
2025-11-16 03:00:00,LLA,1.0,4.1838884,4.214286,4.214285714285714,15.829898834228516,False
2025-11-16 04:00:00,LLA,1.0,4.0017805,3.642857,3.642857142857143,15.829898834228516,False
2025-11-16 05:00:00,LLA,1.0,3.5180118,2.9285715,2.9285714285714284,15.829898834228516,False
2025-11-16 06:00:00,LLA,1.0,3.4746585,2.5714285,2.5714285714285716,15.829898834228516,False
2025-11-16 07:00:00,LLA,2.0,5.9005003,4.5,4.5,15.829898834228516,False
2025-11-16 08:00:00,LLA,6.0,9.559916,7.5,7.5,15.829898834228516,False
2025-11-16 09:00:00,LLA,19.0,18.291914,16.571428,16.571428571428573,15.829898834228516,False
2025-11-16 10:00:00,LLA,48.0,31.15727,30.5,30.5,15.829898834228516,True
2025-11-16 11:00:00,LLA,59.0,44.574165,44.642857,44.642857142857146,15.829898834228516,False
2025-11-16 12:00:00,LLA,71.0,55.404015,57.0,57.0,15.829898834228516,False
2025-11-16 13:00:00,LLA,75.0,50.039062,63.214287,63.214285714285715,15.829898834228516,True
2025-11-16 14:00:00,LLA,68.0,58.892975,66.5,66.5,15.829898834228516,False
2025-11-16 15:00:00,LLA,50.0,58.317913,66.85714,66.85714285714286,15.829898834228516,False
2025-11-16 16:00:00,LLA,44.0,54.33127,59.5,59.5,15.829898834228516,False
2025-11-16 17:00:00,LLA,38.0,40.65012,39.5,39.5,15.829898834228516,False
2025-11-16 18:00:00,LLA,14.0,23.891235,18.071428,18.071428571428573,15.829898834228516,False
2025-11-16 19:00:00,LLA,2.0,20.96428,16.285715,16.285714285714285,15.829898834228516,True
2025-11-16 20:00:00,LLA,10.0,15.366185,12.571428,12.571428571428571,15.829898834228516,False
2025-11-16 21:00:00,LLA,4.0,15.501596,11.071428,11.071428571428571,15.829898834228516,False
2025-11-16 22:00:00,LLA,1.0,10.846718,9.357142,9.357142857142858,15.829898834228516,False
2025-11-16 23:00:00,LLA,0.0,8.604325,7.928571,7.928571428571429,15.829898834228516,False
2025-11-17 00:00:00,LLA,1.0,10.437829,9.916667,9.916666666666666,15.829898834228516,False
2025-11-17 01:00:00,LLA,1.0,10.326255,9.75,9.75,15.829898834228516,False
2025-11-17 02:00:00,LLA,1.0,8.407962,7.6666665,7.666666666666667,15.829898834228516,False
2025-11-17 03:00:00,LLA,1.0,5.008381,4.214286,4.214285714285714,15.829898834228516,False
2025-11-17 04:00:00,LLA,1.0,4.7305655,3.642857,3.642857142857143,15.829898834228516,False
2025-11-17 05:00:00,LLA,1.0,4.425264,2.9285715,2.9285714285714284,15.829898834228516,False
2025-11-17 06:00:00,LLA,2.0,4.441701,2.5,2.5,15.829898834228516,False
2025-11-17 07:00:00,LLA,2.0,5.345358,3.2857144,3.2857142857142856,15.829898834228516,False
2025-11-17 08:00:00,LLA,4.0,7.566146,5.785714,5.785714285714286,15.829898834228516,False
2025-11-17 09:00:00,LLA,17.0,16.811209,15.285714,15.285714285714286,15.829898834228516,False
2025-11-17 10:00:00,LLA,41.0,31.197916,30.714285,30.714285714285715,15.829898834228516,False
2025-11-17 11:00:00,LLA,63.0,41.512283,45.5,45.5,15.829898834228516,True
2025-11-17 12:00:00,LLA,64.0,59.619106,58.57143,58.57142857142857,15.829898834228516,False
2025-11-17 13:00:00,LLA,64.0,61.08513,64.71429,64.71428571428571,15.829898834228516,False
2025-11-17 14:00:00,LLA,68.0,61.96983,67.64286,67.64285714285714,15.829898834228516,False
2025-11-17 15:00:00,LLA,70.0,65.767,66.85714,66.85714285714286,15.829898834228516,False
2025-11-17 16:00:00,LLA,69.0,63.503506,59.357143,59.357142857142854,15.829898834228516,False
2025-11-19 04:00:00,LLA,1.0,4.1555285,2.0769231,2.076923076923077,15.829898834228516,False
2025-11-19 05:00:00,LLA,1.0,4.7739983,2.1538463,2.1538461538461537,15.829898834228516,False
2025-11-19 06:00:00,LLA,1.0,5.071725,2.1538463,2.1538461538461537,15.829898834228516,False
2025-11-19 07:00:00,LLA,1.0,5.784233,2.3846154,2.3846153846153846,15.829898834228516,False
2025-11-19 08:00:00,LLA,3.0,8.810974,4.6153846,4.615384615384615,15.829898834228516,False
2025-11-19 09:00:00,LLA,7.0,19.340878,14.615385,14.615384615384615,15.829898834228516,False
2025-11-19 10:00:00,LLA,27.0,35.840458,31.461538,31.46153846153846,15.829898834228516,False
2025-11-19 11:00:00,LLA,40.0,52.941204,47.53846,47.53846153846154,15.829898834228516,False
2025-11-19 12:00:00,LLA,49.0,67.43317,59.76923,59.76923076923077,15.829898834228516,True
2025-11-19 13:00:00,LLA,53.0,69.860634,65.15385,65.15384615384616,15.829898834228516,True
2025-11-19 14:00:00,LLA,51.0,70.4774,67.30769,67.3076923076923,15.829898834228516,True
2025-11-19 15:00:00,LLA,50.0,68.74279,66.69231,66.6923076923077,15.829898834228516,True
2025-11-19 16:00:00,LLA,42.0,62.211605,59.23077,59.23076923076923,15.829898834228516,True
2025-11-19 17:00:00,LLA,37.0,41.968227,38.5,38.5,15.829898834228516,False
2025-11-19 18:00:00,LLA,22.0,21.084743,16.166666,16.166666666666668,15.829898834228516,False
2025-11-19 19:00:00,LLA,8.0,17.779366,13.416667,13.416666666666666,15.829898834228516,False
2025-11-19 20:00:00,LLA,4.0,16.844528,11.583333,11.583333333333334,15.829898834228516,False
2025-11-19 21:00:00,LLA,4.0,12.867953,9.333333,9.333333333333334,15.829898834228516,False
2025-11-19 22:00:00,LLA,8.0,9.299721,7.3333335,7.333333333333333,15.829898834228516,False
2025-11-19 23:00:00,LLA,1.0,7.3550606,5.4166665,5.416666666666667,15.829898834228516,False
2025-11-20 00:00:00,LLA,1.0,7.418714,6.6,6.6,15.829898834228516,False
2025-11-20 01:00:00,LLA,6.0,6.686396,6.2,6.2,15.829898834228516,False
2025-11-20 02:00:00,LLA,7.0,5.1371937,4.6,4.6,15.829898834228516,False
2025-11-20 03:00:00,LLA,6.0,3.6155853,2.5833333,2.5833333333333335,15.829898834228516,False
2025-11-20 04:00:00,LLA,1.0,2.630736,1.6153846,1.6153846153846154,15.829898834228516,False
2025-11-20 05:00:00,LLA,1.0,3.0720682,1.8461539,1.8461538461538463,15.829898834228516,False
2025-11-20 06:00:00,LLA,1.0,3.448086,1.9230769,1.9230769230769231,15.829898834228516,False
2025-11-20 07:00:00,LLA,2.0,4.2545347,2.3076923,2.3076923076923075,15.829898834228516,False
2025-11-20 08:00:00,LLA,5.0,6.8699403,4.3846154,4.384615384615385,15.829898834228516,False
2025-11-20 09:00:00,LLA,15.0,17.778671,14.153846,14.153846153846153,15.829898834228516,False
2025-11-20 10:00:00,LLA,36.0,38.000717,31.615385,31.615384615384617,15.829898834228516,False
2025-11-20 11:00:00,LLA,57.0,53.715046,47.53846,47.53846153846154,15.829898834228516,False
2025-11-20 12:00:00,LLA,72.0,66.387,59.0,59.0,15.829898834228516,False
2025-11-20 13:00:00,LLA,72.0,72.64473,64.07692,64.07692307692308,15.829898834228516,False
2025-11-20 14:00:00,LLA,72.0,71.44553,65.92308,65.92307692307692,15.829898834228516,False
2025-11-20 15:00:00,LLA,81.0,76.67244,65.53846,65.53846153846153,15.829898834228516,False
2025-11-20 16:00:00,LLA,78.0,67.75294,57.923077,57.92307692307692,15.829898834228516,False
2025-11-20 17:00:00,LLA,61.0,46.95366,38.25,38.25,15.829898834228516,False
2025-11-20 18:00:00,LLA,20.0,25.702469,16.0,16.0,15.829898834228516,False
2025-11-20 19:00:00,LLA,34.0,11.8273325,11.583333,11.583333333333334,15.829898834228516,True
2025-11-20 20:00:00,LLA,18.0,6.2336664,10.5,10.5,15.829898834228516,False
2025-11-20 21:00:00,LLA,5.0,4.120405,8.75,8.75,15.829898834228516,False
2025-11-20 22:00:00,LLA,14.0,1.4620872,7.25,7.25,15.829898834228516,False
2025-11-20 23:00:00,LLA,7.0,1.729995,5.1666665,5.166666666666667,15.829898834228516,False
2025-11-21 00:00:00,LLA,1.0,4.398082,5.8,5.8,15.829898834228516,False
2025-11-21 01:00:00,LLA,6.0,6.714786,6.7,6.7,15.829898834228516,False
2025-11-21 02:00:00,LLA,4.0,6.6266956,5.2,5.2,15.829898834228516,False
2025-11-21 03:00:00,LLA,1.0,4.3923206,3.0,3.0,15.829898834228516,False
2025-11-21 04:00:00,LLA,2.0,3.6247613,1.6153846,1.6153846153846154,15.829898834228516,False
2025-11-21 05:00:00,LLA,2.0,4.290364,1.8461539,1.8461538461538463,15.829898834228516,False
2025-11-21 06:00:00,LLA,2.0,4.296988,1.9230769,1.9230769230769231,15.829898834228516,False
2025-11-21 07:00:00,LLA,2.0,4.8160076,2.3076923,2.3076923076923075,15.829898834228516,False
2025-11-21 08:00:00,LLA,5.0,7.6207104,4.4615383,4.461538461538462,15.829898834228516,False
2025-11-21 09:00:00,LLA,9.0,18.456154,14.153846,14.153846153846153,15.829898834228516,False
2025-11-21 10:00:00,LLA,36.0,38.739433,31.846153,31.846153846153847,15.829898834228516,False
2025-11-21 11:00:00,LLA,56.0,58.3409,48.615383,48.61538461538461,15.829898834228516,False
2025-11-21 12:00:00,LLA,69.0,70.3614,59.46154,59.46153846153846,15.829898834228516,False
2025-11-21 13:00:00,LLA,78.0,74.69558,63.692307,63.69230769230769,15.829898834228516,False
2025-11-21 14:00:00,LLA,71.0,76.77545,65.0,65.0,15.829898834228516,False
2025-11-21 15:00:00,LLA,64.0,77.85112,65.38461,65.38461538461539,15.829898834228516,False
2025-11-21 16:00:00,LLA,47.0,69.19157,57.46154,57.46153846153846,15.829898834228516,True
2025-11-21 17:00:00,LLA,46.0,49.23611,39.166668,39.166666666666664,15.829898834228516,False
2025-11-21 18:00:00,LLA,41.0,24.932087,16.5,16.5,15.829898834228516,True
2025-11-21 19:00:00,LLA,25.0,22.207073,13.5,13.5,15.829898834228516,False
2025-11-21 20:00:00,LLA,6.0,20.640915,10.5,10.5,15.829898834228516,False
2025-11-21 21:00:00,LLA,10.0,19.881271,8.916667,8.916666666666666,15.829898834228516,False
2025-11-21 22:00:00,LLA,10.0,14.9983225,7.5833335,7.583333333333333,15.829898834228516,False
2025-11-21 23:00:00,LLA,20.0,11.7262335,4.9166665,4.916666666666667,15.829898834228516,False
2025-11-22 00:00:00,LLA,14.0,13.372498,5.3636365,5.363636363636363,15.829898834228516,False
2025-11-22 01:00:00,LLA,2.0,12.850752,6.6363635,6.636363636363637,15.829898834228516,False
2025-11-22 02:00:00,LLA,1.0,8.523555,5.090909,5.090909090909091,15.829898834228516,False
2025-11-22 03:00:00,LLA,1.0,6.200167,3.0,3.0,15.829898834228516,False
2025-11-22 04:00:00,LLA,1.0,4.4530115,1.6923077,1.6923076923076923,15.829898834228516,False
2025-11-22 05:00:00,LLA,1.0,4.700062,1.9230769,1.9230769230769231,15.829898834228516,False
2025-11-22 06:00:00,LLA,2.0,4.4167027,2.0,2.0,15.829898834228516,False
2025-11-22 07:00:00,LLA,2.0,4.6201515,2.3076923,2.3076923076923075,15.829898834228516,False
2025-11-22 08:00:00,LLA,6.0,7.293366,4.5384617,4.538461538461538,15.829898834228516,False
2025-11-22 09:00:00,LLA,23.0,18.085081,13.615385,13.615384615384615,15.829898834228516,False
2025-11-22 10:00:00,LLA,41.0,39.127346,31.615385,31.615384615384617,15.829898834228516,False
2025-11-22 11:00:00,LLA,51.0,57.032936,48.53846,48.53846153846154,15.829898834228516,False
2025-11-22 12:00:00,LLA,57.0,65.630104,59.076923,59.07692307692308,15.829898834228516,False
2025-11-22 13:00:00,LLA,57.0,65.37652,62.923077,62.92307692307692,15.829898834228516,False
2025-11-22 14:00:00,LLA,57.0,61.786716,63.153847,63.15384615384615,15.829898834228516,False
2025-11-22 15:00:00,LLA,52.0,62.064102,63.076923,63.07692307692308,15.829898834228516,False
2025-11-22 16:00:00,LLA,37.0,48.004578,54.46154,54.46153846153846,15.829898834228516,False
2025-11-22 17:00:00,LLA,29.0,27.581,38.083332,38.083333333333336,15.829898834228516,False
2025-11-22 18:00:00,LLA,17.0,8.416705,18.583334,18.583333333333332,15.829898834228516,False
2025-11-22 19:00:00,LLA,12.0,7.513262,13.0,13.0,15.829898834228516,False
2025-11-22 20:00:00,LLA,14.0,12.018838,9.833333,9.833333333333334,15.829898834228516,False
2025-11-22 21:00:00,LLA,16.0,15.534592,7.8333335,7.833333333333333,15.829898834228516,False
2025-11-22 22:00:00,LLA,19.0,16.391537,8.25,8.25,15.829898834228516,False
2025-11-22 23:00:00,LLA,11.0,13.883693,6.5,6.5,15.829898834228516,False
2025-11-23 00:00:00,LLA,11.0,13.273455,6.5454545,6.545454545454546,15.829898834228516,False
2025-11-23 01:00:00,LLA,4.0,12.122828,6.7272725,6.7272727272727275,15.829898834228516,False
2025-11-23 02:00:00,LLA,3.0,9.036729,5.090909,5.090909090909091,15.829898834228516,False
2025-11-23 03:00:00,LLA,3.0,6.1422014,3.0,3.0,15.829898834228516,False
2025-11-23 04:00:00,LLA,1.0,4.5173383,1.6923077,1.6923076923076923,15.829898834228516,False
2025-11-23 05:00:00,LLA,1.0,4.5076056,1.9230769,1.9230769230769231,15.829898834228516,False
2025-11-23 06:00:00,LLA,2.0,4.761121,2.0769231,2.076923076923077,15.829898834228516,False
2025-11-23 07:00:00,LLA,2.0,5.1028767,2.3846154,2.3846153846153846,15.829898834228516,False
2025-11-23 08:00:00,LLA,7.0,8.014168,4.6923075,4.6923076923076925,15.829898834228516,False
2025-11-23 09:00:00,LLA,18.0,18.75975,14.307693,14.307692307692308,15.829898834228516,False
2025-11-23 10:00:00,LLA,29.0,40.221504,32.384617,32.38461538461539,15.829898834228516,False
2025-11-23 11:00:00,LLA,38.0,55.353424,47.692307,47.69230769230769,15.829898834228516,True
2025-11-23 12:00:00,LLA,46.0,60.828663,57.384617,57.38461538461539,15.829898834228516,False
2025-11-23 13:00:00,LLA,45.0,61.384087,60.307693,60.30769230769231,15.829898834228516,True
2025-11-23 14:00:00,LLA,40.0,57.391613,60.46154,60.46153846153846,15.829898834228516,True
2025-11-23 15:00:00,LLA,42.0,53.296104,59.53846,59.53846153846154,15.829898834228516,False
2025-11-23 16:00:00,LLA,39.0,43.147156,49.76923,49.76923076923077,15.829898834228516,False
2025-11-23 17:00:00,LLA,21.0,31.292072,34.833332,34.833333333333336,15.829898834228516,False
2025-11-23 18:00:00,LLA,4.0,18.31893,18.5,18.5,15.829898834228516,False
2025-11-23 19:00:00,LLA,4.0,13.632172,13.333333,13.333333333333334,15.829898834228516,False
2025-11-23 20:00:00,LLA,7.0,10.455969,10.333333,10.333333333333334,15.829898834228516,False
2025-11-23 21:00:00,LLA,3.0,8.568198,8.916667,8.916666666666666,15.829898834228516,False
2025-11-23 22:00:00,LLA,6.0,9.819161,9.25,9.25,15.829898834228516,False
2025-11-23 23:00:00,LLA,8.0,9.206678,7.25,7.25,15.829898834228516,False
2025-11-24 00:00:00,LLA,3.0,9.053789,7.4545455,7.454545454545454,15.829898834228516,False
2025-11-24 01:00:00,LLA,1.0,8.069128,7.0,7.0,15.829898834228516,False
2025-11-24 02:00:00,LLA,1.0,6.526451,5.2727275,5.2727272727272725,15.829898834228516,False
2025-11-24 03:00:00,LLA,1.0,4.610458,3.1666667,3.1666666666666665,15.829898834228516,False
2025-11-24 04:00:00,LLA,1.0,3.1301978,1.6923077,1.6923076923076923,15.829898834228516,False
2025-11-24 05:00:00,LLA,1.0,3.4284315,1.9230769,1.9230769230769231,15.829898834228516,False
2025-11-24 06:00:00,LLA,1.0,3.700809,2.1538463,2.1538461538461537,15.829898834228516,False
2025-11-24 07:00:00,LLA,2.0,4.2043867,2.4615386,2.4615384615384617,15.829898834228516,False
2025-11-24 08:00:00,LLA,5.0,7.034275,4.8461537,4.846153846153846,15.829898834228516,False
2025-11-24 09:00:00,LLA,19.0,17.093315,14.0,14.0,15.829898834228516,False
2025-11-24 10:00:00,LLA,41.0,37.215816,31.153847,31.153846153846153,15.829898834228516,False
2025-11-24 11:00:00,LLA,58.0,55.782967,45.76923,45.76923076923077,15.829898834228516,False
2025-11-24 12:00:00,LLA,76.0,66.80602,55.0,55.0,15.829898834228516,False
2025-11-24 13:00:00,LLA,93.0,70.09812,58.846153,58.84615384615385,15.829898834228516,True
2025-11-24 14:00:00,LLA,107.0,72.15802,59.384617,59.38461538461539,15.829898834228516,True
2025-11-24 15:00:00,LLA,109.0,70.41967,58.53846,58.53846153846154,15.829898834228516,True
2025-11-24 16:00:00,LLA,111.0,55.132347,48.76923,48.76923076923077,15.829898834228516,True
2025-11-24 17:00:00,LLA,85.0,36.446304,32.583332,32.583333333333336,15.829898834228516,True
2025-11-24 18:00:00,LLA,32.0,19.877995,15.166667,15.166666666666666,15.829898834228516,False
2025-11-24 19:00:00,LLA,26.0,11.365479,10.833333,10.833333333333334,15.829898834228516,False
2025-11-24 20:00:00,LLA,20.0,4.3546295,8.583333,8.583333333333334,15.829898834228516,False
2025-11-24 21:00:00,LLA,6.0,3.610746,6.6666665,6.666666666666667,15.829898834228516,False
2025-11-24 22:00:00,LLA,5.0,3.469377,7.8333335,7.833333333333333,15.829898834228516,False
2025-11-24 23:00:00,LLA,15.0,3.2843766,5.9166665,5.916666666666667,15.829898834228516,False
2025-11-25 03:00:00,LLA,6.0,3.3415608,1.8333334,1.8333333333333333,15.829898834228516,False
2025-11-25 04:00:00,LLA,1.0,3.1792233,1.0,1.0,15.829898834228516,False
2025-11-25 05:00:00,LLA,2.0,4.3491583,1.0769231,1.0769230769230769,15.829898834228516,False
2025-11-25 06:00:00,LLA,2.0,4.845727,1.3076923,1.3076923076923077,15.829898834228516,False
2025-11-25 07:00:00,LLA,2.0,5.3350315,1.6153846,1.6153846153846154,15.829898834228516,False
2025-11-25 08:00:00,LLA,3.0,9.256737,4.5384617,4.538461538461538,15.829898834228516,False
2025-11-25 09:00:00,LLA,17.0,19.921814,14.538462,14.538461538461538,15.829898834228516,False
2025-11-25 10:00:00,LLA,48.0,41.428524,33.384617,33.38461538461539,15.829898834228516,False
2025-11-25 11:00:00,LLA,68.0,57.363625,48.76923,48.76923076923077,15.829898834228516,False
2025-11-25 12:00:00,LLA,78.0,63.704384,59.23077,59.23076923076923,15.829898834228516,False
2025-11-25 13:00:00,LLA,89.0,64.72218,64.53846,64.53846153846153,15.829898834228516,True
2025-11-25 14:00:00,LLA,92.0,69.650955,66.07692,66.07692307692308,15.829898834228516,True
2025-11-25 15:00:00,LLA,88.0,82.19591,65.61539,65.61538461538461,15.829898834228516,False
2025-11-25 16:00:00,LLA,86.0,74.98873,55.923077,55.92307692307692,15.829898834228516,False
2025-11-25 17:00:00,LLA,54.0,59.18326,38.833332,38.833333333333336,15.829898834228516,False
2025-11-25 18:00:00,LLA,19.0,33.763958,17.25,17.25,15.829898834228516,False
2025-11-25 19:00:00,LLA,25.0,23.61523,12.333333,12.333333333333334,15.829898834228516,False
2025-11-25 20:00:00,LLA,28.0,17.317242,9.25,9.25,15.829898834228516,False
2025-11-25 21:00:00,LLA,20.0,15.255689,6.25,6.25,15.829898834228516,False
2025-11-25 22:00:00,LLA,9.0,17.658873,7.1666665,7.166666666666667,15.829898834228516,False
2025-11-25 23:00:00,LLA,16.0,13.192152,5.9166665,5.916666666666667,15.829898834228516,False
2025-11-26 00:00:00,LLA,27.0,11.107866,3.7,3.7,15.829898834228516,True
2025-11-26 01:00:00,LLA,21.0,11.643681,2.4,2.4,15.829898834228516,False
2025-11-26 02:00:00,LLA,16.0,11.12887,2.1,2.1,15.829898834228516,False
2025-11-26 03:00:00,LLA,10.0,7.9447784,2.0,2.0,15.829898834228516,False
2025-11-26 04:00:00,LLA,1.0,7.752014,1.0769231,1.0769230769230769,15.829898834228516,False
2025-11-26 05:00:00,LLA,1.0,5.3053203,1.1538461,1.1538461538461537,15.829898834228516,False
2025-11-26 06:00:00,LLA,2.0,5.2485566,1.3846154,1.3846153846153846,15.829898834228516,False
2025-11-26 07:00:00,LLA,3.0,5.9096365,1.6923077,1.6923076923076923,15.829898834228516,False
2025-11-26 08:00:00,LLA,7.0,9.456904,4.6153846,4.615384615384615,15.829898834228516,False
2025-11-26 09:00:00,LLA,14.0,20.227707,14.846154,14.846153846153847,15.829898834228516,False
2025-11-26 10:00:00,LLA,25.0,45.410347,35.307693,35.30769230769231,15.829898834228516,True
2025-11-26 11:00:00,LLA,40.0,63.203835,51.53846,51.53846153846154,15.829898834228516,True
2025-11-26 12:00:00,LLA,46.0,76.969406,61.76923,61.76923076923077,15.829898834228516,True
2025-11-26 13:00:00,LLA,51.0,81.46428,67.53846,67.53846153846153,15.829898834228516,True
2025-11-26 14:00:00,LLA,57.0,78.5546,68.53846,68.53846153846153,15.829898834228516,True
2025-11-26 15:00:00,LLA,54.0,75.44449,67.0,67.0,15.829898834228516,True
2025-11-26 16:00:00,LLA,33.0,62.262974,58.0,58.0,15.829898834228516,True
2025-11-26 17:00:00,LLA,23.0,44.29593,39.833332,39.833333333333336,15.829898834228516,True
2025-11-26 18:00:00,LLA,27.0,19.722857,16.583334,16.583333333333332,15.829898834228516,False
2025-11-26 19:00:00,LLA,25.0,20.438107,13.5,13.5,15.829898834228516,False
2025-11-26 20:00:00,LLA,13.0,21.041624,11.166667,11.166666666666666,15.829898834228516,False
2025-11-26 21:00:00,LLA,11.0,19.048353,7.5833335,7.583333333333333,15.829898834228516,False
2025-11-26 22:00:00,LLA,20.0,17.860123,7.75,7.75,15.829898834228516,False
2025-11-26 23:00:00,LLA,22.0,18.485773,7.0833335,7.083333333333333,15.829898834228516,False
2025-11-27 00:00:00,LLA,22.0,18.297598,6.3,6.3,15.829898834228516,False
2025-11-27 01:00:00,LLA,26.0,15.761736,4.4,4.4,15.829898834228516,False
2025-11-27 02:00:00,LLA,24.0,14.663883,3.6,3.6,15.829898834228516,False
2025-11-27 03:00:00,LLA,24.0,13.936927,2.75,2.75,15.829898834228516,False
2025-11-27 04:00:00,LLA,18.0,11.747882,1.0769231,1.0769230769230769,15.829898834228516,False
2025-11-27 05:00:00,LLA,12.0,10.228483,1.1538461,1.1538461538461537,15.829898834228516,False
2025-11-27 06:00:00,LLA,8.0,8.292265,1.4615384,1.4615384615384615,15.829898834228516,False
2025-11-27 07:00:00,LLA,4.0,6.0829654,1.7692307,1.7692307692307692,15.829898834228516,False
2025-11-27 08:00:00,LLA,7.0,7.3494587,4.769231,4.769230769230769,15.829898834228516,False
2025-11-27 09:00:00,LLA,16.0,15.999334,14.923077,14.923076923076923,15.829898834228516,False
2025-11-27 10:00:00,LLA,25.0,33.795544,35.076923,35.07692307692308,15.829898834228516,False
2025-11-27 11:00:00,LLA,34.0,45.94849,50.46154,50.46153846153846,15.829898834228516,False
2025-11-27 12:00:00,LLA,36.0,54.505077,60.307693,60.30769230769231,15.829898834228516,True
2025-11-27 13:00:00,LLA,37.0,58.099434,65.84615,65.84615384615384,15.829898834228516,True
2025-11-27 14:00:00,LLA,37.0,53.866528,66.69231,66.6923076923077,15.829898834228516,True
2025-11-27 15:00:00,LLA,33.0,52.781864,65.23077,65.23076923076923,15.829898834228516,True
2025-11-27 16:00:00,LLA,30.0,47.131866,55.307693,55.30769230769231,15.829898834228516,True
2025-11-27 17:00:00,LLA,24.0,36.657177,38.833332,38.833333333333336,15.829898834228516,False
2025-11-27 18:00:00,LLA,23.0,21.022982,17.916666,17.916666666666668,15.829898834228516,False
2025-11-27 19:00:00,LLA,18.0,20.639336,15.0,15.0,15.829898834228516,False
2025-11-27 20:00:00,LLA,12.0,17.141617,11.25,11.25,15.829898834228516,False
2025-11-27 21:00:00,LLA,12.0,13.808702,7.75,7.75,15.829898834228516,False
2025-11-27 22:00:00,LLA,14.0,15.054635,8.666667,8.666666666666666,15.829898834228516,False
2025-11-27 23:00:00,LLA,15.0,14.543956,8.75,8.75,15.829898834228516,False
2025-11-28 00:00:00,LLA,19.0,14.1149235,7.7272725,7.7272727272727275,15.829898834228516,False
2025-11-28 01:00:00,LLA,22.0,14.325239,6.3636365,6.363636363636363,15.829898834228516,False
2025-11-28 02:00:00,LLA,22.0,14.450151,5.4545455,5.454545454545454,15.829898834228516,False
2025-11-28 03:00:00,LLA,23.0,13.658611,4.6666665,4.666666666666667,15.829898834228516,False
2025-11-28 04:00:00,LLA,19.0,12.099598,2.3846154,2.3846153846153846,15.829898834228516,False
2025-11-28 05:00:00,LLA,11.0,9.411694,2.0,2.0,15.829898834228516,False
2025-11-28 06:00:00,LLA,2.0,6.5181866,2.0,2.0,15.829898834228516,False
2025-11-28 07:00:00,LLA,2.0,5.2666874,2.0,2.0,15.829898834228516,False
2025-11-28 08:00:00,LLA,6.0,6.8367853,5.076923,5.076923076923077,15.829898834228516,False
2025-11-28 09:00:00,LLA,12.0,14.970439,15.384615,15.384615384615385,15.829898834228516,False
2025-11-28 10:00:00,LLA,20.0,30.491037,34.923077,34.92307692307692,15.829898834228516,False
2025-11-28 11:00:00,LLA,20.0,40.628796,49.615383,49.61538461538461,15.829898834228516,True
2025-11-28 12:00:00,LLA,23.0,47.10504,58.846153,58.84615384615385,15.829898834228516,True
2025-11-28 13:00:00,LLA,23.0,51.051422,63.76923,63.76923076923077,15.829898834228516,True
2025-11-28 14:00:00,LLA,19.0,53.016426,64.61539,64.61538461538461,15.829898834228516,True
2025-11-28 15:00:00,LLA,20.0,53.171585,62.076923,62.07692307692308,15.829898834228516,True
2025-11-28 16:00:00,LLA,22.0,51.788475,54.076923,54.07692307692308,15.829898834228516,True
2025-11-28 17:00:00,LLA,11.0,41.975395,38.916668,38.916666666666664,15.829898834228516,True
2025-11-28 18:00:00,LLA,5.0,23.325024,19.166666,19.166666666666668,15.829898834228516,True
2025-11-28 19:00:00,LLA,3.0,19.156158,16.166666,16.166666666666668,15.829898834228516,True
2025-11-28 20:00:00,LLA,4.0,13.939493,11.583333,11.583333333333334,15.829898834228516,False
2025-11-28 21:00:00,LLA,3.0,10.388669,7.9166665,7.916666666666667,15.829898834228516,False
2025-11-28 22:00:00,LLA,5.0,11.468962,9.166667,9.166666666666666,15.829898834228516,False
2025-11-28 23:00:00,LLA,2.0,12.097956,9.916667,9.916666666666666,15.829898834228516,False
2025-11-29 00:00:00,LLA,1.0,10.914822,9.181818,9.181818181818182,15.829898834228516,False
2025-11-29 01:00:00,LLA,1.0,10.055454,8.272727,8.272727272727273,15.829898834228516,False
2025-11-29 02:00:00,LLA,1.0,9.158315,7.3636365,7.363636363636363,15.829898834228516,False
2025-11-29 03:00:00,LLA,1.0,8.294216,6.5,6.5,15.829898834228516,False
2025-11-29 04:00:00,LLA,1.0,5.487396,3.7692308,3.769230769230769,15.829898834228516,False
2025-11-29 05:00:00,LLA,1.0,4.3237743,2.7692308,2.769230769230769,15.829898834228516,False
2025-11-29 06:00:00,LLA,1.0,3.7404568,2.0769231,2.076923076923077,15.829898834228516,False
2025-11-29 07:00:00,LLA,1.0,3.8793676,2.0769231,2.076923076923077,15.829898834228516,False
2025-11-29 08:00:00,LLA,3.0,8.22868,5.3076925,5.3076923076923075,15.829898834228516,False
2025-11-29 09:00:00,LLA,8.0,18.289036,15.461538,15.461538461538462,15.829898834228516,False
2025-11-29 10:00:00,LLA,15.0,37.35229,34.53846,34.53846153846154,15.829898834228516,True
2025-11-29 11:00:00,LLA,32.0,51.618176,48.384617,48.38461538461539,15.829898834228516,True
2025-11-29 12:00:00,LLA,48.0,62.222126,57.076923,57.07692307692308,15.829898834228516,False
2025-11-29 13:00:00,LLA,56.0,69.243576,61.46154,61.46153846153846,15.829898834228516,False
2025-11-29 14:00:00,LLA,60.0,72.05434,62.0,62.0,15.829898834228516,False
2025-11-29 15:00:00,LLA,52.0,73.26627,60.307693,60.30769230769231,15.829898834228516,True
2025-11-29 16:00:00,LLA,44.0,59.36924,52.692307,52.69230769230769,15.829898834228516,False
2025-11-29 17:00:00,LLA,37.0,46.245094,38.083332,38.083333333333336,15.829898834228516,False
2025-11-29 18:00:00,LLA,10.0,30.247448,19.166666,19.166666666666668,15.829898834228516,True
2025-11-29 19:00:00,LLA,11.0,25.55404,15.833333,15.833333333333334,15.829898834228516,False
2025-11-29 20:00:00,LLA,17.0,17.83363,11.583333,11.583333333333334,15.829898834228516,False
2025-11-29 21:00:00,LLA,2.0,14.37924,7.9166665,7.916666666666667,15.829898834228516,False
2025-11-29 22:00:00,LLA,10.0,15.338684,9.333333,9.333333333333334,15.829898834228516,False
2025-11-29 23:00:00,LLA,6.0,12.283718,9.833333,9.833333333333334,15.829898834228516,False
2025-11-30 00:00:00,LLA,1.0,10.761842,9.181818,9.181818181818182,15.829898834228516,False
2025-11-30 01:00:00,LLA,1.0,9.599676,8.272727,8.272727272727273,15.829898834228516,False
2025-11-30 02:00:00,LLA,1.0,8.800531,7.3636365,7.363636363636363,15.829898834228516,False
2025-11-30 03:00:00,LLA,1.0,9.070496,6.5,6.5,15.829898834228516,False
2025-11-30 04:00:00,LLA,1.0,6.7837944,3.7692308,3.769230769230769,15.829898834228516,False
2025-11-30 05:00:00,LLA,1.0,6.0550594,2.7692308,2.769230769230769,15.829898834228516,False
2025-11-30 06:00:00,LLA,1.0,4.5539107,2.0769231,2.076923076923077,15.829898834228516,False
2025-11-30 07:00:00,LLA,2.0,4.663475,2.0769231,2.076923076923077,15.829898834228516,False
2025-11-30 08:00:00,LLA,7.0,8.092006,5.1538463,5.153846153846154,15.829898834228516,False
2025-11-30 09:00:00,LLA,16.0,18.337244,14.923077,14.923076923076923,15.829898834228516,False
2025-11-30 10:00:00,LLA,38.0,37.87938,33.23077,33.23076923076923,15.829898834228516,False
2025-11-30 11:00:00,LLA,58.0,54.793327,47.384617,47.38461538461539,15.829898834228516,False
2025-11-30 12:00:00,LLA,67.0,66.440125,56.53846,56.53846153846154,15.829898834228516,False
2025-11-30 13:00:00,LLA,73.0,67.63381,61.0,61.0,15.829898834228516,False
2025-11-30 14:00:00,LLA,75.0,65.37141,61.46154,61.46153846153846,15.829898834228516,False
2025-11-30 15:00:00,LLA,78.0,63.399487,58.846153,58.84615384615385,15.829898834228516,False
2025-11-30 16:00:00,LLA,79.0,58.96505,52.46154,52.46153846153846,15.829898834228516,True
2025-11-30 17:00:00,LLA,75.0,54.29484,38.833332,38.833333333333336,15.829898834228516,True
2025-11-30 18:00:00,LLA,46.0,38.652626,19.5,19.5,15.829898834228516,False
2025-11-30 19:00:00,LLA,34.0,31.335289,16.083334,16.083333333333332,15.829898834228516,False
2025-11-30 20:00:00,LLA,32.0,25.008785,12.75,12.75,15.829898834228516,False
2025-11-30 21:00:00,LLA,13.0,17.727253,8.0,8.0,15.829898834228516,False
2025-11-30 22:00:00,LLA,10.0,17.75725,10.083333,10.083333333333334,15.829898834228516,False
2025-11-30 23:00:00,LLA,9.0,17.095276,10.25,10.25,15.829898834228516,False
2025-12-01 03:00:00,LLA,5.0,11.772736,6.5,6.5,15.829898834228516,False
2025-12-01 04:00:00,LLA,2.0,7.36464,3.7692308,3.769230769230769,15.829898834228516,False
2025-12-01 05:00:00,LLA,2.0,6.279168,2.7692308,2.769230769230769,15.829898834228516,False
2025-12-01 06:00:00,LLA,2.0,5.466504,2.0769231,2.076923076923077,15.829898834228516,False
2025-12-01 07:00:00,LLA,2.0,5.661385,2.0769231,2.076923076923077,15.829898834228516,False
2025-12-01 08:00:00,LLA,3.0,9.476067,5.230769,5.230769230769231,15.829898834228516,False
2025-12-01 09:00:00,LLA,10.0,17.302317,14.692307,14.692307692307692,15.829898834228516,False
2025-12-01 10:00:00,LLA,24.0,31.429804,32.46154,32.46153846153846,15.829898834228516,False
2025-12-01 11:00:00,LLA,50.0,44.683357,47.307693,47.30769230769231,15.829898834228516,False
2025-12-01 12:00:00,LLA,59.0,54.602715,56.23077,56.23076923076923,15.829898834228516,False
2025-12-01 14:00:00,LLA,74.0,64.335915,62.0,62.0,15.829898834228516,False
2025-12-01 15:00:00,LLA,69.0,67.431915,61.0,61.0,15.829898834228516,False
2025-12-01 16:00:00,LLA,53.0,68.3456,55.153847,55.15384615384615,15.829898834228516,False
2025-12-01 17:00:00,LLA,44.0,51.509678,41.916668,41.916666666666664,15.829898834228516,False
2025-12-01 18:00:00,LLA,33.0,28.971779,22.166666,22.166666666666668,15.829898834228516,False
2025-12-01 19:00:00,LLA,31.0,29.373556,18.75,18.75,15.829898834228516,False
2025-12-01 20:00:00,LLA,11.0,24.249428,14.583333,14.583333333333334,15.829898834228516,False
2025-12-01 21:00:00,LLA,13.0,14.672141,8.75,8.75,15.829898834228516,False
2025-12-01 22:00:00,LLA,6.0,14.755156,10.833333,10.833333333333334,15.829898834228516,False
2025-12-01 23:00:00,LLA,10.0,13.202021,11.0,11.0,15.829898834228516,False
2025-12-02 00:00:00,LLA,2.0,13.167528,10.0,10.0,15.829898834228516,False
2025-12-02 01:00:00,LLA,2.0,12.158483,9.0,9.0,15.829898834228516,False
2025-12-02 02:00:00,LLA,2.0,10.831622,8.0,8.0,15.829898834228516,False
2025-12-02 03:00:00,LLA,2.0,10.082255,6.8333335,6.833333333333333,15.829898834228516,False
2025-12-02 04:00:00,LLA,2.0,7.392844,3.8461537,3.8461538461538463,15.829898834228516,False
2025-12-02 05:00:00,LLA,2.0,5.892747,2.8461537,2.8461538461538463,15.829898834228516,False
2025-12-02 06:00:00,LLA,2.0,5.17021,2.0769231,2.076923076923077,15.829898834228516,False
2025-12-02 07:00:00,LLA,2.0,5.7010326,2.0769231,2.076923076923077,15.829898834228516,False
2025-12-02 08:00:00,LLA,3.0,9.540777,5.1538463,5.153846153846154,15.829898834228516,False
2025-12-02 09:00:00,LLA,11.0,19.275682,14.153846,14.153846153846153,15.829898834228516,False
2025-12-02 10:00:00,LLA,35.0,38.6474,31.153847,31.153846153846153,15.829898834228516,False
2025-12-02 11:00:00,LLA,57.0,58.6475,46.307693,46.30769230769231,15.829898834228516,False
2025-12-02 12:00:00,LLA,71.0,69.46017,55.846153,55.84615384615385,15.829898834228516,False
2025-12-02 13:00:00,LLA,88.0,78.22914,60.583332,60.583333333333336,15.829898834228516,False
2025-12-02 14:00:00,LLA,93.0,83.47267,62.46154,62.46153846153846,15.829898834228516,False
2025-12-02 15:00:00,LLA,77.0,82.715546,60.923077,60.92307692307692,15.829898834228516,False
2025-12-02 16:00:00,LLA,57.0,70.84419,53.923077,53.92307692307692,15.829898834228516,False
2025-12-02 17:00:00,LLA,45.0,58.958927,42.076923,42.07692307692308,15.829898834228516,False
2025-12-02 18:00:00,LLA,39.0,35.62651,23.0,23.0,15.829898834228516,False
2025-12-02 19:00:00,LLA,26.0,33.28429,19.692308,19.692307692307693,15.829898834228516,False
2025-12-02 20:00:00,LLA,11.0,25.317856,14.307693,14.307692307692308,15.829898834228516,False
2025-12-02 21:00:00,LLA,6.0,15.881848,9.076923,9.076923076923077,15.829898834228516,False
2025-12-02 22:00:00,LLA,3.0,14.243473,10.461538,10.461538461538462,15.829898834228516,False
2025-12-02 23:00:00,LLA,2.0,13.453658,10.923077,10.923076923076923,15.829898834228516,False
2025-12-03 00:00:00,LLA,3.0,11.199243,9.272727,9.272727272727273,15.829898834228516,False
2025-12-03 01:00:00,LLA,2.0,8.971973,8.363636,8.363636363636363,15.829898834228516,False
2025-12-03 02:00:00,LLA,2.0,8.411182,7.4545455,7.454545454545454,15.829898834228516,False
2025-12-03 03:00:00,LLA,2.0,7.667754,6.4615383,6.461538461538462,15.829898834228516,False
2025-12-03 04:00:00,LLA,3.0,5.426021,3.7142856,3.7142857142857144,15.829898834228516,False
2025-12-03 05:00:00,LLA,2.0,6.031699,2.7857144,2.7857142857142856,15.829898834228516,False
2025-12-03 06:00:00,LLA,2.0,5.688097,2.0714285,2.0714285714285716,15.829898834228516,False
2025-12-03 07:00:00,LLA,2.0,5.6589437,2.0714285,2.0714285714285716,15.829898834228516,False
2025-12-03 08:00:00,LLA,4.0,9.17393,5.0,5.0,15.829898834228516,False
2025-12-03 09:00:00,LLA,17.0,18.806221,13.928572,13.928571428571429,15.829898834228516,False
2025-12-03 10:00:00,LLA,43.0,38.53601,31.428572,31.428571428571427,15.829898834228516,False
2025-12-03 11:00:00,LLA,55.0,58.205185,47.07143,47.07142857142857,15.829898834228516,False
2025-12-03 12:00:00,LLA,60.0,69.588875,56.92857,56.92857142857143,15.829898834228516,False
2025-12-03 13:00:00,LLA,65.0,75.05988,62.692307,62.69230769230769,15.829898834228516,False
2025-12-03 14:00:00,LLA,70.0,72.71348,64.64286,64.64285714285714,15.829898834228516,False
2025-12-03 15:00:00,LLA,83.0,73.43404,62.07143,62.07142857142857,15.829898834228516,False
2025-12-03 16:00:00,LLA,90.0,71.87608,54.142857,54.142857142857146,15.829898834228516,True
2025-12-03 17:00:00,LLA,52.0,64.07359,42.285713,42.285714285714285,15.829898834228516,False
2025-12-03 18:00:00,LLA,43.0,41.15138,24.142857,24.142857142857142,15.829898834228516,False
2025-12-03 19:00:00,LLA,27.0,34.60495,20.142857,20.142857142857142,15.829898834228516,False
2025-12-03 20:00:00,LLA,21.0,23.269398,14.071428,14.071428571428571,15.829898834228516,False
2025-12-03 21:00:00,LLA,4.0,15.617975,8.857142,8.857142857142858,15.829898834228516,False
2025-12-03 22:00:00,LLA,4.0,12.187337,9.928572,9.928571428571429,15.829898834228516,False
2025-12-03 23:00:00,LLA,11.0,12.209954,10.285714,10.285714285714286,15.829898834228516,False
2025-12-04 00:00:00,LLA,2.0,11.710382,8.75,8.75,15.829898834228516,False
2025-12-04 01:00:00,LLA,4.0,9.668921,7.8333335,7.833333333333333,15.829898834228516,False
2025-12-04 02:00:00,LLA,5.0,8.955182,7.0,7.0,15.829898834228516,False
2025-12-04 03:00:00,LLA,2.0,7.996229,6.142857,6.142857142857143,15.829898834228516,False
2025-12-04 04:00:00,LLA,2.0,5.875654,3.857143,3.857142857142857,15.829898834228516,False
2025-12-04 05:00:00,LLA,2.0,4.721229,2.857143,2.857142857142857,15.829898834228516,False
2025-12-04 06:00:00,LLA,2.0,4.059309,2.142857,2.142857142857143,15.829898834228516,False
2025-12-04 07:00:00,LLA,3.0,4.4927597,2.142857,2.142857142857143,15.829898834228516,False
2025-12-04 08:00:00,LLA,4.0,8.1303625,5.071429,5.071428571428571,15.829898834228516,False
2025-12-04 09:00:00,LLA,13.0,19.11142,14.642858,14.642857142857142,15.829898834228516,False
2025-12-04 10:00:00,LLA,25.0,39.162666,32.57143,32.57142857142857,15.829898834228516,False
2025-12-04 11:00:00,LLA,48.0,59.439075,48.142857,48.142857142857146,15.829898834228516,False
2025-12-04 12:00:00,LLA,59.0,68.93463,57.714287,57.714285714285715,15.829898834228516,False
2025-12-04 13:00:00,LLA,70.0,72.58662,63.615383,63.61538461538461,15.829898834228516,False
2025-12-04 14:00:00,LLA,85.0,72.81147,66.0,66.0,15.829898834228516,False
2025-12-04 15:00:00,LLA,90.0,69.04381,64.42857,64.42857142857143,15.829898834228516,True
2025-12-04 16:00:00,LLA,84.0,68.38397,57.57143,57.57142857142857,15.829898834228516,False
2025-12-04 17:00:00,LLA,63.0,57.736805,43.357143,43.357142857142854,15.829898834228516,False
2025-12-04 18:00:00,LLA,41.0,36.096603,25.642857,25.642857142857142,15.829898834228516,False
2025-12-04 19:00:00,LLA,33.0,32.20021,21.5,21.5,15.829898834228516,False
2025-12-04 20:00:00,LLA,23.0,22.124762,15.285714,15.285714285714286,15.829898834228516,False
2025-12-04 21:00:00,LLA,20.0,18.069212,8.857142,8.857142857142858,15.829898834228516,False
2025-12-04 22:00:00,LLA,21.0,22.818243,9.642858,9.642857142857142,15.829898834228516,False
2025-12-04 23:00:00,LLA,20.0,26.72451,11.0,11.0,15.829898834228516,False
2025-12-05 00:00:00,LLA,16.0,23.43045,8.833333,8.833333333333334,15.829898834228516,False
2025-12-05 01:00:00,LLA,17.0,19.284504,7.6666665,7.666666666666667,15.829898834228516,False
2025-12-05 02:00:00,LLA,23.0,16.379349,6.8333335,6.833333333333333,15.829898834228516,False
2025-12-05 03:00:00,LLA,20.0,15.967289,5.857143,5.857142857142857,15.829898834228516,False
2025-12-05 04:00:00,LLA,7.0,12.754446,3.9285715,3.9285714285714284,15.829898834228516,False
2025-12-05 05:00:00,LLA,2.0,8.903366,2.9285715,2.9285714285714284,15.829898834228516,False
2025-12-05 06:00:00,LLA,2.0,4.8767695,2.2142856,2.2142857142857144,15.829898834228516,False
2025-12-05 07:00:00,LLA,2.0,4.692827,2.2142856,2.2142857142857144,15.829898834228516,False
2025-12-05 08:00:00,LLA,5.0,7.5798054,5.0,5.0,15.829898834228516,False
2025-12-05 09:00:00,LLA,11.0,18.253307,14.5,14.5,15.829898834228516,False
2025-12-05 10:00:00,LLA,23.0,37.846508,31.785715,31.785714285714285,15.829898834228516,False
2025-12-05 11:00:00,LLA,42.0,56.660812,47.5,47.5,15.829898834228516,False
2025-12-05 12:00:00,LLA,61.0,67.099144,56.785713,56.785714285714285,15.829898834228516,False
2025-12-05 13:00:00,LLA,75.0,74.32987,63.46154,63.46153846153846,15.829898834228516,False
2025-12-05 14:00:00,LLA,70.0,80.310394,66.92857,66.92857142857143,15.829898834228516,False
2025-12-05 15:00:00,LLA,65.0,77.2737,65.07143,65.07142857142857,15.829898834228516,False
2025-12-05 16:00:00,LLA,53.0,65.09414,58.0,58.0,15.829898834228516,False
2025-12-05 17:00:00,LLA,42.0,46.583866,43.5,43.5,15.829898834228516,False
2025-12-05 18:00:00,LLA,31.0,30.127008,27.142857,27.142857142857142,15.829898834228516,False
2025-12-05 19:00:00,LLA,28.0,27.888142,21.428572,21.428571428571427,15.829898834228516,False
2025-12-05 20:00:00,LLA,26.0,24.464432,15.642858,15.642857142857142,15.829898834228516,False
2025-12-05 21:00:00,LLA,17.0,16.531548,9.928572,9.928571428571429,15.829898834228516,False
2025-12-05 22:00:00,LLA,13.0,14.614578,10.142858,10.142857142857142,15.829898834228516,False
2025-12-05 23:00:00,LLA,16.0,14.620066,11.928572,11.928571428571429,15.829898834228516,False
2025-12-06 00:00:00,LLA,16.0,12.929413,10.083333,10.083333333333334,15.829898834228516,False
2025-12-06 01:00:00,LLA,5.0,11.732249,8.583333,8.583333333333334,15.829898834228516,False
2025-12-06 02:00:00,LLA,2.0,10.750356,8.416667,8.416666666666666,15.829898834228516,False
2025-12-06 03:00:00,LLA,2.0,9.016343,7.214286,7.214285714285714,15.829898834228516,False
2025-12-06 04:00:00,LLA,2.0,5.7104883,4.285714,4.285714285714286,15.829898834228516,False
2025-12-06 05:00:00,LLA,2.0,4.7104106,2.9285715,2.9285714285714284,15.829898834228516,False
2025-12-06 06:00:00,LLA,2.0,4.577751,2.2142856,2.2142857142857144,15.829898834228516,False
2025-12-06 07:00:00,LLA,3.0,5.003892,2.2142856,2.2142857142857144,15.829898834228516,False
2025-12-06 08:00:00,LLA,4.0,8.430894,5.0,5.0,15.829898834228516,False
2025-12-06 09:00:00,LLA,8.0,18.104353,14.642858,14.642857142857142,15.829898834228516,False
2025-12-06 10:00:00,LLA,28.0,35.11692,30.857143,30.857142857142858,15.829898834228516,False
2025-12-06 11:00:00,LLA,46.0,54.81839,46.5,46.5,15.829898834228516,False
2025-12-06 12:00:00,LLA,61.0,67.51997,56.214287,56.214285714285715,15.829898834228516,False
2025-12-06 13:00:00,LLA,67.0,74.527,63.23077,63.23076923076923,15.829898834228516,False
2025-12-06 14:00:00,LLA,64.0,73.70854,66.85714,66.85714285714286,15.829898834228516,False
2025-12-06 15:00:00,LLA,71.0,68.00423,65.14286,65.14285714285714,15.829898834228516,False
2025-12-06 16:00:00,LLA,62.0,62.83659,58.42857,58.42857142857143,15.829898834228516,False
2025-12-06 17:00:00,LLA,45.0,52.457745,43.214287,43.214285714285715,15.829898834228516,False
2025-12-06 18:00:00,LLA,34.0,32.65545,26.428572,26.428571428571427,15.829898834228516,False
2025-12-06 19:00:00,LLA,31.0,29.619118,21.642857,21.642857142857142,15.829898834228516,False
2025-12-06 20:00:00,LLA,27.0,25.427738,17.071428,17.071428571428573,15.829898834228516,False
2025-12-06 21:00:00,LLA,19.0,17.538715,10.428572,10.428571428571429,15.829898834228516,False
2025-12-06 22:00:00,LLA,13.0,14.230384,10.357142,10.357142857142858,15.829898834228516,False
2025-12-06 23:00:00,LLA,9.0,13.244324,11.642858,11.642857142857142,15.829898834228516,False
2025-12-07 03:00:00,LLA,2.0,7.989148,7.285714,7.285714285714286,15.829898834228516,False
2025-12-07 04:00:00,LLA,2.0,4.938207,4.357143,4.357142857142857,15.829898834228516,False
2025-12-07 05:00:00,LLA,2.0,4.270528,3.0,3.0,15.829898834228516,False
2025-12-07 06:00:00,LLA,2.0,3.746571,2.2142856,2.2142857142857144,15.829898834228516,False
2025-12-07 07:00:00,LLA,3.0,3.8707452,2.2857144,2.2857142857142856,15.829898834228516,False
2025-12-07 08:00:00,LLA,5.0,6.3648167,4.857143,4.857142857142857,15.829898834228516,False
2025-12-07 09:00:00,LLA,17.0,15.377267,13.571428,13.571428571428571,15.829898834228516,False
2025-12-07 10:00:00,LLA,40.0,34.08895,29.928572,29.928571428571427,15.829898834228516,False
2025-12-07 11:00:00,LLA,60.0,55.06469,46.142857,46.142857142857146,15.829898834228516,False
2025-12-07 12:00:00,LLA,50.0,65.34659,56.5,56.5,15.829898834228516,False
2025-12-07 13:00:00,LLA,58.0,71.67635,64.0,64.0,15.829898834228516,False
2025-12-07 14:00:00,LLA,58.0,67.52774,67.35714,67.35714285714286,15.829898834228516,False
2025-12-07 15:00:00,LLA,51.0,67.62951,66.5,66.5,15.829898834228516,True
2025-12-07 16:00:00,LLA,45.0,64.565315,60.214287,60.214285714285715,15.829898834228516,True
2025-12-07 17:00:00,LLA,38.0,50.876762,44.357143,44.357142857142854,15.829898834228516,False
2025-12-07 18:00:00,LLA,34.0,36.85661,27.642857,27.642857142857142,15.829898834228516,False
2025-12-07 19:00:00,LLA,31.0,30.678972,23.0,23.0,15.829898834228516,False
2025-12-07 20:00:00,LLA,28.0,26.18705,18.0,18.0,15.829898834228516,False
2025-12-07 21:00:00,LLA,23.0,19.471416,10.642858,10.642857142857142,15.829898834228516,False
2025-12-07 22:00:00,LLA,16.0,20.621916,9.928572,9.928571428571429,15.829898834228516,False
2025-12-07 23:00:00,LLA,20.0,22.220448,11.5,11.5,15.829898834228516,False
2025-12-08 00:00:00,LLA,22.0,22.055588,10.181818,10.181818181818182,15.829898834228516,False
2025-12-08 01:00:00,LLA,26.0,21.832666,9.272727,9.272727272727273,15.829898834228516,False
2025-12-08 02:00:00,LLA,25.0,21.991848,9.0,9.0,15.829898834228516,False
2025-12-08 03:00:00,LLA,25.0,20.58092,7.214286,7.214285714285714,15.829898834228516,False
2025-12-08 04:00:00,LLA,20.0,17.207067,4.428571,4.428571428571429,15.829898834228516,False
2025-12-08 05:00:00,LLA,13.0,14.316915,3.0714285,3.0714285714285716,15.829898834228516,False
2025-12-08 06:00:00,LLA,10.0,10.3939085,2.2142856,2.2142857142857144,15.829898834228516,False
2025-12-08 07:00:00,LLA,8.0,8.352137,2.357143,2.357142857142857,15.829898834228516,False
2025-12-08 08:00:00,LLA,10.0,10.12706,4.714286,4.714285714285714,15.829898834228516,False
2025-12-08 09:00:00,LLA,18.0,19.02472,13.5,13.5,15.829898834228516,False
2025-12-08 10:00:00,LLA,23.0,34.65942,30.714285,30.714285714285715,15.829898834228516,False
2025-12-08 11:00:00,LLA,22.0,48.03341,47.714287,47.714285714285715,15.829898834228516,True
2025-12-08 12:00:00,LLA,20.0,50.26462,56.785713,56.785714285714285,15.829898834228516,True
2025-12-08 13:00:00,LLA,25.0,53.528236,65.0,65.0,15.829898834228516,True
2025-12-08 14:00:00,LLA,29.0,53.116608,68.64286,68.64285714285714,15.829898834228516,True
2025-12-08 15:00:00,LLA,31.0,50.729,67.14286,67.14285714285714,15.829898834228516,True
2025-12-08 16:00:00,LLA,25.0,43.067856,60.642857,60.642857142857146,15.829898834228516,True
2025-12-08 17:00:00,LLA,15.0,31.88504,45.57143,45.57142857142857,15.829898834228516,True
2025-12-08 18:00:00,LLA,6.0,23.229736,29.785715,29.785714285714285,15.829898834228516,True
2025-12-08 19:00:00,LLA,5.0,22.587847,24.928572,24.928571428571427,15.829898834228516,True
2025-12-08 20:00:00,LLA,4.0,17.346361,19.5,19.5,15.829898834228516,False
2025-12-08 21:00:00,LLA,5.0,10.688362,12.071428,12.071428571428571,15.829898834228516,False
2025-12-08 22:00:00,LLA,4.0,10.021541,10.642858,10.642857142857142,15.829898834228516,False
2025-12-08 23:00:00,LLA,3.0,11.817643,12.357142,12.357142857142858,15.829898834228516,False
2025-12-09 00:00:00,LLA,3.0,11.622035,11.909091,11.909090909090908,15.829898834228516,False
2025-12-09 01:00:00,LLA,3.0,11.913497,11.545455,11.545454545454545,15.829898834228516,False
2025-12-09 02:00:00,LLA,4.0,11.88445,11.181818,11.181818181818182,15.829898834228516,False
2025-12-09 03:00:00,LLA,5.0,9.635882,8.928572,8.928571428571429,15.829898834228516,False
2025-12-09 04:00:00,LLA,3.0,6.727569,5.785714,5.785714285714286,15.829898834228516,False
2025-12-09 05:00:00,LLA,3.0,4.9686074,3.9285715,3.9285714285714284,15.829898834228516,False
2025-12-09 06:00:00,LLA,2.0,4.1964474,2.857143,2.857142857142857,15.829898834228516,False
2025-12-09 07:00:00,LLA,3.0,4.3636823,2.7857144,2.7857142857142856,15.829898834228516,False
2025-12-09 08:00:00,LLA,5.0,7.0383863,5.071429,5.071428571428571,15.829898834228516,False
2025-12-09 09:00:00,LLA,12.0,16.210033,13.428572,13.428571428571429,15.829898834228516,False
2025-12-09 10:00:00,LLA,29.0,33.131405,29.428572,29.428571428571427,15.829898834228516,False
2025-12-09 11:00:00,LLA,38.0,52.77713,45.142857,45.142857142857146,15.829898834228516,False
2025-12-09 12:00:00,LLA,43.0,62.65294,52.785713,52.785714285714285,15.829898834228516,True
2025-12-09 13:00:00,LLA,43.0,68.60696,59.76923,59.76923076923077,15.829898834228516,True
2025-12-09 14:00:00,LLA,54.0,66.73568,63.07143,63.07142857142857,15.829898834228516,False
2025-12-09 15:00:00,LLA,64.0,70.063034,61.57143,61.57142857142857,15.829898834228516,False
2025-12-09 16:00:00,LLA,61.0,59.34452,54.5,54.5,15.829898834228516,False
2025-12-09 17:00:00,LLA,37.0,55.288105,40.57143,40.57142857142857,15.829898834228516,True
2025-12-09 18:00:00,LLA,13.0,41.245285,27.928572,27.928571428571427,15.829898834228516,True
2025-12-09 19:00:00,LLA,19.0,27.960484,23.428572,23.428571428571427,15.829898834228516,False
2025-12-09 20:00:00,LLA,18.0,27.552917,18.357143,18.357142857142858,15.829898834228516,False
2025-12-09 21:00:00,LLA,12.0,20.702988,12.0,12.0,15.829898834228516,False
2025-12-09 22:00:00,LLA,11.0,16.888891,10.571428,10.571428571428571,15.829898834228516,False
2025-12-09 23:00:00,LLA,11.0,15.67062,11.5,11.5,15.829898834228516,False
2025-12-10 00:00:00,LLA,11.0,14.252715,11.166667,11.166666666666666,15.829898834228516,False
2025-12-10 01:00:00,LLA,5.0,16.470657,10.833333,10.833333333333334,15.829898834228516,False
2025-12-10 02:00:00,LLA,2.0,14.5638895,10.583333,10.583333333333334,15.829898834228516,False
2025-12-10 03:00:00,LLA,2.0,11.818823,8.857142,8.857142857142858,15.829898834228516,False
2025-12-10 04:00:00,LLA,2.0,7.4710054,5.928571,5.928571428571429,15.829898834228516,False
2025-12-10 05:00:00,LLA,2.0,5.204889,4.0,4.0,15.829898834228516,False
2025-12-10 06:00:00,LLA,2.0,3.719944,2.857143,2.857142857142857,15.829898834228516,False
2025-12-10 07:00:00,LLA,2.0,3.7576387,2.857143,2.857142857142857,15.829898834228516,False
2025-12-10 08:00:00,LLA,4.0,6.3071003,5.214286,5.214285714285714,15.829898834228516,False
2025-12-10 09:00:00,LLA,11.0,13.679121,13.071428,13.071428571428571,15.829898834228516,False
2025-12-10 10:00:00,LLA,24.0,28.197817,28.071428,28.071428571428573,15.829898834228516,False
2025-12-10 11:00:00,LLA,36.0,45.13225,43.0,43.0,15.829898834228516,False
2025-12-10 12:00:00,LLA,43.0,53.78215,50.285713,50.285714285714285,15.829898834228516,False
2025-12-10 13:00:00,LLA,47.0,57.51022,56.23077,56.23076923076923,15.829898834228516,False
2025-12-10 14:00:00,LLA,46.0,59.357235,60.357143,60.357142857142854,15.829898834228516,False
2025-12-10 15:00:00,LLA,59.0,56.225193,59.857143,59.857142857142854,15.829898834228516,False
2025-12-10 16:00:00,LLA,43.0,48.88933,52.714287,52.714285714285715,15.829898834228516,False
2025-12-10 17:00:00,LLA,20.0,41.59386,39.357143,39.357142857142854,15.829898834228516,True
2025-12-10 18:00:00,LLA,7.0,29.506168,27.5,27.5,15.829898834228516,True
2025-12-10 19:00:00,LLA,20.0,22.944153,23.0,23.0,15.829898834228516,False
2025-12-10 20:00:00,LLA,24.0,18.706402,17.642857,17.642857142857142,15.829898834228516,False
2025-12-10 21:00:00,LLA,21.0,15.83169,11.428572,11.428571428571429,15.829898834228516,False
2025-12-10 22:00:00,LLA,6.0,14.339809,10.714286,10.714285714285714,15.829898834228516,False
2025-12-10 23:00:00,LLA,9.0,12.43208,11.142858,11.142857142857142,15.829898834228516,False
2025-12-11 00:00:00,LLA,11.0,12.185496,9.833333,9.833333333333334,15.829898834228516,False
2025-12-11 01:00:00,LLA,10.0,13.036342,9.5,9.5,15.829898834228516,False
2025-12-11 02:00:00,LLA,6.0,12.768382,9.416667,9.416666666666666,15.829898834228516,False
2025-12-11 03:00:00,LLA,2.0,10.6340065,8.285714,8.285714285714286,15.829898834228516,False
2025-12-11 04:00:00,LLA,2.0,7.4662533,6.0,6.0,15.829898834228516,False
2025-12-11 05:00:00,LLA,2.0,5.3346853,4.071429,4.071428571428571,15.829898834228516,False
2025-12-11 06:00:00,LLA,2.0,4.01103,2.857143,2.857142857142857,15.829898834228516,False
2025-12-11 07:00:00,LLA,4.0,4.201168,2.7857144,2.7857142857142856,15.829898834228516,False
2025-12-11 08:00:00,LLA,7.0,6.154412,5.0,5.0,15.829898834228516,False
2025-12-11 09:00:00,LLA,15.0,13.786823,12.857142,12.857142857142858,15.829898834228516,False
2025-12-11 10:00:00,LLA,27.0,29.325302,28.0,28.0,15.829898834228516,False
2025-12-11 11:00:00,LLA,34.0,45.051086,42.714287,42.714285714285715,15.829898834228516,False
2025-12-11 12:00:00,LLA,37.0,54.096703,50.07143,50.07142857142857,15.829898834228516,True
2025-12-11 13:00:00,LLA,43.0,60.891235,55.923077,55.92307692307692,15.829898834228516,True
2025-12-11 14:00:00,LLA,54.0,64.510826,59.57143,59.57142857142857,15.829898834228516,False
2025-12-11 15:00:00,LLA,59.0,63.872482,60.214287,60.214285714285715,15.829898834228516,False
2025-12-11 16:00:00,LLA,57.0,56.761257,53.42857,53.42857142857143,15.829898834228516,False
2025-12-11 17:00:00,LLA,34.0,45.53638,39.142857,39.142857142857146,15.829898834228516,False
2025-12-11 18:00:00,LLA,19.0,36.077312,26.071428,26.071428571428573,15.829898834228516,True
2025-12-11 19:00:00,LLA,26.0,24.857296,22.642857,22.642857142857142,15.829898834228516,False
2025-12-11 20:00:00,LLA,12.0,21.354382,18.428572,18.428571428571427,15.829898834228516,False
2025-12-11 21:00:00,LLA,15.0,20.18399,12.142858,12.142857142857142,15.829898834228516,False
2025-12-11 22:00:00,LLA,12.0,14.726928,9.714286,9.714285714285714,15.829898834228516,False
2025-12-11 23:00:00,LLA,2.0,11.3771515,10.214286,10.214285714285714,15.829898834228516,False
2025-12-12 00:00:00,LLA,5.0,8.335072,8.916667,8.916666666666666,15.829898834228516,False
2025-12-12 01:00:00,LLA,5.0,7.48455,8.166667,8.166666666666666,15.829898834228516,False
2025-12-12 02:00:00,LLA,2.0,7.5116906,7.9166665,7.916666666666667,15.829898834228516,False
2025-12-12 03:00:00,LLA,2.0,7.3615093,6.714286,6.714285714285714,15.829898834228516,False
2025-12-12 04:00:00,LLA,2.0,5.7588387,4.857143,4.857142857142857,15.829898834228516,False
2025-12-12 05:00:00,LLA,2.0,4.6139145,3.357143,3.357142857142857,15.829898834228516,False
2025-12-12 06:00:00,LLA,2.0,3.8941233,2.4285715,2.4285714285714284,15.829898834228516,False
2025-12-12 07:00:00,LLA,3.0,4.5341682,2.7857144,2.7857142857142856,15.829898834228516,False
2025-12-12 08:00:00,LLA,5.0,6.454017,5.0,5.0,15.829898834228516,False
2025-12-12 09:00:00,LLA,9.0,12.764877,12.785714,12.785714285714286,15.829898834228516,False
2025-12-12 10:00:00,LLA,23.0,26.594816,28.142857,28.142857142857142,15.829898834228516,False
2025-12-12 11:00:00,LLA,47.0,44.562855,42.714287,42.714285714285715,15.829898834228516,False
2025-12-12 12:00:00,LLA,55.0,54.379868,50.142857,50.142857142857146,15.829898834228516,False
2025-12-12 13:00:00,LLA,62.0,61.580307,56.384617,56.38461538461539,15.829898834228516,False
2025-12-12 14:00:00,LLA,68.0,62.022945,60.785713,60.785714285714285,15.829898834228516,False
2025-12-12 15:00:00,LLA,53.0,63.444683,62.07143,62.07142857142857,15.829898834228516,False
2025-12-12 16:00:00,LLA,44.0,56.74529,55.357143,55.357142857142854,15.829898834228516,False
2025-12-12 17:00:00,LLA,34.0,34.762764,39.857143,39.857142857142854,15.829898834228516,False
2025-12-12 18:00:00,LLA,16.0,27.333988,25.785715,25.785714285714285,15.829898834228516,False
2025-12-12 19:00:00,LLA,25.0,23.548624,23.214285,23.214285714285715,15.829898834228516,False
2025-12-12 20:00:00,LLA,21.0,21.139872,18.428572,18.428571428571427,15.829898834228516,False
2025-12-12 21:00:00,LLA,11.0,14.230149,12.357142,12.357142857142858,15.829898834228516,False
2025-12-12 22:00:00,LLA,6.0,12.32945,9.571428,9.571428571428571,15.829898834228516,False
2025-12-12 23:00:00,LLA,6.0,10.534351,9.285714,9.285714285714286,15.829898834228516,False
2025-12-13 03:00:00,LLA,2.0,7.0589304,5.214286,5.214285714285714,15.829898834228516,False
2025-12-13 04:00:00,LLA,2.0,3.7728624,3.642857,3.642857142857143,15.829898834228516,False
2025-12-13 05:00:00,LLA,2.0,3.4529636,2.7142856,2.7142857142857144,15.829898834228516,False
2025-12-13 06:00:00,LLA,2.0,3.40456,2.4285715,2.4285714285714284,15.829898834228516,False
2025-12-13 07:00:00,LLA,3.0,3.921108,2.857143,2.857142857142857,15.829898834228516,False
2025-12-13 08:00:00,LLA,4.0,5.428921,4.928571,4.928571428571429,15.829898834228516,False
2025-12-13 09:00:00,LLA,9.0,13.301858,12.571428,12.571428571428571,15.829898834228516,False
2025-12-13 10:00:00,LLA,18.0,23.259296,28.357143,28.357142857142858,15.829898834228516,False
2025-12-13 11:00:00,LLA,35.0,35.849705,44.642857,44.642857142857146,15.829898834228516,False
2025-12-13 12:00:00,LLA,40.0,44.344353,52.42857,52.42857142857143,15.829898834228516,False
2025-12-13 13:00:00,LLA,52.0,54.38491,59.384617,59.38461538461539,15.829898834228516,False
2025-12-13 14:00:00,LLA,56.0,58.27762,64.28571,64.28571428571429,15.829898834228516,False
2025-12-13 15:00:00,LLA,54.0,60.753532,64.42857,64.42857142857143,15.829898834228516,False
2025-12-13 16:00:00,LLA,51.0,58.019493,56.92857,56.92857142857143,15.829898834228516,False
2025-12-13 17:00:00,LLA,33.0,48.799072,41.5,41.5,15.829898834228516,False
2025-12-13 18:00:00,LLA,17.0,35.37068,26.571428,26.571428571428573,15.829898834228516,True
2025-12-13 19:00:00,LLA,26.0,32.595146,24.785715,24.785714285714285,15.829898834228516,False
2025-12-13 20:00:00,LLA,20.0,25.593313,19.642857,19.642857142857142,15.829898834228516,False
2025-12-13 21:00:00,LLA,17.0,19.664452,12.928572,12.928571428571429,15.829898834228516,False
2025-12-13 22:00:00,LLA,7.0,13.728725,9.642858,9.642857142857142,15.829898834228516,False
2025-12-13 23:00:00,LLA,9.0,11.198815,9.571428,9.571428571428571,15.829898834228516,False
2025-12-14 00:00:00,LLA,4.0,9.391808,8.363636,8.363636363636363,15.829898834228516,False
2025-12-14 01:00:00,LLA,8.0,8.981755,7.2727275,7.2727272727272725,15.829898834228516,False
2025-12-14 02:00:00,LLA,10.0,8.17729,6.7272725,6.7272727272727275,15.829898834228516,False
2025-12-14 03:00:00,LLA,2.0,7.500178,5.285714,5.285714285714286,15.829898834228516,False
2025-12-14 04:00:00,LLA,2.0,5.867798,3.7142856,3.7142857142857144,15.829898834228516,False
2025-12-14 05:00:00,LLA,2.0,5.1283245,2.7857144,2.7857142857142856,15.829898834228516,False
2025-12-14 06:00:00,LLA,2.0,5.259859,2.5,2.5,15.829898834228516,False
2025-12-14 07:00:00,LLA,3.0,6.0710983,3.0,3.0,15.829898834228516,False
2025-12-14 08:00:00,LLA,7.0,7.8423157,5.0,5.0,15.829898834228516,False
2025-12-14 09:00:00,LLA,18.0,15.791884,12.642858,12.642857142857142,15.829898834228516,False
2025-12-14 10:00:00,LLA,26.0,32.32926,28.571428,28.571428571428573,15.829898834228516,False
2025-12-14 11:00:00,LLA,39.0,49.699047,44.857143,44.857142857142854,15.829898834228516,False
2025-12-14 12:00:00,LLA,46.0,57.70344,51.857143,51.857142857142854,15.829898834228516,False
2025-12-14 13:00:00,LLA,46.0,62.78681,59.076923,59.07692307692308,15.829898834228516,True
2025-12-14 14:00:00,LLA,40.0,62.004005,64.0,64.0,15.829898834228516,True
2025-12-14 15:00:00,LLA,42.0,60.773277,64.57143,64.57142857142857,15.829898834228516,True
2025-12-14 16:00:00,LLA,38.0,55.716145,57.42857,57.42857142857143,15.829898834228516,True
2025-12-14 17:00:00,LLA,34.0,47.04271,41.214287,41.214285714285715,15.829898834228516,False
2025-12-14 18:00:00,LLA,19.0,38.315372,27.071428,27.071428571428573,15.829898834228516,True
2025-12-14 19:00:00,LLA,11.0,38.434414,25.857143,25.857142857142858,15.829898834228516,True
2025-12-14 20:00:00,LLA,10.0,32.977386,19.857143,19.857142857142858,15.829898834228516,True
2025-12-14 21:00:00,LLA,14.0,26.246986,14.0,14.0,15.829898834228516,False
2025-12-14 22:00:00,LLA,16.0,19.547615,9.428572,9.428571428571429,15.829898834228516,False
2025-12-14 23:00:00,LLA,19.0,20.619287,9.785714,9.785714285714286,15.829898834228516,False
2025-12-15 00:00:00,LLA,19.0,20.27554,8.636364,8.636363636363637,15.829898834228516,False
2025-12-15 01:00:00,LLA,19.0,20.029526,7.909091,7.909090909090909,15.829898834228516,False
2025-12-15 02:00:00,LLA,22.0,19.823523,7.5454545,7.545454545454546,15.829898834228516,False
2025-12-15 03:00:00,LLA,21.0,17.021105,5.357143,5.357142857142857,15.829898834228516,False
2025-12-15 04:00:00,LLA,17.0,15.684069,3.7857144,3.7857142857142856,15.829898834228516,False
2025-12-15 05:00:00,LLA,9.0,13.112503,2.857143,2.857142857142857,15.829898834228516,False
2025-12-15 06:00:00,LLA,6.0,9.251355,2.5714285,2.5714285714285716,15.829898834228516,False
2025-12-15 07:00:00,LLA,6.0,4.5592422,3.0714285,3.0714285714285716,15.829898834228516,False
2025-12-15 08:00:00,LLA,8.0,0.39482975,5.0,5.0,15.829898834228516,False
2025-12-15 09:00:00,LLA,14.0,2.2630634,12.785714,12.785714285714286,15.829898834228516,False
2025-12-15 10:00:00,LLA,15.0,12.216861,27.714285,27.714285714285715,15.829898834228516,False
2025-12-15 11:00:00,LLA,18.0,24.15314,43.5,43.5,15.829898834228516,False
2025-12-15 12:00:00,LLA,18.0,29.515776,50.357143,50.357142857142854,15.829898834228516,False
2025-12-15 13:00:00,LLA,18.0,34.444313,57.0,57.0,15.829898834228516,True
2025-12-15 14:00:00,LLA,15.0,37.15505,61.5,61.5,15.829898834228516,True
2025-12-15 15:00:00,LLA,16.0,39.02001,62.0,62.0,15.829898834228516,True
2025-12-15 16:00:00,LLA,13.0,36.695965,54.5,54.5,15.829898834228516,True
2025-12-15 17:00:00,LLA,11.0,30.861021,38.285713,38.285714285714285,15.829898834228516,True
2025-12-15 18:00:00,LLA,5.0,23.540201,25.142857,25.142857142857142,15.829898834228516,True
2025-12-15 19:00:00,LLA,4.0,22.084522,24.214285,24.214285714285715,15.829898834228516,True
2025-12-15 20:00:00,LLA,3.0,17.156607,18.285715,18.285714285714285,15.829898834228516,False
2025-12-15 21:00:00,LLA,3.0,12.694493,14.071428,14.071428571428571,15.829898834228516,False
2025-12-15 22:00:00,LLA,4.0,8.549402,9.857142,9.857142857142858,15.829898834228516,False
2025-12-15 23:00:00,LLA,7.0,9.372149,10.5,10.5,15.829898834228516,False
2025-12-16 00:00:00,LLA,6.0,9.145379,9.5,9.5,15.829898834228516,False
2025-12-16 01:00:00,LLA,7.0,7.325003,8.833333,8.833333333333334,15.829898834228516,False
2025-12-16 02:00:00,LLA,4.0,7.1791153,8.75,8.75,15.829898834228516,False
2025-12-16 03:00:00,LLA,2.0,5.1247373,6.5,6.5,15.829898834228516,False
2025-12-16 04:00:00,LLA,2.0,3.4832711,4.857143,4.857142857142857,15.829898834228516,False
2025-12-16 05:00:00,LLA,2.0,1.5802014,3.357143,3.357142857142857,15.829898834228516,False
2025-12-16 06:00:00,LLA,2.0,0.39497638,2.857143,2.857142857142857,15.829898834228516,False
2025-12-16 07:00:00,LLA,2.0,-0.33950162,3.357143,3.357142857142857,15.829898834228516,False
2025-12-16 08:00:00,LLA,4.0,-0.8439717,5.357143,5.357142857142857,15.829898834228516,False
2025-12-16 09:00:00,LLA,10.0,3.487401,13.071428,13.071428571428571,15.829898834228516,False
2025-12-16 10:00:00,LLA,23.0,14.69243,27.071428,27.071428571428573,15.829898834228516,False
2025-12-16 11:00:00,LLA,35.0,24.774658,41.214287,41.214285714285715,15.829898834228516,False
2025-12-16 12:00:00,LLA,44.0,30.200483,47.42857,47.42857142857143,15.829898834228516,False
2025-12-16 13:00:00,LLA,46.0,41.96927,54.214287,54.214285714285715,15.829898834228516,False
2025-12-16 14:00:00,LLA,50.0,52.68388,57.285713,57.285714285714285,15.829898834228516,False
2025-12-16 15:00:00,LLA,59.0,57.894157,58.214287,58.214285714285715,15.829898834228516,False
2025-12-16 16:00:00,LLA,50.0,60.509468,51.642857,51.642857142857146,15.829898834228516,False
2025-12-16 17:00:00,LLA,33.0,53.53659,35.92857,35.92857142857143,15.829898834228516,True
2025-12-16 18:00:00,LLA,8.0,39.44553,23.142857,23.142857142857142,15.829898834228516,True
2025-12-16 19:00:00,LLA,39.0,26.395737,22.285715,22.285714285714285,15.829898834228516,False
2025-12-16 20:00:00,LLA,29.0,19.24395,17.714285,17.714285714285715,15.829898834228516,False
2025-12-16 21:00:00,LLA,27.0,12.972776,13.357142,13.357142857142858,15.829898834228516,False
2025-12-16 22:00:00,LLA,10.0,9.366893,9.714286,9.714285714285714,15.829898834228516,False
2025-12-16 23:00:00,LLA,12.0,8.756586,10.285714,10.285714285714286,15.829898834228516,False
2025-12-17 00:00:00,LLA,5.0,9.254576,9.833333,9.833333333333334,15.829898834228516,False
2025-12-17 01:00:00,LLA,2.0,8.614455,9.25,9.25,15.829898834228516,False
2025-12-17 02:00:00,LLA,2.0,7.58938,8.916667,8.916666666666666,15.829898834228516,False
2025-12-17 03:00:00,LLA,2.0,6.0758514,6.5,6.5,15.829898834228516,False
2025-12-17 04:00:00,LLA,2.0,4.8779593,4.857143,4.857142857142857,15.829898834228516,False
2025-12-17 05:00:00,LLA,2.0,3.7339177,3.357143,3.357142857142857,15.829898834228516,False
2025-12-17 06:00:00,LLA,2.0,3.2975087,2.857143,2.857142857142857,15.829898834228516,False
2025-12-17 07:00:00,LLA,2.0,3.7903497,3.357143,3.357142857142857,15.829898834228516,False
2025-12-17 08:00:00,LLA,3.0,5.651659,5.428571,5.428571428571429,15.829898834228516,False
2025-12-17 09:00:00,LLA,8.0,12.853845,13.0,13.0,15.829898834228516,False
2025-12-17 10:00:00,LLA,17.0,26.296019,26.214285,26.214285714285715,15.829898834228516,False
2025-12-17 11:00:00,LLA,30.0,47.654602,39.642857,39.642857142857146,15.829898834228516,True
2025-12-17 12:00:00,LLA,52.0,57.347343,45.5,45.5,15.829898834228516,False
2025-12-17 13:00:00,LLA,64.0,63.564762,51.214287,51.214285714285715,15.829898834228516,False
2025-12-17 14:00:00,LLA,77.0,64.8862,54.214287,54.214285714285715,15.829898834228516,False
2025-12-17 15:00:00,LLA,66.0,66.94519,56.92857,56.92857142857143,15.829898834228516,False
2025-12-17 16:00:00,LLA,45.0,57.691757,51.142857,51.142857142857146,15.829898834228516,False
2025-12-17 17:00:00,LLA,24.0,42.72387,35.07143,35.07142857142857,15.829898834228516,True
2025-12-17 18:00:00,LLA,12.0,29.169476,20.928572,20.928571428571427,15.829898834228516,True
2025-12-17 19:00:00,LLA,6.0,28.856232,23.214285,23.214285714285715,15.829898834228516,True
2025-12-17 20:00:00,LLA,3.0,23.2047,19.0,19.0,15.829898834228516,True
2025-12-17 21:00:00,LLA,2.0,12.820751,14.857142,14.857142857142858,15.829898834228516,False
2025-12-17 22:00:00,LLA,2.0,5.490569,10.214286,10.214285714285714,15.829898834228516,False
2025-12-17 23:00:00,LLA,2.0,5.3430996,11.0,11.0,15.829898834228516,False
2025-12-18 00:00:00,LLA,2.0,4.7181096,10.0,10.0,15.829898834228516,False
2025-12-18 01:00:00,LLA,2.0,4.6076946,9.25,9.25,15.829898834228516,False
2025-12-18 02:00:00,LLA,2.0,5.385792,8.916667,8.916666666666666,15.829898834228516,False
2025-12-18 03:00:00,LLA,2.0,4.1502705,6.5,6.5,15.829898834228516,False
2025-12-18 04:00:00,LLA,2.0,3.4616456,4.785714,4.785714285714286,15.829898834228516,False
2025-12-18 05:00:00,LLA,2.0,3.03622,3.357143,3.357142857142857,15.829898834228516,False
2025-12-18 06:00:00,LLA,2.0,2.8032982,2.857143,2.857142857142857,15.829898834228516,False
2025-12-18 07:00:00,LLA,2.0,3.4347022,3.357143,3.357142857142857,15.829898834228516,False
2025-12-18 08:00:00,LLA,4.0,5.5977263,5.357143,5.357142857142857,15.829898834228516,False
2025-12-18 09:00:00,LLA,7.0,12.168499,12.357142,12.357142857142858,15.829898834228516,False
2025-12-18 10:00:00,LLA,22.0,23.060883,24.357143,24.357142857142858,15.829898834228516,False
2025-12-22 11:00:00,LLA,26.0,37.16903,33.4,33.4,15.829898834228516,False
2025-12-22 12:00:00,LLA,36.0,42.240917,39.8,39.8,15.829898834228516,False
2025-12-22 13:00:00,LLA,42.0,45.97409,44.6,44.6,15.829898834228516,False
2025-12-22 14:00:00,LLA,34.0,47.90818,48.9,48.9,15.829898834228516,False
2025-12-22 15:00:00,LLA,26.0,46.8967,50.3,50.3,15.829898834228516,True
2025-12-22 16:00:00,LLA,18.0,26.869238,42.7,42.7,15.829898834228516,False
2025-12-22 17:00:00,LLA,13.0,8.153469,27.5,27.5,15.829898834228516,False
2025-12-22 18:00:00,LLA,2.0,-0.9150505,12.2,12.2,15.829898834228516,False
2025-12-22 19:00:00,LLA,2.0,9.368584,18.1,18.1,15.829898834228516,False
2025-12-22 20:00:00,LLA,3.0,7.8742495,14.4,14.4,15.829898834228516,False
2025-12-22 21:00:00,LLA,5.0,8.445966,12.7,12.7,15.829898834228516,False
2025-12-22 22:00:00,LLA,7.0,6.149974,7.8,7.8,15.829898834228516,False
2025-12-22 23:00:00,LLA,7.0,7.2298384,8.0,8.0,15.829898834228516,False
2025-12-23 00:00:00,LLA,5.0,6.7733264,7.3333335,7.333333333333333,15.829898834228516,False
2025-12-23 01:00:00,LLA,2.0,6.867924,6.7777777,6.777777777777778,15.829898834228516,False
2025-12-23 02:00:00,LLA,4.0,6.420959,6.0,6.0,15.829898834228516,False
2025-12-23 03:00:00,LLA,4.0,5.0168486,4.2,4.2,15.829898834228516,False
2025-12-23 04:00:00,LLA,0.0,4.7665043,3.6,3.6,15.829898834228516,False
2025-12-23 05:00:00,LLA,0.0,3.688944,2.8,2.8,15.829898834228516,False
2025-12-23 06:00:00,LLA,0.0,3.1183167,2.4,2.4,15.829898834228516,False
2025-12-23 07:00:00,LLA,0.0,3.8385649,3.0,3.0,15.829898834228516,False
2025-12-23 08:00:00,LLA,4.0,4.8283205,5.1,5.1,15.829898834228516,False
2025-12-23 09:00:00,LLA,11.0,10.149168,11.3,11.3,15.829898834228516,False
2025-12-23 10:00:00,LLA,9.0,19.48152,22.4,22.4,15.829898834228516,False
2025-12-23 11:00:00,LLA,11.0,27.943642,33.8,33.8,15.829898834228516,True
2025-12-23 12:00:00,LLA,25.0,33.808254,41.4,41.4,15.829898834228516,False
2025-12-23 13:00:00,LLA,41.0,39.91461,46.3,46.3,15.829898834228516,False
2025-12-23 14:00:00,LLA,52.0,47.36561,49.4,49.4,15.829898834228516,False
2025-12-23 15:00:00,LLA,62.0,53.82181,49.8,49.8,15.829898834228516,False
2025-12-23 16:00:00,LLA,63.0,49.630245,42.0,42.0,15.829898834228516,False
2025-12-23 17:00:00,LLA,37.0,37.28779,27.3,27.3,15.829898834228516,False
2025-12-23 18:00:00,LLA,7.0,16.994616,11.8,11.8,15.829898834228516,False
2025-12-23 19:00:00,LLA,5.0,12.187117,17.8,17.8,15.829898834228516,False
2025-12-23 20:00:00,LLA,6.0,10.926983,14.3,14.3,15.829898834228516,False
2025-12-23 21:00:00,LLA,5.0,11.6459675,12.7,12.7,15.829898834228516,False
2025-12-23 22:00:00,LLA,6.0,5.650915,8.1,8.1,15.829898834228516,False
2025-12-23 23:00:00,LLA,9.0,4.9537697,8.4,8.4,15.829898834228516,False
2025-12-24 00:00:00,LLA,10.0,3.415598,7.5555553,7.555555555555555,15.829898834228516,False
2025-12-24 01:00:00,LLA,7.0,2.8669875,6.6666665,6.666666666666667,15.829898834228516,False
2025-12-24 02:00:00,LLA,0.0,2.9538074,6.0,6.0,15.829898834228516,False
2025-12-24 03:00:00,LLA,0.0,2.0546227,4.1,4.1,15.829898834228516,False
2025-12-24 04:00:00,LLA,0.0,1.6736891,3.3,3.3,15.829898834228516,False
2025-12-24 05:00:00,LLA,0.0,1.3685286,2.5,2.5,15.829898834228516,False
2025-12-24 06:00:00,LLA,0.0,1.445626,2.2,2.2,15.829898834228516,False
2025-12-24 07:00:00,LLA,0.0,2.1600385,2.7,2.7,15.829898834228516,False
2025-12-24 08:00:00,LLA,1.0,3.9181676,5.0,5.0,15.829898834228516,False
2025-12-24 09:00:00,LLA,6.0,9.1903305,11.2,11.2,15.829898834228516,False
2025-12-24 10:00:00,LLA,16.0,16.086912,20.4,20.4,15.829898834228516,False
2025-12-24 11:00:00,LLA,30.0,24.017477,31.1,31.1,15.829898834228516,False
2025-12-24 12:00:00,LLA,36.0,33.724964,39.6,39.6,15.829898834228516,False
2025-12-24 13:00:00,LLA,47.0,38.75461,46.1,46.1,15.829898834228516,False
2025-12-24 14:00:00,LLA,46.0,43.169468,49.2,49.2,15.829898834228516,False
2025-12-24 15:00:00,LLA,39.0,37.43198,49.6,49.6,15.829898834228516,False
2025-12-24 16:00:00,LLA,50.0,26.876476,42.2,42.2,15.829898834228516,True
2025-12-24 17:00:00,LLA,26.0,18.192348,27.3,27.3,15.829898834228516,False
2025-12-24 18:00:00,LLA,12.0,9.35849,11.2,11.2,15.829898834228516,False
2025-12-24 19:00:00,LLA,9.0,8.509357,16.4,16.4,15.829898834228516,False
2025-12-24 20:00:00,LLA,10.0,8.007462,13.1,13.1,15.829898834228516,False
2025-12-24 21:00:00,LLA,6.0,10.740202,12.0,12.0,15.829898834228516,False
2025-12-24 22:00:00,LLA,7.0,7.3655934,7.6,7.6,15.829898834228516,False
2025-12-24 23:00:00,LLA,12.0,7.705083,8.2,8.2,15.829898834228516,False
2025-12-25 03:00:00,LLA,5.0,5.623875,3.9,3.9,15.829898834228516,False
2025-12-25 04:00:00,LLA,0.0,1.331891,3.1,3.1,15.829898834228516,False
2025-12-25 05:00:00,LLA,0.0,1.8919623,2.3,2.3,15.829898834228516,False
2025-12-25 06:00:00,LLA,0.0,1.7561467,2.0,2.0,15.829898834228516,False
2025-12-25 07:00:00,LLA,0.0,1.9102368,2.5,2.5,15.829898834228516,False
2025-12-25 08:00:00,LLA,2.0,2.179658,4.7,4.7,15.829898834228516,False
2025-12-25 09:00:00,LLA,6.0,3.0829568,10.7,10.7,15.829898834228516,False
2025-12-25 10:00:00,LLA,23.0,4.674101,19.6,19.6,15.829898834228516,True
2025-12-25 11:00:00,LLA,35.0,11.920765,30.5,30.5,15.829898834228516,True
2025-12-25 12:00:00,LLA,50.0,23.552246,38.9,38.9,15.829898834228516,True
2025-12-25 13:00:00,LLA,50.0,33.52742,46.1,46.1,15.829898834228516,True
2025-12-25 14:00:00,LLA,49.0,33.8818,49.2,49.2,15.829898834228516,False
2025-12-25 15:00:00,LLA,43.0,22.848831,47.6,47.6,15.829898834228516,True
2025-12-25 16:00:00,LLA,31.0,18.50483,42.9,42.9,15.829898834228516,False
2025-12-25 17:00:00,LLA,23.0,9.636436,27.9,27.9,15.829898834228516,False
2025-12-25 18:00:00,LLA,23.0,3.245638,11.7,11.7,15.829898834228516,True
2025-12-25 19:00:00,LLA,18.0,11.022085,15.3,15.3,15.829898834228516,False
2025-12-25 20:00:00,LLA,7.0,12.01909,11.7,11.7,15.829898834228516,False
2025-12-25 21:00:00,LLA,7.0,12.218041,10.5,10.5,15.829898834228516,False
2025-12-25 22:00:00,LLA,7.0,6.415779,7.7,7.7,15.829898834228516,False
2025-12-25 23:00:00,LLA,11.0,5.744783,8.5,8.5,15.829898834228516,False
2025-12-26 00:00:00,LLA,5.0,4.07242,7.0,7.0,15.829898834228516,False
2025-12-26 01:00:00,LLA,2.0,4.248417,6.5,6.5,15.829898834228516,False
2025-12-26 02:00:00,LLA,0.0,3.5772352,5.75,5.75,15.829898834228516,False
2025-12-26 03:00:00,LLA,0.0,2.5578327,4.2,4.2,15.829898834228516,False
2025-12-26 04:00:00,LLA,1.0,1.7407155,2.9,2.9,15.829898834228516,False
2025-12-26 05:00:00,LLA,0.0,1.7363938,2.1,2.1,15.829898834228516,False
2025-12-26 06:00:00,LLA,0.0,1.7206566,1.8,1.8,15.829898834228516,False
2025-12-26 07:00:00,LLA,0.0,2.0665567,2.1,2.1,15.829898834228516,False
2025-12-26 08:00:00,LLA,0.0,3.4947667,4.2,4.2,15.829898834228516,False
2025-12-26 09:00:00,LLA,4.0,7.221568,9.8,9.8,15.829898834228516,False
2025-12-26 10:00:00,LLA,15.0,12.069091,19.2,19.2,15.829898834228516,False
2025-12-26 11:00:00,LLA,21.0,16.101793,30.6,30.6,15.829898834228516,False
2025-12-26 12:00:00,LLA,30.0,18.930313,40.2,40.2,15.829898834228516,False
2025-12-26 13:00:00,LLA,39.0,24.303024,46.8,46.8,15.829898834228516,False
2025-12-26 14:00:00,LLA,44.0,27.466602,48.7,48.7,15.829898834228516,True
2025-12-26 15:00:00,LLA,33.0,27.22303,46.0,46.0,15.829898834228516,False
2025-12-26 16:00:00,LLA,14.0,14.055771,40.3,40.3,15.829898834228516,False
2025-12-26 17:00:00,LLA,4.0,0.22313309,26.8,26.8,15.829898834228516,False
2025-12-26 18:00:00,LLA,3.0,-8.247343,12.1,12.1,15.829898834228516,False
2025-12-26 19:00:00,LLA,9.0,-0.110346794,14.5,14.5,15.829898834228516,False
2025-12-26 20:00:00,LLA,11.0,4.757804,11.2,11.2,15.829898834228516,False
2025-12-26 21:00:00,LLA,1.0,4.9981737,9.7,9.7,15.829898834228516,False
2025-12-26 22:00:00,LLA,3.0,2.1588254,7.2,7.2,15.829898834228516,False
2025-12-26 23:00:00,LLA,2.0,3.5847273,9.4,9.4,15.829898834228516,False
2025-12-27 00:00:00,LLA,1.0,2.0619411,7.0,7.0,15.829898834228516,False
2025-12-27 01:00:00,LLA,1.0,2.2608101,6.125,6.125,15.829898834228516,False
2025-12-27 02:00:00,LLA,0.0,2.9406955,5.5,5.5,15.829898834228516,False
2025-12-27 03:00:00,LLA,0.0,1.7814152,4.0,4.0,15.829898834228516,False
2025-12-27 04:00:00,LLA,0.0,0.9189322,2.8,2.8,15.829898834228516,False
2025-12-27 05:00:00,LLA,0.0,0.45068407,1.9,1.9,15.829898834228516,False
2025-12-27 06:00:00,LLA,0.0,0.34287405,1.6,1.6,15.829898834228516,False
2025-12-27 07:00:00,LLA,0.0,0.55190074,1.8,1.8,15.829898834228516,False
2025-12-27 08:00:00,LLA,1.0,1.9797642,3.7,3.7,15.829898834228516,False
2025-12-27 09:00:00,LLA,7.0,6.203474,9.3,9.3,15.829898834228516,False
2025-12-27 10:00:00,LLA,19.0,12.314175,18.4,18.4,15.829898834228516,False
2025-12-27 11:00:00,LLA,32.0,18.125538,28.0,28.0,15.829898834228516,False
2025-12-27 12:00:00,LLA,43.0,28.049511,37.7,37.7,15.829898834228516,False
2025-12-27 13:00:00,LLA,50.0,35.74672,44.5,44.5,15.829898834228516,False
2025-12-27 14:00:00,LLA,53.0,35.597363,46.3,46.3,15.829898834228516,True
2025-12-27 15:00:00,LLA,57.0,31.128185,44.0,44.0,15.829898834228516,True
2025-12-27 16:00:00,LLA,56.0,25.698746,37.3,37.3,15.829898834228516,True
2025-12-27 17:00:00,LLA,50.0,21.330479,23.8,23.8,15.829898834228516,True
2025-12-27 18:00:00,LLA,41.0,16.056128,10.8,10.8,15.829898834228516,True
2025-12-27 19:00:00,LLA,39.0,17.962309,12.9,12.9,15.829898834228516,True
2025-12-27 20:00:00,LLA,28.0,20.479424,10.2,10.2,15.829898834228516,False
2025-12-27 21:00:00,LLA,1.0,11.759731,8.7,8.7,15.829898834228516,False
2025-12-27 22:00:00,LLA,14.0,6.802413,6.9,6.9,15.829898834228516,False
2025-12-27 23:00:00,LLA,6.0,6.535475,9.0,9.0,15.829898834228516,False
2025-12-28 00:00:00,LLA,0.0,1.1552415,6.3333335,6.333333333333333,15.829898834228516,False
2025-12-28 01:00:00,LLA,0.0,0.96856165,5.5555553,5.555555555555555,15.829898834228516,False
2025-12-28 02:00:00,LLA,0.0,1.5184999,4.888889,4.888888888888889,15.829898834228516,False
2025-12-28 03:00:00,LLA,0.0,1.3655162,3.8,3.8,15.829898834228516,False
2025-12-28 04:00:00,LLA,0.0,1.551157,2.6,2.6,15.829898834228516,False
2025-12-28 05:00:00,LLA,0.0,1.1300266,1.7,1.7,15.829898834228516,False
2025-12-28 06:00:00,LLA,0.0,1.6284013,1.4,1.4,15.829898834228516,False
2025-12-28 07:00:00,LLA,0.0,1.903495,1.5,1.5,15.829898834228516,False
2025-12-28 08:00:00,LLA,3.0,3.7419832,3.4,3.4,15.829898834228516,False
2025-12-28 09:00:00,LLA,12.0,9.829674,9.1,9.1,15.829898834228516,False
2025-12-28 10:00:00,LLA,30.0,21.672293,18.5,18.5,15.829898834228516,False
2025-12-28 11:00:00,LLA,55.0,36.314423,27.7,27.7,15.829898834228516,True
2025-12-28 12:00:00,LLA,56.0,55.938477,38.0,38.0,15.829898834228516,False
2025-12-28 13:00:00,LLA,56.0,59.050106,44.3,44.3,15.829898834228516,False
2025-12-28 14:00:00,LLA,65.0,52.19432,46.0,46.0,15.829898834228516,False
2025-12-28 15:00:00,LLA,71.0,46.77919,44.3,44.3,15.829898834228516,True
2025-12-28 16:00:00,LLA,66.0,40.134254,37.8,37.8,15.829898834228516,True
2025-12-28 17:00:00,LLA,57.0,27.517197,25.5,25.5,15.829898834228516,True
2025-12-28 18:00:00,LLA,28.0,17.3238,13.2,13.2,15.829898834228516,False
2025-12-28 19:00:00,LLA,38.0,15.797032,14.2,14.2,15.829898834228516,True
2025-12-28 20:00:00,LLA,32.0,20.81174,11.0,11.0,15.829898834228516,False
2025-12-28 21:00:00,LLA,29.0,18.739233,7.1,7.1,15.829898834228516,False
2025-12-28 22:00:00,LLA,29.0,21.240427,7.6,7.6,15.829898834228516,False
2025-12-28 23:00:00,LLA,15.0,23.931952,8.7,8.7,15.829898834228516,False
2025-12-29 00:00:00,LLA,20.0,19.643932,5.888889,5.888888888888889,15.829898834228516,False
2025-12-29 01:00:00,LLA,5.0,11.262423,4.6666665,4.666666666666667,15.829898834228516,False
2025-12-29 02:00:00,LLA,10.0,7.494071,3.7777777,3.7777777777777777,15.829898834228516,False
2025-12-29 03:00:00,LLA,13.0,5.469444,3.6,3.6,15.829898834228516,False
2025-12-29 04:00:00,LLA,7.0,4.643596,2.4,2.4,15.829898834228516,False
2025-12-29 05:00:00,LLA,0.0,3.6325133,1.5,1.5,15.829898834228516,False
2025-12-29 06:00:00,LLA,0.0,3.1308644,1.2,1.2,15.829898834228516,False
2025-12-29 07:00:00,LLA,0.0,2.9885917,1.2,1.2,15.829898834228516,False
2025-12-29 08:00:00,LLA,1.0,3.7557049,3.0,3.0,15.829898834228516,False
2025-12-29 09:00:00,LLA,5.0,5.6090093,8.5,8.5,15.829898834228516,False
2025-12-29 10:00:00,LLA,19.0,10.80794,18.9,18.9,15.829898834228516,False
2025-12-29 11:00:00,LLA,38.0,19.342083,29.3,29.3,15.829898834228516,True
2025-12-29 14:00:00,LLA,42.0,31.181679,48.5,48.5,15.829898834228516,False
2025-12-29 15:00:00,LLA,42.0,23.303051,47.2,47.2,15.829898834228516,True
2025-12-29 16:00:00,LLA,38.0,13.540861,40.6,40.6,15.829898834228516,True
2025-12-29 17:00:00,LLA,31.0,1.3939571,27.8,27.8,15.829898834228516,True
2025-12-29 18:00:00,LLA,22.0,-2.1470947,14.1,14.1,15.829898834228516,True
2025-12-29 19:00:00,LLA,7.0,8.056806,16.9,16.9,15.829898834228516,False
2025-12-29 20:00:00,LLA,10.0,11.163087,13.2,13.2,15.829898834228516,False
2025-12-29 21:00:00,LLA,20.0,10.684512,8.6,8.6,15.829898834228516,False
2025-12-29 22:00:00,LLA,10.0,10.603151,8.9,8.9,15.829898834228516,False
2025-12-29 23:00:00,LLA,11.0,8.370875,8.3,8.3,15.829898834228516,False
2025-12-30 00:00:00,LLA,13.0,6.640255,6.0,6.0,15.829898834228516,False
2025-12-30 01:00:00,LLA,13.0,5.343466,3.1111112,3.111111111111111,15.829898834228516,False
2025-12-30 02:00:00,LLA,15.0,5.595823,2.4444444,2.4444444444444446,15.829898834228516,False
2025-12-30 03:00:00,LLA,14.0,6.045211,2.8,2.8,15.829898834228516,False
2025-12-30 04:00:00,LLA,11.0,4.4379177,1.4,1.4,15.829898834228516,False
2025-12-30 05:00:00,LLA,8.0,3.2810173,0.6,0.6,15.829898834228516,False
2025-12-30 06:00:00,LLA,8.0,0.29809615,0.6,0.6,15.829898834228516,False
2025-12-30 07:00:00,LLA,5.0,-5.125437,0.6,0.6,15.829898834228516,False
2025-12-30 08:00:00,LLA,11.0,-9.342522,2.3,2.3,15.829898834228516,True
2025-12-30 09:00:00,LLA,15.0,-8.345581,7.6,7.6,15.829898834228516,True
2025-12-30 10:00:00,LLA,19.0,-1.0574951,19.3,19.3,15.829898834228516,True
2025-12-30 11:00:00,LLA,31.0,5.399765,31.3,31.3,15.829898834228516,True
2025-12-30 12:00:00,LLA,32.0,12.597658,41.333332,41.333333333333336,15.829898834228516,True
2025-12-30 13:00:00,LLA,32.0,17.788897,48.333332,48.333333333333336,15.829898834228516,False
2025-12-30 14:00:00,LLA,31.0,19.62252,51.2,51.2,15.829898834228516,False
2025-12-30 15:00:00,LLA,29.0,18.314404,49.8,49.8,15.829898834228516,False
2025-12-30 16:00:00,LLA,21.0,13.362219,43.1,43.1,15.829898834228516,False
2025-12-30 17:00:00,LLA,14.0,3.0457802,29.8,29.8,15.829898834228516,False
2025-12-30 18:00:00,LLA,13.0,-4.3856306,15.8,15.8,15.829898834228516,True
2025-12-30 19:00:00,LLA,3.0,2.412262,17.2,17.2,15.829898834228516,False
2025-12-30 20:00:00,LLA,1.0,3.1973057,13.9,13.9,15.829898834228516,False
2025-12-30 21:00:00,LLA,1.0,1.6479292,10.3,10.3,15.829898834228516,False
2025-12-30 22:00:00,LLA,3.0,2.4105496,9.5,9.5,15.829898834228516,False
2025-12-30 23:00:00,LLA,6.0,2.691576,8.7,8.7,15.829898834228516,False
2025-12-31 03:00:00,LLA,0.0,3.7001512,4.0,4.0,15.829898834228516,False
2025-12-31 04:00:00,LLA,0.0,0.26271868,2.3,2.3,15.829898834228516,False
2025-12-31 05:00:00,LLA,0.0,0.6464091,1.2,1.2,15.829898834228516,False
2025-12-31 06:00:00,LLA,0.0,0.7385286,1.2,1.2,15.829898834228516,False
2025-12-31 07:00:00,LLA,0.0,0.1417653,0.9,0.9,15.829898834228516,False
2025-12-31 08:00:00,LLA,1.0,0.9096968,3.0,3.0,15.829898834228516,False
2025-12-31 09:00:00,LLA,5.0,3.0946035,8.1,8.1,15.829898834228516,False
2025-12-31 10:00:00,LLA,12.0,9.064855,18.9,18.9,15.829898834228516,False
2025-12-31 11:00:00,LLA,30.0,15.626939,30.9,30.9,15.829898834228516,False
2025-12-31 12:00:00,LLA,46.0,26.161106,40.0,40.0,15.829898834228516,True
2025-12-31 13:00:00,LLA,54.0,41.46977,46.77778,46.77777777777778,15.829898834228516,False
2025-12-31 14:00:00,LLA,53.0,48.792633,49.3,49.3,15.829898834228516,False
2025-12-31 15:00:00,LLA,52.0,49.839268,46.8,46.8,15.829898834228516,False
2025-12-31 16:00:00,LLA,51.0,52.94481,40.2,40.2,15.829898834228516,False
2025-12-31 17:00:00,LLA,25.0,36.99057,27.9,27.9,15.829898834228516,False
2025-12-31 18:00:00,LLA,12.0,21.915676,16.3,16.3,15.829898834228516,False
2025-12-31 19:00:00,LLA,19.0,19.14734,13.6,13.6,15.829898834228516,False
2025-12-31 20:00:00,LLA,31.0,18.039715,11.1,11.1,15.829898834228516,False
2025-12-31 21:00:00,LLA,28.0,16.045353,7.7,7.7,15.829898834228516,False
2025-12-31 22:00:00,LLA,21.0,13.997939,8.8,8.8,15.829898834228516,False
2025-12-31 23:00:00,LLA,17.0,12.348492,8.1,8.1,15.829898834228516,False
