fecha,timestamp_maximo,hora,estacion_maximo,valor_original_ppb,bit,delta_ppb,valor_recibido_ppb,banda_original,banda_recibida,cambio_banda,contingencia_real_fase1,falsa_fase1,anulada_fase1,cruce_fase2_instantaneo,anulacion_fase2_instantanea,en_test_lstm
2025-01-01,2025-01-01 13:00:00,13,UAX,112,3,8,120,2,2,0,0,0,0,0,0,False
2025-01-01,2025-01-01 13:00:00,13,UAX,112,4,16,96,2,2,0,0,0,0,0,0,False
2025-01-01,2025-01-01 13:00:00,13,UAX,112,5,32,80,2,1,1,0,0,0,0,0,False
2025-01-01,2025-01-01 13:00:00,13,UAX,112,6,64,48,2,0,1,0,0,0,0,0,False
2025-01-01,2025-01-01 13:00:00,13,UAX,112,7,128,240,2,4,1,0,1,0,1,0,False
2025-01-02,2025-01-02 16:00:00,16,UAX,83,3,8,91,1,2,1,0,0,0,0,0,False
2025-01-02,2025-01-02 16:00:00,16,UAX,83,4,16,67,1,1,0,0,0,0,0,0,False
2025-01-02,2025-01-02 16:00:00,16,UAX,83,5,32,115,1,2,1,0,0,0,0,0,False
2025-01-02,2025-01-02 16:00:00,16,UAX,83,6,64,19,1,0,1,0,0,0,0,0,False
2025-01-02,2025-01-02 16:00:00,16,UAX,83,7,128,211,1,4,1,0,1,0,1,0,False
2025-01-03,2025-01-03 16:00:00,16,AJU,83,3,8,91,1,2,1,0,0,0,0,0,False
2025-01-03,2025-01-03 16:00:00,16,AJU,83,4,16,67,1,1,0,0,0,0,0,0,False
2025-01-03,2025-01-03 16:00:00,16,AJU,83,5,32,115,1,2,1,0,0,0,0,0,False
2025-01-03,2025-01-03 16:00:00,16,AJU,83,6,64,19,1,0,1,0,0,0,0,0,False
2025-01-03,2025-01-03 16:00:00,16,AJU,83,7,128,211,1,4,1,0,1,0,1,0,False
2025-01-04,2025-01-04 15:00:00,15,CCA,84,3,8,92,1,2,1,0,0,0,0,0,False
2025-01-04,2025-01-04 15:00:00,15,CCA,84,4,16,68,1,1,0,0,0,0,0,0,False
2025-01-04,2025-01-04 15:00:00,15,CCA,84,5,32,116,1,2,1,0,0,0,0,0,False
2025-01-04,2025-01-04 15:00:00,15,CCA,84,6,64,20,1,0,1,0,0,0,0,0,False
2025-01-04,2025-01-04 15:00:00,15,CCA,84,7,128,212,1,4,1,0,1,0,1,0,False
2025-01-05,2025-01-05 13:00:00,13,LLA,77,3,8,69,1,1,0,0,0,0,0,0,False
2025-01-05,2025-01-05 13:00:00,13,LLA,77,4,16,93,1,2,1,0,0,0,0,0,False
2025-01-05,2025-01-05 13:00:00,13,LLA,77,5,32,109,1,2,1,0,0,0,0,0,False
2025-01-05,2025-01-05 13:00:00,13,LLA,77,6,64,13,1,0,1,0,0,0,0,0,False
2025-01-05,2025-01-05 13:00:00,13,LLA,77,7,128,205,1,4,1,0,1,0,1,0,False
2025-01-06,2025-01-06 14:00:00,14,UIZ,83,3,8,91,1,2,1,0,0,0,0,0,False
2025-01-06,2025-01-06 14:00:00,14,UIZ,83,4,16,67,1,1,0,0,0,0,0,0,False
2025-01-06,2025-01-06 14:00:00,14,UIZ,83,5,32,115,1,2,1,0,0,0,0,0,False
2025-01-06,2025-01-06 14:00:00,14,UIZ,83,6,64,19,1,0,1,0,0,0,0,0,False
2025-01-06,2025-01-06 14:00:00,14,UIZ,83,7,128,211,1,4,1,0,1,0,1,0,False
2025-01-07,2025-01-07 14:00:00,14,PED,67,3,8,75,1,1,0,0,0,0,0,0,False
2025-01-07,2025-01-07 14:00:00,14,PED,67,4,16,83,1,1,0,0,0,0,0,0,False
2025-01-07,2025-01-07 14:00:00,14,PED,67,5,32,99,1,2,1,0,0,0,0,0,False
2025-01-07,2025-01-07 14:00:00,14,PED,67,6,64,3,1,0,1,0,0,0,0,0,False
2025-01-07,2025-01-07 14:00:00,14,PED,67,7,128,195,1,4,1,0,1,0,0,0,False
2025-01-08,2025-01-08 14:00:00,14,TLA,80,3,8,88,1,1,0,0,0,0,0,0,False
2025-01-08,2025-01-08 14:00:00,14,TLA,80,4,16,64,1,1,0,0,0,0,0,0,False
2025-01-08,2025-01-08 14:00:00,14,TLA,80,5,32,112,1,2,1,0,0,0,0,0,False
2025-01-08,2025-01-08 14:00:00,14,TLA,80,6,64,16,1,0,1,0,0,0,0,0,False
2025-01-08,2025-01-08 14:00:00,14,TLA,80,7,128,208,1,4,1,0,1,0,1,0,False
2025-01-09,2025-01-09 15:00:00,15,AJU,45,3,8,37,0,0,0,0,0,0,0,0,False
2025-01-09,2025-01-09 15:00:00,15,AJU,45,4,16,61,0,1,1,0,0,0,0,0,False
2025-01-09,2025-01-09 15:00:00,15,AJU,45,5,32,13,0,0,0,0,0,0,0,0,False
2025-01-09,2025-01-09 15:00:00,15,AJU,45,6,64,109,0,2,1,0,0,0,0,0,False
2025-01-09,2025-01-09 15:00:00,15,AJU,45,7,128,173,0,3,1,0,1,0,0,0,False
2025-01-10,2025-01-10 12:00:00,12,AJU,36,3,8,44,0,0,0,0,0,0,0,0,False
2025-01-10,2025-01-10 12:00:00,12,AJU,36,4,16,52,0,0,0,0,0,0,0,0,False
2025-01-10,2025-01-10 12:00:00,12,AJU,36,5,32,4,0,0,0,0,0,0,0,0,False
2025-01-10,2025-01-10 12:00:00,12,AJU,36,6,64,100,0,2,1,0,0,0,0,0,False
2025-01-10,2025-01-10 12:00:00,12,AJU,36,7,128,164,0,3,1,0,1,0,0,0,False
2025-01-11,2025-01-11 05:00:00,5,SAC,33,3,8,41,0,0,0,0,0,0,0,0,False
2025-01-11,2025-01-11 05:00:00,5,SAC,33,4,16,49,0,0,0,0,0,0,0,0,False
2025-01-11,2025-01-11 05:00:00,5,SAC,33,5,32,1,0,0,0,0,0,0,0,0,False
2025-01-11,2025-01-11 05:00:00,5,SAC,33,6,64,97,0,2,1,0,0,0,0,0,False
2025-01-11,2025-01-11 05:00:00,5,SAC,33,7,128,161,0,3,1,0,1,0,0,0,False
2025-01-12,2025-01-12 10:00:00,10,SAC,34,3,8,42,0,0,0,0,0,0,0,0,False
2025-01-12,2025-01-12 10:00:00,10,SAC,34,4,16,50,0,0,0,0,0,0,0,0,False
2025-01-12,2025-01-12 10:00:00,10,SAC,34,5,32,2,0,0,0,0,0,0,0,0,False
2025-01-12,2025-01-12 10:00:00,10,SAC,34,6,64,98,0,2,1,0,0,0,0,0,False
2025-01-12,2025-01-12 10:00:00,10,SAC,34,7,128,162,0,3,1,0,1,0,0,0,False
2025-01-13,2025-01-13 14:00:00,14,AJM,95,3,8,87,2,1,1,0,0,0,0,0,False
2025-01-13,2025-01-13 14:00:00,14,AJM,95,4,16,79,2,1,1,0,0,0,0,0,False
2025-01-13,2025-01-13 14:00:00,14,AJM,95,5,32,127,2,2,0,0,0,0,0,0,False
2025-01-13,2025-01-13 14:00:00,14,AJM,95,6,64,31,2,0,1,0,0,0,0,0,False
2025-01-13,2025-01-13 14:00:00,14,AJM,95,7,128,223,2,4,1,0,1,0,1,0,False
2025-01-14,2025-01-14 14:00:00,14,UIZ,93,3,8,85,2,1,1,0,0,0,0,0,False
2025-01-14,2025-01-14 14:00:00,14,UIZ,93,4,16,77,2,1,1,0,0,0,0,0,False
2025-01-14,2025-01-14 14:00:00,14,UIZ,93,5,32,125,2,2,0,0,0,0,0,0,False
2025-01-14,2025-01-14 14:00:00,14,UIZ,93,6,64,29,2,0,1,0,0,0,0,0,False
2025-01-14,2025-01-14 14:00:00,14,UIZ,93,7,128,221,2,4,1,0,1,0,1,0,False
2025-01-15,2025-01-15 15:00:00,15,MER,106,3,8,98,2,2,0,0,0,0,0,0,False
2025-01-15,2025-01-15 15:00:00,15,MER,106,4,16,122,2,2,0,0,0,0,0,0,False
2025-01-15,2025-01-15 15:00:00,15,MER,106,5,32,74,2,1,1,0,0,0,0,0,False
2025-01-15,2025-01-15 15:00:00,15,MER,106,6,64,42,2,0,1,0,0,0,0,0,False
2025-01-15,2025-01-15 15:00:00,15,MER,106,7,128,234,2,4,1,0,1,0,1,0,False
2025-01-16,2025-01-16 14:00:00,14,CHO,93,3,8,85,2,1,1,0,0,0,0,0,False
2025-01-16,2025-01-16 14:00:00,14,CHO,93,4,16,77,2,1,1,0,0,0,0,0,False
2025-01-16,2025-01-16 14:00:00,14,CHO,93,5,32,125,2,2,0,0,0,0,0,0,False
2025-01-16,2025-01-16 14:00:00,14,CHO,93,6,64,29,2,0,1,0,0,0,0,0,False
2025-01-16,2025-01-16 14:00:00,14,CHO,93,7,128,221,2,4,1,0,1,0,1,0,False
2025-01-17,2025-01-17 15:00:00,15,CCA,108,3,8,100,2,2,0,0,0,0,0,0,False
2025-01-17,2025-01-17 15:00:00,15,CCA,108,4,16,124,2,2,0,0,0,0,0,0,False
2025-01-17,2025-01-17 15:00:00,15,CCA,108,5,32,76,2,1,1,0,0,0,0,0,False
2025-01-17,2025-01-17 15:00:00,15,CCA,108,6,64,44,2,0,1,0,0,0,0,0,False
2025-01-17,2025-01-17 15:00:00,15,CCA,108,7,128,236,2,4,1,0,1,0,1,0,False
2025-01-18,2025-01-18 14:00:00,14,TLA,95,3,8,87,2,1,1,0,0,0,0,0,False
2025-01-18,2025-01-18 14:00:00,14,TLA,95,4,16,79,2,1,1,0,0,0,0,0,False
2025-01-18,2025-01-18 14:00:00,14,TLA,95,5,32,127,2,2,0,0,0,0,0,0,False
2025-01-18,2025-01-18 14:00:00,14,TLA,95,6,64,31,2,0,1,0,0,0,0,0,False
2025-01-18,2025-01-18 14:00:00,14,TLA,95,7,128,223,2,4,1,0,1,0,1,0,False
2025-01-19,2025-01-19 13:00:00,13,CCA,109,3,8,101,2,2,0,0,0,0,0,0,False
2025-01-19,2025-01-19 13:00:00,13,CCA,109,4,16,125,2,2,0,0,0,0,0,0,False
2025-01-19,2025-01-19 13:00:00,13,CCA,109,5,32,77,2,1,1,0,0,0,0,0,False
2025-01-19,2025-01-19 13:00:00,13,CCA,109,6,64,45,2,0,1,0,0,0,0,0,False
2025-01-19,2025-01-19 13:00:00,13,CCA,109,7,128,237,2,4,1,0,1,0,1,0,False
2025-01-20,2025-01-20 14:00:00,14,CCA,79,3,8,71,1,1,0,0,0,0,0,0,False
2025-01-20,2025-01-20 14:00:00,14,CCA,79,4,16,95,1,2,1,0,0,0,0,0,False
2025-01-20,2025-01-20 14:00:00,14,CCA,79,5,32,111,1,2,1,0,0,0,0,0,False
2025-01-20,2025-01-20 14:00:00,14,CCA,79,6,64,15,1,0,1,0,0,0,0,0,False
2025-01-20,2025-01-20 14:00:00,14,CCA,79,7,128,207,1,4,1,0,1,0,1,0,False
2025-01-21,2025-01-21 15:00:00,15,PED,84,3,8,92,1,2,1,0,0,0,0,0,False
2025-01-21,2025-01-21 15:00:00,15,PED,84,4,16,68,1,1,0,0,0,0,0,0,False
2025-01-21,2025-01-21 15:00:00,15,PED,84,5,32,116,1,2,1,0,0,0,0,0,False
2025-01-21,2025-01-21 15:00:00,15,PED,84,6,64,20,1,0,1,0,0,0,0,0,False
2025-01-21,2025-01-21 15:00:00,15,PED,84,7,128,212,1,4,1,0,1,0,1,0,False
2025-01-22,2025-01-22 15:00:00,15,AJM,114,3,8,122,2,2,0,0,0,0,0,0,False
2025-01-22,2025-01-22 15:00:00,15,AJM,114,4,16,98,2,2,0,0,0,0,0,0,False
2025-01-22,2025-01-22 15:00:00,15,AJM,114,5,32,82,2,1,1,0,0,0,0,0,False
2025-01-22,2025-01-22 15:00:00,15,AJM,114,6,64,50,2,0,1,0,0,0,0,0,False
2025-01-22,2025-01-22 15:00:00,15,AJM,114,7,128,242,2,4,1,0,1,0,1,0,False
2025-01-23,2025-01-23 16:00:00,16,ATI,118,3,8,126,2,2,0,0,0,0,0,0,False
2025-01-23,2025-01-23 16:00:00,16,ATI,118,4,16,102,2,2,0,0,0,0,0,0,False
2025-01-23,2025-01-23 16:00:00,16,ATI,118,5,32,86,2,1,1,0,0,0,0,0,False
2025-01-23,2025-01-23 16:00:00,16,ATI,118,6,64,54,2,0,1,0,0,0,0,0,False
2025-01-23,2025-01-23 16:00:00,16,ATI,118,7,128,246,2,4,1,0,1,0,1,0,False
2025-01-24,2025-01-24 15:00:00,15,MPA,110,3,8,102,2,2,0,0,0,0,0,0,False
2025-01-24,2025-01-24 15:00:00,15,MPA,110,4,16,126,2,2,0,0,0,0,0,0,False
2025-01-24,2025-01-24 15:00:00,15,MPA,110,5,32,78,2,1,1,0,0,0,0,0,False
2025-01-24,2025-01-24 15:00:00,15,MPA,110,6,64,46,2,0,1,0,0,0,0,0,False
2025-01-24,2025-01-24 15:00:00,15,MPA,110,7,128,238,2,4,1,0,1,0,1,0,False
2025-01-25,2025-01-25 15:00:00,15,CUA,122,3,8,114,2,2,0,0,0,0,0,0,False
2025-01-25,2025-01-25 15:00:00,15,CUA,122,4,16,106,2,2,0,0,0,0,0,0,False
2025-01-25,2025-01-25 15:00:00,15,CUA,122,5,32,90,2,1,1,0,0,0,0,0,False
2025-01-25,2025-01-25 15:00:00,15,CUA,122,6,64,58,2,0,1,0,0,0,0,0,False
2025-01-25,2025-01-25 15:00:00,15,CUA,122,7,128,250,2,4,1,0,1,0,1,0,False
2025-01-26,2025-01-26 15:00:00,15,CUA,113,3,8,121,2,2,0,0,0,0,0,0,False
2025-01-26,2025-01-26 15:00:00,15,CUA,113,4,16,97,2,2,0,0,0,0,0,0,False
2025-01-26,2025-01-26 15:00:00,15,CUA,113,5,32,81,2,1,1,0,0,0,0,0,False
2025-01-26,2025-01-26 15:00:00,15,CUA,113,6,64,49,2,0,1,0,0,0,0,0,False
2025-01-26,2025-01-26 15:00:00,15,CUA,113,7,128,241,2,4,1,0,1,0,1,0,False
2025-01-27,2025-01-27 15:00:00,15,CHO,116,3,8,124,2,2,0,0,0,0,0,0,False
2025-01-27,2025-01-27 15:00:00,15,CHO,116,4,16,100,2,2,0,0,0,0,0,0,False
2025-01-27,2025-01-27 15:00:00,15,CHO,116,5,32,84,2,1,1,0,0,0,0,0,False
2025-01-27,2025-01-27 15:00:00,15,CHO,116,6,64,52,2,0,1,0,0,0,0,0,False
2025-01-27,2025-01-27 15:00:00,15,CHO,116,7,128,244,2,4,1,0,1,0,1,0,False
2025-01-28,2025-01-28 16:00:00,16,FAC,137,3,8,129,3,2,1,0,0,0,0,0,False
2025-01-28,2025-01-28 16:00:00,16,FAC,137,4,16,153,3,3,0,0,0,0,0,0,False
2025-01-28,2025-01-28 16:00:00,16,FAC,137,5,32,169,3,3,0,0,1,0,0,0,False
2025-01-28,2025-01-28 16:00:00,16,FAC,137,6,64,201,3,4,1,0,1,0,1,0,False
2025-01-28,2025-01-28 16:00:00,16,FAC,137,7,128,9,3,0,1,0,0,0,0,0,False
2025-01-29,2025-01-29 16:00:00,16,CUT,91,3,8,83,2,1,1,0,0,0,0,0,False
2025-01-29,2025-01-29 16:00:00,16,CUT,91,4,16,75,2,1,1,0,0,0,0,0,False
2025-01-29,2025-01-29 16:00:00,16,CUT,91,5,32,123,2,2,0,0,0,0,0,0,False
2025-01-29,2025-01-29 16:00:00,16,CUT,91,6,64,27,2,0,1,0,0,0,0,0,False
2025-01-29,2025-01-29 16:00:00,16,CUT,91,7,128,219,2,4,1,0,1,0,1,0,False
2025-01-30,2025-01-30 13:00:00,13,CUT,61,3,8,53,1,0,1,0,0,0,0,0,False
2025-01-30,2025-01-30 13:00:00,13,CUT,61,4,16,45,1,0,1,0,0,0,0,0,False
2025-01-30,2025-01-30 13:00:00,13,CUT,61,5,32,29,1,0,1,0,0,0,0,0,False
2025-01-30,2025-01-30 13:00:00,13,CUT,61,6,64,125,1,2,1,0,0,0,0,0,False
2025-01-30,2025-01-30 13:00:00,13,CUT,61,7,128,189,1,4,1,0,1,0,0,0,False
2025-01-31,2025-01-31 14:00:00,14,AJM,95,3,8,87,2,1,1,0,0,0,0,0,False
2025-01-31,2025-01-31 14:00:00,14,AJM,95,4,16,79,2,1,1,0,0,0,0,0,False
2025-01-31,2025-01-31 14:00:00,14,AJM,95,5,32,127,2,2,0,0,0,0,0,0,False
2025-01-31,2025-01-31 14:00:00,14,AJM,95,6,64,31,2,0,1,0,0,0,0,0,False
2025-01-31,2025-01-31 14:00:00,14,AJM,95,7,128,223,2,4,1,0,1,0,1,0,False
2025-02-01,2025-02-01 15:00:00,15,FAC,101,3,8,109,2,2,0,0,0,0,0,0,False
2025-02-01,2025-02-01 15:00:00,15,FAC,101,4,16,117,2,2,0,0,0,0,0,0,False
2025-02-01,2025-02-01 15:00:00,15,FAC,101,5,32,69,2,1,1,0,0,0,0,0,False
2025-02-01,2025-02-01 15:00:00,15,FAC,101,6,64,37,2,0,1,0,0,0,0,0,False
2025-02-01,2025-02-01 15:00:00,15,FAC,101,7,128,229,2,4,1,0,1,0,1,0,False
2025-02-02,2025-02-02 14:00:00,14,CAM,96,3,8,104,2,2,0,0,0,0,0,0,False
2025-02-02,2025-02-02 14:00:00,14,CAM,96,4,16,112,2,2,0,0,0,0,0,0,False
2025-02-02,2025-02-02 14:00:00,14,CAM,96,5,32,64,2,1,1,0,0,0,0,0,False
2025-02-02,2025-02-02 14:00:00,14,CAM,96,6,64,32,2,0,1,0,0,0,0,0,False
2025-02-02,2025-02-02 14:00:00,14,CAM,96,7,128,224,2,4,1,0,1,0,1,0,False
2025-02-03,2025-02-03 15:00:00,15,HGM,101,3,8,109,2,2,0,0,0,0,0,0,False
2025-02-03,2025-02-03 15:00:00,15,HGM,101,4,16,117,2,2,0,0,0,0,0,0,False
2025-02-03,2025-02-03 15:00:00,15,HGM,101,5,32,69,2,1,1,0,0,0,0,0,False
2025-02-03,2025-02-03 15:00:00,15,HGM,101,6,64,37,2,0,1,0,0,0,0,0,False
2025-02-03,2025-02-03 15:00:00,15,HGM,101,7,128,229,2,4,1,0,1,0,1,0,False
2025-02-04,2025-02-04 16:00:00,16,CAM,93,3,8,85,2,1,1,0,0,0,0,0,False
2025-02-04,2025-02-04 16:00:00,16,CAM,93,4,16,77,2,1,1,0,0,0,0,0,False
2025-02-04,2025-02-04 16:00:00,16,CAM,93,5,32,125,2,2,0,0,0,0,0,0,False
2025-02-04,2025-02-04 16:00:00,16,CAM,93,6,64,29,2,0,1,0,0,0,0,0,False
2025-02-04,2025-02-04 16:00:00,16,CAM,93,7,128,221,2,4,1,0,1,0,1,0,False
2025-02-05,2025-02-05 16:00:00,16,CCA,123,3,8,115,2,2,0,0,0,0,0,0,False
2025-02-05,2025-02-05 16:00:00,16,CCA,123,4,16,107,2,2,0,0,0,0,0,0,False
2025-02-05,2025-02-05 16:00:00,16,CCA,123,5,32,91,2,2,0,0,0,0,0,0,False
2025-02-05,2025-02-05 16:00:00,16,CCA,123,6,64,59,2,1,1,0,0,0,0,0,False
2025-02-05,2025-02-05 16:00:00,16,CCA,123,7,128,251,2,4,1,0,1,0,1,0,False
2025-02-06,2025-02-06 14:00:00,14,AJM,100,3,8,108,2,2,0,0,0,0,0,0,False
2025-02-06,2025-02-06 14:00:00,14,AJM,100,4,16,116,2,2,0,0,0,0,0,0,False
2025-02-06,2025-02-06 14:00:00,14,AJM,100,5,32,68,2,1,1,0,0,0,0,0,False
2025-02-06,2025-02-06 14:00:00,14,AJM,100,6,64,36,2,0,1,0,0,0,0,0,False
2025-02-06,2025-02-06 14:00:00,14,AJM,100,7,128,228,2,4,1,0,1,0,1,0,False
2025-02-07,2025-02-07 16:00:00,16,MPA,108,3,8,100,2,2,0,0,0,0,0,0,False
2025-02-07,2025-02-07 16:00:00,16,MPA,108,4,16,124,2,2,0,0,0,0,0,0,False
2025-02-07,2025-02-07 16:00:00,16,MPA,108,5,32,76,2,1,1,0,0,0,0,0,False
2025-02-07,2025-02-07 16:00:00,16,MPA,108,6,64,44,2,0,1,0,0,0,0,0,False
2025-02-07,2025-02-07 16:00:00,16,MPA,108,7,128,236,2,4,1,0,1,0,1,0,False
2025-02-08,2025-02-08 16:00:00,16,AJM,122,3,8,114,2,2,0,0,0,0,0,0,False
2025-02-08,2025-02-08 16:00:00,16,AJM,122,4,16,106,2,2,0,0,0,0,0,0,False
2025-02-08,2025-02-08 16:00:00,16,AJM,122,5,32,90,2,1,1,0,0,0,0,0,False
2025-02-08,2025-02-08 16:00:00,16,AJM,122,6,64,58,2,0,1,0,0,0,0,0,False
2025-02-08,2025-02-08 16:00:00,16,AJM,122,7,128,250,2,4,1,0,1,0,1,0,False
2025-02-09,2025-02-09 16:00:00,16,CUA,129,3,8,137,2,3,1,0,0,0,0,0,False
2025-02-09,2025-02-09 16:00:00,16,CUA,129,4,16,145,2,3,1,0,0,0,0,0,False
2025-02-09,2025-02-09 16:00:00,16,CUA,129,5,32,161,2,3,1,0,1,0,0,0,False
2025-02-09,2025-02-09 16:00:00,16,CUA,129,6,64,193,2,4,1,0,1,0,0,0,False
2025-02-09,2025-02-09 16:00:00,16,CUA,129,7,128,1,2,0,1,0,0,0,0,0,False
2025-02-10,2025-02-10 15:00:00,15,MPA,119,3,8,127,2,2,0,0,0,0,0,0,False
2025-02-10,2025-02-10 15:00:00,15,MPA,119,4,16,103,2,2,0,0,0,0,0,0,False
2025-02-10,2025-02-10 15:00:00,15,MPA,119,5,32,87,2,1,1,0,0,0,0,0,False
2025-02-10,2025-02-10 15:00:00,15,MPA,119,6,64,55,2,0,1,0,0,0,0,0,False
2025-02-10,2025-02-10 15:00:00,15,MPA,119,7,128,247,2,4,1,0,1,0,1,0,False
2025-02-11,2025-02-11 15:00:00,15,TLA,125,3,8,117,2,2,0,0,0,0,0,0,False
2025-02-11,2025-02-11 15:00:00,15,TLA,125,4,16,109,2,2,0,0,0,0,0,0,False
2025-02-11,2025-02-11 15:00:00,15,TLA,125,5,32,93,2,2,0,0,0,0,0,0,False
2025-02-11,2025-02-11 15:00:00,15,TLA,125,6,64,61,2,1,1,0,0,0,0,0,False
2025-02-11,2025-02-11 15:00:00,15,TLA,125,7,128,253,2,4,1,0,1,0,1,0,False
2025-02-12,2025-02-12 14:00:00,14,NEZ,79,3,8,71,1,1,0,0,0,0,0,0,False
2025-02-12,2025-02-12 14:00:00,14,NEZ,79,4,16,95,1,2,1,0,0,0,0,0,False
2025-02-12,2025-02-12 14:00:00,14,NEZ,79,5,32,111,1,2,1,0,0,0,0,0,False
2025-02-12,2025-02-12 14:00:00,14,NEZ,79,6,64,15,1,0,1,0,0,0,0,0,False
2025-02-12,2025-02-12 14:00:00,14,NEZ,79,7,128,207,1,4,1,0,1,0,1,0,False
2025-02-13,2025-02-13 14:00:00,14,CUA,102,3,8,110,2,2,0,0,0,0,0,0,False
2025-02-13,2025-02-13 14:00:00,14,CUA,102,4,16,118,2,2,0,0,0,0,0,0,False
2025-02-13,2025-02-13 14:00:00,14,CUA,102,5,32,70,2,1,1,0,0,0,0,0,False
2025-02-13,2025-02-13 14:00:00,14,CUA,102,6,64,38,2,0,1,0,0,0,0,0,False
2025-02-13,2025-02-13 14:00:00,14,CUA,102,7,128,230,2,4,1,0,1,0,1,0,False
2025-02-14,2025-02-14 15:00:00,15,PED,114,3,8,122,2,2,0,0,0,0,0,0,False
2025-02-14,2025-02-14 15:00:00,15,PED,114,4,16,98,2,2,0,0,0,0,0,0,False
2025-02-14,2025-02-14 15:00:00,15,PED,114,5,32,82,2,1,1,0,0,0,0,0,False
2025-02-14,2025-02-14 15:00:00,15,PED,114,6,64,50,2,0,1,0,0,0,0,0,False
2025-02-14,2025-02-14 15:00:00,15,PED,114,7,128,242,2,4,1,0,1,0,1,0,False
2025-02-15,2025-02-15 15:00:00,15,UIZ,112,3,8,120,2,2,0,0,0,0,0,0,False
2025-02-15,2025-02-15 15:00:00,15,UIZ,112,4,16,96,2,2,0,0,0,0,0,0,False
2025-02-15,2025-02-15 15:00:00,15,UIZ,112,5,32,80,2,1,1,0,0,0,0,0,False
2025-02-15,2025-02-15 15:00:00,15,UIZ,112,6,64,48,2,0,1,0,0,0,0,0,False
2025-02-15,2025-02-15 15:00:00,15,UIZ,112,7,128,240,2,4,1,0,1,0,1,0,False
2025-02-16,2025-02-16 15:00:00,15,AJU,100,3,8,108,2,2,0,0,0,0,0,0,False
2025-02-16,2025-02-16 15:00:00,15,AJU,100,4,16,116,2,2,0,0,0,0,0,0,False
2025-02-16,2025-02-16 15:00:00,15,AJU,100,5,32,68,2,1,1,0,0,0,0,0,False
2025-02-16,2025-02-16 15:00:00,15,AJU,100,6,64,36,2,0,1,0,0,0,0,0,False
2025-02-16,2025-02-16 15:00:00,15,AJU,100,7,128,228,2,4,1,0,1,0,1,0,False
2025-02-17,2025-02-17 15:00:00,15,CCA,101,3,8,109,2,2,0,0,0,0,0,0,False
2025-02-17,2025-02-17 15:00:00,15,CCA,101,4,16,117,2,2,0,0,0,0,0,0,False
2025-02-17,2025-02-17 15:00:00,15,CCA,101,5,32,69,2,1,1,0,0,0,0,0,False
2025-02-17,2025-02-17 15:00:00,15,CCA,101,6,64,37,2,0,1,0,0,0,0,0,False
2025-02-17,2025-02-17 15:00:00,15,CCA,101,7,128,229,2,4,1,0,1,0,1,0,False
2025-02-18,2025-02-18 14:00:00,14,GAM,99,3,8,107,2,2,0,0,0,0,0,0,False
2025-02-18,2025-02-18 14:00:00,14,GAM,99,4,16,115,2,2,0,0,0,0,0,0,False
2025-02-18,2025-02-18 14:00:00,14,GAM,99,5,32,67,2,1,1,0,0,0,0,0,False
2025-02-18,2025-02-18 14:00:00,14,GAM,99,6,64,35,2,0,1,0,0,0,0,0,False
2025-02-18,2025-02-18 14:00:00,14,GAM,99,7,128,227,2,4,1,0,1,0,1,0,False
2025-02-19,2025-02-19 17:00:00,17,MPA,42,3,8,34,0,0,0,0,0,0,0,0,False
2025-02-19,2025-02-19 17:00:00,17,MPA,42,4,16,58,0,0,0,0,0,0,0,0,False
2025-02-19,2025-02-19 17:00:00,17,MPA,42,5,32,10,0,0,0,0,0,0,0,0,False
2025-02-19,2025-02-19 17:00:00,17,MPA,42,6,64,106,0,2,1,0,0,0,0,0,False
2025-02-19,2025-02-19 17:00:00,17,MPA,42,7,128,170,0,3,1,0,1,0,0,0,False
2025-02-20,2025-02-20 14:00:00,14,TLI,90,3,8,82,1,1,0,0,0,0,0,0,False
2025-02-20,2025-02-20 14:00:00,14,TLI,90,4,16,74,1,1,0,0,0,0,0,0,False
2025-02-20,2025-02-20 14:00:00,14,TLI,90,5,32,122,1,2,1,0,0,0,0,0,False
2025-02-20,2025-02-20 14:00:00,14,TLI,90,6,64,26,1,0,1,0,0,0,0,0,False
2025-02-20,2025-02-20 14:00:00,14,TLI,90,7,128,218,1,4,1,0,1,0,1,0,False
2025-02-21,2025-02-21 13:00:00,13,GAM,82,3,8,90,1,1,0,0,0,0,0,0,False
2025-02-21,2025-02-21 13:00:00,13,GAM,82,4,16,66,1,1,0,0,0,0,0,0,False
2025-02-21,2025-02-21 13:00:00,13,GAM,82,5,32,114,1,2,1,0,0,0,0,0,False
2025-02-21,2025-02-21 13:00:00,13,GAM,82,6,64,18,1,0,1,0,0,0,0,0,False
2025-02-21,2025-02-21 13:00:00,13,GAM,82,7,128,210,1,4,1,0,1,0,1,0,False
2025-02-22,2025-02-22 15:00:00,15,PED,106,3,8,98,2,2,0,0,0,0,0,0,False
2025-02-22,2025-02-22 15:00:00,15,PED,106,4,16,122,2,2,0,0,0,0,0,0,False
2025-02-22,2025-02-22 15:00:00,15,PED,106,5,32,74,2,1,1,0,0,0,0,0,False
2025-02-22,2025-02-22 15:00:00,15,PED,106,6,64,42,2,0,1,0,0,0,0,0,False
2025-02-22,2025-02-22 15:00:00,15,PED,106,7,128,234,2,4,1,0,1,0,1,0,False
2025-02-23,2025-02-23 13:00:00,13,UAX,109,3,8,101,2,2,0,0,0,0,0,0,False
2025-02-23,2025-02-23 13:00:00,13,UAX,109,4,16,125,2,2,0,0,0,0,0,0,False
2025-02-23,2025-02-23 13:00:00,13,UAX,109,5,32,77,2,1,1,0,0,0,0,0,False
2025-02-23,2025-02-23 13:00:00,13,UAX,109,6,64,45,2,0,1,0,0,0,0,0,False
2025-02-23,2025-02-23 13:00:00,13,UAX,109,7,128,237,2,4,1,0,1,0,1,0,False
2025-02-24,2025-02-24 14:00:00,14,MPA,87,3,8,95,1,2,1,0,0,0,0,0,False
2025-02-24,2025-02-24 14:00:00,14,MPA,87,4,16,71,1,1,0,0,0,0,0,0,False
2025-02-24,2025-02-24 14:00:00,14,MPA,87,5,32,119,1,2,1,0,0,0,0,0,False
2025-02-24,2025-02-24 14:00:00,14,MPA,87,6,64,23,1,0,1,0,0,0,0,0,False
2025-02-24,2025-02-24 14:00:00,14,MPA,87,7,128,215,1,4,1,0,1,0,1,0,False
2025-02-25,2025-02-25 16:00:00,16,MGH,104,3,8,96,2,2,0,0,0,0,0,0,False
2025-02-25,2025-02-25 16:00:00,16,MGH,104,4,16,120,2,2,0,0,0,0,0,0,False
2025-02-25,2025-02-25 16:00:00,16,MGH,104,5,32,72,2,1,1,0,0,0,0,0,False
2025-02-25,2025-02-25 16:00:00,16,MGH,104,6,64,40,2,0,1,0,0,0,0,0,False
2025-02-25,2025-02-25 16:00:00,16,MGH,104,7,128,232,2,4,1,0,1,0,1,0,False
2025-02-26,2025-02-26 16:00:00,16,TLA,156,3,8,148,3,3,0,1,0,1,0,0,False
2025-02-26,2025-02-26 16:00:00,16,TLA,156,4,16,140,3,3,0,1,0,1,0,0,False
2025-02-26,2025-02-26 16:00:00,16,TLA,156,5,32,188,3,4,1,1,0,0,0,0,False
2025-02-26,2025-02-26 16:00:00,16,TLA,156,6,64,220,3,4,1,1,0,0,1,0,False
2025-02-26,2025-02-26 16:00:00,16,TLA,156,7,128,28,3,0,1,1,0,1,0,0,False
2025-02-27,2025-02-27 15:00:00,15,HGM,142,3,8,134,3,2,1,0,0,0,0,0,False
2025-02-27,2025-02-27 15:00:00,15,HGM,142,4,16,158,3,3,0,0,1,0,0,0,False
2025-02-27,2025-02-27 15:00:00,15,HGM,142,5,32,174,3,3,0,0,1,0,0,0,False
2025-02-27,2025-02-27 15:00:00,15,HGM,142,6,64,206,3,4,1,0,1,0,1,0,False
2025-02-27,2025-02-27 15:00:00,15,HGM,142,7,128,14,3,0,1,0,0,0,0,0,False
2025-02-28,2025-02-28 15:00:00,15,UAX,143,3,8,135,3,2,1,0,0,0,0,0,False
2025-02-28,2025-02-28 15:00:00,15,UAX,143,4,16,159,3,3,0,0,1,0,0,0,False
2025-02-28,2025-02-28 15:00:00,15,UAX,143,5,32,175,3,3,0,0,1,0,0,0,False
2025-02-28,2025-02-28 15:00:00,15,UAX,143,6,64,207,3,4,1,0,1,0,1,0,False
2025-02-28,2025-02-28 15:00:00,15,UAX,143,7,128,15,3,0,1,0,0,0,0,0,False
2025-03-01,2025-03-01 14:00:00,14,UAX,154,3,8,146,3,3,0,0,0,0,0,0,False
2025-03-01,2025-03-01 14:00:00,14,UAX,154,4,16,138,3,3,0,0,0,0,0,0,False
2025-03-01,2025-03-01 14:00:00,14,UAX,154,5,32,186,3,4,1,0,1,0,0,0,False
2025-03-01,2025-03-01 14:00:00,14,UAX,154,6,64,218,3,4,1,0,1,0,1,0,False
2025-03-01,2025-03-01 14:00:00,14,UAX,154,7,128,26,3,0,1,0,0,0,0,0,False
2025-03-02,2025-03-02 15:00:00,15,GAM,125,3,8,117,2,2,0,0,0,0,0,0,False
2025-03-02,2025-03-02 15:00:00,15,GAM,125,4,16,109,2,2,0,0,0,0,0,0,False
2025-03-02,2025-03-02 15:00:00,15,GAM,125,5,32,93,2,2,0,0,0,0,0,0,False
2025-03-02,2025-03-02 15:00:00,15,GAM,125,6,64,61,2,1,1,0,0,0,0,0,False
2025-03-02,2025-03-02 15:00:00,15,GAM,125,7,128,253,2,4,1,0,1,0,1,0,False
2025-03-03,2025-03-03 14:00:00,14,PED,131,3,8,139,2,3,1,0,0,0,0,0,False
2025-03-03,2025-03-03 14:00:00,14,PED,131,4,16,147,2,3,1,0,0,0,0,0,False
2025-03-03,2025-03-03 14:00:00,14,PED,131,5,32,163,2,3,1,0,1,0,0,0,False
2025-03-03,2025-03-03 14:00:00,14,PED,131,6,64,195,2,4,1,0,1,0,0,0,False
2025-03-03,2025-03-03 14:00:00,14,PED,131,7,128,3,2,0,1,0,0,0,0,0,False
2025-03-04,2025-03-04 12:00:00,12,UAX,92,3,8,84,2,1,1,0,0,0,0,0,False
2025-03-04,2025-03-04 12:00:00,12,UAX,92,4,16,76,2,1,1,0,0,0,0,0,False
2025-03-04,2025-03-04 12:00:00,12,UAX,92,5,32,124,2,2,0,0,0,0,0,0,False
2025-03-04,2025-03-04 12:00:00,12,UAX,92,6,64,28,2,0,1,0,0,0,0,0,False
2025-03-04,2025-03-04 12:00:00,12,UAX,92,7,128,220,2,4,1,0,1,0,1,0,False
2025-03-05,2025-03-05 16:00:00,16,FAC,154,3,8,146,3,3,0,0,0,0,0,0,False
2025-03-05,2025-03-05 16:00:00,16,FAC,154,4,16,138,3,3,0,0,0,0,0,0,False
2025-03-05,2025-03-05 16:00:00,16,FAC,154,5,32,186,3,4,1,0,1,0,0,0,False
2025-03-05,2025-03-05 16:00:00,16,FAC,154,6,64,218,3,4,1,0,1,0,1,0,False
2025-03-05,2025-03-05 16:00:00,16,FAC,154,7,128,26,3,0,1,0,0,0,0,0,False
2025-03-06,2025-03-06 15:00:00,15,CUT,121,3,8,113,2,2,0,0,0,0,0,0,False
2025-03-06,2025-03-06 15:00:00,15,CUT,121,4,16,105,2,2,0,0,0,0,0,0,False
2025-03-06,2025-03-06 15:00:00,15,CUT,121,5,32,89,2,1,1,0,0,0,0,0,False
2025-03-06,2025-03-06 15:00:00,15,CUT,121,6,64,57,2,0,1,0,0,0,0,0,False
2025-03-06,2025-03-06 15:00:00,15,CUT,121,7,128,249,2,4,1,0,1,0,1,0,False
2025-03-07,2025-03-07 14:00:00,14,TLA,91,3,8,83,2,1,1,0,0,0,0,0,False
2025-03-07,2025-03-07 14:00:00,14,TLA,91,4,16,75,2,1,1,0,0,0,0,0,False
2025-03-07,2025-03-07 14:00:00,14,TLA,91,5,32,123,2,2,0,0,0,0,0,0,False
2025-03-07,2025-03-07 14:00:00,14,TLA,91,6,64,27,2,0,1,0,0,0,0,0,False
2025-03-07,2025-03-07 14:00:00,14,TLA,91,7,128,219,2,4,1,0,1,0,1,0,False
2025-03-08,2025-03-08 15:00:00,15,ACO,105,3,8,97,2,2,0,0,0,0,0,0,False
2025-03-08,2025-03-08 15:00:00,15,ACO,105,4,16,121,2,2,0,0,0,0,0,0,False
2025-03-08,2025-03-08 15:00:00,15,ACO,105,5,32,73,2,1,1,0,0,0,0,0,False
2025-03-08,2025-03-08 15:00:00,15,ACO,105,6,64,41,2,0,1,0,0,0,0,0,False
2025-03-08,2025-03-08 15:00:00,15,ACO,105,7,128,233,2,4,1,0,1,0,1,0,False
2025-03-09,2025-03-09 13:00:00,13,UAX,110,3,8,102,2,2,0,0,0,0,0,0,False
2025-03-09,2025-03-09 13:00:00,13,UAX,110,4,16,126,2,2,0,0,0,0,0,0,False
2025-03-09,2025-03-09 13:00:00,13,UAX,110,5,32,78,2,1,1,0,0,0,0,0,False
2025-03-09,2025-03-09 13:00:00,13,UAX,110,6,64,46,2,0,1,0,0,0,0,0,False
2025-03-09,2025-03-09 13:00:00,13,UAX,110,7,128,238,2,4,1,0,1,0,1,0,False
2025-03-10,2025-03-10 14:00:00,14,UAX,115,3,8,123,2,2,0,0,0,0,0,0,False
2025-03-10,2025-03-10 14:00:00,14,UAX,115,4,16,99,2,2,0,0,0,0,0,0,False
2025-03-10,2025-03-10 14:00:00,14,UAX,115,5,32,83,2,1,1,0,0,0,0,0,False
2025-03-10,2025-03-10 14:00:00,14,UAX,115,6,64,51,2,0,1,0,0,0,0,0,False
2025-03-10,2025-03-10 14:00:00,14,UAX,115,7,128,243,2,4,1,0,1,0,1,0,False
2025-03-11,2025-03-11 16:00:00,16,UAX,137,3,8,129,3,2,1,0,0,0,0,0,False
2025-03-11,2025-03-11 16:00:00,16,UAX,137,4,16,153,3,3,0,0,0,0,0,0,False
2025-03-11,2025-03-11 16:00:00,16,UAX,137,5,32,169,3,3,0,0,1,0,0,0,False
2025-03-11,2025-03-11 16:00:00,16,UAX,137,6,64,201,3,4,1,0,1,0,1,0,False
2025-03-11,2025-03-11 16:00:00,16,UAX,137,7,128,9,3,0,1,0,0,0,0,0,False
2025-03-12,2025-03-12 15:00:00,15,PED,153,3,8,145,3,3,0,0,0,0,0,0,False
2025-03-12,2025-03-12 15:00:00,15,PED,153,4,16,137,3,3,0,0,0,0,0,0,False
2025-03-12,2025-03-12 15:00:00,15,PED,153,5,32,185,3,4,1,0,1,0,0,0,False
2025-03-12,2025-03-12 15:00:00,15,PED,153,6,64,217,3,4,1,0,1,0,1,0,False
2025-03-12,2025-03-12 15:00:00,15,PED,153,7,128,25,3,0,1,0,0,0,0,0,False
2025-03-13,2025-03-13 15:00:00,15,LLA,119,3,8,127,2,2,0,0,0,0,0,0,False
2025-03-13,2025-03-13 15:00:00,15,LLA,119,4,16,103,2,2,0,0,0,0,0,0,False
2025-03-13,2025-03-13 15:00:00,15,LLA,119,5,32,87,2,1,1,0,0,0,0,0,False
2025-03-13,2025-03-13 15:00:00,15,LLA,119,6,64,55,2,0,1,0,0,0,0,0,False
2025-03-13,2025-03-13 15:00:00,15,LLA,119,7,128,247,2,4,1,0,1,0,1,0,False
2025-03-14,2025-03-14 14:00:00,14,UAX,95,3,8,87,2,1,1,0,0,0,0,0,False
2025-03-14,2025-03-14 14:00:00,14,UAX,95,4,16,79,2,1,1,0,0,0,0,0,False
2025-03-14,2025-03-14 14:00:00,14,UAX,95,5,32,127,2,2,0,0,0,0,0,0,False
2025-03-14,2025-03-14 14:00:00,14,UAX,95,6,64,31,2,0,1,0,0,0,0,0,False
2025-03-14,2025-03-14 14:00:00,14,UAX,95,7,128,223,2,4,1,0,1,0,1,0,False
2025-03-15,2025-03-15 14:00:00,14,ACO,94,3,8,86,2,1,1,0,0,0,0,0,False
2025-03-15,2025-03-15 14:00:00,14,ACO,94,4,16,78,2,1,1,0,0,0,0,0,False
2025-03-15,2025-03-15 14:00:00,14,ACO,94,5,32,126,2,2,0,0,0,0,0,0,False
2025-03-15,2025-03-15 14:00:00,14,ACO,94,6,64,30,2,0,1,0,0,0,0,0,False
2025-03-15,2025-03-15 14:00:00,14,ACO,94,7,128,222,2,4,1,0,1,0,1,0,False
2025-03-16,2025-03-16 16:00:00,16,CUA,147,3,8,155,3,3,0,0,1,0,0,0,False
2025-03-16,2025-03-16 16:00:00,16,CUA,147,4,16,131,3,2,1,0,0,0,0,0,False
2025-03-16,2025-03-16 16:00:00,16,CUA,147,5,32,179,3,4,1,0,1,0,0,0,False
2025-03-16,2025-03-16 16:00:00,16,CUA,147,6,64,211,3,4,1,0,1,0,1,0,False
2025-03-16,2025-03-16 16:00:00,16,CUA,147,7,128,19,3,0,1,0,0,0,0,0,False
2025-03-17,2025-03-17 16:00:00,16,CUA,117,3,8,125,2,2,0,0,0,0,0,0,False
2025-03-17,2025-03-17 16:00:00,16,CUA,117,4,16,101,2,2,0,0,0,0,0,0,False
2025-03-17,2025-03-17 16:00:00,16,CUA,117,5,32,85,2,1,1,0,0,0,0,0,False
2025-03-17,2025-03-17 16:00:00,16,CUA,117,6,64,53,2,0,1,0,0,0,0,0,False
2025-03-17,2025-03-17 16:00:00,16,CUA,117,7,128,245,2,4,1,0,1,0,1,0,False
2025-03-18,2025-03-18 15:00:00,15,GAM,167,3,8,175,3,3,0,1,0,0,0,0,False
2025-03-18,2025-03-18 15:00:00,15,GAM,167,4,16,183,3,4,1,1,0,0,0,0,False
2025-03-18,2025-03-18 15:00:00,15,GAM,167,5,32,135,3,2,1,1,0,1,0,0,False
2025-03-18,2025-03-18 15:00:00,15,GAM,167,6,64,231,3,4,1,1,0,0,1,0,False
2025-03-18,2025-03-18 15:00:00,15,GAM,167,7,128,39,3,0,1,1,0,1,0,0,False
2025-03-19,2025-03-19 15:00:00,15,AJM,164,3,8,172,3,3,0,1,0,0,0,0,False
2025-03-19,2025-03-19 15:00:00,15,AJM,164,4,16,180,3,4,1,1,0,0,0,0,False
2025-03-19,2025-03-19 15:00:00,15,AJM,164,5,32,132,3,2,1,1,0,1,0,0,False
2025-03-19,2025-03-19 15:00:00,15,AJM,164,6,64,228,3,4,1,1,0,0,1,0,False
2025-03-19,2025-03-19 15:00:00,15,AJM,164,7,128,36,3,0,1,1,0,1,0,0,False
2025-03-20,2025-03-20 16:00:00,16,UAX,134,3,8,142,2,3,1,0,0,0,0,0,False
2025-03-20,2025-03-20 16:00:00,16,UAX,134,4,16,150,2,3,1,0,0,0,0,0,False
2025-03-20,2025-03-20 16:00:00,16,UAX,134,5,32,166,2,3,1,0,1,0,0,0,False
2025-03-20,2025-03-20 16:00:00,16,UAX,134,6,64,198,2,4,1,0,1,0,0,0,False
2025-03-20,2025-03-20 16:00:00,16,UAX,134,7,128,6,2,0,1,0,0,0,0,0,False
2025-03-21,2025-03-21 15:00:00,15,CUA,128,3,8,136,2,3,1,0,0,0,0,0,False
2025-03-21,2025-03-21 15:00:00,15,CUA,128,4,16,144,2,3,1,0,0,0,0,0,False
2025-03-21,2025-03-21 15:00:00,15,CUA,128,5,32,160,2,3,1,0,1,0,0,0,False
2025-03-21,2025-03-21 15:00:00,15,CUA,128,6,64,192,2,4,1,0,1,0,0,0,False
2025-03-21,2025-03-21 15:00:00,15,CUA,128,7,128,0,2,0,1,0,0,0,0,0,False
2025-03-22,2025-03-22 13:00:00,13,CUA,110,3,8,102,2,2,0,0,0,0,0,0,False
2025-03-22,2025-03-22 13:00:00,13,CUA,110,4,16,126,2,2,0,0,0,0,0,0,False
2025-03-22,2025-03-22 13:00:00,13,CUA,110,5,32,78,2,1,1,0,0,0,0,0,False
2025-03-22,2025-03-22 13:00:00,13,CUA,110,6,64,46,2,0,1,0,0,0,0,0,False
2025-03-22,2025-03-22 13:00:00,13,CUA,110,7,128,238,2,4,1,0,1,0,1,0,False
2025-03-23,2025-03-23 13:00:00,13,PED,123,3,8,115,2,2,0,0,0,0,0,0,False
2025-03-23,2025-03-23 13:00:00,13,PED,123,4,16,107,2,2,0,0,0,0,0,0,False
2025-03-23,2025-03-23 13:00:00,13,PED,123,5,32,91,2,2,0,0,0,0,0,0,False
2025-03-23,2025-03-23 13:00:00,13,PED,123,6,64,59,2,1,1,0,0,0,0,0,False
2025-03-23,2025-03-23 13:00:00,13,PED,123,7,128,251,2,4,1,0,1,0,1,0,False
2025-03-24,2025-03-24 14:00:00,14,VIF,115,3,8,123,2,2,0,0,0,0,0,0,False
2025-03-24,2025-03-24 14:00:00,14,VIF,115,4,16,99,2,2,0,0,0,0,0,0,False
2025-03-24,2025-03-24 14:00:00,14,VIF,115,5,32,83,2,1,1,0,0,0,0,0,False
2025-03-24,2025-03-24 14:00:00,14,VIF,115,6,64,51,2,0,1,0,0,0,0,0,False
2025-03-24,2025-03-24 14:00:00,14,VIF,115,7,128,243,2,4,1,0,1,0,1,0,False
2025-03-25,2025-03-25 15:00:00,15,FAC,127,3,8,119,2,2,0,0,0,0,0,0,False
2025-03-25,2025-03-25 15:00:00,15,FAC,127,4,16,111,2,2,0,0,0,0,0,0,False
2025-03-25,2025-03-25 15:00:00,15,FAC,127,5,32,95,2,2,0,0,0,0,0,0,False
2025-03-25,2025-03-25 15:00:00,15,FAC,127,6,64,63,2,1,1,0,0,0,0,0,False
2025-03-25,2025-03-25 15:00:00,15,FAC,127,7,128,255,2,4,1,0,1,0,1,0,False
2025-03-26,2025-03-26 13:00:00,13,CUA,117,3,8,125,2,2,0,0,0,0,0,0,False
2025-03-26,2025-03-26 13:00:00,13,CUA,117,4,16,101,2,2,0,0,0,0,0,0,False
2025-03-26,2025-03-26 13:00:00,13,CUA,117,5,32,85,2,1,1,0,0,0,0,0,False
2025-03-26,2025-03-26 13:00:00,13,CUA,117,6,64,53,2,0,1,0,0,0,0,0,False
2025-03-26,2025-03-26 13:00:00,13,CUA,117,7,128,245,2,4,1,0,1,0,1,0,False
2025-03-27,2025-03-27 13:00:00,13,VIF,83,3,8,91,1,2,1,0,0,0,0,0,False
2025-03-27,2025-03-27 13:00:00,13,VIF,83,4,16,67,1,1,0,0,0,0,0,0,False
2025-03-27,2025-03-27 13:00:00,13,VIF,83,5,32,115,1,2,1,0,0,0,0,0,False
2025-03-27,2025-03-27 13:00:00,13,VIF,83,6,64,19,1,0,1,0,0,0,0,0,False
2025-03-27,2025-03-27 13:00:00,13,VIF,83,7,128,211,1,4,1,0,1,0,1,0,False
2025-03-28,2025-03-28 14:00:00,14,ACO,90,3,8,82,1,1,0,0,0,0,0,0,False
2025-03-28,2025-03-28 14:00:00,14,ACO,90,4,16,74,1,1,0,0,0,0,0,0,False
2025-03-28,2025-03-28 14:00:00,14,ACO,90,5,32,122,1,2,1,0,0,0,0,0,False
2025-03-28,2025-03-28 14:00:00,14,ACO,90,6,64,26,1,0,1,0,0,0,0,0,False
2025-03-28,2025-03-28 14:00:00,14,ACO,90,7,128,218,1,4,1,0,1,0,1,0,False
2025-03-29,2025-03-29 15:00:00,15,VIF,101,3,8,109,2,2,0,0,0,0,0,0,False
2025-03-29,2025-03-29 15:00:00,15,VIF,101,4,16,117,2,2,0,0,0,0,0,0,False
2025-03-29,2025-03-29 15:00:00,15,VIF,101,5,32,69,2,1,1,0,0,0,0,0,False
2025-03-29,2025-03-29 15:00:00,15,VIF,101,6,64,37,2,0,1,0,0,0,0,0,False
2025-03-29,2025-03-29 15:00:00,15,VIF,101,7,128,229,2,4,1,0,1,0,1,0,False
2025-03-30,2025-03-30 16:00:00,16,PED,143,3,8,135,3,2,1,0,0,0,0,0,False
2025-03-30,2025-03-30 16:00:00,16,PED,143,4,16,159,3,3,0,0,1,0,0,0,False
2025-03-30,2025-03-30 16:00:00,16,PED,143,5,32,175,3,3,0,0,1,0,0,0,False
2025-03-30,2025-03-30 16:00:00,16,PED,143,6,64,207,3,4,1,0,1,0,1,0,False
2025-03-30,2025-03-30 16:00:00,16,PED,143,7,128,15,3,0,1,0,0,0,0,0,False
2025-03-31,2025-03-31 17:00:00,17,PED,141,3,8,133,3,2,1,0,0,0,0,0,False
2025-03-31,2025-03-31 17:00:00,17,PED,141,4,16,157,3,3,0,0,1,0,0,0,False
2025-03-31,2025-03-31 17:00:00,17,PED,141,5,32,173,3,3,0,0,1,0,0,0,False
2025-03-31,2025-03-31 17:00:00,17,PED,141,6,64,205,3,4,1,0,1,0,1,0,False
2025-03-31,2025-03-31 17:00:00,17,PED,141,7,128,13,3,0,1,0,0,0,0,0,False
2025-04-01,2025-04-01 16:00:00,16,TLA,168,3,8,160,3,3,0,1,0,0,0,0,False
2025-04-01,2025-04-01 16:00:00,16,TLA,168,4,16,184,3,4,1,1,0,0,0,0,False
2025-04-01,2025-04-01 16:00:00,16,TLA,168,5,32,136,3,3,0,1,0,1,0,0,False
2025-04-01,2025-04-01 16:00:00,16,TLA,168,6,64,232,3,4,1,1,0,0,1,0,False
2025-04-01,2025-04-01 16:00:00,16,TLA,168,7,128,40,3,0,1,1,0,1,0,0,False
2025-04-02,2025-04-02 15:00:00,15,TLI,127,3,8,119,2,2,0,0,0,0,0,0,False
2025-04-02,2025-04-02 15:00:00,15,TLI,127,4,16,111,2,2,0,0,0,0,0,0,False
2025-04-02,2025-04-02 15:00:00,15,TLI,127,5,32,95,2,2,0,0,0,0,0,0,False
2025-04-02,2025-04-02 15:00:00,15,TLI,127,6,64,63,2,1,1,0,0,0,0,0,False
2025-04-02,2025-04-02 15:00:00,15,TLI,127,7,128,255,2,4,1,0,1,0,1,0,False
2025-04-03,2025-04-03 13:00:00,13,CUT,87,3,8,95,1,2,1,0,0,0,0,0,False
2025-04-03,2025-04-03 13:00:00,13,CUT,87,4,16,71,1,1,0,0,0,0,0,0,False
2025-04-03,2025-04-03 13:00:00,13,CUT,87,5,32,119,1,2,1,0,0,0,0,0,False
2025-04-03,2025-04-03 13:00:00,13,CUT,87,6,64,23,1,0,1,0,0,0,0,0,False
2025-04-03,2025-04-03 13:00:00,13,CUT,87,7,128,215,1,4,1,0,1,0,1,0,False
2025-04-04,2025-04-04 12:00:00,12,VIF,84,3,8,92,1,2,1,0,0,0,0,0,False
2025-04-04,2025-04-04 12:00:00,12,VIF,84,4,16,68,1,1,0,0,0,0,0,0,False
2025-04-04,2025-04-04 12:00:00,12,VIF,84,5,32,116,1,2,1,0,0,0,0,0,False
2025-04-04,2025-04-04 12:00:00,12,VIF,84,6,64,20,1,0,1,0,0,0,0,0,False
2025-04-04,2025-04-04 12:00:00,12,VIF,84,7,128,212,1,4,1,0,1,0,1,0,False
2025-04-05,2025-04-05 14:00:00,14,BJU,101,3,8,109,2,2,0,0,0,0,0,0,False
2025-04-05,2025-04-05 14:00:00,14,BJU,101,4,16,117,2,2,0,0,0,0,0,0,False
2025-04-05,2025-04-05 14:00:00,14,BJU,101,5,32,69,2,1,1,0,0,0,0,0,False
2025-04-05,2025-04-05 14:00:00,14,BJU,101,6,64,37,2,0,1,0,0,0,0,0,False
2025-04-05,2025-04-05 14:00:00,14,BJU,101,7,128,229,2,4,1,0,1,0,1,0,False
2025-04-06,2025-04-06 12:00:00,12,TLA,97,3,8,105,2,2,0,0,0,0,0,0,False
2025-04-06,2025-04-06 12:00:00,12,TLA,97,4,16,113,2,2,0,0,0,0,0,0,False
2025-04-06,2025-04-06 12:00:00,12,TLA,97,5,32,65,2,1,1,0,0,0,0,0,False
2025-04-06,2025-04-06 12:00:00,12,TLA,97,6,64,33,2,0,1,0,0,0,0,0,False
2025-04-06,2025-04-06 12:00:00,12,TLA,97,7,128,225,2,4,1,0,1,0,1,0,False
2025-04-07,2025-04-07 13:00:00,13,VIF,93,3,8,85,2,1,1,0,0,0,0,0,False
2025-04-07,2025-04-07 13:00:00,13,VIF,93,4,16,77,2,1,1,0,0,0,0,0,False
2025-04-07,2025-04-07 13:00:00,13,VIF,93,5,32,125,2,2,0,0,0,0,0,0,False
2025-04-07,2025-04-07 13:00:00,13,VIF,93,6,64,29,2,0,1,0,0,0,0,0,False
2025-04-07,2025-04-07 13:00:00,13,VIF,93,7,128,221,2,4,1,0,1,0,1,0,False
2025-04-08,2025-04-08 15:00:00,15,CUA,139,3,8,131,3,2,1,0,0,0,0,0,False
2025-04-08,2025-04-08 15:00:00,15,CUA,139,4,16,155,3,3,0,0,1,0,0,0,False
2025-04-08,2025-04-08 15:00:00,15,CUA,139,5,32,171,3,3,0,0,1,0,0,0,False
2025-04-08,2025-04-08 15:00:00,15,CUA,139,6,64,203,3,4,1,0,1,0,1,0,False
2025-04-08,2025-04-08 15:00:00,15,CUA,139,7,128,11,3,0,1,0,0,0,0,0,False
2025-04-09,2025-04-09 16:00:00,16,AJU,141,3,8,133,3,2,1,0,0,0,0,0,False
2025-04-09,2025-04-09 16:00:00,16,AJU,141,4,16,157,3,3,0,0,1,0,0,0,False
2025-04-09,2025-04-09 16:00:00,16,AJU,141,5,32,173,3,3,0,0,1,0,0,0,False
2025-04-09,2025-04-09 16:00:00,16,AJU,141,6,64,205,3,4,1,0,1,0,1,0,False
2025-04-09,2025-04-09 16:00:00,16,AJU,141,7,128,13,3,0,1,0,0,0,0,0,False
2025-04-10,2025-04-10 15:00:00,15,UAX,89,3,8,81,1,1,0,0,0,0,0,0,False
2025-04-10,2025-04-10 15:00:00,15,UAX,89,4,16,73,1,1,0,0,0,0,0,0,False
2025-04-10,2025-04-10 15:00:00,15,UAX,89,5,32,121,1,2,1,0,0,0,0,0,False
2025-04-10,2025-04-10 15:00:00,15,UAX,89,6,64,25,1,0,1,0,0,0,0,0,False
2025-04-10,2025-04-10 15:00:00,15,UAX,89,7,128,217,1,4,1,0,1,0,1,0,False
2025-04-11,2025-04-11 15:00:00,15,UAX,84,3,8,92,1,2,1,0,0,0,0,0,False
2025-04-11,2025-04-11 15:00:00,15,UAX,84,4,16,68,1,1,0,0,0,0,0,0,False
2025-04-11,2025-04-11 15:00:00,15,UAX,84,5,32,116,1,2,1,0,0,0,0,0,False
2025-04-11,2025-04-11 15:00:00,15,UAX,84,6,64,20,1,0,1,0,0,0,0,0,False
2025-04-11,2025-04-11 15:00:00,15,UAX,84,7,128,212,1,4,1,0,1,0,1,0,False
2025-04-12,2025-04-12 14:00:00,14,UAX,90,3,8,82,1,1,0,0,0,0,0,0,False
2025-04-12,2025-04-12 14:00:00,14,UAX,90,4,16,74,1,1,0,0,0,0,0,0,False
2025-04-12,2025-04-12 14:00:00,14,UAX,90,5,32,122,1,2,1,0,0,0,0,0,False
2025-04-12,2025-04-12 14:00:00,14,UAX,90,6,64,26,1,0,1,0,0,0,0,0,False
2025-04-12,2025-04-12 14:00:00,14,UAX,90,7,128,218,1,4,1,0,1,0,1,0,False
2025-04-13,2025-04-13 14:00:00,14,UAX,96,3,8,104,2,2,0,0,0,0,0,0,False
2025-04-13,2025-04-13 14:00:00,14,UAX,96,4,16,112,2,2,0,0,0,0,0,0,False
2025-04-13,2025-04-13 14:00:00,14,UAX,96,5,32,64,2,1,1,0,0,0,0,0,False
2025-04-13,2025-04-13 14:00:00,14,UAX,96,6,64,32,2,0,1,0,0,0,0,0,False
2025-04-13,2025-04-13 14:00:00,14,UAX,96,7,128,224,2,4,1,0,1,0,1,0,False
2025-04-14,2025-04-14 15:00:00,15,UAX,93,3,8,85,2,1,1,0,0,0,0,0,False
2025-04-14,2025-04-14 15:00:00,15,UAX,93,4,16,77,2,1,1,0,0,0,0,0,False
2025-04-14,2025-04-14 15:00:00,15,UAX,93,5,32,125,2,2,0,0,0,0,0,0,False
2025-04-14,2025-04-14 15:00:00,15,UAX,93,6,64,29,2,0,1,0,0,0,0,0,False
2025-04-14,2025-04-14 15:00:00,15,UAX,93,7,128,221,2,4,1,0,1,0,1,0,False
2025-04-15,2025-04-15 13:00:00,13,UAX,90,3,8,82,1,1,0,0,0,0,0,0,False
2025-04-15,2025-04-15 13:00:00,13,UAX,90,4,16,74,1,1,0,0,0,0,0,0,False
2025-04-15,2025-04-15 13:00:00,13,UAX,90,5,32,122,1,2,1,0,0,0,0,0,False
2025-04-15,2025-04-15 13:00:00,13,UAX,90,6,64,26,1,0,1,0,0,0,0,0,False
2025-04-15,2025-04-15 13:00:00,13,UAX,90,7,128,218,1,4,1,0,1,0,1,0,False
2025-04-16,2025-04-16 14:00:00,14,UAX,126,3,8,118,2,2,0,0,0,0,0,0,False
2025-04-16,2025-04-16 14:00:00,14,UAX,126,4,16,110,2,2,0,0,0,0,0,0,False
2025-04-16,2025-04-16 14:00:00,14,UAX,126,5,32,94,2,2,0,0,0,0,0,0,False
2025-04-16,2025-04-16 14:00:00,14,UAX,126,6,64,62,2,1,1,0,0,0,0,0,False
2025-04-16,2025-04-16 14:00:00,14,UAX,126,7,128,254,2,4,1,0,1,0,1,0,False
2025-04-17,2025-04-17 15:00:00,15,TLI,153,3,8,145,3,3,0,0,0,0,0,0,False
2025-04-17,2025-04-17 15:00:00,15,TLI,153,4,16,137,3,3,0,0,0,0,0,0,False
2025-04-17,2025-04-17 15:00:00,15,TLI,153,5,32,185,3,4,1,0,1,0,0,0,False
2025-04-17,2025-04-17 15:00:00,15,TLI,153,6,64,217,3,4,1,0,1,0,1,0,False
2025-04-17,2025-04-17 15:00:00,15,TLI,153,7,128,25,3,0,1,0,0,0,0,0,False
2025-04-18,2025-04-18 14:00:00,14,UAX,140,3,8,132,3,2,1,0,0,0,0,0,False
2025-04-18,2025-04-18 14:00:00,14,UAX,140,4,16,156,3,3,0,0,1,0,0,0,False
2025-04-18,2025-04-18 14:00:00,14,UAX,140,5,32,172,3,3,0,0,1,0,0,0,False
2025-04-18,2025-04-18 14:00:00,14,UAX,140,6,64,204,3,4,1,0,1,0,1,0,False
2025-04-18,2025-04-18 14:00:00,14,UAX,140,7,128,12,3,0,1,0,0,0,0,0,False
2025-04-19,2025-04-19 12:00:00,12,UAX,124,3,8,116,2,2,0,0,0,0,0,0,False
2025-04-19,2025-04-19 12:00:00,12,UAX,124,4,16,108,2,2,0,0,0,0,0,0,False
2025-04-19,2025-04-19 12:00:00,12,UAX,124,5,32,92,2,2,0,0,0,0,0,0,False
2025-04-19,2025-04-19 12:00:00,12,UAX,124,6,64,60,2,1,1,0,0,0,0,0,False
2025-04-19,2025-04-19 12:00:00,12,UAX,124,7,128,252,2,4,1,0,1,0,1,0,False
2025-04-20,2025-04-20 13:00:00,13,ATI,107,3,8,99,2,2,0,0,0,0,0,0,False
2025-04-20,2025-04-20 13:00:00,13,ATI,107,4,16,123,2,2,0,0,0,0,0,0,False
2025-04-20,2025-04-20 13:00:00,13,ATI,107,5,32,75,2,1,1,0,0,0,0,0,False
2025-04-20,2025-04-20 13:00:00,13,ATI,107,6,64,43,2,0,1,0,0,0,0,0,False
2025-04-20,2025-04-20 13:00:00,13,ATI,107,7,128,235,2,4,1,0,1,0,1,0,False
2025-04-21,2025-04-21 16:00:00,16,ATI,125,3,8,117,2,2,0,0,0,0,0,0,False
2025-04-21,2025-04-21 16:00:00,16,ATI,125,4,16,109,2,2,0,0,0,0,0,0,False
2025-04-21,2025-04-21 16:00:00,16,ATI,125,5,32,93,2,2,0,0,0,0,0,0,False
2025-04-21,2025-04-21 16:00:00,16,ATI,125,6,64,61,2,1,1,0,0,0,0,0,False
2025-04-21,2025-04-21 16:00:00,16,ATI,125,7,128,253,2,4,1,0,1,0,1,0,False
2025-04-22,2025-04-22 15:00:00,15,ATI,153,3,8,145,3,3,0,0,0,0,0,0,False
2025-04-22,2025-04-22 15:00:00,15,ATI,153,4,16,137,3,3,0,0,0,0,0,0,False
2025-04-22,2025-04-22 15:00:00,15,ATI,153,5,32,185,3,4,1,0,1,0,0,0,False
2025-04-22,2025-04-22 15:00:00,15,ATI,153,6,64,217,3,4,1,0,1,0,1,0,False
2025-04-22,2025-04-22 15:00:00,15,ATI,153,7,128,25,3,0,1,0,0,0,0,0,False
2025-04-23,2025-04-23 14:00:00,14,UAX,164,3,8,172,3,3,0,1,0,0,0,0,False
2025-04-23,2025-04-23 14:00:00,14,UAX,164,4,16,180,3,4,1,1,0,0,0,0,False
2025-04-23,2025-04-23 14:00:00,14,UAX,164,5,32,132,3,2,1,1,0,1,0,0,False
2025-04-23,2025-04-23 14:00:00,14,UAX,164,6,64,228,3,4,1,1,0,0,1,0,False
2025-04-23,2025-04-23 14:00:00,14,UAX,164,7,128,36,3,0,1,1,0,1,0,0,False
2025-04-24,2025-04-24 14:00:00,14,BJU,141,3,8,133,3,2,1,0,0,0,0,0,False
2025-04-24,2025-04-24 14:00:00,14,BJU,141,4,16,157,3,3,0,0,1,0,0,0,False
2025-04-24,2025-04-24 14:00:00,14,BJU,141,5,32,173,3,3,0,0,1,0,0,0,False
2025-04-24,2025-04-24 14:00:00,14,BJU,141,6,64,205,3,4,1,0,1,0,1,0,False
2025-04-24,2025-04-24 14:00:00,14,BJU,141,7,128,13,3,0,1,0,0,0,0,0,False
2025-04-25,2025-04-25 15:00:00,15,AJM,160,3,8,168,3,3,0,1,0,0,0,0,False
2025-04-25,2025-04-25 15:00:00,15,AJM,160,4,16,176,3,4,1,1,0,0,0,0,False
2025-04-25,2025-04-25 15:00:00,15,AJM,160,5,32,128,3,2,1,1,0,1,0,0,False
2025-04-25,2025-04-25 15:00:00,15,AJM,160,6,64,224,3,4,1,1,0,0,1,0,False
2025-04-25,2025-04-25 15:00:00,15,AJM,160,7,128,32,3,0,1,1,0,1,0,0,False
2025-04-26,2025-04-26 14:00:00,14,CUA,140,3,8,132,3,2,1,0,0,0,0,0,False
2025-04-26,2025-04-26 14:00:00,14,CUA,140,4,16,156,3,3,0,0,1,0,0,0,False
2025-04-26,2025-04-26 14:00:00,14,CUA,140,5,32,172,3,3,0,0,1,0,0,0,False
2025-04-26,2025-04-26 14:00:00,14,CUA,140,6,64,204,3,4,1,0,1,0,1,0,False
2025-04-26,2025-04-26 14:00:00,14,CUA,140,7,128,12,3,0,1,0,0,0,0,0,False
2025-04-27,2025-04-27 11:00:00,11,UAX,107,3,8,99,2,2,0,0,0,0,0,0,False
2025-04-27,2025-04-27 11:00:00,11,UAX,107,4,16,123,2,2,0,0,0,0,0,0,False
2025-04-27,2025-04-27 11:00:00,11,UAX,107,5,32,75,2,1,1,0,0,0,0,0,False
2025-04-27,2025-04-27 11:00:00,11,UAX,107,6,64,43,2,0,1,0,0,0,0,0,False
2025-04-27,2025-04-27 11:00:00,11,UAX,107,7,128,235,2,4,1,0,1,0,1,0,False
2025-04-28,2025-04-28 14:00:00,14,MPA,135,3,8,143,2,3,1,0,0,0,0,0,False
2025-04-28,2025-04-28 14:00:00,14,MPA,135,4,16,151,2,3,1,0,0,0,0,0,False
2025-04-28,2025-04-28 14:00:00,14,MPA,135,5,32,167,2,3,1,0,1,0,0,0,False
2025-04-28,2025-04-28 14:00:00,14,MPA,135,6,64,199,2,4,1,0,1,0,0,0,False
2025-04-28,2025-04-28 14:00:00,14,MPA,135,7,128,7,2,0,1,0,0,0,0,0,False
2025-04-29,2025-04-29 15:00:00,15,BJU,147,3,8,155,3,3,0,0,1,0,0,0,False
2025-04-29,2025-04-29 15:00:00,15,BJU,147,4,16,131,3,2,1,0,0,0,0,0,False
2025-04-29,2025-04-29 15:00:00,15,BJU,147,5,32,179,3,4,1,0,1,0,0,0,False
2025-04-29,2025-04-29 15:00:00,15,BJU,147,6,64,211,3,4,1,0,1,0,1,0,False
2025-04-29,2025-04-29 15:00:00,15,BJU,147,7,128,19,3,0,1,0,0,0,0,0,False
2025-04-30,2025-04-30 13:00:00,13,UAX,145,3,8,153,3,3,0,0,0,0,0,0,False
2025-04-30,2025-04-30 13:00:00,13,UAX,145,4,16,129,3,2,1,0,0,0,0,0,False
2025-04-30,2025-04-30 13:00:00,13,UAX,145,5,32,177,3,4,1,0,1,0,0,0,False
2025-04-30,2025-04-30 13:00:00,13,UAX,145,6,64,209,3,4,1,0,1,0,1,0,False
2025-04-30,2025-04-30 13:00:00,13,UAX,145,7,128,17,3,0,1,0,0,0,0,0,False
2025-05-01,2025-05-01 15:00:00,15,UAX,127,3,8,119,2,2,0,0,0,0,0,0,False
2025-05-01,2025-05-01 15:00:00,15,UAX,127,4,16,111,2,2,0,0,0,0,0,0,False
2025-05-01,2025-05-01 15:00:00,15,UAX,127,5,32,95,2,2,0,0,0,0,0,0,False
2025-05-01,2025-05-01 15:00:00,15,UAX,127,6,64,63,2,1,1,0,0,0,0,0,False
2025-05-01,2025-05-01 15:00:00,15,UAX,127,7,128,255,2,4,1,0,1,0,1,0,False
2025-05-02,2025-05-02 13:00:00,13,UAX,129,3,8,137,2,3,1,0,0,0,0,0,False
2025-05-02,2025-05-02 13:00:00,13,UAX,129,4,16,145,2,3,1,0,0,0,0,0,False
2025-05-02,2025-05-02 13:00:00,13,UAX,129,5,32,161,2,3,1,0,1,0,0,0,False
2025-05-02,2025-05-02 13:00:00,13,UAX,129,6,64,193,2,4,1,0,1,0,0,0,False
2025-05-02,2025-05-02 13:00:00,13,UAX,129,7,128,1,2,0,1,0,0,0,0,0,False
2025-05-03,2025-05-03 12:00:00,12,UAX,130,3,8,138,2,3,1,0,0,0,0,0,False
2025-05-03,2025-05-03 12:00:00,12,UAX,130,4,16,146,2,3,1,0,0,0,0,0,False
2025-05-03,2025-05-03 12:00:00,12,UAX,130,5,32,162,2,3,1,0,1,0,0,0,False
2025-05-03,2025-05-03 12:00:00,12,UAX,130,6,64,194,2,4,1,0,1,0,0,0,False
2025-05-03,2025-05-03 12:00:00,12,UAX,130,7,128,2,2,0,1,0,0,0,0,0,False
2025-05-04,2025-05-04 14:00:00,14,TLA,112,3,8,120,2,2,0,0,0,0,0,0,False
2025-05-04,2025-05-04 14:00:00,14,TLA,112,4,16,96,2,2,0,0,0,0,0,0,False
2025-05-04,2025-05-04 14:00:00,14,TLA,112,5,32,80,2,1,1,0,0,0,0,0,False
2025-05-04,2025-05-04 14:00:00,14,TLA,112,6,64,48,2,0,1,0,0,0,0,0,False
2025-05-04,2025-05-04 14:00:00,14,TLA,112,7,128,240,2,4,1,0,1,0,1,0,False
2025-05-05,2025-05-05 14:00:00,14,VIF,125,3,8,117,2,2,0,0,0,0,0,0,False
2025-05-05,2025-05-05 14:00:00,14,VIF,125,4,16,109,2,2,0,0,0,0,0,0,False
2025-05-05,2025-05-05 14:00:00,14,VIF,125,5,32,93,2,2,0,0,0,0,0,0,False
2025-05-05,2025-05-05 14:00:00,14,VIF,125,6,64,61,2,1,1,0,0,0,0,0,False
2025-05-05,2025-05-05 14:00:00,14,VIF,125,7,128,253,2,4,1,0,1,0,1,0,False
2025-05-06,2025-05-06 14:00:00,14,VIF,90,3,8,82,1,1,0,0,0,0,0,0,False
2025-05-06,2025-05-06 14:00:00,14,VIF,90,4,16,74,1,1,0,0,0,0,0,0,False
2025-05-06,2025-05-06 14:00:00,14,VIF,90,5,32,122,1,2,1,0,0,0,0,0,False
2025-05-06,2025-05-06 14:00:00,14,VIF,90,6,64,26,1,0,1,0,0,0,0,0,False
2025-05-06,2025-05-06 14:00:00,14,VIF,90,7,128,218,1,4,1,0,1,0,1,0,False
2025-05-07,2025-05-07 15:00:00,15,CUA,150,3,8,158,3,3,0,0,1,0,0,0,False
2025-05-07,2025-05-07 15:00:00,15,CUA,150,4,16,134,3,2,1,0,0,0,0,0,False
2025-05-07,2025-05-07 15:00:00,15,CUA,150,5,32,182,3,4,1,0,1,0,0,0,False
2025-05-07,2025-05-07 15:00:00,15,CUA,150,6,64,214,3,4,1,0,1,0,1,0,False
2025-05-07,2025-05-07 15:00:00,15,CUA,150,7,128,22,3,0,1,0,0,0,0,0,False
2025-05-08,2025-05-08 13:00:00,13,TLA,144,3,8,152,3,3,0,0,0,0,0,0,False
2025-05-08,2025-05-08 13:00:00,13,TLA,144,4,16,128,3,2,1,0,0,0,0,0,False
2025-05-08,2025-05-08 13:00:00,13,TLA,144,5,32,176,3,4,1,0,1,0,0,0,False
2025-05-08,2025-05-08 13:00:00,13,TLA,144,6,64,208,3,4,1,0,1,0,1,0,False
2025-05-08,2025-05-08 13:00:00,13,TLA,144,7,128,16,3,0,1,0,0,0,0,0,False
2025-05-09,2025-05-09 13:00:00,13,AJM,143,3,8,135,3,2,1,0,0,0,0,0,False
2025-05-09,2025-05-09 13:00:00,13,AJM,143,4,16,159,3,3,0,0,1,0,0,0,False
2025-05-09,2025-05-09 13:00:00,13,AJM,143,5,32,175,3,3,0,0,1,0,0,0,False
2025-05-09,2025-05-09 13:00:00,13,AJM,143,6,64,207,3,4,1,0,1,0,1,0,False
2025-05-09,2025-05-09 13:00:00,13,AJM,143,7,128,15,3,0,1,0,0,0,0,0,False
2025-05-10,2025-05-10 14:00:00,14,AJM,124,3,8,116,2,2,0,0,0,0,0,0,False
2025-05-10,2025-05-10 14:00:00,14,AJM,124,4,16,108,2,2,0,0,0,0,0,0,False
2025-05-10,2025-05-10 14:00:00,14,AJM,124,5,32,92,2,2,0,0,0,0,0,0,False
2025-05-10,2025-05-10 14:00:00,14,AJM,124,6,64,60,2,1,1,0,0,0,0,0,False
2025-05-10,2025-05-10 14:00:00,14,AJM,124,7,128,252,2,4,1,0,1,0,1,0,False
2025-05-11,2025-05-11 18:00:00,18,MPA,77,3,8,69,1,1,0,0,0,0,0,0,False
2025-05-11,2025-05-11 18:00:00,18,MPA,77,4,16,93,1,2,1,0,0,0,0,0,False
2025-05-11,2025-05-11 18:00:00,18,MPA,77,5,32,109,1,2,1,0,0,0,0,0,False
2025-05-11,2025-05-11 18:00:00,18,MPA,77,6,64,13,1,0,1,0,0,0,0,0,False
2025-05-11,2025-05-11 18:00:00,18,MPA,77,7,128,205,1,4,1,0,1,0,1,0,False
2025-05-12,2025-05-12 15:00:00,15,AJM,123,3,8,115,2,2,0,0,0,0,0,0,False
2025-05-12,2025-05-12 15:00:00,15,AJM,123,4,16,107,2,2,0,0,0,0,0,0,False
2025-05-12,2025-05-12 15:00:00,15,AJM,123,5,32,91,2,2,0,0,0,0,0,0,False
2025-05-12,2025-05-12 15:00:00,15,AJM,123,6,64,59,2,1,1,0,0,0,0,0,False
2025-05-12,2025-05-12 15:00:00,15,AJM,123,7,128,251,2,4,1,0,1,0,1,0,False
2025-05-13,2025-05-13 13:00:00,13,MPA,133,3,8,141,2,3,1,0,0,0,0,0,False
2025-05-13,2025-05-13 13:00:00,13,MPA,133,4,16,149,2,3,1,0,0,0,0,0,False
2025-05-13,2025-05-13 13:00:00,13,MPA,133,5,32,165,2,3,1,0,1,0,0,0,False
2025-05-13,2025-05-13 13:00:00,13,MPA,133,6,64,197,2,4,1,0,1,0,0,0,False
2025-05-13,2025-05-13 13:00:00,13,MPA,133,7,128,5,2,0,1,0,0,0,0,0,False
2025-05-14,2025-05-14 13:00:00,13,PED,127,3,8,119,2,2,0,0,0,0,0,0,False
2025-05-14,2025-05-14 13:00:00,13,PED,127,4,16,111,2,2,0,0,0,0,0,0,False
2025-05-14,2025-05-14 13:00:00,13,PED,127,5,32,95,2,2,0,0,0,0,0,0,False
2025-05-14,2025-05-14 13:00:00,13,PED,127,6,64,63,2,1,1,0,0,0,0,0,False
2025-05-14,2025-05-14 13:00:00,13,PED,127,7,128,255,2,4,1,0,1,0,1,0,False
2025-05-15,2025-05-15 12:00:00,12,BJU,99,3,8,107,2,2,0,0,0,0,0,0,False
2025-05-15,2025-05-15 12:00:00,12,BJU,99,4,16,115,2,2,0,0,0,0,0,0,False
2025-05-15,2025-05-15 12:00:00,12,BJU,99,5,32,67,2,1,1,0,0,0,0,0,False
2025-05-15,2025-05-15 12:00:00,12,BJU,99,6,64,35,2,0,1,0,0,0,0,0,False
2025-05-15,2025-05-15 12:00:00,12,BJU,99,7,128,227,2,4,1,0,1,0,1,0,False
2025-05-16,2025-05-16 13:00:00,13,PED,130,3,8,138,2,3,1,0,0,0,0,0,False
2025-05-16,2025-05-16 13:00:00,13,PED,130,4,16,146,2,3,1,0,0,0,0,0,False
2025-05-16,2025-05-16 13:00:00,13,PED,130,5,32,162,2,3,1,0,1,0,0,0,False
2025-05-16,2025-05-16 13:00:00,13,PED,130,6,64,194,2,4,1,0,1,0,0,0,False
2025-05-16,2025-05-16 13:00:00,13,PED,130,7,128,2,2,0,1,0,0,0,0,0,False
2025-05-17,2025-05-17 14:00:00,14,MGH,141,3,8,133,3,2,1,0,0,0,0,0,False
2025-05-17,2025-05-17 14:00:00,14,MGH,141,4,16,157,3,3,0,0,1,0,0,0,False
2025-05-17,2025-05-17 14:00:00,14,MGH,141,5,32,173,3,3,0,0,1,0,0,0,False
2025-05-17,2025-05-17 14:00:00,14,MGH,141,6,64,205,3,4,1,0,1,0,1,0,False
2025-05-17,2025-05-17 14:00:00,14,MGH,141,7,128,13,3,0,1,0,0,0,0,0,False
2025-05-18,2025-05-18 12:00:00,12,GAM,127,3,8,119,2,2,0,0,0,0,0,0,False
2025-05-18,2025-05-18 12:00:00,12,GAM,127,4,16,111,2,2,0,0,0,0,0,0,False
2025-05-18,2025-05-18 12:00:00,12,GAM,127,5,32,95,2,2,0,0,0,0,0,0,False
2025-05-18,2025-05-18 12:00:00,12,GAM,127,6,64,63,2,1,1,0,0,0,0,0,False
2025-05-18,2025-05-18 12:00:00,12,GAM,127,7,128,255,2,4,1,0,1,0,1,0,False
2025-05-19,2025-05-19 15:00:00,15,CAM,137,3,8,129,3,2,1,0,0,0,0,0,False
2025-05-19,2025-05-19 15:00:00,15,CAM,137,4,16,153,3,3,0,0,0,0,0,0,False
2025-05-19,2025-05-19 15:00:00,15,CAM,137,5,32,169,3,3,0,0,1,0,0,0,False
2025-05-19,2025-05-19 15:00:00,15,CAM,137,6,64,201,3,4,1,0,1,0,1,0,False
2025-05-19,2025-05-19 15:00:00,15,CAM,137,7,128,9,3,0,1,0,0,0,0,0,False
2025-05-20,2025-05-20 14:00:00,14,AJM,143,3,8,135,3,2,1,0,0,0,0,0,False
2025-05-20,2025-05-20 14:00:00,14,AJM,143,4,16,159,3,3,0,0,1,0,0,0,False
2025-05-20,2025-05-20 14:00:00,14,AJM,143,5,32,175,3,3,0,0,1,0,0,0,False
2025-05-20,2025-05-20 14:00:00,14,AJM,143,6,64,207,3,4,1,0,1,0,1,0,False
2025-05-20,2025-05-20 14:00:00,14,AJM,143,7,128,15,3,0,1,0,0,0,0,0,False
2025-05-21,2025-05-21 13:00:00,13,UAX,153,3,8,145,3,3,0,0,0,0,0,0,False
2025-05-21,2025-05-21 13:00:00,13,UAX,153,4,16,137,3,3,0,0,0,0,0,0,False
2025-05-21,2025-05-21 13:00:00,13,UAX,153,5,32,185,3,4,1,0,1,0,0,0,False
2025-05-21,2025-05-21 13:00:00,13,UAX,153,6,64,217,3,4,1,0,1,0,1,0,False
2025-05-21,2025-05-21 13:00:00,13,UAX,153,7,128,25,3,0,1,0,0,0,0,0,False
2025-05-22,2025-05-22 13:00:00,13,UAX,140,3,8,132,3,2,1,0,0,0,0,0,False
2025-05-22,2025-05-22 13:00:00,13,UAX,140,4,16,156,3,3,0,0,1,0,0,0,False
2025-05-22,2025-05-22 13:00:00,13,UAX,140,5,32,172,3,3,0,0,1,0,0,0,False
2025-05-22,2025-05-22 13:00:00,13,UAX,140,6,64,204,3,4,1,0,1,0,1,0,False
2025-05-22,2025-05-22 13:00:00,13,UAX,140,7,128,12,3,0,1,0,0,0,0,0,False
2025-05-23,2025-05-23 16:00:00,16,AJM,149,3,8,157,3,3,0,0,1,0,0,0,False
2025-05-23,2025-05-23 16:00:00,16,AJM,149,4,16,133,3,2,1,0,0,0,0,0,False
2025-05-23,2025-05-23 16:00:00,16,AJM,149,5,32,181,3,4,1,0,1,0,0,0,False
2025-05-23,2025-05-23 16:00:00,16,AJM,149,6,64,213,3,4,1,0,1,0,1,0,False
2025-05-23,2025-05-23 16:00:00,16,AJM,149,7,128,21,3,0,1,0,0,0,0,0,False
2025-05-24,2025-05-24 14:00:00,14,TLI,127,3,8,119,2,2,0,0,0,0,0,0,False
2025-05-24,2025-05-24 14:00:00,14,TLI,127,4,16,111,2,2,0,0,0,0,0,0,False
2025-05-24,2025-05-24 14:00:00,14,TLI,127,5,32,95,2,2,0,0,0,0,0,0,False
2025-05-24,2025-05-24 14:00:00,14,TLI,127,6,64,63,2,1,1,0,0,0,0,0,False
2025-05-24,2025-05-24 14:00:00,14,TLI,127,7,128,255,2,4,1,0,1,0,1,0,False
2025-05-25,2025-05-25 13:00:00,13,PED,92,3,8,84,2,1,1,0,0,0,0,0,False
2025-05-25,2025-05-25 13:00:00,13,PED,92,4,16,76,2,1,1,0,0,0,0,0,False
2025-05-25,2025-05-25 13:00:00,13,PED,92,5,32,124,2,2,0,0,0,0,0,0,False
2025-05-25,2025-05-25 13:00:00,13,PED,92,6,64,28,2,0,1,0,0,0,0,0,False
2025-05-25,2025-05-25 13:00:00,13,PED,92,7,128,220,2,4,1,0,1,0,1,0,False
2025-05-26,2025-05-26 14:00:00,14,MON,105,3,8,97,2,2,0,0,0,0,0,0,False
2025-05-26,2025-05-26 14:00:00,14,MON,105,4,16,121,2,2,0,0,0,0,0,0,False
2025-05-26,2025-05-26 14:00:00,14,MON,105,5,32,73,2,1,1,0,0,0,0,0,False
2025-05-26,2025-05-26 14:00:00,14,MON,105,6,64,41,2,0,1,0,0,0,0,0,False
2025-05-26,2025-05-26 14:00:00,14,MON,105,7,128,233,2,4,1,0,1,0,1,0,False
2025-05-27,2025-05-27 14:00:00,14,PED,130,3,8,138,2,3,1,0,0,0,0,0,False
2025-05-27,2025-05-27 14:00:00,14,PED,130,4,16,146,2,3,1,0,0,0,0,0,False
2025-05-27,2025-05-27 14:00:00,14,PED,130,5,32,162,2,3,1,0,1,0,0,0,False
2025-05-27,2025-05-27 14:00:00,14,PED,130,6,64,194,2,4,1,0,1,0,0,0,False
2025-05-27,2025-05-27 14:00:00,14,PED,130,7,128,2,2,0,1,0,0,0,0,0,False
2025-05-28,2025-05-28 13:00:00,13,SAG,78,3,8,70,1,1,0,0,0,0,0,0,False
2025-05-28,2025-05-28 13:00:00,13,SAG,78,4,16,94,1,2,1,0,0,0,0,0,False
2025-05-28,2025-05-28 13:00:00,13,SAG,78,5,32,110,1,2,1,0,0,0,0,0,False
2025-05-28,2025-05-28 13:00:00,13,SAG,78,6,64,14,1,0,1,0,0,0,0,0,False
2025-05-28,2025-05-28 13:00:00,13,SAG,78,7,128,206,1,4,1,0,1,0,1,0,False
2025-05-29,2025-05-29 14:00:00,14,GAM,106,3,8,98,2,2,0,0,0,0,0,0,False
2025-05-29,2025-05-29 14:00:00,14,GAM,106,4,16,122,2,2,0,0,0,0,0,0,False
2025-05-29,2025-05-29 14:00:00,14,GAM,106,5,32,74,2,1,1,0,0,0,0,0,False
2025-05-29,2025-05-29 14:00:00,14,GAM,106,6,64,42,2,0,1,0,0,0,0,0,False
2025-05-29,2025-05-29 14:00:00,14,GAM,106,7,128,234,2,4,1,0,1,0,1,0,False
2025-05-30,2025-05-30 15:00:00,15,CUT,134,3,8,142,2,3,1,0,0,0,0,0,False
2025-05-30,2025-05-30 15:00:00,15,CUT,134,4,16,150,2,3,1,0,0,0,0,0,False
2025-05-30,2025-05-30 15:00:00,15,CUT,134,5,32,166,2,3,1,0,1,0,0,0,False
2025-05-30,2025-05-30 15:00:00,15,CUT,134,6,64,198,2,4,1,0,1,0,0,0,False
2025-05-30,2025-05-30 15:00:00,15,CUT,134,7,128,6,2,0,1,0,0,0,0,0,False
2025-05-31,2025-05-31 13:00:00,13,UAX,123,3,8,115,2,2,0,0,0,0,0,0,False
2025-05-31,2025-05-31 13:00:00,13,UAX,123,4,16,107,2,2,0,0,0,0,0,0,False
2025-05-31,2025-05-31 13:00:00,13,UAX,123,5,32,91,2,2,0,0,0,0,0,0,False
2025-05-31,2025-05-31 13:00:00,13,UAX,123,6,64,59,2,1,1,0,0,0,0,0,False
2025-05-31,2025-05-31 13:00:00,13,UAX,123,7,128,251,2,4,1,0,1,0,1,0,False
2025-06-01,2025-06-01 14:00:00,14,PED,130,3,8,138,2,3,1,0,0,0,0,0,False
2025-06-01,2025-06-01 14:00:00,14,PED,130,4,16,146,2,3,1,0,0,0,0,0,False
2025-06-01,2025-06-01 14:00:00,14,PED,130,5,32,162,2,3,1,0,1,0,0,0,False
2025-06-01,2025-06-01 14:00:00,14,PED,130,6,64,194,2,4,1,0,1,0,0,0,False
2025-06-01,2025-06-01 14:00:00,14,PED,130,7,128,2,2,0,1,0,0,0,0,0,False
2025-06-02,2025-06-02 14:00:00,14,PED,116,3,8,124,2,2,0,0,0,0,0,0,False
2025-06-02,2025-06-02 14:00:00,14,PED,116,4,16,100,2,2,0,0,0,0,0,0,False
2025-06-02,2025-06-02 14:00:00,14,PED,116,5,32,84,2,1,1,0,0,0,0,0,False
2025-06-02,2025-06-02 14:00:00,14,PED,116,6,64,52,2,0,1,0,0,0,0,0,False
2025-06-02,2025-06-02 14:00:00,14,PED,116,7,128,244,2,4,1,0,1,0,1,0,False
2025-06-03,2025-06-03 15:00:00,15,CCA,141,3,8,133,3,2,1,0,0,0,0,0,False
2025-06-03,2025-06-03 15:00:00,15,CCA,141,4,16,157,3,3,0,0,1,0,0,0,False
2025-06-03,2025-06-03 15:00:00,15,CCA,141,5,32,173,3,3,0,0,1,0,0,0,False
2025-06-03,2025-06-03 15:00:00,15,CCA,141,6,64,205,3,4,1,0,1,0,1,0,False
2025-06-03,2025-06-03 15:00:00,15,CCA,141,7,128,13,3,0,1,0,0,0,0,0,False
2025-06-04,2025-06-04 13:00:00,13,PED,108,3,8,100,2,2,0,0,0,0,0,0,False
2025-06-04,2025-06-04 13:00:00,13,PED,108,4,16,124,2,2,0,0,0,0,0,0,False
2025-06-04,2025-06-04 13:00:00,13,PED,108,5,32,76,2,1,1,0,0,0,0,0,False
2025-06-04,2025-06-04 13:00:00,13,PED,108,6,64,44,2,0,1,0,0,0,0,0,False
2025-06-04,2025-06-04 13:00:00,13,PED,108,7,128,236,2,4,1,0,1,0,1,0,False
2025-06-05,2025-06-05 14:00:00,14,PED,102,3,8,110,2,2,0,0,0,0,0,0,False
2025-06-05,2025-06-05 14:00:00,14,PED,102,4,16,118,2,2,0,0,0,0,0,0,False
2025-06-05,2025-06-05 14:00:00,14,PED,102,5,32,70,2,1,1,0,0,0,0,0,False
2025-06-05,2025-06-05 14:00:00,14,PED,102,6,64,38,2,0,1,0,0,0,0,0,False
2025-06-05,2025-06-05 14:00:00,14,PED,102,7,128,230,2,4,1,0,1,0,1,0,False
2025-06-06,2025-06-06 13:00:00,13,PED,102,3,8,110,2,2,0,0,0,0,0,0,False
2025-06-06,2025-06-06 13:00:00,13,PED,102,4,16,118,2,2,0,0,0,0,0,0,False
2025-06-06,2025-06-06 13:00:00,13,PED,102,5,32,70,2,1,1,0,0,0,0,0,False
2025-06-06,2025-06-06 13:00:00,13,PED,102,6,64,38,2,0,1,0,0,0,0,0,False
2025-06-06,2025-06-06 13:00:00,13,PED,102,7,128,230,2,4,1,0,1,0,1,0,False
2025-06-07,2025-06-07 13:00:00,13,PED,112,3,8,120,2,2,0,0,0,0,0,0,False
2025-06-07,2025-06-07 13:00:00,13,PED,112,4,16,96,2,2,0,0,0,0,0,0,False
2025-06-07,2025-06-07 13:00:00,13,PED,112,5,32,80,2,1,1,0,0,0,0,0,False
2025-06-07,2025-06-07 13:00:00,13,PED,112,6,64,48,2,0,1,0,0,0,0,0,False
2025-06-07,2025-06-07 13:00:00,13,PED,112,7,128,240,2,4,1,0,1,0,1,0,False
2025-06-08,2025-06-08 13:00:00,13,FAC,131,3,8,139,2,3,1,0,0,0,0,0,False
2025-06-08,2025-06-08 13:00:00,13,FAC,131,4,16,147,2,3,1,0,0,0,0,0,False
2025-06-08,2025-06-08 13:00:00,13,FAC,131,5,32,163,2,3,1,0,1,0,0,0,False
2025-06-08,2025-06-08 13:00:00,13,FAC,131,6,64,195,2,4,1,0,1,0,0,0,False
2025-06-08,2025-06-08 13:00:00,13,FAC,131,7,128,3,2,0,1,0,0,0,0,0,False
2025-06-09,2025-06-09 14:00:00,14,PED,135,3,8,143,2,3,1,0,0,0,0,0,False
2025-06-09,2025-06-09 14:00:00,14,PED,135,4,16,151,2,3,1,0,0,0,0,0,False
2025-06-09,2025-06-09 14:00:00,14,PED,135,5,32,167,2,3,1,0,1,0,0,0,False
2025-06-09,2025-06-09 14:00:00,14,PED,135,6,64,199,2,4,1,0,1,0,0,0,False
2025-06-09,2025-06-09 14:00:00,14,PED,135,7,128,7,2,0,1,0,0,0,0,0,False
2025-06-10,2025-06-10 14:00:00,14,PED,144,3,8,152,3,3,0,0,0,0,0,0,False
2025-06-10,2025-06-10 14:00:00,14,PED,144,4,16,128,3,2,1,0,0,0,0,0,False
2025-06-10,2025-06-10 14:00:00,14,PED,144,5,32,176,3,4,1,0,1,0,0,0,False
2025-06-10,2025-06-10 14:00:00,14,PED,144,6,64,208,3,4,1,0,1,0,1,0,False
2025-06-10,2025-06-10 14:00:00,14,PED,144,7,128,16,3,0,1,0,0,0,0,0,False
2025-06-11,2025-06-11 13:00:00,13,FAC,112,3,8,120,2,2,0,0,0,0,0,0,False
2025-06-11,2025-06-11 13:00:00,13,FAC,112,4,16,96,2,2,0,0,0,0,0,0,False
2025-06-11,2025-06-11 13:00:00,13,FAC,112,5,32,80,2,1,1,0,0,0,0,0,False
2025-06-11,2025-06-11 13:00:00,13,FAC,112,6,64,48,2,0,1,0,0,0,0,0,False
2025-06-11,2025-06-11 13:00:00,13,FAC,112,7,128,240,2,4,1,0,1,0,1,0,False
2025-06-12,2025-06-12 13:00:00,13,BJU,104,3,8,96,2,2,0,0,0,0,0,0,False
2025-06-12,2025-06-12 13:00:00,13,BJU,104,4,16,120,2,2,0,0,0,0,0,0,False
2025-06-12,2025-06-12 13:00:00,13,BJU,104,5,32,72,2,1,1,0,0,0,0,0,False
2025-06-12,2025-06-12 13:00:00,13,BJU,104,6,64,40,2,0,1,0,0,0,0,0,False
2025-06-12,2025-06-12 13:00:00,13,BJU,104,7,128,232,2,4,1,0,1,0,1,0,False
2025-06-13,2025-06-13 15:00:00,15,TLA,84,3,8,92,1,2,1,0,0,0,0,0,False
2025-06-13,2025-06-13 15:00:00,15,TLA,84,4,16,68,1,1,0,0,0,0,0,0,False
2025-06-13,2025-06-13 15:00:00,15,TLA,84,5,32,116,1,2,1,0,0,0,0,0,False
2025-06-13,2025-06-13 15:00:00,15,TLA,84,6,64,20,1,0,1,0,0,0,0,0,False
2025-06-13,2025-06-13 15:00:00,15,TLA,84,7,128,212,1,4,1,0,1,0,1,0,False
2025-06-14,2025-06-14 11:00:00,11,VIF,32,3,8,40,0,0,0,0,0,0,0,0,False
2025-06-14,2025-06-14 11:00:00,11,VIF,32,4,16,48,0,0,0,0,0,0,0,0,False
2025-06-14,2025-06-14 11:00:00,11,VIF,32,5,32,0,0,0,0,0,0,0,0,0,False
2025-06-14,2025-06-14 11:00:00,11,VIF,32,6,64,96,0,2,1,0,0,0,0,0,False
2025-06-14,2025-06-14 11:00:00,11,VIF,32,7,128,160,0,3,1,0,1,0,0,0,False
2025-06-15,2025-06-15 12:00:00,12,FAC,49,3,8,57,0,0,0,0,0,0,0,0,False
2025-06-15,2025-06-15 12:00:00,12,FAC,49,4,16,33,0,0,0,0,0,0,0,0,False
2025-06-15,2025-06-15 12:00:00,12,FAC,49,5,32,17,0,0,0,0,0,0,0,0,False
2025-06-15,2025-06-15 12:00:00,12,FAC,49,6,64,113,0,2,1,0,0,0,0,0,False
2025-06-15,2025-06-15 12:00:00,12,FAC,49,7,128,177,0,4,1,0,1,0,0,0,False
2025-06-16,2025-06-16 13:00:00,13,NEZ,61,3,8,53,1,0,1,0,0,0,0,0,False
2025-06-16,2025-06-16 13:00:00,13,NEZ,61,4,16,45,1,0,1,0,0,0,0,0,False
2025-06-16,2025-06-16 13:00:00,13,NEZ,61,5,32,29,1,0,1,0,0,0,0,0,False
2025-06-16,2025-06-16 13:00:00,13,NEZ,61,6,64,125,1,2,1,0,0,0,0,0,False
2025-06-16,2025-06-16 13:00:00,13,NEZ,61,7,128,189,1,4,1,0,1,0,0,0,False
2025-06-17,2025-06-17 12:00:00,12,PED,57,3,8,49,0,0,0,0,0,0,0,0,False
2025-06-17,2025-06-17 12:00:00,12,PED,57,4,16,41,0,0,0,0,0,0,0,0,False
2025-06-17,2025-06-17 12:00:00,12,PED,57,5,32,25,0,0,0,0,0,0,0,0,False
2025-06-17,2025-06-17 12:00:00,12,PED,57,6,64,121,0,2,1,0,0,0,0,0,False
2025-06-17,2025-06-17 12:00:00,12,PED,57,7,128,185,0,4,1,0,1,0,0,0,False
2025-06-18,2025-06-18 14:00:00,14,MPA,48,3,8,56,0,0,0,0,0,0,0,0,False
2025-06-18,2025-06-18 14:00:00,14,MPA,48,4,16,32,0,0,0,0,0,0,0,0,False
2025-06-18,2025-06-18 14:00:00,14,MPA,48,5,32,16,0,0,0,0,0,0,0,0,False
2025-06-18,2025-06-18 14:00:00,14,MPA,48,6,64,112,0,2,1,0,0,0,0,0,False
2025-06-18,2025-06-18 14:00:00,14,MPA,48,7,128,176,0,4,1,0,1,0,0,0,False
2025-06-19,2025-06-19 15:00:00,15,ACO,59,3,8,51,1,0,1,0,0,0,0,0,False
2025-06-19,2025-06-19 15:00:00,15,ACO,59,4,16,43,1,0,1,0,0,0,0,0,False
2025-06-19,2025-06-19 15:00:00,15,ACO,59,5,32,27,1,0,1,0,0,0,0,0,False
2025-06-19,2025-06-19 15:00:00,15,ACO,59,6,64,123,1,2,1,0,0,0,0,0,False
2025-06-19,2025-06-19 15:00:00,15,ACO,59,7,128,187,1,4,1,0,1,0,0,0,False
2025-06-20,2025-06-20 11:00:00,11,VIF,33,3,8,41,0,0,0,0,0,0,0,0,False
2025-06-20,2025-06-20 11:00:00,11,VIF,33,4,16,49,0,0,0,0,0,0,0,0,False
2025-06-20,2025-06-20 11:00:00,11,VIF,33,5,32,1,0,0,0,0,0,0,0,0,False
2025-06-20,2025-06-20 11:00:00,11,VIF,33,6,64,97,0,2,1,0,0,0,0,0,False
2025-06-20,2025-06-20 11:00:00,11,VIF,33,7,128,161,0,3,1,0,1,0,0,0,False
2025-06-21,2025-06-21 12:00:00,12,PED,38,3,8,46,0,0,0,0,0,0,0,0,False
2025-06-21,2025-06-21 12:00:00,12,PED,38,4,16,54,0,0,0,0,0,0,0,0,False
2025-06-21,2025-06-21 12:00:00,12,PED,38,5,32,6,0,0,0,0,0,0,0,0,False
2025-06-21,2025-06-21 12:00:00,12,PED,38,6,64,102,0,2,1,0,0,0,0,0,False
2025-06-21,2025-06-21 12:00:00,12,PED,38,7,128,166,0,3,1,0,1,0,0,0,False
2025-06-22,2025-06-22 12:00:00,12,CCA,38,3,8,46,0,0,0,0,0,0,0,0,False
2025-06-22,2025-06-22 12:00:00,12,CCA,38,4,16,54,0,0,0,0,0,0,0,0,False
2025-06-22,2025-06-22 12:00:00,12,CCA,38,5,32,6,0,0,0,0,0,0,0,0,False
2025-06-22,2025-06-22 12:00:00,12,CCA,38,6,64,102,0,2,1,0,0,0,0,0,False
2025-06-22,2025-06-22 12:00:00,12,CCA,38,7,128,166,0,3,1,0,1,0,0,0,False
2025-06-23,2025-06-23 15:00:00,15,GAM,67,3,8,75,1,1,0,0,0,0,0,0,False
2025-06-23,2025-06-23 15:00:00,15,GAM,67,4,16,83,1,1,0,0,0,0,0,0,False
2025-06-23,2025-06-23 15:00:00,15,GAM,67,5,32,99,1,2,1,0,0,0,0,0,False
2025-06-23,2025-06-23 15:00:00,15,GAM,67,6,64,3,1,0,1,0,0,0,0,0,False
2025-06-23,2025-06-23 15:00:00,15,GAM,67,7,128,195,1,4,1,0,1,0,0,0,False
2025-06-24,2025-06-24 00:00:00,0,MPA,22,3,8,30,0,0,0,0,0,0,0,0,False
2025-06-24,2025-06-24 00:00:00,0,MPA,22,4,16,6,0,0,0,0,0,0,0,0,False
2025-06-24,2025-06-24 00:00:00,0,MPA,22,5,32,54,0,0,0,0,0,0,0,0,False
2025-06-24,2025-06-24 00:00:00,0,MPA,22,6,64,86,0,1,1,0,0,0,0,0,False
2025-06-24,2025-06-24 00:00:00,0,MPA,22,7,128,150,0,3,1,0,0,0,0,0,False
2025-06-25,2025-06-25 15:00:00,15,MPA,88,3,8,80,1,1,0,0,0,0,0,0,False
2025-06-25,2025-06-25 15:00:00,15,MPA,88,4,16,72,1,1,0,0,0,0,0,0,False
2025-06-25,2025-06-25 15:00:00,15,MPA,88,5,32,120,1,2,1,0,0,0,0,0,False
2025-06-25,2025-06-25 15:00:00,15,MPA,88,6,64,24,1,0,1,0,0,0,0,0,False
2025-06-25,2025-06-25 15:00:00,15,MPA,88,7,128,216,1,4,1,0,1,0,1,0,False
2025-06-26,2025-06-26 14:00:00,14,UAX,80,3,8,88,1,1,0,0,0,0,0,0,False
2025-06-26,2025-06-26 14:00:00,14,UAX,80,4,16,64,1,1,0,0,0,0,0,0,False
2025-06-26,2025-06-26 14:00:00,14,UAX,80,5,32,112,1,2,1,0,0,0,0,0,False
2025-06-26,2025-06-26 14:00:00,14,UAX,80,6,64,16,1,0,1,0,0,0,0,0,False
2025-06-26,2025-06-26 14:00:00,14,UAX,80,7,128,208,1,4,1,0,1,0,1,0,False
2025-06-27,2025-06-27 14:00:00,14,MPA,102,3,8,110,2,2,0,0,0,0,0,0,False
2025-06-27,2025-06-27 14:00:00,14,MPA,102,4,16,118,2,2,0,0,0,0,0,0,False
2025-06-27,2025-06-27 14:00:00,14,MPA,102,5,32,70,2,1,1,0,0,0,0,0,False
2025-06-27,2025-06-27 14:00:00,14,MPA,102,6,64,38,2,0,1,0,0,0,0,0,False
2025-06-27,2025-06-27 14:00:00,14,MPA,102,7,128,230,2,4,1,0,1,0,1,0,False
2025-06-28,2025-06-28 14:00:00,14,MPA,105,3,8,97,2,2,0,0,0,0,0,0,False
2025-06-28,2025-06-28 14:00:00,14,MPA,105,4,16,121,2,2,0,0,0,0,0,0,False
2025-06-28,2025-06-28 14:00:00,14,MPA,105,5,32,73,2,1,1,0,0,0,0,0,False
2025-06-28,2025-06-28 14:00:00,14,MPA,105,6,64,41,2,0,1,0,0,0,0,0,False
2025-06-28,2025-06-28 14:00:00,14,MPA,105,7,128,233,2,4,1,0,1,0,1,0,False
2025-06-29,2025-06-29 14:00:00,14,AJM,70,3,8,78,1,1,0,0,0,0,0,0,False
2025-06-29,2025-06-29 14:00:00,14,AJM,70,4,16,86,1,1,0,0,0,0,0,0,False
2025-06-29,2025-06-29 14:00:00,14,AJM,70,5,32,102,1,2,1,0,0,0,0,0,False
2025-06-29,2025-06-29 14:00:00,14,AJM,70,6,64,6,1,0,1,0,0,0,0,0,False
2025-06-29,2025-06-29 14:00:00,14,AJM,70,7,128,198,1,4,1,0,1,0,0,0,False
2025-06-30,2025-06-30 13:00:00,13,TLI,41,3,8,33,0,0,0,0,0,0,0,0,False
2025-06-30,2025-06-30 13:00:00,13,TLI,41,4,16,57,0,0,0,0,0,0,0,0,False
2025-06-30,2025-06-30 13:00:00,13,TLI,41,5,32,9,0,0,0,0,0,0,0,0,False
2025-06-30,2025-06-30 13:00:00,13,TLI,41,6,64,105,0,2,1,0,0,0,0,0,False
2025-06-30,2025-06-30 13:00:00,13,TLI,41,7,128,169,0,3,1,0,1,0,0,0,False
2025-07-01,2025-07-01 12:00:00,12,VIF,44,3,8,36,0,0,0,0,0,0,0,0,False
2025-07-01,2025-07-01 12:00:00,12,VIF,44,4,16,60,0,1,1,0,0,0,0,0,False
2025-07-01,2025-07-01 12:00:00,12,VIF,44,5,32,12,0,0,0,0,0,0,0,0,False
2025-07-01,2025-07-01 12:00:00,12,VIF,44,6,64,108,0,2,1,0,0,0,0,0,False
2025-07-01,2025-07-01 12:00:00,12,VIF,44,7,128,172,0,3,1,0,1,0,0,0,False
2025-07-02,2025-07-02 14:00:00,14,VIF,61,3,8,53,1,0,1,0,0,0,0,0,False
2025-07-02,2025-07-02 14:00:00,14,VIF,61,4,16,45,1,0,1,0,0,0,0,0,False
2025-07-02,2025-07-02 14:00:00,14,VIF,61,5,32,29,1,0,1,0,0,0,0,0,False
2025-07-02,2025-07-02 14:00:00,14,VIF,61,6,64,125,1,2,1,0,0,0,0,0,False
2025-07-02,2025-07-02 14:00:00,14,VIF,61,7,128,189,1,4,1,0,1,0,0,0,False
2025-07-03,2025-07-03 13:00:00,13,HGM,101,3,8,109,2,2,0,0,0,0,0,0,False
2025-07-03,2025-07-03 13:00:00,13,HGM,101,4,16,117,2,2,0,0,0,0,0,0,False
2025-07-03,2025-07-03 13:00:00,13,HGM,101,5,32,69,2,1,1,0,0,0,0,0,False
2025-07-03,2025-07-03 13:00:00,13,HGM,101,6,64,37,2,0,1,0,0,0,0,0,False
2025-07-03,2025-07-03 13:00:00,13,HGM,101,7,128,229,2,4,1,0,1,0,1,0,False
2025-07-04,2025-07-04 14:00:00,14,BJU,138,3,8,130,3,2,1,0,0,0,0,0,False
2025-07-04,2025-07-04 14:00:00,14,BJU,138,4,16,154,3,3,0,0,0,0,0,0,False
2025-07-04,2025-07-04 14:00:00,14,BJU,138,5,32,170,3,3,0,0,1,0,0,0,False
2025-07-04,2025-07-04 14:00:00,14,BJU,138,6,64,202,3,4,1,0,1,0,1,0,False
2025-07-04,2025-07-04 14:00:00,14,BJU,138,7,128,10,3,0,1,0,0,0,0,0,False
2025-07-05,2025-07-05 13:00:00,13,MGH,131,3,8,139,2,3,1,0,0,0,0,0,False
2025-07-05,2025-07-05 13:00:00,13,MGH,131,4,16,147,2,3,1,0,0,0,0,0,False
2025-07-05,2025-07-05 13:00:00,13,MGH,131,5,32,163,2,3,1,0,1,0,0,0,False
2025-07-05,2025-07-05 13:00:00,13,MGH,131,6,64,195,2,4,1,0,1,0,0,0,False
2025-07-05,2025-07-05 13:00:00,13,MGH,131,7,128,3,2,0,1,0,0,0,0,0,False
2025-07-06,2025-07-06 13:00:00,13,BJU,133,3,8,141,2,3,1,0,0,0,0,0,False
2025-07-06,2025-07-06 13:00:00,13,BJU,133,4,16,149,2,3,1,0,0,0,0,0,False
2025-07-06,2025-07-06 13:00:00,13,BJU,133,5,32,165,2,3,1,0,1,0,0,0,False
2025-07-06,2025-07-06 13:00:00,13,BJU,133,6,64,197,2,4,1,0,1,0,0,0,False
2025-07-06,2025-07-06 13:00:00,13,BJU,133,7,128,5,2,0,1,0,0,0,0,0,False
2025-07-07,2025-07-07 13:00:00,13,AJM,102,3,8,110,2,2,0,0,0,0,0,0,False
2025-07-07,2025-07-07 13:00:00,13,AJM,102,4,16,118,2,2,0,0,0,0,0,0,False
2025-07-07,2025-07-07 13:00:00,13,AJM,102,5,32,70,2,1,1,0,0,0,0,0,False
2025-07-07,2025-07-07 13:00:00,13,AJM,102,6,64,38,2,0,1,0,0,0,0,0,False
2025-07-07,2025-07-07 13:00:00,13,AJM,102,7,128,230,2,4,1,0,1,0,1,0,False
2025-07-08,2025-07-08 13:00:00,13,AJM,90,3,8,82,1,1,0,0,0,0,0,0,False
2025-07-08,2025-07-08 13:00:00,13,AJM,90,4,16,74,1,1,0,0,0,0,0,0,False
2025-07-08,2025-07-08 13:00:00,13,AJM,90,5,32,122,1,2,1,0,0,0,0,0,False
2025-07-08,2025-07-08 13:00:00,13,AJM,90,6,64,26,1,0,1,0,0,0,0,0,False
2025-07-08,2025-07-08 13:00:00,13,AJM,90,7,128,218,1,4,1,0,1,0,1,0,False
2025-07-09,2025-07-09 15:00:00,15,VIF,38,3,8,46,0,0,0,0,0,0,0,0,False
2025-07-09,2025-07-09 15:00:00,15,VIF,38,4,16,54,0,0,0,0,0,0,0,0,False
2025-07-09,2025-07-09 15:00:00,15,VIF,38,5,32,6,0,0,0,0,0,0,0,0,False
2025-07-09,2025-07-09 15:00:00,15,VIF,38,6,64,102,0,2,1,0,0,0,0,0,False
2025-07-09,2025-07-09 15:00:00,15,VIF,38,7,128,166,0,3,1,0,1,0,0,0,False
2025-07-10,2025-07-10 14:00:00,14,GAM,113,3,8,121,2,2,0,0,0,0,0,0,False
2025-07-10,2025-07-10 14:00:00,14,GAM,113,4,16,97,2,2,0,0,0,0,0,0,False
2025-07-10,2025-07-10 14:00:00,14,GAM,113,5,32,81,2,1,1,0,0,0,0,0,False
2025-07-10,2025-07-10 14:00:00,14,GAM,113,6,64,49,2,0,1,0,0,0,0,0,False
2025-07-10,2025-07-10 14:00:00,14,GAM,113,7,128,241,2,4,1,0,1,0,1,0,False
2025-07-11,2025-07-11 16:00:00,16,BJU,118,3,8,126,2,2,0,0,0,0,0,0,False
2025-07-11,2025-07-11 16:00:00,16,BJU,118,4,16,102,2,2,0,0,0,0,0,0,False
2025-07-11,2025-07-11 16:00:00,16,BJU,118,5,32,86,2,1,1,0,0,0,0,0,False
2025-07-11,2025-07-11 16:00:00,16,BJU,118,6,64,54,2,0,1,0,0,0,0,0,False
2025-07-11,2025-07-11 16:00:00,16,BJU,118,7,128,246,2,4,1,0,1,0,1,0,False
2025-07-12,2025-07-12 14:00:00,14,UIZ,116,3,8,124,2,2,0,0,0,0,0,0,False
2025-07-12,2025-07-12 14:00:00,14,UIZ,116,4,16,100,2,2,0,0,0,0,0,0,False
2025-07-12,2025-07-12 14:00:00,14,UIZ,116,5,32,84,2,1,1,0,0,0,0,0,False
2025-07-12,2025-07-12 14:00:00,14,UIZ,116,6,64,52,2,0,1,0,0,0,0,0,False
2025-07-12,2025-07-12 14:00:00,14,UIZ,116,7,128,244,2,4,1,0,1,0,1,0,False
2025-07-13,2025-07-13 15:00:00,15,FAC,112,3,8,120,2,2,0,0,0,0,0,0,False
2025-07-13,2025-07-13 15:00:00,15,FAC,112,4,16,96,2,2,0,0,0,0,0,0,False
2025-07-13,2025-07-13 15:00:00,15,FAC,112,5,32,80,2,1,1,0,0,0,0,0,False
2025-07-13,2025-07-13 15:00:00,15,FAC,112,6,64,48,2,0,1,0,0,0,0,0,False
2025-07-13,2025-07-13 15:00:00,15,FAC,112,7,128,240,2,4,1,0,1,0,1,0,False
2025-07-14,2025-07-14 14:00:00,14,CUT,116,3,8,124,2,2,0,0,0,0,0,0,False
2025-07-14,2025-07-14 14:00:00,14,CUT,116,4,16,100,2,2,0,0,0,0,0,0,False
2025-07-14,2025-07-14 14:00:00,14,CUT,116,5,32,84,2,1,1,0,0,0,0,0,False
2025-07-14,2025-07-14 14:00:00,14,CUT,116,6,64,52,2,0,1,0,0,0,0,0,False
2025-07-14,2025-07-14 14:00:00,14,CUT,116,7,128,244,2,4,1,0,1,0,1,0,False
2025-07-15,2025-07-15 14:00:00,14,PED,102,3,8,110,2,2,0,0,0,0,0,0,False
2025-07-15,2025-07-15 14:00:00,14,PED,102,4,16,118,2,2,0,0,0,0,0,0,False
2025-07-15,2025-07-15 14:00:00,14,PED,102,5,32,70,2,1,1,0,0,0,0,0,False
2025-07-15,2025-07-15 14:00:00,14,PED,102,6,64,38,2,0,1,0,0,0,0,0,False
2025-07-15,2025-07-15 14:00:00,14,PED,102,7,128,230,2,4,1,0,1,0,1,0,False
2025-07-16,2025-07-16 13:00:00,13,AJM,118,3,8,126,2,2,0,0,0,0,0,0,False
2025-07-16,2025-07-16 13:00:00,13,AJM,118,4,16,102,2,2,0,0,0,0,0,0,False
2025-07-16,2025-07-16 13:00:00,13,AJM,118,5,32,86,2,1,1,0,0,0,0,0,False
2025-07-16,2025-07-16 13:00:00,13,AJM,118,6,64,54,2,0,1,0,0,0,0,0,False
2025-07-16,2025-07-16 13:00:00,13,AJM,118,7,128,246,2,4,1,0,1,0,1,0,False
2025-07-17,2025-07-17 12:00:00,12,UIZ,101,3,8,109,2,2,0,0,0,0,0,0,False
2025-07-17,2025-07-17 12:00:00,12,UIZ,101,4,16,117,2,2,0,0,0,0,0,0,False
2025-07-17,2025-07-17 12:00:00,12,UIZ,101,5,32,69,2,1,1,0,0,0,0,0,False
2025-07-17,2025-07-17 12:00:00,12,UIZ,101,6,64,37,2,0,1,0,0,0,0,0,False
2025-07-17,2025-07-17 12:00:00,12,UIZ,101,7,128,229,2,4,1,0,1,0,1,0,False
2025-07-18,2025-07-18 13:00:00,13,UIZ,95,3,8,87,2,1,1,0,0,0,0,0,False
2025-07-18,2025-07-18 13:00:00,13,UIZ,95,4,16,79,2,1,1,0,0,0,0,0,False
2025-07-18,2025-07-18 13:00:00,13,UIZ,95,5,32,127,2,2,0,0,0,0,0,0,False
2025-07-18,2025-07-18 13:00:00,13,UIZ,95,6,64,31,2,0,1,0,0,0,0,0,False
2025-07-18,2025-07-18 13:00:00,13,UIZ,95,7,128,223,2,4,1,0,1,0,1,0,False
2025-07-19,2025-07-19 14:00:00,14,PED,101,3,8,109,2,2,0,0,0,0,0,0,False
2025-07-19,2025-07-19 14:00:00,14,PED,101,4,16,117,2,2,0,0,0,0,0,0,False
2025-07-19,2025-07-19 14:00:00,14,PED,101,5,32,69,2,1,1,0,0,0,0,0,False
2025-07-19,2025-07-19 14:00:00,14,PED,101,6,64,37,2,0,1,0,0,0,0,0,False
2025-07-19,2025-07-19 14:00:00,14,PED,101,7,128,229,2,4,1,0,1,0,1,0,False
2025-07-20,2025-07-20 13:00:00,13,CUT,102,3,8,110,2,2,0,0,0,0,0,0,False
2025-07-20,2025-07-20 13:00:00,13,CUT,102,4,16,118,2,2,0,0,0,0,0,0,False
2025-07-20,2025-07-20 13:00:00,13,CUT,102,5,32,70,2,1,1,0,0,0,0,0,False
2025-07-20,2025-07-20 13:00:00,13,CUT,102,6,64,38,2,0,1,0,0,0,0,0,False
2025-07-20,2025-07-20 13:00:00,13,CUT,102,7,128,230,2,4,1,0,1,0,1,0,False
2025-07-21,2025-07-21 15:00:00,15,AJM,109,3,8,101,2,2,0,0,0,0,0,0,False
2025-07-21,2025-07-21 15:00:00,15,AJM,109,4,16,125,2,2,0,0,0,0,0,0,False
2025-07-21,2025-07-21 15:00:00,15,AJM,109,5,32,77,2,1,1,0,0,0,0,0,False
2025-07-21,2025-07-21 15:00:00,15,AJM,109,6,64,45,2,0,1,0,0,0,0,0,False
2025-07-21,2025-07-21 15:00:00,15,AJM,109,7,128,237,2,4,1,0,1,0,1,0,False
2025-07-22,2025-07-22 13:00:00,13,AJM,124,3,8,116,2,2,0,0,0,0,0,0,False
2025-07-22,2025-07-22 13:00:00,13,AJM,124,4,16,108,2,2,0,0,0,0,0,0,False
2025-07-22,2025-07-22 13:00:00,13,AJM,124,5,32,92,2,2,0,0,0,0,0,0,False
2025-07-22,2025-07-22 13:00:00,13,AJM,124,6,64,60,2,1,1,0,0,0,0,0,False
2025-07-22,2025-07-22 13:00:00,13,AJM,124,7,128,252,2,4,1,0,1,0,1,0,False
2025-07-23,2025-07-23 14:00:00,14,AJM,116,3,8,124,2,2,0,0,0,0,0,0,False
2025-07-23,2025-07-23 14:00:00,14,AJM,116,4,16,100,2,2,0,0,0,0,0,0,False
2025-07-23,2025-07-23 14:00:00,14,AJM,116,5,32,84,2,1,1,0,0,0,0,0,False
2025-07-23,2025-07-23 14:00:00,14,AJM,116,6,64,52,2,0,1,0,0,0,0,0,False
2025-07-23,2025-07-23 14:00:00,14,AJM,116,7,128,244,2,4,1,0,1,0,1,0,False
2025-07-24,2025-07-24 14:00:00,14,AJM,119,3,8,127,2,2,0,0,0,0,0,0,False
2025-07-24,2025-07-24 14:00:00,14,AJM,119,4,16,103,2,2,0,0,0,0,0,0,False
2025-07-24,2025-07-24 14:00:00,14,AJM,119,5,32,87,2,1,1,0,0,0,0,0,False
2025-07-24,2025-07-24 14:00:00,14,AJM,119,6,64,55,2,0,1,0,0,0,0,0,False
2025-07-24,2025-07-24 14:00:00,14,AJM,119,7,128,247,2,4,1,0,1,0,1,0,False
2025-07-25,2025-07-25 14:00:00,14,BJU,127,3,8,119,2,2,0,0,0,0,0,0,False
2025-07-25,2025-07-25 14:00:00,14,BJU,127,4,16,111,2,2,0,0,0,0,0,0,False
2025-07-25,2025-07-25 14:00:00,14,BJU,127,5,32,95,2,2,0,0,0,0,0,0,False
2025-07-25,2025-07-25 14:00:00,14,BJU,127,6,64,63,2,1,1,0,0,0,0,0,False
2025-07-25,2025-07-25 14:00:00,14,BJU,127,7,128,255,2,4,1,0,1,0,1,0,False
2025-07-26,2025-07-26 13:00:00,13,AJM,97,3,8,105,2,2,0,0,0,0,0,0,False
2025-07-26,2025-07-26 13:00:00,13,AJM,97,4,16,113,2,2,0,0,0,0,0,0,False
2025-07-26,2025-07-26 13:00:00,13,AJM,97,5,32,65,2,1,1,0,0,0,0,0,False
2025-07-26,2025-07-26 13:00:00,13,AJM,97,6,64,33,2,0,1,0,0,0,0,0,False
2025-07-26,2025-07-26 13:00:00,13,AJM,97,7,128,225,2,4,1,0,1,0,1,0,False
2025-07-27,2025-07-27 15:00:00,15,AJM,75,3,8,67,1,1,0,0,0,0,0,0,False
2025-07-27,2025-07-27 15:00:00,15,AJM,75,4,16,91,1,2,1,0,0,0,0,0,False
2025-07-27,2025-07-27 15:00:00,15,AJM,75,5,32,107,1,2,1,0,0,0,0,0,False
2025-07-27,2025-07-27 15:00:00,15,AJM,75,6,64,11,1,0,1,0,0,0,0,0,False
2025-07-27,2025-07-27 15:00:00,15,AJM,75,7,128,203,1,4,1,0,1,0,1,0,False
2025-07-28,2025-07-28 15:00:00,15,MPA,82,3,8,90,1,1,0,0,0,0,0,0,False
2025-07-28,2025-07-28 15:00:00,15,MPA,82,4,16,66,1,1,0,0,0,0,0,0,False
2025-07-28,2025-07-28 15:00:00,15,MPA,82,5,32,114,1,2,1,0,0,0,0,0,False
2025-07-28,2025-07-28 15:00:00,15,MPA,82,6,64,18,1,0,1,0,0,0,0,0,False
2025-07-28,2025-07-28 15:00:00,15,MPA,82,7,128,210,1,4,1,0,1,0,1,0,False
2025-07-29,2025-07-29 15:00:00,15,MPA,95,3,8,87,2,1,1,0,0,0,0,0,False
2025-07-29,2025-07-29 15:00:00,15,MPA,95,4,16,79,2,1,1,0,0,0,0,0,False
2025-07-29,2025-07-29 15:00:00,15,MPA,95,5,32,127,2,2,0,0,0,0,0,0,False
2025-07-29,2025-07-29 15:00:00,15,MPA,95,6,64,31,2,0,1,0,0,0,0,0,False
2025-07-29,2025-07-29 15:00:00,15,MPA,95,7,128,223,2,4,1,0,1,0,1,0,False
2025-07-30,2025-07-30 15:00:00,15,MON,93,3,8,85,2,1,1,0,0,0,0,0,False
2025-07-30,2025-07-30 15:00:00,15,MON,93,4,16,77,2,1,1,0,0,0,0,0,False
2025-07-30,2025-07-30 15:00:00,15,MON,93,5,32,125,2,2,0,0,0,0,0,0,False
2025-07-30,2025-07-30 15:00:00,15,MON,93,6,64,29,2,0,1,0,0,0,0,0,False
2025-07-30,2025-07-30 15:00:00,15,MON,93,7,128,221,2,4,1,0,1,0,1,0,False
2025-07-31,2025-07-31 13:00:00,13,TLA,89,3,8,81,1,1,0,0,0,0,0,0,False
2025-07-31,2025-07-31 13:00:00,13,TLA,89,4,16,73,1,1,0,0,0,0,0,0,False
2025-07-31,2025-07-31 13:00:00,13,TLA,89,5,32,121,1,2,1,0,0,0,0,0,False
2025-07-31,2025-07-31 13:00:00,13,TLA,89,6,64,25,1,0,1,0,0,0,0,0,False
2025-07-31,2025-07-31 13:00:00,13,TLA,89,7,128,217,1,4,1,0,1,0,1,0,False
2025-08-01,2025-08-01 13:00:00,13,MPA,87,3,8,95,1,2,1,0,0,0,0,0,False
2025-08-01,2025-08-01 13:00:00,13,MPA,87,4,16,71,1,1,0,0,0,0,0,0,False
2025-08-01,2025-08-01 13:00:00,13,MPA,87,5,32,119,1,2,1,0,0,0,0,0,False
2025-08-01,2025-08-01 13:00:00,13,MPA,87,6,64,23,1,0,1,0,0,0,0,0,False
2025-08-01,2025-08-01 13:00:00,13,MPA,87,7,128,215,1,4,1,0,1,0,1,0,False
2025-08-02,2025-08-02 14:00:00,14,AJM,120,3,8,112,2,2,0,0,0,0,0,0,False
2025-08-02,2025-08-02 14:00:00,14,AJM,120,4,16,104,2,2,0,0,0,0,0,0,False
2025-08-02,2025-08-02 14:00:00,14,AJM,120,5,32,88,2,1,1,0,0,0,0,0,False
2025-08-02,2025-08-02 14:00:00,14,AJM,120,6,64,56,2,0,1,0,0,0,0,0,False
2025-08-02,2025-08-02 14:00:00,14,AJM,120,7,128,248,2,4,1,0,1,0,1,0,False
2025-08-03,2025-08-03 14:00:00,14,MPA,103,3,8,111,2,2,0,0,0,0,0,0,False
2025-08-03,2025-08-03 14:00:00,14,MPA,103,4,16,119,2,2,0,0,0,0,0,0,False
2025-08-03,2025-08-03 14:00:00,14,MPA,103,5,32,71,2,1,1,0,0,0,0,0,False
2025-08-03,2025-08-03 14:00:00,14,MPA,103,6,64,39,2,0,1,0,0,0,0,0,False
2025-08-03,2025-08-03 14:00:00,14,MPA,103,7,128,231,2,4,1,0,1,0,1,0,False
2025-08-04,2025-08-04 14:00:00,14,MPA,117,3,8,125,2,2,0,0,0,0,0,0,False
2025-08-04,2025-08-04 14:00:00,14,MPA,117,4,16,101,2,2,0,0,0,0,0,0,False
2025-08-04,2025-08-04 14:00:00,14,MPA,117,5,32,85,2,1,1,0,0,0,0,0,False
2025-08-04,2025-08-04 14:00:00,14,MPA,117,6,64,53,2,0,1,0,0,0,0,0,False
2025-08-04,2025-08-04 14:00:00,14,MPA,117,7,128,245,2,4,1,0,1,0,1,0,False
2025-08-05,2025-08-05 14:00:00,14,UAX,94,3,8,86,2,1,1,0,0,0,0,0,False
2025-08-05,2025-08-05 14:00:00,14,UAX,94,4,16,78,2,1,1,0,0,0,0,0,False
2025-08-05,2025-08-05 14:00:00,14,UAX,94,5,32,126,2,2,0,0,0,0,0,0,False
2025-08-05,2025-08-05 14:00:00,14,UAX,94,6,64,30,2,0,1,0,0,0,0,0,False
2025-08-05,2025-08-05 14:00:00,14,UAX,94,7,128,222,2,4,1,0,1,0,1,0,False
2025-08-06,2025-08-06 13:00:00,13,PED,47,3,8,39,0,0,0,0,0,0,0,0,False
2025-08-06,2025-08-06 13:00:00,13,PED,47,4,16,63,0,1,1,0,0,0,0,0,False
2025-08-06,2025-08-06 13:00:00,13,PED,47,5,32,15,0,0,0,0,0,0,0,0,False
2025-08-06,2025-08-06 13:00:00,13,PED,47,6,64,111,0,2,1,0,0,0,0,0,False
2025-08-06,2025-08-06 13:00:00,13,PED,47,7,128,175,0,3,1,0,1,0,0,0,False
2025-08-07,2025-08-07 14:00:00,14,BJU,96,3,8,104,2,2,0,0,0,0,0,0,False
2025-08-07,2025-08-07 14:00:00,14,BJU,96,4,16,112,2,2,0,0,0,0,0,0,False
2025-08-07,2025-08-07 14:00:00,14,BJU,96,5,32,64,2,1,1,0,0,0,0,0,False
2025-08-07,2025-08-07 14:00:00,14,BJU,96,6,64,32,2,0,1,0,0,0,0,0,False
2025-08-07,2025-08-07 14:00:00,14,BJU,96,7,128,224,2,4,1,0,1,0,1,0,False
2025-08-08,2025-08-08 14:00:00,14,AJM,117,3,8,125,2,2,0,0,0,0,0,0,False
2025-08-08,2025-08-08 14:00:00,14,AJM,117,4,16,101,2,2,0,0,0,0,0,0,False
2025-08-08,2025-08-08 14:00:00,14,AJM,117,5,32,85,2,1,1,0,0,0,0,0,False
2025-08-08,2025-08-08 14:00:00,14,AJM,117,6,64,53,2,0,1,0,0,0,0,0,False
2025-08-08,2025-08-08 14:00:00,14,AJM,117,7,128,245,2,4,1,0,1,0,1,0,False
2025-08-09,2025-08-09 14:00:00,14,PED,130,3,8,138,2,3,1,0,0,0,0,0,False
2025-08-09,2025-08-09 14:00:00,14,PED,130,4,16,146,2,3,1,0,0,0,0,0,False
2025-08-09,2025-08-09 14:00:00,14,PED,130,5,32,162,2,3,1,0,1,0,0,0,False
2025-08-09,2025-08-09 14:00:00,14,PED,130,6,64,194,2,4,1,0,1,0,0,0,False
2025-08-09,2025-08-09 14:00:00,14,PED,130,7,128,2,2,0,1,0,0,0,0,0,False
2025-08-10,2025-08-10 15:00:00,15,PED,136,3,8,128,3,2,1,0,0,0,0,0,False
2025-08-10,2025-08-10 15:00:00,15,PED,136,4,16,152,3,3,0,0,0,0,0,0,False
2025-08-10,2025-08-10 15:00:00,15,PED,136,5,32,168,3,3,0,0,1,0,0,0,False
2025-08-10,2025-08-10 15:00:00,15,PED,136,6,64,200,3,4,1,0,1,0,1,0,False
2025-08-10,2025-08-10 15:00:00,15,PED,136,7,128,8,3,0,1,0,0,0,0,0,False
2025-08-11,2025-08-11 16:00:00,16,PED,132,3,8,140,2,3,1,0,0,0,0,0,False
2025-08-11,2025-08-11 16:00:00,16,PED,132,4,16,148,2,3,1,0,0,0,0,0,False
2025-08-11,2025-08-11 16:00:00,16,PED,132,5,32,164,2,3,1,0,1,0,0,0,False
2025-08-11,2025-08-11 16:00:00,16,PED,132,6,64,196,2,4,1,0,1,0,0,0,False
2025-08-11,2025-08-11 16:00:00,16,PED,132,7,128,4,2,0,1,0,0,0,0,0,False
2025-08-12,2025-08-12 14:00:00,14,PED,114,3,8,122,2,2,0,0,0,0,0,0,False
2025-08-12,2025-08-12 14:00:00,14,PED,114,4,16,98,2,2,0,0,0,0,0,0,False
2025-08-12,2025-08-12 14:00:00,14,PED,114,5,32,82,2,1,1,0,0,0,0,0,False
2025-08-12,2025-08-12 14:00:00,14,PED,114,6,64,50,2,0,1,0,0,0,0,0,False
2025-08-12,2025-08-12 14:00:00,14,PED,114,7,128,242,2,4,1,0,1,0,1,0,False
2025-08-13,2025-08-13 14:00:00,14,AJM,121,3,8,113,2,2,0,0,0,0,0,0,False
2025-08-13,2025-08-13 14:00:00,14,AJM,121,4,16,105,2,2,0,0,0,0,0,0,False
2025-08-13,2025-08-13 14:00:00,14,AJM,121,5,32,89,2,1,1,0,0,0,0,0,False
2025-08-13,2025-08-13 14:00:00,14,AJM,121,6,64,57,2,0,1,0,0,0,0,0,False
2025-08-13,2025-08-13 14:00:00,14,AJM,121,7,128,249,2,4,1,0,1,0,1,0,False
2025-08-14,2025-08-14 13:00:00,13,BJU,107,3,8,99,2,2,0,0,0,0,0,0,False
2025-08-14,2025-08-14 13:00:00,13,BJU,107,4,16,123,2,2,0,0,0,0,0,0,False
2025-08-14,2025-08-14 13:00:00,13,BJU,107,5,32,75,2,1,1,0,0,0,0,0,False
2025-08-14,2025-08-14 13:00:00,13,BJU,107,6,64,43,2,0,1,0,0,0,0,0,False
2025-08-14,2025-08-14 13:00:00,13,BJU,107,7,128,235,2,4,1,0,1,0,1,0,False
2025-08-15,2025-08-15 14:00:00,14,CUT,94,3,8,86,2,1,1,0,0,0,0,0,False
2025-08-15,2025-08-15 14:00:00,14,CUT,94,4,16,78,2,1,1,0,0,0,0,0,False
2025-08-15,2025-08-15 14:00:00,14,CUT,94,5,32,126,2,2,0,0,0,0,0,0,False
2025-08-15,2025-08-15 14:00:00,14,CUT,94,6,64,30,2,0,1,0,0,0,0,0,False
2025-08-15,2025-08-15 14:00:00,14,CUT,94,7,128,222,2,4,1,0,1,0,1,0,False
2025-08-16,2025-08-16 13:00:00,13,AJM,96,3,8,104,2,2,0,0,0,0,0,0,False
2025-08-16,2025-08-16 13:00:00,13,AJM,96,4,16,112,2,2,0,0,0,0,0,0,False
2025-08-16,2025-08-16 13:00:00,13,AJM,96,5,32,64,2,1,1,0,0,0,0,0,False
2025-08-16,2025-08-16 13:00:00,13,AJM,96,6,64,32,2,0,1,0,0,0,0,0,False
2025-08-16,2025-08-16 13:00:00,13,AJM,96,7,128,224,2,4,1,0,1,0,1,0,False
2025-08-17,2025-08-17 13:00:00,13,AJM,95,3,8,87,2,1,1,0,0,0,0,0,False
2025-08-17,2025-08-17 13:00:00,13,AJM,95,4,16,79,2,1,1,0,0,0,0,0,False
2025-08-17,2025-08-17 13:00:00,13,AJM,95,5,32,127,2,2,0,0,0,0,0,0,False
2025-08-17,2025-08-17 13:00:00,13,AJM,95,6,64,31,2,0,1,0,0,0,0,0,False
2025-08-17,2025-08-17 13:00:00,13,AJM,95,7,128,223,2,4,1,0,1,0,1,0,False
2025-08-18,2025-08-18 13:00:00,13,UAX,99,3,8,107,2,2,0,0,0,0,0,0,False
2025-08-18,2025-08-18 13:00:00,13,UAX,99,4,16,115,2,2,0,0,0,0,0,0,False
2025-08-18,2025-08-18 13:00:00,13,UAX,99,5,32,67,2,1,1,0,0,0,0,0,False
2025-08-18,2025-08-18 13:00:00,13,UAX,99,6,64,35,2,0,1,0,0,0,0,0,False
2025-08-18,2025-08-18 13:00:00,13,UAX,99,7,128,227,2,4,1,0,1,0,1,0,False
2025-08-19,2025-08-19 14:00:00,14,AJM,126,3,8,118,2,2,0,0,0,0,0,0,False
2025-08-19,2025-08-19 14:00:00,14,AJM,126,4,16,110,2,2,0,0,0,0,0,0,False
2025-08-19,2025-08-19 14:00:00,14,AJM,126,5,32,94,2,2,0,0,0,0,0,0,False
2025-08-19,2025-08-19 14:00:00,14,AJM,126,6,64,62,2,1,1,0,0,0,0,0,False
2025-08-19,2025-08-19 14:00:00,14,AJM,126,7,128,254,2,4,1,0,1,0,1,0,False
2025-08-20,2025-08-20 14:00:00,14,AJM,107,3,8,99,2,2,0,0,0,0,0,0,False
2025-08-20,2025-08-20 14:00:00,14,AJM,107,4,16,123,2,2,0,0,0,0,0,0,False
2025-08-20,2025-08-20 14:00:00,14,AJM,107,5,32,75,2,1,1,0,0,0,0,0,False
2025-08-20,2025-08-20 14:00:00,14,AJM,107,6,64,43,2,0,1,0,0,0,0,0,False
2025-08-20,2025-08-20 14:00:00,14,AJM,107,7,128,235,2,4,1,0,1,0,1,0,False
2025-08-21,2025-08-21 15:00:00,15,FAC,104,3,8,96,2,2,0,0,0,0,0,0,False
2025-08-21,2025-08-21 15:00:00,15,FAC,104,4,16,120,2,2,0,0,0,0,0,0,False
2025-08-21,2025-08-21 15:00:00,15,FAC,104,5,32,72,2,1,1,0,0,0,0,0,False
2025-08-21,2025-08-21 15:00:00,15,FAC,104,6,64,40,2,0,1,0,0,0,0,0,False
2025-08-21,2025-08-21 15:00:00,15,FAC,104,7,128,232,2,4,1,0,1,0,1,0,False
2025-08-22,2025-08-22 14:00:00,14,PED,112,3,8,120,2,2,0,0,0,0,0,0,False
2025-08-22,2025-08-22 14:00:00,14,PED,112,4,16,96,2,2,0,0,0,0,0,0,False
2025-08-22,2025-08-22 14:00:00,14,PED,112,5,32,80,2,1,1,0,0,0,0,0,False
2025-08-22,2025-08-22 14:00:00,14,PED,112,6,64,48,2,0,1,0,0,0,0,0,False
2025-08-22,2025-08-22 14:00:00,14,PED,112,7,128,240,2,4,1,0,1,0,1,0,False
2025-08-23,2025-08-23 13:00:00,13,PED,99,3,8,107,2,2,0,0,0,0,0,0,False
2025-08-23,2025-08-23 13:00:00,13,PED,99,4,16,115,2,2,0,0,0,0,0,0,False
2025-08-23,2025-08-23 13:00:00,13,PED,99,5,32,67,2,1,1,0,0,0,0,0,False
2025-08-23,2025-08-23 13:00:00,13,PED,99,6,64,35,2,0,1,0,0,0,0,0,False
2025-08-23,2025-08-23 13:00:00,13,PED,99,7,128,227,2,4,1,0,1,0,1,0,False
2025-08-24,2025-08-24 14:00:00,14,FAC,100,3,8,108,2,2,0,0,0,0,0,0,False
2025-08-24,2025-08-24 14:00:00,14,FAC,100,4,16,116,2,2,0,0,0,0,0,0,False
2025-08-24,2025-08-24 14:00:00,14,FAC,100,5,32,68,2,1,1,0,0,0,0,0,False
2025-08-24,2025-08-24 14:00:00,14,FAC,100,6,64,36,2,0,1,0,0,0,0,0,False
2025-08-24,2025-08-24 14:00:00,14,FAC,100,7,128,228,2,4,1,0,1,0,1,0,False
2025-08-25,2025-08-25 15:00:00,15,PED,115,3,8,123,2,2,0,0,0,0,0,0,False
2025-08-25,2025-08-25 15:00:00,15,PED,115,4,16,99,2,2,0,0,0,0,0,0,False
2025-08-25,2025-08-25 15:00:00,15,PED,115,5,32,83,2,1,1,0,0,0,0,0,False
2025-08-25,2025-08-25 15:00:00,15,PED,115,6,64,51,2,0,1,0,0,0,0,0,False
2025-08-25,2025-08-25 15:00:00,15,PED,115,7,128,243,2,4,1,0,1,0,1,0,False
2025-08-26,2025-08-26 14:00:00,14,AJM,123,3,8,115,2,2,0,0,0,0,0,0,False
2025-08-26,2025-08-26 14:00:00,14,AJM,123,4,16,107,2,2,0,0,0,0,0,0,False
2025-08-26,2025-08-26 14:00:00,14,AJM,123,5,32,91,2,2,0,0,0,0,0,0,False
2025-08-26,2025-08-26 14:00:00,14,AJM,123,6,64,59,2,1,1,0,0,0,0,0,False
2025-08-26,2025-08-26 14:00:00,14,AJM,123,7,128,251,2,4,1,0,1,0,1,0,False
2025-08-27,2025-08-27 16:00:00,16,CUT,61,3,8,53,1,0,1,0,0,0,0,0,False
2025-08-27,2025-08-27 16:00:00,16,CUT,61,4,16,45,1,0,1,0,0,0,0,0,False
2025-08-27,2025-08-27 16:00:00,16,CUT,61,5,32,29,1,0,1,0,0,0,0,0,False
2025-08-27,2025-08-27 16:00:00,16,CUT,61,6,64,125,1,2,1,0,0,0,0,0,False
2025-08-27,2025-08-27 16:00:00,16,CUT,61,7,128,189,1,4,1,0,1,0,0,0,False
2025-08-28,2025-08-28 14:00:00,14,AJM,119,3,8,127,2,2,0,0,0,0,0,0,False
2025-08-28,2025-08-28 14:00:00,14,AJM,119,4,16,103,2,2,0,0,0,0,0,0,False
2025-08-28,2025-08-28 14:00:00,14,AJM,119,5,32,87,2,1,1,0,0,0,0,0,False
2025-08-28,2025-08-28 14:00:00,14,AJM,119,6,64,55,2,0,1,0,0,0,0,0,False
2025-08-28,2025-08-28 14:00:00,14,AJM,119,7,128,247,2,4,1,0,1,0,1,0,False
2025-08-29,2025-08-29 14:00:00,14,AJM,117,3,8,125,2,2,0,0,0,0,0,0,False
2025-08-29,2025-08-29 14:00:00,14,AJM,117,4,16,101,2,2,0,0,0,0,0,0,False
2025-08-29,2025-08-29 14:00:00,14,AJM,117,5,32,85,2,1,1,0,0,0,0,0,False
2025-08-29,2025-08-29 14:00:00,14,AJM,117,6,64,53,2,0,1,0,0,0,0,0,False
2025-08-29,2025-08-29 14:00:00,14,AJM,117,7,128,245,2,4,1,0,1,0,1,0,False
2025-08-30,2025-08-30 14:00:00,14,AJM,108,3,8,100,2,2,0,0,0,0,0,0,False
2025-08-30,2025-08-30 14:00:00,14,AJM,108,4,16,124,2,2,0,0,0,0,0,0,False
2025-08-30,2025-08-30 14:00:00,14,AJM,108,5,32,76,2,1,1,0,0,0,0,0,False
2025-08-30,2025-08-30 14:00:00,14,AJM,108,6,64,44,2,0,1,0,0,0,0,0,False
2025-08-30,2025-08-30 14:00:00,14,AJM,108,7,128,236,2,4,1,0,1,0,1,0,False
2025-08-31,2025-08-31 14:00:00,14,AJM,92,3,8,84,2,1,1,0,0,0,0,0,False
2025-08-31,2025-08-31 14:00:00,14,AJM,92,4,16,76,2,1,1,0,0,0,0,0,False
2025-08-31,2025-08-31 14:00:00,14,AJM,92,5,32,124,2,2,0,0,0,0,0,0,False
2025-08-31,2025-08-31 14:00:00,14,AJM,92,6,64,28,2,0,1,0,0,0,0,0,False
2025-08-31,2025-08-31 14:00:00,14,AJM,92,7,128,220,2,4,1,0,1,0,1,0,False
2025-09-01,2025-09-01 12:00:00,12,CUT,53,3,8,61,0,1,1,0,0,0,0,0,False
2025-09-01,2025-09-01 12:00:00,12,CUT,53,4,16,37,0,0,0,0,0,0,0,0,False
2025-09-01,2025-09-01 12:00:00,12,CUT,53,5,32,21,0,0,0,0,0,0,0,0,False
2025-09-01,2025-09-01 12:00:00,12,CUT,53,6,64,117,0,2,1,0,0,0,0,0,False
2025-09-01,2025-09-01 12:00:00,12,CUT,53,7,128,181,0,4,1,0,1,0,0,0,False
2025-09-02,2025-09-02 14:00:00,14,UAX,112,3,8,120,2,2,0,0,0,0,0,0,False
2025-09-02,2025-09-02 14:00:00,14,UAX,112,4,16,96,2,2,0,0,0,0,0,0,False
2025-09-02,2025-09-02 14:00:00,14,UAX,112,5,32,80,2,1,1,0,0,0,0,0,False
2025-09-02,2025-09-02 14:00:00,14,UAX,112,6,64,48,2,0,1,0,0,0,0,0,False
2025-09-02,2025-09-02 14:00:00,14,UAX,112,7,128,240,2,4,1,0,1,0,1,0,False
2025-09-03,2025-09-03 14:00:00,14,PED,142,3,8,134,3,2,1,0,0,0,0,0,False
2025-09-03,2025-09-03 14:00:00,14,PED,142,4,16,158,3,3,0,0,1,0,0,0,False
2025-09-03,2025-09-03 14:00:00,14,PED,142,5,32,174,3,3,0,0,1,0,0,0,False
2025-09-03,2025-09-03 14:00:00,14,PED,142,6,64,206,3,4,1,0,1,0,1,0,False
2025-09-03,2025-09-03 14:00:00,14,PED,142,7,128,14,3,0,1,0,0,0,0,0,False
2025-09-04,2025-09-04 13:00:00,13,IZT,125,3,8,117,2,2,0,0,0,0,0,0,False
2025-09-04,2025-09-04 13:00:00,13,IZT,125,4,16,109,2,2,0,0,0,0,0,0,False
2025-09-04,2025-09-04 13:00:00,13,IZT,125,5,32,93,2,2,0,0,0,0,0,0,False
2025-09-04,2025-09-04 13:00:00,13,IZT,125,6,64,61,2,1,1,0,0,0,0,0,False
2025-09-04,2025-09-04 13:00:00,13,IZT,125,7,128,253,2,4,1,0,1,0,1,0,False
2025-09-05,2025-09-05 14:00:00,14,FAC,119,3,8,127,2,2,0,0,0,0,0,0,False
2025-09-05,2025-09-05 14:00:00,14,FAC,119,4,16,103,2,2,0,0,0,0,0,0,False
2025-09-05,2025-09-05 14:00:00,14,FAC,119,5,32,87,2,1,1,0,0,0,0,0,False
2025-09-05,2025-09-05 14:00:00,14,FAC,119,6,64,55,2,0,1,0,0,0,0,0,False
2025-09-05,2025-09-05 14:00:00,14,FAC,119,7,128,247,2,4,1,0,1,0,1,0,False
2025-09-06,2025-09-06 15:00:00,15,CCA,146,3,8,154,3,3,0,0,0,0,0,0,False
2025-09-06,2025-09-06 15:00:00,15,CCA,146,4,16,130,3,2,1,0,0,0,0,0,False
2025-09-06,2025-09-06 15:00:00,15,CCA,146,5,32,178,3,4,1,0,1,0,0,0,False
2025-09-06,2025-09-06 15:00:00,15,CCA,146,6,64,210,3,4,1,0,1,0,1,0,False
2025-09-06,2025-09-06 15:00:00,15,CCA,146,7,128,18,3,0,1,0,0,0,0,0,False
2025-09-07,2025-09-07 13:00:00,13,CCA,119,3,8,127,2,2,0,0,0,0,0,0,False
2025-09-07,2025-09-07 13:00:00,13,CCA,119,4,16,103,2,2,0,0,0,0,0,0,False
2025-09-07,2025-09-07 13:00:00,13,CCA,119,5,32,87,2,1,1,0,0,0,0,0,False
2025-09-07,2025-09-07 13:00:00,13,CCA,119,6,64,55,2,0,1,0,0,0,0,0,False
2025-09-07,2025-09-07 13:00:00,13,CCA,119,7,128,247,2,4,1,0,1,0,1,0,False
2025-09-08,2025-09-08 15:00:00,15,AJM,115,3,8,123,2,2,0,0,0,0,0,0,False
2025-09-08,2025-09-08 15:00:00,15,AJM,115,4,16,99,2,2,0,0,0,0,0,0,False
2025-09-08,2025-09-08 15:00:00,15,AJM,115,5,32,83,2,1,1,0,0,0,0,0,False
2025-09-08,2025-09-08 15:00:00,15,AJM,115,6,64,51,2,0,1,0,0,0,0,0,False
2025-09-08,2025-09-08 15:00:00,15,AJM,115,7,128,243,2,4,1,0,1,0,1,0,False
2025-09-09,2025-09-09 14:00:00,14,AJM,116,3,8,124,2,2,0,0,0,0,0,0,False
2025-09-09,2025-09-09 14:00:00,14,AJM,116,4,16,100,2,2,0,0,0,0,0,0,False
2025-09-09,2025-09-09 14:00:00,14,AJM,116,5,32,84,2,1,1,0,0,0,0,0,False
2025-09-09,2025-09-09 14:00:00,14,AJM,116,6,64,52,2,0,1,0,0,0,0,0,False
2025-09-09,2025-09-09 14:00:00,14,AJM,116,7,128,244,2,4,1,0,1,0,1,0,False
2025-09-10,2025-09-10 14:00:00,14,AJM,95,3,8,87,2,1,1,0,0,0,0,0,False
2025-09-10,2025-09-10 14:00:00,14,AJM,95,4,16,79,2,1,1,0,0,0,0,0,False
2025-09-10,2025-09-10 14:00:00,14,AJM,95,5,32,127,2,2,0,0,0,0,0,0,False
2025-09-10,2025-09-10 14:00:00,14,AJM,95,6,64,31,2,0,1,0,0,0,0,0,False
2025-09-10,2025-09-10 14:00:00,14,AJM,95,7,128,223,2,4,1,0,1,0,1,0,False
2025-09-11,2025-09-11 14:00:00,14,AJM,55,3,8,63,0,1,1,0,0,0,0,0,False
2025-09-11,2025-09-11 14:00:00,14,AJM,55,4,16,39,0,0,0,0,0,0,0,0,False
2025-09-11,2025-09-11 14:00:00,14,AJM,55,5,32,23,0,0,0,0,0,0,0,0,False
2025-09-11,2025-09-11 14:00:00,14,AJM,55,6,64,119,0,2,1,0,0,0,0,0,False
2025-09-11,2025-09-11 14:00:00,14,AJM,55,7,128,183,0,4,1,0,1,0,0,0,False
2025-09-12,2025-09-12 13:00:00,13,CCA,66,3,8,74,1,1,0,0,0,0,0,0,False
2025-09-12,2025-09-12 13:00:00,13,CCA,66,4,16,82,1,1,0,0,0,0,0,0,False
2025-09-12,2025-09-12 13:00:00,13,CCA,66,5,32,98,1,2,1,0,0,0,0,0,False
2025-09-12,2025-09-12 13:00:00,13,CCA,66,6,64,2,1,0,1,0,0,0,0,0,False
2025-09-12,2025-09-12 13:00:00,13,CCA,66,7,128,194,1,4,1,0,1,0,0,0,False
2025-09-13,2025-09-13 14:00:00,14,AJM,95,3,8,87,2,1,1,0,0,0,0,0,False
2025-09-13,2025-09-13 14:00:00,14,AJM,95,4,16,79,2,1,1,0,0,0,0,0,False
2025-09-13,2025-09-13 14:00:00,14,AJM,95,5,32,127,2,2,0,0,0,0,0,0,False
2025-09-13,2025-09-13 14:00:00,14,AJM,95,6,64,31,2,0,1,0,0,0,0,0,False
2025-09-13,2025-09-13 14:00:00,14,AJM,95,7,128,223,2,4,1,0,1,0,1,0,False
2025-09-14,2025-09-14 14:00:00,14,AJM,104,3,8,96,2,2,0,0,0,0,0,0,False
2025-09-14,2025-09-14 14:00:00,14,AJM,104,4,16,120,2,2,0,0,0,0,0,0,False
2025-09-14,2025-09-14 14:00:00,14,AJM,104,5,32,72,2,1,1,0,0,0,0,0,False
2025-09-14,2025-09-14 14:00:00,14,AJM,104,6,64,40,2,0,1,0,0,0,0,0,False
2025-09-14,2025-09-14 14:00:00,14,AJM,104,7,128,232,2,4,1,0,1,0,1,0,False
2025-09-15,2025-09-15 15:00:00,15,AJM,90,3,8,82,1,1,0,0,0,0,0,0,False
2025-09-15,2025-09-15 15:00:00,15,AJM,90,4,16,74,1,1,0,0,0,0,0,0,False
2025-09-15,2025-09-15 15:00:00,15,AJM,90,5,32,122,1,2,1,0,0,0,0,0,False
2025-09-15,2025-09-15 15:00:00,15,AJM,90,6,64,26,1,0,1,0,0,0,0,0,False
2025-09-15,2025-09-15 15:00:00,15,AJM,90,7,128,218,1,4,1,0,1,0,1,0,False
2025-09-16,2025-09-16 14:00:00,14,AJM,57,3,8,49,0,0,0,0,0,0,0,0,False
2025-09-16,2025-09-16 14:00:00,14,AJM,57,4,16,41,0,0,0,0,0,0,0,0,False
2025-09-16,2025-09-16 14:00:00,14,AJM,57,5,32,25,0,0,0,0,0,0,0,0,False
2025-09-16,2025-09-16 14:00:00,14,AJM,57,6,64,121,0,2,1,0,0,0,0,0,False
2025-09-16,2025-09-16 14:00:00,14,AJM,57,7,128,185,0,4,1,0,1,0,0,0,False
2025-09-17,2025-09-17 15:00:00,15,AJM,70,3,8,78,1,1,0,0,0,0,0,0,False
2025-09-17,2025-09-17 15:00:00,15,AJM,70,4,16,86,1,1,0,0,0,0,0,0,False
2025-09-17,2025-09-17 15:00:00,15,AJM,70,5,32,102,1,2,1,0,0,0,0,0,False
2025-09-17,2025-09-17 15:00:00,15,AJM,70,6,64,6,1,0,1,0,0,0,0,0,False
2025-09-17,2025-09-17 15:00:00,15,AJM,70,7,128,198,1,4,1,0,1,0,0,0,False
2025-09-18,2025-09-18 14:00:00,14,CCA,107,3,8,99,2,2,0,0,0,0,0,0,False
2025-09-18,2025-09-18 14:00:00,14,CCA,107,4,16,123,2,2,0,0,0,0,0,0,False
2025-09-18,2025-09-18 14:00:00,14,CCA,107,5,32,75,2,1,1,0,0,0,0,0,False
2025-09-18,2025-09-18 14:00:00,14,CCA,107,6,64,43,2,0,1,0,0,0,0,0,False
2025-09-18,2025-09-18 14:00:00,14,CCA,107,7,128,235,2,4,1,0,1,0,1,0,False
2025-09-19,2025-09-19 13:00:00,13,CCA,89,3,8,81,1,1,0,0,0,0,0,0,False
2025-09-19,2025-09-19 13:00:00,13,CCA,89,4,16,73,1,1,0,0,0,0,0,0,False
2025-09-19,2025-09-19 13:00:00,13,CCA,89,5,32,121,1,2,1,0,0,0,0,0,False
2025-09-19,2025-09-19 13:00:00,13,CCA,89,6,64,25,1,0,1,0,0,0,0,0,False
2025-09-19,2025-09-19 13:00:00,13,CCA,89,7,128,217,1,4,1,0,1,0,1,0,False
2025-09-20,2025-09-20 13:00:00,13,AJM,82,3,8,90,1,1,0,0,0,0,0,0,False
2025-09-20,2025-09-20 13:00:00,13,AJM,82,4,16,66,1,1,0,0,0,0,0,0,False
2025-09-20,2025-09-20 13:00:00,13,AJM,82,5,32,114,1,2,1,0,0,0,0,0,False
2025-09-20,2025-09-20 13:00:00,13,AJM,82,6,64,18,1,0,1,0,0,0,0,0,False
2025-09-20,2025-09-20 13:00:00,13,AJM,82,7,128,210,1,4,1,0,1,0,1,0,False
2025-09-21,2025-09-21 14:00:00,14,CCA,89,3,8,81,1,1,0,0,0,0,0,0,False
2025-09-21,2025-09-21 14:00:00,14,CCA,89,4,16,73,1,1,0,0,0,0,0,0,False
2025-09-21,2025-09-21 14:00:00,14,CCA,89,5,32,121,1,2,1,0,0,0,0,0,False
2025-09-21,2025-09-21 14:00:00,14,CCA,89,6,64,25,1,0,1,0,0,0,0,0,False
2025-09-21,2025-09-21 14:00:00,14,CCA,89,7,128,217,1,4,1,0,1,0,1,0,False
2025-09-22,2025-09-22 14:00:00,14,AJM,97,3,8,105,2,2,0,0,0,0,0,0,False
2025-09-22,2025-09-22 14:00:00,14,AJM,97,4,16,113,2,2,0,0,0,0,0,0,False
2025-09-22,2025-09-22 14:00:00,14,AJM,97,5,32,65,2,1,1,0,0,0,0,0,False
2025-09-22,2025-09-22 14:00:00,14,AJM,97,6,64,33,2,0,1,0,0,0,0,0,False
2025-09-22,2025-09-22 14:00:00,14,AJM,97,7,128,225,2,4,1,0,1,0,1,0,False
2025-09-23,2025-09-23 15:00:00,15,AJM,94,3,8,86,2,1,1,0,0,0,0,0,False
2025-09-23,2025-09-23 15:00:00,15,AJM,94,4,16,78,2,1,1,0,0,0,0,0,False
2025-09-23,2025-09-23 15:00:00,15,AJM,94,5,32,126,2,2,0,0,0,0,0,0,False
2025-09-23,2025-09-23 15:00:00,15,AJM,94,6,64,30,2,0,1,0,0,0,0,0,False
2025-09-23,2025-09-23 15:00:00,15,AJM,94,7,128,222,2,4,1,0,1,0,1,0,False
2025-09-24,2025-09-24 15:00:00,15,AJM,118,3,8,126,2,2,0,0,0,0,0,0,False
2025-09-24,2025-09-24 15:00:00,15,AJM,118,4,16,102,2,2,0,0,0,0,0,0,False
2025-09-24,2025-09-24 15:00:00,15,AJM,118,5,32,86,2,1,1,0,0,0,0,0,False
2025-09-24,2025-09-24 15:00:00,15,AJM,118,6,64,54,2,0,1,0,0,0,0,0,False
2025-09-24,2025-09-24 15:00:00,15,AJM,118,7,128,246,2,4,1,0,1,0,1,0,False
2025-09-25,2025-09-25 13:00:00,13,VIF,87,3,8,95,1,2,1,0,0,0,0,0,False
2025-09-25,2025-09-25 13:00:00,13,VIF,87,4,16,71,1,1,0,0,0,0,0,0,False
2025-09-25,2025-09-25 13:00:00,13,VIF,87,5,32,119,1,2,1,0,0,0,0,0,False
2025-09-25,2025-09-25 13:00:00,13,VIF,87,6,64,23,1,0,1,0,0,0,0,0,False
2025-09-25,2025-09-25 13:00:00,13,VIF,87,7,128,215,1,4,1,0,1,0,1,0,False
2025-09-26,2025-09-26 14:00:00,14,CCA,118,3,8,126,2,2,0,0,0,0,0,0,False
2025-09-26,2025-09-26 14:00:00,14,CCA,118,4,16,102,2,2,0,0,0,0,0,0,False
2025-09-26,2025-09-26 14:00:00,14,CCA,118,5,32,86,2,1,1,0,0,0,0,0,False
2025-09-26,2025-09-26 14:00:00,14,CCA,118,6,64,54,2,0,1,0,0,0,0,0,False
2025-09-26,2025-09-26 14:00:00,14,CCA,118,7,128,246,2,4,1,0,1,0,1,0,False
2025-09-27,2025-09-27 14:00:00,14,CCA,105,3,8,97,2,2,0,0,0,0,0,0,False
2025-09-27,2025-09-27 14:00:00,14,CCA,105,4,16,121,2,2,0,0,0,0,0,0,False
2025-09-27,2025-09-27 14:00:00,14,CCA,105,5,32,73,2,1,1,0,0,0,0,0,False
2025-09-27,2025-09-27 14:00:00,14,CCA,105,6,64,41,2,0,1,0,0,0,0,0,False
2025-09-27,2025-09-27 14:00:00,14,CCA,105,7,128,233,2,4,1,0,1,0,1,0,False
2025-09-28,2025-09-28 13:00:00,13,UAX,111,3,8,103,2,2,0,0,0,0,0,0,False
2025-09-28,2025-09-28 13:00:00,13,UAX,111,4,16,127,2,2,0,0,0,0,0,0,False
2025-09-28,2025-09-28 13:00:00,13,UAX,111,5,32,79,2,1,1,0,0,0,0,0,False
2025-09-28,2025-09-28 13:00:00,13,UAX,111,6,64,47,2,0,1,0,0,0,0,0,False
2025-09-28,2025-09-28 13:00:00,13,UAX,111,7,128,239,2,4,1,0,1,0,1,0,False
2025-09-29,2025-09-29 15:00:00,15,CUT,96,3,8,104,2,2,0,0,0,0,0,0,False
2025-09-29,2025-09-29 15:00:00,15,CUT,96,4,16,112,2,2,0,0,0,0,0,0,False
2025-09-29,2025-09-29 15:00:00,15,CUT,96,5,32,64,2,1,1,0,0,0,0,0,False
2025-09-29,2025-09-29 15:00:00,15,CUT,96,6,64,32,2,0,1,0,0,0,0,0,False
2025-09-29,2025-09-29 15:00:00,15,CUT,96,7,128,224,2,4,1,0,1,0,1,0,False
2025-09-30,2025-09-30 16:00:00,16,CCA,135,3,8,143,2,3,1,0,0,0,0,0,False
2025-09-30,2025-09-30 16:00:00,16,CCA,135,4,16,151,2,3,1,0,0,0,0,0,False
2025-09-30,2025-09-30 16:00:00,16,CCA,135,5,32,167,2,3,1,0,1,0,0,0,False
2025-09-30,2025-09-30 16:00:00,16,CCA,135,6,64,199,2,4,1,0,1,0,0,0,False
2025-09-30,2025-09-30 16:00:00,16,CCA,135,7,128,7,2,0,1,0,0,0,0,0,False
2025-10-01,2025-10-01 15:00:00,15,CCA,141,3,8,133,3,2,1,0,0,0,0,0,False
2025-10-01,2025-10-01 15:00:00,15,CCA,141,4,16,157,3,3,0,0,1,0,0,0,False
2025-10-01,2025-10-01 15:00:00,15,CCA,141,5,32,173,3,3,0,0,1,0,0,0,False
2025-10-01,2025-10-01 15:00:00,15,CCA,141,6,64,205,3,4,1,0,1,0,1,0,False
2025-10-01,2025-10-01 15:00:00,15,CCA,141,7,128,13,3,0,1,0,0,0,0,0,False
2025-10-02,2025-10-02 15:00:00,15,AJM,93,3,8,85,2,1,1,0,0,0,0,0,False
2025-10-02,2025-10-02 15:00:00,15,AJM,93,4,16,77,2,1,1,0,0,0,0,0,False
2025-10-02,2025-10-02 15:00:00,15,AJM,93,5,32,125,2,2,0,0,0,0,0,0,False
2025-10-02,2025-10-02 15:00:00,15,AJM,93,6,64,29,2,0,1,0,0,0,0,0,False
2025-10-02,2025-10-02 15:00:00,15,AJM,93,7,128,221,2,4,1,0,1,0,1,0,False
2025-10-03,2025-10-03 14:00:00,14,AJM,107,3,8,99,2,2,0,0,0,0,0,0,False
2025-10-03,2025-10-03 14:00:00,14,AJM,107,4,16,123,2,2,0,0,0,0,0,0,False
2025-10-03,2025-10-03 14:00:00,14,AJM,107,5,32,75,2,1,1,0,0,0,0,0,False
2025-10-03,2025-10-03 14:00:00,14,AJM,107,6,64,43,2,0,1,0,0,0,0,0,False
2025-10-03,2025-10-03 14:00:00,14,AJM,107,7,128,235,2,4,1,0,1,0,1,0,False
2025-10-04,2025-10-04 14:00:00,14,FAR,87,3,8,95,1,2,1,0,0,0,0,0,False
2025-10-04,2025-10-04 14:00:00,14,FAR,87,4,16,71,1,1,0,0,0,0,0,0,False
2025-10-04,2025-10-04 14:00:00,14,FAR,87,5,32,119,1,2,1,0,0,0,0,0,False
2025-10-04,2025-10-04 14:00:00,14,FAR,87,6,64,23,1,0,1,0,0,0,0,0,False
2025-10-04,2025-10-04 14:00:00,14,FAR,87,7,128,215,1,4,1,0,1,0,1,0,False
2025-10-05,2025-10-05 13:00:00,13,VIF,77,3,8,69,1,1,0,0,0,0,0,0,False
2025-10-05,2025-10-05 13:00:00,13,VIF,77,4,16,93,1,2,1,0,0,0,0,0,False
2025-10-05,2025-10-05 13:00:00,13,VIF,77,5,32,109,1,2,1,0,0,0,0,0,False
2025-10-05,2025-10-05 13:00:00,13,VIF,77,6,64,13,1,0,1,0,0,0,0,0,False
2025-10-05,2025-10-05 13:00:00,13,VIF,77,7,128,205,1,4,1,0,1,0,1,0,False
2025-10-06,2025-10-06 14:00:00,14,TLI,80,3,8,88,1,1,0,0,0,0,0,0,False
2025-10-06,2025-10-06 14:00:00,14,TLI,80,4,16,64,1,1,0,0,0,0,0,0,False
2025-10-06,2025-10-06 14:00:00,14,TLI,80,5,32,112,1,2,1,0,0,0,0,0,False
2025-10-06,2025-10-06 14:00:00,14,TLI,80,6,64,16,1,0,1,0,0,0,0,0,False
2025-10-06,2025-10-06 14:00:00,14,TLI,80,7,128,208,1,4,1,0,1,0,1,0,False
2025-10-07,2025-10-07 13:00:00,13,CCA,73,3,8,65,1,1,0,0,0,0,0,0,False
2025-10-07,2025-10-07 13:00:00,13,CCA,73,4,16,89,1,1,0,0,0,0,0,0,False
2025-10-07,2025-10-07 13:00:00,13,CCA,73,5,32,105,1,2,1,0,0,0,0,0,False
2025-10-07,2025-10-07 13:00:00,13,CCA,73,6,64,9,1,0,1,0,0,0,0,0,False
2025-10-07,2025-10-07 13:00:00,13,CCA,73,7,128,201,1,4,1,0,1,0,1,0,False
2025-10-08,2025-10-08 10:00:00,10,FAR,33,3,8,41,0,0,0,0,0,0,0,0,False
2025-10-08,2025-10-08 10:00:00,10,FAR,33,4,16,49,0,0,0,0,0,0,0,0,False
2025-10-08,2025-10-08 10:00:00,10,FAR,33,5,32,1,0,0,0,0,0,0,0,0,False
2025-10-08,2025-10-08 10:00:00,10,FAR,33,6,64,97,0,2,1,0,0,0,0,0,False
2025-10-08,2025-10-08 10:00:00,10,FAR,33,7,128,161,0,3,1,0,1,0,0,0,False
2025-10-09,2025-10-09 14:00:00,14,FAR,40,3,8,32,0,0,0,0,0,0,0,0,False
2025-10-09,2025-10-09 14:00:00,14,FAR,40,4,16,56,0,0,0,0,0,0,0,0,False
2025-10-09,2025-10-09 14:00:00,14,FAR,40,5,32,8,0,0,0,0,0,0,0,0,False
2025-10-09,2025-10-09 14:00:00,14,FAR,40,6,64,104,0,2,1,0,0,0,0,0,False
2025-10-09,2025-10-09 14:00:00,14,FAR,40,7,128,168,0,3,1,0,1,0,0,0,False
2025-10-10,2025-10-10 13:00:00,13,CCA,57,3,8,49,0,0,0,0,0,0,0,0,False
2025-10-10,2025-10-10 13:00:00,13,CCA,57,4,16,41,0,0,0,0,0,0,0,0,False
2025-10-10,2025-10-10 13:00:00,13,CCA,57,5,32,25,0,0,0,0,0,0,0,0,False
2025-10-10,2025-10-10 13:00:00,13,CCA,57,6,64,121,0,2,1,0,0,0,0,0,False
2025-10-10,2025-10-10 13:00:00,13,CCA,57,7,128,185,0,4,1,0,1,0,0,0,False
2025-10-11,2025-10-11 14:00:00,14,CCA,63,3,8,55,1,0,1,0,0,0,0,0,False
2025-10-11,2025-10-11 14:00:00,14,CCA,63,4,16,47,1,0,1,0,0,0,0,0,False
2025-10-11,2025-10-11 14:00:00,14,CCA,63,5,32,31,1,0,1,0,0,0,0,0,False
2025-10-11,2025-10-11 14:00:00,14,CCA,63,6,64,127,1,2,1,0,0,0,0,0,False
2025-10-11,2025-10-11 14:00:00,14,CCA,63,7,128,191,1,4,1,0,1,0,0,0,False
2025-10-12,2025-10-12 12:00:00,12,UAX,78,3,8,70,1,1,0,0,0,0,0,0,False
2025-10-12,2025-10-12 12:00:00,12,UAX,78,4,16,94,1,2,1,0,0,0,0,0,False
2025-10-12,2025-10-12 12:00:00,12,UAX,78,5,32,110,1,2,1,0,0,0,0,0,False
2025-10-12,2025-10-12 12:00:00,12,UAX,78,6,64,14,1,0,1,0,0,0,0,0,False
2025-10-12,2025-10-12 12:00:00,12,UAX,78,7,128,206,1,4,1,0,1,0,1,0,False
2025-10-13,2025-10-13 13:00:00,13,CCA,73,3,8,65,1,1,0,0,0,0,0,0,False
2025-10-13,2025-10-13 13:00:00,13,CCA,73,4,16,89,1,1,0,0,0,0,0,0,False
2025-10-13,2025-10-13 13:00:00,13,CCA,73,5,32,105,1,2,1,0,0,0,0,0,False
2025-10-13,2025-10-13 13:00:00,13,CCA,73,6,64,9,1,0,1,0,0,0,0,0,False
2025-10-13,2025-10-13 13:00:00,13,CCA,73,7,128,201,1,4,1,0,1,0,1,0,False
2025-10-14,2025-10-14 14:00:00,14,CCA,99,3,8,107,2,2,0,0,0,0,0,0,False
2025-10-14,2025-10-14 14:00:00,14,CCA,99,4,16,115,2,2,0,0,0,0,0,0,False
2025-10-14,2025-10-14 14:00:00,14,CCA,99,5,32,67,2,1,1,0,0,0,0,0,False
2025-10-14,2025-10-14 14:00:00,14,CCA,99,6,64,35,2,0,1,0,0,0,0,0,False
2025-10-14,2025-10-14 14:00:00,14,CCA,99,7,128,227,2,4,1,0,1,0,1,0,False
2025-10-15,2025-10-15 13:00:00,13,CCA,86,3,8,94,1,2,1,0,0,0,0,0,False
2025-10-15,2025-10-15 13:00:00,13,CCA,86,4,16,70,1,1,0,0,0,0,0,0,False
2025-10-15,2025-10-15 13:00:00,13,CCA,86,5,32,118,1,2,1,0,0,0,0,0,False
2025-10-15,2025-10-15 13:00:00,13,CCA,86,6,64,22,1,0,1,0,0,0,0,0,False
2025-10-15,2025-10-15 13:00:00,13,CCA,86,7,128,214,1,4,1,0,1,0,1,0,False
2025-10-16,2025-10-16 15:00:00,15,AJM,122,3,8,114,2,2,0,0,0,0,0,0,False
2025-10-16,2025-10-16 15:00:00,15,AJM,122,4,16,106,2,2,0,0,0,0,0,0,False
2025-10-16,2025-10-16 15:00:00,15,AJM,122,5,32,90,2,1,1,0,0,0,0,0,False
2025-10-16,2025-10-16 15:00:00,15,AJM,122,6,64,58,2,0,1,0,0,0,0,0,False
2025-10-16,2025-10-16 15:00:00,15,AJM,122,7,128,250,2,4,1,0,1,0,1,0,False
2025-10-17,2025-10-17 14:00:00,14,AJM,126,3,8,118,2,2,0,0,0,0,0,0,False
2025-10-17,2025-10-17 14:00:00,14,AJM,126,4,16,110,2,2,0,0,0,0,0,0,False
2025-10-17,2025-10-17 14:00:00,14,AJM,126,5,32,94,2,2,0,0,0,0,0,0,False
2025-10-17,2025-10-17 14:00:00,14,AJM,126,6,64,62,2,1,1,0,0,0,0,0,False
2025-10-17,2025-10-17 14:00:00,14,AJM,126,7,128,254,2,4,1,0,1,0,1,0,False
2025-10-18,2025-10-18 14:00:00,14,CUT,101,3,8,109,2,2,0,0,0,0,0,0,False
2025-10-18,2025-10-18 14:00:00,14,CUT,101,4,16,117,2,2,0,0,0,0,0,0,False
2025-10-18,2025-10-18 14:00:00,14,CUT,101,5,32,69,2,1,1,0,0,0,0,0,False
2025-10-18,2025-10-18 14:00:00,14,CUT,101,6,64,37,2,0,1,0,0,0,0,0,False
2025-10-18,2025-10-18 14:00:00,14,CUT,101,7,128,229,2,4,1,0,1,0,1,0,False
2025-10-19,2025-10-19 12:00:00,12,CCA,67,3,8,75,1,1,0,0,0,0,0,0,False
2025-10-19,2025-10-19 12:00:00,12,CCA,67,4,16,83,1,1,0,0,0,0,0,0,False
2025-10-19,2025-10-19 12:00:00,12,CCA,67,5,32,99,1,2,1,0,0,0,0,0,False
2025-10-19,2025-10-19 12:00:00,12,CCA,67,6,64,3,1,0,1,0,0,0,0,0,False
2025-10-19,2025-10-19 12:00:00,12,CCA,67,7,128,195,1,4,1,0,1,0,0,0,False
2025-10-20,2025-10-20 14:00:00,14,AJM,87,3,8,95,1,2,1,0,0,0,0,0,True
2025-10-20,2025-10-20 14:00:00,14,AJM,87,4,16,71,1,1,0,0,0,0,0,0,True
2025-10-20,2025-10-20 14:00:00,14,AJM,87,5,32,119,1,2,1,0,0,0,0,0,True
2025-10-20,2025-10-20 14:00:00,14,AJM,87,6,64,23,1,0,1,0,0,0,0,0,True
2025-10-20,2025-10-20 14:00:00,14,AJM,87,7,128,215,1,4,1,0,1,0,1,0,True
2025-10-21,2025-10-21 14:00:00,14,CCA,102,3,8,110,2,2,0,0,0,0,0,0,True
2025-10-21,2025-10-21 14:00:00,14,CCA,102,4,16,118,2,2,0,0,0,0,0,0,True
2025-10-21,2025-10-21 14:00:00,14,CCA,102,5,32,70,2,1,1,0,0,0,0,0,True
2025-10-21,2025-10-21 14:00:00,14,CCA,102,6,64,38,2,0,1,0,0,0,0,0,True
2025-10-21,2025-10-21 14:00:00,14,CCA,102,7,128,230,2,4,1,0,1,0,1,0,True
2025-10-22,2025-10-22 13:00:00,13,AJM,45,3,8,37,0,0,0,0,0,0,0,0,True
2025-10-22,2025-10-22 13:00:00,13,AJM,45,4,16,61,0,1,1,0,0,0,0,0,True
2025-10-22,2025-10-22 13:00:00,13,AJM,45,5,32,13,0,0,0,0,0,0,0,0,True
2025-10-22,2025-10-22 13:00:00,13,AJM,45,6,64,109,0,2,1,0,0,0,0,0,True
2025-10-22,2025-10-22 13:00:00,13,AJM,45,7,128,173,0,3,1,0,1,0,0,0,True
2025-10-23,2025-10-23 16:00:00,16,AJM,105,3,8,97,2,2,0,0,0,0,0,0,True
2025-10-23,2025-10-23 16:00:00,16,AJM,105,4,16,121,2,2,0,0,0,0,0,0,True
2025-10-23,2025-10-23 16:00:00,16,AJM,105,5,32,73,2,1,1,0,0,0,0,0,True
2025-10-23,2025-10-23 16:00:00,16,AJM,105,6,64,41,2,0,1,0,0,0,0,0,True
2025-10-23,2025-10-23 16:00:00,16,AJM,105,7,128,233,2,4,1,0,1,0,1,0,True
2025-10-24,2025-10-24 14:00:00,14,UAX,137,3,8,129,3,2,1,0,0,0,0,0,True
2025-10-24,2025-10-24 14:00:00,14,UAX,137,4,16,153,3,3,0,0,0,0,0,0,True
2025-10-24,2025-10-24 14:00:00,14,UAX,137,5,32,169,3,3,0,0,1,0,0,0,True
2025-10-24,2025-10-24 14:00:00,14,UAX,137,6,64,201,3,4,1,0,1,0,1,0,True
2025-10-24,2025-10-24 14:00:00,14,UAX,137,7,128,9,3,0,1,0,0,0,0,0,True
2025-10-25,2025-10-25 13:00:00,13,UAX,127,3,8,119,2,2,0,0,0,0,0,0,True
2025-10-25,2025-10-25 13:00:00,13,UAX,127,4,16,111,2,2,0,0,0,0,0,0,True
2025-10-25,2025-10-25 13:00:00,13,UAX,127,5,32,95,2,2,0,0,0,0,0,0,True
2025-10-25,2025-10-25 13:00:00,13,UAX,127,6,64,63,2,1,1,0,0,0,0,0,True
2025-10-25,2025-10-25 13:00:00,13,UAX,127,7,128,255,2,4,1,0,1,0,1,0,True
2025-10-26,2025-10-26 15:00:00,15,AJM,141,3,8,133,3,2,1,0,0,0,0,0,True
2025-10-26,2025-10-26 15:00:00,15,AJM,141,4,16,157,3,3,0,0,1,0,0,0,True
2025-10-26,2025-10-26 15:00:00,15,AJM,141,5,32,173,3,3,0,0,1,0,0,0,True
2025-10-26,2025-10-26 15:00:00,15,AJM,141,6,64,205,3,4,1,0,1,0,1,0,True
2025-10-26,2025-10-26 15:00:00,15,AJM,141,7,128,13,3,0,1,0,0,0,0,0,True
2025-10-27,2025-10-27 15:00:00,15,CCA,88,3,8,80,1,1,0,0,0,0,0,0,True
2025-10-27,2025-10-27 15:00:00,15,CCA,88,4,16,72,1,1,0,0,0,0,0,0,True
2025-10-27,2025-10-27 15:00:00,15,CCA,88,5,32,120,1,2,1,0,0,0,0,0,True
2025-10-27,2025-10-27 15:00:00,15,CCA,88,6,64,24,1,0,1,0,0,0,0,0,True
2025-10-27,2025-10-27 15:00:00,15,CCA,88,7,128,216,1,4,1,0,1,0,1,0,True
2025-10-28,2025-10-28 15:00:00,15,CCA,93,3,8,85,2,1,1,0,0,0,0,0,True
2025-10-28,2025-10-28 15:00:00,15,CCA,93,4,16,77,2,1,1,0,0,0,0,0,True
2025-10-28,2025-10-28 15:00:00,15,CCA,93,5,32,125,2,2,0,0,0,0,0,0,True
2025-10-28,2025-10-28 15:00:00,15,CCA,93,6,64,29,2,0,1,0,0,0,0,0,True
2025-10-28,2025-10-28 15:00:00,15,CCA,93,7,128,221,2,4,1,0,1,0,1,0,True
2025-10-29,2025-10-29 13:00:00,13,AJM,68,3,8,76,1,1,0,0,0,0,0,0,True
2025-10-29,2025-10-29 13:00:00,13,AJM,68,4,16,84,1,1,0,0,0,0,0,0,True
2025-10-29,2025-10-29 13:00:00,13,AJM,68,5,32,100,1,2,1,0,0,0,0,0,True
2025-10-29,2025-10-29 13:00:00,13,AJM,68,6,64,4,1,0,1,0,0,0,0,0,True
2025-10-29,2025-10-29 13:00:00,13,AJM,68,7,128,196,1,4,1,0,1,0,0,0,True
2025-10-30,2025-10-30 14:00:00,14,CUA,134,3,8,142,2,3,1,0,0,0,0,0,True
2025-10-30,2025-10-30 14:00:00,14,CUA,134,4,16,150,2,3,1,0,0,0,0,0,True
2025-10-30,2025-10-30 14:00:00,14,CUA,134,5,32,166,2,3,1,0,1,0,0,0,True
2025-10-30,2025-10-30 14:00:00,14,CUA,134,6,64,198,2,4,1,0,1,0,0,0,True
2025-10-30,2025-10-30 14:00:00,14,CUA,134,7,128,6,2,0,1,0,0,0,0,0,True
2025-10-31,2025-10-31 14:00:00,14,UAX,104,3,8,96,2,2,0,0,0,0,0,0,True
2025-10-31,2025-10-31 14:00:00,14,UAX,104,4,16,120,2,2,0,0,0,0,0,0,True
2025-10-31,2025-10-31 14:00:00,14,UAX,104,5,32,72,2,1,1,0,0,0,0,0,True
2025-10-31,2025-10-31 14:00:00,14,UAX,104,6,64,40,2,0,1,0,0,0,0,0,True
2025-10-31,2025-10-31 14:00:00,14,UAX,104,7,128,232,2,4,1,0,1,0,1,0,True
2025-11-01,2025-11-01 13:00:00,13,HGM,104,3,8,96,2,2,0,0,0,0,0,0,True
2025-11-01,2025-11-01 13:00:00,13,HGM,104,4,16,120,2,2,0,0,0,0,0,0,True
2025-11-01,2025-11-01 13:00:00,13,HGM,104,5,32,72,2,1,1,0,0,0,0,0,True
2025-11-01,2025-11-01 13:00:00,13,HGM,104,6,64,40,2,0,1,0,0,0,0,0,True
2025-11-01,2025-11-01 13:00:00,13,HGM,104,7,128,232,2,4,1,0,1,0,1,0,True
2025-11-02,2025-11-02 13:00:00,13,AJM,83,3,8,91,1,2,1,0,0,0,0,0,True
2025-11-02,2025-11-02 13:00:00,13,AJM,83,4,16,67,1,1,0,0,0,0,0,0,True
2025-11-02,2025-11-02 13:00:00,13,AJM,83,5,32,115,1,2,1,0,0,0,0,0,True
2025-11-02,2025-11-02 13:00:00,13,AJM,83,6,64,19,1,0,1,0,0,0,0,0,True
2025-11-02,2025-11-02 13:00:00,13,AJM,83,7,128,211,1,4,1,0,1,0,1,0,True
2025-11-03,2025-11-03 15:00:00,15,UAX,90,3,8,82,1,1,0,0,0,0,0,0,True
2025-11-03,2025-11-03 15:00:00,15,UAX,90,4,16,74,1,1,0,0,0,0,0,0,True
2025-11-03,2025-11-03 15:00:00,15,UAX,90,5,32,122,1,2,1,0,0,0,0,0,True
2025-11-03,2025-11-03 15:00:00,15,UAX,90,6,64,26,1,0,1,0,0,0,0,0,True
2025-11-03,2025-11-03 15:00:00,15,UAX,90,7,128,218,1,4,1,0,1,0,1,0,True
2025-11-04,2025-11-04 16:00:00,16,AJM,102,3,8,110,2,2,0,0,0,0,0,0,True
2025-11-04,2025-11-04 16:00:00,16,AJM,102,4,16,118,2,2,0,0,0,0,0,0,True
2025-11-04,2025-11-04 16:00:00,16,AJM,102,5,32,70,2,1,1,0,0,0,0,0,True
2025-11-04,2025-11-04 16:00:00,16,AJM,102,6,64,38,2,0,1,0,0,0,0,0,True
2025-11-04,2025-11-04 16:00:00,16,AJM,102,7,128,230,2,4,1,0,1,0,1,0,True
2025-11-05,2025-11-05 15:00:00,15,CUA,112,3,8,120,2,2,0,0,0,0,0,0,True
2025-11-05,2025-11-05 15:00:00,15,CUA,112,4,16,96,2,2,0,0,0,0,0,0,True
2025-11-05,2025-11-05 15:00:00,15,CUA,112,5,32,80,2,1,1,0,0,0,0,0,True
2025-11-05,2025-11-05 15:00:00,15,CUA,112,6,64,48,2,0,1,0,0,0,0,0,True
2025-11-05,2025-11-05 15:00:00,15,CUA,112,7,128,240,2,4,1,0,1,0,1,0,True
2025-11-06,2025-11-06 16:00:00,16,AJM,125,3,8,117,2,2,0,0,0,0,0,0,True
2025-11-06,2025-11-06 16:00:00,16,AJM,125,4,16,109,2,2,0,0,0,0,0,0,True
2025-11-06,2025-11-06 16:00:00,16,AJM,125,5,32,93,2,2,0,0,0,0,0,0,True
2025-11-06,2025-11-06 16:00:00,16,AJM,125,6,64,61,2,1,1,0,0,0,0,0,True
2025-11-06,2025-11-06 16:00:00,16,AJM,125,7,128,253,2,4,1,0,1,0,1,0,True
2025-11-07,2025-11-07 14:00:00,14,AJM,145,3,8,153,3,3,0,0,0,0,0,0,True
2025-11-07,2025-11-07 14:00:00,14,AJM,145,4,16,129,3,2,1,0,0,0,0,0,True
2025-11-07,2025-11-07 14:00:00,14,AJM,145,5,32,177,3,4,1,0,1,0,0,0,True
2025-11-07,2025-11-07 14:00:00,14,AJM,145,6,64,209,3,4,1,0,1,0,1,0,True
2025-11-07,2025-11-07 14:00:00,14,AJM,145,7,128,17,3,0,1,0,0,0,0,0,True
2025-11-08,2025-11-08 16:00:00,16,SAC,152,3,8,144,3,3,0,0,0,0,0,0,True
2025-11-08,2025-11-08 16:00:00,16,SAC,152,4,16,136,3,3,0,0,0,0,0,0,True
2025-11-08,2025-11-08 16:00:00,16,SAC,152,5,32,184,3,4,1,0,1,0,0,0,True
2025-11-08,2025-11-08 16:00:00,16,SAC,152,6,64,216,3,4,1,0,1,0,1,0,True
2025-11-08,2025-11-08 16:00:00,16,SAC,152,7,128,24,3,0,1,0,0,0,0,0,True
2025-11-09,2025-11-09 13:00:00,13,CAM,101,3,8,109,2,2,0,0,0,0,0,0,True
2025-11-09,2025-11-09 13:00:00,13,CAM,101,4,16,117,2,2,0,0,0,0,0,0,True
2025-11-09,2025-11-09 13:00:00,13,CAM,101,5,32,69,2,1,1,0,0,0,0,0,True
2025-11-09,2025-11-09 13:00:00,13,CAM,101,6,64,37,2,0,1,0,0,0,0,0,True
2025-11-09,2025-11-09 13:00:00,13,CAM,101,7,128,229,2,4,1,0,1,0,1,0,True
2025-11-10,2025-11-10 04:00:00,4,CUA,45,3,8,37,0,0,0,0,0,0,0,0,True
2025-11-10,2025-11-10 04:00:00,4,CUA,45,4,16,61,0,1,1,0,0,0,0,0,True
2025-11-10,2025-11-10 04:00:00,4,CUA,45,5,32,13,0,0,0,0,0,0,0,0,True
2025-11-10,2025-11-10 04:00:00,4,CUA,45,6,64,109,0,2,1,0,0,0,0,0,True
2025-11-10,2025-11-10 04:00:00,4,CUA,45,7,128,173,0,3,1,0,1,0,0,0,True
2025-11-11,2025-11-11 15:00:00,15,UAX,83,3,8,91,1,2,1,0,0,0,0,0,True
2025-11-11,2025-11-11 15:00:00,15,UAX,83,4,16,67,1,1,0,0,0,0,0,0,True
2025-11-11,2025-11-11 15:00:00,15,UAX,83,5,32,115,1,2,1,0,0,0,0,0,True
2025-11-11,2025-11-11 15:00:00,15,UAX,83,6,64,19,1,0,1,0,0,0,0,0,True
2025-11-11,2025-11-11 15:00:00,15,UAX,83,7,128,211,1,4,1,0,1,0,1,0,True
2025-11-12,2025-11-12 15:00:00,15,UAX,128,3,8,136,2,3,1,0,0,0,0,0,True
2025-11-12,2025-11-12 15:00:00,15,UAX,128,4,16,144,2,3,1,0,0,0,0,0,True
2025-11-12,2025-11-12 15:00:00,15,UAX,128,5,32,160,2,3,1,0,1,0,0,0,True
2025-11-12,2025-11-12 15:00:00,15,UAX,128,6,64,192,2,4,1,0,1,0,0,0,True
2025-11-12,2025-11-12 15:00:00,15,UAX,128,7,128,0,2,0,1,0,0,0,0,0,True
2025-11-13,2025-11-13 15:00:00,15,ATI,104,3,8,96,2,2,0,0,0,0,0,0,True
2025-11-13,2025-11-13 15:00:00,15,ATI,104,4,16,120,2,2,0,0,0,0,0,0,True
2025-11-13,2025-11-13 15:00:00,15,ATI,104,5,32,72,2,1,1,0,0,0,0,0,True
2025-11-13,2025-11-13 15:00:00,15,ATI,104,6,64,40,2,0,1,0,0,0,0,0,True
2025-11-13,2025-11-13 15:00:00,15,ATI,104,7,128,232,2,4,1,0,1,0,1,0,True
2025-11-14,2025-11-14 13:00:00,13,AJM,97,3,8,105,2,2,0,0,0,0,0,0,True
2025-11-14,2025-11-14 13:00:00,13,AJM,97,4,16,113,2,2,0,0,0,0,0,0,True
2025-11-14,2025-11-14 13:00:00,13,AJM,97,5,32,65,2,1,1,0,0,0,0,0,True
2025-11-14,2025-11-14 13:00:00,13,AJM,97,6,64,33,2,0,1,0,0,0,0,0,True
2025-11-14,2025-11-14 13:00:00,13,AJM,97,7,128,225,2,4,1,0,1,0,1,0,True
2025-11-15,2025-11-15 14:00:00,14,SAC,107,3,8,99,2,2,0,0,0,0,0,0,True
2025-11-15,2025-11-15 14:00:00,14,SAC,107,4,16,123,2,2,0,0,0,0,0,0,True
2025-11-15,2025-11-15 14:00:00,14,SAC,107,5,32,75,2,1,1,0,0,0,0,0,True
2025-11-15,2025-11-15 14:00:00,14,SAC,107,6,64,43,2,0,1,0,0,0,0,0,True
2025-11-15,2025-11-15 14:00:00,14,SAC,107,7,128,235,2,4,1,0,1,0,1,0,True
2025-11-16,2025-11-16 11:00:00,11,CCA,92,3,8,84,2,1,1,0,0,0,0,0,True
2025-11-16,2025-11-16 11:00:00,11,CCA,92,4,16,76,2,1,1,0,0,0,0,0,True
2025-11-16,2025-11-16 11:00:00,11,CCA,92,5,32,124,2,2,0,0,0,0,0,0,True
2025-11-16,2025-11-16 11:00:00,11,CCA,92,6,64,28,2,0,1,0,0,0,0,0,True
2025-11-16,2025-11-16 11:00:00,11,CCA,92,7,128,220,2,4,1,0,1,0,1,0,True
2025-11-17,2025-11-17 16:00:00,16,CCA,119,3,8,127,2,2,0,0,0,0,0,0,True
2025-11-17,2025-11-17 16:00:00,16,CCA,119,4,16,103,2,2,0,0,0,0,0,0,True
2025-11-17,2025-11-17 16:00:00,16,CCA,119,5,32,87,2,1,1,0,0,0,0,0,True
2025-11-17,2025-11-17 16:00:00,16,CCA,119,6,64,55,2,0,1,0,0,0,0,0,True
2025-11-17,2025-11-17 16:00:00,16,CCA,119,7,128,247,2,4,1,0,1,0,1,0,True
2025-11-18,2025-11-18 15:00:00,15,CCA,104,3,8,96,2,2,0,0,0,0,0,0,True
2025-11-18,2025-11-18 15:00:00,15,CCA,104,4,16,120,2,2,0,0,0,0,0,0,True
2025-11-18,2025-11-18 15:00:00,15,CCA,104,5,32,72,2,1,1,0,0,0,0,0,True
2025-11-18,2025-11-18 15:00:00,15,CCA,104,6,64,40,2,0,1,0,0,0,0,0,True
2025-11-18,2025-11-18 15:00:00,15,CCA,104,7,128,232,2,4,1,0,1,0,1,0,True
2025-11-19,2025-11-19 15:00:00,15,CUA,94,3,8,86,2,1,1,0,0,0,0,0,True
2025-11-19,2025-11-19 15:00:00,15,CUA,94,4,16,78,2,1,1,0,0,0,0,0,True
2025-11-19,2025-11-19 15:00:00,15,CUA,94,5,32,126,2,2,0,0,0,0,0,0,True
2025-11-19,2025-11-19 15:00:00,15,CUA,94,6,64,30,2,0,1,0,0,0,0,0,True
2025-11-19,2025-11-19 15:00:00,15,CUA,94,7,128,222,2,4,1,0,1,0,1,0,True
2025-11-20,2025-11-20 15:00:00,15,MPA,136,3,8,128,3,2,1,0,0,0,0,0,True
2025-11-20,2025-11-20 15:00:00,15,MPA,136,4,16,152,3,3,0,0,0,0,0,0,True
2025-11-20,2025-11-20 15:00:00,15,MPA,136,5,32,168,3,3,0,0,1,0,0,0,True
2025-11-20,2025-11-20 15:00:00,15,MPA,136,6,64,200,3,4,1,0,1,0,1,0,True
2025-11-20,2025-11-20 15:00:00,15,MPA,136,7,128,8,3,0,1,0,0,0,0,0,True
2025-11-21,2025-11-21 14:00:00,14,MPA,119,3,8,127,2,2,0,0,0,0,0,0,True
2025-11-21,2025-11-21 14:00:00,14,MPA,119,4,16,103,2,2,0,0,0,0,0,0,True
2025-11-21,2025-11-21 14:00:00,14,MPA,119,5,32,87,2,1,1,0,0,0,0,0,True
2025-11-21,2025-11-21 14:00:00,14,MPA,119,6,64,55,2,0,1,0,0,0,0,0,True
2025-11-21,2025-11-21 14:00:00,14,MPA,119,7,128,247,2,4,1,0,1,0,1,0,True
2025-11-22,2025-11-22 14:00:00,14,AJM,111,3,8,103,2,2,0,0,0,0,0,0,True
2025-11-22,2025-11-22 14:00:00,14,AJM,111,4,16,127,2,2,0,0,0,0,0,0,True
2025-11-22,2025-11-22 14:00:00,14,AJM,111,5,32,79,2,1,1,0,0,0,0,0,True
2025-11-22,2025-11-22 14:00:00,14,AJM,111,6,64,47,2,0,1,0,0,0,0,0,True
2025-11-22,2025-11-22 14:00:00,14,AJM,111,7,128,239,2,4,1,0,1,0,1,0,True
2025-11-23,2025-11-23 14:00:00,14,MPA,85,3,8,93,1,2,1,0,0,0,0,0,True
2025-11-23,2025-11-23 14:00:00,14,MPA,85,4,16,69,1,1,0,0,0,0,0,0,True
2025-11-23,2025-11-23 14:00:00,14,MPA,85,5,32,117,1,2,1,0,0,0,0,0,True
2025-11-23,2025-11-23 14:00:00,14,MPA,85,6,64,21,1,0,1,0,0,0,0,0,True
2025-11-23,2025-11-23 14:00:00,14,MPA,85,7,128,213,1,4,1,0,1,0,1,0,True
2025-11-24,2025-11-24 16:00:00,16,MGH,130,3,8,138,2,3,1,0,0,0,0,0,True
2025-11-24,2025-11-24 16:00:00,16,MGH,130,4,16,146,2,3,1,0,0,0,0,0,True
2025-11-24,2025-11-24 16:00:00,16,MGH,130,5,32,162,2,3,1,0,1,0,0,0,True
2025-11-24,2025-11-24 16:00:00,16,MGH,130,6,64,194,2,4,1,0,1,0,0,0,True
2025-11-24,2025-11-24 16:00:00,16,MGH,130,7,128,2,2,0,1,0,0,0,0,0,True
2025-11-25,2025-11-25 14:00:00,14,CUA,127,3,8,119,2,2,0,0,0,0,0,0,True
2025-11-25,2025-11-25 14:00:00,14,CUA,127,4,16,111,2,2,0,0,0,0,0,0,True
2025-11-25,2025-11-25 14:00:00,14,CUA,127,5,32,95,2,2,0,0,0,0,0,0,True
2025-11-25,2025-11-25 14:00:00,14,CUA,127,6,64,63,2,1,1,0,0,0,0,0,True
2025-11-25,2025-11-25 14:00:00,14,CUA,127,7,128,255,2,4,1,0,1,0,1,0,True
2025-11-26,2025-11-26 15:00:00,15,AJM,109,3,8,101,2,2,0,0,0,0,0,0,True
2025-11-26,2025-11-26 15:00:00,15,AJM,109,4,16,125,2,2,0,0,0,0,0,0,True
2025-11-26,2025-11-26 15:00:00,15,AJM,109,5,32,77,2,1,1,0,0,0,0,0,True
2025-11-26,2025-11-26 15:00:00,15,AJM,109,6,64,45,2,0,1,0,0,0,0,0,True
2025-11-26,2025-11-26 15:00:00,15,AJM,109,7,128,237,2,4,1,0,1,0,1,0,True
2025-11-27,2025-11-27 13:00:00,13,MPA,56,3,8,48,0,0,0,0,0,0,0,0,True
2025-11-27,2025-11-27 13:00:00,13,MPA,56,4,16,40,0,0,0,0,0,0,0,0,True
2025-11-27,2025-11-27 13:00:00,13,MPA,56,5,32,24,0,0,0,0,0,0,0,0,True
2025-11-27,2025-11-27 13:00:00,13,MPA,56,6,64,120,0,2,1,0,0,0,0,0,True
2025-11-27,2025-11-27 13:00:00,13,MPA,56,7,128,184,0,4,1,0,1,0,0,0,True
2025-11-28,2025-11-28 15:00:00,15,MPA,48,3,8,56,0,0,0,0,0,0,0,0,True
2025-11-28,2025-11-28 15:00:00,15,MPA,48,4,16,32,0,0,0,0,0,0,0,0,True
2025-11-28,2025-11-28 15:00:00,15,MPA,48,5,32,16,0,0,0,0,0,0,0,0,True
2025-11-28,2025-11-28 15:00:00,15,MPA,48,6,64,112,0,2,1,0,0,0,0,0,True
2025-11-28,2025-11-28 15:00:00,15,MPA,48,7,128,176,0,4,1,0,1,0,0,0,True
2025-11-29,2025-11-29 16:00:00,16,MPA,100,3,8,108,2,2,0,0,0,0,0,0,True
2025-11-29,2025-11-29 16:00:00,16,MPA,100,4,16,116,2,2,0,0,0,0,0,0,True
2025-11-29,2025-11-29 16:00:00,16,MPA,100,5,32,68,2,1,1,0,0,0,0,0,True
2025-11-29,2025-11-29 16:00:00,16,MPA,100,6,64,36,2,0,1,0,0,0,0,0,True
2025-11-29,2025-11-29 16:00:00,16,MPA,100,7,128,228,2,4,1,0,1,0,1,0,True
2025-11-30,2025-11-30 16:00:00,16,CAM,114,3,8,122,2,2,0,0,0,0,0,0,True
2025-11-30,2025-11-30 16:00:00,16,CAM,114,4,16,98,2,2,0,0,0,0,0,0,True
2025-11-30,2025-11-30 16:00:00,16,CAM,114,5,32,82,2,1,1,0,0,0,0,0,True
2025-11-30,2025-11-30 16:00:00,16,CAM,114,6,64,50,2,0,1,0,0,0,0,0,True
2025-11-30,2025-11-30 16:00:00,16,CAM,114,7,128,242,2,4,1,0,1,0,1,0,True
2025-12-01,2025-12-01 15:00:00,15,HGM,98,3,8,106,2,2,0,0,0,0,0,0,True
2025-12-01,2025-12-01 15:00:00,15,HGM,98,4,16,114,2,2,0,0,0,0,0,0,True
2025-12-01,2025-12-01 15:00:00,15,HGM,98,5,32,66,2,1,1,0,0,0,0,0,True
2025-12-01,2025-12-01 15:00:00,15,HGM,98,6,64,34,2,0,1,0,0,0,0,0,True
2025-12-01,2025-12-01 15:00:00,15,HGM,98,7,128,226,2,4,1,0,1,0,1,0,True
2025-12-02,2025-12-02 14:00:00,14,ATI,117,3,8,125,2,2,0,0,0,0,0,0,True
2025-12-02,2025-12-02 14:00:00,14,ATI,117,4,16,101,2,2,0,0,0,0,0,0,True
2025-12-02,2025-12-02 14:00:00,14,ATI,117,5,32,85,2,1,1,0,0,0,0,0,True
2025-12-02,2025-12-02 14:00:00,14,ATI,117,6,64,53,2,0,1,0,0,0,0,0,True
2025-12-02,2025-12-02 14:00:00,14,ATI,117,7,128,245,2,4,1,0,1,0,1,0,True
2025-12-03,2025-12-03 14:00:00,14,CCA,123,3,8,115,2,2,0,0,0,0,0,0,True
2025-12-03,2025-12-03 14:00:00,14,CCA,123,4,16,107,2,2,0,0,0,0,0,0,True
2025-12-03,2025-12-03 14:00:00,14,CCA,123,5,32,91,2,2,0,0,0,0,0,0,True
2025-12-03,2025-12-03 14:00:00,14,CCA,123,6,64,59,2,1,1,0,0,0,0,0,True
2025-12-03,2025-12-03 14:00:00,14,CCA,123,7,128,251,2,4,1,0,1,0,1,0,True
2025-12-04,2025-12-04 16:00:00,16,CCA,133,3,8,141,2,3,1,0,0,0,0,0,True
2025-12-04,2025-12-04 16:00:00,16,CCA,133,4,16,149,2,3,1,0,0,0,0,0,True
2025-12-04,2025-12-04 16:00:00,16,CCA,133,5,32,165,2,3,1,0,1,0,0,0,True
2025-12-04,2025-12-04 16:00:00,16,CCA,133,6,64,197,2,4,1,0,1,0,0,0,True
2025-12-04,2025-12-04 16:00:00,16,CCA,133,7,128,5,2,0,1,0,0,0,0,0,True
2025-12-05,2025-12-05 14:00:00,14,ATI,103,3,8,111,2,2,0,0,0,0,0,0,True
2025-12-05,2025-12-05 14:00:00,14,ATI,103,4,16,119,2,2,0,0,0,0,0,0,True
2025-12-05,2025-12-05 14:00:00,14,ATI,103,5,32,71,2,1,1,0,0,0,0,0,True
2025-12-05,2025-12-05 14:00:00,14,ATI,103,6,64,39,2,0,1,0,0,0,0,0,True
2025-12-05,2025-12-05 14:00:00,14,ATI,103,7,128,231,2,4,1,0,1,0,1,0,True
2025-12-06,2025-12-06 13:00:00,13,SAC,98,3,8,106,2,2,0,0,0,0,0,0,True
2025-12-06,2025-12-06 13:00:00,13,SAC,98,4,16,114,2,2,0,0,0,0,0,0,True
2025-12-06,2025-12-06 13:00:00,13,SAC,98,5,32,66,2,1,1,0,0,0,0,0,True
2025-12-06,2025-12-06 13:00:00,13,SAC,98,6,64,34,2,0,1,0,0,0,0,0,True
2025-12-06,2025-12-06 13:00:00,13,SAC,98,7,128,226,2,4,1,0,1,0,1,0,True
2025-12-07,2025-12-07 14:00:00,14,CCA,109,3,8,101,2,2,0,0,0,0,0,0,True
2025-12-07,2025-12-07 14:00:00,14,CCA,109,4,16,125,2,2,0,0,0,0,0,0,True
2025-12-07,2025-12-07 14:00:00,14,CCA,109,5,32,77,2,1,1,0,0,0,0,0,True
2025-12-07,2025-12-07 14:00:00,14,CCA,109,6,64,45,2,0,1,0,0,0,0,0,True
2025-12-07,2025-12-07 14:00:00,14,CCA,109,7,128,237,2,4,1,0,1,0,1,0,True
2025-12-08,2025-12-08 13:00:00,13,MPA,52,3,8,60,0,1,1,0,0,0,0,0,True
2025-12-08,2025-12-08 13:00:00,13,MPA,52,4,16,36,0,0,0,0,0,0,0,0,True
2025-12-08,2025-12-08 13:00:00,13,MPA,52,5,32,20,0,0,0,0,0,0,0,0,True
2025-12-08,2025-12-08 13:00:00,13,MPA,52,6,64,116,0,2,1,0,0,0,0,0,True
2025-12-08,2025-12-08 13:00:00,13,MPA,52,7,128,180,0,4,1,0,1,0,0,0,True
2025-12-09,2025-12-09 14:00:00,14,MPA,88,3,8,80,1,1,0,0,0,0,0,0,True
2025-12-09,2025-12-09 14:00:00,14,MPA,88,4,16,72,1,1,0,0,0,0,0,0,True
2025-12-09,2025-12-09 14:00:00,14,MPA,88,5,32,120,1,2,1,0,0,0,0,0,True
2025-12-09,2025-12-09 14:00:00,14,MPA,88,6,64,24,1,0,1,0,0,0,0,0,True
2025-12-09,2025-12-09 14:00:00,14,MPA,88,7,128,216,1,4,1,0,1,0,1,0,True
2025-12-10,2025-12-10 15:00:00,15,MPA,92,3,8,84,2,1,1,0,0,0,0,0,True
2025-12-10,2025-12-10 15:00:00,15,MPA,92,4,16,76,2,1,1,0,0,0,0,0,True
2025-12-10,2025-12-10 15:00:00,15,MPA,92,5,32,124,2,2,0,0,0,0,0,0,True
2025-12-10,2025-12-10 15:00:00,15,MPA,92,6,64,28,2,0,1,0,0,0,0,0,True
2025-12-10,2025-12-10 15:00:00,15,MPA,92,7,128,220,2,4,1,0,1,0,1,0,True
2025-12-11,2025-12-11 14:00:00,14,UAX,77,3,8,69,1,1,0,0,0,0,0,0,True
2025-12-11,2025-12-11 14:00:00,14,UAX,77,4,16,93,1,2,1,0,0,0,0,0,True
2025-12-11,2025-12-11 14:00:00,14,UAX,77,5,32,109,1,2,1,0,0,0,0,0,True
2025-12-11,2025-12-11 14:00:00,14,UAX,77,6,64,13,1,0,1,0,0,0,0,0,True
2025-12-11,2025-12-11 14:00:00,14,UAX,77,7,128,205,1,4,1,0,1,0,1,0,True
2025-12-12,2025-12-12 15:00:00,15,UAX,98,3,8,106,2,2,0,0,0,0,0,0,True
2025-12-12,2025-12-12 15:00:00,15,UAX,98,4,16,114,2,2,0,0,0,0,0,0,True
2025-12-12,2025-12-12 15:00:00,15,UAX,98,5,32,66,2,1,1,0,0,0,0,0,True
2025-12-12,2025-12-12 15:00:00,15,UAX,98,6,64,34,2,0,1,0,0,0,0,0,True
2025-12-12,2025-12-12 15:00:00,15,UAX,98,7,128,226,2,4,1,0,1,0,1,0,True
2025-12-13,2025-12-13 15:00:00,15,SAC,85,3,8,93,1,2,1,0,0,0,0,0,True
2025-12-13,2025-12-13 15:00:00,15,SAC,85,4,16,69,1,1,0,0,0,0,0,0,True
2025-12-13,2025-12-13 15:00:00,15,SAC,85,5,32,117,1,2,1,0,0,0,0,0,True
2025-12-13,2025-12-13 15:00:00,15,SAC,85,6,64,21,1,0,1,0,0,0,0,0,True
2025-12-13,2025-12-13 15:00:00,15,SAC,85,7,128,213,1,4,1,0,1,0,1,0,True
2025-12-14,2025-12-14 14:00:00,14,CUA,74,3,8,66,1,1,0,0,0,0,0,0,True
2025-12-14,2025-12-14 14:00:00,14,CUA,74,4,16,90,1,1,0,0,0,0,0,0,True
2025-12-14,2025-12-14 14:00:00,14,CUA,74,5,32,106,1,2,1,0,0,0,0,0,True
2025-12-14,2025-12-14 14:00:00,14,CUA,74,6,64,10,1,0,1,0,0,0,0,0,True
2025-12-14,2025-12-14 14:00:00,14,CUA,74,7,128,202,1,4,1,0,1,0,1,0,True
2025-12-15,2025-12-15 13:00:00,13,CUA,33,3,8,41,0,0,0,0,0,0,0,0,True
2025-12-15,2025-12-15 13:00:00,13,CUA,33,4,16,49,0,0,0,0,0,0,0,0,True
2025-12-15,2025-12-15 13:00:00,13,CUA,33,5,32,1,0,0,0,0,0,0,0,0,True
2025-12-15,2025-12-15 13:00:00,13,CUA,33,6,64,97,0,2,1,0,0,0,0,0,True
2025-12-15,2025-12-15 13:00:00,13,CUA,33,7,128,161,0,3,1,0,1,0,0,0,True
2025-12-16,2025-12-16 13:00:00,13,BJU,81,3,8,89,1,1,0,0,0,0,0,0,True
2025-12-16,2025-12-16 13:00:00,13,BJU,81,4,16,65,1,1,0,0,0,0,0,0,True
2025-12-16,2025-12-16 13:00:00,13,BJU,81,5,32,113,1,2,1,0,0,0,0,0,True
2025-12-16,2025-12-16 13:00:00,13,BJU,81,6,64,17,1,0,1,0,0,0,0,0,True
2025-12-16,2025-12-16 13:00:00,13,BJU,81,7,128,209,1,4,1,0,1,0,1,0,True
2025-12-17,2025-12-17 14:00:00,14,GAM,82,3,8,90,1,1,0,0,0,0,0,0,True
2025-12-17,2025-12-17 14:00:00,14,GAM,82,4,16,66,1,1,0,0,0,0,0,0,True
2025-12-17,2025-12-17 14:00:00,14,GAM,82,5,32,114,1,2,1,0,0,0,0,0,True
2025-12-17,2025-12-17 14:00:00,14,GAM,82,6,64,18,1,0,1,0,0,0,0,0,True
2025-12-17,2025-12-17 14:00:00,14,GAM,82,7,128,210,1,4,1,0,1,0,1,0,True
2025-12-18,2025-12-18 13:00:00,13,CCA,80,3,8,88,1,1,0,0,0,0,0,0,True
2025-12-18,2025-12-18 13:00:00,13,CCA,80,4,16,64,1,1,0,0,0,0,0,0,True
2025-12-18,2025-12-18 13:00:00,13,CCA,80,5,32,112,1,2,1,0,0,0,0,0,True
2025-12-18,2025-12-18 13:00:00,13,CCA,80,6,64,16,1,0,1,0,0,0,0,0,True
2025-12-18,2025-12-18 13:00:00,13,CCA,80,7,128,208,1,4,1,0,1,0,1,0,True
2025-12-19,2025-12-19 15:00:00,15,CCA,92,3,8,84,2,1,1,0,0,0,0,0,True
2025-12-19,2025-12-19 15:00:00,15,CCA,92,4,16,76,2,1,1,0,0,0,0,0,True
2025-12-19,2025-12-19 15:00:00,15,CCA,92,5,32,124,2,2,0,0,0,0,0,0,True
2025-12-19,2025-12-19 15:00:00,15,CCA,92,6,64,28,2,0,1,0,0,0,0,0,True
2025-12-19,2025-12-19 15:00:00,15,CCA,92,7,128,220,2,4,1,0,1,0,1,0,True
2025-12-20,2025-12-20 16:00:00,16,BJU,107,3,8,99,2,2,0,0,0,0,0,0,True
2025-12-20,2025-12-20 16:00:00,16,BJU,107,4,16,123,2,2,0,0,0,0,0,0,True
2025-12-20,2025-12-20 16:00:00,16,BJU,107,5,32,75,2,1,1,0,0,0,0,0,True
2025-12-20,2025-12-20 16:00:00,16,BJU,107,6,64,43,2,0,1,0,0,0,0,0,True
2025-12-20,2025-12-20 16:00:00,16,BJU,107,7,128,235,2,4,1,0,1,0,1,0,True
2025-12-21,2025-12-21 15:00:00,15,CCA,110,3,8,102,2,2,0,0,0,0,0,0,True
2025-12-21,2025-12-21 15:00:00,15,CCA,110,4,16,126,2,2,0,0,0,0,0,0,True
2025-12-21,2025-12-21 15:00:00,15,CCA,110,5,32,78,2,1,1,0,0,0,0,0,True
2025-12-21,2025-12-21 15:00:00,15,CCA,110,6,64,46,2,0,1,0,0,0,0,0,True
2025-12-21,2025-12-21 15:00:00,15,CCA,110,7,128,238,2,4,1,0,1,0,1,0,True
2025-12-22,2025-12-22 15:00:00,15,MPA,82,3,8,90,1,1,0,0,0,0,0,0,True
2025-12-22,2025-12-22 15:00:00,15,MPA,82,4,16,66,1,1,0,0,0,0,0,0,True
2025-12-22,2025-12-22 15:00:00,15,MPA,82,5,32,114,1,2,1,0,0,0,0,0,True
2025-12-22,2025-12-22 15:00:00,15,MPA,82,6,64,18,1,0,1,0,0,0,0,0,True
2025-12-22,2025-12-22 15:00:00,15,MPA,82,7,128,210,1,4,1,0,1,0,1,0,True
2025-12-23,2025-12-23 15:00:00,15,CCA,85,3,8,93,1,2,1,0,0,0,0,0,True
2025-12-23,2025-12-23 15:00:00,15,CCA,85,4,16,69,1,1,0,0,0,0,0,0,True
2025-12-23,2025-12-23 15:00:00,15,CCA,85,5,32,117,1,2,1,0,0,0,0,0,True
2025-12-23,2025-12-23 15:00:00,15,CCA,85,6,64,21,1,0,1,0,0,0,0,0,True
2025-12-23,2025-12-23 15:00:00,15,CCA,85,7,128,213,1,4,1,0,1,0,1,0,True
2025-12-24,2025-12-24 16:00:00,16,CCA,109,3,8,101,2,2,0,0,0,0,0,0,True
2025-12-24,2025-12-24 16:00:00,16,CCA,109,4,16,125,2,2,0,0,0,0,0,0,True
2025-12-24,2025-12-24 16:00:00,16,CCA,109,5,32,77,2,1,1,0,0,0,0,0,True
2025-12-24,2025-12-24 16:00:00,16,CCA,109,6,64,45,2,0,1,0,0,0,0,0,True
2025-12-24,2025-12-24 16:00:00,16,CCA,109,7,128,237,2,4,1,0,1,0,1,0,True
2025-12-25,2025-12-25 13:00:00,13,MER,92,3,8,84,2,1,1,0,0,0,0,0,True
2025-12-25,2025-12-25 13:00:00,13,MER,92,4,16,76,2,1,1,0,0,0,0,0,True
2025-12-25,2025-12-25 13:00:00,13,MER,92,5,32,124,2,2,0,0,0,0,0,0,True
2025-12-25,2025-12-25 13:00:00,13,MER,92,6,64,28,2,0,1,0,0,0,0,0,True
2025-12-25,2025-12-25 13:00:00,13,MER,92,7,128,220,2,4,1,0,1,0,1,0,True
2025-12-26,2025-12-26 15:00:00,15,CCA,68,3,8,76,1,1,0,0,0,0,0,0,True
2025-12-26,2025-12-26 15:00:00,15,CCA,68,4,16,84,1,1,0,0,0,0,0,0,True
2025-12-26,2025-12-26 15:00:00,15,CCA,68,5,32,100,1,2,1,0,0,0,0,0,True
2025-12-26,2025-12-26 15:00:00,15,CCA,68,6,64,4,1,0,1,0,0,0,0,0,True
2025-12-26,2025-12-26 15:00:00,15,CCA,68,7,128,196,1,4,1,0,1,0,0,0,True
2025-12-27,2025-12-27 14:00:00,14,GAM,94,3,8,86,2,1,1,0,0,0,0,0,True
2025-12-27,2025-12-27 14:00:00,14,GAM,94,4,16,78,2,1,1,0,0,0,0,0,True
2025-12-27,2025-12-27 14:00:00,14,GAM,94,5,32,126,2,2,0,0,0,0,0,0,True
2025-12-27,2025-12-27 14:00:00,14,GAM,94,6,64,30,2,0,1,0,0,0,0,0,True
2025-12-27,2025-12-27 14:00:00,14,GAM,94,7,128,222,2,4,1,0,1,0,1,0,True
2025-12-28,2025-12-28 16:00:00,16,CCA,96,3,8,104,2,2,0,0,0,0,0,0,True
2025-12-28,2025-12-28 16:00:00,16,CCA,96,4,16,112,2,2,0,0,0,0,0,0,True
2025-12-28,2025-12-28 16:00:00,16,CCA,96,5,32,64,2,1,1,0,0,0,0,0,True
2025-12-28,2025-12-28 16:00:00,16,CCA,96,6,64,32,2,0,1,0,0,0,0,0,True
2025-12-28,2025-12-28 16:00:00,16,CCA,96,7,128,224,2,4,1,0,1,0,1,0,True
2025-12-29,2025-12-29 13:00:00,13,AJM,69,3,8,77,1,1,0,0,0,0,0,0,True
2025-12-29,2025-12-29 13:00:00,13,AJM,69,4,16,85,1,1,0,0,0,0,0,0,True
2025-12-29,2025-12-29 13:00:00,13,AJM,69,5,32,101,1,2,1,0,0,0,0,0,True
2025-12-29,2025-12-29 13:00:00,13,AJM,69,6,64,5,1,0,1,0,0,0,0,0,True
2025-12-29,2025-12-29 13:00:00,13,AJM,69,7,128,197,1,4,1,0,1,0,0,0,True
2025-12-30,2025-12-30 16:00:00,16,BJU,48,3,8,56,0,0,0,0,0,0,0,0,True
2025-12-30,2025-12-30 16:00:00,16,BJU,48,4,16,32,0,0,0,0,0,0,0,0,True
2025-12-30,2025-12-30 16:00:00,16,BJU,48,5,32,16,0,0,0,0,0,0,0,0,True
2025-12-30,2025-12-30 16:00:00,16,BJU,48,6,64,112,0,2,1,0,0,0,0,0,True
2025-12-30,2025-12-30 16:00:00,16,BJU,48,7,128,176,0,4,1,0,1,0,0,0,True
2025-12-31,2025-12-31 16:00:00,16,BJU,99,3,8,107,2,2,0,0,0,0,0,0,True
2025-12-31,2025-12-31 16:00:00,16,BJU,99,4,16,115,2,2,0,0,0,0,0,0,True
2025-12-31,2025-12-31 16:00:00,16,BJU,99,5,32,67,2,1,1,0,0,0,0,0,True
2025-12-31,2025-12-31 16:00:00,16,BJU,99,6,64,35,2,0,1,0,0,0,0,0,True
2025-12-31,2025-12-31 16:00:00,16,BJU,99,7,128,227,2,4,1,0,1,0,1,0,True
