timestamp,estacion,original_ppb,predicho_ppb,base_ppb,perfil_ppb,umbral_ppb,alerta_limpia
2025-10-21 00:00:00,CCA,6.0,14.442664,13.454545,13.454545454545455,14.7483549118042,False
2025-10-21 01:00:00,CCA,13.0,12.071131,10.363636,10.363636363636363,14.7483549118042,False
2025-10-21 02:00:00,CCA,14.0,13.001555,10.363636,10.363636363636363,14.7483549118042,False
2025-10-21 03:00:00,CCA,15.0,15.651716,12.428572,12.428571428571429,14.7483549118042,False
2025-10-21 04:00:00,CCA,11.0,15.46018,10.714286,10.714285714285714,14.7483549118042,False
2025-10-21 05:00:00,CCA,6.0,16.260612,10.071428,10.071428571428571,14.7483549118042,False
2025-10-21 06:00:00,CCA,3.0,15.059086,8.642858,8.642857142857142,14.7483549118042,False
2025-10-21 07:00:00,CCA,6.0,16.385075,9.428572,9.428571428571429,14.7483549118042,False
2025-10-21 08:00:00,CCA,22.0,24.293621,16.714285,16.714285714285715,14.7483549118042,False
2025-10-21 09:00:00,CCA,33.0,36.3004,25.785715,25.785714285714285,14.7483549118042,False
2025-10-21 10:00:00,CCA,45.0,53.601448,38.46154,38.46153846153846,14.7483549118042,False
2025-10-21 11:00:00,CCA,57.0,68.12901,51.153847,51.15384615384615,14.7483549118042,False
2025-10-21 12:00:00,CCA,69.0,78.539734,63.0,63.0,14.7483549118042,False
2025-10-21 13:00:00,CCA,94.0,85.8087,71.85714,71.85714285714286,14.7483549118042,False
2025-10-21 14:00:00,CCA,102.0,86.20215,69.42857,69.42857142857143,14.7483549118042,True
2025-10-21 15:00:00,CCA,80.0,74.269844,61.857143,61.857142857142854,14.7483549118042,False
2025-10-21 16:00:00,CCA,57.0,63.545322,55.57143,55.57142857142857,14.7483549118042,False
2025-10-21 17:00:00,CCA,32.0,37.75728,41.142857,41.142857142857146,14.7483549118042,False
2025-10-21 18:00:00,CCA,24.0,23.968348,28.857143,28.857142857142858,14.7483549118042,False
2025-10-21 19:00:00,CCA,17.0,13.658272,19.785715,19.785714285714285,14.7483549118042,False
2025-10-21 20:00:00,CCA,15.0,9.862255,15.571428,15.571428571428571,14.7483549118042,False
2025-10-21 21:00:00,CCA,15.0,10.34873,14.5,14.5,14.7483549118042,False
2025-10-21 22:00:00,CCA,15.0,11.106357,13.285714,13.285714285714286,14.7483549118042,False
2025-10-21 23:00:00,CCA,18.0,14.739679,14.285714,14.285714285714286,14.7483549118042,False
2025-10-22 00:00:00,CCA,21.0,16.01957,13.181818,13.181818181818182,14.7483549118042,False
2025-10-22 01:00:00,CCA,23.0,15.17161,11.090909,11.090909090909092,14.7483549118042,False
2025-10-22 02:00:00,CCA,22.0,15.50609,10.363636,10.363636363636363,14.7483549118042,False
2025-10-22 03:00:00,CCA,13.0,18.729645,12.714286,12.714285714285714,14.7483549118042,False
2025-10-22 04:00:00,CCA,12.0,18.067545,10.785714,10.785714285714286,14.7483549118042,False
2025-10-22 05:00:00,CCA,12.0,18.657766,10.285714,10.285714285714286,14.7483549118042,False
2025-10-22 06:00:00,CCA,7.0,17.040958,8.642858,8.642857142857142,14.7483549118042,False
2025-10-22 07:00:00,CCA,12.0,17.19487,9.642858,9.642857142857142,14.7483549118042,False
2025-10-22 08:00:00,CCA,19.0,25.846075,17.428572,17.428571428571427,14.7483549118042,False
2025-10-22 09:00:00,CCA,24.0,36.651894,26.428572,26.428571428571427,14.7483549118042,False
2025-10-22 10:00:00,CCA,35.0,47.860092,39.23077,39.23076923076923,14.7483549118042,False
2025-10-22 11:00:00,CCA,39.0,57.562157,51.76923,51.76923076923077,14.7483549118042,True
2025-10-22 12:00:00,CCA,44.0,67.53693,63.142857,63.142857142857146,14.7483549118042,True
2025-10-22 13:00:00,CCA,42.0,75.3821,73.35714,73.35714285714286,14.7483549118042,True
2025-10-22 14:00:00,CCA,45.0,72.2668,72.92857,72.92857142857143,14.7483549118042,True
2025-10-22 15:00:00,CCA,44.0,67.57722,64.42857,64.42857142857143,14.7483549118042,True
2025-10-22 16:00:00,CCA,35.0,61.368347,56.714287,56.714285714285715,14.7483549118042,True
2025-10-22 17:00:00,CCA,28.0,43.66968,41.142857,41.142857142857146,14.7483549118042,True
2025-10-22 18:00:00,CCA,22.0,30.365957,28.642857,28.642857142857142,14.7483549118042,False
2025-10-22 19:00:00,CCA,18.0,18.926275,19.357143,19.357142857142858,14.7483549118042,False
2025-10-22 20:00:00,CCA,14.0,15.613999,15.428572,15.428571428571429,14.7483549118042,False
2025-10-22 21:00:00,CCA,10.0,15.575098,14.642858,14.642857142857142,14.7483549118042,False
2025-10-22 22:00:00,CCA,18.0,14.463816,13.357142,13.357142857142858,14.7483549118042,False
2025-10-22 23:00:00,CCA,12.0,16.258276,14.071428,14.071428571428571,14.7483549118042,False
2025-10-23 00:00:00,CCA,3.0,15.442936,13.833333,13.833333333333334,14.7483549118042,False
2025-10-23 01:00:00,CCA,4.0,13.280919,12.083333,12.083333333333334,14.7483549118042,False
2025-10-23 02:00:00,CCA,13.0,13.157018,11.333333,11.333333333333334,14.7483549118042,False
2025-10-23 03:00:00,CCA,20.0,16.272768,12.642858,12.642857142857142,14.7483549118042,False
2025-10-23 04:00:00,CCA,16.0,15.911798,10.857142,10.857142857142858,14.7483549118042,False
2025-10-23 05:00:00,CCA,13.0,15.807348,10.0,10.0,14.7483549118042,False
2025-10-23 06:00:00,CCA,6.0,12.913215,7.857143,7.857142857142857,14.7483549118042,False
2025-10-23 07:00:00,CCA,8.0,13.587561,9.428572,9.428571428571429,14.7483549118042,False
2025-10-23 08:00:00,CCA,14.0,21.089891,17.642857,17.642857142857142,14.7483549118042,False
2025-10-23 09:00:00,CCA,19.0,31.631702,26.857143,26.857142857142858,14.7483549118042,False
2025-10-23 10:00:00,CCA,31.0,46.790527,40.46154,40.46153846153846,14.7483549118042,True
2025-10-23 11:00:00,CCA,46.0,60.9862,53.076923,53.07692307692308,14.7483549118042,True
2025-10-23 12:00:00,CCA,71.0,76.570404,64.57143,64.57142857142857,14.7483549118042,False
2025-10-23 13:00:00,CCA,94.0,95.00213,75.07143,75.07142857142857,14.7483549118042,False
2025-10-23 14:00:00,CCA,96.0,100.35469,74.92857,74.92857142857143,14.7483549118042,False
2025-10-23 15:00:00,CCA,97.0,91.39428,66.5,66.5,14.7483549118042,False
2025-10-23 16:00:00,CCA,97.0,81.22044,58.42857,58.42857142857143,14.7483549118042,True
2025-10-23 17:00:00,CCA,76.0,62.636818,42.57143,42.57142857142857,14.7483549118042,False
2025-10-23 18:00:00,CCA,48.0,44.865017,29.857143,29.857142857142858,14.7483549118042,False
2025-10-23 19:00:00,CCA,28.0,24.690405,20.285715,20.285714285714285,14.7483549118042,False
2025-10-23 20:00:00,CCA,19.0,16.254923,16.142857,16.142857142857142,14.7483549118042,False
2025-10-23 21:00:00,CCA,8.0,13.6307,15.071428,15.071428571428571,14.7483549118042,False
2025-10-23 22:00:00,CCA,4.0,12.594278,14.357142,14.357142857142858,14.7483549118042,False
2025-10-23 23:00:00,CCA,10.0,12.688423,14.5,14.5,14.7483549118042,False
2025-10-24 00:00:00,CCA,5.0,11.97402,13.25,13.25,14.7483549118042,False
2025-10-24 01:00:00,CCA,5.0,11.470265,11.666667,11.666666666666666,14.7483549118042,False
2025-10-24 02:00:00,CCA,5.0,12.69067,12.083333,12.083333333333334,14.7483549118042,False
2025-10-24 03:00:00,CCA,6.0,15.392399,13.857142,13.857142857142858,14.7483549118042,False
2025-10-24 04:00:00,CCA,4.0,13.832455,11.785714,11.785714285714286,14.7483549118042,False
2025-10-24 05:00:00,CCA,3.0,13.055843,10.642858,10.642857142857142,14.7483549118042,False
2025-10-24 06:00:00,CCA,3.0,10.5468235,8.142858,8.142857142857142,14.7483549118042,False
2025-10-24 07:00:00,CCA,4.0,12.089148,9.785714,9.785714285714286,14.7483549118042,False
2025-10-24 08:00:00,CCA,12.0,21.040724,18.357143,18.357142857142858,14.7483549118042,False
2025-10-24 09:00:00,CCA,28.0,32.24321,27.785715,27.785714285714285,14.7483549118042,False
2025-10-24 10:00:00,CCA,55.0,53.29344,42.23077,42.23076923076923,14.7483549118042,False
2025-10-24 11:00:00,CCA,70.0,78.58326,55.153847,55.15384615384615,14.7483549118042,False
2025-10-24 12:00:00,CCA,84.0,101.81384,67.71429,67.71428571428571,14.7483549118042,True
2025-10-24 13:00:00,CCA,92.0,110.12854,79.64286,79.64285714285714,14.7483549118042,True
2025-10-24 14:00:00,CCA,109.0,113.95555,79.21429,79.21428571428571,14.7483549118042,False
2025-10-24 15:00:00,CCA,126.0,106.87633,71.71429,71.71428571428571,14.7483549118042,True
2025-10-24 16:00:00,CCA,123.0,94.31543,63.857143,63.857142857142854,14.7483549118042,True
2025-10-24 17:00:00,CCA,104.0,74.32606,47.42857,47.42857142857143,14.7483549118042,True
2025-10-24 18:00:00,CCA,71.0,51.01612,32.714287,32.714285714285715,14.7483549118042,True
2025-10-24 19:00:00,CCA,51.0,29.130701,22.071428,22.071428571428573,14.7483549118042,True
2025-10-24 20:00:00,CCA,19.0,22.252838,17.357143,17.357142857142858,14.7483549118042,False
2025-10-24 21:00:00,CCA,7.0,15.316839,15.5,15.5,14.7483549118042,False
2025-10-24 22:00:00,CCA,13.0,13.828795,14.5,14.5,14.7483549118042,False
2025-10-24 23:00:00,CCA,15.0,14.467585,15.071428,15.071428571428571,14.7483549118042,False
2025-10-25 00:00:00,CCA,11.0,12.83728,13.5,13.5,14.7483549118042,False
2025-10-25 01:00:00,CCA,3.0,11.364611,11.916667,11.916666666666666,14.7483549118042,False
2025-10-25 02:00:00,CCA,3.0,12.181898,12.25,12.25,14.7483549118042,False
2025-10-25 03:00:00,CCA,8.0,14.611119,13.857142,13.857142857142858,14.7483549118042,False
2025-10-25 04:00:00,CCA,15.0,14.850536,11.642858,11.642857142857142,14.7483549118042,False
2025-10-25 05:00:00,CCA,7.0,16.369919,10.642858,10.642857142857142,14.7483549118042,False
2025-10-25 06:00:00,CCA,3.0,14.577097,8.214286,8.214285714285714,14.7483549118042,False
2025-10-25 07:00:00,CCA,8.0,17.587065,9.785714,9.785714285714286,14.7483549118042,False
2025-10-25 08:00:00,CCA,17.0,27.681362,18.785715,18.785714285714285,14.7483549118042,False
2025-10-25 09:00:00,CCA,36.0,41.495407,29.214285,29.214285714285715,14.7483549118042,False
2025-10-25 10:00:00,CCA,60.0,67.381485,45.307693,45.30769230769231,14.7483549118042,False
2025-10-25 11:00:00,CCA,78.0,89.40902,58.615383,58.61538461538461,14.7483549118042,False
2025-10-25 12:00:00,CCA,92.0,95.524216,70.78571,70.78571428571429,14.7483549118042,False
2025-10-25 13:00:00,CCA,109.0,109.6928,82.14286,82.14285714285714,14.7483549118042,False
2025-10-25 14:00:00,CCA,119.0,112.69279,84.5,84.5,14.7483549118042,False
2025-10-25 15:00:00,CCA,116.0,109.53089,79.28571,79.28571428571429,14.7483549118042,False
2025-10-25 16:00:00,CCA,110.0,102.058815,70.92857,70.92857142857143,14.7483549118042,False
2025-10-25 17:00:00,CCA,88.0,79.657974,53.42857,53.42857142857143,14.7483549118042,False
2025-10-25 18:00:00,CCA,55.0,45.412914,37.214287,37.214285714285715,14.7483549118042,False
2025-10-25 19:00:00,CCA,35.0,28.641277,25.5,25.5,14.7483549118042,False
2025-10-25 20:00:00,CCA,31.0,19.254688,18.571428,18.571428571428573,14.7483549118042,False
2025-10-25 21:00:00,CCA,20.0,14.637151,15.857142,15.857142857142858,14.7483549118042,False
2025-10-25 22:00:00,CCA,10.0,11.197992,15.285714,15.285714285714286,14.7483549118042,False
2025-10-25 23:00:00,CCA,20.0,11.243023,16.0,16.0,14.7483549118042,False
2025-10-26 03:00:00,CCA,5.0,14.916518,13.928572,13.928571428571429,14.7483549118042,False
2025-10-26 04:00:00,CCA,15.0,12.045881,12.357142,12.357142857142858,14.7483549118042,False
2025-10-26 05:00:00,CCA,11.0,13.956577,10.5,10.5,14.7483549118042,False
2025-10-26 06:00:00,CCA,5.0,15.111509,7.857143,7.857142857142857,14.7483549118042,False
2025-10-26 07:00:00,CCA,9.0,18.367512,10.071428,10.071428571428571,14.7483549118042,False
2025-10-26 08:00:00,CCA,22.0,29.238295,19.428572,19.428571428571427,14.7483549118042,False
2025-10-26 09:00:00,CCA,40.0,44.761387,30.357143,30.357142857142858,14.7483549118042,False
2025-10-26 10:00:00,CCA,69.0,72.71172,47.615383,47.61538461538461,14.7483549118042,False
2025-10-26 11:00:00,CCA,84.0,93.587395,62.23077,62.23076923076923,14.7483549118042,False
2025-10-26 12:00:00,CCA,89.0,94.86595,74.64286,74.64285714285714,14.7483549118042,False
2025-10-26 13:00:00,CCA,109.0,108.87375,86.28571,86.28571428571429,14.7483549118042,False
2025-10-26 14:00:00,CCA,134.0,119.42572,88.5,88.5,14.7483549118042,False
2025-10-26 15:00:00,CCA,132.0,118.75957,83.42857,83.42857142857143,14.7483549118042,False
2025-10-26 16:00:00,CCA,96.0,109.95596,74.71429,74.71428571428571,14.7483549118042,False
2025-10-26 17:00:00,CCA,76.0,80.16352,56.92857,56.92857142857143,14.7483549118042,False
2025-10-26 18:00:00,CCA,50.0,56.756184,39.642857,39.642857142857146,14.7483549118042,False
2025-10-26 19:00:00,CCA,33.0,39.71215,27.214285,27.214285714285715,14.7483549118042,False
2025-10-26 20:00:00,CCA,30.0,26.170969,19.714285,19.714285714285715,14.7483549118042,False
2025-10-26 21:00:00,CCA,26.0,20.085915,16.142857,16.142857142857142,14.7483549118042,False
2025-10-26 22:00:00,CCA,15.0,16.212671,15.357142,15.357142857142858,14.7483549118042,False
2025-10-26 23:00:00,CCA,14.0,17.540718,16.857143,16.857142857142858,14.7483549118042,False
2025-10-27 00:00:00,CCA,21.0,16.35008,15.0,15.0,14.7483549118042,False
2025-10-27 01:00:00,CCA,24.0,15.404599,12.636364,12.636363636363637,14.7483549118042,False
2025-10-27 02:00:00,CCA,25.0,16.871817,12.454545,12.454545454545455,14.7483549118042,False
2025-10-27 03:00:00,CCA,20.0,19.844456,13.785714,13.785714285714286,14.7483549118042,False
2025-10-27 04:00:00,CCA,15.0,20.581709,12.857142,12.857142857142858,14.7483549118042,False
2025-10-27 05:00:00,CCA,8.0,20.37889,11.0,11.0,14.7483549118042,False
2025-10-27 06:00:00,CCA,3.0,17.07152,7.857143,7.857142857142857,14.7483549118042,False
2025-10-27 07:00:00,CCA,7.0,19.670444,10.285714,10.285714285714286,14.7483549118042,False
2025-10-27 08:00:00,CCA,17.0,30.472332,19.928572,19.928571428571427,14.7483549118042,False
2025-10-27 09:00:00,CCA,29.0,42.670494,31.071428,31.071428571428573,14.7483549118042,False
2025-10-27 10:00:00,CCA,46.0,56.623028,48.846153,48.84615384615385,14.7483549118042,False
2025-10-27 11:00:00,CCA,55.0,79.36725,63.384617,63.38461538461539,14.7483549118042,True
2025-10-27 12:00:00,CCA,69.0,88.99333,76.28571,76.28571428571429,14.7483549118042,True
2025-10-27 13:00:00,CCA,84.0,106.11023,89.28571,89.28571428571429,14.7483549118042,True
2025-10-27 14:00:00,CCA,79.0,114.09851,92.92857,92.92857142857143,14.7483549118042,True
2025-10-27 15:00:00,CCA,88.0,105.881325,87.57143,87.57142857142857,14.7483549118042,True
2025-10-27 16:00:00,CCA,80.0,96.757866,76.5,76.5,14.7483549118042,True
2025-10-27 17:00:00,CCA,55.0,75.92361,58.07143,58.07142857142857,14.7483549118042,True
2025-10-27 18:00:00,CCA,43.0,52.343117,40.142857,40.142857142857146,14.7483549118042,False
2025-10-27 19:00:00,CCA,34.0,35.196075,27.928572,27.928571428571427,14.7483549118042,False
2025-10-27 20:00:00,CCA,29.0,24.36858,21.214285,21.214285714285715,14.7483549118042,False
2025-10-27 21:00:00,CCA,27.0,22.036934,17.714285,17.714285714285715,14.7483549118042,False
2025-10-27 22:00:00,CCA,6.0,16.718027,16.142857,16.142857142857142,14.7483549118042,False
2025-10-27 23:00:00,CCA,8.0,16.421515,17.285715,17.285714285714285,14.7483549118042,False
2025-10-28 00:00:00,CCA,15.0,15.917308,16.0,16.0,14.7483549118042,False
2025-10-28 01:00:00,CCA,24.0,14.857518,14.0,14.0,14.7483549118042,False
2025-10-28 02:00:00,CCA,24.0,15.826233,13.818182,13.818181818181818,14.7483549118042,False
2025-10-28 03:00:00,CCA,17.0,18.660656,14.857142,14.857142857142858,14.7483549118042,False
2025-10-28 04:00:00,CCA,11.0,18.66026,13.714286,13.714285714285714,14.7483549118042,False
2025-10-28 05:00:00,CCA,4.0,17.559816,11.428572,11.428571428571429,14.7483549118042,False
2025-10-28 06:00:00,CCA,3.0,13.670382,7.857143,7.857142857142857,14.7483549118042,False
2025-10-28 07:00:00,CCA,5.0,15.3864155,10.357142,10.357142857142858,14.7483549118042,False
2025-10-28 08:00:00,CCA,15.0,25.003544,19.928572,19.928571428571427,14.7483549118042,False
2025-10-28 09:00:00,CCA,32.0,37.340355,31.071428,31.071428571428573,14.7483549118042,False
2025-10-28 10:00:00,CCA,54.0,63.54329,49.307693,49.30769230769231,14.7483549118042,False
2025-10-28 11:00:00,CCA,67.0,90.092384,63.615383,63.61538461538461,14.7483549118042,True
2025-10-28 12:00:00,CCA,60.0,106.84449,76.35714,76.35714285714286,14.7483549118042,True
2025-10-28 13:00:00,CCA,74.0,106.041306,90.07143,90.07142857142857,14.7483549118042,True
2025-10-28 14:00:00,CCA,83.0,111.38156,93.5,93.5,14.7483549118042,True
2025-10-28 15:00:00,CCA,93.0,107.389595,88.71429,88.71428571428571,14.7483549118042,False
2025-10-28 16:00:00,CCA,78.0,104.573654,78.35714,78.35714285714286,14.7483549118042,True
2025-10-28 17:00:00,CCA,65.0,71.163155,58.785713,58.785714285714285,14.7483549118042,False
2025-10-28 18:00:00,CCA,43.0,52.24818,41.142857,41.142857142857146,14.7483549118042,False
2025-10-28 19:00:00,CCA,32.0,27.924652,28.642857,28.642857142857142,14.7483549118042,False
2025-10-28 20:00:00,CCA,31.0,22.457024,22.214285,22.214285714285715,14.7483549118042,False
2025-10-28 21:00:00,CCA,29.0,19.615902,19.142857,19.142857142857142,14.7483549118042,False
2025-10-28 22:00:00,CCA,5.0,12.880472,15.285714,15.285714285714286,14.7483549118042,False
2025-10-28 23:00:00,CCA,7.0,13.181553,16.357143,16.357142857142858,14.7483549118042,False
2025-10-29 00:00:00,CCA,17.0,13.694148,15.916667,15.916666666666666,14.7483549118042,False
2025-10-29 01:00:00,CCA,22.0,13.97464,14.833333,14.833333333333334,14.7483549118042,False
2025-10-29 02:00:00,CCA,28.0,15.736051,14.666667,14.666666666666666,14.7483549118042,False
2025-10-29 03:00:00,CCA,30.0,16.397747,14.5,14.5,14.7483549118042,False
2025-10-29 04:00:00,CCA,26.0,17.07129,13.071428,13.071428571428571,14.7483549118042,False
2025-10-29 05:00:00,CCA,16.0,15.607241,10.285714,10.285714285714286,14.7483549118042,False
2025-10-29 06:00:00,CCA,6.0,12.175314,7.071429,7.071428571428571,14.7483549118042,False
2025-10-29 07:00:00,CCA,16.0,14.092096,9.428572,9.428571428571429,14.7483549118042,False
2025-10-29 08:00:00,CCA,40.0,26.628262,18.928572,18.928571428571427,14.7483549118042,False
2025-10-29 09:00:00,CCA,46.0,50.262493,31.142857,31.142857142857142,14.7483549118042,False
2025-10-29 10:00:00,CCA,53.0,79.0576,50.307693,50.30769230769231,14.7483549118042,True
2025-10-29 11:00:00,CCA,58.0,82.95364,64.30769,64.3076923076923,14.7483549118042,True
2025-10-29 12:00:00,CCA,63.0,86.02083,75.42857,75.42857142857143,14.7483549118042,True
2025-10-29 13:00:00,CCA,64.0,98.12004,88.85714,88.85714285714286,14.7483549118042,True
2025-10-29 14:00:00,CCA,64.0,101.26509,92.35714,92.35714285714286,14.7483549118042,True
2025-10-29 15:00:00,CCA,64.0,98.231804,89.0,89.0,14.7483549118042,True
2025-10-29 16:00:00,CCA,61.0,87.53146,78.64286,78.64285714285714,14.7483549118042,True
2025-10-29 17:00:00,CCA,49.0,65.60626,59.92857,59.92857142857143,14.7483549118042,True
2025-10-29 18:00:00,CCA,28.0,42.628845,41.5,41.5,14.7483549118042,False
2025-10-29 19:00:00,CCA,21.0,23.493143,28.785715,28.785714285714285,14.7483549118042,False
2025-10-29 20:00:00,CCA,17.0,16.897533,22.857143,22.857142857142858,14.7483549118042,False
2025-10-29 21:00:00,CCA,17.0,13.836245,19.428572,19.428571428571427,14.7483549118042,False
2025-10-29 22:00:00,CCA,17.0,9.336313,13.857142,13.857142857142858,14.7483549118042,False
2025-10-29 23:00:00,CCA,13.0,10.222344,14.857142,14.857142857142858,14.7483549118042,False
2025-10-30 00:00:00,CCA,5.0,10.80755,14.75,14.75,14.7483549118042,False
2025-10-30 01:00:00,CCA,3.0,10.668737,14.083333,14.083333333333334,14.7483549118042,False
2025-10-30 02:00:00,CCA,4.0,11.75101,14.416667,14.416666666666666,14.7483549118042,False
2025-10-30 03:00:00,CCA,4.0,12.442368,14.214286,14.214285714285714,14.7483549118042,False
2025-10-30 04:00:00,CCA,3.0,11.863011,12.214286,12.214285714285714,14.7483549118042,False
2025-10-30 05:00:00,CCA,3.0,9.711995,9.0,9.0,14.7483549118042,False
2025-10-30 06:00:00,CCA,3.0,7.2308617,5.571429,5.571428571428571,14.7483549118042,False
2025-10-30 07:00:00,CCA,5.0,12.143126,8.714286,8.714285714285714,14.7483549118042,False
2025-10-30 08:00:00,CCA,12.0,26.484116,19.428572,19.428571428571427,14.7483549118042,False
2025-10-30 13:00:00,CCA,88.0,121.11011,87.28571,87.28571428571429,14.7483549118042,True
2025-10-30 14:00:00,CCA,106.0,127.643616,91.21429,91.21428571428571,14.7483549118042,True
2025-10-30 15:00:00,CCA,114.0,134.84218,88.85714,88.85714285714286,14.7483549118042,True
2025-10-30 16:00:00,CCA,121.0,118.38136,78.78571,78.78571428571429,14.7483549118042,False
2025-10-30 17:00:00,CCA,97.0,100.15784,60.285713,60.285714285714285,14.7483549118042,False
2025-10-30 18:00:00,CCA,59.0,66.022896,41.714287,41.714285714285715,14.7483549118042,False
2025-10-30 19:00:00,CCA,39.0,43.619957,28.714285,28.714285714285715,14.7483549118042,False
2025-10-30 20:00:00,CCA,21.0,23.49398,22.5,22.5,14.7483549118042,False
2025-10-30 21:00:00,CCA,7.0,15.354314,19.428572,19.428571428571427,14.7483549118042,False
2025-10-30 22:00:00,CCA,3.0,7.186451,13.714286,13.714285714285714,14.7483549118042,False
2025-10-30 23:00:00,CCA,7.0,7.5190506,14.214286,14.214285714285714,14.7483549118042,False
2025-10-31 00:00:00,CCA,16.0,7.791296,13.25,13.25,14.7483549118042,False
2025-10-31 01:00:00,CCA,19.0,9.920485,13.0,13.0,14.7483549118042,False
2025-10-31 02:00:00,CCA,15.0,13.538108,14.25,14.25,14.7483549118042,False
2025-10-31 03:00:00,CCA,10.0,15.128796,14.285714,14.285714285714286,14.7483549118042,False
2025-10-31 04:00:00,CCA,5.0,15.079046,12.142858,12.142857142857142,14.7483549118042,False
2025-10-31 05:00:00,CCA,2.0,13.626971,9.0,9.0,14.7483549118042,False
2025-10-31 06:00:00,CCA,1.0,9.598131,5.5,5.5,14.7483549118042,False
2025-10-31 07:00:00,CCA,4.0,14.262274,8.642858,8.642857142857142,14.7483549118042,False
2025-10-31 08:00:00,CCA,16.0,25.561611,19.214285,19.214285714285715,14.7483549118042,False
2025-10-31 09:00:00,CCA,30.0,40.556908,31.76923,31.76923076923077,14.7483549118042,False
2025-10-31 10:00:00,CCA,51.0,66.9747,50.583332,50.583333333333336,14.7483549118042,True
2025-10-31 11:00:00,CCA,67.0,88.4966,63.25,63.25,14.7483549118042,True
2025-10-31 12:00:00,CCA,76.0,92.494095,73.69231,73.6923076923077,14.7483549118042,True
2025-10-31 13:00:00,CCA,76.0,96.4556,85.85714,85.85714285714286,14.7483549118042,True
2025-10-31 14:00:00,CCA,87.0,103.24711,90.92857,90.92857142857143,14.7483549118042,True
2025-10-31 15:00:00,CCA,92.0,94.290054,88.28571,88.28571428571429,14.7483549118042,False
2025-10-31 16:00:00,CCA,93.0,91.733246,78.85714,78.85714285714286,14.7483549118042,False
2025-10-31 17:00:00,CCA,77.0,71.92545,62.42857,62.42857142857143,14.7483549118042,False
2025-10-31 18:00:00,CCA,54.0,46.249073,42.357143,42.357142857142854,14.7483549118042,False
2025-10-31 19:00:00,CCA,20.0,22.421358,28.714285,28.714285714285715,14.7483549118042,False
2025-10-31 20:00:00,CCA,21.0,11.995243,22.142857,22.142857142857142,14.7483549118042,False
2025-10-31 21:00:00,CCA,4.0,5.0581636,18.142857,18.142857142857142,14.7483549118042,False
2025-10-31 22:00:00,CCA,2.0,-1.1965542,12.428572,12.428571428571429,14.7483549118042,False
2025-10-31 23:00:00,CCA,7.0,2.1551332,13.357142,13.357142857142858,14.7483549118042,False
2025-11-01 03:00:00,CCA,3.0,15.514776,13.857142,13.857142857142858,14.7483549118042,False
2025-11-01 04:00:00,CCA,7.0,10.910903,12.142858,12.142857142857142,14.7483549118042,False
2025-11-01 05:00:00,CCA,1.0,10.836571,8.857142,8.857142857142858,14.7483549118042,False
2025-11-01 06:00:00,CCA,1.0,8.81056,5.357143,5.357142857142857,14.7483549118042,False
2025-11-01 07:00:00,CCA,5.0,15.929169,8.642858,8.642857142857142,14.7483549118042,False
2025-11-01 08:00:00,CCA,24.0,27.909203,19.5,19.5,14.7483549118042,False
2025-11-01 09:00:00,CCA,39.0,43.992058,32.076923,32.07692307692308,14.7483549118042,False
2025-11-01 10:00:00,CCA,61.0,68.28633,50.416668,50.416666666666664,14.7483549118042,False
2025-11-01 11:00:00,CCA,85.0,85.13492,62.916668,62.916666666666664,14.7483549118042,False
2025-11-01 12:00:00,CCA,87.0,93.12029,72.38461,72.38461538461539,14.7483549118042,False
2025-11-01 13:00:00,CCA,92.0,88.48083,82.92857,82.92857142857143,14.7483549118042,False
2025-11-01 14:00:00,CCA,104.0,90.37426,89.21429,89.21428571428571,14.7483549118042,False
2025-11-01 15:00:00,CCA,79.0,86.36265,88.14286,88.14285714285714,14.7483549118042,False
2025-11-01 16:00:00,CCA,82.0,79.62265,79.35714,79.35714285714286,14.7483549118042,False
2025-11-01 17:00:00,CCA,66.0,62.75432,62.5,62.5,14.7483549118042,False
2025-11-01 18:00:00,CCA,55.0,42.698563,41.92857,41.92857142857143,14.7483549118042,False
2025-11-01 19:00:00,CCA,35.0,23.224924,27.928572,27.928571428571427,14.7483549118042,False
2025-11-01 20:00:00,CCA,39.0,15.801259,22.0,22.0,14.7483549118042,True
2025-11-01 21:00:00,CCA,28.0,7.420231,17.0,17.0,14.7483549118042,True
2025-11-01 22:00:00,CCA,14.0,0.62122345,11.285714,11.285714285714286,14.7483549118042,False
2025-11-01 23:00:00,CCA,13.0,1.1676121,12.0,12.0,14.7483549118042,False
2025-11-02 00:00:00,CCA,23.0,2.2857056,11.181818,11.181818181818182,14.7483549118042,True
2025-11-02 01:00:00,CCA,8.0,7.113225,13.181818,13.181818181818182,14.7483549118042,False
2025-11-02 02:00:00,CCA,1.0,10.81776,14.454545,14.454545454545455,14.7483549118042,False
2025-11-02 03:00:00,CCA,1.0,13.1380625,13.714286,13.714285714285714,14.7483549118042,False
2025-11-02 04:00:00,CCA,1.0,14.201219,12.357142,12.357142857142858,14.7483549118042,False
2025-11-02 05:00:00,CCA,1.0,11.317041,8.357142,8.357142857142858,14.7483549118042,False
2025-11-02 06:00:00,CCA,1.0,9.587423,5.0,5.0,14.7483549118042,False
2025-11-02 07:00:00,CCA,6.0,14.380377,8.571428,8.571428571428571,14.7483549118042,False
2025-11-02 08:00:00,CCA,28.0,29.693426,20.071428,20.071428571428573,14.7483549118042,False
2025-11-02 09:00:00,CCA,43.0,51.585846,32.923077,32.92307692307692,14.7483549118042,False
2025-11-02 10:00:00,CCA,46.0,71.08545,51.333332,51.333333333333336,14.7483549118042,True
2025-11-02 11:00:00,CCA,53.0,69.99646,63.916668,63.916666666666664,14.7483549118042,True
2025-11-02 12:00:00,CCA,69.0,68.989944,72.07692,72.07692307692308,14.7483549118042,False
2025-11-02 13:00:00,CCA,75.0,93.85159,83.0,83.0,14.7483549118042,True
2025-11-02 14:00:00,CCA,79.0,97.95062,90.85714,90.85714285714286,14.7483549118042,True
2025-11-02 15:00:00,CCA,78.0,90.34213,89.35714,89.35714285714286,14.7483549118042,False
2025-11-02 16:00:00,CCA,71.0,86.02793,81.57143,81.57142857142857,14.7483549118042,True
2025-11-02 17:00:00,CCA,60.0,72.44132,64.78571,64.78571428571429,14.7483549118042,False
2025-11-02 18:00:00,CCA,43.0,51.194798,44.785713,44.785714285714285,14.7483549118042,False
2025-11-02 19:00:00,CCA,29.0,32.336246,30.071428,30.071428571428573,14.7483549118042,False
2025-11-02 20:00:00,CCA,27.0,24.489065,24.214285,24.214285714285715,14.7483549118042,False
2025-11-02 21:00:00,CCA,26.0,17.143782,17.357143,17.357142857142858,14.7483549118042,False
2025-11-02 22:00:00,CCA,20.0,12.346249,11.571428,11.571428571428571,14.7483549118042,False
2025-11-02 23:00:00,CCA,13.0,12.991148,12.642858,12.642857142857142,14.7483549118042,False
2025-11-03 00:00:00,CCA,15.0,11.620833,13.0,13.0,14.7483549118042,False
2025-11-03 01:00:00,CCA,20.0,13.033089,13.454545,13.454545454545455,14.7483549118042,False
2025-11-03 02:00:00,CCA,18.0,15.370334,14.0,14.0,14.7483549118042,False
2025-11-03 03:00:00,CCA,19.0,15.449174,13.428572,13.428571428571429,14.7483549118042,False
2025-11-03 04:00:00,CCA,21.0,16.104534,11.928572,11.928571428571429,14.7483549118042,False
2025-11-03 05:00:00,CCA,15.0,14.520138,7.571429,7.571428571428571,14.7483549118042,False
2025-11-03 06:00:00,CCA,6.0,10.460175,4.0,4.0,14.7483549118042,False
2025-11-03 07:00:00,CCA,4.0,12.838621,7.571429,7.571428571428571,14.7483549118042,False
2025-11-03 08:00:00,CCA,9.0,25.75065,20.071428,20.071428571428573,14.7483549118042,True
2025-11-03 09:00:00,CCA,19.0,37.36772,32.846153,32.84615384615385,14.7483549118042,True
2025-11-03 10:00:00,CCA,32.0,58.58384,50.5,50.5,14.7483549118042,True
2025-11-03 11:00:00,CCA,47.0,67.711716,63.25,63.25,14.7483549118042,True
2025-11-03 12:00:00,CCA,61.0,69.124535,72.23077,72.23076923076923,14.7483549118042,False
2025-11-03 13:00:00,CCA,70.0,83.00844,83.92857,83.92857142857143,14.7483549118042,False
2025-11-03 14:00:00,CCA,72.0,94.84149,92.35714,92.35714285714286,14.7483549118042,True
2025-11-03 15:00:00,CCA,79.0,88.70783,90.85714,90.85714285714286,14.7483549118042,False
2025-11-03 16:00:00,CCA,80.0,83.84892,82.85714,82.85714285714286,14.7483549118042,False
2025-11-03 17:00:00,CCA,74.0,76.3521,65.92857,65.92857142857143,14.7483549118042,False
2025-11-03 18:00:00,CCA,62.0,58.687717,44.92857,44.92857142857143,14.7483549118042,False
2025-11-03 19:00:00,CCA,32.0,35.91967,29.5,29.5,14.7483549118042,False
2025-11-03 20:00:00,CCA,20.0,25.045277,24.071428,24.071428571428573,14.7483549118042,False
2025-11-03 21:00:00,CCA,21.0,15.169641,17.285715,17.285714285714285,14.7483549118042,False
2025-11-03 22:00:00,CCA,20.0,8.803956,10.857142,10.857142857142858,14.7483549118042,False
2025-11-03 23:00:00,CCA,16.0,10.006794,11.571428,11.571428571428571,14.7483549118042,False
2025-11-04 00:00:00,CCA,21.0,13.185457,13.166667,13.166666666666666,14.7483549118042,False
2025-11-04 01:00:00,CCA,22.0,15.883479,14.0,14.0,14.7483549118042,False
2025-11-04 02:00:00,CCA,24.0,17.0613,14.333333,14.333333333333334,14.7483549118042,False
2025-11-04 03:00:00,CCA,23.0,16.577478,12.214286,12.214285714285714,14.7483549118042,False
2025-11-04 04:00:00,CCA,22.0,18.043243,11.571428,11.571428571428571,14.7483549118042,False
2025-11-04 05:00:00,CCA,10.0,14.452641,7.285714,7.285714285714286,14.7483549118042,False
2025-11-04 06:00:00,CCA,2.0,10.476479,3.642857,3.642857142857143,14.7483549118042,False
2025-11-04 07:00:00,CCA,2.0,12.805098,7.071429,7.071428571428571,14.7483549118042,False
2025-11-04 08:00:00,CCA,6.0,26.259155,19.071428,19.071428571428573,14.7483549118042,True
2025-11-04 09:00:00,CCA,20.0,36.565865,32.153847,32.15384615384615,14.7483549118042,True
2025-11-04 10:00:00,CCA,33.0,54.63805,49.076923,49.07692307692308,14.7483549118042,True
2025-11-04 11:00:00,CCA,51.0,70.303085,62.0,62.0,14.7483549118042,True
2025-11-04 12:00:00,CCA,72.0,84.638985,71.84615,71.84615384615384,14.7483549118042,False
2025-11-04 13:00:00,CCA,85.0,97.98917,83.07143,83.07142857142857,14.7483549118042,False
2025-11-04 14:00:00,CCA,88.0,108.93602,91.35714,91.35714285714286,14.7483549118042,True
2025-11-04 15:00:00,CCA,95.0,105.25852,91.57143,91.57142857142857,14.7483549118042,False
2025-11-04 16:00:00,CCA,99.0,98.070274,84.57143,84.57142857142857,14.7483549118042,False
2025-11-04 17:00:00,CCA,91.0,84.11455,67.64286,67.64285714285714,14.7483549118042,False
2025-11-04 18:00:00,CCA,51.0,61.661736,46.92857,46.92857142857143,14.7483549118042,False
2025-11-04 19:00:00,CCA,28.0,32.226833,30.285715,30.285714285714285,14.7483549118042,False
2025-11-04 20:00:00,CCA,27.0,19.954266,23.785715,23.785714285714285,14.7483549118042,False
2025-11-04 21:00:00,CCA,12.0,12.288696,17.5,17.5,14.7483549118042,False
2025-11-04 22:00:00,CCA,11.0,4.8088417,11.571428,11.571428571428571,14.7483549118042,False
2025-11-04 23:00:00,CCA,5.0,5.8742533,12.357142,12.357142857142858,14.7483549118042,False
2025-11-05 00:00:00,CCA,4.0,9.064951,14.416667,14.416666666666666,14.7483549118042,False
2025-11-05 01:00:00,CCA,7.0,10.872639,14.75,14.75,14.7483549118042,False
2025-11-05 02:00:00,CCA,2.0,10.606163,15.166667,15.166666666666666,14.7483549118042,False
2025-11-05 03:00:00,CCA,1.0,9.561708,12.785714,12.785714285714286,14.7483549118042,False
2025-11-05 04:00:00,CCA,1.0,11.438242,12.357142,12.357142857142858,14.7483549118042,False
2025-11-05 05:00:00,CCA,2.0,8.997593,7.571429,7.571428571428571,14.7483549118042,False
2025-11-05 06:00:00,CCA,2.0,6.2250357,3.5714285,3.5714285714285716,14.7483549118042,False
2025-11-05 07:00:00,CCA,3.0,10.691609,6.785714,6.785714285714286,14.7483549118042,False
2025-11-05 08:00:00,CCA,12.0,22.876364,17.928572,17.928571428571427,14.7483549118042,False
2025-11-05 09:00:00,CCA,29.0,39.56304,31.153847,31.153846153846153,14.7483549118042,False
2025-11-05 10:00:00,CCA,47.0,62.4987,48.153847,48.15384615384615,14.7483549118042,True
2025-11-05 11:00:00,CCA,75.0,85.29016,61.53846,61.53846153846154,14.7483549118042,False
2025-11-05 12:00:00,CCA,87.0,100.11668,72.07692,72.07692307692308,14.7483549118042,False
2025-11-05 13:00:00,CCA,91.0,100.45444,82.42857,82.42857142857143,14.7483549118042,False
2025-11-05 14:00:00,CCA,104.0,104.25119,90.35714,90.35714285714286,14.7483549118042,False
2025-11-05 15:00:00,CCA,103.0,111.895584,92.64286,92.64285714285714,14.7483549118042,False
2025-11-05 16:00:00,CCA,108.0,102.71677,87.57143,87.57142857142857,14.7483549118042,False
2025-11-05 17:00:00,CCA,89.0,82.90385,71.85714,71.85714285714286,14.7483549118042,False
2025-11-05 18:00:00,CCA,55.0,50.0188,48.857143,48.857142857142854,14.7483549118042,False
2025-11-05 19:00:00,CCA,32.0,20.764965,31.071428,31.071428571428573,14.7483549118042,False
2025-11-05 20:00:00,CCA,27.0,11.041878,24.642857,24.642857142857142,14.7483549118042,True
2025-11-05 21:00:00,CCA,19.0,3.707121,17.285715,17.285714285714285,14.7483549118042,True
2025-11-05 22:00:00,CCA,14.0,-0.556736,11.285714,11.285714285714286,14.7483549118042,False
2025-11-05 23:00:00,CCA,5.0,0.8473253,11.428572,11.428571428571429,14.7483549118042,False
2025-11-06 00:00:00,CCA,11.0,5.03636,13.0,13.0,14.7483549118042,False
2025-11-06 01:00:00,CCA,21.0,10.654292,13.416667,13.416666666666666,14.7483549118042,False
2025-11-06 02:00:00,CCA,19.0,12.617216,13.5,13.5,14.7483549118042,False
2025-11-06 03:00:00,CCA,17.0,12.33871,11.928572,11.928571428571429,14.7483549118042,False
2025-11-06 04:00:00,CCA,12.0,14.819205,11.571428,11.571428571428571,14.7483549118042,False
2025-11-06 05:00:00,CCA,7.0,12.103773,6.857143,6.857142857142857,14.7483549118042,False
2025-11-06 06:00:00,CCA,2.0,10.002185,3.2142856,3.2142857142857144,14.7483549118042,False
2025-11-06 07:00:00,CCA,3.0,13.145802,6.142857,6.142857142857143,14.7483549118042,False
2025-11-06 08:00:00,CCA,12.0,24.965405,17.428572,17.428571428571427,14.7483549118042,False
2025-11-06 09:00:00,CCA,24.0,40.584053,31.538462,31.53846153846154,14.7483549118042,True
2025-11-06 10:00:00,CCA,46.0,64.544876,49.076923,49.07692307692308,14.7483549118042,True
2025-11-06 11:00:00,CCA,67.0,87.63,64.30769,64.3076923076923,14.7483549118042,True
2025-11-06 12:00:00,CCA,81.0,106.763596,75.38461,75.38461538461539,14.7483549118042,True
2025-11-06 13:00:00,CCA,91.0,110.84175,85.92857,85.92857142857143,14.7483549118042,True
2025-11-06 14:00:00,CCA,105.0,113.76758,94.57143,94.57142857142857,14.7483549118042,False
2025-11-06 15:00:00,CCA,111.0,118.89049,96.85714,96.85714285714286,14.7483549118042,False
2025-11-06 16:00:00,CCA,113.0,119.42272,92.78571,92.78571428571429,14.7483549118042,False
2025-11-06 17:00:00,CCA,105.0,105.24084,76.21429,76.21428571428571,14.7483549118042,False
2025-11-06 18:00:00,CCA,72.0,70.39545,51.214287,51.214285714285715,14.7483549118042,False
2025-11-06 19:00:00,CCA,56.0,30.632086,32.07143,32.07142857142857,14.7483549118042,True
2025-11-06 20:00:00,CCA,13.0,19.32205,25.571428,25.571428571428573,14.7483549118042,False
2025-11-06 21:00:00,CCA,18.0,4.7206564,17.928572,17.928571428571427,14.7483549118042,False
2025-11-06 22:00:00,CCA,21.0,1.2795601,11.0,11.0,14.7483549118042,True
2025-11-06 23:00:00,CCA,20.0,2.7615547,10.928572,10.928571428571429,14.7483549118042,True
2025-11-07 03:00:00,CCA,16.0,11.881557,11.714286,11.714285714285714,14.7483549118042,False
2025-11-07 04:00:00,CCA,13.0,10.201898,11.285714,11.285714285714286,14.7483549118042,False
2025-11-07 05:00:00,CCA,7.0,8.165703,6.428571,6.428571428571429,14.7483549118042,False
2025-11-07 06:00:00,CCA,2.0,7.715685,2.9285715,2.9285714285714284,14.7483549118042,False
2025-11-07 07:00:00,CCA,3.0,11.701618,5.785714,5.785714285714286,14.7483549118042,False
2025-11-07 08:00:00,CCA,12.0,26.277718,17.285715,17.285714285714285,14.7483549118042,False
2025-11-07 09:00:00,CCA,33.0,41.85147,31.923077,31.923076923076923,14.7483549118042,False
2025-11-07 10:00:00,CCA,56.0,68.56644,50.23077,50.23076923076923,14.7483549118042,False
2025-11-07 11:00:00,CCA,83.0,98.62255,65.92308,65.92307692307692,14.7483549118042,True
2025-11-07 12:00:00,CCA,108.0,102.44492,76.15385,76.15384615384616,14.7483549118042,False
2025-11-07 13:00:00,CCA,127.0,119.84816,85.71429,85.71428571428571,14.7483549118042,False
2025-11-07 14:00:00,CCA,143.0,138.19731,95.21429,95.21428571428571,14.7483549118042,False
2025-11-07 15:00:00,CCA,145.0,141.70526,97.85714,97.85714285714286,14.7483549118042,False
2025-11-07 16:00:00,CCA,141.0,136.61942,93.92857,93.92857142857143,14.7483549118042,False
2025-11-07 17:00:00,CCA,123.0,117.131355,78.28571,78.28571428571429,14.7483549118042,False
2025-11-07 18:00:00,CCA,69.0,87.83087,52.92857,52.92857142857143,14.7483549118042,True
2025-11-07 19:00:00,CCA,52.0,35.31937,34.07143,34.07142857142857,14.7483549118042,True
2025-11-07 20:00:00,CCA,24.0,22.76948,25.142857,25.142857142857142,14.7483549118042,False
2025-11-07 21:00:00,CCA,26.0,9.856773,18.642857,18.642857142857142,14.7483549118042,True
2025-11-07 22:00:00,CCA,27.0,2.4867983,12.214286,12.214285714285714,14.7483549118042,True
2025-11-07 23:00:00,CCA,19.0,2.739108,11.642858,11.642857142857142,14.7483549118042,True
2025-11-08 00:00:00,CCA,2.0,5.824832,14.454545,14.454545454545455,14.7483549118042,False
2025-11-08 01:00:00,CCA,3.0,7.4608984,15.727273,15.727272727272727,14.7483549118042,False
2025-11-08 02:00:00,CCA,18.0,7.7565384,14.818182,14.818181818181818,14.7483549118042,False
2025-11-08 03:00:00,CCA,22.0,9.050936,12.428572,12.428571428571429,14.7483549118042,False
2025-11-08 04:00:00,CCA,10.0,12.928661,11.928572,11.928571428571429,14.7483549118042,False
2025-11-08 05:00:00,CCA,3.0,11.261372,6.714286,6.714285714285714,14.7483549118042,False
2025-11-08 06:00:00,CCA,2.0,8.438741,2.857143,2.857142857142857,14.7483549118042,False
2025-11-08 07:00:00,CCA,4.0,10.801531,5.714286,5.714285714285714,14.7483549118042,False
2025-11-08 08:00:00,CCA,15.0,23.397583,17.285715,17.285714285714285,14.7483549118042,False
2025-11-08 09:00:00,CCA,34.0,43.220764,32.307693,32.30769230769231,14.7483549118042,False
2025-11-08 10:00:00,CCA,60.0,71.743546,50.307693,50.30769230769231,14.7483549118042,False
2025-11-08 11:00:00,CCA,86.0,99.17619,66.92308,66.92307692307692,14.7483549118042,False
2025-11-08 12:00:00,CCA,97.0,118.190254,78.0,78.0,14.7483549118042,True
2025-11-08 13:00:00,CCA,111.0,116.45534,88.21429,88.21428571428571,14.7483549118042,False
2025-11-08 14:00:00,CCA,121.0,124.28131,97.64286,97.64285714285714,14.7483549118042,False
2025-11-08 15:00:00,CCA,119.0,124.64305,99.21429,99.21428571428571,14.7483549118042,False
2025-11-08 16:00:00,CCA,117.0,117.08252,95.21429,95.21428571428571,14.7483549118042,False
2025-11-08 17:00:00,CCA,116.0,101.99194,79.64286,79.64285714285714,14.7483549118042,False
2025-11-08 18:00:00,CCA,78.0,68.25951,52.785713,52.785714285714285,14.7483549118042,False
2025-11-08 19:00:00,CCA,53.0,26.157774,34.142857,34.142857142857146,14.7483549118042,True
2025-11-08 20:00:00,CCA,27.0,18.469421,25.5,25.5,14.7483549118042,False
2025-11-08 21:00:00,CCA,27.0,8.176692,20.0,20.0,14.7483549118042,True
2025-11-08 22:00:00,CCA,28.0,1.8106861,13.214286,13.214285714285714,14.7483549118042,True
2025-11-08 23:00:00,CCA,19.0,1.9024305,11.928572,11.928571428571429,14.7483549118042,True
2025-11-09 00:00:00,CCA,18.0,4.7499332,13.636364,13.636363636363637,14.7483549118042,False
2025-11-09 01:00:00,CCA,12.0,9.222273,15.727273,15.727272727272727,14.7483549118042,False
2025-11-09 02:00:00,CCA,8.0,11.95456,16.181818,16.181818181818183,14.7483549118042,False
2025-11-09 03:00:00,CCA,8.0,11.945823,13.428572,13.428571428571429,14.7483549118042,False
2025-11-09 04:00:00,CCA,6.0,11.806908,11.571428,11.571428571428571,14.7483549118042,False
2025-11-09 05:00:00,CCA,4.0,9.053043,6.428571,6.428571428571429,14.7483549118042,False
2025-11-09 06:00:00,CCA,2.0,6.320796,2.7857144,2.7857142857142856,14.7483549118042,False
2025-11-09 07:00:00,CCA,6.0,10.639482,5.428571,5.428571428571429,14.7483549118042,False
2025-11-09 08:00:00,CCA,17.0,23.769653,17.142857,17.142857142857142,14.7483549118042,False
2025-11-09 09:00:00,CCA,44.0,44.45952,32.153847,32.15384615384615,14.7483549118042,False
2025-11-09 10:00:00,CCA,63.0,73.10717,50.307693,50.30769230769231,14.7483549118042,False
2025-11-09 11:00:00,CCA,87.0,99.901024,67.53846,67.53846153846153,14.7483549118042,False
2025-11-09 12:00:00,CCA,94.0,111.171074,78.38461,78.38461538461539,14.7483549118042,True
2025-11-09 13:00:00,CCA,92.0,108.58964,88.35714,88.35714285714286,14.7483549118042,True
2025-11-09 14:00:00,CCA,84.0,107.38061,97.78571,97.78571428571429,14.7483549118042,True
2025-11-09 15:00:00,CCA,77.0,103.85832,99.42857,99.42857142857143,14.7483549118042,True
2025-11-09 16:00:00,CCA,57.0,92.74634,95.71429,95.71428571428571,14.7483549118042,True
2025-11-09 17:00:00,CCA,49.0,73.18526,81.64286,81.64285714285714,14.7483549118042,True
2025-11-09 18:00:00,CCA,45.0,46.307236,54.42857,54.42857142857143,14.7483549118042,False
2025-11-09 19:00:00,CCA,46.0,31.4515,35.42857,35.42857142857143,14.7483549118042,False
2025-11-09 20:00:00,CCA,41.0,23.417986,25.214285,25.214285714285715,14.7483549118042,True
2025-11-09 21:00:00,CCA,35.0,19.51826,20.5,20.5,14.7483549118042,True
2025-11-09 22:00:00,CCA,38.0,13.757547,14.5,14.5,14.7483549118042,True
2025-11-09 23:00:00,CCA,35.0,12.400495,11.857142,11.857142857142858,14.7483549118042,True
2025-11-10 00:00:00,CCA,39.0,13.716325,14.0,14.0,14.7483549118042,True
2025-11-10 01:00:00,CCA,41.0,17.419468,15.416667,15.416666666666666,14.7483549118042,True
2025-11-10 02:00:00,CCA,36.0,18.517319,15.5,15.5,14.7483549118042,True
2025-11-10 03:00:00,CCA,29.0,15.036893,13.642858,13.642857142857142,14.7483549118042,False
2025-11-10 04:00:00,CCA,26.0,11.614892,10.928572,10.928571428571429,14.7483549118042,False
2025-11-10 05:00:00,CCA,35.0,9.270884,5.928571,5.928571428571429,14.7483549118042,True
2025-11-10 06:00:00,CCA,32.0,9.67194,2.5714285,2.5714285714285716,14.7483549118042,True
2025-11-10 07:00:00,CCA,23.0,11.782417,5.214286,5.214285714285714,14.7483549118042,False
2025-11-10 08:00:00,CCA,27.0,23.01146,16.785715,16.785714285714285,14.7483549118042,False
2025-11-10 09:00:00,CCA,23.0,36.07304,32.46154,32.46153846153846,14.7483549118042,False
2025-11-10 10:00:00,CCA,19.0,44.676483,49.846153,49.84615384615385,14.7483549118042,True
2025-11-10 11:00:00,CCA,21.0,50.629448,67.76923,67.76923076923077,14.7483549118042,True
2025-11-10 12:00:00,CCA,28.0,56.760223,78.76923,78.76923076923077,14.7483549118042,True
2025-11-10 13:00:00,CCA,22.0,57.168045,87.14286,87.14285714285714,14.7483549118042,True
2025-11-10 14:00:00,CCA,22.0,59.006012,94.21429,94.21428571428571,14.7483549118042,True
2025-11-10 15:00:00,CCA,22.0,58.694496,95.5,95.5,14.7483549118042,True
2025-11-10 16:00:00,CCA,20.0,55.768208,92.92857,92.92857142857143,14.7483549118042,True
2025-11-10 17:00:00,CCA,17.0,48.283012,79.71429,79.71428571428571,14.7483549118042,True
2025-11-10 18:00:00,CCA,15.0,29.454506,54.07143,54.07142857142857,14.7483549118042,False
2025-11-10 19:00:00,CCA,15.0,18.15785,36.357143,36.357142857142854,14.7483549118042,False
2025-11-10 20:00:00,CCA,15.0,14.4897375,26.0,26.0,14.7483549118042,False
2025-11-10 21:00:00,CCA,16.0,16.127796,21.142857,21.142857142857142,14.7483549118042,False
2025-11-10 22:00:00,CCA,21.0,15.848855,16.142857,16.142857142857142,14.7483549118042,False
2025-11-10 23:00:00,CCA,26.0,17.50357,13.357142,13.357142857142858,14.7483549118042,False
2025-11-11 00:00:00,CCA,23.0,22.266277,15.5,15.5,14.7483549118042,False
2025-11-11 01:00:00,CCA,30.0,25.70796,16.833334,16.833333333333332,14.7483549118042,False
2025-11-11 02:00:00,CCA,32.0,25.005547,16.416666,16.416666666666668,14.7483549118042,False
2025-11-11 03:00:00,CCA,34.0,22.209782,14.285714,14.285714285714286,14.7483549118042,False
2025-11-11 04:00:00,CCA,27.0,18.946892,11.714286,11.714285714285714,14.7483549118042,False
2025-11-11 05:00:00,CCA,18.0,14.740718,7.857143,7.857142857142857,14.7483549118042,False
2025-11-11 06:00:00,CCA,3.0,10.245941,4.642857,4.642857142857143,14.7483549118042,False
2025-11-11 07:00:00,CCA,4.0,10.909403,6.357143,6.357142857142857,14.7483549118042,False
2025-11-11 08:00:00,CCA,9.0,22.166744,17.5,17.5,14.7483549118042,False
2025-11-11 09:00:00,CCA,15.0,36.917946,32.0,32.0,14.7483549118042,True
2025-11-11 10:00:00,CCA,26.0,52.960552,47.76923,47.76923076923077,14.7483549118042,True
2025-11-11 11:00:00,CCA,40.0,70.21126,65.15385,65.15384615384616,14.7483549118042,True
2025-11-11 12:00:00,CCA,54.0,81.557396,75.61539,75.61538461538461,14.7483549118042,True
2025-11-11 13:00:00,CCA,63.0,89.66033,82.71429,82.71428571428571,14.7483549118042,True
2025-11-11 14:00:00,CCA,70.0,94.93681,90.14286,90.14285714285714,14.7483549118042,True
2025-11-11 15:00:00,CCA,71.0,98.97106,90.78571,90.78571428571429,14.7483549118042,True
2025-11-11 16:00:00,CCA,62.0,96.31347,88.64286,88.64285714285714,14.7483549118042,True
2025-11-11 17:00:00,CCA,47.0,71.69899,77.0,77.0,14.7483549118042,True
2025-11-11 18:00:00,CCA,17.0,44.452057,52.07143,52.07142857142857,14.7483549118042,True
2025-11-11 19:00:00,CCA,14.0,20.407814,35.0,35.0,14.7483549118042,False
2025-11-11 20:00:00,CCA,4.0,10.292187,25.0,25.0,14.7483549118042,False
2025-11-11 21:00:00,CCA,6.0,1.7318668,20.357143,20.357142857142858,14.7483549118042,False
2025-11-11 22:00:00,CCA,3.0,1.4156609,17.214285,17.214285714285715,14.7483549118042,False
2025-11-11 23:00:00,CCA,2.0,1.8659964,14.642858,14.642857142857142,14.7483549118042,False
2025-11-12 00:00:00,CCA,2.0,6.4542036,16.166666,16.166666666666668,14.7483549118042,False
2025-11-12 01:00:00,CCA,2.0,9.76525,17.333334,17.333333333333332,14.7483549118042,False
2025-11-12 02:00:00,CCA,2.0,10.235062,17.083334,17.083333333333332,14.7483549118042,False
2025-11-12 03:00:00,CCA,2.0,10.974357,15.5,15.5,14.7483549118042,False
2025-11-12 04:00:00,CCA,2.0,10.825762,12.857142,12.857142857142858,14.7483549118042,False
2025-11-12 05:00:00,CCA,2.0,9.836231,8.857142,8.857142857142858,14.7483549118042,False
2025-11-12 06:00:00,CCA,2.0,7.4560404,4.642857,4.642857142857143,14.7483549118042,False
2025-11-12 07:00:00,CCA,3.0,10.574973,6.285714,6.285714285714286,14.7483549118042,False
2025-11-12 08:00:00,CCA,8.0,22.896341,17.071428,17.071428571428573,14.7483549118042,True
2025-11-12 09:00:00,CCA,26.0,39.177803,30.692308,30.692307692307693,14.7483549118042,False
2025-11-12 10:00:00,CCA,53.0,61.1736,45.615383,45.61538461538461,14.7483549118042,False
2025-11-12 11:00:00,CCA,87.0,91.70889,63.076923,63.07692307692308,14.7483549118042,False
2025-11-12 12:00:00,CCA,106.0,113.991295,75.15385,75.15384615384616,14.7483549118042,False
2025-11-12 13:00:00,CCA,115.0,113.65543,81.92857,81.92857142857143,14.7483549118042,False
2025-11-12 14:00:00,CCA,116.0,108.12921,89.21429,89.21428571428571,14.7483549118042,False
2025-11-12 15:00:00,CCA,122.0,106.57442,89.21429,89.21428571428571,14.7483549118042,True
2025-11-12 16:00:00,CCA,125.0,105.79826,87.5,87.5,14.7483549118042,True
2025-11-12 17:00:00,CCA,87.0,76.63142,75.71429,75.71428571428571,14.7483549118042,False
2025-11-12 18:00:00,CCA,51.0,44.85111,50.214287,50.214285714285715,14.7483549118042,False
2025-11-12 19:00:00,CCA,24.0,21.278316,33.714287,33.714285714285715,14.7483549118042,False
2025-11-12 20:00:00,CCA,29.0,12.466613,23.071428,23.071428571428573,14.7483549118042,True
2025-11-12 21:00:00,CCA,23.0,7.7308846,18.714285,18.714285714285715,14.7483549118042,True
2025-11-12 22:00:00,CCA,14.0,6.710865,17.071428,17.071428571428573,14.7483549118042,False
2025-11-12 23:00:00,CCA,10.0,5.703661,14.285714,14.285714285714286,14.7483549118042,False
2025-11-13 03:00:00,CCA,2.0,16.745798,13.5,13.5,14.7483549118042,False
2025-11-13 04:00:00,CCA,1.0,9.701145,11.142858,11.142857142857142,14.7483549118042,False
2025-11-13 05:00:00,CCA,2.0,8.015511,7.857143,7.857142857142857,14.7483549118042,False
2025-11-13 06:00:00,CCA,2.0,6.8081646,4.357143,4.357142857142857,14.7483549118042,False
2025-11-13 07:00:00,CCA,3.0,10.103859,5.357143,5.357142857142857,14.7483549118042,False
2025-11-13 08:00:00,CCA,11.0,20.96259,14.785714,14.785714285714286,14.7483549118042,False
2025-11-13 09:00:00,CCA,18.0,33.817585,29.153847,29.153846153846153,14.7483549118042,True
2025-11-13 10:00:00,CCA,37.0,49.617737,45.615383,45.61538461538461,14.7483549118042,False
2025-11-13 11:00:00,CCA,56.0,73.40006,65.30769,65.3076923076923,14.7483549118042,True
2025-11-13 12:00:00,CCA,68.0,92.53436,78.46154,78.46153846153847,14.7483549118042,True
2025-11-13 13:00:00,CCA,93.0,91.50534,85.57143,85.57142857142857,14.7483549118042,False
2025-11-13 14:00:00,CCA,88.0,99.31008,92.92857,92.92857142857143,14.7483549118042,False
2025-11-13 15:00:00,CCA,97.0,102.99888,93.35714,93.35714285714286,14.7483549118042,False
2025-11-13 16:00:00,CCA,100.0,102.14546,92.07143,92.07142857142857,14.7483549118042,False
2025-11-13 17:00:00,CCA,77.0,88.39352,78.42857,78.42857142857143,14.7483549118042,False
2025-11-13 18:00:00,CCA,31.0,57.99183,51.857143,51.857142857142854,14.7483549118042,True
2025-11-13 19:00:00,CCA,12.0,23.926188,33.92857,33.92857142857143,14.7483549118042,False
2025-11-13 20:00:00,CCA,16.0,15.248063,23.928572,23.928571428571427,14.7483549118042,False
2025-11-13 21:00:00,CCA,5.0,12.345642,19.142857,19.142857142857142,14.7483549118042,False
2025-11-13 22:00:00,CCA,2.0,10.449818,16.857143,16.857142857142858,14.7483549118042,False
2025-11-13 23:00:00,CCA,3.0,8.578909,14.071428,14.071428571428571,14.7483549118042,False
2025-11-14 00:00:00,CCA,2.0,12.840886,15.818182,15.818181818181818,14.7483549118042,False
2025-11-14 01:00:00,CCA,2.0,15.605762,16.818182,16.818181818181817,14.7483549118042,False
2025-11-14 02:00:00,CCA,2.0,15.602747,15.909091,15.909090909090908,14.7483549118042,False
2025-11-14 03:00:00,CCA,2.0,14.290791,13.357142,13.357142857142858,14.7483549118042,False
2025-11-14 04:00:00,CCA,2.0,12.599831,11.0,11.0,14.7483549118042,False
2025-11-14 05:00:00,CCA,2.0,11.271229,7.785714,7.785714285714286,14.7483549118042,False
2025-11-14 06:00:00,CCA,2.0,9.385151,4.285714,4.285714285714286,14.7483549118042,False
2025-11-14 07:00:00,CCA,3.0,12.181042,5.214286,5.214285714285714,14.7483549118042,False
2025-11-14 08:00:00,CCA,8.0,22.63115,14.714286,14.714285714285714,14.7483549118042,False
2025-11-14 09:00:00,CCA,20.0,36.716667,28.357143,28.357142857142858,14.7483549118042,True
2025-11-14 10:00:00,CCA,43.0,57.259254,45.0,45.0,14.7483549118042,False
2025-11-14 11:00:00,CCA,65.0,85.60478,64.64286,64.64285714285714,14.7483549118042,True
2025-11-14 12:00:00,CCA,93.0,102.15865,77.71429,77.71428571428571,14.7483549118042,False
2025-11-14 13:00:00,CCA,97.0,107.8923,85.92857,85.92857142857143,14.7483549118042,False
2025-11-14 14:00:00,CCA,75.0,103.200325,91.64286,91.64285714285714,14.7483549118042,True
2025-11-14 15:00:00,CCA,76.0,87.48007,92.14286,92.14285714285714,14.7483549118042,False
2025-11-14 16:00:00,CCA,68.0,82.45825,90.57143,90.57142857142857,14.7483549118042,False
2025-11-14 17:00:00,CCA,45.0,66.84421,77.0,77.0,14.7483549118042,True
2025-11-14 18:00:00,CCA,40.0,33.70022,49.857143,49.857142857142854,14.7483549118042,False
2025-11-14 19:00:00,CCA,15.0,14.6771965,32.0,32.0,14.7483549118042,False
2025-11-14 20:00:00,CCA,8.0,3.6583958,23.571428,23.571428571428573,14.7483549118042,False
2025-11-14 21:00:00,CCA,8.0,-0.4520073,19.0,19.0,14.7483549118042,False
2025-11-14 22:00:00,CCA,14.0,1.5673037,16.785715,16.785714285714285,14.7483549118042,False
2025-11-14 23:00:00,CCA,13.0,3.2383127,13.785714,13.785714285714286,14.7483549118042,False
2025-11-15 00:00:00,CCA,3.0,6.874755,14.545455,14.545454545454545,14.7483549118042,False
2025-11-15 01:00:00,CCA,2.0,11.992424,15.272727,15.272727272727273,14.7483549118042,False
2025-11-15 02:00:00,CCA,2.0,14.46117,14.727273,14.727272727272727,14.7483549118042,False
2025-11-15 03:00:00,CCA,5.0,15.543972,12.785714,12.785714285714286,14.7483549118042,False
2025-11-15 04:00:00,CCA,2.0,13.483767,10.785714,10.785714285714286,14.7483549118042,False
2025-11-15 05:00:00,CCA,2.0,11.643449,7.785714,7.785714285714286,14.7483549118042,False
2025-11-15 06:00:00,CCA,2.0,10.095402,4.357143,4.357142857142857,14.7483549118042,False
2025-11-15 07:00:00,CCA,3.0,11.914585,5.142857,5.142857142857143,14.7483549118042,False
2025-11-15 08:00:00,CCA,10.0,21.838974,14.142858,14.142857142857142,14.7483549118042,False
2025-11-15 09:00:00,CCA,27.0,35.050762,27.642857,27.642857142857142,14.7483549118042,False
2025-11-15 10:00:00,CCA,49.0,54.202614,44.42857,44.42857142857143,14.7483549118042,False
2025-11-15 11:00:00,CCA,63.0,82.23829,64.5,64.5,14.7483549118042,True
2025-11-15 12:00:00,CCA,76.0,95.71398,78.92857,78.92857142857143,14.7483549118042,True
2025-11-15 13:00:00,CCA,79.0,90.62745,87.42857,87.42857142857143,14.7483549118042,False
2025-11-15 14:00:00,CCA,74.0,93.52966,90.78571,90.78571428571429,14.7483549118042,True
2025-11-15 15:00:00,CCA,71.0,86.75864,91.0,91.0,14.7483549118042,True
2025-11-15 16:00:00,CCA,75.0,89.389694,88.78571,88.78571428571429,14.7483549118042,False
2025-11-15 17:00:00,CCA,87.0,75.881836,74.71429,74.71428571428571,14.7483549118042,False
2025-11-15 18:00:00,CCA,61.0,47.820263,48.857143,48.857142857142854,14.7483549118042,False
2025-11-15 19:00:00,CCA,22.0,16.304634,31.642857,31.642857142857142,14.7483549118042,False
2025-11-15 20:00:00,CCA,22.0,5.3151855,22.642857,22.642857142857142,14.7483549118042,True
2025-11-15 21:00:00,CCA,19.0,4.0338936,19.285715,19.285714285714285,14.7483549118042,True
2025-11-15 22:00:00,CCA,30.0,2.3160744,17.642857,17.642857142857142,14.7483549118042,True
2025-11-15 23:00:00,CCA,18.0,5.3411894,14.214286,14.214285714285714,14.7483549118042,False
2025-11-16 00:00:00,CCA,3.0,6.9718647,13.583333,13.583333333333334,14.7483549118042,False
2025-11-16 01:00:00,CCA,2.0,7.5554895,14.166667,14.166666666666666,14.7483549118042,False
2025-11-16 02:00:00,CCA,2.0,8.499612,13.666667,13.666666666666666,14.7483549118042,False
2025-11-16 03:00:00,CCA,2.0,12.765047,12.928572,12.928571428571429,14.7483549118042,False
2025-11-16 04:00:00,CCA,2.0,12.145514,10.428572,10.428571428571429,14.7483549118042,False
2025-11-16 05:00:00,CCA,2.0,11.034842,7.857143,7.857142857142857,14.7483549118042,False
2025-11-16 06:00:00,CCA,2.0,9.346534,4.428571,4.428571428571429,14.7483549118042,False
2025-11-16 07:00:00,CCA,4.0,10.789436,5.0,5.0,14.7483549118042,False
2025-11-16 08:00:00,CCA,18.0,18.261703,13.142858,13.142857142857142,14.7483549118042,False
2025-11-16 09:00:00,CCA,42.0,35.524776,26.785715,26.785714285714285,14.7483549118042,False
2025-11-16 10:00:00,CCA,65.0,63.201782,43.57143,43.57142857142857,14.7483549118042,False
2025-11-16 11:00:00,CCA,92.0,88.22604,62.92857,62.92857142857143,14.7483549118042,False
2025-11-16 12:00:00,CCA,92.0,90.83171,78.14286,78.14285714285714,14.7483549118042,False
2025-11-16 13:00:00,CCA,77.0,85.00085,86.5,86.5,14.7483549118042,False
2025-11-16 14:00:00,CCA,80.0,68.99039,88.64286,88.64285714285714,14.7483549118042,False
2025-11-16 15:00:00,CCA,77.0,76.210205,90.42857,90.42857142857143,14.7483549118042,False
2025-11-16 16:00:00,CCA,74.0,82.485794,88.28571,88.28571428571429,14.7483549118042,False
2025-11-16 17:00:00,CCA,62.0,69.15749,76.21429,76.21428571428571,14.7483549118042,False
2025-11-16 18:00:00,CCA,45.0,41.564552,49.285713,49.285714285714285,14.7483549118042,False
2025-11-16 19:00:00,CCA,25.0,17.971678,30.714285,30.714285714285715,14.7483549118042,False
2025-11-16 20:00:00,CCA,13.0,4.871332,21.428572,21.428571428571427,14.7483549118042,False
2025-11-16 21:00:00,CCA,12.0,-0.570282,18.642857,18.642857142857142,14.7483549118042,False
2025-11-16 22:00:00,CCA,16.0,2.8213568,18.785715,18.785714285714285,14.7483549118042,False
2025-11-16 23:00:00,CCA,6.0,2.743143,14.571428,14.571428571428571,14.7483549118042,False
2025-11-17 00:00:00,CCA,4.0,4.1403146,11.916667,11.916666666666666,14.7483549118042,False
2025-11-17 01:00:00,CCA,14.0,10.29359,13.666667,13.666666666666666,14.7483549118042,False
2025-11-17 02:00:00,CCA,6.0,13.347134,13.75,13.75,14.7483549118042,False
2025-11-17 03:00:00,CCA,2.0,15.821371,13.0,13.0,14.7483549118042,False
2025-11-17 04:00:00,CCA,2.0,13.761106,10.5,10.5,14.7483549118042,False
2025-11-17 05:00:00,CCA,2.0,12.904747,7.928571,7.928571428571429,14.7483549118042,False
2025-11-17 06:00:00,CCA,2.0,10.160171,4.5,4.5,14.7483549118042,False
2025-11-17 07:00:00,CCA,4.0,10.727814,4.857143,4.857142857142857,14.7483549118042,False
2025-11-17 08:00:00,CCA,16.0,18.92411,12.428572,12.428571428571429,14.7483549118042,False
2025-11-17 09:00:00,CCA,36.0,34.64402,26.714285,26.714285714285715,14.7483549118042,False
2025-11-17 10:00:00,CCA,51.0,57.976547,44.92857,44.92857142857143,14.7483549118042,False
2025-11-17 11:00:00,CCA,76.0,82.10982,65.71429,65.71428571428571,14.7483549118042,False
2025-11-17 12:00:00,CCA,85.0,91.832016,79.78571,79.78571428571429,14.7483549118042,False
2025-11-17 13:00:00,CCA,81.0,80.3279,86.64286,86.64285714285714,14.7483549118042,False
2025-11-17 14:00:00,CCA,84.0,77.00137,88.71429,88.71428571428571,14.7483549118042,False
2025-11-17 15:00:00,CCA,101.0,90.985146,90.35714,90.35714285714286,14.7483549118042,False
2025-11-17 16:00:00,CCA,119.0,95.9514,88.5,88.5,14.7483549118042,True
2025-11-17 17:00:00,CCA,90.0,85.409355,76.35714,76.35714285714286,14.7483549118042,False
2025-11-17 18:00:00,CCA,57.0,45.519764,49.42857,49.42857142857143,14.7483549118042,False
2025-11-17 19:00:00,CCA,37.0,21.588121,30.428572,30.428571428571427,14.7483549118042,True
2025-11-17 20:00:00,CCA,24.0,14.149452,20.428572,20.428571428571427,14.7483549118042,False
2025-11-17 21:00:00,CCA,39.0,3.7644482,17.642857,17.642857142857142,14.7483549118042,True
2025-11-17 22:00:00,CCA,39.0,10.2362995,18.5,18.5,14.7483549118042,True
2025-11-17 23:00:00,CCA,3.0,3.7552576,14.071428,14.071428571428571,14.7483549118042,False
2025-11-18 00:00:00,CCA,2.0,2.4428844,11.0,11.0,14.7483549118042,False
2025-11-18 01:00:00,CCA,2.0,4.1186466,13.166667,13.166666666666666,14.7483549118042,False
2025-11-18 02:00:00,CCA,4.0,6.0677156,12.75,12.75,14.7483549118042,False
2025-11-18 03:00:00,CCA,2.0,9.566763,11.785714,11.785714285714286,14.7483549118042,False
2025-11-18 04:00:00,CCA,4.0,11.429471,9.142858,9.142857142857142,14.7483549118042,False
2025-11-18 05:00:00,CCA,5.0,11.6096115,7.0,7.0,14.7483549118042,False
2025-11-18 06:00:00,CCA,2.0,10.981445,4.214286,4.214285714285714,14.7483549118042,False
2025-11-18 07:00:00,CCA,2.0,10.875689,4.857143,4.857142857142857,14.7483549118042,False
2025-11-18 08:00:00,CCA,10.0,19.933548,12.928572,12.928571428571429,14.7483549118042,False
2025-11-18 09:00:00,CCA,32.0,37.494984,27.928572,27.928571428571427,14.7483549118042,False
2025-11-18 10:00:00,CCA,62.0,56.896286,46.285713,46.285714285714285,14.7483549118042,False
2025-11-18 11:00:00,CCA,77.0,89.169,67.78571,67.78571428571429,14.7483549118042,False
2025-11-18 12:00:00,CCA,87.0,97.9089,81.5,81.5,14.7483549118042,False
2025-11-18 13:00:00,CCA,97.0,93.443214,87.42857,87.42857142857143,14.7483549118042,False
2025-11-18 14:00:00,CCA,100.0,83.275536,89.57143,89.57142857142857,14.7483549118042,True
2025-11-18 15:00:00,CCA,104.0,84.2009,91.92857,91.92857142857143,14.7483549118042,True
2025-11-18 16:00:00,CCA,102.0,81.91139,91.28571,91.28571428571429,14.7483549118042,True
2025-11-18 17:00:00,CCA,88.0,78.88693,77.5,77.5,14.7483549118042,False
2025-11-18 18:00:00,CCA,50.0,51.77563,49.07143,49.07142857142857,14.7483549118042,False
2025-11-18 19:00:00,CCA,29.0,21.925797,30.785715,30.785714285714285,14.7483549118042,False
2025-11-18 20:00:00,CCA,20.0,9.791982,20.714285,20.714285714285715,14.7483549118042,False
2025-11-18 21:00:00,CCA,14.0,6.0480843,18.928572,18.928571428571427,14.7483549118042,False
2025-11-18 22:00:00,CCA,4.0,8.254641,19.857143,19.857142857142858,14.7483549118042,False
2025-11-18 23:00:00,CCA,7.0,4.2091045,13.142858,13.142857142857142,14.7483549118042,False
2025-11-19 03:00:00,CCA,8.0,12.495267,10.285714,10.285714285714286,14.7483549118042,False
2025-11-19 04:00:00,CCA,2.0,8.79425,7.857143,7.857142857142857,14.7483549118042,False
2025-11-19 05:00:00,CCA,1.0,9.219188,6.642857,6.642857142857143,14.7483549118042,False
2025-11-19 06:00:00,CCA,1.0,9.678513,4.214286,4.214285714285714,14.7483549118042,False
2025-11-19 07:00:00,CCA,2.0,13.01767,4.857143,4.857142857142857,14.7483549118042,False
2025-11-19 08:00:00,CCA,10.0,23.591291,13.214286,13.214285714285714,14.7483549118042,False
2025-11-19 09:00:00,CCA,28.0,37.510666,28.785715,28.785714285714285,14.7483549118042,False
2025-11-19 10:00:00,CCA,42.0,56.730324,48.357143,48.357142857142854,14.7483549118042,False
2025-11-19 11:00:00,CCA,63.0,82.6832,69.64286,69.64285714285714,14.7483549118042,True
2025-11-19 12:00:00,CCA,75.0,95.22807,82.57143,82.57142857142857,14.7483549118042,True
2025-11-19 13:00:00,CCA,77.0,95.693726,88.28571,88.28571428571429,14.7483549118042,True
2025-11-19 14:00:00,CCA,78.0,90.2758,90.42857,90.42857142857143,14.7483549118042,False
2025-11-19 15:00:00,CCA,84.0,96.6926,92.57143,92.57142857142857,14.7483549118042,False
2025-11-19 16:00:00,CCA,84.0,94.33085,91.5,91.5,14.7483549118042,False
2025-11-19 17:00:00,CCA,52.0,84.04203,77.28571,77.28571428571429,14.7483549118042,True
2025-11-19 18:00:00,CCA,20.0,45.039974,49.0,49.0,14.7483549118042,True
2025-11-19 19:00:00,CCA,14.0,21.215624,30.857143,30.857142857142858,14.7483549118042,False
2025-11-19 20:00:00,CCA,6.0,10.582966,20.214285,20.214285714285715,14.7483549118042,False
2025-11-19 21:00:00,CCA,8.0,11.038253,19.071428,19.071428571428573,14.7483549118042,False
2025-11-19 22:00:00,CCA,6.0,15.0384865,19.357143,19.357142857142858,14.7483549118042,False
2025-11-19 23:00:00,CCA,5.0,10.785961,13.285714,13.285714285714286,14.7483549118042,False
2025-11-20 00:00:00,CCA,10.0,10.028951,9.909091,9.909090909090908,14.7483549118042,False
2025-11-20 01:00:00,CCA,3.0,13.415737,11.909091,11.909090909090908,14.7483549118042,False
2025-11-20 02:00:00,CCA,3.0,13.814886,11.909091,11.909090909090908,14.7483549118042,False
2025-11-20 03:00:00,CCA,7.0,15.059411,10.785714,10.785714285714286,14.7483549118042,False
2025-11-20 04:00:00,CCA,4.0,12.779335,7.928571,7.928571428571429,14.7483549118042,False
2025-11-20 05:00:00,CCA,3.0,12.54104,6.571429,6.571428571428571,14.7483549118042,False
2025-11-20 06:00:00,CCA,2.0,10.148221,4.142857,4.142857142857143,14.7483549118042,False
2025-11-20 07:00:00,CCA,2.0,11.441288,4.785714,4.785714285714286,14.7483549118042,False
2025-11-20 08:00:00,CCA,10.0,21.268028,13.071428,13.071428571428571,14.7483549118042,False
2025-11-20 09:00:00,CCA,29.0,37.20719,28.714285,28.714285714285715,14.7483549118042,False
2025-11-20 10:00:00,CCA,52.0,60.656662,48.0,48.0,14.7483549118042,False
2025-11-20 11:00:00,CCA,76.0,85.09302,68.78571,68.78571428571429,14.7483549118042,False
2025-11-20 12:00:00,CCA,92.0,105.31038,81.71429,81.71428571428571,14.7483549118042,False
2025-11-20 13:00:00,CCA,94.0,107.68606,87.28571,87.28571428571429,14.7483549118042,False
2025-11-20 14:00:00,CCA,106.0,95.28684,88.57143,88.57142857142857,14.7483549118042,False
2025-11-20 15:00:00,CCA,117.0,102.10971,91.21429,91.21428571428571,14.7483549118042,True
2025-11-20 16:00:00,CCA,121.0,119.35546,89.78571,89.78571428571429,14.7483549118042,False
2025-11-20 17:00:00,CCA,115.0,106.635414,74.64286,74.64285714285714,14.7483549118042,False
2025-11-20 18:00:00,CCA,52.0,68.33426,46.5,46.5,14.7483549118042,True
2025-11-20 19:00:00,CCA,33.0,29.555235,29.571428,29.571428571428573,14.7483549118042,False
2025-11-20 20:00:00,CCA,24.0,16.583498,18.714285,18.714285714285715,14.7483549118042,False
2025-11-20 21:00:00,CCA,3.0,9.266142,18.285715,18.285714285714285,14.7483549118042,False
2025-11-20 22:00:00,CCA,2.0,8.495237,18.785715,18.785714285714285,14.7483549118042,False
2025-11-20 23:00:00,CCA,2.0,3.4741173,13.285714,13.285714285714286,14.7483549118042,False
2025-11-21 00:00:00,CCA,2.0,-0.37372017,9.818182,9.818181818181818,14.7483549118042,False
2025-11-21 01:00:00,CCA,2.0,2.6795607,10.272727,10.272727272727273,14.7483549118042,False
2025-11-21 02:00:00,CCA,3.0,6.7416916,10.454545,10.454545454545455,14.7483549118042,False
2025-11-21 03:00:00,CCA,4.0,7.4419336,10.071428,10.071428571428571,14.7483549118042,False
2025-11-21 04:00:00,CCA,3.0,7.199641,7.357143,7.357142857142857,14.7483549118042,False
2025-11-21 05:00:00,CCA,2.0,8.753145,6.285714,6.285714285714286,14.7483549118042,False
2025-11-21 06:00:00,CCA,2.0,7.2258344,4.142857,4.142857142857143,14.7483549118042,False
2025-11-21 07:00:00,CCA,2.0,9.479157,4.714286,4.714285714285714,14.7483549118042,False
2025-11-21 08:00:00,CCA,6.0,19.74974,12.928572,12.928571428571429,14.7483549118042,False
2025-11-21 09:00:00,CCA,24.0,38.370842,29.071428,29.071428571428573,14.7483549118042,False
2025-11-21 10:00:00,CCA,56.0,62.91684,48.42857,48.42857142857143,14.7483549118042,False
2025-11-21 11:00:00,CCA,73.0,91.57864,69.42857,69.42857142857143,14.7483549118042,True
2025-11-21 12:00:00,CCA,91.0,102.361336,82.5,82.5,14.7483549118042,False
2025-11-21 13:00:00,CCA,103.0,103.42496,87.5,87.5,14.7483549118042,False
2025-11-21 14:00:00,CCA,106.0,102.94809,88.64286,88.64285714285714,14.7483549118042,False
2025-11-21 15:00:00,CCA,110.0,97.18643,91.64286,91.64285714285714,14.7483549118042,False
2025-11-21 16:00:00,CCA,104.0,98.01028,90.35714,90.35714285714286,14.7483549118042,False
2025-11-21 17:00:00,CCA,84.0,79.265144,75.35714,75.35714285714286,14.7483549118042,False
2025-11-21 18:00:00,CCA,52.0,44.730885,45.07143,45.07142857142857,14.7483549118042,False
2025-11-21 19:00:00,CCA,40.0,18.34038,27.928572,27.928571428571427,14.7483549118042,True
2025-11-21 20:00:00,CCA,31.0,10.183676,19.5,19.5,14.7483549118042,True
2025-11-21 21:00:00,CCA,15.0,5.7239304,17.214285,17.214285714285715,14.7483549118042,False
2025-11-21 22:00:00,CCA,16.0,5.7604733,17.428572,17.428571428571427,14.7483549118042,False
2025-11-21 23:00:00,CCA,10.0,6.0018377,12.0,12.0,14.7483549118042,False
2025-11-22 00:00:00,CCA,9.0,4.7420564,9.166667,9.166666666666666,14.7483549118042,False
2025-11-22 01:00:00,CCA,15.0,9.788918,9.583333,9.583333333333334,14.7483549118042,False
2025-11-22 02:00:00,CCA,15.0,12.072874,9.833333,9.833333333333334,14.7483549118042,False
2025-11-22 03:00:00,CCA,17.0,13.232652,9.214286,9.214285714285714,14.7483549118042,False
2025-11-22 04:00:00,CCA,15.0,11.403114,6.642857,6.642857142857143,14.7483549118042,False
2025-11-22 05:00:00,CCA,10.0,13.692274,5.928571,5.928571428571429,14.7483549118042,False
2025-11-22 06:00:00,CCA,9.0,12.853571,4.142857,4.142857142857143,14.7483549118042,False
2025-11-22 07:00:00,CCA,10.0,14.515734,4.642857,4.642857142857143,14.7483549118042,False
2025-11-22 08:00:00,CCA,19.0,23.79762,12.5,12.5,14.7483549118042,False
2025-11-22 09:00:00,CCA,27.0,39.848637,28.428572,28.428571428571427,14.7483549118042,False
2025-11-22 10:00:00,CCA,48.0,59.65645,48.42857,48.42857142857143,14.7483549118042,False
2025-11-22 11:00:00,CCA,63.0,81.76049,68.71429,68.71428571428571,14.7483549118042,True
2025-11-22 12:00:00,CCA,82.0,90.11528,81.28571,81.28571428571429,14.7483549118042,False
2025-11-22 13:00:00,CCA,102.0,94.63637,85.78571,85.78571428571429,14.7483549118042,False
2025-11-22 14:00:00,CCA,100.0,95.05582,86.0,86.0,14.7483549118042,False
2025-11-22 15:00:00,CCA,108.0,97.22163,89.14286,89.14285714285714,14.7483549118042,False
2025-11-22 16:00:00,CCA,94.0,90.58673,87.71429,87.71428571428571,14.7483549118042,False
2025-11-22 17:00:00,CCA,66.0,70.97592,72.57143,72.57142857142857,14.7483549118042,False
2025-11-22 18:00:00,CCA,35.0,31.274223,43.857143,43.857142857142854,14.7483549118042,False
2025-11-22 19:00:00,CCA,24.0,10.784588,27.071428,27.071428571428573,14.7483549118042,False
2025-11-22 20:00:00,CCA,24.0,5.351138,20.0,20.0,14.7483549118042,True
2025-11-22 21:00:00,CCA,22.0,2.9505806,16.428572,16.428571428571427,14.7483549118042,True
2025-11-22 22:00:00,CCA,19.0,3.8131704,16.642857,16.642857142857142,14.7483549118042,True
2025-11-22 23:00:00,CCA,11.0,4.014025,11.357142,11.357142857142858,14.7483549118042,False
2025-11-23 00:00:00,CCA,3.0,2.5297337,9.75,9.75,14.7483549118042,False
2025-11-23 01:00:00,CCA,3.0,7.566455,10.583333,10.583333333333334,14.7483549118042,False
2025-11-23 02:00:00,CCA,5.0,8.741204,9.583333,9.583333333333334,14.7483549118042,False
2025-11-23 03:00:00,CCA,5.0,10.486984,8.857142,8.857142857142858,14.7483549118042,False
2025-11-23 04:00:00,CCA,4.0,9.846877,7.0,7.0,14.7483549118042,False
2025-11-23 05:00:00,CCA,13.0,10.734943,6.428571,6.428571428571429,14.7483549118042,False
2025-11-23 06:00:00,CCA,12.0,10.92198,4.642857,4.642857142857143,14.7483549118042,False
2025-11-23 07:00:00,CCA,12.0,12.762714,5.071429,5.071428571428571,14.7483549118042,False
2025-11-23 08:00:00,CCA,6.0,21.869219,12.785714,12.785714285714286,14.7483549118042,True
2025-11-23 09:00:00,CCA,25.0,38.299873,27.928572,27.928571428571427,14.7483549118042,False
2025-11-23 10:00:00,CCA,38.0,64.069595,47.57143,47.57142857142857,14.7483549118042,True
2025-11-23 11:00:00,CCA,49.0,84.61065,67.07143,67.07142857142857,14.7483549118042,True
2025-11-23 12:00:00,CCA,61.0,94.69212,80.21429,80.21428571428571,14.7483549118042,True
2025-11-23 13:00:00,CCA,68.0,95.12238,85.14286,85.14285714285714,14.7483549118042,True
2025-11-23 14:00:00,CCA,75.0,95.852356,84.5,84.5,14.7483549118042,True
2025-11-23 15:00:00,CCA,75.0,100.92213,88.35714,88.35714285714286,14.7483549118042,True
2025-11-23 16:00:00,CCA,76.0,96.27904,86.07143,86.07142857142857,14.7483549118042,True
2025-11-23 17:00:00,CCA,71.0,78.14584,69.0,69.0,14.7483549118042,False
2025-11-23 18:00:00,CCA,45.0,41.359726,40.785713,40.785714285714285,14.7483549118042,False
2025-11-23 19:00:00,CCA,33.0,16.993105,25.0,25.0,14.7483549118042,True
2025-11-23 20:00:00,CCA,20.0,10.635864,19.785715,19.785714285714285,14.7483549118042,False
2025-11-23 21:00:00,CCA,16.0,3.8190155,16.071428,16.071428571428573,14.7483549118042,False
2025-11-23 22:00:00,CCA,10.0,5.2346344,16.0,16.0,14.7483549118042,False
2025-11-23 23:00:00,CCA,4.0,3.0300102,10.785714,10.785714285714286,14.7483549118042,False
2025-11-24 00:00:00,CCA,2.0,3.0665288,8.5,8.5,14.7483549118042,False
2025-11-24 01:00:00,CCA,2.0,7.7722025,9.833333,9.833333333333334,14.7483549118042,False
2025-11-24 02:00:00,CCA,2.0,9.06799,9.333333,9.333333333333334,14.7483549118042,False
2025-11-24 03:00:00,CCA,2.0,11.510996,8.642858,8.642857142857142,14.7483549118042,False
2025-11-24 04:00:00,CCA,2.0,12.551679,6.857143,6.857142857142857,14.7483549118042,False
2025-11-24 05:00:00,CCA,2.0,14.050676,7.071429,7.071428571428571,14.7483549118042,False
2025-11-24 06:00:00,CCA,2.0,13.251511,5.357143,5.357142857142857,14.7483549118042,False
2025-11-24 07:00:00,CCA,2.0,14.692962,5.5,5.5,14.7483549118042,False
2025-11-24 08:00:00,CCA,10.0,22.526905,12.0,12.0,14.7483549118042,False
2025-11-24 09:00:00,CCA,25.0,39.5798,26.571428,26.571428571428573,14.7483549118042,False
2025-11-24 10:00:00,CCA,42.0,63.85318,45.785713,45.785714285714285,14.7483549118042,True
2025-11-24 11:00:00,CCA,63.0,88.933395,64.35714,64.35714285714286,14.7483549118042,True
2025-11-24 12:00:00,CCA,78.0,101.680725,77.85714,77.85714285714286,14.7483549118042,True
2025-11-24 13:00:00,CCA,93.0,98.1611,83.42857,83.42857142857143,14.7483549118042,False
2025-11-24 14:00:00,CCA,107.0,99.230705,83.85714,83.85714285714286,14.7483549118042,False
2025-11-24 15:00:00,CCA,118.0,105.708405,88.21429,88.21428571428571,14.7483549118042,False
2025-11-24 16:00:00,CCA,124.0,107.631714,87.42857,87.42857142857143,14.7483549118042,True
2025-11-24 17:00:00,CCA,115.0,90.51198,70.57143,70.57142857142857,14.7483549118042,True
2025-11-24 18:00:00,CCA,36.0,49.17688,40.785713,40.785714285714285,14.7483549118042,False
2025-11-24 19:00:00,CCA,32.0,13.062187,24.071428,24.071428571428573,14.7483549118042,True
2025-11-24 20:00:00,CCA,42.0,5.57378,18.285715,18.285714285714285,14.7483549118042,True
2025-11-24 21:00:00,CCA,17.0,1.0377817,14.714286,14.714285714285714,14.7483549118042,True
2025-11-24 22:00:00,CCA,6.0,-1.7295303,14.0,14.0,14.7483549118042,False
2025-11-24 23:00:00,CCA,3.0,-8.783209,8.571428,8.571428571428571,14.7483549118042,False
2025-11-25 03:00:00,CCA,2.0,4.63367,6.714286,6.714285714285714,14.7483549118042,False
2025-11-25 04:00:00,CCA,2.0,-2.089099,5.142857,5.142857142857143,14.7483549118042,False
2025-11-25 05:00:00,CCA,2.0,0.094189644,4.714286,4.714285714285714,14.7483549118042,False
2025-11-25 06:00:00,CCA,2.0,0.75558853,3.2142856,3.2142857142857144,14.7483549118042,False
2025-11-25 07:00:00,CCA,3.0,5.605504,4.0,4.0,14.7483549118042,False
2025-11-25 08:00:00,CCA,7.0,16.90627,10.785714,10.785714285714286,14.7483549118042,False
2025-11-25 09:00:00,CCA,26.0,36.213623,26.714285,26.714285714285715,14.7483549118042,False
2025-11-25 10:00:00,CCA,53.0,62.587513,47.42857,47.42857142857143,14.7483549118042,False
2025-11-25 11:00:00,CCA,81.0,90.60872,67.35714,67.35714285714286,14.7483549118042,False
2025-11-25 12:00:00,CCA,101.0,105.70953,81.42857,81.42857142857143,14.7483549118042,False
2025-11-25 13:00:00,CCA,108.0,106.59866,88.5,88.5,14.7483549118042,False
2025-11-25 14:00:00,CCA,99.0,107.13249,89.92857,89.92857142857143,14.7483549118042,False
2025-11-25 15:00:00,CCA,89.0,101.85253,95.07143,95.07142857142857,14.7483549118042,False
2025-11-25 16:00:00,CCA,79.0,92.03075,94.85714,94.85714285714286,14.7483549118042,False
2025-11-25 17:00:00,CCA,55.0,71.955505,77.57143,77.57142857142857,14.7483549118042,True
2025-11-25 18:00:00,CCA,25.0,38.186535,42.285713,42.285714285714285,14.7483549118042,False
2025-11-25 19:00:00,CCA,9.0,19.880478,25.285715,25.285714285714285,14.7483549118042,False
2025-11-25 20:00:00,CCA,4.0,14.963344,20.214285,20.214285714285715,14.7483549118042,False
2025-11-25 21:00:00,CCA,9.0,11.265635,14.785714,14.785714285714286,14.7483549118042,False
2025-11-25 22:00:00,CCA,15.0,10.36244,12.928572,12.928571428571429,14.7483549118042,False
2025-11-25 23:00:00,CCA,8.0,5.931501,6.928571,6.928571428571429,14.7483549118042,False
2025-11-26 00:00:00,CCA,7.0,4.8375573,3.8181818,3.8181818181818183,14.7483549118042,False
2025-11-26 01:00:00,CCA,12.0,8.792088,4.4545455,4.454545454545454,14.7483549118042,False
2025-11-26 02:00:00,CCA,13.0,10.606998,4.181818,4.181818181818182,14.7483549118042,False
2025-11-26 03:00:00,CCA,22.0,12.016417,4.428571,4.428571428571429,14.7483549118042,False
2025-11-26 04:00:00,CCA,19.0,13.447388,3.357143,3.357142857142857,14.7483549118042,False
2025-11-26 05:00:00,CCA,16.0,14.149996,3.5714285,3.5714285714285716,14.7483549118042,False
2025-11-26 06:00:00,CCA,4.0,14.123962,3.142857,3.142857142857143,14.7483549118042,False
2025-11-26 07:00:00,CCA,3.0,15.616457,3.9285715,3.9285714285714284,14.7483549118042,False
2025-11-26 08:00:00,CCA,9.0,22.47131,10.642858,10.642857142857142,14.7483549118042,False
2025-11-26 09:00:00,CCA,24.0,37.43436,27.5,27.5,14.7483549118042,False
2025-11-26 10:00:00,CCA,41.0,55.93306,49.357143,49.357142857142854,14.7483549118042,True
2025-11-26 11:00:00,CCA,57.0,79.517494,70.28571,70.28571428571429,14.7483549118042,True
2025-11-26 12:00:00,CCA,73.0,104.534966,84.78571,84.78571428571429,14.7483549118042,True
2025-11-26 13:00:00,CCA,97.0,111.14435,91.71429,91.71428571428571,14.7483549118042,False
2025-11-26 14:00:00,CCA,108.0,106.53231,92.0,92.0,14.7483549118042,False
2025-11-26 15:00:00,CCA,99.0,105.5131,96.35714,96.35714285714286,14.7483549118042,False
2025-11-26 16:00:00,CCA,80.0,101.653824,96.07143,96.07142857142857,14.7483549118042,True
2025-11-26 17:00:00,CCA,53.0,78.36214,78.14286,78.14285714285714,14.7483549118042,True
2025-11-26 18:00:00,CCA,27.0,38.942215,42.857143,42.857142857142854,14.7483549118042,False
2025-11-26 19:00:00,CCA,13.0,19.352325,24.928572,24.928571428571427,14.7483549118042,False
2025-11-26 20:00:00,CCA,9.0,15.58832,20.214285,20.214285714285715,14.7483549118042,False
2025-11-26 21:00:00,CCA,13.0,12.349112,15.0,15.0,14.7483549118042,False
2025-11-26 22:00:00,CCA,17.0,13.3632555,13.785714,13.785714285714286,14.7483549118042,False
2025-11-26 23:00:00,CCA,20.0,8.905811,7.357143,7.357142857142857,14.7483549118042,False
2025-11-27 00:00:00,CCA,22.0,7.074107,4.2727275,4.2727272727272725,14.7483549118042,True
2025-11-27 01:00:00,CCA,23.0,9.351379,5.3636365,5.363636363636363,14.7483549118042,False
2025-11-27 02:00:00,CCA,28.0,10.244242,5.181818,5.181818181818182,14.7483549118042,True
2025-11-27 03:00:00,CCA,26.0,13.171761,5.857143,5.857142857142857,14.7483549118042,False
2025-11-27 04:00:00,CCA,27.0,13.755955,4.571429,4.571428571428571,14.7483549118042,False
2025-11-27 05:00:00,CCA,24.0,15.666813,4.571429,4.571428571428571,14.7483549118042,False
2025-11-27 06:00:00,CCA,18.0,15.499106,3.2857144,3.2857142857142856,14.7483549118042,False
2025-11-27 07:00:00,CCA,11.0,13.925236,3.9285715,3.9285714285714284,14.7483549118042,False
2025-11-27 08:00:00,CCA,10.0,15.076386,10.714286,10.714285714285714,14.7483549118042,False
2025-11-27 09:00:00,CCA,17.0,25.83693,27.357143,27.357142857142858,14.7483549118042,False
2025-11-27 10:00:00,CCA,26.0,48.51325,48.5,48.5,14.7483549118042,True
2025-11-27 11:00:00,CCA,35.0,68.540596,68.14286,68.14285714285714,14.7483549118042,True
2025-11-27 12:00:00,CCA,48.0,83.41685,82.42857,82.42857142857143,14.7483549118042,True
2025-11-27 13:00:00,CCA,51.0,88.108765,90.42857,90.42857142857143,14.7483549118042,True
2025-11-27 14:00:00,CCA,52.0,85.33342,91.42857,91.42857142857143,14.7483549118042,True
2025-11-27 15:00:00,CCA,47.0,91.74742,94.71429,94.71428571428571,14.7483549118042,True
2025-11-27 16:00:00,CCA,35.0,85.378136,92.85714,92.85714285714286,14.7483549118042,True
2025-11-27 17:00:00,CCA,27.0,66.90511,75.71429,75.71428571428571,14.7483549118042,True
2025-11-27 18:00:00,CCA,23.0,34.256184,41.142857,41.142857142857146,14.7483549118042,False
2025-11-27 19:00:00,CCA,18.0,18.597548,24.142857,24.142857142857142,14.7483549118042,False
2025-11-27 20:00:00,CCA,11.0,16.67976,18.785715,18.785714285714285,14.7483549118042,False
2025-11-27 21:00:00,CCA,13.0,13.6532135,14.285714,14.285714285714286,14.7483549118042,False
2025-11-27 22:00:00,CCA,14.0,16.005207,14.0,14.0,14.7483549118042,False
2025-11-27 23:00:00,CCA,17.0,11.274503,8.071428,8.071428571428571,14.7483549118042,False
2025-11-28 00:00:00,CCA,17.0,9.964402,5.75,5.75,14.7483549118042,False
2025-11-28 01:00:00,CCA,22.0,13.939245,6.8333335,6.833333333333333,14.7483549118042,False
2025-11-28 02:00:00,CCA,23.0,16.100668,7.0833335,7.083333333333333,14.7483549118042,False
2025-11-28 03:00:00,CCA,23.0,18.540693,7.571429,7.571428571428571,14.7483549118042,False
2025-11-28 04:00:00,CCA,25.0,19.911934,6.428571,6.428571428571429,14.7483549118042,False
2025-11-28 05:00:00,CCA,18.0,20.291906,6.142857,6.142857142857143,14.7483549118042,False
2025-11-28 06:00:00,CCA,5.0,17.639544,4.428571,4.428571428571429,14.7483549118042,False
2025-11-28 07:00:00,CCA,6.0,18.191496,4.5,4.5,14.7483549118042,False
2025-11-28 08:00:00,CCA,18.0,23.07795,10.642858,10.642857142857142,14.7483549118042,False
2025-11-28 09:00:00,CCA,17.0,33.548935,27.285715,27.285714285714285,14.7483549118042,True
2025-11-28 10:00:00,CCA,23.0,46.779892,47.714287,47.714285714285715,14.7483549118042,True
2025-11-28 11:00:00,CCA,26.0,60.91128,66.64286,66.64285714285714,14.7483549118042,True
2025-11-28 12:00:00,CCA,25.0,73.82489,81.0,81.0,14.7483549118042,True
2025-11-28 13:00:00,CCA,30.0,76.17983,87.42857,87.42857142857143,14.7483549118042,True
2025-11-28 14:00:00,CCA,32.0,81.45213,88.85714,88.85714285714286,14.7483549118042,True
2025-11-28 15:00:00,CCA,37.0,90.66939,91.14286,91.14285714285714,14.7483549118042,True
2025-11-28 16:00:00,CCA,35.0,96.02046,88.21429,88.21428571428571,14.7483549118042,True
2025-11-28 17:00:00,CCA,22.0,77.86298,72.14286,72.14285714285714,14.7483549118042,True
2025-11-28 18:00:00,CCA,6.0,43.43808,40.57143,40.57142857142857,14.7483549118042,True
2025-11-28 19:00:00,CCA,2.0,24.956676,24.571428,24.571428571428573,14.7483549118042,True
2025-11-28 20:00:00,CCA,3.0,20.023373,18.428572,18.428571428571427,14.7483549118042,True
2025-11-28 21:00:00,CCA,9.0,17.959661,14.857142,14.857142857142858,14.7483549118042,False
2025-11-28 22:00:00,CCA,4.0,19.390759,14.857142,14.857142857142858,14.7483549118042,True
2025-11-28 23:00:00,CCA,2.0,12.9112015,9.071428,9.071428571428571,14.7483549118042,False
2025-11-29 00:00:00,CCA,2.0,10.211958,7.0,7.0,14.7483549118042,False
2025-11-29 01:00:00,CCA,2.0,10.277069,8.5,8.5,14.7483549118042,False
2025-11-29 02:00:00,CCA,2.0,10.637546,8.833333,8.833333333333334,14.7483549118042,False
2025-11-29 03:00:00,CCA,2.0,11.2170105,9.071428,9.071428571428571,14.7483549118042,False
2025-11-29 04:00:00,CCA,1.0,10.461416,8.071428,8.071428571428571,14.7483549118042,False
2025-11-29 05:00:00,CCA,2.0,9.947416,7.285714,7.285714285714286,14.7483549118042,False
2025-11-29 06:00:00,CCA,1.0,7.958469,4.642857,4.642857142857143,14.7483549118042,False
2025-11-29 07:00:00,CCA,2.0,8.908614,4.714286,4.714285714285714,14.7483549118042,False
2025-11-29 08:00:00,CCA,6.0,16.354979,11.357142,11.357142857142858,14.7483549118042,False
2025-11-29 09:00:00,CCA,16.0,33.95101,27.071428,27.071428571428573,14.7483549118042,True
2025-11-29 10:00:00,CCA,31.0,59.672897,46.285713,46.285714285714285,14.7483549118042,True
2025-11-29 11:00:00,CCA,56.0,86.48901,63.857143,63.857142857142854,14.7483549118042,True
2025-11-29 12:00:00,CCA,64.0,107.04044,76.14286,76.14285714285714,14.7483549118042,True
2025-11-29 13:00:00,CCA,72.0,107.12834,82.64286,82.64285714285714,14.7483549118042,True
2025-11-29 14:00:00,CCA,64.0,102.89568,85.78571,85.78571428571429,14.7483549118042,True
2025-11-29 15:00:00,CCA,78.0,103.62824,88.35714,88.35714285714286,14.7483549118042,True
2025-11-29 16:00:00,CCA,78.0,104.682755,85.85714,85.85714285714286,14.7483549118042,True
2025-11-29 17:00:00,CCA,58.0,81.97534,70.5,70.5,14.7483549118042,True
2025-11-29 18:00:00,CCA,32.0,38.907825,38.142857,38.142857142857146,14.7483549118042,False
2025-11-29 19:00:00,CCA,26.0,14.072508,23.642857,23.642857142857142,14.7483549118042,False
2025-11-29 20:00:00,CCA,21.0,7.6581936,18.071428,18.071428571428573,14.7483549118042,False
2025-11-29 21:00:00,CCA,13.0,7.607135,14.928572,14.928571428571429,14.7483549118042,False
2025-11-29 22:00:00,CCA,13.0,8.527979,14.142858,14.142857142857142,14.7483549118042,False
2025-11-29 23:00:00,CCA,15.0,5.388749,8.285714,8.285714285714286,14.7483549118042,False
2025-11-30 00:00:00,CCA,7.0,6.191339,6.9166665,6.916666666666667,14.7483549118042,False
2025-11-30 01:00:00,CCA,3.0,10.295529,8.5,8.5,14.7483549118042,False
2025-11-30 02:00:00,CCA,3.0,11.218886,8.833333,8.833333333333334,14.7483549118042,False
2025-11-30 03:00:00,CCA,2.0,13.400129,8.857142,8.857142857142858,14.7483549118042,False
2025-11-30 04:00:00,CCA,2.0,13.354841,8.0,8.0,14.7483549118042,False
2025-11-30 05:00:00,CCA,2.0,15.767049,7.285714,7.285714285714286,14.7483549118042,False
2025-11-30 06:00:00,CCA,2.0,13.373417,4.571429,4.571428571428571,14.7483549118042,False
2025-11-30 07:00:00,CCA,3.0,15.655048,4.642857,4.642857142857143,14.7483549118042,False
2025-11-30 08:00:00,CCA,13.0,21.44465,11.071428,11.071428571428571,14.7483549118042,False
2025-11-30 09:00:00,CCA,31.0,39.975063,26.285715,26.285714285714285,14.7483549118042,False
2025-11-30 10:00:00,CCA,56.0,65.20424,45.0,45.0,14.7483549118042,False
2025-11-30 11:00:00,CCA,75.0,92.54811,63.357143,63.357142857142854,14.7483549118042,True
2025-11-30 12:00:00,CCA,90.0,102.825325,75.28571,75.28571428571429,14.7483549118042,False
2025-11-30 13:00:00,CCA,106.0,103.80766,82.14286,82.14285714285714,14.7483549118042,False
2025-11-30 14:00:00,CCA,113.0,99.14719,85.07143,85.07142857142857,14.7483549118042,False
2025-11-30 15:00:00,CCA,106.0,102.3744,88.85714,88.85714285714286,14.7483549118042,False
2025-11-30 16:00:00,CCA,81.0,96.82328,86.07143,86.07142857142857,14.7483549118042,True
2025-11-30 17:00:00,CCA,60.0,74.50722,68.42857,68.42857142857143,14.7483549118042,False
2025-11-30 18:00:00,CCA,38.0,34.108665,36.07143,36.07142857142857,14.7483549118042,False
2025-11-30 19:00:00,CCA,46.0,19.45647,23.928572,23.928571428571427,14.7483549118042,True
2025-11-30 20:00:00,CCA,44.0,15.630045,18.0,18.0,14.7483549118042,True
2025-11-30 21:00:00,CCA,44.0,11.84103,14.5,14.5,14.7483549118042,True
2025-11-30 22:00:00,CCA,29.0,10.198065,12.928572,12.928571428571429,14.7483549118042,True
2025-11-30 23:00:00,CCA,17.0,3.2573566,8.071428,8.071428571428571,14.7483549118042,False
2025-12-01 03:00:00,CCA,7.0,10.497941,8.857142,8.857142857142858,14.7483549118042,False
2025-12-01 04:00:00,CCA,8.0,7.718831,8.0,8.0,14.7483549118042,False
2025-12-01 05:00:00,CCA,4.0,8.387522,7.285714,7.285714285714286,14.7483549118042,False
2025-12-01 06:00:00,CCA,1.0,5.4408035,4.571429,4.571428571428571,14.7483549118042,False
2025-12-01 07:00:00,CCA,2.0,7.672967,4.571429,4.571428571428571,14.7483549118042,False
2025-12-01 08:00:00,CCA,8.0,17.087965,10.714286,10.714285714285714,14.7483549118042,False
2025-12-01 09:00:00,CCA,22.0,33.513985,25.5,25.5,14.7483549118042,False
2025-12-01 10:00:00,CCA,42.0,51.46677,44.357143,44.357142857142854,14.7483549118042,False
2025-12-01 11:00:00,CCA,64.0,76.36463,62.142857,62.142857142857146,14.7483549118042,False
2025-12-01 12:00:00,CCA,84.0,98.064995,75.14286,75.14285714285714,14.7483549118042,False
2025-12-01 13:00:00,CCA,96.0,108.129364,84.21429,84.21428571428571,14.7483549118042,False
2025-12-01 14:00:00,CCA,91.0,106.54562,87.42857,87.42857142857143,14.7483549118042,True
2025-12-01 15:00:00,CCA,69.0,98.16609,90.92857,90.92857142857143,14.7483549118042,True
2025-12-01 16:00:00,CCA,54.0,87.89233,86.57143,86.57142857142857,14.7483549118042,True
2025-12-01 17:00:00,CCA,49.0,68.38704,68.28571,68.28571428571429,14.7483549118042,True
2025-12-01 18:00:00,CCA,26.0,24.915462,35.57143,35.57142857142857,14.7483549118042,False
2025-12-01 19:00:00,CCA,20.0,14.884509,25.428572,25.428571428571427,14.7483549118042,False
2025-12-01 20:00:00,CCA,17.0,4.756999,20.214285,20.214285714285715,14.7483549118042,False
2025-12-01 21:00:00,CCA,2.0,0.7049923,16.785715,16.785714285714285,14.7483549118042,False
2025-12-01 22:00:00,CCA,1.0,-1.8810997,13.857142,13.857142857142858,14.7483549118042,False
2025-12-01 23:00:00,CCA,1.0,-4.3637342,8.857142,8.857142857142858,14.7483549118042,False
2025-12-02 00:00:00,CCA,1.0,-3.9418435,7.5454545,7.545454545454546,14.7483549118042,False
2025-12-02 01:00:00,CCA,2.0,-0.7942171,8.090909,8.090909090909092,14.7483549118042,False
2025-12-02 02:00:00,CCA,1.0,2.8676271,9.181818,9.181818181818182,14.7483549118042,False
2025-12-02 03:00:00,CCA,2.0,5.2172604,9.214286,9.214285714285714,14.7483549118042,False
2025-12-02 04:00:00,CCA,2.0,6.7124834,8.428572,8.428571428571429,14.7483549118042,False
2025-12-02 05:00:00,CCA,1.0,7.6510153,7.428571,7.428571428571429,14.7483549118042,False
2025-12-02 06:00:00,CCA,1.0,6.583612,4.5,4.5,14.7483549118042,False
2025-12-02 07:00:00,CCA,2.0,8.325986,4.428571,4.428571428571429,14.7483549118042,False
2025-12-02 08:00:00,CCA,4.0,16.252796,10.142858,10.142857142857142,14.7483549118042,False
2025-12-02 09:00:00,CCA,17.0,32.75975,24.5,24.5,14.7483549118042,True
2025-12-02 10:00:00,CCA,45.0,57.63546,43.714287,43.714285714285715,14.7483549118042,False
2025-12-02 15:00:00,CCA,75.0,97.33301,88.64286,88.64285714285714,14.7483549118042,True
2025-12-02 16:00:00,CCA,63.0,74.824585,81.92857,81.92857142857143,14.7483549118042,False
2025-12-02 17:00:00,CCA,55.0,55.64674,65.35714,65.35714285714286,14.7483549118042,False
2025-12-02 18:00:00,CCA,42.0,27.26963,33.357143,33.357142857142854,14.7483549118042,False
2025-12-02 19:00:00,CCA,47.0,19.654919,24.214285,24.214285714285715,14.7483549118042,True
2025-12-02 20:00:00,CCA,46.0,13.8179245,19.714285,19.714285714285715,14.7483549118042,True
2025-12-02 21:00:00,CCA,17.0,6.8787766,14.142858,14.142857142857142,14.7483549118042,False
2025-12-02 22:00:00,CCA,6.0,-0.36901093,11.142858,11.142857142857142,14.7483549118042,False
2025-12-02 23:00:00,CCA,3.0,-2.2048922,8.714286,8.714285714285714,14.7483549118042,False
2025-12-03 00:00:00,CCA,2.0,-0.2977438,7.4545455,7.454545454545454,14.7483549118042,False
2025-12-03 01:00:00,CCA,2.0,2.5917215,8.090909,8.090909090909092,14.7483549118042,False
2025-12-03 02:00:00,CCA,3.0,4.114691,8.909091,8.909090909090908,14.7483549118042,False
2025-12-03 03:00:00,CCA,2.0,9.223885,9.214286,9.214285714285714,14.7483549118042,False
2025-12-03 04:00:00,CCA,2.0,9.420369,8.285714,8.285714285714286,14.7483549118042,False
2025-12-03 05:00:00,CCA,2.0,10.574753,7.142857,7.142857142857143,14.7483549118042,False
2025-12-03 06:00:00,CCA,2.0,7.899057,4.428571,4.428571428571429,14.7483549118042,False
2025-12-03 07:00:00,CCA,3.0,9.304145,4.428571,4.428571428571429,14.7483549118042,False
2025-12-03 08:00:00,CCA,8.0,16.148178,9.714286,9.714285714285714,14.7483549118042,False
2025-12-03 09:00:00,CCA,21.0,31.876373,23.428572,23.428571428571427,14.7483549118042,False
2025-12-03 10:00:00,CCA,44.0,55.486755,42.5,42.5,14.7483549118042,False
2025-12-03 11:00:00,CCA,69.0,80.43712,60.076923,60.07692307692308,14.7483549118042,False
2025-12-03 12:00:00,CCA,96.0,103.803024,74.15385,74.15384615384616,14.7483549118042,False
2025-12-03 13:00:00,CCA,115.0,118.62904,84.38461,84.38461538461539,14.7483549118042,False
2025-12-03 14:00:00,CCA,123.0,113.87037,87.0,87.0,14.7483549118042,False
2025-12-03 15:00:00,CCA,97.0,96.70953,86.57143,86.57142857142857,14.7483549118042,False
2025-12-03 16:00:00,CCA,91.0,73.550186,79.14286,79.14285714285714,14.7483549118042,True
2025-12-03 17:00:00,CCA,58.0,50.18328,63.0,63.0,14.7483549118042,False
2025-12-03 18:00:00,CCA,38.0,25.775196,32.785713,32.785714285714285,14.7483549118042,False
2025-12-03 19:00:00,CCA,24.0,17.157133,25.5,25.5,14.7483549118042,False
2025-12-03 20:00:00,CCA,9.0,11.978561,21.571428,21.571428571428573,14.7483549118042,False
2025-12-03 21:00:00,CCA,7.0,2.9033403,14.357142,14.357142857142858,14.7483549118042,False
2025-12-03 22:00:00,CCA,10.0,-2.9365587,11.285714,11.285714285714286,14.7483549118042,False
2025-12-03 23:00:00,CCA,4.0,-2.0020962,8.428572,8.428571428571429,14.7483549118042,False
2025-12-04 00:00:00,CCA,2.0,-0.83134174,7.0,7.0,14.7483549118042,False
2025-12-04 01:00:00,CCA,2.0,0.64961386,7.5833335,7.583333333333333,14.7483549118042,False
2025-12-04 02:00:00,CCA,3.0,2.4465752,8.416667,8.416666666666666,14.7483549118042,False
2025-12-04 03:00:00,CCA,2.0,5.579995,8.785714,8.785714285714286,14.7483549118042,False
2025-12-04 04:00:00,CCA,2.0,7.703725,8.285714,8.285714285714286,14.7483549118042,False
2025-12-04 05:00:00,CCA,2.0,7.9903536,7.214286,7.214285714285714,14.7483549118042,False
2025-12-04 06:00:00,CCA,2.0,5.7933717,4.5,4.5,14.7483549118042,False
2025-12-04 07:00:00,CCA,3.0,7.904108,4.5,4.5,14.7483549118042,False
2025-12-04 08:00:00,CCA,7.0,13.482761,9.571428,9.571428571428571,14.7483549118042,False
2025-12-04 09:00:00,CCA,24.0,28.286991,22.928572,22.928571428571427,14.7483549118042,False
2025-12-04 10:00:00,CCA,47.0,53.11918,42.642857,42.642857142857146,14.7483549118042,False
2025-12-04 11:00:00,CCA,63.0,81.96867,60.53846,60.53846153846154,14.7483549118042,True
2025-12-04 12:00:00,CCA,81.0,102.225204,75.76923,75.76923076923077,14.7483549118042,True
2025-12-04 13:00:00,CCA,98.0,119.61778,87.30769,87.3076923076923,14.7483549118042,True
2025-12-04 14:00:00,CCA,112.0,121.763214,90.46154,90.46153846153847,14.7483549118042,False
2025-12-04 15:00:00,CCA,129.0,115.86042,87.5,87.5,14.7483549118042,False
2025-12-04 16:00:00,CCA,133.0,105.759766,79.64286,79.64285714285714,14.7483549118042,True
2025-12-04 17:00:00,CCA,103.0,76.40424,63.42857,63.42857142857143,14.7483549118042,True
2025-12-04 18:00:00,CCA,51.0,26.740185,34.07143,34.07142857142857,14.7483549118042,True
2025-12-04 19:00:00,CCA,44.0,26.309889,26.214285,26.214285714285715,14.7483549118042,True
2025-12-04 20:00:00,CCA,35.0,18.561073,21.785715,21.785714285714285,14.7483549118042,True
2025-12-04 21:00:00,CCA,27.0,8.498605,14.285714,14.285714285714286,14.7483549118042,True
2025-12-04 22:00:00,CCA,26.0,9.122594,11.571428,11.571428571428571,14.7483549118042,True
2025-12-04 23:00:00,CCA,20.0,8.4863615,8.357142,8.357142857142858,14.7483549118042,False
2025-12-05 00:00:00,CCA,20.0,7.160007,6.3333335,6.333333333333333,14.7483549118042,False
2025-12-05 01:00:00,CCA,25.0,8.755816,7.5,7.5,14.7483549118042,True
2025-12-05 02:00:00,CCA,15.0,10.877815,8.416667,8.416666666666666,14.7483549118042,False
2025-12-05 03:00:00,CCA,6.0,8.261061,8.428572,8.428571428571429,14.7483549118042,False
2025-12-05 04:00:00,CCA,8.0,9.072195,8.142858,8.142857142857142,14.7483549118042,False
2025-12-05 05:00:00,CCA,4.0,9.190327,7.142857,7.142857142857143,14.7483549118042,False
2025-12-05 06:00:00,CCA,2.0,6.906697,4.5,4.5,14.7483549118042,False
2025-12-05 07:00:00,CCA,2.0,7.543885,4.571429,4.571428571428571,14.7483549118042,False
2025-12-05 08:00:00,CCA,10.0,12.473962,9.357142,9.357142857142858,14.7483549118042,False
2025-12-05 09:00:00,CCA,27.0,24.710247,22.571428,22.571428571428573,14.7483549118042,False
2025-12-05 10:00:00,CCA,49.0,47.921925,42.285713,42.285714285714285,14.7483549118042,False
2025-12-05 11:00:00,CCA,75.0,74.144455,59.53846,59.53846153846154,14.7483549118042,False
2025-12-05 12:00:00,CCA,91.0,100.92154,74.92308,74.92307692307692,14.7483549118042,False
2025-12-05 13:00:00,CCA,87.0,115.59029,87.61539,87.61538461538461,14.7483549118042,True
2025-12-05 14:00:00,CCA,65.0,102.19328,90.92308,90.92307692307692,14.7483549118042,True
2025-12-05 15:00:00,CCA,59.0,81.620766,88.35714,88.35714285714286,14.7483549118042,True
2025-12-05 16:00:00,CCA,59.0,66.13448,80.5,80.5,14.7483549118042,False
2025-12-05 17:00:00,CCA,51.0,53.498928,62.57143,62.57142857142857,14.7483549118042,False
2025-12-05 18:00:00,CCA,39.0,27.037937,34.0,34.0,14.7483549118042,False
2025-12-05 19:00:00,CCA,17.0,19.605772,27.0,27.0,14.7483549118042,False
2025-12-05 20:00:00,CCA,6.0,14.381411,22.571428,22.571428571428573,14.7483549118042,False
2025-12-05 21:00:00,CCA,3.0,4.7811832,16.0,16.0,14.7483549118042,False
2025-12-05 22:00:00,CCA,2.0,-0.7048292,13.285714,13.285714285714286,14.7483549118042,False
2025-12-05 23:00:00,CCA,2.0,-2.8842688,9.642858,9.642857142857142,14.7483549118042,False
2025-12-06 00:00:00,CCA,2.0,-4.8817687,7.8333335,7.833333333333333,14.7483549118042,False
2025-12-06 01:00:00,CCA,2.0,-1.0976887,9.416667,9.416666666666666,14.7483549118042,False
2025-12-06 02:00:00,CCA,2.0,-0.4851017,9.416667,9.416666666666666,14.7483549118042,False
2025-12-06 03:00:00,CCA,2.0,0.70973396,8.571428,8.571428571428571,14.7483549118042,False
2025-12-06 04:00:00,CCA,2.0,3.2587042,8.5,8.5,14.7483549118042,False
2025-12-06 05:00:00,CCA,3.0,3.813407,7.285714,7.285714285714286,14.7483549118042,False
2025-12-06 06:00:00,CCA,2.0,2.4420893,4.5,4.5,14.7483549118042,False
2025-12-06 07:00:00,CCA,3.0,4.000515,4.571429,4.571428571428571,14.7483549118042,False
2025-12-06 08:00:00,CCA,6.0,12.580803,9.642858,9.642857142857142,14.7483549118042,False
2025-12-06 09:00:00,CCA,20.0,28.951591,22.785715,22.785714285714285,14.7483549118042,False
2025-12-06 10:00:00,CCA,34.0,49.16281,41.785713,41.785714285714285,14.7483549118042,True
2025-12-06 11:00:00,CCA,55.0,71.311195,59.692307,59.69230769230769,14.7483549118042,True
2025-12-06 12:00:00,CCA,71.0,98.68524,74.92308,74.92307692307692,14.7483549118042,True
2025-12-06 13:00:00,CCA,82.0,107.37941,86.38461,86.38461538461539,14.7483549118042,True
2025-12-06 14:00:00,CCA,70.0,97.689476,87.76923,87.76923076923077,14.7483549118042,True
2025-12-06 15:00:00,CCA,46.0,78.635216,84.71429,84.71428571428571,14.7483549118042,True
2025-12-06 16:00:00,CCA,26.0,62.10312,77.28571,77.28571428571429,14.7483549118042,True
2025-12-06 17:00:00,CCA,41.0,42.352856,60.214287,60.214285714285715,14.7483549118042,False
2025-12-06 18:00:00,CCA,15.0,20.96106,33.07143,33.07142857142857,14.7483549118042,False
2025-12-06 19:00:00,CCA,3.0,10.300417,25.357143,25.357142857142858,14.7483549118042,False
2025-12-06 20:00:00,CCA,2.0,4.766819,20.785715,20.785714285714285,14.7483549118042,False
2025-12-06 21:00:00,CCA,2.0,-0.50569725,15.142858,15.142857142857142,14.7483549118042,False
2025-12-06 22:00:00,CCA,2.0,-1.5537901,12.285714,12.285714285714286,14.7483549118042,False
2025-12-06 23:00:00,CCA,2.0,-3.0505714,9.071428,9.071428571428571,14.7483549118042,False
2025-12-07 03:00:00,CCA,1.0,11.483491,7.5,7.5,14.7483549118042,False
2025-12-07 04:00:00,CCA,2.0,5.015048,7.571429,7.571428571428571,14.7483549118042,False
2025-12-07 05:00:00,CCA,2.0,6.5322924,6.785714,6.785714285714286,14.7483549118042,False
2025-12-07 06:00:00,CCA,2.0,4.366034,4.0,4.0,14.7483549118042,False
2025-12-07 07:00:00,CCA,2.0,6.544636,4.071429,4.071428571428571,14.7483549118042,False
2025-12-07 08:00:00,CCA,11.0,12.982195,8.714286,8.714285714285714,14.7483549118042,False
2025-12-07 09:00:00,CCA,31.0,29.95446,22.285715,22.285714285714285,14.7483549118042,False
2025-12-07 10:00:00,CCA,51.0,54.480774,40.785713,40.785714285714285,14.7483549118042,False
2025-12-07 11:00:00,CCA,66.0,86.96182,59.076923,59.07692307692308,14.7483549118042,True
2025-12-07 12:00:00,CCA,82.0,97.773506,74.07692,74.07692307692308,14.7483549118042,True
2025-12-07 13:00:00,CCA,93.0,101.04845,84.84615,84.84615384615384,14.7483549118042,False
2025-12-07 14:00:00,CCA,109.0,99.83588,85.46154,85.46153846153847,14.7483549118042,False
2025-12-07 15:00:00,CCA,92.0,97.62052,80.28571,80.28571428571429,14.7483549118042,False
2025-12-07 16:00:00,CCA,83.0,77.33495,72.42857,72.42857142857143,14.7483549118042,False
2025-12-07 17:00:00,CCA,70.0,63.704124,58.42857,58.42857142857143,14.7483549118042,False
2025-12-07 18:00:00,CCA,51.0,28.22746,31.642857,31.642857142857142,14.7483549118042,True
2025-12-07 19:00:00,CCA,51.0,20.113558,23.857143,23.857142857142858,14.7483549118042,True
2025-12-07 20:00:00,CCA,42.0,15.487076,19.214285,19.214285714285715,14.7483549118042,True
2025-12-07 21:00:00,CCA,25.0,4.282611,13.714286,13.714285714285714,14.7483549118042,True
2025-12-07 22:00:00,CCA,21.0,0.87451553,11.071428,11.071428571428571,14.7483549118042,True
2025-12-07 23:00:00,CCA,26.0,-0.32122803,8.428572,8.428571428571429,14.7483549118042,True
2025-12-08 00:00:00,CCA,32.0,3.624776,7.6363635,7.636363636363637,14.7483549118042,True
2025-12-08 01:00:00,CCA,30.0,10.275625,8.818182,8.818181818181818,14.7483549118042,True
2025-12-08 02:00:00,CCA,30.0,11.79367,8.636364,8.636363636363637,14.7483549118042,True
2025-12-08 03:00:00,CCA,29.0,13.217997,7.214286,7.214285714285714,14.7483549118042,True
2025-12-08 04:00:00,CCA,28.0,15.647263,7.428571,7.428571428571429,14.7483549118042,False
2025-12-08 05:00:00,CCA,24.0,14.821001,6.0,6.0,14.7483549118042,False
2025-12-08 06:00:00,CCA,18.0,12.05442,3.2857144,3.2857142857142856,14.7483549118042,False
2025-12-08 07:00:00,CCA,8.0,10.665205,3.357143,3.357142857142857,14.7483549118042,False
2025-12-08 08:00:00,CCA,9.0,12.693977,9.071428,9.071428571428571,14.7483549118042,False
2025-12-08 09:00:00,CCA,9.0,19.262753,22.714285,22.714285714285715,14.7483549118042,False
2025-12-08 10:00:00,CCA,22.0,33.08651,41.714287,41.714285714285715,14.7483549118042,False
2025-12-08 11:00:00,CCA,33.0,56.01131,60.384617,60.38461538461539,14.7483549118042,True
2025-12-08 12:00:00,CCA,40.0,66.57042,75.69231,75.6923076923077,14.7483549118042,True
2025-12-08 13:00:00,CCA,41.0,75.94379,86.76923,86.76923076923077,14.7483549118042,True
2025-12-08 14:00:00,CCA,28.0,70.04341,88.07692,88.07692307692308,14.7483549118042,True
2025-12-08 15:00:00,CCA,32.0,56.279976,81.5,81.5,14.7483549118042,True
2025-12-08 16:00:00,CCA,31.0,50.673912,72.92857,72.92857142857143,14.7483549118042,True
2025-12-08 17:00:00,CCA,24.0,37.452366,58.357143,58.357142857142854,14.7483549118042,False
2025-12-08 18:00:00,CCA,15.0,17.892925,32.07143,32.07142857142857,14.7483549118042,False
2025-12-08 19:00:00,CCA,5.0,10.663069,25.142857,25.142857142857142,14.7483549118042,False
2025-12-08 20:00:00,CCA,2.0,11.387665,20.785715,20.785714285714285,14.7483549118042,False
2025-12-08 21:00:00,CCA,2.0,8.93998,14.357142,14.357142857142858,14.7483549118042,False
2025-12-08 22:00:00,CCA,2.0,8.165838,11.857142,11.857142857142858,14.7483549118042,False
2025-12-08 23:00:00,CCA,2.0,9.0731,10.0,10.0,14.7483549118042,False
2025-12-09 00:00:00,CCA,4.0,9.7275,10.363636,10.363636363636363,14.7483549118042,False
2025-12-09 01:00:00,CCA,2.0,11.199134,11.363636,11.363636363636363,14.7483549118042,False
2025-12-09 02:00:00,CCA,2.0,11.833584,11.181818,11.181818181818182,14.7483549118042,False
2025-12-09 03:00:00,CCA,2.0,10.212436,9.142858,9.142857142857142,14.7483549118042,False
2025-12-09 04:00:00,CCA,2.0,10.99341,9.285714,9.285714285714286,14.7483549118042,False
2025-12-09 05:00:00,CCA,2.0,8.926331,7.571429,7.571428571428571,14.7483549118042,False
2025-12-09 06:00:00,CCA,2.0,5.7154922,4.428571,4.428571428571429,14.7483549118042,False
2025-12-09 07:00:00,CCA,2.0,4.9894156,3.7857144,3.7857142857142856,14.7483549118042,False
2025-12-09 08:00:00,CCA,6.0,10.404845,9.0,9.0,14.7483549118042,False
2025-12-09 09:00:00,CCA,16.0,24.289589,21.571428,21.571428571428573,14.7483549118042,False
2025-12-09 10:00:00,CCA,38.0,48.136326,40.285713,40.285714285714285,14.7483549118042,False
2025-12-09 11:00:00,CCA,57.0,78.0988,58.076923,58.07692307692308,14.7483549118042,True
2025-12-09 12:00:00,CCA,69.0,100.83574,72.76923,72.76923076923077,14.7483549118042,True
2025-12-09 13:00:00,CCA,86.0,106.004486,82.76923,82.76923076923077,14.7483549118042,True
2025-12-09 14:00:00,CCA,69.0,108.86993,82.0,82.0,14.7483549118042,True
2025-12-09 15:00:00,CCA,41.0,80.375404,75.35714,75.35714285714286,14.7483549118042,True
2025-12-09 16:00:00,CCA,30.0,57.1676,66.28571,66.28571428571429,14.7483549118042,True
2025-12-09 17:00:00,CCA,19.0,42.94391,51.857143,51.857142857142854,14.7483549118042,True
2025-12-09 18:00:00,CCA,20.0,23.598791,30.571428,30.571428571428573,14.7483549118042,False
2025-12-09 19:00:00,CCA,14.0,9.000311,23.214285,23.214285714285715,14.7483549118042,False
2025-12-09 20:00:00,CCA,17.0,12.586521,17.928572,17.928571428571427,14.7483549118042,False
2025-12-09 21:00:00,CCA,7.0,7.433687,13.285714,13.285714285714286,14.7483549118042,False
2025-12-09 22:00:00,CCA,18.0,9.797093,11.571428,11.571428571428571,14.7483549118042,False
2025-12-09 23:00:00,CCA,14.0,8.585461,9.928572,9.928571428571429,14.7483549118042,False
2025-12-10 00:00:00,CCA,6.0,11.110659,9.833333,9.833333333333334,14.7483549118042,False
2025-12-10 01:00:00,CCA,12.0,15.543729,10.583333,10.583333333333334,14.7483549118042,False
2025-12-10 02:00:00,CCA,7.0,17.136608,10.416667,10.416666666666666,14.7483549118042,False
2025-12-10 03:00:00,CCA,4.0,13.688994,9.142858,9.142857142857142,14.7483549118042,False
2025-12-10 04:00:00,CCA,4.0,12.295759,9.285714,9.285714285714286,14.7483549118042,False
2025-12-10 05:00:00,CCA,3.0,11.284177,7.571429,7.571428571428571,14.7483549118042,False
2025-12-10 06:00:00,CCA,2.0,8.627806,4.428571,4.428571428571429,14.7483549118042,False
2025-12-10 07:00:00,CCA,3.0,7.2247,3.7142856,3.7142857142857144,14.7483549118042,False
2025-12-10 08:00:00,CCA,10.0,13.654207,8.928572,8.928571428571429,14.7483549118042,False
2025-12-10 09:00:00,CCA,27.0,28.16187,20.857143,20.857142857142858,14.7483549118042,False
2025-12-10 10:00:00,CCA,47.0,49.212364,39.214287,39.214285714285715,14.7483549118042,False
2025-12-10 11:00:00,CCA,59.0,73.06388,56.23077,56.23076923076923,14.7483549118042,False
2025-12-10 12:00:00,CCA,77.0,91.128876,70.30769,70.3076923076923,14.7483549118042,False
2025-12-10 13:00:00,CCA,82.0,103.106834,81.07692,81.07692307692308,14.7483549118042,True
2025-12-10 14:00:00,CCA,84.0,101.28044,79.69231,79.6923076923077,14.7483549118042,True
2025-12-10 15:00:00,CCA,70.0,89.59874,71.92857,71.92857142857143,14.7483549118042,True
2025-12-10 16:00:00,CCA,52.0,56.584183,62.785713,62.785714285714285,14.7483549118042,False
2025-12-10 17:00:00,CCA,39.0,45.79155,49.285713,49.285714285714285,14.7483549118042,False
2025-12-10 18:00:00,CCA,19.0,17.64623,30.214285,30.214285714285715,14.7483549118042,False
2025-12-10 19:00:00,CCA,6.0,8.110561,23.571428,23.571428571428573,14.7483549118042,False
2025-12-10 20:00:00,CCA,10.0,6.534994,18.857143,18.857142857142858,14.7483549118042,False
2025-12-10 21:00:00,CCA,18.0,7.3007455,13.142858,13.142857142857142,14.7483549118042,False
2025-12-10 22:00:00,CCA,11.0,10.111972,11.785714,11.785714285714286,14.7483549118042,False
2025-12-10 23:00:00,CCA,24.0,10.824533,10.357142,10.357142857142858,14.7483549118042,False
2025-12-11 00:00:00,CCA,17.0,12.935384,9.75,9.75,14.7483549118042,False
2025-12-11 01:00:00,CCA,7.0,13.808731,10.583333,10.583333333333334,14.7483549118042,False
2025-12-11 02:00:00,CCA,4.0,13.656454,9.916667,9.916666666666666,14.7483549118042,False
2025-12-11 03:00:00,CCA,2.0,10.945576,7.857143,7.857142857142857,14.7483549118042,False
2025-12-11 04:00:00,CCA,2.0,10.201663,8.214286,8.214285714285714,14.7483549118042,False
2025-12-11 05:00:00,CCA,3.0,9.1173,6.642857,6.642857142857143,14.7483549118042,False
2025-12-11 06:00:00,CCA,2.0,7.352772,4.285714,4.285714285714286,14.7483549118042,False
2025-12-11 07:00:00,CCA,3.0,6.575391,3.7142856,3.7142857142857144,14.7483549118042,False
2025-12-11 08:00:00,CCA,6.0,13.532124,9.0,9.0,14.7483549118042,False
2025-12-11 09:00:00,CCA,24.0,26.904636,21.071428,21.071428571428573,14.7483549118042,False
2025-12-11 10:00:00,CCA,34.0,47.90181,39.642857,39.642857142857146,14.7483549118042,False
2025-12-11 11:00:00,CCA,42.0,66.001236,56.384617,56.38461538461539,14.7483549118042,True
2025-12-11 12:00:00,CCA,54.0,84.095055,70.61539,70.61538461538461,14.7483549118042,True
2025-12-11 13:00:00,CCA,64.0,88.2565,79.92308,79.92307692307692,14.7483549118042,True
2025-12-11 14:00:00,CCA,74.0,89.13426,77.84615,77.84615384615384,14.7483549118042,True
2025-12-11 15:00:00,CCA,71.0,78.46706,69.85714,69.85714285714286,14.7483549118042,False
2025-12-11 16:00:00,CCA,59.0,68.180046,60.785713,60.785714285714285,14.7483549118042,False
2025-12-11 17:00:00,CCA,44.0,48.87005,48.285713,48.285714285714285,14.7483549118042,False
2025-12-11 18:00:00,CCA,22.0,24.077686,29.642857,29.642857142857142,14.7483549118042,False
2025-12-11 19:00:00,CCA,8.0,11.807003,23.071428,23.071428571428573,14.7483549118042,False
2025-12-11 20:00:00,CCA,16.0,7.226927,18.928572,18.928571428571427,14.7483549118042,False
2025-12-11 21:00:00,CCA,25.0,8.025162,13.5,13.5,14.7483549118042,True
2025-12-11 22:00:00,CCA,12.0,5.0097036,11.357142,11.357142857142858,14.7483549118042,False
2025-12-11 23:00:00,CCA,3.0,-0.9103918,10.642858,10.642857142857142,14.7483549118042,False
2025-12-12 00:00:00,CCA,9.0,-3.0447397,9.333333,9.333333333333334,14.7483549118042,False
2025-12-12 01:00:00,CCA,8.0,-0.92123985,9.25,9.25,14.7483549118042,False
2025-12-12 02:00:00,CCA,2.0,-0.36959028,7.9166665,7.916666666666667,14.7483549118042,False
2025-12-12 03:00:00,CCA,5.0,-1.8311105,6.142857,6.142857142857143,14.7483549118042,False
2025-12-12 04:00:00,CCA,6.0,2.302318,6.428571,6.428571428571429,14.7483549118042,False
2025-12-12 05:00:00,CCA,5.0,2.896739,5.142857,5.142857142857143,14.7483549118042,False
2025-12-12 06:00:00,CCA,2.0,3.1352098,3.142857,3.142857142857143,14.7483549118042,False
2025-12-12 07:00:00,CCA,2.0,2.183474,3.142857,3.142857142857143,14.7483549118042,False
2025-12-12 08:00:00,CCA,7.0,7.1282444,8.714286,8.714285714285714,14.7483549118042,False
2025-12-12 09:00:00,CCA,24.0,17.964449,21.571428,21.571428571428573,14.7483549118042,False
2025-12-12 10:00:00,CCA,46.0,39.460537,40.214287,40.214285714285715,14.7483549118042,False
2025-12-12 11:00:00,CCA,66.0,65.64935,56.923077,56.92307692307692,14.7483549118042,False
2025-12-12 12:00:00,CCA,72.0,82.60327,71.07692,71.07692307692308,14.7483549118042,False
2025-12-12 13:00:00,CCA,90.0,90.77202,80.92308,80.92307692307692,14.7483549118042,False
2025-12-12 14:00:00,CCA,92.0,80.02492,79.53846,79.53846153846153,14.7483549118042,False
2025-12-12 15:00:00,CCA,70.0,65.79289,71.57143,71.57142857142857,14.7483549118042,False
2025-12-12 16:00:00,CCA,51.0,45.843216,62.5,62.5,14.7483549118042,False
2025-12-12 17:00:00,CCA,45.0,32.121136,49.5,49.5,14.7483549118042,False
2025-12-12 18:00:00,CCA,29.0,20.030361,29.571428,29.571428571428573,14.7483549118042,False
2025-12-12 19:00:00,CCA,6.0,9.330727,22.357143,22.357142857142858,14.7483549118042,False
2025-12-12 20:00:00,CCA,8.0,5.544198,19.285715,19.285714285714285,14.7483549118042,False
2025-12-12 21:00:00,CCA,4.0,1.0285816,14.357142,14.357142857142858,14.7483549118042,False
2025-12-12 22:00:00,CCA,5.0,-2.0931635,11.214286,11.214285714285714,14.7483549118042,False
2025-12-12 23:00:00,CCA,4.0,-0.11619282,9.642858,9.642857142857142,14.7483549118042,False
2025-12-13 03:00:00,CCA,4.0,6.7308626,4.857143,4.857142857142857,14.7483549118042,False
2025-12-13 04:00:00,CCA,5.0,1.214015,5.071429,5.071428571428571,14.7483549118042,False
2025-12-13 05:00:00,CCA,2.0,2.8470612,4.214286,4.214285714285714,14.7483549118042,False
2025-12-13 06:00:00,CCA,2.0,3.329081,2.9285715,2.9285714285714284,14.7483549118042,False
2025-12-13 07:00:00,CCA,2.0,4.804852,2.857143,2.857142857142857,14.7483549118042,False
2025-12-13 08:00:00,CCA,4.0,8.680682,7.928571,7.928571428571429,14.7483549118042,False
2025-12-13 09:00:00,CCA,12.0,15.128421,22.071428,22.071428571428573,14.7483549118042,False
2025-12-13 10:00:00,CCA,29.0,29.232878,41.857143,41.857142857142854,14.7483549118042,False
2025-12-13 11:00:00,CCA,44.0,48.40556,60.0,60.0,14.7483549118042,False
2025-12-13 12:00:00,CCA,69.0,69.18622,74.69231,74.6923076923077,14.7483549118042,False
2025-12-13 13:00:00,CCA,80.0,86.74048,85.53846,85.53846153846153,14.7483549118042,False
2025-12-13 14:00:00,CCA,74.0,88.68956,84.15385,84.15384615384616,14.7483549118042,False
2025-12-13 15:00:00,CCA,81.0,69.76076,73.92857,73.92857142857143,14.7483549118042,False
2025-12-13 16:00:00,CCA,77.0,65.29929,63.642857,63.642857142857146,14.7483549118042,False
2025-12-13 17:00:00,CCA,61.0,49.635494,51.142857,51.142857142857146,14.7483549118042,False
2025-12-13 18:00:00,CCA,40.0,26.871433,31.214285,31.214285714285715,14.7483549118042,False
2025-12-13 19:00:00,CCA,25.0,18.14939,22.642857,22.642857142857142,14.7483549118042,False
2025-12-13 20:00:00,CCA,21.0,12.63233,19.642857,19.642857142857142,14.7483549118042,False
2025-12-13 21:00:00,CCA,16.0,7.1581945,14.0,14.0,14.7483549118042,False
2025-12-13 22:00:00,CCA,9.0,2.705039,11.285714,11.285714285714286,14.7483549118042,False
2025-12-13 23:00:00,CCA,8.0,1.7925453,9.785714,9.785714285714286,14.7483549118042,False
2025-12-14 00:00:00,CCA,11.0,2.1605644,9.272727,9.272727272727273,14.7483549118042,False
2025-12-14 01:00:00,CCA,10.0,2.4211092,8.636364,8.636363636363637,14.7483549118042,False
2025-12-14 02:00:00,CCA,6.0,3.1914651,6.5454545,6.545454545454546,14.7483549118042,False
2025-12-14 03:00:00,CCA,2.0,2.6281419,5.0,5.0,14.7483549118042,False
2025-12-14 04:00:00,CCA,2.0,4.0027018,5.357143,5.357142857142857,14.7483549118042,False
2025-12-14 05:00:00,CCA,2.0,4.771145,4.214286,4.214285714285714,14.7483549118042,False
2025-12-14 06:00:00,CCA,2.0,5.399329,3.0,3.0,14.7483549118042,False
2025-12-14 07:00:00,CCA,2.0,4.843483,2.857143,2.857142857142857,14.7483549118042,False
2025-12-14 08:00:00,CCA,6.0,10.215355,7.785714,7.785714285714286,14.7483549118042,False
2025-12-14 09:00:00,CCA,18.0,22.700584,21.785715,21.785714285714285,14.7483549118042,False
2025-12-14 10:00:00,CCA,34.0,46.41867,41.714287,41.714285714285715,14.7483549118042,False
2025-12-14 11:00:00,CCA,46.0,70.246445,59.076923,59.07692307692308,14.7483549118042,True
2025-12-14 12:00:00,CCA,56.0,86.94853,75.07692,75.07692307692308,14.7483549118042,True
2025-12-14 13:00:00,CCA,60.0,89.15578,86.15385,86.15384615384616,14.7483549118042,True
2025-12-14 14:00:00,CCA,71.0,90.00852,84.92308,84.92307692307692,14.7483549118042,True
2025-12-14 15:00:00,CCA,67.0,82.94951,74.14286,74.14285714285714,14.7483549118042,True
2025-12-14 16:00:00,CCA,48.0,57.810356,63.57143,63.57142857142857,14.7483549118042,False
2025-12-14 17:00:00,CCA,40.0,41.22811,51.357143,51.357142857142854,14.7483549118042,False
2025-12-14 18:00:00,CCA,34.0,25.740793,31.785715,31.785714285714285,14.7483549118042,False
2025-12-14 19:00:00,CCA,25.0,17.769283,22.571428,22.571428571428573,14.7483549118042,False
2025-12-14 20:00:00,CCA,17.0,15.792313,19.642857,19.642857142857142,14.7483549118042,False
2025-12-14 21:00:00,CCA,23.0,14.467593,14.214286,14.214285714285714,14.7483549118042,False
2025-12-14 22:00:00,CCA,22.0,13.445165,11.0,11.0,14.7483549118042,False
2025-12-14 23:00:00,CCA,22.0,15.657581,9.285714,9.285714285714286,14.7483549118042,False
2025-12-15 00:00:00,CCA,22.0,18.43625,9.636364,9.636363636363637,14.7483549118042,False
2025-12-15 01:00:00,CCA,29.0,18.52442,9.272727,9.272727272727273,14.7483549118042,False
2025-12-15 02:00:00,CCA,26.0,20.272144,6.818182,6.818181818181818,14.7483549118042,False
2025-12-15 03:00:00,CCA,26.0,19.54984,5.0,5.0,14.7483549118042,False
2025-12-15 04:00:00,CCA,29.0,22.104795,5.357143,5.357142857142857,14.7483549118042,False
2025-12-15 05:00:00,CCA,26.0,19.927559,4.214286,4.214285714285714,14.7483549118042,False
2025-12-15 06:00:00,CCA,20.0,16.85727,3.0,3.0,14.7483549118042,False
2025-12-15 07:00:00,CCA,16.0,10.36329,2.7857144,2.7857142857142856,14.7483549118042,False
2025-12-15 08:00:00,CCA,20.0,9.859764,7.285714,7.285714285714286,14.7483549118042,False
2025-12-15 09:00:00,CCA,19.0,17.151173,20.857143,20.857142857142858,14.7483549118042,False
2025-12-15 10:00:00,CCA,24.0,22.293427,40.142857,40.142857142857146,14.7483549118042,False
2025-12-15 11:00:00,CCA,25.0,28.384127,56.846153,56.84615384615385,14.7483549118042,False
2025-12-15 12:00:00,CCA,28.0,36.342056,72.46154,72.46153846153847,14.7483549118042,False
2025-12-15 13:00:00,CCA,31.0,42.409523,82.61539,82.61538461538461,14.7483549118042,False
2025-12-15 14:00:00,CCA,28.0,41.07505,81.69231,81.6923076923077,14.7483549118042,False
2025-12-15 15:00:00,CCA,27.0,33.016006,71.35714,71.35714285714286,14.7483549118042,False
2025-12-15 16:00:00,CCA,22.0,27.949738,61.214287,61.214285714285715,14.7483549118042,False
2025-12-15 17:00:00,CCA,16.0,23.825474,49.92857,49.92857142857143,14.7483549118042,False
2025-12-15 18:00:00,CCA,11.0,8.237156,31.5,31.5,14.7483549118042,False
2025-12-15 19:00:00,CCA,9.0,0.3469982,21.071428,21.071428571428573,14.7483549118042,False
2025-12-15 20:00:00,CCA,6.0,1.2304516,17.714285,17.714285714285715,14.7483549118042,False
2025-12-15 21:00:00,CCA,5.0,-1.8413191,12.714286,12.714285714285714,14.7483549118042,False
2025-12-15 22:00:00,CCA,5.0,-2.1786814,10.5,10.5,14.7483549118042,False
2025-12-15 23:00:00,CCA,11.0,0.032449722,9.642858,9.642857142857142,14.7483549118042,False
2025-12-16 00:00:00,CCA,10.0,3.83045,10.666667,10.666666666666666,14.7483549118042,False
2025-12-16 01:00:00,CCA,9.0,6.1639795,10.916667,10.916666666666666,14.7483549118042,False
2025-12-16 02:00:00,CCA,11.0,7.092922,8.416667,8.416666666666666,14.7483549118042,False
2025-12-16 03:00:00,CCA,3.0,7.775868,6.357143,6.357142857142857,14.7483549118042,False
2025-12-16 04:00:00,CCA,3.0,9.670822,6.857143,6.857142857142857,14.7483549118042,False
2025-12-16 05:00:00,CCA,2.0,6.628461,5.785714,5.785714285714286,14.7483549118042,False
2025-12-16 06:00:00,CCA,2.0,3.8041735,4.357143,4.357142857142857,14.7483549118042,False
2025-12-16 07:00:00,CCA,2.0,2.874063,3.7857144,3.7857142857142856,14.7483549118042,False
2025-12-16 08:00:00,CCA,5.0,6.4209127,8.142858,8.142857142857142,14.7483549118042,False
2025-12-16 09:00:00,CCA,14.0,18.998405,20.642857,20.642857142857142,14.7483549118042,False
2025-12-16 10:00:00,CCA,26.0,40.741394,38.857143,38.857142857142854,14.7483549118042,False
2025-12-16 11:00:00,CCA,38.0,55.629047,53.846153,53.84615384615385,14.7483549118042,True
2025-12-16 12:00:00,CCA,48.0,70.539444,68.15385,68.15384615384616,14.7483549118042,True
2025-12-16 13:00:00,CCA,71.0,78.04822,77.61539,77.61538461538461,14.7483549118042,False
2025-12-16 14:00:00,CCA,58.0,91.4571,76.84615,76.84615384615384,14.7483549118042,True
2025-12-16 15:00:00,CCA,55.0,70.924515,68.35714,68.35714285714286,14.7483549118042,True
2025-12-16 16:00:00,CCA,49.0,69.069,58.92857,58.92857142857143,14.7483549118042,True
2025-12-16 17:00:00,CCA,40.0,55.455254,47.57143,47.57142857142857,14.7483549118042,True
2025-12-16 18:00:00,CCA,20.0,35.74157,30.428572,30.428571428571427,14.7483549118042,True
2025-12-16 19:00:00,CCA,22.0,13.818743,20.285715,20.285714285714285,14.7483549118042,False
2025-12-16 20:00:00,CCA,9.0,10.697329,16.928572,16.928571428571427,14.7483549118042,False
2025-12-16 21:00:00,CCA,3.0,7.0336256,12.928572,12.928571428571429,14.7483549118042,False
2025-12-16 22:00:00,CCA,3.0,3.052967,10.785714,10.785714285714286,14.7483549118042,False
2025-12-16 23:00:00,CCA,3.0,4.789507,10.357142,10.357142857142858,14.7483549118042,False
2025-12-17 00:00:00,CCA,3.0,4.1060524,11.416667,11.416666666666666,14.7483549118042,False
2025-12-17 01:00:00,CCA,3.0,2.7821903,11.5,11.5,14.7483549118042,False
2025-12-17 02:00:00,CCA,10.0,2.0407372,9.25,9.25,14.7483549118042,False
2025-12-17 03:00:00,CCA,9.0,2.3039074,6.428571,6.428571428571429,14.7483549118042,False
2025-12-17 04:00:00,CCA,9.0,4.5843163,6.928571,6.928571428571429,14.7483549118042,False
2025-12-17 05:00:00,CCA,3.0,5.03893,5.857143,5.857142857142857,14.7483549118042,False
2025-12-17 06:00:00,CCA,2.0,5.34092,4.428571,4.428571428571429,14.7483549118042,False
2025-12-17 07:00:00,CCA,3.0,4.3704996,3.7857144,3.7857142857142856,14.7483549118042,False
2025-12-17 08:00:00,CCA,6.0,9.785409,8.214286,8.214285714285714,14.7483549118042,False
2025-12-17 09:00:00,CCA,21.0,21.321402,20.428572,20.428571428571427,14.7483549118042,False
2025-12-17 10:00:00,CCA,40.0,44.473858,37.5,37.5,14.7483549118042,False
2025-12-17 11:00:00,CCA,64.0,70.42766,52.714287,52.714285714285715,14.7483549118042,False
2025-12-17 12:00:00,CCA,73.0,81.106,66.71429,66.71428571428571,14.7483549118042,False
2025-12-17 13:00:00,CCA,80.0,72.94253,77.14286,77.14285714285714,14.7483549118042,False
2025-12-17 14:00:00,CCA,73.0,71.0718,75.5,75.5,14.7483549118042,False
2025-12-17 15:00:00,CCA,68.0,66.519714,66.92857,66.92857142857143,14.7483549118042,False
2025-12-17 16:00:00,CCA,55.0,51.79286,57.92857,57.92857142857143,14.7483549118042,False
2025-12-17 17:00:00,CCA,44.0,32.40844,46.5,46.5,14.7483549118042,False
2025-12-17 18:00:00,CCA,24.0,12.802031,28.857143,28.857142857142858,14.7483549118042,False
2025-12-17 19:00:00,CCA,5.0,-0.8145294,18.5,18.5,14.7483549118042,False
2025-12-17 20:00:00,CCA,2.0,-3.4337912,14.285714,14.285714285714286,14.7483549118042,False
2025-12-17 21:00:00,CCA,2.0,-4.9272633,11.928572,11.928571428571429,14.7483549118042,False
2025-12-17 22:00:00,CCA,3.0,-4.813423,10.571428,10.571428571428571,14.7483549118042,False
2025-12-17 23:00:00,CCA,3.0,-3.4234629,10.357142,10.357142857142858,14.7483549118042,False
2025-12-18 00:00:00,CCA,3.0,-1.5094795,11.5,11.5,14.7483549118042,False
2025-12-18 01:00:00,CCA,2.0,0.6750288,11.583333,11.583333333333334,14.7483549118042,False
2025-12-18 02:00:00,CCA,3.0,1.0657682,9.833333,9.833333333333334,14.7483549118042,False
2025-12-18 03:00:00,CCA,5.0,-0.5718236,6.928571,6.928571428571429,14.7483549118042,False
2025-12-18 04:00:00,CCA,7.0,3.4086947,7.428571,7.428571428571429,14.7483549118042,False
2025-12-18 05:00:00,CCA,3.0,4.934726,5.928571,5.928571428571429,14.7483549118042,False
2025-12-18 06:00:00,CCA,2.0,5.5215774,4.428571,4.428571428571429,14.7483549118042,False
2025-12-18 07:00:00,CCA,3.0,5.976383,3.7857144,3.7857142857142856,14.7483549118042,False
2025-12-18 08:00:00,CCA,7.0,9.365801,8.071428,8.071428571428571,14.7483549118042,False
2025-12-18 09:00:00,CCA,24.0,20.602818,20.428572,20.428571428571427,14.7483549118042,False
2025-12-18 10:00:00,CCA,40.0,43.06869,37.214287,37.214285714285715,14.7483549118042,False
2025-12-18 11:00:00,CCA,63.0,66.79283,52.357143,52.357142857142854,14.7483549118042,False
2025-12-18 12:00:00,CCA,72.0,73.89484,65.07143,65.07142857142857,14.7483549118042,False
2025-12-18 13:00:00,CCA,80.0,85.79262,74.64286,74.64285714285714,14.7483549118042,False
2025-12-18 14:00:00,CCA,75.0,73.13808,71.92857,71.92857142857143,14.7483549118042,False
2025-12-18 15:00:00,CCA,58.0,60.12416,64.85714,64.85714285714286,14.7483549118042,False
2025-12-18 16:00:00,CCA,49.0,37.436142,55.357143,55.357142857142854,14.7483549118042,False
2025-12-18 17:00:00,CCA,48.0,40.42189,45.5,45.5,14.7483549118042,False
2025-12-18 18:00:00,CCA,31.0,23.13559,27.857143,27.857142857142858,14.7483549118042,False
2025-12-18 19:00:00,CCA,11.0,0.9921627,17.142857,17.142857142857142,14.7483549118042,False
2025-12-18 20:00:00,CCA,8.0,-4.568679,13.785714,13.785714285714286,14.7483549118042,False
2025-12-18 21:00:00,CCA,7.0,-8.430056,11.571428,11.571428571428571,14.7483549118042,True
2025-12-18 22:00:00,CCA,3.0,-9.009378,10.071428,10.071428571428571,14.7483549118042,False
2025-12-18 23:00:00,CCA,3.0,-8.110225,10.285714,10.285714285714286,14.7483549118042,False
2025-12-19 03:00:00,CCA,10.0,1.3072085,7.142857,7.142857142857143,14.7483549118042,False
2025-12-19 04:00:00,CCA,13.0,-1.3561983,7.785714,7.785714285714286,14.7483549118042,False
2025-12-19 05:00:00,CCA,10.0,4.146604,6.0,6.0,14.7483549118042,False
2025-12-19 06:00:00,CCA,4.0,3.437446,4.428571,4.428571428571429,14.7483549118042,False
2025-12-19 07:00:00,CCA,5.0,2.1141553,3.7857144,3.7857142857142856,14.7483549118042,False
2025-12-19 08:00:00,CCA,17.0,5.2272763,8.071428,8.071428571428571,14.7483549118042,False
2025-12-19 09:00:00,CCA,25.0,13.499443,20.428572,20.428571428571427,14.7483549118042,False
2025-12-19 10:00:00,CCA,41.0,25.564,36.714287,36.714285714285715,14.7483549118042,True
2025-12-19 11:00:00,CCA,48.0,38.71624,52.357143,52.357142857142854,14.7483549118042,False
2025-12-19 12:00:00,CCA,64.0,41.43246,64.42857,64.42857142857143,14.7483549118042,True
2025-12-19 13:00:00,CCA,75.0,56.501595,73.35714,73.35714285714286,14.7483549118042,True
2025-12-19 14:00:00,CCA,87.0,55.58149,69.28571,69.28571428571429,14.7483549118042,True
2025-12-19 15:00:00,CCA,92.0,58.18139,59.785713,59.785714285714285,14.7483549118042,True
2025-12-19 16:00:00,CCA,92.0,53.26356,49.357143,49.357142857142854,14.7483549118042,True
2025-12-19 17:00:00,CCA,83.0,45.862446,41.57143,41.57142857142857,14.7483549118042,True
2025-12-19 18:00:00,CCA,48.0,30.156715,26.428572,26.428571428571427,14.7483549118042,True
2025-12-19 19:00:00,CCA,53.0,4.7874117,14.785714,14.785714285714286,14.7483549118042,True
2025-12-19 20:00:00,CCA,17.0,-0.8398104,11.857142,11.857142857142858,14.7483549118042,True
2025-12-19 21:00:00,CCA,15.0,-2.8048487,10.142858,10.142857142857142,14.7483549118042,True
2025-12-19 22:00:00,CCA,6.0,-3.5061407,8.428572,8.428571428571429,14.7483549118042,False
2025-12-19 23:00:00,CCA,3.0,-2.816967,9.071428,9.071428571428571,14.7483549118042,False
2025-12-20 00:00:00,CCA,3.0,-2.8612232,10.818182,10.818181818181818,14.7483549118042,False
2025-12-20 01:00:00,CCA,5.0,-1.0107441,10.363636,10.363636363636363,14.7483549118042,False
2025-12-20 02:00:00,CCA,10.0,-1.3974571,9.363636,9.363636363636363,14.7483549118042,False
2025-12-20 03:00:00,CCA,5.0,-3.2272477,7.428571,7.428571428571429,14.7483549118042,False
2025-12-20 04:00:00,CCA,5.0,1.5274272,8.142858,8.142857142857142,14.7483549118042,False
2025-12-20 05:00:00,CCA,2.0,2.9057004,6.428571,6.428571428571429,14.7483549118042,False
2025-12-20 06:00:00,CCA,2.0,2.2766585,4.571429,4.571428571428571,14.7483549118042,False
2025-12-20 07:00:00,CCA,4.0,3.2339573,4.0,4.0,14.7483549118042,False
2025-12-20 08:00:00,CCA,8.0,8.446205,8.571428,8.571428571428571,14.7483549118042,False
2025-12-20 09:00:00,CCA,18.0,17.212725,20.285715,20.285714285714285,14.7483549118042,False
2025-12-20 10:00:00,CCA,43.0,38.024998,36.142857,36.142857142857146,14.7483549118042,False
2025-12-20 11:00:00,CCA,64.0,58.13084,50.42857,50.42857142857143,14.7483549118042,False
2025-12-20 12:00:00,CCA,75.0,78.534515,62.5,62.5,14.7483549118042,False
2025-12-20 13:00:00,CCA,85.0,76.77381,72.5,72.5,14.7483549118042,False
2025-12-20 14:00:00,CCA,99.0,73.94205,70.85714,70.85714285714286,14.7483549118042,True
2025-12-20 15:00:00,CCA,105.0,71.608986,62.142857,62.142857142857146,14.7483549118042,True
2025-12-20 16:00:00,CCA,107.0,69.6364,51.714287,51.714285714285715,14.7483549118042,True
2025-12-20 17:00:00,CCA,97.0,60.823303,43.857143,43.857142857142854,14.7483549118042,True
2025-12-20 18:00:00,CCA,70.0,36.633606,27.071428,27.071428571428573,14.7483549118042,True
2025-12-20 19:00:00,CCA,65.0,10.992891,17.357143,17.357142857142858,14.7483549118042,True
2025-12-20 20:00:00,CCA,40.0,5.14268,12.642858,12.642857142857142,14.7483549118042,True
2025-12-20 21:00:00,CCA,23.0,0.15915203,11.0,11.0,14.7483549118042,True
2025-12-20 22:00:00,CCA,23.0,-3.0385675,8.714286,8.714285714285714,14.7483549118042,True
2025-12-20 23:00:00,CCA,31.0,0.22453403,9.142858,9.142857142857142,14.7483549118042,True
2025-12-21 00:00:00,CCA,35.0,2.308651,10.909091,10.909090909090908,14.7483549118042,True
2025-12-21 01:00:00,CCA,30.0,2.5037537,10.636364,10.636363636363637,14.7483549118042,True
2025-12-21 02:00:00,CCA,17.0,2.757173,10.090909,10.090909090909092,14.7483549118042,False
2025-12-21 03:00:00,CCA,16.0,-0.02017641,7.642857,7.642857142857143,14.7483549118042,True
2025-12-21 04:00:00,CCA,13.0,2.4019108,8.357142,8.357142857142858,14.7483549118042,False
2025-12-21 05:00:00,CCA,10.0,6.056178,6.357143,6.357142857142857,14.7483549118042,False
2025-12-21 06:00:00,CCA,8.0,2.72949,4.571429,4.571428571428571,14.7483549118042,False
2025-12-21 07:00:00,CCA,4.0,4.0055175,4.071429,4.071428571428571,14.7483549118042,False
2025-12-21 08:00:00,CCA,7.0,7.5801473,8.714286,8.714285714285714,14.7483549118042,False
2025-12-21 09:00:00,CCA,25.0,17.612453,20.142857,20.142857142857142,14.7483549118042,False
2025-12-21 10:00:00,CCA,46.0,37.854095,36.785713,36.785714285714285,14.7483549118042,False
2025-12-21 11:00:00,CCA,68.0,55.770336,51.07143,51.07142857142857,14.7483549118042,False
2025-12-21 12:00:00,CCA,73.0,68.86819,62.785713,62.785714285714285,14.7483549118042,False
2025-12-21 13:00:00,CCA,88.0,73.788055,72.71429,72.71428571428571,14.7483549118042,False
2025-12-21 14:00:00,CCA,96.0,62.441437,72.92857,72.92857142857143,14.7483549118042,True
2025-12-21 15:00:00,CCA,110.0,58.454254,66.35714,66.35714285714286,14.7483549118042,True
2025-12-21 16:00:00,CCA,107.0,62.022217,57.5,57.5,14.7483549118042,True
2025-12-21 17:00:00,CCA,82.0,59.072716,47.857143,47.857142857142854,14.7483549118042,True
2025-12-21 18:00:00,CCA,66.0,39.480816,31.0,31.0,14.7483549118042,True
2025-12-21 19:00:00,CCA,41.0,19.02124,21.785715,21.785714285714285,14.7483549118042,True
2025-12-21 20:00:00,CCA,35.0,16.837421,15.357142,15.357142857142858,14.7483549118042,True
2025-12-21 21:00:00,CCA,36.0,14.183304,12.5,12.5,14.7483549118042,True
2025-12-21 22:00:00,CCA,35.0,17.777956,10.214286,10.214285714285714,14.7483549118042,True
2025-12-21 23:00:00,CCA,33.0,17.43435,11.214286,11.214285714285714,14.7483549118042,True
2025-12-22 00:00:00,CCA,29.0,19.03615,12.916667,12.916666666666666,14.7483549118042,False
2025-12-22 01:00:00,CCA,22.0,15.489532,12.25,12.25,14.7483549118042,False
2025-12-22 02:00:00,CCA,16.0,11.453072,10.666667,10.666666666666666,14.7483549118042,False
2025-12-22 03:00:00,CCA,15.0,6.9193196,8.714286,8.714285714285714,14.7483549118042,False
2025-12-22 04:00:00,CCA,14.0,6.8942227,9.142858,9.142857142857142,14.7483549118042,False
2025-12-22 05:00:00,CCA,5.0,3.117292,6.928571,6.928571428571429,14.7483549118042,False
2025-12-22 06:00:00,CCA,2.0,2.3487034,5.0,5.0,14.7483549118042,False
2025-12-22 07:00:00,CCA,3.0,1.3625667,4.214286,4.214285714285714,14.7483549118042,False
2025-12-22 08:00:00,CCA,10.0,4.7009096,8.428572,8.428571428571429,14.7483549118042,False
2025-12-22 09:00:00,CCA,22.0,14.313578,19.714285,19.714285714285715,14.7483549118042,False
2025-12-22 10:00:00,CCA,34.0,26.774624,36.42857,36.42857142857143,14.7483549118042,False
2025-12-22 11:00:00,CCA,44.0,35.025593,51.214287,51.214285714285715,14.7483549118042,False
2025-12-22 12:00:00,CCA,49.0,40.899467,62.142857,62.142857142857146,14.7483549118042,False
2025-12-22 13:00:00,CCA,67.0,47.235817,72.35714,72.35714285714286,14.7483549118042,True
2025-12-22 14:00:00,CCA,74.0,46.898678,72.0,72.0,14.7483549118042,True
2025-12-22 15:00:00,CCA,78.0,49.653652,67.64286,67.64285714285714,14.7483549118042,True
2025-12-22 16:00:00,CCA,51.0,28.708405,59.214287,59.214285714285715,14.7483549118042,True
2025-12-22 17:00:00,CCA,25.0,15.917992,48.714287,48.714285714285715,14.7483549118042,False
2025-12-22 18:00:00,CCA,13.0,5.652199,32.07143,32.07142857142857,14.7483549118042,False
2025-12-22 19:00:00,CCA,10.0,-4.332405,21.071428,21.071428571428573,14.7483549118042,False
2025-12-22 20:00:00,CCA,4.0,-9.363973,14.857142,14.857142857142858,14.7483549118042,False
2025-12-22 21:00:00,CCA,5.0,-5.5493345,13.285714,13.285714285714286,14.7483549118042,False
2025-12-22 22:00:00,CCA,11.0,-2.0466042,11.214286,11.214285714285714,14.7483549118042,False
2025-12-22 23:00:00,CCA,10.0,3.0506458,11.714286,11.714285714285714,14.7483549118042,False
2025-12-23 00:00:00,CCA,9.0,5.567509,12.666667,12.666666666666666,14.7483549118042,False
2025-12-23 01:00:00,CCA,12.0,7.54906,11.583333,11.583333333333334,14.7483549118042,False
2025-12-23 02:00:00,CCA,12.0,11.284211,9.5,9.5,14.7483549118042,False
2025-12-23 03:00:00,CCA,11.0,10.388,7.714286,7.714285714285714,14.7483549118042,False
2025-12-23 04:00:00,CCA,5.0,7.814463,8.142858,8.142857142857142,14.7483549118042,False
2025-12-23 05:00:00,CCA,2.0,5.576768,5.571429,5.571428571428571,14.7483549118042,False
2025-12-23 06:00:00,CCA,2.0,4.3185897,3.857143,3.857142857142857,14.7483549118042,False
2025-12-23 07:00:00,CCA,3.0,4.5952897,3.857143,3.857142857142857,14.7483549118042,False
2025-12-23 08:00:00,CCA,3.0,8.980971,8.5,8.5,14.7483549118042,False
2025-12-23 09:00:00,CCA,5.0,13.585491,20.642857,20.642857142857142,14.7483549118042,False
2025-12-23 10:00:00,CCA,14.0,23.578842,37.285713,37.285714285714285,14.7483549118042,False
2025-12-23 11:00:00,CCA,26.0,33.473217,52.0,52.0,14.7483549118042,False
2025-12-23 12:00:00,CCA,38.0,43.921852,62.785713,62.785714285714285,14.7483549118042,False
2025-12-23 13:00:00,CCA,56.0,60.331146,74.21429,74.21428571428571,14.7483549118042,False
2025-12-23 14:00:00,CCA,74.0,74.13565,75.28571,75.28571428571429,14.7483549118042,False
2025-12-23 15:00:00,CCA,85.0,82.462105,70.92857,70.92857142857143,14.7483549118042,False
2025-12-23 16:00:00,CCA,80.0,80.88931,60.642857,60.642857142857146,14.7483549118042,False
2025-12-23 17:00:00,CCA,75.0,63.768887,48.785713,48.785714285714285,14.7483549118042,False
2025-12-23 18:00:00,CCA,33.0,32.378815,31.928572,31.928571428571427,14.7483549118042,False
2025-12-23 19:00:00,CCA,17.0,8.10174,21.428572,21.428571428571427,14.7483549118042,False
2025-12-23 20:00:00,CCA,13.0,-0.1469202,15.0,15.0,14.7483549118042,False
2025-12-23 21:00:00,CCA,18.0,0.46553802,13.5,13.5,14.7483549118042,True
2025-12-23 22:00:00,CCA,14.0,2.9042702,11.857142,11.857142857142858,14.7483549118042,False
2025-12-23 23:00:00,CCA,6.0,3.3158655,12.285714,12.285714285714286,14.7483549118042,False
2025-12-24 00:00:00,CCA,10.0,6.3735514,13.083333,13.083333333333334,14.7483549118042,False
2025-12-24 01:00:00,CCA,11.0,7.9838414,12.416667,12.416666666666666,14.7483549118042,False
2025-12-24 02:00:00,CCA,10.0,7.1887083,10.333333,10.333333333333334,14.7483549118042,False
2025-12-24 03:00:00,CCA,8.0,3.1633282,8.357142,8.357142857142858,14.7483549118042,False
2025-12-24 04:00:00,CCA,4.0,3.4552698,8.357142,8.357142857142858,14.7483549118042,False
2025-12-24 05:00:00,CCA,2.0,2.1765563,5.571429,5.571428571428571,14.7483549118042,False
2025-12-24 06:00:00,CCA,3.0,1.1887846,3.857143,3.857142857142857,14.7483549118042,False
2025-12-24 07:00:00,CCA,2.0,1.8843751,3.9285715,3.9285714285714284,14.7483549118042,False
2025-12-24 08:00:00,CCA,4.0,9.159605,8.285714,8.285714285714286,14.7483549118042,False
2025-12-24 09:00:00,CCA,7.0,18.168259,19.857143,19.857142857142858,14.7483549118042,False
2025-12-24 10:00:00,CCA,14.0,35.847836,35.57143,35.57142857142857,14.7483549118042,True
2025-12-24 11:00:00,CCA,32.0,48.038467,49.785713,49.785714285714285,14.7483549118042,True
2025-12-24 12:00:00,CCA,54.0,63.349796,60.57143,60.57142857142857,14.7483549118042,False
2025-12-24 13:00:00,CCA,73.0,79.880714,72.07143,72.07142857142857,14.7483549118042,False
2025-12-24 14:00:00,CCA,90.0,87.70354,75.64286,75.64285714285714,14.7483549118042,False
2025-12-24 15:00:00,CCA,107.0,93.844025,74.07143,74.07142857142857,14.7483549118042,False
2025-12-24 16:00:00,CCA,109.0,79.60315,64.21429,64.21428571428571,14.7483549118042,True
2025-12-24 17:00:00,CCA,70.0,59.75526,52.785713,52.785714285714285,14.7483549118042,False
2025-12-24 18:00:00,CCA,26.0,29.899004,32.857143,32.857142857142854,14.7483549118042,False
2025-12-24 19:00:00,CCA,28.0,9.658753,21.642857,21.642857142857142,14.7483549118042,True
2025-12-24 20:00:00,CCA,23.0,4.012616,14.714286,14.714285714285714,14.7483549118042,True
2025-12-24 21:00:00,CCA,21.0,3.2564116,14.285714,14.285714285714286,14.7483549118042,True
2025-12-24 22:00:00,CCA,19.0,2.8537788,11.571428,11.571428571428571,14.7483549118042,True
2025-12-24 23:00:00,CCA,15.0,4.6914577,11.714286,11.714285714285714,14.7483549118042,False
2025-12-25 03:00:00,CCA,15.0,10.941198,8.642858,8.642857142857142,14.7483549118042,False
2025-12-25 04:00:00,CCA,8.0,2.4895515,8.357142,8.357142857142858,14.7483549118042,False
2025-12-25 05:00:00,CCA,2.0,1.2060099,5.5,5.5,14.7483549118042,False
2025-12-25 06:00:00,CCA,2.0,0.748271,3.9285715,3.9285714285714284,14.7483549118042,False
2025-12-25 07:00:00,CCA,4.0,2.2699485,3.857143,3.857142857142857,14.7483549118042,False
2025-12-25 08:00:00,CCA,10.0,7.17266,7.857143,7.857142857142857,14.7483549118042,False
2025-12-25 09:00:00,CCA,19.0,19.14834,18.428572,18.428571428571427,14.7483549118042,False
2025-12-25 10:00:00,CCA,25.0,35.0182,33.214287,33.214285714285715,14.7483549118042,False
2025-12-25 11:00:00,CCA,46.0,41.990814,47.857143,47.857142857142854,14.7483549118042,False
2025-12-25 12:00:00,CCA,67.0,55.833447,58.92857,58.92857142857143,14.7483549118042,False
2025-12-25 13:00:00,CCA,80.0,71.82023,71.42857,71.42857142857143,14.7483549118042,False
2025-12-25 14:00:00,CCA,85.0,71.72911,76.07143,76.07142857142857,14.7483549118042,False
2025-12-25 15:00:00,CCA,74.0,64.16833,76.71429,76.71428571428571,14.7483549118042,False
2025-12-25 16:00:00,CCA,63.0,51.590965,68.28571,68.28571428571429,14.7483549118042,False
2025-12-25 17:00:00,CCA,56.0,48.520878,55.0,55.0,14.7483549118042,False
2025-12-25 18:00:00,CCA,37.0,28.98518,33.357143,33.357142857142854,14.7483549118042,False
2025-12-25 19:00:00,CCA,28.0,15.297278,23.214285,23.214285714285715,14.7483549118042,False
2025-12-25 20:00:00,CCA,20.0,6.0896063,15.642858,15.642857142857142,14.7483549118042,False
2025-12-25 21:00:00,CCA,19.0,7.581398,14.5,14.5,14.7483549118042,False
2025-12-25 22:00:00,CCA,21.0,8.264254,12.142858,12.142857142857142,14.7483549118042,False
2025-12-25 23:00:00,CCA,23.0,8.35549,11.071428,11.071428571428571,14.7483549118042,False
2025-12-26 00:00:00,CCA,22.0,9.740689,13.090909,13.090909090909092,14.7483549118042,False
2025-12-26 01:00:00,CCA,15.0,10.5893955,12.818182,12.818181818181818,14.7483549118042,False
2025-12-26 02:00:00,CCA,7.0,6.1561546,11.181818,11.181818181818182,14.7483549118042,False
2025-12-26 03:00:00,CCA,3.0,4.2009,9.571428,9.571428571428571,14.7483549118042,False
2025-12-26 04:00:00,CCA,3.0,4.20068,8.785714,8.785714285714286,14.7483549118042,False
2025-12-26 05:00:00,CCA,6.0,2.3962336,5.428571,5.428571428571429,14.7483549118042,False
2025-12-26 06:00:00,CCA,5.0,3.746454,3.9285715,3.9285714285714284,14.7483549118042,False
2025-12-26 07:00:00,CCA,2.0,4.533319,3.9285715,3.9285714285714284,14.7483549118042,False
2025-12-26 08:00:00,CCA,5.0,6.8012776,8.142858,8.142857142857142,14.7483549118042,False
2025-12-26 09:00:00,CCA,15.0,14.843716,18.071428,18.071428571428573,14.7483549118042,False
2025-12-26 10:00:00,CCA,26.0,27.91727,32.57143,32.57142857142857,14.7483549118042,False
2025-12-26 11:00:00,CCA,36.0,44.524258,48.142857,48.142857142857146,14.7483549118042,False
2025-12-26 12:00:00,CCA,49.0,54.89405,59.857143,59.857142857142854,14.7483549118042,False
2025-12-26 13:00:00,CCA,61.0,60.99028,72.57143,72.57142857142857,14.7483549118042,False
2025-12-26 14:00:00,CCA,66.0,58.40267,76.85714,76.85714285714286,14.7483549118042,False
2025-12-26 15:00:00,CCA,68.0,63.293785,76.92857,76.92857142857143,14.7483549118042,False
2025-12-26 16:00:00,CCA,45.0,49.014053,68.57143,68.57142857142857,14.7483549118042,False
2025-12-26 17:00:00,CCA,35.0,28.952484,55.857143,55.857142857142854,14.7483549118042,False
2025-12-26 18:00:00,CCA,35.0,15.212051,34.42857,34.42857142857143,14.7483549118042,True
2025-12-26 19:00:00,CCA,26.0,7.967869,24.642857,24.642857142857142,14.7483549118042,True
2025-12-26 20:00:00,CCA,24.0,2.7251482,15.928572,15.928571428571429,14.7483549118042,True
2025-12-26 21:00:00,CCA,19.0,2.6569052,14.071428,14.071428571428571,14.7483549118042,True
2025-12-26 22:00:00,CCA,6.0,3.1234236,12.785714,12.785714285714286,14.7483549118042,False
2025-12-26 23:00:00,CCA,3.0,4.2949905,12.5,12.5,14.7483549118042,False
2025-12-27 00:00:00,CCA,4.0,5.3054533,14.272727,14.272727272727273,14.7483549118042,False
2025-12-27 01:00:00,CCA,3.0,7.406768,13.454545,13.454545454545455,14.7483549118042,False
2025-12-27 02:00:00,CCA,3.0,6.02981,11.636364,11.636363636363637,14.7483549118042,False
2025-12-27 03:00:00,CCA,3.0,4.202177,9.428572,9.428571428571429,14.7483549118042,False
2025-12-27 04:00:00,CCA,3.0,4.245658,8.571428,8.571428571428571,14.7483549118042,False
2025-12-27 05:00:00,CCA,2.0,2.5497763,5.5,5.5,14.7483549118042,False
2025-12-27 06:00:00,CCA,2.0,2.9658518,4.142857,4.142857142857143,14.7483549118042,False
2025-12-27 07:00:00,CCA,3.0,3.7913065,3.9285715,3.9285714285714284,14.7483549118042,False
2025-12-27 08:00:00,CCA,6.0,8.43934,8.0,8.0,14.7483549118042,False
2025-12-27 09:00:00,CCA,17.0,17.541397,17.428572,17.428571428571427,14.7483549118042,False
2025-12-27 10:00:00,CCA,38.0,31.03851,31.142857,31.142857142857142,14.7483549118042,False
2025-12-27 11:00:00,CCA,56.0,53.57893,46.0,46.0,14.7483549118042,False
2025-12-27 12:00:00,CCA,62.0,71.590805,58.214287,58.214285714285715,14.7483549118042,False
2025-12-27 13:00:00,CCA,77.0,73.624146,70.5,70.5,14.7483549118042,False
2025-12-27 14:00:00,CCA,84.0,80.160805,75.0,75.0,14.7483549118042,False
2025-12-27 15:00:00,CCA,85.0,79.68069,76.78571,76.78571428571429,14.7483549118042,False
2025-12-27 16:00:00,CCA,81.0,77.92789,68.14286,68.14285714285714,14.7483549118042,False
2025-12-27 17:00:00,CCA,70.0,66.67651,55.142857,55.142857142857146,14.7483549118042,False
2025-12-27 18:00:00,CCA,56.0,42.106487,34.857143,34.857142857142854,14.7483549118042,False
2025-12-27 19:00:00,CCA,37.0,28.145683,26.071428,26.071428571428573,14.7483549118042,False
2025-12-27 20:00:00,CCA,32.0,22.857811,17.071428,17.071428571428573,14.7483549118042,False
2025-12-27 21:00:00,CCA,27.0,15.953313,15.142858,15.142857142857142,14.7483549118042,False
2025-12-27 22:00:00,CCA,18.0,12.601466,12.857142,12.857142857142858,14.7483549118042,False
2025-12-27 23:00:00,CCA,14.0,13.0564165,12.428572,12.428571428571429,14.7483549118042,False
2025-12-28 00:00:00,CCA,7.0,9.853754,13.416667,13.416666666666666,14.7483549118042,False
2025-12-28 01:00:00,CCA,3.0,4.4699078,12.583333,12.583333333333334,14.7483549118042,False
2025-12-28 02:00:00,CCA,4.0,4.5513473,10.916667,10.916666666666666,14.7483549118042,False
2025-12-28 03:00:00,CCA,6.0,4.8431807,9.357142,9.357142857142858,14.7483549118042,False
2025-12-28 04:00:00,CCA,9.0,4.0139794,8.428572,8.428571428571429,14.7483549118042,False
2025-12-28 05:00:00,CCA,4.0,1.28899,5.5,5.5,14.7483549118042,False
2025-12-28 06:00:00,CCA,2.0,3.2748601,4.142857,4.142857142857143,14.7483549118042,False
2025-12-28 07:00:00,CCA,3.0,1.701153,4.0,4.0,14.7483549118042,False
2025-12-28 08:00:00,CCA,9.0,11.460466,8.142858,8.142857142857142,14.7483549118042,False
2025-12-28 09:00:00,CCA,29.0,22.399973,17.785715,17.785714285714285,14.7483549118042,False
2025-12-28 10:00:00,CCA,51.0,46.21359,31.785715,31.785714285714285,14.7483549118042,False
2025-12-28 11:00:00,CCA,66.0,70.01352,46.857143,46.857142857142854,14.7483549118042,False
2025-12-28 12:00:00,CCA,73.0,76.11457,57.714287,57.714285714285715,14.7483549118042,False
2025-12-28 13:00:00,CCA,73.0,57.190285,70.28571,70.28571428571429,14.7483549118042,True
2025-12-28 14:00:00,CCA,83.0,61.779903,75.71429,75.71428571428571,14.7483549118042,True
2025-12-28 15:00:00,CCA,90.0,76.97747,77.07143,77.07142857142857,14.7483549118042,False
2025-12-28 16:00:00,CCA,96.0,73.46684,68.42857,68.42857142857143,14.7483549118042,True
2025-12-28 17:00:00,CCA,85.0,67.87283,55.785713,55.785714285714285,14.7483549118042,True
2025-12-28 18:00:00,CCA,67.0,42.4144,36.0,36.0,14.7483549118042,True
2025-12-28 19:00:00,CCA,44.0,25.750782,26.928572,26.928571428571427,14.7483549118042,True
2025-12-28 20:00:00,CCA,31.0,23.321934,17.857143,17.857142857142858,14.7483549118042,False
2025-12-28 21:00:00,CCA,20.0,16.359274,15.928572,15.928571428571429,14.7483549118042,False
2025-12-28 22:00:00,CCA,12.0,10.370058,13.5,13.5,14.7483549118042,False
2025-12-28 23:00:00,CCA,29.0,13.9396715,12.857142,12.857142857142858,14.7483549118042,True
2025-12-29 00:00:00,CCA,32.0,21.364235,13.083333,13.083333333333334,14.7483549118042,False
2025-12-29 01:00:00,CCA,21.0,22.636017,12.0,12.0,14.7483549118042,False
2025-12-29 02:00:00,CCA,18.0,16.3306,10.75,10.75,14.7483549118042,False
2025-12-29 03:00:00,CCA,15.0,13.965781,9.642858,9.642857142857142,14.7483549118042,False
2025-12-29 04:00:00,CCA,10.0,13.832999,8.928572,8.928571428571429,14.7483549118042,False
2025-12-29 05:00:00,CCA,18.0,10.371555,5.642857,5.642857142857143,14.7483549118042,False
2025-12-29 06:00:00,CCA,5.0,9.272402,4.142857,4.142857142857143,14.7483549118042,False
2025-12-29 07:00:00,CCA,3.0,6.744875,4.071429,4.071428571428571,14.7483549118042,False
2025-12-29 08:00:00,CCA,9.0,10.658215,8.357142,8.357142857142858,14.7483549118042,False
2025-12-29 09:00:00,CCA,24.0,21.261925,18.571428,18.571428571428573,14.7483549118042,False
2025-12-29 10:00:00,CCA,34.0,41.55715,33.0,33.0,14.7483549118042,False
2025-12-29 11:00:00,CCA,56.0,57.07453,48.285713,48.285714285714285,14.7483549118042,False
2025-12-29 12:00:00,CCA,66.0,64.633026,58.92857,58.92857142857143,14.7483549118042,False
2025-12-29 13:00:00,CCA,66.0,61.736095,71.21429,71.21428571428571,14.7483549118042,False
2025-12-29 14:00:00,CCA,62.0,55.10697,76.57143,76.57142857142857,14.7483549118042,False
2025-12-29 15:00:00,CCA,55.0,55.54254,78.71429,78.71428571428571,14.7483549118042,False
2025-12-29 16:00:00,CCA,49.0,47.78763,71.85714,71.85714285714286,14.7483549118042,False
2025-12-29 17:00:00,CCA,40.0,39.442886,59.0,59.0,14.7483549118042,False
2025-12-29 18:00:00,CCA,32.0,21.771706,38.357143,38.357142857142854,14.7483549118042,False
2025-12-29 19:00:00,CCA,26.0,10.521257,28.285715,28.285714285714285,14.7483549118042,True
2025-12-29 20:00:00,CCA,18.0,2.7282028,18.857143,18.857142857142858,14.7483549118042,True
2025-12-29 21:00:00,CCA,21.0,5.9369173,15.714286,15.714285714285714,14.7483549118042,True
2025-12-29 22:00:00,CCA,20.0,14.289328,12.785714,12.785714285714286,14.7483549118042,False
2025-12-29 23:00:00,CCA,17.0,17.34259,13.357142,13.357142857142858,14.7483549118042,False
2025-12-30 00:00:00,CCA,15.0,17.209171,13.916667,13.916666666666666,14.7483549118042,False
2025-12-30 01:00:00,CCA,16.0,14.567951,11.333333,11.333333333333334,14.7483549118042,False
2025-12-30 02:00:00,CCA,20.0,15.1632395,10.083333,10.083333333333334,14.7483549118042,False
2025-12-30 03:00:00,CCA,22.0,15.595024,8.857142,8.857142857142858,14.7483549118042,False
2025-12-30 04:00:00,CCA,23.0,16.21888,7.571429,7.571428571428571,14.7483549118042,False
2025-12-30 05:00:00,CCA,22.0,14.546307,5.071429,5.071428571428571,14.7483549118042,False
2025-12-30 06:00:00,CCA,20.0,11.775889,3.0714285,3.0714285714285716,14.7483549118042,False
2025-12-30 07:00:00,CCA,20.0,9.75687,3.142857,3.142857142857143,14.7483549118042,False
2025-12-30 08:00:00,CCA,21.0,8.649545,7.571429,7.571428571428571,14.7483549118042,False
2025-12-30 09:00:00,CCA,26.0,10.424647,18.928572,18.928571428571427,14.7483549118042,True
2025-12-30 10:00:00,CCA,28.0,16.09502,33.714287,33.714285714285715,14.7483549118042,False
2025-12-30 11:00:00,CCA,31.0,19.11432,50.5,50.5,14.7483549118042,False
2025-12-30 12:00:00,CCA,38.0,20.044773,61.642857,61.642857142857146,14.7483549118042,True
2025-12-30 13:00:00,CCA,42.0,29.099228,73.71429,73.71428571428571,14.7483549118042,False
2025-12-30 14:00:00,CCA,46.0,35.026962,79.0,79.0,14.7483549118042,False
2025-12-30 15:00:00,CCA,47.0,41.972378,80.71429,80.71428571428571,14.7483549118042,False
2025-12-30 16:00:00,CCA,48.0,47.604595,73.78571,73.78571428571429,14.7483549118042,False
2025-12-30 17:00:00,CCA,45.0,44.68464,60.714287,60.714285714285715,14.7483549118042,False
2025-12-30 18:00:00,CCA,28.0,23.582169,39.857143,39.857142857142854,14.7483549118042,False
2025-12-30 19:00:00,CCA,18.0,8.4161415,29.5,29.5,14.7483549118042,False
2025-12-30 20:00:00,CCA,8.0,0.8218632,19.714285,19.714285714285715,14.7483549118042,False
2025-12-30 21:00:00,CCA,9.0,1.8664284,16.857143,16.857142857142858,14.7483549118042,False
2025-12-30 22:00:00,CCA,9.0,2.1197233,13.857142,13.857142857142858,14.7483549118042,False
2025-12-30 23:00:00,CCA,3.0,2.8218908,13.785714,13.785714285714286,14.7483549118042,False
2025-12-31 03:00:00,CCA,3.0,16.38815,10.214286,10.214285714285714,14.7483549118042,False
2025-12-31 04:00:00,CCA,3.0,0.007819176,9.0,9.0,14.7483549118042,False
2025-12-31 05:00:00,CCA,3.0,0.4283166,6.5,6.5,14.7483549118042,False
2025-12-31 06:00:00,CCA,3.0,0.30625296,4.357143,4.357142857142857,14.7483549118042,False
2025-12-31 07:00:00,CCA,3.0,2.4770658,4.428571,4.428571428571429,14.7483549118042,False
2025-12-31 08:00:00,CCA,6.0,7.7655883,8.714286,8.714285714285714,14.7483549118042,False
2025-12-31 09:00:00,CCA,14.0,18.675415,19.785715,19.785714285714285,14.7483549118042,False
2025-12-31 10:00:00,CCA,28.0,33.691658,33.857143,33.857142857142854,14.7483549118042,False
2025-12-31 11:00:00,CCA,45.0,55.795315,50.0,50.0,14.7483549118042,False
2025-12-31 12:00:00,CCA,72.0,68.82684,60.92857,60.92857142857143,14.7483549118042,False
2025-12-31 13:00:00,CCA,86.0,79.51168,71.64286,71.64285714285714,14.7483549118042,False
2025-12-31 14:00:00,CCA,84.0,77.74021,78.14286,78.14285714285714,14.7483549118042,False
2025-12-31 15:00:00,CCA,86.0,93.54497,80.14286,80.14285714285714,14.7483549118042,False
2025-12-31 16:00:00,CCA,98.0,82.4575,73.71429,73.71428571428571,14.7483549118042,True
2025-12-31 17:00:00,CCA,90.0,80.81851,61.07143,61.07142857142857,14.7483549118042,False
2025-12-31 18:00:00,CCA,51.0,52.84846,40.42857,40.42857142857143,14.7483549118042,False
2025-12-31 19:00:00,CCA,51.0,40.62879,29.214285,29.214285714285715,14.7483549118042,False
2025-12-31 20:00:00,CCA,44.0,30.908245,19.642857,19.642857142857142,14.7483549118042,False
2025-12-31 21:00:00,CCA,25.0,24.10446,17.285715,17.285714285714285,14.7483549118042,False
2025-12-31 22:00:00,CCA,20.0,16.613777,14.285714,14.285714285714286,14.7483549118042,False
2025-12-31 23:00:00,CCA,15.0,13.990206,13.785714,13.785714285714286,14.7483549118042,False
