timestamp,estacion,original_ppb,predicho_ppb,base_ppb,perfil_ppb,umbral_ppb,alerta_limpia
2025-10-21 00:00:00,HGM,8.0,8.426435,10.363636,10.363636363636363,14.035392761230469,False
2025-10-21 01:00:00,HGM,14.0,6.733832,9.0,9.0,14.035392761230469,False
2025-10-21 02:00:00,HGM,6.0,5.8844523,7.818182,7.818181818181818,14.035392761230469,False
2025-10-21 03:00:00,HGM,2.0,7.942945,9.461538,9.461538461538462,14.035392761230469,False
2025-10-21 04:00:00,HGM,2.0,8.793233,9.0,9.0,14.035392761230469,False
2025-10-21 05:00:00,HGM,2.0,7.062416,5.923077,5.923076923076923,14.035392761230469,False
2025-10-21 06:00:00,HGM,3.0,6.832767,5.1538463,5.153846153846154,14.035392761230469,False
2025-10-21 07:00:00,HGM,5.0,8.901338,6.3846154,6.384615384615385,14.035392761230469,False
2025-10-21 08:00:00,HGM,9.0,14.173146,11.076923,11.076923076923077,14.035392761230469,False
2025-10-21 09:00:00,HGM,23.0,25.462822,21.416666,21.416666666666668,14.035392761230469,False
2025-10-21 10:00:00,HGM,36.0,37.89133,31.923077,31.923076923076923,14.035392761230469,False
2025-10-21 11:00:00,HGM,47.0,53.760452,44.46154,44.46153846153846,14.035392761230469,False
2025-10-21 12:00:00,HGM,74.0,72.12106,55.23077,55.23076923076923,14.035392761230469,False
2025-10-21 13:00:00,HGM,86.0,84.77575,60.23077,60.23076923076923,14.035392761230469,False
2025-10-21 14:00:00,HGM,76.0,81.0218,56.285713,56.285714285714285,14.035392761230469,False
2025-10-21 15:00:00,HGM,66.0,78.68783,51.714287,51.714285714285715,14.035392761230469,False
2025-10-21 16:00:00,HGM,44.0,66.01605,46.642857,46.642857142857146,14.035392761230469,True
2025-10-21 17:00:00,HGM,28.0,43.75854,37.0,37.0,14.035392761230469,True
2025-10-21 18:00:00,HGM,19.0,31.990807,26.642857,26.642857142857142,14.035392761230469,False
2025-10-21 19:00:00,HGM,15.0,25.22238,20.214285,20.214285714285715,14.035392761230469,False
2025-10-21 20:00:00,HGM,14.0,19.855106,15.857142,15.857142857142858,14.035392761230469,False
2025-10-21 21:00:00,HGM,14.0,16.022293,14.428572,14.428571428571429,14.035392761230469,False
2025-10-21 22:00:00,HGM,14.0,11.886451,10.714286,10.714285714285714,14.035392761230469,False
2025-10-21 23:00:00,HGM,11.0,12.050223,10.714286,10.714285714285714,14.035392761230469,False
2025-10-22 00:00:00,HGM,12.0,11.659318,10.0,10.0,14.035392761230469,False
2025-10-22 01:00:00,HGM,10.0,12.005243,9.909091,9.909090909090908,14.035392761230469,False
2025-10-22 02:00:00,HGM,11.0,10.107594,7.909091,7.909090909090909,14.035392761230469,False
2025-10-22 03:00:00,HGM,13.0,11.84099,9.230769,9.23076923076923,14.035392761230469,False
2025-10-22 04:00:00,HGM,11.0,12.397757,8.615385,8.615384615384615,14.035392761230469,False
2025-10-22 05:00:00,HGM,12.0,10.335577,5.6923075,5.6923076923076925,14.035392761230469,False
2025-10-22 06:00:00,HGM,6.0,9.589634,5.1538463,5.153846153846154,14.035392761230469,False
2025-10-22 07:00:00,HGM,8.0,10.32782,6.3846154,6.384615384615385,14.035392761230469,False
2025-10-22 08:00:00,HGM,15.0,16.20889,11.153846,11.153846153846153,14.035392761230469,False
2025-10-22 09:00:00,HGM,23.0,29.106789,21.75,21.75,14.035392761230469,False
2025-10-22 10:00:00,HGM,31.0,40.115498,32.615383,32.61538461538461,14.035392761230469,False
2025-10-22 11:00:00,HGM,33.0,47.966198,44.53846,44.53846153846154,14.035392761230469,True
2025-10-22 12:00:00,HGM,35.0,53.095955,56.384617,56.38461538461539,14.035392761230469,True
2025-10-22 13:00:00,HGM,36.0,50.418617,62.615383,62.61538461538461,14.035392761230469,True
2025-10-22 14:00:00,HGM,40.0,44.061607,58.642857,58.642857142857146,14.035392761230469,False
2025-10-22 15:00:00,HGM,37.0,43.27648,53.785713,53.785714285714285,14.035392761230469,False
2025-10-22 16:00:00,HGM,31.0,38.979874,47.285713,47.285714285714285,14.035392761230469,False
2025-10-22 17:00:00,HGM,27.0,31.927727,36.785713,36.785714285714285,14.035392761230469,False
2025-10-22 18:00:00,HGM,21.0,23.14317,26.142857,26.142857142857142,14.035392761230469,False
2025-10-22 19:00:00,HGM,15.0,17.542057,19.928572,19.928571428571427,14.035392761230469,False
2025-10-22 20:00:00,HGM,12.0,14.270531,15.642858,15.642857142857142,14.035392761230469,False
2025-10-22 21:00:00,HGM,9.0,13.065208,14.285714,14.285714285714286,14.035392761230469,False
2025-10-22 22:00:00,HGM,7.0,9.699566,10.357142,10.357142857142858,14.035392761230469,False
2025-10-22 23:00:00,HGM,6.0,9.741328,9.785714,9.785714285714286,14.035392761230469,False
2025-10-23 00:00:00,HGM,2.0,10.223217,10.166667,10.166666666666666,14.035392761230469,False
2025-10-23 01:00:00,HGM,3.0,10.287795,9.916667,9.916666666666666,14.035392761230469,False
2025-10-23 02:00:00,HGM,7.0,9.531843,8.166667,8.166666666666666,14.035392761230469,False
2025-10-23 03:00:00,HGM,11.0,12.010494,9.307693,9.307692307692308,14.035392761230469,False
2025-10-23 04:00:00,HGM,4.0,11.986356,8.307693,8.307692307692308,14.035392761230469,False
2025-10-23 05:00:00,HGM,2.0,10.518711,5.923077,5.923076923076923,14.035392761230469,False
2025-10-23 06:00:00,HGM,4.0,9.308328,4.923077,4.923076923076923,14.035392761230469,False
2025-10-23 07:00:00,HGM,6.0,10.4363985,6.3076925,6.3076923076923075,14.035392761230469,False
2025-10-23 08:00:00,HGM,6.0,14.530166,11.307693,11.307692307692308,14.035392761230469,False
2025-10-23 09:00:00,HGM,13.0,25.197983,22.416666,22.416666666666668,14.035392761230469,False
2025-10-23 10:00:00,HGM,28.0,35.487206,33.846153,33.84615384615385,14.035392761230469,False
2025-10-23 11:00:00,HGM,47.0,50.050114,45.307693,45.30769230769231,14.035392761230469,False
2025-10-23 12:00:00,HGM,64.0,68.943436,57.384617,57.38461538461539,14.035392761230469,False
2025-10-23 13:00:00,HGM,71.0,81.81746,63.923077,63.92307692307692,14.035392761230469,False
2025-10-23 14:00:00,HGM,82.0,81.22465,60.214287,60.214285714285715,14.035392761230469,False
2025-10-23 15:00:00,HGM,81.0,78.52396,55.214287,55.214285714285715,14.035392761230469,False
2025-10-23 16:00:00,HGM,69.0,71.811874,48.714287,48.714285714285715,14.035392761230469,False
2025-10-23 17:00:00,HGM,52.0,61.409393,38.285713,38.285714285714285,14.035392761230469,False
2025-10-23 18:00:00,HGM,39.0,48.026836,27.428572,27.428571428571427,14.035392761230469,False
2025-10-23 19:00:00,HGM,23.0,26.975338,20.785715,20.785714285714285,14.035392761230469,False
2025-10-23 20:00:00,HGM,13.0,16.108267,16.071428,16.071428571428573,14.035392761230469,False
2025-10-23 21:00:00,HGM,8.0,13.956816,14.571428,14.571428571428571,14.035392761230469,False
2025-10-23 22:00:00,HGM,9.0,9.677969,10.571428,10.571428571428571,14.035392761230469,False
2025-10-23 23:00:00,HGM,9.0,8.652377,9.857142,9.857142857142858,14.035392761230469,False
2025-10-24 00:00:00,HGM,6.0,9.120889,10.0,10.0,14.035392761230469,False
2025-10-24 01:00:00,HGM,9.0,9.521359,9.833333,9.833333333333334,14.035392761230469,False
2025-10-24 02:00:00,HGM,7.0,9.3003645,8.5,8.5,14.035392761230469,False
2025-10-24 03:00:00,HGM,3.0,12.135305,9.923077,9.923076923076923,14.035392761230469,False
2025-10-24 04:00:00,HGM,2.0,11.516218,8.384615,8.384615384615385,14.035392761230469,False
2025-10-24 05:00:00,HGM,2.0,9.620958,5.923077,5.923076923076923,14.035392761230469,False
2025-10-24 06:00:00,HGM,2.0,9.115457,5.076923,5.076923076923077,14.035392761230469,False
2025-10-24 07:00:00,HGM,4.0,11.162138,6.5384617,6.538461538461538,14.035392761230469,False
2025-10-24 08:00:00,HGM,9.0,17.084278,11.538462,11.538461538461538,14.035392761230469,False
2025-10-24 09:00:00,HGM,23.0,31.29234,23.166666,23.166666666666668,14.035392761230469,False
2025-10-24 10:00:00,HGM,45.0,48.99712,35.46154,35.46153846153846,14.035392761230469,False
2025-10-24 11:00:00,HGM,67.0,70.71539,47.76923,47.76923076923077,14.035392761230469,False
2025-10-24 12:00:00,HGM,74.0,87.07624,60.615383,60.61538461538461,14.035392761230469,False
2025-10-24 13:00:00,HGM,84.0,94.893166,67.23077,67.23076923076923,14.035392761230469,False
2025-10-24 14:00:00,HGM,98.0,98.92122,64.28571,64.28571428571429,14.035392761230469,False
2025-10-24 15:00:00,HGM,102.0,98.953545,59.5,59.5,14.035392761230469,False
2025-10-24 16:00:00,HGM,95.0,90.61398,53.0,53.0,14.035392761230469,False
2025-10-24 17:00:00,HGM,80.0,83.90503,41.214287,41.214285714285715,14.035392761230469,False
2025-10-24 18:00:00,HGM,59.0,66.23054,29.785715,29.785714285714285,14.035392761230469,False
2025-10-24 19:00:00,HGM,43.0,45.073227,22.214285,22.214285714285715,14.035392761230469,False
2025-10-24 20:00:00,HGM,24.0,32.523148,16.785715,16.785714285714285,14.035392761230469,False
2025-10-24 21:00:00,HGM,11.0,19.776752,14.928572,14.928571428571429,14.035392761230469,False
2025-10-24 22:00:00,HGM,14.0,14.377522,11.071428,11.071428571428571,14.035392761230469,False
2025-10-24 23:00:00,HGM,9.0,13.710033,10.357142,10.357142857142858,14.035392761230469,False
2025-10-25 00:00:00,HGM,6.0,13.793077,10.333333,10.333333333333334,14.035392761230469,False
2025-10-25 01:00:00,HGM,3.0,12.7920265,10.416667,10.416666666666666,14.035392761230469,False
2025-10-25 02:00:00,HGM,3.0,12.01486,8.916667,8.916666666666666,14.035392761230469,False
2025-10-25 03:00:00,HGM,3.0,13.793602,10.0,10.0,14.035392761230469,False
2025-10-25 04:00:00,HGM,3.0,13.415522,8.384615,8.384615384615385,14.035392761230469,False
2025-10-25 05:00:00,HGM,3.0,11.780653,5.923077,5.923076923076923,14.035392761230469,False
2025-10-25 06:00:00,HGM,3.0,10.480461,5.076923,5.076923076923077,14.035392761230469,False
2025-10-25 07:00:00,HGM,4.0,12.153433,6.6153846,6.615384615384615,14.035392761230469,False
2025-10-25 08:00:00,HGM,14.0,17.656885,11.923077,11.923076923076923,14.035392761230469,False
2025-10-25 09:00:00,HGM,34.0,31.073067,23.153847,23.153846153846153,14.035392761230469,False
2025-10-25 10:00:00,HGM,56.0,48.866867,38.0,38.0,14.035392761230469,False
2025-10-25 11:00:00,HGM,76.0,69.073814,50.923077,50.92307692307692,14.035392761230469,False
2025-10-25 12:00:00,HGM,81.0,83.59631,63.846153,63.84615384615385,14.035392761230469,False
2025-10-25 13:00:00,HGM,95.0,90.95589,70.76923,70.76923076923077,14.035392761230469,False
2025-10-25 14:00:00,HGM,97.0,89.303345,70.0,70.0,14.035392761230469,False
2025-10-25 15:00:00,HGM,102.0,86.80059,65.71429,65.71428571428571,14.035392761230469,True
2025-10-25 16:00:00,HGM,94.0,84.30668,58.42857,58.42857142857143,14.035392761230469,False
2025-10-25 17:00:00,HGM,69.0,75.102936,45.714287,45.714285714285715,14.035392761230469,False
2025-10-25 18:00:00,HGM,55.0,55.80703,32.92857,32.92857142857143,14.035392761230469,False
2025-10-25 19:00:00,HGM,42.0,41.207645,24.714285,24.714285714285715,14.035392761230469,False
2025-10-25 20:00:00,HGM,31.0,33.354923,18.0,18.0,14.035392761230469,False
2025-10-25 21:00:00,HGM,25.0,25.971413,15.214286,15.214285714285714,14.035392761230469,False
2025-10-25 22:00:00,HGM,10.0,17.660145,11.642858,11.642857142857142,14.035392761230469,False
2025-10-25 23:00:00,HGM,5.0,14.003335,10.785714,10.785714285714286,14.035392761230469,False
2025-10-26 03:00:00,HGM,3.0,14.732412,10.0,10.0,14.035392761230469,False
2025-10-26 04:00:00,HGM,3.0,12.18484,8.384615,8.384615384615385,14.035392761230469,False
2025-10-26 05:00:00,HGM,3.0,10.878618,5.923077,5.923076923076923,14.035392761230469,False
2025-10-26 06:00:00,HGM,3.0,10.674179,5.1538463,5.153846153846154,14.035392761230469,False
2025-10-26 07:00:00,HGM,5.0,11.844021,6.6923075,6.6923076923076925,14.035392761230469,False
2025-10-26 08:00:00,HGM,12.0,17.567232,12.384615,12.384615384615385,14.035392761230469,False
2025-10-26 09:00:00,HGM,29.0,32.07189,24.384615,24.384615384615383,14.035392761230469,False
2025-10-26 10:00:00,HGM,60.0,54.776516,40.307693,40.30769230769231,14.035392761230469,False
2025-10-26 11:00:00,HGM,78.0,75.4208,55.307693,55.30769230769231,14.035392761230469,False
2025-10-26 12:00:00,HGM,87.0,85.03861,67.46154,67.46153846153847,14.035392761230469,False
2025-10-26 13:00:00,HGM,118.0,94.440865,74.46154,74.46153846153847,14.035392761230469,True
2025-10-26 14:00:00,HGM,118.0,99.02556,73.21429,73.21428571428571,14.035392761230469,True
2025-10-26 15:00:00,HGM,91.0,99.02629,69.5,69.5,14.035392761230469,False
2025-10-26 16:00:00,HGM,80.0,95.26004,61.57143,61.57142857142857,14.035392761230469,True
2025-10-26 17:00:00,HGM,59.0,79.41984,48.285713,48.285714285714285,14.035392761230469,True
2025-10-26 18:00:00,HGM,41.0,56.410217,35.357143,35.357142857142854,14.035392761230469,True
2025-10-26 19:00:00,HGM,32.0,47.562046,26.357143,26.357142857142858,14.035392761230469,True
2025-10-26 20:00:00,HGM,31.0,34.94136,19.071428,19.071428571428573,14.035392761230469,False
2025-10-26 21:00:00,HGM,22.0,26.118946,15.5,15.5,14.035392761230469,False
2025-10-26 22:00:00,HGM,5.0,17.191137,11.428572,11.428571428571429,14.035392761230469,False
2025-10-26 23:00:00,HGM,9.0,13.768002,10.642858,10.642857142857142,14.035392761230469,False
2025-10-27 00:00:00,HGM,8.0,13.437967,10.454545,10.454545454545455,14.035392761230469,False
2025-10-27 01:00:00,HGM,6.0,13.371418,10.363636,10.363636363636363,14.035392761230469,False
2025-10-27 02:00:00,HGM,3.0,12.424619,9.0,9.0,14.035392761230469,False
2025-10-27 03:00:00,HGM,3.0,14.700446,9.538462,9.538461538461538,14.035392761230469,False
2025-10-27 04:00:00,HGM,3.0,14.701534,8.0,8.0,14.035392761230469,False
2025-10-27 05:00:00,HGM,3.0,13.146414,5.8461537,5.846153846153846,14.035392761230469,False
2025-10-27 06:00:00,HGM,3.0,11.2250595,5.1538463,5.153846153846154,14.035392761230469,False
2025-10-27 07:00:00,HGM,4.0,12.144415,6.6923075,6.6923076923076925,14.035392761230469,False
2025-10-27 08:00:00,HGM,11.0,17.36987,12.538462,12.538461538461538,14.035392761230469,False
2025-10-27 09:00:00,HGM,22.0,28.750156,24.615385,24.615384615384617,14.035392761230469,False
2025-10-27 10:00:00,HGM,38.0,40.836834,41.307693,41.30769230769231,14.035392761230469,False
2025-10-27 11:00:00,HGM,55.0,57.067577,56.692307,56.69230769230769,14.035392761230469,False
2025-10-27 12:00:00,HGM,64.0,69.575096,70.0,70.0,14.035392761230469,False
2025-10-27 13:00:00,HGM,67.0,73.09555,78.84615,78.84615384615384,14.035392761230469,False
2025-10-27 14:00:00,HGM,73.0,73.4359,77.28571,77.28571428571429,14.035392761230469,False
2025-10-27 15:00:00,HGM,76.0,71.962036,71.35714,71.35714285714286,14.035392761230469,False
2025-10-27 16:00:00,HGM,66.0,70.547,62.857143,62.857142857142854,14.035392761230469,False
2025-10-27 17:00:00,HGM,47.0,57.626465,48.785713,48.785714285714285,14.035392761230469,False
2025-10-27 18:00:00,HGM,36.0,41.98931,35.285713,35.285714285714285,14.035392761230469,False
2025-10-27 19:00:00,HGM,32.0,33.006126,26.857143,26.857142857142858,14.035392761230469,False
2025-10-27 20:00:00,HGM,32.0,25.741005,20.714285,20.714285714285715,14.035392761230469,False
2025-10-27 21:00:00,HGM,30.0,21.68482,16.357143,16.357142857142858,14.035392761230469,False
2025-10-27 22:00:00,HGM,8.0,12.866426,11.428572,11.428571428571429,14.035392761230469,False
2025-10-27 23:00:00,HGM,3.0,11.125218,10.928572,10.928571428571429,14.035392761230469,False
2025-10-28 00:00:00,HGM,3.0,10.638464,10.909091,10.909090909090908,14.035392761230469,False
2025-10-28 01:00:00,HGM,4.0,10.587702,10.636364,10.636363636363637,14.035392761230469,False
2025-10-28 02:00:00,HGM,7.0,9.882969,9.0,9.0,14.035392761230469,False
2025-10-28 03:00:00,HGM,3.0,11.897942,9.538462,9.538461538461538,14.035392761230469,False
2025-10-28 04:00:00,HGM,3.0,11.421891,8.0,8.0,14.035392761230469,False
2025-10-28 05:00:00,HGM,3.0,9.899851,5.8461537,5.846153846153846,14.035392761230469,False
2025-10-28 06:00:00,HGM,3.0,9.45322,5.1538463,5.153846153846154,14.035392761230469,False
2025-10-28 07:00:00,HGM,4.0,11.2957,6.6153846,6.615384615384615,14.035392761230469,False
2025-10-28 08:00:00,HGM,11.0,17.859007,12.461538,12.461538461538462,14.035392761230469,False
2025-10-28 09:00:00,HGM,21.0,31.487812,24.461538,24.46153846153846,14.035392761230469,False
2025-10-28 10:00:00,HGM,35.0,53.94738,41.23077,41.23076923076923,14.035392761230469,True
2025-10-28 11:00:00,HGM,56.0,80.26538,57.153847,57.15384615384615,14.035392761230469,True
2025-10-28 12:00:00,HGM,55.0,99.4457,70.30769,70.3076923076923,14.035392761230469,True
2025-10-28 13:00:00,HGM,71.0,105.21263,79.46154,79.46153846153847,14.035392761230469,True
2025-10-28 14:00:00,HGM,79.0,104.80725,77.78571,77.78571428571429,14.035392761230469,True
2025-10-28 15:00:00,HGM,81.0,101.127014,72.57143,72.57142857142857,14.035392761230469,True
2025-10-28 16:00:00,HGM,64.0,96.661606,64.21429,64.21428571428571,14.035392761230469,True
2025-10-28 17:00:00,HGM,55.0,72.63487,49.5,49.5,14.035392761230469,True
2025-10-28 18:00:00,HGM,33.0,52.693665,36.0,36.0,14.035392761230469,True
2025-10-28 19:00:00,HGM,30.0,35.670998,27.785715,27.785714285714285,14.035392761230469,False
2025-10-28 20:00:00,HGM,30.0,31.824617,21.857143,21.857142857142858,14.035392761230469,False
2025-10-28 21:00:00,HGM,24.0,28.700228,17.428572,17.428571428571427,14.035392761230469,False
2025-10-28 22:00:00,HGM,8.0,16.476534,11.142858,11.142857142857142,14.035392761230469,False
2025-10-28 23:00:00,HGM,3.0,12.931854,10.428572,10.428571428571429,14.035392761230469,False
2025-10-29 00:00:00,HGM,3.0,11.488529,10.25,10.25,14.035392761230469,False
2025-10-29 01:00:00,HGM,9.0,10.98309,10.083333,10.083333333333334,14.035392761230469,False
2025-10-29 02:00:00,HGM,12.0,10.598295,8.833333,8.833333333333334,14.035392761230469,False
2025-10-29 03:00:00,HGM,7.0,11.608252,9.071428,9.071428571428571,14.035392761230469,False
2025-10-29 04:00:00,HGM,4.0,10.699745,7.642857,7.642857142857143,14.035392761230469,False
2025-10-29 05:00:00,HGM,4.0,8.834319,5.642857,5.642857142857143,14.035392761230469,False
2025-10-29 06:00:00,HGM,6.0,8.544871,5.0,5.0,14.035392761230469,False
2025-10-29 07:00:00,HGM,9.0,10.115598,6.428571,6.428571428571429,14.035392761230469,False
2025-10-29 08:00:00,HGM,24.0,17.970634,12.357142,12.357142857142858,14.035392761230469,False
2025-10-29 09:00:00,HGM,44.0,38.861446,24.214285,24.214285714285715,14.035392761230469,False
2025-10-29 10:00:00,HGM,49.0,63.825638,40.785713,40.785714285714285,14.035392761230469,True
2025-10-29 11:00:00,HGM,53.0,74.94861,57.07143,57.07142857142857,14.035392761230469,True
2025-10-29 12:00:00,HGM,55.0,84.28247,69.21429,69.21428571428571,14.035392761230469,True
2025-10-29 13:00:00,HGM,56.0,87.959564,78.85714,78.85714285714286,14.035392761230469,True
2025-10-29 14:00:00,HGM,55.0,84.72228,78.28571,78.28571428571429,14.035392761230469,True
2025-10-29 15:00:00,HGM,55.0,80.69828,73.5,73.5,14.035392761230469,True
2025-10-29 16:00:00,HGM,52.0,79.63562,65.0,65.0,14.035392761230469,True
2025-10-29 17:00:00,HGM,36.0,68.19698,50.5,50.5,14.035392761230469,True
2025-10-29 18:00:00,HGM,22.0,48.117775,36.07143,36.07142857142857,14.035392761230469,True
2025-10-29 19:00:00,HGM,13.0,34.25703,27.928572,27.928571428571427,14.035392761230469,True
2025-10-29 20:00:00,HGM,10.0,25.799538,22.357143,22.357142857142858,14.035392761230469,True
2025-10-29 21:00:00,HGM,8.0,19.867111,17.428572,17.428571428571427,14.035392761230469,False
2025-10-29 22:00:00,HGM,4.0,10.962033,10.285714,10.285714285714286,14.035392761230469,False
2025-10-29 23:00:00,HGM,3.0,8.178286,9.071428,9.071428571428571,14.035392761230469,False
2025-10-30 00:00:00,HGM,2.0,7.1774473,8.416667,8.416666666666666,14.035392761230469,False
2025-10-30 01:00:00,HGM,2.0,7.6058445,8.666667,8.666666666666666,14.035392761230469,False
2025-10-30 02:00:00,HGM,2.0,6.848545,7.5833335,7.583333333333333,14.035392761230469,False
2025-10-30 03:00:00,HGM,2.0,7.7226143,8.0,8.0,14.035392761230469,False
2025-10-30 04:00:00,HGM,2.0,6.7256165,6.214286,6.214285714285714,14.035392761230469,False
2025-10-30 05:00:00,HGM,2.0,5.888756,4.857143,4.857142857142857,14.035392761230469,False
2025-10-30 06:00:00,HGM,2.0,5.9852095,4.642857,4.642857142857143,14.035392761230469,False
2025-10-30 07:00:00,HGM,3.0,7.4525957,5.785714,5.785714285714286,14.035392761230469,False
2025-10-30 08:00:00,HGM,6.0,14.222197,12.428572,12.428571428571429,14.035392761230469,False
2025-10-30 09:00:00,HGM,16.0,27.706833,25.214285,25.214285714285715,14.035392761230469,False
2025-10-30 10:00:00,HGM,35.0,42.98054,41.357143,41.357142857142854,14.035392761230469,False
2025-10-30 11:00:00,HGM,61.0,66.65362,57.42857,57.42857142857143,14.035392761230469,False
2025-10-30 12:00:00,HGM,71.0,91.11767,68.71429,68.71428571428571,14.035392761230469,True
2025-10-30 13:00:00,HGM,86.0,102.97319,78.28571,78.28571428571429,14.035392761230469,True
2025-10-30 14:00:00,HGM,102.0,104.99555,78.0,78.0,14.035392761230469,False
2025-10-30 15:00:00,HGM,107.0,111.28454,73.28571,73.28571428571429,14.035392761230469,False
2025-10-30 16:00:00,HGM,107.0,106.13754,65.0,65.0,14.035392761230469,False
2025-10-30 17:00:00,HGM,81.0,94.464,51.0,51.0,14.035392761230469,False
2025-10-30 18:00:00,HGM,55.0,71.293175,36.142857,36.142857142857146,14.035392761230469,True
2025-10-30 19:00:00,HGM,35.0,50.4284,27.214285,27.214285714285715,14.035392761230469,True
2025-10-30 20:00:00,HGM,23.0,33.60156,22.142857,22.142857142857142,14.035392761230469,False
2025-10-30 21:00:00,HGM,4.0,24.37053,17.428572,17.428571428571427,14.035392761230469,True
2025-10-30 22:00:00,HGM,5.0,13.331955,9.714286,9.714285714285714,14.035392761230469,False
2025-10-30 23:00:00,HGM,12.0,9.861755,8.285714,8.285714285714286,14.035392761230469,False
2025-10-31 00:00:00,HGM,3.0,8.470555,7.8333335,7.833333333333333,14.035392761230469,False
2025-10-31 01:00:00,HGM,3.0,7.408484,7.8333335,7.833333333333333,14.035392761230469,False
2025-10-31 02:00:00,HGM,3.0,7.2886415,7.1666665,7.166666666666667,14.035392761230469,False
2025-10-31 03:00:00,HGM,3.0,8.820622,8.0,8.0,14.035392761230469,False
2025-10-31 04:00:00,HGM,2.0,7.703238,6.214286,6.214285714285714,14.035392761230469,False
2025-10-31 05:00:00,HGM,3.0,6.949793,4.857143,4.857142857142857,14.035392761230469,False
2025-10-31 06:00:00,HGM,3.0,6.823139,4.642857,4.642857142857143,14.035392761230469,False
2025-10-31 07:00:00,HGM,4.0,8.789424,5.714286,5.714285714285714,14.035392761230469,False
2025-10-31 08:00:00,HGM,7.0,15.722761,12.142858,12.142857142857142,14.035392761230469,False
2025-10-31 09:00:00,HGM,21.0,29.210136,24.714285,24.714285714285715,14.035392761230469,False
2025-10-31 10:00:00,HGM,48.0,49.03401,40.857143,40.857142857142854,14.035392761230469,False
2025-10-31 11:00:00,HGM,66.0,70.73794,57.0,57.0,14.035392761230469,False
2025-10-31 12:00:00,HGM,70.0,80.94176,68.28571,68.28571428571429,14.035392761230469,False
2025-10-31 13:00:00,HGM,72.0,90.58215,77.64286,77.64285714285714,14.035392761230469,True
2025-10-31 14:00:00,HGM,77.0,93.41901,77.71429,77.71428571428571,14.035392761230469,True
2025-10-31 15:00:00,HGM,86.0,75.78476,73.42857,73.42857142857143,14.035392761230469,False
2025-10-31 16:00:00,HGM,82.0,80.59045,66.0,66.0,14.035392761230469,False
2025-10-31 17:00:00,HGM,74.0,64.67711,51.285713,51.285714285714285,14.035392761230469,False
2025-10-31 18:00:00,HGM,54.0,47.59603,36.714287,36.714285714285715,14.035392761230469,False
2025-10-31 19:00:00,HGM,32.0,33.836388,27.0,27.0,14.035392761230469,False
2025-10-31 20:00:00,HGM,27.0,28.465725,22.571428,22.571428571428573,14.035392761230469,False
2025-10-31 21:00:00,HGM,16.0,19.626266,17.214285,17.214285714285715,14.035392761230469,False
2025-10-31 22:00:00,HGM,5.0,8.362282,9.214286,9.214285714285714,14.035392761230469,False
2025-10-31 23:00:00,HGM,3.0,5.5569906,8.142858,8.142857142857142,14.035392761230469,False
2025-11-01 03:00:00,HGM,3.0,9.800409,7.5,7.5,14.035392761230469,False
2025-11-01 04:00:00,HGM,3.0,7.761092,5.642857,5.642857142857143,14.035392761230469,False
2025-11-01 05:00:00,HGM,2.0,6.746189,4.928571,4.928571428571429,14.035392761230469,False
2025-11-01 06:00:00,HGM,3.0,6.5259447,4.642857,4.642857142857143,14.035392761230469,False
2025-11-01 07:00:00,HGM,8.0,7.8236732,5.714286,5.714285714285714,14.035392761230469,False
2025-11-01 08:00:00,HGM,11.0,14.637491,12.142858,12.142857142857142,14.035392761230469,False
2025-11-01 09:00:00,HGM,22.0,25.959856,24.857143,24.857142857142858,14.035392761230469,False
2025-11-01 10:00:00,HGM,43.0,37.261536,41.642857,41.642857142857146,14.035392761230469,False
2025-11-01 11:00:00,HGM,67.0,56.875645,57.5,57.5,14.035392761230469,False
2025-11-01 12:00:00,HGM,85.0,74.76175,66.42857,66.42857142857143,14.035392761230469,False
2025-11-01 13:00:00,HGM,104.0,82.7983,75.14286,75.14285714285714,14.035392761230469,True
2025-11-01 14:00:00,HGM,78.0,76.19081,76.64286,76.64285714285714,14.035392761230469,False
2025-11-01 15:00:00,HGM,80.0,68.654854,73.85714,73.85714285714286,14.035392761230469,False
2025-11-01 16:00:00,HGM,71.0,59.938667,66.64286,66.64285714285714,14.035392761230469,False
2025-11-01 17:00:00,HGM,64.0,51.73904,52.285713,52.285714285714285,14.035392761230469,False
2025-11-01 18:00:00,HGM,58.0,48.51585,37.357143,37.357142857142854,14.035392761230469,False
2025-11-01 19:00:00,HGM,45.0,34.902187,26.928572,26.928571428571427,14.035392761230469,False
2025-11-01 20:00:00,HGM,41.0,36.999382,22.642857,22.642857142857142,14.035392761230469,False
2025-11-01 21:00:00,HGM,38.0,27.332987,16.357143,16.357142857142858,14.035392761230469,False
2025-11-01 22:00:00,HGM,15.0,15.289351,8.857142,8.857142857142858,14.035392761230469,False
2025-11-01 23:00:00,HGM,10.0,8.696955,7.571429,7.571428571428571,14.035392761230469,False
2025-11-02 00:00:00,HGM,10.0,5.57709,5.090909,5.090909090909091,14.035392761230469,False
2025-11-02 01:00:00,HGM,4.0,5.555065,6.0,6.0,14.035392761230469,False
2025-11-02 02:00:00,HGM,3.0,4.9411836,5.818182,5.818181818181818,14.035392761230469,False
2025-11-02 03:00:00,HGM,3.0,6.4622684,6.642857,6.642857142857143,14.035392761230469,False
2025-11-02 04:00:00,HGM,3.0,5.285167,5.0,5.0,14.035392761230469,False
2025-11-02 05:00:00,HGM,3.0,5.5746922,4.642857,4.642857142857143,14.035392761230469,False
2025-11-02 06:00:00,HGM,2.0,6.388529,4.571429,4.571428571428571,14.035392761230469,False
2025-11-02 07:00:00,HGM,9.0,7.942815,6.0,6.0,14.035392761230469,False
2025-11-02 08:00:00,HGM,21.0,16.30507,12.142858,12.142857142857142,14.035392761230469,False
2025-11-02 09:00:00,HGM,34.0,33.20927,25.214285,25.214285714285715,14.035392761230469,False
2025-11-02 10:00:00,HGM,40.0,40.87964,42.0,42.0,14.035392761230469,False
2025-11-02 11:00:00,HGM,43.0,43.11674,57.57143,57.57142857142857,14.035392761230469,False
2025-11-02 12:00:00,HGM,56.0,43.896538,66.85714,66.85714285714286,14.035392761230469,False
2025-11-02 13:00:00,HGM,69.0,56.23889,76.57143,76.57142857142857,14.035392761230469,False
2025-11-02 14:00:00,HGM,67.0,53.845955,77.64286,77.64285714285714,14.035392761230469,False
2025-11-02 15:00:00,HGM,68.0,59.092766,75.92857,75.92857142857143,14.035392761230469,False
2025-11-02 16:00:00,HGM,62.0,68.47046,68.0,68.0,14.035392761230469,False
2025-11-02 17:00:00,HGM,52.0,63.278755,54.285713,54.285714285714285,14.035392761230469,False
2025-11-02 18:00:00,HGM,40.0,48.65734,40.142857,40.142857142857146,14.035392761230469,False
2025-11-02 19:00:00,HGM,28.0,37.71349,29.785715,29.785714285714285,14.035392761230469,False
2025-11-02 20:00:00,HGM,23.0,32.7424,24.571428,24.571428571428573,14.035392761230469,False
2025-11-02 21:00:00,HGM,18.0,25.597736,17.357143,17.357142857142858,14.035392761230469,False
2025-11-02 22:00:00,HGM,20.0,18.954895,9.357142,9.357142857142858,14.035392761230469,False
2025-11-02 23:00:00,HGM,21.0,15.363428,8.071428,8.071428571428571,14.035392761230469,False
2025-11-03 00:00:00,HGM,20.0,12.266991,5.7272725,5.7272727272727275,14.035392761230469,False
2025-11-03 01:00:00,HGM,23.0,13.225644,6.090909,6.090909090909091,14.035392761230469,False
2025-11-03 02:00:00,HGM,21.0,14.194571,5.818182,5.818181818181818,14.035392761230469,False
2025-11-03 03:00:00,HGM,19.0,15.810236,6.642857,6.642857142857143,14.035392761230469,False
2025-11-03 04:00:00,HGM,7.0,14.037915,5.0,5.0,14.035392761230469,False
2025-11-03 05:00:00,HGM,3.0,13.71409,4.642857,4.642857142857143,14.035392761230469,False
2025-11-03 06:00:00,HGM,2.0,11.219365,4.5,4.5,14.035392761230469,False
2025-11-03 07:00:00,HGM,3.0,11.355128,6.285714,6.285714285714286,14.035392761230469,False
2025-11-03 08:00:00,HGM,7.0,16.674011,12.714286,12.714285714285714,14.035392761230469,False
2025-11-03 09:00:00,HGM,15.0,27.542568,25.0,25.0,14.035392761230469,False
2025-11-03 10:00:00,HGM,26.0,40.523876,41.142857,41.142857142857146,14.035392761230469,True
2025-11-03 11:00:00,HGM,37.0,48.49461,56.714287,56.714285714285715,14.035392761230469,False
2025-11-03 12:00:00,HGM,51.0,49.540398,66.42857,66.42857142857143,14.035392761230469,False
2025-11-03 13:00:00,HGM,65.0,61.365658,77.42857,77.42857142857143,14.035392761230469,False
2025-11-03 14:00:00,HGM,69.0,67.17971,78.64286,78.64285714285714,14.035392761230469,False
2025-11-03 15:00:00,HGM,67.0,66.94896,77.14286,77.14285714285714,14.035392761230469,False
2025-11-03 16:00:00,HGM,73.0,77.487625,69.14286,69.14285714285714,14.035392761230469,False
2025-11-03 17:00:00,HGM,60.0,68.13725,55.0,55.0,14.035392761230469,False
2025-11-03 18:00:00,HGM,43.0,55.02887,40.285713,40.285714285714285,14.035392761230469,False
2025-11-03 19:00:00,HGM,30.0,35.401573,29.357143,29.357142857142858,14.035392761230469,False
2025-11-03 20:00:00,HGM,25.0,28.949778,24.214285,24.214285714285715,14.035392761230469,False
2025-11-03 21:00:00,HGM,21.0,22.482994,17.428572,17.428571428571427,14.035392761230469,False
2025-11-03 22:00:00,HGM,19.0,14.105649,9.357142,9.357142857142858,14.035392761230469,False
2025-11-03 23:00:00,HGM,10.0,12.84327,8.071428,8.071428571428571,14.035392761230469,False
2025-11-04 00:00:00,HGM,16.0,13.211763,6.9166665,6.916666666666667,14.035392761230469,False
2025-11-04 01:00:00,HGM,18.0,14.661613,7.5,7.5,14.035392761230469,False
2025-11-04 02:00:00,HGM,15.0,14.340504,7.0833335,7.083333333333333,14.035392761230469,False
2025-11-04 03:00:00,HGM,21.0,12.089943,5.571429,5.571428571428571,14.035392761230469,False
2025-11-04 04:00:00,HGM,20.0,10.425439,3.7142856,3.7142857142857144,14.035392761230469,False
2025-11-04 05:00:00,HGM,3.0,8.741463,3.357143,3.357142857142857,14.035392761230469,False
2025-11-04 06:00:00,HGM,2.0,7.300564,3.2142856,3.2142857142857144,14.035392761230469,False
2025-11-04 07:00:00,HGM,2.0,8.8093605,5.428571,5.428571428571429,14.035392761230469,False
2025-11-04 08:00:00,HGM,5.0,15.394428,11.642858,11.642857142857142,14.035392761230469,False
2025-11-04 09:00:00,HGM,14.0,26.738504,24.285715,24.285714285714285,14.035392761230469,False
2025-11-04 10:00:00,HGM,24.0,42.825012,40.714287,40.714285714285715,14.035392761230469,True
2025-11-04 11:00:00,HGM,38.0,55.819458,56.142857,56.142857142857146,14.035392761230469,True
2025-11-04 12:00:00,HGM,49.0,68.47017,65.85714,65.85714285714286,14.035392761230469,True
2025-11-04 13:00:00,HGM,65.0,87.50912,77.14286,77.14285714285714,14.035392761230469,True
2025-11-04 14:00:00,HGM,80.0,96.65684,79.35714,79.35714285714286,14.035392761230469,True
2025-11-04 15:00:00,HGM,85.0,92.77898,78.5,78.5,14.035392761230469,False
2025-11-04 16:00:00,HGM,79.0,88.089584,70.71429,70.71428571428571,14.035392761230469,False
2025-11-04 17:00:00,HGM,70.0,79.842064,56.0,56.0,14.035392761230469,False
2025-11-04 18:00:00,HGM,39.0,59.90014,41.07143,41.07142857142857,14.035392761230469,True
2025-11-04 19:00:00,HGM,26.0,34.82408,29.642857,29.642857142857142,14.035392761230469,False
2025-11-04 20:00:00,HGM,16.0,25.849432,24.0,24.0,14.035392761230469,False
2025-11-04 21:00:00,HGM,19.0,18.819712,17.714285,17.714285714285715,14.035392761230469,False
2025-11-04 22:00:00,HGM,14.0,9.111324,10.214286,10.214285714285714,14.035392761230469,False
2025-11-04 23:00:00,HGM,9.0,6.943705,8.142858,8.142857142857142,14.035392761230469,False
2025-11-05 00:00:00,HGM,15.0,6.4086485,7.5833335,7.583333333333333,14.035392761230469,False
2025-11-05 01:00:00,HGM,16.0,6.6935177,7.8333335,7.833333333333333,14.035392761230469,False
2025-11-05 02:00:00,HGM,12.0,7.619199,7.8333335,7.833333333333333,14.035392761230469,False
2025-11-05 03:00:00,HGM,4.0,8.046846,6.928571,6.928571428571429,14.035392761230469,False
2025-11-05 04:00:00,HGM,4.0,6.713025,5.0,5.0,14.035392761230469,False
2025-11-05 05:00:00,HGM,3.0,5.8299856,3.4285715,3.4285714285714284,14.035392761230469,False
2025-11-05 06:00:00,HGM,3.0,5.247851,3.142857,3.142857142857143,14.035392761230469,False
2025-11-05 07:00:00,HGM,5.0,7.084921,5.214286,5.214285714285714,14.035392761230469,False
2025-11-05 08:00:00,HGM,12.0,13.215266,11.357142,11.357142857142858,14.035392761230469,False
2025-11-05 09:00:00,HGM,23.0,26.443417,23.642857,23.642857142857142,14.035392761230469,False
2025-11-05 10:00:00,HGM,38.0,42.924545,39.857143,39.857142857142854,14.035392761230469,False
2025-11-05 11:00:00,HGM,60.0,60.359863,55.5,55.5,14.035392761230469,False
2025-11-05 12:00:00,HGM,78.0,76.74846,64.07143,64.07142857142857,14.035392761230469,False
2025-11-05 13:00:00,HGM,86.0,89.390114,75.64286,75.64285714285714,14.035392761230469,False
2025-11-05 14:00:00,HGM,95.0,95.35497,79.64286,79.64285714285714,14.035392761230469,False
2025-11-05 15:00:00,HGM,90.0,96.95971,79.85714,79.85714285714286,14.035392761230469,False
2025-11-05 16:00:00,HGM,83.0,91.67889,73.21429,73.21428571428571,14.035392761230469,False
2025-11-05 17:00:00,HGM,63.0,75.18238,59.0,59.0,14.035392761230469,False
2025-11-05 18:00:00,HGM,39.0,55.422424,42.5,42.5,14.035392761230469,True
2025-11-05 19:00:00,HGM,29.0,36.158085,30.428572,30.428571428571427,14.035392761230469,False
2025-11-05 20:00:00,HGM,27.0,28.585257,24.142857,24.142857142857142,14.035392761230469,False
2025-11-05 21:00:00,HGM,10.0,19.651024,18.071428,18.071428571428573,14.035392761230469,False
2025-11-05 22:00:00,HGM,11.0,9.106814,10.214286,10.214285714285714,14.035392761230469,False
2025-11-05 23:00:00,HGM,17.0,5.7571654,8.0,8.0,14.035392761230469,False
2025-11-06 00:00:00,HGM,19.0,6.1760707,7.8333335,7.833333333333333,14.035392761230469,False
2025-11-06 01:00:00,HGM,13.0,7.756164,8.333333,8.333333333333334,14.035392761230469,False
2025-11-06 02:00:00,HGM,13.0,8.400396,7.9166665,7.916666666666667,14.035392761230469,False
2025-11-06 03:00:00,HGM,10.0,7.218746,6.285714,6.285714285714286,14.035392761230469,False
2025-11-06 04:00:00,HGM,3.0,5.872979,4.5,4.5,14.035392761230469,False
2025-11-06 05:00:00,HGM,2.0,4.35289,2.7857144,2.7857142857142856,14.035392761230469,False
2025-11-06 06:00:00,HGM,2.0,4.7657113,2.9285715,2.9285714285714284,14.035392761230469,False
2025-11-06 07:00:00,HGM,4.0,7.5837717,5.0,5.0,14.035392761230469,False
2025-11-06 08:00:00,HGM,7.0,14.694975,11.142858,11.142857142857142,14.035392761230469,False
2025-11-06 09:00:00,HGM,17.0,28.014208,23.642857,23.642857142857142,14.035392761230469,False
2025-11-06 10:00:00,HGM,32.0,45.642365,40.357143,40.357142857142854,14.035392761230469,False
2025-11-06 11:00:00,HGM,58.0,61.4733,57.42857,57.42857142857143,14.035392761230469,False
2025-11-06 12:00:00,HGM,69.0,77.95401,67.14286,67.14285714285714,14.035392761230469,False
2025-11-06 13:00:00,HGM,76.0,100.87508,79.21429,79.21428571428571,14.035392761230469,True
2025-11-06 14:00:00,HGM,87.0,108.66844,83.57143,83.57142857142857,14.035392761230469,True
2025-11-06 15:00:00,HGM,97.0,115.8867,83.64286,83.64285714285714,14.035392761230469,True
2025-11-06 16:00:00,HGM,104.0,114.94519,76.92857,76.92857142857143,14.035392761230469,False
2025-11-06 17:00:00,HGM,92.0,100.52542,61.57143,61.57142857142857,14.035392761230469,False
2025-11-06 18:00:00,HGM,39.0,72.160805,43.785713,43.785714285714285,14.035392761230469,True
2025-11-06 19:00:00,HGM,22.0,40.502773,31.428572,31.428571428571427,14.035392761230469,True
2025-11-06 20:00:00,HGM,9.0,40.497746,25.214285,25.214285714285715,14.035392761230469,True
2025-11-06 21:00:00,HGM,10.0,23.801807,18.142857,18.142857142857142,14.035392761230469,False
2025-11-06 22:00:00,HGM,7.0,17.541248,10.5,10.5,14.035392761230469,False
2025-11-06 23:00:00,HGM,7.0,15.9501705,8.785714,8.785714285714286,14.035392761230469,False
2025-11-07 04:00:00,HGM,2.0,8.063603,4.428571,4.428571428571429,14.035392761230469,False
2025-11-07 05:00:00,HGM,2.0,6.7691765,2.7857144,2.7857142857142856,14.035392761230469,False
2025-11-07 06:00:00,HGM,3.0,6.72577,2.7857144,2.7857142857142856,14.035392761230469,False
2025-11-07 07:00:00,HGM,4.0,8.500727,4.857143,4.857142857142857,14.035392761230469,False
2025-11-07 08:00:00,HGM,7.0,16.156326,11.214286,11.214285714285714,14.035392761230469,False
2025-11-07 09:00:00,HGM,15.0,28.275867,23.928572,23.928571428571427,14.035392761230469,False
2025-11-07 10:00:00,HGM,41.0,46.73857,40.642857,40.642857142857146,14.035392761230469,False
2025-11-07 11:00:00,HGM,63.0,65.95947,58.214287,58.214285714285715,14.035392761230469,False
2025-11-07 12:00:00,HGM,92.0,82.774765,67.5,67.5,14.035392761230469,False
2025-11-07 13:00:00,HGM,117.0,111.564735,79.57143,79.57142857142857,14.035392761230469,False
2025-11-07 14:00:00,HGM,132.0,124.48521,83.92857,83.92857142857143,14.035392761230469,False
2025-11-07 15:00:00,HGM,143.0,130.99844,84.78571,84.78571428571429,14.035392761230469,False
2025-11-07 16:00:00,HGM,142.0,128.68326,79.42857,79.42857142857143,14.035392761230469,False
2025-11-07 17:00:00,HGM,119.0,112.69981,64.42857,64.42857142857143,14.035392761230469,False
2025-11-07 18:00:00,HGM,71.0,85.332245,43.785713,43.785714285714285,14.035392761230469,True
2025-11-07 19:00:00,HGM,42.0,42.39929,31.357143,31.357142857142858,14.035392761230469,False
2025-11-07 20:00:00,HGM,15.0,39.670204,24.928572,24.928571428571427,14.035392761230469,True
2025-11-07 21:00:00,HGM,14.0,27.234413,18.285715,18.285714285714285,14.035392761230469,False
2025-11-07 22:00:00,HGM,6.0,20.579967,10.357142,10.357142857142858,14.035392761230469,True
2025-11-07 23:00:00,HGM,8.0,17.918545,8.642858,8.642857142857142,14.035392761230469,False
2025-11-08 00:00:00,HGM,4.0,15.880692,9.545455,9.545454545454545,14.035392761230469,False
2025-11-08 01:00:00,HGM,7.0,13.824277,9.181818,9.181818181818182,14.035392761230469,False
2025-11-08 02:00:00,HGM,4.0,11.533916,8.545455,8.545454545454545,14.035392761230469,False
2025-11-08 03:00:00,HGM,3.0,10.095621,6.4615383,6.461538461538462,14.035392761230469,False
2025-11-08 04:00:00,HGM,3.0,9.5021515,4.428571,4.428571428571429,14.035392761230469,False
2025-11-08 05:00:00,HGM,3.0,9.383492,2.7857144,2.7857142857142856,14.035392761230469,False
2025-11-08 06:00:00,HGM,6.0,9.149418,2.857143,2.857142857142857,14.035392761230469,False
2025-11-08 07:00:00,HGM,5.0,10.606421,4.857143,4.857142857142857,14.035392761230469,False
2025-11-08 08:00:00,HGM,15.0,16.48263,11.071428,11.071428571428571,14.035392761230469,False
2025-11-08 09:00:00,HGM,30.0,29.176155,23.357143,23.357142857142858,14.035392761230469,False
2025-11-08 10:00:00,HGM,48.0,48.240208,40.357143,40.357142857142854,14.035392761230469,False
2025-11-08 11:00:00,HGM,80.0,72.060715,57.92857,57.92857142857143,14.035392761230469,False
2025-11-08 12:00:00,HGM,91.0,96.44352,68.78571,68.78571428571429,14.035392761230469,False
2025-11-08 13:00:00,HGM,94.0,108.62108,81.92857,81.92857142857143,14.035392761230469,True
2025-11-08 14:00:00,HGM,103.0,116.71046,86.35714,86.35714285714286,14.035392761230469,False
2025-11-08 15:00:00,HGM,89.0,121.45388,87.71429,87.71428571428571,14.035392761230469,True
2025-11-08 16:00:00,HGM,102.0,121.575775,82.78571,82.78571428571429,14.035392761230469,True
2025-11-08 17:00:00,HGM,84.0,110.538216,67.21429,67.21428571428571,14.035392761230469,True
2025-11-08 18:00:00,HGM,55.0,80.263855,44.642857,44.642857142857146,14.035392761230469,True
2025-11-08 19:00:00,HGM,36.0,43.4933,31.285715,31.285714285714285,14.035392761230469,False
2025-11-08 20:00:00,HGM,20.0,35.482548,24.285715,24.285714285714285,14.035392761230469,True
2025-11-08 21:00:00,HGM,8.0,26.177778,18.5,18.5,14.035392761230469,True
2025-11-08 22:00:00,HGM,6.0,13.704193,9.785714,9.785714285714286,14.035392761230469,False
2025-11-08 23:00:00,HGM,8.0,11.930794,8.571428,8.571428571428571,14.035392761230469,False
2025-11-09 00:00:00,HGM,7.0,10.39261,9.363636,9.363636363636363,14.035392761230469,False
2025-11-09 01:00:00,HGM,3.0,9.011575,9.545455,9.545454545454545,14.035392761230469,False
2025-11-09 02:00:00,HGM,3.0,8.076903,8.636364,8.636363636363637,14.035392761230469,False
2025-11-09 03:00:00,HGM,3.0,7.049301,6.4615383,6.461538461538462,14.035392761230469,False
2025-11-09 04:00:00,HGM,3.0,6.365011,4.428571,4.428571428571429,14.035392761230469,False
2025-11-09 05:00:00,HGM,3.0,6.828677,2.7857144,2.7857142857142856,14.035392761230469,False
2025-11-09 06:00:00,HGM,3.0,7.1474333,3.0714285,3.0714285714285716,14.035392761230469,False
2025-11-09 07:00:00,HGM,3.0,9.086382,4.928571,4.928571428571429,14.035392761230469,False
2025-11-09 08:00:00,HGM,10.0,15.44861,11.142858,11.142857142857142,14.035392761230469,False
2025-11-09 09:00:00,HGM,26.0,29.597271,23.071428,23.071428571428573,14.035392761230469,False
2025-11-09 10:00:00,HGM,49.0,43.938435,39.785713,39.785714285714285,14.035392761230469,False
2025-11-09 11:00:00,HGM,72.0,67.842514,58.214287,58.214285714285715,14.035392761230469,False
2025-11-09 12:00:00,HGM,88.0,89.39035,69.5,69.5,14.035392761230469,False
2025-11-09 13:00:00,HGM,89.0,103.70409,81.85714,81.85714285714286,14.035392761230469,True
2025-11-09 14:00:00,HGM,74.0,101.520874,86.78571,86.78571428571429,14.035392761230469,True
2025-11-09 15:00:00,HGM,61.0,91.27053,86.78571,86.78571428571429,14.035392761230469,True
2025-11-09 16:00:00,HGM,55.0,85.3542,83.35714,83.35714285714286,14.035392761230469,True
2025-11-09 18:00:00,HGM,45.0,62.3892,44.642857,44.642857142857146,14.035392761230469,True
2025-11-09 19:00:00,HGM,42.0,53.232864,30.857143,30.857142857142858,14.035392761230469,False
2025-11-09 20:00:00,HGM,42.0,46.296288,23.5,23.5,14.035392761230469,False
2025-11-09 21:00:00,HGM,35.0,39.098114,17.285715,17.285714285714285,14.035392761230469,False
2025-11-09 22:00:00,HGM,35.0,29.783457,9.5,9.5,14.035392761230469,False
2025-11-09 23:00:00,HGM,32.0,27.130802,8.785714,8.785714285714286,14.035392761230469,False
2025-11-10 00:00:00,HGM,36.0,25.284725,9.166667,9.166666666666666,14.035392761230469,False
2025-11-10 01:00:00,HGM,38.0,26.415646,9.0,9.0,14.035392761230469,False
2025-11-10 02:00:00,HGM,36.0,27.027763,8.166667,8.166666666666666,14.035392761230469,False
2025-11-10 03:00:00,HGM,33.0,23.598824,6.4615383,6.461538461538462,14.035392761230469,False
2025-11-10 04:00:00,HGM,19.0,18.320461,4.428571,4.428571428571429,14.035392761230469,False
2025-11-10 05:00:00,HGM,27.0,16.22201,2.7857144,2.7857142857142856,14.035392761230469,False
2025-11-10 06:00:00,HGM,10.0,16.451015,3.0714285,3.0714285714285716,14.035392761230469,False
2025-11-10 07:00:00,HGM,14.0,14.458671,4.785714,4.785714285714286,14.035392761230469,False
2025-11-10 08:00:00,HGM,15.0,19.396727,11.0,11.0,14.035392761230469,False
2025-11-10 09:00:00,HGM,13.0,30.955101,22.857143,22.857142857142858,14.035392761230469,True
2025-11-10 10:00:00,HGM,16.0,34.460743,39.0,39.0,14.035392761230469,True
2025-11-10 11:00:00,HGM,20.0,29.340693,57.785713,57.785714285714285,14.035392761230469,False
2025-11-10 12:00:00,HGM,18.0,32.779213,69.57143,69.57142857142857,14.035392761230469,True
2025-11-10 13:00:00,HGM,28.0,40.381214,79.78571,79.78571428571429,14.035392761230469,False
2025-11-10 14:00:00,HGM,23.0,47.83983,83.64286,83.64285714285714,14.035392761230469,True
2025-11-10 15:00:00,HGM,18.0,50.988525,84.64286,84.64285714285714,14.035392761230469,True
2025-11-10 16:00:00,HGM,16.0,47.925385,81.57143,81.57142857142857,14.035392761230469,True
2025-11-10 17:00:00,HGM,14.0,39.664474,69.0,69.0,14.035392761230469,True
2025-11-10 18:00:00,HGM,13.0,24.185225,44.92857,44.92857142857143,14.035392761230469,False
2025-11-10 19:00:00,HGM,10.0,19.357815,31.571428,31.571428571428573,14.035392761230469,False
2025-11-10 20:00:00,HGM,19.0,17.663828,24.285715,24.285714285714285,14.035392761230469,False
2025-11-10 21:00:00,HGM,15.0,16.439304,18.214285,18.214285714285715,14.035392761230469,False
2025-11-10 22:00:00,HGM,17.0,12.474629,11.642858,11.642857142857142,14.035392761230469,False
2025-11-10 23:00:00,HGM,14.0,12.428993,10.428572,10.428571428571429,14.035392761230469,False
2025-11-11 00:00:00,HGM,20.0,15.815191,11.5,11.5,14.035392761230469,False
2025-11-11 01:00:00,HGM,20.0,19.352417,11.666667,11.666666666666666,14.035392761230469,False
2025-11-11 02:00:00,HGM,22.0,20.040436,10.916667,10.916666666666666,14.035392761230469,False
2025-11-11 03:00:00,HGM,12.0,17.531338,8.769231,8.76923076923077,14.035392761230469,False
2025-11-11 04:00:00,HGM,6.0,14.063583,5.571429,5.571428571428571,14.035392761230469,False
2025-11-11 05:00:00,HGM,12.0,11.679352,4.5,4.5,14.035392761230469,False
2025-11-11 06:00:00,HGM,9.0,8.566521,3.5714285,3.5714285714285716,14.035392761230469,False
2025-11-11 07:00:00,HGM,3.0,8.8856735,5.5,5.5,14.035392761230469,False
2025-11-11 08:00:00,HGM,5.0,12.848307,11.285714,11.285714285714286,14.035392761230469,False
2025-11-11 09:00:00,HGM,15.0,21.573746,22.214285,22.214285714285715,14.035392761230469,False
2025-11-11 10:00:00,HGM,21.0,34.48176,37.42857,37.42857142857143,14.035392761230469,False
2025-11-11 11:00:00,HGM,36.0,48.711205,55.285713,55.285714285714285,14.035392761230469,False
2025-11-11 12:00:00,HGM,51.0,55.984562,66.28571,66.28571428571429,14.035392761230469,False
2025-11-11 13:00:00,HGM,57.0,69.80134,77.0,77.0,14.035392761230469,False
2025-11-11 14:00:00,HGM,66.0,80.17775,80.07143,80.07142857142857,14.035392761230469,True
2025-11-11 15:00:00,HGM,64.0,82.3264,80.5,80.5,14.035392761230469,True
2025-11-11 16:00:00,HGM,58.0,82.0882,78.0,78.0,14.035392761230469,True
2025-11-11 17:00:00,HGM,41.0,63.975357,66.46154,66.46153846153847,14.035392761230469,True
2025-11-11 18:00:00,HGM,30.0,44.46719,43.285713,43.285714285714285,14.035392761230469,True
2025-11-11 19:00:00,HGM,40.0,32.37831,30.0,30.0,14.035392761230469,False
2025-11-11 20:00:00,HGM,16.0,20.22251,23.357143,23.357142857142858,14.035392761230469,False
2025-11-11 21:00:00,HGM,11.0,9.935659,17.142857,17.142857142857142,14.035392761230469,False
2025-11-11 22:00:00,HGM,11.0,5.1261325,12.285714,12.285714285714286,14.035392761230469,False
2025-11-11 23:00:00,HGM,4.0,3.9891434,11.214286,11.214285714285714,14.035392761230469,False
2025-11-12 00:00:00,HGM,2.0,5.7189355,12.916667,12.916666666666666,14.035392761230469,False
2025-11-12 01:00:00,HGM,2.0,6.1335487,13.0,13.0,14.035392761230469,False
2025-11-12 02:00:00,HGM,2.0,6.3184986,12.166667,12.166666666666666,14.035392761230469,False
2025-11-12 03:00:00,HGM,2.0,5.068701,9.461538,9.461538461538462,14.035392761230469,False
2025-11-12 04:00:00,HGM,2.0,2.6897674,5.785714,5.785714285714286,14.035392761230469,False
2025-11-12 05:00:00,HGM,2.0,3.0898674,5.142857,5.142857142857143,14.035392761230469,False
2025-11-12 06:00:00,HGM,3.0,2.7105126,4.0,4.0,14.035392761230469,False
2025-11-12 07:00:00,HGM,4.0,5.0219526,5.428571,5.428571428571429,14.035392761230469,False
2025-11-12 08:00:00,HGM,7.0,11.281049,10.857142,10.857142857142858,14.035392761230469,False
2025-11-12 09:00:00,HGM,15.0,22.27756,21.785715,21.785714285714285,14.035392761230469,False
2025-11-12 10:00:00,HGM,38.0,39.78955,36.42857,36.42857142857143,14.035392761230469,False
2025-11-12 11:00:00,HGM,63.0,62.096252,53.857143,53.857142857142854,14.035392761230469,False
2025-11-12 12:00:00,HGM,93.0,86.17334,66.0,66.0,14.035392761230469,False
2025-11-12 13:00:00,HGM,97.0,98.279335,76.0,76.0,14.035392761230469,False
2025-11-12 14:00:00,HGM,102.0,96.53537,79.14286,79.14285714285714,14.035392761230469,False
2025-11-12 15:00:00,HGM,119.0,101.67345,79.28571,79.28571428571429,14.035392761230469,True
2025-11-12 16:00:00,HGM,112.0,101.16989,77.57143,77.57142857142857,14.035392761230469,False
2025-11-12 17:00:00,HGM,74.0,70.41436,65.38461,65.38461538461539,14.035392761230469,False
2025-11-12 18:00:00,HGM,43.0,42.60751,43.07143,43.07142857142857,14.035392761230469,False
2025-11-12 19:00:00,HGM,25.0,25.590374,30.714285,30.714285714285715,14.035392761230469,False
2025-11-12 20:00:00,HGM,14.0,20.30165,22.357143,22.357142857142858,14.035392761230469,False
2025-11-12 21:00:00,HGM,20.0,12.243109,16.214285,16.214285714285715,14.035392761230469,False
2025-11-12 22:00:00,HGM,19.0,9.09982,12.5,12.5,14.035392761230469,False
2025-11-12 23:00:00,HGM,15.0,8.772499,11.285714,11.285714285714286,14.035392761230469,False
2025-11-13 03:00:00,HGM,3.0,11.286383,9.076923,9.076923076923077,14.035392761230469,False
2025-11-13 04:00:00,HGM,2.0,6.440362,5.642857,5.642857142857143,14.035392761230469,False
2025-11-13 05:00:00,HGM,2.0,6.3736396,5.0,5.0,14.035392761230469,False
2025-11-13 06:00:00,HGM,3.0,5.531361,3.7857144,3.7857142857142856,14.035392761230469,False
2025-11-13 07:00:00,HGM,4.0,7.376614,5.071429,5.071428571428571,14.035392761230469,False
2025-11-13 08:00:00,HGM,7.0,11.936023,9.642858,9.642857142857142,14.035392761230469,False
2025-11-13 09:00:00,HGM,13.0,18.89481,19.714285,19.714285714285715,14.035392761230469,False
2025-11-13 10:00:00,HGM,26.0,28.302837,35.642857,35.642857142857146,14.035392761230469,False
2025-11-13 11:00:00,HGM,50.0,39.497383,54.57143,54.57142857142857,14.035392761230469,False
2025-11-13 12:00:00,HGM,64.0,57.355972,68.71429,68.71428571428571,14.035392761230469,False
2025-11-13 13:00:00,HGM,66.0,67.2704,78.92857,78.92857142857143,14.035392761230469,False
2025-11-13 14:00:00,HGM,89.0,71.89711,82.5,82.5,14.035392761230469,True
2025-11-13 15:00:00,HGM,95.0,86.224304,83.85714,83.85714285714286,14.035392761230469,False
2025-11-13 16:00:00,HGM,94.0,96.59233,81.85714,81.85714285714286,14.035392761230469,False
2025-11-13 17:00:00,HGM,61.0,80.76034,68.30769,68.3076923076923,14.035392761230469,True
2025-11-13 18:00:00,HGM,25.0,42.540936,44.57143,44.57142857142857,14.035392761230469,True
2025-11-13 19:00:00,HGM,9.0,26.169498,31.571428,31.571428571428573,14.035392761230469,True
2025-11-13 20:00:00,HGM,8.0,18.085155,22.642857,22.642857142857142,14.035392761230469,False
2025-11-13 21:00:00,HGM,14.0,11.886652,17.071428,17.071428571428573,14.035392761230469,False
2025-11-13 22:00:00,HGM,10.0,9.507622,13.571428,13.571428571428571,14.035392761230469,False
2025-11-13 23:00:00,HGM,10.0,7.966919,12.142858,12.142857142857142,14.035392761230469,False
2025-11-14 00:00:00,HGM,8.0,9.174397,13.818182,13.818181818181818,14.035392761230469,False
2025-11-14 01:00:00,HGM,3.0,9.338736,13.363636,13.363636363636363,14.035392761230469,False
2025-11-14 02:00:00,HGM,3.0,8.841834,12.181818,12.181818181818182,14.035392761230469,False
2025-11-14 03:00:00,HGM,2.0,7.167923,9.153846,9.153846153846153,14.035392761230469,False
2025-11-14 04:00:00,HGM,2.0,5.3434753,5.642857,5.642857142857143,14.035392761230469,False
2025-11-14 05:00:00,HGM,2.0,6.184571,5.0,5.0,14.035392761230469,False
2025-11-14 06:00:00,HGM,3.0,5.6021028,3.857143,3.857142857142857,14.035392761230469,False
2025-11-14 07:00:00,HGM,4.0,7.3845706,5.142857,5.142857142857143,14.035392761230469,False
2025-11-14 08:00:00,HGM,7.0,11.701279,9.714286,9.714285714285714,14.035392761230469,False
2025-11-14 09:00:00,HGM,15.0,20.209469,19.5,19.5,14.035392761230469,False
2025-11-14 10:00:00,HGM,35.0,33.064915,35.0,35.0,14.035392761230469,False
2025-11-14 11:00:00,HGM,50.0,53.04071,53.785713,53.785714285714285,14.035392761230469,False
2025-11-14 12:00:00,HGM,72.0,73.82701,68.21429,68.21428571428571,14.035392761230469,False
2025-11-14 13:00:00,HGM,67.0,84.639725,77.5,77.5,14.035392761230469,True
2025-11-14 14:00:00,HGM,63.0,91.57211,81.57143,81.57142857142857,14.035392761230469,True
2025-11-14 15:00:00,HGM,66.0,81.29844,83.0,83.0,14.035392761230469,True
2025-11-14 16:00:00,HGM,50.0,70.26115,80.92857,80.92857142857143,14.035392761230469,True
2025-11-14 17:00:00,HGM,46.0,59.95336,66.76923,66.76923076923077,14.035392761230469,False
2025-11-14 18:00:00,HGM,30.0,40.936466,42.42857,42.42857142857143,14.035392761230469,False
2025-11-14 19:00:00,HGM,10.0,23.024216,29.714285,29.714285714285715,14.035392761230469,False
2025-11-14 20:00:00,HGM,9.0,15.597341,21.571428,21.571428571428573,14.035392761230469,False
2025-11-14 21:00:00,HGM,5.0,9.263258,17.785715,17.785714285714285,14.035392761230469,False
2025-11-14 22:00:00,HGM,4.0,5.319948,13.928572,13.928571428571429,14.035392761230469,False
2025-11-14 23:00:00,HGM,4.0,3.3538113,12.0,12.0,14.035392761230469,False
2025-11-15 00:00:00,HGM,3.0,6.2226915,14.272727,14.272727272727273,14.035392761230469,False
2025-11-15 01:00:00,HGM,3.0,6.0233116,13.363636,13.363636363636363,14.035392761230469,False
2025-11-15 02:00:00,HGM,3.0,5.982853,12.181818,12.181818181818182,14.035392761230469,False
2025-11-15 03:00:00,HGM,2.0,4.4661107,9.076923,9.076923076923077,14.035392761230469,False
2025-11-15 04:00:00,HGM,2.0,2.9399836,5.642857,5.642857142857143,14.035392761230469,False
2025-11-15 05:00:00,HGM,3.0,3.9893913,4.928571,4.928571428571429,14.035392761230469,False
2025-11-15 06:00:00,HGM,3.0,4.3550963,3.857143,3.857142857142857,14.035392761230469,False
2025-11-15 07:00:00,HGM,3.0,6.5238523,5.142857,5.142857142857143,14.035392761230469,False
2025-11-15 08:00:00,HGM,5.0,11.068979,9.714286,9.714285714285714,14.035392761230469,False
2025-11-15 09:00:00,HGM,13.0,18.38313,19.071428,19.071428571428573,14.035392761230469,False
2025-11-15 10:00:00,HGM,29.0,30.948082,34.07143,34.07142857142857,14.035392761230469,False
2025-11-15 11:00:00,HGM,54.0,49.49573,52.642857,52.642857142857146,14.035392761230469,False
2025-11-15 12:00:00,HGM,61.0,67.63926,68.35714,68.35714285714286,14.035392761230469,False
2025-11-15 13:00:00,HGM,61.0,75.379036,77.14286,77.14285714285714,14.035392761230469,True
2025-11-15 14:00:00,HGM,62.0,82.04231,80.57143,80.57142857142857,14.035392761230469,True
2025-11-15 15:00:00,HGM,71.0,75.82724,81.57143,81.57142857142857,14.035392761230469,False
2025-11-15 16:00:00,HGM,77.0,78.52303,78.64286,78.64285714285714,14.035392761230469,False
2025-11-15 17:00:00,HGM,87.0,76.3827,64.61539,64.61538461538461,14.035392761230469,False
2025-11-15 18:00:00,HGM,37.0,38.076195,40.714287,40.714285714285715,14.035392761230469,False
2025-11-15 19:00:00,HGM,8.0,16.127996,28.142857,28.142857142857142,14.035392761230469,False
2025-11-15 20:00:00,HGM,7.0,9.050455,20.285715,20.285714285714285,14.035392761230469,False
2025-11-15 21:00:00,HGM,5.0,6.443983,17.0,17.0,14.035392761230469,False
2025-11-15 22:00:00,HGM,4.0,2.9092875,13.857142,13.857142857142858,14.035392761230469,False
2025-11-15 23:00:00,HGM,4.0,2.134138,12.071428,12.071428571428571,14.035392761230469,False
2025-11-16 00:00:00,HGM,4.0,3.4881296,13.333333,13.333333333333334,14.035392761230469,False
2025-11-16 01:00:00,HGM,4.0,3.5973787,12.5,12.5,14.035392761230469,False
2025-11-16 02:00:00,HGM,7.0,4.024945,11.416667,11.416666666666666,14.035392761230469,False
2025-11-16 03:00:00,HGM,7.0,3.3197312,9.0,9.0,14.035392761230469,False
2025-11-16 04:00:00,HGM,4.0,1.7683914,5.571429,5.571428571428571,14.035392761230469,False
2025-11-16 05:00:00,HGM,4.0,2.9960914,5.0,5.0,14.035392761230469,False
2025-11-16 06:00:00,HGM,3.0,3.226346,3.857143,3.857142857142857,14.035392761230469,False
2025-11-16 07:00:00,HGM,5.0,5.2225313,4.785714,4.785714285714286,14.035392761230469,False
2025-11-16 08:00:00,HGM,7.0,10.124364,9.285714,9.285714285714286,14.035392761230469,False
2025-11-16 09:00:00,HGM,22.0,19.469255,18.428572,18.428571428571427,14.035392761230469,False
2025-11-16 10:00:00,HGM,56.0,38.945957,33.07143,33.07142857142857,14.035392761230469,True
2025-11-16 11:00:00,HGM,69.0,58.43425,51.714287,51.714285714285715,14.035392761230469,False
2025-11-16 12:00:00,HGM,81.0,74.859024,66.64286,66.64285714285714,14.035392761230469,False
2025-11-16 13:00:00,HGM,71.0,76.86071,74.07143,74.07142857142857,14.035392761230469,False
2025-11-16 14:00:00,HGM,72.0,67.2789,79.42857,79.42857142857143,14.035392761230469,False
2025-11-16 15:00:00,HGM,67.0,56.655556,80.92857,80.92857142857143,14.035392761230469,False
2025-11-16 16:00:00,HGM,62.0,61.574326,79.07143,79.07142857142857,14.035392761230469,False
2025-11-16 17:00:00,HGM,53.0,60.974052,66.38461,66.38461538461539,14.035392761230469,False
2025-11-16 18:00:00,HGM,35.0,36.212242,39.214287,39.214285714285715,14.035392761230469,False
2025-11-16 19:00:00,HGM,27.0,25.004776,25.5,25.5,14.035392761230469,False
2025-11-16 20:00:00,HGM,17.0,12.442957,17.857143,17.857142857142858,14.035392761230469,False
2025-11-16 21:00:00,HGM,8.0,5.796586,14.642858,14.642857142857142,14.035392761230469,False
2025-11-16 22:00:00,HGM,4.0,2.7853384,13.071428,13.071428571428571,14.035392761230469,False
2025-11-16 23:00:00,HGM,3.0,2.23462,11.642858,11.642857142857142,14.035392761230469,False
2025-11-17 00:00:00,HGM,3.0,3.4661026,12.833333,12.833333333333334,14.035392761230469,False
2025-11-17 01:00:00,HGM,3.0,4.0893717,12.5,12.5,14.035392761230469,False
2025-11-17 02:00:00,HGM,2.0,4.5848236,11.75,11.75,14.035392761230469,False
2025-11-17 03:00:00,HGM,2.0,3.8656201,9.307693,9.307692307692308,14.035392761230469,False
2025-11-17 04:00:00,HGM,3.0,2.107973,5.642857,5.642857142857143,14.035392761230469,False
2025-11-17 05:00:00,HGM,2.0,3.287425,5.071429,5.071428571428571,14.035392761230469,False
2025-11-17 06:00:00,HGM,2.0,3.7546525,3.9285715,3.9285714285714284,14.035392761230469,False
2025-11-17 07:00:00,HGM,4.0,5.29278,4.5,4.5,14.035392761230469,False
2025-11-17 08:00:00,HGM,16.0,9.038498,8.285714,8.285714285714286,14.035392761230469,False
2025-11-17 09:00:00,HGM,30.0,15.808956,17.571428,17.571428571428573,14.035392761230469,True
2025-11-17 10:00:00,HGM,32.0,29.862724,34.214287,34.214285714285715,14.035392761230469,False
2025-11-17 11:00:00,HGM,66.0,50.39171,53.57143,53.57142857142857,14.035392761230469,True
2025-11-17 12:00:00,HGM,71.0,71.716095,68.42857,68.42857142857143,14.035392761230469,False
2025-11-17 13:00:00,HGM,80.0,71.28464,74.21429,74.21428571428571,14.035392761230469,False
2025-11-17 14:00:00,HGM,93.0,70.77034,79.78571,79.78571428571429,14.035392761230469,True
2025-11-17 15:00:00,HGM,106.0,84.51313,80.85714,80.85714285714286,14.035392761230469,True
2025-11-17 16:00:00,HGM,97.0,87.26553,79.07143,79.07142857142857,14.035392761230469,False
2025-11-17 17:00:00,HGM,86.0,82.14268,66.46154,66.46153846153847,14.035392761230469,False
2025-11-17 18:00:00,HGM,43.0,41.97892,38.857143,38.857142857142854,14.035392761230469,False
2025-11-17 19:00:00,HGM,26.0,17.610012,25.428572,25.428571428571427,14.035392761230469,False
2025-11-17 20:00:00,HGM,8.0,9.639543,17.428572,17.428571428571427,14.035392761230469,False
2025-11-17 21:00:00,HGM,7.0,2.6363754,13.928572,13.928571428571429,14.035392761230469,False
2025-11-17 22:00:00,HGM,3.0,2.0975523,11.928572,11.928571428571429,14.035392761230469,False
2025-11-17 23:00:00,HGM,3.0,0.74838734,10.357142,10.357142857142858,14.035392761230469,False
2025-11-18 00:00:00,HGM,3.0,3.5139017,11.416667,11.416666666666666,14.035392761230469,False
2025-11-18 01:00:00,HGM,2.0,4.0805273,10.833333,10.833333333333334,14.035392761230469,False
2025-11-18 02:00:00,HGM,2.0,4.3342285,10.166667,10.166666666666666,14.035392761230469,False
2025-11-18 03:00:00,HGM,8.0,3.8383846,8.0,8.0,14.035392761230469,False
2025-11-18 04:00:00,HGM,5.0,2.6988997,5.357143,5.357142857142857,14.035392761230469,False
2025-11-18 05:00:00,HGM,3.0,4.2753673,5.0,5.0,14.035392761230469,False
2025-11-18 06:00:00,HGM,2.0,5.0500355,3.9285715,3.9285714285714284,14.035392761230469,False
2025-11-18 07:00:00,HGM,3.0,7.0552545,4.571429,4.571428571428571,14.035392761230469,False
2025-11-18 08:00:00,HGM,5.0,11.444575,8.928572,8.928571428571429,14.035392761230469,False
2025-11-18 09:00:00,HGM,20.0,17.883997,18.642857,18.642857142857142,14.035392761230469,False
2025-11-18 10:00:00,HGM,49.0,26.622505,34.642857,34.642857142857146,14.035392761230469,True
2025-11-18 11:00:00,HGM,73.0,54.879837,55.642857,55.642857142857146,14.035392761230469,True
2025-11-18 12:00:00,HGM,87.0,71.6237,69.85714,69.85714285714286,14.035392761230469,True
2025-11-18 13:00:00,HGM,88.0,72.240685,75.28571,75.28571428571429,14.035392761230469,True
2025-11-18 14:00:00,HGM,87.0,67.84131,81.5,81.5,14.035392761230469,True
2025-11-18 15:00:00,HGM,76.0,67.69694,83.64286,83.64285714285714,14.035392761230469,False
2025-11-18 16:00:00,HGM,73.0,68.96117,80.78571,80.78571428571429,14.035392761230469,False
2025-11-18 17:00:00,HGM,63.0,73.48216,68.46154,68.46153846153847,14.035392761230469,False
2025-11-18 18:00:00,HGM,32.0,38.53449,38.857143,38.857142857142854,14.035392761230469,False
2025-11-18 19:00:00,HGM,16.0,17.24499,25.142857,25.142857142857142,14.035392761230469,False
2025-11-18 20:00:00,HGM,7.0,11.1745205,16.214285,16.214285714285715,14.035392761230469,False
2025-11-18 21:00:00,HGM,7.0,4.7518005,12.928572,12.928571428571429,14.035392761230469,False
2025-11-18 22:00:00,HGM,7.0,2.163949,10.785714,10.785714285714286,14.035392761230469,False
2025-11-18 23:00:00,HGM,7.0,3.0141172,9.857142,9.857142857142858,14.035392761230469,False
2025-11-19 03:00:00,HGM,2.0,8.608507,7.0,7.0,14.035392761230469,False
2025-11-19 04:00:00,HGM,2.0,4.2639885,4.285714,4.285714285714286,14.035392761230469,False
2025-11-19 05:00:00,HGM,3.0,6.59817,5.0,5.0,14.035392761230469,False
2025-11-19 06:00:00,HGM,2.0,6.291998,3.9285715,3.9285714285714284,14.035392761230469,False
2025-11-19 07:00:00,HGM,3.0,6.7591734,4.642857,4.642857142857143,14.035392761230469,False
2025-11-19 08:00:00,HGM,6.0,8.498715,8.928572,8.928571428571429,14.035392761230469,False
2025-11-19 09:00:00,HGM,14.0,11.785091,19.071428,19.071428571428573,14.035392761230469,False
2025-11-19 10:00:00,HGM,35.0,22.161964,36.42857,36.42857142857143,14.035392761230469,False
2025-11-19 11:00:00,HGM,50.0,44.134495,58.142857,58.142857142857146,14.035392761230469,False
2025-11-19 12:00:00,HGM,68.0,56.844376,72.57143,72.57142857142857,14.035392761230469,False
2025-11-19 13:00:00,HGM,66.0,58.307205,76.92857,76.92857142857143,14.035392761230469,False
2025-11-19 14:00:00,HGM,73.0,60.981956,82.0,82.0,14.035392761230469,False
2025-11-19 15:00:00,HGM,73.0,80.000786,83.0,83.0,14.035392761230469,False
2025-11-19 16:00:00,HGM,59.0,81.97618,80.35714,80.35714285714286,14.035392761230469,True
2025-11-19 17:00:00,HGM,44.0,72.23743,67.92308,67.92307692307692,14.035392761230469,True
2025-11-19 18:00:00,HGM,22.0,35.32489,38.357143,38.357142857142854,14.035392761230469,False
2025-11-19 19:00:00,HGM,16.0,22.944454,24.428572,24.428571428571427,14.035392761230469,False
2025-11-19 20:00:00,HGM,11.0,10.775955,15.571428,15.571428571428571,14.035392761230469,False
2025-11-19 21:00:00,HGM,10.0,6.5940304,12.071428,12.071428571428571,14.035392761230469,False
2025-11-19 22:00:00,HGM,6.0,5.336461,10.285714,10.285714285714286,14.035392761230469,False
2025-11-19 23:00:00,HGM,3.0,4.668185,9.714286,9.714285714285714,14.035392761230469,False
2025-11-20 00:00:00,HGM,3.0,4.520913,9.909091,9.909090909090908,14.035392761230469,False
2025-11-20 01:00:00,HGM,3.0,3.741249,8.909091,8.909090909090908,14.035392761230469,False
2025-11-20 02:00:00,HGM,2.0,4.450845,8.818182,8.818181818181818,14.035392761230469,False
2025-11-20 03:00:00,HGM,2.0,4.240961,6.8461537,6.846153846153846,14.035392761230469,False
2025-11-20 04:00:00,HGM,2.0,3.417012,4.142857,4.142857142857143,14.035392761230469,False
2025-11-20 05:00:00,HGM,2.0,6.1108747,5.0,5.0,14.035392761230469,False
2025-11-20 06:00:00,HGM,2.0,6.065735,3.857143,3.857142857142857,14.035392761230469,False
2025-11-20 07:00:00,HGM,3.0,7.26717,4.5,4.5,14.035392761230469,False
2025-11-20 08:00:00,HGM,5.0,10.961326,8.5,8.5,14.035392761230469,False
2025-11-20 09:00:00,HGM,16.0,19.541986,18.428572,18.428571428571427,14.035392761230469,False
2025-11-20 15:00:00,HGM,98.0,107.583015,81.78571,81.78571428571429,14.035392761230469,False
2025-11-20 16:00:00,HGM,107.0,106.952446,78.64286,78.64285714285714,14.035392761230469,False
2025-11-20 17:00:00,HGM,105.0,101.6727,66.46154,66.46153846153847,14.035392761230469,False
2025-11-20 18:00:00,HGM,44.0,50.910213,37.142857,37.142857142857146,14.035392761230469,False
2025-11-20 19:00:00,HGM,39.0,23.51519,23.5,23.5,14.035392761230469,True
2025-11-20 20:00:00,HGM,28.0,12.104717,14.428572,14.428571428571429,14.035392761230469,True
2025-11-20 21:00:00,HGM,12.0,5.204411,12.071428,12.071428571428571,14.035392761230469,False
2025-11-20 22:00:00,HGM,10.0,3.4930043,9.928572,9.928571428571429,14.035392761230469,False
2025-11-20 23:00:00,HGM,13.0,3.811164,8.714286,8.714285714285714,14.035392761230469,False
2025-11-21 00:00:00,HGM,7.0,4.1773314,8.454545,8.454545454545455,14.035392761230469,False
2025-11-21 01:00:00,HGM,15.0,4.278025,8.0,8.0,14.035392761230469,False
2025-11-21 02:00:00,HGM,11.0,6.2721763,7.818182,7.818181818181818,14.035392761230469,False
2025-11-21 03:00:00,HGM,6.0,5.838538,6.230769,6.230769230769231,14.035392761230469,False
2025-11-21 04:00:00,HGM,7.0,5.413616,4.071429,4.071428571428571,14.035392761230469,False
2025-11-21 05:00:00,HGM,4.0,7.1140485,5.0,5.0,14.035392761230469,False
2025-11-21 06:00:00,HGM,2.0,6.3322678,3.857143,3.857142857142857,14.035392761230469,False
2025-11-21 07:00:00,HGM,3.0,7.1568565,4.428571,4.428571428571429,14.035392761230469,False
2025-11-21 08:00:00,HGM,9.0,11.296243,8.357142,8.357142857142858,14.035392761230469,False
2025-11-21 09:00:00,HGM,25.0,20.214418,18.357143,18.357142857142858,14.035392761230469,False
2025-11-21 10:00:00,HGM,48.0,41.05926,36.53846,36.53846153846154,14.035392761230469,False
2025-11-21 11:00:00,HGM,73.0,70.17351,57.384617,57.38461538461539,14.035392761230469,False
2025-11-21 12:00:00,HGM,81.0,84.25801,72.07692,72.07692307692308,14.035392761230469,False
2025-11-21 13:00:00,HGM,89.0,88.475204,75.46154,75.46153846153847,14.035392761230469,False
2025-11-21 14:00:00,HGM,95.0,92.677925,79.92308,79.92307692307692,14.035392761230469,False
2025-11-21 15:00:00,HGM,93.0,83.387245,81.85714,81.85714285714286,14.035392761230469,False
2025-11-21 16:00:00,HGM,85.0,81.59938,78.85714,78.85714285714286,14.035392761230469,False
2025-11-21 17:00:00,HGM,70.0,72.58858,67.46154,67.46153846153847,14.035392761230469,False
2025-11-21 18:00:00,HGM,42.0,32.493076,37.5,37.5,14.035392761230469,False
2025-11-21 19:00:00,HGM,36.0,22.773384,24.714285,24.714285714285715,14.035392761230469,False
2025-11-21 20:00:00,HGM,28.0,17.55612,15.785714,15.785714285714286,14.035392761230469,False
2025-11-21 21:00:00,HGM,14.0,9.793236,12.214286,12.214285714285714,14.035392761230469,False
2025-11-21 22:00:00,HGM,17.0,7.0360594,10.142858,10.142857142857142,14.035392761230469,False
2025-11-21 23:00:00,HGM,17.0,8.408067,9.142858,9.142857142857142,14.035392761230469,False
2025-11-22 00:00:00,HGM,21.0,9.206985,8.333333,8.333333333333334,14.035392761230469,False
2025-11-22 01:00:00,HGM,16.0,10.955568,8.583333,8.583333333333334,14.035392761230469,False
2025-11-22 02:00:00,HGM,11.0,10.447191,8.083333,8.083333333333334,14.035392761230469,False
2025-11-22 03:00:00,HGM,7.0,8.058721,6.214286,6.214285714285714,14.035392761230469,False
2025-11-22 04:00:00,HGM,7.0,6.151171,4.428571,4.428571428571429,14.035392761230469,False
2025-11-22 05:00:00,HGM,2.0,7.5968704,5.142857,5.142857142857143,14.035392761230469,False
2025-11-22 06:00:00,HGM,2.0,6.2669706,3.7857144,3.7857142857142856,14.035392761230469,False
2025-11-22 07:00:00,HGM,3.0,7.257728,4.357143,4.357142857142857,14.035392761230469,False
2025-11-22 08:00:00,HGM,7.0,11.325951,8.5,8.5,14.035392761230469,False
2025-11-22 09:00:00,HGM,22.0,20.270864,19.071428,19.071428571428573,14.035392761230469,False
2025-11-22 10:00:00,HGM,34.0,37.83672,37.076923,37.07692307692308,14.035392761230469,False
2025-11-22 11:00:00,HGM,56.0,60.805275,58.153847,58.15384615384615,14.035392761230469,False
2025-11-22 12:00:00,HGM,76.0,70.64789,71.23077,71.23076923076923,14.035392761230469,False
2025-11-22 13:00:00,HGM,84.0,70.36683,73.30769,73.3076923076923,14.035392761230469,False
2025-11-22 14:00:00,HGM,89.0,76.55387,77.07692,77.07692307692308,14.035392761230469,False
2025-11-22 15:00:00,HGM,83.0,80.22641,78.28571,78.28571428571429,14.035392761230469,False
2025-11-22 16:00:00,HGM,70.0,72.91945,74.78571,74.78571428571429,14.035392761230469,False
2025-11-22 17:00:00,HGM,48.0,59.274467,63.692307,63.69230769230769,14.035392761230469,False
2025-11-22 18:00:00,HGM,33.0,24.39618,35.42857,35.42857142857143,14.035392761230469,False
2025-11-22 19:00:00,HGM,22.0,13.639661,24.285715,24.285714285714285,14.035392761230469,False
2025-11-22 20:00:00,HGM,19.0,10.783607,16.714285,16.714285714285715,14.035392761230469,False
2025-11-22 21:00:00,HGM,18.0,8.062163,12.214286,12.214285714285714,14.035392761230469,False
2025-11-22 22:00:00,HGM,19.0,6.7503223,10.928572,10.928571428571429,14.035392761230469,False
2025-11-22 23:00:00,HGM,18.0,8.390735,9.785714,9.785714285714286,14.035392761230469,False
2025-11-23 00:00:00,HGM,19.0,8.667254,9.75,9.75,14.035392761230469,False
2025-11-23 01:00:00,HGM,13.0,8.419844,9.333333,9.333333333333334,14.035392761230469,False
2025-11-23 02:00:00,HGM,9.0,8.179304,8.666667,8.666666666666666,14.035392761230469,False
2025-11-23 03:00:00,HGM,3.0,7.1089625,6.5,6.5,14.035392761230469,False
2025-11-23 04:00:00,HGM,3.0,6.177363,4.714286,4.714285714285714,14.035392761230469,False
2025-11-23 05:00:00,HGM,4.0,6.926858,5.071429,5.071428571428571,14.035392761230469,False
2025-11-23 06:00:00,HGM,3.0,5.9117427,3.5,3.5,14.035392761230469,False
2025-11-23 07:00:00,HGM,3.0,7.2422323,4.214286,4.214285714285714,14.035392761230469,False
2025-11-23 08:00:00,HGM,8.0,11.290181,7.928571,7.928571428571429,14.035392761230469,False
2025-11-23 09:00:00,HGM,22.0,22.852034,18.5,18.5,14.035392761230469,False
2025-11-23 10:00:00,HGM,33.0,44.33749,36.0,36.0,14.035392761230469,False
2025-11-23 11:00:00,HGM,42.0,65.66742,56.307693,56.30769230769231,14.035392761230469,True
2025-11-23 12:00:00,HGM,51.0,79.458084,70.07692,70.07692307692308,14.035392761230469,True
2025-11-23 13:00:00,HGM,61.0,82.38215,72.53846,72.53846153846153,14.035392761230469,True
2025-11-23 14:00:00,HGM,64.0,85.30963,76.0,76.0,14.035392761230469,True
2025-11-23 15:00:00,HGM,64.0,86.01503,77.85714,77.85714285714286,14.035392761230469,True
2025-11-23 16:00:00,HGM,70.0,81.93862,72.5,72.5,14.035392761230469,False
2025-11-23 17:00:00,HGM,62.0,70.788826,60.923077,60.92307692307692,14.035392761230469,False
2025-11-23 18:00:00,HGM,44.0,36.734203,33.857143,33.857142857142854,14.035392761230469,False
2025-11-23 19:00:00,HGM,20.0,19.542683,23.285715,23.285714285714285,14.035392761230469,False
2025-11-23 20:00:00,HGM,7.0,14.331783,16.642857,16.642857142857142,14.035392761230469,False
2025-11-23 21:00:00,HGM,7.0,9.565517,12.928572,12.928571428571429,14.035392761230469,False
2025-11-23 22:00:00,HGM,3.0,8.539949,11.857142,11.857142857142858,14.035392761230469,False
2025-11-23 23:00:00,HGM,3.0,7.976824,10.5,10.5,14.035392761230469,False
2025-11-24 00:00:00,HGM,3.0,7.776822,10.75,10.75,14.035392761230469,False
2025-11-24 01:00:00,HGM,4.0,7.617959,10.166667,10.166666666666666,14.035392761230469,False
2025-11-24 02:00:00,HGM,6.0,7.202674,9.166667,9.166666666666666,14.035392761230469,False
2025-11-24 03:00:00,HGM,5.0,5.7985926,6.5,6.5,14.035392761230469,False
2025-11-24 04:00:00,HGM,3.0,5.273482,4.714286,4.714285714285714,14.035392761230469,False
2025-11-24 05:00:00,HGM,3.0,6.613703,5.142857,5.142857142857143,14.035392761230469,False
2025-11-24 06:00:00,HGM,2.0,5.354473,3.5,3.5,14.035392761230469,False
2025-11-24 07:00:00,HGM,5.0,6.592967,4.214286,4.214285714285714,14.035392761230469,False
2025-11-24 08:00:00,HGM,9.0,10.684112,7.785714,7.785714285714286,14.035392761230469,False
2025-11-24 09:00:00,HGM,16.0,21.880386,18.214285,18.214285714285715,14.035392761230469,False
2025-11-24 10:00:00,HGM,34.0,39.195198,34.76923,34.76923076923077,14.035392761230469,False
2025-11-24 11:00:00,HGM,63.0,59.030518,54.0,54.0,14.035392761230469,False
2025-11-24 12:00:00,HGM,76.0,76.09108,67.23077,67.23076923076923,14.035392761230469,False
2025-11-24 13:00:00,HGM,94.0,76.05,70.38461,70.38461538461539,14.035392761230469,True
2025-11-24 14:00:00,HGM,106.0,85.71151,75.23077,75.23076923076923,14.035392761230469,True
2025-11-24 15:00:00,HGM,112.0,89.78023,78.07143,78.07142857142857,14.035392761230469,True
2025-11-24 16:00:00,HGM,122.0,86.557335,73.57143,73.57142857142857,14.035392761230469,True
2025-11-24 17:00:00,HGM,99.0,76.27915,61.0,61.0,14.035392761230469,True
2025-11-24 18:00:00,HGM,47.0,43.929962,33.785713,33.785714285714285,14.035392761230469,False
2025-11-24 19:00:00,HGM,29.0,17.094158,21.714285,21.714285714285715,14.035392761230469,False
2025-11-24 20:00:00,HGM,28.0,9.175051,14.142858,14.142857142857142,14.035392761230469,True
2025-11-24 21:00:00,HGM,13.0,3.8926802,10.928572,10.928571428571429,14.035392761230469,False
2025-11-24 22:00:00,HGM,15.0,1.8318872,9.571428,9.571428571428571,14.035392761230469,False
2025-11-24 23:00:00,HGM,17.0,3.398512,8.428572,8.428571428571429,14.035392761230469,False
2025-11-25 03:00:00,HGM,22.0,5.507428,4.5,4.5,14.035392761230469,True
2025-11-25 04:00:00,HGM,19.0,4.925164,3.5714285,3.5714285714285716,14.035392761230469,True
2025-11-25 05:00:00,HGM,12.0,5.2006574,3.4285715,3.4285714285714284,14.035392761230469,False
2025-11-25 06:00:00,HGM,3.0,4.6097097,2.9285715,2.9285714285714284,14.035392761230469,False
2025-11-25 07:00:00,HGM,3.0,5.6501713,3.5714285,3.5714285714285716,14.035392761230469,False
2025-11-25 08:00:00,HGM,9.0,9.918154,7.357143,7.357142857142857,14.035392761230469,False
2025-11-25 09:00:00,HGM,26.0,19.941921,18.428572,18.428571428571427,14.035392761230469,False
2025-11-25 10:00:00,HGM,47.0,39.5644,36.153847,36.15384615384615,14.035392761230469,False
2025-11-25 11:00:00,HGM,70.0,66.901054,57.307693,57.30769230769231,14.035392761230469,False
2025-11-25 12:00:00,HGM,92.0,77.22627,71.69231,71.6923076923077,14.035392761230469,True
2025-11-25 13:00:00,HGM,110.0,76.03051,75.46154,75.46153846153847,14.035392761230469,True
2025-11-25 14:00:00,HGM,104.0,89.59368,81.61539,81.61538461538461,14.035392761230469,True
2025-11-25 15:00:00,HGM,94.0,91.12209,84.78571,84.78571428571429,14.035392761230469,False
2025-11-25 16:00:00,HGM,90.0,92.19299,81.14286,81.14285714285714,14.035392761230469,False
2025-11-25 17:00:00,HGM,84.0,75.16867,67.07143,67.07142857142857,14.035392761230469,False
2025-11-25 18:00:00,HGM,26.0,46.843403,36.214287,36.214285714285715,14.035392761230469,True
2025-11-25 19:00:00,HGM,13.0,28.084932,23.071428,23.071428571428573,14.035392761230469,True
2025-11-25 20:00:00,HGM,16.0,21.024513,14.785714,14.785714285714286,14.035392761230469,False
2025-11-25 21:00:00,HGM,14.0,19.118793,10.785714,10.785714285714286,14.035392761230469,False
2025-11-25 22:00:00,HGM,15.0,16.21077,9.428572,9.428571428571429,14.035392761230469,False
2025-11-25 23:00:00,HGM,22.0,14.115922,8.642858,8.642857142857142,14.035392761230469,False
2025-11-26 00:00:00,HGM,25.0,13.179658,6.909091,6.909090909090909,14.035392761230469,False
2025-11-26 01:00:00,HGM,19.0,12.43387,6.181818,6.181818181818182,14.035392761230469,False
2025-11-26 02:00:00,HGM,10.0,10.815214,5.2727275,5.2727272727272725,14.035392761230469,False
2025-11-26 03:00:00,HGM,2.0,9.915823,5.214286,5.214285714285714,14.035392761230469,False
2025-11-26 04:00:00,HGM,6.0,10.308844,4.5,4.5,14.035392761230469,False
2025-11-26 05:00:00,HGM,3.0,8.18483,3.4285715,3.4285714285714284,14.035392761230469,False
2025-11-26 06:00:00,HGM,2.0,6.819777,2.5,2.5,14.035392761230469,False
2025-11-26 07:00:00,HGM,3.0,8.0016165,3.5714285,3.5714285714285716,14.035392761230469,False
2025-11-26 08:00:00,HGM,5.0,12.548574,7.642857,7.642857142857143,14.035392761230469,False
2025-11-26 09:00:00,HGM,13.0,25.748112,19.214285,19.214285714285715,14.035392761230469,False
2025-11-26 10:00:00,HGM,30.0,47.99418,38.153847,38.15384615384615,14.035392761230469,True
2025-11-26 11:00:00,HGM,50.0,71.70064,59.923077,59.92307692307692,14.035392761230469,True
2025-11-26 12:00:00,HGM,72.0,93.658875,74.84615,74.84615384615384,14.035392761230469,True
2025-11-26 13:00:00,HGM,86.0,94.94328,79.53846,79.53846153846153,14.035392761230469,False
2025-11-26 14:00:00,HGM,80.0,95.77854,84.53846,84.53846153846153,14.035392761230469,True
2025-11-26 15:00:00,HGM,72.0,97.07976,86.92857,86.92857142857143,14.035392761230469,True
2025-11-26 16:00:00,HGM,63.0,92.99059,83.42857,83.42857142857143,14.035392761230469,True
2025-11-26 17:00:00,HGM,38.0,76.799484,70.14286,70.14285714285714,14.035392761230469,True
2025-11-26 18:00:00,HGM,25.0,35.48505,35.92857,35.92857142857143,14.035392761230469,False
2025-11-26 19:00:00,HGM,26.0,23.487078,21.142857,21.142857142857142,14.035392761230469,False
2025-11-26 20:00:00,HGM,25.0,18.023357,14.785714,14.785714285714286,14.035392761230469,False
2025-11-26 21:00:00,HGM,16.0,13.485996,11.0,11.0,14.035392761230469,False
2025-11-26 22:00:00,HGM,23.0,12.083633,9.714286,9.714285714285714,14.035392761230469,False
2025-11-26 23:00:00,HGM,22.0,13.106506,9.928572,9.928571428571429,14.035392761230469,False
2025-11-27 00:00:00,HGM,24.0,13.697899,9.0,9.0,14.035392761230469,False
2025-11-27 01:00:00,HGM,23.0,13.779402,7.7272725,7.7272727272727275,14.035392761230469,False
2025-11-27 02:00:00,HGM,24.0,13.146998,6.0,6.0,14.035392761230469,False
2025-11-27 03:00:00,HGM,24.0,13.416412,5.214286,5.214285714285714,14.035392761230469,False
2025-11-27 04:00:00,HGM,23.0,13.744541,4.785714,4.785714285714286,14.035392761230469,False
2025-11-27 05:00:00,HGM,15.0,12.360468,3.5,3.5,14.035392761230469,False
2025-11-27 06:00:00,HGM,13.0,10.148919,2.4285715,2.4285714285714284,14.035392761230469,False
2025-11-27 07:00:00,HGM,6.0,8.828835,3.5,3.5,14.035392761230469,False
2025-11-27 08:00:00,HGM,5.0,11.725686,7.5,7.5,14.035392761230469,False
2025-11-27 09:00:00,HGM,15.0,23.636587,19.071428,19.071428571428573,14.035392761230469,False
2025-11-27 10:00:00,HGM,28.0,43.65657,37.53846,37.53846153846154,14.035392761230469,True
2025-11-27 11:00:00,HGM,38.0,62.25334,58.923077,58.92307692307692,14.035392761230469,True
2025-11-27 12:00:00,HGM,41.0,68.705696,73.23077,73.23076923076923,14.035392761230469,True
2025-11-27 13:00:00,HGM,46.0,66.86665,78.69231,78.6923076923077,14.035392761230469,True
2025-11-27 14:00:00,HGM,45.0,64.45241,82.84615,82.84615384615384,14.035392761230469,True
2025-11-27 15:00:00,HGM,43.0,67.64687,83.57143,83.57142857142857,14.035392761230469,True
2025-11-27 16:00:00,HGM,34.0,64.51042,79.92857,79.92857142857143,14.035392761230469,True
2025-11-27 17:00:00,HGM,25.0,56.4572,67.57143,67.57142857142857,14.035392761230469,True
2025-11-27 18:00:00,HGM,22.0,27.830078,34.642857,34.642857142857146,14.035392761230469,False
2025-11-27 19:00:00,HGM,20.0,16.18279,21.214285,21.214285714285715,14.035392761230469,False
2025-11-27 20:00:00,HGM,13.0,11.261521,15.571428,15.571428571428571,14.035392761230469,False
2025-11-27 21:00:00,HGM,17.0,7.910005,10.714286,10.714285714285714,14.035392761230469,False
2025-11-27 22:00:00,HGM,19.0,8.518287,10.0,10.0,14.035392761230469,False
2025-11-27 23:00:00,HGM,19.0,9.641496,10.428572,10.428571428571429,14.035392761230469,False
2025-11-28 00:00:00,HGM,22.0,10.525244,10.25,10.25,14.035392761230469,False
2025-11-28 01:00:00,HGM,21.0,10.698562,9.0,9.0,14.035392761230469,False
2025-11-28 02:00:00,HGM,22.0,11.5975685,7.5,7.5,14.035392761230469,False
2025-11-28 03:00:00,HGM,28.0,12.879004,6.714286,6.714285714285714,14.035392761230469,True
2025-11-28 04:00:00,HGM,30.0,14.539868,6.285714,6.285714285714286,14.035392761230469,True
2025-11-28 05:00:00,HGM,22.0,12.55665,4.428571,4.428571428571429,14.035392761230469,False
2025-11-28 06:00:00,HGM,17.0,8.95718,3.142857,3.142857142857143,14.035392761230469,False
2025-11-28 07:00:00,HGM,12.0,8.161779,3.642857,3.642857142857143,14.035392761230469,False
2025-11-28 08:00:00,HGM,15.0,10.693568,7.357143,7.357142857142857,14.035392761230469,False
2025-11-28 09:00:00,HGM,16.0,22.603401,19.214285,19.214285714285715,14.035392761230469,False
2025-11-28 10:00:00,HGM,18.0,37.448402,37.692307,37.69230769230769,14.035392761230469,True
2025-11-28 11:00:00,HGM,19.0,50.655666,58.0,58.0,14.035392761230469,True
2025-11-28 12:00:00,HGM,22.0,55.27121,71.46154,71.46153846153847,14.035392761230469,True
2025-11-28 13:00:00,HGM,21.0,53.647545,77.15385,77.15384615384616,14.035392761230469,True
2025-11-28 14:00:00,HGM,20.0,53.728634,79.46154,79.46153846153847,14.035392761230469,True
2025-11-28 15:00:00,HGM,28.0,58.34066,79.85714,79.85714285714286,14.035392761230469,True
2025-11-28 16:00:00,HGM,24.0,64.16274,75.64286,75.64285714285714,14.035392761230469,True
2025-11-28 17:00:00,HGM,15.0,59.864822,65.0,65.0,14.035392761230469,True
2025-11-28 18:00:00,HGM,8.0,28.15702,34.42857,34.42857142857143,14.035392761230469,True
2025-11-28 19:00:00,HGM,3.0,16.208849,22.0,22.0,14.035392761230469,False
2025-11-28 20:00:00,HGM,2.0,9.79424,15.928572,15.928571428571429,14.035392761230469,False
2025-11-28 21:00:00,HGM,4.0,5.1529064,10.928572,10.928571428571429,14.035392761230469,False
2025-11-28 22:00:00,HGM,4.0,5.868697,10.642858,10.642857142857142,14.035392761230469,False
2025-11-28 23:00:00,HGM,3.0,6.76856,11.071428,11.071428571428571,14.035392761230469,False
2025-11-29 00:00:00,HGM,2.0,7.7326894,11.416667,11.416666666666666,14.035392761230469,False
2025-11-29 01:00:00,HGM,2.0,7.5065928,10.5,10.5,14.035392761230469,False
2025-11-29 02:00:00,HGM,2.0,6.942239,9.083333,9.083333333333334,14.035392761230469,False
2025-11-29 03:00:00,HGM,2.0,7.3017836,8.571428,8.571428571428571,14.035392761230469,False
2025-11-29 04:00:00,HGM,2.0,7.5944753,8.285714,8.285714285714286,14.035392761230469,False
2025-11-29 05:00:00,HGM,2.0,5.785403,5.857143,5.857142857142857,14.035392761230469,False
2025-11-29 06:00:00,HGM,2.0,4.5322948,4.142857,4.142857142857143,14.035392761230469,False
2025-11-29 07:00:00,HGM,2.0,4.8157935,4.214286,4.214285714285714,14.035392761230469,False
2025-11-29 08:00:00,HGM,4.0,8.583896,7.928571,7.928571428571429,14.035392761230469,False
2025-11-29 09:00:00,HGM,8.0,18.619602,19.285715,19.285714285714285,14.035392761230469,False
2025-11-29 10:00:00,HGM,25.0,35.517113,36.384617,36.38461538461539,14.035392761230469,False
2025-11-29 11:00:00,HGM,40.0,59.897465,55.615383,55.61538461538461,14.035392761230469,True
2025-11-29 12:00:00,HGM,63.0,83.900856,67.61539,67.61538461538461,14.035392761230469,True
2025-11-29 13:00:00,HGM,68.0,94.42834,73.61539,73.61538461538461,14.035392761230469,True
2025-11-29 14:00:00,HGM,73.0,96.41266,76.15385,76.15384615384616,14.035392761230469,True
2025-11-29 15:00:00,HGM,71.0,92.69917,77.14286,77.14285714285714,14.035392761230469,True
2025-11-29 16:00:00,HGM,52.0,83.5311,73.78571,73.78571428571429,14.035392761230469,True
2025-11-29 17:00:00,HGM,40.0,69.34583,62.785713,62.785714285714285,14.035392761230469,True
2025-11-29 18:00:00,HGM,36.0,34.581146,32.857143,32.857142857142854,14.035392761230469,False
2025-11-29 19:00:00,HGM,10.0,11.713253,21.5,21.5,14.035392761230469,False
2025-11-29 20:00:00,HGM,7.0,4.1543884,15.428572,15.428571428571429,14.035392761230469,False
2025-11-29 21:00:00,HGM,16.0,1.4613361,10.857142,10.857142857142858,14.035392761230469,True
2025-11-29 22:00:00,HGM,6.0,1.772357,10.642858,10.642857142857142,14.035392761230469,False
2025-11-29 23:00:00,HGM,4.0,3.2312775,11.0,11.0,14.035392761230469,False
2025-11-30 00:00:00,HGM,11.0,4.5891576,11.333333,11.333333333333334,14.035392761230469,False
2025-11-30 01:00:00,HGM,6.0,4.165597,10.416667,10.416666666666666,14.035392761230469,False
2025-11-30 02:00:00,HGM,14.0,3.4633389,9.0,9.0,14.035392761230469,False
2025-11-30 03:00:00,HGM,7.0,5.4213185,8.571428,8.571428571428571,14.035392761230469,False
2025-11-30 04:00:00,HGM,6.0,6.950831,8.285714,8.285714285714286,14.035392761230469,False
2025-11-30 05:00:00,HGM,2.0,5.131758,5.785714,5.785714285714286,14.035392761230469,False
2025-11-30 06:00:00,HGM,2.0,3.711112,4.071429,4.071428571428571,14.035392761230469,False
2025-11-30 07:00:00,HGM,3.0,4.422358,4.142857,4.142857142857143,14.035392761230469,False
2025-11-30 08:00:00,HGM,9.0,7.934698,7.857143,7.857142857142857,14.035392761230469,False
2025-11-30 09:00:00,HGM,26.0,19.14368,18.928572,18.928571428571427,14.035392761230469,False
2025-11-30 10:00:00,HGM,51.0,39.978096,36.076923,36.07692307692308,14.035392761230469,False
2025-11-30 11:00:00,HGM,79.0,69.38982,54.53846,54.53846153846154,14.035392761230469,False
2025-11-30 12:00:00,HGM,80.0,80.06163,67.76923,67.76923076923077,14.035392761230469,False
2025-11-30 13:00:00,HGM,91.0,88.22018,74.15385,74.15384615384616,14.035392761230469,False
2025-11-30 14:00:00,HGM,103.0,93.01099,77.0,77.0,14.035392761230469,False
2025-11-30 15:00:00,HGM,111.0,92.85807,77.14286,77.14285714285714,14.035392761230469,True
2025-11-30 16:00:00,HGM,106.0,90.72757,72.0,72.0,14.035392761230469,True
2025-11-30 17:00:00,HGM,91.0,81.71034,59.42857,59.42857142857143,14.035392761230469,False
2025-11-30 18:00:00,HGM,48.0,47.234425,32.785713,32.785714285714285,14.035392761230469,False
2025-11-30 19:00:00,HGM,38.0,31.393303,21.642857,21.642857142857142,14.035392761230469,False
2025-11-30 20:00:00,HGM,33.0,25.584429,15.428572,15.428571428571429,14.035392761230469,False
2025-11-30 21:00:00,HGM,22.0,20.863972,11.642858,11.642857142857142,14.035392761230469,False
2025-11-30 22:00:00,HGM,18.0,16.116854,10.785714,10.785714285714286,14.035392761230469,False
2025-11-30 23:00:00,HGM,25.0,15.048167,11.0,11.0,14.035392761230469,False
2025-12-01 03:00:00,HGM,11.0,13.169966,8.571428,8.571428571428571,14.035392761230469,False
2025-12-01 04:00:00,HGM,2.0,9.653377,8.428572,8.428571428571429,14.035392761230469,False
2025-12-01 05:00:00,HGM,2.0,6.7870245,5.642857,5.642857142857143,14.035392761230469,False
2025-12-01 06:00:00,HGM,2.0,4.866313,4.0,4.0,14.035392761230469,False
2025-12-01 07:00:00,HGM,3.0,4.8197,4.0,4.0,14.035392761230469,False
2025-12-01 08:00:00,HGM,4.0,7.6841297,8.0,8.0,14.035392761230469,False
2025-12-01 09:00:00,HGM,10.0,16.342375,19.214285,19.214285714285715,14.035392761230469,False
2025-12-01 10:00:00,HGM,28.0,29.322052,35.692307,35.69230769230769,14.035392761230469,False
2025-12-01 11:00:00,HGM,52.0,45.402,55.307693,55.30769230769231,14.035392761230469,False
2025-12-01 12:00:00,HGM,69.0,60.349052,67.69231,67.6923076923077,14.035392761230469,False
2025-12-01 13:00:00,HGM,86.0,72.84156,75.69231,75.6923076923077,14.035392761230469,False
2025-12-01 14:00:00,HGM,97.0,81.67181,79.38461,79.38461538461539,14.035392761230469,True
2025-12-01 15:00:00,HGM,98.0,82.40553,80.28571,80.28571428571429,14.035392761230469,True
2025-12-01 16:00:00,HGM,70.0,82.65474,75.14286,75.14285714285714,14.035392761230469,False
2025-12-01 17:00:00,HGM,42.0,63.62283,62.142857,62.142857142857146,14.035392761230469,True
2025-12-01 18:00:00,HGM,32.0,29.836514,33.714287,33.714285714285715,14.035392761230469,False
2025-12-01 19:00:00,HGM,26.0,18.742165,22.428572,22.428571428571427,14.035392761230469,False
2025-12-01 20:00:00,HGM,17.0,8.781977,16.571428,16.571428571428573,14.035392761230469,False
2025-12-01 21:00:00,HGM,11.0,3.2344618,12.642858,12.642857142857142,14.035392761230469,False
2025-12-01 22:00:00,HGM,8.0,3.0281363,11.785714,11.785714285714286,14.035392761230469,False
2025-12-01 23:00:00,HGM,4.0,3.3292332,12.571428,12.571428571428571,14.035392761230469,False
2025-12-02 00:00:00,HGM,3.0,4.961978,12.727273,12.727272727272727,14.035392761230469,False
2025-12-02 01:00:00,HGM,6.0,4.8901944,11.272727,11.272727272727273,14.035392761230469,False
2025-12-02 02:00:00,HGM,4.0,5.23687,10.272727,10.272727272727273,14.035392761230469,False
2025-12-02 03:00:00,HGM,2.0,5.598175,9.214286,9.214285714285714,14.035392761230469,False
2025-12-02 04:00:00,HGM,2.0,5.774588,8.357142,8.357142857142858,14.035392761230469,False
2025-12-02 05:00:00,HGM,2.0,4.101205,5.642857,5.642857142857143,14.035392761230469,False
2025-12-02 06:00:00,HGM,2.0,3.2441912,4.0,4.0,14.035392761230469,False
2025-12-02 07:00:00,HGM,3.0,3.7981784,3.9285715,3.9285714285714284,14.035392761230469,False
2025-12-02 08:00:00,HGM,7.0,7.1795444,7.142857,7.142857142857143,14.035392761230469,False
2025-12-02 09:00:00,HGM,18.0,17.587936,17.785715,17.785714285714285,14.035392761230469,False
2025-12-02 10:00:00,HGM,40.0,36.331013,35.384617,35.38461538461539,14.035392761230469,False
2025-12-02 11:00:00,HGM,66.0,63.615677,54.23077,54.23076923076923,14.035392761230469,False
2025-12-02 12:00:00,HGM,88.0,85.33817,67.53846,67.53846153846153,14.035392761230469,False
2025-12-02 13:00:00,HGM,95.0,99.98159,76.15385,76.15384615384616,14.035392761230469,False
2025-12-02 14:00:00,HGM,89.0,104.107796,79.69231,79.6923076923077,14.035392761230469,True
2025-12-02 15:00:00,HGM,78.0,103.40618,79.71429,79.71428571428571,14.035392761230469,True
2025-12-02 16:00:00,HGM,59.0,79.76725,73.21429,73.21428571428571,14.035392761230469,True
2025-12-02 17:00:00,HGM,49.0,56.252213,59.0,59.0,14.035392761230469,False
2025-12-02 18:00:00,HGM,38.0,32.129593,32.92857,32.92857142857143,14.035392761230469,False
2025-12-02 19:00:00,HGM,33.0,29.791882,22.428572,22.428571428571427,14.035392761230469,False
2025-12-02 20:00:00,HGM,29.0,22.918842,17.214285,17.214285714285715,14.035392761230469,False
2025-12-02 21:00:00,HGM,7.0,16.345737,12.928572,12.928571428571429,14.035392761230469,False
2025-12-02 22:00:00,HGM,5.0,12.501857,12.142858,12.142857142857142,14.035392761230469,False
2025-12-02 23:00:00,HGM,3.0,13.094901,12.642858,12.642857142857142,14.035392761230469,False
2025-12-03 00:00:00,HGM,3.0,12.650972,12.727273,12.727272727272727,14.035392761230469,False
2025-12-03 01:00:00,HGM,3.0,10.622141,11.636364,11.636363636363637,14.035392761230469,False
2025-12-03 02:00:00,HGM,12.0,10.844013,10.454545,10.454545454545455,14.035392761230469,False
2025-12-03 03:00:00,HGM,14.0,10.24941,8.785714,8.785714285714286,14.035392761230469,False
2025-12-03 04:00:00,HGM,11.0,10.936576,8.142858,8.142857142857142,14.035392761230469,False
2025-12-03 05:00:00,HGM,2.0,9.795574,5.571429,5.571428571428571,14.035392761230469,False
2025-12-03 06:00:00,HGM,2.0,7.942178,4.0,4.0,14.035392761230469,False
2025-12-03 07:00:00,HGM,3.0,7.539356,3.9285715,3.9285714285714284,14.035392761230469,False
2025-12-03 08:00:00,HGM,6.0,10.440008,7.285714,7.285714285714286,14.035392761230469,False
2025-12-03 09:00:00,HGM,13.0,20.262764,17.642857,17.642857142857142,14.035392761230469,False
2025-12-03 10:00:00,HGM,33.0,38.435143,34.692307,34.69230769230769,14.035392761230469,False
2025-12-03 11:00:00,HGM,63.0,61.07294,53.692307,53.69230769230769,14.035392761230469,False
2025-12-03 12:00:00,HGM,78.0,85.052536,67.61539,67.61538461538461,14.035392761230469,False
2025-12-03 13:00:00,HGM,80.0,101.325134,76.69231,76.6923076923077,14.035392761230469,True
2025-12-03 14:00:00,HGM,104.0,105.582855,79.84615,79.84615384615384,14.035392761230469,False
2025-12-03 15:00:00,HGM,94.0,106.631485,79.85714,79.85714285714286,14.035392761230469,False
2025-12-03 16:00:00,HGM,68.0,92.51766,72.21429,72.21428571428571,14.035392761230469,True
2025-12-03 17:00:00,HGM,47.0,67.50761,58.0,58.0,14.035392761230469,True
2025-12-03 18:00:00,HGM,38.0,27.402863,33.357143,33.357142857142854,14.035392761230469,False
2025-12-03 19:00:00,HGM,35.0,19.56534,23.642857,23.642857142857142,14.035392761230469,True
2025-12-03 20:00:00,HGM,24.0,17.086681,18.785715,18.785714285714285,14.035392761230469,False
2025-12-03 21:00:00,HGM,8.0,9.707007,12.928572,12.928571428571429,14.035392761230469,False
2025-12-03 22:00:00,HGM,2.0,6.8982906,12.0,12.0,14.035392761230469,False
2025-12-03 23:00:00,HGM,2.0,7.623262,12.357142,12.357142857142858,14.035392761230469,False
2025-12-04 00:00:00,HGM,2.0,6.9482403,11.916667,11.916666666666666,14.035392761230469,False
2025-12-04 01:00:00,HGM,7.0,5.683571,10.916667,10.916666666666666,14.035392761230469,False
2025-12-04 02:00:00,HGM,12.0,5.9412203,10.583333,10.583333333333334,14.035392761230469,False
2025-12-04 03:00:00,HGM,11.0,5.841614,9.642858,9.642857142857142,14.035392761230469,False
2025-12-04 04:00:00,HGM,3.0,5.773861,8.785714,8.785714285714286,14.035392761230469,False
2025-12-04 05:00:00,HGM,2.0,3.37794,5.5,5.5,14.035392761230469,False
2025-12-04 06:00:00,HGM,2.0,2.957931,4.0,4.0,14.035392761230469,False
2025-12-04 07:00:00,HGM,3.0,4.0197334,3.9285715,3.9285714285714284,14.035392761230469,False
2025-12-04 08:00:00,HGM,5.0,7.711297,7.285714,7.285714285714286,14.035392761230469,False
2025-12-04 09:00:00,HGM,14.0,18.041885,17.571428,17.571428571428573,14.035392761230469,False
2025-12-04 10:00:00,HGM,36.0,34.263092,34.53846,34.53846153846154,14.035392761230469,False
2025-12-04 11:00:00,HGM,55.0,55.30407,54.692307,54.69230769230769,14.035392761230469,False
2025-12-04 12:00:00,HGM,77.0,72.5314,68.38461,68.38461538461539,14.035392761230469,False
2025-12-04 13:00:00,HGM,92.0,94.860016,77.76923,77.76923076923077,14.035392761230469,False
2025-12-04 14:00:00,HGM,109.0,105.90854,82.23077,82.23076923076923,14.035392761230469,False
2025-12-04 15:00:00,HGM,108.0,105.62661,81.35714,81.35714285714286,14.035392761230469,False
2025-12-04 16:00:00,HGM,113.0,102.65265,72.85714,72.85714285714286,14.035392761230469,False
2025-12-04 18:00:00,HGM,53.0,46.062042,34.5,34.5,14.035392761230469,False
2025-12-04 19:00:00,HGM,40.0,32.62159,25.0,25.0,14.035392761230469,False
2025-12-04 20:00:00,HGM,28.0,22.57338,19.714285,19.714285714285715,14.035392761230469,False
2025-12-04 21:00:00,HGM,24.0,13.2328825,12.785714,12.785714285714286,14.035392761230469,False
2025-12-04 22:00:00,HGM,27.0,14.709736,11.714286,11.714285714285714,14.035392761230469,False
2025-12-04 23:00:00,HGM,21.0,18.408535,12.285714,12.285714285714286,14.035392761230469,False
2025-12-05 00:00:00,HGM,24.0,17.199863,11.833333,11.833333333333334,14.035392761230469,False
2025-12-05 01:00:00,HGM,22.0,17.47773,11.25,11.25,14.035392761230469,False
2025-12-05 02:00:00,HGM,22.0,18.058512,11.416667,11.416666666666666,14.035392761230469,False
2025-12-05 03:00:00,HGM,18.0,16.875942,10.285714,10.285714285714286,14.035392761230469,False
2025-12-05 04:00:00,HGM,7.0,14.200329,8.857142,8.857142857142858,14.035392761230469,False
2025-12-05 05:00:00,HGM,5.0,9.662479,5.5,5.5,14.035392761230469,False
2025-12-05 06:00:00,HGM,2.0,6.3021545,4.0,4.0,14.035392761230469,False
2025-12-05 07:00:00,HGM,2.0,6.3832417,3.9285715,3.9285714285714284,14.035392761230469,False
2025-12-05 08:00:00,HGM,5.0,9.625684,7.285714,7.285714285714286,14.035392761230469,False
2025-12-05 09:00:00,HGM,13.0,19.37183,17.428572,17.428571428571427,14.035392761230469,False
2025-12-05 10:00:00,HGM,28.0,37.509094,34.642857,34.642857142857146,14.035392761230469,False
2025-12-05 11:00:00,HGM,52.0,58.081398,54.714287,54.714285714285715,14.035392761230469,False
2025-12-05 12:00:00,HGM,74.0,75.9612,69.0,69.0,14.035392761230469,False
2025-12-05 13:00:00,HGM,88.0,92.277824,78.78571,78.78571428571429,14.035392761230469,False
2025-12-05 14:00:00,HGM,72.0,92.59749,84.14286,84.14285714285714,14.035392761230469,True
2025-12-05 15:00:00,HGM,69.0,72.51633,82.07143,82.07142857142857,14.035392761230469,False
2025-12-05 16:00:00,HGM,58.0,58.663696,73.28571,73.28571428571429,14.035392761230469,False
2025-12-05 17:00:00,HGM,54.0,44.678444,54.615383,54.61538461538461,14.035392761230469,False
2025-12-05 18:00:00,HGM,47.0,41.09211,35.142857,35.142857142857146,14.035392761230469,False
2025-12-05 19:00:00,HGM,41.0,34.141693,25.071428,25.071428571428573,14.035392761230469,False
2025-12-05 20:00:00,HGM,33.0,22.542189,19.714285,19.714285714285715,14.035392761230469,False
2025-12-05 21:00:00,HGM,24.0,16.698061,13.642858,13.642857142857142,14.035392761230469,False
2025-12-05 22:00:00,HGM,10.0,12.932572,12.928572,12.928571428571429,14.035392761230469,False
2025-12-05 23:00:00,HGM,8.0,13.294792,12.857142,12.857142857142858,14.035392761230469,False
2025-12-06 00:00:00,HGM,9.0,13.829594,13.25,13.25,14.035392761230469,False
2025-12-06 01:00:00,HGM,9.0,13.956846,11.833333,11.833333333333334,14.035392761230469,False
2025-12-06 02:00:00,HGM,3.0,13.567362,12.333333,12.333333333333334,14.035392761230469,False
2025-12-06 03:00:00,HGM,2.0,12.542773,11.142858,11.142857142857142,14.035392761230469,False
2025-12-06 04:00:00,HGM,2.0,11.246885,8.857142,8.857142857142858,14.035392761230469,False
2025-12-06 05:00:00,HGM,3.0,8.919918,5.571429,5.571428571428571,14.035392761230469,False
2025-12-06 06:00:00,HGM,2.0,7.380077,4.0,4.0,14.035392761230469,False
2025-12-06 07:00:00,HGM,3.0,7.4542413,3.857143,3.857142857142857,14.035392761230469,False
2025-12-06 08:00:00,HGM,4.0,10.721315,7.0,7.0,14.035392761230469,False
2025-12-06 09:00:00,HGM,11.0,20.109154,16.571428,16.571428571428573,14.035392761230469,False
2025-12-06 10:00:00,HGM,26.0,37.087524,33.214287,33.214285714285715,14.035392761230469,False
2025-12-06 11:00:00,HGM,35.0,56.782272,53.214287,53.214285714285715,14.035392761230469,True
2025-12-06 12:00:00,HGM,54.0,81.913155,68.5,68.5,14.035392761230469,True
2025-12-06 13:00:00,HGM,65.0,96.36756,78.71429,78.71428571428571,14.035392761230469,True
2025-12-06 14:00:00,HGM,64.0,94.94239,82.5,82.5,14.035392761230469,True
2025-12-06 15:00:00,HGM,60.0,82.36905,80.35714,80.35714285714286,14.035392761230469,True
2025-12-06 16:00:00,HGM,38.0,64.017654,71.35714,71.35714285714286,14.035392761230469,True
2025-12-06 17:00:00,HGM,34.0,37.99244,53.384617,53.38461538461539,14.035392761230469,False
2025-12-06 18:00:00,HGM,17.0,28.39126,35.5,35.5,14.035392761230469,False
2025-12-06 19:00:00,HGM,12.0,24.054388,25.428572,25.428571428571427,14.035392761230469,False
2025-12-06 20:00:00,HGM,8.0,17.855156,20.071428,20.071428571428573,14.035392761230469,False
2025-12-06 21:00:00,HGM,5.0,11.398262,14.357142,14.357142857142858,14.035392761230469,False
2025-12-06 22:00:00,HGM,10.0,8.778839,12.428572,12.428571428571429,14.035392761230469,False
2025-12-06 23:00:00,HGM,6.0,7.597377,12.214286,12.214285714285714,14.035392761230469,False
2025-12-07 03:00:00,HGM,4.0,9.654925,10.785714,10.785714285714286,14.035392761230469,False
2025-12-07 04:00:00,HGM,3.0,7.088381,8.5,8.5,14.035392761230469,False
2025-12-07 05:00:00,HGM,2.0,4.6745853,5.642857,5.642857142857143,14.035392761230469,False
2025-12-07 06:00:00,HGM,2.0,3.604226,4.0,4.0,14.035392761230469,False
2025-12-07 07:00:00,HGM,2.0,3.985343,3.857143,3.857142857142857,14.035392761230469,False
2025-12-07 09:00:00,HGM,20.0,15.203182,15.785714,15.785714285714286,14.035392761230469,False
2025-12-07 10:00:00,HGM,46.0,35.20468,32.642857,32.642857142857146,14.035392761230469,False
2025-12-07 11:00:00,HGM,65.0,61.918777,51.714287,51.714285714285715,14.035392761230469,False
2025-12-07 12:00:00,HGM,76.0,75.17266,66.92857,66.92857142857143,14.035392761230469,False
2025-12-07 13:00:00,HGM,85.0,89.911316,77.35714,77.35714285714286,14.035392761230469,False
2025-12-07 14:00:00,HGM,95.0,93.30816,80.71429,80.71428571428571,14.035392761230469,False
2025-12-07 15:00:00,HGM,92.0,87.296326,78.71429,78.71428571428571,14.035392761230469,False
2025-12-07 16:00:00,HGM,72.0,71.69457,69.07143,69.07142857142857,14.035392761230469,False
2025-12-07 17:00:00,HGM,56.0,52.85077,52.307693,52.30769230769231,14.035392761230469,False
2025-12-07 18:00:00,HGM,48.0,38.70745,34.357143,34.357142857142854,14.035392761230469,False
2025-12-07 19:00:00,HGM,41.0,33.31675,24.714285,24.714285714285715,14.035392761230469,False
2025-12-07 20:00:00,HGM,26.0,26.378979,19.285715,19.285714285714285,14.035392761230469,False
2025-12-07 21:00:00,HGM,13.0,14.297888,13.428572,13.428571428571429,14.035392761230469,False
2025-12-07 22:00:00,HGM,8.0,10.1406765,11.785714,11.785714285714286,14.035392761230469,False
2025-12-07 23:00:00,HGM,20.0,10.899382,11.357142,11.357142857142858,14.035392761230469,False
2025-12-08 00:00:00,HGM,23.0,14.234295,11.636364,11.636363636363637,14.035392761230469,False
2025-12-08 01:00:00,HGM,26.0,18.522167,11.090909,11.090909090909092,14.035392761230469,False
2025-12-08 02:00:00,HGM,23.0,22.631477,11.909091,11.909090909090908,14.035392761230469,False
2025-12-08 03:00:00,HGM,25.0,23.71574,10.857142,10.857142857142858,14.035392761230469,False
2025-12-08 04:00:00,HGM,22.0,22.990051,8.5,8.5,14.035392761230469,False
2025-12-08 05:00:00,HGM,17.0,19.06227,5.5,5.5,14.035392761230469,False
2025-12-08 06:00:00,HGM,10.0,14.651079,3.9285715,3.9285714285714284,14.035392761230469,False
2025-12-08 07:00:00,HGM,10.0,11.414694,3.7857144,3.7857142857142856,14.035392761230469,False
2025-12-08 08:00:00,HGM,13.0,12.220466,6.6923075,6.6923076923076925,14.035392761230469,False
2025-12-08 09:00:00,HGM,9.0,18.319065,15.642858,15.642857142857142,14.035392761230469,False
2025-12-08 10:00:00,HGM,18.0,28.519474,33.57143,33.57142857142857,14.035392761230469,False
2025-12-08 11:00:00,HGM,21.0,42.128853,53.357143,53.357142857142854,14.035392761230469,True
2025-12-08 12:00:00,HGM,29.0,48.788033,68.71429,68.71428571428571,14.035392761230469,True
2025-12-08 13:00:00,HGM,26.0,51.43059,79.07143,79.07142857142857,14.035392761230469,True
2025-12-08 14:00:00,HGM,24.0,49.589764,82.92857,82.92857142857143,14.035392761230469,True
2025-12-08 15:00:00,HGM,34.0,49.030624,80.71429,80.71428571428571,14.035392761230469,True
2025-12-08 18:00:00,HGM,13.0,22.50272,34.642857,34.642857142857146,14.035392761230469,False
2025-12-08 19:00:00,HGM,7.0,15.978935,26.214285,26.214285714285715,14.035392761230469,False
2025-12-08 20:00:00,HGM,2.0,11.427925,20.642857,20.642857142857142,14.035392761230469,False
2025-12-08 21:00:00,HGM,3.0,5.1946106,13.857142,13.857142857142858,14.035392761230469,False
2025-12-08 22:00:00,HGM,3.0,4.079074,12.142858,12.142857142857142,14.035392761230469,False
2025-12-08 23:00:00,HGM,5.0,5.95837,12.571428,12.571428571428571,14.035392761230469,False
2025-12-09 00:00:00,HGM,7.0,7.5740914,13.454545,13.454545454545455,14.035392761230469,False
2025-12-09 01:00:00,HGM,3.0,8.298861,13.090909,13.090909090909092,14.035392761230469,False
2025-12-09 02:00:00,HGM,2.0,9.965542,13.454545,13.454545454545455,14.035392761230469,False
2025-12-09 03:00:00,HGM,2.0,10.058658,12.285714,12.285714285714286,14.035392761230469,False
2025-12-09 04:00:00,HGM,2.0,8.630095,9.857142,9.857142857142858,14.035392761230469,False
2025-12-09 05:00:00,HGM,2.0,5.5477724,6.5,6.5,14.035392761230469,False
2025-12-09 06:00:00,HGM,2.0,3.538707,4.5,4.5,14.035392761230469,False
2025-12-09 07:00:00,HGM,3.0,2.6406207,4.142857,4.142857142857143,14.035392761230469,False
2025-12-09 08:00:00,HGM,5.0,3.7448287,7.0,7.0,14.035392761230469,False
2025-12-09 09:00:00,HGM,12.0,7.527828,15.142858,15.142857142857142,14.035392761230469,False
2025-12-09 10:00:00,HGM,30.0,18.934338,32.42857,32.42857142857143,14.035392761230469,False
2025-12-09 11:00:00,HGM,50.0,36.213028,50.357143,50.357142857142854,14.035392761230469,False
2025-12-09 12:00:00,HGM,63.0,63.49012,65.35714,65.35714285714286,14.035392761230469,False
2025-12-09 13:00:00,HGM,79.0,75.96326,74.21429,74.21428571428571,14.035392761230469,False
2025-12-09 14:00:00,HGM,73.0,79.0818,77.07143,77.07142857142857,14.035392761230469,False
2025-12-09 15:00:00,HGM,53.0,70.41678,75.14286,75.14285714285714,14.035392761230469,True
2025-12-09 16:00:00,HGM,67.0,53.25193,65.15385,65.15384615384616,14.035392761230469,False
2025-12-09 17:00:00,HGM,58.0,57.01307,47.916668,47.916666666666664,14.035392761230469,False
2025-12-09 18:00:00,HGM,15.0,44.766415,32.214287,32.214285714285715,14.035392761230469,True
2025-12-09 19:00:00,HGM,24.0,15.927336,24.642857,24.642857142857142,14.035392761230469,False
2025-12-09 20:00:00,HGM,35.0,25.255245,18.785715,18.785714285714285,14.035392761230469,False
2025-12-09 21:00:00,HGM,18.0,14.087396,13.142858,13.142857142857142,14.035392761230469,False
2025-12-09 22:00:00,HGM,15.0,8.701883,11.285714,11.285714285714286,14.035392761230469,False
2025-12-09 23:00:00,HGM,11.0,9.473236,11.714286,11.714285714285714,14.035392761230469,False
2025-12-10 00:00:00,HGM,16.0,11.025922,12.916667,12.916666666666666,14.035392761230469,False
2025-12-10 01:00:00,HGM,25.0,13.112999,12.25,12.25,14.035392761230469,False
2025-12-10 02:00:00,HGM,20.0,14.577368,12.5,12.5,14.035392761230469,False
2025-12-10 03:00:00,HGM,10.0,11.780889,10.857142,10.857142857142858,14.035392761230469,False
2025-12-10 04:00:00,HGM,2.0,8.144976,8.642858,8.642857142857142,14.035392761230469,False
2025-12-10 05:00:00,HGM,2.0,5.808125,5.785714,5.785714285714286,14.035392761230469,False
2025-12-10 06:00:00,HGM,2.0,4.5141344,4.428571,4.428571428571429,14.035392761230469,False
2025-12-10 07:00:00,HGM,2.0,4.305687,4.142857,4.142857142857143,14.035392761230469,False
2025-12-10 08:00:00,HGM,6.0,6.46985,6.6923075,6.6923076923076925,14.035392761230469,False
2025-12-10 09:00:00,HGM,15.0,11.983008,14.142858,14.142857142857142,14.035392761230469,False
2025-12-10 14:00:00,HGM,66.0,71.96892,74.85714,74.85714285714286,14.035392761230469,False
2025-12-10 15:00:00,HGM,53.0,60.992126,72.21429,72.21428571428571,14.035392761230469,False
2025-12-10 16:00:00,HGM,49.0,46.09001,63.384617,63.38461538461539,14.035392761230469,False
2025-12-10 17:00:00,HGM,32.0,41.318207,45.75,45.75,14.035392761230469,False
2025-12-10 18:00:00,HGM,2.0,23.835426,31.428572,31.428571428571427,14.035392761230469,True
2025-12-10 19:00:00,HGM,1.0,11.125992,25.428572,25.428571428571427,14.035392761230469,False
2025-12-10 20:00:00,HGM,14.0,10.205541,20.142857,20.142857142857142,14.035392761230469,False
2025-12-10 21:00:00,HGM,18.0,6.8461847,13.428572,13.428571428571429,14.035392761230469,False
2025-12-10 22:00:00,HGM,9.0,6.2591767,11.285714,11.285714285714286,14.035392761230469,False
2025-12-10 23:00:00,HGM,6.0,6.040449,10.928572,10.928571428571429,14.035392761230469,False
2025-12-11 00:00:00,HGM,10.0,7.531107,12.166667,12.166666666666666,14.035392761230469,False
2025-12-11 01:00:00,HGM,1.0,9.593449,12.75,12.75,14.035392761230469,False
2025-12-11 02:00:00,HGM,2.0,11.327277,13.333333,13.333333333333334,14.035392761230469,False
2025-12-11 03:00:00,HGM,1.0,9.643494,11.428572,11.428571428571429,14.035392761230469,False
2025-12-11 04:00:00,HGM,0.0,6.6292963,8.357142,8.357142857142858,14.035392761230469,False
2025-12-11 05:00:00,HGM,0.0,4.591908,5.714286,5.714285714285714,14.035392761230469,False
2025-12-11 06:00:00,HGM,0.0,3.8961318,4.428571,4.428571428571429,14.035392761230469,False
2025-12-11 07:00:00,HGM,1.0,3.6162422,4.071429,4.071428571428571,14.035392761230469,False
2025-12-11 08:00:00,HGM,5.0,5.9073634,6.769231,6.769230769230769,14.035392761230469,False
2025-12-11 09:00:00,HGM,13.0,11.773285,14.285714,14.285714285714286,14.035392761230469,False
2025-12-11 10:00:00,HGM,22.0,24.591494,31.307692,31.307692307692307,14.035392761230469,False
2025-12-11 11:00:00,HGM,35.0,36.635937,48.846153,48.84615384615385,14.035392761230469,False
2025-12-11 12:00:00,HGM,50.0,50.176765,62.615383,62.61538461538461,14.035392761230469,False
2025-12-11 13:00:00,HGM,63.0,60.089703,70.92308,70.92307692307692,14.035392761230469,False
2025-12-11 14:00:00,HGM,72.0,68.233246,73.85714,73.85714285714286,14.035392761230469,False
2025-12-11 15:00:00,HGM,70.0,65.66665,70.85714,70.85714285714286,14.035392761230469,False
2025-12-11 16:00:00,HGM,68.0,64.36101,62.307693,62.30769230769231,14.035392761230469,False
2025-12-11 17:00:00,HGM,46.0,38.742798,45.25,45.25,14.035392761230469,False
2025-12-11 18:00:00,HGM,18.0,27.81051,29.785715,29.785714285714285,14.035392761230469,False
2025-12-11 19:00:00,HGM,4.0,15.555986,23.642857,23.642857142857142,14.035392761230469,False
2025-12-11 20:00:00,HGM,22.0,10.793149,19.357143,19.357142857142858,14.035392761230469,False
2025-12-11 21:00:00,HGM,15.0,12.721848,13.571428,13.571428571428571,14.035392761230469,False
2025-12-11 22:00:00,HGM,12.0,4.6843348,10.285714,10.285714285714286,14.035392761230469,False
2025-12-11 23:00:00,HGM,2.0,0.9412794,9.785714,9.785714285714286,14.035392761230469,False
2025-12-12 00:00:00,HGM,0.0,1.7900333,11.0,11.0,14.035392761230469,False
2025-12-12 01:00:00,HGM,0.0,1.5507307,10.916667,10.916666666666666,14.035392761230469,False
2025-12-12 02:00:00,HGM,0.0,2.8169174,11.5,11.5,14.035392761230469,False
2025-12-12 03:00:00,HGM,0.0,2.6268778,9.785714,9.785714285714286,14.035392761230469,False
2025-12-12 04:00:00,HGM,0.0,1.2202559,6.714286,6.714285714285714,14.035392761230469,False
2025-12-12 05:00:00,HGM,0.0,0.94860435,4.642857,4.642857142857143,14.035392761230469,False
2025-12-12 06:00:00,HGM,0.0,0.85492563,3.5,3.5,14.035392761230469,False
2025-12-12 07:00:00,HGM,1.0,1.1191058,3.7142856,3.7142857142857144,14.035392761230469,False
2025-12-12 08:00:00,HGM,5.0,2.653472,6.769231,6.769230769230769,14.035392761230469,False
2025-12-12 09:00:00,HGM,14.0,6.3353257,14.142858,14.142857142857142,14.035392761230469,False
2025-12-12 10:00:00,HGM,32.0,19.557442,30.846153,30.846153846153847,14.035392761230469,False
2025-12-12 11:00:00,HGM,49.0,36.142654,48.615383,48.61538461538461,14.035392761230469,False
2025-12-12 12:00:00,HGM,79.0,59.215523,63.307693,63.30769230769231,14.035392761230469,True
2025-12-12 13:00:00,HGM,93.0,72.49015,72.23077,72.23076923076923,14.035392761230469,True
2025-12-12 14:00:00,HGM,80.0,74.73872,75.78571,75.78571428571429,14.035392761230469,False
2025-12-12 15:00:00,HGM,55.0,56.116142,72.78571,72.78571428571429,14.035392761230469,False
2025-12-12 16:00:00,HGM,38.0,40.535267,64.92308,64.92307692307692,14.035392761230469,False
2025-12-12 17:00:00,HGM,25.0,29.021435,47.0,47.0,14.035392761230469,False
2025-12-12 18:00:00,HGM,12.0,20.323328,29.5,29.5,14.035392761230469,False
2025-12-12 19:00:00,HGM,6.0,5.9529133,22.5,22.5,14.035392761230469,False
2025-12-12 20:00:00,HGM,14.0,5.9674435,20.0,20.0,14.035392761230469,False
2025-12-12 21:00:00,HGM,6.0,0.37851524,13.428572,13.428571428571429,14.035392761230469,False
2025-12-12 22:00:00,HGM,1.0,-2.8768969,9.785714,9.785714285714286,14.035392761230469,False
2025-12-12 23:00:00,HGM,4.0,-1.639677,8.571428,8.571428571428571,14.035392761230469,False
2025-12-13 03:00:00,HGM,1.0,4.761837,7.785714,7.785714285714286,14.035392761230469,False
2025-12-13 04:00:00,HGM,0.0,-1.2317815,4.571429,4.571428571428571,14.035392761230469,False
2025-12-13 05:00:00,HGM,0.0,-1.3486373,3.0714285,3.0714285714285716,14.035392761230469,False
2025-12-13 06:00:00,HGM,0.0,-0.69927096,2.2857144,2.2857142857142856,14.035392761230469,False
2025-12-13 07:00:00,HGM,1.0,0.5108118,2.9285715,2.9285714285714284,14.035392761230469,False
2025-12-13 08:00:00,HGM,1.0,2.093761,6.0,6.0,14.035392761230469,False
2025-12-13 09:00:00,HGM,4.0,3.7903872,14.0,14.0,14.035392761230469,False
2025-12-13 10:00:00,HGM,11.0,11.666986,31.923077,31.923076923076923,14.035392761230469,False
2025-12-13 11:00:00,HGM,32.0,22.10019,50.923077,50.92307692307692,14.035392761230469,False
2025-12-13 12:00:00,HGM,48.0,37.636375,67.69231,67.6923076923077,14.035392761230469,False
2025-12-13 13:00:00,HGM,54.0,57.86921,77.76923,77.76923076923077,14.035392761230469,False
2025-12-13 14:00:00,HGM,55.0,60.70352,80.07143,80.07142857142857,14.035392761230469,False
2025-12-13 15:00:00,HGM,59.0,62.36221,74.71429,74.71428571428571,14.035392761230469,False
2025-12-13 16:00:00,HGM,54.0,72.537865,66.0,66.0,14.035392761230469,True
2025-12-13 17:00:00,HGM,52.0,54.98088,47.833332,47.833333333333336,14.035392761230469,False
2025-12-13 18:00:00,HGM,42.0,30.923008,29.785715,29.785714285714285,14.035392761230469,False
2025-12-13 19:00:00,HGM,31.0,18.504984,22.714285,22.714285714285715,14.035392761230469,False
2025-12-13 20:00:00,HGM,21.0,14.277733,20.857143,20.857142857142858,14.035392761230469,False
2025-12-13 21:00:00,HGM,15.0,6.197784,13.571428,13.571428571428571,14.035392761230469,False
2025-12-13 22:00:00,HGM,9.0,0.64274406,9.571428,9.571428571428571,14.035392761230469,False
2025-12-13 23:00:00,HGM,4.0,-0.5929117,8.642858,8.642857142857142,14.035392761230469,False
2025-12-14 00:00:00,HGM,6.0,1.0454502,9.818182,9.818181818181818,14.035392761230469,False
2025-12-14 01:00:00,HGM,8.0,1.1075306,9.818182,9.818181818181818,14.035392761230469,False
2025-12-14 02:00:00,HGM,13.0,2.9154897,10.363636,10.363636363636363,14.035392761230469,False
2025-12-14 03:00:00,HGM,10.0,1.8407745,7.714286,7.714285714285714,14.035392761230469,False
2025-12-14 04:00:00,HGM,3.0,0.5896168,4.428571,4.428571428571429,14.035392761230469,False
2025-12-14 05:00:00,HGM,4.0,0.60036945,2.9285715,2.9285714285714284,14.035392761230469,False
2025-12-14 06:00:00,HGM,1.0,0.79436624,2.142857,2.142857142857143,14.035392761230469,False
2025-12-14 07:00:00,HGM,0.0,1.1959176,2.857143,2.857142857142857,14.035392761230469,False
2025-12-14 08:00:00,HGM,2.0,2.6440332,5.769231,5.769230769230769,14.035392761230469,False
2025-12-14 09:00:00,HGM,8.0,7.44253,13.714286,13.714285714285714,14.035392761230469,False
2025-12-14 10:00:00,HGM,31.0,22.020393,30.846153,30.846153846153847,14.035392761230469,False
2025-12-14 11:00:00,HGM,43.0,36.12306,50.307693,50.30769230769231,14.035392761230469,False
2025-12-14 12:00:00,HGM,50.0,55.225117,66.53846,66.53846153846153,14.035392761230469,False
2025-12-14 13:00:00,HGM,58.0,62.560905,76.69231,76.6923076923077,14.035392761230469,False
2025-12-14 14:00:00,HGM,56.0,60.489708,78.78571,78.78571428571429,14.035392761230469,False
2025-12-14 15:00:00,HGM,50.0,62.56334,73.85714,73.85714285714286,14.035392761230469,False
2025-12-14 16:00:00,HGM,41.0,56.54514,66.15385,66.15384615384616,14.035392761230469,True
2025-12-14 17:00:00,HGM,34.0,43.9223,48.833332,48.833333333333336,14.035392761230469,False
2025-12-14 18:00:00,HGM,29.0,29.05583,30.214285,30.214285714285715,14.035392761230469,False
2025-12-14 19:00:00,HGM,24.0,17.730898,24.214285,24.214285714285715,14.035392761230469,False
2025-12-14 20:00:00,HGM,23.0,16.944717,21.857143,21.857142857142858,14.035392761230469,False
2025-12-14 21:00:00,HGM,18.0,10.534988,13.5,13.5,14.035392761230469,False
2025-12-14 22:00:00,HGM,16.0,7.8157496,9.785714,9.785714285714286,14.035392761230469,False
2025-12-14 23:00:00,HGM,18.0,8.520902,8.642858,8.642857142857142,14.035392761230469,False
2025-12-15 00:00:00,HGM,25.0,10.846969,9.363636,9.363636363636363,14.035392761230469,True
2025-12-15 01:00:00,HGM,23.0,13.631043,10.0,10.0,14.035392761230469,False
2025-12-15 02:00:00,HGM,23.0,17.520851,10.272727,10.272727272727273,14.035392761230469,False
2025-12-15 03:00:00,HGM,23.0,16.643702,7.928571,7.928571428571429,14.035392761230469,False
2025-12-15 04:00:00,HGM,16.0,15.111652,4.214286,4.214285714285714,14.035392761230469,False
2025-12-15 05:00:00,HGM,15.0,13.096956,3.0714285,3.0714285714285716,14.035392761230469,False
2025-12-15 06:00:00,HGM,13.0,10.127417,2.0714285,2.0714285714285716,14.035392761230469,False
2025-12-15 07:00:00,HGM,10.0,6.24689,2.642857,2.642857142857143,14.035392761230469,False
2025-12-15 08:00:00,HGM,9.0,5.6737585,5.230769,5.230769230769231,14.035392761230469,False
2025-12-15 09:00:00,HGM,9.0,6.7566967,12.428572,12.428571428571429,14.035392761230469,False
2025-12-15 10:00:00,HGM,16.0,13.853529,29.307692,29.307692307692307,14.035392761230469,False
2025-12-15 11:00:00,HGM,20.0,21.79505,47.53846,47.53846153846154,14.035392761230469,False
2025-12-15 12:00:00,HGM,21.0,29.827309,64.23077,64.23076923076923,14.035392761230469,False
2025-12-15 13:00:00,HGM,21.0,33.307495,74.15385,74.15384615384616,14.035392761230469,False
2025-12-15 14:00:00,HGM,20.0,33.18467,75.42857,75.42857142857143,14.035392761230469,False
2025-12-15 15:00:00,HGM,19.0,29.763458,69.5,69.5,14.035392761230469,False
2025-12-15 16:00:00,HGM,20.0,28.416458,61.153847,61.15384615384615,14.035392761230469,False
2025-12-15 17:00:00,HGM,12.0,22.025213,44.083332,44.083333333333336,14.035392761230469,False
2025-12-15 18:00:00,HGM,6.0,10.972546,28.857143,28.857142857142858,14.035392761230469,False
2025-12-15 19:00:00,HGM,3.0,8.429907,23.214285,23.214285714285715,14.035392761230469,False
2025-12-15 20:00:00,HGM,0.0,8.811854,21.142857,21.142857142857142,14.035392761230469,False
2025-12-15 21:00:00,HGM,0.0,2.5733957,13.214286,13.214285714285714,14.035392761230469,False
2025-12-15 22:00:00,HGM,0.0,0.36035252,9.642858,9.642857142857142,14.035392761230469,False
2025-12-15 23:00:00,HGM,4.0,-0.026860237,8.142858,8.142857142857142,14.035392761230469,False
2025-12-16 00:00:00,HGM,3.0,4.1657286,10.666667,10.666666666666666,14.035392761230469,False
2025-12-16 01:00:00,HGM,4.0,6.0769677,11.083333,11.083333333333334,14.035392761230469,False
2025-12-16 02:00:00,HGM,9.0,8.007145,11.333333,11.333333333333334,14.035392761230469,False
2025-12-16 03:00:00,HGM,15.0,6.9677815,8.785714,8.785714285714286,14.035392761230469,False
2025-12-16 04:00:00,HGM,11.0,4.1606374,5.214286,5.214285714285714,14.035392761230469,False
2025-12-16 05:00:00,HGM,5.0,2.39657,4.0,4.0,14.035392761230469,False
2025-12-16 06:00:00,HGM,2.0,0.6191158,2.857143,2.857142857142857,14.035392761230469,False
2025-12-16 07:00:00,HGM,0.0,-0.3781662,3.142857,3.142857142857143,14.035392761230469,False
2025-12-16 08:00:00,HGM,1.0,-0.6547446,5.6153846,5.615384615384615,14.035392761230469,False
2025-12-16 09:00:00,HGM,6.0,1.6455202,12.357142,12.357142857142858,14.035392761230469,False
2025-12-16 10:00:00,HGM,21.0,11.557541,28.384615,28.384615384615383,14.035392761230469,False
2025-12-16 11:00:00,HGM,48.0,20.804676,45.076923,45.07692307692308,14.035392761230469,True
2025-12-16 12:00:00,HGM,68.0,38.34169,60.53846,60.53846153846154,14.035392761230469,True
2025-12-16 13:00:00,HGM,79.0,57.880505,69.15385,69.15384615384616,14.035392761230469,True
2025-12-16 14:00:00,HGM,79.0,70.31398,69.92857,69.92857142857143,14.035392761230469,False
2025-12-16 15:00:00,HGM,68.0,58.70937,63.857143,63.857142857142854,14.035392761230469,False
2025-12-16 16:00:00,HGM,65.0,67.0708,57.307693,57.30769230769231,14.035392761230469,False
2025-12-16 17:00:00,HGM,46.0,54.57507,41.583332,41.583333333333336,14.035392761230469,False
2025-12-16 18:00:00,HGM,15.0,31.37051,27.0,27.0,14.035392761230469,True
2025-12-16 19:00:00,HGM,5.0,12.640457,21.571428,21.571428571428573,14.035392761230469,False
2025-12-16 20:00:00,HGM,2.0,12.406473,19.928572,19.928571428571427,14.035392761230469,False
2025-12-16 21:00:00,HGM,9.0,6.533671,12.428572,12.428571428571429,14.035392761230469,False
2025-12-16 22:00:00,HGM,27.0,3.8071575,9.071428,9.071428571428571,14.035392761230469,True
2025-12-16 23:00:00,HGM,19.0,4.2166014,8.142858,8.142857142857142,14.035392761230469,True
2025-12-17 00:00:00,HGM,5.0,6.1313753,10.666667,10.666666666666666,14.035392761230469,False
2025-12-17 01:00:00,HGM,2.0,5.8232775,10.916667,10.916666666666666,14.035392761230469,False
2025-12-17 02:00:00,HGM,6.0,6.192542,11.75,11.75,14.035392761230469,False
2025-12-17 03:00:00,HGM,0.0,4.482089,9.714286,9.714285714285714,14.035392761230469,False
2025-12-17 04:00:00,HGM,2.0,0.97636414,5.857143,5.857142857142857,14.035392761230469,False
2025-12-17 05:00:00,HGM,0.0,0.12947321,4.214286,4.214285714285714,14.035392761230469,False
2025-12-17 06:00:00,HGM,0.0,-0.2235837,2.857143,2.857142857142857,14.035392761230469,False
2025-12-17 07:00:00,HGM,0.0,0.95341337,2.9285715,2.9285714285714284,14.035392761230469,False
2025-12-17 08:00:00,HGM,4.0,3.6008673,5.1538463,5.153846153846154,14.035392761230469,False
2025-12-17 09:00:00,HGM,15.0,9.000143,11.5,11.5,14.035392761230469,False
2025-12-17 10:00:00,HGM,33.0,26.938747,26.923077,26.923076923076923,14.035392761230469,False
2025-12-17 11:00:00,HGM,56.0,52.285316,43.692307,43.69230769230769,14.035392761230469,False
2025-12-17 12:00:00,HGM,59.0,65.79801,59.0,59.0,14.035392761230469,False
2025-12-17 13:00:00,HGM,70.0,68.027435,67.92308,67.92307692307692,14.035392761230469,False
2025-12-17 14:00:00,HGM,76.0,69.82757,69.21429,69.21428571428571,14.035392761230469,False
2025-12-17 15:00:00,HGM,66.0,60.940884,63.142857,63.142857142857146,14.035392761230469,False
2025-12-17 16:00:00,HGM,52.0,40.155014,57.76923,57.76923076923077,14.035392761230469,False
2025-12-17 17:00:00,HGM,30.0,16.838314,41.333332,41.333333333333336,14.035392761230469,False
2025-12-17 18:00:00,HGM,17.0,4.057987,25.357143,25.357142857142858,14.035392761230469,False
2025-12-17 19:00:00,HGM,3.0,-1.1521759,19.571428,19.571428571428573,14.035392761230469,False
2025-12-17 20:00:00,HGM,1.0,-0.052541733,18.0,18.0,14.035392761230469,False
2025-12-17 21:00:00,HGM,0.0,-3.3418808,12.571428,12.571428571428571,14.035392761230469,False
2025-12-17 22:00:00,HGM,0.0,-3.438239,10.642858,10.642857142857142,14.035392761230469,False
2025-12-17 23:00:00,HGM,0.0,-4.227888,9.285714,9.285714285714286,14.035392761230469,False
2025-12-18 00:00:00,HGM,0.0,-2.1812038,10.833333,10.833333333333334,14.035392761230469,False
2025-12-18 01:00:00,HGM,0.0,-1.4462795,10.833333,10.833333333333334,14.035392761230469,False
2025-12-18 02:00:00,HGM,0.0,-0.29615307,11.25,11.25,14.035392761230469,False
2025-12-18 03:00:00,HGM,0.0,-1.5696335,8.714286,8.714285714285714,14.035392761230469,False
2025-12-18 04:00:00,HGM,0.0,-3.0713043,5.214286,5.214285714285714,14.035392761230469,False
2025-12-18 05:00:00,HGM,0.0,-1.4174414,4.071429,4.071428571428571,14.035392761230469,False
2025-12-18 06:00:00,HGM,0.0,-0.4914255,2.7142856,2.7142857142857144,14.035392761230469,False
2025-12-18 07:00:00,HGM,0.0,0.09748316,2.7142856,2.7142857142857144,14.035392761230469,False
2025-12-18 08:00:00,HGM,4.0,1.5839162,5.0,5.0,14.035392761230469,False
2025-12-18 09:00:00,HGM,16.0,5.30425,11.642858,11.642857142857142,14.035392761230469,False
2025-12-18 10:00:00,HGM,39.0,20.012623,26.923077,26.923076923076923,14.035392761230469,True
2025-12-18 11:00:00,HGM,52.0,41.409245,43.153847,43.15384615384615,14.035392761230469,False
2025-12-18 12:00:00,HGM,62.0,57.25756,57.53846,57.53846153846154,14.035392761230469,False
2025-12-18 13:00:00,HGM,70.0,67.843056,67.15385,67.15384615384616,14.035392761230469,False
2025-12-18 14:00:00,HGM,69.0,62.903965,67.21429,67.21428571428571,14.035392761230469,False
2025-12-18 15:00:00,HGM,53.0,48.09749,61.142857,61.142857142857146,14.035392761230469,False
2025-12-18 16:00:00,HGM,51.0,23.001595,56.53846,56.53846153846154,14.035392761230469,True
2025-12-18 17:00:00,HGM,46.0,20.40024,39.916668,39.916666666666664,14.035392761230469,True
2025-12-18 18:00:00,HGM,24.0,7.4411526,23.857143,23.857142857142858,14.035392761230469,True
2025-12-18 19:00:00,HGM,16.0,-3.8939857,17.285715,17.285714285714285,14.035392761230469,True
2025-12-18 20:00:00,HGM,10.0,-5.271879,16.357143,16.357142857142858,14.035392761230469,True
2025-12-18 21:00:00,HGM,1.0,-7.769293,12.0,12.0,14.035392761230469,False
2025-12-18 22:00:00,HGM,1.0,-7.9029083,10.5,10.5,14.035392761230469,False
2025-12-18 23:00:00,HGM,0.0,-6.0549297,9.142858,9.142857142857142,14.035392761230469,False
2025-12-19 03:00:00,HGM,1.0,3.4384723,7.928571,7.928571428571429,14.035392761230469,False
2025-12-19 04:00:00,HGM,4.0,-1.2627559,5.0,5.0,14.035392761230469,False
2025-12-19 05:00:00,HGM,4.0,0.92070484,3.9285715,3.9285714285714284,14.035392761230469,False
2025-12-19 06:00:00,HGM,0.0,0.85917234,2.5714285,2.5714285714285716,14.035392761230469,False
2025-12-19 07:00:00,HGM,0.0,1.3053348,2.5,2.5,14.035392761230469,False
2025-12-19 08:00:00,HGM,4.0,2.047727,4.923077,4.923076923076923,14.035392761230469,False
2025-12-19 09:00:00,HGM,17.0,1.6476583,11.785714,11.785714285714286,14.035392761230469,True
2025-12-19 10:00:00,HGM,32.0,8.537775,27.153847,27.153846153846153,14.035392761230469,True
2025-12-19 11:00:00,HGM,38.0,17.94517,42.923077,42.92307692307692,14.035392761230469,True
2025-12-19 12:00:00,HGM,55.0,25.994726,56.384617,56.38461538461539,14.035392761230469,True
2025-12-19 13:00:00,HGM,69.0,42.579483,65.46154,65.46153846153847,14.035392761230469,True
2025-12-19 14:00:00,HGM,79.0,41.6163,64.35714,64.35714285714286,14.035392761230469,True
2025-12-19 15:00:00,HGM,80.0,48.24727,57.214287,57.214285714285715,14.035392761230469,True
2025-12-19 16:00:00,HGM,81.0,62.743874,51.76923,51.76923076923077,14.035392761230469,True
2025-12-19 17:00:00,HGM,74.0,47.871582,40.384617,40.38461538461539,14.035392761230469,True
2025-12-19 18:00:00,HGM,32.0,28.425262,21.785715,21.785714285714285,14.035392761230469,False
2025-12-19 19:00:00,HGM,5.0,-2.8316154,15.571428,15.571428571428571,14.035392761230469,False
2025-12-19 20:00:00,HGM,7.0,-5.027376,15.071428,15.071428571428571,14.035392761230469,False
2025-12-19 21:00:00,HGM,8.0,-9.275664,10.357142,10.357142857142858,14.035392761230469,True
2025-12-19 22:00:00,HGM,8.0,-9.273753,8.642858,8.642857142857142,14.035392761230469,True
2025-12-19 23:00:00,HGM,13.0,-8.7141,7.642857,7.642857142857143,14.035392761230469,True
2025-12-20 00:00:00,HGM,13.0,-5.6694326,9.454545,9.454545454545455,14.035392761230469,True
2025-12-20 01:00:00,HGM,5.0,-4.5800457,9.181818,9.181818181818182,14.035392761230469,False
2025-12-20 02:00:00,HGM,4.0,-2.8479748,9.181818,9.181818181818182,14.035392761230469,False
2025-12-20 03:00:00,HGM,5.0,-4.3889227,6.714286,6.714285714285714,14.035392761230469,False
2025-12-20 04:00:00,HGM,2.0,-5.0782576,4.785714,4.785714285714286,14.035392761230469,False
2025-12-20 05:00:00,HGM,0.0,-3.5831223,3.857143,3.857142857142857,14.035392761230469,False
2025-12-20 06:00:00,HGM,0.0,-2.413092,2.4285715,2.4285714285714284,14.035392761230469,False
2025-12-20 07:00:00,HGM,0.0,-1.0749719,2.357143,2.357142857142857,14.035392761230469,False
2025-12-20 08:00:00,HGM,2.0,0.1882596,4.8461537,4.846153846153846,14.035392761230469,False
2025-12-20 09:00:00,HGM,6.0,1.3234806,12.071428,12.071428571428571,14.035392761230469,False
2025-12-20 10:00:00,HGM,23.0,9.79277,27.461538,27.46153846153846,14.035392761230469,False
2025-12-20 11:00:00,HGM,51.0,22.386946,41.846153,41.84615384615385,14.035392761230469,True
2025-12-20 12:00:00,HGM,59.0,48.145126,54.923077,54.92307692307692,14.035392761230469,False
2025-12-20 13:00:00,HGM,80.0,57.470867,64.0,64.0,14.035392761230469,True
2025-12-20 14:00:00,HGM,95.0,64.12953,64.85714,64.85714285714286,14.035392761230469,True
2025-12-20 15:00:00,HGM,106.0,61.254234,58.0,58.0,14.035392761230469,True
2025-12-20 16:00:00,HGM,103.0,57.094654,53.53846,53.53846153846154,14.035392761230469,True
2025-12-20 17:00:00,HGM,84.0,43.442352,41.923077,41.92307692307692,14.035392761230469,True
2025-12-20 18:00:00,HGM,52.0,17.62966,20.714285,20.714285714285715,14.035392761230469,True
2025-12-20 19:00:00,HGM,16.0,-0.7190399,13.0,13.0,14.035392761230469,True
2025-12-20 20:00:00,HGM,8.0,-1.7026043,13.214286,13.214285714285714,14.035392761230469,False
2025-12-20 21:00:00,HGM,9.0,-7.2570314,9.214286,9.214285714285714,14.035392761230469,True
2025-12-20 22:00:00,HGM,3.0,-8.784424,8.5,8.5,14.035392761230469,False
2025-12-20 23:00:00,HGM,4.0,-8.036692,8.0,8.0,14.035392761230469,False
2025-12-21 00:00:00,HGM,11.0,-5.065419,9.818182,9.818181818181818,14.035392761230469,True
2025-12-21 01:00:00,HGM,8.0,-4.566433,8.818182,8.818181818181818,14.035392761230469,False
2025-12-21 02:00:00,HGM,15.0,-2.9771395,9.272727,9.272727272727273,14.035392761230469,True
2025-12-21 03:00:00,HGM,3.0,-4.787908,6.928571,6.928571428571429,14.035392761230469,False
2025-12-21 04:00:00,HGM,0.0,-5.293458,4.785714,4.785714285714286,14.035392761230469,False
2025-12-21 05:00:00,HGM,0.0,-3.304421,3.642857,3.642857142857143,14.035392761230469,False
2025-12-21 06:00:00,HGM,0.0,-3.3528392,2.2857144,2.2857142857142856,14.035392761230469,False
2025-12-21 07:00:00,HGM,1.0,-2.7325854,2.142857,2.142857142857143,14.035392761230469,False
2025-12-21 08:00:00,HGM,1.0,-1.0867872,4.6923075,4.6923076923076925,14.035392761230469,False
2025-12-21 09:00:00,HGM,6.0,1.9888725,11.714286,11.714285714285714,14.035392761230469,False
2025-12-21 10:00:00,HGM,24.0,11.840291,27.23077,27.23076923076923,14.035392761230469,False
2025-12-21 11:00:00,HGM,54.0,25.835253,43.076923,43.07692307692308,14.035392761230469,True
2025-12-21 12:00:00,HGM,69.0,53.164734,55.307693,55.30769230769231,14.035392761230469,True
2025-12-21 13:00:00,HGM,85.0,59.75429,65.15385,65.15384615384616,14.035392761230469,True
2025-12-21 14:00:00,HGM,94.0,65.01154,67.07143,67.07142857142857,14.035392761230469,True
2025-12-21 15:00:00,HGM,93.0,58.84633,61.285713,61.285714285714285,14.035392761230469,True
2025-12-21 16:00:00,HGM,83.0,48.991592,58.53846,58.53846153846154,14.035392761230469,True
2025-12-21 17:00:00,HGM,86.0,47.016083,45.76923,45.76923076923077,14.035392761230469,True
2025-12-21 18:00:00,HGM,59.0,29.400602,23.214285,23.214285714285715,14.035392761230469,True
2025-12-21 19:00:00,HGM,33.0,3.6497622,13.285714,13.285714285714286,14.035392761230469,True
2025-12-21 20:00:00,HGM,29.0,4.557067,13.214286,13.214285714285714,14.035392761230469,True
2025-12-21 21:00:00,HGM,30.0,4.043728,9.5,9.5,14.035392761230469,True
2025-12-21 22:00:00,HGM,28.0,7.3252945,8.0,8.0,14.035392761230469,True
2025-12-21 23:00:00,HGM,27.0,7.9922714,7.857143,7.857142857142857,14.035392761230469,True
2025-12-22 00:00:00,HGM,26.0,11.639544,9.916667,9.916666666666666,14.035392761230469,True
2025-12-22 01:00:00,HGM,25.0,11.54228,8.75,8.75,14.035392761230469,False
2025-12-22 02:00:00,HGM,20.0,13.360496,9.75,9.75,14.035392761230469,False
2025-12-22 03:00:00,HGM,16.0,7.5345526,6.857143,6.857142857142857,14.035392761230469,False
2025-12-22 04:00:00,HGM,12.0,5.355481,4.571429,4.571428571428571,14.035392761230469,False
2025-12-22 05:00:00,HGM,7.0,3.523669,3.5,3.5,14.035392761230469,False
2025-12-22 06:00:00,HGM,1.0,1.407046,2.142857,2.142857142857143,14.035392761230469,False
2025-12-22 07:00:00,HGM,2.0,-1.136477,2.0714285,2.0714285714285716,14.035392761230469,False
2025-12-22 08:00:00,HGM,6.0,-2.50769,4.428571,4.428571428571429,14.035392761230469,False
2025-12-22 09:00:00,HGM,18.0,-0.8896942,10.714286,10.714285714285714,14.035392761230469,True
2025-12-22 14:00:00,HGM,74.0,45.99194,67.0,67.0,14.035392761230469,True
2025-12-22 15:00:00,HGM,71.0,42.965714,61.357143,61.357142857142854,14.035392761230469,True
2025-12-22 16:00:00,HGM,31.0,29.526335,59.384617,59.38461538461539,14.035392761230469,False
2025-12-22 17:00:00,HGM,26.0,18.744865,48.076923,48.07692307692308,14.035392761230469,False
2025-12-22 18:00:00,HGM,17.0,1.6351528,24.0,24.0,14.035392761230469,True
2025-12-22 19:00:00,HGM,7.0,-6.830392,12.714286,12.714285714285714,14.035392761230469,False
2025-12-22 20:00:00,HGM,5.0,-5.060665,13.428572,13.428571428571429,14.035392761230469,False
2025-12-22 21:00:00,HGM,8.0,-4.958516,10.714286,10.714285714285714,14.035392761230469,False
2025-12-22 22:00:00,HGM,12.0,-3.1401148,9.428572,9.428571428571429,14.035392761230469,True
2025-12-22 23:00:00,HGM,8.0,-2.0580626,8.357142,8.357142857142858,14.035392761230469,False
2025-12-23 00:00:00,HGM,6.0,0.44972134,10.166667,10.166666666666666,14.035392761230469,False
2025-12-23 01:00:00,HGM,5.0,-0.2693758,8.666667,8.666666666666666,14.035392761230469,False
2025-12-23 02:00:00,HGM,7.0,1.9956293,9.5,9.5,14.035392761230469,False
2025-12-23 03:00:00,HGM,5.0,-0.040438652,6.214286,6.214285714285714,14.035392761230469,False
2025-12-23 04:00:00,HGM,5.0,-0.9778347,3.857143,3.857142857142857,14.035392761230469,False
2025-12-23 05:00:00,HGM,4.0,-0.79768634,2.7857144,2.7857142857142856,14.035392761230469,False
2025-12-23 06:00:00,HGM,4.0,-1.4896879,1.5,1.5,14.035392761230469,False
2025-12-23 07:00:00,HGM,4.0,-1.7502325,1.5,1.5,14.035392761230469,False
2025-12-23 08:00:00,HGM,5.0,-0.51503205,3.9285715,3.9285714285714284,14.035392761230469,False
2025-12-23 09:00:00,HGM,6.0,3.1502867,11.357142,11.357142857142858,14.035392761230469,False
2025-12-23 10:00:00,HGM,14.0,12.157829,26.166666,26.166666666666668,14.035392761230469,False
2025-12-23 11:00:00,HGM,25.0,21.165815,44.0,44.0,14.035392761230469,False
2025-12-23 12:00:00,HGM,36.0,26.91279,56.916668,56.916666666666664,14.035392761230469,False
2025-12-23 13:00:00,HGM,55.0,38.06167,68.416664,68.41666666666667,14.035392761230469,True
2025-12-23 14:00:00,HGM,73.0,51.324493,70.57143,70.57142857142857,14.035392761230469,True
2025-12-23 15:00:00,HGM,78.0,55.81206,64.0,64.0,14.035392761230469,True
2025-12-23 16:00:00,HGM,81.0,60.670097,57.357143,57.357142857142854,14.035392761230469,True
2025-12-23 17:00:00,HGM,71.0,55.721676,46.5,46.5,14.035392761230469,True
2025-12-23 18:00:00,HGM,36.0,23.274893,24.285715,24.285714285714285,14.035392761230469,False
2025-12-23 19:00:00,HGM,19.0,-5.020402,12.714286,12.714285714285714,14.035392761230469,True
2025-12-23 20:00:00,HGM,10.0,-0.1357603,13.642858,13.642857142857142,14.035392761230469,False
2025-12-23 21:00:00,HGM,10.0,-1.7064228,11.071428,11.071428571428571,14.035392761230469,False
2025-12-23 22:00:00,HGM,12.0,-1.2070217,10.071428,10.071428571428571,14.035392761230469,False
2025-12-23 23:00:00,HGM,8.0,-1.6659861,8.571428,8.571428571428571,14.035392761230469,False
2025-12-24 00:00:00,HGM,8.0,1.1284513,10.083333,10.083333333333334,14.035392761230469,False
2025-12-24 01:00:00,HGM,10.0,0.8645363,8.833333,8.833333333333334,14.035392761230469,False
2025-12-24 02:00:00,HGM,13.0,2.9537868,9.916667,9.916666666666666,14.035392761230469,False
2025-12-24 03:00:00,HGM,7.0,-0.32866144,6.428571,6.428571428571429,14.035392761230469,False
2025-12-24 04:00:00,HGM,6.0,-1.6083055,4.071429,4.071428571428571,14.035392761230469,False
2025-12-24 05:00:00,HGM,5.0,-1.0853279,2.9285715,2.9285714285714284,14.035392761230469,False
2025-12-24 06:00:00,HGM,5.0,-0.9604181,1.6428572,1.6428571428571428,14.035392761230469,False
2025-12-24 07:00:00,HGM,5.0,-0.35819352,1.5714285,1.5714285714285714,14.035392761230469,False
2025-12-24 08:00:00,HGM,6.0,1.8571277,3.9285715,3.9285714285714284,14.035392761230469,False
2025-12-24 09:00:00,HGM,8.0,5.7706056,10.928572,10.928571428571429,14.035392761230469,False
2025-12-24 10:00:00,HGM,18.0,17.972609,24.833334,24.833333333333332,14.035392761230469,False
2025-12-24 11:00:00,HGM,29.0,30.20646,41.916668,41.916666666666664,14.035392761230469,False
2025-12-24 12:00:00,HGM,51.0,37.300224,54.666668,54.666666666666664,14.035392761230469,False
2025-12-24 13:00:00,HGM,83.0,57.384678,66.416664,66.41666666666667,14.035392761230469,True
2025-12-24 14:00:00,HGM,90.0,70.88917,70.57143,70.57142857142857,14.035392761230469,True
2025-12-24 15:00:00,HGM,80.0,63.573605,65.78571,65.78571428571429,14.035392761230469,True
2025-12-24 16:00:00,HGM,78.0,53.117485,58.357143,58.357142857142854,14.035392761230469,True
2025-12-24 17:00:00,HGM,78.0,39.175743,47.42857,47.42857142857143,14.035392761230469,True
2025-12-24 18:00:00,HGM,46.0,21.065218,25.785715,25.785714285714285,14.035392761230469,True
2025-12-24 19:00:00,HGM,26.0,-4.76134,12.357142,12.357142857142858,14.035392761230469,True
2025-12-24 20:00:00,HGM,18.0,-1.6006098,11.857142,11.857142857142858,14.035392761230469,True
2025-12-24 21:00:00,HGM,17.0,-3.0909033,10.5,10.5,14.035392761230469,True
2025-12-24 22:00:00,HGM,16.0,-1.2851725,9.857142,9.857142857142858,14.035392761230469,True
2025-12-24 23:00:00,HGM,15.0,-1.6502504,8.357142,8.357142857142858,14.035392761230469,True
2025-12-25 03:00:00,HGM,9.0,3.4853225,6.214286,6.214285714285714,14.035392761230469,False
2025-12-25 04:00:00,HGM,5.0,-0.8226342,4.357143,4.357142857142857,14.035392761230469,False
2025-12-25 05:00:00,HGM,5.0,-0.8687825,3.142857,3.142857142857143,14.035392761230469,False
2025-12-25 06:00:00,HGM,5.0,-0.6527871,1.8571428,1.8571428571428572,14.035392761230469,False
2025-12-25 07:00:00,HGM,6.0,0.49573004,1.7857143,1.7857142857142858,14.035392761230469,False
2025-12-25 08:00:00,HGM,10.0,2.167439,3.9285715,3.9285714285714284,14.035392761230469,False
2025-12-25 09:00:00,HGM,14.0,6.3219714,10.428572,10.428571428571429,14.035392761230469,False
2025-12-25 10:00:00,HGM,22.0,16.939192,24.307692,24.307692307692307,14.035392761230469,False
2025-12-25 11:00:00,HGM,37.0,24.755495,40.923077,40.92307692307692,14.035392761230469,False
2025-12-25 12:00:00,HGM,68.0,38.790314,54.384617,54.38461538461539,14.035392761230469,True
2025-12-25 13:00:00,HGM,78.0,61.178234,67.69231,67.6923076923077,14.035392761230469,True
2025-12-25 14:00:00,HGM,69.0,65.34598,72.28571,72.28571428571429,14.035392761230469,False
2025-12-25 15:00:00,HGM,58.0,37.838318,67.71429,67.71428571428571,14.035392761230469,True
2025-12-25 16:00:00,HGM,55.0,28.042652,60.42857,60.42857142857143,14.035392761230469,True
2025-12-25 17:00:00,HGM,44.0,32.88527,50.714287,50.714285714285715,14.035392761230469,False
2025-12-25 18:00:00,HGM,34.0,19.67545,28.928572,28.928571428571427,14.035392761230469,True
2025-12-25 19:00:00,HGM,26.0,5.2634573,14.142858,14.142857142857142,14.035392761230469,True
2025-12-25 20:00:00,HGM,20.0,3.732915,12.142858,12.142857142857142,14.035392761230469,True
2025-12-25 21:00:00,HGM,14.0,2.2251244,10.428572,10.428571428571429,14.035392761230469,False
2025-12-25 22:00:00,HGM,16.0,2.4810157,10.357142,10.357142857142858,14.035392761230469,False
2025-12-25 23:00:00,HGM,10.0,1.3762279,9.0,9.0,14.035392761230469,False
2025-12-26 00:00:00,HGM,11.0,2.637909,9.363636,9.363636363636363,14.035392761230469,False
2025-12-26 01:00:00,HGM,8.0,2.668068,8.181818,8.181818181818182,14.035392761230469,False
2025-12-26 02:00:00,HGM,13.0,4.2914524,10.0,10.0,14.035392761230469,False
2025-12-26 03:00:00,HGM,8.0,1.4025145,6.785714,6.785714285714286,14.035392761230469,False
2025-12-26 04:00:00,HGM,6.0,0.30451202,4.714286,4.714285714285714,14.035392761230469,False
2025-12-26 05:00:00,HGM,11.0,1.1641765,3.5,3.5,14.035392761230469,False
2025-12-26 06:00:00,HGM,10.0,1.5402057,2.2142856,2.2142857142857144,14.035392761230469,False
2025-12-26 07:00:00,HGM,5.0,2.0108216,2.142857,2.142857142857143,14.035392761230469,False
2025-12-26 08:00:00,HGM,6.0,3.0169253,4.285714,4.285714285714286,14.035392761230469,False
2025-12-26 09:00:00,HGM,9.0,5.828958,10.5,10.5,14.035392761230469,False
2025-12-26 10:00:00,HGM,12.0,14.6952095,24.307692,24.307692307692307,14.035392761230469,False
2025-12-26 11:00:00,HGM,23.0,23.204023,41.076923,41.07692307692308,14.035392761230469,False
2025-12-26 12:00:00,HGM,35.0,28.375948,55.76923,55.76923076923077,14.035392761230469,False
2025-12-26 13:00:00,HGM,49.0,38.743046,68.84615,68.84615384615384,14.035392761230469,False
2025-12-26 14:00:00,HGM,63.0,45.524,72.07143,72.07142857142857,14.035392761230469,True
2025-12-26 15:00:00,HGM,60.0,42.59429,66.85714,66.85714285714286,14.035392761230469,True
2025-12-26 16:00:00,HGM,33.0,27.247189,59.5,59.5,14.035392761230469,False
2025-12-26 17:00:00,HGM,29.0,17.136776,50.57143,50.57142857142857,14.035392761230469,False
2025-12-26 18:00:00,HGM,25.0,11.057802,30.071428,30.071428571428573,14.035392761230469,False
2025-12-26 19:00:00,HGM,24.0,-2.7838278,15.714286,15.714285714285714,14.035392761230469,True
2025-12-26 20:00:00,HGM,22.0,-1.1107998,12.0,12.0,14.035392761230469,True
2025-12-26 21:00:00,HGM,14.0,-2.5287247,10.357142,10.357142857142858,14.035392761230469,True
2025-12-26 22:00:00,HGM,6.0,-0.4612913,10.642858,10.642857142857142,14.035392761230469,False
2025-12-26 23:00:00,HGM,5.0,-0.62989616,9.571428,9.571428571428571,14.035392761230469,False
2025-12-27 00:00:00,HGM,7.0,1.1326857,10.363636,10.363636363636363,14.035392761230469,False
2025-12-27 01:00:00,HGM,13.0,0.3730812,8.909091,8.909090909090908,14.035392761230469,False
2025-12-27 02:00:00,HGM,7.0,3.6671147,11.181818,11.181818181818182,14.035392761230469,False
2025-12-27 03:00:00,HGM,5.0,0.9372058,7.357143,7.357142857142857,14.035392761230469,False
2025-12-27 04:00:00,HGM,4.0,0.44908476,5.142857,5.142857142857143,14.035392761230469,False
2025-12-27 05:00:00,HGM,4.0,1.9059863,4.285714,4.285714285714286,14.035392761230469,False
2025-12-27 06:00:00,HGM,5.0,2.0080333,2.9285715,2.9285714285714284,14.035392761230469,False
2025-12-27 07:00:00,HGM,5.0,1.7798812,2.4285715,2.4285714285714284,14.035392761230469,False
2025-12-27 08:00:00,HGM,6.0,2.1059508,4.357143,4.357142857142857,14.035392761230469,False
2025-12-27 09:00:00,HGM,12.0,4.1556826,10.142858,10.142857142857142,14.035392761230469,False
2025-12-27 10:00:00,HGM,25.0,13.081884,22.76923,22.76923076923077,14.035392761230469,False
2025-12-27 11:00:00,HGM,48.0,28.756145,39.076923,39.07692307692308,14.035392761230469,True
2025-12-27 12:00:00,HGM,63.0,43.27851,52.384617,52.38461538461539,14.035392761230469,True
2025-12-27 13:00:00,HGM,72.0,56.436634,65.46154,65.46153846153847,14.035392761230469,True
2025-12-27 14:00:00,HGM,78.0,64.05754,70.85714,70.85714285714286,14.035392761230469,False
2025-12-27 15:00:00,HGM,85.0,57.58029,67.21429,67.21428571428571,14.035392761230469,True
2025-12-27 16:00:00,HGM,86.0,53.75494,59.142857,59.142857142857146,14.035392761230469,True
2025-12-27 17:00:00,HGM,75.0,45.67248,50.857143,50.857142857142854,14.035392761230469,True
2025-12-27 18:00:00,HGM,53.0,25.01785,31.0,31.0,14.035392761230469,True
2025-12-27 19:00:00,HGM,48.0,10.995423,17.0,17.0,14.035392761230469,True
2025-12-27 20:00:00,HGM,40.0,14.725177,12.571428,12.571428571428571,14.035392761230469,True
2025-12-27 21:00:00,HGM,28.0,1.4821587,10.928572,10.928571428571429,14.035392761230469,True
2025-12-27 22:00:00,HGM,20.0,-0.3341198,11.0,11.0,14.035392761230469,True
2025-12-27 23:00:00,HGM,7.0,-1.1614227,9.642858,9.642857142857142,14.035392761230469,False
2025-12-28 00:00:00,HGM,11.0,-0.9275942,10.083333,10.083333333333334,14.035392761230469,False
2025-12-28 01:00:00,HGM,12.0,-0.3299446,9.25,9.25,14.035392761230469,False
2025-12-28 02:00:00,HGM,18.0,3.5451097,10.833333,10.833333333333334,14.035392761230469,True
2025-12-28 03:00:00,HGM,22.0,1.464889,7.642857,7.642857142857143,14.035392761230469,True
2025-12-28 04:00:00,HGM,9.0,0.40185595,5.428571,5.428571428571429,14.035392761230469,False
2025-12-28 05:00:00,HGM,7.0,0.6842506,4.571429,4.571428571428571,14.035392761230469,False
2025-12-28 06:00:00,HGM,7.0,1.4529407,3.2857144,3.2857142857142856,14.035392761230469,False
2025-12-28 07:00:00,HGM,5.0,2.1415174,2.7142856,2.7142857142857144,14.035392761230469,False
2025-12-28 08:00:00,HGM,15.0,4.400094,4.714286,4.714285714285714,14.035392761230469,False
2025-12-28 09:00:00,HGM,27.0,10.619021,10.714286,10.714285714285714,14.035392761230469,True
2025-12-28 10:00:00,HGM,44.0,27.188353,23.846153,23.846153846153847,14.035392761230469,True
2025-12-28 11:00:00,HGM,68.0,48.083313,40.307693,40.30769230769231,14.035392761230469,True
2025-12-28 12:00:00,HGM,73.0,64.52637,53.53846,53.53846153846154,14.035392761230469,False
2025-12-28 13:00:00,HGM,76.0,68.163086,66.84615,66.84615384615384,14.035392761230469,False
2025-12-28 14:00:00,HGM,85.0,73.33982,72.5,72.5,14.035392761230469,False
2025-12-28 15:00:00,HGM,93.0,70.106705,69.07143,69.07142857142857,14.035392761230469,True
2025-12-28 16:00:00,HGM,92.0,60.31309,61.42857,61.42857142857143,14.035392761230469,True
2025-12-28 17:00:00,HGM,78.0,56.929592,52.5,52.5,14.035392761230469,True
2025-12-28 18:00:00,HGM,60.0,32.238884,31.785715,31.785714285714285,14.035392761230469,True
2025-12-28 19:00:00,HGM,35.0,9.212223,18.214285,18.214285714285715,14.035392761230469,True
2025-12-28 20:00:00,HGM,34.0,11.127617,13.928572,13.928571428571429,14.035392761230469,True
2025-12-28 21:00:00,HGM,25.0,6.8493304,11.857142,11.857142857142858,14.035392761230469,True
2025-12-28 22:00:00,HGM,23.0,5.351795,11.785714,11.785714285714286,14.035392761230469,True
2025-12-28 23:00:00,HGM,21.0,9.0366955,9.857142,9.857142857142858,14.035392761230469,False
2025-12-29 00:00:00,HGM,23.0,11.902456,10.5,10.5,14.035392761230469,False
2025-12-29 01:00:00,HGM,21.0,13.985725,9.583333,9.583333333333334,14.035392761230469,False
2025-12-29 02:00:00,HGM,18.0,13.361076,11.25,11.25,14.035392761230469,False
2025-12-29 03:00:00,HGM,19.0,8.818973,8.5,8.5,14.035392761230469,False
2025-12-29 04:00:00,HGM,16.0,5.85839,5.857143,5.857142857142857,14.035392761230469,False
2025-12-29 05:00:00,HGM,16.0,4.7946763,4.785714,4.785714285714286,14.035392761230469,False
2025-12-29 06:00:00,HGM,5.0,3.8064091,3.7142856,3.7142857142857144,14.035392761230469,False
2025-12-29 07:00:00,HGM,6.0,3.151143,3.0714285,3.0714285714285716,14.035392761230469,False
2025-12-29 08:00:00,HGM,10.0,6.148014,5.642857,5.642857142857143,14.035392761230469,False
2025-12-29 09:00:00,HGM,19.0,10.582735,12.071428,12.071428571428571,14.035392761230469,False
2025-12-29 10:00:00,HGM,23.0,22.614836,24.846153,24.846153846153847,14.035392761230469,False
2025-12-29 11:00:00,HGM,45.0,32.380886,42.23077,42.23076923076923,14.035392761230469,False
2025-12-29 14:00:00,HGM,56.0,46.126038,74.57143,74.57142857142857,14.035392761230469,False
2025-12-29 15:00:00,HGM,51.0,35.885674,72.14286,72.14285714285714,14.035392761230469,True
2025-12-29 16:00:00,HGM,44.0,28.280201,65.07143,65.07142857142857,14.035392761230469,True
2025-12-29 17:00:00,HGM,36.0,30.073677,55.642857,55.642857142857146,14.035392761230469,False
2025-12-29 18:00:00,HGM,25.0,23.16818,34.0,34.0,14.035392761230469,False
2025-12-29 19:00:00,HGM,25.0,9.763249,19.0,19.0,14.035392761230469,True
2025-12-29 20:00:00,HGM,16.0,6.32726,14.714286,14.714285714285714,14.035392761230469,False
2025-12-29 21:00:00,HGM,14.0,6.800459,12.357142,12.357142857142858,14.035392761230469,False
2025-12-29 22:00:00,HGM,15.0,9.838627,12.285714,12.285714285714286,14.035392761230469,False
2025-12-29 23:00:00,HGM,15.0,8.901531,10.071428,10.071428571428571,14.035392761230469,False
2025-12-30 00:00:00,HGM,15.0,9.772838,10.333333,10.333333333333334,14.035392761230469,False
2025-12-30 01:00:00,HGM,11.0,9.055912,9.416667,9.416666666666666,14.035392761230469,False
2025-12-30 02:00:00,HGM,12.0,11.606923,10.833333,10.833333333333334,14.035392761230469,False
2025-12-30 03:00:00,HGM,14.0,10.143761,8.214286,8.214285714285714,14.035392761230469,False
2025-12-30 04:00:00,HGM,16.0,9.118693,5.857143,5.857142857142857,14.035392761230469,False
2025-12-30 05:00:00,HGM,10.0,9.063256,4.857143,4.857142857142857,14.035392761230469,False
2025-12-30 06:00:00,HGM,7.0,6.754013,3.142857,3.142857142857143,14.035392761230469,False
2025-12-30 07:00:00,HGM,9.0,5.78959,2.7857144,2.7857142857142856,14.035392761230469,False
2025-12-30 08:00:00,HGM,11.0,7.1490736,5.714286,5.714285714285714,14.035392761230469,False
2025-12-30 09:00:00,HGM,20.0,9.102123,12.785714,12.785714285714286,14.035392761230469,False
2025-12-30 10:00:00,HGM,24.0,11.712859,25.384615,25.384615384615383,14.035392761230469,False
2025-12-30 11:00:00,HGM,25.0,19.505247,44.153847,44.15384615384615,14.035392761230469,False
2025-12-30 12:00:00,HGM,32.0,24.239872,58.166668,58.166666666666664,14.035392761230469,False
2025-12-30 13:00:00,HGM,33.0,29.3749,72.166664,72.16666666666667,14.035392761230469,False
2025-12-30 14:00:00,HGM,38.0,30.181015,77.14286,77.14285714285714,14.035392761230469,False
2025-12-30 15:00:00,HGM,40.0,32.86338,74.42857,74.42857142857143,14.035392761230469,False
2025-12-30 16:00:00,HGM,41.0,43.35334,66.78571,66.78571428571429,14.035392761230469,False
2025-12-30 17:00:00,HGM,32.0,47.39791,57.357143,57.357142857142854,14.035392761230469,True
2025-12-30 18:00:00,HGM,17.0,24.866398,35.357143,35.357142857142854,14.035392761230469,False
2025-12-30 19:00:00,HGM,3.0,5.35968,20.571428,20.571428571428573,14.035392761230469,False
2025-12-30 20:00:00,HGM,2.0,0.6736717,15.857142,15.857142857142858,14.035392761230469,False
2025-12-30 21:00:00,HGM,7.0,0.05892372,13.357142,13.357142857142858,14.035392761230469,False
2025-12-30 22:00:00,HGM,5.0,1.7589321,13.357142,13.357142857142858,14.035392761230469,False
2025-12-30 23:00:00,HGM,5.0,0.2228632,10.857142,10.857142857142858,14.035392761230469,False
2025-12-31 03:00:00,HGM,1.0,7.1813297,8.142858,8.142857142857142,14.035392761230469,False
2025-12-31 04:00:00,HGM,1.0,1.037756,6.214286,6.214285714285714,14.035392761230469,False
2025-12-31 05:00:00,HGM,2.0,2.1104565,5.214286,5.214285714285714,14.035392761230469,False
2025-12-31 06:00:00,HGM,2.0,1.5706437,3.5,3.5,14.035392761230469,False
2025-12-31 07:00:00,HGM,2.0,1.8178866,3.4285715,3.4285714285714284,14.035392761230469,False
2025-12-31 08:00:00,HGM,4.0,2.9825509,6.428571,6.428571428571429,14.035392761230469,False
2025-12-31 09:00:00,HGM,7.0,5.761594,13.785714,13.785714285714286,14.035392761230469,False
2025-12-31 10:00:00,HGM,17.0,12.422892,25.615385,25.615384615384617,14.035392761230469,False
2025-12-31 11:00:00,HGM,40.0,22.589111,42.384617,42.38461538461539,14.035392761230469,True
2025-12-31 12:00:00,HGM,65.0,37.019165,55.166668,55.166666666666664,14.035392761230469,True
2025-12-31 13:00:00,HGM,74.0,62.73591,68.333336,68.33333333333333,14.035392761230469,False
2025-12-31 14:00:00,HGM,85.0,72.411476,74.21429,74.21428571428571,14.035392761230469,False
2025-12-31 15:00:00,HGM,88.0,67.528656,72.42857,72.42857142857143,14.035392761230469,True
2025-12-31 16:00:00,HGM,86.0,75.84214,65.07143,65.07142857142857,14.035392761230469,False
2025-12-31 17:00:00,HGM,62.0,64.02543,56.357143,56.357142857142854,14.035392761230469,False
2025-12-31 18:00:00,HGM,46.0,34.313854,35.5,35.5,14.035392761230469,False
2025-12-31 19:00:00,HGM,39.0,20.038507,20.428572,20.428571428571427,14.035392761230469,True
2025-12-31 20:00:00,HGM,33.0,18.35208,15.857142,15.857142857142858,14.035392761230469,True
2025-12-31 21:00:00,HGM,21.0,12.464204,13.214286,13.214285714285714,14.035392761230469,False
2025-12-31 22:00:00,HGM,18.0,7.0466247,11.785714,11.785714285714286,14.035392761230469,False
2025-12-31 23:00:00,HGM,16.0,5.0603437,9.857142,9.857142857142858,14.035392761230469,False
