familia,anio,bit,delta_ppb,estacion,mensajes,atacados,tp,fp,fn,tn,recall_pct,precision_pct,f2_pct,fpr_pct
v4,2024,0,1,AJM,8051,405,24,415,381,7231,5.925925925925926,5.466970387243736,5.828071879553181,5.427674601098613
lstm_t,2024,0,1,AJM,8051,405,21,460,384,7186,5.185185185185185,4.365904365904366,4.997620180866254,6.016217630133403
lineal_t,2024,0,1,AJM,8051,405,12,219,393,7427,2.962962962962963,5.194805194805195,3.2414910858995136,2.864242741302642
v4,2024,0,1,AJU,8204,407,30,822,377,6975,7.371007371007371,3.5211267605633805,6.048387096774194,10.542516352443249
lstm_t,2024,0,1,AJU,8204,407,32,841,375,6956,7.862407862407863,3.665521191294387,6.397441023590564,10.78619982044376
lineal_t,2024,0,1,AJU,8204,407,33,801,374,6996,8.108108108108109,3.956834532374101,6.701868399675061,10.27318199307426
v4,2024,0,1,ATI,6858,349,35,662,314,5847,10.02865329512894,5.0215208034433285,8.361204013377927,10.1705331080043
lstm_t,2024,0,1,ATI,6858,349,28,609,321,5900,8.022922636103152,4.395604395604396,6.886374815543531,9.35627592564142
lineal_t,2024,0,1,ATI,6858,349,18,466,331,6043,5.157593123209169,3.71900826446281,4.787234042553192,7.159317867567983
v4,2024,0,1,BJU,6361,326,24,517,302,5518,7.361963190184049,4.436229205175601,6.504065040650406,8.566694283347141
lstm_t,2024,0,1,BJU,6361,326,16,416,310,5619,4.9079754601227,3.703703703703704,4.608294930875576,6.893123446561724
lineal_t,2024,0,1,BJU,6361,326,21,401,305,5634,6.441717791411043,4.976303317535545,6.08342989571263,6.644573322286661
v4,2024,0,1,CAM,6406,317,19,380,298,5709,5.993690851735016,4.761904761904762,5.698860227954409,6.240762029889965
lstm_t,2024,0,1,CAM,6406,317,19,404,298,5685,5.993690851735016,4.491725768321513,5.617977528089888,6.634915421251437
lineal_t,2024,0,1,CAM,6406,317,14,318,303,5771,4.416403785488959,4.216867469879518,4.375,5.222532435539497
v4,2024,0,1,CCA,8166,410,17,449,393,7307,4.146341463414634,3.648068669527897,4.036087369420703,5.789066529138731
lstm_t,2024,0,1,CCA,8166,410,42,854,368,6902,10.24390243902439,4.6875,8.280757097791797,11.010830324909747
lineal_t,2024,0,1,CCA,8166,410,17,357,393,7399,4.146341463414634,4.545454545454546,4.220456802383317,4.602888086642599
v4,2024,0,1,CHO,5201,264,35,565,229,4372,13.257575757575758,5.833333333333333,10.567632850241546,11.44419688069678
lstm_t,2024,0,1,CHO,5201,264,33,566,231,4371,12.5,5.509181969949917,9.96978851963746,11.464452096414826
lineal_t,2024,0,1,CHO,5201,264,35,526,229,4411,13.257575757575758,6.238859180035651,10.822510822510823,10.65424346769293
v4,2024,0,1,CUA,7673,380,27,636,353,6657,7.105263157894737,4.072398190045249,6.184150251946862,8.720691073632251
lstm_t,2024,0,1,CUA,7673,380,21,467,359,6826,5.526315789473684,4.30327868852459,5.229083665338646,6.40340052104758
lineal_t,2024,0,1,CUA,7673,380,19,376,361,6917,5.0,4.810126582278481,4.960835509138382,5.155628685040449
v4,2024,0,1,CUT,7223,366,31,551,335,6306,8.469945355191257,5.326460481099656,7.575757575757576,8.035584074668222
lstm_t,2024,0,1,CUT,7223,366,36,690,330,6167,9.836065573770492,4.958677685950414,8.219178082191782,10.062709639784162
lineal_t,2024,0,1,CUT,7223,366,30,506,336,6351,8.19672131147541,5.597014925373134,7.5,7.379320402508386
v4,2024,0,1,FAC,7560,373,14,317,359,6870,3.753351206434316,4.229607250755287,3.8398244651673066,4.410741616808126
lstm_t,2024,0,1,FAC,7560,373,16,366,357,6821,4.289544235924933,4.18848167539267,4.268943436499466,5.092528175873104
lineal_t,2024,0,1,FAC,7560,373,15,255,358,6932,4.021447721179625,5.555555555555555,4.256526674233825,3.5480729094197856
v4,2024,0,1,FAR,6324,336,31,563,305,5425,9.226190476190476,5.218855218855219,7.997936016511868,9.402137608550436
lstm_t,2024,0,1,FAR,6324,336,23,465,313,5523,6.845238095238095,4.713114754098361,6.277292576419214,7.765531062124248
lineal_t,2024,0,1,FAR,6324,336,34,667,302,5321,10.11904761904762,4.85021398002853,8.312958435207824,11.138944555778224
v4,2024,0,1,GAM,5250,260,22,438,238,4552,8.461538461538462,4.782608695652174,7.333333333333333,8.77755511022044
lstm_t,2024,0,1,GAM,5250,260,22,444,238,4546,8.461538461538462,4.721030042918455,7.304116865869854,8.897795591182364
lineal_t,2024,0,1,GAM,5250,260,19,374,241,4616,7.3076923076923075,4.8346055979643765,6.6294487090020935,7.49498997995992
v4,2024,0,1,INN,6725,350,30,616,320,5759,8.571428571428571,4.643962848297214,7.331378299120234,9.662745098039217
lstm_t,2024,0,1,INN,6725,350,32,638,318,5737,9.142857142857142,4.776119402985074,7.729468599033816,10.007843137254902
lineal_t,2024,0,1,INN,6725,350,38,744,312,5631,10.857142857142858,4.859335038363171,8.707607699358388,11.670588235294115
v4,2024,0,1,IZT,8235,414,27,500,387,7321,6.521739130434782,5.123339658444023,6.184150251946862,6.393044367727912
lstm_t,2024,0,1,IZT,8235,414,25,516,389,7305,6.038647342995169,4.621072088724584,5.689576695493855,6.597621787495205
lineal_t,2024,0,1,IZT,8235,414,17,416,397,7405,4.106280193236715,3.9260969976905313,4.068932503590235,5.319012913949623
v4,2024,0,1,LLA,7061,353,21,517,332,6191,5.949008498583569,3.903345724907063,5.384615384615385,7.7072152653548
lstm_t,2024,0,1,LLA,7061,353,22,566,331,6142,6.232294617563739,3.741496598639456,5.5,8.437686344663089
lineal_t,2024,0,1,LLA,7061,353,21,482,332,6226,5.949008498583569,4.174950298210735,5.483028720626632,7.185450208706023
v4,2024,0,1,LPR,7437,381,20,373,361,6683,5.2493438320209975,5.089058524173028,5.216484089723527,5.286281179138322
lstm_t,2024,0,1,LPR,7437,381,17,408,364,6648,4.461942257217848,4.0,4.361210877373011,5.782312925170068
lineal_t,2024,0,1,LPR,7437,381,19,429,362,6627,4.986876640419948,4.241071428571429,4.817444219066937,6.079931972789115
v4,2024,0,1,MER,7790,388,25,461,363,6941,6.443298969072165,5.1440329218107,6.133464180569185,6.228046473925966
lstm_t,2024,0,1,MER,7790,388,15,376,373,7026,3.865979381443299,3.836317135549872,3.8600102933607823,5.079708186976493
lineal_t,2024,0,1,MER,7790,388,24,484,364,6918,6.185567010309279,4.724409448818897,5.825242718446602,6.5387733045122935
v4,2024,0,1,MGH,8220,409,24,585,385,7226,5.8679706601467,3.940886699507389,5.34521158129176,7.489437972090641
lstm_t,2024,0,1,MGH,8220,409,16,451,393,7360,3.9119804400977993,3.426124197002141,3.804089396100808,5.773908590449366
lineal_t,2024,0,1,MGH,8220,409,17,388,392,7423,4.156479217603912,4.197530864197531,4.164625183733464,4.967353731916528
v4,2024,0,1,MON,6935,349,15,296,334,6290,4.297994269340975,4.823151125401929,4.393673110720562,4.49438202247191
lstm_t,2024,0,1,MON,6935,349,16,337,333,6249,4.584527220630372,4.53257790368272,4.574042309891366,5.116914667476466
lineal_t,2024,0,1,MON,6935,349,15,313,334,6273,4.297994269340975,4.573170731707317,4.350348027842228,4.752505314303067
v4,2024,0,1,MPA,5562,274,23,381,251,4907,8.394160583941606,5.693069306930693,7.666666666666667,7.204992435703479
lstm_t,2024,0,1,MPA,5562,274,24,440,250,4848,8.75912408759124,5.172413793103448,7.6923076923076925,8.32072617246596
lineal_t,2024,0,1,MPA,5562,274,24,366,250,4922,8.75912408759124,6.153846153846154,8.075370121130552,6.921331316187595
v4,2024,0,1,NEZ,7120,368,18,376,350,6376,4.891304347826087,4.568527918781726,4.823151125401929,5.568720379146919
lstm_t,2024,0,1,NEZ,7120,368,16,279,352,6473,4.3478260869565215,5.423728813559322,4.527447651386531,4.132109004739337
lineal_t,2024,0,1,NEZ,7120,368,14,243,354,6509,3.804347826086957,5.447470817120623,4.048582995951417,3.5989336492890995
v4,2024,0,1,PED,7722,398,19,400,379,6924,4.773869346733668,4.534606205250597,4.724017901541521,5.461496450027307
lstm_t,2024,0,1,PED,7722,398,16,466,382,6858,4.0201005025125625,3.319502074688797,3.8572806171648986,6.362643364281813
lineal_t,2024,0,1,PED,7722,398,19,342,379,6982,4.773869346733668,5.2631578947368425,4.864311315924219,4.669579464773348
v4,2024,0,1,SAC,6935,365,21,353,344,6217,5.753424657534247,5.614973262032086,5.7251908396946565,5.372907153729072
lstm_t,2024,0,1,SAC,6935,365,24,502,341,6068,6.575342465753424,4.562737642585551,6.042296072507553,7.640791476407915
lineal_t,2024,0,1,SAC,6935,365,19,296,346,6274,5.205479452054795,6.031746031746032,5.352112676056338,4.505327245053272
v4,2024,0,1,SAG,6801,335,22,530,313,5936,6.567164179104478,3.985507246376812,5.813953488372093,8.19672131147541
lstm_t,2024,0,1,SAG,6801,335,22,480,313,5986,6.567164179104478,4.382470119521912,5.971769815418024,7.423445716053202
lineal_t,2024,0,1,SAG,6801,335,9,303,326,6163,2.6865671641791047,2.8846153846153846,2.723970944309927,4.686050108258583
v4,2024,0,1,TAH,5692,295,27,355,268,5042,9.152542372881356,7.0680628272251305,8.642765685019207,6.577728367611636
lstm_t,2024,0,1,TAH,5692,295,18,318,277,5079,6.101694915254237,5.357142857142857,5.936675461741425,5.892162312395776
lineal_t,2024,0,1,TAH,5692,295,16,256,279,5141,5.423728813559322,5.882352941176471,5.509641873278237,4.743375949601631
v4,2024,0,1,TLA,7055,360,23,349,337,6346,6.388888888888889,6.182795698924731,6.346578366445916,5.212845407020164
lstm_t,2024,0,1,TLA,7055,360,17,381,343,6314,4.722222222222222,4.271356783919598,4.624591947769314,5.690814040328603
lineal_t,2024,0,1,TLA,7055,360,17,303,343,6392,4.722222222222222,5.3125,4.829545454545454,4.525765496639283
v4,2024,0,1,TLI,7946,400,29,574,371,6972,7.25,4.8092868988391375,6.581933726736269,7.606679035250464
lstm_t,2024,0,1,TLI,7946,400,28,619,372,6927,7.0,4.327666151468315,6.230529595015576,8.203021468327591
lineal_t,2024,0,1,TLI,7946,400,22,424,378,7122,5.5,4.932735426008969,5.376344086021505,5.618870924993374
v4,2024,0,1,UAX,6171,309,21,438,288,5424,6.796116504854369,4.57516339869281,6.1946902654867255,7.471852610030706
lstm_t,2024,0,1,UAX,6171,309,13,356,296,5506,4.207119741100324,3.523035230352304,4.049844236760125,6.073012623677926
lineal_t,2024,0,1,UAX,6171,309,17,350,292,5512,5.501618122977346,4.632152588555858,5.302557704304429,5.970658478335039
v4,2024,0,1,UIZ,7636,390,23,339,367,6907,5.897435897435898,6.3535911602209945,5.983350676378772,4.67844327905051
lstm_t,2024,0,1,UIZ,7636,390,20,324,370,6922,5.128205128205129,5.813953488372093,5.2521008403361344,4.471432514490753
lineal_t,2024,0,1,UIZ,7636,390,17,237,373,7009,4.358974358974359,6.692913385826771,4.685777287761852,3.270770080044162
v4,2024,0,1,VIF,6918,354,24,450,330,6114,6.779661016949152,5.063291139240507,6.349206349206349,6.855575868372943
lstm_t,2024,0,1,VIF,6918,354,27,581,327,5983,7.627118644067797,4.440789473684211,6.669960474308301,8.851310176721512
lineal_t,2024,0,1,VIF,6918,354,16,323,338,6241,4.519774011299435,4.71976401179941,4.558404558404559,4.920780012187691
v4,2024,1,2,AJM,8051,405,24,419,381,7227,5.925925925925926,5.417607223476298,5.8167716917111,5.479989537012817
lstm_t,2024,1,2,AJM,8051,405,21,461,384,7185,5.185185185185185,4.356846473029045,4.995242626070409,6.029296364111954
lineal_t,2024,1,2,AJM,8051,405,10,221,395,7425,2.469135802469136,4.329004329004329,2.701242571582928,2.890400209259744
v4,2024,1,2,AJU,8204,407,29,821,378,6976,7.125307125307125,3.411764705882353,5.851493139628733,10.52969090675901
lstm_t,2024,1,2,AJU,8204,407,30,843,377,6954,7.371007371007371,3.436426116838488,5.997600959616154,10.811850711812236
lineal_t,2024,1,2,AJU,8204,407,32,798,375,6999,7.862407862407863,3.855421686746988,6.509357200976404,10.234705656021546
v4,2024,1,2,ATI,6858,349,32,668,317,5841,9.169054441260744,4.571428571428571,7.633587786259542,10.262713166385003
lstm_t,2024,1,2,ATI,6858,349,31,609,318,5900,8.882521489971346,4.84375,7.612966601178781,9.35627592564142
lineal_t,2024,1,2,ATI,6858,349,20,465,329,6044,5.730659025787966,4.123711340206185,5.31632110579479,7.143954524504532
v4,2024,1,2,BJU,6361,326,25,520,301,5515,7.668711656441718,4.587155963302752,6.760411032990806,8.616404308202155
lstm_t,2024,1,2,BJU,6361,326,22,421,304,5614,6.748466257668712,4.966139954853273,6.296508299942759,6.975973487986744
lineal_t,2024,1,2,BJU,6361,326,23,402,303,5633,7.0552147239263805,5.411764705882353,6.6512434933487565,6.661143330571665
v4,2024,1,2,CAM,6406,317,21,380,296,5709,6.624605678233438,5.236907730673317,6.291192330736968,6.240762029889965
lstm_t,2024,1,2,CAM,6406,317,19,405,298,5684,5.993690851735016,4.481132075471698,5.614657210401892,6.651338479224831
lineal_t,2024,1,2,CAM,6406,317,13,318,304,5771,4.100946372239748,3.9274924471299095,4.065040650406504,5.222532435539497
v4,2024,1,2,CCA,8166,410,17,445,393,7311,4.146341463414634,3.67965367965368,4.043767840152236,5.73749355337803
lstm_t,2024,1,2,CCA,8166,410,41,860,369,6896,10.0,4.550499445061043,8.067689885871705,11.0881897885508
lineal_t,2024,1,2,CCA,8166,410,16,359,394,7397,3.902439024390244,4.266666666666667,3.970223325062035,4.62867457452295
v4,2024,1,2,CHO,5201,264,33,559,231,4378,12.5,5.574324324324325,10.012135922330096,11.322665586388496
lstm_t,2024,1,2,CHO,5201,264,34,568,230,4369,12.87878787878788,5.647840531561462,10.253317249698432,11.50496252785092
lineal_t,2024,1,2,CHO,5201,264,36,523,228,4414,13.636363636363637,6.440071556350627,11.145510835913312,10.593477820538787
v4,2024,1,2,CUA,7673,380,27,635,353,6658,7.105263157894737,4.078549848942598,6.18698441796517,8.70697929521459
lstm_t,2024,1,2,CUA,7673,380,25,470,355,6823,6.578947368421052,5.05050505050505,6.20347394540943,6.444535856300562
lineal_t,2024,1,2,CUA,7673,380,20,372,360,6921,5.2631578947368425,5.1020408163265305,5.2301255230125525,5.100781571369807
v4,2024,1,2,CUT,7223,366,33,552,333,6305,9.01639344262295,5.641025641025641,8.052708638360176,8.05016771182733
lstm_t,2024,1,2,CUT,7223,366,36,689,330,6168,9.836065573770492,4.965517241379311,8.222932846048424,10.048126002625054
lineal_t,2024,1,2,CUT,7223,366,31,508,335,6349,8.469945355191257,5.75139146567718,7.738392411382925,7.4084876768266
v4,2024,1,2,FAC,7560,373,15,318,358,6869,4.021447721179625,4.504504504504505,4.109589041095891,4.424655628217615
lstm_t,2024,1,2,FAC,7560,373,22,365,351,6822,5.898123324396783,5.684754521963824,5.854177754124534,5.078614164463615
lineal_t,2024,1,2,FAC,7560,373,16,255,357,6932,4.289544235924933,5.904059040590406,4.537719795802609,3.5480729094197856
v4,2024,1,2,FAR,6324,336,34,564,302,5424,10.11904761904762,5.68561872909699,8.753861997940268,9.4188376753507
lstm_t,2024,1,2,FAR,6324,336,25,467,311,5521,7.440476190476191,5.08130081300813,6.808278867102397,7.798931195724783
lineal_t,2024,1,2,FAR,6324,336,35,668,301,5320,10.416666666666666,4.978662873399715,8.549096238397656,11.15564462257849
v4,2024,1,2,GAM,5250,260,25,434,235,4556,9.615384615384617,5.446623093681917,8.338892595063376,8.697394789579159
lstm_t,2024,1,2,GAM,5250,260,20,445,240,4545,7.6923076923076925,4.301075268817204,6.644518272425249,8.917835671342685
lineal_t,2024,1,2,GAM,5250,260,17,377,243,4613,6.538461538461538,4.314720812182741,5.927475592747559,7.5551102204408815
v4,2024,1,2,INN,6725,350,29,616,321,5759,8.285714285714286,4.496124031007752,7.090464547677262,9.662745098039217
lstm_t,2024,1,2,INN,6725,350,33,642,317,5733,9.428571428571429,4.888888888888889,7.951807228915663,10.070588235294116
lineal_t,2024,1,2,INN,6725,350,38,743,312,5632,10.857142857142858,4.865556978233035,8.711600183402108,11.654901960784311
v4,2024,1,2,IZT,8235,414,27,498,387,7323,6.521739130434782,5.142857142857143,6.189821182943604,6.367472190257001
lstm_t,2024,1,2,IZT,8235,414,24,519,390,7302,5.797101449275362,4.419889502762431,5.457025920873124,6.635980053701573
lineal_t,2024,1,2,IZT,8235,414,18,417,396,7404,4.3478260869565215,4.137931034482759,4.30416068866571,5.331799002685079
v4,2024,1,2,LLA,7061,353,22,517,331,6191,6.232294617563739,4.081632653061225,5.638134290107637,7.7072152653548
lstm_t,2024,1,2,LLA,7061,353,23,565,330,6143,6.515580736543909,3.91156462585034,5.75,8.422778771615981
lineal_t,2024,1,2,LLA,7061,353,20,480,333,6228,5.665722379603399,4.0,5.2301255230125525,7.155635062611807
v4,2024,1,2,LPR,7437,381,23,375,358,6681,6.036745406824147,5.778894472361809,5.983350676378772,5.3146258503401365
lstm_t,2024,1,2,LPR,7437,381,19,406,362,6650,4.986876640419948,4.470588235294118,4.8742945100051305,5.753968253968254
lineal_t,2024,1,2,LPR,7437,381,21,431,360,6625,5.511811023622047,4.646017699115045,5.313765182186235,6.10827664399093
v4,2024,1,2,MER,7790,388,21,458,367,6944,5.412371134020619,4.384133611691023,5.1698670605613,6.1875168873277495
lstm_t,2024,1,2,MER,7790,388,15,376,373,7026,3.865979381443299,3.836317135549872,3.8600102933607823,5.079708186976493
lineal_t,2024,1,2,MER,7790,388,23,490,365,6912,5.927835051546392,4.483430799220273,5.569007263922519,6.619832477708727
v4,2024,1,2,MGH,8220,409,27,584,382,7227,6.601466992665037,4.4189852700491,6.008010680907877,7.4766355140186915
lstm_t,2024,1,2,MGH,8220,409,20,452,389,7359,4.88997555012225,4.237288135593221,4.743833017077799,5.786711048521316
lineal_t,2024,1,2,MGH,8220,409,14,389,395,7422,3.4229828850855744,3.4739454094292803,3.433055419323197,4.980156189988477
v4,2024,1,2,MON,6935,349,15,296,334,6290,4.297994269340975,4.823151125401929,4.393673110720562,4.49438202247191
lstm_t,2024,1,2,MON,6935,349,16,339,333,6247,4.584527220630372,4.507042253521127,4.568817818389491,5.147282113574248
lineal_t,2024,1,2,MON,6935,349,14,311,335,6275,4.011461318051576,4.307692307692308,4.067402672864613,4.722137868205284
v4,2024,1,2,MPA,5562,274,22,378,252,4910,8.02919708029197,5.5,7.352941176470588,7.148260211800302
lstm_t,2024,1,2,MPA,5562,274,28,437,246,4851,10.218978102189782,6.021505376344086,8.968609865470851,8.263993948562783
lineal_t,2024,1,2,MPA,5562,274,25,365,249,4923,9.124087591240876,6.410256410256411,8.411843876177658,6.902420574886536
v4,2024,1,2,NEZ,7120,368,21,377,347,6375,5.706521739130435,5.276381909547739,5.614973262032086,5.583530805687204
lstm_t,2024,1,2,NEZ,7120,368,15,285,353,6467,4.076086956521739,5.0,4.232505643340858,4.220971563981043
lineal_t,2024,1,2,NEZ,7120,368,16,237,352,6515,4.3478260869565215,6.324110671936759,4.63768115942029,3.510071090047393
v4,2024,1,2,PED,7722,398,21,403,377,6921,5.276381909547739,4.952830188679245,5.208333333333333,5.502457673402512
lstm_t,2024,1,2,PED,7722,398,18,467,380,6857,4.522613065326633,3.711340206185567,4.333172845450169,6.3762971054068815
lineal_t,2024,1,2,PED,7722,398,19,340,379,6984,4.773869346733668,5.2924791086350975,4.8692977960020505,4.642271982523211
v4,2024,1,2,SAC,6935,365,22,347,343,6223,6.027397260273973,5.9620596205962055,6.014215418261345,5.281582952815829
lstm_t,2024,1,2,SAC,6935,365,27,504,338,6066,7.397260273972603,5.084745762711864,6.780512305374184,7.671232876712328
lineal_t,2024,1,2,SAC,6935,365,25,295,340,6275,6.849315068493151,7.8125,7.022471910112359,4.4901065449010655
v4,2024,1,2,SAG,6801,335,20,533,315,5933,5.970149253731344,3.616636528028933,5.282620179609086,8.243117847200743
lstm_t,2024,1,2,SAG,6801,335,20,483,315,5983,5.970149253731344,3.9761431411530817,5.425935973955507,7.469842251778534
lineal_t,2024,1,2,SAG,6801,335,11,306,324,6160,3.283582089552239,3.470031545741325,3.31925165962583,4.732446643983916
v4,2024,1,2,TAH,5692,295,28,354,267,5043,9.491525423728811,7.329842931937173,8.962868117797695,6.5591995553085045
lstm_t,2024,1,2,TAH,5692,295,19,316,276,5081,6.440677966101695,5.6716417910447765,6.270627062706271,5.855104687789512
lineal_t,2024,1,2,TAH,5692,295,20,256,275,5141,6.779661016949152,7.246376811594203,6.868131868131868,4.743375949601631
v4,2024,1,2,TLA,7055,360,22,348,338,6347,6.111111111111111,5.945945945945946,6.077348066298343,5.197908887229276
lstm_t,2024,1,2,TLA,7055,360,19,383,341,6312,5.277777777777778,4.72636815920398,5.15743756786102,5.720687079910381
lineal_t,2024,1,2,TLA,7055,360,19,301,341,6394,5.277777777777778,5.9375,5.3977272727272725,4.495892457057505
v4,2024,1,2,TLI,7946,400,32,572,368,6974,8.0,5.298013245033113,7.259528130671506,7.580174927113703
lstm_t,2024,1,2,TLI,7946,400,28,616,372,6930,7.0,4.3478260869565215,6.238859180035651,8.16326530612245
lineal_t,2024,1,2,TLI,7946,400,21,424,379,7122,5.25,4.719101123595506,5.134474327628362,5.618870924993374
v4,2024,1,2,UAX,6171,309,21,442,288,5420,6.796116504854369,4.535637149028077,6.180105944673337,7.540088706925964
lstm_t,2024,1,2,UAX,6171,309,13,355,296,5507,4.207119741100324,3.532608695652174,4.052369077306733,6.055953599454111
lineal_t,2024,1,2,UAX,6171,309,17,349,292,5513,5.501618122977346,4.644808743169399,5.305867665418227,5.953599454111225
v4,2024,1,2,UIZ,7636,390,23,336,367,6910,5.897435897435898,6.406685236768802,5.992704533611255,4.637041126138559
lstm_t,2024,1,2,UIZ,7636,390,23,327,367,6919,5.897435897435898,6.571428571428571,6.020942408376963,4.512834667402705
lineal_t,2024,1,2,UIZ,7636,390,15,240,375,7006,3.8461538461538463,5.882352941176471,4.132231404958677,3.312172232956114
v4,2024,1,2,VIF,6918,354,22,451,332,6113,6.214689265536723,4.651162790697675,5.823186871360508,6.8708104814137725
lstm_t,2024,1,2,VIF,6918,354,27,584,327,5980,7.627118644067797,4.4189852700491,6.660088801184016,8.897014015843997
lineal_t,2024,1,2,VIF,6918,354,16,321,338,6243,4.519774011299435,4.747774480712166,4.563605248146035,4.890310786106033
v4,2024,2,4,AJM,8051,405,26,414,379,7232,6.419753086419753,5.909090909090909,6.310679611650485,5.414595867120063
lstm_t,2024,2,4,AJM,8051,405,26,465,379,7181,6.419753086419753,5.295315682281059,6.158218853623875,6.081611300026157
lineal_t,2024,2,4,AJM,8051,405,13,222,392,7424,3.2098765432098766,5.531914893617022,3.504043126684636,2.9034789432382944
v4,2024,2,4,AJU,8204,407,37,823,370,6974,9.090909090909092,4.3023255813953485,7.435691318327974,10.555341798127484
lstm_t,2024,2,4,AJU,8204,407,34,848,373,6949,8.353808353808354,3.854875283446712,6.772908366533865,10.875977940233422
lineal_t,2024,2,4,AJU,8204,407,38,801,369,6996,9.336609336609335,4.529201430274136,7.701661937576003,10.27318199307426
v4,2024,2,4,ATI,6858,349,35,666,314,5843,10.02865329512894,4.992867332382311,8.345255126371006,10.231986480258104
lstm_t,2024,2,4,ATI,6858,349,33,619,316,5890,9.455587392550145,5.061349693251533,8.056640625,9.509909356275926
lineal_t,2024,2,4,ATI,6858,349,28,465,321,6044,8.022922636103152,5.679513184584178,7.411328745367919,7.143954524504532
v4,2024,2,4,BJU,6361,326,29,516,297,5519,8.895705521472392,5.321100917431193,7.842076798269335,8.550124275062137
lstm_t,2024,2,4,BJU,6361,326,18,424,308,5611,5.521472392638037,4.072398190045249,5.154639175257732,7.0256835128417565
lineal_t,2024,2,4,BJU,6361,326,22,403,304,5632,6.748466257668712,5.176470588235294,6.362058993637941,6.67771333885667
v4,2024,2,4,CAM,6406,317,24,377,293,5712,7.570977917981073,5.985037406483791,7.189934092270821,6.1914928559697815
lstm_t,2024,2,4,CAM,6406,317,19,403,298,5686,5.993690851735016,4.502369668246446,5.621301775147929,6.618492363278042
lineal_t,2024,2,4,CAM,6406,317,16,320,301,5769,5.047318611987381,4.761904761904762,4.987531172069826,5.255378551486287
v4,2024,2,4,CCA,8166,410,17,452,393,7304,4.146341463414634,3.624733475479744,4.030346135609293,5.827746260959257
lstm_t,2024,2,4,CCA,8166,410,42,861,368,6895,10.24390243902439,4.651162790697675,8.257963035784506,11.101083032490974
lineal_t,2024,2,4,CCA,8166,410,14,359,396,7397,3.414634146341464,3.753351206434316,3.4773969200198707,4.62867457452295
v4,2024,2,4,CHO,5201,264,35,571,229,4366,13.257575757575758,5.775577557755776,10.5294825511432,11.565728175005065
lstm_t,2024,2,4,CHO,5201,264,32,574,232,4363,12.12121212121212,5.2805280528052805,9.626955475330927,11.626493822159206
lineal_t,2024,2,4,CHO,5201,264,30,530,234,4407,11.363636363636363,5.357142857142857,9.282178217821782,10.73526433056512
v4,2024,2,4,CUA,7673,380,30,638,350,6655,7.894736842105263,4.491017964071856,6.855575868372943,8.74811463046757
lstm_t,2024,2,4,CUA,7673,380,28,464,352,6829,7.368421052631579,5.691056910569106,6.958250497017892,6.362265185794597
lineal_t,2024,2,4,CUA,7673,380,22,370,358,6923,5.789473684210527,5.612244897959184,5.753138075313808,5.073358014534485
v4,2024,2,4,CUT,7223,366,39,551,327,6306,10.655737704918034,6.610169491525424,9.49367088607595,8.035584074668222
lstm_t,2024,2,4,CUT,7223,366,48,686,318,6171,13.114754098360656,6.539509536784741,10.91901728844404,10.004375091147732
lineal_t,2024,2,4,CUT,7223,366,35,503,331,6354,9.562841530054644,6.505576208178439,8.741258741258742,7.335569491031063
v4,2024,2,4,FAC,7560,373,11,318,362,6869,2.949061662198392,3.3434650455927053,3.020318506315212,4.424655628217615
lstm_t,2024,2,4,FAC,7560,373,19,363,354,6824,5.093833780160858,4.973821989528796,5.069370330843117,5.050786141644636
lineal_t,2024,2,4,FAC,7560,373,15,254,358,6933,4.021447721179625,5.5762081784386615,4.258943781942079,3.5341588980102965
v4,2024,2,4,FAR,6324,336,35,566,301,5422,10.416666666666666,5.8236272878535775,8.997429305912597,9.452237808951237
lstm_t,2024,2,4,FAR,6324,336,29,466,307,5522,8.630952380952381,5.858585858585859,7.884719956498097,7.782231128924516
lineal_t,2024,2,4,FAR,6324,336,38,662,298,5326,11.30952380952381,5.428571428571429,9.29549902152642,11.055444221776886
v4,2024,2,4,GAM,5250,260,22,434,238,4556,8.461538461538462,4.824561403508772,7.352941176470588,8.697394789579159
lstm_t,2024,2,4,GAM,5250,260,18,450,242,4540,6.923076923076923,3.8461538461538463,5.968169761273209,9.01803607214429
lineal_t,2024,2,4,GAM,5250,260,23,379,237,4611,8.846153846153847,5.721393034825871,7.9750346740638,7.595190380761523
v4,2024,2,4,INN,6725,350,43,616,307,5759,12.285714285714286,6.525037936267071,10.441962117532784,9.662745098039217
lstm_t,2024,2,4,INN,6725,350,41,632,309,5743,11.714285714285714,6.092124814264487,9.889049686444766,9.91372549019608
lineal_t,2024,2,4,INN,6725,350,50,738,300,5637,14.285714285714286,6.345177664974619,11.425959780621572,11.576470588235294
v4,2024,2,4,IZT,8235,414,28,494,386,7327,6.763285024154589,5.363984674329502,6.4279155188246095,6.316327835315177
lstm_t,2024,2,4,IZT,8235,414,29,519,385,7302,7.004830917874396,5.291970802919708,6.578947368421052,6.635980053701573
lineal_t,2024,2,4,IZT,8235,414,25,421,389,7400,6.038647342995169,5.605381165919282,5.946717411988582,5.382943357626902
v4,2024,2,4,LLA,7061,353,21,515,332,6193,5.949008498583569,3.917910447761194,5.3901437371663246,7.677400119260584
lstm_t,2024,2,4,LLA,7061,353,24,560,329,6148,6.798866855524079,4.109589041095891,6.012024048096192,8.348240906380441
lineal_t,2024,2,4,LLA,7061,353,24,480,329,6228,6.798866855524079,4.761904761904762,6.263048016701461,7.155635062611807
v4,2024,2,4,LPR,7437,381,21,372,360,6684,5.511811023622047,5.343511450381679,5.477308294209703,5.272108843537415
lstm_t,2024,2,4,LPR,7437,381,21,408,360,6648,5.511811023622047,4.895104895104895,5.376344086021505,5.782312925170068
lineal_t,2024,2,4,LPR,7437,381,26,432,355,6624,6.824146981627297,5.676855895196507,6.559031281533804,6.122448979591836
v4,2024,2,4,MER,7790,388,28,460,360,6942,7.216494845360825,5.737704918032787,6.862745098039215,6.214536611726561
lstm_t,2024,2,4,MER,7790,388,21,370,367,7032,5.412371134020619,5.370843989769821,5.404014410705095,4.998649013780059
lineal_t,2024,2,4,MER,7790,388,28,477,360,6925,7.216494845360825,5.544554455445544,6.806028196402528,6.444204269116455
v4,2024,2,4,MGH,8220,409,26,592,383,7219,6.356968215158925,4.207119741100324,5.767524401064774,7.57905517859429
lstm_t,2024,2,4,MGH,8220,409,16,449,393,7362,3.9119804400977993,3.4408602150537635,3.807710613993336,5.7483036743054665
lineal_t,2024,2,4,MGH,8220,409,17,392,392,7419,4.156479217603912,4.156479217603912,4.156479217603912,5.018563564204327
v4,2024,2,4,MON,6935,349,13,295,336,6291,3.7249283667621778,4.220779220779221,3.814553990610329,4.479198299423018
lstm_t,2024,2,4,MON,6935,349,18,340,331,6246,5.157593123209169,5.027932960893855,5.131128848346636,5.16246583662314
lineal_t,2024,2,4,MON,6935,349,16,312,333,6274,4.584527220630372,4.878048780487805,4.640371229698376,4.737321591254176
v4,2024,2,4,MPA,5562,274,22,379,252,4909,8.02919708029197,5.486284289276808,7.348029392117568,7.167170953101362
lstm_t,2024,2,4,MPA,5562,274,25,447,249,4841,9.124087591240876,5.296610169491525,7.971938775510204,8.453101361573374
lineal_t,2024,2,4,MPA,5562,274,27,363,247,4925,9.854014598540148,6.923076923076923,9.08479138627187,6.864599092284418
v4,2024,2,4,NEZ,7120,368,23,383,345,6369,6.25,5.665024630541872,6.123535676251331,5.67239336492891
lstm_t,2024,2,4,NEZ,7120,368,17,279,351,6473,4.619565217391305,5.743243243243243,4.807692307692308,4.132109004739337
lineal_t,2024,2,4,NEZ,7120,368,16,237,352,6515,4.3478260869565215,6.324110671936759,4.63768115942029,3.510071090047393
v4,2024,2,4,PED,7722,398,24,401,374,6923,6.030150753768845,5.647058823529412,5.949429846306396,5.475150191152376
lstm_t,2024,2,4,PED,7722,398,26,464,372,6860,6.532663316582915,5.306122448979592,6.243996157540826,6.335335882031677
lineal_t,2024,2,4,PED,7722,398,22,341,376,6983,5.527638190954774,6.0606060606060606,5.626598465473146,4.65592572364828
v4,2024,2,4,SAC,6935,365,27,352,338,6218,7.397260273972603,7.124010554089709,7.3409461663947795,5.357686453576864
lstm_t,2024,2,4,SAC,6935,365,29,498,336,6072,7.945205479452055,5.502846299810247,7.297433316557624,7.579908675799087
lineal_t,2024,2,4,SAC,6935,365,25,295,340,6275,6.849315068493151,7.8125,7.022471910112359,4.4901065449010655
v4,2024,2,4,SAG,6801,335,30,531,305,5935,8.955223880597014,5.347593582887701,7.890583903208838,8.212186823383854
lstm_t,2024,2,4,SAG,6801,335,25,481,310,5985,7.462686567164179,4.940711462450593,6.771397616468039,7.438911227961645
lineal_t,2024,2,4,SAG,6801,335,12,303,323,6163,3.582089552238806,3.809523809523809,3.625377643504532,4.686050108258583
v4,2024,2,4,TAH,5692,295,29,356,266,5041,9.830508474576272,7.532467532467533,9.26517571884984,6.596257179914767
lstm_t,2024,2,4,TAH,5692,295,23,319,272,5078,7.796610169491525,6.7251461988304095,7.555847568988174,5.910691124698907
lineal_t,2024,2,4,TAH,5692,295,20,260,275,5137,6.779661016949152,7.142857142857143,6.849315068493151,4.817491198814156
v4,2024,2,4,TLA,7055,360,22,346,338,6349,6.111111111111111,5.978260869565218,6.084070796460177,5.168035847647499
lstm_t,2024,2,4,TLA,7055,360,19,381,341,6314,5.277777777777778,4.75,5.163043478260869,5.690814040328603
lineal_t,2024,2,4,TLA,7055,360,20,303,340,6392,5.555555555555555,6.191950464396285,5.672149744753262,4.525765496639283
v4,2024,2,4,TLI,7946,400,28,570,372,6976,7.0,4.682274247491639,6.369426751592357,7.553670818976942
lstm_t,2024,2,4,TLI,7946,400,31,608,369,6938,7.75,4.851330203442879,6.922733363108531,8.057248873575404
lineal_t,2024,2,4,TLI,7946,400,23,425,377,7121,5.75,5.133928571428571,5.615234375,5.632122979061754
v4,2024,2,4,UAX,6171,309,20,438,289,5424,6.472491909385114,4.366812227074236,5.903187721369539,7.471852610030706
lstm_t,2024,2,4,UAX,6171,309,21,360,288,5502,6.796116504854369,5.511811023622047,6.493506493506493,6.141248720573183
lineal_t,2024,2,4,UAX,6171,309,19,348,290,5514,6.148867313915858,5.177111716621253,5.926388022457892,5.93654042988741
v4,2024,2,4,UIZ,7636,390,25,345,365,6901,6.410256410256411,6.756756756756757,6.476683937823834,4.761247584874414
lstm_t,2024,2,4,UIZ,7636,390,25,322,365,6924,6.410256410256411,7.204610951008646,6.554798112218144,4.443831079216119
lineal_t,2024,2,4,UIZ,7636,390,16,238,374,7008,4.102564102564102,6.299212598425197,4.410143329658214,3.2845707976814795
v4,2024,2,4,VIF,6918,354,29,453,325,6111,8.192090395480227,6.016597510373444,7.639620653319284,6.90127970749543
lstm_t,2024,2,4,VIF,6918,354,37,584,317,5980,10.451977401129945,5.958132045088567,9.081983308787432,8.897014015843997
lineal_t,2024,2,4,VIF,6918,354,22,321,332,6243,6.214689265536723,6.41399416909621,6.25355315520182,4.890310786106033
v4,2024,3,8,AJM,8051,405,34,426,371,7220,8.395061728395062,7.391304347826087,8.173076923076923,5.571540674862673
lstm_t,2024,3,8,AJM,8051,405,28,469,377,7177,6.91358024691358,5.633802816901408,6.613131790269249,6.133926235940361
lineal_t,2024,3,8,AJM,8051,405,25,220,380,7426,6.172839506172839,10.20408163265306,6.702412868632708,2.877321475281193
v4,2024,3,8,AJU,8204,407,50,826,357,6971,12.285012285012286,5.707762557077626,9.984025559105431,10.593818135180198
lstm_t,2024,3,8,AJU,8204,407,59,854,348,6943,14.496314496314495,6.462212486308872,11.609602518693428,10.952930614338849
lineal_t,2024,3,8,AJU,8204,407,58,797,349,7000,14.25061425061425,6.783625730994152,11.679420056383409,10.221880210337307
v4,2024,3,8,ATI,6858,349,44,675,305,5834,12.607449856733524,6.119610570236439,10.401891252955084,10.37025656782916
lstm_t,2024,3,8,ATI,6858,349,41,618,308,5891,11.74785100286533,6.22154779969651,9.975669099756692,9.494546013212474
lineal_t,2024,3,8,ATI,6858,349,35,462,314,6047,10.02865329512894,7.042253521126761,9.2445853143159,7.09786449531418
v4,2024,3,8,BJU,6361,326,37,517,289,5518,11.349693251533742,6.67870036101083,9.956942949407964,8.566694283347141
lstm_t,2024,3,8,BJU,6361,326,38,422,288,5613,11.656441717791411,8.26086956521739,10.770975056689345,6.9925434962717485
lineal_t,2024,3,8,BJU,6361,326,30,402,296,5633,9.202453987730062,6.944444444444445,8.640552995391705,6.661143330571665
v4,2024,3,8,CAM,6406,317,23,378,294,5711,7.255520504731861,5.7356608478803,6.89035350509287,6.207915913943176
lstm_t,2024,3,8,CAM,6406,317,19,396,298,5693,5.993690851735016,4.578313253012048,5.64468211527035,6.50353095746428
lineal_t,2024,3,8,CAM,6406,317,18,317,299,5772,5.678233438485805,5.373134328358209,5.6144728633811605,5.206109377566103
v4,2024,3,8,CCA,8166,410,29,447,381,7309,7.073170731707317,6.092436974789916,6.852551984877127,5.763280041258381
lstm_t,2024,3,8,CCA,8166,410,47,867,363,6889,11.46341463414634,5.142231947483588,9.201252936570086,11.178442496132028
lineal_t,2024,3,8,CCA,8166,410,27,358,383,7398,6.585365853658536,7.012987012987013,6.666666666666667,4.615781330582775
v4,2024,3,8,CHO,5201,264,43,559,221,4378,16.28787878787879,7.142857142857143,12.967430639324489,11.322665586388496
lstm_t,2024,3,8,CHO,5201,264,42,564,222,4373,15.909090909090908,6.930693069306931,12.63537906137184,11.423941664978733
lineal_t,2024,3,8,CHO,5201,264,45,528,219,4409,17.045454545454547,7.853403141361256,13.812154696132596,10.694753899129026
v4,2024,3,8,CUA,7673,380,41,634,339,6659,10.789473684210526,6.074074074074074,9.339407744874716,8.69326751679693
lstm_t,2024,3,8,CUA,7673,380,31,465,349,6828,8.157894736842104,6.25,7.688492063492063,6.375976964212258
lineal_t,2024,3,8,CUA,7673,380,31,377,349,6916,8.157894736842104,7.598039215686274,8.03941908713693,5.16934046345811
v4,2024,3,8,CUT,7223,366,38,552,328,6305,10.382513661202186,6.440677966101695,9.250243427458615,8.05016771182733
lstm_t,2024,3,8,CUT,7223,366,49,696,317,6161,13.387978142076502,6.577181208053691,11.090991398822997,10.150211462738808
lineal_t,2024,3,8,CUT,7223,366,40,511,326,6346,10.92896174863388,7.259528130671506,9.925558312655086,7.452238588303923
v4,2024,3,8,FAC,7560,373,18,327,355,6860,4.825737265415549,5.217391304347826,4.899292324442025,4.549881730903019
lstm_t,2024,3,8,FAC,7560,373,33,365,340,6822,8.847184986595174,8.291457286432161,8.73015873015873,5.078614164463615
lineal_t,2024,3,8,FAC,7560,373,20,256,353,6931,5.361930294906166,7.246376811594203,5.656108597285068,3.561986920829275
v4,2024,3,8,FAR,6324,336,44,565,292,5423,13.095238095238097,7.22495894909688,11.264720942140295,9.435537742150968
lstm_t,2024,3,8,FAR,6324,336,42,474,294,5514,12.5,8.13953488372093,11.290322580645162,7.915831663326653
lineal_t,2024,3,8,FAR,6324,336,54,663,282,5325,16.071428571428573,7.531380753138075,13.100436681222709,11.072144288577157
v4,2024,3,8,GAM,5250,260,25,441,235,4549,9.615384615384617,5.364806866952789,8.300132802124834,8.837675350701403
lstm_t,2024,3,8,GAM,5250,260,22,448,238,4542,8.461538461538462,4.680851063829787,7.28476821192053,8.977955911823647
lineal_t,2024,3,8,GAM,5250,260,26,379,234,4611,10.0,6.419753086419753,8.996539792387543,7.595190380761523
v4,2024,3,8,INN,6725,350,54,617,296,5758,15.428571428571429,8.04769001490313,13.037180106228876,9.67843137254902
lstm_t,2024,3,8,INN,6725,350,53,644,297,5731,15.142857142857142,7.604017216642755,12.637100619933236,10.101960784313723
lineal_t,2024,3,8,INN,6725,350,59,741,291,5634,16.857142857142858,7.375,13.409090909090908,11.623529411764704
v4,2024,3,8,IZT,8235,414,40,499,374,7322,9.66183574879227,7.421150278293135,9.111617312072893,6.380258278992456
lstm_t,2024,3,8,IZT,8235,414,43,521,371,7300,10.38647342995169,7.624113475177305,9.684684684684685,6.661552231172484
lineal_t,2024,3,8,IZT,8235,414,38,421,376,7400,9.178743961352655,8.278867102396514,8.983451536643026,5.382943357626902
v4,2024,3,8,LLA,7061,353,34,519,319,6189,9.63172804532578,6.1482820976491865,8.651399491094148,7.737030411449016
lstm_t,2024,3,8,LLA,7061,353,41,550,312,6158,11.614730878186968,6.937394247038917,10.234648027958062,8.199165175909362
lineal_t,2024,3,8,LLA,7061,353,33,475,320,6233,9.34844192634561,6.496062992125984,8.59375,7.081097197376267
v4,2024,3,8,LPR,7437,381,31,375,350,6681,8.136482939632545,7.635467980295567,8.031088082901555,5.3146258503401365
lstm_t,2024,3,8,LPR,7437,381,42,416,339,6640,11.023622047244094,9.170305676855897,10.595358224016143,5.895691609977324
lineal_t,2024,3,8,LPR,7437,381,39,427,342,6629,10.236220472440944,8.369098712446352,9.798994974874372,6.051587301587301
v4,2024,3,8,MER,7790,388,32,468,356,6934,8.24742268041237,6.4,7.797270955165692,6.322615509321805
lstm_t,2024,3,8,MER,7790,388,28,379,360,7023,7.216494845360825,6.87960687960688,7.1465033180193975,5.1202377735747095
lineal_t,2024,3,8,MER,7790,388,29,487,359,6915,7.474226804123711,5.62015503875969,7.011605415860735,6.579302891110511
v4,2024,3,8,MGH,8220,409,45,599,364,7212,11.00244498777506,6.987577639751553,9.86842105263158,7.668672385097939
lstm_t,2024,3,8,MGH,8220,409,34,449,375,7362,8.312958435207824,7.0393374741200825,8.022652194431336,5.7483036743054665
lineal_t,2024,3,8,MGH,8220,409,21,388,388,7423,5.134474327628362,5.134474327628362,5.134474327628362,4.967353731916528
v4,2024,3,8,MON,6935,349,19,298,330,6288,5.444126074498567,5.993690851735016,5.545826036193812,4.524749468569693
lstm_t,2024,3,8,MON,6935,349,29,341,320,6245,8.30945558739255,7.837837837837838,8.210645526613817,5.177649559672032
lineal_t,2024,3,8,MON,6935,349,25,309,324,6277,7.163323782234957,7.485029940119761,7.22543352601156,4.691770422107501
v4,2024,3,8,MPA,5562,274,30,377,244,4911,10.94890510948905,7.371007371007371,9.98003992015968,7.129349470499244
lstm_t,2024,3,8,MPA,5562,274,36,446,238,4842,13.138686131386862,7.468879668049793,11.40684410646388,8.434190620272314
lineal_t,2024,3,8,MPA,5562,274,29,359,245,4929,10.583941605839415,7.474226804123711,9.77088948787062,6.788956127080182
v4,2024,3,8,NEZ,7120,368,29,386,339,6366,7.880434782608695,6.987951807228916,7.684154742978272,5.716824644549763
lstm_t,2024,3,8,NEZ,7120,368,21,285,347,6467,5.706521739130435,6.862745098039215,5.905511811023622,4.220971563981043
lineal_t,2024,3,8,NEZ,7120,368,17,244,351,6508,4.619565217391305,6.513409961685824,4.904789382573572,3.613744075829384
v4,2024,3,8,PED,7722,398,31,404,367,6920,7.788944723618091,7.126436781609195,7.646768623581647,5.516111414527581
lstm_t,2024,3,8,PED,7722,398,39,465,359,6859,9.798994974874372,7.738095238095238,9.303435114503817,6.348989623156745
lineal_t,2024,3,8,PED,7722,398,33,340,365,6984,8.291457286432161,8.847184986595174,8.396946564885496,4.642271982523211
v4,2024,3,8,SAC,6935,365,30,353,335,6217,8.219178082191782,7.83289817232376,8.138903960933261,5.372907153729072
lstm_t,2024,3,8,SAC,6935,365,37,503,328,6067,10.136986301369864,6.851851851851852,9.25,7.656012176560122
lineal_t,2024,3,8,SAC,6935,365,31,302,334,6268,8.493150684931507,9.30930930930931,8.644729503625209,4.596651445966515
v4,2024,3,8,SAG,6801,335,38,525,297,5941,11.343283582089551,6.74955595026643,9.984235417761427,8.119393751933188
lstm_t,2024,3,8,SAG,6801,335,35,484,300,5982,10.447761194029852,6.74373795761079,9.413663259817106,7.485307763686978
lineal_t,2024,3,8,SAG,6801,335,26,300,309,6166,7.761194029850746,7.975460122699387,7.8031212484994,4.639653572533251
v4,2024,3,8,TAH,5692,295,30,353,265,5044,10.169491525423728,7.83289817232376,9.596928982725528,6.540670743005373
lstm_t,2024,3,8,TAH,5692,295,33,325,262,5072,11.186440677966102,9.217877094972067,10.728218465539662,6.021863998517695
lineal_t,2024,3,8,TAH,5692,295,29,262,266,5135,9.830508474576272,9.965635738831615,9.857239972807614,4.854548823420418
v4,2024,3,8,TLA,7055,360,21,352,339,6343,5.833333333333333,5.630026809651475,5.791505791505792,5.25765496639283
lstm_t,2024,3,8,TLA,7055,360,21,383,339,6312,5.833333333333333,5.198019801980198,5.6941431670282,5.720687079910381
lineal_t,2024,3,8,TLA,7055,360,19,301,341,6394,5.277777777777778,5.9375,5.3977272727272725,4.495892457057505
v4,2024,3,8,TLI,7946,400,32,569,368,6977,8.0,5.324459234608985,7.269422989550204,7.540418764908561
lstm_t,2024,3,8,TLI,7946,400,38,622,362,6924,9.5,5.757575757575758,8.4070796460177,8.242777630532732
lineal_t,2024,3,8,TLI,7946,400,29,423,371,7123,7.25,6.415929203539823,7.0662768031189085,5.605618870924993
v4,2024,3,8,UAX,6171,309,22,447,287,5415,7.119741100323624,4.690831556503198,6.451612903225806,7.6253838280450355
lstm_t,2024,3,8,UAX,6171,309,23,363,286,5499,7.44336569579288,5.958549222797927,7.090012330456227,6.1924257932446265
lineal_t,2024,3,8,UAX,6171,309,28,350,281,5512,9.06148867313916,7.407407407407407,8.674101610904584,5.970658478335039
v4,2024,3,8,UIZ,7636,390,33,336,357,6910,8.461538461538462,8.94308943089431,8.553654743390357,4.637041126138559
lstm_t,2024,3,8,UIZ,7636,390,33,321,357,6925,8.461538461538462,9.322033898305085,8.620689655172415,4.430030361578802
lineal_t,2024,3,8,UIZ,7636,390,24,241,366,7005,6.153846153846154,9.056603773584904,6.575342465753424,3.325972950593431
v4,2024,3,8,VIF,6918,354,38,465,316,6099,10.734463276836156,7.5546719681908545,9.9009900990099,7.084095063985375
lstm_t,2024,3,8,VIF,6918,354,42,587,312,5977,11.864406779661016,6.677265500794912,10.268948655256724,8.942717854966483
lineal_t,2024,3,8,VIF,6918,354,24,316,330,6248,6.779661016949152,7.0588235294117645,6.83371298405467,4.814137720901889
v4,2024,4,16,AJM,8051,405,55,420,350,7226,13.580246913580249,11.578947368421051,13.126491646778042,5.493068270991368
lstm_t,2024,4,16,AJM,8051,405,66,468,339,7178,16.296296296296298,12.359550561797754,15.32033426183844,6.12084750196181
lineal_t,2024,4,16,AJM,8051,405,52,221,353,7425,12.839506172839506,19.047619047619047,13.734812466983623,2.890400209259744
v4,2024,4,16,AJU,8204,407,119,834,288,6963,29.23832923832924,12.48688352570829,23.053080201472294,10.696421700654096
lstm_t,2024,4,16,AJU,8204,407,121,851,286,6946,29.72972972972973,12.448559670781894,23.26923076923077,10.914454277286136
lineal_t,2024,4,16,AJU,8204,407,98,813,309,6984,24.07862407862408,10.757409440175632,19.29893658920835,10.427087341285109
v4,2024,4,16,ATI,6858,349,95,683,254,5826,27.22063037249284,12.210796915167094,21.8491260349586,10.493163312336764
lstm_t,2024,4,16,ATI,6858,349,79,624,270,5885,22.636103151862464,11.2375533428165,18.81848499285374,9.586726071593178
lineal_t,2024,4,16,ATI,6858,349,64,459,285,6050,18.33810888252149,12.237093690248566,16.675351745700887,7.051774466123828
v4,2024,4,16,BJU,6361,326,59,535,267,5500,18.098159509202453,9.932659932659933,15.542676501580612,8.864954432477216
lstm_t,2024,4,16,BJU,6361,326,63,435,263,5600,19.32515337423313,12.650602409638552,17.480577136514984,7.207953603976802
lineal_t,2024,4,16,BJU,6361,326,50,410,276,5625,15.337423312883436,10.869565217391305,14.17233560090703,6.793703396851698
v4,2024,4,16,CAM,6406,317,59,381,258,5708,18.61198738170347,13.409090909090908,17.271662763466043,6.25718508786336
lstm_t,2024,4,16,CAM,6406,317,42,410,275,5679,13.249211356466876,9.29203539823009,12.209302325581396,6.733453769091805
lineal_t,2024,4,16,CAM,6406,317,33,323,284,5766,10.410094637223974,9.269662921348315,10.160098522167488,5.304647725406471
v4,2024,4,16,CCA,8166,410,61,448,349,7308,14.878048780487806,11.984282907662084,14.192647743136344,5.776173285198556
lstm_t,2024,4,16,CCA,8166,410,85,877,325,6879,20.73170731707317,8.835758835758837,16.33358954650269,11.30737493553378
lineal_t,2024,4,16,CCA,8166,410,68,354,342,7402,16.585365853658537,16.113744075829384,16.488845780795344,4.564208354822073
v4,2024,4,16,CHO,5201,264,84,565,180,4372,31.818181818181817,12.942989214175656,24.633431085043988,11.44419688069678
lstm_t,2024,4,16,CHO,5201,264,98,565,166,4372,37.121212121212125,14.781297134238311,28.504944735311227,11.44419688069678
lineal_t,2024,4,16,CHO,5201,264,88,542,176,4395,33.333333333333336,13.968253968253968,26.097271648873072,10.97832691918169
v4,2024,4,16,CUA,7673,380,77,634,303,6659,20.26315789473684,10.829817158931084,17.256835499775885,8.69326751679693
lstm_t,2024,4,16,CUA,7673,380,78,462,302,6831,20.526315789473685,14.444444444444445,18.932038834951456,6.334841628959276
lineal_t,2024,4,16,CUA,7673,380,60,381,320,6912,15.789473684210526,13.605442176870747,15.29831718510964,5.224187577128753
v4,2024,4,16,CUT,7223,366,83,560,283,6297,22.6775956284153,12.90824261275272,19.69625059326056,8.16683680910019
lstm_t,2024,4,16,CUT,7223,366,81,697,285,6160,22.131147540983605,10.411311053984576,18.06422836752899,10.164795099897914
lineal_t,2024,4,16,CUT,7223,366,71,506,295,6351,19.398907103825135,12.305025996533796,17.39343459088682,7.379320402508386
v4,2024,4,16,FAC,7560,373,51,319,322,6868,13.672922252010723,13.783783783783784,13.694951664876475,4.438569639627104
lstm_t,2024,4,16,FAC,7560,373,46,371,327,6816,12.332439678284182,11.03117505995204,12.048192771084338,5.162098232920551
lineal_t,2024,4,16,FAC,7560,373,41,258,332,6929,10.99195710455764,13.7123745819398,11.446119486320493,3.589814943648254
v4,2024,4,16,FAR,6324,336,91,595,245,5393,27.08333333333333,13.26530612244898,22.41379310344828,9.936539746158983
lstm_t,2024,4,16,FAR,6324,336,77,471,259,5517,22.916666666666668,14.05109489051095,20.348837209302324,7.865731462925852
lineal_t,2024,4,16,FAR,6324,336,90,684,246,5304,26.785714285714285,11.627906976744184,21.246458923512748,11.422845691382763
v4,2024,4,16,GAM,5250,260,57,450,203,4540,21.923076923076923,11.242603550295858,18.42275371687136,9.01803607214429
lstm_t,2024,4,16,GAM,5250,260,42,455,218,4535,16.153846153846153,8.450704225352112,13.662979830839298,9.118236472945892
lineal_t,2024,4,16,GAM,5250,260,32,388,228,4602,12.307692307692308,7.619047619047619,10.95890410958904,7.775551102204409
v4,2024,4,16,INN,6725,350,142,624,208,5751,40.57142857142857,18.5378590078329,32.77931671283472,9.788235294117648
lstm_t,2024,4,16,INN,6725,350,150,634,200,5741,42.85714285714285,19.132653061224488,34.34065934065934,9.945098039215686
lineal_t,2024,4,16,INN,6725,350,172,745,178,5630,49.142857142857146,18.75681570338059,37.11696158826068,11.68627450980392
v4,2024,4,16,IZT,8235,414,67,508,347,7313,16.183574879227052,11.652173913043478,15.015688032272523,6.495333077611559
lstm_t,2024,4,16,IZT,8235,414,66,528,348,7293,15.942028985507246,11.11111111111111,14.666666666666666,6.751054852320675
lineal_t,2024,4,16,IZT,8235,414,60,422,354,7399,14.492753623188406,12.448132780082988,14.03180542563143,5.395729446362358
v4,2024,4,16,LLA,7061,353,76,521,277,6187,21.52974504249292,12.73031825795645,18.914883026381283,7.766845557543232
lstm_t,2024,4,16,LLA,7061,353,74,562,279,6146,20.96317280453258,11.635220125786164,18.06640625,8.378056052474657
lineal_t,2024,4,16,LLA,7061,353,66,471,287,6237,18.69688385269122,12.29050279329609,16.93175987685993,7.021466905187835
v4,2024,4,16,LPR,7437,381,80,394,301,6662,20.99737532808399,16.877637130801688,20.02002002002002,5.583900226757369
lstm_t,2024,4,16,LPR,7437,381,88,422,293,6634,23.097112860892388,17.254901960784313,21.63225172074729,5.980725623582766
lineal_t,2024,4,16,LPR,7437,381,75,432,306,6624,19.68503937007874,14.792899408284024,18.46381093057607,6.122448979591836
v4,2024,4,16,MER,7790,388,71,479,317,6923,18.298969072164947,12.909090909090908,16.888677450047574,6.471223993515266
lstm_t,2024,4,16,MER,7790,388,54,386,334,7016,13.917525773195877,12.272727272727272,13.55421686746988,5.214806808970549
lineal_t,2024,4,16,MER,7790,388,67,482,321,6920,17.2680412371134,12.2040072859745,15.944788196097097,6.511753580113483
v4,2024,4,16,MGH,8220,409,87,619,322,7192,21.271393643031782,12.322946175637394,18.57386848847139,7.924721546536935
lstm_t,2024,4,16,MGH,8220,409,73,453,336,7358,17.848410757946212,13.87832699619772,16.882516188714153,5.799513506593266
lineal_t,2024,4,16,MGH,8220,409,51,382,358,7429,12.469437652811736,11.778290993071591,12.324794586756887,4.890538983484829
v4,2024,4,16,MON,6935,349,53,311,296,6275,15.18624641833811,14.56043956043956,15.056818181818182,4.722137868205284
lstm_t,2024,4,16,MON,6935,349,66,349,283,6237,18.91117478510029,15.903614457831326,18.22197680839315,5.299119344063164
lineal_t,2024,4,16,MON,6935,349,56,319,293,6267,16.045845272206304,14.933333333333334,15.810276679841897,4.8436076525964165
v4,2024,4,16,MPA,5562,274,78,371,196,4917,28.46715328467153,17.37193763919822,25.24271844660194,7.015885022692889
lstm_t,2024,4,16,MPA,5562,274,101,446,173,4842,36.86131386861314,18.46435100548446,30.736457699330494,8.434190620272314
lineal_t,2024,4,16,MPA,5562,274,91,370,183,4918,33.21167883211679,19.739696312364423,29.22286448298009,6.996974281391831
v4,2024,4,16,NEZ,7120,368,90,399,278,6353,24.456521739130437,18.404907975460123,22.947475777664454,5.90936018957346
lstm_t,2024,4,16,NEZ,7120,368,68,285,300,6467,18.47826086956522,19.26345609065156,18.63013698630137,4.220971563981043
lineal_t,2024,4,16,NEZ,7120,368,56,239,312,6513,15.217391304347826,18.983050847457623,15.846066779852858,3.539691943127962
v4,2024,4,16,PED,7722,398,66,411,332,6913,16.582914572864322,13.836477987421384,15.949734171097148,5.611687602403059
lstm_t,2024,4,16,PED,7722,398,71,474,327,6850,17.839195979899497,13.027522935779816,16.612072999532053,6.47187329328236
lineal_t,2024,4,16,PED,7722,398,58,338,340,6986,14.57286432160804,14.646464646464649,14.587525150905432,4.614964500273075
v4,2024,4,16,SAC,6935,365,75,345,290,6225,20.54794520547945,17.857142857142858,19.9468085106383,5.251141552511416
lstm_t,2024,4,16,SAC,6935,365,71,502,294,6068,19.45205479452055,12.390924956369982,17.461878996556813,7.640791476407915
lineal_t,2024,4,16,SAC,6935,365,61,290,304,6280,16.71232876712329,17.37891737891738,16.84152401987852,4.41400304414003
v4,2024,4,16,SAG,6801,335,89,563,246,5903,26.56716417910448,13.650306748466258,22.33935742971888,8.707083204454067
lstm_t,2024,4,16,SAG,6801,335,78,498,257,5968,23.28358208955224,13.541666666666666,20.35490605427975,7.701824930405197
lineal_t,2024,4,16,SAG,6801,335,59,302,276,6164,17.611940298507463,16.343490304709142,17.342739564961786,4.670584596350139
v4,2024,4,16,TAH,5692,295,82,362,213,5035,27.79661016949153,18.46846846846847,25.246305418719214,6.707430053733556
lstm_t,2024,4,16,TAH,5692,295,78,314,217,5083,26.440677966101696,19.897959183673468,24.80916030534351,5.81804706318325
lineal_t,2024,4,16,TAH,5692,295,79,253,216,5144,26.779661016949152,23.795180722891565,26.124338624338623,4.687789512692237
v4,2024,4,16,TLA,7055,360,55,363,305,6332,15.27777777777778,13.157894736842104,14.80086114101184,5.421956684092606
lstm_t,2024,4,16,TLA,7055,360,44,383,316,6312,12.22222222222222,10.304449648711945,11.783610069630424,5.720687079910381
lineal_t,2024,4,16,TLA,7055,360,50,311,310,6384,13.88888888888889,13.850415512465371,13.8811771238201,4.645257654966393
v4,2024,4,16,TLI,7946,400,72,606,328,6940,18.0,10.619469026548671,15.803336259877083,8.030744765438643
lstm_t,2024,4,16,TLI,7946,400,67,631,333,6915,16.75,9.598853868194842,14.577893820713664,8.362046117148157
lineal_t,2024,4,16,TLI,7946,400,53,443,347,7103,13.25,10.685483870967742,12.643129770992369,5.8706599522926055
v4,2024,4,16,UAX,6171,309,60,435,249,5427,19.41747572815534,12.12121212121212,17.33102253032929,7.420675537359263
lstm_t,2024,4,16,UAX,6171,309,62,368,247,5494,20.06472491909385,14.418604651162791,18.607442977190875,6.277720914363698
lineal_t,2024,4,16,UAX,6171,309,54,352,255,5510,17.475728155339805,13.300492610837438,16.443361753958587,6.004776526782668
v4,2024,4,16,UIZ,7636,390,50,330,340,6916,12.82051282051282,13.157894736842104,12.88659793814433,4.554236820314657
lstm_t,2024,4,16,UIZ,7636,390,51,325,339,6921,13.076923076923077,13.563829787234043,13.171487603305785,4.485233232128071
lineal_t,2024,4,16,UIZ,7636,390,49,241,341,7005,12.564102564102564,16.896551724137932,13.243243243243244,3.325972950593431
v4,2024,4,16,VIF,6918,354,94,477,260,6087,26.55367231638418,16.46234676007005,23.65374937091092,7.26691042047532
lstm_t,2024,4,16,VIF,6918,354,86,585,268,5979,24.293785310734464,12.816691505216095,20.60373742213704,8.912248628884827
lineal_t,2024,4,16,VIF,6918,354,61,327,293,6237,17.231638418079097,15.721649484536082,16.906873614190687,4.9817184643510055
v4,2024,5,32,AJM,8051,405,185,445,220,7201,45.67901234567901,29.365079365079364,41.11111111111112,5.82003662045514
lstm_t,2024,5,32,AJM,8051,405,98,487,307,7159,24.19753086419753,16.752136752136753,22.22222222222222,6.369343447554277
lineal_t,2024,5,32,AJM,8051,405,127,232,278,7414,31.358024691358025,35.37604456824513,32.08691258211218,3.034266283023803
v4,2024,5,32,AJU,8204,407,249,838,158,6959,61.17936117936118,22.907083716651336,45.85635359116022,10.747723483391049
lstm_t,2024,5,32,AJU,8204,407,233,867,174,6930,57.24815724815725,21.181818181818183,42.705278592375365,11.119661408233936
lineal_t,2024,5,32,AJU,8204,407,192,813,215,6984,47.17444717444717,19.104477611940297,36.46031143182682,10.427087341285109
v4,2024,5,32,ATI,6858,349,289,801,60,5708,82.8080229226361,26.513761467889907,58.1255028157683,12.306037793823936
lstm_t,2024,5,32,ATI,6858,349,191,631,158,5878,54.72779369627507,23.2360097323601,43.05680793507665,9.694269473037332
lineal_t,2024,5,32,ATI,6858,349,191,483,158,6026,54.72779369627507,28.338278931750743,46.13526570048309,7.420494699646643
v4,2024,5,32,BJU,6361,326,255,616,71,5419,78.22085889570552,29.276693455797933,58.62068965517241,10.207125103562552
lstm_t,2024,5,32,BJU,6361,326,187,459,139,5576,57.36196319018405,28.94736842105263,47.94871794871795,7.605633802816901
lineal_t,2024,5,32,BJU,6361,326,175,408,151,5627,53.68098159509202,30.01715265866209,46.36989931107578,6.76056338028169
v4,2024,5,32,CAM,6406,317,248,484,69,5605,78.23343848580441,33.87978142076503,62.0,7.948760059123009
lstm_t,2024,5,32,CAM,6406,317,58,416,259,5673,18.29652996845426,12.236286919831224,16.647531572904708,6.831992116932173
lineal_t,2024,5,32,CAM,6406,317,106,319,211,5770,33.4384858044164,24.94117647058824,31.30537507383343,5.238955493512892
v4,2024,5,32,CCA,8166,410,308,549,102,7207,75.1219512195122,35.93932322053676,61.67400881057269,7.078390923156266
lstm_t,2024,5,32,CCA,8166,410,109,884,301,6872,26.585365853658537,10.976837865055389,20.69882263577668,11.397627643115008
lineal_t,2024,5,32,CCA,8166,410,186,366,224,7390,45.36585365853659,33.69565217391305,42.42700729927007,4.718927282104177
v4,2024,5,32,CHO,5201,264,203,592,61,4345,76.89393939393939,25.534591194968552,54.83522420313344,11.99108770508406
lstm_t,2024,5,32,CHO,5201,264,181,588,83,4349,68.56060606060606,23.5370611183355,49.58904109589041,11.910066842211869
lineal_t,2024,5,32,CHO,5201,264,179,548,85,4389,67.8030303030303,24.621733149931224,50.19629837352776,11.099858213489972
v4,2024,5,32,CUA,7673,380,239,676,141,6617,62.89473684210526,26.12021857923497,49.07597535934291,9.26916221033868
lstm_t,2024,5,32,CUA,7673,380,184,461,196,6832,48.42105263157895,28.527131782945737,42.494226327944574,6.321129850541615
lineal_t,2024,5,32,CUA,7673,380,131,371,249,6922,34.473684210526315,26.09561752988048,32.39366963402572,5.087069792952146
v4,2024,5,32,CUT,7223,366,290,615,76,6242,79.23497267759562,32.04419889502763,61.20726044744618,8.968936852851101
lstm_t,2024,5,32,CUT,7223,366,149,705,217,6152,40.7103825136612,17.447306791569087,32.139775668679896,10.281464197170774
lineal_t,2024,5,32,CUT,7223,366,173,521,193,6336,47.26775956284153,24.927953890489917,40.08341056533828,7.598074959894998
v4,2024,5,32,FAC,7560,373,255,369,118,6818,68.36461126005362,40.86538461538461,60.25519848771267,5.1342702101015725
lstm_t,2024,5,32,FAC,7560,373,99,396,274,6791,26.54155495978552,20.0,24.911927528938097,5.509948518157785
lineal_t,2024,5,32,FAC,7560,373,150,272,223,6915,40.21447721179624,35.54502369668246,39.18495297805643,3.784611103381105
v4,2024,5,32,FAR,6324,336,278,714,58,5274,82.73809523809524,28.024193548387096,59.50342465753425,11.923847695390782
lstm_t,2024,5,32,FAR,6324,336,148,484,188,5504,44.04761904761905,23.417721518987346,37.449392712550605,8.082832331329325
lineal_t,2024,5,32,FAR,6324,336,225,674,111,5314,66.96428571428571,25.027808676307007,50.15604101649576,11.255845023380092
v4,2024,5,32,GAM,5250,260,185,543,75,4447,71.15384615384616,25.412087912087912,52.31900452488688,10.881763527054108
lstm_t,2024,5,32,GAM,5250,260,87,476,173,4514,33.46153846153846,15.452930728241563,27.13661883967561,9.539078156312623
lineal_t,2024,5,32,GAM,5250,260,119,383,141,4607,45.76923076923077,23.705179282868524,38.586251621271074,7.675350701402806
v4,2024,5,32,INN,6725,350,308,621,42,5754,88.0,33.153928955866526,66.12279948475741,9.741176470588234
lstm_t,2024,5,32,INN,6725,350,303,631,47,5744,86.57142857142857,32.441113490364025,64.91002570694087,9.898039215686277
lineal_t,2024,5,32,INN,6725,350,297,721,53,5654,84.85714285714286,29.17485265225933,61.41439205955335,11.309803921568628
v4,2024,5,32,IZT,8235,414,306,564,108,7257,73.91304347826087,35.172413793103445,60.57007125890736,7.2113540467970845
lstm_t,2024,5,32,IZT,8235,414,145,519,269,7302,35.02415458937198,21.83734939759036,31.25,6.635980053701573
lineal_t,2024,5,32,IZT,8235,414,195,424,219,7397,47.10144927536232,31.502423263327948,42.85714285714285,5.421301623833269
v4,2024,5,32,LLA,7061,353,281,581,72,6127,79.60339943342777,32.59860788863109,61.78540017590149,8.661299940369707
lstm_t,2024,5,32,LLA,7061,353,154,586,199,6122,43.626062322946176,20.81081081081081,35.78066914498141,8.735837805605247
lineal_t,2024,5,32,LLA,7061,353,191,485,162,6223,54.107648725212464,28.254437869822485,45.73754789272031,7.230172927847346
v4,2024,5,32,LPR,7437,381,288,482,93,6574,75.59055118110236,37.4025974025974,62.77244986922406,6.831065759637188
lstm_t,2024,5,32,LPR,7437,381,121,444,260,6612,31.75853018372704,21.41592920353982,28.961225466730493,6.292517006802721
lineal_t,2024,5,32,LPR,7437,381,190,460,191,6596,49.86876640419948,29.23076923076923,43.6982520699172,6.519274376417234
v4,2024,5,32,MER,7790,388,319,566,69,6836,82.21649484536083,36.045197740113,65.44932293803858,7.64658200486355
lstm_t,2024,5,32,MER,7790,388,126,387,262,7015,32.47422680412371,24.56140350877193,30.508474576271187,5.228316671169954
lineal_t,2024,5,32,MER,7790,388,189,486,199,6916,48.71134020618557,28.0,42.433767400089806,6.565793028911105
v4,2024,5,32,MGH,8220,409,308,751,101,7060,75.30562347188264,29.084041548630783,57.142857142857146,9.61464601203431
lstm_t,2024,5,32,MGH,8220,409,217,455,192,7356,53.0562347188264,32.291666666666664,47.0103986135182,5.825118422737166
lineal_t,2024,5,32,MGH,8220,409,159,380,250,7431,38.87530562347188,29.49907235621521,36.55172413793103,4.864934067340929
v4,2024,5,32,MON,6935,349,242,357,107,6229,69.34097421203438,40.40066777963272,60.65162907268171,5.420589128454297
lstm_t,2024,5,32,MON,6935,349,170,375,179,6211,48.710601719197705,31.192660550458715,43.791859866048426,5.693896143334346
lineal_t,2024,5,32,MON,6935,349,176,343,173,6243,50.429799426934096,33.91136801541426,45.95300261096606,5.208017005769815
v4,2024,5,32,MPA,5562,274,182,409,92,4879,66.42335766423358,30.795262267343485,53.94190871369295,7.734493192133131
lstm_t,2024,5,32,MPA,5562,274,177,486,97,4802,64.5985401459854,26.69683257918552,50.31267765776009,9.190620272314677
lineal_t,2024,5,32,MPA,5562,274,147,396,127,4892,53.64963503649635,27.07182320441989,44.8444173276388,7.488653555219365
v4,2024,5,32,NEZ,7120,368,289,538,79,6214,78.53260869565217,34.94558645707376,62.85341452805567,7.968009478672986
lstm_t,2024,5,32,NEZ,7120,368,125,301,243,6451,33.96739130434783,29.34272300469484,32.92939936775553,4.4579383886255926
lineal_t,2024,5,32,NEZ,7120,368,159,253,209,6499,43.20652173913044,38.592233009708735,42.197452229299365,3.7470379146919433
v4,2024,5,32,PED,7722,398,295,457,103,6867,74.12060301507537,39.22872340425532,62.92662116040955,6.239759694156199
lstm_t,2024,5,32,PED,7722,398,159,464,239,6860,39.949748743718594,25.52166934189406,35.89164785553047,6.335335882031677
lineal_t,2024,5,32,PED,7722,398,158,343,240,6981,39.69849246231156,31.53692614770459,37.74486383182035,4.683233205898416
v4,2024,5,32,SAC,6935,365,210,417,155,6153,57.53424657534247,33.49282296650718,50.31145184475324,6.34703196347032
lstm_t,2024,5,32,SAC,6935,365,109,528,256,6042,29.863013698630137,17.111459968602826,25.989508822126847,8.036529680365296
lineal_t,2024,5,32,SAC,6935,365,120,305,245,6265,32.87671232876713,28.235294117647054,31.83023872679045,4.642313546423136
v4,2024,5,32,SAG,6801,335,279,701,56,5765,83.28358208955224,28.46938775510204,60.12931034482759,10.841323847819362
lstm_t,2024,5,32,SAG,6801,335,134,524,201,5942,40.0,20.364741641337385,33.533533533533536,8.103928240024745
lineal_t,2024,5,32,SAG,6801,335,196,320,139,6146,58.507462686567166,37.98449612403101,52.80172413793103,4.948963810702134
v4,2024,5,32,TAH,5692,295,242,419,53,4978,82.03389830508475,36.61119515885023,65.72514937533948,7.763572355012044
lstm_t,2024,5,32,TAH,5692,295,232,333,63,5064,78.64406779661017,41.06194690265487,66.4756446991404,6.170094496942746
lineal_t,2024,5,32,TAH,5692,295,235,263,60,5134,79.66101694915254,47.18875502008032,70.0238379022646,4.87307763572355
v4,2024,5,32,TLA,7055,360,255,441,105,6254,70.83333333333333,36.63793103448276,59.69101123595506,6.587005227781927
lstm_t,2024,5,32,TLA,7055,360,81,387,279,6308,22.5,17.307692307692307,21.22641509433962,5.780433159073936
lineal_t,2024,5,32,TLA,7055,360,128,304,232,6391,35.55555555555556,29.62962962962963,34.18803418803419,4.540702016430172
v4,2024,5,32,TLI,7946,400,321,634,79,6912,80.25,33.61256544502618,62.81800391389432,8.4018022793533
lstm_t,2024,5,32,TLI,7946,400,145,629,255,6917,36.25,18.733850129198967,30.539174389216512,8.335542009011396
lineal_t,2024,5,32,TLI,7946,400,170,440,230,7106,42.5,27.868852459016395,38.46153846153846,5.830903790087463
v4,2024,5,32,UAX,6171,309,205,504,104,5358,66.34304207119742,28.91396332863188,52.69922879177378,8.597748208802457
lstm_t,2024,5,32,UAX,6171,309,128,377,181,5485,41.42394822006472,25.346534653465348,36.760482481332566,6.431252132378028
lineal_t,2024,5,32,UAX,6171,309,119,364,190,5498,38.51132686084142,24.63768115942029,34.61314717859221,6.209484817468441
v4,2024,5,32,UIZ,7636,390,285,341,105,6905,73.07692307692308,45.52715654952077,65.1875571820677,4.706044714325145
lstm_t,2024,5,32,UIZ,7636,390,142,311,248,6935,36.41025641025641,31.346578366445915,35.270740188772976,4.292023185205631
lineal_t,2024,5,32,UIZ,7636,390,146,236,244,7010,37.43589743589744,38.21989528795812,37.59011328527291,3.256969362406845
v4,2024,5,32,VIF,6918,354,287,642,67,5922,81.07344632768361,30.893433799784717,61.19402985074627,9.780621572212066
lstm_t,2024,5,32,VIF,6918,354,117,665,237,5899,33.05084745762712,14.9616368286445,26.61510464058235,10.131017672151128
lineal_t,2024,5,32,VIF,6918,354,166,373,188,6191,46.89265536723164,30.79777365491651,42.45524296675192,5.682510664229128
v4,2024,6,64,AJM,8051,405,382,614,23,7032,94.320987654321,38.35341365461847,73.01223241590215,8.030342662830238
lstm_t,2024,6,64,AJM,8051,405,227,458,178,7188,56.04938271604938,33.13868613138686,49.240780911062906,5.990060162176301
lineal_t,2024,6,64,AJM,8051,405,235,192,170,7454,58.02469135802469,55.03512880562061,57.40107474352711,2.5111169238817683
v4,2024,6,64,AJU,8204,407,404,932,3,6865,99.26289926289928,30.239520958083837,68.15114709851552,11.953315377709377
lstm_t,2024,6,64,AJU,8204,407,400,919,7,6878,98.28009828009829,30.32600454890068,67.8656260604004,11.786584583814289
lineal_t,2024,6,64,AJU,8204,407,365,821,42,6976,89.68058968058968,30.775716694772346,64.85429992892679,10.52969090675901
v4,2024,6,64,ATI,6858,349,348,1012,1,5497,99.7134670487106,25.58823529411765,63.13497822931785,15.547703180212014
lstm_t,2024,6,64,ATI,6858,349,333,748,16,5761,95.41547277936962,30.804810360777054,67.21840936616876,11.491780611461056
lineal_t,2024,6,64,ATI,6858,349,328,531,21,5978,93.98280802292264,38.18393480791618,72.72727272727273,8.157935166692273
v4,2024,6,64,BJU,6361,326,316,806,10,5229,96.93251533742333,28.163992869875223,65.12778235779061,13.35542667771334
lstm_t,2024,6,64,BJU,6361,326,302,550,24,5485,92.63803680981596,35.44600938967136,70.03710575139146,9.11350455675228
lineal_t,2024,6,64,BJU,6361,326,304,421,22,5614,93.25153374233128,41.93103448275862,74.91375061606703,6.975973487986744
v4,2024,6,64,CAM,6406,317,308,679,9,5410,97.1608832807571,31.20567375886525,68.29268292682927,11.151256363934964
lstm_t,2024,6,64,CAM,6406,317,251,434,66,5655,79.17981072555204,36.64233576642336,64.26011264720943,7.127607160453277
lineal_t,2024,6,64,CAM,6406,317,293,348,24,5741,92.42902208201892,45.70982839313572,76.74174960712415,5.715224174741337
v4,2024,6,64,CCA,8166,410,397,836,13,6920,96.82926829268293,32.197891321978915,69.09154194222067,10.778751933986593
lstm_t,2024,6,64,CCA,8166,410,308,1029,102,6727,75.1219512195122,23.03664921465969,51.72992945918711,13.267148014440432
lineal_t,2024,6,64,CCA,8166,410,371,370,39,7386,90.48780487804878,50.067476383265856,77.90844183116337,4.770500257864879
v4,2024,6,64,CHO,5201,264,261,730,3,4207,98.86363636363636,26.337033299697275,63.75183194919394,14.7863074741746
lstm_t,2024,6,64,CHO,5201,264,255,694,9,4243,96.5909090909091,26.870389884088517,63.591022443890274,14.057119708324894
lineal_t,2024,6,64,CHO,5201,264,243,608,21,4329,92.04545454545456,28.554641598119854,63.71263765076036,12.315171156572818
v4,2024,6,64,CUA,7673,380,363,850,17,6443,95.52631578947368,29.92580379225062,66.41053787047201,11.655011655011656
lstm_t,2024,6,64,CUA,7673,380,353,498,27,6795,92.89473684210526,41.48061104582844,74.44116406579502,6.828465651995064
lineal_t,2024,6,64,CUA,7673,380,275,364,105,6929,72.36842105263158,43.03599374021909,63.686892079666514,4.991087344028521
v4,2024,6,64,CUT,7223,366,363,785,3,6072,99.18032786885246,31.62020905923345,69.48698315467075,11.448155169899373
lstm_t,2024,6,64,CUT,7223,366,332,820,34,6037,90.7103825136612,28.819444444444443,63.45565749235474,11.958582470468135
lineal_t,2024,6,64,CUT,7223,366,339,544,27,6313,92.62295081967213,38.39184597961495,72.21985513421389,7.93349861455447
v4,2024,6,64,FAC,7560,373,371,506,2,6681,99.46380697050938,42.30330672748005,78.30308146897426,7.040489773201614
lstm_t,2024,6,64,FAC,7560,373,329,390,44,6797,88.20375335120643,45.75799721835883,74.40072365445499,5.426464449700849
lineal_t,2024,6,64,FAC,7560,373,346,277,27,6910,92.76139410187668,55.53772070626003,81.7966903073286,3.854181160428552
v4,2024,6,64,FAR,6324,336,333,846,3,5142,99.10714285714286,28.244274809160306,65.99286563614744,14.128256513026052
lstm_t,2024,6,64,FAR,6324,336,312,543,24,5445,92.85714285714286,36.49122807017544,70.94133697135061,9.06813627254509
lineal_t,2024,6,64,FAR,6324,336,328,698,8,5290,97.61904761904762,31.968810916179336,69.19831223628692,11.656646626586506
v4,2024,6,64,GAM,5250,260,256,709,4,4281,98.46153846153848,26.528497409326423,63.84039900249377,14.208416833667334
lstm_t,2024,6,64,GAM,5250,260,227,526,33,4464,87.3076923076923,30.1460823373174,63.30172894590073,10.541082164328657
lineal_t,2024,6,64,GAM,5250,260,235,411,25,4579,90.3846153846154,36.37770897832817,69.69157769869514,8.236472945891784
v4,2024,6,64,INN,6725,350,350,767,0,5608,100.0,31.33393017009848,69.52721493841875,12.031372549019608
lstm_t,2024,6,64,INN,6725,350,350,719,0,5656,100.0,32.74087932647334,70.87889833940866,11.27843137254902
lineal_t,2024,6,64,INN,6725,350,349,895,1,5480,99.71428571428572,28.05466237942122,65.99848714069591,14.03921568627451
v4,2024,6,64,IZT,8235,414,406,834,8,6987,98.06763285024157,32.74193548387097,70.09668508287292,10.663598005370158
lstm_t,2024,6,64,IZT,8235,414,368,593,46,7228,88.88888888888889,38.293444328824144,70.30951471150172,7.582150620125303
lineal_t,2024,6,64,IZT,8235,414,390,467,24,7354,94.20289855072464,45.5075845974329,77.59649820931158,5.9711034394578695
v4,2024,6,64,LLA,7061,353,352,778,1,5930,99.71671388101984,31.150442477876105,69.23682140047207,11.59809183064997
lstm_t,2024,6,64,LLA,7061,353,339,682,14,6026,96.03399433427762,33.202742409402546,69.66707768187423,10.166964818127608
lineal_t,2024,6,64,LLA,7061,353,336,528,17,6180,95.1841359773371,38.888888888888886,73.81370826010544,7.8711985688729875
v4,2024,6,64,LPR,7437,381,379,697,2,6359,99.4750656167979,35.22304832713755,72.88461538461539,9.8781179138322
lstm_t,2024,6,64,LPR,7437,381,353,587,28,6469,92.6509186351706,37.5531914893617,71.63149350649351,8.319160997732427
lineal_t,2024,6,64,LPR,7437,381,367,546,14,6510,96.3254593175853,40.197152245345016,75.29749692244563,7.738095238095238
v4,2024,6,64,MER,7790,388,382,839,6,6563,98.45360824742268,31.28583128583129,68.87847097006852,11.33477438530127
lstm_t,2024,6,64,MER,7790,388,328,470,60,6932,84.5360824742268,41.10275689223057,69.7872340425532,6.349635233720616
lineal_t,2024,6,64,MER,7790,388,366,498,22,6904,94.3298969072165,42.36111111111112,75.74503311258277,6.727911375303972
v4,2024,6,64,MGH,8220,409,399,963,10,6848,97.55501222493888,29.295154185022028,66.54436290860573,12.32876712328767
lstm_t,2024,6,64,MGH,8220,409,374,515,35,7296,91.44254278728606,42.069741282339706,74.05940594059406,6.593265907054154
lineal_t,2024,6,64,MGH,8220,409,374,395,35,7416,91.44254278728606,48.634590377113135,77.75467775467776,5.056970938420177
v4,2024,6,64,MON,6935,349,348,514,1,6072,99.7134670487106,40.37122969837587,77.0593445527015,7.804433647130276
lstm_t,2024,6,64,MON,6935,349,334,421,15,6165,95.70200573065902,44.23841059602649,77.63830776383078,6.392347403583359
lineal_t,2024,6,64,MON,6935,349,329,371,20,6215,94.26934097421204,47.0,78.48282442748092,5.633161251138779
v4,2024,6,64,MPA,5562,274,273,503,1,4785,99.63503649635037,35.18041237113402,72.91666666666667,9.512102874432678
lstm_t,2024,6,64,MPA,5562,274,266,500,8,4788,97.08029197080292,34.72584856396867,71.42857142857143,9.4553706505295
lineal_t,2024,6,64,MPA,5562,274,226,376,48,4912,82.48175182481752,37.541528239202655,66.54888103651355,7.110438729198185
v4,2024,6,64,NEZ,7120,368,366,728,2,6024,99.45652173913044,33.45521023765996,71.31722525331254,10.781990521327014
lstm_t,2024,6,64,NEZ,7120,368,323,347,45,6405,87.77173913043478,48.208955223880594,75.39682539682539,5.139218009478673
lineal_t,2024,6,64,NEZ,7120,368,335,267,33,6485,91.03260869565216,55.64784053156146,80.76181292189007,3.954383886255924
v4,2024,6,64,PED,7722,398,388,706,10,6618,97.48743718592964,35.46617915904936,72.22635889798957,9.639541234298198
lstm_t,2024,6,64,PED,7722,398,334,522,64,6802,83.91959798994975,39.018691588785046,68.21895424836602,7.127252867285637
lineal_t,2024,6,64,PED,7722,398,338,368,60,6956,84.92462311557789,47.875354107648725,73.54221061792863,5.024576734025123
v4,2024,6,64,SAC,6935,365,357,590,8,5980,97.8082191780822,37.69799366420275,74.1587037806398,8.980213089802131
lstm_t,2024,6,64,SAC,6935,365,294,579,71,5991,80.54794520547945,33.67697594501718,63.00900128589799,8.812785388127853
lineal_t,2024,6,64,SAC,6935,365,291,302,74,6268,79.72602739726027,49.07251264755481,70.87189478811496,4.596651445966515
v4,2024,6,64,SAG,6801,335,333,867,2,5599,99.40298507462688,27.75,65.55118110236221,13.408598824621096
lstm_t,2024,6,64,SAG,6801,335,321,615,14,5851,95.82089552238806,34.2948717948718,70.51845342706503,9.511289823693163
lineal_t,2024,6,64,SAG,6801,335,319,390,16,6076,95.22388059701493,44.99294781382228,77.84285017081503,6.031549644293226
v4,2024,6,64,TAH,5692,295,295,560,0,4837,100.0,34.50292397660819,72.48157248157248,10.376134889753567
lstm_t,2024,6,64,TAH,5692,295,291,371,4,5026,98.64406779661016,43.957703927492446,78.99022801302931,6.874189364461738
lineal_t,2024,6,64,TAH,5692,295,285,318,10,5079,96.61016949152544,47.2636815920398,79.92148065058889,5.892162312395776
v4,2024,6,64,TLA,7055,360,355,623,5,6072,98.61111111111111,36.29856850715746,73.40777502067824,9.305451829723674
lstm_t,2024,6,64,TLA,7055,360,308,463,52,6232,85.55555555555556,39.94811932555123,69.65174129353234,6.915608663181478
lineal_t,2024,6,64,TLA,7055,360,333,344,27,6351,92.5,49.18759231905465,78.64903164855929,5.1381628080657205
v4,2024,6,64,TLI,7946,400,399,821,1,6725,99.75,32.704918032786885,70.74468085106383,10.879936390140472
lstm_t,2024,6,64,TLI,7946,400,391,689,9,6857,97.75,36.2037037037037,72.94776119402985,9.130665253114232
lineal_t,2024,6,64,TLI,7946,400,386,465,14,7081,96.5,45.35840188014101,78.74337005303957,6.162205141796979
v4,2024,6,64,UAX,6171,309,302,659,7,5203,97.73462783171522,31.42559833506764,68.73008648156578,11.241896963493687
lstm_t,2024,6,64,UAX,6171,309,288,406,21,5456,93.20388349514565,41.4985590778098,74.61139896373057,6.925963834868646
lineal_t,2024,6,64,UAX,6171,309,269,391,40,5471,87.05501618122977,40.75757575757576,70.93881856540085,6.670078471511429
v4,2024,6,64,UIZ,7636,390,384,527,6,6719,98.46153846153848,42.15148188803513,77.70133549170376,7.272978194866133
lstm_t,2024,6,64,UIZ,7636,390,359,350,31,6896,92.05128205128206,50.63469675599436,79.10973997355663,4.830251173060999
lineal_t,2024,6,64,UIZ,7636,390,354,272,36,6974,90.76923076923076,56.54952076677316,80.96980786825252,3.753795197350262
v4,2024,6,64,VIF,6918,354,351,828,3,5736,99.15254237288136,29.77099236641221,67.6300578034682,12.614259597806216
lstm_t,2024,6,64,VIF,6918,354,343,755,11,5809,96.89265536723164,31.23861566484517,68.21797931583134,11.502132845825717
lineal_t,2024,6,64,VIF,6918,354,341,428,13,6136,96.3276836158192,44.34330299089727,78.03203661327231,6.52041438147471
v4,2024,7,128,AJM,8051,405,405,1005,0,6641,100.0,28.72340425531915,66.83168316831683,13.14412764844363
lstm_t,2024,7,128,AJM,8051,405,403,797,2,6849,99.50617283950618,33.583333333333336,71.45390070921985,10.423750980905048
lineal_t,2024,7,128,AJM,8051,405,370,465,35,7181,91.35802469135804,44.31137724550898,75.35641547861508,6.081611300026157
v4,2024,7,128,AJU,8204,407,407,1465,0,6332,100.0,21.74145299145299,58.142857142857146,18.789277927407976
lstm_t,2024,7,128,AJU,8204,407,407,1437,0,6360,100.0,22.071583514099785,58.61175115207373,18.430165448249326
lineal_t,2024,7,128,AJU,8204,407,403,1272,4,6525,99.01719901719902,24.059701492537314,61.00514683620951,16.313966910350135
v4,2024,7,128,ATI,6858,349,349,1633,0,4876,100.0,17.60847628657921,51.65778567199526,25.08833922261484
lstm_t,2024,7,128,ATI,6858,349,349,1432,0,5077,100.0,19.595732734418867,54.92603084671073,22.00030726686127
lineal_t,2024,7,128,ATI,6858,349,348,1079,1,5430,99.7134670487106,24.386825508058863,61.6365568544102,16.577047165463206
v4,2024,7,128,BJU,6361,326,324,1218,2,4817,99.38650306748468,21.011673151750973,56.921995783555865,20.182270091135045
lstm_t,2024,7,128,BJU,6361,326,325,1041,1,4994,99.69325153374233,23.79209370424597,60.86142322097378,17.249378624689314
lineal_t,2024,7,128,BJU,6361,326,324,847,2,5188,99.38650306748468,27.66865926558497,65.45454545454545,14.034797017398509
v4,2024,7,128,CAM,6406,317,317,1038,0,5051,100.0,23.39483394833948,60.42699199390012,17.047134176383643
lstm_t,2024,7,128,CAM,6406,317,317,769,0,5320,100.0,29.189686924493557,67.3322005097706,12.629331581540482
lineal_t,2024,7,128,CAM,6406,317,316,582,1,5507,99.6845425867508,35.18930957683742,72.94552169898431,9.558219740515684
v4,2024,7,128,CCA,8166,410,410,1196,0,6560,100.0,25.529265255292653,63.15465187923599,15.420319752449716
lstm_t,2024,7,128,CCA,8166,410,410,1623,0,6133,100.0,20.16724053123463,55.8126871766948,20.92573491490459
lineal_t,2024,7,128,CCA,8166,410,409,717,1,7039,99.7560975609756,36.323268206039074,73.93347794649313,9.244455905105724
v4,2024,7,128,CHO,5201,264,264,1216,0,3721,100.0,17.83783783783784,52.05047318611987,24.63034231314564
lstm_t,2024,7,128,CHO,5201,264,264,1177,0,3760,100.0,18.3206106870229,52.863436123348016,23.840388900141782
lineal_t,2024,7,128,CHO,5201,264,261,997,3,3940,98.86363636363636,20.74721780604133,56.395851339671566,20.194450070893254
v4,2024,7,128,CUA,7673,380,380,1285,0,6008,100.0,22.822822822822825,59.65463108320251,17.61963526669409
lstm_t,2024,7,128,CUA,7673,380,380,920,0,6373,100.0,29.23076923076923,67.37588652482269,12.614836144247908
lineal_t,2024,7,128,CUA,7673,380,366,715,14,6578,96.3157894736842,33.85753931544866,70.35755478662053,9.803921568627452
v4,2024,7,128,CUT,7223,366,366,1404,0,5453,100.0,20.67796610169492,56.58627087198516,20.475426571386905
lstm_t,2024,7,128,CUT,7223,366,366,1459,0,5398,100.0,20.054794520547944,55.640012161751294,21.277526615137816
lineal_t,2024,7,128,CUT,7223,366,366,1081,0,5776,100.0,25.293711126468555,62.86499484713157,15.764911768995187
v4,2024,7,128,FAC,7560,373,373,1079,0,6108,100.0,25.68870523415978,63.349184782608695,15.013218310839015
lstm_t,2024,7,128,FAC,7560,373,373,827,0,6360,100.0,31.08333333333333,69.27934621099554,11.506887435647696
lineal_t,2024,7,128,FAC,7560,373,373,674,0,6513,100.0,35.62559694364852,73.45411579361954,9.378043689995826
v4,2024,7,128,FAR,6324,336,336,1421,0,4567,100.0,19.12350597609562,54.17607223476298,23.73079492317969
lstm_t,2024,7,128,FAR,6324,336,336,1097,0,4891,100.0,23.447313328681087,60.49693914296003,18.31997327989312
lineal_t,2024,7,128,FAR,6324,336,336,1224,0,4764,100.0,21.53846153846154,57.85123966942149,20.440881763527056
v4,2024,7,128,GAM,5250,260,260,1083,0,3907,100.0,19.3596425912137,54.55308434746118,21.703406813627254
lstm_t,2024,7,128,GAM,5250,260,259,939,1,4051,99.6153846153846,21.619365609348915,57.86416443252904,18.81763527054108
lineal_t,2024,7,128,GAM,5250,260,256,749,4,4241,98.46153846153848,25.4726368159204,62.59168704156479,15.01002004008016
v4,2024,7,128,INN,6725,350,350,1327,0,5048,100.0,20.870602265951103,56.87357816054599,20.815686274509805
lstm_t,2024,7,128,INN,6725,350,350,1237,0,5138,100.0,22.05419029615627,58.58721124874456,19.40392156862745
lineal_t,2024,7,128,INN,6725,350,350,1479,0,4896,100.0,19.136139967195188,54.19634561783834,23.2
v4,2024,7,128,IZT,8235,414,414,1193,0,6628,100.0,25.762289981331676,63.43855347839411,15.2538038613988
lstm_t,2024,7,128,IZT,8235,414,414,991,0,6830,100.0,29.466192170818506,67.624959163672,12.671013936836722
lineal_t,2024,7,128,IZT,8235,414,414,857,0,6964,100.0,32.57277734067663,70.72087461564742,10.957678046285642
v4,2024,7,128,LLA,7061,353,353,1405,0,5303,100.0,20.07963594994312,55.678233438485805,20.945140131186644
lstm_t,2024,7,128,LLA,7061,353,353,1358,0,5350,100.0,20.631209818819404,56.516170349023376,20.24448419797257
lineal_t,2024,7,128,LLA,7061,353,353,1017,0,5691,100.0,25.766423357664237,63.44356578001438,15.161001788908766
v4,2024,7,128,LPR,7437,381,381,1324,0,5732,100.0,22.34604105571848,58.996593372561165,18.764172335600907
lstm_t,2024,7,128,LPR,7437,381,381,1307,0,5749,100.0,22.57109004739337,59.308841843088416,18.52324263038549
lineal_t,2024,7,128,LPR,7437,381,381,1098,0,5958,100.0,25.760649087221097,63.43656343656344,15.56122448979592
v4,2024,7,128,MER,7790,388,388,1255,0,6147,100.0,23.61533779671333,60.719874804381845,16.954877060253985
lstm_t,2024,7,128,MER,7790,388,388,926,0,6476,100.0,29.52815829528158,67.69016050244242,12.510132396649556
lineal_t,2024,7,128,MER,7790,388,387,995,1,6407,99.74226804123712,28.00289435600579,65.95092024539878,13.44231288840854
v4,2024,7,128,MGH,8220,409,409,1465,0,6346,100.0,21.82497331910352,58.26210826210826,18.75560107540648
lstm_t,2024,7,128,MGH,8220,409,409,1009,0,6802,100.0,28.843441466854724,66.96136214800262,12.917680194597365
lineal_t,2024,7,128,MGH,8220,409,408,761,1,7050,99.75550122249388,34.901625320787,72.72727272727273,9.742670592753807
v4,2024,7,128,MON,6935,349,349,1033,0,5553,100.0,25.253256150506516,62.81497480201584,15.684785909505012
lstm_t,2024,7,128,MON,6935,349,349,1021,0,5565,100.0,25.474452554744527,63.08749096167751,15.502581232918311
lineal_t,2024,7,128,MON,6935,349,349,922,0,5664,100.0,27.45869394177813,65.42932133483315,13.999392651078043
v4,2024,7,128,MPA,5562,274,274,928,0,4360,100.0,22.79534109816972,59.617058311575285,17.549167927382754
lstm_t,2024,7,128,MPA,5562,274,274,935,0,4353,100.0,22.663358147229115,59.43600867678959,17.681543116490168
lineal_t,2024,7,128,MPA,5562,274,265,760,9,4528,96.71532846715328,25.853658536585368,62.47053276756247,14.37216338880484
v4,2024,7,128,NEZ,7120,368,368,1341,0,5411,100.0,21.53306026916325,57.84344545740333,19.86078199052133
lstm_t,2024,7,128,NEZ,7120,368,368,973,0,5779,100.0,27.44220730797912,65.41059367223605,14.410545023696685
lineal_t,2024,7,128,NEZ,7120,368,366,736,2,6016,99.45652173913044,33.21234119782214,71.0955710955711,10.90047393364929
v4,2024,7,128,PED,7722,398,398,1066,0,6258,100.0,27.18579234972677,65.11780104712042,14.554888039322774
lstm_t,2024,7,128,PED,7722,398,398,952,0,6372,100.0,29.48148148148148,67.64106050305914,12.998361551064992
lineal_t,2024,7,128,PED,7722,398,397,684,1,6640,99.74874371859296,36.72525439407956,74.26112981668537,9.339158929546697
v4,2024,7,128,SAC,6935,365,365,969,0,5601,100.0,27.361319340329835,65.31853972798855,14.748858447488583
lstm_t,2024,7,128,SAC,6935,365,365,1098,0,5472,100.0,24.948735475051265,62.43585357509408,16.71232876712329
lineal_t,2024,7,128,SAC,6935,365,356,722,9,5848,97.53424657534246,33.024118738404454,70.13396375098503,10.989345509893456
v4,2024,7,128,SAG,6801,335,335,1496,0,4970,100.0,18.29601310759148,52.82245348470514,23.13640581503248
lstm_t,2024,7,128,SAG,6801,335,335,1240,0,5226,100.0,21.26984126984127,57.46140651801029,19.17723476647077
lineal_t,2024,7,128,SAG,6801,335,335,946,0,5520,100.0,26.15144418423107,63.90690576115986,14.630374265388184
v4,2024,7,128,TAH,5692,295,295,1066,0,4331,100.0,21.675238795003672,58.04801259346714,19.75171391513804
lstm_t,2024,7,128,TAH,5692,295,295,904,0,4493,100.0,24.603836530442035,62.00084068936528,16.75004632203076
lineal_t,2024,7,128,TAH,5692,295,294,803,1,4594,99.66101694915254,26.800364630811305,64.55862977602108,14.87863627941449
v4,2024,7,128,TLA,7055,360,360,866,0,5829,100.0,29.36378466557912,67.51687921980495,12.935026138909636
lstm_t,2024,7,128,TLA,7055,360,360,847,0,5848,100.0,29.82601491300745,68.0015111446921,12.651232262882749
lineal_t,2024,7,128,TLA,7055,360,360,730,0,5965,100.0,33.027522935779814,71.14624505928853,10.903659447348767
v4,2024,7,128,TLI,7946,400,400,1555,0,5991,100.0,20.460358056265985,56.258790436005626,20.606944076331832
lstm_t,2024,7,128,TLI,7946,400,400,1447,0,6099,100.0,21.65674066053059,58.02146794313896,19.17572223694673
lineal_t,2024,7,128,TLI,7946,400,400,1010,0,6536,100.0,28.368794326241133,66.44518272425249,13.384574609064405
v4,2024,7,128,UAX,6171,309,309,879,0,4983,100.0,26.01010101010101,63.73762376237624,14.994882292732855
lstm_t,2024,7,128,UAX,6171,309,309,686,0,5176,100.0,31.055276381909547,69.25145674585387,11.702490617536675
lineal_t,2024,7,128,UAX,6171,309,306,674,3,5188,99.02912621359224,31.22448979591837,69.04332129963899,11.497782326850905
v4,2024,7,128,UIZ,7636,390,390,934,0,6312,100.0,29.45619335347432,67.61442441054092,12.889870273254209
lstm_t,2024,7,128,UIZ,7636,390,390,798,0,6448,100.0,32.82828282828283,70.96069868995633,11.012972674579078
lineal_t,2024,7,128,UIZ,7636,390,388,637,2,6609,99.48717948717947,37.85365853658536,75.04835589941973,8.791057134971018
v4,2024,7,128,VIF,6918,354,354,1425,0,5139,100.0,19.898819561551434,55.39906103286385,21.709323583180986
lstm_t,2024,7,128,VIF,6918,354,354,1444,0,5120,100.0,19.688542825361512,55.07156191661481,21.99878123095673
lineal_t,2024,7,128,VIF,6918,354,354,1048,0,5516,100.0,25.249643366619114,62.810503903477645,15.965874466788543
v4,2025,0,1,ACO,5710,261,37,531,224,4918,14.17624521072797,6.514084507042254,11.476426799007443,9.744907322444485
lstm_t,2025,0,1,ACO,5710,261,29,554,232,4895,11.11111111111111,4.974271012006861,8.912108174554394,10.167003119838505
lineal_t,2025,0,1,ACO,5710,261,16,376,245,5073,6.130268199233717,4.081632653061225,5.571030640668524,6.90034868783263
v4,2025,0,1,AJM,7765,372,16,377,356,7016,4.301075268817204,4.071246819338422,4.253056884635832,5.099418368727174
lstm_t,2025,0,1,AJM,7765,372,14,272,358,7121,3.763440860215054,4.895104895104895,3.9458850056369785,3.679155958338969
lineal_t,2025,0,1,AJM,7765,372,21,358,351,7035,5.645161290322581,5.54089709762533,5.623995715050884,4.842418503990261
v4,2025,0,1,AJU,2422,98,3,96,95,2228,3.061224489795918,3.0303030303030303,3.054989816700611,4.130808950086059
lstm_t,2025,0,1,AJU,2422,98,3,96,95,2228,3.061224489795918,3.0303030303030303,3.054989816700611,4.130808950086059
lineal_t,2025,0,1,AJU,2422,98,1,92,97,2232,1.020408163265306,1.075268817204301,1.0309278350515465,3.95869191049914
v4,2025,0,1,ATI,7585,359,28,589,331,6637,7.799442896935933,4.538087520259319,6.819288845591817,8.151120952117354
lstm_t,2025,0,1,ATI,7585,359,25,630,334,6596,6.963788300835654,3.816793893129771,5.978000956480153,8.718516468308884
lineal_t,2025,0,1,ATI,7585,359,25,523,334,6703,6.963788300835654,4.562043795620438,6.300403225806452,7.23775256019928
v4,2025,0,1,BJU,4804,226,13,426,213,4152,5.752212389380531,2.9612756264236904,4.839910647803425,9.305373525557012
lstm_t,2025,0,1,BJU,4804,226,21,518,205,4060,9.29203539823009,3.896103896103896,7.276507276507276,11.314984709480122
lineal_t,2025,0,1,BJU,4804,226,16,435,210,4143,7.079646017699115,3.547671840354768,5.904059040590406,9.501965923984272
v4,2025,0,1,CAM,7923,373,23,557,350,6993,6.166219839142091,3.9655172413793114,5.55019305019305,7.377483443708609
lstm_t,2025,0,1,CAM,7923,373,30,663,343,6887,8.04289544235925,4.329004329004329,6.864988558352403,8.781456953642385
lineal_t,2025,0,1,CAM,7923,373,20,473,353,7077,5.361930294906166,4.056795131845842,5.037783375314861,6.264900662251655
v4,2025,0,1,CCA,8491,400,22,559,378,7532,5.5,3.786574870912221,5.0435580009170105,6.908911135829935
lstm_t,2025,0,1,CCA,8491,400,38,624,362,7467,9.5,5.740181268882175,8.399646330680813,7.71227289581016
lineal_t,2025,0,1,CCA,8491,400,18,500,382,7591,4.5,3.474903474903475,4.2492917847025495,6.17970584600173
v4,2025,0,1,CHO,3008,130,12,297,118,2581,9.23076923076923,3.883495145631068,7.237635705669481,10.319666435024322
lstm_t,2025,0,1,CHO,3008,130,10,291,120,2587,7.6923076923076925,3.3222591362126246,6.090133982947624,10.111188325225852
lineal_t,2025,0,1,CHO,3008,130,12,284,118,2594,9.23076923076923,4.054054054054054,7.352941176470588,9.8679638637943
v4,2025,0,1,CUA,4361,204,12,296,192,3861,5.882352941176471,3.896103896103896,5.338078291814947,7.120519605484724
lstm_t,2025,0,1,CUA,4361,204,11,284,193,3873,5.392156862745098,3.7288135593220337,4.950495049504951,6.831849891748857
lineal_t,2025,0,1,CUA,4361,204,14,264,190,3893,6.862745098039215,5.035971223021583,6.39853747714808,6.350733702189078
v4,2025,0,1,CUT,8094,392,31,571,361,7131,7.908163265306122,5.149501661129568,7.142857142857143,7.413658789924695
lstm_t,2025,0,1,CUT,8094,392,39,679,353,7023,9.948979591836734,5.43175487465181,8.530183727034121,8.815891976110102
lineal_t,2025,0,1,CUT,8094,392,20,486,372,7216,5.1020408163265305,3.952569169960474,4.821600771456123,6.310049337834329
v4,2025,0,1,FAC,7567,351,21,462,330,6754,5.982905982905983,4.3478260869565215,5.5643879173290935,6.402439024390244
lstm_t,2025,0,1,FAC,7567,351,20,438,331,6778,5.698005698005698,4.366812227074236,5.370569280343717,6.069844789356985
lineal_t,2025,0,1,FAC,7567,351,22,445,329,6771,6.267806267806268,4.710920770877944,5.879208979155532,6.166851441241685
v4,2025,0,1,FAR,6210,277,25,549,252,5384,9.025270758122744,4.355400696864112,7.431629013079667,9.253328838698804
lstm_t,2025,0,1,FAR,6210,277,24,583,253,5350,8.664259927797834,3.9538714991762767,6.997084548104956,9.8263947412776
lineal_t,2025,0,1,FAR,6210,277,24,563,253,5370,8.664259927797834,4.088586030664395,7.079646017699115,9.489297151525369
v4,2025,0,1,GAM,6420,303,16,493,287,5624,5.2805280528052805,3.143418467583497,4.648460197559558,8.059506293934936
lstm_t,2025,0,1,GAM,6420,303,16,483,287,5634,5.2805280528052805,3.2064128256513027,4.67562828755114,7.896027464443355
lineal_t,2025,0,1,GAM,6420,303,18,419,285,5698,5.9405940594059405,4.118993135011442,5.45785324439054,6.849762955697237
v4,2025,0,1,INN,7606,357,29,726,328,6523,8.123249299719888,3.841059602649007,6.642235455794778,10.015174506828528
lstm_t,2025,0,1,INN,7606,357,30,741,327,6508,8.403361344537815,3.891050583657588,6.8212824010914055,10.22209959994482
lineal_t,2025,0,1,INN,7606,357,38,866,319,6383,10.644257703081232,4.20353982300885,8.147512864493997,11.94647537591392
v4,2025,0,1,IZT,4662,212,8,242,204,4208,3.7735849056603774,3.2,3.6429872495446265,5.438202247191011
lstm_t,2025,0,1,IZT,4662,212,11,284,201,4166,5.188679245283019,3.7288135593220337,4.811898512685914,6.382022471910112
lineal_t,2025,0,1,IZT,4662,212,13,302,199,4148,6.132075471698113,4.126984126984127,5.588993981083405,6.786516853932584
v4,2025,0,1,LLA,7799,371,26,525,345,6903,7.008086253369272,4.718693284936479,6.388206388206388,7.0678513731825525
lstm_t,2025,0,1,LLA,7799,371,28,530,343,6898,7.547169811320755,5.017921146953405,6.856023506366308,7.135164243403339
lineal_t,2025,0,1,LLA,7799,371,19,433,352,6995,5.121293800539084,4.20353982300885,4.9070247933884295,5.829294561120086
v4,2025,0,1,LPR,7764,366,22,453,344,6945,6.0109289617486334,4.631578947368421,5.673027333677153,6.123276561232766
lstm_t,2025,0,1,LPR,7764,366,29,425,337,6973,7.923497267759563,6.387665198237886,7.559958289885297,5.744795890781292
lineal_t,2025,0,1,LPR,7764,366,20,451,346,6947,5.46448087431694,4.246284501061571,5.167958656330749,6.096242227629089
v4,2025,0,1,MER,7373,339,21,579,318,6455,6.1946902654867255,3.5,5.368098159509202,8.231447256184248
lstm_t,2025,0,1,MER,7373,339,23,613,316,6421,6.784660766961652,3.6163522012578615,5.773092369477912,8.714813761728745
lineal_t,2025,0,1,MER,7373,339,27,575,312,6459,7.964601769911504,4.485049833887043,6.894790602655771,8.17458060847313
v4,2025,0,1,MGH,7918,361,22,603,339,6954,6.094182825484765,3.52,5.316578057032383,7.9793568876538306
lstm_t,2025,0,1,MGH,7918,361,20,505,341,7052,5.54016620498615,3.809523809523809,5.078720162519045,6.682545983856028
lineal_t,2025,0,1,MGH,7918,361,18,438,343,7119,4.986149584487535,3.947368421052632,4.7368421052631575,5.795950774116713
v4,2025,0,1,MON,5301,236,16,312,220,4753,6.779661016949152,4.878048780487805,6.289308176100629,6.159921026653504
lstm_t,2025,0,1,MON,5301,236,17,367,219,4698,7.203389830508475,4.427083333333333,6.400602409638554,7.245804540967423
lineal_t,2025,0,1,MON,5301,236,13,342,223,4723,5.508474576271187,3.661971830985916,5.003849114703618,6.752221125370188
v4,2025,0,1,MPA,5728,269,25,516,244,4943,9.293680297397769,4.621072088724584,7.730364873222016,9.452280637479392
lstm_t,2025,0,1,MPA,5728,269,26,561,243,4898,9.66542750929368,4.429301533219761,7.817197835237523,10.276607437259573
lineal_t,2025,0,1,MPA,5728,269,21,456,248,5003,7.806691449814126,4.40251572327044,6.7611075338055375,8.353178237772486
v4,2025,0,1,NEZ,6451,302,22,419,280,5730,7.28476821192053,4.988662131519274,6.670709520921771,6.8141161164416975
lstm_t,2025,0,1,NEZ,6451,302,19,343,283,5806,6.291390728476821,5.248618784530387,6.050955414012739,5.578142787445113
lineal_t,2025,0,1,NEZ,6451,302,18,319,284,5830,5.960264900662252,5.341246290801187,5.825242718446602,5.18783542039356
v4,2025,0,1,PED,8157,388,20,504,368,7265,5.154639175257732,3.816793893129771,4.816955684007708,6.487321405586305
lstm_t,2025,0,1,PED,8157,388,25,520,363,7249,6.443298969072165,4.587155963302752,5.960896518836433,6.693268116874759
lineal_t,2025,0,1,PED,8157,388,21,434,367,7335,5.412371134020619,4.615384615384615,5.23168908819133,5.586304543699318
v4,2025,0,1,SAC,4866,222,10,216,212,4428,4.504504504504505,4.424778761061947,4.488330341113106,4.651162790697675
lstm_t,2025,0,1,SAC,4866,222,7,180,215,4464,3.1531531531531534,3.7433155080213902,3.255813953488372,3.875968992248062
lineal_t,2025,0,1,SAC,4866,222,12,207,210,4437,5.405405405405405,5.47945205479452,5.420054200542006,4.457364341085271
v4,2025,0,1,SAG,7865,367,36,668,331,6830,9.809264305177113,5.113636363636363,8.287292817679559,8.909042411309683
lstm_t,2025,0,1,SAG,7865,367,28,550,339,6948,7.629427792915531,4.844290657439446,6.842619745845552,7.335289410509469
lineal_t,2025,0,1,SAG,7865,367,21,475,346,7023,5.722070844686648,4.233870967741935,5.346232179226069,6.335022672712723
v4,2025,0,1,TAH,5584,242,15,326,227,5016,6.198347107438017,4.39882697947214,5.729564553093965,6.1025833021340326
lstm_t,2025,0,1,TAH,5584,242,15,390,227,4952,6.198347107438017,3.703703703703704,5.462490895848507,7.300636465743167
lineal_t,2025,0,1,TAH,5584,242,12,370,230,4972,4.958677685950414,3.141361256544503,4.444444444444445,6.926244852115313
v4,2025,0,1,TLA,8081,388,16,366,372,7327,4.123711340206185,4.18848167539267,4.136504653567736,4.757571818536332
lstm_t,2025,0,1,TLA,8081,388,15,344,373,7349,3.865979381443299,4.178272980501393,3.924646781789639,4.47159755621994
lineal_t,2025,0,1,TLA,8081,388,19,401,369,7292,4.896907216494846,4.523809523809524,4.817444219066937,5.2125308722215005
v4,2025,0,1,TLI,7666,360,29,619,331,6687,8.055555555555555,4.4753086419753085,6.944444444444445,8.4724883657268
lstm_t,2025,0,1,TLI,7666,360,23,529,337,6777,6.388888888888889,4.166666666666667,5.773092369477912,7.240624144538735
lineal_t,2025,0,1,TLI,7666,360,22,453,338,6853,6.111111111111111,4.631578947368421,5.7441253263707575,6.200383246646592
v4,2025,0,1,UAX,6796,321,20,547,301,5928,6.230529595015576,3.527336860670194,5.4024851431658565,8.447876447876448
lstm_t,2025,0,1,UAX,6796,321,19,557,302,5918,5.919003115264798,3.298611111111111,5.10752688172043,8.602316602316602
lineal_t,2025,0,1,UAX,6796,321,18,502,303,5973,5.607476635514018,3.4615384615384617,4.988913525498892,7.752895752895752
v4,2025,0,1,UIZ,7717,355,25,445,330,6917,7.042253521126761,5.319148936170213,6.613756613756614,6.04455311056778
lstm_t,2025,0,1,UIZ,7717,355,21,469,334,6893,5.915492957746479,4.285714285714286,5.49738219895288,6.37055148057593
lineal_t,2025,0,1,UIZ,7717,355,23,482,332,6880,6.47887323943662,4.554455445544554,5.974025974025974,6.547133930997012
v4,2025,0,1,VIF,7653,368,22,459,346,6826,5.978260869565218,4.573804573804574,5.6323604710701485,6.300617707618394
lstm_t,2025,0,1,VIF,7653,368,25,483,343,6802,6.793478260869565,4.921259842519685,6.313131313131313,6.63006177076184
lineal_t,2025,0,1,VIF,7653,368,22,403,346,6882,5.978260869565218,5.176470588235294,5.7986294148655775,5.531914893617022
v4,2025,1,2,ACO,5710,261,32,531,229,4918,12.260536398467432,5.683836589698046,9.956440572495334,9.744907322444485
lstm_t,2025,1,2,ACO,5710,261,26,556,235,4893,9.96168582375479,4.4673539518900345,7.995079950799508,10.20370710222059
lineal_t,2025,1,2,ACO,5710,261,17,377,244,5072,6.513409961685824,4.314720812182741,5.910987482614742,6.918700679023674
v4,2025,1,2,AJM,7765,372,17,374,355,7019,4.56989247311828,4.3478260869565215,4.523682810005322,5.058839442716083
lstm_t,2025,1,2,AJM,7765,372,13,273,359,7120,3.4946236559139785,4.545454545454546,3.6640360766629088,3.692682267009333
lineal_t,2025,1,2,AJM,7765,372,21,356,351,7037,5.645161290322581,5.570291777188329,5.630026809651475,4.815365886649533
v4,2025,1,2,AJU,2422,98,4,95,94,2229,4.081632653061225,4.040404040404041,4.073319755600815,4.087779690189329
lstm_t,2025,1,2,AJU,2422,98,3,96,95,2228,3.061224489795918,3.0303030303030303,3.054989816700611,4.130808950086059
lineal_t,2025,1,2,AJU,2422,98,1,92,97,2232,1.020408163265306,1.075268817204301,1.0309278350515465,3.95869191049914
v4,2025,1,2,ATI,7585,359,29,587,330,6639,8.07799442896936,4.707792207792208,7.0662768031189085,8.12344312205923
lstm_t,2025,1,2,ATI,7585,359,28,628,331,6598,7.799442896935933,4.2682926829268295,6.692160611854685,8.690838638250762
lineal_t,2025,1,2,ATI,7585,359,28,519,331,6707,7.799442896935933,5.118829981718465,7.060010085728694,7.182396900083034
v4,2025,1,2,BJU,4804,226,18,423,208,4155,7.964601769911504,4.081632653061225,6.691449814126394,9.23984272608126
lstm_t,2025,1,2,BJU,4804,226,25,519,201,4059,11.061946902654867,4.595588235294118,8.632596685082873,11.336828309305371
lineal_t,2025,1,2,BJU,4804,226,17,434,209,4144,7.522123893805309,3.76940133037694,6.273062730627307,9.48012232415902
v4,2025,1,2,CAM,7923,373,25,552,348,6998,6.702412868632708,4.332755632582322,6.041565973900435,7.311258278145695
lstm_t,2025,1,2,CAM,7923,373,32,659,341,6891,8.579088471849866,4.630969609261939,7.329363261566652,8.728476821192054
lineal_t,2025,1,2,CAM,7923,373,22,471,351,7079,5.898123324396783,4.462474645030426,5.541561712846348,6.23841059602649
v4,2025,1,2,CCA,8491,400,26,565,374,7526,6.5,4.399323181049069,5.933363760839799,6.983067605981955
lstm_t,2025,1,2,CCA,8491,400,38,625,362,7466,9.5,5.731523378582202,8.395934600088378,7.724632307502163
lineal_t,2025,1,2,CCA,8491,400,21,501,379,7590,5.25,4.022988505747127,4.948162111215834,6.192065257693733
v4,2025,1,2,CHO,3008,130,14,297,116,2581,10.76923076923077,4.501607717041801,8.42358604091456,10.319666435024322
lstm_t,2025,1,2,CHO,3008,130,14,294,116,2584,10.76923076923077,4.545454545454546,8.454106280193237,10.215427380125089
lineal_t,2025,1,2,CHO,3008,130,14,287,116,2591,10.76923076923077,4.651162790697675,8.526187576126675,9.972202918693537
v4,2025,1,2,CUA,4361,204,11,295,193,3862,5.392156862745098,3.594771241830065,4.901960784313726,7.096463796006736
lstm_t,2025,1,2,CUA,4361,204,11,284,193,3873,5.392156862745098,3.7288135593220337,4.950495049504951,6.831849891748857
lineal_t,2025,1,2,CUA,4361,204,12,262,192,3895,5.882352941176471,4.37956204379562,5.504587155963303,6.302622083233101
v4,2025,1,2,CUT,8094,392,31,569,361,7133,7.908163265306122,5.166666666666667,7.149446494464945,7.38769150869904
lstm_t,2025,1,2,CUT,8094,392,41,673,351,7029,10.459183673469388,5.742296918767507,8.983347940403155,8.737990132433135
lineal_t,2025,1,2,CUT,8094,392,22,482,370,7220,5.612244897959184,4.365079365079365,5.308880308880309,6.258114775383017
v4,2025,1,2,FAC,7567,351,14,462,337,6754,3.988603988603989,2.9411764705882355,3.723404255319149,6.402439024390244
lstm_t,2025,1,2,FAC,7567,351,19,442,332,6774,5.413105413105413,4.121475054229935,5.093833780160858,6.125277161862528
lineal_t,2025,1,2,FAC,7567,351,21,446,330,6770,5.982905982905983,4.496788008565311,5.611972207375735,6.180709534368071
v4,2025,1,2,FAR,6210,277,27,551,250,5382,9.747292418772563,4.671280276816609,8.00711743772242,9.287038597674028
lstm_t,2025,1,2,FAR,6210,277,25,584,252,5349,9.025270758122744,4.105090311986864,7.2801397786837505,9.843249620765212
lineal_t,2025,1,2,FAR,6210,277,28,564,249,5369,10.108303249097473,4.72972972972973,8.235294117647058,9.50615203101298
v4,2025,1,2,GAM,6420,303,17,492,286,5625,5.6105610561056105,3.3398821218074657,4.938988959907031,8.043158410985777
lstm_t,2025,1,2,GAM,6420,303,19,482,284,5635,6.270627062706271,3.7924151696606794,5.545826036193812,7.879679581494196
lineal_t,2025,1,2,GAM,6420,303,16,417,287,5700,5.2805280528052805,3.695150115473441,4.86322188449848,6.817067189798921
v4,2025,1,2,INN,7606,357,34,727,323,6522,9.523809523809524,4.467805519053877,7.766103243490178,10.02896951303628
lstm_t,2025,1,2,INN,7606,357,34,742,323,6507,9.523809523809524,4.381443298969073,7.713248638838476,10.235894606152574
lineal_t,2025,1,2,INN,7606,357,34,867,323,6382,9.523809523809524,3.7735849056603774,7.299270072992701,11.960270382121672
v4,2025,1,2,IZT,4662,212,10,243,202,4207,4.716981132075472,3.952569169960474,4.541326067211626,5.46067415730337
lstm_t,2025,1,2,IZT,4662,212,11,287,201,4163,5.188679245283019,3.6912751677852342,4.799301919720768,6.449438202247191
lineal_t,2025,1,2,IZT,4662,212,14,302,198,4148,6.60377358490566,4.430379746835443,6.013745704467354,6.786516853932584
v4,2025,1,2,LLA,7799,371,25,522,346,6906,6.738544474393531,4.570383912248629,6.154603643525357,7.0274636510500805
lstm_t,2025,1,2,LLA,7799,371,29,527,342,6901,7.816711590296496,5.215827338129497,7.107843137254902,7.094776521270867
lineal_t,2025,1,2,LLA,7799,371,21,431,350,6997,5.660377358490566,4.646017699115045,5.4235537190082646,5.802369413031772
v4,2025,1,2,LPR,7764,366,29,452,337,6946,7.923497267759563,6.029106029106029,7.455012853470437,6.109759394430927
lstm_t,2025,1,2,LPR,7764,366,28,420,338,6978,7.6502732240437155,6.25,7.322175732217573,5.6772100567721
lineal_t,2025,1,2,LPR,7764,366,19,445,347,6953,5.191256830601093,4.094827586206897,4.927385892116183,6.015139226818059
v4,2025,1,2,MER,7373,339,22,583,317,6451,6.489675516224189,3.636363636363636,5.609382967873534,8.288313903895366
lstm_t,2025,1,2,MER,7373,339,23,611,316,6423,6.784660766961652,3.6277602523659302,5.778894472361809,8.686380437873188
lineal_t,2025,1,2,MER,7373,339,30,575,309,6459,8.849557522123893,4.958677685950414,7.649158592554819,8.17458060847313
v4,2025,1,2,MGH,7918,361,25,602,336,6955,6.925207756232687,3.9872408293460926,6.035731530661516,7.966124123329363
lstm_t,2025,1,2,MGH,7918,361,20,504,341,7053,5.54016620498615,3.816793893129771,5.08130081300813,6.66931321953156
lineal_t,2025,1,2,MGH,7918,361,19,443,342,7114,5.2631578947368425,4.112554112554113,4.984260230849948,5.86211459573905
v4,2025,1,2,MON,5301,236,15,310,221,4755,6.3559322033898304,4.615384615384615,5.91016548463357,6.1204343534057255
lstm_t,2025,1,2,MON,5301,236,16,366,220,4699,6.779661016949152,4.18848167539267,6.033182503770739,7.226061204343534
lineal_t,2025,1,2,MON,5301,236,15,343,221,4722,6.3559322033898304,4.189944134078212,5.76036866359447,6.771964461994077
v4,2025,1,2,MPA,5728,269,25,513,244,4946,9.293680297397769,4.646840148698884,7.744733581164808,9.397325517494046
lstm_t,2025,1,2,MPA,5728,269,26,557,243,4902,9.66542750929368,4.459691252144082,7.836045810729355,10.203333943945776
lineal_t,2025,1,2,MPA,5728,269,21,455,248,5004,7.806691449814126,4.411764705882353,6.765463917525773,8.334859864444038
v4,2025,1,2,NEZ,6451,302,22,417,280,5732,7.28476821192053,5.011389521640091,6.6788099574984825,6.781590502520735
lstm_t,2025,1,2,NEZ,6451,302,19,341,283,5808,6.291390728476821,5.277777777777778,6.058673469387755,5.545617173524151
lineal_t,2025,1,2,NEZ,6451,302,19,316,283,5833,6.291390728476821,5.6716417910447765,6.156837329876863,5.139046999512116
v4,2025,1,2,PED,8157,388,23,504,365,7265,5.927835051546392,4.364326375711575,5.531505531505531,6.487321405586305
lstm_t,2025,1,2,PED,8157,388,27,519,361,7250,6.958762886597938,4.945054945054945,6.434699714013346,6.680396447419231
lineal_t,2025,1,2,PED,8157,388,22,432,366,7337,5.670103092783505,4.845814977973569,5.483549351944167,5.560561204788261
v4,2025,1,2,SAC,4866,222,14,215,208,4429,6.306306306306307,6.11353711790393,6.266786034019695,4.62962962962963
lstm_t,2025,1,2,SAC,4866,222,9,180,213,4464,4.054054054054054,4.761904761904762,4.178272980501393,3.875968992248062
lineal_t,2025,1,2,SAC,4866,222,13,206,209,4438,5.855855855855856,5.936073059360731,5.871725383920506,4.435831180017226
v4,2025,1,2,SAG,7865,367,34,667,333,6831,9.264305177111716,4.85021398002853,7.837713231904103,8.895705521472392
lstm_t,2025,1,2,SAG,7865,367,26,555,341,6943,7.084468664850136,4.475043029259897,6.34455832113226,7.401973859695919
lineal_t,2025,1,2,SAG,7865,367,20,478,347,7020,5.449591280653951,4.016064257028113,5.0864699898270604,6.375033342224593
v4,2025,1,2,TAH,5584,242,13,328,229,5014,5.371900826446281,3.812316715542522,4.965622612681436,6.140022463496818
lstm_t,2025,1,2,TAH,5584,242,13,390,229,4952,5.371900826446281,3.225806451612903,4.741064916119621,7.300636465743167
lineal_t,2025,1,2,TAH,5584,242,13,372,229,4970,5.371900826446281,3.3766233766233764,4.8041389504804135,6.963684013478098
v4,2025,1,2,TLA,8081,388,16,364,372,7329,4.123711340206185,4.2105263157894735,4.140786749482402,4.731574158325751
lstm_t,2025,1,2,TLA,8081,388,18,348,370,7345,4.639175257731959,4.918032786885246,4.692387904066736,4.523592876641103
lineal_t,2025,1,2,TLA,8081,388,20,402,368,7291,5.154639175257732,4.739336492890995,5.065856129685917,5.22552970232679
v4,2025,1,2,TLI,7666,360,27,618,333,6688,7.5,4.186046511627907,6.474820143884892,8.458800985491377
lstm_t,2025,1,2,TLI,7666,360,25,527,335,6779,6.944444444444445,4.528985507246377,6.275100401606426,7.21324938406789
lineal_t,2025,1,2,TLI,7666,360,23,451,337,6855,6.388888888888889,4.852320675105485,6.008359456635319,6.173008486175746
v4,2025,1,2,UAX,6796,321,19,547,302,5928,5.919003115264798,3.356890459363957,5.135135135135135,8.447876447876448
lstm_t,2025,1,2,UAX,6796,321,19,556,302,5919,5.919003115264798,3.3043478260869565,5.110274341043572,8.586872586872587
lineal_t,2025,1,2,UAX,6796,321,18,502,303,5973,5.607476635514018,3.4615384615384617,4.988913525498892,7.752895752895752
v4,2025,1,2,UIZ,7717,355,21,443,334,6919,5.915492957746479,4.525862068965517,5.573248407643312,6.017386579733768
lstm_t,2025,1,2,UIZ,7717,355,19,465,336,6897,5.352112676056338,3.925619834710744,4.989495798319328,6.316218418907906
lineal_t,2025,1,2,UIZ,7717,355,21,482,334,6880,5.915492957746479,4.174950298210735,5.46021840873635,6.547133930997012
v4,2025,1,2,VIF,7653,368,23,456,345,6829,6.25,4.801670146137787,5.894413121476166,6.259437199725463
lstm_t,2025,1,2,VIF,7653,368,25,486,343,6799,6.793478260869565,4.892367906066537,6.303580433686334,6.67124227865477
lineal_t,2025,1,2,VIF,7653,368,20,406,348,6879,5.434782608695652,4.694835680751174,5.268703898840885,5.573095401509952
v4,2025,2,4,ACO,5710,261,39,535,222,4914,14.942528735632184,6.794425087108014,12.051915945611867,9.818315287208662
lstm_t,2025,2,4,ACO,5710,261,33,557,228,4892,12.64367816091954,5.593220338983051,10.097919216646266,10.222059093411636
lineal_t,2025,2,4,ACO,5710,261,22,373,239,5076,8.42911877394636,5.569620253164557,7.644197359277276,6.8452927142594975
v4,2025,2,4,AJM,7765,372,20,379,352,7014,5.376344086021505,5.012531328320802,5.299417064122946,5.126470986067902
lstm_t,2025,2,4,AJM,7765,372,17,274,355,7119,4.56989247311828,5.841924398625429,4.77796514896009,3.706208575679697
lineal_t,2025,2,4,AJM,7765,372,20,358,352,7035,5.376344086021505,5.291005291005291,5.359056806002144,4.842418503990261
v4,2025,2,4,AJU,2422,98,1,97,97,2227,1.020408163265306,1.020408163265306,1.020408163265306,4.173838209982788
lstm_t,2025,2,4,AJU,2422,98,1,97,97,2227,1.020408163265306,1.020408163265306,1.020408163265306,4.173838209982788
lineal_t,2025,2,4,AJU,2422,98,1,92,97,2232,1.020408163265306,1.075268817204301,1.0309278350515465,3.95869191049914
v4,2025,2,4,ATI,7585,359,32,588,327,6638,8.913649025069638,5.161290322580645,7.782101167315175,8.137282037088292
lstm_t,2025,2,4,ATI,7585,359,31,632,328,6594,8.635097493036211,4.675716440422323,7.384468794664126,8.746194298367008
lineal_t,2025,2,4,ATI,7585,359,28,522,331,6704,7.799442896935933,5.090909090909091,7.049345417925478,7.223913645170219
v4,2025,2,4,BJU,4804,226,18,430,208,4148,7.964601769911504,4.017857142857143,6.65680473372781,9.392747924858016
lstm_t,2025,2,4,BJU,4804,226,23,517,203,4061,10.176991150442475,4.25925925925926,7.96398891966759,11.29314110965487
lineal_t,2025,2,4,BJU,4804,226,18,438,208,4140,7.964601769911504,3.947368421052632,6.617647058823529,9.567496723460026
v4,2025,2,4,CAM,7923,373,22,561,351,6989,5.898123324396783,3.7735849056603774,5.301204819277109,7.430463576158941
lstm_t,2025,2,4,CAM,7923,373,33,658,340,6892,8.847184986595174,4.775687409551375,7.558405863490609,8.71523178807947
lineal_t,2025,2,4,CAM,7923,373,17,469,356,7081,4.557640750670242,3.497942386831276,4.2972699696663295,6.211920529801325
v4,2025,2,4,CCA,8491,400,21,569,379,7522,5.25,3.559322033898305,4.794520547945205,7.032505252749969
lstm_t,2025,2,4,CCA,8491,400,38,626,362,7465,9.5,5.72289156626506,8.392226148409893,7.736991719194166
lineal_t,2025,2,4,CCA,8491,400,20,500,380,7591,5.0,3.8461538461538463,4.716981132075472,6.17970584600173
v4,2025,2,4,CHO,3008,130,18,297,112,2581,13.846153846153848,5.714285714285714,10.778443113772456,10.319666435024322
lstm_t,2025,2,4,CHO,3008,130,17,291,113,2587,13.076923076923077,5.51948051948052,10.265700483091788,10.111188325225852
lineal_t,2025,2,4,CHO,3008,130,14,283,116,2595,10.76923076923077,4.713804713804714,8.567931456548347,9.833217512161225
v4,2025,2,4,CUA,4361,204,9,298,195,3859,4.411764705882353,2.931596091205212,4.007123775601069,7.168631224440702
lstm_t,2025,2,4,CUA,4361,204,10,286,194,3871,4.901960784313726,3.3783783783783785,4.496402877697841,6.879961510704836
lineal_t,2025,2,4,CUA,4361,204,11,261,193,3896,5.392156862745098,4.044117647058823,5.055147058823529,6.278566273755112
v4,2025,2,4,CUT,8094,392,37,571,355,7131,9.43877551020408,6.0855263157894735,8.501838235294118,7.413658789924695
lstm_t,2025,2,4,CUT,8094,392,46,676,346,7026,11.73469387755102,6.371191135734072,10.043668122270743,8.776941054271617
lineal_t,2025,2,4,CUT,8094,392,32,487,360,7215,8.16326530612245,6.165703275529865,7.666506947771921,6.323032978447157
v4,2025,2,4,FAC,7567,351,18,465,333,6751,5.128205128205129,3.7267080745341614,4.769475357710652,6.444013303769402
lstm_t,2025,2,4,FAC,7567,351,22,433,329,6783,6.267806267806268,4.835164835164835,5.9171597633136095,6.000554323725056
lineal_t,2025,2,4,FAC,7567,351,22,445,329,6771,6.267806267806268,4.710920770877944,5.879208979155532,6.166851441241685
v4,2025,2,4,FAR,6210,277,26,549,251,5384,9.386281588447654,4.521739130434782,7.7243018419489,9.253328838698804
lstm_t,2025,2,4,FAR,6210,277,32,577,245,5356,11.552346570397113,5.254515599343185,9.3185789167152,9.72526546435193
lineal_t,2025,2,4,FAR,6210,277,30,565,247,5368,10.830324909747292,5.042016806722689,8.807985907222548,9.52300691050059
v4,2025,2,4,GAM,6420,303,18,495,285,5622,5.9405940594059405,3.508771929824561,5.217391304347826,8.092202059833252
lstm_t,2025,2,4,GAM,6420,303,16,485,287,5632,5.2805280528052805,3.193612774451098,4.670169293636894,7.928723230341671
lineal_t,2025,2,4,GAM,6420,303,11,417,292,5700,3.6303630363036303,2.5700934579439254,3.3536585365853657,6.817067189798921
v4,2025,2,4,INN,7606,357,34,724,323,6525,9.523809523809524,4.485488126649076,7.776761207685269,9.987584494413024
lstm_t,2025,2,4,INN,7606,357,39,746,318,6503,10.92436974789916,4.968152866242038,8.811568007230004,10.291074630983584
lineal_t,2025,2,4,INN,7606,357,33,868,324,6381,9.243697478991596,3.662597114317425,7.084585659081151,11.974065388329423
v4,2025,2,4,IZT,4662,212,13,245,199,4205,6.132075471698113,5.038759689922481,5.877034358047016,5.50561797752809
lstm_t,2025,2,4,IZT,4662,212,12,288,200,4162,5.660377358490566,4.0,5.2264808362369335,6.47191011235955
lineal_t,2025,2,4,IZT,4662,212,16,299,196,4151,7.547169811320755,5.079365079365079,6.878761822871883,6.719101123595506
v4,2025,2,4,LLA,7799,371,32,523,339,6905,8.625336927223719,5.7657657657657655,7.84698381559588,7.040926225094238
lstm_t,2025,2,4,LLA,7799,371,30,530,341,6898,8.086253369272237,5.357142857142857,7.3385518590998045,7.135164243403339
lineal_t,2025,2,4,LLA,7799,371,21,432,350,6996,5.660377358490566,4.635761589403973,5.420753742901394,5.815831987075929
v4,2025,2,4,LPR,7764,366,30,448,336,6950,8.19672131147541,6.276150627615063,7.72399588053553,6.055690727223574
lstm_t,2025,2,4,LPR,7764,366,36,423,330,6975,9.836065573770492,7.84313725490196,9.3603744149766,5.717761557177616
lineal_t,2025,2,4,LPR,7764,366,21,450,345,6948,5.737704918032787,4.45859872611465,5.426356589147287,6.082725060827251
v4,2025,2,4,MER,7373,339,28,585,311,6449,8.259587020648967,4.567699836867863,7.110208227526663,8.316747227750923
lstm_t,2025,2,4,MER,7373,339,29,614,310,6420,8.55457227138643,4.510108864696734,7.253626813406703,8.729030423656525
lineal_t,2025,2,4,MER,7373,339,33,576,306,6458,9.734513274336283,5.41871921182266,8.396946564885496,8.18879727040091
v4,2025,2,4,MGH,7918,361,24,608,337,6949,6.648199445983379,3.79746835443038,5.780346820809249,8.045520709276168
lstm_t,2025,2,4,MGH,7918,361,20,511,341,7046,5.54016620498615,3.766478342749529,5.063291139240507,6.761942569802832
lineal_t,2025,2,4,MGH,7918,361,16,442,345,7115,4.43213296398892,3.493449781659389,4.206098843322818,5.848881831414582
v4,2025,2,4,MON,5301,236,20,307,216,4758,8.474576271186441,6.116207951070336,7.867820613690008,6.061204343534057
lstm_t,2025,2,4,MON,5301,236,21,365,215,4700,8.898305084745763,5.4404145077720205,7.894736842105263,7.206317867719645
lineal_t,2025,2,4,MON,5301,236,17,340,219,4725,7.203389830508475,4.761904761904762,6.533435818601076,6.712734452122409
v4,2025,2,4,MPA,5728,269,27,519,242,4940,10.037174721189592,4.945054945054945,8.323057953144266,9.507235757464738
lstm_t,2025,2,4,MPA,5728,269,31,563,238,4896,11.524163568773234,5.218855218855219,9.281437125748504,10.313244183916469
lineal_t,2025,2,4,MPA,5728,269,29,461,240,4998,10.780669144981411,5.918367346938775,9.25925925925926,8.444770104414728
v4,2025,2,4,NEZ,6451,302,25,420,277,5729,8.278145695364238,5.617977528089888,7.562008469449486,6.830378923402179
lstm_t,2025,2,4,NEZ,6451,302,23,347,279,5802,7.6158940397351,6.216216216216216,7.287705956907478,5.643194015287039
lineal_t,2025,2,4,NEZ,6451,302,18,318,284,5831,5.960264900662252,5.357142857142857,5.829015544041451,5.171572613433079
v4,2025,2,4,PED,8157,388,23,508,365,7261,5.927835051546392,4.331450094161959,5.520883341334613,6.538808083408418
lstm_t,2025,2,4,PED,8157,388,27,522,361,7247,6.958762886597938,4.918032786885246,6.425511661113755,6.719011455785815
lineal_t,2025,2,4,PED,8157,388,22,434,366,7335,5.670103092783505,4.824561403508772,5.47808764940239,5.586304543699318
v4,2025,2,4,SAC,4866,222,10,215,212,4429,4.504504504504505,4.444444444444445,4.492362982929021,4.62962962962963
lstm_t,2025,2,4,SAC,4866,222,6,179,216,4465,2.702702702702702,3.2432432432432434,2.795899347623485,3.854435831180017
lineal_t,2025,2,4,SAC,4866,222,17,209,205,4435,7.657657657657658,7.522123893805309,7.63016157989228,4.500430663221361
v4,2025,2,4,SAG,7865,367,40,667,327,6831,10.8991825613079,5.657708628005658,9.195402298850574,8.895705521472392
lstm_t,2025,2,4,SAG,7865,367,29,554,338,6944,7.901907356948229,4.974271012006861,7.069722086786933,7.388636969858629
lineal_t,2025,2,4,SAG,7865,367,20,479,347,7019,5.449591280653951,4.008016032064128,5.083884087442806,6.388370232061884
v4,2025,2,4,TAH,5584,242,13,328,229,5014,5.371900826446281,3.812316715542522,4.965622612681436,6.140022463496818
lstm_t,2025,2,4,TAH,5584,242,14,391,228,4951,5.785123966942149,3.45679012345679,5.098324836125273,7.31935604642456
lineal_t,2025,2,4,TAH,5584,242,15,371,227,4971,6.198347107438017,3.886010362694301,5.539143279172821,6.944964432796706
v4,2025,2,4,TLA,8081,388,19,373,369,7320,4.896907216494846,4.846938775510204,4.886831275720165,4.848563629273365
lstm_t,2025,2,4,TLA,8081,388,17,340,371,7353,4.381443298969073,4.761904761904762,4.452592980618125,4.419602235798778
lineal_t,2025,2,4,TLA,8081,388,25,402,363,7291,6.443298969072165,5.85480093676815,6.316321374431531,5.22552970232679
v4,2025,2,4,TLI,7666,360,35,618,325,6688,9.72222222222222,5.359877488514548,8.361204013377927,8.458800985491377
lstm_t,2025,2,4,TLI,7666,360,31,532,329,6774,8.61111111111111,5.506216696269982,7.738392411382925,7.281686285245004
lineal_t,2025,2,4,TLI,7666,360,27,452,333,6854,7.5,5.636743215031316,7.034914017717561,6.186695866411169
v4,2025,2,4,UAX,6796,321,29,544,292,5931,9.034267912772586,5.061082024432809,7.808292945611201,8.4015444015444
lstm_t,2025,2,4,UAX,6796,321,20,556,301,5919,6.230529595015576,3.4722222222222223,5.376344086021505,8.586872586872587
lineal_t,2025,2,4,UAX,6796,321,21,499,300,5976,6.542056074766355,4.038461538461538,5.82039911308204,7.706563706563706
v4,2025,2,4,UIZ,7717,355,23,443,332,6919,6.47887323943662,4.935622317596566,6.097560975609756,6.017386579733768
lstm_t,2025,2,4,UIZ,7717,355,22,467,333,6895,6.197183098591549,4.4989775051124745,5.762179151388161,6.343384949741918
lineal_t,2025,2,4,UIZ,7717,355,25,480,330,6882,7.042253521126761,4.950495049504951,6.493506493506493,6.519967400162999
v4,2025,2,4,VIF,7653,368,27,463,341,6822,7.336956521739131,5.510204081632653,6.8807339449541285,6.3555250514756345
lstm_t,2025,2,4,VIF,7653,368,29,490,339,6795,7.880434782608695,5.5876685934489405,7.282772476142642,6.726149622512011
lineal_t,2025,2,4,VIF,7653,368,25,402,343,6883,6.793478260869565,5.85480093676815,6.582411795681938,5.518188057652711
v4,2025,3,8,ACO,5710,261,46,537,215,4912,17.624521072796934,7.890222984562607,14.136447449293176,9.85501926959075
lstm_t,2025,3,8,ACO,5710,261,48,560,213,4889,18.39080459770115,7.894736842105263,14.527845036319611,10.277115066984768
lineal_t,2025,3,8,ACO,5710,261,25,376,236,5073,9.578544061302685,6.234413965087282,8.650519031141869,6.90034868783263
v4,2025,3,8,AJM,7765,372,29,381,343,7012,7.795698924731183,7.073170731707317,7.639620653319284,5.15352360340863
lstm_t,2025,3,8,AJM,7765,372,25,275,347,7118,6.720430107526882,8.333333333333334,6.991051454138702,3.719734884350061
lineal_t,2025,3,8,AJM,7765,372,34,363,338,7030,9.13978494623656,8.564231738035264,9.018567639257297,4.9100500473420805
v4,2025,3,8,AJU,2422,98,4,94,94,2230,4.081632653061225,4.081632653061225,4.081632653061225,4.044750430292599
lstm_t,2025,3,8,AJU,2422,98,5,96,93,2228,5.1020408163265305,4.950495049504951,5.070993914807302,4.130808950086059
lineal_t,2025,3,8,AJU,2422,98,7,92,91,2232,7.142857142857143,7.070707070707071,7.128309572301426,3.95869191049914
v4,2025,3,8,ATI,7585,359,39,585,320,6641,10.86350974930362,6.25,9.466019417475728,8.095765292001108
lstm_t,2025,3,8,ATI,7585,359,39,625,320,6601,10.86350974930362,5.873493975903615,9.285714285714286,8.649321893163576
lineal_t,2025,3,8,ATI,7585,359,38,520,321,6706,10.584958217270197,6.810035842293907,9.528585757271816,7.196235815112095
v4,2025,3,8,BJU,4804,226,26,427,200,4151,11.50442477876106,5.739514348785872,9.579955784819454,9.327217125382264
lstm_t,2025,3,8,BJU,4804,226,24,512,202,4066,10.619469026548671,4.477611940298507,8.333333333333334,11.183923110528616
lineal_t,2025,3,8,BJU,4804,226,20,437,206,4141,8.849557522123893,4.3763676148796495,7.347538574577516,9.545653123634777
v4,2025,3,8,CAM,7923,373,38,562,335,6988,10.187667560321715,6.333333333333333,9.082217973231357,7.443708609271523
lstm_t,2025,3,8,CAM,7923,373,49,663,324,6887,13.136729222520108,6.882022471910112,11.116152450090745,8.781456953642385
lineal_t,2025,3,8,CAM,7923,373,35,476,338,7074,9.383378016085793,6.849315068493151,8.73689465801298,6.304635761589404
v4,2025,3,8,CCA,8491,400,34,567,366,7524,8.5,5.657237936772047,7.723761926397092,7.007786429365962
lstm_t,2025,3,8,CCA,8491,400,45,625,355,7466,11.25,6.7164179104477615,9.911894273127754,7.724632307502163
lineal_t,2025,3,8,CCA,8491,400,27,503,373,7588,6.75,5.09433962264151,6.338028169014085,6.216784081077741
v4,2025,3,8,CHO,3008,130,14,295,116,2583,10.76923076923077,4.53074433656958,8.443908323281061,10.250173731758164
lstm_t,2025,3,8,CHO,3008,130,14,292,116,2586,10.76923076923077,4.57516339869281,8.474576271186441,10.14593467685893
lineal_t,2025,3,8,CHO,3008,130,12,285,118,2593,9.23076923076923,4.040404040404041,7.343941248470013,9.90271021542738
v4,2025,3,8,CUA,4361,204,18,304,186,3853,8.823529411764707,5.590062111801243,7.908611599297012,7.312966081308636
lstm_t,2025,3,8,CUA,4361,204,14,284,190,3873,6.862745098039215,4.697986577181208,6.283662477558348,6.831849891748857
lineal_t,2025,3,8,CUA,4361,204,16,267,188,3890,7.84313725490196,5.653710247349824,7.279344858962693,6.422901130623045
v4,2025,3,8,CUT,8094,392,50,567,342,7135,12.755102040816327,8.103727714748784,11.441647597254004,7.361724227473384
lstm_t,2025,3,8,CUT,8094,392,59,679,333,7023,15.051020408163266,7.994579945799458,12.792714657415438,8.815891976110102
lineal_t,2025,3,8,CUT,8094,392,40,480,352,7222,10.20408163265306,7.6923076923076925,9.578544061302685,6.232147494157362
v4,2025,3,8,FAC,7567,351,25,467,326,6749,7.122507122507122,5.08130081300813,6.5928270042194095,6.471729490022173
lstm_t,2025,3,8,FAC,7567,351,32,431,319,6785,9.116809116809115,6.911447084233261,8.56989823245849,5.972838137472284
lineal_t,2025,3,8,FAC,7567,351,24,445,327,6771,6.837606837606837,5.11727078891258,6.406833956219968,6.166851441241685
v4,2025,3,8,FAR,6210,277,47,553,230,5380,16.967509025270758,7.833333333333333,13.758782201405152,9.32074835664925
lstm_t,2025,3,8,FAR,6210,277,45,573,232,5360,16.24548736462094,7.281553398058253,13.035921205098491,9.657845946401483
lineal_t,2025,3,8,FAR,6210,277,46,561,231,5372,16.60649819494585,7.578253706754531,13.411078717201166,9.455587392550145
v4,2025,3,8,GAM,6420,303,34,495,269,5622,11.22112211221122,6.427221172022684,9.764503159103963,8.092202059833252
lstm_t,2025,3,8,GAM,6420,303,35,485,268,5632,11.551155115511552,6.730769230769231,10.103926096997691,7.928723230341671
lineal_t,2025,3,8,GAM,6420,303,27,414,276,5703,8.910891089108912,6.122448979591836,8.166969147005444,6.768023540951447
v4,2025,3,8,INN,7606,357,53,725,304,6524,14.84593837535014,6.812339331619537,12.01269265639166,10.001379500620777
lstm_t,2025,3,8,INN,7606,357,57,751,300,6498,15.966386554621849,7.054455445544554,12.745974955277282,10.360049662022348
lineal_t,2025,3,8,INN,7606,357,67,867,290,6382,18.76750700280112,7.173447537473233,14.18289585097375,11.960270382121672
v4,2025,3,8,IZT,4662,212,17,243,195,4207,8.018867924528301,6.538461538461538,7.671480144404332,5.46067415730337
lstm_t,2025,3,8,IZT,4662,212,17,286,195,4164,8.018867924528301,5.6105610561056105,7.38488271068636,6.426966292134831
lineal_t,2025,3,8,IZT,4662,212,22,303,190,4147,10.37735849056604,6.769230769230769,9.377664109121907,6.808988764044944
v4,2025,3,8,LLA,7799,371,38,527,333,6901,10.242587601078167,6.725663716814159,9.272816007808688,7.094776521270867
lstm_t,2025,3,8,LLA,7799,371,35,529,336,6899,9.433962264150944,6.205673758865248,8.544921875,7.121701669359181
lineal_t,2025,3,8,LLA,7799,371,30,439,341,6989,8.086253369272237,6.3965884861407245,7.680491551459293,5.9100700053850295
v4,2025,3,8,LPR,7764,366,35,453,331,6945,9.562841530054644,7.172131147540983,8.96516393442623,6.123276561232766
lstm_t,2025,3,8,LPR,7764,366,35,429,331,6969,9.562841530054644,7.543103448275862,9.076763485477178,5.7988645579886455
lineal_t,2025,3,8,LPR,7764,366,32,449,334,6949,8.743169398907105,6.652806652806653,8.226221079691516,6.069207894025412
v4,2025,3,8,MER,7373,339,37,583,302,6451,10.914454277286136,5.967741935483871,9.362348178137651,8.288313903895366
lstm_t,2025,3,8,MER,7373,339,33,619,306,6415,9.734513274336283,5.061349693251533,8.217131474103585,8.800113733295422
lineal_t,2025,3,8,MER,7373,339,34,572,305,6462,10.029498525073748,5.6105610561056105,8.664627930682977,8.131930622689792
v4,2025,3,8,MGH,7918,361,31,616,330,6941,8.587257617728532,4.791344667697064,7.41272118603539,8.151382823871907
lstm_t,2025,3,8,MGH,7918,361,29,512,332,7045,8.033240997229917,5.360443622920518,7.30478589420655,6.775175334127299
lineal_t,2025,3,8,MGH,7918,361,23,440,338,7117,6.371191135734072,4.967602591792657,6.030414263240692,5.822416302765648
v4,2025,3,8,MON,5301,236,29,309,207,4756,12.28813559322034,8.579881656804734,11.310452418096723,6.100691016781836
lstm_t,2025,3,8,MON,5301,236,27,376,209,4689,11.440677966101696,6.699751861042183,10.022271714922049,7.423494570582428
lineal_t,2025,3,8,MON,5301,236,26,345,210,4720,11.016949152542374,7.008086253369272,9.88593155893536,6.811451135241856
v4,2025,3,8,MPA,5728,269,40,516,229,4943,14.869888475836431,7.194244604316546,12.254901960784316,9.452280637479392
lstm_t,2025,3,8,MPA,5728,269,49,561,220,4898,18.21561338289963,8.032786885245901,14.531435349940688,10.276607437259573
lineal_t,2025,3,8,MPA,5728,269,42,458,227,5001,15.613382899628252,8.4,13.3248730964467,8.389814984429382
v4,2025,3,8,NEZ,6451,302,37,420,265,5729,12.251655629139073,8.096280087527353,11.11111111111111,6.830378923402179
lstm_t,2025,3,8,NEZ,6451,302,28,340,274,5809,9.271523178807946,7.608695652173913,8.883248730964468,5.529354366563669
lineal_t,2025,3,8,NEZ,6451,302,23,313,279,5836,7.6158940397351,6.845238095238095,7.448186528497409,5.090258578630672
v4,2025,3,8,PED,8157,388,35,505,353,7264,9.02061855670103,6.481481481481482,8.365200764818356,6.500193075041833
lstm_t,2025,3,8,PED,8157,388,39,515,349,7254,10.051546391752575,7.03971119133574,9.25925925925926,6.628909769597117
lineal_t,2025,3,8,PED,8157,388,29,438,359,7331,7.474226804123711,6.209850107066381,7.1817731550272415,5.637791221521431
v4,2025,3,8,SAC,4866,222,18,216,204,4428,8.108108108108109,7.6923076923076925,8.02139037433155,4.651162790697675
lstm_t,2025,3,8,SAC,4866,222,13,180,209,4464,5.855855855855856,6.735751295336788,6.012950971322849,3.875968992248062
lineal_t,2025,3,8,SAC,4866,222,13,209,209,4435,5.855855855855856,5.855855855855856,5.855855855855856,4.500430663221361
v4,2025,3,8,SAG,7865,367,49,663,318,6835,13.35149863760218,6.882022471910112,11.238532110091745,8.842357962123232
lstm_t,2025,3,8,SAG,7865,367,40,557,327,6941,10.8991825613079,6.700167504187605,9.685230024213077,7.428647639370498
lineal_t,2025,3,8,SAG,7865,367,29,479,338,7019,7.901907356948229,5.708661417322834,7.338056680161944,6.388370232061884
v4,2025,3,8,TAH,5584,242,24,317,218,5025,9.917355371900827,7.038123167155425,9.167303284950345,5.934107076001498
lstm_t,2025,3,8,TAH,5584,242,26,391,216,4951,10.743801652892564,6.235011990407674,9.386281588447654,7.31935604642456
lineal_t,2025,3,8,TAH,5584,242,25,375,217,4967,10.330578512396697,6.25,9.137426900584796,7.019842755522276
v4,2025,3,8,TLA,8081,388,22,378,366,7315,5.670103092783505,5.5,5.635245901639344,4.913557779799818
lstm_t,2025,3,8,TLA,8081,388,33,339,355,7354,8.505154639175258,8.870967741935484,8.575883575883577,4.406603405693487
lineal_t,2025,3,8,TLA,8081,388,32,401,356,7292,8.24742268041237,7.390300230946882,8.060453400503778,5.2125308722215005
v4,2025,3,8,TLI,7666,360,48,622,312,6684,13.333333333333334,7.164179104477612,11.374407582938389,8.513550506433068
lstm_t,2025,3,8,TLI,7666,360,45,532,315,6774,12.5,7.79896013864818,11.155180961824492,7.281686285245004
lineal_t,2025,3,8,TLI,7666,360,42,453,318,6853,11.666666666666666,8.484848484848484,10.852713178294572,6.200383246646592
v4,2025,3,8,UAX,6796,321,29,552,292,5923,9.034267912772586,4.991394148020654,7.774798927613941,8.525096525096526
lstm_t,2025,3,8,UAX,6796,321,24,555,297,5920,7.4766355140186915,4.1450777202072535,6.4412238325281805,8.571428571428571
lineal_t,2025,3,8,UAX,6796,321,28,506,293,5969,8.722741433021806,5.243445692883896,7.700770077007701,7.814671814671815
v4,2025,3,8,UIZ,7717,355,23,449,332,6913,6.47887323943662,4.872881355932203,6.078224101479916,6.098886172235805
lstm_t,2025,3,8,UIZ,7717,355,21,468,334,6894,5.915492957746479,4.294478527607362,5.500261917234154,6.356968215158925
lineal_t,2025,3,8,UIZ,7717,355,29,481,326,6881,8.169014084507042,5.686274509803922,7.512953367875648,6.533550665580005
v4,2025,3,8,VIF,7653,368,37,457,331,6828,10.054347826086955,7.489878542510121,9.40996948118006,6.273164035689773
lstm_t,2025,3,8,VIF,7653,368,45,492,323,6793,12.228260869565217,8.379888268156424,11.199601791936288,6.753603294440631
lineal_t,2025,3,8,VIF,7653,368,35,404,333,6881,9.51086956521739,7.972665148063781,9.157509157509155,5.545641729581331
v4,2025,4,16,ACO,5710,261,54,554,207,4895,20.689655172413797,8.881578947368421,16.343825665859566,10.167003119838505
lstm_t,2025,4,16,ACO,5710,261,51,581,210,4868,19.54022988505747,8.069620253164556,15.214797136038186,10.662506881996697
lineal_t,2025,4,16,ACO,5710,261,54,375,207,5074,20.689655172413797,12.587412587412588,18.329938900203665,6.881996696641585
v4,2025,4,16,AJM,7765,372,39,390,333,7003,10.483870967741936,9.090909090909092,10.172143974960877,5.275260381441904
lstm_t,2025,4,16,AJM,7765,372,39,279,333,7114,10.483870967741936,12.264150943396226,10.79734219269103,3.773840119031517
lineal_t,2025,4,16,AJM,7765,372,57,359,315,7034,15.32258064516129,13.701923076923077,14.968487394957982,4.855944812660625
v4,2025,4,16,AJU,2422,98,15,91,83,2233,15.306122448979592,14.150943396226417,15.060240963855422,3.9156626506024095
lstm_t,2025,4,16,AJU,2422,98,17,93,81,2231,17.346938775510203,15.454545454545457,16.932270916334662,4.001721170395869
lineal_t,2025,4,16,AJU,2422,98,21,92,77,2232,21.428571428571427,18.58407079646018,20.792079207920796,3.95869191049914
v4,2025,4,16,ATI,7585,359,100,602,259,6624,27.855153203342617,14.245014245014245,23.386342376052387,8.331026847495156
lstm_t,2025,4,16,ATI,7585,359,98,633,261,6593,27.29805013927577,13.406292749658002,22.611905860636824,8.76003321339607
lineal_t,2025,4,16,ATI,7585,359,84,518,275,6708,23.3983286908078,13.953488372093023,20.608439646712466,7.168557985053972
v4,2025,4,16,BJU,4804,226,48,444,178,4134,21.238938053097343,9.75609756097561,17.191977077363898,9.698558322411534
lstm_t,2025,4,16,BJU,4804,226,50,522,176,4056,22.12389380530973,8.741258741258742,16.937669376693766,11.402359108781129
lineal_t,2025,4,16,BJU,4804,226,44,442,182,4136,19.469026548672566,9.053497942386832,15.827338129496402,9.654871122761032
v4,2025,4,16,CAM,7923,373,69,567,304,6983,18.498659517426272,10.849056603773583,16.212406015037594,7.509933774834437
lstm_t,2025,4,16,CAM,7923,373,69,667,304,6883,18.498659517426272,9.375,15.484739676840215,8.834437086092715
lineal_t,2025,4,16,CAM,7923,373,52,466,321,7084,13.941018766756033,10.038610038610038,12.935323383084578,6.172185430463577
v4,2025,4,16,CCA,8491,400,61,577,339,7514,15.25,9.561128526645769,13.628239499553173,7.131380546285997
lstm_t,2025,4,16,CCA,8491,400,66,610,334,7481,16.5,9.763313609467456,14.499121265377855,7.539241132122111
lineal_t,2025,4,16,CCA,8491,400,54,504,346,7587,13.5,9.67741935483871,12.511584800741428,6.229143492769744
v4,2025,4,16,CHO,3008,130,24,300,106,2578,18.46153846153846,7.407407407407407,14.218009478672986,10.423905489923555
lstm_t,2025,4,16,CHO,3008,130,30,287,100,2591,23.07692307692308,9.46372239747634,17.921146953405017,9.972202918693537
lineal_t,2025,4,16,CHO,3008,130,24,291,106,2587,18.46153846153846,7.619047619047619,14.37125748502994,10.111188325225852
v4,2025,4,16,CUA,4361,204,40,322,164,3835,19.607843137254903,11.049723756906078,16.97792869269949,7.745970651912437
lstm_t,2025,4,16,CUA,4361,204,49,293,155,3864,24.01960784313725,14.32748538011696,21.157167530224527,7.048352177050758
lineal_t,2025,4,16,CUA,4361,204,38,268,166,3889,18.62745098039216,12.418300653594772,16.93404634581105,6.4469569401010345
v4,2025,4,16,CUT,8094,392,105,564,287,7138,26.785714285714285,15.695067264573993,23.46893160482789,7.3227733056349
lstm_t,2025,4,16,CUT,8094,392,126,673,266,7029,32.142857142857146,15.76971214017522,26.61596958174905,8.737990132433135
lineal_t,2025,4,16,CUT,8094,392,93,479,299,7223,23.72448979591837,16.25874125874126,21.72897196261682,6.219163853544534
v4,2025,4,16,FAC,7567,351,54,469,297,6747,15.384615384615383,10.325047801147228,14.01141670991178,6.499445676274944
lstm_t,2025,4,16,FAC,7567,351,64,446,287,6770,18.233618233618238,12.549019607843135,16.718913270637408,6.180709534368071
lineal_t,2025,4,16,FAC,7567,351,52,437,299,6779,14.814814814814817,10.633946830265849,13.734812466983623,6.055986696230598
v4,2025,4,16,FAR,6210,277,78,574,199,5359,28.15884476534296,11.96319018404908,22.15909090909091,9.674700825889095
lstm_t,2025,4,16,FAR,6210,277,48,587,229,5346,17.32851985559567,7.559055118110236,13.769363166953529,9.893814259228046
lineal_t,2025,4,16,FAR,6210,277,58,568,219,5365,20.938628158844764,9.26517571884984,16.724336793540946,9.573571548963423
v4,2025,4,16,GAM,6420,303,53,503,250,5614,17.49174917491749,9.532374100719425,14.98868778280543,8.222985123426517
lstm_t,2025,4,16,GAM,6420,303,50,480,253,5637,16.501650165016503,9.433962264150944,14.351320321469576,7.84698381559588
lineal_t,2025,4,16,GAM,6420,303,42,418,261,5699,13.86138613861386,9.130434782608695,12.559808612440191,6.833415072748079
v4,2025,4,16,INN,7606,357,122,730,235,6519,34.173669467787114,14.31924882629108,26.75438596491228,10.07035453165954
lstm_t,2025,4,16,INN,7606,357,139,762,218,6487,38.93557422969187,15.427302996670369,29.84113353370545,10.511794730307628
lineal_t,2025,4,16,INN,7606,357,149,875,208,6374,41.73669467787115,14.55078125,30.38336052202284,12.070630431783696
v4,2025,4,16,IZT,4662,212,25,244,187,4206,11.79245283018868,9.293680297397769,11.190689346463742,5.48314606741573
lstm_t,2025,4,16,IZT,4662,212,29,286,183,4164,13.679245283018869,9.206349206349206,12.467755803955288,6.426966292134831
lineal_t,2025,4,16,IZT,4662,212,34,304,178,4146,16.037735849056602,10.059171597633137,14.33389544688027,6.831460674157303
v4,2025,4,16,LLA,7799,371,91,527,280,6901,24.52830188679245,14.724919093851131,21.64605137963844,7.094776521270867
lstm_t,2025,4,16,LLA,7799,371,76,527,295,6901,20.48517520215633,12.603648424543946,18.207954000958317,7.094776521270867
lineal_t,2025,4,16,LLA,7799,371,64,437,307,6991,17.250673854447438,12.774451097804391,16.120906801007557,5.883144857296715
v4,2025,4,16,LPR,7764,366,57,464,309,6934,15.57377049180328,10.940499040307104,14.357682619647354,6.271965396052988
lstm_t,2025,4,16,LPR,7764,366,59,443,307,6955,16.120218579234972,11.752988047808763,15.005086469989829,5.988104893214382
lineal_t,2025,4,16,LPR,7764,366,54,451,312,6947,14.754098360655735,10.693069306930694,13.71254443880142,6.096242227629089
v4,2025,4,16,MER,7373,339,67,582,272,6452,19.764011799410028,10.323574730354393,16.708229426433917,8.274097241967587
lstm_t,2025,4,16,MER,7373,339,65,613,274,6421,19.174041297935105,9.587020648967552,15.978367748279252,8.714813761728745
lineal_t,2025,4,16,MER,7373,339,72,570,267,6464,21.238938053097343,11.214953271028037,18.01801801801802,8.103497298834233
v4,2025,4,16,MGH,7918,361,58,619,303,6938,16.066481994459835,8.567208271787297,13.672795851013673,8.191081116845309
lstm_t,2025,4,16,MGH,7918,361,54,505,307,7052,14.958448753462603,9.66010733452594,13.479780329505742,6.682545983856028
lineal_t,2025,4,16,MGH,7918,361,36,442,325,7115,9.97229916897507,7.531380753138075,9.365244536940686,5.848881831414582
v4,2025,4,16,MON,5301,236,51,320,185,4745,21.610169491525426,13.746630727762804,19.39163498098859,6.31786771964462
lstm_t,2025,4,16,MON,5301,236,56,374,180,4691,23.728813559322035,13.023255813953488,20.378457059679768,7.38400789733465
lineal_t,2025,4,16,MON,5301,236,46,350,190,4715,19.491525423728813,11.616161616161616,17.16417910447761,6.910167818361303
v4,2025,4,16,MPA,5728,269,74,534,195,4925,27.5092936802974,12.171052631578949,21.971496437054636,9.782011357391465
lstm_t,2025,4,16,MPA,5728,269,89,583,180,4876,33.08550185873606,13.24404761904762,25.45766590389016,10.679611650485436
lineal_t,2025,4,16,MPA,5728,269,89,465,180,4994,33.08550185873606,16.064981949458485,27.30061349693252,8.518043597728521
v4,2025,4,16,NEZ,6451,302,73,449,229,5700,24.17218543046357,13.984674329501916,21.09826589595376,7.302000325256139
lstm_t,2025,4,16,NEZ,6451,302,54,349,248,5800,17.880794701986755,13.399503722084368,16.75977653631285,5.675719629208001
lineal_t,2025,4,16,NEZ,6451,302,44,313,258,5836,14.56953642384106,12.324929971988796,14.057507987220449,5.090258578630672
v4,2025,4,16,PED,8157,388,56,510,332,7259,14.43298969072165,9.89399293286219,13.220018885741265,6.564551422319475
lstm_t,2025,4,16,PED,8157,388,71,527,317,7242,18.298969072164947,11.872909698996656,16.511627906976745,6.783369803063457
lineal_t,2025,4,16,PED,8157,388,52,429,336,7340,13.402061855670103,10.81081081081081,12.788981800295131,5.521946196421676
v4,2025,4,16,SAC,4866,222,40,223,182,4421,18.01801801801802,15.209125475285171,17.37619461337967,4.801894918173988
lstm_t,2025,4,16,SAC,4866,222,43,176,179,4468,19.36936936936937,19.634703196347036,19.42186088527552,3.789836347975883
lineal_t,2025,4,16,SAC,4866,222,46,211,176,4433,20.72072072072072,17.898832684824903,20.087336244541486,4.54349698535745
v4,2025,4,16,SAG,7865,367,98,696,269,6802,26.70299727520436,12.34256926952141,21.662245800176837,9.2824753267538
lstm_t,2025,4,16,SAG,7865,367,78,567,289,6931,21.25340599455041,12.093023255813954,18.45716990061524,7.562016537743398
lineal_t,2025,4,16,SAG,7865,367,67,482,300,7016,18.25613079019073,12.2040072859745,16.608824987605356,6.428380901573753
v4,2025,4,16,TAH,5584,242,52,334,190,5008,21.487603305785125,13.471502590673577,19.202363367799112,6.252339947585174
lstm_t,2025,4,16,TAH,5584,242,56,393,186,4949,23.1404958677686,12.47216035634744,19.760056457304163,7.3567952077873455
lineal_t,2025,4,16,TAH,5584,242,57,373,185,4969,23.553719008264466,13.255813953488373,20.3862660944206,6.982403594159491
v4,2025,4,16,TLA,8081,388,55,384,333,7309,14.175257731958762,12.528473804100228,13.812154696132596,4.991550760431561
lstm_t,2025,4,16,TLA,8081,388,53,355,335,7338,13.65979381443299,12.990196078431373,13.520408163265309,4.614584687378136
lineal_t,2025,4,16,TLA,8081,388,53,403,335,7290,13.65979381443299,11.62280701754386,13.197211155378486,5.238528532432081
v4,2025,4,16,TLI,7666,360,76,633,284,6673,21.11111111111111,10.71932299012694,17.682643089809215,8.664111689022722
lstm_t,2025,4,16,TLI,7666,360,60,545,300,6761,16.666666666666668,9.917355371900827,14.669926650366747,7.459622228305502
lineal_t,2025,4,16,TLI,7666,360,62,451,298,6855,17.22222222222222,12.085769980506823,15.873015873015872,6.173008486175746
v4,2025,4,16,UAX,6796,321,54,579,267,5896,16.822429906542055,8.530805687203792,14.084507042253522,8.942084942084943
lstm_t,2025,4,16,UAX,6796,321,53,561,268,5914,16.510903426791277,8.631921824104234,13.962065331928343,8.664092664092664
lineal_t,2025,4,16,UAX,6796,321,51,511,270,5964,15.88785046728972,9.07473309608541,13.8136511375948,7.891891891891892
v4,2025,4,16,UIZ,7717,355,55,446,300,6916,15.492957746478874,10.978043912175648,14.315460697553355,6.058136375984787
lstm_t,2025,4,16,UIZ,7717,355,55,464,300,6898,15.492957746478874,10.597302504816955,14.182568334192885,6.3026351534909
lineal_t,2025,4,16,UIZ,7717,355,44,479,311,6883,12.394366197183098,8.413001912045889,11.322696860524962,6.506384134745993
v4,2025,4,16,VIF,7653,368,94,488,274,6797,25.543478260869566,16.151202749140893,22.88218111002921,6.698695950583391
lstm_t,2025,4,16,VIF,7653,368,78,494,290,6791,21.195652173913043,13.636363636363637,19.08023483365949,6.781056966369252
lineal_t,2025,4,16,VIF,7653,368,56,418,312,6867,15.217391304347826,11.81434599156118,14.388489208633093,5.737817433081674
v4,2025,5,32,ACO,5710,261,208,617,53,4832,79.69348659003832,25.21212121212121,55.644729802033176,11.323178564874288
lstm_t,2025,5,32,ACO,5710,261,107,588,154,4861,40.99616858237548,15.39568345323741,30.76480736055204,10.790970820334008
lineal_t,2025,5,32,ACO,5710,261,156,384,105,5065,59.770114942528735,28.88888888888889,49.24242424242424,7.047164617360984
v4,2025,5,32,AJM,7765,372,171,397,201,6996,45.96774193548387,30.1056338028169,41.58560311284047,5.369944542134451
lstm_t,2025,5,32,AJM,7765,372,105,270,267,7123,28.225806451612904,28.0,28.18035426731079,3.6521033409982415
lineal_t,2025,5,32,AJM,7765,372,106,346,266,7047,28.49462365591398,23.45132743362832,27.31958762886598,4.680102799945895
v4,2025,5,32,AJU,2422,98,64,101,34,2223,65.3061224489796,38.78787878787879,57.45062836624776,4.345955249569707
lstm_t,2025,5,32,AJU,2422,98,62,103,36,2221,63.265306122448976,37.57575757575758,55.65529622980252,4.432013769363167
lineal_t,2025,5,32,AJU,2422,98,57,98,41,2226,58.16326530612245,36.774193548387096,52.10237659963437,4.216867469879518
v4,2025,5,32,ATI,7585,359,302,695,57,6531,84.12256267409471,30.29087261785356,62.06329634196465,9.618045945197895
lstm_t,2025,5,32,ATI,7585,359,234,612,125,6614,65.18105849582173,27.659574468085108,51.270815074496056,8.469415997785774
lineal_t,2025,5,32,ATI,7585,359,175,525,184,6701,48.74651810584958,25.0,40.96441947565543,7.265430390257404
v4,2025,5,32,BJU,4804,226,172,514,54,4064,76.10619469026548,25.07288629737609,54.088050314465406,11.227610310179118
lstm_t,2025,5,32,BJU,4804,226,128,530,98,4048,56.63716814159292,19.45288753799392,40.973111395646605,11.577107907383136
lineal_t,2025,5,32,BJU,4804,226,114,442,112,4136,50.4424778761062,20.50359712230216,39.04109589041096,9.654871122761032
v4,2025,5,32,CAM,7923,373,306,626,67,6924,82.03753351206434,32.832618025751074,63.11881188118812,8.291390728476822
lstm_t,2025,5,32,CAM,7923,373,108,658,265,6892,28.9544235924933,14.099216710182768,23.91496899911426,8.71523178807947
lineal_t,2025,5,32,CAM,7923,373,148,466,225,7084,39.67828418230563,24.104234527687296,35.13770180436847,6.172185430463577
v4,2025,5,32,CCA,8491,400,287,644,113,7447,71.75,30.827067669172934,56.69695772421968,7.959461129650228
lstm_t,2025,5,32,CCA,8491,400,106,619,294,7472,26.5,14.620689655172416,22.795698924731184,7.650475837350142
lineal_t,2025,5,32,CCA,8491,400,176,507,224,7584,44.0,25.76866764275256,38.54577310556286,6.266221727845754
v4,2025,5,32,CHO,3008,130,104,310,26,2568,80.0,25.120772946859905,55.6745182012848,10.771369006254345
lstm_t,2025,5,32,CHO,3008,130,94,319,36,2559,72.3076923076923,22.760290556900728,50.37513397642015,11.08408617095205
lineal_t,2025,5,32,CHO,3008,130,88,306,42,2572,67.6923076923077,22.33502538071066,48.14004376367615,10.63238359972203
v4,2025,5,32,CUA,4361,204,125,365,79,3792,61.27450980392157,25.51020408163265,47.85604900459418,8.780370459465962
lstm_t,2025,5,32,CUA,4361,204,94,287,110,3870,46.07843137254902,24.671916010498688,39.26482873851295,6.904017320182824
lineal_t,2025,5,32,CUA,4361,204,74,270,130,3887,36.27450980392157,21.511627906976745,31.89655172413793,6.495068559057012
v4,2025,5,32,CUT,8094,392,324,601,68,7101,82.65306122448979,35.027027027027025,64.98194945848375,7.80316800830953
lstm_t,2025,5,32,CUT,8094,392,201,696,191,7006,51.275510204081634,22.40802675585284,40.77079107505071,9.036613866528176
lineal_t,2025,5,32,CUT,8094,392,198,487,194,7215,50.51020408163265,28.905109489051096,43.94141145139814,6.323032978447157
v4,2025,5,32,FAC,7567,351,250,490,101,6726,71.22507122507122,33.78378378378378,58.30223880597015,6.790465631929046
lstm_t,2025,5,32,FAC,7567,351,110,444,241,6772,31.33903133903134,19.85559566787004,28.08988764044944,6.1529933481153
lineal_t,2025,5,32,FAC,7567,351,161,438,190,6778,45.86894586894587,26.87813021702838,40.18971542685971,6.069844789356985
v4,2025,5,32,FAR,6210,277,232,656,45,5277,83.75451263537906,26.126126126126128,58.11623246492986,11.05680094387325
lstm_t,2025,5,32,FAR,6210,277,83,614,194,5319,29.96389891696751,11.908177905308465,22.99168975069252,10.34889600539356
lineal_t,2025,5,32,FAR,6210,277,159,554,118,5379,57.40072202166065,22.30014025245442,43.65733113673806,9.33760323613686
v4,2025,5,32,GAM,6420,303,234,624,69,5493,77.22772277227723,27.272727272727277,56.52173913043478,10.201078960274645
lstm_t,2025,5,32,GAM,6420,303,105,505,198,5612,34.65346534653465,17.21311475409836,28.814489571899013,8.255680889324832
lineal_t,2025,5,32,GAM,6420,303,127,416,176,5701,41.91419141914192,23.388581952117864,36.18233618233618,6.800719306849763
v4,2025,5,32,INN,7606,357,308,720,49,6529,86.27450980392157,29.961089494163424,62.70358306188925,9.93240446958201
lstm_t,2025,5,32,INN,7606,357,312,755,45,6494,87.39495798319328,29.240862230552956,62.5250501002004,10.415229686853358
lineal_t,2025,5,32,INN,7606,357,310,842,47,6407,86.83473389355743,26.90972222222222,60.07751937984496,11.615395226927852
v4,2025,5,32,IZT,4662,212,161,279,51,4171,75.94339622641509,36.59090909090909,62.5,6.269662921348314
lstm_t,2025,5,32,IZT,4662,212,71,281,141,4169,33.490566037735846,20.170454545454547,29.58333333333333,6.314606741573034
lineal_t,2025,5,32,IZT,4662,212,104,299,108,4151,49.0566037735849,25.806451612903224,41.56674660271783,6.719101123595506
v4,2025,5,32,LLA,7799,371,311,572,60,6856,83.82749326145553,35.22083805209513,65.694972539079,7.700592353257943
lstm_t,2025,5,32,LLA,7799,371,171,519,200,6909,46.09164420485176,24.782608695652176,39.32842686292548,6.987075928917609
lineal_t,2025,5,32,LLA,7799,371,195,439,176,6989,52.56064690026954,30.757097791798103,46.03399433427762,5.9100700053850295
v4,2025,5,32,LPR,7764,366,284,563,82,6835,77.59562841530055,33.53010625737898,61.44526179143228,7.610164909434983
lstm_t,2025,5,32,LPR,7764,366,128,459,238,6939,34.97267759562842,21.80579216354344,31.20429058995612,6.204379562043796
lineal_t,2025,5,32,LPR,7764,366,180,452,186,6946,49.18032786885246,28.481012658227847,42.93893129770992,6.109759394430927
v4,2025,5,32,MER,7373,339,279,642,60,6392,82.30088495575221,30.29315960912052,61.26482213438735,9.127096957634349
lstm_t,2025,5,32,MER,7373,339,135,642,204,6392,39.823008849557525,17.374517374517374,31.64556962025317,9.127096957634349
lineal_t,2025,5,32,MER,7373,339,190,564,149,6470,56.04719764011799,25.19893899204244,45.02369668246445,8.018197327267558
v4,2025,5,32,MGH,7918,361,288,753,73,6804,79.77839335180056,27.6657060518732,57.94768611670021,9.964271536323938
lstm_t,2025,5,32,MGH,7918,361,193,500,168,7057,53.46260387811634,27.849927849927848,45.15676181562939,6.61638216223369
lineal_t,2025,5,32,MGH,7918,361,157,438,204,7119,43.49030470914128,26.386554621848735,38.499264345267285,5.795950774116713
v4,2025,5,32,MON,5301,236,155,348,81,4717,65.67796610169492,30.81510934393638,53.55908776779544,6.870681145113524
lstm_t,2025,5,32,MON,5301,236,93,378,143,4687,39.40677966101695,19.745222929936304,32.86219081272085,7.462981243830208
lineal_t,2025,5,32,MON,5301,236,111,343,125,4722,47.03389830508475,24.449339207048457,39.69957081545064,6.771964461994077
v4,2025,5,32,MPA,5728,269,178,537,91,4922,66.17100371747212,24.895104895104897,49.6929089893914,9.836966477376809
lstm_t,2025,5,32,MPA,5728,269,183,582,86,4877,68.02973977695167,23.92156862745098,49.70124932102119,10.661293277156988
lineal_t,2025,5,32,MPA,5728,269,152,480,117,4979,56.50557620817844,24.050632911392405,44.49648711943794,8.792819197655248
v4,2025,5,32,NEZ,6451,302,240,542,62,5607,79.47019867549669,30.690537084398976,60.30150753768845,8.814441372580907
lstm_t,2025,5,32,NEZ,6451,302,112,369,190,5780,37.086092715231786,23.28482328482329,33.15571343990527,6.000975768417629
lineal_t,2025,5,32,NEZ,6451,302,137,325,165,5824,45.36423841059602,29.653679653679653,41.01796407185629,5.2854122621564485
v4,2025,5,32,PED,8157,388,255,573,133,7196,65.72164948453609,30.797101449275363,53.57142857142857,7.375466598017763
lstm_t,2025,5,32,PED,8157,388,162,554,226,7215,41.75257731958763,22.625698324022345,35.714285714285715,7.130904878362724
lineal_t,2025,5,32,PED,8157,388,153,441,235,7328,39.43298969072165,25.75757575757576,35.64771668219944,5.676406229888016
v4,2025,5,32,SAC,4866,222,146,263,76,4381,65.76576576576576,35.696821515892424,56.28373168851195,5.663221360895779
lstm_t,2025,5,32,SAC,4866,222,74,225,148,4419,33.333333333333336,24.74916387959866,31.17101937657961,4.844961240310077
lineal_t,2025,5,32,SAC,4866,222,97,217,125,4427,43.693693693693696,30.89171974522293,40.349417637271216,4.67269595176572
v4,2025,5,32,SAG,7865,367,315,828,52,6670,85.83106267029973,27.55905511811024,60.32171581769437,11.042944785276074
lstm_t,2025,5,32,SAG,7865,367,127,589,240,6909,34.60490463215259,17.737430167597765,29.075091575091577,7.855428114163777
lineal_t,2025,5,32,SAG,7865,367,199,485,168,7013,54.223433242506815,29.093567251461987,46.2360594795539,6.468391571085623
v4,2025,5,32,TAH,5584,242,204,379,38,4963,84.29752066115702,34.99142367066895,65.76402321083172,7.094721078247847
lstm_t,2025,5,32,TAH,5584,242,184,394,58,4948,76.03305785123968,31.83391003460208,59.50840879689521,7.375514788468738
lineal_t,2025,5,32,TAH,5584,242,177,373,65,4969,73.14049586776859,32.18181818181818,58.30039525691699,6.982403594159491
v4,2025,5,32,TLA,8081,388,278,449,110,7244,71.64948453608247,38.23933975240716,60.99166301009215,5.836474717275445
lstm_t,2025,5,32,TLA,8081,388,98,354,290,7339,25.25773195876289,21.68141592920354,24.451097804391217,4.601585857272846
lineal_t,2025,5,32,TLA,8081,388,148,398,240,7295,38.144329896907216,27.106227106227102,35.27168732125834,5.173534381905628
v4,2025,5,32,TLI,7666,360,290,677,70,6629,80.55555555555556,29.98965873836608,60.24096385542169,9.26635641938133
lstm_t,2025,5,32,TLI,7666,360,143,553,217,6753,39.72222222222222,20.54597701149425,33.47378277153558,7.569121270188885
lineal_t,2025,5,32,TLI,7666,360,150,466,210,6840,41.66666666666666,24.350649350649352,36.478599221789885,6.37831918970709
v4,2025,5,32,UAX,6796,321,212,597,109,5878,66.04361370716511,26.205191594561185,50.645007166746296,9.22007722007722
lstm_t,2025,5,32,UAX,6796,321,152,565,169,5910,47.35202492211838,21.19944211994421,37.98100949525237,8.725868725868725
lineal_t,2025,5,32,UAX,6796,321,140,512,181,5963,43.61370716510904,21.47239263803681,36.15702479338843,7.9073359073359075
v4,2025,5,32,UIZ,7717,355,239,470,116,6892,67.32394366197182,33.70944992947814,56.12963832785345,6.384134745992936
lstm_t,2025,5,32,UIZ,7717,355,141,461,214,6901,39.71830985915493,23.421926910299003,34.86646884272997,6.261885357239881
lineal_t,2025,5,32,UIZ,7717,355,144,478,211,6884,40.563380281690144,23.15112540192926,35.25954946131244,6.4928008693289865
v4,2025,5,32,VIF,7653,368,310,594,58,6691,84.23913043478261,34.29203539823009,65.23569023569024,8.153740562800275
lstm_t,2025,5,32,VIF,7653,368,138,533,230,6752,37.5,20.566318926974663,32.19785347643491,7.316403568977351
lineal_t,2025,5,32,VIF,7653,368,168,421,200,6864,45.65217391304348,28.522920203735143,40.756914119359536,5.778997940974605
v4,2025,6,64,ACO,5710,261,259,658,2,4791,99.2337164750958,28.244274809160306,66.0377358490566,12.075610203707102
lstm_t,2025,6,64,ACO,5710,261,251,582,10,4867,96.16858237547892,30.13205282112845,66.86201385189132,10.68085887318774
lineal_t,2025,6,64,ACO,5710,261,255,431,6,5018,97.70114942528735,37.17201166180758,73.69942196531792,7.909708203340062
v4,2025,6,64,AJM,7765,372,356,556,16,6837,95.6989247311828,39.03508771929825,74.16666666666667,7.520627620722305
lstm_t,2025,6,64,AJM,7765,372,243,307,129,7086,65.3225806451613,44.18181818181818,59.617271835132485,4.152576761801704
lineal_t,2025,6,64,AJM,7765,372,254,368,118,7025,68.27956989247312,40.836012861736336,60.18957345971564,4.9776815906939
v4,2025,6,64,AJU,2422,98,98,132,0,2192,100.0,42.60869565217392,78.7781350482315,5.679862306368331
lstm_t,2025,6,64,AJU,2422,98,98,112,0,2212,100.0,46.66666666666666,81.3953488372093,4.819277108433735
lineal_t,2025,6,64,AJU,2422,98,89,100,9,2224,90.81632653061224,47.08994708994709,76.592082616179,4.3029259896729775
v4,2025,6,64,ATI,7585,359,359,857,0,6369,100.0,29.523026315789476,67.68476621417798,11.859950179905896
lstm_t,2025,6,64,ATI,7585,359,349,620,10,6606,97.21448467966574,36.01651186790506,72.55717255717256,8.580127318018267
lineal_t,2025,6,64,ATI,7585,359,341,565,18,6661,94.98607242339833,37.63796909492274,72.80102476515799,7.818986991419873
v4,2025,6,64,BJU,4804,226,225,650,1,3928,99.5575221238938,25.714285714285715,63.23777403035413,14.19833988641328
lstm_t,2025,6,64,BJU,4804,226,216,590,10,3988,95.57522123893806,26.799007444168733,63.1578947368421,12.887723896898208
lineal_t,2025,6,64,BJU,4804,226,214,466,12,4112,94.69026548672566,31.47058823529412,67.55050505050505,10.17911751856706
v4,2025,6,64,CAM,7923,373,370,842,3,6708,99.19571045576409,30.528052805280527,68.4171597633136,11.1523178807947
lstm_t,2025,6,64,CAM,7923,373,307,669,66,6881,82.30563002680965,31.454918032786885,62.19611021069692,8.860927152317881
lineal_t,2025,6,64,CAM,7923,373,341,458,32,7092,91.42091152815011,42.67834793491865,74.42164993452641,6.066225165562914
v4,2025,6,64,CCA,8491,400,396,918,4,7173,99.0,30.136986301369863,67.94783802333562,11.345939933259176
lstm_t,2025,6,64,CCA,8491,400,302,716,98,7375,75.5,29.66601178781925,57.67761650114591,8.849338771474478
lineal_t,2025,6,64,CCA,8491,400,373,536,27,7555,93.25,41.03410341034103,74.33240334794739,6.624644666913855
v4,2025,6,64,CHO,3008,130,130,400,0,2478,100.0,24.52830188679245,61.90476190476191,13.89854065323141
lstm_t,2025,6,64,CHO,3008,130,127,375,3,2503,97.6923076923077,25.29880478087649,62.13307240704501,13.029881862404448
lineal_t,2025,6,64,CHO,3008,130,120,337,10,2541,92.3076923076923,26.2582056892779,61.41248720573184,11.709520500347464
v4,2025,6,64,CUA,4361,204,202,465,2,3692,99.01960784313724,30.284857571214392,68.10519217801753,11.185951407264854
lstm_t,2025,6,64,CUA,4361,204,186,323,18,3834,91.17647058823528,36.54223968565815,70.18867924528301,7.770026461390426
lineal_t,2025,6,64,CUA,4361,204,163,288,41,3869,79.90196078431373,36.14190687361419,64.32517758484609,6.928073129660813
v4,2025,6,64,CUT,8094,392,388,781,4,6921,98.9795918367347,33.19076133447391,70.88052612349287,10.14022331861854
lstm_t,2025,6,64,CUT,8094,392,373,733,19,6969,95.1530612244898,33.725135623869804,69.74569932685115,9.517008569202805
lineal_t,2025,6,64,CUT,8094,392,358,539,34,7163,91.3265306122449,39.9108138238573,72.61663286004057,6.998182290314204
v4,2025,6,64,FAC,7567,351,350,632,1,6584,99.71509971509973,35.64154786150713,73.34450963956412,8.758314855875831
lstm_t,2025,6,64,FAC,7567,351,306,470,45,6746,87.17948717948718,39.43298969072165,70.18348623853211,6.513303769401331
lineal_t,2025,6,64,FAC,7567,351,324,480,27,6736,92.3076923076923,40.298507462686565,73.3695652173913,6.651884700665189
v4,2025,6,64,FAR,6210,277,276,757,1,5176,99.63898916967509,26.718296224588578,64.45586174684726,12.75914377212203
lstm_t,2025,6,64,FAR,6210,277,252,595,25,5338,90.97472924187726,29.75206611570248,64.45012787723785,10.02865329512894
lineal_t,2025,6,64,FAR,6210,277,269,592,8,5341,97.11191335740072,31.24274099883856,68.30878618588116,9.978088656666104
v4,2025,6,64,GAM,6420,303,299,784,4,5333,98.67986798679868,27.60849492151431,65.14161220043573,12.81674023213994
lstm_t,2025,6,64,GAM,6420,303,267,527,36,5590,88.11881188118812,33.6272040302267,66.55034895314058,8.61533431420631
lineal_t,2025,6,64,GAM,6420,303,274,443,29,5674,90.42904290429044,38.21478382147839,71.02125453602903,7.242112146477031
v4,2025,6,64,INN,7606,357,356,814,1,6435,99.71988795518207,30.427350427350422,68.51424172440339,11.229135053110774
lstm_t,2025,6,64,INN,7606,357,356,815,1,6434,99.71988795518207,30.40136635354398,68.4878799538284,11.242930059318526
lineal_t,2025,6,64,INN,7606,357,355,1000,2,6249,99.43977591036416,26.199261992619927,63.7800934243622,13.795006207752794
v4,2025,6,64,IZT,4662,212,211,398,1,4052,99.52830188679243,34.64696223316913,72.40905971173645,8.9438202247191
lstm_t,2025,6,64,IZT,4662,212,191,322,21,4128,90.09433962264151,37.23196881091618,70.16899338721528,7.235955056179775
lineal_t,2025,6,64,IZT,4662,212,196,315,16,4135,92.45283018867924,38.35616438356164,72.11184694628403,7.078651685393258
v4,2025,6,64,LLA,7799,371,368,729,3,6699,99.19137466307278,33.54603463992707,71.2901975978303,9.81421647819063
lstm_t,2025,6,64,LLA,7799,371,358,555,13,6873,96.49595687331536,39.211391018619935,74.67667918231122,7.47172859450727
lineal_t,2025,6,64,LLA,7799,371,354,449,17,6979,95.4177897574124,44.08468244084683,77.39396589418452,6.044695745826602
v4,2025,6,64,LPR,7764,366,365,706,1,6692,99.72677595628416,34.08029878618114,71.99211045364892,9.543119762097865
lstm_t,2025,6,64,LPR,7764,366,335,490,31,6908,91.53005464480874,40.60606060606061,73.17605941459152,6.623411732900784
lineal_t,2025,6,64,LPR,7764,366,350,498,16,6900,95.62841530054644,41.27358490566038,75.69204152249135,6.73154906731549
v4,2025,6,64,MER,7373,339,336,798,3,6236,99.1150442477876,29.62962962962963,67.46987951807229,11.344896218367928
lstm_t,2025,6,64,MER,7373,339,309,594,30,6440,91.15044247787613,34.21926910299003,68.39309428950864,8.444697185100939
lineal_t,2025,6,64,MER,7373,339,326,577,13,6457,96.16519174041298,36.10188261351052,72.15582115980523,8.20301393232869
v4,2025,6,64,MGH,7918,361,358,926,3,6631,99.16897506925208,27.881619937694705,65.6158357771261,12.253539764456796
lstm_t,2025,6,64,MGH,7918,361,339,525,22,7032,93.90581717451524,39.23611111111112,73.44020797227036,6.947201270345375
lineal_t,2025,6,64,MGH,7918,361,335,450,26,7107,92.797783933518,42.67515923566879,75.14580529385374,5.954743946010321
v4,2025,6,64,MON,5301,236,235,422,1,4643,99.57627118644068,35.76864535768645,73.39163023110557,8.331688055281342
lstm_t,2025,6,64,MON,5301,236,224,407,12,4658,94.91525423728814,35.49920760697306,71.11111111111111,8.035538005923001
lineal_t,2025,6,64,MON,5301,236,221,370,15,4695,93.64406779661016,37.39424703891709,71.9869706840391,7.305034550839092
v4,2025,6,64,MPA,5728,269,265,640,4,4819,98.51301115241635,29.281767955801104,66.88541140837961,11.723758930206998
lstm_t,2025,6,64,MPA,5728,269,254,653,15,4806,94.42379182156134,28.004410143329658,64.04437720625315,11.961897783476829
lineal_t,2025,6,64,MPA,5728,269,227,521,42,4938,84.38661710037175,30.3475935828877,62.22587719298246,9.543872504121634
v4,2025,6,64,NEZ,6451,302,299,675,3,5474,99.00662251655628,30.698151950718685,68.51512373968836,10.97739469832493
lstm_t,2025,6,64,NEZ,6451,302,271,428,31,5721,89.73509933774834,38.76967095851216,71.05401153644468,6.96048137908603
lineal_t,2025,6,64,NEZ,6451,302,285,366,17,5783,94.37086092715232,43.77880184331797,76.65411511565358,5.952187347536185
v4,2025,6,64,PED,8157,388,384,762,4,7007,98.96907216494846,33.50785340314136,71.16382505559673,9.808212125112629
lstm_t,2025,6,64,PED,8157,388,330,596,58,7173,85.05154639175258,35.63714902807775,66.5859564164649,7.671514995494916
lineal_t,2025,6,64,PED,8157,388,350,463,38,7306,90.20618556701032,43.05043050430504,73.99577167019028,5.959582957909641
v4,2025,6,64,SAC,4866,222,220,338,2,4306,99.09909909909908,39.42652329749104,76.07192254495159,7.278208440999139
lstm_t,2025,6,64,SAC,4866,222,197,210,25,4434,88.73873873873873,48.4029484029484,76.06177606177606,4.521963824289406
lineal_t,2025,6,64,SAC,4866,222,193,223,29,4421,86.93693693693693,46.39423076923077,74.00306748466258,4.801894918173988
v4,2025,6,64,SAG,7865,367,366,955,1,6543,99.7275204359673,27.70628311884936,65.61491574040875,12.736729794611897
lstm_t,2025,6,64,SAG,7865,367,353,594,14,6904,96.18528610354224,37.27560718057022,73.08488612836439,7.922112563350226
lineal_t,2025,6,64,SAG,7865,367,359,524,8,6974,97.82016348773844,40.65685164212911,76.35048915355168,6.98853027473993
v4,2025,6,64,TAH,5584,242,240,500,2,4842,99.17355371900828,32.432432432432435,70.2576112412178,9.35979034069637
lstm_t,2025,6,64,TAH,5584,242,238,431,4,4911,98.34710743801652,35.57548579970105,72.69395235186316,8.06813927368027
lineal_t,2025,6,64,TAH,5584,242,229,428,13,4914,94.62809917355372,34.855403348554034,70.46153846153847,8.011980531636091
v4,2025,6,64,TLA,8081,388,383,618,5,7075,98.71134020618555,38.26173826173826,75.00979240109675,8.033277005069543
lstm_t,2025,6,64,TLA,8081,388,314,393,74,7300,80.9278350515464,44.41301272984441,69.49977866312528,5.108540231379176
lineal_t,2025,6,64,TLA,8081,388,347,415,41,7278,89.43298969072166,45.53805774278215,74.97839239412274,5.394514493695567
v4,2025,6,64,TLI,7666,360,360,845,0,6461,100.0,29.87551867219917,68.05293005671078,11.565836298932384
lstm_t,2025,6,64,TLI,7666,360,340,579,20,6727,94.44444444444444,36.996735582154514,72.06443408223824,7.924993156309882
lineal_t,2025,6,64,TLI,7666,360,332,495,28,6811,92.22222222222224,40.14510278113664,73.22452580502868,6.775253216534355
v4,2025,6,64,UAX,6796,321,312,751,9,5724,97.196261682243,29.350893697083727,66.46783127396677,11.5984555984556
lstm_t,2025,6,64,UAX,6796,321,302,610,19,5865,94.0809968847352,33.1140350877193,68.76138433515483,9.420849420849422
lineal_t,2025,6,64,UAX,6796,321,295,549,26,5926,91.90031152647975,34.95260663507109,69.31390977443608,8.478764478764479
v4,2025,6,64,UIZ,7717,355,352,600,3,6762,99.15492957746478,36.97478991596638,74.19898819561551,8.149959250203748
lstm_t,2025,6,64,UIZ,7717,355,324,470,31,6892,91.26760563380282,40.806045340050375,73.17073170731707,6.384134745992936
lineal_t,2025,6,64,UIZ,7717,355,326,494,29,6868,91.83098591549296,39.75609756097561,72.76785714285714,6.710133116001087
v4,2025,6,64,VIF,7653,368,366,752,2,6533,99.45652173913044,32.73703041144902,70.65637065637065,10.32258064516129
lstm_t,2025,6,64,VIF,7653,368,339,570,29,6715,92.1195652173913,37.29372937293729,71.18857622847543,7.824296499656829
lineal_t,2025,6,64,VIF,7653,368,319,462,49,6823,86.68478260869566,40.84507042253521,70.79449622725255,6.341798215511325
v4,2025,7,128,ACO,5710,261,261,1010,0,4439,100.0,20.53501180173092,56.371490280777536,18.535511102954672
lstm_t,2025,7,128,ACO,5710,261,261,1004,0,4445,100.0,20.63241106719368,56.51797314854915,18.425399155808407
lineal_t,2025,7,128,ACO,5710,261,261,841,0,4608,100.0,23.68421052631579,60.810810810810814,15.434024591668196
v4,2025,7,128,AJM,7765,372,372,818,0,6575,100.0,31.26050420168067,69.45481702763256,11.064520492357635
lstm_t,2025,7,128,AJM,7765,372,371,557,1,6836,99.73118279569891,39.97844827586207,76.77980132450331,7.5341539293926685
lineal_t,2025,7,128,AJM,7765,372,347,566,25,6827,93.27956989247312,38.0065717415115,72.26155768429821,7.655890707425943
v4,2025,7,128,AJU,2422,98,98,249,0,2075,100.0,28.24207492795389,66.30581867388362,10.714285714285714
lstm_t,2025,7,128,AJU,2422,98,98,224,0,2100,100.0,30.43478260869565,68.62745098039215,9.63855421686747
lineal_t,2025,7,128,AJU,2422,98,98,182,0,2142,100.0,35.0,72.91666666666667,7.831325301204819
v4,2025,7,128,ATI,7585,359,359,1316,0,5910,100.0,21.432835820895523,57.69848923175828,18.212012178245224
lstm_t,2025,7,128,ATI,7585,359,359,1082,0,6144,100.0,24.91325468424705,62.391379909628085,14.973706061444783
lineal_t,2025,7,128,ATI,7585,359,358,987,1,6239,99.72144846796655,26.617100371747213,64.3653362099964,13.659009133683918
v4,2025,7,128,BJU,4804,226,226,820,0,3758,100.0,21.606118546845124,57.94871794871795,17.911751856705987
lstm_t,2025,7,128,BJU,4804,226,226,776,0,3802,100.0,22.55489021956088,59.28646379853095,16.950633464394933
lineal_t,2025,7,128,BJU,4804,226,226,666,0,3912,100.0,25.33632286995516,62.91759465478842,14.5478374836173
v4,2025,7,128,CAM,7923,373,373,1202,0,6348,100.0,23.682539682539684,60.808607760026085,15.920529801324504
lstm_t,2025,7,128,CAM,7923,373,373,929,0,6621,100.0,28.64823348694317,66.75017895490336,12.304635761589404
lineal_t,2025,7,128,CAM,7923,373,373,805,0,6745,100.0,31.66383701188455,69.8501872659176,10.66225165562914
v4,2025,7,128,CCA,8491,400,400,1196,0,6895,100.0,25.06265664160401,62.57822277847309,14.78185638363614
lstm_t,2025,7,128,CCA,8491,400,400,1154,0,6937,100.0,25.74002574002574,63.41154090044388,14.262761092571994
lineal_t,2025,7,128,CCA,8491,400,400,864,0,7227,100.0,31.64556962025317,69.83240223463687,10.67853170189099
v4,2025,7,128,CHO,3008,130,130,672,0,2206,100.0,16.209476309226932,49.167927382753405,23.34954829742877
lstm_t,2025,7,128,CHO,3008,130,130,636,0,2242,100.0,16.971279373368148,50.5443234836703,22.098679638637943
lineal_t,2025,7,128,CHO,3008,130,130,526,0,2352,100.0,19.817073170731707,55.27210884353742,18.276580958999304
v4,2025,7,128,CUA,4361,204,204,700,0,3457,100.0,22.56637168141593,59.30232558139535,16.839066634592253
lstm_t,2025,7,128,CUA,4361,204,204,539,0,3618,100.0,27.45625841184388,65.4265554842848,12.966081308636037
lineal_t,2025,7,128,CUA,4361,204,201,411,3,3746,98.52941176470588,32.84313725490196,70.3781512605042,9.886937695453453
v4,2025,7,128,CUT,8094,392,392,1335,0,6367,100.0,22.69832078749276,59.48406676783004,17.333160218125162
lstm_t,2025,7,128,CUT,8094,392,392,1352,0,6350,100.0,22.47706422018349,59.17874396135266,17.553882108543235
lineal_t,2025,7,128,CUT,8094,392,392,1105,0,6597,100.0,26.18570474281897,63.947797716150085,14.34692287717476
v4,2025,7,128,FAC,7567,351,351,1031,0,6185,100.0,25.397973950795947,62.99353912419239,14.287694013303769
lstm_t,2025,7,128,FAC,7567,351,351,732,0,6484,100.0,32.40997229916898,70.56694813027744,10.144124168514413
lineal_t,2025,7,128,FAC,7567,351,351,778,0,6438,100.0,31.08945969884854,69.28543229372286,10.78159645232816
v4,2025,7,128,FAR,6210,277,277,1139,0,4794,100.0,19.562146892655367,54.87321711568938,19.197707736389685
lstm_t,2025,7,128,FAR,6210,277,277,958,0,4975,100.0,22.42914979757085,59.112249253094326,16.146974549131972
lineal_t,2025,7,128,FAR,6210,277,277,1087,0,4846,100.0,20.30791788856305,56.02750809061489,18.32125400303388
v4,2025,7,128,GAM,6420,303,303,1097,0,5020,100.0,21.642857142857142,58.00153139356815,17.93362759522642
lstm_t,2025,7,128,GAM,6420,303,303,887,0,5230,100.0,25.462184873949575,63.07243963363864,14.50057217590322
lineal_t,2025,7,128,GAM,6420,303,302,739,1,5378,99.66996699669969,29.010566762728143,67.02174877940524,12.081085499427823
v4,2025,7,128,INN,7606,357,357,1309,0,5940,100.0,21.428571428571427,57.69230769230769,18.057663125948405
lstm_t,2025,7,128,INN,7606,357,357,1314,0,5935,100.0,21.364452423698385,57.59922555663117,18.12663815698717
lineal_t,2025,7,128,INN,7606,357,357,1665,0,5584,100.0,17.655786350148368,51.73913043478261,22.9686853359084
v4,2025,7,128,IZT,4662,212,212,570,0,3880,100.0,27.10997442455243,65.03067484662577,12.808988764044944
lstm_t,2025,7,128,IZT,4662,212,212,473,0,3977,100.0,30.94890510948905,69.14546640574038,10.629213483146067
lineal_t,2025,7,128,IZT,4662,212,212,515,0,3935,100.0,29.16093535075653,67.3015873015873,11.573033707865168
v4,2025,7,128,LLA,7799,371,371,1242,0,6186,100.0,23.000619962802237,59.89667420083952,16.720516962843295
lstm_t,2025,7,128,LLA,7799,371,371,1087,0,6341,100.0,25.44581618655693,63.05234534330388,14.633817985998922
lineal_t,2025,7,128,LLA,7799,371,371,930,0,6498,100.0,28.51652574942352,66.6068222621185,12.520193861066236
v4,2025,7,128,LPR,7764,366,366,1198,0,6200,100.0,23.40153452685422,60.43593130779392,16.193565828602324
lstm_t,2025,7,128,LPR,7764,366,366,1020,0,6378,100.0,26.40692640692641,64.21052631578948,13.7875101378751
lineal_t,2025,7,128,LPR,7764,366,366,976,0,6422,100.0,27.272727272727277,65.21739130434783,13.192754798594216
v4,2025,7,128,MER,7373,339,339,1063,0,5971,100.0,24.17974322396576,61.45757795503988,15.112311629229456
lstm_t,2025,7,128,MER,7373,339,339,859,0,6175,100.0,28.297161936560936,66.3664839467502,12.212112595962468
lineal_t,2025,7,128,MER,7373,339,339,919,0,6115,100.0,26.947535771065183,64.84315225707728,13.06511231162923
v4,2025,7,128,MGH,7918,361,361,1229,0,6328,100.0,22.70440251572327,59.49241924851681,16.26306735477041
lstm_t,2025,7,128,MGH,7918,361,361,935,0,6622,100.0,27.854938271604937,65.87591240875912,12.372634643377
lineal_t,2025,7,128,MGH,7918,361,361,759,0,6798,100.0,32.232142857142854,70.3978159126365,10.043668122270743
v4,2025,7,128,MON,5301,236,236,644,0,4421,100.0,26.818181818181817,64.69298245614036,12.714708785784795
lstm_t,2025,7,128,MON,5301,236,236,618,0,4447,100.0,27.634660421545668,65.62847608453838,12.201382033563672
lineal_t,2025,7,128,MON,5301,236,236,637,0,4428,100.0,27.033218785796105,64.94221243808475,12.57650542941757
v4,2025,7,128,MPA,5728,269,268,1051,1,4408,99.62825278810408,20.318423047763456,55.94989561586639,19.252610368199303
lstm_t,2025,7,128,MPA,5728,269,268,1095,1,4364,99.62825278810408,19.662509170946443,54.94054940549405,20.05861879465104
lineal_t,2025,7,128,MPA,5728,269,268,842,1,4617,99.62825278810408,24.144144144144143,61.299176578225065,15.42407034255358
v4,2025,7,128,NEZ,6451,302,302,1111,0,5038,100.0,21.372965322009907,57.61159862647845,18.067978533094813
lstm_t,2025,7,128,NEZ,6451,302,302,813,0,5336,100.0,27.08520179372197,65.00215238915196,13.22166205887136
lineal_t,2025,7,128,NEZ,6451,302,302,701,0,5448,100.0,30.10967098703888,68.29488919041158,11.400227679297446
v4,2025,7,128,PED,8157,388,387,1011,1,6758,99.74226804123712,27.682403433476395,65.59322033898304,13.013257819539197
lstm_t,2025,7,128,PED,8157,388,387,864,1,6905,99.74226804123712,30.93525179856115,69.03317873706743,11.121122409576522
lineal_t,2025,7,128,PED,8157,388,387,747,1,7022,99.74226804123712,34.12698412698413,72.04020848845867,9.615137083279702
v4,2025,7,128,SAC,4866,222,222,516,0,4128,100.0,30.08130081300813,68.26568265682657,11.11111111111111
lstm_t,2025,7,128,SAC,4866,222,222,438,0,4206,100.0,33.63636363636363,71.70542635658914,9.431524547803615
lineal_t,2025,7,128,SAC,4866,222,219,417,3,4227,98.64864864864865,34.43396226415094,71.85039370078741,8.979328165374676
v4,2025,7,128,SAG,7865,367,367,1263,0,6235,100.0,22.51533742331288,59.2317624273725,16.8444918644972
lstm_t,2025,7,128,SAG,7865,367,367,994,0,6504,100.0,26.965466568699487,64.8639095086603,13.256868498266204
lineal_t,2025,7,128,SAG,7865,367,367,993,0,6505,100.0,26.985294117647054,64.88684582743988,13.243531608428915
v4,2025,7,128,TAH,5584,242,242,857,0,4485,100.0,22.02001819836215,58.53894533139816,16.042680643953574
lstm_t,2025,7,128,TAH,5584,242,242,759,0,4583,100.0,24.17582417582417,61.452513966480446,14.208161737177088
lineal_t,2025,7,128,TAH,5584,242,242,757,0,4585,100.0,24.224224224224223,61.51499745805796,14.170722575814304
v4,2025,7,128,TLA,8081,388,388,1004,0,6689,100.0,27.873563218390803,65.89673913043478,13.050825425711686
lstm_t,2025,7,128,TLA,8081,388,388,823,0,6870,100.0,32.03963666391412,70.21353601158161,10.6980371766541
lineal_t,2025,7,128,TLA,8081,388,388,847,0,6846,100.0,31.417004048583,69.60889845712235,11.010009099181074
v4,2025,7,128,TLI,7666,360,360,1386,0,5920,100.0,20.61855670103093,56.49717514124294,18.970709006296197
lstm_t,2025,7,128,TLI,7666,360,360,1225,0,6081,100.0,22.71293375394322,59.50413223140496,16.7670407883931
lineal_t,2025,7,128,TLI,7666,360,360,927,0,6379,100.0,27.972027972027973,66.00660066006601,12.688201478237064
v4,2025,7,128,UAX,6796,321,321,885,0,5590,100.0,26.61691542288557,64.4578313253012,13.667953667953668
lstm_t,2025,7,128,UAX,6796,321,321,745,0,5730,100.0,30.112570356472794,68.29787234042553,11.505791505791503
lineal_t,2025,7,128,UAX,6796,321,321,797,0,5678,100.0,28.711985688729875,66.81931723563697,12.308880308880308
v4,2025,7,128,UIZ,7717,355,355,936,0,6426,100.0,27.49806351665376,65.47399483585393,12.71393643031785
lstm_t,2025,7,128,UIZ,7717,355,355,798,0,6564,100.0,30.789245446660885,68.98561989895065,10.839445802770989
lineal_t,2025,7,128,UIZ,7717,355,355,768,0,6594,100.0,31.611754229741763,69.79944946913095,10.4319478402608
v4,2025,7,128,VIF,7653,368,368,1248,0,6037,100.0,22.77227722772277,59.58549222797927,17.131091283459163
lstm_t,2025,7,128,VIF,7653,368,368,1290,0,5995,100.0,22.195416164053075,58.78594249201278,17.707618393960193
lineal_t,2025,7,128,VIF,7653,368,366,1082,2,6203,99.45652173913044,25.27624309392265,62.67123287671233,14.852436513383664
v4,2026,0,1,ACO,3922,191,11,233,180,3498,5.7591623036649215,4.508196721311475,5.456349206349207,6.244974537657464
lstm_t,2026,0,1,ACO,3922,191,13,218,178,3513,6.806282722513089,5.627705627705628,6.532663316582915,5.842937550254623
lineal_t,2026,0,1,ACO,3922,191,14,224,177,3507,7.329842931937173,5.882352941176471,6.986027944111776,6.00375234521576
v4,2026,0,1,AJM,4092,199,13,178,186,3715,6.532663316582915,6.806282722513089,6.585612968591692,4.572309273054199
lstm_t,2026,0,1,AJM,4092,199,6,97,193,3796,3.0150753768844223,5.825242718446602,3.337041156840934,2.491651682507064
lineal_t,2026,0,1,AJM,4092,199,10,233,189,3660,5.025125628140704,4.11522633744856,4.8123195380173245,5.985101464166452
v4,2026,0,1,ATI,4617,224,19,400,205,3993,8.482142857142858,4.534606205250597,7.224334600760456,9.105394946505804
lstm_t,2026,0,1,ATI,4617,224,18,393,206,4000,8.035714285714286,4.37956204379562,6.885998469778118,8.946050534941953
lineal_t,2026,0,1,ATI,4617,224,13,342,211,4051,5.803571428571429,3.661971830985916,5.1958433253397285,7.785112679262463
v4,2026,0,1,BJU,4387,215,14,335,201,3837,6.511627906976744,4.011461318051576,5.789909015715467,8.029721955896452
lstm_t,2026,0,1,BJU,4387,215,18,442,197,3730,8.372093023255815,3.9130434782608696,6.818181818181818,10.594439117929053
lineal_t,2026,0,1,BJU,4387,215,11,377,204,3795,5.116279069767442,2.8350515463917527,4.407051282051282,9.036433365292426
v4,2026,0,1,CAM,3342,160,11,178,149,3004,6.875,5.8201058201058204,6.634499396863691,5.593966059082338
lstm_t,2026,0,1,CAM,3342,160,7,171,153,3011,4.375,3.932584269662921,4.278728606356968,5.373978629792584
lineal_t,2026,0,1,CAM,3342,160,9,145,151,3037,5.625,5.8441558441558445,5.667506297229219,4.556882463859208
v4,2026,0,1,CCA,4727,232,17,309,215,4186,7.327586206896552,5.214723926380368,6.778309409888357,6.874304783092325
lstm_t,2026,0,1,CCA,4727,232,13,269,219,4226,5.603448275862069,4.609929078014185,5.371900826446281,5.984427141268076
lineal_t,2026,0,1,CCA,4727,232,14,286,218,4209,6.0344827586206895,4.666666666666667,5.700325732899023,6.362625139043382
v4,2026,0,1,CUA,3391,170,14,218,156,3003,8.235294117647058,6.0344827586206895,7.675438596491228,6.768084445824278
lstm_t,2026,0,1,CUA,3391,170,6,171,164,3050,3.5294117647058822,3.389830508474576,3.500583430571762,5.308910276311704
lineal_t,2026,0,1,CUA,3391,170,6,150,164,3071,3.5294117647058822,3.8461538461538463,3.588516746411483,4.656938838869916
v4,2026,0,1,CUT,4685,224,11,284,213,4177,4.910714285714286,3.7288135593220337,4.617968094038623,6.366285586191437
lstm_t,2026,0,1,CUT,4685,224,18,283,206,4178,8.035714285714286,5.980066445182724,7.518796992481203,6.3438690876485095
lineal_t,2026,0,1,CUT,4685,224,11,241,213,4220,4.910714285714286,4.365079365079365,4.790940766550523,5.40237614884555
v4,2026,0,1,FAC,4685,221,14,331,207,4133,6.334841628959276,4.057971014492754,5.695687550854353,7.414874551971326
lstm_t,2026,0,1,FAC,4685,221,10,251,211,4213,4.524886877828054,3.8314176245210727,4.366812227074236,5.622759856630824
lineal_t,2026,0,1,FAC,4685,221,13,287,208,4177,5.882352941176471,4.333333333333333,5.489864864864865,6.42921146953405
v4,2026,0,1,GAM,4805,231,11,208,220,4366,4.761904761904762,5.0228310502283104,4.811898512685914,4.547442063839091
lstm_t,2026,0,1,GAM,4805,231,9,169,222,4405,3.896103896103896,5.056179775280899,4.083484573502722,3.694796676869261
lineal_t,2026,0,1,GAM,4805,231,9,173,222,4401,3.896103896103896,4.945054945054945,4.06871609403255,3.7822474857892434
v4,2026,0,1,INN,4287,208,15,310,193,3769,7.211538461538462,4.615384615384615,6.48228176318064,7.599901936749204
lstm_t,2026,0,1,INN,4287,208,16,286,192,3793,7.6923076923076925,5.298013245033113,7.054673721340388,7.011522431968619
lineal_t,2026,0,1,INN,4287,208,16,290,192,3789,7.6923076923076925,5.228758169934641,7.0298769771529,7.109585682765384
v4,2026,0,1,IZT,3116,153,9,186,144,2777,5.882352941176471,4.615384615384615,5.5762081784386615,6.277421532230847
lstm_t,2026,0,1,IZT,3116,153,8,190,145,2773,5.228758169934641,4.040404040404041,4.938271604938271,6.41241984475194
lineal_t,2026,0,1,IZT,3116,153,7,197,146,2766,4.57516339869281,3.431372549019608,4.28921568627451,6.648666891663854
v4,2026,0,1,LLA,4668,230,18,321,212,4117,7.826086956521739,5.3097345132743365,7.148530579825258,7.232987832356917
lstm_t,2026,0,1,LLA,4668,230,18,269,212,4169,7.826086956521739,6.2717770034843205,7.456503728251864,6.061288868859847
lineal_t,2026,0,1,LLA,4668,230,16,296,214,4142,6.956521739130435,5.128205128205129,6.493506493506493,6.669671022983326
v4,2026,0,1,LPR,4572,228,8,307,220,4037,3.508771929824561,2.5396825396825395,3.2599837000814995,7.067219152854512
lstm_t,2026,0,1,LPR,4572,228,6,240,222,4104,2.631578947368421,2.4390243902439024,2.5906735751295336,5.524861878453039
lineal_t,2026,0,1,LPR,4572,228,9,298,219,4046,3.947368421052632,2.931596091205212,3.691550451189499,6.860036832412523
v4,2026,0,1,MER,4704,226,16,371,210,4107,7.079646017699115,4.134366925064599,6.196746707978312,8.284948637784725
lstm_t,2026,0,1,MER,4704,226,17,373,209,4105,7.522123893805309,4.358974358974359,6.568778979907265,8.329611433675748
lineal_t,2026,0,1,MER,4704,226,16,375,210,4103,7.079646017699115,4.092071611253197,6.177606177606178,8.37427422956677
v4,2026,0,1,MGH,4881,238,18,281,220,4362,7.563025210084033,6.020066889632108,7.194244604316546,6.052121473185441
lstm_t,2026,0,1,MGH,4881,238,14,261,224,4382,5.882352941176471,5.090909090909091,5.704971475142624,5.621365496446264
lineal_t,2026,0,1,MGH,4881,238,13,223,225,4420,5.46218487394958,5.508474576271187,5.471380471380472,4.802929140641826
v4,2026,0,1,MON,3907,200,21,295,179,3412,10.5,6.6455696202531644,9.408602150537634,7.957917453466415
lstm_t,2026,0,1,MON,3907,200,19,335,181,3372,9.5,5.367231638418079,8.232235701906413,9.036957108173723
lineal_t,2026,0,1,MON,3907,200,17,265,183,3442,8.5,6.028368794326241,7.855822550831793,7.148637712435932
v4,2026,0,1,MPA,2306,111,6,141,105,2054,5.405405405405405,4.081632653061225,5.076142131979696,6.42369020501139
lstm_t,2026,0,1,MPA,2306,111,8,154,103,2041,7.207207207207207,4.938271604938271,6.600660066006601,7.015945330296128
lineal_t,2026,0,1,MPA,2306,111,7,126,104,2069,6.306306306306307,5.2631578947368425,6.065857885615252,5.740318906605922
v4,2026,0,1,NEZ,4316,203,15,338,188,3775,7.389162561576355,4.2492917847025495,6.437768240343348,8.217845854607342
lstm_t,2026,0,1,NEZ,4316,203,9,274,194,3839,4.433497536945813,3.180212014134276,4.109589041095891,6.661804035983467
lineal_t,2026,0,1,NEZ,4316,203,10,282,193,3831,4.926108374384237,3.4246575342465757,4.528985507246377,6.856309263311451
v4,2026,0,1,PED,4743,233,12,259,221,4251,5.150214592274678,4.428044280442805,4.987531172069826,5.74279379157428
lstm_t,2026,0,1,PED,4743,233,11,241,222,4269,4.721030042918455,4.365079365079365,4.64527027027027,5.343680709534368
lineal_t,2026,0,1,PED,4743,233,8,211,225,4299,3.433476394849785,3.65296803652968,3.475238922675934,4.678492239467849
v4,2026,0,1,SAC,3629,173,12,186,161,3270,6.936416184971098,6.0606060606060606,6.741573033707865,5.381944444444445
lstm_t,2026,0,1,SAC,3629,173,5,125,168,3331,2.8901734104046244,3.8461538461538463,3.0413625304136254,3.616898148148149
lineal_t,2026,0,1,SAC,3629,173,6,184,167,3272,3.468208092485549,3.1578947368421053,3.401360544217687,5.324074074074074
v4,2026,0,1,SAG,3098,146,13,274,133,2678,8.904109589041095,4.529616724738676,7.462686567164179,9.281842818428183
lstm_t,2026,0,1,SAG,3098,146,10,221,136,2731,6.849315068493151,4.329004329004329,6.134969325153374,7.486449864498645
lineal_t,2026,0,1,SAG,3098,146,10,213,136,2739,6.849315068493151,4.484304932735426,6.195786864931846,7.215447154471545
v4,2026,0,1,TAH,3974,195,22,397,173,3382,11.282051282051285,5.250596658711217,9.174311926605505,10.50542471553321
lstm_t,2026,0,1,TAH,3974,195,17,328,178,3451,8.717948717948717,4.927536231884058,7.555555555555555,8.67954485313575
lineal_t,2026,0,1,TAH,3974,195,15,359,180,3420,7.6923076923076925,4.010695187165775,6.499133448873484,9.499867689865043
v4,2026,0,1,TLA,4233,201,9,206,192,3826,4.477611940298507,4.186046511627907,4.416094210009813,5.109126984126984
lstm_t,2026,0,1,TLA,4233,201,8,214,193,3818,3.9800995024875614,3.603603603603604,3.898635477582846,5.307539682539683
lineal_t,2026,0,1,TLA,4233,201,10,230,191,3802,4.975124378109452,4.166666666666667,4.789272030651341,5.704365079365079
v4,2026,0,1,TLI,4139,192,13,239,179,3708,6.770833333333333,5.158730158730159,6.372549019607843,6.055231821636686
lstm_t,2026,0,1,TLI,4139,192,9,173,183,3774,4.6875,4.945054945054945,4.7368421052631575,4.383075753737016
lineal_t,2026,0,1,TLI,4139,192,11,190,181,3757,5.729166666666667,5.472636815920398,5.6759545923632615,4.813782619711173
v4,2026,0,1,UAX,4679,223,8,219,215,4237,3.587443946188341,3.524229074889868,3.5746201966041107,4.914721723518851
lstm_t,2026,0,1,UAX,4679,223,6,174,217,4282,2.690582959641256,3.333333333333333,2.798507462686567,3.9048473967684014
lineal_t,2026,0,1,UAX,4679,223,9,200,214,4256,4.035874439461884,4.30622009569378,4.087193460490464,4.488330341113106
v4,2026,0,1,UIZ,4860,234,9,201,225,4425,3.8461538461538463,4.285714285714286,3.926701570680628,4.345006485084306
lstm_t,2026,0,1,UIZ,4860,234,8,182,226,4444,3.418803418803418,4.2105263157894735,3.552397868561279,3.934284479031561
lineal_t,2026,0,1,UIZ,4860,234,9,192,225,4434,3.8461538461538463,4.477611940298507,3.9577836411609497,4.150453955901427
v4,2026,0,1,VIF,4299,209,10,114,199,3976,4.784688995215311,8.064516129032258,5.208333333333333,2.7872860635696823
lstm_t,2026,0,1,VIF,4299,209,8,122,201,3968,3.827751196172249,6.153846153846154,4.140786749482402,2.9828850855745723
lineal_t,2026,0,1,VIF,4299,209,12,146,197,3944,5.741626794258373,7.594936708860759,6.036217303822937,3.569682151589242
v4,2026,1,2,ACO,3922,191,13,232,178,3499,6.806282722513089,5.306122448979592,6.442021803766105,6.218172071830608
lstm_t,2026,1,2,ACO,3922,191,15,217,176,3514,7.853403141361256,6.465517241379311,7.530120481927711,5.816135084427767
lineal_t,2026,1,2,ACO,3922,191,13,224,178,3507,6.806282722513089,5.485232067510548,6.493506493506493,6.00375234521576
v4,2026,1,2,AJM,4092,199,14,181,185,3712,7.035175879396985,7.17948717948718,7.063572149344097,4.649370665296686
lstm_t,2026,1,2,AJM,4092,199,8,95,191,3798,4.0201005025125625,7.766990291262136,4.4493882091212456,2.440277421012073
lineal_t,2026,1,2,AJM,4092,199,9,234,190,3659,4.522613065326633,3.703703703703704,4.331087584215592,6.010788594913948
v4,2026,1,2,ATI,4617,224,15,402,209,3991,6.696428571428571,3.597122302158273,5.712109672505712,9.150921921238334
lstm_t,2026,1,2,ATI,4617,224,17,393,207,4000,7.589285714285714,4.146341463414634,6.508422664624809,8.946050534941953
lineal_t,2026,1,2,ATI,4617,224,15,342,209,4051,6.696428571428571,4.201680672268908,5.985634477254589,7.785112679262463
v4,2026,1,2,BJU,4387,215,16,333,199,3839,7.441860465116279,4.584527220630372,6.617038875103392,7.981783317353787
lstm_t,2026,1,2,BJU,4387,215,16,441,199,3731,7.441860465116279,3.50109409190372,6.074411541381929,10.57046979865772
lineal_t,2026,1,2,BJU,4387,215,13,379,202,3793,6.046511627906977,3.316326530612245,5.1916932907348246,9.08437200383509
v4,2026,1,2,CAM,3342,160,12,178,148,3004,7.5,6.315789473684211,7.228915662650603,5.593966059082338
lstm_t,2026,1,2,CAM,3342,160,8,168,152,3014,5.0,4.545454545454546,4.901960784313726,5.279698302954117
lineal_t,2026,1,2,CAM,3342,160,7,145,153,3037,4.375,4.605263157894737,4.41919191919192,4.556882463859208
v4,2026,1,2,CCA,4727,232,18,307,214,4188,7.758620689655173,5.538461538461538,7.182761372705507,6.829810901001112
lstm_t,2026,1,2,CCA,4727,232,14,273,218,4222,6.0344827586206895,4.878048780487805,5.761316872427984,6.073414905450501
lineal_t,2026,1,2,CCA,4727,232,14,287,218,4208,6.0344827586206895,4.651162790697675,5.695687550854353,6.384872080088988
v4,2026,1,2,CUA,3391,170,16,215,154,3006,9.411764705882351,6.926406926406926,8.781558726673985,6.67494566904688
lstm_t,2026,1,2,CUA,3391,170,7,170,163,3051,4.117647058823529,3.9548022598870056,4.084014002333722,5.277864017385905
lineal_t,2026,1,2,CUA,3391,170,5,149,165,3072,2.9411764705882355,3.2467532467532467,2.997601918465228,4.625892579944117
v4,2026,1,2,CUT,4685,224,13,284,211,4177,5.803571428571429,4.377104377104377,5.448449287510478,6.366285586191437
lstm_t,2026,1,2,CUT,4685,224,17,283,207,4178,7.589285714285714,5.666666666666667,7.107023411371237,6.3438690876485095
lineal_t,2026,1,2,CUT,4685,224,14,242,210,4219,6.25,5.46875,6.076388888888889,5.424792647388478
v4,2026,1,2,FAC,4685,221,18,330,203,4134,8.144796380090497,5.172413793103448,7.305194805194805,7.39247311827957
lstm_t,2026,1,2,FAC,4685,221,10,254,211,4210,4.524886877828054,3.787878787878788,4.355400696864112,5.689964157706093
lineal_t,2026,1,2,FAC,4685,221,12,287,209,4177,5.429864253393665,4.013377926421405,5.07185122569738,6.42921146953405
v4,2026,1,2,GAM,4805,231,10,207,221,4367,4.329004329004329,4.608294930875576,4.382120946538125,4.525579361609095
lstm_t,2026,1,2,GAM,4805,231,8,168,223,4406,3.463203463203463,4.545454545454546,3.636363636363636,3.672933974639265
lineal_t,2026,1,2,GAM,4805,231,9,172,222,4402,3.896103896103896,4.972375690607735,4.072398190045249,3.760384783559248
v4,2026,1,2,INN,4287,208,17,308,191,3771,8.173076923076923,5.230769230769231,7.346585998271392,7.550870311350821
lstm_t,2026,1,2,INN,4287,208,16,285,192,3794,7.6923076923076925,5.3156146179402,7.06090026478376,6.987006619269429
lineal_t,2026,1,2,INN,4287,208,20,290,188,3789,9.615384615384617,6.451612903225806,8.756567425569177,7.109585682765384
v4,2026,1,2,IZT,3116,153,10,184,143,2779,6.5359477124183005,5.154639175257732,6.20347394540943,6.2099223759703
lstm_t,2026,1,2,IZT,3116,153,8,188,145,2775,5.228758169934641,4.081632653061225,4.950495049504951,6.344920688491394
lineal_t,2026,1,2,IZT,3116,153,6,196,147,2767,3.92156862745098,2.9702970297029703,3.6855036855036856,6.614917313533581
v4,2026,1,2,LLA,4668,230,17,320,213,4118,7.391304347826087,5.044510385756676,6.762132060461416,7.210455159981974
lstm_t,2026,1,2,LLA,4668,230,18,269,212,4169,7.826086956521739,6.2717770034843205,7.456503728251864,6.061288868859847
lineal_t,2026,1,2,LLA,4668,230,19,295,211,4143,8.26086956521739,6.050955414012739,7.698541329011345,6.647138350608382
v4,2026,1,2,LPR,4572,228,10,309,218,4035,4.385964912280702,3.134796238244514,4.061738424045491,7.113259668508287
lstm_t,2026,1,2,LPR,4572,228,9,238,219,4106,3.947368421052632,3.643724696356276,3.882657463330457,5.478821362799264
lineal_t,2026,1,2,LPR,4572,228,12,301,216,4043,5.2631578947368425,3.8338658146964857,4.8979591836734695,6.929097605893186
v4,2026,1,2,MER,4704,226,23,368,203,4110,10.176991150442475,5.882352941176471,8.88030888030888,8.21795444394819
lstm_t,2026,1,2,MER,4704,226,21,372,205,4106,9.29203539823009,5.343511450381679,8.095605242868157,8.307280035730237
lineal_t,2026,1,2,MER,4704,226,14,374,212,4104,6.1946902654867255,3.608247422680413,5.41795665634675,8.35194283162126
v4,2026,1,2,MGH,4881,238,18,282,220,4361,7.563025210084033,6.0,7.18849840255591,6.073659272022399
lstm_t,2026,1,2,MGH,4881,238,13,260,225,4383,5.46218487394958,4.761904761904762,5.306122448979592,5.599827697609304
lineal_t,2026,1,2,MGH,4881,238,14,223,224,4420,5.882352941176471,5.907172995780591,5.887300252312868,4.802929140641826
v4,2026,1,2,MON,3907,200,21,294,179,3413,10.5,6.666666666666667,9.417040358744394,7.930941462098732
lstm_t,2026,1,2,MON,3907,200,22,335,178,3372,11.0,6.162464985994398,9.507346585998272,9.036957108173723
lineal_t,2026,1,2,MON,3907,200,18,264,182,3443,9.0,6.382978723404255,8.317929759704251,7.121661721068249
v4,2026,1,2,MPA,2306,111,5,141,106,2054,4.504504504504505,3.4246575342465757,4.237288135593221,6.42369020501139
lstm_t,2026,1,2,MPA,2306,111,9,156,102,2039,8.108108108108109,5.454545454545454,7.389162561576355,7.1070615034168565
lineal_t,2026,1,2,MPA,2306,111,7,125,104,2070,6.306306306306307,5.303030303030303,6.076388888888889,5.694760820045558
v4,2026,1,2,NEZ,4316,203,16,339,187,3774,7.881773399014778,4.507042253521127,6.855184233076264,8.242159008023341
lstm_t,2026,1,2,NEZ,4316,203,11,269,192,3844,5.41871921182266,3.928571428571429,5.0366300366300365,6.540238268903477
lineal_t,2026,1,2,NEZ,4316,203,11,282,192,3831,5.41871921182266,3.754266211604096,4.97737556561086,6.856309263311451
v4,2026,1,2,PED,4743,233,10,256,223,4254,4.291845493562231,3.7593984962406015,4.173622704507513,5.676274944567628
lstm_t,2026,1,2,PED,4743,233,10,242,223,4268,4.291845493562231,3.968253968253968,4.222972972972973,5.365853658536586
lineal_t,2026,1,2,PED,4743,233,6,210,227,4300,2.575107296137339,2.7777777777777777,2.6132404181184667,4.656319290465632
v4,2026,1,2,SAC,3629,173,10,187,163,3269,5.780346820809249,5.076142131979696,5.62429696287964,5.41087962962963
lstm_t,2026,1,2,SAC,3629,173,4,126,169,3330,2.3121387283237,3.076923076923077,2.4330900243309004,3.6458333333333335
lineal_t,2026,1,2,SAC,3629,173,7,183,166,3273,4.046242774566474,3.684210526315789,3.968253968253968,5.295138888888889
v4,2026,1,2,SAG,3098,146,13,276,133,2676,8.904109589041095,4.498269896193771,7.445589919816724,9.34959349593496
lstm_t,2026,1,2,SAG,3098,146,10,219,136,2733,6.849315068493151,4.366812227074236,6.150061500615006,7.41869918699187
lineal_t,2026,1,2,SAG,3098,146,9,214,137,2738,6.164383561643835,4.035874439461884,5.5762081784386615,7.249322493224932
v4,2026,1,2,TAH,3974,195,22,399,173,3380,11.282051282051285,5.225653206650831,9.159034138218152,10.558348769515744
lstm_t,2026,1,2,TAH,3974,195,18,327,177,3452,9.23076923076923,5.217391304347826,8.0,8.653082826144482
lineal_t,2026,1,2,TAH,3974,195,15,357,180,3422,7.6923076923076925,4.032258064516129,6.510416666666667,9.446943635882509
v4,2026,1,2,TLA,4233,201,8,209,193,3823,3.9800995024875614,3.686635944700461,3.917727717923604,5.183531746031746
lstm_t,2026,1,2,TLA,4233,201,10,212,191,3820,4.975124378109452,4.504504504504505,4.8732943469785575,5.257936507936508
lineal_t,2026,1,2,TLA,4233,201,12,232,189,3800,5.970149253731344,4.918032786885246,5.7251908396946565,5.753968253968254
v4,2026,1,2,TLI,4139,192,13,240,179,3707,6.770833333333333,5.138339920948616,6.366307541625857,6.080567519635166
lstm_t,2026,1,2,TLI,4139,192,11,174,181,3773,5.729166666666667,5.945945945945946,5.77124868835257,4.408411451735495
lineal_t,2026,1,2,TLI,4139,192,11,192,181,3755,5.729166666666667,5.41871921182266,5.664263645726056,4.864454015708133
v4,2026,1,2,UAX,4679,223,10,218,213,4238,4.484304932735426,4.385964912280702,4.464285714285714,4.8922800718132855
lstm_t,2026,1,2,UAX,4679,223,7,177,216,4279,3.1390134529147984,3.804347826086957,3.2527881040892197,3.972172351885099
lineal_t,2026,1,2,UAX,4679,223,9,199,214,4257,4.035874439461884,4.326923076923077,4.090909090909091,4.4658886894075405
v4,2026,1,2,UIZ,4860,234,11,200,223,4426,4.700854700854701,5.213270142180095,4.795117698343505,4.323389537397319
lstm_t,2026,1,2,UIZ,4860,234,9,184,225,4442,3.8461538461538463,4.66321243523316,3.985828166519044,3.977518374405534
lineal_t,2026,1,2,UIZ,4860,234,6,192,228,4434,2.5641025641025643,3.0303030303030303,2.6455026455026456,4.150453955901427
v4,2026,1,2,VIF,4299,209,8,112,201,3978,3.827751196172249,6.666666666666667,4.184100418410042,2.73838630806846
lstm_t,2026,1,2,VIF,4299,209,8,120,201,3970,3.827751196172249,6.25,4.149377593360996,2.93398533007335
lineal_t,2026,1,2,VIF,4299,209,8,146,201,3944,3.827751196172249,5.194805194805195,4.040404040404041,3.569682151589242
v4,2026,2,4,ACO,3922,191,12,229,179,3502,6.282722513089006,4.979253112033195,5.970149253731344,6.1377646743500405
lstm_t,2026,2,4,ACO,3922,191,14,217,177,3514,7.329842931937173,6.0606060606060606,7.035175879396985,5.816135084427767
lineal_t,2026,2,4,ACO,3922,191,13,223,178,3508,6.806282722513089,5.508474576271187,6.5,5.976949879388904
v4,2026,2,4,AJM,4092,199,15,183,184,3710,7.537688442211055,7.575757575757576,7.545271629778672,4.700744926791677
lstm_t,2026,2,4,AJM,4092,199,9,98,190,3795,4.522613065326633,8.411214953271028,4.983388704318937,2.5173388132545598
lineal_t,2026,2,4,AJM,4092,199,9,232,190,3661,4.522613065326633,3.734439834024896,4.339440694310511,5.959414333418957
v4,2026,2,4,ATI,4617,224,18,399,206,3994,8.035714285714286,4.316546762589928,6.854531607006854,9.08263145913954
lstm_t,2026,2,4,ATI,4617,224,18,392,206,4001,8.035714285714286,4.390243902439025,6.891271056661562,8.92328704757569
lineal_t,2026,2,4,ATI,4617,224,18,340,206,4053,8.035714285714286,5.027932960893855,7.177033492822966,7.739585704529934
v4,2026,2,4,BJU,4387,215,18,334,197,3838,8.372093023255815,5.113636363636363,7.425742574257426,8.00575263662512
lstm_t,2026,2,4,BJU,4387,215,20,443,195,3729,9.30232558139535,4.319654427645788,7.558578987150415,10.618408437200385
lineal_t,2026,2,4,BJU,4387,215,12,377,203,3795,5.5813953488372094,3.0848329048843186,4.803843074459568,9.036433365292426
v4,2026,2,4,CAM,3342,160,11,180,149,3002,6.875,5.7591623036649215,6.618531889290012,5.656819610307982
lstm_t,2026,2,4,CAM,3342,160,9,166,151,3016,5.625,5.142857142857143,5.521472392638037,5.216844751728472
lineal_t,2026,2,4,CAM,3342,160,9,144,151,3038,5.625,5.882352941176471,5.674653215636822,4.525455688246386
v4,2026,2,4,CCA,4727,232,22,312,210,4183,9.482758620689657,6.586826347305389,8.716323296354991,6.941045606229143
lstm_t,2026,2,4,CCA,4727,232,22,275,210,4220,9.482758620689657,7.407407407407407,8.979591836734693,6.117908787541713
lineal_t,2026,2,4,CCA,4727,232,15,287,217,4208,6.465517241379311,4.966887417218543,6.097560975609756,6.384872080088988
v4,2026,2,4,CUA,3391,170,13,214,157,3007,7.647058823529412,5.726872246696035,7.166482910694597,6.64389941012108
lstm_t,2026,2,4,CUA,3391,170,6,175,164,3046,3.5294117647058822,3.314917127071823,3.484320557491289,5.433095312014903
lineal_t,2026,2,4,CUA,3391,170,7,148,163,3073,4.117647058823529,4.516129032258065,4.191616766467066,4.594846321018317
v4,2026,2,4,CUT,4685,224,14,286,210,4175,6.25,4.666666666666667,5.852842809364549,6.411118583277292
lstm_t,2026,2,4,CUT,4685,224,18,278,206,4183,8.035714285714286,6.081081081081081,7.550335570469799,6.231786594933872
lineal_t,2026,2,4,CUT,4685,224,13,242,211,4219,5.803571428571429,5.098039215686274,5.647263249348392,5.424792647388478
v4,2026,2,4,FAC,4685,221,16,329,205,4135,7.239819004524887,4.63768115942029,6.509357200976404,7.370071684587813
lstm_t,2026,2,4,FAC,4685,221,13,249,208,4215,5.882352941176471,4.961832061068702,5.671902268760907,5.577956989247312
lineal_t,2026,2,4,FAC,4685,221,15,285,206,4179,6.787330316742081,5.0,6.33445945945946,6.384408602150538
v4,2026,2,4,GAM,4805,231,13,208,218,4366,5.627705627705628,5.882352941176471,5.676855895196507,4.547442063839091
lstm_t,2026,2,4,GAM,4805,231,11,169,220,4405,4.761904761904762,6.111111111111111,4.981884057971015,3.694796676869261
lineal_t,2026,2,4,GAM,4805,231,9,170,222,4404,3.896103896103896,5.027932960893855,4.0797824116047146,3.716659379099257
v4,2026,2,4,INN,4287,208,20,308,188,3771,9.615384615384617,6.097560975609756,8.620689655172415,7.550870311350821
lstm_t,2026,2,4,INN,4287,208,17,288,191,3791,8.173076923076923,5.573770491803279,7.475813544415128,7.060554057367002
lineal_t,2026,2,4,INN,4287,208,13,292,195,3787,6.25,4.262295081967213,5.716798592788039,7.158617308163766
v4,2026,2,4,IZT,3116,153,11,185,142,2778,7.189542483660131,5.612244897959184,6.806930693069307,6.243671954100574
lstm_t,2026,2,4,IZT,3116,153,10,189,143,2774,6.5359477124183005,5.025125628140704,6.165228113440198,6.378670266621668
lineal_t,2026,2,4,IZT,3116,153,9,193,144,2770,5.882352941176471,4.455445544554456,5.528255528255528,6.51366857914276
v4,2026,2,4,LLA,4668,230,19,325,211,4113,8.26086956521739,5.523255813953488,7.515822784810126,7.323118521856692
lstm_t,2026,2,4,LLA,4668,230,21,266,209,4172,9.130434782608695,7.317073170731708,8.699254349627175,5.993690851735016
lineal_t,2026,2,4,LLA,4668,230,15,297,215,4141,6.521739130434782,4.807692307692308,6.087662337662338,6.69220369535827
v4,2026,2,4,LPR,4572,228,8,305,220,4039,3.508771929824561,2.5559105431309903,3.26530612244898,7.0211786372007365
lstm_t,2026,2,4,LPR,4572,228,11,239,217,4105,4.824561403508772,4.4,4.733218588640275,5.501841620626151
lineal_t,2026,2,4,LPR,4572,228,14,300,214,4044,6.140350877192983,4.45859872611465,5.709624796084829,6.906077348066298
v4,2026,2,4,MER,4704,226,23,373,203,4105,10.176991150442475,5.808080808080808,8.846153846153847,8.329611433675748
lstm_t,2026,2,4,MER,4704,226,22,369,204,4109,9.734513274336283,5.626598465473146,8.494208494208495,8.240285841893703
lineal_t,2026,2,4,MER,4704,226,15,373,211,4105,6.6371681415929205,3.865979381443299,5.804953560371517,8.329611433675748
v4,2026,2,4,MGH,4881,238,19,284,219,4359,7.983193277310924,6.270627062706271,7.569721115537849,6.116734869696317
lstm_t,2026,2,4,MGH,4881,238,16,264,222,4379,6.722689075630252,5.714285714285714,6.493506493506493,5.68597889295714
lineal_t,2026,2,4,MGH,4881,238,15,223,223,4420,6.302521008403361,6.302521008403361,6.302521008403361,4.802929140641826
v4,2026,2,4,MON,3907,200,19,297,181,3410,9.5,6.012658227848101,8.512544802867383,8.011869436201781
lstm_t,2026,2,4,MON,3907,200,19,334,181,3373,9.5,5.38243626062323,8.239375542064181,9.009981116806042
lineal_t,2026,2,4,MON,3907,200,16,266,184,3441,8.0,5.673758865248227,7.393715341959335,7.175613703803615
v4,2026,2,4,MPA,2306,111,10,141,101,2054,9.00900900900901,6.622516556291391,8.403361344537815,6.42369020501139
lstm_t,2026,2,4,MPA,2306,111,12,156,99,2039,10.81081081081081,7.142857142857143,9.803921568627452,7.1070615034168565
lineal_t,2026,2,4,MPA,2306,111,11,127,100,2068,9.90990990990991,7.971014492753623,9.450171821305842,5.785876993166287
v4,2026,2,4,NEZ,4316,203,19,340,184,3773,9.35960591133005,5.2924791086350975,8.112724167378309,8.266472161439339
lstm_t,2026,2,4,NEZ,4316,203,12,269,191,3844,5.911330049261084,4.270462633451957,5.489478499542543,6.540238268903477
lineal_t,2026,2,4,NEZ,4316,203,9,283,194,3830,4.433497536945813,3.0821917808219177,4.076086956521739,6.88062241672745
v4,2026,2,4,PED,4743,233,14,255,219,4255,6.008583690987124,5.204460966542751,5.828476269775187,5.65410199556541
lstm_t,2026,2,4,PED,4743,233,10,239,223,4271,4.291845493562231,4.016064257028113,4.233700254022016,5.299334811529934
lineal_t,2026,2,4,PED,4743,233,8,211,225,4299,3.433476394849785,3.65296803652968,3.475238922675934,4.678492239467849
v4,2026,2,4,SAC,3629,173,11,187,162,3269,6.358381502890174,5.555555555555555,6.179775280898877,5.41087962962963
lstm_t,2026,2,4,SAC,3629,173,8,126,165,3330,4.624277456647399,5.970149253731344,4.842615012106537,3.6458333333333335
lineal_t,2026,2,4,SAC,3629,173,8,185,165,3271,4.624277456647399,4.1450777202072535,4.519774011299435,5.35300925925926
v4,2026,2,4,SAG,3098,146,17,282,129,2670,11.643835616438356,5.68561872909699,9.626274065685164,9.552845528455284
lstm_t,2026,2,4,SAG,3098,146,12,224,134,2728,8.219178082191782,5.084745762711864,7.317073170731708,7.588075880758808
lineal_t,2026,2,4,SAG,3098,146,10,216,136,2736,6.849315068493151,4.424778761061947,6.172839506172839,7.317073170731708
v4,2026,2,4,TAH,3974,195,21,401,174,3378,10.76923076923077,4.976303317535545,8.735440931780365,10.61127282349828
lstm_t,2026,2,4,TAH,3974,195,16,333,179,3446,8.205128205128204,4.584527220630372,7.085916740478299,8.811854988092088
lineal_t,2026,2,4,TAH,3974,195,14,360,181,3419,7.17948717948718,3.7433155080213902,6.065857885615252,9.526329716856312
v4,2026,2,4,TLA,4233,201,10,207,191,3825,4.975124378109452,4.608294930875576,4.897159647404505,5.133928571428571
lstm_t,2026,2,4,TLA,4233,201,9,211,192,3821,4.477611940298507,4.090909090909091,4.39453125,5.233134920634921
lineal_t,2026,2,4,TLA,4233,201,13,231,188,3801,6.467661691542289,5.327868852459017,6.202290076335878,5.729166666666667
v4,2026,2,4,TLI,4139,192,11,238,181,3709,5.729166666666667,4.417670682730924,5.408062930186824,6.029896123638206
lstm_t,2026,2,4,TLI,4139,192,10,179,182,3768,5.208333333333333,5.291005291005291,5.224660397074191,4.535089941727895
lineal_t,2026,2,4,TLI,4139,192,11,190,181,3757,5.729166666666667,5.472636815920398,5.6759545923632615,4.813782619711173
v4,2026,2,4,UAX,4679,223,12,217,211,4239,5.381165919282512,5.240174672489083,5.352363960749331,4.86983842010772
lstm_t,2026,2,4,UAX,4679,223,9,178,214,4278,4.035874439461884,4.81283422459893,4.170528266913809,3.994614003590664
lineal_t,2026,2,4,UAX,4679,223,11,198,212,4258,4.932735426008969,5.2631578947368425,4.995458673932788,4.443447037701975
v4,2026,2,4,UIZ,4860,234,10,204,224,4422,4.273504273504273,4.672897196261682,4.3478260869565215,4.409857328145266
lstm_t,2026,2,4,UIZ,4860,234,13,183,221,4443,5.555555555555555,6.63265306122449,5.742049469964664,3.955901426718548
lineal_t,2026,2,4,UIZ,4860,234,8,192,226,4434,3.418803418803418,4.0,3.5211267605633805,4.150453955901427
v4,2026,2,4,VIF,4299,209,11,118,198,3972,5.2631578947368425,8.527131782945736,5.699481865284974,2.8850855745721278
lstm_t,2026,2,4,VIF,4299,209,9,124,200,3966,4.30622009569378,6.7669172932330826,4.643962848297214,3.031784841075795
lineal_t,2026,2,4,VIF,4299,209,8,147,201,3943,3.827751196172249,5.161290322580645,4.036326942482341,3.5941320293398533
v4,2026,3,8,ACO,3922,191,20,235,171,3496,10.471204188481677,7.84313725490196,9.813542688910696,6.298579469311177
lstm_t,2026,3,8,ACO,3922,191,19,214,172,3517,9.947643979057592,8.15450643776824,9.528585757271816,5.735727686947199
lineal_t,2026,3,8,ACO,3922,191,19,222,172,3509,9.947643979057592,7.883817427385892,9.45273631840796,5.950147413562048
v4,2026,3,8,AJM,4092,199,13,178,186,3715,6.532663316582915,6.806282722513089,6.585612968591692,4.572309273054199
lstm_t,2026,3,8,AJM,4092,199,15,101,184,3792,7.537688442211055,12.93103448275862,8.223684210526315,2.594400205497046
lineal_t,2026,3,8,AJM,4092,199,16,234,183,3659,8.040201005025125,6.4,7.648183556405353,6.010788594913948
v4,2026,3,8,ATI,4617,224,31,404,193,3989,13.839285714285714,7.126436781609195,11.645379413974457,9.196448895970862
lstm_t,2026,3,8,ATI,4617,224,22,389,202,4004,9.821428571428571,5.35279805352798,8.416220351951033,8.854996585476895
lineal_t,2026,3,8,ATI,4617,224,21,340,203,4053,9.375,5.8171745152354575,8.353221957040573,7.739585704529934
v4,2026,3,8,BJU,4387,215,19,331,196,3841,8.837209302325581,5.428571428571429,7.851239669421488,7.933844678811122
lstm_t,2026,3,8,BJU,4387,215,23,444,192,3728,10.69767441860465,4.925053533190578,8.666164280331575,10.642377756471715
lineal_t,2026,3,8,BJU,4387,215,18,379,197,3793,8.372093023255815,4.534005037783375,7.159904534606206,9.08437200383509
v4,2026,3,8,CAM,3342,160,11,176,149,3006,6.875,5.882352941176471,6.650544135429263,5.531112507856694
lstm_t,2026,3,8,CAM,3342,160,5,167,155,3015,3.125,2.9069767441860463,3.078817733990148,5.248271527341295
lineal_t,2026,3,8,CAM,3342,160,16,145,144,3037,10.0,9.937888198757763,9.987515605493131,4.556882463859208
v4,2026,3,8,CCA,4727,232,21,320,211,4175,9.051724137931034,6.158357771260997,8.274231678486998,7.119021134593993
lstm_t,2026,3,8,CCA,4727,232,33,276,199,4219,14.224137931034482,10.679611650485436,13.33872271624899,6.140155728587319
lineal_t,2026,3,8,CCA,4727,232,24,283,208,4212,10.344827586206897,7.817589576547231,9.7165991902834,6.295884315906563
v4,2026,3,8,CUA,3391,170,20,213,150,3008,11.764705882352942,8.583690987124463,10.95290251916758,6.612853151195281
lstm_t,2026,3,8,CUA,3391,170,8,176,162,3045,4.705882352941177,4.3478260869565215,4.62962962962963,5.4641415709407015
lineal_t,2026,3,8,CUA,3391,170,9,148,161,3073,5.294117647058823,5.732484076433121,5.376344086021505,4.594846321018317
v4,2026,3,8,CUT,4685,224,20,289,204,4172,8.928571428571429,6.472491909385114,8.298755186721992,6.478368078906075
lstm_t,2026,3,8,CUT,4685,224,27,287,197,4174,12.053571428571429,8.598726114649681,11.15702479338843,6.43353508182022
lineal_t,2026,3,8,CUT,4685,224,21,244,203,4217,9.375,7.924528301886792,9.043927648578812,5.469625644474333
v4,2026,3,8,FAC,4685,221,22,328,199,4136,9.95475113122172,6.285714285714286,8.914100486223663,7.347670250896058
lstm_t,2026,3,8,FAC,4685,221,18,249,203,4215,8.144796380090497,6.741573033707865,7.819287576020852,5.577956989247312
lineal_t,2026,3,8,FAC,4685,221,22,287,199,4177,9.95475113122172,7.119741100323624,9.220452640402348,6.42921146953405
v4,2026,3,8,GAM,4805,231,21,209,210,4365,9.090909090909092,9.130434782608695,9.098786828422876,4.569304766069086
lstm_t,2026,3,8,GAM,4805,231,16,170,215,4404,6.926406926406926,8.602150537634408,7.207207207207207,3.716659379099257
lineal_t,2026,3,8,GAM,4805,231,18,171,213,4403,7.792207792207792,9.523809523809524,8.086253369272237,3.738522081329252
v4,2026,3,8,INN,4287,208,28,311,180,3768,13.461538461538462,8.259587020648967,11.955593509820666,7.624417749448394
lstm_t,2026,3,8,INN,4287,208,27,286,181,3793,12.98076923076923,8.626198083067093,11.790393013100436,7.011522431968619
lineal_t,2026,3,8,INN,4287,208,37,287,171,3792,17.78846153846154,11.419753086419751,16.003460207612456,7.036038244667811
v4,2026,3,8,IZT,3116,153,13,187,140,2776,8.49673202614379,6.5,8.004926108374384,6.31117111036112
lstm_t,2026,3,8,IZT,3116,153,13,190,140,2773,8.49673202614379,6.403940886699507,7.975460122699387,6.41241984475194
lineal_t,2026,3,8,IZT,3116,153,9,195,144,2768,5.882352941176471,4.411764705882353,5.514705882352941,6.581167735403308
v4,2026,3,8,LLA,4668,230,27,325,203,4113,11.73913043478261,7.670454545454546,10.61320754716981,7.323118521856692
lstm_t,2026,3,8,LLA,4668,230,25,269,205,4169,10.869565217391305,8.503401360544217,10.29654036243822,6.061288868859847
lineal_t,2026,3,8,LLA,4668,230,25,297,205,4141,10.869565217391305,7.763975155279503,10.064412238325282,6.69220369535827
v4,2026,3,8,LPR,4572,228,22,309,206,4035,9.649122807017545,6.646525679758308,8.849557522123893,7.113259668508287
lstm_t,2026,3,8,LPR,4572,228,19,240,209,4104,8.333333333333334,7.335907335907336,8.112724167378309,5.524861878453039
lineal_t,2026,3,8,LPR,4572,228,18,294,210,4050,7.894736842105263,5.769230769230769,7.352941176470588,6.767955801104972
v4,2026,3,8,MER,4704,226,25,370,201,4108,11.061946902654867,6.329113924050633,9.62278675904542,8.262617239839214
lstm_t,2026,3,8,MER,4704,226,28,366,198,4112,12.389380530973453,7.106598984771574,10.78582434514638,8.173291648057168
lineal_t,2026,3,8,MER,4704,226,19,374,207,4104,8.4070796460177,4.8346055979643765,7.324595219737857,8.35194283162126
v4,2026,3,8,MGH,4881,238,23,284,215,4359,9.663865546218489,7.49185667752443,9.134233518665608,6.116734869696317
lstm_t,2026,3,8,MGH,4881,238,18,258,220,4385,7.563025210084033,6.521739130434782,7.328990228013029,5.5567520999353865
lineal_t,2026,3,8,MGH,4881,238,16,221,222,4422,6.722689075630252,6.751054852320675,6.72834314550042,4.7598535429679085
v4,2026,3,8,MON,3907,200,23,293,177,3414,11.5,7.2784810126582276,10.304659498207885,7.903965470731049
lstm_t,2026,3,8,MON,3907,200,27,329,173,3378,13.5,7.584269662921348,11.678200692041523,8.87510115996763
lineal_t,2026,3,8,MON,3907,200,20,265,180,3442,10.0,7.017543859649122,9.216589861751151,7.148637712435932
v4,2026,3,8,MPA,2306,111,12,144,99,2051,10.81081081081081,7.6923076923076925,10.0,6.560364464692483
lstm_t,2026,3,8,MPA,2306,111,17,157,94,2038,15.315315315315315,9.770114942528735,13.754045307443366,7.152619589977221
lineal_t,2026,3,8,MPA,2306,111,13,125,98,2070,11.711711711711713,9.420289855072465,11.168384879725084,5.694760820045558
v4,2026,3,8,NEZ,4316,203,18,339,185,3774,8.866995073891626,5.042016806722689,7.698887938408896,8.242159008023341
lstm_t,2026,3,8,NEZ,4316,203,13,266,190,3847,6.403940886699507,4.659498207885305,5.957836846929423,6.467298808655483
lineal_t,2026,3,8,NEZ,4316,203,14,281,189,3832,6.896551724137931,4.745762711864407,6.323396567299007,6.831996109895454
v4,2026,3,8,PED,4743,233,20,258,213,4252,8.583690987124463,7.194244604316546,8.264462809917354,5.720620842572062
lstm_t,2026,3,8,PED,4743,233,19,240,214,4270,8.15450643776824,7.335907335907336,7.97649034424853,5.321507760532151
lineal_t,2026,3,8,PED,4743,233,7,213,226,4297,3.004291845493562,3.1818181818181817,3.0381944444444446,4.722838137472284
v4,2026,3,8,SAC,3629,173,10,190,163,3266,5.780346820809249,5.0,5.605381165919282,5.497685185185185
lstm_t,2026,3,8,SAC,3629,173,7,127,166,3329,4.046242774566474,5.223880597014926,4.237288135593221,3.674768518518519
lineal_t,2026,3,8,SAC,3629,173,16,186,157,3270,9.248554913294798,7.920792079207921,8.94854586129754,5.381944444444445
v4,2026,3,8,SAG,3098,146,21,278,125,2674,14.383561643835616,7.023411371237458,11.89127972819932,9.417344173441734
lstm_t,2026,3,8,SAG,3098,146,19,224,127,2728,13.013698630136986,7.818930041152264,11.487303506650544,7.588075880758808
lineal_t,2026,3,8,SAG,3098,146,16,214,130,2738,10.95890410958904,6.956521739130435,9.828009828009828,7.249322493224932
v4,2026,3,8,TAH,3974,195,23,405,172,3374,11.794871794871796,5.373831775700935,9.519867549668874,10.71712093146335
lstm_t,2026,3,8,TAH,3974,195,20,333,175,3446,10.256410256410255,5.665722379603399,8.8261253309797,8.811854988092088
lineal_t,2026,3,8,TAH,3974,195,19,355,176,3424,9.743589743589745,5.080213903743315,8.232235701906413,9.394019581899974
v4,2026,3,8,TLA,4233,201,16,210,185,3822,7.960199004975125,7.079646017699115,7.766990291262136,5.208333333333333
lstm_t,2026,3,8,TLA,4233,201,13,212,188,3820,6.467661691542289,5.777777777777778,6.316812439261419,5.257936507936508
lineal_t,2026,3,8,TLA,4233,201,16,228,185,3804,7.960199004975125,6.557377049180328,7.633587786259542,5.654761904761905
v4,2026,3,8,TLI,4139,192,17,238,175,3709,8.854166666666666,6.666666666666667,8.308895405669599,6.029896123638206
lstm_t,2026,3,8,TLI,4139,192,16,173,176,3774,8.333333333333334,8.465608465608465,8.359456635318704,4.383075753737016
lineal_t,2026,3,8,TLI,4139,192,11,190,181,3757,5.729166666666667,5.472636815920398,5.6759545923632615,4.813782619711173
v4,2026,3,8,UAX,4679,223,13,218,210,4238,5.829596412556054,5.627705627705628,5.78806767586821,4.8922800718132855
lstm_t,2026,3,8,UAX,4679,223,11,174,212,4282,4.932735426008969,5.945945945945946,5.10677808727948,3.9048473967684014
lineal_t,2026,3,8,UAX,4679,223,11,199,212,4257,4.932735426008969,5.238095238095238,4.99092558983666,4.4658886894075405
v4,2026,3,8,UIZ,4860,234,15,203,219,4423,6.410256410256411,6.8807339449541285,6.499133448873484,4.38824038045828
lstm_t,2026,3,8,UIZ,4860,234,18,181,216,4445,7.6923076923076925,9.045226130653266,7.929515418502203,3.912667531344574
lineal_t,2026,3,8,UIZ,4860,234,16,193,218,4433,6.837606837606837,7.655502392344498,6.986899563318778,4.172070903588414
v4,2026,3,8,VIF,4299,209,17,114,192,3976,8.133971291866029,12.97709923664122,8.790072388831437,2.7872860635696823
lstm_t,2026,3,8,VIF,4299,209,16,127,193,3963,7.655502392344498,11.188811188811188,8.171603677221654,3.1051344743276283
lineal_t,2026,3,8,VIF,4299,209,13,150,196,3940,6.220095693779904,7.975460122699387,6.506506506506507,3.667481662591687
v4,2026,4,16,ACO,3922,191,50,241,141,3490,26.17801047120419,17.18213058419244,23.696682464454977,6.459394264272313
lstm_t,2026,4,16,ACO,3922,191,35,235,156,3496,18.32460732984293,12.962962962962964,16.924564796905223,6.298579469311177
lineal_t,2026,4,16,ACO,3922,191,32,230,159,3501,16.75392670157068,12.213740458015268,15.594541910331383,6.164567140176897
v4,2026,4,16,AJM,4092,199,29,183,170,3710,14.57286432160804,13.679245283018869,14.384920634920634,4.700744926791677
lstm_t,2026,4,16,AJM,4092,199,26,105,173,3788,13.06532663316583,19.84732824427481,14.023732470334412,2.697148728487028
lineal_t,2026,4,16,AJM,4092,199,45,236,154,3657,22.61306532663317,16.01423487544484,20.891364902506965,6.062162856408939
v4,2026,4,16,ATI,4617,224,57,405,167,3988,25.446428571428573,12.337662337662335,20.986745213549337,9.219212383337128
lstm_t,2026,4,16,ATI,4617,224,41,395,183,3998,18.303571428571427,9.403669724770642,15.39039039039039,8.991577509674482
lineal_t,2026,4,16,ATI,4617,224,39,333,185,4060,17.410714285714285,10.483870967741936,15.378548895899051,7.580241292966082
v4,2026,4,16,BJU,4387,215,37,354,178,3818,17.209302325581394,9.46291560102302,14.788169464428456,8.485139022051774
lstm_t,2026,4,16,BJU,4387,215,39,447,176,3725,18.13953488372093,8.024691358024691,14.48736998514116,10.714285714285714
lineal_t,2026,4,16,BJU,4387,215,30,384,185,3788,13.953488372093023,7.246376811594203,11.773940345368915,9.204218600191757
v4,2026,4,16,CAM,3342,160,28,183,132,2999,17.5,13.270142180094789,16.45123384253819,5.751099937146448
lstm_t,2026,4,16,CAM,3342,160,19,167,141,3015,11.875,10.21505376344086,11.501210653753027,5.248271527341295
lineal_t,2026,4,16,CAM,3342,160,19,143,141,3039,11.875,11.728395061728396,11.845386533665836,4.494028912633564
v4,2026,4,16,CCA,4727,232,43,322,189,4173,18.53448275862069,11.780821917808218,16.62799690641918,7.1635150166852055
lstm_t,2026,4,16,CCA,4727,232,41,279,191,4216,17.67241379310345,12.8125,16.42628205128205,6.206896551724138
lineal_t,2026,4,16,CCA,4727,232,42,290,190,4205,18.103448275862068,12.650602409638552,16.666666666666668,6.451612903225806
v4,2026,4,16,CUA,3391,170,27,225,143,2996,15.882352941176473,10.714285714285714,14.484978540772532,6.985408258304874
lstm_t,2026,4,16,CUA,3391,170,16,166,154,3055,9.411764705882351,8.791208791208792,9.280742459396752,5.153678981682707
lineal_t,2026,4,16,CUA,3391,170,18,148,152,3073,10.588235294117649,10.843373493975903,10.638297872340424,4.594846321018317
v4,2026,4,16,CUT,4685,224,52,289,172,4172,23.214285714285715,15.249266862170089,21.01859337105901,6.478368078906075
lstm_t,2026,4,16,CUT,4685,224,51,283,173,4178,22.767857142857142,15.269461077844312,20.73170731707317,6.3438690876485095
lineal_t,2026,4,16,CUT,4685,224,47,240,177,4221,20.982142857142858,16.37630662020906,19.8647506339814,5.379959650302623
v4,2026,4,16,FAC,4685,221,37,332,184,4132,16.742081447963802,10.02710027100271,14.764565043894653,7.437275985663082
lstm_t,2026,4,16,FAC,4685,221,35,254,186,4210,15.83710407239819,12.110726643598616,14.919011082693949,5.689964157706093
lineal_t,2026,4,16,FAC,4685,221,35,288,186,4176,15.83710407239819,10.8359133126935,14.498757249378624,6.451612903225806
v4,2026,4,16,GAM,4805,231,27,219,204,4355,11.688311688311687,10.975609756097562,11.538461538461538,4.787931788369042
lstm_t,2026,4,16,GAM,4805,231,24,166,207,4408,10.38961038961039,12.63157894736842,10.771992818671457,3.629208570179274
lineal_t,2026,4,16,GAM,4805,231,24,171,207,4403,10.38961038961039,12.307692307692308,10.723860589812332,3.738522081329252
v4,2026,4,16,INN,4287,208,77,322,131,3757,37.01923076923077,19.29824561403509,31.275385865150284,7.894091689139495
lstm_t,2026,4,16,INN,4287,208,76,288,132,3791,36.53846153846154,20.87912087912088,31.77257525083612,7.060554057367002
lineal_t,2026,4,16,INN,4287,208,89,297,119,3782,42.78846153846154,23.05699481865285,36.53530377668309,7.28119637165972
v4,2026,4,16,IZT,3116,153,26,190,127,2773,16.99346405228758,12.037037037037036,15.70048309178744,6.41241984475194
lstm_t,2026,4,16,IZT,3116,153,25,192,128,2771,16.33986928104575,11.52073732718894,15.078407720144751,6.479919001012488
lineal_t,2026,4,16,IZT,3116,153,20,191,133,2772,13.0718954248366,9.47867298578199,12.15066828675577,6.446169422882214
v4,2026,4,16,LLA,4668,230,58,330,172,4108,25.217391304347824,14.948453608247425,22.171253822629968,7.43578188373141
lstm_t,2026,4,16,LLA,4668,230,53,269,177,4169,23.043478260869566,16.459627329192546,21.3365539452496,6.061288868859847
lineal_t,2026,4,16,LLA,4668,230,46,290,184,4148,20.0,13.69047619047619,18.312101910828027,6.534474988733664
v4,2026,4,16,LPR,4572,228,37,315,191,4029,16.228070175438596,10.511363636363637,14.636075949367088,7.251381215469613
lstm_t,2026,4,16,LPR,4572,228,37,248,191,4096,16.228070175438596,12.982456140350877,15.45530492898914,5.70902394106814
lineal_t,2026,4,16,LPR,4572,228,44,300,184,4044,19.29824561403509,12.790697674418604,17.515923566878982,6.906077348066298
v4,2026,4,16,MER,4704,226,49,387,177,4091,21.68141592920354,11.238532110091745,18.28358208955224,8.642251004912907
lstm_t,2026,4,16,MER,4704,226,44,369,182,4109,19.469026548672566,10.653753026634382,16.704631738800305,8.240285841893703
lineal_t,2026,4,16,MER,4704,226,39,383,187,4095,17.256637168141594,9.24170616113744,14.705882352941176,8.552925413130861
v4,2026,4,16,MGH,4881,238,33,293,205,4350,13.865546218487395,10.122699386503069,12.910798122065728,6.310575059228947
lstm_t,2026,4,16,MGH,4881,238,33,261,205,4382,13.865546218487395,11.224489795918368,13.242375601926163,5.621365496446264
lineal_t,2026,4,16,MGH,4881,238,20,228,218,4415,8.403361344537815,8.064516129032258,8.333333333333334,4.9106181348266205
v4,2026,4,16,MON,3907,200,33,292,167,3415,16.5,10.153846153846152,14.666666666666666,7.876989479363367
lstm_t,2026,4,16,MON,3907,200,36,326,164,3381,18.0,9.94475138121547,15.49053356282272,8.794173185864581
lineal_t,2026,4,16,MON,3907,200,26,264,174,3443,13.0,8.96551724137931,11.926605504587156,7.121661721068249
v4,2026,4,16,MPA,2306,111,24,144,87,2051,21.62162162162162,14.285714285714286,19.607843137254903,6.560364464692483
lstm_t,2026,4,16,MPA,2306,111,26,166,85,2029,23.423423423423426,13.541666666666666,20.440251572327043,7.562642369020502
lineal_t,2026,4,16,MPA,2306,111,25,129,86,2066,22.52252252252252,16.233766233766232,20.90301003344481,5.876993166287016
v4,2026,4,16,NEZ,4316,203,41,333,162,3780,20.19704433497537,10.962566844919786,17.284991568296796,8.096280087527353
lstm_t,2026,4,16,NEZ,4316,203,30,261,173,3852,14.77832512315271,10.309278350515465,13.599274705349048,6.3457330415754925
lineal_t,2026,4,16,NEZ,4316,203,24,278,179,3835,11.822660098522167,7.947019867549669,10.771992818671457,6.75905664964746
v4,2026,4,16,PED,4743,233,49,269,184,4241,21.03004291845493,15.40880503144654,19.6,5.964523281596453
lstm_t,2026,4,16,PED,4743,233,48,252,185,4258,20.600858369098717,16.0,19.48051948051948,5.587583148558759
lineal_t,2026,4,16,PED,4743,233,39,208,194,4302,16.738197424892704,15.789473684210526,16.53944020356234,4.611973392461198
v4,2026,4,16,SAC,3629,173,26,189,147,3267,15.028901734104046,12.093023255813954,14.332965821389196,5.46875
lstm_t,2026,4,16,SAC,3629,173,19,129,154,3327,10.982658959537572,12.83783783783784,11.30952380952381,3.732638888888889
lineal_t,2026,4,16,SAC,3629,173,25,178,148,3278,14.45086705202312,12.31527093596059,13.966480446927374,5.150462962962963
v4,2026,4,16,SAG,3098,146,38,291,108,2661,26.02739726027397,11.55015197568389,20.8105147864184,9.857723577235772
lstm_t,2026,4,16,SAG,3098,146,21,224,125,2728,14.383561643835616,8.571428571428571,12.665862484921592,7.588075880758808
lineal_t,2026,4,16,SAG,3098,146,18,212,128,2740,12.32876712328767,7.826086956521739,11.056511056511056,7.181571815718157
v4,2026,4,16,TAH,3974,195,42,423,153,3356,21.53846153846154,9.03225806451613,16.867469879518072,11.193437417306166
lstm_t,2026,4,16,TAH,3974,195,49,328,146,3451,25.128205128205128,12.9973474801061,21.17545375972342,8.67954485313575
lineal_t,2026,4,16,TAH,3974,195,50,367,145,3412,25.64102564102564,11.990407673860911,20.885547201336674,9.711563905795185
v4,2026,4,16,TLA,4233,201,34,219,167,3813,16.915422885572138,13.438735177865611,16.08325449385052,5.431547619047619
lstm_t,2026,4,16,TLA,4233,201,27,218,174,3814,13.432835820895525,11.020408163265309,12.869399428026693,5.406746031746032
lineal_t,2026,4,16,TLA,4233,201,24,227,177,3805,11.940298507462687,9.56175298804781,11.374407582938389,5.629960317460317
v4,2026,4,16,TLI,4139,192,36,238,156,3709,18.75,13.138686131386862,17.27447216890595,6.029896123638206
lstm_t,2026,4,16,TLI,4139,192,23,175,169,3772,11.979166666666666,11.616161616161616,11.904761904761903,4.433747149733975
lineal_t,2026,4,16,TLI,4139,192,27,188,165,3759,14.0625,12.55813953488372,13.733468972533062,4.763111223714214
v4,2026,4,16,UAX,4679,223,41,224,182,4232,18.385650224215247,15.471698113207546,17.718236819360413,5.026929982046679
lstm_t,2026,4,16,UAX,4679,223,34,172,189,4284,15.246636771300448,16.50485436893204,15.482695810564662,3.859964093357271
lineal_t,2026,4,16,UAX,4679,223,36,193,187,4263,16.143497757847534,15.720524017467248,16.057091882247992,4.331238779174147
v4,2026,4,16,UIZ,4860,234,35,204,199,4422,14.957264957264956,14.644351464435148,14.893617021276595,4.409857328145266
lstm_t,2026,4,16,UIZ,4860,234,32,182,202,4444,13.675213675213676,14.953271028037385,13.91304347826087,3.934284479031561
lineal_t,2026,4,16,UIZ,4860,234,32,188,202,4438,13.675213675213676,14.545454545454543,13.84083044982699,4.06398616515348
v4,2026,4,16,VIF,4299,209,48,120,161,3970,22.96650717703349,28.571428571428573,23.90438247011952,2.93398533007335
lstm_t,2026,4,16,VIF,4299,209,37,124,172,3966,17.70334928229665,22.981366459627328,18.55566700100301,3.031784841075795
lineal_t,2026,4,16,VIF,4299,209,22,153,187,3937,10.526315789473683,12.571428571428571,10.880316518298716,3.740831295843521
v4,2026,5,32,ACO,3922,191,158,298,33,3433,82.72251308900523,34.64912280701754,64.75409836065573,7.987134816403109
lstm_t,2026,5,32,ACO,3922,191,86,237,105,3494,45.026178010471206,26.625386996904023,39.55841766329347,6.352184400964889
lineal_t,2026,5,32,ACO,3922,191,121,242,70,3489,63.35078534031414,33.333333333333336,53.68234250221828,6.486196730099169
v4,2026,5,32,AJM,4092,199,76,199,123,3694,38.19095477386934,27.63636363636364,35.48085901027078,5.111739018751606
lstm_t,2026,5,32,AJM,4092,199,64,108,135,3785,32.1608040201005,37.2093023255814,33.05785123966942,2.7742101207295145
lineal_t,2026,5,32,AJM,4092,199,76,232,123,3661,38.19095477386934,24.675324675324678,34.42028985507246,5.959414333418957
v4,2026,5,32,ATI,4617,224,187,467,37,3926,83.48214285714286,28.593272171253822,60.32258064516129,10.630548600045527
lstm_t,2026,5,32,ATI,4617,224,120,391,104,4002,53.57142857142857,23.48336594911937,42.643923240938165,8.900523560209423
lineal_t,2026,5,32,ATI,4617,224,106,340,118,4053,47.32142857142857,23.76681614349776,39.49329359165425,7.739585704529934
v4,2026,5,32,BJU,4387,215,169,415,46,3757,78.6046511627907,28.938356164383563,58.51800554016621,9.947267497603068
lstm_t,2026,5,32,BJU,4387,215,123,451,92,3721,57.2093023255814,21.428571428571427,42.88702928870293,10.810162991371046
lineal_t,2026,5,32,BJU,4387,215,112,375,103,3797,52.093023255813954,22.99794661190965,41.57386785449146,8.98849472674976
v4,2026,5,32,CAM,3342,160,128,229,32,2953,80.0,35.85434173669468,64.1925777331996,7.196731615336266
lstm_t,2026,5,32,CAM,3342,160,41,175,119,3007,25.625,18.98148148148148,23.94859813084112,5.499685732243872
lineal_t,2026,5,32,CAM,3342,160,57,145,103,3037,35.625,28.217821782178216,33.8479809976247,4.556882463859208
v4,2026,5,32,CCA,4727,232,167,375,65,4120,71.98275862068965,30.81180811808118,56.802721088435376,8.342602892102336
lstm_t,2026,5,32,CCA,4727,232,57,285,175,4210,24.56896551724138,16.666666666666668,22.440944881889763,6.340378197997775
lineal_t,2026,5,32,CCA,4727,232,103,291,129,4204,44.39655172413793,26.14213197969543,38.956127080181545,6.473859844271413
v4,2026,5,32,CUA,3391,170,108,260,62,2961,63.52941176470589,29.347826086956523,51.52671755725191,8.072027320707855
lstm_t,2026,5,32,CUA,3391,170,75,169,95,3052,44.11764705882353,30.737704918032787,40.58441558441559,5.2468177584601055
lineal_t,2026,5,32,CUA,3391,170,59,140,111,3081,34.705882352941174,29.64824120603015,33.5608646188851,4.346476249611921
v4,2026,5,32,CUT,4685,224,187,316,37,4145,83.48214285714286,37.17693836978131,66.83345246604718,7.08361353956512
lstm_t,2026,5,32,CUT,4685,224,111,313,113,4148,49.55357142857143,26.17924528301887,42.04545454545455,7.0163640439363375
lineal_t,2026,5,32,CUT,4685,224,119,249,105,4212,53.125,32.33695652173913,47.072784810126585,5.581708137188971
v4,2026,5,32,FAC,4685,221,157,339,64,4125,71.04072398190046,31.65322580645161,56.88405797101449,7.594086021505376
lstm_t,2026,5,32,FAC,4685,221,63,261,158,4203,28.506787330316744,19.444444444444443,26.076158940397352,5.846774193548387
lineal_t,2026,5,32,FAC,4685,221,79,285,142,4179,35.74660633484163,21.703296703296704,31.650641025641026,6.384408602150538
v4,2026,5,32,GAM,4805,231,180,316,51,4258,77.92207792207792,36.29032258064516,63.38028169014085,6.908613904678618
lstm_t,2026,5,32,GAM,4805,231,77,183,154,4391,33.333333333333336,29.615384615384617,32.516891891891895,4.0008745080892
lineal_t,2026,5,32,GAM,4805,231,105,183,126,4391,45.45454545454545,36.458333333333336,43.31683168316832,4.0008745080892
v4,2026,5,32,INN,4287,208,185,302,23,3777,88.9423076923077,37.987679671457904,70.12888551933283,7.4037754351556755
lstm_t,2026,5,32,INN,4287,208,181,293,27,3786,87.01923076923077,38.18565400843882,69.29555895865238,7.183133120862957
lineal_t,2026,5,32,INN,4287,208,179,294,29,3785,86.0576923076923,37.84355179704017,68.5823754789272,7.207648933562147
v4,2026,5,32,IZT,3116,153,111,234,42,2729,72.54901960784314,32.17391304347826,57.99373040752351,7.897401282483969
lstm_t,2026,5,32,IZT,3116,153,50,196,103,2767,32.6797385620915,20.32520325203252,29.13752913752914,6.614917313533581
lineal_t,2026,5,32,IZT,3116,153,61,197,92,2766,39.869281045751634,23.643410852713178,35.05747126436781,6.648666891663854
v4,2026,5,32,LLA,4668,230,192,369,38,4069,83.47826086956522,34.224598930481285,64.82106684672519,8.314556106354214
lstm_t,2026,5,32,LLA,4668,230,103,287,127,4151,44.78260869565217,26.41025641025641,39.31297709923664,6.466876971608833
lineal_t,2026,5,32,LLA,4668,230,121,298,109,4140,52.60869565217392,28.878281622911693,45.18297236743839,6.714736367733213
v4,2026,5,32,LPR,4572,228,170,357,58,3987,74.56140350877193,32.25806451612903,59.068797776233495,8.218232044198896
lstm_t,2026,5,32,LPR,4572,228,86,263,142,4081,37.719298245614034,24.64183381088825,34.09992069785884,6.054327808471455
lineal_t,2026,5,32,LPR,4572,228,102,301,126,4043,44.73684210526316,25.31017369727047,38.78326996197718,6.929097605893186
v4,2026,5,32,MER,4704,226,175,433,51,4045,77.43362831858407,28.782894736842103,57.87037037037037,9.66949531040643
lstm_t,2026,5,32,MER,4704,226,95,371,131,4107,42.0353982300885,20.3862660944206,34.67153284671533,8.284948637784725
lineal_t,2026,5,32,MER,4704,226,124,378,102,4100,54.86725663716814,24.701195219123505,44.09672830725462,8.441268423403304
v4,2026,5,32,MGH,4881,238,193,367,45,4276,81.09243697478992,34.464285714285715,63.82275132275132,7.904372173163902
lstm_t,2026,5,32,MGH,4881,238,117,257,121,4386,49.15966386554622,31.28342245989305,44.11764705882353,5.535214301098428
lineal_t,2026,5,32,MGH,4881,238,94,228,144,4415,39.49579831932773,29.19254658385093,36.89167974882261,4.9106181348266205
v4,2026,5,32,MON,3907,200,145,326,55,3381,72.5,30.78556263269639,57.04169944925256,8.794173185864581
lstm_t,2026,5,32,MON,3907,200,104,363,96,3344,52.0,22.26980728051392,41.04183109707972,9.792284866468842
lineal_t,2026,5,32,MON,3907,200,120,280,80,3427,60.0,30.0,50.0,7.553277582951173
v4,2026,5,32,MPA,2306,111,85,157,26,2038,76.57657657657657,35.12396694214876,61.9533527696793,7.152619589977221
lstm_t,2026,5,32,MPA,2306,111,77,170,34,2025,69.36936936936937,31.17408906882591,55.7163531114327,7.744874715261959
lineal_t,2026,5,32,MPA,2306,111,64,136,47,2059,57.65765765765766,32.0,49.68944099378882,6.195899772209567
v4,2026,5,32,NEZ,4316,203,168,394,35,3719,82.75862068965517,29.893238434163703,61.1353711790393,9.579382445903232
lstm_t,2026,5,32,NEZ,4316,203,79,284,124,3829,38.916256157635466,21.76308539944904,33.61702127659574,6.904935570143447
lineal_t,2026,5,32,NEZ,4316,203,96,292,107,3821,47.29064039408867,24.742268041237114,40.0,7.099440797471432
v4,2026,5,32,PED,4743,233,160,287,73,4223,68.6695278969957,35.79418344519016,58.0130529369108,6.363636363636363
lstm_t,2026,5,32,PED,4743,233,96,256,137,4254,41.20171673819743,27.272727272727277,37.38317757009346,5.676274944567628
lineal_t,2026,5,32,PED,4743,233,94,209,139,4301,40.34334763948498,31.023102310231025,38.05668016194332,4.634146341463414
v4,2026,5,32,SAC,3629,173,115,211,58,3245,66.47398843930635,35.2760736196319,56.48330058939096,6.105324074074074
lstm_t,2026,5,32,SAC,3629,173,54,145,119,3311,31.213872832369944,27.1356783919598,30.303030303030305,4.195601851851852
lineal_t,2026,5,32,SAC,3629,173,78,189,95,3267,45.08670520231214,29.21348314606741,40.667361835245046,5.46875
v4,2026,5,32,SAG,3098,146,125,356,21,2596,85.61643835616438,25.987525987525988,58.68544600938967,12.059620596205962
lstm_t,2026,5,32,SAG,3098,146,61,232,85,2720,41.78082191780822,20.81911262798635,34.77765108323831,7.8590785907859075
lineal_t,2026,5,32,SAG,3098,146,84,215,62,2737,57.53424657534247,28.093645484949832,47.56511891279728,7.283197831978319
v4,2026,5,32,TAH,3974,195,159,437,36,3342,81.53846153846153,26.677852348993287,57.77616279069768,11.563905795183912
lstm_t,2026,5,32,TAH,3974,195,136,340,59,3439,69.74358974358974,28.571428571428573,54.14012738853504,8.997089177030961
lineal_t,2026,5,32,TAH,3974,195,129,372,66,3407,66.15384615384616,25.74850299401197,50.35128805620609,9.84387404075152
v4,2026,5,32,TLA,4233,201,151,257,50,3775,75.12437810945273,37.00980392156863,62.29372937293729,6.374007936507937
lstm_t,2026,5,32,TLA,4233,201,42,208,159,3824,20.895522388059703,16.8,19.92409867172676,5.158730158730159
lineal_t,2026,5,32,TLA,4233,201,67,232,134,3800,33.333333333333336,22.40802675585284,30.371713508612878,5.753968253968254
v4,2026,5,32,TLI,4139,192,160,260,32,3687,83.33333333333333,38.095238095238095,67.34006734006734,6.587281479604763
lstm_t,2026,5,32,TLI,4139,192,71,181,121,3766,36.97916666666666,28.17460317460317,34.80392156862745,4.585761337724854
lineal_t,2026,5,32,TLI,4139,192,85,191,107,3756,44.270833333333336,30.797101449275363,40.7088122605364,4.839118317709653
v4,2026,5,32,UAX,4679,223,167,250,56,4206,74.88789237668162,40.04796163069545,63.78915202444614,5.6104129263913824
lstm_t,2026,5,32,UAX,4679,223,104,196,119,4260,46.63677130044843,34.666666666666664,43.62416107382551,4.398563734290844
lineal_t,2026,5,32,UAX,4679,223,111,197,112,4259,49.775784753363226,36.03896103896104,46.25,4.421005385996409
v4,2026,5,32,UIZ,4860,234,185,218,49,4408,79.05982905982906,45.90570719602977,69.08140403286035,4.712494595763078
lstm_t,2026,5,32,UIZ,4860,234,109,193,125,4433,46.58119658119658,36.09271523178808,44.02261712439418,4.172070903588414
lineal_t,2026,5,32,UIZ,4860,234,107,192,127,4434,45.72649572649573,35.785953177257525,43.31983805668016,4.150453955901427
v4,2026,5,32,VIF,4299,209,177,200,32,3890,84.68899521531101,46.94960212201592,72.959604286892,4.88997555012225
lstm_t,2026,5,32,VIF,4299,209,77,141,132,3949,36.8421052631579,35.321100917431195,36.527514231499055,3.447432762836186
lineal_t,2026,5,32,VIF,4299,209,83,153,126,3937,39.71291866028708,35.16949152542373,38.71268656716418,3.740831295843521
v4,2026,6,64,ACO,3922,191,190,400,1,3331,99.47643979057592,32.20338983050848,70.16248153618906,10.720986330742427
lstm_t,2026,6,64,ACO,3922,191,177,305,14,3426,92.67015706806282,36.72199170124481,71.02728731942216,8.174752077191101
lineal_t,2026,6,64,ACO,3922,191,182,287,9,3444,95.28795811518324,38.80597014925373,73.8037307380373,7.6923076923076925
v4,2026,6,64,AJM,4092,199,184,279,15,3614,92.46231155778896,39.740820734341256,73.07386814932487,7.166709478551246
lstm_t,2026,6,64,AJM,4092,199,128,145,71,3748,64.321608040201,46.88644688644688,59.869036482694106,3.724633958386848
lineal_t,2026,6,64,AJM,4092,199,145,254,54,3639,72.8643216080402,36.34085213032581,60.66945606694561,6.524531209863858
v4,2026,6,64,ATI,4617,224,222,590,2,3803,99.10714285714286,27.339901477832512,64.98829039812647,13.43045754609606
lstm_t,2026,6,64,ATI,4617,224,208,426,16,3967,92.85714285714286,32.80757097791798,67.97385620915033,9.69724561802868
lineal_t,2026,6,64,ATI,4617,224,203,355,21,4038,90.625,36.37992831541219,69.80742778541953,8.081038015023902
v4,2026,6,64,BJU,4387,215,214,497,1,3675,99.53488372093024,30.09845288326301,68.10948440483769,11.912751677852349
lstm_t,2026,6,64,BJU,4387,215,197,465,18,3707,91.6279069767442,29.758308157099695,64.71747700394218,11.145733461169703
lineal_t,2026,6,64,BJU,4387,215,203,367,12,3805,94.4186046511628,35.6140350877193,70.97902097902097,8.7967401725791
v4,2026,6,64,CAM,3342,160,159,311,1,2871,99.375,33.82978723404256,71.62162162162163,9.77372721558768
lstm_t,2026,6,64,CAM,3342,160,131,174,29,3008,81.875,42.950819672131146,69.31216931216932,5.4682589566310495
lineal_t,2026,6,64,CAM,3342,160,145,147,15,3035,90.625,49.65753424657535,77.78969957081546,4.619736015084852
v4,2026,6,64,CCA,4727,232,228,543,4,3952,98.27586206896552,29.571984435797667,67.09829311359623,12.080088987764183
lstm_t,2026,6,64,CCA,4727,232,151,343,81,4152,65.08620689655173,30.5668016194332,53.09423347398031,7.630700778642937
lineal_t,2026,6,64,CCA,4727,232,202,299,30,4196,87.06896551724138,40.31936127744511,70.67879636109167,6.651835372636263
v4,2026,6,64,CUA,3391,170,168,367,2,2854,98.82352941176472,31.401869158878505,69.1358024691358,11.393977025768397
lstm_t,2026,6,64,CUA,3391,170,158,209,12,3012,92.94117647058825,43.05177111716621,75.45367717287488,6.488668115492083
lineal_t,2026,6,64,CUA,3391,170,131,152,39,3069,77.05882352941177,46.28975265017668,68.01661474558671,4.719031356721515
v4,2026,6,64,CUT,4685,224,223,426,1,4035,99.55357142857144,34.36055469953775,72.16828478964402,9.549428379287155
lstm_t,2026,6,64,CUT,4685,224,207,352,17,4109,92.41071428571428,37.0304114490161,71.1340206185567,7.890607487110513
lineal_t,2026,6,64,CUT,4685,224,200,279,24,4182,89.28571428571429,41.75365344467641,72.72727272727273,6.254203093476799
v4,2026,6,64,FAC,4685,221,216,459,5,4005,97.73755656108597,32.0,69.27517639512509,10.28225806451613
lstm_t,2026,6,64,FAC,4685,221,175,272,46,4192,79.18552036199095,39.14988814317673,65.74004507888806,6.093189964157706
lineal_t,2026,6,64,FAC,4685,221,204,305,17,4159,92.3076923076923,40.07858546168959,73.22325915290739,6.832437275985663
v4,2026,6,64,GAM,4805,231,228,478,3,4096,98.7012987012987,32.29461756373938,69.93865030674847,10.45037166593791
lstm_t,2026,6,64,GAM,4805,231,203,241,28,4333,87.87878787878788,45.72072072072072,74.19590643274854,5.268911237428946
lineal_t,2026,6,64,GAM,4805,231,223,198,8,4376,96.53679653679652,52.96912114014252,82.8996282527881,4.328815041539134
v4,2026,6,64,INN,4287,208,208,361,0,3718,100.0,36.55536028119508,74.23269093504639,8.850208384407944
lstm_t,2026,6,64,INN,4287,208,206,352,2,3727,99.03846153846152,36.91756272401434,74.10071942446044,8.629566070115224
lineal_t,2026,6,64,INN,4287,208,204,394,4,3685,98.07692307692308,34.11371237458194,71.32867132867133,9.659230203481243
v4,2026,6,64,IZT,3116,153,150,337,3,2626,98.03921568627452,30.80082135523614,68.24385805277525,11.373607829902124
lstm_t,2026,6,64,IZT,3116,153,130,237,23,2726,84.9673202614379,35.42234332425068,66.39427987742594,7.998650016874789
lineal_t,2026,6,64,IZT,3116,153,142,223,11,2740,92.81045751633988,38.9041095890411,72.67144319344933,7.526155923050962
v4,2026,6,64,LLA,4668,230,229,517,1,3921,99.56521739130434,30.697050938337803,68.72749099639856,11.649391617845875
lstm_t,2026,6,64,LLA,4668,230,217,353,13,4085,94.34782608695652,38.07017543859649,72.81879194630872,7.954033348355115
lineal_t,2026,6,64,LLA,4668,230,218,334,12,4104,94.78260869565216,39.492753623188406,74.04891304347827,7.525912573231185
v4,2026,6,64,LPR,4572,228,226,477,2,3867,99.12280701754386,32.147937411095306,69.96904024767802,10.980662983425416
lstm_t,2026,6,64,LPR,4572,228,206,263,22,4081,90.35087719298244,43.92324093816631,74.58363504706735,6.054327808471455
lineal_t,2026,6,64,LPR,4572,228,211,348,17,3996,92.5438596491228,37.74597495527728,71.7199184228416,8.011049723756907
v4,2026,6,64,MER,4704,226,224,581,2,3897,99.1150442477876,27.82608695652174,65.5354008191925,12.974542206342116
lstm_t,2026,6,64,MER,4704,226,192,414,34,4064,84.95575221238938,31.683168316831683,63.57615894039735,9.245198749441714
lineal_t,2026,6,64,MER,4704,226,215,395,11,4083,95.13274336283186,35.24590163934426,71.00396301188904,8.820902188476998
v4,2026,6,64,MGH,4881,238,236,520,2,4123,99.15966386554622,31.21693121693122,69.08665105386417,11.199655395218608
lstm_t,2026,6,64,MGH,4881,238,214,308,24,4335,89.91596638655462,40.99616858237548,72.59158751696066,6.63364204178333
lineal_t,2026,6,64,MGH,4881,238,217,231,21,4412,91.17647058823528,48.4375,77.5,4.9752315313374975
v4,2026,6,64,MON,3907,200,200,371,0,3336,100.0,35.02626970227671,72.93946024799416,10.008092797410304
lstm_t,2026,6,64,MON,3907,200,197,361,3,3346,98.5,35.30465949820788,72.53313696612666,9.738332883733475
lineal_t,2026,6,64,MON,3907,200,197,311,3,3396,98.5,38.77952755905512,75.30581039755351,8.38953331534934
v4,2026,6,64,MPA,2306,111,111,217,0,1978,100.0,33.84146341463415,71.89119170984456,9.88610478359909
lstm_t,2026,6,64,MPA,2306,111,107,198,4,1997,96.3963963963964,35.08196721311475,71.42857142857143,9.020501138952165
lineal_t,2026,6,64,MPA,2306,111,99,164,12,2031,89.1891891891892,37.6425855513308,70.01414427157002,7.471526195899772
v4,2026,6,64,NEZ,4316,203,202,507,1,3606,99.50738916256158,28.49083215796897,66.40368178829718,12.326768781911014
lstm_t,2026,6,64,NEZ,4316,203,183,337,20,3776,90.14778325123152,35.19230769230769,68.69369369369369,8.193532701191344
lineal_t,2026,6,64,NEZ,4316,203,195,321,8,3792,96.0591133004926,37.7906976744186,73.41867469879519,7.804522246535376
v4,2026,6,64,PED,4743,233,232,404,1,4106,99.57081545064378,36.477987421383645,73.9795918367347,8.957871396895786
lstm_t,2026,6,64,PED,4743,233,191,254,42,4256,81.97424892703863,42.92134831460674,69.35366739288308,5.631929046563193
lineal_t,2026,6,64,PED,4743,233,205,211,28,4299,87.98283261802575,49.27884615384615,76.03857566765579,4.678492239467849
v4,2026,6,64,SAC,3629,173,171,319,2,3137,98.84393063583816,34.89795918367347,72.33502538071066,9.230324074074074
lstm_t,2026,6,64,SAC,3629,173,143,159,30,3297,82.65895953757226,47.35099337748344,71.93158953722335,4.600694444444445
lineal_t,2026,6,64,SAC,3629,173,160,209,13,3247,92.48554913294798,43.360433604336045,75.40056550424129,6.047453703703703
v4,2026,6,64,SAG,3098,146,145,426,1,2526,99.31506849315068,25.394045534150614,62.77056277056277,14.43089430894309
lstm_t,2026,6,64,SAG,3098,146,140,252,6,2700,95.89041095890413,35.714285714285715,71.72131147540983,8.536585365853659
lineal_t,2026,6,64,SAG,3098,146,142,239,4,2713,97.26027397260276,37.27034120734909,73.57512953367876,8.09620596205962
v4,2026,6,64,TAH,3974,195,195,510,0,3269,100.0,27.659574468085108,65.65656565656566,13.49563376554644
lstm_t,2026,6,64,TAH,3974,195,189,352,6,3427,96.92307692307692,34.93530499075786,71.53671461014383,9.31463350092617
lineal_t,2026,6,64,TAH,3974,195,189,400,6,3379,96.92307692307692,32.08828522920204,69.02848794740687,10.584810796507012
v4,2026,6,64,TLA,4233,201,199,361,2,3671,99.0049751243781,35.535714285714285,72.94721407624634,8.953373015873016
lstm_t,2026,6,64,TLA,4233,201,163,244,38,3788,81.09452736318408,40.04914004914005,67.29975227085053,6.051587301587301
lineal_t,2026,6,64,TLA,4233,201,178,245,23,3787,88.55721393034825,42.08037825059102,72.53463732681337,6.076388888888889
v4,2026,6,64,TLI,4139,192,189,388,3,3559,98.4375,32.75563258232236,70.26022304832713,9.830250823410186
lstm_t,2026,6,64,TLI,4139,192,178,245,14,3702,92.70833333333331,42.08037825059102,74.72712006717045,6.207246009627565
lineal_t,2026,6,64,TLI,4139,192,175,203,17,3744,91.14583333333331,46.2962962962963,76.35253054101221,5.143146693691412
v4,2026,6,64,UAX,4679,223,222,372,1,4084,99.55156950672644,37.37373737373738,74.6971736204576,8.348294434470377
lstm_t,2026,6,64,UAX,4679,223,212,200,11,4256,95.06726457399104,51.45631067961165,81.28834355828221,4.488330341113106
lineal_t,2026,6,64,UAX,4679,223,207,215,16,4241,92.82511210762333,49.052132701421804,78.76712328767124,4.8249551166965885
v4,2026,6,64,UIZ,4860,234,234,301,0,4325,100.0,43.73831775700935,79.53772943575798,6.506701253782966
lstm_t,2026,6,64,UIZ,4860,234,214,195,20,4431,91.45299145299144,52.32273838630807,79.5539033457249,4.215304798962387
lineal_t,2026,6,64,UIZ,4860,234,218,188,16,4438,93.16239316239316,53.69458128078818,81.2220566318927,4.06398616515348
v4,2026,6,64,VIF,4299,209,207,316,2,3774,99.04306220095694,39.5793499043977,76.15894039735099,7.726161369193154
lstm_t,2026,6,64,VIF,4299,209,199,215,10,3875,95.2153110047847,48.06763285024154,79.6,5.256723716381418
lineal_t,2026,6,64,VIF,4299,209,190,185,19,3905,90.9090909090909,50.66666666666666,78.44756399669694,4.52322738386308
v4,2026,7,128,ACO,3922,191,191,665,0,3066,100.0,22.31308411214953,58.95061728395062,17.823639774859288
lstm_t,2026,7,128,ACO,3922,191,191,618,0,3113,100.0,23.60939431396786,60.7120152574698,16.563923880997052
lineal_t,2026,7,128,ACO,3922,191,190,592,1,3139,99.47643979057592,24.296675191815854,61.44890038809832,15.867059769498796
v4,2026,7,128,AJM,4092,199,199,387,0,3506,100.0,33.95904436860068,71.99710564399422,9.94091959928076
lstm_t,2026,7,128,AJM,4092,199,199,229,0,3664,100.0,46.495327102803735,81.29084967320262,5.882352941176471
lineal_t,2026,7,128,AJM,4092,199,190,361,9,3532,95.47738693467336,34.48275862068966,70.52709725315516,9.273054199845877
v4,2026,7,128,ATI,4617,224,224,897,0,3496,100.0,19.982158786797505,55.528011898859695,20.418848167539267
lstm_t,2026,7,128,ATI,4617,224,224,710,0,3683,100.0,23.98286937901499,61.20218579234973,16.162076030047803
lineal_t,2026,7,128,ATI,4617,224,223,614,1,3779,99.55357142857144,26.642771804062125,64.33929601846509,13.97678124288641
v4,2026,7,128,BJU,4387,215,215,672,0,3500,100.0,24.23900789177001,61.53405838580424,16.107382550335572
lstm_t,2026,7,128,BJU,4387,215,215,713,0,3459,100.0,23.16810344827586,60.12304250559284,17.09012464046021
lineal_t,2026,7,128,BJU,4387,215,214,559,1,3613,99.53488372093024,27.68434670116429,65.523576240049,13.398849472674977
v4,2026,7,128,CAM,3342,160,160,471,0,2711,100.0,25.35657686212361,62.94256490952007,14.80201131363922
lstm_t,2026,7,128,CAM,3342,160,159,291,1,2891,99.375,35.333333333333336,72.93577981651376,9.14519170333124
lineal_t,2026,7,128,CAM,3342,160,159,284,1,2898,99.375,35.89164785553047,73.40720221606648,8.925204274041484
v4,2026,7,128,CCA,4727,232,232,821,0,3674,100.0,22.03228869895537,58.5562847046946,18.264738598442715
lstm_t,2026,7,128,CCA,4727,232,231,619,1,3876,99.56896551724138,27.176470588235293,64.96062992125984,13.770856507230256
lineal_t,2026,7,128,CCA,4727,232,231,521,1,3974,99.56896551724138,30.71808510638298,68.75,11.590656284760843
v4,2026,7,128,CUA,3391,170,170,553,0,2668,100.0,23.51313969571231,60.58446186742695,17.168581185967092
lstm_t,2026,7,128,CUA,3391,170,170,443,0,2778,100.0,27.732463295269167,65.73859242072699,13.753492704129153
lineal_t,2026,7,128,CUA,3391,170,166,301,4,2920,97.6470588235294,35.54603854389722,72.36268526591107,9.344923936665632
v4,2026,7,128,CUT,4685,224,224,777,0,3684,100.0,22.377622377622377,59.04059040590406,17.41761936785474
lstm_t,2026,7,128,CUT,4685,224,224,769,0,3692,100.0,22.55790533736153,59.29062996294336,17.23828737951132
lineal_t,2026,7,128,CUT,4685,224,224,617,0,3844,100.0,26.634958382877528,64.4789867587795,13.830979600986328
v4,2026,7,128,FAC,4685,221,221,700,0,3764,100.0,23.995656894679698,61.21883656509695,15.68100358422939
lstm_t,2026,7,128,FAC,4685,221,221,420,0,4044,100.0,34.477379095163805,72.45901639344262,9.408602150537634
lineal_t,2026,7,128,FAC,4685,221,219,506,2,3958,99.0950226244344,30.20689655172414,68.05469235550031,11.335125448028672
v4,2026,7,128,GAM,4805,231,231,763,0,3811,100.0,23.239436619718308,60.21897810218978,16.681241801486664
lstm_t,2026,7,128,GAM,4805,231,231,599,0,3975,100.0,27.83132530120482,65.84948688711516,13.09575863576738
lineal_t,2026,7,128,GAM,4805,231,231,427,0,4147,100.0,35.1063829787234,73.00884955752213,9.335373852208132
v4,2026,7,128,INN,4287,208,208,662,0,3417,100.0,23.908045977011493,61.10458284371328,16.229468006864426
lstm_t,2026,7,128,INN,4287,208,208,659,0,3420,100.0,23.99077277970012,61.21247792819305,16.155920568766856
lineal_t,2026,7,128,INN,4287,208,208,786,0,3293,100.0,20.92555331991952,56.955093099671416,19.26942878156411
v4,2026,7,128,IZT,3116,153,152,515,1,2448,99.34640522875816,22.788605697151425,59.421422986708365,17.381032737090788
lstm_t,2026,7,128,IZT,3116,153,151,400,2,2563,98.69281045751634,27.404718693284934,64.9183147033534,13.499831252109349
lineal_t,2026,7,128,IZT,3116,153,151,393,2,2570,98.69281045751634,27.75735294117647,65.31141868512111,13.263584205197436
v4,2026,7,128,LLA,4668,230,230,858,0,3580,100.0,21.139705882352946,57.27091633466136,19.333032897701667
lstm_t,2026,7,128,LLA,4668,230,230,764,0,3674,100.0,23.13883299798793,60.08359456635319,17.214961694456964
lineal_t,2026,7,128,LLA,4668,230,230,628,0,3810,100.0,26.806526806526808,64.67941507311586,14.150518251464623
v4,2026,7,128,LPR,4572,228,228,755,0,3589,100.0,23.194303153611397,60.15831134564644,17.380294659300183
lstm_t,2026,7,128,LPR,4572,228,227,538,1,3806,99.56140350877192,29.67320261437909,67.68038163387001,12.384898710865562
lineal_t,2026,7,128,LPR,4572,228,227,628,1,3716,99.56140350877192,26.549707602339183,64.23316355404641,14.456721915285453
v4,2026,7,128,MER,4704,226,226,744,0,3734,100.0,23.298969072164947,60.29882604055496,16.614560071460474
lstm_t,2026,7,128,MER,4704,226,225,501,1,3977,99.5575221238938,30.99173553719008,69.01840490797547,11.188030370701206
lineal_t,2026,7,128,MER,4704,226,225,608,1,3870,99.5575221238938,27.01080432172869,64.76683937823834,13.577489950870923
v4,2026,7,128,MGH,4881,238,238,734,0,3909,100.0,24.48559670781893,61.85031185031185,15.808744346327805
lstm_t,2026,7,128,MGH,4881,238,238,612,0,4031,100.0,28.0,66.0377358490566,13.181132888218825
lineal_t,2026,7,128,MGH,4881,238,236,446,2,4197,99.15966386554622,34.604105571847505,72.21542227662178,9.605858281283652
v4,2026,7,128,MON,3907,200,200,496,0,3211,100.0,28.735632183908045,66.84491978609626,13.38009171837065
lstm_t,2026,7,128,MON,3907,200,200,475,0,3232,100.0,29.62962962962963,67.79661016949153,12.813595899649313
lineal_t,2026,7,128,MON,3907,200,200,475,0,3232,100.0,29.62962962962963,67.79661016949153,12.813595899649313
v4,2026,7,128,MPA,2306,111,111,408,0,1787,100.0,21.387283236994215,57.63239875389408,18.5876993166287
lstm_t,2026,7,128,MPA,2306,111,111,372,0,1823,100.0,22.981366459627328,59.8705501618123,16.94760820045558
lineal_t,2026,7,128,MPA,2306,111,111,292,0,1903,100.0,27.543424317617863,65.52538370720188,13.302961275626425
v4,2026,7,128,NEZ,4316,203,203,753,0,3360,100.0,21.234309623430963,57.40950226244344,18.30780452224653
lstm_t,2026,7,128,NEZ,4316,203,203,598,0,3515,100.0,25.343320848938827,62.92622442653441,14.539265742766837
lineal_t,2026,7,128,NEZ,4316,203,203,500,0,3613,100.0,28.87624466571835,66.996699669967,12.156576707999028
v4,2026,7,128,PED,4743,233,233,576,0,3934,100.0,28.800988875154516,66.91556576680068,12.771618625277162
lstm_t,2026,7,128,PED,4743,233,232,414,1,4096,99.57081545064378,35.913312693498455,73.51077313054499,9.17960088691796
lineal_t,2026,7,128,PED,4743,233,230,413,3,4097,98.71244635193132,35.769828926905134,73.01587301587301,9.157427937915743
v4,2026,7,128,SAC,3629,173,173,399,0,3057,100.0,30.244755244755243,68.43354430379746,11.54513888888889
lstm_t,2026,7,128,SAC,3629,173,172,314,1,3142,99.42196531791907,35.390946502057616,73.00509337860781,9.085648148148149
lineal_t,2026,7,128,SAC,3629,173,173,333,0,3123,100.0,34.1897233201581,72.20367278797997,9.635416666666666
v4,2026,7,128,SAG,3098,146,146,518,0,2434,100.0,21.98795180722892,58.49358974358975,17.54742547425474
lstm_t,2026,7,128,SAG,3098,146,146,410,0,2542,100.0,26.258992805755398,64.03508771929825,13.88888888888889
lineal_t,2026,7,128,SAG,3098,146,146,419,0,2533,100.0,25.84070796460177,63.53350739773716,14.193766937669375
v4,2026,7,128,TAH,3974,195,195,662,0,3117,100.0,22.75379229871645,59.560171044593766,17.517861868219107
lstm_t,2026,7,128,TAH,3974,195,195,559,0,3220,100.0,25.86206896551724,63.559322033898304,14.79227308811855
lineal_t,2026,7,128,TAH,3974,195,195,591,0,3188,100.0,24.80916030534351,62.26053639846743,15.639057951839112
v4,2026,7,128,TLA,4233,201,201,528,0,3504,100.0,27.57201646090535,65.55772994129158,13.095238095238097
lstm_t,2026,7,128,TLA,4233,201,200,463,1,3569,99.50248756218906,30.16591251885369,68.1663258350375,11.48313492063492
lineal_t,2026,7,128,TLA,4233,201,200,467,1,3565,99.50248756218906,29.985007496251875,67.98096532970769,11.58234126984127
v4,2026,7,128,TLI,4139,192,192,664,0,3283,100.0,22.429906542056077,59.11330049261084,16.822903470990624
lstm_t,2026,7,128,TLI,4139,192,192,574,0,3373,100.0,25.065274151436032,62.58148631029987,14.54269065112744
lineal_t,2026,7,128,TLI,4139,192,191,437,1,3510,99.47916666666669,30.414012738853504,68.40974212034384,11.071700025335698
v4,2026,7,128,UAX,4679,223,223,433,0,4023,100.0,33.99390243902439,72.02842377260981,9.717235188509877
lstm_t,2026,7,128,UAX,4679,223,223,292,0,4164,100.0,43.300970873786405,79.24662402274343,6.552962298025134
lineal_t,2026,7,128,UAX,4679,223,222,362,1,4094,99.55156950672644,38.013698630136986,75.20325203252033,8.123877917414722
v4,2026,7,128,UIZ,4860,234,234,532,0,4094,100.0,30.548302872062663,68.74265569917743,11.50021616947687
lstm_t,2026,7,128,UIZ,4860,234,234,403,0,4223,100.0,36.734693877551024,74.3801652892562,8.711629917855598
lineal_t,2026,7,128,UIZ,4860,234,233,352,1,4274,99.57264957264957,39.82905982905983,76.59434582511506,7.609165585819282
v4,2026,7,128,VIF,4299,209,209,630,0,3460,100.0,24.910607866507743,62.38805970149254,15.403422982885086
lstm_t,2026,7,128,VIF,4299,209,209,651,0,3439,100.0,24.302325581395348,61.615566037735846,15.916870415647924
lineal_t,2026,7,128,VIF,4299,209,209,507,0,3583,100.0,29.18994413407821,67.33247422680412,12.396088019559905
