fecha,dano_observado,dano_evaluable,dano_detectado,dano_no_detectado,dano_sin_evaluacion,bit,tipo_dano
2025-10-21,False,False,False,False,False,1,anulada_fase1
2025-10-22,False,False,False,False,False,1,anulada_fase1
2025-10-23,False,False,False,False,False,1,anulada_fase1
2025-10-24,False,False,False,False,False,1,anulada_fase1
2025-10-25,False,False,False,False,False,1,anulada_fase1
2025-10-26,False,False,False,False,False,1,anulada_fase1
2025-10-27,False,False,False,False,False,1,anulada_fase1
2025-10-28,False,False,False,False,False,1,anulada_fase1
2025-10-29,False,False,False,False,False,1,anulada_fase1
2025-10-30,False,False,False,False,False,1,anulada_fase1
2025-10-31,False,False,False,False,False,1,anulada_fase1
2025-11-01,False,False,False,False,False,1,anulada_fase1
2025-11-02,False,False,False,False,False,1,anulada_fase1
2025-11-03,False,False,False,False,False,1,anulada_fase1
2025-11-04,False,False,False,False,False,1,anulada_fase1
2025-11-05,False,False,False,False,False,1,anulada_fase1
2025-11-06,False,False,False,False,False,1,anulada_fase1
2025-11-07,False,False,False,False,False,1,anulada_fase1
2025-11-08,False,False,False,False,False,1,anulada_fase1
2025-11-09,False,False,False,False,False,1,anulada_fase1
2025-11-10,False,False,False,False,False,1,anulada_fase1
2025-11-11,False,False,False,False,False,1,anulada_fase1
2025-11-12,False,False,False,False,False,1,anulada_fase1
2025-11-13,False,False,False,False,False,1,anulada_fase1
2025-11-14,False,False,False,False,False,1,anulada_fase1
2025-11-15,False,False,False,False,False,1,anulada_fase1
2025-11-16,False,False,False,False,False,1,anulada_fase1
2025-11-17,False,False,False,False,False,1,anulada_fase1
2025-11-18,False,False,False,False,False,1,anulada_fase1
2025-11-19,False,False,False,False,False,1,anulada_fase1
2025-11-20,False,False,False,False,False,1,anulada_fase1
2025-11-21,False,False,False,False,False,1,anulada_fase1
2025-11-22,False,False,False,False,False,1,anulada_fase1
2025-11-23,False,False,False,False,False,1,anulada_fase1
2025-11-24,False,False,False,False,False,1,anulada_fase1
2025-11-25,False,False,False,False,False,1,anulada_fase1
2025-11-26,False,False,False,False,False,1,anulada_fase1
2025-11-27,False,False,False,False,False,1,anulada_fase1
2025-11-28,False,False,False,False,False,1,anulada_fase1
2025-11-29,False,False,False,False,False,1,anulada_fase1
2025-11-30,False,False,False,False,False,1,anulada_fase1
2025-12-01,False,False,False,False,False,1,anulada_fase1
2025-12-02,False,False,False,False,False,1,anulada_fase1
2025-12-03,False,False,False,False,False,1,anulada_fase1
2025-12-04,False,False,False,False,False,1,anulada_fase1
2025-12-05,False,False,False,False,False,1,anulada_fase1
2025-12-06,False,False,False,False,False,1,anulada_fase1
2025-12-07,False,False,False,False,False,1,anulada_fase1
2025-12-08,False,False,False,False,False,1,anulada_fase1
2025-12-09,False,False,False,False,False,1,anulada_fase1
2025-12-10,False,False,False,False,False,1,anulada_fase1
2025-12-11,False,False,False,False,False,1,anulada_fase1
2025-12-12,False,False,False,False,False,1,anulada_fase1
2025-12-13,False,False,False,False,False,1,anulada_fase1
2025-12-14,False,False,False,False,False,1,anulada_fase1
2025-12-15,False,False,False,False,False,1,anulada_fase1
2025-12-16,False,False,False,False,False,1,anulada_fase1
2025-12-17,False,False,False,False,False,1,anulada_fase1
2025-12-18,False,False,False,False,False,1,anulada_fase1
2025-12-19,False,False,False,False,False,1,anulada_fase1
2025-12-20,False,False,False,False,False,1,anulada_fase1
2025-12-21,False,False,False,False,False,1,anulada_fase1
2025-12-22,False,False,False,False,False,1,anulada_fase1
2025-12-23,False,False,False,False,False,1,anulada_fase1
2025-12-24,False,False,False,False,False,1,anulada_fase1
2025-12-25,False,False,False,False,False,1,anulada_fase1
2025-12-26,False,False,False,False,False,1,anulada_fase1
2025-12-27,False,False,False,False,False,1,anulada_fase1
2025-12-28,False,False,False,False,False,1,anulada_fase1
2025-12-29,False,False,False,False,False,1,anulada_fase1
2025-12-30,False,False,False,False,False,1,anulada_fase1
2025-12-31,False,False,False,False,False,1,anulada_fase1
2025-10-21,False,False,False,False,False,1,cambio_banda_red
2025-10-22,False,False,False,False,False,1,cambio_banda_red
2025-10-23,False,False,False,False,False,1,cambio_banda_red
2025-10-24,False,False,False,False,False,1,cambio_banda_red
2025-10-25,False,False,False,False,False,1,cambio_banda_red
2025-10-26,False,False,False,False,False,1,cambio_banda_red
2025-10-27,False,False,False,False,False,1,cambio_banda_red
2025-10-28,False,False,False,False,False,1,cambio_banda_red
2025-10-29,False,False,False,False,False,1,cambio_banda_red
2025-10-30,False,False,False,False,False,1,cambio_banda_red
2025-10-31,False,False,False,False,False,1,cambio_banda_red
2025-11-01,False,False,False,False,False,1,cambio_banda_red
2025-11-02,False,False,False,False,False,1,cambio_banda_red
2025-11-03,False,False,False,False,False,1,cambio_banda_red
2025-11-04,False,False,False,False,False,1,cambio_banda_red
2025-11-05,False,False,False,False,False,1,cambio_banda_red
2025-11-06,False,False,False,False,False,1,cambio_banda_red
2025-11-07,False,False,False,False,False,1,cambio_banda_red
2025-11-08,False,False,False,False,False,1,cambio_banda_red
2025-11-09,False,False,False,False,False,1,cambio_banda_red
2025-11-10,False,False,False,False,False,1,cambio_banda_red
2025-11-11,False,False,False,False,False,1,cambio_banda_red
2025-11-12,False,False,False,False,False,1,cambio_banda_red
2025-11-13,False,False,False,False,False,1,cambio_banda_red
2025-11-14,False,False,False,False,False,1,cambio_banda_red
2025-11-15,False,False,False,False,False,1,cambio_banda_red
2025-11-16,False,False,False,False,False,1,cambio_banda_red
2025-11-17,False,False,False,False,False,1,cambio_banda_red
2025-11-18,False,False,False,False,False,1,cambio_banda_red
2025-11-19,False,False,False,False,False,1,cambio_banda_red
2025-11-20,False,False,False,False,False,1,cambio_banda_red
2025-11-21,False,False,False,False,False,1,cambio_banda_red
2025-11-22,False,False,False,False,False,1,cambio_banda_red
2025-11-23,False,False,False,False,False,1,cambio_banda_red
2025-11-24,False,False,False,False,False,1,cambio_banda_red
2025-11-25,False,False,False,False,False,1,cambio_banda_red
2025-11-26,False,False,False,False,False,1,cambio_banda_red
2025-11-27,False,False,False,False,False,1,cambio_banda_red
2025-11-28,False,False,False,False,False,1,cambio_banda_red
2025-11-29,False,False,False,False,False,1,cambio_banda_red
2025-11-30,False,False,False,False,False,1,cambio_banda_red
2025-12-01,False,False,False,False,False,1,cambio_banda_red
2025-12-02,False,False,False,False,False,1,cambio_banda_red
2025-12-03,False,False,False,False,False,1,cambio_banda_red
2025-12-04,False,False,False,False,False,1,cambio_banda_red
2025-12-05,False,False,False,False,False,1,cambio_banda_red
2025-12-06,False,False,False,False,False,1,cambio_banda_red
2025-12-07,False,False,False,False,False,1,cambio_banda_red
2025-12-08,False,False,False,False,False,1,cambio_banda_red
2025-12-09,False,False,False,False,False,1,cambio_banda_red
2025-12-10,False,False,False,False,False,1,cambio_banda_red
2025-12-11,False,False,False,False,False,1,cambio_banda_red
2025-12-12,False,False,False,False,False,1,cambio_banda_red
2025-12-13,False,False,False,False,False,1,cambio_banda_red
2025-12-14,False,False,False,False,False,1,cambio_banda_red
2025-12-15,False,False,False,False,False,1,cambio_banda_red
2025-12-16,False,False,False,False,False,1,cambio_banda_red
2025-12-17,False,False,False,False,False,1,cambio_banda_red
2025-12-18,False,False,False,False,False,1,cambio_banda_red
2025-12-19,False,False,False,False,False,1,cambio_banda_red
2025-12-20,False,False,False,False,False,1,cambio_banda_red
2025-12-21,False,False,False,False,False,1,cambio_banda_red
2025-12-22,False,False,False,False,False,1,cambio_banda_red
2025-12-23,False,False,False,False,False,1,cambio_banda_red
2025-12-24,False,False,False,False,False,1,cambio_banda_red
2025-12-25,False,False,False,False,False,1,cambio_banda_red
2025-12-26,False,False,False,False,False,1,cambio_banda_red
2025-12-27,False,False,False,False,False,1,cambio_banda_red
2025-12-28,False,False,False,False,False,1,cambio_banda_red
2025-12-29,False,False,False,False,False,1,cambio_banda_red
2025-12-30,False,False,False,False,False,1,cambio_banda_red
2025-12-31,False,False,False,False,False,1,cambio_banda_red
2025-10-21,False,False,False,False,False,1,cruce_fase1
2025-10-22,False,False,False,False,False,1,cruce_fase1
2025-10-23,False,False,False,False,False,1,cruce_fase1
2025-10-24,False,False,False,False,False,1,cruce_fase1
2025-10-25,False,False,False,False,False,1,cruce_fase1
2025-10-26,False,False,False,False,False,1,cruce_fase1
2025-10-27,False,False,False,False,False,1,cruce_fase1
2025-10-28,False,False,False,False,False,1,cruce_fase1
2025-10-29,False,False,False,False,False,1,cruce_fase1
2025-10-30,False,False,False,False,False,1,cruce_fase1
2025-10-31,False,False,False,False,False,1,cruce_fase1
2025-11-01,False,False,False,False,False,1,cruce_fase1
2025-11-02,False,False,False,False,False,1,cruce_fase1
2025-11-03,False,False,False,False,False,1,cruce_fase1
2025-11-04,False,False,False,False,False,1,cruce_fase1
2025-11-05,False,False,False,False,False,1,cruce_fase1
2025-11-06,False,False,False,False,False,1,cruce_fase1
2025-11-07,False,False,False,False,False,1,cruce_fase1
2025-11-08,False,False,False,False,False,1,cruce_fase1
2025-11-09,False,False,False,False,False,1,cruce_fase1
2025-11-10,False,False,False,False,False,1,cruce_fase1
2025-11-11,False,False,False,False,False,1,cruce_fase1
2025-11-12,False,False,False,False,False,1,cruce_fase1
2025-11-13,False,False,False,False,False,1,cruce_fase1
2025-11-14,False,False,False,False,False,1,cruce_fase1
2025-11-15,False,False,False,False,False,1,cruce_fase1
2025-11-16,False,False,False,False,False,1,cruce_fase1
2025-11-17,False,False,False,False,False,1,cruce_fase1
2025-11-18,False,False,False,False,False,1,cruce_fase1
2025-11-19,False,False,False,False,False,1,cruce_fase1
2025-11-20,False,False,False,False,False,1,cruce_fase1
2025-11-21,False,False,False,False,False,1,cruce_fase1
2025-11-22,False,False,False,False,False,1,cruce_fase1
2025-11-23,False,False,False,False,False,1,cruce_fase1
2025-11-24,False,False,False,False,False,1,cruce_fase1
2025-11-25,False,False,False,False,False,1,cruce_fase1
2025-11-26,False,False,False,False,False,1,cruce_fase1
2025-11-27,False,False,False,False,False,1,cruce_fase1
2025-11-28,False,False,False,False,False,1,cruce_fase1
2025-11-29,False,False,False,False,False,1,cruce_fase1
2025-11-30,False,False,False,False,False,1,cruce_fase1
2025-12-01,False,False,False,False,False,1,cruce_fase1
2025-12-02,False,False,False,False,False,1,cruce_fase1
2025-12-03,False,False,False,False,False,1,cruce_fase1
2025-12-04,False,False,False,False,False,1,cruce_fase1
2025-12-05,False,False,False,False,False,1,cruce_fase1
2025-12-06,False,False,False,False,False,1,cruce_fase1
2025-12-07,False,False,False,False,False,1,cruce_fase1
2025-12-08,False,False,False,False,False,1,cruce_fase1
2025-12-09,False,False,False,False,False,1,cruce_fase1
2025-12-10,False,False,False,False,False,1,cruce_fase1
2025-12-11,False,False,False,False,False,1,cruce_fase1
2025-12-12,False,False,False,False,False,1,cruce_fase1
2025-12-13,False,False,False,False,False,1,cruce_fase1
2025-12-14,False,False,False,False,False,1,cruce_fase1
2025-12-15,False,False,False,False,False,1,cruce_fase1
2025-12-16,False,False,False,False,False,1,cruce_fase1
2025-12-17,False,False,False,False,False,1,cruce_fase1
2025-12-18,False,False,False,False,False,1,cruce_fase1
2025-12-19,False,False,False,False,False,1,cruce_fase1
2025-12-20,False,False,False,False,False,1,cruce_fase1
2025-12-21,False,False,False,False,False,1,cruce_fase1
2025-12-22,False,False,False,False,False,1,cruce_fase1
2025-12-23,False,False,False,False,False,1,cruce_fase1
2025-12-24,False,False,False,False,False,1,cruce_fase1
2025-12-25,False,False,False,False,False,1,cruce_fase1
2025-12-26,False,False,False,False,False,1,cruce_fase1
2025-12-27,False,False,False,False,False,1,cruce_fase1
2025-12-28,False,False,False,False,False,1,cruce_fase1
2025-12-29,False,False,False,False,False,1,cruce_fase1
2025-12-30,False,False,False,False,False,1,cruce_fase1
2025-12-31,False,False,False,False,False,1,cruce_fase1
2025-10-21,False,False,False,False,False,1,falsa_fase1
2025-10-22,False,False,False,False,False,1,falsa_fase1
2025-10-23,False,False,False,False,False,1,falsa_fase1
2025-10-24,False,False,False,False,False,1,falsa_fase1
2025-10-25,False,False,False,False,False,1,falsa_fase1
2025-10-26,False,False,False,False,False,1,falsa_fase1
2025-10-27,False,False,False,False,False,1,falsa_fase1
2025-10-28,False,False,False,False,False,1,falsa_fase1
2025-10-29,False,False,False,False,False,1,falsa_fase1
2025-10-30,False,False,False,False,False,1,falsa_fase1
2025-10-31,False,False,False,False,False,1,falsa_fase1
2025-11-01,False,False,False,False,False,1,falsa_fase1
2025-11-02,False,False,False,False,False,1,falsa_fase1
2025-11-03,False,False,False,False,False,1,falsa_fase1
2025-11-04,False,False,False,False,False,1,falsa_fase1
2025-11-05,False,False,False,False,False,1,falsa_fase1
2025-11-06,False,False,False,False,False,1,falsa_fase1
2025-11-07,False,False,False,False,False,1,falsa_fase1
2025-11-08,False,False,False,False,False,1,falsa_fase1
2025-11-09,False,False,False,False,False,1,falsa_fase1
2025-11-10,False,False,False,False,False,1,falsa_fase1
2025-11-11,False,False,False,False,False,1,falsa_fase1
2025-11-12,False,False,False,False,False,1,falsa_fase1
2025-11-13,False,False,False,False,False,1,falsa_fase1
2025-11-14,False,False,False,False,False,1,falsa_fase1
2025-11-15,False,False,False,False,False,1,falsa_fase1
2025-11-16,False,False,False,False,False,1,falsa_fase1
2025-11-17,False,False,False,False,False,1,falsa_fase1
2025-11-18,False,False,False,False,False,1,falsa_fase1
2025-11-19,False,False,False,False,False,1,falsa_fase1
2025-11-20,False,False,False,False,False,1,falsa_fase1
2025-11-21,False,False,False,False,False,1,falsa_fase1
2025-11-22,False,False,False,False,False,1,falsa_fase1
2025-11-23,False,False,False,False,False,1,falsa_fase1
2025-11-24,False,False,False,False,False,1,falsa_fase1
2025-11-25,False,False,False,False,False,1,falsa_fase1
2025-11-26,False,False,False,False,False,1,falsa_fase1
2025-11-27,False,False,False,False,False,1,falsa_fase1
2025-11-28,False,False,False,False,False,1,falsa_fase1
2025-11-29,False,False,False,False,False,1,falsa_fase1
2025-11-30,False,False,False,False,False,1,falsa_fase1
2025-12-01,False,False,False,False,False,1,falsa_fase1
2025-12-02,False,False,False,False,False,1,falsa_fase1
2025-12-03,False,False,False,False,False,1,falsa_fase1
2025-12-04,False,False,False,False,False,1,falsa_fase1
2025-12-05,False,False,False,False,False,1,falsa_fase1
2025-12-06,False,False,False,False,False,1,falsa_fase1
2025-12-07,False,False,False,False,False,1,falsa_fase1
2025-12-08,False,False,False,False,False,1,falsa_fase1
2025-12-09,False,False,False,False,False,1,falsa_fase1
2025-12-10,False,False,False,False,False,1,falsa_fase1
2025-12-11,False,False,False,False,False,1,falsa_fase1
2025-12-12,False,False,False,False,False,1,falsa_fase1
2025-12-13,False,False,False,False,False,1,falsa_fase1
2025-12-14,False,False,False,False,False,1,falsa_fase1
2025-12-15,False,False,False,False,False,1,falsa_fase1
2025-12-16,False,False,False,False,False,1,falsa_fase1
2025-12-17,False,False,False,False,False,1,falsa_fase1
2025-12-18,False,False,False,False,False,1,falsa_fase1
2025-12-19,False,False,False,False,False,1,falsa_fase1
2025-12-20,False,False,False,False,False,1,falsa_fase1
2025-12-21,False,False,False,False,False,1,falsa_fase1
2025-12-22,False,False,False,False,False,1,falsa_fase1
2025-12-23,False,False,False,False,False,1,falsa_fase1
2025-12-24,False,False,False,False,False,1,falsa_fase1
2025-12-25,False,False,False,False,False,1,falsa_fase1
2025-12-26,False,False,False,False,False,1,falsa_fase1
2025-12-27,False,False,False,False,False,1,falsa_fase1
2025-12-28,False,False,False,False,False,1,falsa_fase1
2025-12-29,False,False,False,False,False,1,falsa_fase1
2025-12-30,False,False,False,False,False,1,falsa_fase1
2025-12-31,False,False,False,False,False,1,falsa_fase1
2025-10-21,False,False,False,False,False,2,anulada_fase1
2025-10-22,False,False,False,False,False,2,anulada_fase1
2025-10-23,False,False,False,False,False,2,anulada_fase1
2025-10-24,False,False,False,False,False,2,anulada_fase1
2025-10-25,False,False,False,False,False,2,anulada_fase1
2025-10-26,False,False,False,False,False,2,anulada_fase1
2025-10-27,False,False,False,False,False,2,anulada_fase1
2025-10-28,False,False,False,False,False,2,anulada_fase1
2025-10-29,False,False,False,False,False,2,anulada_fase1
2025-10-30,False,False,False,False,False,2,anulada_fase1
2025-10-31,False,False,False,False,False,2,anulada_fase1
2025-11-01,False,False,False,False,False,2,anulada_fase1
2025-11-02,False,False,False,False,False,2,anulada_fase1
2025-11-03,False,False,False,False,False,2,anulada_fase1
2025-11-04,False,False,False,False,False,2,anulada_fase1
2025-11-05,False,False,False,False,False,2,anulada_fase1
2025-11-06,False,False,False,False,False,2,anulada_fase1
2025-11-07,False,False,False,False,False,2,anulada_fase1
2025-11-08,False,False,False,False,False,2,anulada_fase1
2025-11-09,False,False,False,False,False,2,anulada_fase1
2025-11-10,False,False,False,False,False,2,anulada_fase1
2025-11-11,False,False,False,False,False,2,anulada_fase1
2025-11-12,False,False,False,False,False,2,anulada_fase1
2025-11-13,False,False,False,False,False,2,anulada_fase1
2025-11-14,False,False,False,False,False,2,anulada_fase1
2025-11-15,False,False,False,False,False,2,anulada_fase1
2025-11-16,False,False,False,False,False,2,anulada_fase1
2025-11-17,False,False,False,False,False,2,anulada_fase1
2025-11-18,False,False,False,False,False,2,anulada_fase1
2025-11-19,False,False,False,False,False,2,anulada_fase1
2025-11-20,False,False,False,False,False,2,anulada_fase1
2025-11-21,False,False,False,False,False,2,anulada_fase1
2025-11-22,False,False,False,False,False,2,anulada_fase1
2025-11-23,False,False,False,False,False,2,anulada_fase1
2025-11-24,False,False,False,False,False,2,anulada_fase1
2025-11-25,False,False,False,False,False,2,anulada_fase1
2025-11-26,False,False,False,False,False,2,anulada_fase1
2025-11-27,False,False,False,False,False,2,anulada_fase1
2025-11-28,False,False,False,False,False,2,anulada_fase1
2025-11-29,False,False,False,False,False,2,anulada_fase1
2025-11-30,False,False,False,False,False,2,anulada_fase1
2025-12-01,False,False,False,False,False,2,anulada_fase1
2025-12-02,False,False,False,False,False,2,anulada_fase1
2025-12-03,False,False,False,False,False,2,anulada_fase1
2025-12-04,False,False,False,False,False,2,anulada_fase1
2025-12-05,False,False,False,False,False,2,anulada_fase1
2025-12-06,False,False,False,False,False,2,anulada_fase1
2025-12-07,False,False,False,False,False,2,anulada_fase1
2025-12-08,False,False,False,False,False,2,anulada_fase1
2025-12-09,False,False,False,False,False,2,anulada_fase1
2025-12-10,False,False,False,False,False,2,anulada_fase1
2025-12-11,False,False,False,False,False,2,anulada_fase1
2025-12-12,False,False,False,False,False,2,anulada_fase1
2025-12-13,False,False,False,False,False,2,anulada_fase1
2025-12-14,False,False,False,False,False,2,anulada_fase1
2025-12-15,False,False,False,False,False,2,anulada_fase1
2025-12-16,False,False,False,False,False,2,anulada_fase1
2025-12-17,False,False,False,False,False,2,anulada_fase1
2025-12-18,False,False,False,False,False,2,anulada_fase1
2025-12-19,False,False,False,False,False,2,anulada_fase1
2025-12-20,False,False,False,False,False,2,anulada_fase1
2025-12-21,False,False,False,False,False,2,anulada_fase1
2025-12-22,False,False,False,False,False,2,anulada_fase1
2025-12-23,False,False,False,False,False,2,anulada_fase1
2025-12-24,False,False,False,False,False,2,anulada_fase1
2025-12-25,False,False,False,False,False,2,anulada_fase1
2025-12-26,False,False,False,False,False,2,anulada_fase1
2025-12-27,False,False,False,False,False,2,anulada_fase1
2025-12-28,False,False,False,False,False,2,anulada_fase1
2025-12-29,False,False,False,False,False,2,anulada_fase1
2025-12-30,False,False,False,False,False,2,anulada_fase1
2025-12-31,False,False,False,False,False,2,anulada_fase1
2025-10-21,False,False,False,False,False,2,cambio_banda_red
2025-10-22,False,False,False,False,False,2,cambio_banda_red
2025-10-23,False,False,False,False,False,2,cambio_banda_red
2025-10-24,False,False,False,False,False,2,cambio_banda_red
2025-10-25,False,False,False,False,False,2,cambio_banda_red
2025-10-26,False,False,False,False,False,2,cambio_banda_red
2025-10-27,True,True,False,True,False,2,cambio_banda_red
2025-10-28,True,True,True,False,False,2,cambio_banda_red
2025-10-29,False,False,False,False,False,2,cambio_banda_red
2025-10-30,False,False,False,False,False,2,cambio_banda_red
2025-10-31,False,False,False,False,False,2,cambio_banda_red
2025-11-01,False,False,False,False,False,2,cambio_banda_red
2025-11-02,False,False,False,False,False,2,cambio_banda_red
2025-11-03,True,True,False,True,False,2,cambio_banda_red
2025-11-04,False,False,False,False,False,2,cambio_banda_red
2025-11-05,False,False,False,False,False,2,cambio_banda_red
2025-11-06,False,False,False,False,False,2,cambio_banda_red
2025-11-07,False,False,False,False,False,2,cambio_banda_red
2025-11-08,False,False,False,False,False,2,cambio_banda_red
2025-11-09,False,False,False,False,False,2,cambio_banda_red
2025-11-10,False,False,False,False,False,2,cambio_banda_red
2025-11-11,False,False,False,False,False,2,cambio_banda_red
2025-11-12,False,False,False,False,False,2,cambio_banda_red
2025-11-13,False,False,False,False,False,2,cambio_banda_red
2025-11-14,False,False,False,False,False,2,cambio_banda_red
2025-11-15,False,False,False,False,False,2,cambio_banda_red
2025-11-16,False,False,False,False,False,2,cambio_banda_red
2025-11-17,False,False,False,False,False,2,cambio_banda_red
2025-11-18,False,False,False,False,False,2,cambio_banda_red
2025-11-19,True,True,False,True,False,2,cambio_banda_red
2025-11-20,False,False,False,False,False,2,cambio_banda_red
2025-11-21,False,False,False,False,False,2,cambio_banda_red
2025-11-22,False,False,False,False,False,2,cambio_banda_red
2025-11-23,False,False,False,False,False,2,cambio_banda_red
2025-11-24,False,False,False,False,False,2,cambio_banda_red
2025-11-25,False,False,False,False,False,2,cambio_banda_red
2025-11-26,False,False,False,False,False,2,cambio_banda_red
2025-11-27,True,True,True,False,False,2,cambio_banda_red
2025-11-28,False,False,False,False,False,2,cambio_banda_red
2025-11-29,False,False,False,False,False,2,cambio_banda_red
2025-11-30,False,False,False,False,False,2,cambio_banda_red
2025-12-01,False,False,False,False,False,2,cambio_banda_red
2025-12-02,False,False,False,False,False,2,cambio_banda_red
2025-12-03,False,False,False,False,False,2,cambio_banda_red
2025-12-04,False,False,False,False,False,2,cambio_banda_red
2025-12-05,False,False,False,False,False,2,cambio_banda_red
2025-12-06,False,False,False,False,False,2,cambio_banda_red
2025-12-07,False,False,False,False,False,2,cambio_banda_red
2025-12-08,False,False,False,False,False,2,cambio_banda_red
2025-12-09,True,True,False,True,False,2,cambio_banda_red
2025-12-10,True,True,True,False,False,2,cambio_banda_red
2025-12-11,False,False,False,False,False,2,cambio_banda_red
2025-12-12,False,False,False,False,False,2,cambio_banda_red
2025-12-13,False,False,False,False,False,2,cambio_banda_red
2025-12-14,False,False,False,False,False,2,cambio_banda_red
2025-12-15,False,False,False,False,False,2,cambio_banda_red
2025-12-16,False,False,False,False,False,2,cambio_banda_red
2025-12-17,False,False,False,False,False,2,cambio_banda_red
2025-12-18,False,False,False,False,False,2,cambio_banda_red
2025-12-19,False,False,False,False,False,2,cambio_banda_red
2025-12-20,False,False,False,False,False,2,cambio_banda_red
2025-12-21,False,False,False,False,False,2,cambio_banda_red
2025-12-22,False,False,False,False,False,2,cambio_banda_red
2025-12-23,False,False,False,False,False,2,cambio_banda_red
2025-12-24,False,False,False,False,False,2,cambio_banda_red
2025-12-25,True,True,True,False,False,2,cambio_banda_red
2025-12-26,False,False,False,False,False,2,cambio_banda_red
2025-12-27,True,True,True,False,False,2,cambio_banda_red
2025-12-28,False,False,False,False,False,2,cambio_banda_red
2025-12-29,False,False,False,False,False,2,cambio_banda_red
2025-12-30,False,False,False,False,False,2,cambio_banda_red
2025-12-31,False,False,False,False,False,2,cambio_banda_red
2025-10-21,False,False,False,False,False,2,cruce_fase1
2025-10-22,False,False,False,False,False,2,cruce_fase1
2025-10-23,False,False,False,False,False,2,cruce_fase1
2025-10-24,False,False,False,False,False,2,cruce_fase1
2025-10-25,False,False,False,False,False,2,cruce_fase1
2025-10-26,False,False,False,False,False,2,cruce_fase1
2025-10-27,False,False,False,False,False,2,cruce_fase1
2025-10-28,False,False,False,False,False,2,cruce_fase1
2025-10-29,False,False,False,False,False,2,cruce_fase1
2025-10-30,False,False,False,False,False,2,cruce_fase1
2025-10-31,False,False,False,False,False,2,cruce_fase1
2025-11-01,False,False,False,False,False,2,cruce_fase1
2025-11-02,False,False,False,False,False,2,cruce_fase1
2025-11-03,False,False,False,False,False,2,cruce_fase1
2025-11-04,False,False,False,False,False,2,cruce_fase1
2025-11-05,False,False,False,False,False,2,cruce_fase1
2025-11-06,False,False,False,False,False,2,cruce_fase1
2025-11-07,False,False,False,False,False,2,cruce_fase1
2025-11-08,True,True,True,False,False,2,cruce_fase1
2025-11-09,False,False,False,False,False,2,cruce_fase1
2025-11-10,False,False,False,False,False,2,cruce_fase1
2025-11-11,False,False,False,False,False,2,cruce_fase1
2025-11-12,False,False,False,False,False,2,cruce_fase1
2025-11-13,False,False,False,False,False,2,cruce_fase1
2025-11-14,False,False,False,False,False,2,cruce_fase1
2025-11-15,False,False,False,False,False,2,cruce_fase1
2025-11-16,False,False,False,False,False,2,cruce_fase1
2025-11-17,False,False,False,False,False,2,cruce_fase1
2025-11-18,False,False,False,False,False,2,cruce_fase1
2025-11-19,False,False,False,False,False,2,cruce_fase1
2025-11-20,False,False,False,False,False,2,cruce_fase1
2025-11-21,False,False,False,False,False,2,cruce_fase1
2025-11-22,False,False,False,False,False,2,cruce_fase1
2025-11-23,False,False,False,False,False,2,cruce_fase1
2025-11-24,False,False,False,False,False,2,cruce_fase1
2025-11-25,False,False,False,False,False,2,cruce_fase1
2025-11-26,False,False,False,False,False,2,cruce_fase1
2025-11-27,False,False,False,False,False,2,cruce_fase1
2025-11-28,False,False,False,False,False,2,cruce_fase1
2025-11-29,False,False,False,False,False,2,cruce_fase1
2025-11-30,False,False,False,False,False,2,cruce_fase1
2025-12-01,False,False,False,False,False,2,cruce_fase1
2025-12-02,False,False,False,False,False,2,cruce_fase1
2025-12-03,False,False,False,False,False,2,cruce_fase1
2025-12-04,False,False,False,False,False,2,cruce_fase1
2025-12-05,False,False,False,False,False,2,cruce_fase1
2025-12-06,False,False,False,False,False,2,cruce_fase1
2025-12-07,False,False,False,False,False,2,cruce_fase1
2025-12-08,False,False,False,False,False,2,cruce_fase1
2025-12-09,False,False,False,False,False,2,cruce_fase1
2025-12-10,False,False,False,False,False,2,cruce_fase1
2025-12-11,False,False,False,False,False,2,cruce_fase1
2025-12-12,False,False,False,False,False,2,cruce_fase1
2025-12-13,False,False,False,False,False,2,cruce_fase1
2025-12-14,False,False,False,False,False,2,cruce_fase1
2025-12-15,False,False,False,False,False,2,cruce_fase1
2025-12-16,False,False,False,False,False,2,cruce_fase1
2025-12-17,False,False,False,False,False,2,cruce_fase1
2025-12-18,False,False,False,False,False,2,cruce_fase1
2025-12-19,False,False,False,False,False,2,cruce_fase1
2025-12-20,False,False,False,False,False,2,cruce_fase1
2025-12-21,False,False,False,False,False,2,cruce_fase1
2025-12-22,False,False,False,False,False,2,cruce_fase1
2025-12-23,False,False,False,False,False,2,cruce_fase1
2025-12-24,False,False,False,False,False,2,cruce_fase1
2025-12-25,False,False,False,False,False,2,cruce_fase1
2025-12-26,False,False,False,False,False,2,cruce_fase1
2025-12-27,False,False,False,False,False,2,cruce_fase1
2025-12-28,False,False,False,False,False,2,cruce_fase1
2025-12-29,False,False,False,False,False,2,cruce_fase1
2025-12-30,False,False,False,False,False,2,cruce_fase1
2025-12-31,False,False,False,False,False,2,cruce_fase1
2025-10-21,False,False,False,False,False,2,falsa_fase1
2025-10-22,False,False,False,False,False,2,falsa_fase1
2025-10-23,False,False,False,False,False,2,falsa_fase1
2025-10-24,False,False,False,False,False,2,falsa_fase1
2025-10-25,False,False,False,False,False,2,falsa_fase1
2025-10-26,False,False,False,False,False,2,falsa_fase1
2025-10-27,False,False,False,False,False,2,falsa_fase1
2025-10-28,False,False,False,False,False,2,falsa_fase1
2025-10-29,False,False,False,False,False,2,falsa_fase1
2025-10-30,False,False,False,False,False,2,falsa_fase1
2025-10-31,False,False,False,False,False,2,falsa_fase1
2025-11-01,False,False,False,False,False,2,falsa_fase1
2025-11-02,False,False,False,False,False,2,falsa_fase1
2025-11-03,False,False,False,False,False,2,falsa_fase1
2025-11-04,False,False,False,False,False,2,falsa_fase1
2025-11-05,False,False,False,False,False,2,falsa_fase1
2025-11-06,False,False,False,False,False,2,falsa_fase1
2025-11-07,False,False,False,False,False,2,falsa_fase1
2025-11-08,True,True,True,False,False,2,falsa_fase1
2025-11-09,False,False,False,False,False,2,falsa_fase1
2025-11-10,False,False,False,False,False,2,falsa_fase1
2025-11-11,False,False,False,False,False,2,falsa_fase1
2025-11-12,False,False,False,False,False,2,falsa_fase1
2025-11-13,False,False,False,False,False,2,falsa_fase1
2025-11-14,False,False,False,False,False,2,falsa_fase1
2025-11-15,False,False,False,False,False,2,falsa_fase1
2025-11-16,False,False,False,False,False,2,falsa_fase1
2025-11-17,False,False,False,False,False,2,falsa_fase1
2025-11-18,False,False,False,False,False,2,falsa_fase1
2025-11-19,False,False,False,False,False,2,falsa_fase1
2025-11-20,False,False,False,False,False,2,falsa_fase1
2025-11-21,False,False,False,False,False,2,falsa_fase1
2025-11-22,False,False,False,False,False,2,falsa_fase1
2025-11-23,False,False,False,False,False,2,falsa_fase1
2025-11-24,False,False,False,False,False,2,falsa_fase1
2025-11-25,False,False,False,False,False,2,falsa_fase1
2025-11-26,False,False,False,False,False,2,falsa_fase1
2025-11-27,False,False,False,False,False,2,falsa_fase1
2025-11-28,False,False,False,False,False,2,falsa_fase1
2025-11-29,False,False,False,False,False,2,falsa_fase1
2025-11-30,False,False,False,False,False,2,falsa_fase1
2025-12-01,False,False,False,False,False,2,falsa_fase1
2025-12-02,False,False,False,False,False,2,falsa_fase1
2025-12-03,False,False,False,False,False,2,falsa_fase1
2025-12-04,False,False,False,False,False,2,falsa_fase1
2025-12-05,False,False,False,False,False,2,falsa_fase1
2025-12-06,False,False,False,False,False,2,falsa_fase1
2025-12-07,False,False,False,False,False,2,falsa_fase1
2025-12-08,False,False,False,False,False,2,falsa_fase1
2025-12-09,False,False,False,False,False,2,falsa_fase1
2025-12-10,False,False,False,False,False,2,falsa_fase1
2025-12-11,False,False,False,False,False,2,falsa_fase1
2025-12-12,False,False,False,False,False,2,falsa_fase1
2025-12-13,False,False,False,False,False,2,falsa_fase1
2025-12-14,False,False,False,False,False,2,falsa_fase1
2025-12-15,False,False,False,False,False,2,falsa_fase1
2025-12-16,False,False,False,False,False,2,falsa_fase1
2025-12-17,False,False,False,False,False,2,falsa_fase1
2025-12-18,False,False,False,False,False,2,falsa_fase1
2025-12-19,False,False,False,False,False,2,falsa_fase1
2025-12-20,False,False,False,False,False,2,falsa_fase1
2025-12-21,False,False,False,False,False,2,falsa_fase1
2025-12-22,False,False,False,False,False,2,falsa_fase1
2025-12-23,False,False,False,False,False,2,falsa_fase1
2025-12-24,False,False,False,False,False,2,falsa_fase1
2025-12-25,False,False,False,False,False,2,falsa_fase1
2025-12-26,False,False,False,False,False,2,falsa_fase1
2025-12-27,False,False,False,False,False,2,falsa_fase1
2025-12-28,False,False,False,False,False,2,falsa_fase1
2025-12-29,False,False,False,False,False,2,falsa_fase1
2025-12-30,False,False,False,False,False,2,falsa_fase1
2025-12-31,False,False,False,False,False,2,falsa_fase1
2025-10-21,False,False,False,False,False,3,anulada_fase1
2025-10-22,False,False,False,False,False,3,anulada_fase1
2025-10-23,False,False,False,False,False,3,anulada_fase1
2025-10-24,False,False,False,False,False,3,anulada_fase1
2025-10-25,False,False,False,False,False,3,anulada_fase1
2025-10-26,False,False,False,False,False,3,anulada_fase1
2025-10-27,False,False,False,False,False,3,anulada_fase1
2025-10-28,False,False,False,False,False,3,anulada_fase1
2025-10-29,False,False,False,False,False,3,anulada_fase1
2025-10-30,False,False,False,False,False,3,anulada_fase1
2025-10-31,False,False,False,False,False,3,anulada_fase1
2025-11-01,False,False,False,False,False,3,anulada_fase1
2025-11-02,False,False,False,False,False,3,anulada_fase1
2025-11-03,False,False,False,False,False,3,anulada_fase1
2025-11-04,False,False,False,False,False,3,anulada_fase1
2025-11-05,False,False,False,False,False,3,anulada_fase1
2025-11-06,False,False,False,False,False,3,anulada_fase1
2025-11-07,False,False,False,False,False,3,anulada_fase1
2025-11-08,False,False,False,False,False,3,anulada_fase1
2025-11-09,False,False,False,False,False,3,anulada_fase1
2025-11-10,False,False,False,False,False,3,anulada_fase1
2025-11-11,False,False,False,False,False,3,anulada_fase1
2025-11-12,False,False,False,False,False,3,anulada_fase1
2025-11-13,False,False,False,False,False,3,anulada_fase1
2025-11-14,False,False,False,False,False,3,anulada_fase1
2025-11-15,False,False,False,False,False,3,anulada_fase1
2025-11-16,False,False,False,False,False,3,anulada_fase1
2025-11-17,False,False,False,False,False,3,anulada_fase1
2025-11-18,False,False,False,False,False,3,anulada_fase1
2025-11-19,False,False,False,False,False,3,anulada_fase1
2025-11-20,False,False,False,False,False,3,anulada_fase1
2025-11-21,False,False,False,False,False,3,anulada_fase1
2025-11-22,False,False,False,False,False,3,anulada_fase1
2025-11-23,False,False,False,False,False,3,anulada_fase1
2025-11-24,False,False,False,False,False,3,anulada_fase1
2025-11-25,False,False,False,False,False,3,anulada_fase1
2025-11-26,False,False,False,False,False,3,anulada_fase1
2025-11-27,False,False,False,False,False,3,anulada_fase1
2025-11-28,False,False,False,False,False,3,anulada_fase1
2025-11-29,False,False,False,False,False,3,anulada_fase1
2025-11-30,False,False,False,False,False,3,anulada_fase1
2025-12-01,False,False,False,False,False,3,anulada_fase1
2025-12-02,False,False,False,False,False,3,anulada_fase1
2025-12-03,False,False,False,False,False,3,anulada_fase1
2025-12-04,False,False,False,False,False,3,anulada_fase1
2025-12-05,False,False,False,False,False,3,anulada_fase1
2025-12-06,False,False,False,False,False,3,anulada_fase1
2025-12-07,False,False,False,False,False,3,anulada_fase1
2025-12-08,False,False,False,False,False,3,anulada_fase1
2025-12-09,False,False,False,False,False,3,anulada_fase1
2025-12-10,False,False,False,False,False,3,anulada_fase1
2025-12-11,False,False,False,False,False,3,anulada_fase1
2025-12-12,False,False,False,False,False,3,anulada_fase1
2025-12-13,False,False,False,False,False,3,anulada_fase1
2025-12-14,False,False,False,False,False,3,anulada_fase1
2025-12-15,False,False,False,False,False,3,anulada_fase1
2025-12-16,False,False,False,False,False,3,anulada_fase1
2025-12-17,False,False,False,False,False,3,anulada_fase1
2025-12-18,False,False,False,False,False,3,anulada_fase1
2025-12-19,False,False,False,False,False,3,anulada_fase1
2025-12-20,False,False,False,False,False,3,anulada_fase1
2025-12-21,False,False,False,False,False,3,anulada_fase1
2025-12-22,False,False,False,False,False,3,anulada_fase1
2025-12-23,False,False,False,False,False,3,anulada_fase1
2025-12-24,False,False,False,False,False,3,anulada_fase1
2025-12-25,False,False,False,False,False,3,anulada_fase1
2025-12-26,False,False,False,False,False,3,anulada_fase1
2025-12-27,False,False,False,False,False,3,anulada_fase1
2025-12-28,False,False,False,False,False,3,anulada_fase1
2025-12-29,False,False,False,False,False,3,anulada_fase1
2025-12-30,False,False,False,False,False,3,anulada_fase1
2025-12-31,False,False,False,False,False,3,anulada_fase1
2025-10-21,False,False,False,False,False,3,cambio_banda_red
2025-10-22,False,False,False,False,False,3,cambio_banda_red
2025-10-23,False,False,False,False,False,3,cambio_banda_red
2025-10-24,True,True,True,False,False,3,cambio_banda_red
2025-10-25,False,False,False,False,False,3,cambio_banda_red
2025-10-26,True,True,False,True,False,3,cambio_banda_red
2025-10-27,True,True,True,True,False,3,cambio_banda_red
2025-10-28,True,True,True,False,False,3,cambio_banda_red
2025-10-29,False,False,False,False,False,3,cambio_banda_red
2025-10-30,True,True,True,False,False,3,cambio_banda_red
2025-10-31,False,False,False,False,False,3,cambio_banda_red
2025-11-01,False,False,False,False,False,3,cambio_banda_red
2025-11-02,True,True,False,True,False,3,cambio_banda_red
2025-11-03,True,True,True,True,False,3,cambio_banda_red
2025-11-04,False,False,False,False,False,3,cambio_banda_red
2025-11-05,False,False,False,False,False,3,cambio_banda_red
2025-11-06,False,False,False,False,False,3,cambio_banda_red
2025-11-07,False,False,False,False,False,3,cambio_banda_red
2025-11-08,False,False,False,False,False,3,cambio_banda_red
2025-11-09,False,False,False,False,False,3,cambio_banda_red
2025-11-10,False,False,False,False,False,3,cambio_banda_red
2025-11-11,True,True,False,True,False,3,cambio_banda_red
2025-11-12,True,True,True,False,False,3,cambio_banda_red
2025-11-13,False,False,False,False,False,3,cambio_banda_red
2025-11-14,False,False,False,False,False,3,cambio_banda_red
2025-11-15,False,False,False,False,False,3,cambio_banda_red
2025-11-16,False,False,False,False,False,3,cambio_banda_red
2025-11-17,False,False,False,False,False,3,cambio_banda_red
2025-11-18,False,False,False,False,False,3,cambio_banda_red
2025-11-19,True,True,False,True,False,3,cambio_banda_red
2025-11-20,True,True,True,False,False,3,cambio_banda_red
2025-11-21,False,False,False,False,False,3,cambio_banda_red
2025-11-22,False,False,False,False,False,3,cambio_banda_red
2025-11-23,True,True,True,False,False,3,cambio_banda_red
2025-11-24,True,True,True,False,False,3,cambio_banda_red
2025-11-25,False,False,False,False,False,3,cambio_banda_red
2025-11-26,False,False,False,False,False,3,cambio_banda_red
2025-11-27,True,True,True,True,False,3,cambio_banda_red
2025-11-28,False,False,False,False,False,3,cambio_banda_red
2025-11-29,False,False,False,False,False,3,cambio_banda_red
2025-11-30,False,False,False,False,False,3,cambio_banda_red
2025-12-01,False,False,False,False,False,3,cambio_banda_red
2025-12-02,False,False,False,False,False,3,cambio_banda_red
2025-12-03,False,False,False,False,False,3,cambio_banda_red
2025-12-04,True,True,True,False,False,3,cambio_banda_red
2025-12-05,False,False,False,False,False,3,cambio_banda_red
2025-12-06,False,False,False,False,False,3,cambio_banda_red
2025-12-07,False,False,False,False,False,3,cambio_banda_red
2025-12-08,True,True,False,True,False,3,cambio_banda_red
2025-12-09,True,True,False,True,False,3,cambio_banda_red
2025-12-10,True,True,True,False,False,3,cambio_banda_red
2025-12-11,False,False,False,False,False,3,cambio_banda_red
2025-12-12,False,False,False,False,False,3,cambio_banda_red
2025-12-13,True,True,True,False,False,3,cambio_banda_red
2025-12-14,False,False,False,False,False,3,cambio_banda_red
2025-12-15,False,False,False,False,False,3,cambio_banda_red
2025-12-16,False,False,False,False,False,3,cambio_banda_red
2025-12-17,False,False,False,False,False,3,cambio_banda_red
2025-12-18,False,False,False,False,False,3,cambio_banda_red
2025-12-19,False,False,False,False,False,3,cambio_banda_red
2025-12-20,False,False,False,False,False,3,cambio_banda_red
2025-12-21,False,False,False,False,False,3,cambio_banda_red
2025-12-22,False,False,False,False,False,3,cambio_banda_red
2025-12-23,True,True,True,True,False,3,cambio_banda_red
2025-12-24,False,False,False,False,False,3,cambio_banda_red
2025-12-25,True,True,True,False,False,3,cambio_banda_red
2025-12-26,False,False,False,False,False,3,cambio_banda_red
2025-12-27,True,True,True,False,False,3,cambio_banda_red
2025-12-28,False,False,False,False,False,3,cambio_banda_red
2025-12-29,False,False,False,False,False,3,cambio_banda_red
2025-12-30,False,False,False,False,False,3,cambio_banda_red
2025-12-31,False,False,False,False,False,3,cambio_banda_red
2025-10-21,False,False,False,False,False,3,cruce_fase1
2025-10-22,False,False,False,False,False,3,cruce_fase1
2025-10-23,False,False,False,False,False,3,cruce_fase1
2025-10-24,False,False,False,False,False,3,cruce_fase1
2025-10-25,False,False,False,False,False,3,cruce_fase1
2025-10-26,False,False,False,False,False,3,cruce_fase1
2025-10-27,False,False,False,False,False,3,cruce_fase1
2025-10-28,False,False,False,False,False,3,cruce_fase1
2025-10-29,False,False,False,False,False,3,cruce_fase1
2025-10-30,False,False,False,False,False,3,cruce_fase1
2025-10-31,False,False,False,False,False,3,cruce_fase1
2025-11-01,False,False,False,False,False,3,cruce_fase1
2025-11-02,False,False,False,False,False,3,cruce_fase1
2025-11-03,False,False,False,False,False,3,cruce_fase1
2025-11-04,False,False,False,False,False,3,cruce_fase1
2025-11-05,False,False,False,False,False,3,cruce_fase1
2025-11-06,False,False,False,False,False,3,cruce_fase1
2025-11-07,False,False,False,False,False,3,cruce_fase1
2025-11-08,False,False,False,False,False,3,cruce_fase1
2025-11-09,False,False,False,False,False,3,cruce_fase1
2025-11-10,False,False,False,False,False,3,cruce_fase1
2025-11-11,False,False,False,False,False,3,cruce_fase1
2025-11-12,False,False,False,False,False,3,cruce_fase1
2025-11-13,False,False,False,False,False,3,cruce_fase1
2025-11-14,False,False,False,False,False,3,cruce_fase1
2025-11-15,False,False,False,False,False,3,cruce_fase1
2025-11-16,False,False,False,False,False,3,cruce_fase1
2025-11-17,False,False,False,False,False,3,cruce_fase1
2025-11-18,False,False,False,False,False,3,cruce_fase1
2025-11-19,False,False,False,False,False,3,cruce_fase1
2025-11-20,False,False,False,False,False,3,cruce_fase1
2025-11-21,False,False,False,False,False,3,cruce_fase1
2025-11-22,False,False,False,False,False,3,cruce_fase1
2025-11-23,False,False,False,False,False,3,cruce_fase1
2025-11-24,False,False,False,False,False,3,cruce_fase1
2025-11-25,False,False,False,False,False,3,cruce_fase1
2025-11-26,False,False,False,False,False,3,cruce_fase1
2025-11-27,False,False,False,False,False,3,cruce_fase1
2025-11-28,False,False,False,False,False,3,cruce_fase1
2025-11-29,False,False,False,False,False,3,cruce_fase1
2025-11-30,False,False,False,False,False,3,cruce_fase1
2025-12-01,False,False,False,False,False,3,cruce_fase1
2025-12-02,False,False,False,False,False,3,cruce_fase1
2025-12-03,False,False,False,False,False,3,cruce_fase1
2025-12-04,False,False,False,False,False,3,cruce_fase1
2025-12-05,False,False,False,False,False,3,cruce_fase1
2025-12-06,False,False,False,False,False,3,cruce_fase1
2025-12-07,False,False,False,False,False,3,cruce_fase1
2025-12-08,False,False,False,False,False,3,cruce_fase1
2025-12-09,False,False,False,False,False,3,cruce_fase1
2025-12-10,False,False,False,False,False,3,cruce_fase1
2025-12-11,False,False,False,False,False,3,cruce_fase1
2025-12-12,False,False,False,False,False,3,cruce_fase1
2025-12-13,False,False,False,False,False,3,cruce_fase1
2025-12-14,False,False,False,False,False,3,cruce_fase1
2025-12-15,False,False,False,False,False,3,cruce_fase1
2025-12-16,False,False,False,False,False,3,cruce_fase1
2025-12-17,False,False,False,False,False,3,cruce_fase1
2025-12-18,False,False,False,False,False,3,cruce_fase1
2025-12-19,False,False,False,False,False,3,cruce_fase1
2025-12-20,False,False,False,False,False,3,cruce_fase1
2025-12-21,False,False,False,False,False,3,cruce_fase1
2025-12-22,False,False,False,False,False,3,cruce_fase1
2025-12-23,False,False,False,False,False,3,cruce_fase1
2025-12-24,False,False,False,False,False,3,cruce_fase1
2025-12-25,False,False,False,False,False,3,cruce_fase1
2025-12-26,False,False,False,False,False,3,cruce_fase1
2025-12-27,False,False,False,False,False,3,cruce_fase1
2025-12-28,False,False,False,False,False,3,cruce_fase1
2025-12-29,False,False,False,False,False,3,cruce_fase1
2025-12-30,False,False,False,False,False,3,cruce_fase1
2025-12-31,False,False,False,False,False,3,cruce_fase1
2025-10-21,False,False,False,False,False,3,falsa_fase1
2025-10-22,False,False,False,False,False,3,falsa_fase1
2025-10-23,False,False,False,False,False,3,falsa_fase1
2025-10-24,False,False,False,False,False,3,falsa_fase1
2025-10-25,False,False,False,False,False,3,falsa_fase1
2025-10-26,False,False,False,False,False,3,falsa_fase1
2025-10-27,False,False,False,False,False,3,falsa_fase1
2025-10-28,False,False,False,False,False,3,falsa_fase1
2025-10-29,False,False,False,False,False,3,falsa_fase1
2025-10-30,False,False,False,False,False,3,falsa_fase1
2025-10-31,False,False,False,False,False,3,falsa_fase1
2025-11-01,False,False,False,False,False,3,falsa_fase1
2025-11-02,False,False,False,False,False,3,falsa_fase1
2025-11-03,False,False,False,False,False,3,falsa_fase1
2025-11-04,False,False,False,False,False,3,falsa_fase1
2025-11-05,False,False,False,False,False,3,falsa_fase1
2025-11-06,False,False,False,False,False,3,falsa_fase1
2025-11-07,False,False,False,False,False,3,falsa_fase1
2025-11-08,False,False,False,False,False,3,falsa_fase1
2025-11-09,False,False,False,False,False,3,falsa_fase1
2025-11-10,False,False,False,False,False,3,falsa_fase1
2025-11-11,False,False,False,False,False,3,falsa_fase1
2025-11-12,False,False,False,False,False,3,falsa_fase1
2025-11-13,False,False,False,False,False,3,falsa_fase1
2025-11-14,False,False,False,False,False,3,falsa_fase1
2025-11-15,False,False,False,False,False,3,falsa_fase1
2025-11-16,False,False,False,False,False,3,falsa_fase1
2025-11-17,False,False,False,False,False,3,falsa_fase1
2025-11-18,False,False,False,False,False,3,falsa_fase1
2025-11-19,False,False,False,False,False,3,falsa_fase1
2025-11-20,False,False,False,False,False,3,falsa_fase1
2025-11-21,False,False,False,False,False,3,falsa_fase1
2025-11-22,False,False,False,False,False,3,falsa_fase1
2025-11-23,False,False,False,False,False,3,falsa_fase1
2025-11-24,False,False,False,False,False,3,falsa_fase1
2025-11-25,False,False,False,False,False,3,falsa_fase1
2025-11-26,False,False,False,False,False,3,falsa_fase1
2025-11-27,False,False,False,False,False,3,falsa_fase1
2025-11-28,False,False,False,False,False,3,falsa_fase1
2025-11-29,False,False,False,False,False,3,falsa_fase1
2025-11-30,False,False,False,False,False,3,falsa_fase1
2025-12-01,False,False,False,False,False,3,falsa_fase1
2025-12-02,False,False,False,False,False,3,falsa_fase1
2025-12-03,False,False,False,False,False,3,falsa_fase1
2025-12-04,False,False,False,False,False,3,falsa_fase1
2025-12-05,False,False,False,False,False,3,falsa_fase1
2025-12-06,False,False,False,False,False,3,falsa_fase1
2025-12-07,False,False,False,False,False,3,falsa_fase1
2025-12-08,False,False,False,False,False,3,falsa_fase1
2025-12-09,False,False,False,False,False,3,falsa_fase1
2025-12-10,False,False,False,False,False,3,falsa_fase1
2025-12-11,False,False,False,False,False,3,falsa_fase1
2025-12-12,False,False,False,False,False,3,falsa_fase1
2025-12-13,False,False,False,False,False,3,falsa_fase1
2025-12-14,False,False,False,False,False,3,falsa_fase1
2025-12-15,False,False,False,False,False,3,falsa_fase1
2025-12-16,False,False,False,False,False,3,falsa_fase1
2025-12-17,False,False,False,False,False,3,falsa_fase1
2025-12-18,False,False,False,False,False,3,falsa_fase1
2025-12-19,False,False,False,False,False,3,falsa_fase1
2025-12-20,False,False,False,False,False,3,falsa_fase1
2025-12-21,False,False,False,False,False,3,falsa_fase1
2025-12-22,False,False,False,False,False,3,falsa_fase1
2025-12-23,False,False,False,False,False,3,falsa_fase1
2025-12-24,False,False,False,False,False,3,falsa_fase1
2025-12-25,False,False,False,False,False,3,falsa_fase1
2025-12-26,False,False,False,False,False,3,falsa_fase1
2025-12-27,False,False,False,False,False,3,falsa_fase1
2025-12-28,False,False,False,False,False,3,falsa_fase1
2025-12-29,False,False,False,False,False,3,falsa_fase1
2025-12-30,False,False,False,False,False,3,falsa_fase1
2025-12-31,False,False,False,False,False,3,falsa_fase1
2025-10-21,False,False,False,False,False,4,anulada_fase1
2025-10-22,False,False,False,False,False,4,anulada_fase1
2025-10-23,False,False,False,False,False,4,anulada_fase1
2025-10-24,False,False,False,False,False,4,anulada_fase1
2025-10-25,False,False,False,False,False,4,anulada_fase1
2025-10-26,False,False,False,False,False,4,anulada_fase1
2025-10-27,False,False,False,False,False,4,anulada_fase1
2025-10-28,False,False,False,False,False,4,anulada_fase1
2025-10-29,False,False,False,False,False,4,anulada_fase1
2025-10-30,False,False,False,False,False,4,anulada_fase1
2025-10-31,False,False,False,False,False,4,anulada_fase1
2025-11-01,False,False,False,False,False,4,anulada_fase1
2025-11-02,False,False,False,False,False,4,anulada_fase1
2025-11-03,False,False,False,False,False,4,anulada_fase1
2025-11-04,False,False,False,False,False,4,anulada_fase1
2025-11-05,False,False,False,False,False,4,anulada_fase1
2025-11-06,False,False,False,False,False,4,anulada_fase1
2025-11-07,False,False,False,False,False,4,anulada_fase1
2025-11-08,False,False,False,False,False,4,anulada_fase1
2025-11-09,False,False,False,False,False,4,anulada_fase1
2025-11-10,False,False,False,False,False,4,anulada_fase1
2025-11-11,False,False,False,False,False,4,anulada_fase1
2025-11-12,False,False,False,False,False,4,anulada_fase1
2025-11-13,False,False,False,False,False,4,anulada_fase1
2025-11-14,False,False,False,False,False,4,anulada_fase1
2025-11-15,False,False,False,False,False,4,anulada_fase1
2025-11-16,False,False,False,False,False,4,anulada_fase1
2025-11-17,False,False,False,False,False,4,anulada_fase1
2025-11-18,False,False,False,False,False,4,anulada_fase1
2025-11-19,False,False,False,False,False,4,anulada_fase1
2025-11-20,False,False,False,False,False,4,anulada_fase1
2025-11-21,False,False,False,False,False,4,anulada_fase1
2025-11-22,False,False,False,False,False,4,anulada_fase1
2025-11-23,False,False,False,False,False,4,anulada_fase1
2025-11-24,False,False,False,False,False,4,anulada_fase1
2025-11-25,False,False,False,False,False,4,anulada_fase1
2025-11-26,False,False,False,False,False,4,anulada_fase1
2025-11-27,False,False,False,False,False,4,anulada_fase1
2025-11-28,False,False,False,False,False,4,anulada_fase1
2025-11-29,False,False,False,False,False,4,anulada_fase1
2025-11-30,False,False,False,False,False,4,anulada_fase1
2025-12-01,False,False,False,False,False,4,anulada_fase1
2025-12-02,False,False,False,False,False,4,anulada_fase1
2025-12-03,False,False,False,False,False,4,anulada_fase1
2025-12-04,False,False,False,False,False,4,anulada_fase1
2025-12-05,False,False,False,False,False,4,anulada_fase1
2025-12-06,False,False,False,False,False,4,anulada_fase1
2025-12-07,False,False,False,False,False,4,anulada_fase1
2025-12-08,False,False,False,False,False,4,anulada_fase1
2025-12-09,False,False,False,False,False,4,anulada_fase1
2025-12-10,False,False,False,False,False,4,anulada_fase1
2025-12-11,False,False,False,False,False,4,anulada_fase1
2025-12-12,False,False,False,False,False,4,anulada_fase1
2025-12-13,False,False,False,False,False,4,anulada_fase1
2025-12-14,False,False,False,False,False,4,anulada_fase1
2025-12-15,False,False,False,False,False,4,anulada_fase1
2025-12-16,False,False,False,False,False,4,anulada_fase1
2025-12-17,False,False,False,False,False,4,anulada_fase1
2025-12-18,False,False,False,False,False,4,anulada_fase1
2025-12-19,False,False,False,False,False,4,anulada_fase1
2025-12-20,False,False,False,False,False,4,anulada_fase1
2025-12-21,False,False,False,False,False,4,anulada_fase1
2025-12-22,False,False,False,False,False,4,anulada_fase1
2025-12-23,False,False,False,False,False,4,anulada_fase1
2025-12-24,False,False,False,False,False,4,anulada_fase1
2025-12-25,False,False,False,False,False,4,anulada_fase1
2025-12-26,False,False,False,False,False,4,anulada_fase1
2025-12-27,False,False,False,False,False,4,anulada_fase1
2025-12-28,False,False,False,False,False,4,anulada_fase1
2025-12-29,False,False,False,False,False,4,anulada_fase1
2025-12-30,False,False,False,False,False,4,anulada_fase1
2025-12-31,False,False,False,False,False,4,anulada_fase1
2025-10-21,False,False,False,False,False,4,cambio_banda_red
2025-10-22,True,True,True,True,False,4,cambio_banda_red
2025-10-23,False,False,False,False,False,4,cambio_banda_red
2025-10-24,False,False,False,False,False,4,cambio_banda_red
2025-10-25,False,False,False,False,False,4,cambio_banda_red
2025-10-26,False,False,False,False,False,4,cambio_banda_red
2025-10-27,True,True,True,True,False,4,cambio_banda_red
2025-10-28,True,True,True,False,False,4,cambio_banda_red
2025-10-29,False,False,False,False,False,4,cambio_banda_red
2025-10-30,True,True,True,False,False,4,cambio_banda_red
2025-10-31,False,False,False,False,False,4,cambio_banda_red
2025-11-01,False,False,False,False,False,4,cambio_banda_red
2025-11-02,True,True,True,True,False,4,cambio_banda_red
2025-11-03,True,True,True,True,False,4,cambio_banda_red
2025-11-04,False,False,False,False,False,4,cambio_banda_red
2025-11-05,False,False,False,False,False,4,cambio_banda_red
2025-11-06,False,False,False,False,False,4,cambio_banda_red
2025-11-07,False,False,False,False,False,4,cambio_banda_red
2025-11-08,False,False,False,False,False,4,cambio_banda_red
2025-11-09,False,False,False,False,False,4,cambio_banda_red
2025-11-10,True,True,True,False,False,4,cambio_banda_red
2025-11-11,True,True,True,True,False,4,cambio_banda_red
2025-11-12,True,True,True,False,False,4,cambio_banda_red
2025-11-13,False,False,False,False,False,4,cambio_banda_red
2025-11-14,False,False,False,False,False,4,cambio_banda_red
2025-11-15,False,False,False,False,False,4,cambio_banda_red
2025-11-16,False,False,False,False,False,4,cambio_banda_red
2025-11-17,False,False,False,False,False,4,cambio_banda_red
2025-11-18,False,False,False,False,False,4,cambio_banda_red
2025-11-19,True,True,False,True,False,4,cambio_banda_red
2025-11-20,False,False,False,False,False,4,cambio_banda_red
2025-11-21,False,False,False,False,False,4,cambio_banda_red
2025-11-22,False,False,False,False,False,4,cambio_banda_red
2025-11-23,True,True,True,True,False,4,cambio_banda_red
2025-11-24,True,True,True,False,False,4,cambio_banda_red
2025-11-25,False,False,False,False,False,4,cambio_banda_red
2025-11-26,False,False,False,False,False,4,cambio_banda_red
2025-11-27,True,True,True,True,False,4,cambio_banda_red
2025-11-28,True,True,True,False,False,4,cambio_banda_red
2025-11-29,False,False,False,False,False,4,cambio_banda_red
2025-11-30,False,False,False,False,False,4,cambio_banda_red
2025-12-01,False,False,False,False,False,4,cambio_banda_red
2025-12-02,False,False,False,False,False,4,cambio_banda_red
2025-12-03,False,False,False,False,False,4,cambio_banda_red
2025-12-04,True,True,True,False,False,4,cambio_banda_red
2025-12-05,False,False,False,False,False,4,cambio_banda_red
2025-12-06,False,False,False,False,False,4,cambio_banda_red
2025-12-07,False,False,False,False,False,4,cambio_banda_red
2025-12-08,True,True,False,True,False,4,cambio_banda_red
2025-12-09,True,True,True,True,False,4,cambio_banda_red
2025-12-10,True,True,False,True,False,4,cambio_banda_red
2025-12-11,True,True,True,True,False,4,cambio_banda_red
2025-12-12,False,False,False,False,False,4,cambio_banda_red
2025-12-13,True,True,True,False,False,4,cambio_banda_red
2025-12-14,False,False,False,False,False,4,cambio_banda_red
2025-12-15,False,False,False,False,False,4,cambio_banda_red
2025-12-16,True,True,True,False,False,4,cambio_banda_red
2025-12-17,True,True,True,True,False,4,cambio_banda_red
2025-12-18,True,True,True,True,False,4,cambio_banda_red
2025-12-19,False,False,False,False,False,4,cambio_banda_red
2025-12-20,False,False,False,False,False,4,cambio_banda_red
2025-12-21,False,False,False,False,False,4,cambio_banda_red
2025-12-22,True,True,True,False,False,4,cambio_banda_red
2025-12-23,True,True,True,False,False,4,cambio_banda_red
2025-12-24,False,False,False,False,False,4,cambio_banda_red
2025-12-25,True,True,True,False,False,4,cambio_banda_red
2025-12-26,False,False,False,False,False,4,cambio_banda_red
2025-12-27,True,True,True,False,False,4,cambio_banda_red
2025-12-28,False,False,False,False,False,4,cambio_banda_red
2025-12-29,False,False,False,False,False,4,cambio_banda_red
2025-12-30,True,True,True,True,False,4,cambio_banda_red
2025-12-31,False,False,False,False,False,4,cambio_banda_red
2025-10-21,False,False,False,False,False,4,cruce_fase1
2025-10-22,False,False,False,False,False,4,cruce_fase1
2025-10-23,False,False,False,False,False,4,cruce_fase1
2025-10-24,False,False,False,False,False,4,cruce_fase1
2025-10-25,False,False,False,False,False,4,cruce_fase1
2025-10-26,True,True,True,False,False,4,cruce_fase1
2025-10-27,False,False,False,False,False,4,cruce_fase1
2025-10-28,False,False,False,False,False,4,cruce_fase1
2025-10-29,False,False,False,False,False,4,cruce_fase1
2025-10-30,False,False,False,False,False,4,cruce_fase1
2025-10-31,False,False,False,False,False,4,cruce_fase1
2025-11-01,False,False,False,False,False,4,cruce_fase1
2025-11-02,False,False,False,False,False,4,cruce_fase1
2025-11-03,False,False,False,False,False,4,cruce_fase1
2025-11-04,False,False,False,False,False,4,cruce_fase1
2025-11-05,False,False,False,False,False,4,cruce_fase1
2025-11-06,False,False,False,False,False,4,cruce_fase1
2025-11-07,True,True,True,True,False,4,cruce_fase1
2025-11-08,False,False,False,False,False,4,cruce_fase1
2025-11-09,False,False,False,False,False,4,cruce_fase1
2025-11-10,False,False,False,False,False,4,cruce_fase1
2025-11-11,False,False,False,False,False,4,cruce_fase1
2025-11-12,False,False,False,False,False,4,cruce_fase1
2025-11-13,False,False,False,False,False,4,cruce_fase1
2025-11-14,False,False,False,False,False,4,cruce_fase1
2025-11-15,False,False,False,False,False,4,cruce_fase1
2025-11-16,False,False,False,False,False,4,cruce_fase1
2025-11-17,False,False,False,False,False,4,cruce_fase1
2025-11-18,False,False,False,False,False,4,cruce_fase1
2025-11-19,False,False,False,False,False,4,cruce_fase1
2025-11-20,False,False,False,False,False,4,cruce_fase1
2025-11-21,False,False,False,False,False,4,cruce_fase1
2025-11-22,False,False,False,False,False,4,cruce_fase1
2025-11-23,False,False,False,False,False,4,cruce_fase1
2025-11-24,False,False,False,False,False,4,cruce_fase1
2025-11-25,False,False,False,False,False,4,cruce_fase1
2025-11-26,False,False,False,False,False,4,cruce_fase1
2025-11-27,False,False,False,False,False,4,cruce_fase1
2025-11-28,False,False,False,False,False,4,cruce_fase1
2025-11-29,False,False,False,False,False,4,cruce_fase1
2025-11-30,False,False,False,False,False,4,cruce_fase1
2025-12-01,False,False,False,False,False,4,cruce_fase1
2025-12-02,False,False,False,False,False,4,cruce_fase1
2025-12-03,False,False,False,False,False,4,cruce_fase1
2025-12-04,False,False,False,False,False,4,cruce_fase1
2025-12-05,False,False,False,False,False,4,cruce_fase1
2025-12-06,False,False,False,False,False,4,cruce_fase1
2025-12-07,False,False,False,False,False,4,cruce_fase1
2025-12-08,False,False,False,False,False,4,cruce_fase1
2025-12-09,False,False,False,False,False,4,cruce_fase1
2025-12-10,False,False,False,False,False,4,cruce_fase1
2025-12-11,False,False,False,False,False,4,cruce_fase1
2025-12-12,False,False,False,False,False,4,cruce_fase1
2025-12-13,False,False,False,False,False,4,cruce_fase1
2025-12-14,False,False,False,False,False,4,cruce_fase1
2025-12-15,False,False,False,False,False,4,cruce_fase1
2025-12-16,False,False,False,False,False,4,cruce_fase1
2025-12-17,False,False,False,False,False,4,cruce_fase1
2025-12-18,False,False,False,False,False,4,cruce_fase1
2025-12-19,False,False,False,False,False,4,cruce_fase1
2025-12-20,False,False,False,False,False,4,cruce_fase1
2025-12-21,False,False,False,False,False,4,cruce_fase1
2025-12-22,False,False,False,False,False,4,cruce_fase1
2025-12-23,False,False,False,False,False,4,cruce_fase1
2025-12-24,False,False,False,False,False,4,cruce_fase1
2025-12-25,False,False,False,False,False,4,cruce_fase1
2025-12-26,False,False,False,False,False,4,cruce_fase1
2025-12-27,False,False,False,False,False,4,cruce_fase1
2025-12-28,False,False,False,False,False,4,cruce_fase1
2025-12-29,False,False,False,False,False,4,cruce_fase1
2025-12-30,False,False,False,False,False,4,cruce_fase1
2025-12-31,False,False,False,False,False,4,cruce_fase1
2025-10-21,False,False,False,False,False,4,falsa_fase1
2025-10-22,False,False,False,False,False,4,falsa_fase1
2025-10-23,False,False,False,False,False,4,falsa_fase1
2025-10-24,False,False,False,False,False,4,falsa_fase1
2025-10-25,False,False,False,False,False,4,falsa_fase1
2025-10-26,True,True,True,False,False,4,falsa_fase1
2025-10-27,False,False,False,False,False,4,falsa_fase1
2025-10-28,False,False,False,False,False,4,falsa_fase1
2025-10-29,False,False,False,False,False,4,falsa_fase1
2025-10-30,False,False,False,False,False,4,falsa_fase1
2025-10-31,False,False,False,False,False,4,falsa_fase1
2025-11-01,False,False,False,False,False,4,falsa_fase1
2025-11-02,False,False,False,False,False,4,falsa_fase1
2025-11-03,False,False,False,False,False,4,falsa_fase1
2025-11-04,False,False,False,False,False,4,falsa_fase1
2025-11-05,False,False,False,False,False,4,falsa_fase1
2025-11-06,False,False,False,False,False,4,falsa_fase1
2025-11-07,True,True,True,True,False,4,falsa_fase1
2025-11-08,False,False,False,False,False,4,falsa_fase1
2025-11-09,False,False,False,False,False,4,falsa_fase1
2025-11-10,False,False,False,False,False,4,falsa_fase1
2025-11-11,False,False,False,False,False,4,falsa_fase1
2025-11-12,False,False,False,False,False,4,falsa_fase1
2025-11-13,False,False,False,False,False,4,falsa_fase1
2025-11-14,False,False,False,False,False,4,falsa_fase1
2025-11-15,False,False,False,False,False,4,falsa_fase1
2025-11-16,False,False,False,False,False,4,falsa_fase1
2025-11-17,False,False,False,False,False,4,falsa_fase1
2025-11-18,False,False,False,False,False,4,falsa_fase1
2025-11-19,False,False,False,False,False,4,falsa_fase1
2025-11-20,False,False,False,False,False,4,falsa_fase1
2025-11-21,False,False,False,False,False,4,falsa_fase1
2025-11-22,False,False,False,False,False,4,falsa_fase1
2025-11-23,False,False,False,False,False,4,falsa_fase1
2025-11-24,False,False,False,False,False,4,falsa_fase1
2025-11-25,False,False,False,False,False,4,falsa_fase1
2025-11-26,False,False,False,False,False,4,falsa_fase1
2025-11-27,False,False,False,False,False,4,falsa_fase1
2025-11-28,False,False,False,False,False,4,falsa_fase1
2025-11-29,False,False,False,False,False,4,falsa_fase1
2025-11-30,False,False,False,False,False,4,falsa_fase1
2025-12-01,False,False,False,False,False,4,falsa_fase1
2025-12-02,False,False,False,False,False,4,falsa_fase1
2025-12-03,False,False,False,False,False,4,falsa_fase1
2025-12-04,False,False,False,False,False,4,falsa_fase1
2025-12-05,False,False,False,False,False,4,falsa_fase1
2025-12-06,False,False,False,False,False,4,falsa_fase1
2025-12-07,False,False,False,False,False,4,falsa_fase1
2025-12-08,False,False,False,False,False,4,falsa_fase1
2025-12-09,False,False,False,False,False,4,falsa_fase1
2025-12-10,False,False,False,False,False,4,falsa_fase1
2025-12-11,False,False,False,False,False,4,falsa_fase1
2025-12-12,False,False,False,False,False,4,falsa_fase1
2025-12-13,False,False,False,False,False,4,falsa_fase1
2025-12-14,False,False,False,False,False,4,falsa_fase1
2025-12-15,False,False,False,False,False,4,falsa_fase1
2025-12-16,False,False,False,False,False,4,falsa_fase1
2025-12-17,False,False,False,False,False,4,falsa_fase1
2025-12-18,False,False,False,False,False,4,falsa_fase1
2025-12-19,False,False,False,False,False,4,falsa_fase1
2025-12-20,False,False,False,False,False,4,falsa_fase1
2025-12-21,False,False,False,False,False,4,falsa_fase1
2025-12-22,False,False,False,False,False,4,falsa_fase1
2025-12-23,False,False,False,False,False,4,falsa_fase1
2025-12-24,False,False,False,False,False,4,falsa_fase1
2025-12-25,False,False,False,False,False,4,falsa_fase1
2025-12-26,False,False,False,False,False,4,falsa_fase1
2025-12-27,False,False,False,False,False,4,falsa_fase1
2025-12-28,False,False,False,False,False,4,falsa_fase1
2025-12-29,False,False,False,False,False,4,falsa_fase1
2025-12-30,False,False,False,False,False,4,falsa_fase1
2025-12-31,False,False,False,False,False,4,falsa_fase1
2025-10-21,False,False,False,False,False,5,anulada_fase1
2025-10-22,False,False,False,False,False,5,anulada_fase1
2025-10-23,False,False,False,False,False,5,anulada_fase1
2025-10-24,False,False,False,False,False,5,anulada_fase1
2025-10-25,False,False,False,False,False,5,anulada_fase1
2025-10-26,False,False,False,False,False,5,anulada_fase1
2025-10-27,False,False,False,False,False,5,anulada_fase1
2025-10-28,False,False,False,False,False,5,anulada_fase1
2025-10-29,False,False,False,False,False,5,anulada_fase1
2025-10-30,False,False,False,False,False,5,anulada_fase1
2025-10-31,False,False,False,False,False,5,anulada_fase1
2025-11-01,False,False,False,False,False,5,anulada_fase1
2025-11-02,False,False,False,False,False,5,anulada_fase1
2025-11-03,False,False,False,False,False,5,anulada_fase1
2025-11-04,False,False,False,False,False,5,anulada_fase1
2025-11-05,False,False,False,False,False,5,anulada_fase1
2025-11-06,False,False,False,False,False,5,anulada_fase1
2025-11-07,False,False,False,False,False,5,anulada_fase1
2025-11-08,False,False,False,False,False,5,anulada_fase1
2025-11-09,False,False,False,False,False,5,anulada_fase1
2025-11-10,False,False,False,False,False,5,anulada_fase1
2025-11-11,False,False,False,False,False,5,anulada_fase1
2025-11-12,False,False,False,False,False,5,anulada_fase1
2025-11-13,False,False,False,False,False,5,anulada_fase1
2025-11-14,False,False,False,False,False,5,anulada_fase1
2025-11-15,False,False,False,False,False,5,anulada_fase1
2025-11-16,False,False,False,False,False,5,anulada_fase1
2025-11-17,False,False,False,False,False,5,anulada_fase1
2025-11-18,False,False,False,False,False,5,anulada_fase1
2025-11-19,False,False,False,False,False,5,anulada_fase1
2025-11-20,False,False,False,False,False,5,anulada_fase1
2025-11-21,False,False,False,False,False,5,anulada_fase1
2025-11-22,False,False,False,False,False,5,anulada_fase1
2025-11-23,False,False,False,False,False,5,anulada_fase1
2025-11-24,False,False,False,False,False,5,anulada_fase1
2025-11-25,False,False,False,False,False,5,anulada_fase1
2025-11-26,False,False,False,False,False,5,anulada_fase1
2025-11-27,False,False,False,False,False,5,anulada_fase1
2025-11-28,False,False,False,False,False,5,anulada_fase1
2025-11-29,False,False,False,False,False,5,anulada_fase1
2025-11-30,False,False,False,False,False,5,anulada_fase1
2025-12-01,False,False,False,False,False,5,anulada_fase1
2025-12-02,False,False,False,False,False,5,anulada_fase1
2025-12-03,False,False,False,False,False,5,anulada_fase1
2025-12-04,False,False,False,False,False,5,anulada_fase1
2025-12-05,False,False,False,False,False,5,anulada_fase1
2025-12-06,False,False,False,False,False,5,anulada_fase1
2025-12-07,False,False,False,False,False,5,anulada_fase1
2025-12-08,False,False,False,False,False,5,anulada_fase1
2025-12-09,False,False,False,False,False,5,anulada_fase1
2025-12-10,False,False,False,False,False,5,anulada_fase1
2025-12-11,False,False,False,False,False,5,anulada_fase1
2025-12-12,False,False,False,False,False,5,anulada_fase1
2025-12-13,False,False,False,False,False,5,anulada_fase1
2025-12-14,False,False,False,False,False,5,anulada_fase1
2025-12-15,False,False,False,False,False,5,anulada_fase1
2025-12-16,False,False,False,False,False,5,anulada_fase1
2025-12-17,False,False,False,False,False,5,anulada_fase1
2025-12-18,False,False,False,False,False,5,anulada_fase1
2025-12-19,False,False,False,False,False,5,anulada_fase1
2025-12-20,False,False,False,False,False,5,anulada_fase1
2025-12-21,False,False,False,False,False,5,anulada_fase1
2025-12-22,False,False,False,False,False,5,anulada_fase1
2025-12-23,False,False,False,False,False,5,anulada_fase1
2025-12-24,False,False,False,False,False,5,anulada_fase1
2025-12-25,False,False,False,False,False,5,anulada_fase1
2025-12-26,False,False,False,False,False,5,anulada_fase1
2025-12-27,False,False,False,False,False,5,anulada_fase1
2025-12-28,False,False,False,False,False,5,anulada_fase1
2025-12-29,False,False,False,False,False,5,anulada_fase1
2025-12-30,False,False,False,False,False,5,anulada_fase1
2025-12-31,False,False,False,False,False,5,anulada_fase1
2025-10-21,False,False,False,False,False,5,cambio_banda_red
2025-10-22,True,True,True,True,False,5,cambio_banda_red
2025-10-23,False,False,False,False,False,5,cambio_banda_red
2025-10-24,False,False,False,False,False,5,cambio_banda_red
2025-10-25,False,False,False,False,False,5,cambio_banda_red
2025-10-26,False,False,False,False,False,5,cambio_banda_red
2025-10-27,True,True,True,True,False,5,cambio_banda_red
2025-10-28,False,False,False,False,False,5,cambio_banda_red
2025-10-29,True,True,False,True,False,5,cambio_banda_red
2025-10-30,True,True,True,False,False,5,cambio_banda_red
2025-10-31,False,False,False,False,False,5,cambio_banda_red
2025-11-01,False,False,False,False,False,5,cambio_banda_red
2025-11-02,True,True,True,True,False,5,cambio_banda_red
2025-11-03,True,True,True,True,False,5,cambio_banda_red
2025-11-04,False,False,False,False,False,5,cambio_banda_red
2025-11-05,False,False,False,False,False,5,cambio_banda_red
2025-11-06,False,False,False,False,False,5,cambio_banda_red
2025-11-07,True,True,True,False,False,5,cambio_banda_red
2025-11-08,True,True,True,False,False,5,cambio_banda_red
2025-11-09,False,False,False,False,False,5,cambio_banda_red
2025-11-10,True,True,True,True,False,5,cambio_banda_red
2025-11-11,True,True,True,True,False,5,cambio_banda_red
2025-11-12,True,True,True,False,False,5,cambio_banda_red
2025-11-13,False,False,False,False,False,5,cambio_banda_red
2025-11-14,False,False,False,False,False,5,cambio_banda_red
2025-11-15,False,False,False,False,False,5,cambio_banda_red
2025-11-16,False,False,False,False,False,5,cambio_banda_red
2025-11-17,False,False,False,False,False,5,cambio_banda_red
2025-11-18,False,False,False,False,False,5,cambio_banda_red
2025-11-19,False,False,False,False,False,5,cambio_banda_red
2025-11-20,False,False,False,False,False,5,cambio_banda_red
2025-11-21,False,False,False,False,False,5,cambio_banda_red
2025-11-22,False,False,False,False,False,5,cambio_banda_red
2025-11-23,True,True,True,True,False,5,cambio_banda_red
2025-11-24,True,True,True,False,False,5,cambio_banda_red
2025-11-25,False,False,False,False,False,5,cambio_banda_red
2025-11-26,False,False,False,False,False,5,cambio_banda_red
2025-11-27,True,True,True,True,False,5,cambio_banda_red
2025-11-28,True,True,True,True,False,5,cambio_banda_red
2025-11-29,False,False,False,False,False,5,cambio_banda_red
2025-11-30,False,False,False,False,False,5,cambio_banda_red
2025-12-01,False,False,False,False,False,5,cambio_banda_red
2025-12-02,False,False,False,False,False,5,cambio_banda_red
2025-12-03,False,False,False,False,False,5,cambio_banda_red
2025-12-04,True,True,True,False,False,5,cambio_banda_red
2025-12-05,False,False,False,False,False,5,cambio_banda_red
2025-12-06,False,False,False,False,False,5,cambio_banda_red
2025-12-07,False,False,False,False,False,5,cambio_banda_red
2025-12-08,True,True,True,True,False,5,cambio_banda_red
2025-12-09,True,True,True,True,False,5,cambio_banda_red
2025-12-10,False,False,False,False,False,5,cambio_banda_red
2025-12-11,True,True,True,True,False,5,cambio_banda_red
2025-12-12,False,False,False,False,False,5,cambio_banda_red
2025-12-13,True,True,True,False,False,5,cambio_banda_red
2025-12-14,True,True,True,True,False,5,cambio_banda_red
2025-12-15,True,True,True,True,False,5,cambio_banda_red
2025-12-16,True,True,True,False,False,5,cambio_banda_red
2025-12-17,True,True,True,False,False,5,cambio_banda_red
2025-12-18,True,True,True,False,False,5,cambio_banda_red
2025-12-19,False,False,False,False,False,5,cambio_banda_red
2025-12-20,False,False,False,False,False,5,cambio_banda_red
2025-12-21,False,False,False,False,False,5,cambio_banda_red
2025-12-22,True,True,True,False,False,5,cambio_banda_red
2025-12-23,True,True,True,False,False,5,cambio_banda_red
2025-12-24,False,False,False,False,False,5,cambio_banda_red
2025-12-25,False,False,False,False,False,5,cambio_banda_red
2025-12-26,True,True,True,False,False,5,cambio_banda_red
2025-12-27,False,False,False,False,False,5,cambio_banda_red
2025-12-28,False,False,False,False,False,5,cambio_banda_red
2025-12-29,True,True,True,False,False,5,cambio_banda_red
2025-12-30,True,True,True,True,False,5,cambio_banda_red
2025-12-31,False,False,False,False,False,5,cambio_banda_red
2025-10-21,False,False,False,False,False,5,cruce_fase1
2025-10-22,False,False,False,False,False,5,cruce_fase1
2025-10-23,False,False,False,False,False,5,cruce_fase1
2025-10-24,True,True,True,False,False,5,cruce_fase1
2025-10-25,False,False,False,False,False,5,cruce_fase1
2025-10-26,True,True,True,False,False,5,cruce_fase1
2025-10-27,False,False,False,False,False,5,cruce_fase1
2025-10-28,False,False,False,False,False,5,cruce_fase1
2025-10-29,False,False,False,False,False,5,cruce_fase1
2025-10-30,True,True,True,False,False,5,cruce_fase1
2025-10-31,False,False,False,False,False,5,cruce_fase1
2025-11-01,False,False,False,False,False,5,cruce_fase1
2025-11-02,False,False,False,False,False,5,cruce_fase1
2025-11-03,False,False,False,False,False,5,cruce_fase1
2025-11-04,False,False,False,False,False,5,cruce_fase1
2025-11-05,False,False,False,False,False,5,cruce_fase1
2025-11-06,False,False,False,False,False,5,cruce_fase1
2025-11-07,True,True,True,False,False,5,cruce_fase1
2025-11-08,True,True,True,False,False,5,cruce_fase1
2025-11-09,False,False,False,False,False,5,cruce_fase1
2025-11-10,False,False,False,False,False,5,cruce_fase1
2025-11-11,False,False,False,False,False,5,cruce_fase1
2025-11-12,True,True,True,False,False,5,cruce_fase1
2025-11-13,False,False,False,False,False,5,cruce_fase1
2025-11-14,False,False,False,False,False,5,cruce_fase1
2025-11-15,False,False,False,False,False,5,cruce_fase1
2025-11-16,False,False,False,False,False,5,cruce_fase1
2025-11-17,False,False,False,False,False,5,cruce_fase1
2025-11-18,False,False,False,False,False,5,cruce_fase1
2025-11-19,False,False,False,False,False,5,cruce_fase1
2025-11-20,True,True,True,False,False,5,cruce_fase1
2025-11-21,False,False,False,False,False,5,cruce_fase1
2025-11-22,False,False,False,False,False,5,cruce_fase1
2025-11-23,False,False,False,False,False,5,cruce_fase1
2025-11-24,True,True,True,False,False,5,cruce_fase1
2025-11-25,False,False,False,False,False,5,cruce_fase1
2025-11-26,False,False,False,False,False,5,cruce_fase1
2025-11-27,False,False,False,False,False,5,cruce_fase1
2025-11-28,False,False,False,False,False,5,cruce_fase1
2025-11-29,False,False,False,False,False,5,cruce_fase1
2025-11-30,False,False,False,False,False,5,cruce_fase1
2025-12-01,False,False,False,False,False,5,cruce_fase1
2025-12-02,False,False,False,False,False,5,cruce_fase1
2025-12-03,False,False,False,False,False,5,cruce_fase1
2025-12-04,True,True,True,False,False,5,cruce_fase1
2025-12-05,False,False,False,False,False,5,cruce_fase1
2025-12-06,False,False,False,False,False,5,cruce_fase1
2025-12-07,False,False,False,False,False,5,cruce_fase1
2025-12-08,False,False,False,False,False,5,cruce_fase1
2025-12-09,False,False,False,False,False,5,cruce_fase1
2025-12-10,False,False,False,False,False,5,cruce_fase1
2025-12-11,False,False,False,False,False,5,cruce_fase1
2025-12-12,False,False,False,False,False,5,cruce_fase1
2025-12-13,False,False,False,False,False,5,cruce_fase1
2025-12-14,False,False,False,False,False,5,cruce_fase1
2025-12-15,False,False,False,False,False,5,cruce_fase1
2025-12-16,False,False,False,False,False,5,cruce_fase1
2025-12-17,False,False,False,False,False,5,cruce_fase1
2025-12-18,False,False,False,False,False,5,cruce_fase1
2025-12-19,False,False,False,False,False,5,cruce_fase1
2025-12-20,False,False,False,False,False,5,cruce_fase1
2025-12-21,False,False,False,False,False,5,cruce_fase1
2025-12-22,False,False,False,False,False,5,cruce_fase1
2025-12-23,False,False,False,False,False,5,cruce_fase1
2025-12-24,False,False,False,False,False,5,cruce_fase1
2025-12-25,False,False,False,False,False,5,cruce_fase1
2025-12-26,False,False,False,False,False,5,cruce_fase1
2025-12-27,False,False,False,False,False,5,cruce_fase1
2025-12-28,False,False,False,False,False,5,cruce_fase1
2025-12-29,False,False,False,False,False,5,cruce_fase1
2025-12-30,False,False,False,False,False,5,cruce_fase1
2025-12-31,False,False,False,False,False,5,cruce_fase1
2025-10-21,False,False,False,False,False,5,falsa_fase1
2025-10-22,False,False,False,False,False,5,falsa_fase1
2025-10-23,False,False,False,False,False,5,falsa_fase1
2025-10-24,True,True,True,False,False,5,falsa_fase1
2025-10-25,False,False,False,False,False,5,falsa_fase1
2025-10-26,True,True,True,False,False,5,falsa_fase1
2025-10-27,False,False,False,False,False,5,falsa_fase1
2025-10-28,False,False,False,False,False,5,falsa_fase1
2025-10-29,False,False,False,False,False,5,falsa_fase1
2025-10-30,True,True,True,False,False,5,falsa_fase1
2025-10-31,False,False,False,False,False,5,falsa_fase1
2025-11-01,False,False,False,False,False,5,falsa_fase1
2025-11-02,False,False,False,False,False,5,falsa_fase1
2025-11-03,False,False,False,False,False,5,falsa_fase1
2025-11-04,False,False,False,False,False,5,falsa_fase1
2025-11-05,False,False,False,False,False,5,falsa_fase1
2025-11-06,False,False,False,False,False,5,falsa_fase1
2025-11-07,True,True,True,False,False,5,falsa_fase1
2025-11-08,True,True,True,False,False,5,falsa_fase1
2025-11-09,False,False,False,False,False,5,falsa_fase1
2025-11-10,False,False,False,False,False,5,falsa_fase1
2025-11-11,False,False,False,False,False,5,falsa_fase1
2025-11-12,True,True,True,False,False,5,falsa_fase1
2025-11-13,False,False,False,False,False,5,falsa_fase1
2025-11-14,False,False,False,False,False,5,falsa_fase1
2025-11-15,False,False,False,False,False,5,falsa_fase1
2025-11-16,False,False,False,False,False,5,falsa_fase1
2025-11-17,False,False,False,False,False,5,falsa_fase1
2025-11-18,False,False,False,False,False,5,falsa_fase1
2025-11-19,False,False,False,False,False,5,falsa_fase1
2025-11-20,True,True,True,False,False,5,falsa_fase1
2025-11-21,False,False,False,False,False,5,falsa_fase1
2025-11-22,False,False,False,False,False,5,falsa_fase1
2025-11-23,False,False,False,False,False,5,falsa_fase1
2025-11-24,True,True,True,False,False,5,falsa_fase1
2025-11-25,False,False,False,False,False,5,falsa_fase1
2025-11-26,False,False,False,False,False,5,falsa_fase1
2025-11-27,False,False,False,False,False,5,falsa_fase1
2025-11-28,False,False,False,False,False,5,falsa_fase1
2025-11-29,False,False,False,False,False,5,falsa_fase1
2025-11-30,False,False,False,False,False,5,falsa_fase1
2025-12-01,False,False,False,False,False,5,falsa_fase1
2025-12-02,False,False,False,False,False,5,falsa_fase1
2025-12-03,False,False,False,False,False,5,falsa_fase1
2025-12-04,True,True,True,False,False,5,falsa_fase1
2025-12-05,False,False,False,False,False,5,falsa_fase1
2025-12-06,False,False,False,False,False,5,falsa_fase1
2025-12-07,False,False,False,False,False,5,falsa_fase1
2025-12-08,False,False,False,False,False,5,falsa_fase1
2025-12-09,False,False,False,False,False,5,falsa_fase1
2025-12-10,False,False,False,False,False,5,falsa_fase1
2025-12-11,False,False,False,False,False,5,falsa_fase1
2025-12-12,False,False,False,False,False,5,falsa_fase1
2025-12-13,False,False,False,False,False,5,falsa_fase1
2025-12-14,False,False,False,False,False,5,falsa_fase1
2025-12-15,False,False,False,False,False,5,falsa_fase1
2025-12-16,False,False,False,False,False,5,falsa_fase1
2025-12-17,False,False,False,False,False,5,falsa_fase1
2025-12-18,False,False,False,False,False,5,falsa_fase1
2025-12-19,False,False,False,False,False,5,falsa_fase1
2025-12-20,False,False,False,False,False,5,falsa_fase1
2025-12-21,False,False,False,False,False,5,falsa_fase1
2025-12-22,False,False,False,False,False,5,falsa_fase1
2025-12-23,False,False,False,False,False,5,falsa_fase1
2025-12-24,False,False,False,False,False,5,falsa_fase1
2025-12-25,False,False,False,False,False,5,falsa_fase1
2025-12-26,False,False,False,False,False,5,falsa_fase1
2025-12-27,False,False,False,False,False,5,falsa_fase1
2025-12-28,False,False,False,False,False,5,falsa_fase1
2025-12-29,False,False,False,False,False,5,falsa_fase1
2025-12-30,False,False,False,False,False,5,falsa_fase1
2025-12-31,False,False,False,False,False,5,falsa_fase1
2025-10-21,False,False,False,False,False,6,anulada_fase1
2025-10-22,False,False,False,False,False,6,anulada_fase1
2025-10-23,False,False,False,False,False,6,anulada_fase1
2025-10-24,False,False,False,False,False,6,anulada_fase1
2025-10-25,False,False,False,False,False,6,anulada_fase1
2025-10-26,False,False,False,False,False,6,anulada_fase1
2025-10-27,False,False,False,False,False,6,anulada_fase1
2025-10-28,False,False,False,False,False,6,anulada_fase1
2025-10-29,False,False,False,False,False,6,anulada_fase1
2025-10-30,False,False,False,False,False,6,anulada_fase1
2025-10-31,False,False,False,False,False,6,anulada_fase1
2025-11-01,False,False,False,False,False,6,anulada_fase1
2025-11-02,False,False,False,False,False,6,anulada_fase1
2025-11-03,False,False,False,False,False,6,anulada_fase1
2025-11-04,False,False,False,False,False,6,anulada_fase1
2025-11-05,False,False,False,False,False,6,anulada_fase1
2025-11-06,False,False,False,False,False,6,anulada_fase1
2025-11-07,False,False,False,False,False,6,anulada_fase1
2025-11-08,False,False,False,False,False,6,anulada_fase1
2025-11-09,False,False,False,False,False,6,anulada_fase1
2025-11-10,False,False,False,False,False,6,anulada_fase1
2025-11-11,False,False,False,False,False,6,anulada_fase1
2025-11-12,False,False,False,False,False,6,anulada_fase1
2025-11-13,False,False,False,False,False,6,anulada_fase1
2025-11-14,False,False,False,False,False,6,anulada_fase1
2025-11-15,False,False,False,False,False,6,anulada_fase1
2025-11-16,False,False,False,False,False,6,anulada_fase1
2025-11-17,False,False,False,False,False,6,anulada_fase1
2025-11-18,False,False,False,False,False,6,anulada_fase1
2025-11-19,False,False,False,False,False,6,anulada_fase1
2025-11-20,False,False,False,False,False,6,anulada_fase1
2025-11-21,False,False,False,False,False,6,anulada_fase1
2025-11-22,False,False,False,False,False,6,anulada_fase1
2025-11-23,False,False,False,False,False,6,anulada_fase1
2025-11-24,False,False,False,False,False,6,anulada_fase1
2025-11-25,False,False,False,False,False,6,anulada_fase1
2025-11-26,False,False,False,False,False,6,anulada_fase1
2025-11-27,False,False,False,False,False,6,anulada_fase1
2025-11-28,False,False,False,False,False,6,anulada_fase1
2025-11-29,False,False,False,False,False,6,anulada_fase1
2025-11-30,False,False,False,False,False,6,anulada_fase1
2025-12-01,False,False,False,False,False,6,anulada_fase1
2025-12-02,False,False,False,False,False,6,anulada_fase1
2025-12-03,False,False,False,False,False,6,anulada_fase1
2025-12-04,False,False,False,False,False,6,anulada_fase1
2025-12-05,False,False,False,False,False,6,anulada_fase1
2025-12-06,False,False,False,False,False,6,anulada_fase1
2025-12-07,False,False,False,False,False,6,anulada_fase1
2025-12-08,False,False,False,False,False,6,anulada_fase1
2025-12-09,False,False,False,False,False,6,anulada_fase1
2025-12-10,False,False,False,False,False,6,anulada_fase1
2025-12-11,False,False,False,False,False,6,anulada_fase1
2025-12-12,False,False,False,False,False,6,anulada_fase1
2025-12-13,False,False,False,False,False,6,anulada_fase1
2025-12-14,False,False,False,False,False,6,anulada_fase1
2025-12-15,False,False,False,False,False,6,anulada_fase1
2025-12-16,False,False,False,False,False,6,anulada_fase1
2025-12-17,False,False,False,False,False,6,anulada_fase1
2025-12-18,False,False,False,False,False,6,anulada_fase1
2025-12-19,False,False,False,False,False,6,anulada_fase1
2025-12-20,False,False,False,False,False,6,anulada_fase1
2025-12-21,False,False,False,False,False,6,anulada_fase1
2025-12-22,False,False,False,False,False,6,anulada_fase1
2025-12-23,False,False,False,False,False,6,anulada_fase1
2025-12-24,False,False,False,False,False,6,anulada_fase1
2025-12-25,False,False,False,False,False,6,anulada_fase1
2025-12-26,False,False,False,False,False,6,anulada_fase1
2025-12-27,False,False,False,False,False,6,anulada_fase1
2025-12-28,False,False,False,False,False,6,anulada_fase1
2025-12-29,False,False,False,False,False,6,anulada_fase1
2025-12-30,False,False,False,False,False,6,anulada_fase1
2025-12-31,False,False,False,False,False,6,anulada_fase1
2025-10-21,False,False,False,False,False,6,cambio_banda_red
2025-10-22,True,True,True,True,False,6,cambio_banda_red
2025-10-23,False,False,False,False,False,6,cambio_banda_red
2025-10-24,True,True,True,False,False,6,cambio_banda_red
2025-10-25,False,False,False,False,False,6,cambio_banda_red
2025-10-26,True,True,True,False,False,6,cambio_banda_red
2025-10-27,True,True,True,False,False,6,cambio_banda_red
2025-10-28,True,True,True,False,False,6,cambio_banda_red
2025-10-29,True,True,True,True,False,6,cambio_banda_red
2025-10-30,True,True,True,False,False,6,cambio_banda_red
2025-10-31,False,False,False,False,False,6,cambio_banda_red
2025-11-01,False,False,False,False,False,6,cambio_banda_red
2025-11-02,True,True,True,False,False,6,cambio_banda_red
2025-11-03,True,True,True,False,False,6,cambio_banda_red
2025-11-04,False,False,False,False,False,6,cambio_banda_red
2025-11-05,False,False,False,False,False,6,cambio_banda_red
2025-11-06,False,False,False,False,False,6,cambio_banda_red
2025-11-07,True,True,True,False,False,6,cambio_banda_red
2025-11-08,True,True,True,False,False,6,cambio_banda_red
2025-11-09,False,False,False,False,False,6,cambio_banda_red
2025-11-10,True,True,True,True,False,6,cambio_banda_red
2025-11-11,True,True,True,True,False,6,cambio_banda_red
2025-11-12,True,True,True,False,False,6,cambio_banda_red
2025-11-13,False,False,False,False,False,6,cambio_banda_red
2025-11-14,False,False,False,False,False,6,cambio_banda_red
2025-11-15,False,False,False,False,False,6,cambio_banda_red
2025-11-16,False,False,False,False,False,6,cambio_banda_red
2025-11-17,False,False,False,False,False,6,cambio_banda_red
2025-11-18,False,False,False,False,False,6,cambio_banda_red
2025-11-19,True,True,True,False,False,6,cambio_banda_red
2025-11-20,True,True,True,False,False,6,cambio_banda_red
2025-11-21,False,False,False,False,False,6,cambio_banda_red
2025-11-22,False,False,False,False,False,6,cambio_banda_red
2025-11-23,True,True,True,False,False,6,cambio_banda_red
2025-11-24,True,True,True,False,False,6,cambio_banda_red
2025-11-25,False,False,False,False,False,6,cambio_banda_red
2025-11-26,False,False,False,False,False,6,cambio_banda_red
2025-11-27,True,True,True,True,False,6,cambio_banda_red
2025-11-28,True,True,True,True,False,6,cambio_banda_red
2025-11-29,False,False,False,False,False,6,cambio_banda_red
2025-11-30,False,False,False,False,False,6,cambio_banda_red
2025-12-01,False,False,False,False,False,6,cambio_banda_red
2025-12-02,False,False,False,False,False,6,cambio_banda_red
2025-12-03,False,False,False,False,False,6,cambio_banda_red
2025-12-04,True,True,True,False,False,6,cambio_banda_red
2025-12-05,False,False,False,False,False,6,cambio_banda_red
2025-12-06,False,False,False,False,False,6,cambio_banda_red
2025-12-07,False,False,False,False,False,6,cambio_banda_red
2025-12-08,True,True,True,True,False,6,cambio_banda_red
2025-12-09,True,True,True,True,False,6,cambio_banda_red
2025-12-10,True,True,True,False,False,6,cambio_banda_red
2025-12-11,True,True,True,False,False,6,cambio_banda_red
2025-12-12,False,False,False,False,False,6,cambio_banda_red
2025-12-13,True,True,True,False,False,6,cambio_banda_red
2025-12-14,True,True,True,False,False,6,cambio_banda_red
2025-12-15,True,True,True,True,False,6,cambio_banda_red
2025-12-16,True,True,True,False,False,6,cambio_banda_red
2025-12-17,True,True,True,False,False,6,cambio_banda_red
2025-12-18,True,True,True,False,False,6,cambio_banda_red
2025-12-19,False,False,False,False,False,6,cambio_banda_red
2025-12-20,False,False,False,False,False,6,cambio_banda_red
2025-12-21,False,False,False,False,False,6,cambio_banda_red
2025-12-22,True,True,True,False,False,6,cambio_banda_red
2025-12-23,True,True,True,False,False,6,cambio_banda_red
2025-12-24,False,False,False,False,False,6,cambio_banda_red
2025-12-25,True,True,True,False,False,6,cambio_banda_red
2025-12-26,True,True,True,False,False,6,cambio_banda_red
2025-12-27,True,True,True,False,False,6,cambio_banda_red
2025-12-28,False,False,False,False,False,6,cambio_banda_red
2025-12-29,True,True,True,False,False,6,cambio_banda_red
2025-12-30,True,True,True,False,False,6,cambio_banda_red
2025-12-31,False,False,False,False,False,6,cambio_banda_red
2025-10-21,False,False,False,False,False,6,cruce_fase1
2025-10-22,False,False,False,False,False,6,cruce_fase1
2025-10-23,False,False,False,False,False,6,cruce_fase1
2025-10-24,True,True,True,False,False,6,cruce_fase1
2025-10-25,False,False,False,False,False,6,cruce_fase1
2025-10-26,True,True,True,False,False,6,cruce_fase1
2025-10-27,False,False,False,False,False,6,cruce_fase1
2025-10-28,False,False,False,False,False,6,cruce_fase1
2025-10-29,False,False,False,False,False,6,cruce_fase1
2025-10-30,True,True,True,False,False,6,cruce_fase1
2025-10-31,False,False,False,False,False,6,cruce_fase1
2025-11-01,False,False,False,False,False,6,cruce_fase1
2025-11-02,False,False,False,False,False,6,cruce_fase1
2025-11-03,False,False,False,False,False,6,cruce_fase1
2025-11-04,False,False,False,False,False,6,cruce_fase1
2025-11-05,False,False,False,False,False,6,cruce_fase1
2025-11-06,False,False,False,False,False,6,cruce_fase1
2025-11-07,True,True,True,False,False,6,cruce_fase1
2025-11-08,True,True,True,False,False,6,cruce_fase1
2025-11-09,False,False,False,False,False,6,cruce_fase1
2025-11-10,False,False,False,False,False,6,cruce_fase1
2025-11-11,False,False,False,False,False,6,cruce_fase1
2025-11-12,True,True,True,False,False,6,cruce_fase1
2025-11-13,False,False,False,False,False,6,cruce_fase1
2025-11-14,False,False,False,False,False,6,cruce_fase1
2025-11-15,False,False,False,False,False,6,cruce_fase1
2025-11-16,False,False,False,False,False,6,cruce_fase1
2025-11-17,False,False,False,False,False,6,cruce_fase1
2025-11-18,False,False,False,False,False,6,cruce_fase1
2025-11-19,False,False,False,False,False,6,cruce_fase1
2025-11-20,True,True,True,False,False,6,cruce_fase1
2025-11-21,False,False,False,False,False,6,cruce_fase1
2025-11-22,False,False,False,False,False,6,cruce_fase1
2025-11-23,False,False,False,False,False,6,cruce_fase1
2025-11-24,True,True,True,False,False,6,cruce_fase1
2025-11-25,False,False,False,False,False,6,cruce_fase1
2025-11-26,False,False,False,False,False,6,cruce_fase1
2025-11-27,False,False,False,False,False,6,cruce_fase1
2025-11-28,False,False,False,False,False,6,cruce_fase1
2025-11-29,False,False,False,False,False,6,cruce_fase1
2025-11-30,False,False,False,False,False,6,cruce_fase1
2025-12-01,False,False,False,False,False,6,cruce_fase1
2025-12-02,False,False,False,False,False,6,cruce_fase1
2025-12-03,False,False,False,False,False,6,cruce_fase1
2025-12-04,True,True,True,False,False,6,cruce_fase1
2025-12-05,False,False,False,False,False,6,cruce_fase1
2025-12-06,False,False,False,False,False,6,cruce_fase1
2025-12-07,False,False,False,False,False,6,cruce_fase1
2025-12-08,False,False,False,False,False,6,cruce_fase1
2025-12-09,False,False,False,False,False,6,cruce_fase1
2025-12-10,False,False,False,False,False,6,cruce_fase1
2025-12-11,False,False,False,False,False,6,cruce_fase1
2025-12-12,False,False,False,False,False,6,cruce_fase1
2025-12-13,False,False,False,False,False,6,cruce_fase1
2025-12-14,False,False,False,False,False,6,cruce_fase1
2025-12-15,False,False,False,False,False,6,cruce_fase1
2025-12-16,False,False,False,False,False,6,cruce_fase1
2025-12-17,False,False,False,False,False,6,cruce_fase1
2025-12-18,False,False,False,False,False,6,cruce_fase1
2025-12-19,False,False,False,False,False,6,cruce_fase1
2025-12-20,False,False,False,False,False,6,cruce_fase1
2025-12-21,False,False,False,False,False,6,cruce_fase1
2025-12-22,False,False,False,False,False,6,cruce_fase1
2025-12-23,False,False,False,False,False,6,cruce_fase1
2025-12-24,False,False,False,False,False,6,cruce_fase1
2025-12-25,False,False,False,False,False,6,cruce_fase1
2025-12-26,False,False,False,False,False,6,cruce_fase1
2025-12-27,False,False,False,False,False,6,cruce_fase1
2025-12-28,False,False,False,False,False,6,cruce_fase1
2025-12-29,False,False,False,False,False,6,cruce_fase1
2025-12-30,False,False,False,False,False,6,cruce_fase1
2025-12-31,False,False,False,False,False,6,cruce_fase1
2025-10-21,False,False,False,False,False,6,falsa_fase1
2025-10-22,False,False,False,False,False,6,falsa_fase1
2025-10-23,False,False,False,False,False,6,falsa_fase1
2025-10-24,True,True,True,False,False,6,falsa_fase1
2025-10-25,False,False,False,False,False,6,falsa_fase1
2025-10-26,True,True,True,False,False,6,falsa_fase1
2025-10-27,False,False,False,False,False,6,falsa_fase1
2025-10-28,False,False,False,False,False,6,falsa_fase1
2025-10-29,False,False,False,False,False,6,falsa_fase1
2025-10-30,True,True,True,False,False,6,falsa_fase1
2025-10-31,False,False,False,False,False,6,falsa_fase1
2025-11-01,False,False,False,False,False,6,falsa_fase1
2025-11-02,False,False,False,False,False,6,falsa_fase1
2025-11-03,False,False,False,False,False,6,falsa_fase1
2025-11-04,False,False,False,False,False,6,falsa_fase1
2025-11-05,False,False,False,False,False,6,falsa_fase1
2025-11-06,False,False,False,False,False,6,falsa_fase1
2025-11-07,True,True,True,False,False,6,falsa_fase1
2025-11-08,True,True,True,False,False,6,falsa_fase1
2025-11-09,False,False,False,False,False,6,falsa_fase1
2025-11-10,False,False,False,False,False,6,falsa_fase1
2025-11-11,False,False,False,False,False,6,falsa_fase1
2025-11-12,True,True,True,False,False,6,falsa_fase1
2025-11-13,False,False,False,False,False,6,falsa_fase1
2025-11-14,False,False,False,False,False,6,falsa_fase1
2025-11-15,False,False,False,False,False,6,falsa_fase1
2025-11-16,False,False,False,False,False,6,falsa_fase1
2025-11-17,False,False,False,False,False,6,falsa_fase1
2025-11-18,False,False,False,False,False,6,falsa_fase1
2025-11-19,False,False,False,False,False,6,falsa_fase1
2025-11-20,True,True,True,False,False,6,falsa_fase1
2025-11-21,False,False,False,False,False,6,falsa_fase1
2025-11-22,False,False,False,False,False,6,falsa_fase1
2025-11-23,False,False,False,False,False,6,falsa_fase1
2025-11-24,True,True,True,False,False,6,falsa_fase1
2025-11-25,False,False,False,False,False,6,falsa_fase1
2025-11-26,False,False,False,False,False,6,falsa_fase1
2025-11-27,False,False,False,False,False,6,falsa_fase1
2025-11-28,False,False,False,False,False,6,falsa_fase1
2025-11-29,False,False,False,False,False,6,falsa_fase1
2025-11-30,False,False,False,False,False,6,falsa_fase1
2025-12-01,False,False,False,False,False,6,falsa_fase1
2025-12-02,False,False,False,False,False,6,falsa_fase1
2025-12-03,False,False,False,False,False,6,falsa_fase1
2025-12-04,True,True,True,False,False,6,falsa_fase1
2025-12-05,False,False,False,False,False,6,falsa_fase1
2025-12-06,False,False,False,False,False,6,falsa_fase1
2025-12-07,False,False,False,False,False,6,falsa_fase1
2025-12-08,False,False,False,False,False,6,falsa_fase1
2025-12-09,False,False,False,False,False,6,falsa_fase1
2025-12-10,False,False,False,False,False,6,falsa_fase1
2025-12-11,False,False,False,False,False,6,falsa_fase1
2025-12-12,False,False,False,False,False,6,falsa_fase1
2025-12-13,False,False,False,False,False,6,falsa_fase1
2025-12-14,False,False,False,False,False,6,falsa_fase1
2025-12-15,False,False,False,False,False,6,falsa_fase1
2025-12-16,False,False,False,False,False,6,falsa_fase1
2025-12-17,False,False,False,False,False,6,falsa_fase1
2025-12-18,False,False,False,False,False,6,falsa_fase1
2025-12-19,False,False,False,False,False,6,falsa_fase1
2025-12-20,False,False,False,False,False,6,falsa_fase1
2025-12-21,False,False,False,False,False,6,falsa_fase1
2025-12-22,False,False,False,False,False,6,falsa_fase1
2025-12-23,False,False,False,False,False,6,falsa_fase1
2025-12-24,False,False,False,False,False,6,falsa_fase1
2025-12-25,False,False,False,False,False,6,falsa_fase1
2025-12-26,False,False,False,False,False,6,falsa_fase1
2025-12-27,False,False,False,False,False,6,falsa_fase1
2025-12-28,False,False,False,False,False,6,falsa_fase1
2025-12-29,False,False,False,False,False,6,falsa_fase1
2025-12-30,False,False,False,False,False,6,falsa_fase1
2025-12-31,False,False,False,False,False,6,falsa_fase1
2025-10-21,False,False,False,False,False,7,anulada_fase1
2025-10-22,False,False,False,False,False,7,anulada_fase1
2025-10-23,False,False,False,False,False,7,anulada_fase1
2025-10-24,False,False,False,False,False,7,anulada_fase1
2025-10-25,False,False,False,False,False,7,anulada_fase1
2025-10-26,False,False,False,False,False,7,anulada_fase1
2025-10-27,False,False,False,False,False,7,anulada_fase1
2025-10-28,False,False,False,False,False,7,anulada_fase1
2025-10-29,False,False,False,False,False,7,anulada_fase1
2025-10-30,False,False,False,False,False,7,anulada_fase1
2025-10-31,False,False,False,False,False,7,anulada_fase1
2025-11-01,False,False,False,False,False,7,anulada_fase1
2025-11-02,False,False,False,False,False,7,anulada_fase1
2025-11-03,False,False,False,False,False,7,anulada_fase1
2025-11-04,False,False,False,False,False,7,anulada_fase1
2025-11-05,False,False,False,False,False,7,anulada_fase1
2025-11-06,False,False,False,False,False,7,anulada_fase1
2025-11-07,False,False,False,False,False,7,anulada_fase1
2025-11-08,False,False,False,False,False,7,anulada_fase1
2025-11-09,False,False,False,False,False,7,anulada_fase1
2025-11-10,False,False,False,False,False,7,anulada_fase1
2025-11-11,False,False,False,False,False,7,anulada_fase1
2025-11-12,False,False,False,False,False,7,anulada_fase1
2025-11-13,False,False,False,False,False,7,anulada_fase1
2025-11-14,False,False,False,False,False,7,anulada_fase1
2025-11-15,False,False,False,False,False,7,anulada_fase1
2025-11-16,False,False,False,False,False,7,anulada_fase1
2025-11-17,False,False,False,False,False,7,anulada_fase1
2025-11-18,False,False,False,False,False,7,anulada_fase1
2025-11-19,False,False,False,False,False,7,anulada_fase1
2025-11-20,False,False,False,False,False,7,anulada_fase1
2025-11-21,False,False,False,False,False,7,anulada_fase1
2025-11-22,False,False,False,False,False,7,anulada_fase1
2025-11-23,False,False,False,False,False,7,anulada_fase1
2025-11-24,False,False,False,False,False,7,anulada_fase1
2025-11-25,False,False,False,False,False,7,anulada_fase1
2025-11-26,False,False,False,False,False,7,anulada_fase1
2025-11-27,False,False,False,False,False,7,anulada_fase1
2025-11-28,False,False,False,False,False,7,anulada_fase1
2025-11-29,False,False,False,False,False,7,anulada_fase1
2025-11-30,False,False,False,False,False,7,anulada_fase1
2025-12-01,False,False,False,False,False,7,anulada_fase1
2025-12-02,False,False,False,False,False,7,anulada_fase1
2025-12-03,False,False,False,False,False,7,anulada_fase1
2025-12-04,False,False,False,False,False,7,anulada_fase1
2025-12-05,False,False,False,False,False,7,anulada_fase1
2025-12-06,False,False,False,False,False,7,anulada_fase1
2025-12-07,False,False,False,False,False,7,anulada_fase1
2025-12-08,False,False,False,False,False,7,anulada_fase1
2025-12-09,False,False,False,False,False,7,anulada_fase1
2025-12-10,False,False,False,False,False,7,anulada_fase1
2025-12-11,False,False,False,False,False,7,anulada_fase1
2025-12-12,False,False,False,False,False,7,anulada_fase1
2025-12-13,False,False,False,False,False,7,anulada_fase1
2025-12-14,False,False,False,False,False,7,anulada_fase1
2025-12-15,False,False,False,False,False,7,anulada_fase1
2025-12-16,False,False,False,False,False,7,anulada_fase1
2025-12-17,False,False,False,False,False,7,anulada_fase1
2025-12-18,False,False,False,False,False,7,anulada_fase1
2025-12-19,False,False,False,False,False,7,anulada_fase1
2025-12-20,False,False,False,False,False,7,anulada_fase1
2025-12-21,False,False,False,False,False,7,anulada_fase1
2025-12-22,False,False,False,False,False,7,anulada_fase1
2025-12-23,False,False,False,False,False,7,anulada_fase1
2025-12-24,False,False,False,False,False,7,anulada_fase1
2025-12-25,False,False,False,False,False,7,anulada_fase1
2025-12-26,False,False,False,False,False,7,anulada_fase1
2025-12-27,False,False,False,False,False,7,anulada_fase1
2025-12-28,False,False,False,False,False,7,anulada_fase1
2025-12-29,False,False,False,False,False,7,anulada_fase1
2025-12-30,False,False,False,False,False,7,anulada_fase1
2025-12-31,False,False,False,False,False,7,anulada_fase1
2025-10-21,True,True,True,False,False,7,cambio_banda_red
2025-10-22,True,True,True,False,False,7,cambio_banda_red
2025-10-23,True,True,True,False,False,7,cambio_banda_red
2025-10-24,True,True,True,False,False,7,cambio_banda_red
2025-10-25,True,True,True,False,False,7,cambio_banda_red
2025-10-26,True,True,True,False,False,7,cambio_banda_red
2025-10-27,True,True,True,False,False,7,cambio_banda_red
2025-10-28,True,True,True,False,False,7,cambio_banda_red
2025-10-29,True,True,True,False,False,7,cambio_banda_red
2025-10-30,True,True,True,False,False,7,cambio_banda_red
2025-10-31,True,True,True,False,False,7,cambio_banda_red
2025-11-01,True,True,True,False,False,7,cambio_banda_red
2025-11-02,True,True,True,False,False,7,cambio_banda_red
2025-11-03,True,True,True,False,False,7,cambio_banda_red
2025-11-04,True,True,True,False,False,7,cambio_banda_red
2025-11-05,True,True,True,False,False,7,cambio_banda_red
2025-11-06,True,True,True,False,False,7,cambio_banda_red
2025-11-07,True,True,True,False,False,7,cambio_banda_red
2025-11-08,True,True,True,False,False,7,cambio_banda_red
2025-11-09,True,True,True,False,False,7,cambio_banda_red
2025-11-10,True,True,True,False,False,7,cambio_banda_red
2025-11-11,True,True,True,False,False,7,cambio_banda_red
2025-11-12,True,True,True,False,False,7,cambio_banda_red
2025-11-13,True,True,True,False,False,7,cambio_banda_red
2025-11-14,True,True,True,False,False,7,cambio_banda_red
2025-11-15,True,True,True,False,False,7,cambio_banda_red
2025-11-16,True,True,True,False,False,7,cambio_banda_red
2025-11-17,True,True,True,False,False,7,cambio_banda_red
2025-11-18,True,True,True,False,False,7,cambio_banda_red
2025-11-19,True,True,True,False,False,7,cambio_banda_red
2025-11-20,True,True,True,False,False,7,cambio_banda_red
2025-11-21,True,True,True,False,False,7,cambio_banda_red
2025-11-22,True,True,True,False,False,7,cambio_banda_red
2025-11-23,True,True,True,False,False,7,cambio_banda_red
2025-11-24,True,True,True,False,False,7,cambio_banda_red
2025-11-25,True,True,True,False,False,7,cambio_banda_red
2025-11-26,True,True,True,False,False,7,cambio_banda_red
2025-11-27,True,True,True,False,False,7,cambio_banda_red
2025-11-28,True,True,True,False,False,7,cambio_banda_red
2025-11-29,True,True,True,False,False,7,cambio_banda_red
2025-11-30,True,True,True,False,False,7,cambio_banda_red
2025-12-01,True,True,True,False,False,7,cambio_banda_red
2025-12-02,True,True,True,False,False,7,cambio_banda_red
2025-12-03,True,True,True,False,False,7,cambio_banda_red
2025-12-04,True,True,True,False,False,7,cambio_banda_red
2025-12-05,True,True,True,False,False,7,cambio_banda_red
2025-12-06,True,True,True,False,False,7,cambio_banda_red
2025-12-07,True,True,True,False,False,7,cambio_banda_red
2025-12-08,True,True,True,False,False,7,cambio_banda_red
2025-12-09,True,True,True,False,False,7,cambio_banda_red
2025-12-10,True,True,True,False,False,7,cambio_banda_red
2025-12-11,True,True,True,False,False,7,cambio_banda_red
2025-12-12,True,True,True,False,False,7,cambio_banda_red
2025-12-13,True,True,True,False,False,7,cambio_banda_red
2025-12-14,True,True,True,False,False,7,cambio_banda_red
2025-12-15,True,True,True,False,False,7,cambio_banda_red
2025-12-16,True,True,True,False,False,7,cambio_banda_red
2025-12-17,True,True,True,False,False,7,cambio_banda_red
2025-12-18,True,True,True,False,False,7,cambio_banda_red
2025-12-19,True,True,True,False,False,7,cambio_banda_red
2025-12-20,True,True,True,False,False,7,cambio_banda_red
2025-12-21,True,True,True,False,False,7,cambio_banda_red
2025-12-22,True,True,True,False,False,7,cambio_banda_red
2025-12-23,True,True,True,False,False,7,cambio_banda_red
2025-12-24,True,True,True,False,False,7,cambio_banda_red
2025-12-25,True,True,True,False,False,7,cambio_banda_red
2025-12-26,True,True,True,False,False,7,cambio_banda_red
2025-12-27,True,True,True,False,False,7,cambio_banda_red
2025-12-28,True,True,True,False,False,7,cambio_banda_red
2025-12-29,True,True,True,False,False,7,cambio_banda_red
2025-12-30,True,True,True,False,False,7,cambio_banda_red
2025-12-31,True,True,True,False,False,7,cambio_banda_red
2025-10-21,True,True,True,False,False,7,cruce_fase1
2025-10-22,True,True,True,False,False,7,cruce_fase1
2025-10-23,True,True,True,False,False,7,cruce_fase1
2025-10-24,True,True,True,False,False,7,cruce_fase1
2025-10-25,True,True,True,False,False,7,cruce_fase1
2025-10-26,True,True,True,False,False,7,cruce_fase1
2025-10-27,True,True,True,False,False,7,cruce_fase1
2025-10-28,True,True,True,False,False,7,cruce_fase1
2025-10-29,True,True,True,False,False,7,cruce_fase1
2025-10-30,True,True,True,False,False,7,cruce_fase1
2025-10-31,True,True,True,False,False,7,cruce_fase1
2025-11-01,True,True,True,False,False,7,cruce_fase1
2025-11-02,True,True,True,False,False,7,cruce_fase1
2025-11-03,True,True,True,False,False,7,cruce_fase1
2025-11-04,True,True,True,False,False,7,cruce_fase1
2025-11-05,True,True,True,False,False,7,cruce_fase1
2025-11-06,True,True,True,False,False,7,cruce_fase1
2025-11-07,True,True,True,False,False,7,cruce_fase1
2025-11-08,True,True,True,False,False,7,cruce_fase1
2025-11-09,True,True,True,False,False,7,cruce_fase1
2025-11-10,True,True,True,False,False,7,cruce_fase1
2025-11-11,True,True,True,False,False,7,cruce_fase1
2025-11-12,True,True,True,False,False,7,cruce_fase1
2025-11-13,True,True,True,False,False,7,cruce_fase1
2025-11-14,True,True,True,False,False,7,cruce_fase1
2025-11-15,True,True,True,False,False,7,cruce_fase1
2025-11-16,True,True,True,False,False,7,cruce_fase1
2025-11-17,True,True,True,False,False,7,cruce_fase1
2025-11-18,True,True,True,False,False,7,cruce_fase1
2025-11-19,True,True,True,False,False,7,cruce_fase1
2025-11-20,True,True,True,False,False,7,cruce_fase1
2025-11-21,True,True,True,False,False,7,cruce_fase1
2025-11-22,True,True,True,False,False,7,cruce_fase1
2025-11-23,True,True,True,False,False,7,cruce_fase1
2025-11-24,True,True,True,False,False,7,cruce_fase1
2025-11-25,True,True,True,False,False,7,cruce_fase1
2025-11-26,True,True,True,False,False,7,cruce_fase1
2025-11-27,True,True,True,False,False,7,cruce_fase1
2025-11-28,True,True,True,False,False,7,cruce_fase1
2025-11-29,True,True,True,False,False,7,cruce_fase1
2025-11-30,True,True,True,False,False,7,cruce_fase1
2025-12-01,True,True,True,False,False,7,cruce_fase1
2025-12-02,True,True,True,False,False,7,cruce_fase1
2025-12-03,True,True,True,False,False,7,cruce_fase1
2025-12-04,True,True,True,False,False,7,cruce_fase1
2025-12-05,True,True,True,False,False,7,cruce_fase1
2025-12-06,True,True,True,False,False,7,cruce_fase1
2025-12-07,True,True,True,False,False,7,cruce_fase1
2025-12-08,True,True,True,False,False,7,cruce_fase1
2025-12-09,True,True,True,False,False,7,cruce_fase1
2025-12-10,True,True,True,False,False,7,cruce_fase1
2025-12-11,True,True,True,False,False,7,cruce_fase1
2025-12-12,True,True,True,False,False,7,cruce_fase1
2025-12-13,True,True,True,False,False,7,cruce_fase1
2025-12-14,True,True,True,False,False,7,cruce_fase1
2025-12-15,True,True,True,False,False,7,cruce_fase1
2025-12-16,True,True,True,False,False,7,cruce_fase1
2025-12-17,True,True,True,False,False,7,cruce_fase1
2025-12-18,True,True,True,False,False,7,cruce_fase1
2025-12-19,True,True,True,False,False,7,cruce_fase1
2025-12-20,True,True,True,False,False,7,cruce_fase1
2025-12-21,True,True,True,False,False,7,cruce_fase1
2025-12-22,True,True,True,False,False,7,cruce_fase1
2025-12-23,True,True,True,False,False,7,cruce_fase1
2025-12-24,True,True,True,False,False,7,cruce_fase1
2025-12-25,True,True,True,False,False,7,cruce_fase1
2025-12-26,True,True,True,False,False,7,cruce_fase1
2025-12-27,True,True,True,False,False,7,cruce_fase1
2025-12-28,True,True,True,False,False,7,cruce_fase1
2025-12-29,True,True,True,False,False,7,cruce_fase1
2025-12-30,True,True,True,False,False,7,cruce_fase1
2025-12-31,True,True,True,False,False,7,cruce_fase1
2025-10-21,True,True,True,False,False,7,falsa_fase1
2025-10-22,True,True,True,False,False,7,falsa_fase1
2025-10-23,True,True,True,False,False,7,falsa_fase1
2025-10-24,True,True,True,False,False,7,falsa_fase1
2025-10-25,True,True,True,False,False,7,falsa_fase1
2025-10-26,True,True,True,False,False,7,falsa_fase1
2025-10-27,True,True,True,False,False,7,falsa_fase1
2025-10-28,True,True,True,False,False,7,falsa_fase1
2025-10-29,True,True,True,False,False,7,falsa_fase1
2025-10-30,True,True,True,False,False,7,falsa_fase1
2025-10-31,True,True,True,False,False,7,falsa_fase1
2025-11-01,True,True,True,False,False,7,falsa_fase1
2025-11-02,True,True,True,False,False,7,falsa_fase1
2025-11-03,True,True,True,False,False,7,falsa_fase1
2025-11-04,True,True,True,False,False,7,falsa_fase1
2025-11-05,True,True,True,False,False,7,falsa_fase1
2025-11-06,True,True,True,False,False,7,falsa_fase1
2025-11-07,True,True,True,False,False,7,falsa_fase1
2025-11-08,True,True,True,False,False,7,falsa_fase1
2025-11-09,True,True,True,False,False,7,falsa_fase1
2025-11-10,True,True,True,False,False,7,falsa_fase1
2025-11-11,True,True,True,False,False,7,falsa_fase1
2025-11-12,True,True,True,False,False,7,falsa_fase1
2025-11-13,True,True,True,False,False,7,falsa_fase1
2025-11-14,True,True,True,False,False,7,falsa_fase1
2025-11-15,True,True,True,False,False,7,falsa_fase1
2025-11-16,True,True,True,False,False,7,falsa_fase1
2025-11-17,True,True,True,False,False,7,falsa_fase1
2025-11-18,True,True,True,False,False,7,falsa_fase1
2025-11-19,True,True,True,False,False,7,falsa_fase1
2025-11-20,True,True,True,False,False,7,falsa_fase1
2025-11-21,True,True,True,False,False,7,falsa_fase1
2025-11-22,True,True,True,False,False,7,falsa_fase1
2025-11-23,True,True,True,False,False,7,falsa_fase1
2025-11-24,True,True,True,False,False,7,falsa_fase1
2025-11-25,True,True,True,False,False,7,falsa_fase1
2025-11-26,True,True,True,False,False,7,falsa_fase1
2025-11-27,True,True,True,False,False,7,falsa_fase1
2025-11-28,True,True,True,False,False,7,falsa_fase1
2025-11-29,True,True,True,False,False,7,falsa_fase1
2025-11-30,True,True,True,False,False,7,falsa_fase1
2025-12-01,True,True,True,False,False,7,falsa_fase1
2025-12-02,True,True,True,False,False,7,falsa_fase1
2025-12-03,True,True,True,False,False,7,falsa_fase1
2025-12-04,True,True,True,False,False,7,falsa_fase1
2025-12-05,True,True,True,False,False,7,falsa_fase1
2025-12-06,True,True,True,False,False,7,falsa_fase1
2025-12-07,True,True,True,False,False,7,falsa_fase1
2025-12-08,True,True,True,False,False,7,falsa_fase1
2025-12-09,True,True,True,False,False,7,falsa_fase1
2025-12-10,True,True,True,False,False,7,falsa_fase1
2025-12-11,True,True,True,False,False,7,falsa_fase1
2025-12-12,True,True,True,False,False,7,falsa_fase1
2025-12-13,True,True,True,False,False,7,falsa_fase1
2025-12-14,True,True,True,False,False,7,falsa_fase1
2025-12-15,True,True,True,False,False,7,falsa_fase1
2025-12-16,True,True,True,False,False,7,falsa_fase1
2025-12-17,True,True,True,False,False,7,falsa_fase1
2025-12-18,True,True,True,False,False,7,falsa_fase1
2025-12-19,True,True,True,False,False,7,falsa_fase1
2025-12-20,True,True,True,False,False,7,falsa_fase1
2025-12-21,True,True,True,False,False,7,falsa_fase1
2025-12-22,True,True,True,False,False,7,falsa_fase1
2025-12-23,True,True,True,False,False,7,falsa_fase1
2025-12-24,True,True,True,False,False,7,falsa_fase1
2025-12-25,True,True,True,False,False,7,falsa_fase1
2025-12-26,True,True,True,False,False,7,falsa_fase1
2025-12-27,True,True,True,False,False,7,falsa_fase1
2025-12-28,True,True,True,False,False,7,falsa_fase1
2025-12-29,True,True,True,False,False,7,falsa_fase1
2025-12-30,True,True,True,False,False,7,falsa_fase1
2025-12-31,True,True,True,False,False,7,falsa_fase1
