timestamp,estacion,original_ppb,predicho_ppb,base_ppb,perfil_ppb,umbral_ppb,alerta_limpia
2025-10-21 00:00:00,TLI,2.0,4.992131,8.363636,8.363636363636363,17.458091735839844,False
2025-10-21 01:00:00,TLI,4.0,4.3356256,7.6363635,7.636363636363637,17.458091735839844,False
2025-10-21 02:00:00,TLI,3.0,4.424387,7.181818,7.181818181818182,17.458091735839844,False
2025-10-21 03:00:00,TLI,3.0,6.4079256,8.714286,8.714285714285714,17.458091735839844,False
2025-10-21 04:00:00,TLI,1.0,6.8898096,8.214286,8.214285714285714,17.458091735839844,False
2025-10-21 05:00:00,TLI,1.0,3.562922,4.357143,4.357142857142857,17.458091735839844,False
2025-10-21 06:00:00,TLI,0.0,1.1973451,2.2857144,2.2857142857142856,17.458091735839844,False
2025-10-21 07:00:00,TLI,2.0,1.540282,3.0714285,3.0714285714285716,17.458091735839844,False
2025-10-21 08:00:00,TLI,5.0,5.65306,7.642857,7.642857142857143,17.458091735839844,False
2025-10-21 09:00:00,TLI,12.0,16.061792,17.357143,17.357142857142858,17.458091735839844,False
2025-10-21 10:00:00,TLI,39.0,32.051945,29.928572,29.928571428571427,17.458091735839844,False
2025-10-21 11:00:00,TLI,50.0,50.682457,41.142857,41.142857142857146,17.458091735839844,False
2025-10-21 12:00:00,TLI,52.0,65.98817,49.384617,49.38461538461539,17.458091735839844,False
2025-10-21 13:00:00,TLI,60.0,73.484924,51.692307,51.69230769230769,17.458091735839844,False
2025-10-21 14:00:00,TLI,75.0,78.85571,52.0,52.0,17.458091735839844,False
2025-10-21 15:00:00,TLI,48.0,76.40038,48.142857,48.142857142857146,17.458091735839844,True
2025-10-21 16:00:00,TLI,32.0,63.15072,39.92857,39.92857142857143,17.458091735839844,True
2025-10-21 17:00:00,TLI,27.0,47.12981,32.214287,32.214285714285715,17.458091735839844,True
2025-10-21 18:00:00,TLI,16.0,32.240562,23.285715,23.285714285714285,17.458091735839844,False
2025-10-21 19:00:00,TLI,16.0,18.211637,14.571428,14.571428571428571,17.458091735839844,False
2025-10-21 20:00:00,TLI,15.0,14.323359,13.285714,13.285714285714286,17.458091735839844,False
2025-10-21 21:00:00,TLI,13.0,10.247754,10.785714,10.785714285714286,17.458091735839844,False
2025-10-21 22:00:00,TLI,12.0,8.375523,8.714286,8.714285714285714,17.458091735839844,False
2025-10-21 23:00:00,TLI,9.0,9.666498,9.214286,9.214285714285714,17.458091735839844,False
2025-10-22 00:00:00,TLI,6.0,9.914019,8.181818,8.181818181818182,17.458091735839844,False
2025-10-22 01:00:00,TLI,5.0,11.708211,7.909091,7.909090909090909,17.458091735839844,False
2025-10-22 02:00:00,TLI,9.0,11.450657,6.818182,6.818181818181818,17.458091735839844,False
2025-10-22 03:00:00,TLI,12.0,14.004918,8.714286,8.714285714285714,17.458091735839844,False
2025-10-22 04:00:00,TLI,10.0,13.813069,7.928571,7.928571428571429,17.458091735839844,False
2025-10-22 05:00:00,TLI,3.0,10.207266,4.142857,4.142857142857143,17.458091735839844,False
2025-10-22 06:00:00,TLI,1.0,7.04401,2.142857,2.142857142857143,17.458091735839844,False
2025-10-22 07:00:00,TLI,3.0,5.50931,3.0,3.0,17.458091735839844,False
2025-10-22 08:00:00,TLI,10.0,8.813774,7.428571,7.428571428571429,17.458091735839844,False
2025-10-22 09:00:00,TLI,21.0,18.793108,16.785715,16.785714285714285,17.458091735839844,False
2025-10-22 10:00:00,TLI,25.0,32.2581,30.571428,30.571428571428573,17.458091735839844,False
2025-10-22 11:00:00,TLI,29.0,42.020824,41.714287,41.714285714285715,17.458091735839844,False
2025-10-22 12:00:00,TLI,28.0,48.388054,49.615383,49.61538461538461,17.458091735839844,True
2025-10-22 13:00:00,TLI,32.0,49.612602,53.076923,53.07692307692308,17.458091735839844,True
2025-10-22 14:00:00,TLI,34.0,52.5149,55.0,55.0,17.458091735839844,True
2025-10-22 15:00:00,TLI,32.0,48.831856,48.92857,48.92857142857143,17.458091735839844,False
2025-10-22 16:00:00,TLI,29.0,40.157284,39.857143,39.857142857142854,17.458091735839844,False
2025-10-22 17:00:00,TLI,25.0,32.540092,32.285713,32.285714285714285,17.458091735839844,False
2025-10-22 18:00:00,TLI,16.0,22.905958,23.142857,23.142857142857142,17.458091735839844,False
2025-10-22 19:00:00,TLI,12.0,12.359975,14.5,14.5,17.458091735839844,False
2025-10-22 20:00:00,TLI,14.0,10.55931,13.5,13.5,17.458091735839844,False
2025-10-22 21:00:00,TLI,10.0,7.623187,10.642858,10.642857142857142,17.458091735839844,False
2025-10-22 22:00:00,TLI,10.0,6.052622,8.714286,8.714285714285714,17.458091735839844,False
2025-10-22 23:00:00,TLI,5.0,7.063613,9.0,9.0,17.458091735839844,False
2025-10-23 00:00:00,TLI,2.0,6.6361732,8.0,8.0,17.458091735839844,False
2025-10-23 01:00:00,TLI,1.0,6.781277,7.6666665,7.666666666666667,17.458091735839844,False
2025-10-23 02:00:00,TLI,0.0,7.170327,7.0,7.0,17.458091735839844,False
2025-10-23 03:00:00,TLI,1.0,10.125537,8.785714,8.785714285714286,17.458091735839844,False
2025-10-23 04:00:00,TLI,1.0,9.944831,8.0,8.0,17.458091735839844,False
2025-10-23 05:00:00,TLI,1.0,5.719061,3.857143,3.857142857142857,17.458091735839844,False
2025-10-23 06:00:00,TLI,1.0,2.3005502,1.9285715,1.9285714285714286,17.458091735839844,False
2025-10-23 07:00:00,TLI,2.0,1.5232503,2.857143,2.857142857142857,17.458091735839844,False
2025-10-23 08:00:00,TLI,14.0,5.0164576,7.5,7.5,17.458091735839844,False
2025-10-23 09:00:00,TLI,20.0,14.562019,17.214285,17.214285714285715,17.458091735839844,False
2025-10-23 10:00:00,TLI,29.0,29.211962,31.142857,31.142857142857142,17.458091735839844,False
2025-10-23 11:00:00,TLI,37.0,42.90201,42.142857,42.142857142857146,17.458091735839844,False
2025-10-23 12:00:00,TLI,50.0,56.73781,50.46154,50.46153846153846,17.458091735839844,False
2025-10-23 13:00:00,TLI,60.0,67.44742,54.076923,54.07692307692308,17.458091735839844,False
2025-10-23 14:00:00,TLI,61.0,74.80525,55.923077,55.92307692307692,17.458091735839844,False
2025-10-23 15:00:00,TLI,61.0,71.63385,49.714287,49.714285714285715,17.458091735839844,False
2025-10-23 16:00:00,TLI,60.0,63.4725,41.142857,41.142857142857146,17.458091735839844,False
2025-10-23 17:00:00,TLI,46.0,56.075256,33.57143,33.57142857142857,17.458091735839844,False
2025-10-23 18:00:00,TLI,23.0,43.63955,23.642857,23.642857142857142,17.458091735839844,True
2025-10-23 19:00:00,TLI,12.0,26.216053,15.214286,15.214285714285714,17.458091735839844,False
2025-10-23 20:00:00,TLI,11.0,18.227081,14.428572,14.428571428571429,17.458091735839844,False
2025-10-23 21:00:00,TLI,6.0,11.7847,11.285714,11.285714285714286,17.458091735839844,False
2025-10-23 22:00:00,TLI,5.0,8.715964,9.357142,9.357142857142858,17.458091735839844,False
2025-10-23 23:00:00,TLI,3.0,8.130484,9.071428,9.071428571428571,17.458091735839844,False
2025-10-24 00:00:00,TLI,3.0,7.1525984,7.5833335,7.583333333333333,17.458091735839844,False
2025-10-24 01:00:00,TLI,9.0,7.0860147,7.0,7.0,17.458091735839844,False
2025-10-24 02:00:00,TLI,11.0,6.819602,6.3333335,6.333333333333333,17.458091735839844,False
2025-10-24 03:00:00,TLI,9.0,9.311619,8.5,8.5,17.458091735839844,False
2025-10-24 04:00:00,TLI,4.0,8.436854,7.714286,7.714285714285714,17.458091735839844,False
2025-10-24 05:00:00,TLI,1.0,4.33128,3.857143,3.857142857142857,17.458091735839844,False
2025-10-24 06:00:00,TLI,1.0,1.9648585,1.9285715,1.9285714285714286,17.458091735839844,False
2025-10-24 07:00:00,TLI,1.0,2.3303368,2.9285715,2.9285714285714284,17.458091735839844,False
2025-10-24 08:00:00,TLI,4.0,6.9607525,8.357142,8.357142857142858,17.458091735839844,False
2025-10-24 09:00:00,TLI,10.0,16.555973,18.357143,18.357142857142858,17.458091735839844,False
2025-10-24 10:00:00,TLI,26.0,31.095306,32.57143,32.57142857142857,17.458091735839844,False
2025-10-24 11:00:00,TLI,48.0,46.36302,43.642857,43.642857142857146,17.458091735839844,False
2025-10-24 12:00:00,TLI,59.0,66.04541,50.42857,50.42857142857143,17.458091735839844,False
2025-10-24 13:00:00,TLI,68.0,76.692825,54.5,54.5,17.458091735839844,False
2025-10-24 14:00:00,TLI,79.0,81.62473,56.285713,56.285714285714285,17.458091735839844,False
2025-10-24 15:00:00,TLI,90.0,80.29492,53.07143,53.07142857142857,17.458091735839844,False
2025-10-24 16:00:00,TLI,97.0,72.10243,44.5,44.5,17.458091735839844,True
2025-10-24 17:00:00,TLI,84.0,65.40831,36.142857,36.142857142857146,17.458091735839844,True
2025-10-24 18:00:00,TLI,52.0,52.909626,25.214285,25.214285714285715,17.458091735839844,False
2025-10-24 19:00:00,TLI,27.0,35.847588,16.0,16.0,17.458091735839844,False
2025-10-24 20:00:00,TLI,5.0,26.148571,15.142858,15.142857142857142,17.458091735839844,True
2025-10-24 21:00:00,TLI,1.0,15.5026245,11.571428,11.571428571428571,17.458091735839844,False
2025-10-24 22:00:00,TLI,4.0,10.73501,9.642858,9.642857142857142,17.458091735839844,False
2025-10-24 23:00:00,TLI,4.0,9.598267,9.214286,9.214285714285714,17.458091735839844,False
2025-10-25 00:00:00,TLI,7.0,8.129515,7.5833335,7.583333333333333,17.458091735839844,False
2025-10-25 01:00:00,TLI,7.0,7.655,7.3333335,7.333333333333333,17.458091735839844,False
2025-10-25 02:00:00,TLI,2.0,6.9829173,6.5833335,6.583333333333333,17.458091735839844,False
2025-10-25 03:00:00,TLI,1.0,8.882612,8.357142,8.357142857142858,17.458091735839844,False
2025-10-25 04:00:00,TLI,1.0,8.073079,7.285714,7.285714285714286,17.458091735839844,False
2025-10-25 05:00:00,TLI,1.0,4.3720465,3.357143,3.357142857142857,17.458091735839844,False
2025-10-25 06:00:00,TLI,1.0,2.538266,1.7142857,1.7142857142857142,17.458091735839844,False
2025-10-25 07:00:00,TLI,2.0,3.185155,2.7142856,2.7142857142857144,17.458091735839844,False
2025-10-25 08:00:00,TLI,3.0,8.369326,8.285714,8.285714285714286,17.458091735839844,False
2025-10-25 09:00:00,TLI,13.0,18.845354,18.642857,18.642857142857142,17.458091735839844,False
2025-10-25 10:00:00,TLI,43.0,35.68569,33.642857,33.642857142857146,17.458091735839844,False
2025-10-25 11:00:00,TLI,59.0,56.10535,45.714287,45.714285714285715,17.458091735839844,False
2025-10-25 12:00:00,TLI,73.0,70.728775,52.57143,52.57142857142857,17.458091735839844,False
2025-10-25 13:00:00,TLI,85.0,77.51006,57.857143,57.857142857142854,17.458091735839844,False
2025-10-25 14:00:00,TLI,85.0,84.48813,60.785713,60.785714285714285,17.458091735839844,False
2025-10-25 15:00:00,TLI,82.0,84.11202,58.07143,58.07142857142857,17.458091735839844,False
2025-10-25 16:00:00,TLI,81.0,76.99997,50.285713,50.285714285714285,17.458091735839844,False
2025-10-25 17:00:00,TLI,68.0,68.00249,41.42857,41.42857142857143,17.458091735839844,False
2025-10-25 18:00:00,TLI,48.0,51.432186,28.571428,28.571428571428573,17.458091735839844,False
2025-10-25 19:00:00,TLI,34.0,32.656258,17.785715,17.785714285714285,17.458091735839844,False
2025-10-25 20:00:00,TLI,27.0,25.210886,15.428572,15.428571428571429,17.458091735839844,False
2025-10-25 21:00:00,TLI,5.0,17.457928,11.5,11.5,17.458091735839844,False
2025-10-25 22:00:00,TLI,3.0,12.380321,9.642858,9.642857142857142,17.458091735839844,False
2025-10-25 23:00:00,TLI,2.0,10.063503,9.0,9.0,17.458091735839844,False
2025-10-26 03:00:00,TLI,2.0,9.785338,7.785714,7.785714285714286,17.458091735839844,False
2025-10-26 04:00:00,TLI,5.0,7.376658,6.785714,6.785714285714286,17.458091735839844,False
2025-10-26 05:00:00,TLI,5.0,3.8946173,3.2857144,3.2857142857142856,17.458091735839844,False
2025-10-26 06:00:00,TLI,5.0,1.7163863,1.7142857,1.7142857142857142,17.458091735839844,False
2025-10-26 07:00:00,TLI,5.0,1.4279697,2.7857144,2.7857142857142856,17.458091735839844,False
2025-10-26 08:00:00,TLI,8.0,5.1684437,8.285714,8.285714285714286,17.458091735839844,False
2025-10-26 09:00:00,TLI,25.0,14.242405,18.714285,18.714285714285715,17.458091735839844,False
2025-10-26 10:00:00,TLI,44.0,32.61573,35.214287,35.214285714285715,17.458091735839844,False
2025-10-26 11:00:00,TLI,66.0,57.02666,48.285713,48.285714285714285,17.458091735839844,False
2025-10-26 12:00:00,TLI,67.0,74.29029,55.357143,55.357142857142854,17.458091735839844,False
2025-10-26 13:00:00,TLI,79.0,83.97703,61.0,61.0,17.458091735839844,False
2025-10-26 14:00:00,TLI,80.0,89.76855,63.785713,63.785714285714285,17.458091735839844,False
2025-10-26 15:00:00,TLI,79.0,87.39739,60.92857,60.92857142857143,17.458091735839844,False
2025-10-26 16:00:00,TLI,67.0,80.622185,54.07143,54.07142857142857,17.458091735839844,False
2025-10-26 17:00:00,TLI,53.0,69.62423,44.42857,44.42857142857143,17.458091735839844,False
2025-10-26 18:00:00,TLI,36.0,49.263958,30.571428,30.571428571428573,17.458091735839844,False
2025-10-26 19:00:00,TLI,27.0,29.451588,18.857143,18.857142857142858,17.458091735839844,False
2025-10-26 20:00:00,TLI,27.0,19.60323,15.928572,15.928571428571429,17.458091735839844,False
2025-10-26 21:00:00,TLI,19.0,9.479027,10.357142,10.357142857142858,17.458091735839844,False
2025-10-26 22:00:00,TLI,6.0,6.11929,8.714286,8.714285714285714,17.458091735839844,False
2025-10-26 23:00:00,TLI,1.0,4.6276364,8.142858,8.142857142857142,17.458091735839844,False
2025-10-27 00:00:00,TLI,2.0,4.24593,7.2727275,7.2727272727272725,17.458091735839844,False
2025-10-27 01:00:00,TLI,5.0,5.0920887,7.3636365,7.363636363636363,17.458091735839844,False
2025-10-27 02:00:00,TLI,3.0,4.402771,5.909091,5.909090909090909,17.458091735839844,False
2025-10-27 03:00:00,TLI,4.0,6.4995275,7.214286,7.214285714285714,17.458091735839844,False
2025-10-27 04:00:00,TLI,5.0,6.1718755,6.357143,6.357142857142857,17.458091735839844,False
2025-10-27 05:00:00,TLI,1.0,2.9263127,3.142857,3.142857142857143,17.458091735839844,False
2025-10-27 06:00:00,TLI,2.0,0.3551705,1.9285715,1.9285714285714286,17.458091735839844,False
2025-10-27 07:00:00,TLI,2.0,-0.4282694,2.9285715,2.9285714285714284,17.458091735839844,False
2025-10-27 08:00:00,TLI,3.0,3.0279899,8.214286,8.214285714285714,17.458091735839844,False
2025-10-27 09:00:00,TLI,9.0,11.666864,19.0,19.0,17.458091735839844,False
2025-10-27 10:00:00,TLI,31.0,26.437855,35.142857,35.142857142857146,17.458091735839844,False
2025-10-27 11:00:00,TLI,45.0,43.758816,49.07143,49.07142857142857,17.458091735839844,False
2025-10-27 12:00:00,TLI,58.0,56.805622,56.785713,56.785714285714285,17.458091735839844,False
2025-10-27 13:00:00,TLI,67.0,66.90518,62.785713,62.785714285714285,17.458091735839844,False
2025-10-27 14:00:00,TLI,65.0,73.20033,65.57143,65.57142857142857,17.458091735839844,False
2025-10-27 15:00:00,TLI,59.0,76.351974,62.857143,62.857142857142854,17.458091735839844,False
2025-10-27 16:00:00,TLI,49.0,73.8899,55.357143,55.357142857142854,17.458091735839844,True
2025-10-27 17:00:00,TLI,40.0,64.47296,45.07143,45.07142857142857,17.458091735839844,True
2025-10-27 18:00:00,TLI,26.0,46.636265,30.857143,30.857142857142858,17.458091735839844,True
2025-10-27 19:00:00,TLI,15.0,29.87268,20.285715,20.285714285714285,17.458091735839844,False
2025-10-27 20:00:00,TLI,25.0,22.62912,17.285715,17.285714285714285,17.458091735839844,False
2025-10-27 21:00:00,TLI,8.0,14.208385,11.214286,11.214285714285714,17.458091735839844,False
2025-10-27 22:00:00,TLI,3.0,9.323169,9.071428,9.071428571428571,17.458091735839844,False
2025-10-27 23:00:00,TLI,2.0,6.7404084,8.142858,8.142857142857142,17.458091735839844,False
2025-10-28 00:00:00,TLI,2.0,6.1474943,7.2727275,7.2727272727272725,17.458091735839844,False
2025-10-28 01:00:00,TLI,6.0,7.517697,7.7272725,7.7272727272727275,17.458091735839844,False
2025-10-28 02:00:00,TLI,7.0,6.5469365,6.090909,6.090909090909091,17.458091735839844,False
2025-10-28 03:00:00,TLI,1.0,8.314295,7.357143,7.357142857142857,17.458091735839844,False
2025-10-28 04:00:00,TLI,1.0,7.7409782,6.571429,6.571428571428571,17.458091735839844,False
2025-10-28 05:00:00,TLI,1.0,4.516104,3.142857,3.142857142857143,17.458091735839844,False
2025-10-28 06:00:00,TLI,1.0,2.9787552,2.0,2.0,17.458091735839844,False
2025-10-28 07:00:00,TLI,1.0,3.343761,3.0,3.0,17.458091735839844,False
2025-10-28 08:00:00,TLI,2.0,7.929848,8.214286,8.214285714285714,17.458091735839844,False
2025-10-28 09:00:00,TLI,14.0,18.810532,19.142857,19.142857142857142,17.458091735839844,False
2025-10-28 10:00:00,TLI,32.0,37.71802,35.857143,35.857142857142854,17.458091735839844,False
2025-10-28 11:00:00,TLI,41.0,59.60299,49.714287,49.714285714285715,17.458091735839844,True
2025-10-28 12:00:00,TLI,58.0,76.03321,57.214287,57.214285714285715,17.458091735839844,True
2025-10-28 13:00:00,TLI,63.0,85.39121,63.57143,63.57142857142857,17.458091735839844,True
2025-10-28 14:00:00,TLI,71.0,90.13858,66.71429,66.71428571428571,17.458091735839844,True
2025-10-28 15:00:00,TLI,62.0,89.0898,64.07143,64.07142857142857,17.458091735839844,True
2025-10-28 16:00:00,TLI,60.0,81.03583,55.92857,55.92857142857143,17.458091735839844,True
2025-10-28 17:00:00,TLI,43.0,69.41412,45.92857,45.92857142857143,17.458091735839844,True
2025-10-28 18:00:00,TLI,21.0,48.822926,31.428572,31.428571428571427,17.458091735839844,True
2025-10-28 19:00:00,TLI,20.0,29.20326,20.285715,20.285714285714285,17.458091735839844,False
2025-10-28 20:00:00,TLI,17.0,24.267347,18.285715,18.285714285714285,17.458091735839844,False
2025-10-28 21:00:00,TLI,8.0,16.1509,11.071428,11.071428571428571,17.458091735839844,False
2025-10-28 22:00:00,TLI,5.0,11.244301,8.785714,8.785714285714286,17.458091735839844,False
2025-10-28 23:00:00,TLI,1.0,7.657832,7.428571,7.428571428571429,17.458091735839844,False
2025-10-29 00:00:00,TLI,1.0,6.9567695,6.8333335,6.833333333333333,17.458091735839844,False
2025-10-29 01:00:00,TLI,1.0,8.338737,7.5833335,7.583333333333333,17.458091735839844,False
2025-10-29 02:00:00,TLI,1.0,7.561317,6.1666665,6.166666666666667,17.458091735839844,False
2025-10-29 03:00:00,TLI,1.0,8.060042,6.5,6.5,17.458091735839844,False
2025-10-29 04:00:00,TLI,1.0,8.154436,6.142857,6.142857142857143,17.458091735839844,False
2025-10-29 05:00:00,TLI,2.0,5.306508,3.0,3.0,17.458091735839844,False
2025-10-29 06:00:00,TLI,1.0,4.1416235,2.0,2.0,17.458091735839844,False
2025-10-29 07:00:00,TLI,1.0,4.1918254,2.857143,2.857142857142857,17.458091735839844,False
2025-10-29 08:00:00,TLI,11.0,8.957981,7.571429,7.571428571428571,17.458091735839844,False
2025-10-29 09:00:00,TLI,35.0,25.950783,18.428572,18.428571428571427,17.458091735839844,False
2025-10-29 10:00:00,TLI,45.0,50.910107,35.92857,35.92857142857143,17.458091735839844,False
2025-10-29 11:00:00,TLI,45.0,66.276505,49.857143,49.857142857142854,17.458091735839844,True
2025-10-29 12:00:00,TLI,46.0,73.33064,57.857143,57.857142857142854,17.458091735839844,True
2025-10-29 13:00:00,TLI,47.0,79.03598,64.0,64.0,17.458091735839844,True
2025-10-29 14:00:00,TLI,46.0,82.632904,67.71429,67.71428571428571,17.458091735839844,True
2025-10-29 15:00:00,TLI,48.0,80.35019,64.57143,64.57142857142857,17.458091735839844,True
2025-10-29 16:00:00,TLI,41.0,73.48282,57.0,57.0,17.458091735839844,True
2025-10-29 17:00:00,TLI,30.0,61.20572,46.214287,46.214285714285715,17.458091735839844,True
2025-10-29 18:00:00,TLI,19.0,39.553093,30.785715,30.785714285714285,17.458091735839844,True
2025-10-29 19:00:00,TLI,20.0,22.297134,20.0,20.0,17.458091735839844,False
2025-10-29 20:00:00,TLI,16.0,17.162018,17.785715,17.785714285714285,17.458091735839844,False
2025-10-29 21:00:00,TLI,18.0,8.568976,9.928572,9.928571428571429,17.458091735839844,False
2025-10-29 22:00:00,TLI,11.0,5.4351544,7.285714,7.285714285714286,17.458091735839844,False
2025-10-29 23:00:00,TLI,1.0,3.4803088,5.714286,5.714285714285714,17.458091735839844,False
2025-10-30 00:00:00,TLI,3.0,2.7527378,5.0,5.0,17.458091735839844,False
2025-10-30 01:00:00,TLI,5.0,3.9827747,6.1666665,6.166666666666667,17.458091735839844,False
2025-10-30 02:00:00,TLI,3.0,2.8102708,4.9166665,4.916666666666667,17.458091735839844,False
2025-10-30 03:00:00,TLI,3.0,3.8240376,5.928571,5.928571428571429,17.458091735839844,False
2025-10-30 04:00:00,TLI,1.0,3.3090951,5.5,5.5,17.458091735839844,False
2025-10-30 05:00:00,TLI,0.0,0.060088396,2.5,2.5,17.458091735839844,False
2025-10-30 06:00:00,TLI,0.0,-0.9583099,2.0,2.0,17.458091735839844,False
2025-10-30 07:00:00,TLI,1.0,-0.9488609,2.7857144,2.7857142857142856,17.458091735839844,False
2025-10-30 08:00:00,TLI,4.0,2.8343992,7.642857,7.642857142857143,17.458091735839844,False
2025-10-30 09:00:00,TLI,9.0,13.398859,19.214285,19.214285714285715,17.458091735839844,False
2025-10-30 10:00:00,TLI,21.0,29.739223,36.785713,36.785714285714285,17.458091735839844,False
2025-10-30 11:00:00,TLI,48.0,45.248875,49.57143,49.57142857142857,17.458091735839844,False
2025-10-30 12:00:00,TLI,70.0,66.457855,57.357143,57.357142857142854,17.458091735839844,False
2025-10-30 13:00:00,TLI,86.0,82.77216,63.285713,63.285714285714285,17.458091735839844,False
2025-10-30 14:00:00,TLI,83.0,93.25475,67.14286,67.14285714285714,17.458091735839844,False
2025-10-30 15:00:00,TLI,80.0,94.95523,64.21429,64.21428571428571,17.458091735839844,False
2025-10-30 16:00:00,TLI,86.0,87.79419,56.642857,56.642857142857146,17.458091735839844,False
2025-10-30 17:00:00,TLI,69.0,76.17711,45.785713,45.785714285714285,17.458091735839844,False
2025-10-30 18:00:00,TLI,37.0,57.2545,29.928572,29.928571428571427,17.458091735839844,True
2025-10-30 19:00:00,TLI,22.0,37.52259,20.142857,20.142857142857142,17.458091735839844,False
2025-10-30 20:00:00,TLI,9.0,25.631432,17.785715,17.785714285714285,17.458091735839844,False
2025-10-30 21:00:00,TLI,2.0,12.4207945,10.285714,10.285714285714286,17.458091735839844,False
2025-10-30 22:00:00,TLI,1.0,5.9658794,7.0,7.0,17.458091735839844,False
2025-10-30 23:00:00,TLI,1.0,3.2909307,5.0,5.0,17.458091735839844,False
2025-10-31 00:00:00,TLI,1.0,3.4471653,4.9166665,4.916666666666667,17.458091735839844,False
2025-10-31 01:00:00,TLI,2.0,4.876361,6.4166665,6.416666666666667,17.458091735839844,False
2025-10-31 02:00:00,TLI,1.0,3.721247,4.8333335,4.833333333333333,17.458091735839844,False
2025-10-31 03:00:00,TLI,2.0,5.015745,5.642857,5.642857142857143,17.458091735839844,False
2025-10-31 04:00:00,TLI,1.0,4.8103466,5.285714,5.285714285714286,17.458091735839844,False
2025-10-31 05:00:00,TLI,2.0,1.9505134,2.4285715,2.4285714285714284,17.458091735839844,False
2025-10-31 06:00:00,TLI,2.0,1.1164869,1.9285715,1.9285714285714286,17.458091735839844,False
2025-10-31 07:00:00,TLI,2.0,1.2657672,2.7142856,2.7142857142857144,17.458091735839844,False
2025-10-31 08:00:00,TLI,4.0,5.531264,7.714286,7.714285714285714,17.458091735839844,False
2025-10-31 09:00:00,TLI,10.0,16.672373,19.214285,19.214285714285715,17.458091735839844,False
2025-10-31 10:00:00,TLI,31.0,34.87254,36.285713,36.285714285714285,17.458091735839844,False
2025-10-31 11:00:00,TLI,52.0,54.895725,48.785713,48.785714285714285,17.458091735839844,False
2025-10-31 12:00:00,TLI,62.0,75.29422,57.357143,57.357142857142854,17.458091735839844,False
2025-10-31 14:00:00,TLI,76.0,91.48426,66.85714,66.85714285714286,17.458091735839844,False
2025-10-31 15:00:00,TLI,76.0,87.933525,63.42857,63.42857142857143,17.458091735839844,False
2025-10-31 16:00:00,TLI,76.0,82.365875,57.42857,57.42857142857143,17.458091735839844,False
2025-10-31 17:00:00,TLI,67.0,69.15473,45.5,45.5,17.458091735839844,False
2025-10-31 18:00:00,TLI,38.0,48.39068,29.428572,29.428571428571427,17.458091735839844,False
2025-10-31 19:00:00,TLI,20.0,29.489351,20.214285,20.214285714285715,17.458091735839844,False
2025-10-31 20:00:00,TLI,10.0,17.666994,16.785715,16.785714285714285,17.458091735839844,False
2025-10-31 21:00:00,TLI,2.0,6.732769,10.071428,10.071428571428571,17.458091735839844,False
2025-10-31 22:00:00,TLI,4.0,2.7559333,7.0,7.0,17.458091735839844,False
2025-10-31 23:00:00,TLI,5.0,0.90779066,5.071429,5.071428571428571,17.458091735839844,False
2025-11-01 03:00:00,TLI,2.0,8.029178,5.357143,5.357142857142857,17.458091735839844,False
2025-11-01 04:00:00,TLI,2.0,4.82538,5.142857,5.142857142857143,17.458091735839844,False
2025-11-01 05:00:00,TLI,2.0,2.1152923,2.5714285,2.5714285714285716,17.458091735839844,False
2025-11-01 06:00:00,TLI,1.0,1.2949641,2.0714285,2.0714285714285716,17.458091735839844,False
2025-11-01 07:00:00,TLI,1.0,1.3099602,2.7142856,2.7142857142857144,17.458091735839844,False
2025-11-01 08:00:00,TLI,2.0,5.756896,7.642857,7.642857142857143,17.458091735839844,False
2025-11-01 09:00:00,TLI,6.0,16.480068,18.642857,18.642857142857142,17.458091735839844,False
2025-11-01 10:00:00,TLI,31.0,34.449245,35.142857,35.142857142857146,17.458091735839844,False
2025-11-01 11:00:00,TLI,56.0,54.005104,48.0,48.0,17.458091735839844,False
2025-11-01 12:00:00,TLI,63.0,72.3903,56.642857,56.642857142857146,17.458091735839844,False
2025-11-01 13:00:00,TLI,74.0,82.539856,62.692307,62.69230769230769,17.458091735839844,False
2025-11-01 14:00:00,TLI,77.0,87.38632,66.35714,66.35714285714286,17.458091735839844,False
2025-11-01 15:00:00,TLI,70.0,84.80767,62.92857,62.92857142857143,17.458091735839844,False
2025-11-01 16:00:00,TLI,65.0,78.6582,57.57143,57.57142857142857,17.458091735839844,False
2025-11-01 17:00:00,TLI,62.0,65.26944,46.642857,46.642857142857146,17.458091735839844,False
2025-11-01 18:00:00,TLI,46.0,45.38166,29.357143,29.357142857142858,17.458091735839844,False
2025-11-01 19:00:00,TLI,37.0,29.549868,20.571428,20.571428571428573,17.458091735839844,False
2025-11-01 20:00:00,TLI,18.0,21.34567,16.428572,16.428571428571427,17.458091735839844,False
2025-11-01 21:00:00,TLI,5.0,9.687408,8.5,8.5,17.458091735839844,False
2025-11-01 22:00:00,TLI,2.0,4.234174,6.5,6.5,17.458091735839844,False
2025-11-01 23:00:00,TLI,4.0,1.3821363,4.571429,4.571428571428571,17.458091735839844,False
2025-11-02 00:00:00,TLI,5.0,1.0660973,3.090909,3.090909090909091,17.458091735839844,False
2025-11-02 01:00:00,TLI,4.0,3.970846,4.3636365,4.363636363636363,17.458091735839844,False
2025-11-02 02:00:00,TLI,2.0,4.2066746,3.8181818,3.8181818181818183,17.458091735839844,False
2025-11-02 03:00:00,TLI,1.0,6.4880924,5.142857,5.142857142857143,17.458091735839844,False
2025-11-02 04:00:00,TLI,1.0,6.3709383,4.5,4.5,17.458091735839844,False
2025-11-02 05:00:00,TLI,0.0,4.980331,2.642857,2.642857142857143,17.458091735839844,False
2025-11-02 06:00:00,TLI,0.0,4.654362,2.0714285,2.0714285714285716,17.458091735839844,False
2025-11-02 07:00:00,TLI,14.0,5.379074,2.7142856,2.7142857142857144,17.458091735839844,False
2025-11-02 08:00:00,TLI,26.0,12.361366,7.428571,7.428571428571429,17.458091735839844,False
2025-11-02 09:00:00,TLI,38.0,28.033018,17.357143,17.357142857142858,17.458091735839844,False
2025-11-02 10:00:00,TLI,41.0,49.992126,34.357143,34.357142857142854,17.458091735839844,False
2025-11-02 11:00:00,TLI,40.0,63.73474,48.0,48.0,17.458091735839844,True
2025-11-02 13:00:00,TLI,53.0,74.85509,62.846153,62.84615384615385,17.458091735839844,True
2025-11-02 14:00:00,TLI,59.0,77.822914,66.42857,66.42857142857143,17.458091735839844,True
2025-11-02 15:00:00,TLI,57.0,75.07413,63.214287,63.214285714285715,17.458091735839844,True
2025-11-02 16:00:00,TLI,54.0,75.1145,59.357143,59.357142857142854,17.458091735839844,True
2025-11-02 17:00:00,TLI,42.0,66.79252,49.0,49.0,17.458091735839844,True
2025-11-02 18:00:00,TLI,31.0,47.067776,30.928572,30.928571428571427,17.458091735839844,False
2025-11-02 19:00:00,TLI,28.0,33.789886,22.071428,22.071428571428573,17.458091735839844,False
2025-11-02 20:00:00,TLI,24.0,25.134655,16.357143,16.357142857142858,17.458091735839844,False
2025-11-02 21:00:00,TLI,26.0,15.747963,8.357142,8.357142857142858,17.458091735839844,False
2025-11-02 22:00:00,TLI,26.0,14.369399,6.5,6.5,17.458091735839844,False
2025-11-02 23:00:00,TLI,27.0,12.146948,4.714286,4.714285714285714,17.458091735839844,False
2025-11-03 00:00:00,TLI,29.0,10.443068,3.090909,3.090909090909091,17.458091735839844,True
2025-11-03 01:00:00,TLI,28.0,12.104335,4.4545455,4.454545454545454,17.458091735839844,False
2025-11-03 02:00:00,TLI,28.0,12.307166,3.8181818,3.8181818181818183,17.458091735839844,False
2025-11-03 03:00:00,TLI,24.0,13.700048,5.071429,5.071428571428571,17.458091735839844,False
2025-11-03 04:00:00,TLI,25.0,13.517105,4.428571,4.428571428571429,17.458091735839844,False
2025-11-03 05:00:00,TLI,18.0,11.034247,2.5,2.5,17.458091735839844,False
2025-11-03 06:00:00,TLI,11.0,8.34601,1.8571428,1.8571428571428572,17.458091735839844,False
2025-11-03 07:00:00,TLI,15.0,8.7631035,3.142857,3.142857142857143,17.458091735839844,False
2025-11-03 08:00:00,TLI,18.0,12.923689,8.071428,8.071428571428571,17.458091735839844,False
2025-11-03 09:00:00,TLI,28.0,23.234539,17.785715,17.785714285714285,17.458091735839844,False
2025-11-03 14:00:00,TLI,73.0,74.65409,67.14286,67.14285714285714,17.458091735839844,False
2025-11-03 15:00:00,TLI,78.0,73.57558,63.92857,63.92857142857143,17.458091735839844,False
2025-11-03 16:00:00,TLI,63.0,77.99704,60.285713,60.285714285714285,17.458091735839844,False
2025-11-03 17:00:00,TLI,48.0,70.51397,49.285713,49.285714285714285,17.458091735839844,True
2025-11-03 18:00:00,TLI,31.0,50.68668,31.0,31.0,17.458091735839844,True
2025-11-03 19:00:00,TLI,25.0,35.777023,22.071428,22.071428571428573,17.458091735839844,False
2025-11-03 20:00:00,TLI,25.0,24.190182,16.642857,16.642857142857142,17.458091735839844,False
2025-11-03 21:00:00,TLI,20.0,15.130384,9.428572,9.428571428571429,17.458091735839844,False
2025-11-03 22:00:00,TLI,20.0,12.310898,7.285714,7.285714285714286,17.458091735839844,False
2025-11-03 23:00:00,TLI,17.0,10.293347,5.642857,5.642857142857143,17.458091735839844,False
2025-11-04 00:00:00,TLI,14.0,10.381403,5.25,5.25,17.458091735839844,False
2025-11-04 01:00:00,TLI,12.0,12.535744,6.4166665,6.416666666666667,17.458091735839844,False
2025-11-04 02:00:00,TLI,11.0,12.416895,5.8333335,5.833333333333333,17.458091735839844,False
2025-11-04 03:00:00,TLI,11.0,11.281429,4.714286,4.714285714285714,17.458091735839844,False
2025-11-04 04:00:00,TLI,14.0,10.786581,4.214286,4.214285714285714,17.458091735839844,False
2025-11-04 05:00:00,TLI,11.0,8.366046,2.7142856,2.7142857142857144,17.458091735839844,False
2025-11-04 06:00:00,TLI,10.0,6.0321474,1.9285715,1.9285714285714286,17.458091735839844,False
2025-11-04 07:00:00,TLI,9.0,6.8403015,3.7142856,3.7142857142857144,17.458091735839844,False
2025-11-04 08:00:00,TLI,8.0,11.219158,8.142858,8.142857142857142,17.458091735839844,False
2025-11-04 09:00:00,TLI,10.0,20.691013,17.857143,17.857142857142858,17.458091735839844,False
2025-11-04 10:00:00,TLI,16.0,37.921436,33.692307,33.69230769230769,17.458091735839844,True
2025-11-04 11:00:00,TLI,36.0,54.834576,47.384617,47.38461538461539,17.458091735839844,True
2025-11-04 14:00:00,TLI,88.0,91.67715,68.85714,68.85714285714286,17.458091735839844,False
2025-11-04 15:00:00,TLI,78.0,90.13872,65.85714,65.85714285714286,17.458091735839844,False
2025-11-04 16:00:00,TLI,70.0,86.80793,61.42857,61.42857142857143,17.458091735839844,False
2025-11-04 17:00:00,TLI,65.0,75.99805,50.285713,50.285714285714285,17.458091735839844,False
2025-11-04 18:00:00,TLI,32.0,53.49009,31.428572,31.428571428571427,17.458091735839844,True
2025-11-04 19:00:00,TLI,14.0,36.70814,22.5,22.5,17.458091735839844,True
2025-11-04 20:00:00,TLI,11.0,25.757578,17.357143,17.357142857142858,17.458091735839844,False
2025-11-04 21:00:00,TLI,9.0,14.877274,10.214286,10.214285714285714,17.458091735839844,False
2025-11-04 22:00:00,TLI,12.0,9.903433,8.0,8.0,17.458091735839844,False
2025-11-04 23:00:00,TLI,16.0,7.39872,5.857143,5.857142857142857,17.458091735839844,False
2025-11-05 00:00:00,TLI,14.0,8.103487,6.25,6.25,17.458091735839844,False
2025-11-05 01:00:00,TLI,10.0,8.445589,7.0833335,7.083333333333333,17.458091735839844,False
2025-11-05 02:00:00,TLI,11.0,8.243424,6.5,6.5,17.458091735839844,False
2025-11-05 03:00:00,TLI,12.0,7.3836403,5.285714,5.285714285714286,17.458091735839844,False
2025-11-05 04:00:00,TLI,9.0,6.8693576,5.142857,5.142857142857143,17.458091735839844,False
2025-11-05 05:00:00,TLI,3.0,4.8950076,3.4285715,3.4285714285714284,17.458091735839844,False
2025-11-05 06:00:00,TLI,4.0,3.1623259,2.642857,2.642857142857143,17.458091735839844,False
2025-11-05 07:00:00,TLI,4.0,3.8936615,4.214286,4.214285714285714,17.458091735839844,False
2025-11-05 08:00:00,TLI,4.0,7.2893925,8.357142,8.357142857142858,17.458091735839844,False
2025-11-05 09:00:00,TLI,13.0,16.715395,17.714285,17.714285714285715,17.458091735839844,False
2025-11-05 10:00:00,TLI,30.0,32.126263,31.923077,31.923076923076923,17.458091735839844,False
2025-11-05 11:00:00,TLI,49.0,51.886135,46.307693,46.30769230769231,17.458091735839844,False
2025-11-05 12:00:00,TLI,66.0,74.88715,57.636364,57.63636363636363,17.458091735839844,False
2025-11-05 13:00:00,TLI,65.0,90.281105,64.90909,64.9090909090909,17.458091735839844,True
2025-11-05 14:00:00,TLI,71.0,95.93471,69.78571,69.78571428571429,17.458091735839844,True
2025-11-05 15:00:00,TLI,73.0,94.29524,68.0,68.0,17.458091735839844,True
2025-11-05 16:00:00,TLI,71.0,90.23367,64.14286,64.14285714285714,17.458091735839844,True
2025-11-05 17:00:00,TLI,55.0,77.35207,53.0,53.0,17.458091735839844,True
2025-11-05 18:00:00,TLI,31.0,51.617813,32.57143,32.57142857142857,17.458091735839844,True
2025-11-05 19:00:00,TLI,19.0,31.196686,22.357143,22.357142857142858,17.458091735839844,False
2025-11-05 20:00:00,TLI,9.0,19.37993,17.071428,17.071428571428573,17.458091735839844,False
2025-11-05 21:00:00,TLI,17.0,8.479838,9.928572,9.928571428571429,17.458091735839844,False
2025-11-05 22:00:00,TLI,6.0,5.3985834,8.0,8.0,17.458091735839844,False
2025-11-05 23:00:00,TLI,6.0,3.8093812,6.357143,6.357142857142857,17.458091735839844,False
2025-11-06 00:00:00,TLI,5.0,4.9130163,6.9166665,6.916666666666667,17.458091735839844,False
2025-11-06 01:00:00,TLI,5.0,6.5299053,7.5,7.5,17.458091735839844,False
2025-11-06 02:00:00,TLI,4.0,6.460125,6.6666665,6.666666666666667,17.458091735839844,False
2025-11-06 03:00:00,TLI,6.0,5.634781,5.285714,5.285714285714286,17.458091735839844,False
2025-11-06 04:00:00,TLI,2.0,5.8939867,5.071429,5.071428571428571,17.458091735839844,False
2025-11-06 05:00:00,TLI,1.0,3.8322294,3.4285715,3.4285714285714284,17.458091735839844,False
2025-11-06 06:00:00,TLI,1.0,2.4245763,2.857143,2.857142857142857,17.458091735839844,False
2025-11-06 07:00:00,TLI,2.0,2.7393587,4.285714,4.285714285714286,17.458091735839844,False
2025-11-06 08:00:00,TLI,3.0,5.3466997,7.928571,7.928571428571429,17.458091735839844,False
2025-11-06 09:00:00,TLI,9.0,13.519578,17.142857,17.142857142857142,17.458091735839844,False
2025-11-06 10:00:00,TLI,28.0,28.306334,32.307693,32.30769230769231,17.458091735839844,False
2025-11-06 11:00:00,TLI,47.0,47.24795,47.846153,47.84615384615385,17.458091735839844,False
2025-11-06 12:00:00,TLI,76.0,67.83775,61.090908,61.09090909090909,17.458091735839844,False
2025-11-06 13:00:00,TLI,90.0,86.48535,67.90909,67.9090909090909,17.458091735839844,False
2025-11-06 14:00:00,TLI,100.0,97.82275,72.42857,72.42857142857143,17.458091735839844,False
2025-11-06 15:00:00,TLI,102.0,99.42867,70.92857,70.92857142857143,17.458091735839844,False
2025-11-06 16:00:00,TLI,97.0,98.13003,67.14286,67.14285714285714,17.458091735839844,False
2025-11-06 17:00:00,TLI,87.0,86.496284,55.142857,55.142857142857146,17.458091735839844,False
2025-11-06 18:00:00,TLI,33.0,60.65422,33.642857,33.642857142857146,17.458091735839844,True
2025-11-06 19:00:00,TLI,22.0,36.214924,22.857143,22.857142857142858,17.458091735839844,False
2025-11-06 20:00:00,TLI,3.0,21.441473,16.714285,16.714285714285715,17.458091735839844,True
2025-11-06 21:00:00,TLI,2.0,9.295256,10.428572,10.428571428571429,17.458091735839844,False
2025-11-06 22:00:00,TLI,16.0,4.8794794,7.714286,7.714285714285714,17.458091735839844,False
2025-11-06 23:00:00,TLI,6.0,3.9662237,6.428571,6.428571428571429,17.458091735839844,False
2025-11-07 00:00:00,TLI,7.0,5.213444,7.1666665,7.166666666666667,17.458091735839844,False
2025-11-07 01:00:00,TLI,6.0,8.303596,7.8333335,7.833333333333333,17.458091735839844,False
2025-11-07 02:00:00,TLI,4.0,8.506441,7.0,7.0,17.458091735839844,False
2025-11-07 03:00:00,TLI,2.0,8.036953,5.642857,5.642857142857143,17.458091735839844,False
2025-11-07 04:00:00,TLI,2.0,5.6773987,5.142857,5.142857142857143,17.458091735839844,False
2025-11-07 05:00:00,TLI,2.0,3.3303165,3.4285715,3.4285714285714284,17.458091735839844,False
2025-11-07 06:00:00,TLI,2.0,2.1650279,2.857143,2.857142857142857,17.458091735839844,False
2025-11-07 07:00:00,TLI,2.0,2.750967,4.285714,4.285714285714286,17.458091735839844,False
2025-11-07 08:00:00,TLI,5.0,4.683035,7.142857,7.142857142857143,17.458091735839844,False
2025-11-07 09:00:00,TLI,9.0,12.366354,16.357143,16.357142857142858,17.458091735839844,False
2025-11-07 10:00:00,TLI,38.0,28.42908,32.23077,32.23076923076923,17.458091735839844,False
2025-11-07 11:00:00,TLI,62.0,50.078426,48.615383,48.61538461538461,17.458091735839844,False
2025-11-07 12:00:00,TLI,80.0,76.59282,63.454544,63.45454545454545,17.458091735839844,False
2025-11-07 13:00:00,TLI,91.0,95.99326,70.63636,70.63636363636364,17.458091735839844,False
2025-11-07 14:00:00,TLI,98.0,104.74551,75.21429,75.21428571428571,17.458091735839844,False
2025-11-07 15:00:00,TLI,102.0,105.24952,73.85714,73.85714285714286,17.458091735839844,False
2025-11-07 16:00:00,TLI,98.0,102.383865,69.78571,69.78571428571429,17.458091735839844,False
2025-11-07 17:00:00,TLI,81.0,90.59279,58.07143,58.07142857142857,17.458091735839844,False
2025-11-07 18:00:00,TLI,44.0,64.315285,34.357143,34.357142857142854,17.458091735839844,True
2025-11-07 19:00:00,TLI,27.0,39.902767,23.571428,23.571428571428573,17.458091735839844,False
2025-11-07 20:00:00,TLI,16.0,25.485062,16.142857,16.142857142857142,17.458091735839844,False
2025-11-07 21:00:00,TLI,8.0,11.543939,10.142858,10.142857142857142,17.458091735839844,False
2025-11-07 22:00:00,TLI,12.0,6.6044917,8.5,8.5,17.458091735839844,False
2025-11-07 23:00:00,TLI,7.0,4.259367,6.642857,6.642857142857143,17.458091735839844,False
2025-11-08 00:00:00,TLI,5.0,5.3891745,7.5,7.5,17.458091735839844,False
2025-11-08 01:00:00,TLI,6.0,5.7307043,7.5833335,7.583333333333333,17.458091735839844,False
2025-11-08 02:00:00,TLI,7.0,4.919504,6.4166665,6.416666666666667,17.458091735839844,False
2025-11-08 03:00:00,TLI,12.0,4.176288,5.142857,5.142857142857143,17.458091735839844,False
2025-11-08 04:00:00,TLI,2.0,4.348001,5.0,5.0,17.458091735839844,False
2025-11-08 05:00:00,TLI,1.0,3.3323188,3.5,3.5,17.458091735839844,False
2025-11-08 06:00:00,TLI,2.0,2.4359527,2.9285715,2.9285714285714284,17.458091735839844,False
2025-11-08 07:00:00,TLI,2.0,3.2111998,4.357143,4.357142857142857,17.458091735839844,False
2025-11-08 08:00:00,TLI,5.0,5.2826657,7.214286,7.214285714285714,17.458091735839844,False
2025-11-08 09:00:00,TLI,10.0,13.787523,16.285715,16.285714285714285,17.458091735839844,False
2025-11-08 10:00:00,TLI,23.0,31.776415,33.153847,33.15384615384615,17.458091735839844,False
2025-11-08 11:00:00,TLI,28.0,58.211018,49.692307,49.69230769230769,17.458091735839844,True
2025-11-08 12:00:00,TLI,54.0,89.26192,65.36364,65.36363636363636,17.458091735839844,True
2025-11-08 13:00:00,TLI,70.0,99.233444,72.72727,72.72727272727273,17.458091735839844,True
2025-11-08 14:00:00,TLI,86.0,103.27225,76.57143,76.57142857142857,17.458091735839844,False
2025-11-08 15:00:00,TLI,96.0,101.65126,74.71429,74.71428571428571,17.458091735839844,False
2025-11-08 16:00:00,TLI,85.0,97.71828,69.85714,69.85714285714286,17.458091735839844,False
2025-11-08 17:00:00,TLI,79.0,86.62012,57.857143,57.857142857142854,17.458091735839844,False
2025-11-08 18:00:00,TLI,43.0,60.000008,33.785713,33.785714285714285,17.458091735839844,False
2025-11-08 19:00:00,TLI,24.0,38.235462,23.571428,23.571428571428573,17.458091735839844,False
2025-11-08 20:00:00,TLI,17.0,21.425705,16.928572,16.928571428571427,17.458091735839844,False
2025-11-08 21:00:00,TLI,4.0,10.475654,10.642858,10.642857142857142,17.458091735839844,False
2025-11-08 22:00:00,TLI,7.0,6.681693,9.071428,9.071428571428571,17.458091735839844,False
2025-11-08 23:00:00,TLI,3.0,4.0462084,6.857143,6.857142857142857,17.458091735839844,False
2025-11-09 00:00:00,TLI,4.0,4.5080414,7.3333335,7.333333333333333,17.458091735839844,False
2025-11-09 01:00:00,TLI,6.0,4.854514,7.5,7.5,17.458091735839844,False
2025-11-09 02:00:00,TLI,8.0,4.6724205,6.8333335,6.833333333333333,17.458091735839844,False
2025-11-09 03:00:00,TLI,3.0,4.292897,5.928571,5.928571428571429,17.458091735839844,False
2025-11-09 04:00:00,TLI,7.0,3.8949711,5.071429,5.071428571428571,17.458091735839844,False
2025-11-09 05:00:00,TLI,2.0,2.8489017,3.5,3.5,17.458091735839844,False
2025-11-09 06:00:00,TLI,4.0,2.3458798,3.0,3.0,17.458091735839844,False
2025-11-09 07:00:00,TLI,2.0,2.9194984,4.357143,4.357142857142857,17.458091735839844,False
2025-11-09 08:00:00,TLI,3.0,5.2304463,7.357143,7.357142857142857,17.458091735839844,False
2025-11-09 09:00:00,TLI,14.0,13.771067,16.071428,16.071428571428573,17.458091735839844,False
2025-11-09 10:00:00,TLI,44.0,32.269756,31.615385,31.615384615384617,17.458091735839844,False
2025-11-09 11:00:00,TLI,58.0,57.32087,47.307693,47.30769230769231,17.458091735839844,False
2025-11-09 12:00:00,TLI,79.0,86.97326,63.636364,63.63636363636363,17.458091735839844,False
2025-11-09 13:00:00,TLI,81.0,99.293015,71.36364,71.36363636363636,17.458091735839844,True
2025-11-09 14:00:00,TLI,66.0,102.85273,76.64286,76.64285714285714,17.458091735839844,True
2025-11-09 15:00:00,TLI,54.0,96.578835,75.71429,75.71428571428571,17.458091735839844,True
2025-11-09 16:00:00,TLI,50.0,87.49306,70.14286,70.14285714285714,17.458091735839844,True
2025-11-09 17:00:00,TLI,48.0,73.41162,58.642857,58.642857142857146,17.458091735839844,True
2025-11-09 18:00:00,TLI,47.0,46.380684,33.42857,33.42857142857143,17.458091735839844,False
2025-11-09 19:00:00,TLI,36.0,34.735214,22.857143,22.857142857142858,17.458091735839844,False
2025-11-09 20:00:00,TLI,34.0,25.701992,16.214285,16.214285714285715,17.458091735839844,False
2025-11-09 21:00:00,TLI,33.0,17.384018,10.571428,10.571428571428571,17.458091735839844,False
2025-11-09 22:00:00,TLI,24.0,14.443663,9.357142,9.357142857142858,17.458091735839844,False
2025-11-09 23:00:00,TLI,18.0,11.801011,6.928571,6.928571428571429,17.458091735839844,False
2025-11-10 00:00:00,TLI,25.0,11.650524,7.076923,7.076923076923077,17.458091735839844,False
2025-11-10 01:00:00,TLI,23.0,12.906334,7.3846154,7.384615384615385,17.458091735839844,False
2025-11-10 02:00:00,TLI,28.0,15.189871,6.923077,6.923076923076923,17.458091735839844,False
2025-11-10 03:00:00,TLI,28.0,15.076729,6.0,6.0,17.458091735839844,False
2025-11-10 04:00:00,TLI,18.0,13.910942,5.214286,5.214285714285714,17.458091735839844,False
2025-11-10 05:00:00,TLI,10.0,10.931925,3.2857144,3.2857142857142856,17.458091735839844,False
2025-11-10 06:00:00,TLI,1.0,9.260058,2.9285715,2.9285714285714284,17.458091735839844,False
2025-11-10 07:00:00,TLI,2.0,6.7792706,4.142857,4.142857142857143,17.458091735839844,False
2025-11-10 08:00:00,TLI,4.0,5.941994,7.0,7.0,17.458091735839844,False
2025-11-10 09:00:00,TLI,21.0,8.928019,15.285714,15.285714285714286,17.458091735839844,False
2025-11-10 10:00:00,TLI,17.0,17.802801,31.615385,31.615384615384617,17.458091735839844,False
2025-11-10 11:00:00,TLI,20.0,27.398657,46.692307,46.69230769230769,17.458091735839844,False
2025-11-10 12:00:00,TLI,23.0,42.361504,64.72727,64.72727272727273,17.458091735839844,True
2025-11-10 13:00:00,TLI,21.0,47.096077,71.545456,71.54545454545455,17.458091735839844,True
2025-11-10 14:00:00,TLI,15.0,51.019943,75.64286,75.64285714285714,17.458091735839844,True
2025-11-10 15:00:00,TLI,16.0,50.61931,73.92857,73.92857142857143,17.458091735839844,True
2025-11-10 16:00:00,TLI,15.0,48.00373,68.92857,68.92857142857143,17.458091735839844,True
2025-11-10 17:00:00,TLI,13.0,40.66236,58.285713,58.285714285714285,17.458091735839844,True
2025-11-10 18:00:00,TLI,15.0,19.832981,34.214287,34.214285714285715,17.458091735839844,False
2025-11-10 19:00:00,TLI,20.0,11.838457,23.5,23.5,17.458091735839844,False
2025-11-10 20:00:00,TLI,19.0,7.3679495,16.714285,16.714285714285715,17.458091735839844,False
2025-11-10 21:00:00,TLI,16.0,4.3792095,11.571428,11.571428571428571,17.458091735839844,False
2025-11-10 22:00:00,TLI,12.0,5.461161,10.642858,10.642857142857142,17.458091735839844,False
2025-11-10 23:00:00,TLI,9.0,4.6405773,8.142858,8.142857142857142,17.458091735839844,False
2025-11-11 00:00:00,TLI,8.0,7.5105495,8.846154,8.846153846153847,17.458091735839844,False
2025-11-11 01:00:00,TLI,3.0,10.124836,8.769231,8.76923076923077,17.458091735839844,False
2025-11-11 02:00:00,TLI,5.0,11.80461,8.846154,8.846153846153847,17.458091735839844,False
2025-11-11 03:00:00,TLI,4.0,11.095441,7.714286,7.714285714285714,17.458091735839844,False
2025-11-11 04:00:00,TLI,1.0,8.843184,6.142857,6.142857142857143,17.458091735839844,False
2025-11-11 05:00:00,TLI,0.0,4.841563,3.9285715,3.9285714285714284,17.458091735839844,False
2025-11-11 06:00:00,TLI,0.0,1.6642714,2.857143,2.857142857142857,17.458091735839844,False
2025-11-11 07:00:00,TLI,1.0,0.8855121,4.142857,4.142857142857143,17.458091735839844,False
2025-11-11 08:00:00,TLI,4.0,2.343874,7.071429,7.071428571428571,17.458091735839844,False
2025-11-11 09:00:00,TLI,8.0,10.347359,16.142857,16.142857142857142,17.458091735839844,False
2025-11-11 10:00:00,TLI,22.0,24.934626,30.538462,30.53846153846154,17.458091735839844,False
2025-11-11 11:00:00,TLI,31.0,39.274876,44.76923,44.76923076923077,17.458091735839844,False
2025-11-11 12:00:00,TLI,45.0,56.364807,61.545456,61.54545454545455,17.458091735839844,False
2025-11-11 13:00:00,TLI,54.0,62.934216,67.36364,67.36363636363636,17.458091735839844,False
2025-11-11 14:00:00,TLI,58.0,71.10153,72.07143,72.07142857142857,17.458091735839844,False
2025-11-11 15:00:00,TLI,62.0,75.90638,70.85714,70.85714285714286,17.458091735839844,False
2025-11-11 16:00:00,TLI,63.0,82.41073,66.5,66.5,17.458091735839844,True
2025-11-11 17:00:00,TLI,59.0,71.67758,56.357143,56.357142857142854,17.458091735839844,False
2025-11-11 18:00:00,TLI,32.0,42.7723,33.42857,33.42857142857143,17.458091735839844,False
2025-11-11 19:00:00,TLI,12.0,22.898632,23.857143,23.857142857142858,17.458091735839844,False
2025-11-11 20:00:00,TLI,10.0,8.682522,16.285715,16.285714285714285,17.458091735839844,False
2025-11-11 21:00:00,TLI,4.0,2.5145388,12.142858,12.142857142857142,17.458091735839844,False
2025-11-11 22:00:00,TLI,8.0,1.9500437,11.285714,11.285714285714286,17.458091735839844,False
2025-11-11 23:00:00,TLI,4.0,-0.1385107,8.642858,8.642857142857142,17.458091735839844,False
2025-11-12 00:00:00,TLI,4.0,1.1898537,9.307693,9.307692307692308,17.458091735839844,False
2025-11-12 01:00:00,TLI,7.0,1.3236079,8.538462,8.538461538461538,17.458091735839844,False
2025-11-12 02:00:00,TLI,3.0,2.5465665,8.692307,8.692307692307692,17.458091735839844,False
2025-11-12 03:00:00,TLI,2.0,2.285946,7.928571,7.928571428571429,17.458091735839844,False
2025-11-12 04:00:00,TLI,2.0,0.7138252,6.142857,6.142857142857143,17.458091735839844,False
2025-11-12 05:00:00,TLI,1.0,-1.9797812,3.857143,3.857142857142857,17.458091735839844,False
2025-11-12 06:00:00,TLI,1.0,-3.493564,2.7857144,2.7857142857142856,17.458091735839844,False
2025-11-12 07:00:00,TLI,2.0,-2.981349,4.142857,4.142857142857143,17.458091735839844,False
2025-11-12 08:00:00,TLI,4.0,-1.5322771,7.214286,7.214285714285714,17.458091735839844,False
2025-11-12 09:00:00,TLI,11.0,4.316414,15.714286,15.714285714285714,17.458091735839844,False
2025-11-12 10:00:00,TLI,31.0,14.28428,29.76923,29.76923076923077,17.458091735839844,False
2025-11-12 11:00:00,TLI,57.0,25.463709,44.0,44.0,17.458091735839844,True
2025-11-12 12:00:00,TLI,74.0,50.02477,60.363636,60.36363636363637,17.458091735839844,True
2025-11-12 13:00:00,TLI,82.0,68.999275,66.545456,66.54545454545455,17.458091735839844,False
2025-11-12 14:00:00,TLI,99.0,78.91092,71.14286,71.14285714285714,17.458091735839844,True
2025-11-12 15:00:00,TLI,90.0,85.70869,70.85714,70.85714285714286,17.458091735839844,False
2025-11-12 16:00:00,TLI,77.0,86.43984,66.71429,66.71428571428571,17.458091735839844,False
2025-11-12 17:00:00,TLI,51.0,76.97511,57.5,57.5,17.458091735839844,True
2025-11-12 18:00:00,TLI,23.0,42.07486,34.214287,34.214285714285715,17.458091735839844,True
2025-11-12 19:00:00,TLI,12.0,17.87892,23.285715,23.285714285714285,17.458091735839844,False
2025-11-12 20:00:00,TLI,12.0,5.4564476,15.785714,15.785714285714286,17.458091735839844,False
2025-11-12 21:00:00,TLI,5.0,0.011336327,11.857142,11.857142857142858,17.458091735839844,False
2025-11-12 22:00:00,TLI,3.0,-0.21427155,11.5,11.5,17.458091735839844,False
2025-11-13 03:00:00,TLI,3.0,7.557492,8.0,8.0,17.458091735839844,False
2025-11-13 04:00:00,TLI,5.0,1.6738424,6.214286,6.214285714285714,17.458091735839844,False
2025-11-13 05:00:00,TLI,3.0,-1.1113217,3.7857144,3.7857142857142856,17.458091735839844,False
2025-11-13 06:00:00,TLI,3.0,-3.0773942,2.7857144,2.7857142857142856,17.458091735839844,False
2025-11-13 07:00:00,TLI,3.0,-3.3027549,4.214286,4.214285714285714,17.458091735839844,False
2025-11-13 08:00:00,TLI,3.0,-2.9870596,6.714286,6.714285714285714,17.458091735839844,False
2025-11-13 09:00:00,TLI,5.0,1.173728,14.0,14.0,17.458091735839844,False
2025-11-13 10:00:00,TLI,16.0,11.437422,28.692308,28.692307692307693,17.458091735839844,False
2025-11-13 11:00:00,TLI,39.0,23.309647,44.923077,44.92307692307692,17.458091735839844,False
2025-11-13 12:00:00,TLI,53.0,39.67624,62.909092,62.90909090909091,17.458091735839844,False
2025-11-13 13:00:00,TLI,58.0,47.20185,69.72727,69.72727272727273,17.458091735839844,False
2025-11-13 14:00:00,TLI,80.0,55.722374,74.92857,74.92857142857143,17.458091735839844,True
2025-11-13 15:00:00,TLI,100.0,64.45264,73.85714,73.85714285714286,17.458091735839844,True
2025-11-13 16:00:00,TLI,63.0,78.01263,69.28571,69.28571428571429,17.458091735839844,False
2025-11-13 17:00:00,TLI,40.0,74.54812,59.0,59.0,17.458091735839844,True
2025-11-13 18:00:00,TLI,18.0,38.56673,34.5,34.5,17.458091735839844,True
2025-11-13 19:00:00,TLI,6.0,17.234356,22.714285,22.714285714285715,17.458091735839844,False
2025-11-13 20:00:00,TLI,3.0,6.8763638,15.5,15.5,17.458091735839844,False
2025-11-13 21:00:00,TLI,1.0,1.8904305,10.928572,10.928571428571429,17.458091735839844,False
2025-11-13 22:00:00,TLI,3.0,2.8638105,10.928572,10.928571428571429,17.458091735839844,False
2025-11-13 23:00:00,TLI,8.0,2.395114,9.461538,9.461538461538462,17.458091735839844,False
2025-11-14 00:00:00,TLI,4.0,3.9888015,10.083333,10.083333333333334,17.458091735839844,False
2025-11-14 01:00:00,TLI,1.0,4.235475,9.333333,9.333333333333334,17.458091735839844,False
2025-11-14 02:00:00,TLI,1.0,5.1544514,9.333333,9.333333333333334,17.458091735839844,False
2025-11-14 03:00:00,TLI,1.0,4.4333963,8.0,8.0,17.458091735839844,False
2025-11-14 04:00:00,TLI,2.0,3.3537252,6.5,6.5,17.458091735839844,False
2025-11-14 05:00:00,TLI,1.0,0.7490177,4.0,4.0,17.458091735839844,False
2025-11-14 06:00:00,TLI,2.0,-0.62918735,3.0,3.0,17.458091735839844,False
2025-11-14 07:00:00,TLI,2.0,-0.16773129,4.357143,4.357142857142857,17.458091735839844,False
2025-11-14 08:00:00,TLI,4.0,0.8224735,6.642857,6.642857142857143,17.458091735839844,False
2025-11-14 09:00:00,TLI,8.0,6.3767657,13.714286,13.714285714285714,17.458091735839844,False
2025-11-14 10:00:00,TLI,21.0,19.328054,28.307692,28.307692307692307,17.458091735839844,False
2025-11-14 11:00:00,TLI,33.0,37.323193,44.23077,44.23076923076923,17.458091735839844,False
2025-11-14 12:00:00,TLI,55.0,59.545273,61.363636,61.36363636363637,17.458091735839844,False
2025-11-14 13:00:00,TLI,59.0,71.13501,67.181816,67.18181818181819,17.458091735839844,False
2025-11-14 14:00:00,TLI,59.0,79.73242,74.71429,74.71428571428571,17.458091735839844,True
2025-11-14 15:00:00,TLI,51.0,76.351166,75.28571,75.28571428571429,17.458091735839844,True
2025-11-14 16:00:00,TLI,58.0,66.90004,67.64286,67.64285714285714,17.458091735839844,False
2025-11-14 17:00:00,TLI,42.0,56.73436,56.92857,56.92857142857143,17.458091735839844,False
2025-11-14 18:00:00,TLI,10.0,33.077152,33.142857,33.142857142857146,17.458091735839844,True
2025-11-14 19:00:00,TLI,11.0,15.772184,21.571428,21.571428571428573,17.458091735839844,False
2025-11-14 20:00:00,TLI,8.0,6.743593,15.071428,15.071428571428571,17.458091735839844,False
2025-11-14 21:00:00,TLI,4.0,2.0160036,10.857142,10.857142857142858,17.458091735839844,False
2025-11-14 22:00:00,TLI,2.0,2.818591,11.071428,11.071428571428571,17.458091735839844,False
2025-11-14 23:00:00,TLI,2.0,2.4197936,10.0,10.0,17.458091735839844,False
2025-11-15 00:00:00,TLI,2.0,3.5141735,10.333333,10.333333333333334,17.458091735839844,False
2025-11-15 01:00:00,TLI,3.0,3.2146258,9.25,9.25,17.458091735839844,False
2025-11-15 02:00:00,TLI,4.0,4.1796174,9.333333,9.333333333333334,17.458091735839844,False
2025-11-15 03:00:00,TLI,2.0,3.5000558,7.928571,7.928571428571429,17.458091735839844,False
2025-11-15 04:00:00,TLI,2.0,2.9480655,6.571429,6.571428571428571,17.458091735839844,False
2025-11-15 05:00:00,TLI,2.0,0.7524209,3.9285715,3.9285714285714284,17.458091735839844,False
2025-11-15 06:00:00,TLI,2.0,-0.37386346,3.0,3.0,17.458091735839844,False
2025-11-15 07:00:00,TLI,3.0,0.045409203,4.357143,4.357142857142857,17.458091735839844,False
2025-11-15 08:00:00,TLI,3.0,0.987319,6.642857,6.642857142857143,17.458091735839844,False
2025-11-15 09:00:00,TLI,8.0,6.1864295,13.571428,13.571428571428571,17.458091735839844,False
2025-11-15 10:00:00,TLI,22.0,17.517664,27.538462,27.53846153846154,17.458091735839844,False
2025-11-15 11:00:00,TLI,48.0,33.676434,42.76923,42.76923076923077,17.458091735839844,False
2025-11-15 12:00:00,TLI,49.0,57.694393,60.727272,60.72727272727273,17.458091735839844,False
2025-11-15 13:00:00,TLI,58.0,69.57726,66.5,66.5,17.458091735839844,False
2025-11-15 14:00:00,TLI,67.0,74.75973,73.5,73.5,17.458091735839844,False
2025-11-15 15:00:00,TLI,88.0,69.66974,73.5,73.5,17.458091735839844,True
2025-11-15 16:00:00,TLI,78.0,71.1695,66.35714,66.35714285714286,17.458091735839844,False
2025-11-15 17:00:00,TLI,45.0,64.436134,55.142857,55.142857142857146,17.458091735839844,True
2025-11-15 18:00:00,TLI,18.0,33.273697,31.142857,31.142857142857142,17.458091735839844,False
2025-11-15 19:00:00,TLI,11.0,12.771121,20.928572,20.928571428571427,17.458091735839844,False
2025-11-15 20:00:00,TLI,12.0,4.4101267,14.928572,14.928571428571429,17.458091735839844,False
2025-11-15 21:00:00,TLI,4.0,-0.11725235,11.0,11.0,17.458091735839844,False
2025-11-15 22:00:00,TLI,3.0,0.31176376,10.928572,10.928571428571429,17.458091735839844,False
2025-11-15 23:00:00,TLI,3.0,-0.122504234,9.769231,9.76923076923077,17.458091735839844,False
2025-11-16 00:00:00,TLI,3.0,0.6151705,9.692307,9.692307692307692,17.458091735839844,False
2025-11-16 01:00:00,TLI,3.0,0.7744756,8.769231,8.76923076923077,17.458091735839844,False
2025-11-16 02:00:00,TLI,3.0,1.9476819,8.923077,8.923076923076923,17.458091735839844,False
2025-11-16 03:00:00,TLI,3.0,1.8128452,7.928571,7.928571428571429,17.458091735839844,False
2025-11-16 04:00:00,TLI,3.0,1.0641646,6.571429,6.571428571428571,17.458091735839844,False
2025-11-16 05:00:00,TLI,3.0,-1.3759692,3.9285715,3.9285714285714284,17.458091735839844,False
2025-11-16 06:00:00,TLI,3.0,-2.453101,3.0714285,3.0714285714285716,17.458091735839844,False
2025-11-16 07:00:00,TLI,3.0,-1.757307,4.5,4.5,17.458091735839844,False
2025-11-16 08:00:00,TLI,4.0,-0.6664977,6.714286,6.714285714285714,17.458091735839844,False
2025-11-16 09:00:00,TLI,13.0,4.7922926,13.714286,13.714285714285714,17.458091735839844,False
2025-11-16 10:00:00,TLI,35.0,18.139378,26.846153,26.846153846153847,17.458091735839844,False
2025-11-16 11:00:00,TLI,66.0,40.453808,42.153847,42.15384615384615,17.458091735839844,True
2025-11-16 12:00:00,TLI,71.0,68.86209,59.454544,59.45454545454545,17.458091735839844,False
2025-11-16 13:00:00,TLI,72.0,74.26987,65.166664,65.16666666666667,17.458091735839844,False
2025-11-16 14:00:00,TLI,60.0,79.78009,72.78571,72.78571428571429,17.458091735839844,True
2025-11-16 15:00:00,TLI,60.0,77.280045,74.78571,74.78571428571429,17.458091735839844,False
2025-11-16 16:00:00,TLI,62.0,67.69366,67.28571,67.28571428571429,17.458091735839844,False
2025-11-16 17:00:00,TLI,50.0,56.568188,53.92857,53.92857142857143,17.458091735839844,False
2025-11-16 18:00:00,TLI,27.0,31.740376,29.142857,29.142857142857142,17.458091735839844,False
2025-11-16 19:00:00,TLI,11.0,14.78413,19.071428,19.071428571428573,17.458091735839844,False
2025-11-16 20:00:00,TLI,14.0,5.5794086,14.5,14.5,17.458091735839844,False
2025-11-16 21:00:00,TLI,2.0,0.7592449,10.928572,10.928571428571429,17.458091735839844,False
2025-11-16 22:00:00,TLI,3.0,1.12288,11.0,11.0,17.458091735839844,False
2025-11-16 23:00:00,TLI,3.0,0.2835474,9.692307,9.692307692307692,17.458091735839844,False
2025-11-17 00:00:00,TLI,2.0,0.9644699,9.538462,9.538461538461538,17.458091735839844,False
2025-11-17 01:00:00,TLI,2.0,1.2164984,8.692307,8.692307692307692,17.458091735839844,False
2025-11-17 02:00:00,TLI,2.0,2.7208982,9.0,9.0,17.458091735839844,False
2025-11-17 03:00:00,TLI,2.0,2.8104138,8.071428,8.071428571428571,17.458091735839844,False
2025-11-17 04:00:00,TLI,2.0,2.0041595,6.714286,6.714285714285714,17.458091735839844,False
2025-11-17 05:00:00,TLI,2.0,-0.25244284,4.142857,4.142857142857143,17.458091735839844,False
2025-11-17 06:00:00,TLI,2.0,-1.4474547,3.2857144,3.2857142857142856,17.458091735839844,False
2025-11-17 07:00:00,TLI,2.0,-2.2523692,3.7142856,3.7142857142857144,17.458091735839844,False
2025-11-17 08:00:00,TLI,4.0,-3.0467887,5.142857,5.142857142857143,17.458091735839844,False
2025-11-17 09:00:00,TLI,14.0,0.9903126,11.928572,11.928571428571429,17.458091735839844,False
2025-11-17 10:00:00,TLI,35.0,13.789341,26.384615,26.384615384615383,17.458091735839844,True
2025-11-17 11:00:00,TLI,62.0,35.86755,44.153847,44.15384615384615,17.458091735839844,True
2025-11-17 12:00:00,TLI,73.0,65.25778,60.416668,60.416666666666664,17.458091735839844,False
2025-11-17 13:00:00,TLI,72.0,75.43328,66.75,66.75,17.458091735839844,False
2025-11-17 14:00:00,TLI,67.0,80.47108,72.85714,72.85714285714286,17.458091735839844,False
2025-11-17 15:00:00,TLI,76.0,87.10045,75.0,75.0,17.458091735839844,False
2025-11-17 16:00:00,TLI,85.0,87.32166,67.85714,67.85714285714286,17.458091735839844,False
2025-11-17 17:00:00,TLI,74.0,76.49385,54.5,54.5,17.458091735839844,False
2025-11-17 18:00:00,TLI,33.0,41.461975,28.857143,28.857142857142858,17.458091735839844,False
2025-11-17 19:00:00,TLI,28.0,12.375826,17.857143,17.857142857142858,17.458091735839844,False
2025-11-17 20:00:00,TLI,3.0,2.323783,13.785714,13.785714285714286,17.458091735839844,False
2025-11-17 21:00:00,TLI,3.0,-4.564559,9.214286,9.214285714285714,17.458091735839844,False
2025-11-17 22:00:00,TLI,7.0,-4.7689943,9.357142,9.357142857142858,17.458091735839844,False
2025-11-17 23:00:00,TLI,3.0,-5.570644,7.8461537,7.846153846153846,17.458091735839844,False
2025-11-18 00:00:00,TLI,2.0,-5.1326942,7.4615383,7.461538461538462,17.458091735839844,False
2025-11-18 01:00:00,TLI,2.0,-4.8893633,6.6923075,6.6923076923076925,17.458091735839844,False
2025-11-18 02:00:00,TLI,2.0,-3.5346642,7.0,7.0,17.458091735839844,False
2025-11-18 03:00:00,TLI,2.0,-3.0189419,6.5,6.5,17.458091735839844,False
2025-11-18 04:00:00,TLI,2.0,-3.350263,5.071429,5.071428571428571,17.458091735839844,False
2025-11-18 05:00:00,TLI,2.0,-4.652654,3.0,3.0,17.458091735839844,False
2025-11-18 06:00:00,TLI,2.0,-4.792285,2.642857,2.642857142857143,17.458091735839844,False
2025-11-18 07:00:00,TLI,2.0,-5.168359,2.7857144,2.7857142857142856,17.458091735839844,False
2025-11-18 08:00:00,TLI,3.0,-5.0250125,4.142857,4.142857142857143,17.458091735839844,False
2025-11-18 09:00:00,TLI,9.0,-0.6059923,10.928572,10.928571428571429,17.458091735839844,False
2025-11-18 10:00:00,TLI,45.0,11.885182,27.0,27.0,17.458091735839844,True
2025-11-18 11:00:00,TLI,68.0,32.57919,45.42857,45.42857142857143,17.458091735839844,True
2025-11-18 12:00:00,TLI,78.0,51.125412,61.384617,61.38461538461539,17.458091735839844,True
2025-11-18 13:00:00,TLI,79.0,56.211838,67.15385,67.15384615384616,17.458091735839844,True
2025-11-18 14:00:00,TLI,85.0,62.526516,72.42857,72.42857142857143,17.458091735839844,True
2025-11-18 15:00:00,TLI,81.0,67.18419,74.85714,74.85714285714286,17.458091735839844,False
2025-11-18 16:00:00,TLI,77.0,63.434597,69.42857,69.42857142857143,17.458091735839844,False
2025-11-18 17:00:00,TLI,48.0,55.616398,56.357143,56.357142857142854,17.458091735839844,False
2025-11-18 18:00:00,TLI,25.0,23.35875,29.0,29.0,17.458091735839844,False
2025-11-18 19:00:00,TLI,15.0,5.1012325,18.071428,18.071428571428573,17.458091735839844,False
2025-11-18 20:00:00,TLI,4.0,-2.1883469,12.214286,12.214285714285714,17.458091735839844,False
2025-11-18 21:00:00,TLI,2.0,-6.1114054,8.0,8.0,17.458091735839844,False
2025-11-18 22:00:00,TLI,2.0,-4.588044,8.428572,8.428571428571429,17.458091735839844,False
2025-11-18 23:00:00,TLI,2.0,-5.1099033,6.769231,6.769230769230769,17.458091735839844,False
2025-11-19 03:00:00,TLI,2.0,4.656577,5.857143,5.857142857142857,17.458091735839844,False
2025-11-19 04:00:00,TLI,2.0,-1.2788353,4.214286,4.214285714285714,17.458091735839844,False
2025-11-19 05:00:00,TLI,2.0,-3.5672593,2.357143,2.357142857142857,17.458091735839844,False
2025-11-19 06:00:00,TLI,2.0,-4.1731358,2.0714285,2.0714285714285716,17.458091735839844,False
2025-11-19 07:00:00,TLI,2.0,-4.8658323,2.2857144,2.2857142857142856,17.458091735839844,False
2025-11-19 08:00:00,TLI,3.0,-4.8045635,3.7857144,3.7857142857142856,17.458091735839844,False
2025-11-19 09:00:00,TLI,5.0,0.037555695,10.857142,10.857142857142858,17.458091735839844,False
2025-11-19 10:00:00,TLI,23.0,14.604644,29.071428,29.071428571428573,17.458091735839844,False
2025-11-19 11:00:00,TLI,40.0,32.829742,47.714287,47.714285714285715,17.458091735839844,False
2025-11-19 12:00:00,TLI,52.0,48.875717,62.57143,62.57142857142857,17.458091735839844,False
2025-11-19 13:00:00,TLI,58.0,55.814392,68.0,68.0,17.458091735839844,False
2025-11-19 14:00:00,TLI,58.0,63.114586,72.21429,72.21428571428571,17.458091735839844,False
2025-11-19 15:00:00,TLI,58.0,73.25707,75.07143,75.07142857142857,17.458091735839844,False
2025-11-19 16:00:00,TLI,54.0,72.41508,69.92857,69.92857142857143,17.458091735839844,True
2025-11-19 17:00:00,TLI,37.0,61.106087,55.142857,55.142857142857146,17.458091735839844,True
2025-11-19 18:00:00,TLI,17.0,29.266369,28.5,28.5,17.458091735839844,False
2025-11-19 19:00:00,TLI,13.0,12.449953,18.142857,18.142857142857142,17.458091735839844,False
2025-11-19 20:00:00,TLI,8.0,3.2894268,11.714286,11.714285714285714,17.458091735839844,False
2025-11-19 21:00:00,TLI,6.0,-1.4471512,7.5,7.5,17.458091735839844,False
2025-11-19 22:00:00,TLI,6.0,-0.7380419,7.714286,7.714285714285714,17.458091735839844,False
2025-11-19 23:00:00,TLI,2.0,-1.9430408,5.6923075,5.6923076923076925,17.458091735839844,False
2025-11-20 00:00:00,TLI,2.0,-1.0629311,5.9166665,5.916666666666667,17.458091735839844,False
2025-11-20 01:00:00,TLI,2.0,-0.7474241,5.5833335,5.583333333333333,17.458091735839844,False
2025-11-20 02:00:00,TLI,3.0,0.4174633,5.9166665,5.916666666666667,17.458091735839844,False
2025-11-20 03:00:00,TLI,2.0,0.9592266,5.142857,5.142857142857143,17.458091735839844,False
2025-11-20 04:00:00,TLI,1.0,0.38721943,3.7142856,3.7142857142857144,17.458091735839844,False
2025-11-20 05:00:00,TLI,1.0,-0.57253313,2.2857144,2.2857142857142856,17.458091735839844,False
2025-11-20 06:00:00,TLI,2.0,-1.1695704,1.9285715,1.9285714285714286,17.458091735839844,False
2025-11-20 07:00:00,TLI,2.0,-1.8185446,2.142857,2.142857142857143,17.458091735839844,False
2025-11-20 08:00:00,TLI,3.0,-1.5861537,3.7142856,3.7142857142857144,17.458091735839844,False
2025-11-20 09:00:00,TLI,10.0,2.9806266,10.285714,10.285714285714286,17.458091735839844,False
2025-11-20 10:00:00,TLI,21.0,18.331104,28.571428,28.571428571428573,17.458091735839844,False
2025-11-20 11:00:00,TLI,45.0,35.416565,47.07143,47.07142857142857,17.458091735839844,False
2025-11-20 12:00:00,TLI,61.0,53.255714,61.57143,61.57142857142857,17.458091735839844,False
2025-11-20 13:00:00,TLI,84.0,66.227585,67.5,67.5,17.458091735839844,True
2025-11-20 14:00:00,TLI,95.0,70.16862,71.28571,71.28571428571429,17.458091735839844,True
2025-11-20 15:00:00,TLI,93.0,81.5259,74.0,74.0,17.458091735839844,False
2025-11-20 16:00:00,TLI,87.0,81.657036,68.71429,68.71428571428571,17.458091735839844,False
2025-11-20 17:00:00,TLI,80.0,69.66139,53.857143,53.857142857142854,17.458091735839844,False
2025-11-20 18:00:00,TLI,38.0,41.105545,27.5,27.5,17.458091735839844,False
2025-11-20 19:00:00,TLI,18.0,11.841639,17.714285,17.714285714285715,17.458091735839844,False
2025-11-20 20:00:00,TLI,12.0,0.807353,11.642858,11.642857142857142,17.458091735839844,False
2025-11-20 21:00:00,TLI,2.0,-5.395051,6.714286,6.714285714285714,17.458091735839844,False
2025-11-20 22:00:00,TLI,2.0,-3.9180927,7.714286,7.714285714285714,17.458091735839844,False
2025-11-20 23:00:00,TLI,11.0,-4.9113917,5.3846154,5.384615384615385,17.458091735839844,False
2025-11-21 00:00:00,TLI,6.0,-3.3762012,5.6666665,5.666666666666667,17.458091735839844,False
2025-11-21 01:00:00,TLI,2.0,-2.184176,5.3333335,5.333333333333333,17.458091735839844,False
2025-11-21 02:00:00,TLI,2.0,0.2853694,5.8333335,5.833333333333333,17.458091735839844,False
2025-11-21 03:00:00,TLI,6.0,1.0561333,4.857143,4.857142857142857,17.458091735839844,False
2025-11-21 04:00:00,TLI,6.0,2.2733517,3.642857,3.642857142857143,17.458091735839844,False
2025-11-21 05:00:00,TLI,2.0,2.6262584,2.2857144,2.2857142857142856,17.458091735839844,False
2025-11-21 06:00:00,TLI,2.0,1.3949735,2.0,2.0,17.458091735839844,False
2025-11-21 07:00:00,TLI,2.0,-0.021189451,2.142857,2.142857142857143,17.458091735839844,False
2025-11-21 08:00:00,TLI,3.0,-1.0258968,3.7142856,3.7142857142857144,17.458091735839844,False
2025-11-21 09:00:00,TLI,6.0,2.5276833,10.357142,10.357142857142858,17.458091735839844,False
2025-11-21 10:00:00,TLI,20.0,17.632702,28.071428,28.071428571428573,17.458091735839844,False
2025-11-21 11:00:00,TLI,54.0,41.42067,46.92857,46.92857142857143,17.458091735839844,False
2025-11-21 12:00:00,TLI,74.0,61.050083,60.5,60.5,17.458091735839844,False
2025-11-21 13:00:00,TLI,86.0,67.14589,67.07143,67.07142857142857,17.458091735839844,True
2025-11-21 14:00:00,TLI,90.0,72.70516,70.92857,70.92857142857143,17.458091735839844,False
2025-11-21 15:00:00,TLI,90.0,77.63825,73.35714,73.35714285714286,17.458091735839844,False
2025-11-21 16:00:00,TLI,81.0,76.96534,68.0,68.0,17.458091735839844,False
2025-11-21 17:00:00,TLI,51.0,63.7577,53.357143,53.357142857142854,17.458091735839844,False
2025-11-21 18:00:00,TLI,33.0,34.40637,27.857143,27.857142857142858,17.458091735839844,False
2025-11-21 19:00:00,TLI,19.0,20.530506,17.428572,17.428571428571427,17.458091735839844,False
2025-11-21 20:00:00,TLI,8.0,14.256439,12.285714,12.285714285714286,17.458091735839844,False
2025-11-21 21:00:00,TLI,3.0,6.1377378,6.714286,6.714285714285714,17.458091735839844,False
2025-11-21 22:00:00,TLI,2.0,4.034954,6.714286,6.714285714285714,17.458091735839844,False
2025-11-21 23:00:00,TLI,5.0,5.400274,5.769231,5.769230769230769,17.458091735839844,False
2025-11-22 00:00:00,TLI,0.0,8.694564,5.5833335,5.583333333333333,17.458091735839844,False
2025-11-22 01:00:00,TLI,11.0,9.82608,5.0,5.0,17.458091735839844,False
2025-11-22 02:00:00,TLI,17.0,9.298417,5.6666665,5.666666666666667,17.458091735839844,False
2025-11-22 03:00:00,TLI,4.0,8.806536,5.142857,5.142857142857143,17.458091735839844,False
2025-11-22 04:00:00,TLI,2.0,8.151523,3.9285715,3.9285714285714284,17.458091735839844,False
2025-11-22 05:00:00,TLI,4.0,7.435459,2.2857144,2.2857142857142856,17.458091735839844,False
2025-11-22 06:00:00,TLI,2.0,5.786336,2.0,2.0,17.458091735839844,False
2025-11-22 07:00:00,TLI,3.0,4.0137534,2.142857,2.142857142857143,17.458091735839844,False
2025-11-22 08:00:00,TLI,8.0,2.0338724,3.5714285,3.5714285714285716,17.458091735839844,False
2025-11-22 09:00:00,TLI,20.0,2.8054771,10.142858,10.142857142857142,17.458091735839844,False
2025-11-22 10:00:00,TLI,46.0,13.115673,26.785715,26.785714285714285,17.458091735839844,True
2025-11-22 11:00:00,TLI,57.0,29.12777,46.357143,46.357142857142854,17.458091735839844,True
2025-11-22 12:00:00,TLI,64.0,40.857536,60.07143,60.07142857142857,17.458091735839844,True
2025-11-22 13:00:00,TLI,70.0,45.505608,66.71429,66.71428571428571,17.458091735839844,True
2025-11-22 14:00:00,TLI,76.0,52.20059,70.35714,70.35714285714286,17.458091735839844,True
2025-11-22 15:00:00,TLI,66.0,61.84147,72.5,72.5,17.458091735839844,False
2025-11-22 16:00:00,TLI,50.0,59.679672,66.78571,66.78571428571429,17.458091735839844,False
2025-11-22 17:00:00,TLI,36.0,44.39803,51.214287,51.214285714285715,17.458091735839844,False
2025-11-22 18:00:00,TLI,24.0,18.982254,27.071428,27.071428571428573,17.458091735839844,False
2025-11-22 19:00:00,TLI,18.0,9.642738,16.857143,16.857142857142858,17.458091735839844,False
2025-11-22 20:00:00,TLI,19.0,5.890529,11.714286,11.714285714285714,17.458091735839844,False
2025-11-22 21:00:00,TLI,8.0,2.5695493,6.357143,6.357142857142857,17.458091735839844,False
2025-11-22 22:00:00,TLI,9.0,4.0984163,6.0,6.0,17.458091735839844,False
2025-11-22 23:00:00,TLI,8.0,5.30562,5.6153846,5.615384615384615,17.458091735839844,False
2025-11-23 00:00:00,TLI,5.0,5.525914,5.1666665,5.166666666666667,17.458091735839844,False
2025-11-23 01:00:00,TLI,5.0,6.579795,5.4166665,5.416666666666667,17.458091735839844,False
2025-11-23 02:00:00,TLI,1.0,7.954917,6.5,6.5,17.458091735839844,False
2025-11-23 03:00:00,TLI,6.0,7.2040596,4.571429,4.571428571428571,17.458091735839844,False
2025-11-23 04:00:00,TLI,2.0,7.0431385,3.9285715,3.9285714285714284,17.458091735839844,False
2025-11-23 05:00:00,TLI,1.0,6.198593,2.5,2.5,17.458091735839844,False
2025-11-23 06:00:00,TLI,2.0,6.5220647,2.0,2.0,17.458091735839844,False
2025-11-23 07:00:00,TLI,1.0,5.7970824,2.2142856,2.2142857142857144,17.458091735839844,False
2025-11-23 08:00:00,TLI,3.0,4.721477,3.7857144,3.7857142857142856,17.458091735839844,False
2025-11-23 09:00:00,TLI,12.0,7.0672197,10.857142,10.857142857142858,17.458091735839844,False
2025-11-23 10:00:00,TLI,27.0,18.94097,28.428572,28.428571428571427,17.458091735839844,False
2025-11-23 11:00:00,TLI,38.0,33.09361,48.42857,48.42857142857143,17.458091735839844,False
2025-11-23 12:00:00,TLI,48.0,39.86297,60.785713,60.785714285714285,17.458091735839844,False
2025-11-23 13:00:00,TLI,52.0,44.34801,66.71429,66.71428571428571,17.458091735839844,False
2025-11-23 14:00:00,TLI,53.0,48.568535,69.64286,69.64285714285714,17.458091735839844,False
2025-11-23 15:00:00,TLI,50.0,51.85544,70.35714,70.35714285714286,17.458091735839844,False
2025-11-23 16:00:00,TLI,47.0,50.53996,64.28571,64.28571428571429,17.458091735839844,False
2025-11-23 17:00:00,TLI,36.0,39.62586,48.142857,48.142857142857146,17.458091735839844,False
2025-11-23 18:00:00,TLI,20.0,18.200886,25.714285,25.714285714285715,17.458091735839844,False
2025-11-23 19:00:00,TLI,8.0,7.861992,16.428572,16.428571428571427,17.458091735839844,False
2025-11-23 20:00:00,TLI,5.0,2.8531485,11.857142,11.857142857142858,17.458091735839844,False
2025-11-23 21:00:00,TLI,4.0,-2.3212113,6.642857,6.642857142857143,17.458091735839844,False
2025-11-23 22:00:00,TLI,4.0,-1.7956319,6.142857,6.142857142857143,17.458091735839844,False
2025-11-23 23:00:00,TLI,2.0,-0.3146882,6.0,6.0,17.458091735839844,False
2025-11-24 00:00:00,TLI,2.0,-0.10845041,5.25,5.25,17.458091735839844,False
2025-11-24 01:00:00,TLI,2.0,0.8829093,5.3333335,5.333333333333333,17.458091735839844,False
2025-11-24 02:00:00,TLI,2.0,2.5174048,5.9166665,5.916666666666667,17.458091735839844,False
2025-11-24 03:00:00,TLI,2.0,2.628163,4.785714,4.785714285714286,17.458091735839844,False
2025-11-24 04:00:00,TLI,2.0,2.837893,3.5714285,3.5714285714285716,17.458091735839844,False
2025-11-24 05:00:00,TLI,2.0,2.3396592,2.4285715,2.4285714285714284,17.458091735839844,False
2025-11-24 06:00:00,TLI,2.0,2.0530164,1.8571428,1.8571428571428572,17.458091735839844,False
2025-11-24 07:00:00,TLI,2.0,2.1180096,2.142857,2.142857142857143,17.458091735839844,False
2025-11-24 08:00:00,TLI,2.0,3.0744548,3.7857144,3.7857142857142856,17.458091735839844,False
2025-11-24 09:00:00,TLI,5.0,8.9741,10.714286,10.714285714285714,17.458091735839844,False
2025-11-24 10:00:00,TLI,22.0,23.831596,27.214285,27.214285714285715,17.458091735839844,False
2025-11-24 11:00:00,TLI,55.0,38.923088,47.0,47.0,17.458091735839844,False
2025-11-24 12:00:00,TLI,70.0,47.798042,58.57143,58.57142857142857,17.458091735839844,True
2025-11-24 13:00:00,TLI,77.0,56.064552,64.64286,64.64285714285714,17.458091735839844,True
2025-11-24 14:00:00,TLI,87.0,71.78321,68.71429,68.71428571428571,17.458091735839844,False
2025-11-24 15:00:00,TLI,89.0,84.292305,70.07143,70.07142857142857,17.458091735839844,False
2025-11-24 16:00:00,TLI,92.0,85.263016,64.07143,64.07142857142857,17.458091735839844,False
2025-11-24 17:00:00,TLI,78.0,72.107925,47.285713,47.285714285714285,17.458091735839844,False
2025-11-24 18:00:00,TLI,40.0,46.959038,23.785715,23.785714285714285,17.458091735839844,False
2025-11-24 19:00:00,TLI,10.0,21.046162,14.428572,14.428571428571429,17.458091735839844,False
2025-11-24 20:00:00,TLI,27.0,8.866172,9.785714,9.785714285714286,17.458091735839844,True
2025-11-24 21:00:00,TLI,10.0,0.2259655,4.571429,4.571428571428571,17.458091735839844,False
2025-11-24 22:00:00,TLI,5.0,-0.6930442,4.714286,4.714285714285714,17.458091735839844,False
2025-11-24 23:00:00,TLI,3.0,-0.16935682,4.769231,4.769230769230769,17.458091735839844,False
2025-11-25 14:00:00,TLI,107.0,86.96287,73.85714,73.85714285714286,17.458091735839844,True
2025-11-25 15:00:00,TLI,110.0,101.39597,75.28571,75.28571428571429,17.458091735839844,False
2025-11-25 16:00:00,TLI,108.0,98.903275,69.57143,69.57142857142857,17.458091735839844,False
2025-11-25 17:00:00,TLI,99.0,81.031235,51.92857,51.92857142857143,17.458091735839844,True
2025-11-25 18:00:00,TLI,56.0,50.79374,25.571428,25.571428571428573,17.458091735839844,False
2025-11-25 19:00:00,TLI,25.0,23.96997,13.714286,13.714285714285714,17.458091735839844,False
2025-11-25 20:00:00,TLI,22.0,14.370579,10.357142,10.357142857142858,17.458091735839844,False
2025-11-25 21:00:00,TLI,14.0,7.625349,4.142857,4.142857142857143,17.458091735839844,False
2025-11-25 22:00:00,TLI,4.0,7.672099,4.214286,4.214285714285714,17.458091735839844,False
2025-11-25 23:00:00,TLI,10.0,6.911757,4.3076925,4.3076923076923075,17.458091735839844,False
2025-11-26 00:00:00,TLI,15.0,6.9915714,2.909091,2.909090909090909,17.458091735839844,False
2025-11-26 01:00:00,TLI,7.0,10.290876,3.6363637,3.6363636363636362,17.458091735839844,False
2025-11-26 02:00:00,TLI,6.0,11.670865,3.6363637,3.6363636363636362,17.458091735839844,False
2025-11-26 03:00:00,TLI,9.0,10.634129,2.8461537,2.8461538461538463,17.458091735839844,False
2025-11-26 04:00:00,TLI,8.0,10.768224,2.5384614,2.5384615384615383,17.458091735839844,False
2025-11-26 05:00:00,TLI,1.0,8.772966,2.0,2.0,17.458091735839844,False
2025-11-26 06:00:00,TLI,1.0,7.9306355,2.0769231,2.076923076923077,17.458091735839844,False
2025-11-26 07:00:00,TLI,1.0,6.77841,2.2307692,2.230769230769231,17.458091735839844,False
2025-11-26 08:00:00,TLI,2.0,7.0300035,3.6153846,3.6153846153846154,17.458091735839844,False
2025-11-26 09:00:00,TLI,13.0,11.994952,9.692307,9.692307692307692,17.458091735839844,False
2025-11-26 10:00:00,TLI,24.0,32.353394,28.0,28.0,17.458091735839844,False
2025-11-26 11:00:00,TLI,54.0,57.962578,50.923077,50.92307692307692,17.458091735839844,False
2025-11-26 12:00:00,TLI,60.0,78.65288,63.23077,63.23076923076923,17.458091735839844,True
2025-11-26 13:00:00,TLI,64.0,91.78207,69.76923,69.76923076923077,17.458091735839844,True
2025-11-26 14:00:00,TLI,71.0,98.9286,77.35714,77.35714285714286,17.458091735839844,True
2025-11-26 15:00:00,TLI,66.0,98.13446,78.71429,78.71428571428571,17.458091735839844,True
2025-11-26 16:00:00,TLI,50.0,84.13684,72.78571,72.78571428571429,17.458091735839844,True
2025-11-26 17:00:00,TLI,36.0,59.160713,54.785713,54.785714285714285,17.458091735839844,True
2025-11-26 18:00:00,TLI,24.0,24.848688,27.285715,27.285714285714285,17.458091735839844,False
2025-11-26 19:00:00,TLI,21.0,13.429801,14.642858,14.642857142857142,17.458091735839844,False
2025-11-26 20:00:00,TLI,18.0,11.8131275,11.214286,11.214285714285714,17.458091735839844,False
2025-11-26 21:00:00,TLI,15.0,6.392583,4.857143,4.857142857142857,17.458091735839844,False
2025-11-26 22:00:00,TLI,16.0,6.3940525,3.9285715,3.9285714285714284,17.458091735839844,False
2025-11-26 23:00:00,TLI,24.0,10.067913,4.769231,4.769230769230769,17.458091735839844,False
2025-11-27 00:00:00,TLI,20.0,11.560236,3.909091,3.909090909090909,17.458091735839844,False
2025-11-27 01:00:00,TLI,15.0,13.701893,3.6363637,3.6363636363636362,17.458091735839844,False
2025-11-27 02:00:00,TLI,26.0,15.978866,3.909091,3.909090909090909,17.458091735839844,False
2025-11-27 03:00:00,TLI,25.0,16.76384,3.3846154,3.3846153846153846,17.458091735839844,False
2025-11-27 04:00:00,TLI,14.0,16.975628,3.0,3.0,17.458091735839844,False
2025-11-27 05:00:00,TLI,11.0,15.554638,2.0,2.0,17.458091735839844,False
2025-11-27 06:00:00,TLI,2.0,13.108724,2.0769231,2.076923076923077,17.458091735839844,False
2025-11-27 07:00:00,TLI,5.0,7.9625664,2.1538463,2.1538461538461537,17.458091735839844,False
2025-11-27 08:00:00,TLI,7.0,3.8605418,3.4615386,3.4615384615384617,17.458091735839844,False
2025-11-27 09:00:00,TLI,17.0,6.1563854,9.846154,9.846153846153847,17.458091735839844,False
2025-11-27 10:00:00,TLI,27.0,20.122059,27.461538,27.46153846153846,17.458091735839844,False
2025-11-27 11:00:00,TLI,33.0,41.319767,50.692307,50.69230769230769,17.458091735839844,False
2025-11-27 12:00:00,TLI,39.0,51.4912,62.153847,62.15384615384615,17.458091735839844,False
2025-11-27 13:00:00,TLI,39.0,53.99057,68.38461,68.38461538461539,17.458091735839844,False
2025-11-27 14:00:00,TLI,40.0,56.29297,75.35714,75.35714285714286,17.458091735839844,False
2025-11-27 15:00:00,TLI,37.0,57.392006,77.0,77.0,17.458091735839844,True
2025-11-27 16:00:00,TLI,27.0,52.050423,70.85714,70.85714285714286,17.458091735839844,True
2025-11-27 17:00:00,TLI,22.0,37.557064,53.714287,53.714285714285715,17.458091735839844,False
2025-11-27 18:00:00,TLI,16.0,13.770776,27.357143,27.357142857142858,17.458091735839844,False
2025-11-27 19:00:00,TLI,15.0,3.9515085,15.285714,15.285714285714286,17.458091735839844,False
2025-11-27 20:00:00,TLI,15.0,1.299551,11.642858,11.642857142857142,17.458091735839844,False
2025-11-27 21:00:00,TLI,18.0,-3.066896,5.571429,5.571428571428571,17.458091735839844,True
2025-11-27 22:00:00,TLI,15.0,-1.8796349,4.857143,4.857142857142857,17.458091735839844,False
2025-11-27 23:00:00,TLI,16.0,1.2166452,6.142857,6.142857142857143,17.458091735839844,False
2025-11-28 00:00:00,TLI,24.0,3.4093847,5.25,5.25,17.458091735839844,True
2025-11-28 01:00:00,TLI,22.0,7.412401,4.5833335,4.583333333333333,17.458091735839844,False
2025-11-28 02:00:00,TLI,19.0,12.176339,5.75,5.75,17.458091735839844,False
2025-11-28 03:00:00,TLI,24.0,13.546452,5.076923,5.076923076923077,17.458091735839844,False
2025-11-28 04:00:00,TLI,10.0,14.43244,3.6923077,3.6923076923076925,17.458091735839844,False
2025-11-28 05:00:00,TLI,6.0,13.083372,2.6153846,2.6153846153846154,17.458091735839844,False
2025-11-28 06:00:00,TLI,2.0,8.507294,2.0,2.0,17.458091735839844,False
2025-11-28 07:00:00,TLI,1.0,3.9980142,2.3076923,2.3076923076923075,17.458091735839844,False
2025-11-28 08:00:00,TLI,5.0,0.79530334,3.7692308,3.769230769230769,17.458091735839844,False
2025-11-28 09:00:00,TLI,6.0,4.2834153,10.769231,10.76923076923077,17.458091735839844,False
2025-11-28 10:00:00,TLI,10.0,18.109396,28.307692,28.307692307692307,17.458091735839844,False
2025-11-28 11:00:00,TLI,16.0,36.35801,50.23077,50.23076923076923,17.458091735839844,True
2025-11-28 12:00:00,TLI,20.0,43.18278,61.076923,61.07692307692308,17.458091735839844,True
2025-11-28 13:00:00,TLI,24.0,45.81846,66.92308,66.92307692307692,17.458091735839844,True
2025-11-28 14:00:00,TLI,23.0,49.91588,72.5,72.5,17.458091735839844,True
2025-11-28 15:00:00,TLI,23.0,50.222908,72.5,72.5,17.458091735839844,True
2025-11-28 16:00:00,TLI,27.0,47.602394,68.28571,68.28571428571429,17.458091735839844,True
2025-11-28 17:00:00,TLI,21.0,33.78945,52.42857,52.42857142857143,17.458091735839844,False
2025-11-28 18:00:00,TLI,10.0,10.030746,27.214285,27.214285714285715,17.458091735839844,False
2025-11-28 19:00:00,TLI,5.0,1.1737661,15.928572,15.928571428571429,17.458091735839844,False
2025-11-28 20:00:00,TLI,8.0,-0.25063515,12.5,12.5,17.458091735839844,False
2025-11-28 21:00:00,TLI,5.0,-4.09591,6.785714,6.785714285714286,17.458091735839844,False
2025-11-28 22:00:00,TLI,8.0,-3.4227324,5.714286,5.714285714285714,17.458091735839844,False
2025-11-28 23:00:00,TLI,6.0,-0.7799983,6.714286,6.714285714285714,17.458091735839844,False
2025-11-29 00:00:00,TLI,1.0,0.86042833,6.9166665,6.916666666666667,17.458091735839844,False
2025-11-29 01:00:00,TLI,1.0,1.3682561,6.3333335,6.333333333333333,17.458091735839844,False
2025-11-29 02:00:00,TLI,4.0,3.1593122,7.25,7.25,17.458091735839844,False
2025-11-29 03:00:00,TLI,0.0,3.3071,6.8461537,6.846153846153846,17.458091735839844,False
2025-11-29 04:00:00,TLI,0.0,1.0494683,4.3076925,4.3076923076923075,17.458091735839844,False
2025-11-29 05:00:00,TLI,0.0,-0.28412414,3.0,3.0,17.458091735839844,False
2025-11-29 06:00:00,TLI,0.0,-1.7308848,2.0,2.0,17.458091735839844,False
2025-11-29 07:00:00,TLI,0.0,-2.243885,2.2307692,2.230769230769231,17.458091735839844,False
2025-11-29 08:00:00,TLI,1.0,-1.6020007,3.8461537,3.8461538461538463,17.458091735839844,False
2025-11-29 09:00:00,TLI,2.0,3.2065492,10.615385,10.615384615384615,17.458091735839844,False
2025-11-29 10:00:00,TLI,9.0,18.110476,27.461538,27.46153846153846,17.458091735839844,False
2025-11-29 11:00:00,TLI,33.0,39.293102,48.923077,48.92307692307692,17.458091735839844,False
2025-11-29 12:00:00,TLI,55.0,52.416912,58.384617,58.38461538461539,17.458091735839844,False
2025-11-29 13:00:00,TLI,64.0,63.823803,64.23077,64.23076923076923,17.458091735839844,False
2025-11-29 14:00:00,TLI,54.0,70.36584,69.92857,69.92857142857143,17.458091735839844,False
2025-11-29 15:00:00,TLI,54.0,71.3485,70.5,70.5,17.458091735839844,False
2025-11-29 16:00:00,TLI,58.0,64.82656,66.07143,66.07142857142857,17.458091735839844,False
2025-11-29 17:00:00,TLI,55.0,49.789925,50.92857,50.92857142857143,17.458091735839844,False
2025-11-29 18:00:00,TLI,29.0,27.729273,27.214285,27.214285714285715,17.458091735839844,False
2025-11-29 19:00:00,TLI,4.0,8.45855,15.5,15.5,17.458091735839844,False
2025-11-29 20:00:00,TLI,3.0,2.551629,12.5,12.5,17.458091735839844,False
2025-11-29 21:00:00,TLI,1.0,-3.165772,6.857143,6.857142857142857,17.458091735839844,False
2025-11-29 22:00:00,TLI,1.0,-2.9354014,6.142857,6.142857142857143,17.458091735839844,False
2025-11-29 23:00:00,TLI,2.0,-1.2815533,7.0,7.0,17.458091735839844,False
2025-11-30 00:00:00,TLI,3.0,-0.17760849,6.8333335,6.833333333333333,17.458091735839844,False
2025-11-30 01:00:00,TLI,5.0,0.48172855,6.1666665,6.166666666666667,17.458091735839844,False
2025-11-30 05:00:00,TLI,1.0,1.5838772,2.8461537,2.8461538461538463,17.458091735839844,False
2025-11-30 06:00:00,TLI,4.0,0.28414083,1.8461539,1.8461538461538463,17.458091735839844,False
2025-11-30 07:00:00,TLI,1.0,-0.8691907,2.0,2.0,17.458091735839844,False
2025-11-30 08:00:00,TLI,1.0,-1.6451118,3.6923077,3.6923076923076925,17.458091735839844,False
2025-11-30 09:00:00,TLI,5.0,1.6787357,10.153846,10.153846153846153,17.458091735839844,False
2025-11-30 10:00:00,TLI,23.0,12.518955,26.461538,26.46153846153846,17.458091735839844,False
2025-11-30 11:00:00,TLI,55.0,33.8385,47.76923,47.76923076923077,17.458091735839844,True
2025-11-30 12:00:00,TLI,75.0,52.06568,58.846153,58.84615384615385,17.458091735839844,True
2025-11-30 13:00:00,TLI,90.0,59.608627,64.69231,64.6923076923077,17.458091735839844,True
2025-11-30 14:00:00,TLI,99.0,71.04891,69.0,69.0,17.458091735839844,True
2025-11-30 15:00:00,TLI,104.0,81.9821,68.07143,68.07142857142857,17.458091735839844,True
2025-11-30 16:00:00,TLI,103.0,87.189255,64.64286,64.64285714285714,17.458091735839844,False
2025-11-30 17:00:00,TLI,92.0,78.57421,51.642857,51.642857142857146,17.458091735839844,False
2025-11-30 18:00:00,TLI,56.0,53.947655,28.0,28.0,17.458091735839844,False
2025-11-30 19:00:00,TLI,28.0,30.67235,15.0,15.0,17.458091735839844,False
2025-11-30 20:00:00,TLI,28.0,19.4946,11.857142,11.857142857142858,17.458091735839844,False
2025-11-30 21:00:00,TLI,21.0,8.942776,6.642857,6.642857142857143,17.458091735839844,False
2025-11-30 22:00:00,TLI,8.0,2.912367,6.0,6.0,17.458091735839844,False
2025-11-30 23:00:00,TLI,15.0,0.6027136,6.928571,6.928571428571429,17.458091735839844,False
2025-12-01 03:00:00,TLI,5.0,9.015179,7.0,7.0,17.458091735839844,False
2025-12-01 04:00:00,TLI,2.0,0.9000509,4.25,4.25,17.458091735839844,False
2025-12-01 05:00:00,TLI,1.0,-1.2980168,2.6923077,2.6923076923076925,17.458091735839844,False
2025-12-01 06:00:00,TLI,1.0,-3.3080533,1.9230769,1.9230769230769231,17.458091735839844,False
2025-12-01 07:00:00,TLI,1.0,-5.3754573,1.8461539,1.8461538461538463,17.458091735839844,False
2025-12-01 08:00:00,TLI,1.0,-6.216118,3.4615386,3.4615384615384617,17.458091735839844,False
2025-12-01 09:00:00,TLI,7.0,-3.7905712,9.538462,9.538461538461538,17.458091735839844,False
2025-12-01 10:00:00,TLI,22.0,7.7914085,25.538462,25.53846153846154,17.458091735839844,False
2025-12-01 11:00:00,TLI,41.0,25.310051,46.923077,46.92307692307692,17.458091735839844,False
2025-12-01 12:00:00,TLI,60.0,37.358696,59.153847,59.15384615384615,17.458091735839844,True
2025-12-01 13:00:00,TLI,70.0,50.037613,66.07692,66.07692307692308,17.458091735839844,True
2025-12-01 14:00:00,TLI,67.0,59.225742,71.78571,71.78571428571429,17.458091735839844,False
2025-12-01 15:00:00,TLI,74.0,68.147194,71.21429,71.21428571428571,17.458091735839844,False
2025-12-01 16:00:00,TLI,66.0,71.24018,67.57143,67.57142857142857,17.458091735839844,False
2025-12-01 17:00:00,TLI,46.0,58.204014,54.642857,54.642857142857146,17.458091735839844,False
2025-12-01 18:00:00,TLI,48.0,27.920296,30.071428,30.071428571428573,17.458091735839844,True
2025-12-01 19:00:00,TLI,26.0,11.483374,16.214285,16.214285714285715,17.458091735839844,False
2025-12-01 20:00:00,TLI,7.0,6.661238,12.857142,12.857142857142858,17.458091735839844,False
2025-12-01 21:00:00,TLI,2.0,-0.8563709,8.0,8.0,17.458091735839844,False
2025-12-01 22:00:00,TLI,2.0,-3.4728618,6.357143,6.357142857142857,17.458091735839844,False
2025-12-01 23:00:00,TLI,3.0,-1.5210886,7.785714,7.785714285714286,17.458091735839844,False
2025-12-02 00:00:00,TLI,2.0,-0.58579636,7.2727275,7.2727272727272725,17.458091735839844,False
2025-12-02 01:00:00,TLI,2.0,0.28319645,6.7272725,6.7272727272727275,17.458091735839844,False
2025-12-02 02:00:00,TLI,2.0,3.3153195,8.2,8.2,17.458091735839844,False
2025-12-02 03:00:00,TLI,1.0,4.017944,7.25,7.25,17.458091735839844,False
2025-12-02 04:00:00,TLI,1.0,2.6933806,4.25,4.25,17.458091735839844,False
2025-12-02 05:00:00,TLI,1.0,1.6159542,2.6153846,2.6153846153846154,17.458091735839844,False
2025-12-02 06:00:00,TLI,2.0,1.0875357,1.8461539,1.8461538461538463,17.458091735839844,False
2025-12-02 07:00:00,TLI,1.0,0.7515491,1.7692307,1.7692307692307692,17.458091735839844,False
2025-12-02 08:00:00,TLI,2.0,1.0216568,3.2307692,3.230769230769231,17.458091735839844,False
2025-12-02 09:00:00,TLI,17.0,4.629855,9.0,9.0,17.458091735839844,False
2025-12-02 10:00:00,TLI,34.0,17.166433,24.538462,24.53846153846154,17.458091735839844,False
2025-12-02 11:00:00,TLI,45.0,38.612644,45.307693,45.30769230769231,17.458091735839844,False
2025-12-02 12:00:00,TLI,67.0,57.924294,58.153847,58.15384615384615,17.458091735839844,False
2025-12-02 13:00:00,TLI,79.0,71.827065,65.92308,65.92307692307692,17.458091735839844,False
2025-12-02 14:00:00,TLI,99.0,86.741165,71.78571,71.78571428571429,17.458091735839844,False
2025-12-02 15:00:00,TLI,104.0,94.205154,71.07143,71.07142857142857,17.458091735839844,False
2025-12-02 16:00:00,TLI,97.0,91.31911,66.21429,66.21428571428571,17.458091735839844,False
2025-12-02 17:00:00,TLI,49.0,73.70616,52.642857,52.642857142857146,17.458091735839844,True
2025-12-02 18:00:00,TLI,39.0,44.279896,31.142857,31.142857142857142,17.458091735839844,False
2025-12-02 19:00:00,TLI,40.0,22.40549,16.071428,16.071428571428573,17.458091735839844,True
2025-12-02 20:00:00,TLI,28.0,16.592663,13.142858,13.142857142857142,17.458091735839844,False
2025-12-02 21:00:00,TLI,19.0,5.2429695,7.928571,7.928571428571429,17.458091735839844,False
2025-12-02 22:00:00,TLI,2.0,-1.483582,6.0,6.0,17.458091735839844,False
2025-12-02 23:00:00,TLI,1.0,-0.76673985,7.785714,7.785714285714286,17.458091735839844,False
2025-12-03 00:00:00,TLI,4.0,-0.9618802,7.2727275,7.2727272727272725,17.458091735839844,False
2025-12-03 01:00:00,TLI,1.0,-0.65592384,6.7272725,6.7272727272727275,17.458091735839844,False
2025-12-03 02:00:00,TLI,2.0,1.91261,8.2,8.2,17.458091735839844,False
2025-12-03 03:00:00,TLI,2.0,1.9809675,7.1666665,7.166666666666667,17.458091735839844,False
2025-12-03 04:00:00,TLI,1.0,0.56959796,4.1666665,4.166666666666667,17.458091735839844,False
2025-12-03 05:00:00,TLI,1.0,0.7972295,2.5384614,2.5384615384615383,17.458091735839844,False
2025-12-03 06:00:00,TLI,1.0,0.15062249,1.8461539,1.8461538461538463,17.458091735839844,False
2025-12-03 07:00:00,TLI,2.0,-1.0112088,1.6923077,1.6923076923076923,17.458091735839844,False
2025-12-03 08:00:00,TLI,3.0,-1.0008264,3.1538463,3.1538461538461537,17.458091735839844,False
2025-12-03 09:00:00,TLI,10.0,2.7310648,9.615385,9.615384615384615,17.458091735839844,False
2025-12-03 10:00:00,TLI,28.0,13.270735,23.692308,23.692307692307693,17.458091735839844,False
2025-12-03 11:00:00,TLI,52.0,35.49231,43.53846,43.53846153846154,17.458091735839844,False
2025-12-03 12:00:00,TLI,79.0,58.43544,57.307693,57.30769230769231,17.458091735839844,True
2025-12-03 13:00:00,TLI,93.0,72.77783,65.92308,65.92307692307692,17.458091735839844,True
2025-12-03 14:00:00,TLI,100.0,78.64147,72.78571,72.78571428571429,17.458091735839844,True
2025-12-03 15:00:00,TLI,98.0,87.21239,72.71429,72.71428571428571,17.458091735839844,False
2025-12-03 16:00:00,TLI,107.0,90.04303,67.64286,67.64285714285714,17.458091735839844,False
2025-12-03 17:00:00,TLI,80.0,78.411545,52.714287,52.714285714285715,17.458091735839844,False
2025-12-03 18:00:00,TLI,40.0,49.74088,32.142857,32.142857142857146,17.458091735839844,False
2025-12-03 19:00:00,TLI,22.0,24.939949,17.857143,17.857142857142858,17.458091735839844,False
2025-12-03 20:00:00,TLI,24.0,15.329095,14.857142,14.857142857142858,17.458091735839844,False
2025-12-03 21:00:00,TLI,13.0,6.266629,9.142858,9.142857142857142,17.458091735839844,False
2025-12-03 22:00:00,TLI,3.0,0.2275157,6.0,6.0,17.458091735839844,False
2025-12-03 23:00:00,TLI,7.0,2.0515485,7.714286,7.714285714285714,17.458091735839844,False
2025-12-04 00:00:00,TLI,6.0,2.3560119,7.0,7.0,17.458091735839844,False
2025-12-04 01:00:00,TLI,1.0,2.3244977,6.25,6.25,17.458091735839844,False
2025-12-04 02:00:00,TLI,0.0,5.168008,7.6363635,7.636363636363637,17.458091735839844,False
2025-12-04 03:00:00,TLI,2.0,6.0508676,7.1666665,7.166666666666667,17.458091735839844,False
2025-12-04 04:00:00,TLI,1.0,3.3930957,4.0833335,4.083333333333333,17.458091735839844,False
2025-12-04 05:00:00,TLI,0.0,1.9772079,2.4615386,2.4615384615384617,17.458091735839844,False
2025-12-04 06:00:00,TLI,1.0,0.71397364,1.7692307,1.7692307692307692,17.458091735839844,False
2025-12-04 07:00:00,TLI,1.0,-0.36015987,1.6923077,1.6923076923076923,17.458091735839844,False
2025-12-04 08:00:00,TLI,3.0,-0.3955555,3.1538463,3.1538461538461537,17.458091735839844,False
2025-12-04 09:00:00,TLI,7.0,4.458718,10.0,10.0,17.458091735839844,False
2025-12-04 10:00:00,TLI,24.0,15.852564,24.076923,24.076923076923077,17.458091735839844,False
2025-12-04 11:00:00,TLI,36.0,39.824924,44.46154,44.46153846153846,17.458091735839844,False
2025-12-04 12:00:00,TLI,63.0,62.785946,59.384617,59.38461538461539,17.458091735839844,False
2025-12-04 13:00:00,TLI,85.0,78.6194,68.61539,68.61538461538461,17.458091735839844,False
2025-12-04 14:00:00,TLI,97.0,86.43766,75.78571,75.78571428571429,17.458091735839844,False
2025-12-04 15:00:00,TLI,100.0,89.23685,75.57143,75.57142857142857,17.458091735839844,False
2025-12-04 16:00:00,TLI,97.0,91.24025,71.42857,71.42857142857143,17.458091735839844,False
2025-12-04 17:00:00,TLI,73.0,81.024345,55.785713,55.785714285714285,17.458091735839844,False
2025-12-04 18:00:00,TLI,41.0,55.17926,33.785713,33.785714285714285,17.458091735839844,False
2025-12-04 19:00:00,TLI,39.0,30.86005,18.5,18.5,17.458091735839844,False
2025-12-04 20:00:00,TLI,31.0,20.418137,16.0,16.0,17.458091735839844,False
2025-12-04 21:00:00,TLI,27.0,10.3989525,9.642858,9.642857142857142,17.458091735839844,False
2025-12-04 22:00:00,TLI,24.0,6.825817,5.785714,5.785714285714286,17.458091735839844,False
2025-12-04 23:00:00,TLI,19.0,13.319815,8.071428,8.071428571428571,17.458091735839844,False
2025-12-05 00:00:00,TLI,10.0,13.120089,7.3333335,7.333333333333333,17.458091735839844,False
2025-12-05 01:00:00,TLI,5.0,11.219533,6.1666665,6.166666666666667,17.458091735839844,False
2025-12-05 02:00:00,TLI,10.0,12.527593,7.3636365,7.363636363636363,17.458091735839844,False
2025-12-05 03:00:00,TLI,16.0,13.682365,7.1666665,7.166666666666667,17.458091735839844,False
2025-12-05 04:00:00,TLI,15.0,10.454138,4.0833335,4.083333333333333,17.458091735839844,False
2025-12-05 05:00:00,TLI,3.0,7.748915,2.3846154,2.3846153846153846,17.458091735839844,False
2025-12-05 06:00:00,TLI,1.0,3.505367,1.6923077,1.6923076923076923,17.458091735839844,False
2025-12-05 07:00:00,TLI,1.0,0.9386438,1.6153846,1.6153846153846154,17.458091735839844,False
2025-12-05 08:00:00,TLI,2.0,0.38893366,3.1538463,3.1538461538461537,17.458091735839844,False
2025-12-05 09:00:00,TLI,6.0,5.330723,9.769231,9.76923076923077,17.458091735839844,False
2025-12-05 10:00:00,TLI,17.0,18.719776,24.307692,24.307692307692307,17.458091735839844,False
2025-12-05 11:00:00,TLI,39.0,38.472603,43.76923,43.76923076923077,17.458091735839844,False
2025-12-05 12:00:00,TLI,60.0,61.230896,59.53846,59.53846153846154,17.458091735839844,False
2025-12-05 13:00:00,TLI,73.0,79.20005,68.69231,68.6923076923077,17.458091735839844,False
2025-12-05 14:00:00,TLI,96.0,90.45815,75.92857,75.92857142857143,17.458091735839844,False
2025-12-05 15:00:00,TLI,86.0,90.32297,76.07143,76.07142857142857,17.458091735839844,False
2025-12-05 16:00:00,TLI,72.0,84.07611,72.14286,72.14285714285714,17.458091735839844,False
2025-12-05 17:00:00,TLI,46.0,61.846767,55.285713,55.285714285714285,17.458091735839844,False
2025-12-05 18:00:00,TLI,36.0,34.201946,34.0,34.0,17.458091735839844,False
2025-12-05 19:00:00,TLI,29.0,18.743319,20.0,20.0,17.458091735839844,False
2025-12-05 20:00:00,TLI,18.0,14.6067505,17.357143,17.357142857142858,17.458091735839844,False
2025-12-05 21:00:00,TLI,16.0,6.3372474,11.428572,11.428571428571429,17.458091735839844,False
2025-12-05 22:00:00,TLI,18.0,0.53755,7.357143,7.357142857142857,17.458091735839844,True
2025-12-05 23:00:00,TLI,11.0,1.4898958,8.642858,8.642857142857142,17.458091735839844,False
2025-12-06 00:00:00,TLI,18.0,1.5444741,7.6666665,7.666666666666667,17.458091735839844,False
2025-12-06 01:00:00,TLI,8.0,1.6826601,6.4166665,6.416666666666667,17.458091735839844,False
2025-12-06 02:00:00,TLI,2.0,3.9788246,8.090909,8.090909090909092,17.458091735839844,False
2025-12-06 03:00:00,TLI,1.0,4.186015,8.0,8.0,17.458091735839844,False
2025-12-06 04:00:00,TLI,1.0,1.4727719,4.8333335,4.833333333333333,17.458091735839844,False
2025-12-06 05:00:00,TLI,2.0,-0.4381957,2.4615386,2.4615384615384617,17.458091735839844,False
2025-12-06 06:00:00,TLI,1.0,-1.2771189,1.6153846,1.6153846153846154,17.458091735839844,False
2025-12-06 07:00:00,TLI,1.0,-1.6905547,1.5384616,1.5384615384615385,17.458091735839844,False
2025-12-06 08:00:00,TLI,2.0,-0.9393847,3.0769231,3.076923076923077,17.458091735839844,False
2025-12-06 09:00:00,TLI,4.0,3.2950559,9.769231,9.76923076923077,17.458091735839844,False
2025-12-06 10:00:00,TLI,21.0,14.614933,24.076923,24.076923076923077,17.458091735839844,False
2025-12-06 11:00:00,TLI,42.0,32.59383,42.615383,42.61538461538461,17.458091735839844,False
2025-12-06 12:00:00,TLI,71.0,52.649086,58.46154,58.46153846153846,17.458091735839844,True
2025-12-06 13:00:00,TLI,79.0,68.26334,67.69231,67.6923076923077,17.458091735839844,False
2025-12-06 14:00:00,TLI,72.0,73.015656,76.35714,76.35714285714286,17.458091735839844,False
2025-12-06 15:00:00,TLI,71.0,71.13924,75.78571,75.78571428571429,17.458091735839844,False
2025-12-06 16:00:00,TLI,74.0,70.292206,71.5,71.5,17.458091735839844,False
2025-12-06 17:00:00,TLI,37.0,54.025143,54.92857,54.92857142857143,17.458091735839844,False
2025-12-06 18:00:00,TLI,24.0,27.537617,34.214287,34.214285714285715,17.458091735839844,False
2025-12-06 19:00:00,TLI,19.0,13.123423,20.714285,20.714285714285715,17.458091735839844,False
2025-12-06 20:00:00,TLI,13.0,10.006617,18.071428,18.071428571428573,17.458091735839844,False
2025-12-06 21:00:00,TLI,7.0,4.0493984,12.357142,12.357142857142858,17.458091735839844,False
2025-12-06 22:00:00,TLI,3.0,0.3837223,8.5,8.5,17.458091735839844,False
2025-12-06 23:00:00,TLI,7.0,1.6996884,9.071428,9.071428571428571,17.458091735839844,False
2025-12-07 03:00:00,TLI,1.0,6.691892,7.75,7.75,17.458091735839844,False
2025-12-07 04:00:00,TLI,1.0,-0.095128536,4.75,4.75,17.458091735839844,False
2025-12-07 05:00:00,TLI,1.0,-2.206724,2.3076923,2.3076923076923075,17.458091735839844,False
2025-12-07 06:00:00,TLI,1.0,-2.8459873,1.5384616,1.5384615384615385,17.458091735839844,False
2025-12-07 07:00:00,TLI,1.0,-3.4163013,1.3846154,1.3846153846153846,17.458091735839844,False
2025-12-07 08:00:00,TLI,2.0,-3.3461008,2.6153846,2.6153846153846154,17.458091735839844,False
2025-12-07 09:00:00,TLI,12.0,1.4015703,8.538462,8.538461538461538,17.458091735839844,False
2025-12-07 10:00:00,TLI,40.0,11.502489,22.153847,22.153846153846153,17.458091735839844,True
2025-12-07 11:00:00,TLI,50.0,30.791399,41.46154,41.46153846153846,17.458091735839844,True
2025-12-07 12:00:00,TLI,55.0,53.5226,59.0,59.0,17.458091735839844,False
2025-12-07 13:00:00,TLI,67.0,65.7087,68.38461,68.38461538461539,17.458091735839844,False
2025-12-07 14:00:00,TLI,74.0,71.84506,76.07143,76.07142857142857,17.458091735839844,False
2025-12-07 15:00:00,TLI,61.0,76.18503,76.14286,76.14285714285714,17.458091735839844,False
2025-12-07 16:00:00,TLI,58.0,76.59025,73.21429,73.21428571428571,17.458091735839844,True
2025-12-07 17:00:00,TLI,59.0,61.9313,55.0,55.0,17.458091735839844,False
2025-12-07 18:00:00,TLI,42.0,42.774994,34.214287,34.214285714285715,17.458091735839844,False
2025-12-07 19:00:00,TLI,32.0,24.888218,20.785715,20.785714285714285,17.458091735839844,False
2025-12-07 20:00:00,TLI,24.0,18.124935,17.642857,17.642857142857142,17.458091735839844,False
2025-12-07 21:00:00,TLI,19.0,10.701549,12.285714,12.285714285714286,17.458091735839844,False
2025-12-07 22:00:00,TLI,20.0,6.602098,8.071428,8.071428571428571,17.458091735839844,False
2025-12-07 23:00:00,TLI,22.0,8.629492,9.0,9.0,17.458091735839844,False
2025-12-08 00:00:00,TLI,24.0,12.379467,9.545455,9.545454545454545,17.458091735839844,False
2025-12-08 01:00:00,TLI,20.0,12.437711,6.2727275,6.2727272727272725,17.458091735839844,False
2025-12-08 02:00:00,TLI,24.0,17.401459,7.3,7.3,17.458091735839844,False
2025-12-08 03:00:00,TLI,26.0,20.732227,7.3333335,7.333333333333333,17.458091735839844,False
2025-12-08 04:00:00,TLI,21.0,19.745392,4.6666665,4.666666666666667,17.458091735839844,False
2025-12-08 05:00:00,TLI,16.0,17.265503,2.3076923,2.3076923076923075,17.458091735839844,False
2025-12-08 06:00:00,TLI,17.0,13.035461,1.4615384,1.4615384615384615,17.458091735839844,False
2025-12-08 07:00:00,TLI,15.0,7.028955,1.3846154,1.3846153846153846,17.458091735839844,False
2025-12-08 08:00:00,TLI,14.0,2.0616217,2.5384614,2.5384615384615383,17.458091735839844,False
2025-12-08 09:00:00,TLI,16.0,1.0147767,8.538462,8.538461538461538,17.458091735839844,False
2025-12-08 10:00:00,TLI,23.0,8.2581215,23.153847,23.153846153846153,17.458091735839844,False
2025-12-08 11:00:00,TLI,24.0,23.060762,42.384617,42.38461538461539,17.458091735839844,False
2025-12-08 12:00:00,TLI,25.0,35.723778,59.53846,59.53846153846154,17.458091735839844,False
2025-12-08 13:00:00,TLI,23.0,42.656754,69.53846,69.53846153846153,17.458091735839844,True
2025-12-08 14:00:00,TLI,28.0,49.525307,77.57143,77.57142857142857,17.458091735839844,True
2025-12-08 15:00:00,TLI,28.0,49.61847,76.92857,76.92857142857143,17.458091735839844,True
2025-12-08 16:00:00,TLI,27.0,48.362267,74.0,74.0,17.458091735839844,True
2025-12-08 17:00:00,TLI,25.0,33.17618,56.642857,56.642857142857146,17.458091735839844,False
2025-12-08 18:00:00,TLI,10.0,14.964731,35.785713,35.785714285714285,17.458091735839844,False
2025-12-08 19:00:00,TLI,9.0,4.652178,22.5,22.5,17.458091735839844,False
2025-12-08 20:00:00,TLI,5.0,3.816534,19.0,19.0,17.458091735839844,False
2025-12-08 21:00:00,TLI,8.0,0.014637947,13.357142,13.357142857142858,17.458091735839844,False
2025-12-08 22:00:00,TLI,3.0,-2.4993668,9.214286,9.214285714285714,17.458091735839844,False
2025-12-08 23:00:00,TLI,1.0,-0.06099701,10.428572,10.428571428571429,17.458091735839844,False
2025-12-09 00:00:00,TLI,1.0,2.6062088,11.545455,11.545454545454545,17.458091735839844,False
2025-12-09 01:00:00,TLI,2.0,0.5486145,7.909091,7.909090909090909,17.458091735839844,False
2025-12-09 02:00:00,TLI,2.0,3.41154,9.5,9.5,17.458091735839844,False
2025-12-09 03:00:00,TLI,2.0,4.233136,9.333333,9.333333333333334,17.458091735839844,False
2025-12-09 04:00:00,TLI,1.0,1.75666,6.25,6.25,17.458091735839844,False
2025-12-09 05:00:00,TLI,1.0,-1.0741568,3.3846154,3.3846153846153846,17.458091735839844,False
2025-12-09 06:00:00,TLI,1.0,-2.1321278,2.6153846,2.6153846153846154,17.458091735839844,False
2025-12-09 07:00:00,TLI,1.0,-3.2335005,2.3846154,2.3846153846153846,17.458091735839844,False
2025-12-09 08:00:00,TLI,2.0,-3.521897,3.4615386,3.4615384615384617,17.458091735839844,False
2025-12-09 09:00:00,TLI,6.0,0.22288895,9.384615,9.384615384615385,17.458091735839844,False
2025-12-09 10:00:00,TLI,21.0,10.63974,23.23077,23.23076923076923,17.458091735839844,False
2025-12-09 11:00:00,TLI,38.0,25.27702,40.0,40.0,17.458091735839844,False
2025-12-09 12:00:00,TLI,43.0,44.268936,56.076923,56.07692307692308,17.458091735839844,False
2025-12-09 13:00:00,TLI,48.0,57.52484,65.38461,65.38461538461539,17.458091735839844,False
2025-12-09 14:00:00,TLI,60.0,64.391975,73.35714,73.35714285714286,17.458091735839844,False
2025-12-09 15:00:00,TLI,59.0,67.82249,72.57143,72.57142857142857,17.458091735839844,False
2025-12-09 16:00:00,TLI,58.0,69.446625,69.35714,69.35714285714286,17.458091735839844,False
2025-12-09 17:00:00,TLI,47.0,60.445087,52.857143,52.857142857142854,17.458091735839844,False
2025-12-09 18:00:00,TLI,25.0,38.720467,33.642857,33.642857142857146,17.458091735839844,False
2025-12-09 19:00:00,TLI,30.0,16.20479,22.428572,22.428571428571427,17.458091735839844,False
2025-12-09 20:00:00,TLI,15.0,12.227945,17.428572,17.428571428571427,17.458091735839844,False
2025-12-09 21:00:00,TLI,18.0,6.9202943,13.214286,13.214285714285714,17.458091735839844,False
2025-12-09 22:00:00,TLI,11.0,0.8861685,9.071428,9.071428571428571,17.458091735839844,False
2025-12-09 23:00:00,TLI,4.0,3.2803226,10.285714,10.285714285714286,17.458091735839844,False
2025-12-10 00:00:00,TLI,14.0,5.376984,10.666667,10.666666666666666,17.458091735839844,False
2025-12-10 01:00:00,TLI,9.0,5.990464,7.4166665,7.416666666666667,17.458091735839844,False
2025-12-10 02:00:00,TLI,7.0,10.250988,8.818182,8.818181818181818,17.458091735839844,False
2025-12-10 03:00:00,TLI,1.0,10.3638315,8.769231,8.76923076923077,17.458091735839844,False
2025-12-10 04:00:00,TLI,2.0,5.203796,5.8461537,5.846153846153846,17.458091735839844,False
2025-12-10 05:00:00,TLI,1.0,0.83778334,3.2142856,3.2142857142857144,17.458091735839844,False
2025-12-10 06:00:00,TLI,1.0,-2.116012,2.5,2.5,17.458091735839844,False
2025-12-10 07:00:00,TLI,4.0,-3.9755342,2.2857144,2.2857142857142856,17.458091735839844,False
2025-12-10 08:00:00,TLI,6.0,-4.75668,3.357143,3.357142857142857,17.458091735839844,False
2025-12-10 09:00:00,TLI,12.0,-2.1740522,9.142858,9.142857142857142,17.458091735839844,False
2025-12-10 10:00:00,TLI,17.0,4.7717934,23.071428,23.071428571428573,17.458091735839844,False
2025-12-10 11:00:00,TLI,40.0,16.661724,39.857143,39.857142857142854,17.458091735839844,True
2025-12-10 12:00:00,TLI,52.0,30.863426,55.142857,55.142857142857146,17.458091735839844,True
2025-12-10 13:00:00,TLI,54.0,40.447784,64.14286,64.14285714285714,17.458091735839844,False
2025-12-10 14:00:00,TLI,57.0,47.451073,70.0,70.0,17.458091735839844,False
2025-12-10 15:00:00,TLI,54.0,47.695877,68.92857,68.92857142857143,17.458091735839844,False
2025-12-10 16:00:00,TLI,55.0,47.360653,65.78571,65.78571428571429,17.458091735839844,False
2025-12-10 17:00:00,TLI,36.0,33.628716,49.142857,49.142857142857146,17.458091735839844,False
2025-12-10 18:00:00,TLI,13.0,16.90377,31.428572,31.428571428571427,17.458091735839844,False
2025-12-10 19:00:00,TLI,8.0,9.776963,22.785715,22.785714285714285,17.458091735839844,False
2025-12-10 20:00:00,TLI,22.0,7.2189903,16.928572,16.928571428571427,17.458091735839844,False
2025-12-10 21:00:00,TLI,11.0,7.2619357,13.5,13.5,17.458091735839844,False
2025-12-10 22:00:00,TLI,8.0,5.5087,9.571428,9.571428571428571,17.458091735839844,False
2025-12-10 23:00:00,TLI,10.0,5.937942,9.857142,9.857142857142858,17.458091735839844,False
2025-12-11 00:00:00,TLI,13.0,7.4506583,10.583333,10.583333333333334,17.458091735839844,False
2025-12-11 01:00:00,TLI,12.0,6.022553,7.5833335,7.583333333333333,17.458091735839844,False
2025-12-11 02:00:00,TLI,2.0,8.300199,8.909091,8.909090909090908,17.458091735839844,False
2025-12-11 03:00:00,TLI,0.0,7.559827,8.153846,8.153846153846153,17.458091735839844,False
2025-12-11 04:00:00,TLI,0.0,3.9445798,5.3846154,5.384615384615385,17.458091735839844,False
2025-12-11 05:00:00,TLI,1.0,1.0415897,3.2142856,3.2142857142857144,17.458091735839844,False
2025-12-11 06:00:00,TLI,2.0,-0.50441766,2.5,2.5,17.458091735839844,False
2025-12-11 07:00:00,TLI,1.0,-1.5274749,2.5,2.5,17.458091735839844,False
2025-12-11 08:00:00,TLI,2.0,-1.4724455,3.642857,3.642857142857143,17.458091735839844,False
2025-12-11 09:00:00,TLI,11.0,1.4309745,9.071428,9.071428571428571,17.458091735839844,False
2025-12-11 10:00:00,TLI,19.0,9.730396,22.571428,22.571428571428573,17.458091735839844,False
2025-12-11 11:00:00,TLI,35.0,21.66445,38.857143,38.857142857142854,17.458091735839844,False
2025-12-11 12:00:00,TLI,54.0,37.795444,54.57143,54.57142857142857,17.458091735839844,False
2025-12-11 13:00:00,TLI,65.0,48.762955,63.42857,63.42857142857143,17.458091735839844,False
2025-12-11 14:00:00,TLI,64.0,55.676247,69.0,69.0,17.458091735839844,False
2025-12-11 15:00:00,TLI,63.0,56.848965,68.07143,68.07142857142857,17.458091735839844,False
2025-12-11 16:00:00,TLI,59.0,58.123047,66.14286,66.14285714285714,17.458091735839844,False
2025-12-11 17:00:00,TLI,50.0,42.40424,49.142857,49.142857142857146,17.458091735839844,False
2025-12-11 18:00:00,TLI,23.0,22.697315,30.642857,30.642857142857142,17.458091735839844,False
2025-12-11 19:00:00,TLI,20.0,9.316127,21.857143,21.857142857142858,17.458091735839844,False
2025-12-11 20:00:00,TLI,20.0,5.585495,17.214285,17.214285714285715,17.458091735839844,False
2025-12-11 21:00:00,TLI,11.0,7.289771,13.214286,13.214285714285714,17.458091735839844,False
2025-12-11 22:00:00,TLI,1.0,2.5765915,9.0,9.0,17.458091735839844,False
2025-12-11 23:00:00,TLI,5.0,1.3515396,8.857142,8.857142857142858,17.458091735839844,False
2025-12-12 00:00:00,TLI,3.0,2.1057506,10.0,10.0,17.458091735839844,False
2025-12-12 01:00:00,TLI,0.0,0.12979984,7.3333335,7.333333333333333,17.458091735839844,False
2025-12-12 02:00:00,TLI,0.0,0.26306486,6.7272725,6.7272727272727275,17.458091735839844,False
2025-12-12 03:00:00,TLI,1.0,0.37979078,6.230769,6.230769230769231,17.458091735839844,False
2025-12-12 04:00:00,TLI,3.0,-1.148211,4.3076925,4.3076923076923075,17.458091735839844,False
2025-12-12 05:00:00,TLI,0.0,-3.0698876,2.5,2.5,17.458091735839844,False
2025-12-12 06:00:00,TLI,1.0,-3.8026452,2.5,2.5,17.458091735839844,False
2025-12-12 07:00:00,TLI,1.0,-5.6887236,2.2142856,2.2142857142857144,17.458091735839844,False
2025-12-12 08:00:00,TLI,1.0,-7.0204496,3.2857144,3.2857142857142856,17.458091735839844,False
2025-12-12 09:00:00,TLI,3.0,-4.8719234,8.642858,8.642857142857142,17.458091735839844,False
2025-12-12 10:00:00,TLI,24.0,3.2841015,22.0,22.0,17.458091735839844,True
2025-12-12 11:00:00,TLI,47.0,17.024544,39.0,39.0,17.458091735839844,True
2025-12-12 12:00:00,TLI,58.0,37.05613,55.642857,55.642857142857146,17.458091735839844,True
2025-12-12 13:00:00,TLI,67.0,51.464085,65.28571,65.28571428571429,17.458091735839844,False
2025-12-12 14:00:00,TLI,67.0,53.596832,70.71429,70.71428571428571,17.458091735839844,False
2025-12-12 15:00:00,TLI,42.0,52.01728,69.92857,69.92857142857143,17.458091735839844,False
2025-12-12 16:00:00,TLI,40.0,49.488274,68.42857,68.42857142857143,17.458091735839844,False
2025-12-12 17:00:00,TLI,17.0,33.51245,51.142857,51.142857142857146,17.458091735839844,False
2025-12-12 18:00:00,TLI,8.0,16.074335,31.142857,31.142857142857142,17.458091735839844,False
2025-12-12 19:00:00,TLI,23.0,8.3651,22.214285,22.214285714285715,17.458091735839844,False
2025-12-12 20:00:00,TLI,11.0,5.7094593,17.571428,17.571428571428573,17.458091735839844,False
2025-12-12 21:00:00,TLI,2.0,3.236292,12.714286,12.714285714285714,17.458091735839844,False
2025-12-12 22:00:00,TLI,0.0,0.36670303,8.0,8.0,17.458091735839844,False
2025-12-12 23:00:00,TLI,2.0,1.5271721,8.071428,8.071428571428571,17.458091735839844,False
2025-12-13 03:00:00,TLI,3.0,5.022874,4.4615383,4.461538461538462,17.458091735839844,False
2025-12-13 04:00:00,TLI,2.0,-1.6074686,3.7692308,3.769230769230769,17.458091735839844,False
2025-12-13 05:00:00,TLI,1.0,-4.11952,2.0714285,2.0714285714285716,17.458091735839844,False
2025-12-13 06:00:00,TLI,2.0,-4.6720247,2.4285715,2.4285714285714284,17.458091735839844,False
2025-12-13 07:00:00,TLI,2.0,-6.2081223,2.2142856,2.2142857142857144,17.458091735839844,False
2025-12-13 08:00:00,TLI,2.0,-7.543934,3.0,3.0,17.458091735839844,False
2025-12-13 09:00:00,TLI,5.0,-6.0523853,8.428572,8.428571428571429,17.458091735839844,False
2025-12-13 10:00:00,TLI,10.0,2.2750874,23.0,23.0,17.458091735839844,False
2025-12-13 11:00:00,TLI,25.0,16.209309,41.214287,41.214285714285715,17.458091735839844,False
2025-12-13 12:00:00,TLI,39.0,31.657701,58.357143,58.357142857142854,17.458091735839844,False
2025-12-13 13:00:00,TLI,57.0,41.941353,68.35714,68.35714285714286,17.458091735839844,False
2025-12-13 14:00:00,TLI,58.0,49.364265,73.85714,73.85714285714286,17.458091735839844,False
2025-12-13 15:00:00,TLI,60.0,48.63665,71.28571,71.28571428571429,17.458091735839844,False
2025-12-13 16:00:00,TLI,61.0,51.20062,69.35714,69.35714285714286,17.458091735839844,False
2025-12-13 17:00:00,TLI,49.0,39.24295,50.857143,50.857142857142854,17.458091735839844,False
2025-12-13 18:00:00,TLI,32.0,21.200296,31.0,31.0,17.458091735839844,False
2025-12-13 19:00:00,TLI,25.0,12.289962,23.5,23.5,17.458091735839844,False
2025-12-13 20:00:00,TLI,17.0,7.50667,17.785715,17.785714285714285,17.458091735839844,False
2025-12-13 21:00:00,TLI,6.0,4.2950497,12.5,12.5,17.458091735839844,False
2025-12-13 22:00:00,TLI,2.0,-0.5049958,7.428571,7.428571428571429,17.458091735839844,False
2025-12-13 23:00:00,TLI,2.0,-0.27227306,7.785714,7.785714285714286,17.458091735839844,False
2025-12-14 00:00:00,TLI,3.0,1.6865692,8.909091,8.909090909090908,17.458091735839844,False
2025-12-14 01:00:00,TLI,3.0,-0.24605703,5.909091,5.909090909090909,17.458091735839844,False
2025-12-14 02:00:00,TLI,2.0,0.024978638,5.1,5.1,17.458091735839844,False
2025-12-14 03:00:00,TLI,4.0,0.4709077,4.6923075,4.6923076923076925,17.458091735839844,False
2025-12-14 04:00:00,TLI,2.0,0.04279089,3.9230769,3.923076923076923,17.458091735839844,False
2025-12-14 05:00:00,TLI,1.0,-1.6233466,2.142857,2.142857142857143,17.458091735839844,False
2025-12-14 06:00:00,TLI,1.0,-1.6014521,2.5714285,2.5714285714285716,17.458091735839844,False
2025-12-14 07:00:00,TLI,1.0,-3.130506,2.357143,2.357142857142857,17.458091735839844,False
2025-12-14 08:00:00,TLI,3.0,-4.753909,3.0714285,3.0714285714285716,17.458091735839844,False
2025-12-14 09:00:00,TLI,15.0,-1.3385057,8.642858,8.642857142857142,17.458091735839844,False
2025-12-14 10:00:00,TLI,36.0,10.033461,23.071428,23.071428571428573,17.458091735839844,True
2025-12-14 11:00:00,TLI,55.0,22.842466,40.642857,40.642857142857146,17.458091735839844,True
2025-12-14 12:00:00,TLI,59.0,38.889526,57.214287,57.214285714285715,17.458091735839844,True
2025-12-14 13:00:00,TLI,54.0,48.677116,67.85714,67.85714285714286,17.458091735839844,False
2025-12-14 14:00:00,TLI,59.0,50.468323,74.14286,74.14285714285714,17.458091735839844,False
2025-12-14 15:00:00,TLI,42.0,49.38884,71.71429,71.71428571428571,17.458091735839844,False
2025-12-14 16:00:00,TLI,37.0,49.841698,69.57143,69.57142857142857,17.458091735839844,False
2025-12-14 17:00:00,TLI,32.0,33.41971,50.42857,50.42857142857143,17.458091735839844,False
2025-12-14 18:00:00,TLI,26.0,19.240622,31.214285,31.214285714285715,17.458091735839844,False
2025-12-14 19:00:00,TLI,23.0,16.682503,25.0,25.0,17.458091735839844,False
2025-12-14 20:00:00,TLI,14.0,12.645112,18.785715,18.785714285714285,17.458091735839844,False
2025-12-14 21:00:00,TLI,10.0,8.521464,12.857142,12.857142857142858,17.458091735839844,False
2025-12-14 22:00:00,TLI,13.0,4.8543653,7.5,7.5,17.458091735839844,False
2025-12-14 23:00:00,TLI,22.0,7.743861,7.785714,7.785714285714286,17.458091735839844,False
2025-12-15 00:00:00,TLI,24.0,11.340277,8.909091,8.909090909090908,17.458091735839844,False
2025-12-15 01:00:00,TLI,26.0,10.87973,5.7272725,5.7272727272727275,17.458091735839844,False
2025-12-15 02:00:00,TLI,25.0,13.218368,4.818182,4.818181818181818,17.458091735839844,False
2025-12-15 03:00:00,TLI,23.0,15.036678,4.642857,4.642857142857143,17.458091735839844,False
2025-12-15 04:00:00,TLI,22.0,16.248499,3.7857144,3.7857142857142856,17.458091735839844,False
2025-12-15 05:00:00,TLI,16.0,12.781212,2.142857,2.142857142857143,17.458091735839844,False
2025-12-15 06:00:00,TLI,9.0,8.524355,2.357143,2.357142857142857,17.458091735839844,False
2025-12-15 07:00:00,TLI,1.0,1.1944098,2.357143,2.357142857142857,17.458091735839844,False
2025-12-15 08:00:00,TLI,5.0,-5.5364046,3.2142856,3.2142857142857144,17.458091735839844,False
2025-12-15 09:00:00,TLI,6.0,-5.343441,9.357142,9.357142857142858,17.458091735839844,False
2025-12-15 10:00:00,TLI,9.0,1.843893,24.0,24.0,17.458091735839844,False
2025-12-15 11:00:00,TLI,20.0,14.714256,40.642857,40.642857142857146,17.458091735839844,False
2025-12-15 12:00:00,TLI,18.0,28.454988,56.07143,56.07142857142857,17.458091735839844,False
2025-12-15 13:00:00,TLI,17.0,36.198524,65.28571,65.28571428571429,17.458091735839844,True
2025-12-15 14:00:00,TLI,17.0,41.7419,71.28571,71.28571428571429,17.458091735839844,True
2025-12-15 15:00:00,TLI,18.0,38.64298,67.28571,67.28571428571429,17.458091735839844,True
2025-12-15 16:00:00,TLI,18.0,37.169044,64.85714,64.85714285714286,17.458091735839844,True
2025-12-15 17:00:00,TLI,17.0,20.004004,46.142857,46.142857142857146,17.458091735839844,False
2025-12-15 18:00:00,TLI,6.0,4.7483673,29.071428,29.071428571428573,17.458091735839844,False
2025-12-15 19:00:00,TLI,3.0,2.6720104,24.642857,24.642857142857142,17.458091735839844,False
2025-12-15 20:00:00,TLI,3.0,-1.5646992,17.785715,17.785714285714285,17.458091735839844,False
2025-12-15 21:00:00,TLI,1.0,-4.771797,12.071428,12.071428571428571,17.458091735839844,False
2025-12-15 22:00:00,TLI,0.0,-6.982554,7.857143,7.857142857142857,17.458091735839844,False
2025-12-15 23:00:00,TLI,0.0,-4.631997,8.285714,8.285714285714286,17.458091735839844,False
2025-12-16 00:00:00,TLI,4.0,-0.82376385,10.166667,10.166666666666666,17.458091735839844,False
2025-12-16 01:00:00,TLI,2.0,-1.904777,7.4166665,7.416666666666667,17.458091735839844,False
2025-12-16 02:00:00,TLI,3.0,-1.4648776,6.5,6.5,17.458091735839844,False
2025-12-16 03:00:00,TLI,5.0,-1.1401701,5.928571,5.928571428571429,17.458091735839844,False
2025-12-16 04:00:00,TLI,2.0,-1.7437496,5.214286,5.214285714285714,17.458091735839844,False
2025-12-16 05:00:00,TLI,1.0,-4.5668573,3.2142856,3.2142857142857144,17.458091735839844,False
2025-12-16 06:00:00,TLI,1.0,-5.974222,2.9285715,2.9285714285714284,17.458091735839844,False
2025-12-16 07:00:00,TLI,1.0,-7.8472447,2.357143,2.357142857142857,17.458091735839844,False
2025-12-16 08:00:00,TLI,3.0,-8.311085,3.5,3.5,17.458091735839844,False
2025-12-16 09:00:00,TLI,6.0,-4.716404,9.285714,9.285714285714286,17.458091735839844,False
2025-12-16 10:00:00,TLI,18.0,5.8286743,23.071428,23.071428571428573,17.458091735839844,False
2025-12-16 11:00:00,TLI,42.0,18.85022,39.142857,39.142857142857146,17.458091735839844,True
2025-12-16 12:00:00,TLI,47.0,32.203896,53.07143,53.07142857142857,17.458091735839844,False
2025-12-16 13:00:00,TLI,54.0,47.840866,61.5,61.5,17.458091735839844,False
2025-12-16 14:00:00,TLI,54.0,57.664917,67.71429,67.71428571428571,17.458091735839844,False
2025-12-16 15:00:00,TLI,53.0,48.356705,63.285713,63.285714285714285,17.458091735839844,False
2025-12-16 16:00:00,TLI,50.0,45.18446,61.42857,61.42857142857143,17.458091735839844,False
2025-12-16 17:00:00,TLI,45.0,30.933002,44.07143,44.07142857142857,17.458091735839844,False
2025-12-16 18:00:00,TLI,18.0,11.213684,26.071428,26.071428571428573,17.458091735839844,False
2025-12-16 19:00:00,TLI,6.0,5.3566513,23.0,23.0,17.458091735839844,False
2025-12-16 20:00:00,TLI,11.0,0.9951153,17.5,17.5,17.458091735839844,False
2025-12-16 21:00:00,TLI,13.0,-2.3392696,12.0,12.0,17.458091735839844,False
2025-12-16 22:00:00,TLI,3.0,-3.9443464,7.714286,7.714285714285714,17.458091735839844,False
2025-12-16 23:00:00,TLI,6.0,-1.318183,8.071428,8.071428571428571,17.458091735839844,False
2025-12-17 00:00:00,TLI,2.0,1.8412294,10.333333,10.333333333333334,17.458091735839844,False
2025-12-17 01:00:00,TLI,1.0,-0.5699849,7.4166665,7.416666666666667,17.458091735839844,False
2025-12-17 02:00:00,TLI,1.0,-1.7073026,6.5833335,6.583333333333333,17.458091735839844,False
2025-12-17 03:00:00,TLI,3.0,-1.1701298,6.214286,6.214285714285714,17.458091735839844,False
2025-12-17 04:00:00,TLI,1.0,-1.3808699,5.285714,5.285714285714286,17.458091735839844,False
2025-12-17 05:00:00,TLI,1.0,-2.8234603,3.2142856,3.2142857142857144,17.458091735839844,False
2025-12-17 06:00:00,TLI,1.0,-2.9595137,2.857143,2.857142857142857,17.458091735839844,False
2025-12-17 07:00:00,TLI,2.0,-4.5315523,2.357143,2.357142857142857,17.458091735839844,False
2025-12-17 08:00:00,TLI,4.0,-5.0660896,3.5714285,3.5714285714285716,17.458091735839844,False
2025-12-17 09:00:00,TLI,5.0,-2.5618324,8.5,8.5,17.458091735839844,False
2025-12-17 14:00:00,TLI,60.0,45.9998,64.5,64.5,17.458091735839844,False
2025-12-17 15:00:00,TLI,54.0,46.03144,59.642857,59.642857142857146,17.458091735839844,False
2025-12-17 16:00:00,TLI,31.0,44.51393,58.07143,58.07142857142857,17.458091735839844,False
2025-12-17 17:00:00,TLI,28.0,24.124601,43.785713,43.785714285714285,17.458091735839844,False
2025-12-17 18:00:00,TLI,25.0,5.634115,24.571428,24.571428571428573,17.458091735839844,True
2025-12-17 19:00:00,TLI,18.0,3.7702198,20.571428,20.571428571428573,17.458091735839844,False
2025-12-17 20:00:00,TLI,1.0,1.9638653,16.285715,16.285714285714285,17.458091735839844,False
2025-12-17 21:00:00,TLI,1.0,-0.9206743,11.571428,11.571428571428571,17.458091735839844,False
2025-12-17 22:00:00,TLI,1.0,-3.6676712,7.785714,7.785714285714286,17.458091735839844,False
2025-12-17 23:00:00,TLI,1.0,-2.171053,8.428572,8.428571428571429,17.458091735839844,False
2025-12-18 00:00:00,TLI,0.0,0.40257835,10.166667,10.166666666666666,17.458091735839844,False
2025-12-18 01:00:00,TLI,1.0,-1.5359788,7.4166665,7.416666666666667,17.458091735839844,False
2025-12-18 02:00:00,TLI,0.0,-1.6524,6.5,6.5,17.458091735839844,False
2025-12-18 03:00:00,TLI,0.0,-1.024199,6.285714,6.285714285714286,17.458091735839844,False
2025-12-18 04:00:00,TLI,0.0,-1.2840552,5.285714,5.285714285714286,17.458091735839844,False
2025-12-18 05:00:00,TLI,1.0,-3.01941,3.2142856,3.2142857142857144,17.458091735839844,False
2025-12-18 06:00:00,TLI,1.0,-4.015152,2.857143,2.857142857142857,17.458091735839844,False
2025-12-18 07:00:00,TLI,0.0,-5.582123,2.357143,2.357142857142857,17.458091735839844,False
2025-12-18 08:00:00,TLI,1.0,-5.832728,3.642857,3.642857142857143,17.458091735839844,False
2025-12-18 09:00:00,TLI,1.0,-3.8609858,8.142858,8.142857142857142,17.458091735839844,False
2025-12-18 10:00:00,TLI,13.0,4.646858,21.461538,21.46153846153846,17.458091735839844,False
2025-12-18 11:00:00,TLI,41.0,18.639755,37.923077,37.92307692307692,17.458091735839844,True
2025-12-18 12:00:00,TLI,53.0,34.323933,49.53846,49.53846153846154,17.458091735839844,True
2025-12-18 13:00:00,TLI,61.0,45.11837,57.153847,57.15384615384615,17.458091735839844,False
2025-12-18 14:00:00,TLI,63.0,46.34352,61.642857,61.642857142857146,17.458091735839844,False
2025-12-18 15:00:00,TLI,58.0,37.807743,56.5,56.5,17.458091735839844,True
2025-12-18 16:00:00,TLI,49.0,28.476366,52.642857,52.642857142857146,17.458091735839844,True
2025-12-18 17:00:00,TLI,44.0,18.467966,40.07143,40.07142857142857,17.458091735839844,True
2025-12-18 18:00:00,TLI,34.0,3.4942589,23.5,23.5,17.458091735839844,True
2025-12-18 19:00:00,TLI,26.0,1.4397144,20.285715,20.285714285714285,17.458091735839844,True
2025-12-18 20:00:00,TLI,11.0,-2.6329165,14.642858,14.642857142857142,17.458091735839844,False
2025-12-18 21:00:00,TLI,3.0,-5.0700035,10.714286,10.714285714285714,17.458091735839844,False
2025-12-18 22:00:00,TLI,1.0,-6.4443307,7.642857,7.642857142857143,17.458091735839844,False
2025-12-18 23:00:00,TLI,1.0,-3.9641943,8.0,8.0,17.458091735839844,False
2025-12-19 03:00:00,TLI,10.0,3.2891788,6.142857,6.142857142857143,17.458091735839844,False
2025-12-19 04:00:00,TLI,1.0,-0.29503298,5.214286,5.214285714285714,17.458091735839844,False
2025-12-19 05:00:00,TLI,0.0,-0.64117265,3.2857144,3.2857142857142856,17.458091735839844,False
2025-12-19 06:00:00,TLI,1.0,-1.9099174,2.857143,2.857142857142857,17.458091735839844,False
2025-12-19 07:00:00,TLI,1.0,-5.260048,2.2857144,2.2857142857142856,17.458091735839844,False
2025-12-19 08:00:00,TLI,6.0,-6.8712273,3.5,3.5,17.458091735839844,False
2025-12-19 09:00:00,TLI,15.0,-6.7329206,7.714286,7.714285714285714,17.458091735839844,True
2025-12-19 10:00:00,TLI,29.0,0.5000992,20.615385,20.615384615384617,17.458091735839844,True
2025-12-19 11:00:00,TLI,40.0,15.862108,38.307693,38.30769230769231,17.458091735839844,True
2025-12-19 12:00:00,TLI,50.0,25.125769,48.76923,48.76923076923077,17.458091735839844,True
2025-12-19 13:00:00,TLI,59.0,31.719797,55.307693,55.30769230769231,17.458091735839844,True
2025-12-19 14:00:00,TLI,70.0,35.668865,59.214287,59.214285714285715,17.458091735839844,True
2025-12-19 15:00:00,TLI,77.0,32.72092,53.5,53.5,17.458091735839844,True
2025-12-19 16:00:00,TLI,77.0,33.435753,49.214287,49.214285714285715,17.458091735839844,True
2025-12-19 17:00:00,TLI,68.0,28.984951,38.0,38.0,17.458091735839844,True
2025-12-19 18:00:00,TLI,40.0,17.649067,23.0,23.0,17.458091735839844,True
2025-12-19 19:00:00,TLI,21.0,5.666258,19.357143,19.357142857142858,17.458091735839844,False
2025-12-19 20:00:00,TLI,9.0,-0.49372864,13.214286,13.214285714285714,17.458091735839844,False
2025-12-19 21:00:00,TLI,15.0,-3.8795547,9.0,9.0,17.458091735839844,True
2025-12-19 22:00:00,TLI,9.0,-5.0869474,6.0,6.0,17.458091735839844,False
2025-12-19 23:00:00,TLI,6.0,-2.986414,6.714286,6.714285714285714,17.458091735839844,False
2025-12-20 00:00:00,TLI,9.0,1.2302017,9.636364,9.636363636363637,17.458091735839844,False
2025-12-20 01:00:00,TLI,8.0,0.507833,7.6363635,7.636363636363637,17.458091735839844,False
2025-12-20 02:00:00,TLI,0.0,-0.61392546,6.181818,6.181818181818182,17.458091735839844,False
2025-12-20 03:00:00,TLI,5.0,-0.7842212,5.714286,5.714285714285714,17.458091735839844,False
2025-12-20 04:00:00,TLI,0.0,-1.8578687,4.214286,4.214285714285714,17.458091735839844,False
2025-12-20 05:00:00,TLI,0.0,-2.7410767,3.0714285,3.0714285714285716,17.458091735839844,False
2025-12-20 06:00:00,TLI,0.0,-3.5435648,2.857143,2.857142857142857,17.458091735839844,False
2025-12-20 07:00:00,TLI,1.0,-5.456847,2.2857144,2.2857142857142856,17.458091735839844,False
2025-12-20 08:00:00,TLI,3.0,-5.8336725,3.7857144,3.7857142857142856,17.458091735839844,False
2025-12-20 11:00:00,TLI,45.0,17.995634,38.384617,38.38461538461539,17.458091735839844,True
2025-12-20 12:00:00,TLI,57.0,31.394167,48.0,48.0,17.458091735839844,True
2025-12-20 13:00:00,TLI,66.0,40.08185,54.23077,54.23076923076923,17.458091735839844,True
2025-12-20 14:00:00,TLI,73.0,41.34455,57.357143,57.357142857142854,17.458091735839844,True
2025-12-20 15:00:00,TLI,75.0,38.2341,52.857143,52.857142857142854,17.458091735839844,True
2025-12-20 16:00:00,TLI,75.0,39.84365,49.57143,49.57142857142857,17.458091735839844,True
2025-12-20 17:00:00,TLI,67.0,32.9749,39.57143,39.57142857142857,17.458091735839844,True
2025-12-20 18:00:00,TLI,44.0,15.26098,23.285715,23.285714285714285,17.458091735839844,True
2025-12-20 19:00:00,TLI,13.0,7.0621643,18.785715,18.785714285714285,17.458091735839844,False
2025-12-20 20:00:00,TLI,17.0,0.32614326,12.571428,12.571428571428571,17.458091735839844,False
2025-12-20 21:00:00,TLI,13.0,-2.7297459,8.928572,8.928571428571429,17.458091735839844,False
2025-12-20 22:00:00,TLI,3.0,-4.808048,5.357143,5.357142857142857,17.458091735839844,False
2025-12-20 23:00:00,TLI,3.0,-2.659491,6.357143,6.357142857142857,17.458091735839844,False
2025-12-21 00:00:00,TLI,4.0,0.98608875,8.818182,8.818181818181818,17.458091735839844,False
2025-12-21 01:00:00,TLI,11.0,0.97424126,7.6363635,7.636363636363637,17.458091735839844,False
2025-12-21 02:00:00,TLI,5.0,0.03038454,6.0,6.0,17.458091735839844,False
2025-12-21 03:00:00,TLI,4.0,0.9519315,6.0,6.0,17.458091735839844,False
2025-12-21 04:00:00,TLI,6.0,0.07952356,4.142857,4.142857142857143,17.458091735839844,False
2025-12-21 05:00:00,TLI,1.0,0.032904625,2.9285715,2.9285714285714284,17.458091735839844,False
2025-12-21 06:00:00,TLI,1.0,-1.1541817,2.7857144,2.7857142857142856,17.458091735839844,False
2025-12-21 07:00:00,TLI,1.0,-3.622679,2.2857144,2.2857142857142856,17.458091735839844,False
2025-12-21 08:00:00,TLI,3.0,-4.512816,3.857143,3.857142857142857,17.458091735839844,False
2025-12-21 09:00:00,TLI,8.0,-2.7788992,8.692307,8.692307692307692,17.458091735839844,False
2025-12-21 10:00:00,TLI,25.0,6.8288517,21.583334,21.583333333333332,17.458091735839844,True
2025-12-21 11:00:00,TLI,50.0,20.33571,38.615383,38.61538461538461,17.458091735839844,True
2025-12-21 12:00:00,TLI,59.0,34.6167,46.923077,46.92307692307692,17.458091735839844,True
2025-12-21 13:00:00,TLI,71.0,37.592117,53.23077,53.23076923076923,17.458091735839844,True
2025-12-21 14:00:00,TLI,77.0,38.901077,57.42857,57.42857142857143,17.458091735839844,True
2025-12-21 15:00:00,TLI,80.0,39.330017,53.142857,53.142857142857146,17.458091735839844,True
2025-12-21 16:00:00,TLI,78.0,41.93328,49.642857,49.642857142857146,17.458091735839844,True
2025-12-21 17:00:00,TLI,66.0,38.721924,41.714287,41.714285714285715,17.458091735839844,True
2025-12-21 18:00:00,TLI,39.0,24.585287,24.714285,24.714285714285715,17.458091735839844,False
2025-12-21 19:00:00,TLI,30.0,12.880316,18.357143,18.357142857142858,17.458091735839844,False
2025-12-21 20:00:00,TLI,29.0,7.1691465,12.857142,12.857142857142858,17.458091735839844,True
2025-12-21 21:00:00,TLI,29.0,7.2282133,9.357142,9.357142857142858,17.458091735839844,True
2025-12-21 22:00:00,TLI,21.0,7.2555323,5.357143,5.357142857142857,17.458091735839844,False
2025-12-21 23:00:00,TLI,19.0,9.045369,6.071429,6.071428571428571,17.458091735839844,False
2025-12-22 00:00:00,TLI,17.0,12.101563,8.416667,8.416666666666666,17.458091735839844,False
2025-12-22 01:00:00,TLI,24.0,12.183213,7.9166665,7.916666666666667,17.458091735839844,False
2025-12-22 02:00:00,TLI,19.0,10.163174,5.9166665,5.916666666666667,17.458091735839844,False
2025-12-22 03:00:00,TLI,14.0,10.266659,6.214286,6.214285714285714,17.458091735839844,False
2025-12-22 04:00:00,TLI,10.0,7.9840393,4.5,4.5,17.458091735839844,False
2025-12-22 05:00:00,TLI,10.0,4.219586,2.9285715,2.9285714285714284,17.458091735839844,False
2025-12-22 06:00:00,TLI,1.0,2.5297518,2.7857144,2.7857142857142856,17.458091735839844,False
2025-12-22 07:00:00,TLI,4.0,-0.24029016,2.2857144,2.2857142857142856,17.458091735839844,False
2025-12-22 08:00:00,TLI,4.0,-0.93153167,3.9285715,3.9285714285714284,17.458091735839844,False
2025-12-22 09:00:00,TLI,8.0,1.2233453,8.384615,8.384615384615385,17.458091735839844,False
2025-12-22 10:00:00,TLI,22.0,10.534342,20.333334,20.333333333333332,17.458091735839844,False
2025-12-22 11:00:00,TLI,32.0,23.72673,38.615383,38.61538461538461,17.458091735839844,False
2025-12-22 12:00:00,TLI,40.0,25.817198,47.23077,47.23076923076923,17.458091735839844,False
2025-12-22 13:00:00,TLI,45.0,27.962225,53.53846,53.53846153846154,17.458091735839844,False
2025-12-22 14:00:00,TLI,55.0,30.735006,57.642857,57.642857142857146,17.458091735839844,True
2025-12-22 15:00:00,TLI,38.0,27.437572,54.5,54.5,17.458091735839844,False
2025-12-22 16:00:00,TLI,29.0,23.605433,51.07143,51.07142857142857,17.458091735839844,False
2025-12-22 17:00:00,TLI,12.0,16.224022,42.214287,42.214285714285715,17.458091735839844,False
2025-12-22 18:00:00,TLI,7.0,1.6556873,24.5,24.5,17.458091735839844,False
2025-12-22 19:00:00,TLI,4.0,-1.3421249,18.214285,18.214285714285715,17.458091735839844,False
2025-12-22 20:00:00,TLI,6.0,-3.8039827,13.214286,13.214285714285714,17.458091735839844,False
2025-12-22 21:00:00,TLI,7.0,-4.468731,10.071428,10.071428571428571,17.458091735839844,False
2025-12-22 22:00:00,TLI,4.0,-6.9222074,5.428571,5.428571428571429,17.458091735839844,False
2025-12-22 23:00:00,TLI,2.0,-4.608497,5.857143,5.857142857142857,17.458091735839844,False
2025-12-23 00:00:00,TLI,2.0,-0.8816371,7.8333335,7.833333333333333,17.458091735839844,False
2025-12-23 01:00:00,TLI,2.0,1.3398161,8.25,8.25,17.458091735839844,False
2025-12-23 02:00:00,TLI,4.0,0.4855404,5.5,5.5,17.458091735839844,False
2025-12-23 03:00:00,TLI,6.0,1.7286973,5.357143,5.357142857142857,17.458091735839844,False
2025-12-23 04:00:00,TLI,2.0,0.15943241,3.7142856,3.7142857142857144,17.458091735839844,False
2025-12-23 05:00:00,TLI,1.0,-1.8428316,2.5,2.5,17.458091735839844,False
2025-12-23 06:00:00,TLI,1.0,-3.8560328,1.6428572,1.6428571428571428,17.458091735839844,False
2025-12-23 07:00:00,TLI,1.0,-5.1705184,1.5,1.5,17.458091735839844,False
2025-12-23 08:00:00,TLI,3.0,-5.760355,3.2142856,3.2142857142857144,17.458091735839844,False
2025-12-23 09:00:00,TLI,8.0,-3.5721064,7.769231,7.769230769230769,17.458091735839844,False
2025-12-23 10:00:00,TLI,10.0,5.2637186,20.25,20.25,17.458091735839844,False
2025-12-23 11:00:00,TLI,18.0,20.667032,39.23077,39.23076923076923,17.458091735839844,False
2025-12-23 12:00:00,TLI,27.0,26.650702,48.384617,48.38461538461539,17.458091735839844,False
2025-12-23 13:00:00,TLI,38.0,31.169943,55.23077,55.23076923076923,17.458091735839844,False
2025-12-23 14:00:00,TLI,51.0,38.67382,59.57143,59.57142857142857,17.458091735839844,False
2025-12-23 15:00:00,TLI,68.0,41.09117,55.214287,55.214285714285715,17.458091735839844,True
2025-12-23 16:00:00,TLI,67.0,39.7137,51.214287,51.214285714285715,17.458091735839844,True
2025-12-23 17:00:00,TLI,45.0,29.12174,41.285713,41.285714285714285,17.458091735839844,False
2025-12-23 18:00:00,TLI,21.0,5.7911263,24.285715,24.285714285714285,17.458091735839844,False
2025-12-23 19:00:00,TLI,17.0,-2.2536678,17.857143,17.857142857142858,17.458091735839844,True
2025-12-23 20:00:00,TLI,11.0,-3.6757689,13.285714,13.285714285714286,17.458091735839844,False
2025-12-23 21:00:00,TLI,8.0,-3.9613361,10.0,10.0,17.458091735839844,False
2025-12-23 22:00:00,TLI,2.0,-6.4673834,5.5,5.5,17.458091735839844,False
2025-12-23 23:00:00,TLI,1.0,-4.872725,5.928571,5.928571428571429,17.458091735839844,False
2025-12-24 00:00:00,TLI,1.0,-2.1713977,7.9166665,7.916666666666667,17.458091735839844,False
2025-12-24 01:00:00,TLI,5.0,-0.9991474,8.25,8.25,17.458091735839844,False
2025-12-24 02:00:00,TLI,7.0,-2.8707118,5.6666665,5.666666666666667,17.458091735839844,False
2025-12-24 03:00:00,TLI,4.0,-1.9619284,5.642857,5.642857142857143,17.458091735839844,False
2025-12-24 04:00:00,TLI,1.0,-3.4390123,3.7857144,3.7857142857142856,17.458091735839844,False
2025-12-24 05:00:00,TLI,1.0,-4.4795923,2.5,2.5,17.458091735839844,False
2025-12-24 06:00:00,TLI,1.0,-5.551006,1.6428572,1.6428571428571428,17.458091735839844,False
2025-12-24 07:00:00,TLI,1.0,-6.254988,1.5,1.5,17.458091735839844,False
2025-12-24 08:00:00,TLI,2.0,-5.635894,3.2857144,3.2857142857142856,17.458091735839844,False
2025-12-24 09:00:00,TLI,4.0,-2.3228774,7.923077,7.923076923076923,17.458091735839844,False
2025-12-24 10:00:00,TLI,13.0,7.648884,19.333334,19.333333333333332,17.458091735839844,False
2025-12-24 11:00:00,TLI,31.0,23.962704,37.692307,37.69230769230769,17.458091735839844,False
2025-12-24 12:00:00,TLI,38.0,30.379152,47.153847,47.15384615384615,17.458091735839844,False
2025-12-24 13:00:00,TLI,53.0,33.79949,54.46154,54.46153846153846,17.458091735839844,True
2025-12-24 14:00:00,TLI,64.0,40.256233,58.92857,58.92857142857143,17.458091735839844,True
2025-12-24 15:00:00,TLI,67.0,36.84821,55.857143,55.857142857142854,17.458091735839844,True
2025-12-24 16:00:00,TLI,67.0,35.261208,51.857143,51.857142857142854,17.458091735839844,True
2025-12-24 17:00:00,TLI,41.0,29.348738,41.142857,41.142857142857146,17.458091735839844,False
2025-12-24 18:00:00,TLI,22.0,10.409833,24.0,24.0,17.458091735839844,False
2025-12-24 19:00:00,TLI,17.0,-0.24176407,16.928572,16.928571428571427,17.458091735839844,False
2025-12-24 20:00:00,TLI,16.0,-2.5822906,13.0,13.0,17.458091735839844,True
2025-12-24 21:00:00,TLI,7.0,-4.1155443,9.285714,9.285714285714286,17.458091735839844,False
2025-12-24 22:00:00,TLI,6.0,-6.397309,4.857143,4.857142857142857,17.458091735839844,False
2025-12-24 23:00:00,TLI,9.0,-4.0398684,5.714286,5.714285714285714,17.458091735839844,False
2025-12-25 03:00:00,TLI,5.0,3.3485525,5.857143,5.857142857142857,17.458091735839844,False
2025-12-25 04:00:00,TLI,4.0,-4.0226145,3.7142856,3.7142857142857144,17.458091735839844,False
2025-12-25 05:00:00,TLI,4.0,-5.324378,2.5,2.5,17.458091735839844,False
2025-12-25 06:00:00,TLI,3.0,-6.1140065,1.6428572,1.6428571428571428,17.458091735839844,False
2025-12-25 07:00:00,TLI,3.0,-6.7173424,1.2857143,1.2857142857142858,17.458091735839844,False
2025-12-25 08:00:00,TLI,6.0,-5.928093,3.0,3.0,17.458091735839844,False
2025-12-25 09:00:00,TLI,12.0,-3.2691813,7.3076925,7.3076923076923075,17.458091735839844,False
2025-12-25 10:00:00,TLI,25.0,5.4534807,19.0,19.0,17.458091735839844,True
2025-12-25 11:00:00,TLI,42.0,18.360212,37.0,37.0,17.458091735839844,True
2025-12-25 12:00:00,TLI,59.0,24.321875,46.076923,46.07692307692308,17.458091735839844,True
2025-12-25 13:00:00,TLI,55.0,35.913765,54.384617,54.38461538461539,17.458091735839844,True
2025-12-25 14:00:00,TLI,60.0,39.768562,59.42857,59.42857142857143,17.458091735839844,True
2025-12-25 15:00:00,TLI,49.0,33.19764,56.785713,56.785714285714285,17.458091735839844,False
2025-12-25 16:00:00,TLI,41.0,29.236391,52.714287,52.714285714285715,17.458091735839844,False
2025-12-25 17:00:00,TLI,33.0,20.048098,41.5,41.5,17.458091735839844,False
2025-12-25 18:00:00,TLI,21.0,6.0021267,24.642857,24.642857142857142,17.458091735839844,False
2025-12-25 19:00:00,TLI,18.0,1.6227331,17.571428,17.571428571428573,17.458091735839844,False
2025-12-25 20:00:00,TLI,13.0,-0.6219616,12.571428,12.571428571428571,17.458091735839844,False
2025-12-25 21:00:00,TLI,11.0,-2.112255,9.0,9.0,17.458091735839844,False
2025-12-25 22:00:00,TLI,10.0,-5.4024286,4.714286,4.714285714285714,17.458091735839844,False
2025-12-25 23:00:00,TLI,7.0,-3.8199039,5.642857,5.642857142857143,17.458091735839844,False
2025-12-26 00:00:00,TLI,9.0,-2.318111,6.2727275,6.2727272727272725,17.458091735839844,False
2025-12-26 01:00:00,TLI,4.0,-0.24164057,7.5454545,7.545454545454546,17.458091735839844,False
2025-12-26 02:00:00,TLI,3.0,-1.6699872,6.0,6.0,17.458091735839844,False
2025-12-26 03:00:00,TLI,4.0,-1.355042,6.214286,6.214285714285714,17.458091735839844,False
2025-12-26 04:00:00,TLI,3.0,-3.2188153,4.0,4.0,17.458091735839844,False
2025-12-26 05:00:00,TLI,1.0,-3.7343533,2.7142856,2.7142857142857144,17.458091735839844,False
2025-12-26 06:00:00,TLI,1.0,-4.5121713,1.7142857,1.7142857142857142,17.458091735839844,False
2025-12-26 07:00:00,TLI,1.0,-5.1610794,1.4285715,1.4285714285714286,17.458091735839844,False
2025-12-26 08:00:00,TLI,1.0,-4.6678104,3.2857144,3.2857142857142856,17.458091735839844,False
2025-12-26 09:00:00,TLI,3.0,-2.3413148,7.3846154,7.384615384615385,17.458091735839844,False
2025-12-26 10:00:00,TLI,6.0,6.7251453,19.5,19.5,17.458091735839844,False
2025-12-26 11:00:00,TLI,19.0,18.655542,37.53846,37.53846153846154,17.458091735839844,False
2025-12-26 12:00:00,TLI,28.0,22.172941,46.46154,46.46153846153846,17.458091735839844,False
2025-12-26 13:00:00,TLI,41.0,25.741108,53.615383,53.61538461538461,17.458091735839844,False
2025-12-26 14:00:00,TLI,54.0,29.98078,59.142857,59.142857142857146,17.458091735839844,True
2025-12-26 15:00:00,TLI,46.0,28.065283,55.785713,55.785714285714285,17.458091735839844,True
2025-12-26 16:00:00,TLI,38.0,24.106852,51.42857,51.42857142857143,17.458091735839844,False
2025-12-26 17:00:00,TLI,30.0,13.534681,40.285713,40.285714285714285,17.458091735839844,False
2025-12-26 18:00:00,TLI,24.0,0.30255508,24.5,24.5,17.458091735839844,True
2025-12-26 19:00:00,TLI,16.0,-3.7673569,17.428572,17.428571428571427,17.458091735839844,True
2025-12-26 20:00:00,TLI,7.0,-6.0617027,12.071428,12.071428571428571,17.458091735839844,False
2025-12-26 21:00:00,TLI,11.0,-5.77075,9.0,9.0,17.458091735839844,False
2025-12-26 22:00:00,TLI,4.0,-7.413258,5.357143,5.357142857142857,17.458091735839844,False
2025-12-26 23:00:00,TLI,2.0,-6.0007772,5.785714,5.785714285714286,17.458091735839844,False
2025-12-27 00:00:00,TLI,4.0,-4.006757,6.818182,6.818181818181818,17.458091735839844,False
2025-12-27 01:00:00,TLI,10.0,-2.0125113,7.909091,7.909090909090909,17.458091735839844,False
2025-12-27 02:00:00,TLI,5.0,-2.7879415,6.2727275,6.2727272727272725,17.458091735839844,False
2025-12-27 03:00:00,TLI,1.0,-2.179915,6.428571,6.428571428571429,17.458091735839844,False
2025-12-27 04:00:00,TLI,1.0,-4.048874,4.0,4.0,17.458091735839844,False
2025-12-27 05:00:00,TLI,1.0,-5.0017643,2.7857144,2.7857142857142856,17.458091735839844,False
2025-12-27 06:00:00,TLI,1.0,-6.2790656,1.7142857,1.7142857142857142,17.458091735839844,False
2025-12-27 07:00:00,TLI,0.0,-7.3163395,1.4285715,1.4285714285714286,17.458091735839844,False
2025-12-27 08:00:00,TLI,1.0,-6.715454,3.2857144,3.2857142857142856,17.458091735839844,False
2025-12-27 09:00:00,TLI,6.0,-4.4089274,7.3846154,7.384615384615385,17.458091735839844,False
2025-12-27 10:00:00,TLI,16.0,3.6332312,18.0,18.0,17.458091735839844,False
2025-12-27 11:00:00,TLI,29.0,17.93478,35.384617,35.38461538461539,17.458091735839844,False
2025-12-27 12:00:00,TLI,42.0,25.125872,44.153847,44.15384615384615,17.458091735839844,False
2025-12-27 13:00:00,TLI,49.0,30.847345,51.615383,51.61538461538461,17.458091735839844,True
2025-12-27 14:00:00,TLI,61.0,37.497124,58.214287,58.214285714285715,17.458091735839844,True
2025-12-27 15:00:00,TLI,60.0,35.812958,56.07143,56.07142857142857,17.458091735839844,True
2025-12-27 16:00:00,TLI,62.0,33.74257,51.285713,51.285714285714285,17.458091735839844,True
2025-12-27 17:00:00,TLI,56.0,29.351526,41.214287,41.214285714285715,17.458091735839844,True
2025-12-27 18:00:00,TLI,34.0,15.767168,25.642857,25.642857142857142,17.458091735839844,True
2025-12-27 19:00:00,TLI,22.0,5.0797434,16.928572,16.928571428571427,17.458091735839844,False
2025-12-27 20:00:00,TLI,6.0,3.217636,11.785714,11.785714285714286,17.458091735839844,False
2025-12-27 21:00:00,TLI,2.0,-1.7621975,9.642858,9.642857142857142,17.458091735839844,False
2025-12-27 22:00:00,TLI,3.0,-6.610289,5.642857,5.642857142857143,17.458091735839844,False
2025-12-27 23:00:00,TLI,2.0,-5.715994,5.785714,5.785714285714286,17.458091735839844,False
2025-12-28 00:00:00,TLI,3.0,-4.311396,6.5833335,6.583333333333333,17.458091735839844,False
2025-12-28 01:00:00,TLI,4.0,-2.3189745,8.083333,8.083333333333334,17.458091735839844,False
2025-12-28 02:00:00,TLI,2.0,-3.599422,6.1666665,6.166666666666667,17.458091735839844,False
2025-12-28 03:00:00,TLI,2.0,-3.0666447,6.285714,6.285714285714286,17.458091735839844,False
2025-12-28 04:00:00,TLI,1.0,-4.6268272,3.9285715,3.9285714285714284,17.458091735839844,False
2025-12-28 05:00:00,TLI,1.0,-5.387433,2.7857144,2.7857142857142856,17.458091735839844,False
2025-12-28 06:00:00,TLI,1.0,-6.0005937,1.6428572,1.6428571428571428,17.458091735839844,False
2025-12-28 07:00:00,TLI,2.0,-6.6133533,1.2857143,1.2857142857142858,17.458091735839844,False
2025-12-28 08:00:00,TLI,2.0,-6.0465918,3.2142856,3.2142857142857144,17.458091735839844,False
2025-12-28 09:00:00,TLI,6.0,-3.0140057,7.4615383,7.461538461538462,17.458091735839844,False
2025-12-28 10:00:00,TLI,23.0,6.1009483,18.5,18.5,17.458091735839844,False
2025-12-28 11:00:00,TLI,53.0,23.27563,35.692307,35.69230769230769,17.458091735839844,True
2025-12-28 12:00:00,TLI,70.0,37.20744,44.384617,44.38461538461539,17.458091735839844,True
2025-12-28 13:00:00,TLI,64.0,33.695107,51.0,51.0,17.458091735839844,True
2025-12-28 14:00:00,TLI,80.0,40.716034,58.42857,58.42857142857143,17.458091735839844,True
2025-12-28 15:00:00,TLI,81.0,43.263073,56.07143,56.07142857142857,17.458091735839844,True
2025-12-28 16:00:00,TLI,78.0,45.58723,51.357143,51.357142857142854,17.458091735839844,True
2025-12-28 17:00:00,TLI,68.0,40.15969,41.714287,41.714285714285715,17.458091735839844,True
2025-12-28 18:00:00,TLI,40.0,24.25704,25.785715,25.785714285714285,17.458091735839844,False
2025-12-28 19:00:00,TLI,26.0,5.315365,16.714285,16.714285714285715,17.458091735839844,True
2025-12-28 20:00:00,TLI,37.0,1.0838451,11.0,11.0,17.458091735839844,True
2025-12-28 21:00:00,TLI,24.0,3.5559983,9.357142,9.357142857142858,17.458091735839844,True
2025-12-28 22:00:00,TLI,17.0,2.138615,5.714286,5.714285714285714,17.458091735839844,False
2025-12-28 23:00:00,TLI,12.0,5.6684365,5.785714,5.785714285714286,17.458091735839844,False
2025-12-29 00:00:00,TLI,17.0,7.9709816,6.5833335,6.583333333333333,17.458091735839844,False
2025-12-29 01:00:00,TLI,8.0,6.6551085,8.166667,8.166666666666666,17.458091735839844,False
2025-12-29 02:00:00,TLI,4.0,2.079842,6.1666665,6.166666666666667,17.458091735839844,False
2025-12-29 03:00:00,TLI,5.0,1.5942993,6.142857,6.142857142857143,17.458091735839844,False
2025-12-29 04:00:00,TLI,3.0,0.12892938,3.857143,3.857142857142857,17.458091735839844,False
2025-12-29 05:00:00,TLI,6.0,-1.0392337,2.7857144,2.7857142857142856,17.458091735839844,False
2025-12-29 06:00:00,TLI,2.0,-2.762206,1.6428572,1.6428571428571428,17.458091735839844,False
2025-12-29 07:00:00,TLI,2.0,-4.2891417,1.3571428,1.3571428571428572,17.458091735839844,False
2025-12-29 08:00:00,TLI,2.0,-3.9544153,3.142857,3.142857142857143,17.458091735839844,False
2025-12-29 09:00:00,TLI,6.0,-2.5936594,6.769231,6.769230769230769,17.458091735839844,False
2025-12-29 10:00:00,TLI,24.0,5.190099,17.416666,17.416666666666668,17.458091735839844,True
2025-12-29 11:00:00,TLI,46.0,20.544022,35.53846,35.53846153846154,17.458091735839844,True
2025-12-29 12:00:00,TLI,53.0,29.859344,45.23077,45.23076923076923,17.458091735839844,True
2025-12-29 13:00:00,TLI,53.0,28.032858,51.76923,51.76923076923077,17.458091735839844,True
2025-12-29 16:00:00,TLI,40.0,28.033092,54.285713,54.285714285714285,17.458091735839844,False
2025-12-29 17:00:00,TLI,32.0,20.259542,44.285713,44.285714285714285,17.458091735839844,False
2025-12-29 18:00:00,TLI,23.0,5.2278633,26.785715,26.785714285714285,17.458091735839844,True
2025-12-29 19:00:00,TLI,16.0,-2.06851,16.928572,16.928571428571427,17.458091735839844,True
2025-12-29 20:00:00,TLI,18.0,-3.8987207,12.642858,12.642857142857142,17.458091735839844,True
2025-12-29 21:00:00,TLI,18.0,-3.4252853,10.357142,10.357142857142858,17.458091735839844,True
2025-12-29 22:00:00,TLI,15.0,-5.2118187,6.0,6.0,17.458091735839844,True
2025-12-29 23:00:00,TLI,15.0,-4.7191634,5.071429,5.071428571428571,17.458091735839844,True
2025-12-30 00:00:00,TLI,12.0,-2.6417294,6.0,6.0,17.458091735839844,False
2025-12-30 01:00:00,TLI,12.0,-0.24811077,6.6666665,6.666666666666667,17.458091735839844,False
2025-12-30 02:00:00,TLI,13.0,-0.8481393,4.4166665,4.416666666666667,17.458091735839844,False
2025-12-30 03:00:00,TLI,15.0,1.1765745,4.857143,4.857142857142857,17.458091735839844,False
2025-12-30 04:00:00,TLI,15.0,0.045574427,2.5,2.5,17.458091735839844,False
2025-12-30 05:00:00,TLI,10.0,0.44237304,2.0714285,2.0714285714285716,17.458091735839844,False
2025-12-30 06:00:00,TLI,6.0,-1.8118554,1.1428572,1.1428571428571428,17.458091735839844,False
2025-12-30 07:00:00,TLI,3.0,-4.3153486,1.4285715,1.4285714285714286,17.458091735839844,False
2025-12-30 08:00:00,TLI,10.0,-7.204254,2.9285715,2.9285714285714284,17.458091735839844,False
2025-12-30 09:00:00,TLI,19.0,-8.31973,6.769231,6.769230769230769,17.458091735839844,True
2025-12-30 10:00:00,TLI,23.0,-4.1546497,18.666666,18.666666666666668,17.458091735839844,True
2025-12-30 11:00:00,TLI,29.0,8.522722,37.53846,37.53846153846154,17.458091735839844,True
2025-12-30 12:00:00,TLI,34.0,16.74626,47.923077,47.92307692307692,17.458091735839844,False
2025-12-30 13:00:00,TLI,35.0,22.729326,54.53846,54.53846153846154,17.458091735839844,False
2025-12-30 14:00:00,TLI,38.0,31.633886,63.23077,63.23076923076923,17.458091735839844,False
2025-12-30 15:00:00,TLI,37.0,31.489744,62.0,62.0,17.458091735839844,False
2025-12-30 16:00:00,TLI,32.0,27.016834,55.857143,55.857142857142854,17.458091735839844,False
2025-12-30 17:00:00,TLI,25.0,18.50942,45.357143,45.357142857142854,17.458091735839844,False
2025-12-30 18:00:00,TLI,11.0,3.2756577,28.0,28.0,17.458091735839844,False
2025-12-30 19:00:00,TLI,10.0,-4.3315067,17.857143,17.857142857142858,17.458091735839844,False
2025-12-30 20:00:00,TLI,4.0,-5.206088,13.714286,13.714285714285714,17.458091735839844,False
2025-12-30 21:00:00,TLI,6.0,-4.798275,11.571428,11.571428571428571,17.458091735839844,False
2025-12-30 22:00:00,TLI,6.0,-7.0333095,7.071429,7.071428571428571,17.458091735839844,False
2025-12-30 23:00:00,TLI,11.0,-6.4049306,6.142857,6.142857142857143,17.458091735839844,False
2025-12-31 03:00:00,TLI,0.0,4.2555714,5.571429,5.571428571428571,17.458091735839844,False
2025-12-31 04:00:00,TLI,1.0,-4.522561,3.4285715,3.4285714285714284,17.458091735839844,False
2025-12-31 05:00:00,TLI,1.0,-5.6880913,2.7142856,2.7142857142857144,17.458091735839844,False
2025-12-31 06:00:00,TLI,1.0,-7.4110193,1.5,1.5,17.458091735839844,False
2025-12-31 07:00:00,TLI,1.0,-8.3418665,1.5714285,1.5714285714285714,17.458091735839844,False
2025-12-31 08:00:00,TLI,2.0,-8.094074,3.4285715,3.4285714285714284,17.458091735839844,False
2025-12-31 09:00:00,TLI,5.0,-6.1430416,7.769231,7.769230769230769,17.458091735839844,False
2025-12-31 10:00:00,TLI,12.0,1.8756504,19.083334,19.083333333333332,17.458091735839844,False
2025-12-31 11:00:00,TLI,32.0,15.422306,36.53846,36.53846153846154,17.458091735839844,False
2025-12-31 12:00:00,TLI,52.0,24.230242,46.923077,46.92307692307692,17.458091735839844,True
2025-12-31 13:00:00,TLI,60.0,35.256897,53.076923,53.07692307692308,17.458091735839844,True
2025-12-31 14:00:00,TLI,72.0,50.492264,62.0,62.0,17.458091735839844,True
2025-12-31 15:00:00,TLI,72.0,48.27033,60.76923,60.76923076923077,17.458091735839844,True
2025-12-31 16:00:00,TLI,63.0,47.907444,54.57143,54.57142857142857,17.458091735839844,False
2025-12-31 17:00:00,TLI,52.0,34.236145,43.92857,43.92857142857143,17.458091735839844,True
2025-12-31 18:00:00,TLI,33.0,14.390297,27.5,27.5,17.458091735839844,True
2025-12-31 19:00:00,TLI,26.0,6.0791283,18.142857,18.142857142857142,17.458091735839844,True
2025-12-31 20:00:00,TLI,22.0,4.681691,13.214286,13.214285714285714,17.458091735839844,False
2025-12-31 21:00:00,TLI,10.0,5.7367764,11.071428,11.071428571428571,17.458091735839844,False
2025-12-31 22:00:00,TLI,8.0,1.0731893,7.285714,7.285714285714286,17.458091735839844,False
2025-12-31 23:00:00,TLI,4.0,-0.8413267,6.5,6.5,17.458091735839844,False
